close,volume,high,low,date
1.0017775118506287,1000,1.0027792893624792,1.000775734338778,2024-01-01 00:00:00
1.0028220921213957,1000,1.003824914213517,1.0018192700292743,2024-01-01 00:01:00
1.0048071030052326,1000,1.0058119101082377,1.0038022959022272,2024-01-01 00:02:00
1.001310257363745,1000,1.0023115676211085,1.000308947106381,2024-01-01 00:03:00
1.003242188921408,1000,1.0042454311103293,1.0022389467324866,2024-01-01 00:04:00
1.0027180429861782,1000,1.0037207610291643,1.001715324943192,2024-01-01 00:05:00
1.0061148776973692,1000,1.0071209925750664,1.0051087628196718,2024-01-01 00:06:00
1.006605988936096,1000,1.007612594925032,1.00559938294716,2024-01-01 00:07:00
1.0052404638817105,1000,1.0062457043455921,1.004235223417829,2024-01-01 00:08:00
1.0041060378395426,1000,1.005110143877382,1.003101931801703,2024-01-01 00:09:00
1.0093588830103732,1000,1.0103682418933835,1.0083495241273628,2024-01-01 00:10:00
1.008846171976403,1000,1.0098550181483794,1.0078373258044266,2024-01-01 00:11:00
1.0114242708290362,1000,1.0124356950998652,1.0104128465582072,2024-01-01 00:12:00
1.0124590911960363,1000,1.0134715502872322,1.0114466321048403,2024-01-01 00:13:00
1.0118216926562567,1000,1.0128335143489129,1.0108098709636004,2024-01-01 00:14:00
1.0107721767553786,1000,1.0117829489321337,1.0097614045786232,2024-01-01 00:15:00
1.013219314655934,1000,1.01423253397059,1.0122060953412781,2024-01-01 00:16:00
1.0122531025162425,1000,1.0132653556187585,1.0112408494137262,2024-01-01 00:17:00
1.0123013832472507,1000,1.0133136846304978,1.0112890818640035,2024-01-01 00:18:00
1.0084234987919196,1000,1.0094319222907113,1.0074150752931277,2024-01-01 00:19:00
1.0055568328029687,1000,1.0065623896357716,1.0045512759701658,2024-01-01 00:20:00
1.004413025715634,1000,1.0054174387413497,1.0034086126899184,2024-01-01 00:21:00
1.0059528607795494,1000,1.006958813640329,1.0049469079187698,2024-01-01 00:22:00
1.0072291037469638,1000,1.0082363328507107,1.0062218746432168,2024-01-01 00:23:00
1.0056053416986832,1000,1.0066109470403817,1.0045997363569845,2024-01-01 00:24:00
1.0056692316706222,1000,1.0066749009022926,1.0046635624389515,2024-01-01 00:25:00
1.0019217908256175,1000,1.002923712616443,1.0009198690347918,2024-01-01 00:26:00
1.0019299285526408,1000,1.0029318584811935,1.0009279986240882,2024-01-01 00:27:00
1.006930561593038,1000,1.007937492154631,1.005923631031445,2024-01-01 00:28:00
1.00782636240126,1000,1.0088341887636612,1.0068185360388588,2024-01-01 00:29:00
1.0071348559981688,1000,1.008141990854167,1.0061277211421706,2024-01-01 00:30:00
1.008176286738333,1000,1.0091844630250713,1.0071681104515946,2024-01-01 00:31:00
1.005797030007687,1000,1.0068028270376945,1.0047912329776794,2024-01-01 00:32:00
1.0045952312064608,1000,1.005599826437667,1.0035906359752542,2024-01-01 00:33:00
1.0006632769683421,1000,1.0016639402453102,0.9996626136913738,2024-01-01 00:34:00
1.0030207433803586,1000,1.0040237641237388,1.0020177226369782,2024-01-01 00:35:00
1.0013941617544113,1000,1.0023955559161657,1.000392767592657,2024-01-01 00:36:00
1.0020381430520011,1000,1.0030401811950531,1.0010361049089491,2024-01-01 00:37:00
1.0036228499587003,1000,1.004626472808659,1.0026192271087415,2024-01-01 00:38:00
1.0040849155231102,1000,1.0050890004386333,1.0030808306075871,2024-01-01 00:39:00
1.004986790475921,1000,1.0059917772663969,1.003981803685445,2024-01-01 00:40:00
1.0055527358698988,1000,1.0065582886057687,1.004547183134029,2024-01-01 00:41:00
1.0034376635264048,1000,1.0044411011899312,1.0024342258628784,2024-01-01 00:42:00
1.0041010988646977,1000,1.0051051999635623,1.003096997765833,2024-01-01 00:43:00
1.0052259743661227,1000,1.0062312003404887,1.0042207483917567,2024-01-01 00:44:00
1.0054249069634769,1000,1.0064303318704402,1.0044194820565133,2024-01-01 00:45:00
1.0022574085757998,1000,1.0032596659843755,1.001255151167224,2024-01-01 00:46:00
1.0056554576119434,1000,1.0066611130695553,1.0046498021543315,2024-01-01 00:47:00
1.0054319775608416,1000,1.0064374095384023,1.0044265455832808,2024-01-01 00:48:00
1.0048744749598122,1000,1.005879349434772,1.0038696004848524,2024-01-01 00:49:00
1.0049573882172824,1000,1.0059623456054996,1.003952430829065,2024-01-01 00:50:00
1.0058879611135054,1000,1.0068938490746189,1.004882073152392,2024-01-01 00:51:00
1.0041107723794847,1000,1.005114883151864,1.0031066616071052,2024-01-01 00:52:00
1.0004043170390584,1000,1.0014047213560973,0.9994039127220193,2024-01-01 00:53:00
1.0001772592040792,1000,1.001177436463283,0.9991770819448751,2024-01-01 00:54:00
1.0029293229231198,1000,1.0039322522460428,1.0019263936001965,2024-01-01 00:55:00
1.005944129782747,1000,1.0069500739125297,1.0049381856529642,2024-01-01 00:56:00
1.0081785045713543,1000,1.0091866830759255,1.007170326066783,2024-01-01 00:57:00
1.010579112476041,1000,1.011589691588517,1.009568533363565,2024-01-01 00:58:00
1.0122918673856152,1000,1.0133041592530008,1.0112795755182296,2024-01-01 00:59:00
1.0109694065397117,1000,1.0119803759462513,1.009958437133172,2024-01-01 01:00:00
1.0118832734757603,1000,1.012895156749236,1.0108713902022846,2024-01-01 01:01:00
1.013621868086292,1000,1.0146354899543784,1.0126082462182058,2024-01-01 01:02:00
1.014835690974779,1000,1.0158505266657538,1.0138208552838044,2024-01-01 01:03:00
1.0159510938150675,1000,1.0169670449088826,1.0149351427212525,2024-01-01 01:04:00
1.0158580123994854,1000,1.0168738704118847,1.0148421543870858,2024-01-01 01:05:00
1.0166700443864538,1000,1.0176867144308401,1.0156533743420673,2024-01-01 01:06:00
1.0190847442189688,1000,1.0201038289631876,1.0180656594747497,2024-01-01 01:07:00
1.019549167528027,1000,1.020568716695555,1.018529618360499,2024-01-01 01:08:00
1.0216748117541785,1000,1.0226964865659325,1.0206531369424243,2024-01-01 01:09:00
1.0255269911015565,1000,1.026552518092658,1.024501464110455,2024-01-01 01:10:00
1.0231082079656382,1000,1.0241313161736036,1.0220850997576725,2024-01-01 01:11:00
1.017648436537415,1000,1.0186660849739524,1.0166307881008776,2024-01-01 01:12:00
1.0189700841645828,1000,1.0199890542487473,1.0179511140804183,2024-01-01 01:13:00
1.0209078369959839,1000,1.0219287448329797,1.0198869291589878,2024-01-01 01:14:00
1.0241596210533739,1000,1.025183780674427,1.0231354614323205,2024-01-01 01:15:00
1.0237655296651507,1000,1.0247892951948157,1.0227417641354855,2024-01-01 01:16:00
1.022464871437845,1000,1.0234873363092827,1.0214424065664072,2024-01-01 01:17:00
1.0213932435224535,1000,1.0224146367659759,1.0203718502789312,2024-01-01 01:18:00
1.0170986207773909,1000,1.0181157193981683,1.0160815221566135,2024-01-01 01:19:00
1.0202233114924648,1000,1.0212435348039572,1.0192030881809724,2024-01-01 01:20:00
1.0198792951622675,1000,1.0208991744574296,1.0188594158671052,2024-01-01 01:21:00
1.0196001278363835,1000,1.0206197279642197,1.0185805277085471,2024-01-01 01:22:00
1.0189356148788447,1000,1.0199545504937233,1.0179166792639658,2024-01-01 01:23:00
1.021569173843099,1000,1.0225907430169419,1.0205476046692559,2024-01-01 01:24:00
1.0210537167833305,1000,1.0220747705001136,1.020032663066547,2024-01-01 01:25:00
1.0190567635714973,1000,1.0200758203350686,1.0180377068079258,2024-01-01 01:26:00
1.0194764610835232,1000,1.0204959375446065,1.0184569846224396,2024-01-01 01:27:00
1.0168397303794297,1000,1.017856570109809,1.0158228906490503,2024-01-01 01:28:00
1.0154759538401494,1000,1.0164914297939895,1.0144604778863093,2024-01-01 01:29:00
1.0168860256211263,1000,1.0179029116467473,1.015869139595505,2024-01-01 01:30:00
1.018103538062263,1000,1.019121641600325,1.0170854345242006,2024-01-01 01:31:00
1.0167365629301013,1000,1.0177532994930312,1.0157198263671712,2024-01-01 01:32:00
1.011183114100939,1000,1.01219429721504,1.0101719309868382,2024-01-01 01:33:00
1.0145569960846506,1000,1.015571553080735,1.013542439088566,2024-01-01 01:34:00
1.0167584490290926,1000,1.0177752074781217,1.0157416905800636,2024-01-01 01:35:00
1.0184544715207189,1000,1.0194729259922395,1.017436017049198,2024-01-01 01:36:00
1.0154873812067098,1000,1.0165028685879163,1.014471893825503,2024-01-01 01:37:00
1.0165580299078514,1000,1.0175745879377591,1.0155414718779436,2024-01-01 01:38:00
1.0119379699971156,1000,1.0129499079671127,1.0109260320271185,2024-01-01 01:39:00
1.0073520391730815,1000,1.0083593912122544,1.0063446871339083,2024-01-01 01:40:00
1.0085701235493976,1000,1.009578693672947,1.0075615534258482,2024-01-01 01:41:00
1.0078751255925191,1000,1.0088830007181115,1.0068672504669267,2024-01-01 01:42:00
1.0071693638399954,1000,1.0081765332038353,1.0061621944761554,2024-01-01 01:43:00
1.0028082263481224,1000,1.0038110345744704,1.0018054181217744,2024-01-01 01:44:00
1.0022549025886887,1000,1.0032571574912772,1.0012526476861,2024-01-01 01:45:00
1.0029051755900533,1000,1.0039080807656433,1.0019022704144633,2024-01-01 01:46:00
1.0029569251699086,1000,1.0039598820950784,1.0019539682447387,2024-01-01 01:47:00
1.0053732574298213,1000,1.006378630687251,1.0043678841723915,2024-01-01 01:48:00
1.0063162501178056,1000,1.0073225663679233,1.0053099338676879,2024-01-01 01:49:00
1.0044314496604483,1000,1.0054358811101087,1.0034270182107878,2024-01-01 01:50:00
1.0059643980877582,1000,1.006970362485846,1.0049584336896704,2024-01-01 01:51:00
1.0009341354503112,1000,1.0019350695857614,0.9999332013148609,2024-01-01 01:52:00
0.9967061983881912,1000,0.9977029045865793,0.995709492189803,2024-01-01 01:53:00
0.998110155447238,1000,0.9991082656026852,0.9971120452917908,2024-01-01 01:54:00
0.9971896490813704,1000,0.9981868387304517,0.9961924594322891,2024-01-01 01:55:00
0.998191889372403,1000,0.9991900812617753,0.9971936974830306,2024-01-01 01:56:00
0.9981812497434124,1000,0.9991794309931556,0.997183068493669,2024-01-01 01:57:00
1.000037402523379,1000,1.001037439925902,0.9990373651208555,2024-01-01 01:58:00
0.9989193246314227,1000,0.9999182439560541,0.9979204053067913,2024-01-01 01:59:00
0.9987091559064613,1000,0.9997078650623676,0.9977104467505548,2024-01-01 02:00:00
0.9991586331998225,1000,1.0001577918330222,0.9981594745666227,2024-01-01 02:01:00
0.998807298836207,1000,0.9998061061350431,0.9978084915373708,2024-01-01 02:02:00
0.999412348045592,1000,1.0004117603936376,0.9984129356975464,2024-01-01 02:03:00
0.9994094204906226,1000,1.0004088299111131,0.998410011070132,2024-01-01 02:04:00
0.9988922528522594,1000,0.9998911451051115,0.9978933605994071,2024-01-01 02:05:00
0.9974281524636778,1000,0.9984255806161414,0.996430724311214,2024-01-01 02:06:00
0.9955284086501149,1000,0.996523937058765,0.9945328802414648,2024-01-01 02:07:00
0.9966084319618109,1000,0.9976050403937726,0.9956118235298491,2024-01-01 02:08:00
0.9966929652521166,1000,0.9976896582173685,0.9956962722868645,2024-01-01 02:09:00
0.9952407236761995,1000,0.9962359643998756,0.9942454829525234,2024-01-01 02:10:00
0.9947360985872487,1000,0.9957308346858358,0.9937413624886614,2024-01-01 02:11:00
0.9989841253172218,1000,0.9999831094425389,0.9979851411919046,2024-01-01 02:12:00
1.0028249389488308,1000,1.0038277638877795,1.001822114009882,2024-01-01 02:13:00
1.0031364185060723,1000,1.0041395549245782,1.0021332820875661,2024-01-01 02:14:00
1.0039248433611496,1000,1.0049287682045107,1.0029209185177885,2024-01-01 02:15:00
1.0001889771673294,1000,1.0011891661444965,0.999188788190162,2024-01-01 02:16:00
0.9991476906472228,1000,1.0001468383378698,0.9981485429565755,2024-01-01 02:17:00
0.9975147829763321,1000,0.9985122977593084,0.9965172681933557,2024-01-01 02:18:00
0.9993431937934638,1000,1.0003425369872572,0.9983438505996703,2024-01-01 02:19:00
0.9958037820913072,1000,0.9967995858733983,0.9948079783092159,2024-01-01 02:20:00
0.9941569885417137,1000,0.9951511455302553,0.9931628315531721,2024-01-01 02:21:00
0.9958762573933728,1000,0.9968721336507661,0.9948803811359794,2024-01-01 02:22:00
0.999113095334153,1000,1.0001122084294871,0.9981139822388189,2024-01-01 02:23:00
0.9986717464516136,1000,0.9996704181980651,0.997673074705162,2024-01-01 02:24:00
1.0007469552275494,1000,1.0017477021827768,0.9997462082723219,2024-01-01 02:25:00
1.0019233751630636,1000,1.0029252985382267,1.0009214517879006,2024-01-01 02:26:00
1.0036720654113345,1000,1.0046757374767457,1.002668393345923,2024-01-01 02:27:00
1.006573020617414,1000,1.0075795936380312,1.0055664475967965,2024-01-01 02:28:00
1.0103914273120889,1000,1.011401818739401,1.0093810358847768,2024-01-01 02:29:00
1.009837099708382,1000,1.0108469368080903,1.0088272626086736,2024-01-01 02:30:00
1.0101431376580876,1000,1.0111532807957455,1.0091329945204295,2024-01-01 02:31:00
1.010378627737568,1000,1.0113890063653055,1.0093682491098304,2024-01-01 02:32:00
1.0103345220528188,1000,1.0113448565748715,1.009324187530766,2024-01-01 02:33:00
1.010152902367347,1000,1.0111630552697142,1.0091427494649796,2024-01-01 02:34:00
1.011448680674042,1000,1.0124601293547157,1.0104372319933679,2024-01-01 02:35:00
1.0107784392803436,1000,1.011789217719624,1.0097676608410633,2024-01-01 02:36:00
1.009162912146738,1000,1.0101720750588847,1.0081537492345913,2024-01-01 02:37:00
1.0112186402280539,1000,1.0122298588682819,1.0102074215878258,2024-01-01 02:38:00
1.011988561264811,1000,1.0130005498260757,1.0109765727035462,2024-01-01 02:39:00
1.0083204747255068,1000,1.009328795200232,1.0073121542507812,2024-01-01 02:40:00
1.0105487520635081,1000,1.0115593008155714,1.0095382033114446,2024-01-01 02:41:00
1.0120408983192475,1000,1.0130529392175667,1.0110288574209283,2024-01-01 02:42:00
1.0125989281722163,1000,1.0136115271003885,1.0115863292440441,2024-01-01 02:43:00
1.0108563142838691,1000,1.0118671705981528,1.0098454579695852,2024-01-01 02:44:00
1.0129817823874767,1000,1.0139947641698641,1.0119688006050893,2024-01-01 02:45:00
1.013007760690271,1000,1.0140207684509612,1.0119947529295807,2024-01-01 02:46:00
1.0117694173287632,1000,1.0127811867460919,1.0107576479114344,2024-01-01 02:47:00
1.0148577005789574,1000,1.0158725582795363,1.0138428428783786,2024-01-01 02:48:00
1.017040247606421,1000,1.0180572878540275,1.0160232073588147,2024-01-01 02:49:00
1.0188609974918088,1000,1.0198798584893005,1.017842136494317,2024-01-01 02:50:00
1.0177334839558698,1000,1.0187512174398257,1.016715750471914,2024-01-01 02:51:00
1.014246563335969,1000,1.0152608098993048,1.013232316772633,2024-01-01 02:52:00
1.0170876625691114,1000,1.0181047502316805,1.0160705749065424,2024-01-01 02:53:00
1.0178012074067038,1000,1.0188190086141105,1.016783406199297,2024-01-01 02:54:00
1.0186803433893354,1000,1.0196990237327246,1.017661663045946,2024-01-01 02:55:00
1.0169999167158115,1000,1.0180169166325272,1.0159829167990957,2024-01-01 02:56:00
1.0161950093617682,1000,1.0172112043711299,1.0151788143524065,2024-01-01 02:57:00
1.016161864516301,1000,1.0171780263808172,1.0151457026517847,2024-01-01 02:58:00
1.016688948474695,1000,1.0177056374231697,1.0156722595262204,2024-01-01 02:59:00
1.0175657907311522,1000,1.0185833565218831,1.016548224940421,2024-01-01 03:00:00
1.0188796758264063,1000,1.0198985555022326,1.01786079615058,2024-01-01 03:01:00
1.0195627866343486,1000,1.020582349420983,1.0185432238477143,2024-01-01 03:02:00
1.0218553614777603,1000,1.022877216839238,1.0208335061162825,2024-01-01 03:03:00
1.0269149221841969,1000,1.0279418371063809,1.0258880072620127,2024-01-01 03:04:00
1.0250976440440032,1000,1.026122741688047,1.0240725463999591,2024-01-01 03:05:00
1.0276864043952076,1000,1.0287140907996026,1.0266587179908124,2024-01-01 03:06:00
1.0276063315478527,1000,1.0286339378794005,1.026578725216305,2024-01-01 03:07:00
1.0300856848032602,1000,1.0311157704880634,1.029055599118457,2024-01-01 03:08:00
1.0278794792148016,1000,1.0289073586940163,1.0268515997355867,2024-01-01 03:09:00
1.027095448376711,1000,1.0281225438250876,1.0260683529283343,2024-01-01 03:10:00
1.0268633341896019,1000,1.0278901975237913,1.0258364708554122,2024-01-01 03:11:00
1.025994293177734,1000,1.0270202874709116,1.024968298884556,2024-01-01 03:12:00
1.026677733005798,1000,1.0277044107388036,1.025651055272792,2024-01-01 03:13:00
1.0273221529976555,1000,1.028349475150653,1.0262948308446578,2024-01-01 03:14:00
1.0236346035506683,1000,1.0246582381542189,1.0226109689471177,2024-01-01 03:15:00
1.024527931739097,1000,1.0255524596708359,1.0235034038073578,2024-01-01 03:16:00
1.026634992574392,1000,1.0276616275669663,1.0256083575818176,2024-01-01 03:17:00
1.0246665127188708,1000,1.0256911792315895,1.0236418462061518,2024-01-01 03:18:00
1.0290620142981182,1000,1.0300910763124163,1.02803295228382,2024-01-01 03:19:00
1.0308365715078502,1000,1.031867408079358,1.0298057349363423,2024-01-01 03:20:00
1.0278827776574855,1000,1.0289106604351428,1.026854894879828,2024-01-01 03:21:00
1.0283066574701671,1000,1.0293349641276373,1.027278350812697,2024-01-01 03:22:00
1.026416590154349,1000,1.0274430067445033,1.0253901735641946,2024-01-01 03:23:00
1.0262928921977204,1000,1.027319185089918,1.0252665993055226,2024-01-01 03:24:00
1.0255017560877653,1000,1.026527257843853,1.0244762543316774,2024-01-01 03:25:00
1.0247130397502897,1000,1.02573775279004,1.0236883267105394,2024-01-01 03:26:00
1.0270009182343758,1000,1.02802791915261,1.0259739173161415,2024-01-01 03:27:00
1.0277520669458158,1000,1.0287798190127615,1.02672431487887,2024-01-01 03:28:00
1.0288719731101315,1000,1.0299008450832414,1.0278431011370213,2024-01-01 03:29:00
1.0318480020948246,1000,1.0328798500969194,1.0308161540927299,2024-01-01 03:30:00
1.0293951530054124,1000,1.0304245481584178,1.028365757852407,2024-01-01 03:31:00
1.0330408397902908,1000,1.034073880630081,1.0320077989505005,2024-01-01 03:32:00
1.0321392651971084,1000,1.0331714044623055,1.0311071259319113,2024-01-01 03:33:00
1.0310426512852118,1000,1.032073693936497,1.0300116086339266,2024-01-01 03:34:00
1.032166466361833,1000,1.0331986328281948,1.0311342998954713,2024-01-01 03:35:00
1.0361791490562757,1000,1.0372153282053318,1.0351429699072194,2024-01-01 03:36:00
1.0371749283700302,1000,1.0382121032984002,1.0361377534416603,2024-01-01 03:37:00
1.0309698084229806,1000,1.0320007782314033,1.0299388386145576,2024-01-01 03:38:00
1.032074472118298,1000,1.0331065465904161,1.0310423976461796,2024-01-01 03:39:00
1.0321289485629155,1000,1.0331610775114783,1.0310968196143526,2024-01-01 03:40:00
1.0304156232044295,1000,1.0314460388276339,1.029385207581225,2024-01-01 03:41:00
1.0305327971833362,1000,1.0315633299805194,1.0295022643861529,2024-01-01 03:42:00
1.0291869946100067,1000,1.0302161816046167,1.0281578076153968,2024-01-01 03:43:00
1.0280216183537556,1000,1.0290496399721092,1.0269935967354018,2024-01-01 03:44:00
1.0309588083588894,1000,1.0319897671672482,1.0299278495505306,2024-01-01 03:45:00
1.0326588867079693,1000,1.0336915455946771,1.0316262278212613,2024-01-01 03:46:00
1.0318181995750333,1000,1.0328500177746083,1.0307863813754583,2024-01-01 03:47:00
1.0309733489383883,1000,1.0320043222873265,1.02994237558945,2024-01-01 03:48:00
1.0323672171771283,1000,1.0333995843943053,1.0313348499599513,2024-01-01 03:49:00
1.0318777248190598,1000,1.0329096025438789,1.0308458470942408,2024-01-01 03:50:00
1.0284013851452047,1000,1.0294297865303499,1.0273729837600596,2024-01-01 03:51:00
1.0285645183764658,1000,1.029593082894842,1.0275359538580893,2024-01-01 03:52:00
1.0266741407809028,1000,1.0277008149216835,1.0256474666401219,2024-01-01 03:53:00
1.030261982904079,1000,1.031292244886983,1.029231720921175,2024-01-01 03:54:00
1.0299385018482692,1000,1.0309684403501174,1.028908563346421,2024-01-01 03:55:00
1.03149173254186,1000,1.0325232242744018,1.0304602408093182,2024-01-01 03:56:00
1.0314085304064065,1000,1.0324399389368129,1.030377121876,2024-01-01 03:57:00
1.0323305472499114,1000,1.033362877797161,1.0312982167026614,2024-01-01 03:58:00
1.0358739573063032,1000,1.0369098312636094,1.034838083348997,2024-01-01 03:59:00
1.0338633668609836,1000,1.0348972302278445,1.0328295034941226,2024-01-01 04:00:00
1.0349545909095572,1000,1.0359895455004666,1.0339196363186476,2024-01-01 04:01:00
1.036880898102231,1000,1.037917779000333,1.0358440172041288,2024-01-01 04:02:00
1.0379272528746721,1000,1.0389651801275468,1.0368893256217975,2024-01-01 04:03:00
1.0384219953865201,1000,1.0394604173819066,1.0373835733911336,2024-01-01 04:04:00
1.0399445528452076,1000,1.0409844973980527,1.0389046082923623,2024-01-01 04:05:00
1.040797165519147,1000,1.041837962684666,1.039756368353628,2024-01-01 04:06:00
1.0426969447972658,1000,1.043739641742063,1.0416542478524686,2024-01-01 04:07:00
1.0436166146477555,1000,1.0446602312624031,1.0425729980331078,2024-01-01 04:08:00
1.043957452796981,1000,1.045001410249778,1.042913495344184,2024-01-01 04:09:00
1.043745828847056,1000,1.044789574675903,1.042702083018209,2024-01-01 04:10:00
1.044054733701369,1000,1.0450987884350702,1.0430106789676676,2024-01-01 04:11:00
1.0432841763209537,1000,1.0443274604972745,1.0422408921446327,2024-01-01 04:12:00
1.0460670958474936,1000,1.047113162943341,1.0450210287516462,2024-01-01 04:13:00
1.0462841195053458,1000,1.047330403624851,1.0452378353858405,2024-01-01 04:14:00
1.0470892182733014,1000,1.0481363074915746,1.0460421290550281,2024-01-01 04:15:00
1.0476743467662657,1000,1.048722021113032,1.0466266724194995,2024-01-01 04:16:00
1.0496901859850967,1000,1.0507398761710816,1.0486404957991116,2024-01-01 04:17:00
1.047943245210813,1000,1.0489911884560237,1.0468953019656022,2024-01-01 04:18:00
1.0503335803696758,1000,1.0513839139500454,1.049283246789306,2024-01-01 04:19:00
1.0478866827159106,1000,1.0489345693986263,1.0468387960331946,2024-01-01 04:20:00
1.0495616500427523,1000,1.0506112116927948,1.0485120883927095,2024-01-01 04:21:00
1.0498677353803063,1000,1.0509176031156866,1.048817867644926,2024-01-01 04:22:00
1.0476341935783833,1000,1.0486818277719616,1.046586559384805,2024-01-01 04:23:00
1.0477456027264889,1000,1.0487933483292153,1.0466978571237624,2024-01-01 04:24:00
1.0488426439154557,1000,1.049891486559371,1.0477938012715402,2024-01-01 04:25:00
1.0499804957032433,1000,1.0510304761989464,1.04893051520754,2024-01-01 04:26:00
1.0446026882315558,1000,1.0456472909197871,1.0435580855433242,2024-01-01 04:27:00
1.0451272997613705,1000,1.046172427061132,1.0440821724616092,2024-01-01 04:28:00
1.0442647422046085,1000,1.045309006946813,1.0432204774624039,2024-01-01 04:29:00
1.043524026298079,1000,1.044567550324377,1.042480502271781,2024-01-01 04:30:00
1.0433915062979895,1000,1.0444348978042874,1.0423481147916915,2024-01-01 04:31:00
1.0444610827853937,1000,1.045505543868179,1.0434166217026084,2024-01-01 04:32:00
1.041238184398734,1000,1.0422794225831327,1.0401969462143352,2024-01-01 04:33:00
1.0400125942383798,1000,1.041052606832618,1.0389725816441413,2024-01-01 04:34:00
1.0391455146191817,1000,1.0401846601338007,1.0381063691045624,2024-01-01 04:35:00
1.0394179243338701,1000,1.040457342258204,1.0383785064095363,2024-01-01 04:36:00
1.0403267080127665,1000,1.041367034720779,1.0392863813047537,2024-01-01 04:37:00
1.043077944348258,1000,1.0441210222926063,1.0420348664039099,2024-01-01 04:38:00
1.041437265722263,1000,1.0424787029879852,1.0403958284565407,2024-01-01 04:39:00
1.039715006626145,1000,1.040754721632771,1.0386752916195188,2024-01-01 04:40:00
1.0416660536268698,1000,1.0427077196804966,1.040624387573243,2024-01-01 04:41:00
1.0416212958975963,1000,1.0426629171934938,1.0405796746016986,2024-01-01 04:42:00
1.0402631670391989,1000,1.0413034302062378,1.0392229038721597,2024-01-01 04:43:00
1.04072316711502,1000,1.0417638902821351,1.039682443947905,2024-01-01 04:44:00
1.0433845696658208,1000,1.0444279542354866,1.042341185096155,2024-01-01 04:45:00
1.044245773210242,1000,1.045290018983452,1.0432015274370317,2024-01-01 04:46:00
1.0438420518089921,1000,1.044885893860801,1.042798209757183,2024-01-01 04:47:00
1.0461553909990606,1000,1.0472015463900595,1.0451092356080616,2024-01-01 04:48:00
1.041588559601089,1000,1.0426301481606899,1.0405469710414879,2024-01-01 04:49:00
1.0414199935922188,1000,1.042461413585811,1.0403785735986266,2024-01-01 04:50:00
1.0377914257133778,1000,1.0388292171390912,1.0367536342876644,2024-01-01 04:51:00
1.0393342272684856,1000,1.0403735614957539,1.038294893041217,2024-01-01 04:52:00
1.0414072701781292,1000,1.0424486774483073,1.040365862907951,2024-01-01 04:53:00
1.0398534148478118,1000,1.0408932682626595,1.0388135614329639,2024-01-01 04:54:00
1.0408534258661177,1000,1.0418942792919836,1.0398125724402516,2024-01-01 04:55:00
1.0400768465111057,1000,1.0411169233576167,1.0390367696645946,2024-01-01 04:56:00
1.036959242404599,1000,1.0379962016470035,1.0359222831621944,2024-01-01 04:57:00
1.0379116342070043,1000,1.0389495458412112,1.0368737225727973,2024-01-01 04:58:00
1.0345806773504893,1000,1.0356152580278397,1.033546096673139,2024-01-01 04:59:00
1.0355719141704198,1000,1.0366074860845902,1.0345363422562495,2024-01-01 05:00:00
1.0371127392087593,1000,1.038149851947968,1.0360756264695505,2024-01-01 05:01:00
1.0356800945698803,1000,1.03671577466445,1.0346444144753104,2024-01-01 05:02:00
1.0351008952140905,1000,1.0361359961093046,1.0340657943188765,2024-01-01 05:03:00
1.0325313142159822,1000,1.033563845530198,1.0314987829017663,2024-01-01 05:04:00
1.026970420520726,1000,1.0279973909412465,1.0259434501002052,2024-01-01 05:05:00
1.0295724412358123,1000,1.030602013677048,1.0285428687945763,2024-01-01 05:06:00
1.033735683876537,1000,1.0347694195604134,1.0327019481926605,2024-01-01 05:07:00
1.0359015433467043,1000,1.0369374448900508,1.0348656418033575,2024-01-01 05:08:00
1.038207608056183,1000,1.0392458156642392,1.0371694004481269,2024-01-01 05:09:00
1.0382267145695774,1000,1.0392649412841468,1.0371884878550077,2024-01-01 05:10:00
1.0419455328492715,1000,1.0429874783821207,1.0409035873164223,2024-01-01 05:11:00
1.041711441823084,1000,1.042753153264907,1.0406697303812609,2024-01-01 05:12:00
1.039872401670398,1000,1.0409122740720682,1.0388325292687275,2024-01-01 05:13:00
1.039060100829887,1000,1.0400991609307169,1.038021040729057,2024-01-01 05:14:00
1.0347994958092706,1000,1.0358342953050796,1.0337646963134612,2024-01-01 05:15:00
1.0344680998517792,1000,1.035502567951631,1.0334336317519275,2024-01-01 05:16:00
1.0374752211205291,1000,1.0385126963416496,1.0364377458994085,2024-01-01 05:17:00
1.0341025591853608,1000,1.035136661744546,1.0330684566261754,2024-01-01 05:18:00
1.0357761164497892,1000,1.0368118925662388,1.0347403403333393,2024-01-01 05:19:00
1.0383918663771272,1000,1.0394302582435042,1.03735347451075,2024-01-01 05:20:00
1.035746788789356,1000,1.0367825355781453,1.0347110420005667,2024-01-01 05:21:00
1.0403063120331815,1000,1.0413466183452145,1.0392660057211482,2024-01-01 05:22:00
1.0396275818489327,1000,1.0406672094307814,1.0385879542670837,2024-01-01 05:23:00
1.042197443136969,1000,1.0432396405801059,1.041155245693832,2024-01-01 05:24:00
1.039996371968269,1000,1.041036368340237,1.0389563755963007,2024-01-01 05:25:00
1.0412549389836578,1000,1.0422961939226414,1.0402136840446743,2024-01-01 05:26:00
1.0394468880610555,1000,1.0404863349491165,1.0384074411729944,2024-01-01 05:27:00
1.0406354179956185,1000,1.041676053413614,1.0395947825776228,2024-01-01 05:28:00
1.0399498528456936,1000,1.0409898026985391,1.038909902992848,2024-01-01 05:29:00
1.0407379900584555,1000,1.0417787280485138,1.039697252068397,2024-01-01 05:30:00
1.0442741312539372,1000,1.045318405385191,1.0432298571226832,2024-01-01 05:31:00
1.0479814544771628,1000,1.0490294359316399,1.0469334730226856,2024-01-01 05:32:00
1.0508199009744996,1000,1.051870720875474,1.0497690810735252,2024-01-01 05:33:00
1.0511134606061001,1000,1.052164574066706,1.050062347145494,2024-01-01 05:34:00
1.0499076321303848,1000,1.050957539762515,1.0488577244982544,2024-01-01 05:35:00
1.048620514026877,1000,1.0496691345409037,1.04757189351285,2024-01-01 05:36:00
1.0494989624967057,1000,1.0505484614592022,1.048449463534209,2024-01-01 05:37:00
1.0523125269509725,1000,1.0533648394779234,1.0512602144240215,2024-01-01 05:38:00
1.054669511002283,1000,1.055724180513285,1.0536148414912807,2024-01-01 05:39:00
1.0524010596273883,1000,1.0534534606870156,1.051348658567761,2024-01-01 05:40:00
1.055841184909351,1000,1.0568970260942603,1.0547853437244417,2024-01-01 05:41:00
1.0567284670068533,1000,1.05778519547386,1.0556717385398464,2024-01-01 05:42:00
1.0577892323678133,1000,1.058847021600181,1.0567314431354455,2024-01-01 05:43:00
1.0560336041621763,1000,1.0570896377663384,1.054977570558014,2024-01-01 05:44:00
1.0542971205895826,1000,1.0553514177101722,1.053242823468993,2024-01-01 05:45:00
1.05085770402118,1000,1.051908561725201,1.0498068463171588,2024-01-01 05:46:00
1.048824464163938,1000,1.0498732886281017,1.047775639699774,2024-01-01 05:47:00
1.0495093690208104,1000,1.050558878389831,1.0484598596517896,2024-01-01 05:48:00
1.049575706193222,1000,1.050625281899415,1.0485261304870288,2024-01-01 05:49:00
1.0506257712596923,1000,1.0516763970309517,1.0495751454884326,2024-01-01 05:50:00
1.0528419280445733,1000,1.0538947699726178,1.0517890861165287,2024-01-01 05:51:00
1.0536594693259036,1000,1.0547131287952294,1.0526058098565776,2024-01-01 05:52:00
1.0513825934584238,1000,1.0524339760518822,1.0503312108649654,2024-01-01 05:53:00
1.050697496535248,1000,1.0517481940317832,1.0496467990387128,2024-01-01 05:54:00
1.0494379790233122,1000,1.0504874170023353,1.0483885410442888,2024-01-01 05:55:00
1.0494851482504632,1000,1.0505346333987136,1.0484356631022127,2024-01-01 05:56:00
1.0496831346848043,1000,1.050732817819489,1.0486334515501194,2024-01-01 05:57:00
1.048299918279791,1000,1.0493482181980707,1.0472516183615113,2024-01-01 05:58:00
1.0519004244480539,1000,1.052952324872502,1.0508485240236058,2024-01-01 05:59:00
1.0560641775002937,1000,1.0571202416777938,1.0550081133227933,2024-01-01 06:00:00
1.0596635318765635,1000,1.06072319540844,1.058603868344687,2024-01-01 06:01:00
1.0580613503400735,1000,1.0591194116904135,1.0570032889897334,2024-01-01 06:02:00
1.0599523248917864,1000,1.0610122772166781,1.0588923725668946,2024-01-01 06:03:00
1.0572638863902772,1000,1.0583211502766674,1.0562066225038869,2024-01-01 06:04:00
1.0571798260099448,1000,1.0582370058359545,1.0561226461839348,2024-01-01 06:05:00
1.057544777713616,1000,1.0586023224913295,1.0564872329359023,2024-01-01 06:06:00
1.0572238971407937,1000,1.0582811210379344,1.056166673243653,2024-01-01 06:07:00
1.0576848633782672,1000,1.0587425482416453,1.0566271785148889,2024-01-01 06:08:00
1.0552496843391757,1000,1.0563049340235147,1.0541944346548364,2024-01-01 06:09:00
1.0582381988263727,1000,1.059296437025199,1.0571799606275463,2024-01-01 06:10:00
1.0570748292164451,1000,1.0581319040456614,1.0560177543872287,2024-01-01 06:11:00
1.0550399641023556,1000,1.0560950040664578,1.0539849241382533,2024-01-01 06:12:00
1.051303904199722,1000,1.0523552081039216,1.0502526002955224,2024-01-01 06:13:00
1.0499806212626805,1000,1.051030601883943,1.0489306406414178,2024-01-01 06:14:00
1.0551929848245212,1000,1.0562481778093455,1.0541377918396966,2024-01-01 06:15:00
1.0572104711987245,1000,1.058267681669923,1.0561532607275257,2024-01-01 06:16:00
1.054525723961866,1000,1.0555802496858278,1.0534711982379041,2024-01-01 06:17:00
1.0541197370157223,1000,1.0551738567527378,1.0530656172787065,2024-01-01 06:18:00
1.0547813712864667,1000,1.055836152657753,1.0537265899151802,2024-01-01 06:19:00
1.0525145843082735,1000,1.0535670988925816,1.0514620697239652,2024-01-01 06:20:00
1.0498714212906104,1000,1.050921292711901,1.0488215498693199,2024-01-01 06:21:00
1.049919574874236,1000,1.0509694944491101,1.0488696552993617,2024-01-01 06:22:00
1.048097103588668,1000,1.0491452006922566,1.0470490064850793,2024-01-01 06:23:00
1.050493357630104,1000,1.0515438509877342,1.049442864272474,2024-01-01 06:24:00
1.0452699876372318,1000,1.0463152576248689,1.0442247176495945,2024-01-01 06:25:00
1.0436904354937897,1000,1.0447341259292833,1.042646745058296,2024-01-01 06:26:00
1.043319595844946,1000,1.0443629154407907,1.042276276249101,2024-01-01 06:27:00
1.04167024221049,1000,1.0427119124527005,1.0406285719682795,2024-01-01 06:28:00
1.0427735880291293,1000,1.0438163616171583,1.0417308144411002,2024-01-01 06:29:00
1.0407262994934903,1000,1.0417670257929836,1.0396855731939967,2024-01-01 06:30:00
1.0400079342200232,1000,1.0410479421542431,1.0389679262858031,2024-01-01 06:31:00
1.0436308073602085,1000,1.0446744381675686,1.0425871765528483,2024-01-01 06:32:00
1.0414359444193682,1000,1.0424773803637875,1.0403945084749489,2024-01-01 06:33:00
1.0451612953521383,1000,1.0462064566474902,1.0441161340567862,2024-01-01 06:34:00
1.042087199209843,1000,1.0431292864090527,1.0410451120106332,2024-01-01 06:35:00
1.0367941380850354,1000,1.0378309322231203,1.0357573439469503,2024-01-01 06:36:00
1.03608877174573,1000,1.0371248605174757,1.0350526829739843,2024-01-01 06:37:00
1.032803424125172,1000,1.0338362275492972,1.0317706207010469,2024-01-01 06:38:00
1.034381023763451,1000,1.0354154047872144,1.0333466427396876,2024-01-01 06:39:00
1.037340101719841,1000,1.0383774418215606,1.036302761618121,2024-01-01 06:40:00
1.0397884416433785,1000,1.0408282300850218,1.0387486532017352,2024-01-01 06:41:00
1.0407697365491795,1000,1.0418105062857286,1.0397289668126304,2024-01-01 06:42:00
1.0440727493939015,1000,1.0451168221432954,1.0430286766445076,2024-01-01 06:43:00
1.0439941500077856,1000,1.0450381441577934,1.0429501558577778,2024-01-01 06:44:00
1.0419982251824143,1000,1.0430402234075966,1.040956226957232,2024-01-01 06:45:00
1.0421394614631476,1000,1.0431816009246107,1.0410973220016844,2024-01-01 06:46:00
1.0417173536903317,1000,1.042759071044022,1.0406756363366414,2024-01-01 06:47:00
1.041043691644935,1000,1.0420847353365799,1.04000264795329,2024-01-01 06:48:00
1.0417801440571237,1000,1.0428219242011807,1.0407383639130665,2024-01-01 06:49:00
1.041950495774947,1000,1.0429924462707219,1.040908545279172,2024-01-01 06:50:00
1.0419175780435703,1000,1.0429594956216137,1.0408756604655267,2024-01-01 06:51:00
1.0412911687063608,1000,1.0423324598750672,1.0402498775376545,2024-01-01 06:52:00
1.040217849328758,1000,1.0412580671780867,1.0391776314794292,2024-01-01 06:53:00
1.0387775790889726,1000,1.0398163566680614,1.0377388015098836,2024-01-01 06:54:00
1.0391025535893288,1000,1.040141656142918,1.0380634510357394,2024-01-01 06:55:00
1.0394728258297405,1000,1.0405122986555702,1.0384333530039107,2024-01-01 06:56:00
1.0389667335799444,1000,1.0400057003135241,1.0379277668463645,2024-01-01 06:57:00
1.036571241310818,1000,1.0376078125521286,1.0355346700695072,2024-01-01 06:58:00
1.0354226287569976,1000,1.0364580513857544,1.0343872061282406,2024-01-01 06:59:00
1.033334380922031,1000,1.034367715302953,1.0323010465411089,2024-01-01 07:00:00
1.0342378791132851,1000,1.0352721169923984,1.0332036412341719,2024-01-01 07:01:00
1.0381280872664902,1000,1.0391662153537566,1.0370899591792238,2024-01-01 07:02:00
1.0356873554488133,1000,1.036723042804262,1.0346516680933644,2024-01-01 07:03:00
1.0351027168698974,1000,1.0361378195867672,1.0340676141530276,2024-01-01 07:04:00
1.0390452967950818,1000,1.0400843420918768,1.0380062514982868,2024-01-01 07:05:00
1.0419485132163107,1000,1.042990461729527,1.0409065647030944,2024-01-01 07:06:00
1.0415655693226094,1000,1.042607134891932,1.0405240037532868,2024-01-01 07:07:00
1.0428899952040145,1000,1.0439328851992185,1.0418471052088105,2024-01-01 07:08:00
1.0424531625009785,1000,1.0434956156634794,1.0414107093384775,2024-01-01 07:09:00
1.045003494945071,1000,1.046048498440016,1.043958491450126,2024-01-01 07:10:00
1.047638902027961,1000,1.0486865409299888,1.046591263125933,2024-01-01 07:11:00
1.0470827111989114,1000,1.0481297939101102,1.0460356284877124,2024-01-01 07:12:00
1.0421810821136102,1000,1.0432232631957237,1.0411389010314966,2024-01-01 07:13:00
1.0438053376000647,1000,1.0448491429376645,1.0427615322624646,2024-01-01 07:14:00
1.0435358735150593,1000,1.0445794093885743,1.0424923376415443,2024-01-01 07:15:00
1.0439813106241476,1000,1.0450252919347716,1.0429373293135233,2024-01-01 07:16:00
1.045230915152545,1000,1.0462761460676975,1.0441856842373924,2024-01-01 07:17:00
1.0469978221404967,1000,1.048044819962637,1.0459508243183562,2024-01-01 07:18:00
1.044212551493492,1000,1.0452567640449852,1.0431683389419983,2024-01-01 07:19:00
1.0412937245793998,1000,1.0423350183039792,1.0402524308548204,2024-01-01 07:20:00
1.0397263060465451,1000,1.0407660323525916,1.0386865797404985,2024-01-01 07:21:00
1.0420179844721351,1000,1.0430600024566072,1.040975966487663,2024-01-01 07:22:00
1.038204540643647,1000,1.0392427451842907,1.0371663361030035,2024-01-01 07:23:00
1.0384558096402012,1000,1.0394942654498414,1.037417353830561,2024-01-01 07:24:00
1.0363908278408756,1000,1.0374272186687163,1.0353544370130348,2024-01-01 07:25:00
1.0367019545086513,1000,1.0377386564631599,1.0356652525541428,2024-01-01 07:26:00
1.0375007502755214,1000,1.0385382510257968,1.036463249525246,2024-01-01 07:27:00
1.0364421108095716,1000,1.0374785529203812,1.035405668698762,2024-01-01 07:28:00
1.0357984357070527,1000,1.0368342341427597,1.0347626372713457,2024-01-01 07:29:00
1.037824395770888,1000,1.0388622201666586,1.036786571375117,2024-01-01 07:30:00
1.03594139845638,1000,1.036977339854836,1.0349054570579235,2024-01-01 07:31:00
1.0374643701915198,1000,1.0385018345617112,1.0364269058213282,2024-01-01 07:32:00
1.035482308195277,1000,1.0365177905034721,1.0344468258870818,2024-01-01 07:33:00
1.0325334662743737,1000,1.033565999740648,1.0315009328080993,2024-01-01 07:34:00
1.031936165901588,1000,1.0329681020674895,1.0309042297356863,2024-01-01 07:35:00
1.0297106565004643,1000,1.0307403671569646,1.0286809458439639,2024-01-01 07:36:00
1.0260184559413574,1000,1.0270444743972986,1.024992437485416,2024-01-01 07:37:00
1.0208842431084009,1000,1.0219051273515092,1.0198633588652926,2024-01-01 07:38:00
1.0226890646244358,1000,1.02371175368906,1.0216663755598114,2024-01-01 07:39:00
1.0217191755368125,1000,1.022740894712349,1.0206974563612756,2024-01-01 07:40:00
1.0186653212702286,1000,1.0196839865914986,1.0176466559489583,2024-01-01 07:41:00
1.016235861227312,1000,1.017252097088539,1.0152196253660846,2024-01-01 07:42:00
1.0131196728347498,1000,1.0141327925075845,1.0121065531619151,2024-01-01 07:43:00
1.0154986196579145,1000,1.0165141182775723,1.0144831210382566,2024-01-01 07:44:00
1.0175024537411441,1000,1.0185199561948852,1.016484951287403,2024-01-01 07:45:00
1.016127147064683,1000,1.0171432742117477,1.0151110199176183,2024-01-01 07:46:00
1.01628083496789,1000,1.0172971158028579,1.0152645541329222,2024-01-01 07:47:00
1.015629771491241,1000,1.0166454012627322,1.0146141417197498,2024-01-01 07:48:00
1.0169443030978789,1000,1.0179612474009767,1.015927358794781,2024-01-01 07:49:00
1.0161583610299143,1000,1.017174519390944,1.0151422026688843,2024-01-01 07:50:00
1.0168899279111328,1000,1.0179068178390438,1.0158730379832217,2024-01-01 07:51:00
1.01939714835143,1000,1.0204165454997813,1.0183777512030785,2024-01-01 07:52:00
1.0185560008472823,1000,1.0195745568481294,1.017537444846435,2024-01-01 07:53:00
1.0168224087483033,1000,1.0178392311570514,1.015805586339555,2024-01-01 07:54:00
1.016949088246023,1000,1.017966037334269,1.015932139157777,2024-01-01 07:55:00
1.0194459831842078,1000,1.0204654291673918,1.0184265372010235,2024-01-01 07:56:00
1.0197220447617454,1000,1.020741766806507,1.0187023227169838,2024-01-01 07:57:00
1.02058435866935,1000,1.0216049430280192,1.0195637743106807,2024-01-01 07:58:00
1.0189803282237109,1000,1.0199993085519345,1.0179613478954872,2024-01-01 07:59:00
1.019548858779279,1000,1.0205684076380581,1.0185293099204997,2024-01-01 08:00:00
1.0229553102005269,1000,1.0239782655107272,1.0219323548903263,2024-01-01 08:01:00
1.0223925323777145,1000,1.0234149249100921,1.0213701398453368,2024-01-01 08:02:00
1.0225064781759101,1000,1.0235289846540858,1.0214839716977342,2024-01-01 08:03:00
1.0240712343244929,1000,1.0250953055588172,1.0230471630901683,2024-01-01 08:04:00
1.0225435308426636,1000,1.0235660743735062,1.021520987311821,2024-01-01 08:05:00
1.0211855218371824,1000,1.0222067073590195,1.0201643363153452,2024-01-01 08:06:00
1.024694931203636,1000,1.0257196261348396,1.0236702362724324,2024-01-01 08:07:00
1.0212470902454365,1000,1.0222683373356818,1.020225843155191,2024-01-01 08:08:00
1.0182215378670256,1000,1.0192397594048925,1.0172033163291585,2024-01-01 08:09:00
1.0169329927627118,1000,1.0179499257554743,1.015916059769949,2024-01-01 08:10:00
1.0146452185867716,1000,1.0156598638053582,1.0136305733681847,2024-01-01 08:11:00
1.0128608261630294,1000,1.0138736869891922,1.0118479653368664,2024-01-01 08:12:00
1.0096647760721522,1000,1.0106744408482242,1.00865511129608,2024-01-01 08:13:00
1.0083757063656937,1000,1.0093840820720592,1.007367330659328,2024-01-01 08:14:00
1.0041718673478723,1000,1.00517603921522,1.0031676954805244,2024-01-01 08:15:00
1.0049430658945844,1000,1.0059480089604789,1.0039381228286899,2024-01-01 08:16:00
1.0070253058301781,1000,1.0080323311360082,1.006018280524348,2024-01-01 08:17:00
1.0065140036476234,1000,1.007520517651271,1.0055074896439757,2024-01-01 08:18:00
1.0032700157002925,1000,1.0042732857159926,1.0022667456845922,2024-01-01 08:19:00
1.0070683783168175,1000,1.0080754466951343,1.0060613099385007,2024-01-01 08:20:00
1.0048959519499774,1000,1.0059008479019274,1.0038910559980274,2024-01-01 08:21:00
1.0059231350220323,1000,1.0069290581570542,1.0049172118870102,2024-01-01 08:22:00
1.0074556432941497,1000,1.0084630989374437,1.0064481876508555,2024-01-01 08:23:00
1.0028999522354192,1000,1.0039028521876545,1.0018970522831838,2024-01-01 08:24:00
1.0029852356791815,1000,1.0039882209148605,1.0019822504435023,2024-01-01 08:25:00
1.0035752761498877,1000,1.0045788514260374,1.0025717008737378,2024-01-01 08:26:00
1.0030564693310715,1000,1.0040595258004024,1.0020534128617404,2024-01-01 08:27:00
1.0022436692136152,1000,1.0032459128828286,1.0012414255444015,2024-01-01 08:28:00
1.0011258736711457,1000,1.0021269995448168,1.0001247477974746,2024-01-01 08:29:00
0.9997578010180953,1000,1.0007575588191133,0.9987580432170772,2024-01-01 08:30:00
0.9969541546219729,1000,0.9979511087765948,0.9959572004673509,2024-01-01 08:31:00
0.9974414883946029,1000,0.9984389298829974,0.9964440469062082,2024-01-01 08:32:00
0.9960134639826344,1000,0.9970094774466168,0.9950174505186518,2024-01-01 08:33:00
0.996576220431759,1000,0.9975727966521907,0.9955796442113272,2024-01-01 08:34:00
0.9953116819451657,1000,0.9963069936271108,0.9943163702632205,2024-01-01 08:35:00
0.9938809012712524,1000,0.9948747821725236,0.9928870203699811,2024-01-01 08:36:00
0.994109806529812,1000,0.9951039163363417,0.9931156967232821,2024-01-01 08:37:00
0.9958157108856638,1000,0.9968115265965494,0.9948198951747781,2024-01-01 08:38:00
0.994476420926736,1000,0.9954708973476627,0.9934819445058093,2024-01-01 08:39:00
0.9922019591474689,1000,0.9931941611066163,0.9912097571883214,2024-01-01 08:40:00
0.9917190096437242,1000,0.9927107286533677,0.9907272906340805,2024-01-01 08:41:00
0.9929936202051415,1000,0.9939866138253465,0.9920006265849364,2024-01-01 08:42:00
0.99140864195987,1000,0.9924000506018298,0.9904172333179101,2024-01-01 08:43:00
0.9904109132761837,1000,0.9914013241894598,0.9894205023629075,2024-01-01 08:44:00
0.9921471637037673,1000,0.993139310867471,0.9911550165400635,2024-01-01 08:45:00
0.9930366104446885,1000,0.9940296470551331,0.9920435738342438,2024-01-01 08:46:00
0.9947029160350622,1000,0.9956976189510972,0.9937082131190271,2024-01-01 08:47:00
0.9944524127945231,1000,0.9954468652073175,0.9934579603817286,2024-01-01 08:48:00
0.9938431590005717,1000,0.9948370021595722,0.9928493158415712,2024-01-01 08:49:00
0.9914424238860985,1000,0.9924338663099844,0.9904509814622124,2024-01-01 08:50:00
0.9916607476044148,1000,0.9926524083520191,0.9906690868568104,2024-01-01 08:51:00
0.9898999761242274,1000,0.9908898761003515,0.9889100761481032,2024-01-01 08:52:00
0.9886728734613722,1000,0.9896615463348335,0.9876842005879108,2024-01-01 08:53:00
0.995083899714237,1000,0.9960789836139512,0.9940888158145228,2024-01-01 08:54:00
0.9944466074983317,1000,0.99544105410583,0.9934521608908333,2024-01-01 08:55:00
0.9933574398522269,1000,0.994350797292079,0.9923640824123747,2024-01-01 08:56:00
0.9920425452124456,1000,0.993034587757658,0.9910505026672332,2024-01-01 08:57:00
0.9936056954166831,1000,0.9945993011120997,0.9926120897212664,2024-01-01 08:58:00
0.9906150767642207,1000,0.9916056918409848,0.9896244616874564,2024-01-01 08:59:00
0.9872396517845732,1000,0.9882268914363577,0.9862524121327886,2024-01-01 09:00:00
0.9881615733004094,1000,0.9891497348737097,0.987173411727109,2024-01-01 09:01:00
0.9900625317685029,1000,0.9910525943002713,0.9890724692367344,2024-01-01 09:02:00
0.9915116934553502,1000,0.9925032051488054,0.9905201817618948,2024-01-01 09:03:00
0.9911236520685549,1000,0.9921147757206233,0.9901325284164864,2024-01-01 09:04:00
0.9931415601492967,1000,0.9941347017094458,0.9921484185891474,2024-01-01 09:05:00
0.9931720100870012,1000,0.994165182097088,0.9921788380769142,2024-01-01 09:06:00
0.9933353369394909,1000,0.9943286722764303,0.9923420016025515,2024-01-01 09:07:00
0.9954950167645537,1000,0.9964905117813181,0.9944995217477891,2024-01-01 09:08:00
0.9946954241383005,1000,0.9956901195624387,0.9937007287141622,2024-01-01 09:09:00
0.9948191051751027,1000,0.9958139242802777,0.9938242860699277,2024-01-01 09:10:00
0.9959931790389429,1000,0.9969891722179818,0.9949971858599039,2024-01-01 09:11:00
0.9955916898487263,1000,0.9965872815385749,0.9945960981588775,2024-01-01 09:12:00
0.9954813665739981,1000,0.996476847940572,0.9944858852074241,2024-01-01 09:13:00
0.9971419956779168,1000,0.9981391376735946,0.9961448536822389,2024-01-01 09:14:00
0.9995203704462914,1000,1.0005198908167376,0.9985208500758451,2024-01-01 09:15:00
1.000788180671713,1000,1.0017889688523844,0.9997873924910412,2024-01-01 09:16:00
0.9958867215223585,1000,0.9968826082438808,0.9948908348008361,2024-01-01 09:17:00
0.9991131043703786,1000,1.0001122174747488,0.9981139912660082,2024-01-01 09:18:00
0.9983249326120046,1000,0.9993232575446165,0.9973266076793926,2024-01-01 09:19:00
0.9998413300691688,1000,1.0008411713992378,0.9988414887390996,2024-01-01 09:20:00
1.0001468886336913,1000,1.0011470355223249,0.9991467417450576,2024-01-01 09:21:00
1.0008960591007612,1000,1.0018969551598618,0.9998951630416604,2024-01-01 09:22:00
1.0018246651714027,1000,1.002826489836574,1.0008228405062312,2024-01-01 09:23:00
1.0039212161662687,1000,1.0049251373824348,1.0029172949501024,2024-01-01 09:24:00
1.0074546911463838,1000,1.00846214583753,1.0064472364552373,2024-01-01 09:25:00
1.0103529476468183,1000,1.0113633005944649,1.0093425946991714,2024-01-01 09:26:00
1.0122421727678743,1000,1.0132544149406422,1.0112299305951065,2024-01-01 09:27:00
1.0110821489177417,1000,1.0120932310666593,1.010071066768824,2024-01-01 09:28:00
1.0140921093669533,1000,1.0151062014763201,1.0130780172575864,2024-01-01 09:29:00
1.011925608536507,1000,1.0129375341450433,1.0109136829279703,2024-01-01 09:30:00
1.0095137221262018,1000,1.0105232358483278,1.0085042084040756,2024-01-01 09:31:00
1.010158220722022,1000,1.011168378942744,1.0091480625013,2024-01-01 09:32:00
1.0087998163760103,1000,1.0098086161923863,1.0077910165596344,2024-01-01 09:33:00
1.0049017498441608,1000,1.005906651594005,1.0038968480943167,2024-01-01 09:34:00
1.00423767076596,1000,1.0052419084367257,1.003233433095194,2024-01-01 09:35:00
1.0038545341881884,1000,1.0048583887223765,1.0028506796540002,2024-01-01 09:36:00
1.0035036931732038,1000,1.0045071968663768,1.0025001894800305,2024-01-01 09:37:00
1.0045535855349552,1000,1.00555813912049,1.0035490319494202,2024-01-01 09:38:00
1.007212879005479,1000,1.0082200918844844,1.0062056661264736,2024-01-01 09:39:00
1.0073676583446167,1000,1.0083750260029611,1.006360290686272,2024-01-01 09:40:00
1.0050682267283175,1000,1.0060732949550457,1.0040631585015891,2024-01-01 09:41:00
1.0030213104289885,1000,1.0040243317394173,1.0020182891185594,2024-01-01 09:42:00
1.0036055207468597,1000,1.0046091262676065,1.0026019152261127,2024-01-01 09:43:00
1.0062458002489618,1000,1.0072520460492107,1.005239554448713,2024-01-01 09:44:00
1.0064761678783012,1000,1.0074826440461795,1.0054696917104229,2024-01-01 09:45:00
1.0035295606672325,1000,1.0045330902278997,1.0025260311065654,2024-01-01 09:46:00
1.0047043420970483,1000,1.0057090464391452,1.0036996377549512,2024-01-01 09:47:00
1.0082148865660734,1000,1.0092231014526394,1.0072066716795074,2024-01-01 09:48:00
1.0075091809015249,1000,1.0085166900824263,1.0065016717206234,2024-01-01 09:49:00
1.0041222054603054,1000,1.0051263276657656,1.0031180832548452,2024-01-01 09:50:00
1.004279787131147,1000,1.005284066918278,1.0032755073440158,2024-01-01 09:51:00
1.0034382014393066,1000,1.0044416396407458,1.0024347632378674,2024-01-01 09:52:00
1.0016344810622546,1000,1.0026361155433168,1.0006328465811924,2024-01-01 09:53:00
1.003353597285901,1000,1.0043569508831867,1.002350243688615,2024-01-01 09:54:00
1.00205811498676,1000,1.0030601731017466,1.0010560568717732,2024-01-01 09:55:00
1.0026727869571725,1000,1.0036754597441295,1.0016701141702153,2024-01-01 09:56:00
1.0036384121914208,1000,1.0046420506036122,1.0026347737792294,2024-01-01 09:57:00
1.000991073311034,1000,1.001992064384345,0.999990082237723,2024-01-01 09:58:00
1.0013359999979816,1000,1.0023373359979795,1.0003346639979835,2024-01-01 09:59:00
1.0021875399824025,1000,1.0031897275223849,1.0011853524424201,2024-01-01 10:00:00
1.000673154734951,1000,1.0016738278896857,0.999672481580216,2024-01-01 10:01:00
0.9988595904786958,1000,0.9998584500691744,0.997860730888217,2024-01-01 10:02:00
1.0010356421764852,1000,1.0020366778186616,1.0000346065343086,2024-01-01 10:03:00
0.9986200650589862,1000,0.9996186851240451,0.9976214449939271,2024-01-01 10:04:00
0.9967009544865972,1000,0.9976976554410837,0.9957042535321107,2024-01-01 10:05:00
0.9954488520752746,1000,0.9964443009273497,0.9944534032231993,2024-01-01 10:06:00
0.9966674649185282,1000,0.9976641323834466,0.9956707974536096,2024-01-01 10:07:00
0.9976004676189385,1000,0.9985980680865574,0.9966028671513195,2024-01-01 10:08:00
0.9982295413975191,1000,0.9992277709389165,0.9972313118561216,2024-01-01 10:09:00
0.9964492962306334,1000,0.9974457455268639,0.9954528469344027,2024-01-01 10:10:00
0.9970191475392775,1000,0.9980161666868166,0.9960221283917382,2024-01-01 10:11:00
0.9960977084176519,1000,0.9970938061260695,0.9951016107092342,2024-01-01 10:12:00
0.9945332469813171,1000,0.9955277802282982,0.9935387137343358,2024-01-01 10:13:00
0.9949012084678326,1000,0.9958961096763003,0.9939063072593648,2024-01-01 10:14:00
0.9953505069548724,1000,0.9963458574618271,0.9943551564479175,2024-01-01 10:15:00
0.9976156468844184,1000,0.9986132625313027,0.996618031237534,2024-01-01 10:16:00
0.9972454595521548,1000,0.9982427050117069,0.9962482140926027,2024-01-01 10:17:00
0.9967870640243344,1000,0.9977838510883585,0.9957902769603101,2024-01-01 10:18:00
0.9944635315243183,1000,0.9954579950558425,0.993469067992794,2024-01-01 10:19:00
0.9941236078058544,1000,0.9951177314136601,0.9931294841980486,2024-01-01 10:20:00
0.9934735751926097,1000,0.9944670487678022,0.9924801016174171,2024-01-01 10:21:00
0.9911591593599025,1000,0.9921503185192623,0.9901680002005426,2024-01-01 10:22:00
0.9926742880585784,1000,0.9936669623466369,0.9916816137705198,2024-01-01 10:23:00
0.9934175938701418,1000,0.9944110114640119,0.9924241762762717,2024-01-01 10:24:00
0.9966083541238955,1000,0.9976049624780192,0.9956117457697716,2024-01-01 10:25:00
0.9971671965978386,1000,0.9981643637944363,0.9961700294012408,2024-01-01 10:26:00
0.999183428528924,1000,1.0001826119574528,0.998184245100395,2024-01-01 10:27:00
0.99687773964503,1000,0.997874617384675,0.9958808619053849,2024-01-01 10:28:00
0.9955059538114851,1000,0.9965014597652965,0.9945104478576736,2024-01-01 10:29:00
0.9945901314579496,1000,0.9955847215894075,0.9935955413264916,2024-01-01 10:30:00
0.9932662314237922,1000,0.9942594976552159,0.9922729651923684,2024-01-01 10:31:00
0.9935303512183244,1000,0.9945238815695426,0.9925368208671062,2024-01-01 10:32:00
0.9954459887902696,1000,0.9964414347790598,0.9944505428014793,2024-01-01 10:33:00
0.9941637894476553,1000,0.9951579532371028,0.9931696256582077,2024-01-01 10:34:00
0.9940783589247242,1000,0.9950724372836488,0.9930842805657994,2024-01-01 10:35:00
0.995988290970124,1000,0.996984279261094,0.9949923026791538,2024-01-01 10:36:00
0.9968991129711409,1000,0.9978960120841119,0.9959022138581697,2024-01-01 10:37:00
0.9952831437296022,1000,0.9962784268733318,0.9942878605858726,2024-01-01 10:38:00
0.9969729354340077,1000,0.9979699083694415,0.9959759624985737,2024-01-01 10:39:00
0.9994039240448294,1000,1.000403327968874,0.9984045201207845,2024-01-01 10:40:00
0.9980100594778085,1000,0.9990080695372863,0.9970120494183307,2024-01-01 10:41:00
0.9990577919365716,1000,1.000056849728508,0.9980587341446351,2024-01-01 10:42:00
0.99939443176832,1000,1.0003938262000882,0.9983950373365517,2024-01-01 10:43:00
1.001722348919144,1000,1.002724071268063,1.0007206265702249,2024-01-01 10:44:00
1.0025321130644476,1000,1.003534645177512,1.0015295809513831,2024-01-01 10:45:00
0.999251155111483,1000,1.0002504062665944,0.9982519039563715,2024-01-01 10:46:00
0.9981844355430649,1000,0.9991826199786079,0.9971862511075218,2024-01-01 10:47:00
0.9957742962809424,1000,0.9967700705772232,0.9947785219846614,2024-01-01 10:48:00
0.9959233967149645,1000,0.9969193201116794,0.9949274733182496,2024-01-01 10:49:00
0.996755303771672,1000,0.9977520590754435,0.9957585484679004,2024-01-01 10:50:00
0.9959685954449756,1000,0.9969645640404204,0.9949726268495307,2024-01-01 10:51:00
0.9979005305913479,1000,0.9988984311219391,0.9969026300607565,2024-01-01 10:52:00
1.0007209654930889,1000,1.0017216864585818,0.9997202445275958,2024-01-01 10:53:00
0.9993445688308591,1000,1.0003439133996899,0.9983452242620282,2024-01-01 10:54:00
0.9981781003255291,1000,0.9991762784258545,0.9971799222252036,2024-01-01 10:55:00
1.0008403744003884,1000,1.0018412147747886,0.999839534025988,2024-01-01 10:56:00
1.001876140897557,1000,1.0028780170384544,1.0008742647566593,2024-01-01 10:57:00
1.0005574326099573,1000,1.001557990042567,0.9995568751773474,2024-01-01 10:58:00
1.003395603409456,1000,1.0043989990128654,1.0023922078060465,2024-01-01 10:59:00
1.0024280418660299,1000,1.0034304699078958,1.0014256138241637,2024-01-01 11:00:00
1.0008032871765031,1000,1.0018040904636796,0.9998024838893266,2024-01-01 11:01:00
1.0052527080168194,1000,1.006257960724836,1.0042474553088026,2024-01-01 11:02:00
1.0051732034670098,1000,1.0061783766704766,1.0041680302635427,2024-01-01 11:03:00
1.00645521464407,1000,1.007461669858714,1.005448759429426,2024-01-01 11:04:00
1.004622418426401,1000,1.0056270408448273,1.0036177960079746,2024-01-01 11:05:00
1.002557876319737,1000,1.0035604341960565,1.0015553184434172,2024-01-01 11:06:00
1.0005704122181702,1000,1.0015709826303882,0.9995698418059521,2024-01-01 11:07:00
1.000010762209946,1000,1.0010107729721558,0.999010751447736,2024-01-01 11:08:00
1.0012748513615148,1000,1.0022761262128763,1.0002735765101534,2024-01-01 11:09:00
1.0005930295665504,1000,1.0015936225961168,0.9995924365369838,2024-01-01 11:10:00
0.9998547585870162,1000,1.000854613345603,0.9988549038284292,2024-01-01 11:11:00
0.9997799831874793,1000,1.0007797631706667,0.9987802032042918,2024-01-01 11:12:00
1.0007754573215717,1000,1.001776232778893,0.9997746818642501,2024-01-01 11:13:00
1.0022118952435408,1000,1.0032141071387843,1.0012096833482973,2024-01-01 11:14:00
1.0014518378816055,1000,1.002453289719487,1.000450386043724,2024-01-01 11:15:00
1.003208451565146,1000,1.004211660016711,1.0022052431135808,2024-01-01 11:16:00
1.0010038037075166,1000,1.002004807511224,1.000002799903809,2024-01-01 11:17:00
1.0029574673337498,1000,1.0039604248010834,1.001954509866416,2024-01-01 11:18:00
1.0043262920296765,1000,1.0053306183217061,1.0033219657376469,2024-01-01 11:19:00
1.0068092934372244,1000,1.0078161027306616,1.0058024841437871,2024-01-01 11:20:00
1.0041734773499673,1000,1.0051776508273171,1.0031693038726173,2024-01-01 11:21:00
1.0024607196136137,1000,1.0034631803332272,1.0014582588940002,2024-01-01 11:22:00
1.0036644199998108,1000,1.0046680844198106,1.002660755579811,2024-01-01 11:23:00
1.002475472031383,1000,1.0034779475034143,1.0014729965593516,2024-01-01 11:24:00
1.00090884121845,1000,1.0019097500596683,0.9999079323772314,2024-01-01 11:25:00
1.0043058741931687,1000,1.0053101800673618,1.0033015683189757,2024-01-01 11:26:00
1.0026194142981149,1000,1.0036220337124129,1.0016167948838168,2024-01-01 11:27:00
1.0024084736465373,1000,1.0034108821201837,1.0014060651728907,2024-01-01 11:28:00
1.003524121919853,1000,1.0045276460417727,1.002520597797933,2024-01-01 11:29:00
1.0031359402791196,1000,1.0041390762193985,1.0021328043388404,2024-01-01 11:30:00
1.0036324534224668,1000,1.0046360858758892,1.0026288209690444,2024-01-01 11:31:00
1.0039349714295067,1000,1.0049389064009362,1.0029310364580772,2024-01-01 11:32:00
1.0072423506981396,1000,1.0082495930488375,1.0062351083474415,2024-01-01 11:33:00
1.0057560762227966,1000,1.0067618322990193,1.0047503201465737,2024-01-01 11:34:00
1.004797827037252,1000,1.005802624864289,1.0037930292102146,2024-01-01 11:35:00
1.0078433169655372,1000,1.0088511602825025,1.0068354736485716,2024-01-01 11:36:00
1.0037790383810334,1000,1.0047828174194144,1.0027752593426524,2024-01-01 11:37:00
1.0015541687242613,1000,1.0025557228929853,1.000552614555537,2024-01-01 11:38:00
0.9983762683478301,1000,0.9993746446161779,0.9973778920794822,2024-01-01 11:39:00
0.996973732512791,1000,0.9979707062453037,0.9959767587802781,2024-01-01 11:40:00
0.9915023068043581,1000,0.9924938091111624,0.9905108044975538,2024-01-01 11:41:00
0.9931865599721302,1000,0.9941797465321023,0.9921933734121581,2024-01-01 11:42:00
0.9924842900423695,1000,0.9934767743324118,0.9914918057523271,2024-01-01 11:43:00
0.9954093642062734,1000,0.9964047735704795,0.9944139548420671,2024-01-01 11:44:00
0.9994092278807457,1000,1.0004086371086263,0.9984098186528649,2024-01-01 11:45:00
0.9971541620197164,1000,0.998151316181736,0.9961570078576967,2024-01-01 11:46:00
0.9961457733125078,1000,0.9971419190858202,0.9951496275391952,2024-01-01 11:47:00
0.9928275674136305,1000,0.993820394981044,0.991834739846217,2024-01-01 11:48:00
0.9942503103251769,1000,0.9952445606355019,0.9932560600148517,2024-01-01 11:49:00
0.9960585208288957,1000,0.9970545793497244,0.9950624623080668,2024-01-01 11:50:00
0.9910968779223034,1000,0.9920879748002256,0.9901057810443811,2024-01-01 11:51:00
0.9918866824329353,1000,0.9928785691153681,0.9908947957505024,2024-01-01 11:52:00
0.9935450042571549,1000,0.9945385492614119,0.9925514592528977,2024-01-01 11:53:00
0.9959061690674136,1000,0.9969020752364809,0.9949102628983462,2024-01-01 11:54:00
0.9973572532192776,1000,0.9983546104724967,0.9963598959660583,2024-01-01 11:55:00
0.9975688295217139,1000,0.9985663983512355,0.9965712606921922,2024-01-01 11:56:00
1.0010860047876924,1000,1.00208709079248,1.0000849187829046,2024-01-01 11:57:00
1.0066536244945927,1000,1.0076602781190873,1.0056469708700981,2024-01-01 11:58:00
1.0076598738819462,1000,1.008667533755828,1.0066522140080643,2024-01-01 11:59:00
1.0072676974499328,1000,1.0082749651473826,1.0062604297524829,2024-01-01 12:00:00
1.005956642741009,1000,1.0069625993837499,1.004950686098268,2024-01-01 12:01:00
1.0072046365949794,1000,1.0082118412315741,1.0061974319583844,2024-01-01 12:02:00
1.0042245309305542,1000,1.0052287554614847,1.0032203063996237,2024-01-01 12:03:00
1.004111277007903,1000,1.0051153882849109,1.0031071657308952,2024-01-01 12:04:00
1.0051362537888733,1000,1.0061413900426621,1.0041311175350844,2024-01-01 12:05:00
1.003707281244911,1000,1.0047109885261558,1.002703573963666,2024-01-01 12:06:00
1.0025394731104103,1000,1.0035420125835206,1.0015369336373,2024-01-01 12:07:00
1.002885491689268,1000,1.0038883771809572,1.0018826061975787,2024-01-01 12:08:00
1.0052081203373222,1000,1.0062133284576593,1.0042029122169849,2024-01-01 12:09:00
1.0031308042239346,1000,1.0041339350281584,1.0021276734197107,2024-01-01 12:10:00
1.0026221741267776,1000,1.0036247963009042,1.0016195519526507,2024-01-01 12:11:00
1.0046784045539228,1000,1.0056830829584766,1.003673726149369,2024-01-01 12:12:00
1.0026968454722327,1000,1.0036995423177049,1.0016941486267605,2024-01-01 12:13:00
1.0013694076190185,1000,1.0023707770266375,1.0003680382113995,2024-01-01 12:14:00
1.0026014198983528,1000,1.003604021318251,1.0015988184784546,2024-01-01 12:15:00
1.0029162197494457,1000,1.003919135969195,1.0019133035296963,2024-01-01 12:16:00
1.0052168133765287,1000,1.0062220301899052,1.0042115965631522,2024-01-01 12:17:00
1.0075722615861613,1000,1.0085798338477474,1.0065646893245752,2024-01-01 12:18:00
1.0070568547004357,1000,1.008063911555136,1.0060497978457352,2024-01-01 12:19:00
1.0067945189825074,1000,1.0078013135014898,1.005787724463525,2024-01-01 12:20:00
1.0096307989780304,1000,1.0106404297770084,1.0086211681790525,2024-01-01 12:21:00
1.0144375348196477,1000,1.0154519723544673,1.0134230972848282,2024-01-01 12:22:00
1.0147401786938406,1000,1.0157549188725343,1.0137254385151468,2024-01-01 12:23:00
1.0170263213394388,1000,1.0180433476607782,1.0160092950180994,2024-01-01 12:24:00
1.015993458398129,1000,1.017009451856527,1.0149774649397307,2024-01-01 12:25:00
1.014914037343251,1000,1.0159289513805942,1.0138991233059078,2024-01-01 12:26:00
1.0179836219694451,1000,1.0190016055914144,1.0169656383474757,2024-01-01 12:27:00
1.0189776326746944,1000,1.019996610307369,1.0179586550420197,2024-01-01 12:28:00
1.0189172069582473,1000,1.0199361241652054,1.017898289751289,2024-01-01 12:29:00
1.0204498559735469,1000,1.0214703058295203,1.0194294061175733,2024-01-01 12:30:00
1.0175438586230046,1000,1.0185614024816274,1.0165263147643815,2024-01-01 12:31:00
1.015119647926626,1000,1.0161347675745525,1.0141045282786993,2024-01-01 12:32:00
1.0143610796439972,1000,1.015375440723641,1.0133467185643532,2024-01-01 12:33:00
1.0146610310493946,1000,1.015675692080444,1.0136463700183453,2024-01-01 12:34:00
1.0147365537300743,1000,1.0157512902838042,1.0137218171763442,2024-01-01 12:35:00
1.0152078074014874,1000,1.0162230152088887,1.014192599594086,2024-01-01 12:36:00
1.0173762002601738,1000,1.018393576460434,1.0163588240599137,2024-01-01 12:37:00
1.0180257313999599,1000,1.0190437571313598,1.01700770566856,2024-01-01 12:38:00
1.0145460296894568,1000,1.0155605757191462,1.0135314836597673,2024-01-01 12:39:00
1.0124664043654896,1000,1.013478870769855,1.011453937961124,2024-01-01 12:40:00
1.0121247030867384,1000,1.013136827789825,1.0111125783836517,2024-01-01 12:41:00
1.0138574488108651,1000,1.014871306259676,1.0128435913620544,2024-01-01 12:42:00
1.016429113805146,1000,1.017445542918951,1.015412684691341,2024-01-01 12:43:00
1.0175940210788208,1000,1.0186116150998996,1.016576427057742,2024-01-01 12:44:00
1.0168320327538372,1000,1.0178488647865909,1.0158152007210832,2024-01-01 12:45:00
1.0168311272672543,1000,1.0178479583945215,1.015814296139987,2024-01-01 12:46:00
1.0167133426195976,1000,1.017730055962217,1.015696629276978,2024-01-01 12:47:00
1.0145644120823423,1000,1.0155789764944245,1.01354984767026,2024-01-01 12:48:00
1.0160931758282026,1000,1.0171092690040306,1.0150770826523743,2024-01-01 12:49:00
1.0133991123298423,1000,1.014412511442172,1.0123857132175125,2024-01-01 12:50:00
1.0141304146212031,1000,1.0151445450358243,1.013116284206582,2024-01-01 12:51:00
1.0142803941688356,1000,1.0152946745630043,1.0132661137746668,2024-01-01 12:52:00
1.014983089047051,1000,1.015998072136098,1.013968105958004,2024-01-01 12:53:00
1.0171899993038696,1000,1.0182071893031732,1.0161728093045657,2024-01-01 12:54:00
1.017191989033374,1000,1.0182091810224072,1.0161747970443407,2024-01-01 12:55:00
1.0185129560646997,1000,1.0195314690207642,1.017494443108635,2024-01-01 12:56:00
1.0174453484985055,1000,1.0184627938470039,1.016427903150007,2024-01-01 12:57:00
1.015223140088215,1000,1.0162383632283032,1.0142079169481268,2024-01-01 12:58:00
1.013517576499495,1000,1.0145310940759944,1.0125040589229954,2024-01-01 12:59:00
1.0119336910975916,1000,1.012945624788689,1.010921757406494,2024-01-01 13:00:00
1.0110452061979174,1000,1.0120562514041151,1.0100341609917194,2024-01-01 13:01:00
1.009344893636742,1000,1.0103542385303785,1.0083355487431052,2024-01-01 13:02:00
1.0119198929236173,1000,1.0129318128165408,1.0109079730306936,2024-01-01 13:03:00
1.0116009685781273,1000,1.0126125695467054,1.0105893676095492,2024-01-01 13:04:00
1.0145915288458909,1000,1.0156061203747366,1.013576937317045,2024-01-01 13:05:00
1.0144958880415924,1000,1.015510383929634,1.0134813921535508,2024-01-01 13:06:00
1.013653912264562,1000,1.0146675661768265,1.0126402583522975,2024-01-01 13:07:00
1.012239672685065,1000,1.0132519123577501,1.01122743301238,2024-01-01 13:08:00
1.011181070079949,1000,1.012192251150029,1.0101698890098691,2024-01-01 13:09:00
1.0096124551643835,1000,1.0106220676195476,1.008602842709219,2024-01-01 13:10:00
1.0117105086586127,1000,1.0127222191672711,1.010698798149954,2024-01-01 13:11:00
1.0151437328628103,1000,1.016158876595673,1.0141285891299476,2024-01-01 13:12:00
1.0182888859795618,1000,1.0193071748655413,1.0172705970935823,2024-01-01 13:13:00
1.020108801110119,1000,1.0211289099112288,1.0190886923090088,2024-01-01 13:14:00
1.0196905265963527,1000,1.020710217122949,1.0186708360697563,2024-01-01 13:15:00
1.0218155868511116,1000,1.0228374024379627,1.0207937712642605,2024-01-01 13:16:00
1.0244039357260715,1000,1.0254283396617974,1.0233795317903454,2024-01-01 13:17:00
1.0249582864093005,1000,1.0259832446957098,1.0239333281228913,2024-01-01 13:18:00
1.023920087345746,1000,1.0249440074330916,1.0228961672584003,2024-01-01 13:19:00
1.0222318392628407,1000,1.0232540711021034,1.021209607423578,2024-01-01 13:20:00
1.022005255025465,1000,1.0230272602804904,1.0209832497704396,2024-01-01 13:21:00
1.024864706234571,1000,1.0258895709408056,1.0238398415283365,2024-01-01 13:22:00
1.0227835433931716,1000,1.0238063269365647,1.0217607598497784,2024-01-01 13:23:00
1.0233186274384303,1000,1.0243419460658685,1.0222953088109918,2024-01-01 13:24:00
1.024383781761341,1000,1.0254081655431022,1.0233593979795796,2024-01-01 13:25:00
1.0248201005482573,1000,1.0258449206488054,1.023795280447709,2024-01-01 13:26:00
1.0268027673045639,1000,1.0278295700718683,1.0257759645372593,2024-01-01 13:27:00
1.029004999471871,1000,1.0300340044713427,1.0279759944723992,2024-01-01 13:28:00
1.0279654674253385,1000,1.0289934328927637,1.0269375019579132,2024-01-01 13:29:00
1.0280682887298114,1000,1.029096357018541,1.0270402204410816,2024-01-01 13:30:00
1.0299459216750217,1000,1.0309758675966967,1.0289159757533468,2024-01-01 13:31:00
1.0277569452952484,1000,1.0287847022405436,1.0267291883499532,2024-01-01 13:32:00
1.0272654064062194,1000,1.0282926718126255,1.0262381409998131,2024-01-01 13:33:00
1.0279098439361856,1000,1.0289377537801216,1.0268819340922495,2024-01-01 13:34:00
1.0299643060371433,1000,1.0309942703431803,1.028934341731106,2024-01-01 13:35:00
1.0285441924097498,1000,1.0295727366021594,1.02751564821734,2024-01-01 13:36:00
1.027221689603523,1000,1.0282489112931263,1.0261944679139194,2024-01-01 13:37:00
1.0275334623496777,1000,1.0285609958120272,1.026505928887328,2024-01-01 13:38:00
1.0261529489989543,1000,1.027179101947953,1.0251267960499553,2024-01-01 13:39:00
1.0234074298414897,1000,1.024430837271331,1.0223840224116483,2024-01-01 13:40:00
1.0196821618038607,1000,1.0207018439656645,1.018662479642057,2024-01-01 13:41:00
1.021201025744267,1000,1.0222222267700112,1.0201798247185228,2024-01-01 13:42:00
1.02287203677621,1000,1.0238949088129863,1.0218491647394339,2024-01-01 13:43:00
1.0250389719307667,1000,1.0260640109026973,1.0240139329588358,2024-01-01 13:44:00
1.0247501112884683,1000,1.0257748613997566,1.0237253611771797,2024-01-01 13:45:00
1.025590006284226,1000,1.0266155962905101,1.0245644162779417,2024-01-01 13:46:00
1.0282409524024338,1000,1.0292691933548361,1.0272127114500313,2024-01-01 13:47:00
1.0279430839998727,1000,1.0289710270838723,1.0269151409158728,2024-01-01 13:48:00
1.024781029185807,1000,1.0258058102149927,1.0237562481566211,2024-01-01 13:49:00
1.0238911576865917,1000,1.0249150488442782,1.0228672665289051,2024-01-01 13:50:00
1.0210225944760047,1000,1.0220436170704805,1.0200015718815287,2024-01-01 13:51:00
1.0219072140817498,1000,1.0229291212958314,1.020885306867668,2024-01-01 13:52:00
1.0243500654201771,1000,1.0253744154855973,1.023325715354757,2024-01-01 13:53:00
1.0222747085371788,1000,1.023296983245716,1.0212524338286417,2024-01-01 13:54:00
1.0213854198672179,1000,1.022406805287085,1.0203640344473506,2024-01-01 13:55:00
1.0196851452221365,1000,1.0207048303673585,1.0186654600769143,2024-01-01 13:56:00
1.0212121228990643,1000,1.0222333350219632,1.0201909107761653,2024-01-01 13:57:00
1.0194753858971681,1000,1.020494861283065,1.018455910511271,2024-01-01 13:58:00
1.0165669637079604,1000,1.0175835306716683,1.0155503967442525,2024-01-01 13:59:00
1.013529490146952,1000,1.0145430196370988,1.012515960656805,2024-01-01 14:00:00
1.015446119515157,1000,1.016461565634672,1.0144306733956419,2024-01-01 14:01:00
1.0142584954761313,1000,1.0152727539716073,1.0132442369806551,2024-01-01 14:02:00
1.018794362475898,1000,1.0198131568383737,1.017775568113422,2024-01-01 14:03:00
1.018901690135283,1000,1.0199205918254182,1.0178827884451478,2024-01-01 14:04:00
1.0183779935682238,1000,1.019396371561792,1.0173596155746556,2024-01-01 14:05:00
1.017962233883721,1000,1.0189801961176046,1.0169442716498374,2024-01-01 14:06:00
1.0169380062814488,1000,1.0179549442877303,1.0159210682751674,2024-01-01 14:07:00
1.016802790473412,1000,1.0178195932638854,1.0157859876829387,2024-01-01 14:08:00
1.0143329031804817,1000,1.0153472360836622,1.0133185702773013,2024-01-01 14:09:00
1.0121088189993335,1000,1.0131209278183326,1.011096710180334,2024-01-01 14:10:00
1.0151470445017132,1000,1.016162191546215,1.0141318974572116,2024-01-01 14:11:00
1.012669579244907,1000,1.0136822488241517,1.011656909665662,2024-01-01 14:12:00
1.0112446833113604,1000,1.0122559279946717,1.0102334386280492,2024-01-01 14:13:00
1.0134638896828874,1000,1.0144773535725702,1.0124504257932045,2024-01-01 14:14:00
1.0153007260715512,1000,1.0163160267976226,1.0142854253454796,2024-01-01 14:15:00
1.0167204821094316,1000,1.0177372025915408,1.0157037616273221,2024-01-01 14:16:00
1.0137166712740076,1000,1.0147303879452814,1.0127029546027335,2024-01-01 14:17:00
1.016938129442151,1000,1.017955067571593,1.0159211913127086,2024-01-01 14:18:00
1.0181068433585465,1000,1.0191249502019049,1.017088736515188,2024-01-01 14:19:00
1.020161821489467,1000,1.0211819833109563,1.0191416596679774,2024-01-01 14:20:00
1.019918089031477,1000,1.0209380071205083,1.0188981709424454,2024-01-01 14:21:00
1.0188276985060951,1000,1.019846526204601,1.017808870807589,2024-01-01 14:22:00
1.0202462099021155,1000,1.0212664561120175,1.0192259636922134,2024-01-01 14:23:00
1.0236109780188558,1000,1.0246345889968747,1.022587367040837,2024-01-01 14:24:00
1.0234542600424568,1000,1.024477714302499,1.0224308057824143,2024-01-01 14:25:00
1.0206226835218877,1000,1.0216433062054096,1.0196020608383658,2024-01-01 14:26:00
1.020707731269534,1000,1.0217284390008035,1.0196870235382645,2024-01-01 14:27:00
1.0206052571622268,1000,1.021625862419389,1.0195846519050646,2024-01-01 14:28:00
1.022115807037931,1000,1.0231379228449689,1.021093691230893,2024-01-01 14:29:00
1.022392626774863,1000,1.0234150194016378,1.0213702341480881,2024-01-01 14:30:00
1.0218798823264164,1000,1.0229017622087426,1.0208580024440899,2024-01-01 14:31:00
1.0191560830140676,1000,1.0201752390970815,1.0181369269310534,2024-01-01 14:32:00
1.0189629185736915,1000,1.019981881492265,1.0179439556551177,2024-01-01 14:33:00
1.0189125127168808,1000,1.0199314252295975,1.0178936002041639,2024-01-01 14:34:00
1.0181982564561125,1000,1.0192164547125686,1.0171800581996564,2024-01-01 14:35:00
1.0185369021536483,1000,1.019555439055802,1.0175183652514947,2024-01-01 14:36:00
1.0173013126469526,1000,1.0183186139595994,1.0162840113343057,2024-01-01 14:37:00
1.0200678936784289,1000,1.0210879615721071,1.0190478257847504,2024-01-01 14:38:00
1.0175956810964109,1000,1.0186132767775071,1.0165780854153144,2024-01-01 14:39:00
1.0156437754947423,1000,1.016659419270237,1.0146281317192476,2024-01-01 14:40:00
1.0146170870165592,1000,1.0156317041035756,1.0136024699295425,2024-01-01 14:41:00
1.0148356865955472,1000,1.0158505222821426,1.0138208509089517,2024-01-01 14:42:00
1.012135259252132,1000,1.013147394511384,1.01112312399288,2024-01-01 14:43:00
1.0106341196211575,1000,1.0116447537407784,1.0096234855015362,2024-01-01 14:44:00
1.011542701592979,1000,1.0125542442945719,1.0105311588913861,2024-01-01 14:45:00
1.0127788567282086,1000,1.0137916355849366,1.0117660778714803,2024-01-01 14:46:00
1.0126796164516505,1000,1.013692296068102,1.011666936835199,2024-01-01 14:47:00
1.0122326499697603,1000,1.01324488261973,1.0112204173197905,2024-01-01 14:48:00
1.0074668307318746,1000,1.0084742975626064,1.0064593639011428,2024-01-01 14:49:00
1.0084654116994447,1000,1.009473877111144,1.0074569462877452,2024-01-01 14:50:00
1.0071096198985836,1000,1.008116729518482,1.006102510278685,2024-01-01 14:51:00
1.0112982875479632,1000,1.0123095858355111,1.0102869892604154,2024-01-01 14:52:00
1.0106963827714797,1000,1.011707079154251,1.0096856863887083,2024-01-01 14:53:00
1.0122150635380867,1000,1.0132272786016245,1.0112028484745486,2024-01-01 14:54:00
1.012829938039644,1000,1.0138427679776836,1.0118171081016043,2024-01-01 14:55:00
1.012390925194517,1000,1.0134033161197114,1.0113785342693224,2024-01-01 14:56:00
1.0133051017987342,1000,1.0143184069005329,1.0122917966969356,2024-01-01 14:57:00
1.0157303792950791,1000,1.0167461096743742,1.0147146489157841,2024-01-01 14:58:00
1.013597260015803,1000,1.0146108572758186,1.0125836627557872,2024-01-01 14:59:00
1.0126694565433962,1000,1.0136821259999396,1.011656787086853,2024-01-01 15:00:00
1.0130691785676855,1000,1.014082247746253,1.0120561093891178,2024-01-01 15:01:00
1.0135545687237004,1000,1.014568123292424,1.0125410141549767,2024-01-01 15:02:00
1.0159088159220562,1000,1.016924724737978,1.0148929071061341,2024-01-01 15:03:00
1.015731972617049,1000,1.016747704589666,1.014716240644432,2024-01-01 15:04:00
1.015681241098102,1000,1.0166969223392,1.0146655598570038,2024-01-01 15:05:00
1.013774620798784,1000,1.0147883954195829,1.0127608461779853,2024-01-01 15:06:00
1.0110399567440234,1000,1.0120509967007674,1.0100289167872794,2024-01-01 15:07:00
1.0124824562513297,1000,1.013494938707581,1.0114699737950783,2024-01-01 15:08:00
1.0109689276669773,1000,1.0119798965946443,1.0099579587393104,2024-01-01 15:09:00
1.0107059918443921,1000,1.0117166978362364,1.0096952858525476,2024-01-01 15:10:00
1.00710300407889,1000,1.0081101070829688,1.0060959010748112,2024-01-01 15:11:00
1.00873018669324,1000,1.0097389168799333,1.0077214565065469,2024-01-01 15:12:00
1.0046224217422999,1000,1.005627044164042,1.0036177993205575,2024-01-01 15:13:00
1.002735319874887,1000,1.0037380551947617,1.001732584555012,2024-01-01 15:14:00
1.0021636456545884,1000,1.003165809300243,1.0011614820089338,2024-01-01 15:15:00
1.0025677531566985,1000,1.0035703209098552,1.001565185403542,2024-01-01 15:16:00
1.0023438443896366,1000,1.0033461882340262,1.001341500545247,2024-01-01 15:17:00
1.0050140729524752,1000,1.0060190870254275,1.0040090588795227,2024-01-01 15:18:00
1.0069542855562092,1000,1.0079612398417654,1.005947331270653,2024-01-01 15:19:00
1.002119833223018,1000,1.0031219530562407,1.0011177133897948,2024-01-01 15:20:00
1.0003091126775592,1000,1.0013094217902365,0.9993088035648816,2024-01-01 15:21:00
1.0017574754031349,1000,1.002759232878538,1.0007557179277318,2024-01-01 15:22:00
1.0015183372373326,1000,1.0025198555745698,1.0005168189000953,2024-01-01 15:23:00
0.999915923122109,1000,1.000915839045231,0.9989160071989869,2024-01-01 15:24:00
1.0015710625697893,1000,1.002572633632359,1.0005694915072196,2024-01-01 15:25:00
1.0004069754334703,1000,1.0014073824089038,0.9994065684580369,2024-01-01 15:26:00
0.9987796660646052,1000,0.9997784457306698,0.9977808863985406,2024-01-01 15:27:00
0.9949551036281933,1000,0.9959500587318214,0.993960148524565,2024-01-01 15:28:00
0.997409005720226,1000,0.998406414725946,0.9964115967145057,2024-01-01 15:29:00
0.996283430961306,1000,0.9972797143922671,0.9952871475303448,2024-01-01 15:30:00
0.9954173757920524,1000,0.9964127931678443,0.9944219584162604,2024-01-01 15:31:00
0.9947647371084649,1000,0.9957595018455733,0.9937699723713564,2024-01-01 15:32:00
0.9950027757845537,1000,0.9959977785603381,0.9940077730087691,2024-01-01 15:33:00
0.9944559477160807,1000,0.9954504036637967,0.9934614917683646,2024-01-01 15:34:00
0.9927134371801442,1000,0.9937061506173241,0.991720723742964,2024-01-01 15:35:00
0.9921734659893404,1000,0.9931656394553297,0.9911812925233511,2024-01-01 15:36:00
0.9914746362480545,1000,0.9924661108843025,0.9904831616118065,2024-01-01 15:37:00
0.9866673582206913,1000,0.9876540255789119,0.9856806908624706,2024-01-01 15:38:00
0.9875661134135079,1000,0.9885536795269213,0.9865785473000943,2024-01-01 15:39:00
0.9858532251487568,1000,0.9868390783739055,0.9848673719236081,2024-01-01 15:40:00
0.9859197810367737,1000,0.9869057008178104,0.9849338612557369,2024-01-01 15:41:00
0.9854235059890729,1000,0.9864089294950619,0.9844380824830838,2024-01-01 15:42:00
0.9853013677705271,1000,0.9862866691382975,0.9843160664027566,2024-01-01 15:43:00
0.9835858917744527,1000,0.984569477666227,0.9826023058826782,2024-01-01 15:44:00
0.9856929552378235,1000,0.9866786481930613,0.9847072622825856,2024-01-01 15:45:00
0.9885034863419264,1000,0.9894919898282682,0.9875149828555845,2024-01-01 15:46:00
0.9906521453796321,1000,0.9916427975250116,0.9896614932342525,2024-01-01 15:47:00
0.9896055115940319,1000,0.9905951171056258,0.9886159060824379,2024-01-01 15:48:00
0.9870736157674616,1000,0.9880606893832289,0.9860865421516941,2024-01-01 15:49:00
0.9872325222170047,1000,0.9882197547392216,0.9862452896947878,2024-01-01 15:50:00
0.9870548363103331,1000,0.9880418911466433,0.9860677814740227,2024-01-01 15:51:00
0.9869432696542785,1000,0.9879302129239327,0.9859563263846242,2024-01-01 15:52:00
0.9875238565133863,1000,0.9885113803698995,0.9865363326568729,2024-01-01 15:53:00
0.9868321834111766,1000,0.9878190155945877,0.9858453512277654,2024-01-01 15:54:00
0.9842865250018051,1000,0.9852708115268068,0.9833022384768033,2024-01-01 15:55:00
0.9839350029007049,1000,0.9849189379036055,0.9829510678978042,2024-01-01 15:56:00
0.9821378048940225,1000,0.9831199426989163,0.9811556670891285,2024-01-01 15:57:00
0.9822941815248353,1000,0.98327647570636,0.9813118873433104,2024-01-01 15:58:00
0.9821215961552141,1000,0.9831037177513692,0.9811394745590589,2024-01-01 15:59:00
0.9830179647209701,1000,0.984000982685691,0.9820349467562491,2024-01-01 16:00:00
0.9825635011760943,1000,0.9835460646772702,0.9815809376749182,2024-01-01 16:01:00
0.984009368836159,1000,0.984993378204995,0.9830253594673228,2024-01-01 16:02:00
0.9872882352845371,1000,0.9882755235198215,0.9863009470492526,2024-01-01 16:03:00
0.9903575645896294,1000,0.991347922154219,0.9893672070250398,2024-01-01 16:04:00
0.9911926708549482,1000,0.992183863525803,0.9902014781840933,2024-01-01 16:05:00
0.9877137538273998,1000,0.9887014675812271,0.9867260400735723,2024-01-01 16:06:00
0.9856597615611465,1000,0.9866454213227076,0.9846741017995854,2024-01-01 16:07:00
0.9913365378737989,1000,0.9923278744116726,0.9903452013359252,2024-01-01 16:08:00
0.9903704734830222,1000,0.9913608439565051,0.9893801030095392,2024-01-01 16:09:00
0.9926277144553596,1000,0.9936203421698149,0.9916350867409042,2024-01-01 16:10:00
0.9945228850848101,1000,0.9955174079698949,0.9935283621997253,2024-01-01 16:11:00
0.992011487034679,1000,0.9930034985217135,0.9910194755476444,2024-01-01 16:12:00
0.9914006863805632,1000,0.9923920870669437,0.9904092856941826,2024-01-01 16:13:00
0.991783372659646,1000,0.9927751560323055,0.9907915892869864,2024-01-01 16:14:00
0.9915139474385536,1000,0.992505461385992,0.990522433491115,2024-01-01 16:15:00
0.9916763141791893,1000,0.9926679904933684,0.9906846378650102,2024-01-01 16:16:00
0.9884174451642742,1000,0.9894058626094384,0.9874290277191099,2024-01-01 16:17:00
0.9904735379123495,1000,0.9914640114502618,0.9894830643744371,2024-01-01 16:18:00
0.9895190323874515,1000,0.9905085514198388,0.9885295133550641,2024-01-01 16:19:00
0.9907814376441797,1000,0.9917722190818238,0.9897906562065355,2024-01-01 16:20:00
0.9903785161136738,1000,0.9913688946297874,0.9893881375975601,2024-01-01 16:21:00
0.9933903246268625,1000,0.9943837149514893,0.9923969343022356,2024-01-01 16:22:00
0.9924413595859735,1000,0.9934338009455593,0.9914489182263875,2024-01-01 16:23:00
0.991058133087154,1000,0.992049191220241,0.9900670749540668,2024-01-01 16:24:00
0.9887609038597802,1000,0.9897496647636399,0.9877721429559204,2024-01-01 16:25:00
0.9879082693832628,1000,0.9888961776526459,0.9869203611138796,2024-01-01 16:26:00
0.9838683849697605,1000,0.9848522533547301,0.9828845165847907,2024-01-01 16:27:00
0.9833601998446839,1000,0.9843435600445285,0.9823768396448392,2024-01-01 16:28:00
0.981056635791669,1000,0.9820376924274605,0.9800755791558774,2024-01-01 16:29:00
0.97912650196466,1000,0.9801056284666245,0.9781473754626954,2024-01-01 16:30:00
0.9789977149893925,1000,0.9799767127043818,0.978018717274403,2024-01-01 16:31:00
0.9834001290681151,1000,0.9843835291971832,0.982416728939047,2024-01-01 16:32:00
0.9821554813795286,1000,0.9831376368609079,0.9811733258981491,2024-01-01 16:33:00
0.9845669163610453,1000,0.9855514832774063,0.9835823494446843,2024-01-01 16:34:00
0.9836578564861891,1000,0.9846415143426752,0.9826741986297028,2024-01-01 16:35:00
0.985452061401417,1000,0.9864375134628183,0.9844666093400155,2024-01-01 16:36:00
0.9856865232240168,1000,0.9866722097472408,0.9847008367007928,2024-01-01 16:37:00
0.9826780611790963,1000,0.9836607392402753,0.9816953831179172,2024-01-01 16:38:00
0.9833145092920992,1000,0.9842978238013912,0.9823311947828071,2024-01-01 16:39:00
0.9853233001273766,1000,0.9863086234275038,0.9843379768272492,2024-01-01 16:40:00
0.987891493035849,1000,0.9888793845288847,0.9869036015428132,2024-01-01 16:41:00
0.9871602831538319,1000,0.9881474434369856,0.986173122870678,2024-01-01 16:42:00
0.9846807563651304,1000,0.9856654371214955,0.9836960756087653,2024-01-01 16:43:00
0.9869806940262448,1000,0.9879676747202709,0.9859937133322185,2024-01-01 16:44:00
0.986791779933781,1000,0.9877785717137146,0.9858049881538472,2024-01-01 16:45:00
0.9861401198471204,1000,0.9871262599669673,0.9851539797272733,2024-01-01 16:46:00
0.9867348011464263,1000,0.9877215359475726,0.9857480663452799,2024-01-01 16:47:00
0.9859062960825594,1000,0.9868922023786418,0.9849203897864769,2024-01-01 16:48:00
0.9831128783124932,1000,0.9840959911908056,0.9821297654341806,2024-01-01 16:49:00
0.9836430612778136,1000,0.9846267043390914,0.9826594182165358,2024-01-01 16:50:00
0.9858242939177383,1000,0.9868101182116559,0.9848384696238206,2024-01-01 16:51:00
0.986584010051905,1000,0.9875705940619568,0.9855974260418531,2024-01-01 16:52:00
0.9845451930079892,1000,0.985529738200997,0.9835606478149812,2024-01-01 16:53:00
0.9864655401779545,1000,0.9874520057181324,0.9854790746377765,2024-01-01 16:54:00
0.9875328490594609,1000,0.9885203819085203,0.9865453162104014,2024-01-01 16:55:00
0.9886574510884149,1000,0.9896461085395032,0.9876687936373264,2024-01-01 16:56:00
0.9886405782889159,1000,0.9896292188672048,0.987651937710627,2024-01-01 16:57:00
0.9856594962731146,1000,0.9866451557693876,0.9846738367768414,2024-01-01 16:58:00
0.983981143258368,1000,0.9849651244016263,0.9829971621151097,2024-01-01 16:59:00
0.9815980749155664,1000,0.9825796729904819,0.9806164768406508,2024-01-01 17:00:00
0.9809113871925849,1000,0.9818922985797773,0.9799304758053923,2024-01-01 17:01:00
0.9798702253757108,1000,0.9808500956010864,0.9788903551503351,2024-01-01 17:02:00
0.9782218782562706,1000,0.9792001001345267,0.9772436563780144,2024-01-01 17:03:00
0.9788666302641911,1000,0.9798454968944551,0.9778877636339269,2024-01-01 17:04:00
0.974635491455137,1000,0.975610126946592,0.9736608559636818,2024-01-01 17:05:00
0.9715178201862129,1000,0.972489338006399,0.9705463023660267,2024-01-01 17:06:00
0.9692136655370908,1000,0.9701828792026278,0.9682444518715537,2024-01-01 17:07:00
0.9701380999381596,1000,0.9711082380380976,0.9691679618382214,2024-01-01 17:08:00
0.9674299765918506,1000,0.9683974065684423,0.9664625466152588,2024-01-01 17:09:00
0.9672618670046932,1000,0.9682291288716978,0.9662946051376885,2024-01-01 17:10:00
0.968746341178825,1000,0.9697150875200037,0.9677775948376461,2024-01-01 17:11:00
0.9676700181572657,1000,0.9686376881754228,0.9667023481391085,2024-01-01 17:12:00
0.968639477144388,1000,0.9696081166215323,0.9676708376672436,2024-01-01 17:13:00
0.9626812665825685,1000,0.963643947849151,0.9617185853159859,2024-01-01 17:14:00
0.9635221254137545,1000,0.9644856475391681,0.9625586032883408,2024-01-01 17:15:00
0.9602295733234376,1000,0.9611898028967609,0.9592693437501142,2024-01-01 17:16:00
0.9588908090399275,1000,0.9598496998489673,0.9579319182308876,2024-01-01 17:17:00
0.9568848860666633,1000,0.9578417709527299,0.9559280011805966,2024-01-01 17:18:00
0.9557485450097398,1000,0.9567042935547495,0.95479279646473,2024-01-01 17:19:00
0.9549687421392329,1000,0.955923710881372,0.9540137733970937,2024-01-01 17:20:00
0.9520430180101378,1000,0.9529950610281478,0.9510909749921277,2024-01-01 17:21:00
0.9534501715077923,1000,0.9544036216793,0.9524967213362845,2024-01-01 17:22:00
0.9518434785416136,1000,0.952795322020155,0.950891635063072,2024-01-01 17:23:00
0.9539132712873039,1000,0.9548671845585911,0.9529593580160165,2024-01-01 17:24:00
0.9555429513116837,1000,0.9564984942629953,0.9545874083603719,2024-01-01 17:25:00
0.9526007443855866,1000,0.9535533451299721,0.951648143641201,2024-01-01 17:26:00
0.9535838763502222,1000,0.9545374602265724,0.952630292473872,2024-01-01 17:27:00
0.9519163339264688,1000,0.9528682502603951,0.9509644175925424,2024-01-01 17:28:00
0.9514512680625183,1000,0.9524027193305807,0.9504998167944558,2024-01-01 17:29:00
0.9502259366456236,1000,0.9511761625822691,0.949275710708978,2024-01-01 17:30:00
0.9490832271026423,1000,0.9500323103297448,0.9481341438755396,2024-01-01 17:31:00
0.9487786795766118,1000,0.9497274582561883,0.9478299008970351,2024-01-01 17:32:00
0.9471821879091301,1000,0.9481293700970391,0.946235005721221,2024-01-01 17:33:00
0.9464469535761033,1000,0.9473934005296794,0.9455005066225272,2024-01-01 17:34:00
0.9440286626885571,1000,0.9449726913512456,0.9430846340258685,2024-01-01 17:35:00
0.9454902384789574,1000,0.9464357287174363,0.9445447482404784,2024-01-01 17:36:00
0.943581669375714,1000,0.9445252510450896,0.9426380877063383,2024-01-01 17:37:00
0.9436416830064345,1000,0.9445853246894408,0.942698041323428,2024-01-01 17:38:00
0.9449486145741706,1000,0.9458935631887446,0.9440036659595964,2024-01-01 17:39:00
0.9438050908738747,1000,0.9447488959647484,0.9428612857830008,2024-01-01 17:40:00
0.9440348868243422,1000,0.9449789217111665,0.9430908519375178,2024-01-01 17:41:00
0.9417732666728277,1000,0.9427150399395005,0.9408314934061549,2024-01-01 17:42:00
0.9409103996860572,1000,0.9418513100857431,0.9399694892863711,2024-01-01 17:43:00
0.9382149389903102,1000,0.9391531539293003,0.9372767240513199,2024-01-01 17:44:00
0.9375050614672347,1000,0.9384425665287018,0.9365675564057674,2024-01-01 17:45:00
0.9390245840322777,1000,0.9399636086163099,0.9380855594482455,2024-01-01 17:46:00
0.9406932421635542,1000,0.9416339354057177,0.9397525489213907,2024-01-01 17:47:00
0.9413943336254198,1000,0.9423357279590451,0.9404529392917944,2024-01-01 17:48:00
0.9410003378258974,1000,0.9419413381637233,0.9400593374880716,2024-01-01 17:49:00
0.940842120333382,1000,0.9417829624537153,0.9399012782130486,2024-01-01 17:50:00
0.9409570538638627,1000,0.9418980109177265,0.9400160968099989,2024-01-01 17:51:00
0.9472047962821667,1000,0.9481520010784488,0.9462575914858845,2024-01-01 17:52:00
0.9461635755698523,1000,0.9471097391454221,0.9452174119942824,2024-01-01 17:53:00
0.9498989560644212,1000,0.9508488550204856,0.9489490571083568,2024-01-01 17:54:00
0.9509769534139344,1000,0.9519279303673482,0.9500259764605204,2024-01-01 17:55:00
0.9509901709696861,1000,0.9519411611406556,0.9500391807987164,2024-01-01 17:56:00
0.9479814542823272,1000,0.9489294357366094,0.9470334728280448,2024-01-01 17:57:00
0.9479563497618285,1000,0.9489043061115903,0.9470083934120667,2024-01-01 17:58:00
0.9486258599753482,1000,0.9495744858353234,0.9476772341153729,2024-01-01 17:59:00
0.9494741751761533,1000,0.9504236493513294,0.9485247010009772,2024-01-01 18:00:00
0.9519762386171077,1000,0.9529282148557247,0.9510242623784906,2024-01-01 18:01:00
0.9510320614522889,1000,0.9519830935137411,0.9500810293908366,2024-01-01 18:02:00
0.9518919113303406,1000,0.9528438032416708,0.9509400194190102,2024-01-01 18:03:00
0.9545578859016505,1000,0.9555124437875521,0.9536033280157489,2024-01-01 18:04:00
0.9541446796215619,1000,0.9550988243011833,0.9531905349419404,2024-01-01 18:05:00
0.9535320929658727,1000,0.9544856250588385,0.9525785608729068,2024-01-01 18:06:00
0.9550587102898558,1000,0.9560137690001456,0.9541036515795659,2024-01-01 18:07:00
0.9492236086538437,1000,0.9501728322624975,0.9482743850451899,2024-01-01 18:08:00
0.9466860015182618,1000,0.9476326875197799,0.9457393155167435,2024-01-01 18:09:00
0.9461608152496366,1000,0.9471069760648861,0.9452146544343869,2024-01-01 18:10:00
0.9428226355237034,1000,0.943765458159227,0.9418798128881797,2024-01-01 18:11:00
0.9399846497240275,1000,0.9409246343737514,0.9390446650743035,2024-01-01 18:12:00
0.9367818733004821,1000,0.9377186551737825,0.9358450914271816,2024-01-01 18:13:00
0.9367124338302809,1000,0.9376491462641111,0.9357757213964506,2024-01-01 18:14:00
0.9362736720457213,1000,0.937209945717767,0.9353373983736756,2024-01-01 18:15:00
0.9355070506764062,1000,0.9364425577270825,0.9345715436257298,2024-01-01 18:16:00
0.9356518944857982,1000,0.936587546380284,0.9347162425913125,2024-01-01 18:17:00
0.9360113408747435,1000,0.9369473522156181,0.9350753295338687,2024-01-01 18:18:00
0.9344620907346101,1000,0.9353965528253446,0.9335276286438755,2024-01-01 18:19:00
0.9342349883754009,1000,0.9351692233637762,0.9333007533870255,2024-01-01 18:20:00
0.9317944081616085,1000,0.93272620256977,0.9308626137534469,2024-01-01 18:21:00
0.9327138305572016,1000,0.9336465443877587,0.9317811167266444,2024-01-01 18:22:00
0.9331801350081373,1000,0.9341133151431453,0.9322469548731293,2024-01-01 18:23:00
0.9326810380105902,1000,0.9336137190486007,0.9317483569725796,2024-01-01 18:24:00
0.9342598829215579,1000,0.9351941428044794,0.9333256230386364,2024-01-01 18:25:00
0.9331058021558827,1000,0.9340389079580385,0.9321726963537268,2024-01-01 18:26:00
0.9329653095975304,1000,0.9338982749071278,0.9320323442879329,2024-01-01 18:27:00
0.9350091892518166,1000,0.9359441984410684,0.9340741800625648,2024-01-01 18:28:00
0.9363602606699908,1000,0.9372966209306607,0.9354239004093208,2024-01-01 18:29:00
0.9359294018427271,1000,0.9368653312445697,0.9349934724408844,2024-01-01 18:30:00
0.9360381421235479,1000,0.9369741802656713,0.9351021039814243,2024-01-01 18:31:00
0.9330542405021498,1000,0.9339872947426519,0.9321211862616476,2024-01-01 18:32:00
0.9308560145075456,1000,0.9317868705220531,0.929925158493038,2024-01-01 18:33:00
0.9314743205557862,1000,0.9324057948763419,0.9305428462352304,2024-01-01 18:34:00
0.9297550083550464,1000,0.9306847633634013,0.9288252533466914,2024-01-01 18:35:00
0.9303485268033935,1000,0.9312788753301968,0.9294181782765901,2024-01-01 18:36:00
0.9264620899712843,1000,0.9273885520612555,0.925535627881313,2024-01-01 18:37:00
0.9270121838628678,1000,0.9279391960467306,0.926085171679005,2024-01-01 18:38:00
0.9264246173904149,1000,0.9273510420078053,0.9254981927730245,2024-01-01 18:39:00
0.9248184040627158,1000,0.9257432224667784,0.9238935856586531,2024-01-01 18:40:00
0.9250713606890172,1000,0.925996432049706,0.9241462893283282,2024-01-01 18:41:00
0.9250273455781304,1000,0.9259523729237084,0.9241023182325523,2024-01-01 18:42:00
0.9259856921345854,1000,0.9269116778267199,0.9250597064424508,2024-01-01 18:43:00
0.9255813577822665,1000,0.9265069391400487,0.9246557764244842,2024-01-01 18:44:00
0.9215111825485067,1000,0.9224326937310551,0.9205896713659583,2024-01-01 18:45:00
0.9214589068177178,1000,0.9223803657245354,0.9205374479109001,2024-01-01 18:46:00
0.9208202922243173,1000,0.9217411125165414,0.919899471932093,2024-01-01 18:47:00
0.9207864067336395,1000,0.9217071931403731,0.9198656203269059,2024-01-01 18:48:00
0.9248474390857557,1000,0.9257722865248413,0.92392259164667,2024-01-01 18:49:00
0.9263795827134944,1000,0.9273059622962078,0.9254532031307809,2024-01-01 18:50:00
0.9235153427808311,1000,0.9244388581236118,0.9225918274380503,2024-01-01 18:51:00
0.9246786925713982,1000,0.9256033712639695,0.9237540138788268,2024-01-01 18:52:00
0.9213024578509318,1000,0.9222237603087826,0.9203811553930809,2024-01-01 18:53:00
0.9222947869751812,1000,0.9232170817621562,0.921372492188206,2024-01-01 18:54:00
0.9202150997835875,1000,0.921135314883371,0.9192948846838039,2024-01-01 18:55:00
0.918530190722824,1000,0.9194487209135468,0.9176116605321012,2024-01-01 18:56:00
0.9181855895320169,1000,0.9191037751215488,0.9172674039424848,2024-01-01 18:57:00
0.9190702541484587,1000,0.9199893244026071,0.9181511838943102,2024-01-01 18:58:00
0.9158617757596246,1000,0.9167776375353841,0.9149459139838649,2024-01-01 18:59:00
0.9161090670879364,1000,0.9170251761550242,0.9151929580208484,2024-01-01 19:00:00
0.9163985529400417,1000,0.9173149514929816,0.9154821543871017,2024-01-01 19:01:00
0.916960461633317,1000,0.9178774220949503,0.9160435011716836,2024-01-01 19:02:00
0.9155337245510011,1000,0.916449258275552,0.9146181908264501,2024-01-01 19:03:00
0.9144432185428858,1000,0.9153576617614286,0.913528775324343,2024-01-01 19:04:00
0.9150837050468084,1000,0.915998788751855,0.9141686213417616,2024-01-01 19:05:00
0.9156132783226038,1000,0.9165288916009262,0.9146976650442812,2024-01-01 19:06:00
0.9146783595491952,1000,0.9155930379087442,0.913763681189646,2024-01-01 19:07:00
0.9120994838574488,1000,0.9130115833413062,0.9111873843735914,2024-01-01 19:08:00
0.9110555380993282,1000,0.9119665936374274,0.9101444825612288,2024-01-01 19:09:00
0.9112914381277213,1000,0.9122027295658489,0.9103801466895936,2024-01-01 19:10:00
0.9145171027186942,1000,0.9154316198214129,0.9136025856159755,2024-01-01 19:11:00
0.9154351996827401,1000,0.9163506348824227,0.9145197644830574,2024-01-01 19:12:00
0.914547011630022,1000,0.915461558641652,0.913632464618392,2024-01-01 19:13:00
0.9105956969543283,1000,0.9115062926512825,0.909685101257374,2024-01-01 19:14:00
0.9102637079021632,1000,0.9111739716100652,0.909353444194261,2024-01-01 19:15:00
0.912607204684169,1000,0.9135198118888531,0.9116945974794848,2024-01-01 19:16:00
0.9122212627044011,1000,0.9131334839671054,0.9113090414416967,2024-01-01 19:17:00
0.9119229741965204,1000,0.9128348971707168,0.9110110512223238,2024-01-01 19:18:00
0.9114439979924909,1000,0.9123554419904832,0.9105325539944984,2024-01-01 19:19:00
0.9067673722487336,1000,0.9076741396209822,0.9058606048764849,2024-01-01 19:20:00
0.9074613307618533,1000,0.9083687920926151,0.9065538694310915,2024-01-01 19:21:00
0.9093414844843275,1000,0.9102508259688117,0.9084321429998432,2024-01-01 19:22:00
0.9069626098140242,1000,0.9078695724238381,0.9060556472042102,2024-01-01 19:23:00
0.905357029369354,1000,0.9062623863987233,0.9044516723399847,2024-01-01 19:24:00
0.9079153508399583,1000,0.9088232661907982,0.9070074354891183,2024-01-01 19:25:00
0.9077640220913078,1000,0.908671786113399,0.9068562580692164,2024-01-01 19:26:00
0.9070192433832102,1000,0.9079262626265933,0.906112224139827,2024-01-01 19:27:00
0.9093365251881481,1000,0.9102458617133362,0.90842718866296,2024-01-01 19:28:00
0.9081007774070873,1000,0.9090088781844943,0.9071926766296802,2024-01-01 19:29:00
0.9083362115349894,1000,0.9092445477465243,0.9074278753234545,2024-01-01 19:30:00
0.9077374570261358,1000,0.9086451944831618,0.9068297195691097,2024-01-01 19:31:00
0.9104875876594258,1000,0.9113980752470852,0.9095771000717664,2024-01-01 19:32:00
0.9102304330081794,1000,0.9111406634411875,0.9093202025751712,2024-01-01 19:33:00
0.9092412660413132,1000,0.9101505073073544,0.9083320247752719,2024-01-01 19:34:00
0.9087896284435463,1000,0.9096984180719897,0.9078808388151027,2024-01-01 19:35:00
0.909403644208202,1000,0.9103130478524101,0.9084942405639937,2024-01-01 19:36:00
0.908710509009835,1000,0.9096192195188447,0.9078017985008251,2024-01-01 19:37:00
0.9079458656479974,1000,0.9088538115136453,0.9070379197823494,2024-01-01 19:38:00
0.90660607066638,1000,0.9075126767370463,0.9056994645957136,2024-01-01 19:39:00
0.9087097709522327,1000,0.9096184807231849,0.9078010611812805,2024-01-01 19:40:00
0.9061010746726448,1000,0.9070071757473174,0.9051949735979722,2024-01-01 19:41:00
0.9037137523668218,1000,0.9046174661191886,0.902810038614455,2024-01-01 19:42:00
0.9029699374115356,1000,0.9038729073489471,0.9020669674741241,2024-01-01 19:43:00
0.9052542137267637,1000,0.9061594679404904,0.904348959513037,2024-01-01 19:44:00
0.9047018300144613,1000,0.9056065318444756,0.9037971281844468,2024-01-01 19:45:00
0.9032071135697708,1000,0.9041103206833405,0.9023039064562011,2024-01-01 19:46:00
0.9046706520443732,1000,0.9055753226964175,0.9037659813923289,2024-01-01 19:47:00
0.9054927013874262,1000,0.9063981940888135,0.9045872086860388,2024-01-01 19:48:00
0.9101307870736578,1000,0.9110409178607314,0.9092206562865841,2024-01-01 19:49:00
0.9085352079179827,1000,0.9094437431259006,0.9076266727100647,2024-01-01 19:50:00
0.9089947385634367,1000,0.909903733302,0.9080857438248733,2024-01-01 19:51:00
0.9088528244378308,1000,0.9097616772622685,0.9079439716133929,2024-01-01 19:52:00
0.9066757319934029,1000,0.9075824077253962,0.9057690562614095,2024-01-01 19:53:00
0.9052968995289294,1000,0.9062021964284582,0.9043916026294005,2024-01-01 19:54:00
0.9042906073972307,1000,0.9051948980046278,0.9033863167898334,2024-01-01 19:55:00
0.9062835911969085,1000,0.9071898747881053,0.9053773076057116,2024-01-01 19:56:00
0.9031245953752843,1000,0.9040277199706596,0.902221470779909,2024-01-01 19:57:00
0.9034616368708782,1000,0.904365098507749,0.9025581752340074,2024-01-01 19:58:00
0.9028071276147202,1000,0.9037099347423347,0.9019043204871054,2024-01-01 19:59:00
0.9003843236847551,1000,0.9012847080084397,0.8994839393610703,2024-01-01 20:00:00
0.9001137341594652,1000,0.9010138478936245,0.8992136204253057,2024-01-01 20:01:00
0.898292990044125,1000,0.8991912830341691,0.8973946970540808,2024-01-01 20:02:00
0.8964556290318187,1000,0.8973520846608505,0.8955591734027869,2024-01-01 20:03:00
0.8952107059734576,1000,0.896105916679431,0.8943154952674842,2024-01-01 20:04:00
0.8926685224110273,1000,0.8935611909334382,0.8917758538886164,2024-01-01 20:05:00
0.8905486571095387,1000,0.8914392057666481,0.8896581084524291,2024-01-01 20:06:00
0.888996338277102,1000,0.889885334615379,0.8881073419388249,2024-01-01 20:07:00
0.8913169856272795,1000,0.8922083026129066,0.8904256686416522,2024-01-01 20:08:00
0.8921880227050054,1000,0.8930802107277103,0.8912958346823004,2024-01-01 20:09:00
0.8927066998506065,1000,0.893599406550457,0.8918139931507558,2024-01-01 20:10:00
0.8926586916904539,1000,0.8935513503821442,0.8917660329987634,2024-01-01 20:11:00
0.8897059933678642,1000,0.890595699361232,0.8888162873744962,2024-01-01 20:12:00
0.8911338164720336,1000,0.8920249502885056,0.8902426826555616,2024-01-01 20:13:00
0.8916764021554952,1000,0.8925680785576505,0.8907847257533397,2024-01-01 20:14:00
0.8907904797697466,1000,0.8916812702495163,0.8898996892899769,2024-01-01 20:15:00
0.8858821775851535,1000,0.8867680597627385,0.8849962954075684,2024-01-01 20:16:00
0.8856080645080878,1000,0.8864936725725958,0.8847224564435797,2024-01-01 20:17:00
0.8860865358700627,1000,0.8869726224059327,0.8852004493341926,2024-01-01 20:18:00
0.8869898176099317,1000,0.8878768074275415,0.8861028277923217,2024-01-01 20:19:00
0.8862909474711459,1000,0.887177238418617,0.8854046565236747,2024-01-01 20:20:00
0.8848333740822969,1000,0.8857182074563791,0.8839485407082146,2024-01-01 20:21:00
0.8876501162000295,1000,0.8885377663162295,0.8867624660838295,2024-01-01 20:22:00
0.8864639066797122,1000,0.8873503705863918,0.8855774427730325,2024-01-01 20:23:00
0.8866541486408406,1000,0.8875408027894813,0.8857674944921997,2024-01-01 20:24:00
0.886365894489384,1000,0.8872522603838733,0.8854795285948945,2024-01-01 20:25:00
0.8890788958694061,1000,0.8899679747652754,0.8881898169735367,2024-01-01 20:26:00
0.888788661624157,1000,0.889677450285781,0.8878998729625329,2024-01-01 20:27:00
0.8858865041746594,1000,0.886772390678834,0.8850006176704848,2024-01-01 20:28:00
0.8821251646233579,1000,0.8830072897879812,0.8812430394587345,2024-01-01 20:29:00
0.8794445094965718,1000,0.8803239540060683,0.8785650649870752,2024-01-01 20:30:00
0.880306563558005,1000,0.8811868701215628,0.879426256994447,2024-01-01 20:31:00
0.8820033669250411,1000,0.882885370291966,0.8811213635581161,2024-01-01 20:32:00
0.8828983159658479,1000,0.8837812142818137,0.882015417649882,2024-01-01 20:33:00
0.8812654573747162,1000,0.8821467228320908,0.8803841919173414,2024-01-01 20:34:00
0.8825796067463361,1000,0.8834621863530823,0.8816970271395898,2024-01-01 20:35:00
0.881867570438374,1000,0.8827494380088123,0.8809857028679356,2024-01-01 20:36:00
0.879197360329989,1000,0.8800765576903189,0.8783181629696589,2024-01-01 20:37:00
0.8768786404275651,1000,0.8777555190679927,0.8760017617871376,2024-01-01 20:38:00
0.8790034623610746,1000,0.8798824658234357,0.8781244588987136,2024-01-01 20:39:00
0.8821179944722154,1000,0.8830001124666875,0.8812358764777432,2024-01-01 20:40:00
0.8809435155385245,1000,0.8818244590540629,0.8800625720229859,2024-01-01 20:41:00
0.878670561516591,1000,0.8795492320781074,0.8777918909550744,2024-01-01 20:42:00
0.8779836929676251,1000,0.8788616766605927,0.8771057092746575,2024-01-01 20:43:00
0.8786463804339862,1000,0.8795250268144201,0.8777677340535522,2024-01-01 20:44:00
0.8815669689834126,1000,0.8824485359523959,0.8806854020144291,2024-01-01 20:45:00
0.8826681137954691,1000,0.8835507819092644,0.8817854456816736,2024-01-01 20:46:00
0.8845731374679288,1000,0.8854577106053966,0.8836885643304608,2024-01-01 20:47:00
0.8815287421156393,1000,0.8824102708577548,0.8806472133735236,2024-01-01 20:48:00
0.8802336283046442,1000,0.8811138619329488,0.8793533946763396,2024-01-01 20:49:00
0.8809305291637699,1000,0.8818114596929336,0.8800495986346061,2024-01-01 20:50:00
0.8779646272860406,1000,0.8788425919133266,0.8770866626587546,2024-01-01 20:51:00
0.8802626925870037,1000,0.8811429552795906,0.8793824298944167,2024-01-01 20:52:00
0.879103056374472,1000,0.8799821594308463,0.8782239533180974,2024-01-01 20:53:00
0.8772531570747266,1000,0.8781304102318013,0.8763759039176519,2024-01-01 20:54:00
0.874042135056502,1000,0.8749161771915583,0.8731680929214455,2024-01-01 20:55:00
0.8726225705539478,1000,0.8734951931245016,0.8717499479833938,2024-01-01 20:56:00
0.8713897125045275,1000,0.8722611022170319,0.8705183227920229,2024-01-01 20:57:00
0.8701575224548082,1000,0.8710276799772628,0.8692873649323534,2024-01-01 20:58:00
0.8710853408180526,1000,0.8719564261588705,0.8702142554772345,2024-01-01 20:59:00
0.8685181858614154,1000,0.8693867040472767,0.867649667675554,2024-01-01 21:00:00
0.8670445057999133,1000,0.8679115503057131,0.8661774612941134,2024-01-01 21:01:00
0.8671446103440529,1000,0.8680117549543969,0.8662774657337088,2024-01-01 21:02:00
0.867374742630976,1000,0.8682421173736069,0.866507367888345,2024-01-01 21:03:00
0.8682979512339323,1000,0.8691662491851662,0.8674296532826984,2024-01-01 21:04:00
0.8684316973751499,1000,0.869300129072525,0.8675632656777748,2024-01-01 21:05:00
0.8710338998948113,1000,0.871904933794706,0.8701628659949164,2024-01-01 21:06:00
0.8737355990038915,1000,0.8746093346028954,0.8728618634048876,2024-01-01 21:07:00
0.8747172418748878,1000,0.8755919591167626,0.8738425246330128,2024-01-01 21:08:00
0.8742562156180924,1000,0.8751304718337104,0.8733819594024743,2024-01-01 21:09:00
0.8763014245195675,1000,0.8771777259440869,0.8754251230950479,2024-01-01 21:10:00
0.8766610745747597,1000,0.8775377356493343,0.875784413500185,2024-01-01 21:11:00
0.8757487772177642,1000,0.8766245259949819,0.8748730284405465,2024-01-01 21:12:00
0.8788251676018694,1000,0.8797039927694711,0.8779463424342675,2024-01-01 21:13:00
0.8769156989270479,1000,0.8777926146259749,0.8760387832281209,2024-01-01 21:14:00
0.8770921713047808,1000,0.8779692634760855,0.876215079133476,2024-01-01 21:15:00
0.8758524872393472,1000,0.8767283397265864,0.8749766347521079,2024-01-01 21:16:00
0.8766421842394432,1000,0.8775188264236825,0.8757655420552037,2024-01-01 21:17:00
0.8775215375740796,1000,0.8783990591116536,0.8766440160365055,2024-01-01 21:18:00
0.8778284728959402,1000,0.8787063013688361,0.8769506444230443,2024-01-01 21:19:00
0.877369698541711,1000,0.8782470682402526,0.8764923288431693,2024-01-01 21:20:00
0.8812195229621095,1000,0.8821007424850715,0.8803383034391473,2024-01-01 21:21:00
0.879686508941808,1000,0.8805661954507497,0.8788068224328662,2024-01-01 21:22:00
0.8836160858524006,1000,0.8844997019382529,0.8827324697665482,2024-01-01 21:23:00
0.8814571876944796,1000,0.882338644882174,0.8805757305067851,2024-01-01 21:24:00
0.8849055823736443,1000,0.8857904879560178,0.8840206767912706,2024-01-01 21:25:00
0.8864665076917994,1000,0.8873529741994911,0.8855800411841076,2024-01-01 21:26:00
0.8858583214627171,1000,0.8867441797841797,0.8849724631412544,2024-01-01 21:27:00
0.885922482968773,1000,0.8868084054517417,0.8850365604858041,2024-01-01 21:28:00
0.8851819501976657,1000,0.8860671321478633,0.884296768247468,2024-01-01 21:29:00
0.8851545623529391,1000,0.8860397169152919,0.8842694077905862,2024-01-01 21:30:00
0.8842644619440824,1000,0.8851487264060264,0.8833801974821383,2024-01-01 21:31:00
0.8830943922925931,1000,0.8839774866848856,0.8822112979003005,2024-01-01 21:32:00
0.8839144390644456,1000,0.8847983535035099,0.8830305246253811,2024-01-01 21:33:00
0.8877577705404885,1000,0.8886455283110289,0.886870012769948,2024-01-01 21:34:00
0.887231061115978,1000,0.8881182921770939,0.8863438300548621,2024-01-01 21:35:00
0.8885119836172429,1000,0.8894004956008601,0.8876234716336256,2024-01-01 21:36:00
0.885965404469546,1000,0.8868513698740155,0.8850794390650765,2024-01-01 21:37:00
0.8869796321738034,1000,0.887866611805977,0.8860926525416296,2024-01-01 21:38:00
0.8892383782248808,1000,0.8901276166031056,0.888349139846656,2024-01-01 21:39:00
0.8897829245258128,1000,0.8906727074503384,0.888893141601287,2024-01-01 21:40:00
0.8920742090245813,1000,0.8929662832336058,0.8911821348155567,2024-01-01 21:41:00
0.8928706730199315,1000,0.8937635436929513,0.8919778023469116,2024-01-01 21:42:00
0.8920204190449071,1000,0.8929124394639519,0.8911283986258622,2024-01-01 21:43:00
0.8920978797560154,1000,0.8929899776357714,0.8912057818762594,2024-01-01 21:44:00
0.8937891292928307,1000,0.8946829184221234,0.8928953401635379,2024-01-01 21:45:00
0.8925783957193654,1000,0.8934709741150846,0.891685817323646,2024-01-01 21:46:00
0.8938545468134249,1000,0.8947484013602383,0.8929606922666115,2024-01-01 21:47:00
0.8962511715243988,1000,0.8971474226959231,0.8953549203528745,2024-01-01 21:48:00
0.8980965062116899,1000,0.8989946027179015,0.8971984097054783,2024-01-01 21:49:00
0.8967640991861824,1000,0.8976608632853684,0.8958673350869962,2024-01-01 21:50:00
0.8942872140473043,1000,0.8951815012613514,0.893392926833257,2024-01-01 21:51:00
0.8974901402584562,1000,0.8983876303987145,0.8965926501181978,2024-01-01 21:52:00
0.8997230456976194,1000,0.9006227687433169,0.8988233226519218,2024-01-01 21:53:00
0.897314490309675,1000,0.8982118047999846,0.8964171758193653,2024-01-01 21:54:00
0.8939008672562738,1000,0.89479476812353,0.8930069663890176,2024-01-01 21:55:00
0.8974873751500057,1000,0.8983848625251556,0.8965898877748556,2024-01-01 21:56:00
0.8986162485286465,1000,0.899514864777175,0.8977176322801179,2024-01-01 21:57:00
0.8995200783938921,1000,0.9004195984722859,0.8986205583154983,2024-01-01 21:58:00
0.9034906017569222,1000,0.9043940923586791,0.9025871111551653,2024-01-01 21:59:00
0.9021995026201777,1000,0.9031017021227977,0.9012973031175575,2024-01-01 22:00:00
0.900992064460735,1000,0.9018930565251956,0.9000910723962743,2024-01-01 22:01:00
0.9008168143500275,1000,0.9017176311643774,0.8999159975356774,2024-01-01 22:02:00
0.9020915411488504,1000,0.9029936326899991,0.9011894496077015,2024-01-01 22:03:00
0.8995517588171278,1000,0.9004513105759449,0.8986522070583106,2024-01-01 22:04:00
0.8966323509873536,1000,0.8975289833383409,0.8957357186363663,2024-01-01 22:05:00
0.8975589269685986,1000,0.8984564858955671,0.89666136804163,2024-01-01 22:06:00
0.8960055157442692,1000,0.8969015212600134,0.8951095102285249,2024-01-01 22:07:00
0.8983512469023419,1000,0.8992495981492442,0.8974528956554396,2024-01-01 22:08:00
0.9026382974349378,1000,0.9035409357323727,0.9017356591375029,2024-01-01 22:09:00
0.9025390810517573,1000,0.9034416201328089,0.9016365419707055,2024-01-01 22:10:00
0.9047757577091116,1000,0.9056805334668205,0.9038709819514025,2024-01-01 22:11:00
0.9064963522616365,1000,0.9074028486138981,0.9055898559093749,2024-01-01 22:12:00
0.9068983643571463,1000,0.9078052627215034,0.9059914659927891,2024-01-01 22:13:00
0.906312770920567,1000,0.9072190836914874,0.9054064581496464,2024-01-01 22:14:00
0.9074020315447003,1000,0.9083094335762449,0.9064946295131556,2024-01-01 22:15:00
0.9097410290289826,1000,0.9106507700580114,0.9088312879999536,2024-01-01 22:16:00
0.909818703477088,1000,0.910728522180565,0.908908884773611,2024-01-01 22:17:00
0.9074057832936893,1000,0.9083131890769829,0.9064983775103955,2024-01-01 22:18:00
0.9092342409430971,1000,0.9101434751840402,0.908325006702154,2024-01-01 22:19:00
0.9112254804640316,1000,0.9121367059444956,0.9103142549835676,2024-01-01 22:20:00
0.9118298981607624,1000,0.9127417280589231,0.9109180682626017,2024-01-01 22:21:00
0.9156869772335517,1000,0.9166026642107852,0.9147712902563182,2024-01-01 22:22:00
0.9165292716935026,1000,0.917445800965196,0.9156127424218091,2024-01-01 22:23:00
0.9127183896502652,1000,0.9136311080399153,0.911805671260615,2024-01-01 22:24:00
0.9134189692962017,1000,0.9143323882654978,0.9125055503269055,2024-01-01 22:25:00
0.9118979540840748,1000,0.9128098520381588,0.9109860561299907,2024-01-01 22:26:00
0.9112603779716422,1000,0.9121716383496137,0.9103491175936705,2024-01-01 22:27:00
0.9120438624209408,1000,0.9129559062833617,0.9111318185585199,2024-01-01 22:28:00
0.9109407509053976,1000,0.9118516916563029,0.9100298101544922,2024-01-01 22:29:00
0.9116355420209721,1000,0.912547177562993,0.9107239064789511,2024-01-01 22:30:00
0.9087843564631196,1000,0.9096931408195826,0.9078755721066565,2024-01-01 22:31:00
0.9091179137967048,1000,0.9100270317105014,0.9082087958829081,2024-01-01 22:32:00
0.9075890636072768,1000,0.908496652670884,0.9066814745436694,2024-01-01 22:33:00
0.909233970597397,1000,0.9101432045679942,0.9083247366267996,2024-01-01 22:34:00
0.9085640400573659,1000,0.9094726040974231,0.9076554760173086,2024-01-01 22:35:00
0.9116202611210069,1000,0.9125318813821278,0.9107086408598859,2024-01-01 22:36:00
0.9112693788504667,1000,0.912180648229317,0.9103581094716162,2024-01-01 22:37:00
0.9100165957754198,1000,0.9109266123711951,0.9091065791796444,2024-01-01 22:38:00
0.9107569899463619,1000,0.9116677469363081,0.9098462329564155,2024-01-01 22:39:00
0.909387793490177,1000,0.910297181283667,0.9084784056966868,2024-01-01 22:40:00
0.9096977719084975,1000,0.910607469680406,0.908788074136589,2024-01-01 22:41:00
0.9083163229934353,1000,0.9092246393164287,0.9074080066704419,2024-01-01 22:42:00
0.9089881246957392,1000,0.9098971128204348,0.9080791365710434,2024-01-01 22:43:00
0.9095557887778025,1000,0.9104653445665802,0.9086462329890247,2024-01-01 22:44:00
0.9109889603043323,1000,0.9118999492646366,0.910077971344028,2024-01-01 22:45:00
0.9093330384494506,1000,0.9102423714878999,0.9084237054110011,2024-01-01 22:46:00
0.9104117669865983,1000,0.9113221787535848,0.9095013552196117,2024-01-01 22:47:00
0.9105011873588148,1000,0.9114116885461735,0.909590686171456,2024-01-01 22:48:00
0.9137177011677693,1000,0.914631418868937,0.9128039834666015,2024-01-01 22:49:00
0.9114429847810417,1000,0.9123544277658227,0.9105315417962606,2024-01-01 22:50:00
0.9151645047566371,1000,0.9160796692613936,0.9142493402518805,2024-01-01 22:51:00
0.9155084194599272,1000,0.9164239278793871,0.9145929110404672,2024-01-01 22:52:00
0.9149622854636678,1000,0.9158772477491314,0.9140473231782041,2024-01-01 22:53:00
0.9181824983215874,1000,0.9191006808199089,0.9172643158232658,2024-01-01 22:54:00
0.9191492546770509,1000,0.9200684039317278,0.9182301054223738,2024-01-01 22:55:00
0.9207234545845133,1000,0.9216441780390977,0.9198027311299288,2024-01-01 22:56:00
0.9213928366376,1000,0.9223142294742375,0.9204714438009624,2024-01-01 22:57:00
0.9253839378337975,1000,0.9263093217716312,0.9244585538959637,2024-01-01 22:58:00
0.9238883595543967,1000,0.924812247913951,0.9229644711948424,2024-01-01 22:59:00
0.920963332623289,1000,0.9218842959559121,0.9200423692906657,2024-01-01 23:00:00
0.9212519197291383,1000,0.9221731716488674,0.9203306678094092,2024-01-01 23:01:00
0.9210706585356149,1000,0.9219917291941504,0.9201495878770792,2024-01-01 23:02:00
0.9203423861243379,1000,0.9212627285104622,0.9194220437382136,2024-01-01 23:03:00
0.9222228735989596,1000,0.9231450964725585,0.9213006507253606,2024-01-01 23:04:00
0.9206336375115709,1000,0.9215542711490824,0.9197130038740593,2024-01-01 23:05:00
0.9185568187964969,1000,0.9194753756152932,0.9176382619777004,2024-01-01 23:06:00
0.9221377656174654,1000,0.9230599033830827,0.921215627851848,2024-01-01 23:07:00
0.9207036812940927,1000,0.9216243849753868,0.9197829776127987,2024-01-01 23:08:00
0.9211676533936726,1000,0.9220888210470661,0.9202464857402789,2024-01-01 23:09:00
0.9223701212317075,1000,0.9232924913529391,0.9214477511104757,2024-01-01 23:10:00
0.922213477408604,1000,0.9231356908860125,0.9212912639311954,2024-01-01 23:11:00
0.9237301780770233,1000,0.9246539082551002,0.9228064478989463,2024-01-01 23:12:00
0.9246626992959963,1000,0.9255873619952922,0.9237380365967003,2024-01-01 23:13:00
0.9253886549344568,1000,0.9263140435893911,0.9244632662795224,2024-01-01 23:14:00
0.9246402046048942,1000,0.925564844809499,0.9237155644002892,2024-01-01 23:15:00
0.9239368377471432,1000,0.9248607745848902,0.923012900909396,2024-01-01 23:16:00
0.9240942404510714,1000,0.9250183346915223,0.9231701462106203,2024-01-01 23:17:00
0.9245337718050652,1000,0.9254583055768703,0.9236092380332602,2024-01-01 23:18:00
0.924770479952645,1000,0.9256952504325976,0.9238457094726924,2024-01-01 23:19:00
0.9230301854766816,1000,0.9239532156621582,0.9221071552912049,2024-01-01 23:20:00
0.9239627101893668,1000,0.9248866728995561,0.9230387474791775,2024-01-01 23:21:00
0.923781154310567,1000,0.9247049354648774,0.9228573731562564,2024-01-01 23:22:00
0.9240882625428524,1000,0.9250123508053951,0.9231641742803095,2024-01-01 23:23:00
0.9245338815438815,1000,0.9254584154254253,0.9236093476623376,2024-01-01 23:24:00
0.9247754317185716,1000,0.92570020715029,0.923850656286853,2024-01-01 23:25:00
0.9223602445581737,1000,0.9232826048027317,0.9214378843136155,2024-01-01 23:26:00
0.9225086854297859,1000,0.9234311941152156,0.9215861767443562,2024-01-01 23:27:00
0.9220702158028228,1000,0.9229922860186255,0.92114814558702,2024-01-01 23:28:00
0.9239738855757508,1000,0.9248978594613264,0.923049911690175,2024-01-01 23:29:00
0.9234903890492977,1000,0.9244138794383469,0.9225668986602484,2024-01-01 23:30:00
0.9249039961809082,1000,0.9258289001770891,0.9239790921847273,2024-01-01 23:31:00
0.926301130189019,1000,0.9272274313192079,0.9253748290588301,2024-01-01 23:32:00
0.9283526619578809,1000,0.9292810146198387,0.927424309295923,2024-01-01 23:33:00
0.9263600832353456,1000,0.9272864433185808,0.9254337231521103,2024-01-01 23:34:00
0.9250344378474437,1000,0.925959472285291,0.9241094034095962,2024-01-01 23:35:00
0.9262006566604979,1000,0.9271268573171583,0.9252744560038374,2024-01-01 23:36:00
0.9251314607519096,1000,0.9260565922126613,0.9242063292911576,2024-01-01 23:37:00
0.9252114499661097,1000,0.9261366614160758,0.9242862385161436,2024-01-01 23:38:00
0.9252386640888732,1000,0.926163902752962,0.9243134254247843,2024-01-01 23:39:00
0.9278544810394582,1000,0.9287823355204976,0.9269266265584187,2024-01-01 23:40:00
0.9270407277998056,1000,0.9279677685276053,0.9261136870720058,2024-01-01 23:41:00
0.9222674561689673,1000,0.9231897236251362,0.9213451887127984,2024-01-01 23:42:00
0.92417345379424,1000,0.9250976272480341,0.9232492803404457,2024-01-01 23:43:00
0.922924257024563,1000,0.9238471812815875,0.9220013327675385,2024-01-01 23:44:00
0.9259260199835482,1000,0.9268519460035316,0.9250000939635646,2024-01-01 23:45:00
0.9280770720389677,1000,0.9290051491110066,0.9271489949669287,2024-01-01 23:46:00
0.926834622991948,1000,0.9277614576149398,0.925907788368956,2024-01-01 23:47:00
0.9293092021441889,1000,0.930238511346333,0.9283798929420447,2024-01-01 23:48:00
0.9270333068545057,1000,0.9279603401613601,0.9261062735476512,2024-01-01 23:49:00
0.928627241344266,1000,0.9295558685856101,0.9276986141029218,2024-01-01 23:50:00
0.9306149349641403,1000,0.9315455498991043,0.9296843200291761,2024-01-01 23:51:00
0.9309562289785144,1000,0.9318871852074928,0.9300252727495358,2024-01-01 23:52:00
0.9288607486992992,1000,0.9297896094479985,0.9279318879506,2024-01-01 23:53:00
0.9298710784386166,1000,0.9308009495170552,0.9289412073601779,2024-01-01 23:54:00
0.9283163047888802,1000,0.9292446210936689,0.9273879884840913,2024-01-01 23:55:00
0.9270047020020733,1000,0.9279317067040753,0.9260776973000713,2024-01-01 23:56:00
0.9302850362502325,1000,0.9312153212864827,0.9293547512139823,2024-01-01 23:57:00
0.9292159053321484,1000,0.9301451212374804,0.9282866894268162,2024-01-01 23:58:00
0.9327793735298314,1000,0.9337121529033612,0.9318465941563016,2024-01-01 23:59:00
0.9335410557458674,1000,0.9344745968016132,0.9326075146901216,2024-01-02 00:00:00
0.9340265682045277,1000,0.9349605947727321,0.9330925416363232,2024-01-02 00:01:00
0.9353686747286277,1000,0.9363040434033563,0.9344333060538991,2024-01-02 00:02:00
0.9390450450368298,1000,0.9399840900818666,0.938105999991793,2024-01-02 00:03:00
0.9403655838278949,1000,0.9413059494117227,0.939425218244067,2024-01-02 00:04:00
0.9423238001686456,1000,0.9432661239688142,0.9413814763684769,2024-01-02 00:05:00
0.9387929315929294,1000,0.9397317245245222,0.9378541386613365,2024-01-02 00:06:00
0.9360270929918498,1000,0.9369631200848416,0.9350910658988579,2024-01-02 00:07:00
0.935574357216255,1000,0.9365099315734712,0.9346387828590388,2024-01-02 00:08:00
0.9383129865280301,1000,0.939251299514558,0.9373746735415021,2024-01-02 00:09:00
0.9382266412657793,1000,0.9391648679070449,0.9372884146245135,2024-01-02 00:10:00
0.9362980173796754,1000,0.937234315397055,0.9353617193622957,2024-01-02 00:11:00
0.9371475823416765,1000,0.938084729924018,0.9362104347593349,2024-01-02 00:12:00
0.9378285518177679,1000,0.9387663803695856,0.9368907232659501,2024-01-02 00:13:00
0.9373373882740011,1000,0.9382747256622751,0.9364000508857272,2024-01-02 00:14:00
0.9386586223702998,1000,0.93959728099267,0.9377199637479295,2024-01-02 00:15:00
0.9390305642184011,1000,0.9399695947826194,0.9380915336541827,2024-01-02 00:16:00
0.9369626847495597,1000,0.9378996474343091,0.9360257220648102,2024-01-02 00:17:00
0.9381528914556442,1000,0.9390910443470997,0.9372147385641886,2024-01-02 00:18:00
0.9377294753390512,1000,0.9386672048143901,0.936791745863712,2024-01-02 00:19:00
0.9388609995417598,1000,0.9397998605413015,0.9379221385422181,2024-01-02 00:20:00
0.9359166017775179,1000,0.9368525183792953,0.9349806851757404,2024-01-02 00:21:00
0.9359477148331156,1000,0.9368836625479485,0.9350117671182825,2024-01-02 00:22:00
0.9369046752193768,1000,0.937841579894596,0.9359677705441575,2024-01-02 00:23:00
0.9350869437181382,1000,0.9360220306618562,0.93415185677442,2024-01-02 00:24:00
0.936293044035325,1000,0.9372293370793602,0.9353567509912897,2024-01-02 00:25:00
0.938324934231702,1000,0.9392632591659337,0.9373866092974703,2024-01-02 00:26:00
0.9382700321789612,1000,0.93920830221114,0.9373317621467823,2024-01-02 00:27:00
0.9382204716852065,1000,0.9391586921568916,0.9372822512135213,2024-01-02 00:28:00
0.9366741043614232,1000,0.9376107784657844,0.9357374302570618,2024-01-02 00:29:00
0.9376716976478745,1000,0.9386093693455223,0.9367340259502266,2024-01-02 00:30:00
0.9375198114551624,1000,0.9384573312666175,0.9365822916437072,2024-01-02 00:31:00
0.9355382273761216,1000,0.9364737656034976,0.9346026891487454,2024-01-02 00:32:00
0.932175489093047,1000,0.93310766458214,0.931243313603954,2024-01-02 00:33:00
0.9334084217855256,1000,0.9343418302073111,0.9324750133637401,2024-01-02 00:34:00
0.9349051054427944,1000,0.9358400105482371,0.9339702003373516,2024-01-02 00:35:00
0.9365357428317039,1000,0.9374722785745355,0.9355992070888722,2024-01-02 00:36:00
0.9382214442580733,1000,0.9391596657023312,0.9372832228138153,2024-01-02 00:37:00
0.9439632658306683,1000,0.9449072290964988,0.9430193025648376,2024-01-02 00:38:00
0.9465706105681746,1000,0.9475171811787426,0.9456240399576065,2024-01-02 00:39:00
0.9465662648275466,1000,0.947512831092374,0.945619698562719,2024-01-02 00:40:00
0.9492400974874187,1000,0.950189337584906,0.9482908573899312,2024-01-02 00:41:00
0.9488797565618214,1000,0.9498286363183832,0.9479308768052597,2024-01-02 00:42:00
0.9489345566953341,1000,0.9498834912520293,0.9479856221386388,2024-01-02 00:43:00
0.9469433708710203,1000,0.9478903142418912,0.9459964275001493,2024-01-02 00:44:00
0.9432504401208519,1000,0.9441936905609727,0.942307189680731,2024-01-02 00:45:00
0.9471481267665544,1000,0.9480952748933208,0.9462009786397878,2024-01-02 00:46:00
0.9496287399278034,1000,0.950578368667731,0.9486791111878756,2024-01-02 00:47:00
0.9526335934438035,1000,0.9535862270372472,0.9516809598503597,2024-01-02 00:48:00
0.9541473820512784,1000,0.9551015294333295,0.9531932346692271,2024-01-02 00:49:00
0.9523584033920885,1000,0.9533107617954806,0.9514060449886964,2024-01-02 00:50:00
0.9539302538286072,1000,0.9548841840824357,0.9529763235747786,2024-01-02 00:51:00
0.9555042479744906,1000,0.956459752222465,0.9545487437265161,2024-01-02 00:52:00
0.9552270741758159,1000,0.9561823012499916,0.95427184710164,2024-01-02 00:53:00
0.9547761349383895,1000,0.9557309110733279,0.9538213588034511,2024-01-02 00:54:00
0.9573032594842239,1000,0.958260562743708,0.9563459562247397,2024-01-02 00:55:00
0.9575159945119478,1000,0.9584735105064597,0.9565584785174358,2024-01-02 00:56:00
0.9586159327035733,1000,0.9595745486362768,0.9576573167708697,2024-01-02 00:57:00
0.9588385196037794,1000,0.9597973581233831,0.9578796810841756,2024-01-02 00:58:00
0.956066085190235,1000,0.9570221512754251,0.9551100191050447,2024-01-02 00:59:00
0.9573693434945162,1000,0.9583267128380106,0.9564119741510216,2024-01-02 01:00:00
0.9572382073560489,1000,0.9581954455634049,0.9562809691486929,2024-01-02 01:01:00
0.9585412968421213,1000,0.9594998381389633,0.9575827555452792,2024-01-02 01:02:00
0.9604537364668237,1000,0.9614141902032904,0.9594932827303569,2024-01-02 01:03:00
0.9604229323726187,1000,0.9613833553049912,0.959462509440246,2024-01-02 01:04:00
0.9597563779615756,1000,0.9607161343395371,0.9587966215836141,2024-01-02 01:05:00
0.9593955031111446,1000,0.9603548986142557,0.9584361076080334,2024-01-02 01:06:00
0.9595630595465123,1000,0.9605226226060587,0.9586034964869659,2024-01-02 01:07:00
0.9614747440524449,1000,0.9624362187964973,0.9605132693083925,2024-01-02 01:08:00
0.9597302953087535,1000,0.9606900256040621,0.9587705650134448,2024-01-02 01:09:00
0.9633719246051391,1000,0.9643352965297441,0.9624085526805339,2024-01-02 01:10:00
0.9612877483729239,1000,0.9622490361212966,0.960326460624551,2024-01-02 01:11:00
0.9592089958891087,1000,0.9601682048849977,0.9582497868932196,2024-01-02 01:12:00
0.9576446182895131,1000,0.9586022629078025,0.9566869736712236,2024-01-02 01:13:00
0.9553716982548874,1000,0.9563270699531422,0.9544163265566326,2024-01-02 01:14:00
0.9556527040288763,1000,0.956608356732905,0.9546970513248474,2024-01-02 01:15:00
0.9518706700885806,1000,0.9528225407586691,0.950918799418492,2024-01-02 01:16:00
0.9530879039433002,1000,0.9540409918472434,0.9521348160393569,2024-01-02 01:17:00
0.9544601191463749,1000,0.9554145792655211,0.9535056590272285,2024-01-02 01:18:00
0.9552520224658947,1000,0.9562072744883605,0.9542967704434288,2024-01-02 01:19:00
0.9549231171581668,1000,0.9558780402753249,0.9539681940410086,2024-01-02 01:20:00
0.9538197072499872,1000,0.954773526957237,0.9528658875427373,2024-01-02 01:21:00
0.9525225677403147,1000,0.953475090308055,0.9515700451725744,2024-01-02 01:22:00
0.9482930107179927,1000,0.9492413037287105,0.9473447177072747,2024-01-02 01:23:00
0.9455668902246027,1000,0.9465124571148272,0.9446213233343781,2024-01-02 01:24:00
0.9448340136427451,1000,0.9457788476563878,0.9438891796291023,2024-01-02 01:25:00
0.9463120711001356,1000,0.9472583831712357,0.9453657590290354,2024-01-02 01:26:00
0.9482142334200813,1000,0.9491624476535012,0.9472660191866612,2024-01-02 01:27:00
0.951183571978535,1000,0.9521347555505134,0.9502323884065564,2024-01-02 01:28:00
0.9529612018960526,1000,0.9539141630979485,0.9520082406941566,2024-01-02 01:29:00
0.956396234725371,1000,0.9573526309600964,0.9554398384906457,2024-01-02 01:30:00
0.9577932547488862,1000,0.958751048003635,0.9568354614941373,2024-01-02 01:31:00
0.9600298018387423,1000,0.9609898316405809,0.9590697720369036,2024-01-02 01:32:00
0.9615890673335471,1000,0.9625506564008806,0.9606274782662135,2024-01-02 01:33:00
0.9586751127018566,1000,0.9596337878145583,0.9577164375891547,2024-01-02 01:34:00
0.9592778676553375,1000,0.9602371455229928,0.9583185897876821,2024-01-02 01:35:00
0.9593348923326356,1000,0.9602942272249682,0.9583755574403029,2024-01-02 01:36:00
0.9571197501144327,1000,0.9580768698645471,0.9561626303643183,2024-01-02 01:37:00
0.9568275661327769,1000,0.9577843936989096,0.9558707385666441,2024-01-02 01:38:00
0.9605759006321138,1000,0.9615364765327459,0.9596153247314817,2024-01-02 01:39:00
0.9610057307925941,1000,0.9619667365233866,0.9600447250618015,2024-01-02 01:40:00
0.9609306689969673,1000,0.9618915996659642,0.9599697383279704,2024-01-02 01:41:00
0.9619828708081999,1000,0.962944853679008,0.9610208879373917,2024-01-02 01:42:00
0.9610565769843751,1000,0.9620176335613594,0.9600955204073907,2024-01-02 01:43:00
0.9630874339016381,1000,0.9640505213355396,0.9621243464677365,2024-01-02 01:44:00
0.9630770082141676,1000,0.9640400852223817,0.9621139312059535,2024-01-02 01:45:00
0.9623540588779346,1000,0.9633164129368124,0.9613917048190567,2024-01-02 01:46:00
0.9628140105746107,1000,0.9637768245851852,0.9618511965640361,2024-01-02 01:47:00
0.9605572395762176,1000,0.9615177968157937,0.9595966823366414,2024-01-02 01:48:00
0.9591745945706049,1000,0.9601337691651755,0.9582154199760343,2024-01-02 01:49:00
0.9585963015144391,1000,0.9595548978159534,0.9576377052129247,2024-01-02 01:50:00
0.9582733513204331,1000,0.9592316246717535,0.9573150779691126,2024-01-02 01:51:00
0.9582637067948321,1000,0.9592219705016268,0.9573054430880372,2024-01-02 01:52:00
0.957212827716905,1000,0.9581700405446217,0.9562556148891881,2024-01-02 01:53:00
0.9563855246731572,1000,0.9573419101978302,0.955429139148484,2024-01-02 01:54:00
0.9580935242186693,1000,0.9590516177428879,0.9571354306944506,2024-01-02 01:55:00
0.9615677027764883,1000,0.9625292704792646,0.9606061350737118,2024-01-02 01:56:00
0.959244988002566,1000,0.9602042329905685,0.9582857430145634,2024-01-02 01:57:00
0.960837197384004,1000,0.9617980345813879,0.9598763601866199,2024-01-02 01:58:00
0.961448073698461,1000,0.9624095217721593,0.9604866256247625,2024-01-02 01:59:00
0.9639454896866252,1000,0.9649094351763117,0.9629815441969386,2024-01-02 02:00:00
0.9613446211932869,1000,0.96230596581448,0.9603832765720937,2024-01-02 02:01:00
0.9635403764487586,1000,0.9645039168252072,0.9625768360723098,2024-01-02 02:02:00
0.9651648297357828,1000,0.9661299945655184,0.964199664906047,2024-01-02 02:03:00
0.9640245251375372,1000,0.9649885496626747,0.9630605006123997,2024-01-02 02:04:00
0.961283864419181,1000,0.9622451482836001,0.9603225805547618,2024-01-02 02:05:00
0.9582657967042412,1000,0.9592240625009453,0.957307530907537,2024-01-02 02:06:00
0.957292203296806,1000,0.9582494955001026,0.9563349110935092,2024-01-02 02:07:00
0.9575633353432105,1000,0.9585208986785536,0.9566057720078672,2024-01-02 02:08:00
0.9562621091031476,1000,0.9572183712122506,0.9553058469940444,2024-01-02 02:09:00
0.9582702729078633,1000,0.959228543180771,0.9573120026349554,2024-01-02 02:10:00
0.9575002016662113,1000,0.9584577018678774,0.9565427014645451,2024-01-02 02:11:00
0.9575005820309693,1000,0.9584580826130001,0.9565430814489384,2024-01-02 02:12:00
0.9588019653806537,1000,0.9597607673460342,0.957843163415273,2024-01-02 02:13:00
0.9581481734867572,1000,0.9591063216602438,0.9571900253132705,2024-01-02 02:14:00
0.9576443728512096,1000,0.9586020172240607,0.9566867284783585,2024-01-02 02:15:00
0.955840367323871,1000,0.9567962076911948,0.9548845269565471,2024-01-02 02:16:00
0.9584145419943961,1000,0.9593729565363904,0.9574561274524017,2024-01-02 02:17:00
0.9556822518611001,1000,0.9566379341129612,0.954726569609239,2024-01-02 02:18:00
0.956585650786894,1000,0.9575422364376808,0.955629065136107,2024-01-02 02:19:00
0.9565210940028551,1000,0.9574776150968579,0.9555645729088522,2024-01-02 02:20:00
0.9539315066470643,1000,0.9548854381537112,0.9529775751404173,2024-01-02 02:21:00
0.9526345928675916,1000,0.9535872274604591,0.951681958274724,2024-01-02 02:22:00
0.9532577434044008,1000,0.9542110011478051,0.9523044856609965,2024-01-02 02:23:00
0.9522375748746197,1000,0.9531898124494942,0.9512853372997451,2024-01-02 02:24:00
0.9530400698082103,1000,0.9539931098780184,0.9520870297384021,2024-01-02 02:25:00
0.9523270037721663,1000,0.9532793307759383,0.9513746767683942,2024-01-02 02:26:00
0.9516947818468017,1000,0.9526464766286483,0.9507430870649549,2024-01-02 02:27:00
0.9509670770795335,1000,0.951918044156613,0.950016110002454,2024-01-02 02:28:00
0.9524525269646713,1000,0.9534049794916358,0.9515000744377067,2024-01-02 02:29:00
0.953605336002389,1000,0.9545589413383913,0.9526517306663865,2024-01-02 02:30:00
0.9552008368591676,1000,0.9561560376960266,0.9542456360223084,2024-01-02 02:31:00
0.9507192658392782,1000,0.9516699851051175,0.949768546573439,2024-01-02 02:32:00
0.9491781029532217,1000,0.9501272810561748,0.9482289248502684,2024-01-02 02:33:00
0.946835852300456,1000,0.9477826881527563,0.9458890164481555,2024-01-02 02:34:00
0.9446624736340113,1000,0.9456071361076452,0.9437178111603773,2024-01-02 02:35:00
0.9420141133241602,1000,0.9429561274374842,0.941072099210836,2024-01-02 02:36:00
0.9447185686054175,1000,0.9456632871740228,0.943773850036812,2024-01-02 02:37:00
0.9449869309663012,1000,0.9459319178972674,0.9440419440353348,2024-01-02 02:38:00
0.9429733035566007,1000,0.9439162768601572,0.9420303302530441,2024-01-02 02:39:00
0.9456829010885834,1000,0.9466285839896719,0.9447372181874949,2024-01-02 02:40:00
0.9436907619343498,1000,0.944634452696284,0.9427470711724154,2024-01-02 02:41:00
0.9440155543198395,1000,0.9449595698741593,0.9430715387655196,2024-01-02 02:42:00
0.9408806284329365,1000,0.9418215090613693,0.9399397478045036,2024-01-02 02:43:00
0.9405876469095883,1000,0.9415282345564978,0.9396470592626787,2024-01-02 02:44:00
0.9413850025244426,1000,0.942326387526967,0.9404436175219181,2024-01-02 02:45:00
0.9417423230357802,1000,0.9426840653588159,0.9408005807127444,2024-01-02 02:46:00
0.94084470780409,1000,0.941785552511894,0.9399038630962859,2024-01-02 02:47:00
0.944451337448899,1000,0.9453957887863478,0.9435068861114501,2024-01-02 02:48:00
0.9449067097072109,1000,0.9458516164169181,0.9439618029975037,2024-01-02 02:49:00
0.9460544507101168,1000,0.9470005051608269,0.9451083962594067,2024-01-02 02:50:00
0.9441965480380152,1000,0.9451407445860531,0.9432523514899772,2024-01-02 02:51:00
0.9437199670763848,1000,0.9446636870434612,0.9427762471093084,2024-01-02 02:52:00
0.9482965886754005,1000,0.9492448852640758,0.9473482920867251,2024-01-02 02:53:00
0.9511446681941171,1000,0.9520958128623112,0.950193523525923,2024-01-02 02:54:00
0.9509713746846953,1000,0.9519223460593799,0.9500204033100106,2024-01-02 02:55:00
0.9511977802705006,1000,0.952148978050771,0.9502465824902301,2024-01-02 02:56:00
0.9525004624274129,1000,0.9534529628898403,0.9515479619649855,2024-01-02 02:57:00
0.9558089553665209,1000,0.9567647643218873,0.9548531464111544,2024-01-02 02:58:00
0.9545846858376281,1000,0.9555392705234657,0.9536301011517905,2024-01-02 02:59:00
0.9544025166094104,1000,0.9553569191260197,0.9534481140928011,2024-01-02 03:00:00
0.9541519849359362,1000,0.9551061369208721,0.9531978329510002,2024-01-02 03:01:00
0.9569114494272758,1000,0.957868360876703,0.9559545379778486,2024-01-02 03:02:00
0.9610325335391455,1000,0.9619935660726846,0.9600715010056063,2024-01-02 03:03:00
0.9603061500036666,1000,0.9612664561536701,0.959345843853663,2024-01-02 03:04:00
0.958381304992768,1000,0.9593396862977607,0.9574229236877752,2024-01-02 03:05:00
0.9635946077120062,1000,0.9645582023197181,0.9626310131042942,2024-01-02 03:06:00
0.965241986939224,1000,0.9662072289261632,0.9642767449522848,2024-01-02 03:07:00
0.9656693427274768,1000,0.9666350120702042,0.9647036733847494,2024-01-02 03:08:00
0.966497266839979,1000,0.9674637641068189,0.9655307695731391,2024-01-02 03:09:00
0.9663871245674821,1000,0.9673535116920495,0.9654207374429146,2024-01-02 03:10:00
0.9649989389593061,1000,0.9659639378982653,0.9640339400203468,2024-01-02 03:11:00
0.9667522158140622,1000,0.9677189680298762,0.9657854635982481,2024-01-02 03:12:00
0.9660191848398086,1000,0.9669852040246484,0.9650531656549688,2024-01-02 03:13:00
0.9678240619444695,1000,0.9687918860064139,0.966856237882525,2024-01-02 03:14:00
0.9676652202766616,1000,0.9686328854969382,0.9666975550563849,2024-01-02 03:15:00
0.9681544858882294,1000,0.9691226403741175,0.9671863314023411,2024-01-02 03:16:00
0.9689265997747883,1000,0.969895526374563,0.9679576731750136,2024-01-02 03:17:00
0.9702906225203283,1000,0.9712609131428485,0.969320331897808,2024-01-02 03:18:00
0.9699962845092647,1000,0.9709662807937738,0.9690262882247554,2024-01-02 03:19:00
0.9700654024275933,1000,0.9710354678300208,0.9690953370251657,2024-01-02 03:20:00
0.9682640350271317,1000,0.9692322990621587,0.9672957709921045,2024-01-02 03:21:00
0.971203319099694,1000,0.9721745224187937,0.9702321157805943,2024-01-02 03:22:00
0.9684167579540837,1000,0.9693851747120377,0.9674483411961295,2024-01-02 03:23:00
0.9681716589466163,1000,0.9691398306055627,0.9672034872876697,2024-01-02 03:24:00
0.9678892026420565,1000,0.9688570918446984,0.9669213134394145,2024-01-02 03:25:00
0.9672145472005823,1000,0.9681817617477828,0.9662473326533817,2024-01-02 03:26:00
0.9668762027215098,1000,0.9678430789242312,0.9659093265187882,2024-01-02 03:27:00
0.967244754020403,1000,0.9682119987744233,0.9662775092663826,2024-01-02 03:28:00
0.9658224906025993,1000,0.9667883130932018,0.9648566681119967,2024-01-02 03:29:00
0.9674701991694793,1000,0.9684376693686486,0.9665027289703099,2024-01-02 03:30:00
0.9681719372609462,1000,0.969140109198207,0.9672037653236852,2024-01-02 03:31:00
0.9678437462827897,1000,0.9688115900290724,0.9668759025365069,2024-01-02 03:32:00
0.966561455414909,1000,0.9675280168703239,0.965594893959494,2024-01-02 03:33:00
0.9694465447995281,1000,0.9704159913443275,0.9684770982547285,2024-01-02 03:34:00
0.9697448500530167,1000,0.9707145949030695,0.9687751052029637,2024-01-02 03:35:00
0.9711037573186312,1000,0.9720748610759498,0.9701326535613125,2024-01-02 03:36:00
0.9682835667782566,1000,0.9692518503450347,0.9673152832114783,2024-01-02 03:37:00
0.969890317565299,1000,0.9708602078828642,0.9689204272477336,2024-01-02 03:38:00
0.9723820579572762,1000,0.9733544400152333,0.9714096758993189,2024-01-02 03:39:00
0.9747002666000751,1000,0.9756749668666751,0.9737255663334751,2024-01-02 03:40:00
0.974129007182963,1000,0.9751031361901459,0.9731548781757801,2024-01-02 03:41:00
0.9737207151564735,1000,0.9746944358716298,0.9727469944413171,2024-01-02 03:42:00
0.9749463667363474,1000,0.9759213131030836,0.973971420369611,2024-01-02 03:43:00
0.9770701401453308,1000,0.978047210285476,0.9760930700051854,2024-01-02 03:44:00
0.9772547350917353,1000,0.9782319898268269,0.9762774803566436,2024-01-02 03:45:00
0.9767194975788381,1000,0.9776962170764169,0.9757427780812593,2024-01-02 03:46:00
0.9750109203968853,1000,0.9759859313172821,0.9740359094764884,2024-01-02 03:47:00
0.9771854358717807,1000,0.9781626213076524,0.976208250435909,2024-01-02 03:48:00
0.9802384988909424,1000,0.9812187373898332,0.9792582603920514,2024-01-02 03:49:00
0.9775223494617922,1000,0.9784998718112539,0.9765448271123304,2024-01-02 03:50:00
0.9777271364016127,1000,0.9787048635380142,0.976749409265211,2024-01-02 03:51:00
0.9811427172596825,1000,0.9821238599769421,0.9801615745424228,2024-01-02 03:52:00
0.9799990144552577,1000,0.9809790134697128,0.9790190154408025,2024-01-02 03:53:00
0.9793894004767506,1000,0.9803687898772272,0.9784100110762739,2024-01-02 03:54:00
0.9780394457606941,1000,0.9790174852064547,0.9770614063149334,2024-01-02 03:55:00
0.9785781989005106,1000,0.9795567770994109,0.9775996207016101,2024-01-02 03:56:00
0.9803196816477425,1000,0.9813000013293902,0.9793393619660948,2024-01-02 03:57:00
0.9772608930868346,1000,0.9782381539799213,0.9762836321937478,2024-01-02 03:58:00
0.9749695204959253,1000,0.9759444900164211,0.9739945509754294,2024-01-02 03:59:00
0.9767778053754402,1000,0.9777545831808155,0.9758010275700648,2024-01-02 04:00:00
0.9778048080402028,1000,0.9787826128482429,0.9768270032321625,2024-01-02 04:01:00
0.9799687118790611,1000,0.9809486805909401,0.978988743167182,2024-01-02 04:02:00
0.982243933738782,1000,0.9832261776725207,0.9812616898050432,2024-01-02 04:03:00
0.981193550326339,1000,0.9821747438766653,0.9802123567760127,2024-01-02 04:04:00
0.9779516052822992,1000,0.9789295568875814,0.9769736536770169,2024-01-02 04:05:00
0.9785597259241735,1000,0.9795382856500976,0.9775811661982493,2024-01-02 04:06:00
0.979454907041952,1000,0.9804343619489939,0.97847545213491,2024-01-02 04:07:00
0.9798093033135542,1000,0.9807891126168676,0.9788294940102407,2024-01-02 04:08:00
0.9837768356815971,1000,0.9847606125172786,0.9827930588459155,2024-01-02 04:09:00
0.9825578405660256,1000,0.9835403984065915,0.9815752827254596,2024-01-02 04:10:00
0.9814784067356709,1000,0.9824598851424065,0.9804969283289352,2024-01-02 04:11:00
0.9793670736241681,1000,0.9803464406977922,0.978387706550544,2024-01-02 04:12:00
0.9812506128180452,1000,0.9822318634308631,0.9802693622052271,2024-01-02 04:13:00
0.9801420039402374,1000,0.9811221459441776,0.9791618619362972,2024-01-02 04:14:00
0.9782903930565543,1000,0.9792686834496107,0.9773121026634978,2024-01-02 04:15:00
0.9789997979016526,1000,0.9799787976995541,0.978020798103751,2024-01-02 04:16:00
0.9822931554883078,1000,0.9832754486437959,0.9813108623328195,2024-01-02 04:17:00
0.9801938588795962,1000,0.9811740527384757,0.9792136650207166,2024-01-02 04:18:00
0.9791512794946434,1000,0.980130430774138,0.9781721282151488,2024-01-02 04:19:00
0.9783832270847552,1000,0.9793616103118399,0.9774048438576705,2024-01-02 04:20:00
0.9780747283193646,1000,0.9790528030476838,0.9770966535910452,2024-01-02 04:21:00
0.9774353884662288,1000,0.978412823854695,0.9764579530777626,2024-01-02 04:22:00
0.978619911810738,1000,0.9795985317225486,0.9776412918989273,2024-01-02 04:23:00
0.9787724220114286,1000,0.9797511944334398,0.9777936495894172,2024-01-02 04:24:00
0.9765418290014297,1000,0.977518370830431,0.9755652871724283,2024-01-02 04:25:00
0.9756916137686071,1000,0.9766673053823757,0.9747159221548385,2024-01-02 04:26:00
0.9786759980303357,1000,0.9796546740283659,0.9776973220323053,2024-01-02 04:27:00
0.97845524813396,1000,0.9794337033820939,0.977476792885826,2024-01-02 04:28:00
0.9761817157435971,1000,0.9771578974593407,0.9752055340278535,2024-01-02 04:29:00
0.9775623200491842,1000,0.9785398823692333,0.976584757729135,2024-01-02 04:30:00
0.981157481607427,1000,0.9821386390890343,0.9801763241258196,2024-01-02 04:31:00
0.9830234312523711,1000,0.9840064546836234,0.9820404078211188,2024-01-02 04:32:00
0.9853928655527534,1000,0.9863782584183061,0.9844074726872006,2024-01-02 04:33:00
0.9863388050749009,1000,0.9873251438799757,0.985352466269826,2024-01-02 04:34:00
0.9885208570389122,1000,0.9895093778959511,0.9875323361818733,2024-01-02 04:35:00
0.9903662664793412,1000,0.9913566327458204,0.9893759002128619,2024-01-02 04:36:00
0.991103617453428,1000,0.9920947210708814,0.9901125138359745,2024-01-02 04:37:00
0.9906848758256596,1000,0.9916755607014851,0.9896941909498339,2024-01-02 04:38:00
0.988433832559704,1000,0.9894222663922636,0.9874453987271442,2024-01-02 04:39:00
0.9833978486384132,1000,0.9843812464870515,0.9824144507897747,2024-01-02 04:40:00
0.9833056392145141,1000,0.9842889448537285,0.9823223335752995,2024-01-02 04:41:00
0.9818221995204289,1000,0.9828040217199493,0.9808403773209085,2024-01-02 04:42:00
0.9862430785395871,1000,0.9872293216181266,0.9852568354610476,2024-01-02 04:43:00
0.9833812632385178,1000,0.9843646445017562,0.9823978819752793,2024-01-02 04:44:00
0.9840898747805487,1000,0.9850739646553291,0.983105784905768,2024-01-02 04:45:00
0.9824352013926243,1000,0.9834176365940168,0.9814527661912317,2024-01-02 04:46:00
0.9771836340895927,1000,0.9781608177236822,0.9762064504555031,2024-01-02 04:47:00
0.9765413645148867,1000,0.9775179058794015,0.9755648231503719,2024-01-02 04:48:00
0.975554115638475,1000,0.9765296697541134,0.9745785615228366,2024-01-02 04:49:00
0.9766909322104654,1000,0.9776676231426757,0.975714241278255,2024-01-02 04:50:00
0.9749073545083166,1000,0.9758822618628248,0.9739324471538082,2024-01-02 04:51:00
0.9752218129441922,1000,0.9761970347571363,0.974246591131248,2024-01-02 04:52:00
0.974507985316298,1000,0.9754824933016142,0.9735334773309817,2024-01-02 04:53:00
0.9760529345633908,1000,0.9770289874979541,0.9750768816288274,2024-01-02 04:54:00
0.9769507576539355,1000,0.9779277084115893,0.9759738068962815,2024-01-02 04:55:00
0.9746670950290847,1000,0.9756417621241137,0.9736924279340555,2024-01-02 04:56:00
0.9725254796366737,1000,0.9734980051163102,0.971552954157037,2024-01-02 04:57:00
0.9707813454971675,1000,0.9717521268426647,0.9698105641516703,2024-01-02 04:58:00
0.9715494078773909,1000,0.9725209572852681,0.9705778584695135,2024-01-02 04:59:00
0.970741949108225,1000,0.971712691057333,0.9697712071591168,2024-01-02 05:00:00
0.97111379110708,1000,0.9720849048981869,0.9701426773159729,2024-01-02 05:01:00
0.9692406502776916,1000,0.9702098909279692,0.9682714096274139,2024-01-02 05:02:00
0.9675664769748547,1000,0.9685340434518294,0.9665989104978798,2024-01-02 05:03:00
0.9662312037790491,1000,0.9671974349828281,0.9652649725752701,2024-01-02 05:04:00
0.9678644190110477,1000,0.9688322834300587,0.9668965545920366,2024-01-02 05:05:00
0.9661247480711591,1000,0.9670908728192301,0.965158623323088,2024-01-02 05:06:00
0.9681551784450245,1000,0.9691233336234695,0.9671870232665795,2024-01-02 05:07:00
0.968498060523724,1000,0.9694665585842476,0.9675295624632003,2024-01-02 05:08:00
0.9654002770093809,1000,0.9663656772863902,0.9644348767323715,2024-01-02 05:09:00
0.9672390029652232,1000,0.9682062419681884,0.966271763962258,2024-01-02 05:10:00
0.967365527934502,1000,0.9683328934624365,0.9663981624065675,2024-01-02 05:11:00
0.9670874479112549,1000,0.9680545353591661,0.9661203604633436,2024-01-02 05:12:00
0.9677111872924822,1000,0.9686788984797745,0.9667434761051897,2024-01-02 05:13:00
0.964927630311724,1000,0.9658925579420357,0.9639627026814123,2024-01-02 05:14:00
0.9663525404852275,1000,0.9673188930257126,0.9653861879447422,2024-01-02 05:15:00
0.96845971447571,1000,0.9694281741901856,0.9674912547612343,2024-01-02 05:16:00
0.9671364788779312,1000,0.968103615356809,0.9661693423990533,2024-01-02 05:17:00
0.9663312902647703,1000,0.967297621555035,0.9653649589745055,2024-01-02 05:18:00
0.9632951540095259,1000,0.9642584491635353,0.9623318588555164,2024-01-02 05:19:00
0.9653701076458933,1000,0.966335477753539,0.9644047375382474,2024-01-02 05:20:00
0.9648956158472299,1000,0.965860511463077,0.9639307202313827,2024-01-02 05:21:00
0.9663096882095409,1000,0.9672759978977503,0.9653433785213313,2024-01-02 05:22:00
0.9648269829799881,1000,0.965791809962968,0.9638621559970082,2024-01-02 05:23:00
0.9639113170442319,1000,0.964875228361276,0.9629474057271877,2024-01-02 05:24:00
0.9611679980515091,1000,0.9621291660495604,0.9602068300534576,2024-01-02 05:25:00
0.9638755594034139,1000,0.9648394349628172,0.9629116838440105,2024-01-02 05:26:00
0.9638748678175018,1000,0.9648387426853191,0.9629109929496843,2024-01-02 05:27:00
0.9633094752166745,1000,0.9642727846918911,0.9623461657414578,2024-01-02 05:28:00
0.9644219079627988,1000,0.9653863298707615,0.963457486054836,2024-01-02 05:29:00
0.9613052578382657,1000,0.9622665630961038,0.9603439525804275,2024-01-02 05:30:00
0.9620621382552879,1000,0.9630242003935431,0.9611000761170325,2024-01-02 05:31:00
0.9590604548964362,1000,0.9600195153513326,0.9581013944415397,2024-01-02 05:32:00
0.9607597964340159,1000,0.9617205562304498,0.9597990366375818,2024-01-02 05:33:00
0.9620674765989465,1000,0.9630295440755454,0.9611054091223475,2024-01-02 05:34:00
0.9612527205660127,1000,0.9622139732865786,0.9602914678454467,2024-01-02 05:35:00
0.9642042659073541,1000,0.9651684701732614,0.9632400616414467,2024-01-02 05:36:00
0.9601392625976937,1000,0.9610994018602913,0.9591791233350959,2024-01-02 05:37:00
0.958502397629577,1000,0.9594609000272065,0.9575438952319474,2024-01-02 05:38:00
0.9579416037148483,1000,0.958899545318563,0.9569836621111334,2024-01-02 05:39:00
0.9579016146293321,1000,0.9588595162439614,0.9569437130147027,2024-01-02 05:40:00
0.9611352828648353,1000,0.9620964181477,0.9601741475819705,2024-01-02 05:41:00
0.9636134082889201,1000,0.9645770216972088,0.9626497948806312,2024-01-02 05:42:00
0.9628999116754456,1000,0.963862811587121,0.9619370117637702,2024-01-02 05:43:00
0.9613838948251573,1000,0.9623452787199823,0.9604225109303322,2024-01-02 05:44:00
0.9642430786886147,1000,0.9652073217673032,0.9632788356099261,2024-01-02 05:45:00
0.9648309777285381,1000,0.9657958087062666,0.9638661467508095,2024-01-02 05:46:00
0.9653082133838542,1000,0.9662735215972379,0.9643429051704704,2024-01-02 05:47:00
0.9655625549399803,1000,0.9665281174949202,0.9645969923850404,2024-01-02 05:48:00
0.969607715716185,1000,0.9705773234319011,0.9686381080004688,2024-01-02 05:49:00
0.9754130310385065,1000,0.976388444069545,0.974437618007468,2024-01-02 05:50:00
0.9772423053998451,1000,0.9782195477052449,0.9762650630944453,2024-01-02 05:51:00
0.9793024742684471,1000,0.9802817767427154,0.9783231717941786,2024-01-02 05:52:00
0.9802130256475093,1000,0.9811932386731568,0.9792328126218618,2024-01-02 05:53:00
0.9849782115668037,1000,0.9859631897783704,0.9839932333552368,2024-01-02 05:54:00
0.9843859354103085,1000,0.9853703213457187,0.9834015494748982,2024-01-02 05:55:00
0.9869028412916822,1000,0.9878897441329737,0.9859159384503905,2024-01-02 05:56:00
0.9874902080681468,1000,0.9884776982762148,0.9865027178600787,2024-01-02 05:57:00
0.9862759308243746,1000,0.9872622067551988,0.9852896548935502,2024-01-02 05:58:00
0.9885569215795171,1000,0.9895454785010965,0.9875683646579376,2024-01-02 05:59:00
0.9851192276440937,1000,0.9861043468717376,0.9841341084164495,2024-01-02 06:00:00
0.988428879552711,1000,0.9894173084322636,0.9874404506731582,2024-01-02 06:01:00
0.9884398629613121,1000,0.9894283028242733,0.9874514230983509,2024-01-02 06:02:00
0.9869292092422831,1000,0.9879161384515253,0.9859422800330409,2024-01-02 06:03:00
0.9858830324813437,1000,0.9868689155138249,0.9848971494488623,2024-01-02 06:04:00
0.9848236549056488,1000,0.9858084785605543,0.9838388312507432,2024-01-02 06:05:00
0.986850991299286,1000,0.9878378422905851,0.9858641403079867,2024-01-02 06:06:00
0.9899874335703648,1000,0.990977421003935,0.9889974461367944,2024-01-02 06:07:00
0.9896401858802709,1000,0.9906298260661511,0.9886505456943906,2024-01-02 06:08:00
0.9897951611255738,1000,0.9907849562866993,0.9888053659644481,2024-01-02 06:09:00
0.9922680229836802,1000,0.9932602910066638,0.9912757549606965,2024-01-02 06:10:00
0.9904451917702916,1000,0.9914356369620617,0.9894547465785213,2024-01-02 06:11:00
0.9896206614364103,1000,0.9906102820978465,0.9886310407749739,2024-01-02 06:12:00
0.9885781311838022,1000,0.9895667093149859,0.9875895530526184,2024-01-02 06:13:00
0.9923909138017063,1000,0.9933833047155078,0.9913985228879046,2024-01-02 06:14:00
0.9900008986528609,1000,0.9909908995515136,0.989010897754208,2024-01-02 06:15:00
0.9881170430186124,1000,0.9891051600616309,0.9871289259755938,2024-01-02 06:16:00
0.991581364227566,1000,0.9925729455917935,0.9905897828633384,2024-01-02 06:17:00
0.9940940132723093,1000,0.9950881072855815,0.993099919259037,2024-01-02 06:18:00
0.9938917901569119,1000,0.9948856819470687,0.9928978983667549,2024-01-02 06:19:00
0.9982934846342699,1000,0.9992917781189041,0.9972951911496356,2024-01-02 06:20:00
0.9989089736656435,1000,0.999907882639309,0.9979100646919778,2024-01-02 06:21:00
0.9964197730919571,1000,0.9974161928650489,0.9954233533188651,2024-01-02 06:22:00
0.9990690720505158,1000,1.0000681411225663,0.9980700029784653,2024-01-02 06:23:00
1.002373566067347,1000,1.003375939633414,1.0013711925012796,2024-01-02 06:24:00
1.001236271199133,1000,1.002237507470332,1.0002350349279339,2024-01-02 06:25:00
0.9984081348168303,1000,0.9994065429516471,0.9974097266820134,2024-01-02 06:26:00
0.997559946484684,1000,0.9985575064311686,0.9965623865381994,2024-01-02 06:27:00
0.9975367630357702,1000,0.9985342997988059,0.9965392262727344,2024-01-02 06:28:00
0.9965763000426971,1000,0.9975728763427397,0.9955797237426545,2024-01-02 06:29:00
1.0002772818615482,1000,1.0012775591434095,0.9992770045796866,2024-01-02 06:30:00
1.0000419568106018,1000,1.0010419987674124,0.9990419148537912,2024-01-02 06:31:00
1.0005089612860398,1000,1.0015094702473257,0.9995084523247538,2024-01-02 06:32:00
1.0048186647707473,1000,1.005823483435518,1.0038138461059767,2024-01-02 06:33:00
1.0035048306183791,1000,1.0045083354489974,1.0025013257877609,2024-01-02 06:34:00
1.0061511380250223,1000,1.0071572891630471,1.0051449868869973,2024-01-02 06:35:00
1.0046525678307678,1000,1.0056572203985985,1.0036479152629372,2024-01-02 06:36:00
1.004095042656288,1000,1.0050991376989442,1.0030909476136318,2024-01-02 06:37:00
1.0059501078599498,1000,1.0069560579678096,1.00494415775209,2024-01-02 06:38:00
1.0068344994620797,1000,1.0078413339615417,1.0058276649626177,2024-01-02 06:39:00
1.0095442905694851,1000,1.0105538348600545,1.0085347462789156,2024-01-02 06:40:00
1.0117561042238952,1000,1.012767860328119,1.0107443481196712,2024-01-02 06:41:00
1.0153617126405887,1000,1.0163770743532292,1.0143463509279482,2024-01-02 06:42:00
1.01648391244746,1000,1.0175003963599074,1.0154674285350127,2024-01-02 06:43:00
1.0165833317080581,1000,1.017599915039766,1.0155667483763502,2024-01-02 06:44:00
1.0188602836714258,1000,1.0198791439550972,1.0178414233877544,2024-01-02 06:45:00
1.0160344391177452,1000,1.0170504735568628,1.0150184046786275,2024-01-02 06:46:00
1.0159844005758805,1000,1.0170003849764562,1.0149684161753045,2024-01-02 06:47:00
1.0174260385763427,1000,1.018443464614919,1.0164086125377665,2024-01-02 06:48:00
1.015822910488089,1000,1.0168387333985769,1.0148070875776007,2024-01-02 06:49:00
1.0174826967358375,1000,1.0185001794325732,1.0164652140391017,2024-01-02 06:50:00
1.0171581423686902,1000,1.0181753005110588,1.0161409842263214,2024-01-02 06:51:00
1.0163394130667962,1000,1.0173557524798629,1.0153230736537293,2024-01-02 06:52:00
1.0178792739146445,1000,1.0188971531885591,1.0168613946407299,2024-01-02 06:53:00
1.0195633062520093,1000,1.0205828695582613,1.0185437429457573,2024-01-02 06:54:00
1.019256335215753,1000,1.0202755915509687,1.0182370788805373,2024-01-02 06:55:00
1.0200060573884824,1000,1.0210260634458708,1.018986051331094,2024-01-02 06:56:00
1.0190527990566747,1000,1.0200718518557312,1.0180337462576179,2024-01-02 06:57:00
1.0210827178733937,1000,1.022103800591267,1.0200616351555203,2024-01-02 06:58:00
1.0232909250465523,1000,1.0243142159715988,1.0222676341215058,2024-01-02 06:59:00
1.0221007362422319,1000,1.023122836978474,1.0210786355059895,2024-01-02 07:00:00
1.020309638820656,1000,1.0213299484594767,1.0192893291818355,2024-01-02 07:01:00
1.0233304913073793,1000,1.0243538217986865,1.0223071608160719,2024-01-02 07:02:00
1.0224346473921564,1000,1.0234570820395483,1.0214122127447642,2024-01-02 07:03:00
1.0209690437482892,1000,1.0219900127920374,1.0199480747045409,2024-01-02 07:04:00
1.0207880403672354,1000,1.0218088284076026,1.0197672523268682,2024-01-02 07:05:00
1.0201175287463797,1000,1.021137646275126,1.0190974112176334,2024-01-02 07:06:00
1.0215797728972535,1000,1.0226013526701507,1.0205581931243564,2024-01-02 07:07:00
1.0200356224585043,1000,1.0210556580809627,1.0190155868360458,2024-01-02 07:08:00
1.018291113559715,1000,1.0193094046732747,1.0172728224461554,2024-01-02 07:09:00
1.020229468789086,1000,1.021249698257875,1.019209239320297,2024-01-02 07:10:00
1.0200343640148821,1000,1.0210543983788969,1.0190143296508671,2024-01-02 07:11:00
1.01798227577924,1000,1.0190002580550193,1.0169642935034608,2024-01-02 07:12:00
1.0141359302305613,1000,1.0151500661607917,1.0131217943003308,2024-01-02 07:13:00
1.0123124296569417,1000,1.0133247420865985,1.0113001172272846,2024-01-02 07:14:00
1.010832583204294,1000,1.011843415787498,1.0098217506210896,2024-01-02 07:15:00
1.010711630637741,1000,1.0117223422683788,1.0097009190071033,2024-01-02 07:16:00
1.0084973679482463,1000,1.0095058653161944,1.007488870580298,2024-01-02 07:17:00
1.009871112976404,1000,1.0108809840893802,1.0088612418634275,2024-01-02 07:18:00
1.0087181760377202,1000,1.0097268942137578,1.0077094578616825,2024-01-02 07:19:00
1.0094795244739887,1000,1.0104890039984626,1.0084700449495148,2024-01-02 07:20:00
1.0085568510419605,1000,1.0095654078930023,1.0075482941909184,2024-01-02 07:21:00
1.0095299551670855,1000,1.0105394851222524,1.0085204252119184,2024-01-02 07:22:00
1.0106658486567068,1000,1.0116765145053634,1.0096551828080502,2024-01-02 07:23:00
1.0135336484392852,1000,1.0145471820877243,1.0125201147908458,2024-01-02 07:24:00
1.01361208122039,1000,1.0146256933016102,1.0125984691391696,2024-01-02 07:25:00
1.012082597194882,1000,1.0130946797920768,1.011070514597687,2024-01-02 07:26:00
1.0097965338751054,1000,1.0108063304089803,1.0087867373412303,2024-01-02 07:27:00
1.00836456982894,1000,1.009372934398769,1.0073562052591112,2024-01-02 07:28:00
1.0067765114566196,1000,1.0077832879680761,1.005769734945163,2024-01-02 07:29:00
1.0056855406921286,1000,1.0066912262328205,1.0046798551514364,2024-01-02 07:30:00
1.0063230474088594,1000,1.007329370456268,1.0053167243614505,2024-01-02 07:31:00
1.0065056352232444,1000,1.0075121408584675,1.0054991295880211,2024-01-02 07:32:00
1.0072992131386853,1000,1.0083065123518238,1.0062919139255466,2024-01-02 07:33:00
1.0104230941446477,1000,1.0114335172387923,1.0094126710505031,2024-01-02 07:34:00
1.0120682724568089,1000,1.0130803407292654,1.011056204184352,2024-01-02 07:35:00
1.0110907042221922,1000,1.0121017949264142,1.01007961351797,2024-01-02 07:36:00
1.0105777623772987,1000,1.011588340139676,1.0095671846149215,2024-01-02 07:37:00
1.0101125970167366,1000,1.0111227096137532,1.0091024844197198,2024-01-02 07:38:00
1.0113121208256068,1000,1.0123234329464323,1.0103008087047813,2024-01-02 07:39:00
1.012113952138835,1000,1.0131260660909736,1.011101838186696,2024-01-02 07:40:00
1.0122210714150632,1000,1.0132332924864782,1.0112088503436483,2024-01-02 07:41:00
1.0136072037510042,1000,1.0146208109547552,1.0125935965472532,2024-01-02 07:42:00
1.0121341630840375,1000,1.0131462972471215,1.0111220289209535,2024-01-02 07:43:00
1.0100539170799714,1000,1.0110639709970513,1.0090438631628915,2024-01-02 07:44:00
1.0112068258767175,1000,1.012218032702594,1.0101956190508408,2024-01-02 07:45:00
1.0125009567013759,1000,1.013513457658077,1.0114884557446744,2024-01-02 07:46:00
1.0154790771926658,1000,1.0164945562698584,1.0144635981154733,2024-01-02 07:47:00
1.0166289103942863,1000,1.0176455393046804,1.015612281483892,2024-01-02 07:48:00
1.0172568975869716,1000,1.0182741544845584,1.0162396406893845,2024-01-02 07:49:00
1.0121556649869448,1000,1.0131678206519317,1.0111435093219578,2024-01-02 07:50:00
1.0097915024713058,1000,1.010801293973777,1.0087817109688344,2024-01-02 07:51:00
1.0090633837421912,1000,1.0100724471259332,1.0080543203584489,2024-01-02 07:52:00
1.0092607421743427,1000,1.010270002916517,1.0082514814321684,2024-01-02 07:53:00
1.0086280612528802,1000,1.0096366893141329,1.0076194331916273,2024-01-02 07:54:00
1.0078085016761833,1000,1.0088163101778593,1.006800693174507,2024-01-02 07:55:00
1.008963434149833,1000,1.0099723975839827,1.0079544707156831,2024-01-02 07:56:00
1.0102369524755679,1000,1.0112471894280433,1.0092267155230923,2024-01-02 07:57:00
1.0100829911292464,1000,1.0110930741203754,1.0090729081381171,2024-01-02 07:58:00
1.0091419914431672,1000,1.0101511334346103,1.008132849451724,2024-01-02 07:59:00
1.0106046852661092,1000,1.0116152899513753,1.0095940805808432,2024-01-02 08:00:00
1.0109030161419281,1000,1.01191391915807,1.009892113125786,2024-01-02 08:01:00
1.0137266625827124,1000,1.014740389245295,1.0127129359201297,2024-01-02 08:02:00
1.010266624236377,1000,1.0112768908606131,1.0092563576121405,2024-01-02 08:03:00
1.0068487506665023,1000,1.0078555994171687,1.0058419019158358,2024-01-02 08:04:00
1.0071828478331042,1000,1.0081900306809373,1.0061756649852711,2024-01-02 08:05:00
1.0083684199120604,1000,1.0093767883319724,1.0073600514921484,2024-01-02 08:06:00
1.0100079622748472,1000,1.011017970237122,1.0089979543125724,2024-01-02 08:07:00
1.0079923664723838,1000,1.009000358838856,1.0069843741059115,2024-01-02 08:08:00
1.0060290433222028,1000,1.0070350723655248,1.0050230142788805,2024-01-02 08:09:00
1.0095715887723724,1000,1.0105811603611448,1.0085620171836,2024-01-02 08:10:00
1.009111630743528,1000,1.0101207423742713,1.0081025191127844,2024-01-02 08:11:00
1.0100453638085245,1000,1.011055409172333,1.009035318444716,2024-01-02 08:12:00
1.0090900796390254,1000,1.0100991697186643,1.0080809895593863,2024-01-02 08:13:00
1.008482108981832,1000,1.0094905910908138,1.0074736268728504,2024-01-02 08:14:00
1.0101196024500714,1000,1.0111297220525213,1.0091094828476213,2024-01-02 08:15:00
1.0114141229555187,1000,1.012425537078474,1.0104027088325631,2024-01-02 08:16:00
1.00982758408251,1000,1.0108374116665924,1.0088177564984275,2024-01-02 08:17:00
1.0144857657082236,1000,1.0155002514739317,1.0134712799425154,2024-01-02 08:18:00
1.0126981139877154,1000,1.0137108121017029,1.0116854158737276,2024-01-02 08:19:00
1.0143439197200643,1000,1.0153582636397842,1.0133295758003442,2024-01-02 08:20:00
1.0150660763265145,1000,1.0160811424028409,1.0140510102501878,2024-01-02 08:21:00
1.012200326365346,1000,1.0132125266917114,1.0111881260389808,2024-01-02 08:22:00
1.014048199595038,1000,1.0150622477946327,1.0130341513954428,2024-01-02 08:23:00
1.0150481655598464,1000,1.0160632137254062,1.0140331173942867,2024-01-02 08:24:00
1.0138621763719382,1000,1.01487603854831,1.0128483141955662,2024-01-02 08:25:00
1.0138322510791347,1000,1.0148460833302138,1.0128184188280556,2024-01-02 08:26:00
1.0154868779183885,1000,1.0165023647963067,1.0144713910404701,2024-01-02 08:27:00
1.0141383628563654,1000,1.0151525012192217,1.013124224493509,2024-01-02 08:28:00
1.0115444044636372,1000,1.0125559488681009,1.0105328600591736,2024-01-02 08:29:00
1.0153980342715958,1000,1.0164134323058673,1.0143826362373243,2024-01-02 08:30:00
1.01687948397164,1000,1.0178963634556115,1.0158626044876684,2024-01-02 08:31:00
1.018306941212421,1000,1.0193252481536335,1.0172886342712086,2024-01-02 08:32:00
1.0186824020559317,1000,1.0197010844579875,1.0176637196538758,2024-01-02 08:33:00
1.0186767096126474,1000,1.01969538632226,1.0176580329030347,2024-01-02 08:34:00
1.0201017889676427,1000,1.0211218907566102,1.019081687178675,2024-01-02 08:35:00
1.0199291578807903,1000,1.020949087038671,1.0189092287229096,2024-01-02 08:36:00
1.0181841296718672,1000,1.019202313801539,1.0171659455421953,2024-01-02 08:37:00
1.0219764862680538,1000,1.0229984627543218,1.0209545097817858,2024-01-02 08:38:00
1.0208275060812568,1000,1.021848333587338,1.0198066785751756,2024-01-02 08:39:00
1.0218998095717864,1000,1.022921709381358,1.0208779097622147,2024-01-02 08:40:00
1.0211988113333574,1000,1.0222200101446908,1.020177612522024,2024-01-02 08:41:00
1.0184524504159416,1000,1.0194709028663573,1.0174339979655256,2024-01-02 08:42:00
1.0188048783689412,1000,1.01982368324731,1.0177860734905722,2024-01-02 08:43:00
1.0210585023900207,1000,1.0220795608924107,1.0200374438876307,2024-01-02 08:44:00
1.0199431374458168,1000,1.0209630805832626,1.018923194308371,2024-01-02 08:45:00
1.0191191203966257,1000,1.0201382395170222,1.0181000012762291,2024-01-02 08:46:00
1.0199813705920506,1000,1.0210013519626426,1.0189613892214586,2024-01-02 08:47:00
1.01907692591304,1000,1.020096002838953,1.018057848987127,2024-01-02 08:48:00
1.0170502789488791,1000,1.018067329227828,1.0160332286699303,2024-01-02 08:49:00
1.016030015560377,1000,1.0170460455759371,1.0150139855448166,2024-01-02 08:50:00
1.0135934394904182,1000,1.0146070329299086,1.0125798460509279,2024-01-02 08:51:00
1.0099452481147935,1000,1.0109551933629082,1.0089353028666788,2024-01-02 08:52:00
1.0115610476130086,1000,1.0125726086606215,1.0105494865653957,2024-01-02 08:53:00
1.0153518407054367,1000,1.016367192546142,1.0143364888647313,2024-01-02 08:54:00
1.0157946524818315,1000,1.0168104471343133,1.0147788578293497,2024-01-02 08:55:00
1.0166666375093103,1000,1.0176833041468194,1.015649970871801,2024-01-02 08:56:00
1.0182565199879472,1000,1.019274776507935,1.0172382634679593,2024-01-02 08:57:00
1.0208147923644892,1000,1.0218356071568535,1.0197939775721248,2024-01-02 08:58:00
1.0190999674425687,1000,1.0201190674100111,1.018080867475126,2024-01-02 08:59:00
1.0184393491755943,1000,1.0194577885247698,1.0174209098264186,2024-01-02 09:00:00
1.0184463866845443,1000,1.0194648330712288,1.0174279402978599,2024-01-02 09:01:00
1.0181864447842486,1000,1.0192046312290328,1.0171682583394643,2024-01-02 09:02:00
1.0184617564978815,1000,1.0194802182543792,1.0174432947413836,2024-01-02 09:03:00
1.0168640302337835,1000,1.0178808942640172,1.0158471662035498,2024-01-02 09:04:00
1.0167519041138622,1000,1.017768656017976,1.0157351522097484,2024-01-02 09:05:00
1.0171873018867272,1000,1.018204489188614,1.0161701145848405,2024-01-02 09:06:00
1.0170443595242833,1000,1.0180614038838074,1.016027315164759,2024-01-02 09:07:00
1.0164159197534626,1000,1.017432335673216,1.0153995038337091,2024-01-02 09:08:00
1.0156398966877889,1000,1.0166555365844765,1.014624256791101,2024-01-02 09:09:00
1.016850447441424,1000,1.0178672978888652,1.0158335969939825,2024-01-02 09:10:00
1.0193759282982482,1000,1.0203953042265463,1.01835655236995,2024-01-02 09:11:00
1.0208632130694695,1000,1.0218840762825387,1.0198423498564,2024-01-02 09:12:00
1.0235534865832698,1000,1.024577040069853,1.0225299330966866,2024-01-02 09:13:00
1.0266531195093678,1000,1.027679772628877,1.0256264663898584,2024-01-02 09:14:00
1.0266573112368924,1000,1.0276839685481292,1.0256306539256554,2024-01-02 09:15:00
1.0241262135452962,1000,1.0251503397588413,1.023102087331751,2024-01-02 09:16:00
1.0210675245813674,1000,1.0220885921059486,1.020046457056786,2024-01-02 09:17:00
1.0213461673731865,1000,1.0223675135405597,1.0203248212058134,2024-01-02 09:18:00
1.0260982633027032,1000,1.0271243615660057,1.0250721650394004,2024-01-02 09:19:00
1.0246655821132842,1000,1.0256902476953973,1.0236409165311708,2024-01-02 09:20:00
1.0237167375695553,1000,1.0247404543071248,1.0226930208319858,2024-01-02 09:21:00
1.0202286439234807,1000,1.021248872567404,1.0192084152795573,2024-01-02 09:22:00
1.0199618731611677,1000,1.0209818350343287,1.0189419112880065,2024-01-02 09:23:00
1.0235112879282806,1000,1.0245347992162088,1.0224877766403524,2024-01-02 09:24:00
1.021744158516896,1000,1.0227659026754128,1.020722414358379,2024-01-02 09:25:00
1.0228501195459128,1000,1.0238729696654585,1.0218272694263668,2024-01-02 09:26:00
1.0213744784349668,1000,1.0223958529134016,1.020353103956532,2024-01-02 09:27:00
1.0206852254349237,1000,1.0217059106603585,1.0196645402094888,2024-01-02 09:28:00
1.0214478405707745,1000,1.022469288411345,1.0204263927302037,2024-01-02 09:29:00
1.0181796331216948,1000,1.0191978127548165,1.0171614534885731,2024-01-02 09:30:00
1.01941914444399,1000,1.0204385635884339,1.018399725299546,2024-01-02 09:31:00
1.0188741497703357,1000,1.019893023920106,1.0178552756205654,2024-01-02 09:32:00
1.0189453558162525,1000,1.0199643011720685,1.0179264104604362,2024-01-02 09:33:00
1.0159173328008357,1000,1.0169332501336366,1.014901415468035,2024-01-02 09:34:00
1.0170118523226952,1000,1.0180288641750177,1.0159948404703725,2024-01-02 09:35:00
1.016486149730458,1000,1.0175026358801884,1.0154696635807277,2024-01-02 09:36:00
1.0167602798829574,1000,1.0177770401628403,1.0157435196030744,2024-01-02 09:37:00
1.0147383113111519,1000,1.015753049622463,1.0137235729998408,2024-01-02 09:38:00
1.0163838386600723,1000,1.0174002224987322,1.0153674548214122,2024-01-02 09:39:00
1.0115319809312024,1000,1.0125435129121336,1.0105204489502713,2024-01-02 09:40:00
1.0078054362778426,1000,1.0088132417141202,1.0067976308415647,2024-01-02 09:41:00
1.0079930871495704,1000,1.0090010802367197,1.0069850940624208,2024-01-02 09:42:00
1.0087127152170512,1000,1.0097214279322682,1.0077040025018342,2024-01-02 09:43:00
1.0087009382415206,1000,1.009709639179762,1.007692237303279,2024-01-02 09:44:00
1.0085274784383846,1000,1.009536005916823,1.0075189509599463,2024-01-02 09:45:00
1.0090898412724987,1000,1.0100989311137711,1.0080807514312262,2024-01-02 09:46:00
1.0047310637196687,1000,1.0057357947833883,1.0037263326559491,2024-01-02 09:47:00
1.0049622162998584,1000,1.0059671785161581,1.0039572540835586,2024-01-02 09:48:00
1.0053547005165173,1000,1.0063600552170338,1.0043493458160009,2024-01-02 09:49:00
1.0064191552473836,1000,1.0074255744026308,1.005412736092136,2024-01-02 09:50:00
1.0066416700768184,1000,1.007648311746895,1.0056350284067415,2024-01-02 09:51:00
1.008472806838747,1000,1.0094812796455856,1.0074643340319083,2024-01-02 09:52:00
1.007623045269656,1000,1.0086306683149255,1.0066154222243864,2024-01-02 09:53:00
1.005868405132644,1000,1.0068742735377767,1.0048625367275115,2024-01-02 09:54:00
1.0032978354872144,1000,1.0043011333227014,1.0022945376517272,2024-01-02 09:55:00
1.0053090804078988,1000,1.0063143894883066,1.004303771327491,2024-01-02 09:56:00
1.0055499883655115,1000,1.006555538353877,1.004544438377146,2024-01-02 09:57:00
1.0058648278034301,1000,1.0068706926312334,1.0048589629756266,2024-01-02 09:58:00
1.0055370675431914,1000,1.0065426046107344,1.0045315304756481,2024-01-02 09:59:00
1.0063306055479402,1000,1.007336936153488,1.0053242749423923,2024-01-02 10:00:00
1.0080805457806878,1000,1.0090886263264685,1.0070724652349072,2024-01-02 10:01:00
1.0073918157908552,1000,1.008399207606646,1.0063844239750643,2024-01-02 10:02:00
1.0060766672040071,1000,1.007082743871211,1.0050705905368031,2024-01-02 10:03:00
1.005282431394015,1000,1.006287713825409,1.004277148962621,2024-01-02 10:04:00
1.0054138718248067,1000,1.0064192856966314,1.004408457952982,2024-01-02 10:05:00
1.0013352783918126,1000,1.0023366136702043,1.0003339431134208,2024-01-02 10:06:00
0.9998928798962615,1000,1.0008927727761576,0.9988929870163653,2024-01-02 10:07:00
1.0019735993521515,1000,1.0029755729515035,1.0009716257527994,2024-01-02 10:08:00
1.002457221409635,1000,1.0034596786310446,1.0014547641882254,2024-01-02 10:09:00
1.0024480125757018,1000,1.0034504605882775,1.0014455645631262,2024-01-02 10:10:00
1.0032896586516635,1000,1.0042929483103151,1.002286368993012,2024-01-02 10:11:00
1.0020145466859924,1000,1.0030165612326782,1.0010125321393064,2024-01-02 10:12:00
1.0033107811511388,1000,1.00431409193229,1.0023074703699877,2024-01-02 10:13:00
1.004516602939823,1000,1.0055211195427627,1.0035120863368832,2024-01-02 10:14:00
1.0054681654851017,1000,1.0064736336505866,1.0044626973196165,2024-01-02 10:15:00
1.004376489187308,1000,1.005380865676495,1.0033721126981205,2024-01-02 10:16:00
1.002190912050624,1000,1.0031931029626746,1.0011887211385735,2024-01-02 10:17:00
0.9995449351599845,1000,1.0005444800951444,0.9985453902248246,2024-01-02 10:18:00
0.9982997750417658,1000,0.9992980748168074,0.9973014752667241,2024-01-02 10:19:00
0.9997414105559125,1000,1.0007411519664682,0.9987416691453566,2024-01-02 10:20:00
1.000841904419333,1000,1.0018427463237523,0.9998410625149138,2024-01-02 10:21:00
1.0027537216236382,1000,1.0037564753452617,1.0017509679020145,2024-01-02 10:22:00
1.0075717166989535,1000,1.0085792884156524,1.0065641449822547,2024-01-02 10:23:00
1.0066191943365386,1000,1.007625813530875,1.005612575142202,2024-01-02 10:24:00
1.0092757971043604,1000,1.0102850729014647,1.0082665213072561,2024-01-02 10:25:00
1.0116267729759074,1000,1.0126383997488833,1.0106151462029316,2024-01-02 10:26:00
1.008416257062507,1000,1.0094246733195695,1.0074078408054445,2024-01-02 10:27:00
1.0095534750123238,1000,1.0105630284873361,1.0085439215373115,2024-01-02 10:28:00
1.0085056202197151,1000,1.0095141258399347,1.0074971145994953,2024-01-02 10:29:00
1.0087838727122216,1000,1.0097926565849338,1.0077750888395094,2024-01-02 10:30:00
1.0055359816706728,1000,1.0065415176523433,1.004530445689002,2024-01-02 10:31:00
1.0060667586266492,1000,1.0070728253852756,1.0050606918680225,2024-01-02 10:32:00
1.0050173139387995,1000,1.006022331252738,1.0040122966248606,2024-01-02 10:33:00
1.0033772168368789,1000,1.0043805940537156,1.002373839620042,2024-01-02 10:34:00
1.0045889232816398,1000,1.0055935122049213,1.0035843343583581,2024-01-02 10:35:00
1.0056315764503083,1000,1.0066372080267585,1.004625944873858,2024-01-02 10:36:00
1.0070696523567957,1000,1.0080767220091524,1.006062582704439,2024-01-02 10:37:00
1.0071457882096035,1000,1.008152933997813,1.0061386424213938,2024-01-02 10:38:00
1.0075411598132518,1000,1.008548700973065,1.0065336186534386,2024-01-02 10:39:00
1.0064442423498487,1000,1.0074506865921984,1.005437798107499,2024-01-02 10:40:00
1.0073599628519605,1000,1.0083673228148125,1.0063526028891085,2024-01-02 10:41:00
1.0071235418567548,1000,1.0081306653986115,1.006116418314898,2024-01-02 10:42:00
1.0050158822587583,1000,1.0060208981410168,1.0040108663764995,2024-01-02 10:43:00
1.002045896562681,1000,1.0030479424592436,1.0010438506661183,2024-01-02 10:44:00
1.0022070791653657,1000,1.003209286244531,1.0012048720862003,2024-01-02 10:45:00
1.0028220480799532,1000,1.003824870128033,1.0018192260318732,2024-01-02 10:46:00
1.000582628407088,1000,1.001583211035495,0.9995820457786809,2024-01-02 10:47:00
1.002593420933269,1000,1.0035960143542022,1.0015908275123357,2024-01-02 10:48:00
1.0052544190511012,1000,1.0062596734701523,1.0042491646320502,2024-01-02 10:49:00
1.0053104862854176,1000,1.006315796771703,1.0043051757991321,2024-01-02 10:50:00
1.0058713414127307,1000,1.0068772127541434,1.004865470071318,2024-01-02 10:51:00
1.0044536417399401,1000,1.0054580953816799,1.0034491880982002,2024-01-02 10:52:00
1.0031050107380832,1000,1.0041081157488212,1.002101905727345,2024-01-02 10:53:00
1.0036377946506696,1000,1.0046414324453201,1.0026341568560189,2024-01-02 10:54:00
1.0074498321742078,1000,1.008457282006382,1.0064423823420336,2024-01-02 10:55:00
1.0087854826580025,1000,1.0097942681406604,1.0077766971753446,2024-01-02 10:56:00
1.0091395803368004,1000,1.010148719917137,1.0081304407564635,2024-01-02 10:57:00
1.0085133837336695,1000,1.0095218971174031,1.0075048703499359,2024-01-02 10:58:00
1.0127924635067147,1000,1.0138052559702213,1.011779671043208,2024-01-02 10:59:00
1.012862287016812,1000,1.0138751493038287,1.011849424729795,2024-01-02 11:00:00
1.0121899659308051,1000,1.013202155896736,1.0111777759648743,2024-01-02 11:01:00
1.0072835813976517,1000,1.0082908649790492,1.006276297816254,2024-01-02 11:02:00
1.00632398768189,1000,1.0073303116695718,1.005317663694208,2024-01-02 11:03:00
1.0084531732856568,1000,1.0094616264589422,1.007444720112371,2024-01-02 11:04:00
1.010837555041536,1000,1.0118483925965776,1.0098267174864946,2024-01-02 11:05:00
1.0140532957481845,1000,1.0150673490439326,1.0130392424524364,2024-01-02 11:06:00
1.0111620559304964,1000,1.0121732179864267,1.0101508938745658,2024-01-02 11:07:00
1.0117501432392182,1000,1.0127618933824574,1.010738393095979,2024-01-02 11:08:00
1.011002676611736,1000,1.0120136792883476,1.0099916739351242,2024-01-02 11:09:00
1.0103002432790777,1000,1.0113105435223566,1.0092899430357987,2024-01-02 11:10:00
1.0107696340354702,1000,1.0117804036695055,1.0097588644014346,2024-01-02 11:11:00
1.01661670973921,1000,1.0176333264489492,1.0156000930294709,2024-01-02 11:12:00
1.0164415876834534,1000,1.0174580292711368,1.01542514609577,2024-01-02 11:13:00
1.0146413244916788,1000,1.0156559658161703,1.0136266831671872,2024-01-02 11:14:00
1.0124423572979693,1000,1.0134547996552672,1.0114299149406714,2024-01-02 11:15:00
1.0106508922585518,1000,1.0116615431508102,1.0096402413662933,2024-01-02 11:16:00
1.0121307635313852,1000,1.0131428942949166,1.0111186327678539,2024-01-02 11:17:00
1.010295217198126,1000,1.011305512415324,1.009284921980928,2024-01-02 11:18:00
1.0076440916548461,1000,1.0086517357465008,1.0066364475631913,2024-01-02 11:19:00
1.0111543230446638,1000,1.0121654773677085,1.0101431687216191,2024-01-02 11:20:00
1.0103658129005053,1000,1.0113761787134057,1.0093554470876047,2024-01-02 11:21:00
1.0108636593223306,1000,1.0118745229816528,1.0098527956630083,2024-01-02 11:22:00
1.008305624491215,1000,1.0093139301157061,1.0072973188667238,2024-01-02 11:23:00
1.005087166184944,1000,1.006092253351129,1.0040820790187592,2024-01-02 11:24:00
1.002420505372715,1000,1.0034229258780878,1.0014180848673424,2024-01-02 11:25:00
1.0043660343188043,1000,1.005370400353123,1.0033616682844855,2024-01-02 11:26:00
1.0060988958333439,1000,1.007104994729177,1.0050927969375105,2024-01-02 11:27:00
1.0044885658178564,1000,1.0054930543836742,1.0034840772520386,2024-01-02 11:28:00
1.0060782391670482,1000,1.0070843174062152,1.0050721609278812,2024-01-02 11:29:00
1.0044731142273857,1000,1.005477587341613,1.0034686411131584,2024-01-02 11:30:00
1.004889714602697,1000,1.0058946043172996,1.0038848248880943,2024-01-02 11:31:00
1.0085964759289365,1000,1.0096050724048653,1.0075878794530075,2024-01-02 11:32:00
1.0063951664646056,1000,1.00740156163107,1.005388771298141,2024-01-02 11:33:00
1.0053646953379924,1000,1.0063700600333303,1.0043593306426544,2024-01-02 11:34:00
1.0014030285053797,1000,1.002404431533885,1.0004016254768742,2024-01-02 11:35:00
1.0004334584125991,1000,1.0014338918710115,0.9994330249541865,2024-01-02 11:36:00
1.003654205720432,1000,1.0046578599261524,1.0026505515147117,2024-01-02 11:37:00
1.0083196704148374,1000,1.009327990085252,1.0073113507444225,2024-01-02 11:38:00
1.0048616571159348,1000,1.0058665187730507,1.003856795458819,2024-01-02 11:39:00
1.0038196426244268,1000,1.004823462267051,1.0028158229818023,2024-01-02 11:40:00
1.0002699992348258,1000,1.0012702692340605,0.999269729235591,2024-01-02 11:41:00
0.9975074336982023,1000,0.9985049411319004,0.9965099262645041,2024-01-02 11:42:00
0.9976078301928399,1000,0.9986054380230327,0.9966102223626471,2024-01-02 11:43:00
0.9948650217941909,1000,0.995859886815985,0.9938701567723967,2024-01-02 11:44:00
0.997679047148178,1000,0.9986767261953261,0.9966813681010298,2024-01-02 11:45:00
0.9948874837447824,1000,0.9958823712285271,0.9938925962610377,2024-01-02 11:46:00
0.9934181211292322,1000,0.9944115392503613,0.992424703008103,2024-01-02 11:47:00
0.9947813583966751,1000,0.9957761397550717,0.9937865770382784,2024-01-02 11:48:00
0.9918841882690049,1000,0.9928760724572738,0.9908923040807359,2024-01-02 11:49:00
0.99155706952504,1000,0.9925486265945649,0.9905655124555149,2024-01-02 11:50:00
0.9908471160707016,1000,0.9918379631867722,0.989856268954631,2024-01-02 11:51:00
0.9880626622785983,1000,0.9890507249408768,0.9870745996163197,2024-01-02 11:52:00
0.9889988491051549,1000,0.98998784795426,0.9880098502560497,2024-01-02 11:53:00
0.9910823006190689,1000,0.9920733829196878,0.9900912183184498,2024-01-02 11:54:00
0.9922063189811932,1000,0.9931985253001743,0.9912141126622119,2024-01-02 11:55:00
0.9977637448408657,1000,0.9987615085857064,0.9967659810960249,2024-01-02 11:56:00
0.9976169529374537,1000,0.998614569890391,0.9966193359845162,2024-01-02 11:57:00
0.9952478721419804,1000,0.9962431200141223,0.9942526242698384,2024-01-02 11:58:00
0.9968263819044406,1000,0.997823208286345,0.9958295555225362,2024-01-02 11:59:00
1.000640835723014,1000,1.001641476558737,0.9996401948872911,2024-01-02 12:00:00
1.0026155435116892,1000,1.003618159055201,1.0016129279681776,2024-01-02 12:01:00
1.0014880529655188,1000,1.0024895410184842,1.0004865649125532,2024-01-02 12:02:00
1.0022237525740074,1000,1.0032259763265814,1.0012215288214334,2024-01-02 12:03:00
1.0003647082814247,1000,1.001365072989706,0.9993643435731432,2024-01-02 12:04:00
1.0011816921036145,1000,1.0021828737957181,1.000180510411511,2024-01-02 12:05:00
1.000316872398696,1000,1.0013171892710946,0.9993165555262973,2024-01-02 12:06:00
0.9986130816627242,1000,0.9996116947443868,0.9976144685810615,2024-01-02 12:07:00
0.9983650275814345,1000,0.9993633926090159,0.9973666625538531,2024-01-02 12:08:00
0.9999116539422072,1000,1.0009115655961494,0.998911742288265,2024-01-02 12:09:00
0.9999930359938508,1000,1.0009930290298445,0.998993042957857,2024-01-02 12:10:00
0.9999860167472934,1000,1.0009860027640405,0.998986030730546,2024-01-02 12:11:00
1.000157389984776,1000,1.0011575473747607,0.9991572325947912,2024-01-02 12:12:00
1.004086219390271,1000,1.0050903056096612,1.0030821331708808,2024-01-02 12:13:00
1.00163282076808,1000,1.002634453588848,1.000631187947312,2024-01-02 12:14:00
0.99904469650289,1000,1.0000437411993928,0.998045651806387,2024-01-02 12:15:00
0.9977196010032998,1000,0.998717320604303,0.9967218814022966,2024-01-02 12:16:00
0.9966878260355986,1000,0.997684513861634,0.995691138209563,2024-01-02 12:17:00
0.9968169149128173,1000,0.99781373182773,0.9958200979979045,2024-01-02 12:18:00
0.9965290497227746,1000,0.9975255787724973,0.9955325206730518,2024-01-02 12:19:00
0.9977975383093461,1000,0.9987953358476553,0.9967997407710368,2024-01-02 12:20:00
0.9922718305971797,1000,0.9932641024277767,0.9912795587665826,2024-01-02 12:21:00
0.9910599524576507,1000,0.9920510124101082,0.990068892505193,2024-01-02 12:22:00
0.9927183189754741,1000,0.9937110372944495,0.9917256006564986,2024-01-02 12:23:00
0.9923270386337707,1000,0.9933193656724043,0.991334711595137,2024-01-02 12:24:00
0.9899825858979212,1000,0.990972568483819,0.9889926033120233,2024-01-02 12:25:00
0.9868581162060964,1000,0.9878449743223024,0.9858712580898903,2024-01-02 12:26:00
0.9908764996429121,1000,0.9918673761425549,0.9898856231432692,2024-01-02 12:27:00
0.9921340845980894,1000,0.9931262186826874,0.9911419505134913,2024-01-02 12:28:00
0.9915325198268128,1000,0.9925240523466395,0.9905409873069859,2024-01-02 12:29:00
0.9898487653944787,1000,0.9908386141598731,0.9888589166290843,2024-01-02 12:30:00
0.9898773841787928,1000,0.9908672615629714,0.988887506794614,2024-01-02 12:31:00
0.9915136391917652,1000,0.9925051528309569,0.9905221255525734,2024-01-02 12:32:00
0.9899212664742201,1000,0.9909111877406942,0.9889313452077458,2024-01-02 12:33:00
0.9911601593557987,1000,0.9921513195151545,0.9901689991964429,2024-01-02 12:34:00
0.991238070069725,1000,0.9922293081397946,0.9902468319996552,2024-01-02 12:35:00
0.9895656944188421,1000,0.9905552601132609,0.9885761287244232,2024-01-02 12:36:00
0.9942910649878169,1000,0.9952853560528047,0.9932967739228291,2024-01-02 12:37:00
0.9957659608135542,1000,0.9967617267743676,0.9947701948527407,2024-01-02 12:38:00
0.9969308839835234,1000,0.9979278148675068,0.9959339530995398,2024-01-02 12:39:00
0.9955540919113108,1000,0.996549646003222,0.9945585378193995,2024-01-02 12:40:00
0.9963578849905665,1000,0.997354242875557,0.995361527105576,2024-01-02 12:41:00
0.9959751859780293,1000,0.9969711611640072,0.9949792107920512,2024-01-02 12:42:00
0.9945813521485136,1000,0.995575933500662,0.9935867707963651,2024-01-02 12:43:00
0.9919745129966808,1000,0.9929664875096774,0.9909825384836841,2024-01-02 12:44:00
0.9945766806787075,1000,0.9955712573593861,0.9935821039980288,2024-01-02 12:45:00
0.992979006367707,1000,0.9939719853740746,0.9919860273613392,2024-01-02 12:46:00
0.9942923863538713,1000,0.995286678740225,0.9932980939675174,2024-01-02 12:47:00
0.9927093125312751,1000,0.9937020218438063,0.9917166032187439,2024-01-02 12:48:00
0.9900598064157377,1000,0.9910498662221533,0.9890697466093219,2024-01-02 12:49:00
0.9915907160849885,1000,0.9925823068010734,0.9905991253689035,2024-01-02 12:50:00
0.9907779639465023,1000,0.9917687419104487,0.9897871859825558,2024-01-02 12:51:00
0.9902321182278503,1000,0.9912223503460781,0.9892418861096225,2024-01-02 12:52:00
0.9910410513719993,1000,0.9920320924233712,0.9900500103206272,2024-01-02 12:53:00
0.98847229126676,1000,0.9894607635580266,0.9874838189754932,2024-01-02 12:54:00
0.9883367930222096,1000,0.9893251298152317,0.9873484562291873,2024-01-02 12:55:00
0.9893167802376845,1000,0.9903060970179222,0.9883274634574468,2024-01-02 12:56:00
0.9918728101859116,1000,0.9928646829960973,0.9908809373757257,2024-01-02 12:57:00
0.9888901693241344,1000,0.9898790594934584,0.9879012791548103,2024-01-02 12:58:00
0.9877674900063583,1000,0.9887552574963646,0.9867797225163519,2024-01-02 12:59:00
0.9884259808721215,1000,0.9894144068529935,0.9874375548912494,2024-01-02 13:00:00
0.9918329904299197,1000,0.9928248234203495,0.9908411574394898,2024-01-02 13:01:00
0.9934165821282921,1000,0.9944099987104202,0.9924231655461638,2024-01-02 13:02:00
0.9963808162622068,1000,0.9973771970784688,0.9953844354459446,2024-01-02 13:03:00
0.9952738320173428,1000,0.99626910584936,0.9942785581853254,2024-01-02 13:04:00
0.9964831946336481,1000,0.9974796778282816,0.9954867114390145,2024-01-02 13:05:00
0.9944223163665982,1000,0.9954167386829647,0.9934278940502316,2024-01-02 13:06:00
0.9959932769718264,1000,0.9969892702487981,0.9949972836948545,2024-01-02 13:07:00
0.994558726380559,1000,0.9955532851069394,0.9935641676541784,2024-01-02 13:08:00
0.9932329842013973,1000,0.9942262171855986,0.9922397512171959,2024-01-02 13:09:00
0.9954665782023014,1000,0.9964620447805036,0.9944711116240992,2024-01-02 13:10:00
0.9939607278823698,1000,0.994954688610252,0.9929667671544874,2024-01-02 13:11:00
0.9920610678197238,1000,0.9930531288875434,0.9910690067519041,2024-01-02 13:12:00
0.9936021981722607,1000,0.9945958003704328,0.9926085959740885,2024-01-02 13:13:00
0.9959931040213369,1000,0.9969890971253581,0.9949971109173156,2024-01-02 13:14:00
1.0006112186455587,1000,1.001611829864204,0.9996106074269131,2024-01-02 13:15:00
1.0015829999474886,1000,1.002584582947436,1.000581416947541,2024-01-02 13:16:00
0.9974976279363278,1000,0.998495125564264,0.9965001303083915,2024-01-02 13:17:00
0.9975590061899603,1000,0.9985565651961501,0.9965614471837704,2024-01-02 13:18:00
1.0003663274000751,1000,1.001366693727475,0.9993659610726751,2024-01-02 13:19:00
1.0001750268882728,1000,1.001175201915161,0.9991748518613844,2024-01-02 13:20:00
0.9977162442576313,1000,0.9987139605018888,0.9967185280133737,2024-01-02 13:21:00
0.996525257602192,1000,0.9975217828597941,0.9955287323445898,2024-01-02 13:22:00
0.9916854905866616,1000,0.9926771760772481,0.9906938050960749,2024-01-02 13:23:00
0.9926176559058588,1000,0.9936102735617646,0.991625038249953,2024-01-02 13:24:00
0.9913934257288329,1000,0.9923848191545617,0.9904020323031041,2024-01-02 13:25:00
0.9897086813037796,1000,0.9906983899850833,0.9887189726224759,2024-01-02 13:26:00
0.9881267419521622,1000,0.9891148686941142,0.9871386152102101,2024-01-02 13:27:00
0.9887840766165282,1000,0.9897728606931446,0.9877952925399117,2024-01-02 13:28:00
0.9893258194860025,1000,0.9903151453054884,0.9883364936665165,2024-01-02 13:29:00
0.9906667626406506,1000,0.9916574294032912,0.9896760958780099,2024-01-02 13:30:00
0.99103862755837,1000,0.9920296661859282,0.9900475889308117,2024-01-02 13:31:00
0.9918965344087726,1000,0.9928884309431812,0.9909046378743638,2024-01-02 13:32:00
0.9943677384747984,1000,0.9953621062132731,0.9933733707363236,2024-01-02 13:33:00
0.9943456959212806,1000,0.9953400416172018,0.9933513502253594,2024-01-02 13:34:00
0.993666791668568,1000,0.9946604584602364,0.9926731248768994,2024-01-02 13:35:00
0.9929360086794303,1000,0.9939289446881097,0.9919430726707509,2024-01-02 13:36:00
0.9922229916809587,1000,0.9932152146726396,0.9912307686892777,2024-01-02 13:37:00
0.990475859743083,1000,0.991466335602826,0.98948538388334,2024-01-02 13:38:00
0.9896062020664028,1000,0.9905958082684692,0.9886165958643364,2024-01-02 13:39:00
0.9890166239713193,1000,0.9900056405952905,0.988027607347348,2024-01-02 13:40:00
0.9866907661635752,1000,0.9876774569297386,0.9857040753974117,2024-01-02 13:41:00
0.9881577021082604,1000,0.9891458598103685,0.9871695444061521,2024-01-02 13:42:00
0.9839379482214183,1000,0.9849218861696396,0.982954010273197,2024-01-02 13:43:00
0.9821462748998179,1000,0.9831284211747175,0.9811641286249181,2024-01-02 13:44:00
0.9838322920996058,1000,0.9848161243917053,0.9828484598075061,2024-01-02 13:45:00
0.983487575919799,1000,0.9844710634957187,0.9825040883438791,2024-01-02 13:46:00
0.9829486931356669,1000,0.9839316418288024,0.9819657444425313,2024-01-02 13:47:00
0.9816587119531734,1000,0.9826403706651266,0.9806770532412202,2024-01-02 13:48:00
0.9803872420987224,1000,0.981367629340821,0.9794068548566237,2024-01-02 13:49:00
0.9841558210959871,1000,0.985139976917083,0.9831716652748911,2024-01-02 13:50:00
0.9861183789378324,1000,0.9871044973167701,0.9851322605588946,2024-01-02 13:51:00
0.985264496219847,1000,0.9862497607160667,0.9842792317236272,2024-01-02 13:52:00
0.9842870484441553,1000,0.9852713354925993,0.9833027613957112,2024-01-02 13:53:00
0.9846523316325977,1000,0.9856369839642302,0.9836676793009651,2024-01-02 13:54:00
0.986279944346906,1000,0.9872662242912528,0.9852936644025592,2024-01-02 13:55:00
0.9844763873652269,1000,0.985460863752592,0.9834919109778617,2024-01-02 13:56:00
0.9837489177349803,1000,0.9847326666527152,0.9827651688172453,2024-01-02 13:57:00
0.988049281885477,1000,0.9890373311673624,0.9870612326035916,2024-01-02 13:58:00
0.9867670495050943,1000,0.9877538165545993,0.9857802824555892,2024-01-02 13:59:00
0.9871296449389486,1000,0.9881167745838875,0.9861425152940096,2024-01-02 14:00:00
0.9876823004841743,1000,0.9886699827846583,0.9866946181836901,2024-01-02 14:01:00
0.9848317597092132,1000,0.9858165914689223,0.983846927949504,2024-01-02 14:02:00
0.986545555294616,1000,0.9875321008499105,0.9855590097393213,2024-01-02 14:03:00
0.9843336160599904,1000,0.9853179496760502,0.9833492824439304,2024-01-02 14:04:00
0.9856589813957035,1000,0.9866446403770991,0.9846733224143078,2024-01-02 14:05:00
0.9820871678654598,1000,0.9830692550333251,0.9811050806975944,2024-01-02 14:06:00
0.9810940322732797,1000,0.9820751263055529,0.9801129382410064,2024-01-02 14:07:00
0.9777104288683659,1000,0.9786881392972342,0.9767327184394975,2024-01-02 14:08:00
0.9765006011569979,1000,0.9774771017581547,0.9755241005558409,2024-01-02 14:09:00
0.9779719516437715,1000,0.9789499235954151,0.9769939796921278,2024-01-02 14:10:00
0.9810626703223988,1000,0.9820437329927211,0.9800816076520764,2024-01-02 14:11:00
0.9835295860886586,1000,0.9845131156747472,0.98254605650257,2024-01-02 14:12:00
0.9829587368965128,1000,0.9839416956334092,0.9819757781596163,2024-01-02 14:13:00
0.9821656047817441,1000,0.9831477703865257,0.9811834391769624,2024-01-02 14:14:00
0.9779793272113442,1000,0.9789573065385554,0.9770013478841328,2024-01-02 14:15:00
0.9757176441304843,1000,0.9766933617746147,0.9747419264863538,2024-01-02 14:16:00
0.9765239342520896,1000,0.9775004581863416,0.9755474103178375,2024-01-02 14:17:00
0.976264210931972,1000,0.9772404751429039,0.97528794672104,2024-01-02 14:18:00
0.9762408155956398,1000,0.9772170564112354,0.9752645747800441,2024-01-02 14:19:00
0.9734007580382708,1000,0.974374158796309,0.9724273572802324,2024-01-02 14:20:00
0.975947411136816,1000,0.9769233585479528,0.9749714637256792,2024-01-02 14:21:00
0.9761670999451384,1000,0.9771432670450835,0.9751909328451932,2024-01-02 14:22:00
0.9765609034306706,1000,0.9775374643341012,0.9755843425272399,2024-01-02 14:23:00
0.9762143194214344,1000,0.9771905337408557,0.975238105102013,2024-01-02 14:24:00
0.9790605660897616,1000,0.9800396266558512,0.9780815055236718,2024-01-02 14:25:00
0.9765616610482074,1000,0.9775382227092555,0.9755850993871592,2024-01-02 14:26:00
0.9755600212910918,1000,0.9765355813123827,0.9745844612698007,2024-01-02 14:27:00
0.9716683689462773,1000,0.9726400373152234,0.970696700577331,2024-01-02 14:28:00
0.9745536114655116,1000,0.9755281650769769,0.9735790578540461,2024-01-02 14:29:00
0.9740421150293027,1000,0.9750161571443319,0.9730680729142734,2024-01-02 14:30:00
0.9754918049269272,1000,0.9764672967318541,0.9745163131220003,2024-01-02 14:31:00
0.9744584443075389,1000,0.9754329027518464,0.9734839858632314,2024-01-02 14:32:00
0.9744366623281105,1000,0.9754110989904385,0.9734622256657824,2024-01-02 14:33:00
0.9738012750408788,1000,0.9747750763159195,0.9728274737658379,2024-01-02 14:34:00
0.9729277737654101,1000,0.9739007015391754,0.9719548459916446,2024-01-02 14:35:00
0.9694421447107751,1000,0.9704115868554857,0.9684727025660643,2024-01-02 14:36:00
0.9660318923720087,1000,0.9669979242643806,0.9650658604796367,2024-01-02 14:37:00
0.9682640366758299,1000,0.9692323007125057,0.9672957726391541,2024-01-02 14:38:00
0.9682727335065634,1000,0.9692410062400698,0.9673044607730569,2024-01-02 14:39:00
0.9661967900549616,1000,0.9671629868450164,0.9652305932649067,2024-01-02 14:40:00
0.9656231374635947,1000,0.9665887606010583,0.9646575143261311,2024-01-02 14:41:00
0.965192569945739,1000,0.9661577625156846,0.9642273773757932,2024-01-02 14:42:00
0.9648842215426271,1000,0.9658491057641696,0.9639193373210845,2024-01-02 14:43:00
0.9638726673371302,1000,0.9648365400044672,0.9629087946697931,2024-01-02 14:44:00
0.9661136938342407,1000,0.9670798075280749,0.9651475801404065,2024-01-02 14:45:00
0.9683821676462671,1000,0.9693505498139132,0.9674137854786208,2024-01-02 14:46:00
0.9663110919827477,1000,0.9672774030747303,0.9653447808907649,2024-01-02 14:47:00
0.9705019642215613,1000,0.9714724661857828,0.9695314622573398,2024-01-02 14:48:00
0.969104588393607,1000,0.9700736929820005,0.9681354838052134,2024-01-02 14:49:00
0.9685981277562029,1000,0.969566725883959,0.9676295296284467,2024-01-02 14:50:00
0.9668727585217143,1000,0.9678396312802359,0.9659058857631926,2024-01-02 14:51:00
0.9668482897064925,1000,0.9678151379961989,0.965881441416786,2024-01-02 14:52:00
0.9654840540339464,1000,0.9664495380879803,0.9645185699799125,2024-01-02 14:53:00
0.9652033913491327,1000,0.9661685947404817,0.9642381879577836,2024-01-02 14:54:00
0.9649513308636997,1000,0.9659162821945633,0.963986379532836,2024-01-02 14:55:00
0.9662233254586445,1000,0.9671895487841031,0.9652571021331859,2024-01-02 14:56:00
0.9650752028763198,1000,0.966040278079196,0.9641101276734434,2024-01-02 14:57:00
0.9677046238102791,1000,0.9686723284340892,0.9667369191864689,2024-01-02 14:58:00
0.971182393039672,1000,0.9721535754327116,0.9702112106466323,2024-01-02 14:59:00
0.9655001827765964,1000,0.966465682959373,0.9645346825938198,2024-01-02 15:00:00
0.9641635301540781,1000,0.965127693684232,0.963199366623924,2024-01-02 15:01:00
0.9593519804149108,1000,0.9603113323953256,0.9583926284344959,2024-01-02 15:02:00
0.9602362056168582,1000,0.961196441822475,0.9592759694112414,2024-01-02 15:03:00
0.9582020947308446,1000,0.9591602968255754,0.9572438926361138,2024-01-02 15:04:00
0.955745051338525,1000,0.9567007963898635,0.9547893062871865,2024-01-02 15:05:00
0.9561528776367925,1000,0.9571090305144292,0.9551967247591556,2024-01-02 15:06:00
0.9566400860949743,1000,0.9575967261810692,0.9556834460088793,2024-01-02 15:07:00
0.9585243667699485,1000,0.9594828911367183,0.9575658424031785,2024-01-02 15:08:00
0.9532968705754109,1000,0.9542501674459862,0.9523435737048355,2024-01-02 15:09:00
0.9529430447376045,1000,0.953895987782342,0.9519901016928669,2024-01-02 15:10:00
0.9534252053229684,1000,0.9543786305282912,0.9524717801176454,2024-01-02 15:11:00
0.953298300307655,1000,0.9542515986079626,0.9523450020073474,2024-01-02 15:12:00
0.9511606638361169,1000,0.9521118244999529,0.9502095031722807,2024-01-02 15:13:00
0.9516492456989447,1000,0.9526008949446435,0.9506975964532458,2024-01-02 15:14:00
0.9489194933199138,1000,0.9498684128132335,0.9479705738265939,2024-01-02 15:15:00
0.9448734896892443,1000,0.9458183631789335,0.9439286161995551,2024-01-02 15:16:00
0.947472436217797,1000,0.9484199086540147,0.9465249637815791,2024-01-02 15:17:00
0.9483524989541877,1000,0.9493008514531418,0.9474041464552335,2024-01-02 15:18:00
0.9511128384655682,1000,0.9520639513040337,0.9501617256271025,2024-01-02 15:19:00
0.9504307931513788,1000,0.9513812239445301,0.9494803623582274,2024-01-02 15:20:00
0.9511232636213538,1000,0.952074386884975,0.9501721403577325,2024-01-02 15:21:00
0.9535628383788268,1000,0.9545164012172056,0.952609275540448,2024-01-02 15:22:00
0.9519247974883865,1000,0.9528767222858748,0.9509728726908981,2024-01-02 15:23:00
0.9509654502041176,1000,0.9519164156543216,0.9500144847539135,2024-01-02 15:24:00
0.9514545613446842,1000,0.9524060159060288,0.9505031067833395,2024-01-02 15:25:00
0.9517333147537514,1000,0.9526850480685051,0.9507815814389977,2024-01-02 15:26:00
0.9550776803135579,1000,0.9560327579938713,0.9541226026332443,2024-01-02 15:27:00
0.9583822463838407,1000,0.9593406286302245,0.9574238641374568,2024-01-02 15:28:00
0.9608131343444508,1000,0.9617739474787952,0.9598523212101063,2024-01-02 15:29:00
0.9616255832241204,1000,0.9625872088073444,0.9606639576408963,2024-01-02 15:30:00
0.962190571099744,1000,0.9631527616708436,0.9612283805286443,2024-01-02 15:31:00
0.9623105072903138,1000,0.963272817797604,0.9613481967830234,2024-01-02 15:32:00
0.9616547811572721,1000,0.9626164359384293,0.9606931263761148,2024-01-02 15:33:00
0.9586771025159703,1000,0.9596357796184861,0.9577184254134543,2024-01-02 15:34:00
0.9603560676103395,1000,0.9613164236779498,0.9593957115427292,2024-01-02 15:35:00
0.9594729572618261,1000,0.9604324302190879,0.9585134843045643,2024-01-02 15:36:00
0.9627490681472906,1000,0.9637118172154377,0.9617863190791432,2024-01-02 15:37:00
0.9624439171633565,1000,0.9634063610805198,0.9614814732461932,2024-01-02 15:38:00
0.9632388611059025,1000,0.9642020999670083,0.9622756222447966,2024-01-02 15:39:00
0.9614533591124672,1000,0.9624148124715796,0.9604919057533547,2024-01-02 15:40:00
0.9622784915626896,1000,0.9632407700542522,0.9613162130711269,2024-01-02 15:41:00
0.9607850455884631,1000,0.9617458306340515,0.9598242605428746,2024-01-02 15:42:00
0.9630767853949431,1000,0.964039862180338,0.9621137086095481,2024-01-02 15:43:00
0.9632368231641916,1000,0.9642000599873557,0.9622735863410273,2024-01-02 15:44:00
0.9595616345896933,1000,0.9605211962242829,0.9586020729551037,2024-01-02 15:45:00
0.9568321005976669,1000,0.9577889326982645,0.9558752684970692,2024-01-02 15:46:00
0.9583704503757361,1000,0.9593288208261117,0.9574120799253604,2024-01-02 15:47:00
0.9601495013074358,1000,0.9611096508087431,0.9591893518061284,2024-01-02 15:48:00
0.9565916264249409,1000,0.9575482180513657,0.955635034798516,2024-01-02 15:49:00
0.9582378647504635,1000,0.9591961026152138,0.957279626885713,2024-01-02 15:50:00
0.9569843454901856,1000,0.9579413298356757,0.9560273611446954,2024-01-02 15:51:00
0.9557983482093029,1000,0.9567541465575121,0.9548425498610935,2024-01-02 15:52:00
0.9542955738124946,1000,0.9552498693863071,0.9533412782386821,2024-01-02 15:53:00
0.9562161141767448,1000,0.9571723302909214,0.9552598980625681,2024-01-02 15:54:00
0.9586357688332979,1000,0.9595944046021311,0.9576771330644647,2024-01-02 15:55:00
0.958836185648694,1000,0.9597950218343426,0.9578773494630453,2024-01-02 15:56:00
0.9591896013954005,1000,0.9601487909967958,0.9582304117940051,2024-01-02 15:57:00
0.9585856737129252,1000,0.9595442593866381,0.9576270880392124,2024-01-02 15:58:00
0.9582673178026987,1000,0.9592255851205013,0.957309050484896,2024-01-02 15:59:00
0.9574168941032063,1000,0.9583743109973094,0.9564594772091031,2024-01-02 16:00:00
0.9566167643208443,1000,0.957573381085165,0.9556601475565235,2024-01-02 16:01:00
0.9562072608854929,1000,0.9571634681463783,0.9552510536246074,2024-01-02 16:02:00
0.9571027987703818,1000,0.9580599015691521,0.9561456959716115,2024-01-02 16:03:00
0.9531148894407802,1000,0.9540680043302209,0.9521617745513393,2024-01-02 16:04:00
0.9524987170359489,1000,0.9534512157529847,0.951546218318913,2024-01-02 16:05:00
0.9523349426066463,1000,0.9532872775492528,0.9513826076640397,2024-01-02 16:06:00
0.9543435513611577,1000,0.9552978949125187,0.9533892078097965,2024-01-02 16:07:00
0.9540125777461799,1000,0.954966590323926,0.9530585651684337,2024-01-02 16:08:00
0.9553666045310699,1000,0.9563219711356009,0.9544112379265388,2024-01-02 16:09:00
0.9529201951462762,1000,0.9538731153414224,0.95196727495113,2024-01-02 16:10:00
0.95119305047987,1000,0.9521442435303498,0.9502418574293902,2024-01-02 16:11:00
0.947613942120823,1000,0.9485615560629437,0.9466663281787021,2024-01-02 16:12:00
0.9483363601895861,1000,0.9492846965497755,0.9473880238293966,2024-01-02 16:13:00
0.9450955782998333,1000,0.946040673878133,0.9441504827215335,2024-01-02 16:14:00
0.947700443412733,1000,0.9486481438561456,0.9467527429693202,2024-01-02 16:15:00
0.9475430993854661,1000,0.9484906424848515,0.9465955562860806,2024-01-02 16:16:00
0.9476087128140739,1000,0.9485563215268878,0.9466611041012598,2024-01-02 16:17:00
0.9493322976029299,1000,0.9502816299005328,0.948382965305327,2024-01-02 16:18:00
0.9499719329171025,1000,0.9509219048500195,0.9490219609841853,2024-01-02 16:19:00
0.9505220214502839,1000,0.951472543471734,0.9495714994288336,2024-01-02 16:20:00
0.948328508549307,1000,0.9492768370578561,0.9473801800407576,2024-01-02 16:21:00
0.9467032330341479,1000,0.947649936267182,0.9457565298011138,2024-01-02 16:22:00
0.9464301166881076,1000,0.9473765468047957,0.9454836865714195,2024-01-02 16:23:00
0.945033914944575,1000,0.9459789488595195,0.9440888810296304,2024-01-02 16:24:00
0.9439866433552848,1000,0.94493062999864,0.9430426567119296,2024-01-02 16:25:00
0.9417556865402246,1000,0.9426974422267647,0.9408139308536844,2024-01-02 16:26:00
0.942208016021607,1000,0.9431502240376285,0.9412658080055853,2024-01-02 16:27:00
0.9420755016174776,1000,0.943017577119095,0.94113342611586,2024-01-02 16:28:00
0.9402375677737159,1000,0.9411778053414895,0.9392973302059422,2024-01-02 16:29:00
0.9415232966565231,1000,0.9424648199531795,0.9405817733598666,2024-01-02 16:30:00
0.9408243803730492,1000,0.9417652047534221,0.9398835559926761,2024-01-02 16:31:00
0.9393919500968838,1000,0.9403313420469805,0.938452558146787,2024-01-02 16:32:00
0.9381983580932702,1000,0.9391365564513634,0.937260159735177,2024-01-02 16:33:00
0.9414614921324461,1000,0.9424029536245785,0.9405200306403136,2024-01-02 16:34:00
0.9404162386853632,1000,0.9413566549240484,0.9394758224466778,2024-01-02 16:35:00
0.9415925640278641,1000,0.9425341565918919,0.9406509714638362,2024-01-02 16:36:00
0.9412663657693091,1000,0.9422076321350783,0.9403250994035398,2024-01-02 16:37:00
0.9430331463439062,1000,0.94397617949025,0.9420901131975623,2024-01-02 16:38:00
0.9425333724068272,1000,0.9434759057792339,0.9415908390344204,2024-01-02 16:39:00
0.9415501944989788,1000,0.9424917446934777,0.9406086443044799,2024-01-02 16:40:00
0.9445561115670972,1000,0.9455006676786641,0.9436115554555301,2024-01-02 16:41:00
0.9452236723347357,1000,0.9461688960070703,0.944278448662401,2024-01-02 16:42:00
0.9463288714185281,1000,0.9472752002899465,0.9453825425471095,2024-01-02 16:43:00
0.9504861712957222,1000,0.9514366574670179,0.9495356851244265,2024-01-02 16:44:00
0.949825176131121,1000,0.9507750013072521,0.94887535095499,2024-01-02 16:45:00
0.9476984891913477,1000,0.948646187680539,0.9467507907021564,2024-01-02 16:46:00
0.9472385364668607,1000,0.9481857750033275,0.9462912979303939,2024-01-02 16:47:00
0.9445334296891699,1000,0.9454779631188589,0.9435888962594807,2024-01-02 16:48:00
0.942567631570971,1000,0.9435101992025419,0.9416250639394,2024-01-02 16:49:00
0.9440336597530335,1000,0.9449776934127865,0.9430896260932805,2024-01-02 16:50:00
0.9454245369990554,1000,0.9463699615360543,0.9444791124620563,2024-01-02 16:51:00
0.9465657685940887,1000,0.9475123343626827,0.9456192028254946,2024-01-02 16:52:00
0.9472525473477431,1000,0.9481997998950907,0.9463052948003954,2024-01-02 16:53:00
0.9451274495427477,1000,0.9460725769922904,0.944182322093205,2024-01-02 16:54:00
0.9410757590718041,1000,0.9420168348308757,0.9401346833127323,2024-01-02 16:55:00
0.9399587798429714,1000,0.9408987386228143,0.9390188210631284,2024-01-02 16:56:00
0.9409756020208466,1000,0.9419165776228674,0.9400346264188257,2024-01-02 16:57:00
0.9407380293781397,1000,0.9416787674075177,0.9397972913487616,2024-01-02 16:58:00
0.9411038367941404,1000,0.9420449406309345,0.9401627329573463,2024-01-02 16:59:00
0.9380877633795406,1000,0.93902585114292,0.937149675616161,2024-01-02 17:00:00
0.9385221655272985,1000,0.9394606876928256,0.9375836433617712,2024-01-02 17:01:00
0.942274901861245,1000,0.9432171767631061,0.9413326269593837,2024-01-02 17:02:00
0.9446577024163315,1000,0.9456023601187478,0.9437130447139152,2024-01-02 17:03:00
0.9456734405407213,1000,0.946619113981262,0.9447277671001806,2024-01-02 17:04:00
0.9448518525520819,1000,0.9457967044046339,0.9439070006995298,2024-01-02 17:05:00
0.9458597284367876,1000,0.9468055881652242,0.9449138687083508,2024-01-02 17:06:00
0.9440691942037204,1000,0.945013263397924,0.9431251250095166,2024-01-02 17:07:00
0.9451698628897843,1000,0.9461150327526741,0.9442246930268945,2024-01-02 17:08:00
0.946799459468368,1000,0.9477462589278363,0.9458526600088996,2024-01-02 17:09:00
0.9442283012115471,1000,0.9451725295127585,0.9432840729103356,2024-01-02 17:10:00
0.9447487212008466,1000,0.9456934699220474,0.9438039724796458,2024-01-02 17:11:00
0.9478440149556457,1000,0.9487918589706013,0.9468961709406901,2024-01-02 17:12:00
0.9471972048283445,1000,0.9481444020331727,0.9462500076235161,2024-01-02 17:13:00
0.9454228927372104,1000,0.9463683156299475,0.9444774698444731,2024-01-02 17:14:00
0.9425704751086624,1000,0.943513045583771,0.9416279046335537,2024-01-02 17:15:00
0.9395071769728551,1000,0.9404466841498279,0.9385676697958822,2024-01-02 17:16:00
0.9377688355761822,1000,0.9387066044117582,0.936831066740606,2024-01-02 17:17:00
0.9398872878402598,1000,0.9408271751280999,0.9389474005524195,2024-01-02 17:18:00
0.9403998792576335,1000,0.941340279136891,0.9394594793783758,2024-01-02 17:19:00
0.9430352634665313,1000,0.9439782987299977,0.9420922282030648,2024-01-02 17:20:00
0.9410605443834762,1000,0.9420016049278596,0.9401194838390927,2024-01-02 17:21:00
0.9419226822840044,1000,0.9428646049662883,0.9409807596017205,2024-01-02 17:22:00
0.9428642822252018,1000,0.9438071465074269,0.9419214179429766,2024-01-02 17:23:00
0.9436179225311344,1000,0.9445615404536655,0.9426743046086032,2024-01-02 17:24:00
0.9425445682642665,1000,0.9434871128325306,0.9416020236960022,2024-01-02 17:25:00
0.9445942647997486,1000,0.9455388590645483,0.9436496705349489,2024-01-02 17:26:00
0.9426097568811012,1000,0.9435523666379821,0.9416671471242201,2024-01-02 17:27:00
0.9449288903514712,1000,0.9458738192418226,0.9439839614611197,2024-01-02 17:28:00
0.9472273879621377,1000,0.9481746153500997,0.9462801605741755,2024-01-02 17:29:00
0.9458652813616327,1000,0.9468111466429943,0.9449194160802711,2024-01-02 17:30:00
0.9456763051430502,1000,0.9466219814481932,0.9447306288379071,2024-01-02 17:31:00
0.9463443966058223,1000,0.9472907410024279,0.9453980522092165,2024-01-02 17:32:00
0.9454486070729883,1000,0.9463940556800612,0.9445031584659153,2024-01-02 17:33:00
0.9462194209087118,1000,0.9471656403296204,0.9452732014878031,2024-01-02 17:34:00
0.9484416870768171,1000,0.9493901287638938,0.9474932453897402,2024-01-02 17:35:00
0.9507903871552793,1000,0.9517411775424345,0.949839596768124,2024-01-02 17:36:00
0.9510799445592117,1000,0.9520310245037709,0.9501288646146525,2024-01-02 17:37:00
0.9481848371767513,1000,0.9491330220139279,0.9472366523395745,2024-01-02 17:38:00
0.9493565216780212,1000,0.9503058781996991,0.9484071651563432,2024-01-02 17:39:00
0.950069987958368,1000,0.9510200579463262,0.9491199179704096,2024-01-02 17:40:00
0.9535466967340318,1000,0.9545002434307658,0.9525931500372977,2024-01-02 17:41:00
0.9574366843903062,1000,0.9583941210746963,0.9564792477059159,2024-01-02 17:42:00
0.9587852036292438,1000,0.9597439888328729,0.9578264184256146,2024-01-02 17:43:00
0.958202882298405,1000,0.9591610851807033,0.9572446794161066,2024-01-02 17:44:00
0.9584170171176863,1000,0.959375434134804,0.9574586001005686,2024-01-02 17:45:00
0.9569602387677082,1000,0.9579171990064758,0.9560032785289405,2024-01-02 17:46:00
0.9547384732231284,1000,0.9556932116963515,0.9537837347499053,2024-01-02 17:47:00
0.9515894207257809,1000,0.9525410101465066,0.9506378313050551,2024-01-02 17:48:00
0.9508265042179967,1000,0.9517773307222146,0.9498756777137788,2024-01-02 17:49:00
0.9472514637392385,1000,0.9481987152029776,0.9463042122754993,2024-01-02 17:50:00
0.946191051395725,1000,0.9471372424471206,0.9452448603443293,2024-01-02 17:51:00
0.9453297770454472,1000,0.9462751068224925,0.9443844472684018,2024-01-02 17:52:00
0.942320887069786,1000,0.9432632079568557,0.9413785661827162,2024-01-02 17:53:00
0.9413219160879845,1000,0.9422632380040724,0.9403805941718966,2024-01-02 17:54:00
0.9373291905596478,1000,0.9382665197502074,0.9363918613690881,2024-01-02 17:55:00
0.9385767459416249,1000,0.9395153226875664,0.9376381691956832,2024-01-02 17:56:00
0.9386836057418482,1000,0.93962228934759,0.9377449221361063,2024-01-02 17:57:00
0.9406499622143983,1000,0.9415906121766127,0.9397093122521839,2024-01-02 17:58:00
0.93921281494423,1000,0.9401520277591742,0.9382736021292858,2024-01-02 17:59:00
0.9391679884674822,1000,0.9401071564559496,0.9382288204790147,2024-01-02 18:00:00
0.9373426975462396,1000,0.9382800402437856,0.9364053548486934,2024-01-02 18:01:00
0.9361751690917272,1000,0.9371113442608188,0.9352389939226354,2024-01-02 18:02:00
0.9367129061825422,1000,0.9376496190887247,0.9357761932763596,2024-01-02 18:03:00
0.9358667019785651,1000,0.9368025686805436,0.9349308352765866,2024-01-02 18:04:00
0.9358010439546147,1000,0.9367368449985692,0.9348652429106601,2024-01-02 18:05:00
0.9340121702436399,1000,0.9349461824138835,0.9330781580733962,2024-01-02 18:06:00
0.9317360324867502,1000,0.9326677685192368,0.9308042964542634,2024-01-02 18:07:00
0.933069997720819,1000,0.9340030677185397,0.9321369277230982,2024-01-02 18:08:00
0.9362099125228619,1000,0.9371461224353846,0.935273702610339,2024-01-02 18:09:00
0.9367991040119795,1000,0.9377359031159914,0.9358623049079675,2024-01-02 18:10:00
0.9376176795884774,1000,0.9385552972680657,0.936680061908889,2024-01-02 18:11:00
0.9382909628742238,1000,0.9392292538370979,0.9373526719113495,2024-01-02 18:12:00
0.9400238166278557,1000,0.9409638404444834,0.9390837928112279,2024-01-02 18:13:00
0.9396513809164451,1000,0.9405910322973614,0.9387117295355286,2024-01-02 18:14:00
0.9374564844509338,1000,0.9383939409353846,0.9365190279664828,2024-01-02 18:15:00
0.9386033948315275,1000,0.939541998226359,0.937664791436696,2024-01-02 18:16:00
0.9372354205147065,1000,0.9381726559352211,0.9362981850941918,2024-01-02 18:17:00
0.9427593136492578,1000,0.943702072962907,0.9418165543356085,2024-01-02 18:18:00
0.9439805960953047,1000,0.9449245766914,0.9430366154992094,2024-01-02 18:19:00
0.9440053347315168,1000,0.9449493400662482,0.9430613293967853,2024-01-02 18:20:00
0.9430839926542637,1000,0.9440270766469179,0.9421409086616094,2024-01-02 18:21:00
0.9426983978335958,1000,0.9436410962314292,0.9417556994357622,2024-01-02 18:22:00
0.9460968131267509,1000,0.9470429099398775,0.9451507163136241,2024-01-02 18:23:00
0.9479509984260417,1000,0.9488989494244676,0.9470030474276157,2024-01-02 18:24:00
0.9511569721440315,1000,0.9521081291161754,0.9502058151718875,2024-01-02 18:25:00
0.9509381499601182,1000,0.9518890881100782,0.949987211810158,2024-01-02 18:26:00
0.9504798595964477,1000,0.951430339456044,0.9495293797368513,2024-01-02 18:27:00
0.9496345441910261,1000,0.9505841787352171,0.948684909646835,2024-01-02 18:28:00
0.9530371032519447,1000,0.9539901403551965,0.9520840661486928,2024-01-02 18:29:00
0.9542093154892041,1000,0.9551635248046931,0.9532551061737149,2024-01-02 18:30:00
0.9506236104154767,1000,0.9515742340258921,0.9496729868050613,2024-01-02 18:31:00
0.9529723680322622,1000,0.9539253404002943,0.9520193956642299,2024-01-02 18:32:00
0.9544131019491098,1000,0.9553675150510588,0.9534586888471607,2024-01-02 18:33:00
0.9548331215196917,1000,0.9557879546412112,0.953878288398172,2024-01-02 18:34:00
0.9531182752254599,1000,0.9540713935006853,0.9521651569502344,2024-01-02 18:35:00
0.9487533362074488,1000,0.9497020895436562,0.9478045828712414,2024-01-02 18:36:00
0.9513597813106085,1000,0.9523111410919191,0.9504084215292979,2024-01-02 18:37:00
0.9531304463020761,1000,0.9540835767483781,0.952177315855774,2024-01-02 18:38:00
0.9524350330346224,1000,0.953387468067657,0.9514825980015877,2024-01-02 18:39:00
0.9533118100513526,1000,0.9542651218614038,0.9523584982413013,2024-01-02 18:40:00
0.955817617587248,1000,0.9567734352048352,0.9548617999696608,2024-01-02 18:41:00
0.9553218047588016,1000,0.9562771265635602,0.9543664829540428,2024-01-02 18:42:00
0.954638946948082,1000,0.9555935858950301,0.953684308001134,2024-01-02 18:43:00
0.9552510635768511,1000,0.9562063146404278,0.9542958125132742,2024-01-02 18:44:00
0.9560318908425179,1000,0.9569879227333603,0.9550758589516755,2024-01-02 18:45:00
0.9598526378429852,1000,0.9608124904808282,0.9588927852051422,2024-01-02 18:46:00
0.9592844646689107,1000,0.9602437491335795,0.9583251802042418,2024-01-02 18:47:00
0.9604799460617777,1000,0.9614404260078393,0.9595194661157159,2024-01-02 18:48:00
0.9592467662795976,1000,0.960206013045877,0.958287519513318,2024-01-02 18:49:00
0.9597942631980341,1000,0.960754057461232,0.958834468934836,2024-01-02 18:50:00
0.9590400493357063,1000,0.9599990893850419,0.9580810092863706,2024-01-02 18:51:00
0.9612387409877425,1000,0.9621999797287302,0.9602775022467548,2024-01-02 18:52:00
0.9622708545041718,1000,0.9632331253586759,0.9613085836496676,2024-01-02 18:53:00
0.9571945516142161,1000,0.9581517461658302,0.9562373570626018,2024-01-02 18:54:00
0.9576296615924482,1000,0.9585872912540405,0.9566720319308558,2024-01-02 18:55:00
0.960167398895066,1000,0.9611275662939609,0.9592072314961709,2024-01-02 18:56:00
0.9598438576704048,1000,0.9608037015280751,0.9588840138127344,2024-01-02 18:57:00
0.957152262116007,1000,0.9581094143781229,0.956195109853891,2024-01-02 18:58:00
0.9615568664075496,1000,0.962518423273957,0.960595309541142,2024-01-02 18:59:00
0.9617546320306696,1000,0.9627163866627001,0.960792877398639,2024-01-02 19:00:00
0.9641955039758149,1000,0.9651596994797906,0.963231308471839,2024-01-02 19:01:00
0.9646932780602542,1000,0.9656579713383143,0.9637285847821939,2024-01-02 19:02:00
0.9627787261821197,1000,0.9637415049083017,0.9618159474559376,2024-01-02 19:03:00
0.958386973315924,1000,0.9593453602892399,0.9574285863426081,2024-01-02 19:04:00
0.9600962383162271,1000,0.9610563345545433,0.9591361420779109,2024-01-02 19:05:00
0.9572211955449799,1000,0.9581784167405247,0.9562639743494349,2024-01-02 19:06:00
0.9583813438463504,1000,0.9593397251901967,0.957422962502504,2024-01-02 19:07:00
0.9604981126116402,1000,0.9614586107242518,0.9595376144990285,2024-01-02 19:08:00
0.9632736007302589,1000,0.964236874330989,0.9623103271295287,2024-01-02 19:09:00
0.9642990992690155,1000,0.9652633983682843,0.9633348001697465,2024-01-02 19:10:00
0.9640959652827309,1000,0.9650600612480135,0.9631318693174482,2024-01-02 19:11:00
0.9629609190549088,1000,0.9639238799739636,0.9619979581358539,2024-01-02 19:12:00
0.9636483947724861,1000,0.9646120431672585,0.9626847463777136,2024-01-02 19:13:00
0.9650586432168062,1000,0.966023701860023,0.9640935845735894,2024-01-02 19:14:00
0.9625382226849398,1000,0.9635007609076247,0.9615756844622548,2024-01-02 19:15:00
0.9611632419360399,1000,0.9621244051779758,0.9602020786941038,2024-01-02 19:16:00
0.9619058181242649,1000,0.9628677239423891,0.9609439123061406,2024-01-02 19:17:00
0.9571353341910602,1000,0.9580924695252512,0.9561781988568692,2024-01-02 19:18:00
0.9608882772572523,1000,0.9618491655345095,0.9599273889799951,2024-01-02 19:19:00
0.9582094087385209,1000,0.9591676181472593,0.9572511993297824,2024-01-02 19:20:00
0.9566398160333262,1000,0.9575964558493594,0.9556831762172928,2024-01-02 19:21:00
0.95631153900108,1000,0.957267850540081,0.9553552274620789,2024-01-02 19:22:00
0.9612962599562268,1000,0.9622575562161829,0.9603349636962706,2024-01-02 19:23:00
0.9627259599151266,1000,0.9636886858750415,0.9617632339552115,2024-01-02 19:24:00
0.9629583437233205,1000,0.9639213020670436,0.9619953853795972,2024-01-02 19:25:00
0.9622164977492197,1000,0.9631787142469688,0.9612542812514705,2024-01-02 19:26:00
0.965446563845724,1000,0.9664120104095696,0.9644811172818784,2024-01-02 19:27:00
0.9630605383924506,1000,0.964023598930843,0.9620974778540582,2024-01-02 19:28:00
0.9587266797671985,1000,0.9596854064469655,0.9577679530874313,2024-01-02 19:29:00
0.9590467282368149,1000,0.9600057749650516,0.9580876815085781,2024-01-02 19:30:00
0.9561364166524595,1000,0.9570925530691119,0.955180280235807,2024-01-02 19:31:00
0.9550969000973338,1000,0.956051996997431,0.9541418031972365,2024-01-02 19:32:00
0.9546956889127121,1000,0.9556503846016247,0.9537409932237993,2024-01-02 19:33:00
0.957347516047483,1000,0.9583048635635304,0.9563901685314355,2024-01-02 19:34:00
0.957855257971436,1000,0.9588131132294073,0.9568974027134646,2024-01-02 19:35:00
0.9601925592825593,1000,0.9611527518418418,0.9592323667232767,2024-01-02 19:36:00
0.9584411247062308,1000,0.9593995658309369,0.9574826835815246,2024-01-02 19:37:00
0.9583695404680141,1000,0.959327910008482,0.9574111709275461,2024-01-02 19:38:00
0.9557546202915057,1000,0.9567103749117971,0.9547988656712142,2024-01-02 19:39:00
0.957992768634236,1000,0.9589507614028702,0.9570347758656017,2024-01-02 19:40:00
0.9568350970180391,1000,0.9577919321150571,0.9558782619210211,2024-01-02 19:41:00
0.9576956288635163,1000,0.9586533244923797,0.9567379332346528,2024-01-02 19:42:00
0.9563548458546157,1000,0.9573112007004703,0.9553984910087611,2024-01-02 19:43:00
0.9593164610419167,1000,0.9602757775029586,0.9583571445808747,2024-01-02 19:44:00
0.9586370401801868,1000,0.9595956772203669,0.9576784031400066,2024-01-02 19:45:00
0.9595302995259909,1000,0.9604898298255168,0.9585707692264649,2024-01-02 19:46:00
0.9588167313357062,1000,0.9597755480670418,0.9578579146043705,2024-01-02 19:47:00
0.9568220079276388,1000,0.9577788299355664,0.9558651859197111,2024-01-02 19:48:00
0.9599082563682464,1000,0.9608681646246146,0.9589483481118781,2024-01-02 19:49:00
0.9599841870587973,1000,0.960944171245856,0.9590242028717385,2024-01-02 19:50:00
0.960468689829317,1000,0.9614291585191462,0.9595082211394876,2024-01-02 19:51:00
0.9599843048693346,1000,0.9609442891742038,0.9590243205644653,2024-01-02 19:52:00
0.9577457716798127,1000,0.9587035174514924,0.9567880259081328,2024-01-02 19:53:00
0.9566797827437422,1000,0.9576364625264858,0.9557231029609985,2024-01-02 19:54:00
0.9554813304853464,1000,0.9564368118158317,0.954525849154861,2024-01-02 19:55:00
0.9579319896590237,1000,0.9588899216486826,0.9569740576693647,2024-01-02 19:56:00
0.9581833780673584,1000,0.9591415614454257,0.957225194689291,2024-01-02 19:57:00
0.9571634543656208,1000,0.9581206178199863,0.9562062909112552,2024-01-02 19:58:00
0.9577633319822588,1000,0.958721095314241,0.9568055686502766,2024-01-02 19:59:00
0.9537443564566329,1000,0.9546981008130895,0.9527906121001762,2024-01-02 20:00:00
0.9517517304679365,1000,0.9527034821984043,0.9507999787374686,2024-01-02 20:01:00
0.9517582597752671,1000,0.9527100180350422,0.9508065015154918,2024-01-02 20:02:00
0.9512981235348948,1000,0.9522494216584296,0.95034682541136,2024-01-02 20:03:00
0.9502921993290895,1000,0.9512424915284184,0.9493419071297604,2024-01-02 20:04:00
0.9520050892970963,1000,0.9529570943863932,0.9510530842077992,2024-01-02 20:05:00
0.95540028357093,1000,0.9563556838545008,0.9544448832873591,2024-01-02 20:06:00
0.9556813049460056,1000,0.9566369862509515,0.9547256236410595,2024-01-02 20:07:00
0.9560373295142928,1000,0.956993366843807,0.9550812921847784,2024-01-02 20:08:00
0.95412168283004,1000,0.9550758045128699,0.9531675611472099,2024-01-02 20:09:00
0.9513026517545334,1000,0.9522539544062879,0.9503513491027789,2024-01-02 20:10:00
0.9521712048365658,1000,0.9531233760414023,0.9512190336317292,2024-01-02 20:11:00
0.9513636598616749,1000,0.9523150235215365,0.9504122962018132,2024-01-02 20:12:00
0.9530496590819213,1000,0.9540027087410031,0.9520966094228394,2024-01-02 20:13:00
0.9526588397348027,1000,0.9536114985745374,0.9517061808950679,2024-01-02 20:14:00
0.9501023108618847,1000,0.9510524131727465,0.9491522085510228,2024-01-02 20:15:00
0.9509297740173861,1000,0.9518807037914033,0.9499788442433688,2024-01-02 20:16:00
0.9469892096910187,1000,0.9479361989007097,0.9460422204813277,2024-01-02 20:17:00
0.9471142113231414,1000,0.9480613255344644,0.9461670971118183,2024-01-02 20:18:00
0.9499360546807137,1000,0.9508859907353944,0.948986118626033,2024-01-02 20:19:00
0.949306897290556,1000,0.9502562041878464,0.9483575903932654,2024-01-02 20:20:00
0.9494900163702805,1000,0.9504395063866506,0.9485405263539103,2024-01-02 20:21:00
0.9482171497300081,1000,0.9491653668797381,0.9472689325802781,2024-01-02 20:22:00
0.9497491275253546,1000,0.9506988766528798,0.9487993783978292,2024-01-02 20:23:00
0.9505893280582046,1000,0.9515399173862628,0.9496387387301464,2024-01-02 20:24:00
0.9521924277249488,1000,0.9531446201526736,0.9512402352972239,2024-01-02 20:25:00
0.9559360408994485,1000,0.9568919769403479,0.954980104858549,2024-01-02 20:26:00
0.9572867881702257,1000,0.9582440749583958,0.9563295013820555,2024-01-02 20:27:00
0.9578714767726761,1000,0.9588293482494488,0.9569136052959034,2024-01-02 20:28:00
0.9559396566434178,1000,0.9568955963000612,0.9549837169867744,2024-01-02 20:29:00
0.9566137603905329,1000,0.9575703741509234,0.9556571466301423,2024-01-02 20:30:00
0.9577257323730172,1000,0.9586834581053901,0.9567680066406441,2024-01-02 20:31:00
0.9594815646222227,1000,0.9604410461868448,0.9585220830576004,2024-01-02 20:32:00
0.9595832734879689,1000,0.9605428567614568,0.9586236902144809,2024-01-02 20:33:00
0.9592201488922827,1000,0.9601793690411748,0.9582609287433904,2024-01-02 20:34:00
0.9589273818481265,1000,0.9598863092299745,0.9579684544662784,2024-01-02 20:35:00
0.9572533088820514,1000,0.9582105621909334,0.9562960555731693,2024-01-02 20:36:00
0.9587195358151275,1000,0.9596782553509425,0.9577608162793123,2024-01-02 20:37:00
0.962415140056769,1000,0.9633775551968257,0.9614527249167122,2024-01-02 20:38:00
0.9647751090760597,1000,0.9657398841851357,0.9638103339669836,2024-01-02 20:39:00
0.9658590067100371,1000,0.9668248657167471,0.964893147703327,2024-01-02 20:40:00
0.9672561163240744,1000,0.9682233724403984,0.9662888602077503,2024-01-02 20:41:00
0.9668938043924119,1000,0.9678606981968042,0.9659269105880195,2024-01-02 20:42:00
0.9677669398846193,1000,0.9687347068245038,0.9667991729447346,2024-01-02 20:43:00
0.9706015913221481,1000,0.9715721929134701,0.969630989730826,2024-01-02 20:44:00
0.9724353914072614,1000,0.9734078267986686,0.9714629560158542,2024-01-02 20:45:00
0.9680693006978119,1000,0.9690373699985096,0.9671012313971141,2024-01-02 20:46:00
0.9669036320480446,1000,0.9678705356800926,0.9659367284159965,2024-01-02 20:47:00
0.9649731974491025,1000,0.9659381706465515,0.9640082242516533,2024-01-02 20:48:00
0.961916926250673,1000,0.9628788431769236,0.9609550093244223,2024-01-02 20:49:00
0.9641630240686249,1000,0.9651271870926934,0.9631988610445562,2024-01-02 20:50:00
0.9653552501668473,1000,0.966320605417014,0.9643898949166805,2024-01-02 20:51:00
0.962362241168369,1000,0.9633246034095373,0.9613998789272006,2024-01-02 20:52:00
0.9594571525574697,1000,0.9604166097100271,0.9584976954049121,2024-01-02 20:53:00
0.9625255419029058,1000,0.9634880674448086,0.9615630163610029,2024-01-02 20:54:00
0.9630950551545936,1000,0.964058150209748,0.962131960099439,2024-01-02 20:55:00
0.9608940599146373,1000,0.9618549539745518,0.9599331658547227,2024-01-02 20:56:00
0.9617609325755884,1000,0.9627226935081639,0.9607991716430128,2024-01-02 20:57:00
0.9612571951858726,1000,0.9622184523810584,0.9602959379906867,2024-01-02 20:58:00
0.962614494610296,1000,0.9635771091049062,0.9616518801156857,2024-01-02 20:59:00
0.9616249536078908,1000,0.9625865785614985,0.9606633286542829,2024-01-02 21:00:00
0.9642811116420247,1000,0.9652453927536666,0.9633168305303826,2024-01-02 21:01:00
0.9644789425180701,1000,0.965443421460588,0.963514463575552,2024-01-02 21:02:00
0.9620182101664723,1000,0.9629802283766387,0.9610561919563058,2024-01-02 21:03:00
0.9644185110592202,1000,0.9653829295702793,0.963454092548161,2024-01-02 21:04:00
0.9648604293118359,1000,0.9658252897411477,0.963895568882524,2024-01-02 21:05:00
0.9649801970172571,1000,0.9659451772142743,0.9640152168202398,2024-01-02 21:06:00
0.9654855218114843,1000,0.9664510073332957,0.9645200362896728,2024-01-02 21:07:00
0.9667236508799574,1000,0.9676903745308372,0.9657569272290775,2024-01-02 21:08:00
0.966312244914033,1000,0.967278557158947,0.965345932669119,2024-01-02 21:09:00
0.9666138254999739,1000,0.9675804393254738,0.9656472116744739,2024-01-02 21:10:00
0.9685442374043225,1000,0.9695127816417267,0.9675756931669182,2024-01-02 21:11:00
0.9700971420041121,1000,0.9710672391461161,0.969127044862108,2024-01-02 21:12:00
0.9723522017572783,1000,0.9733245539590355,0.971379849555521,2024-01-02 21:13:00
0.9727597117947564,1000,0.9737324715065511,0.9717869520829616,2024-01-02 21:14:00
0.9730684202142451,1000,0.9740414886344593,0.9720953517940308,2024-01-02 21:15:00
0.9732609711676012,1000,0.9742342321387687,0.9722877101964337,2024-01-02 21:16:00
0.9703593407917234,1000,0.971329700132515,0.9693889814509317,2024-01-02 21:17:00
0.970187498449963,1000,0.9711576859484129,0.969217310951513,2024-01-02 21:18:00
0.968731494911248,1000,0.9697002264061592,0.9677627634163367,2024-01-02 21:19:00
0.9638535638121535,1000,0.9648174173759655,0.9628897102483414,2024-01-02 21:20:00
0.9613539390443948,1000,0.9623152929834391,0.9603925851053504,2024-01-02 21:21:00
0.9646751901024576,1000,0.96563986529256,0.9637105149123552,2024-01-02 21:22:00
0.9629164245146361,1000,0.9638793409391506,0.9619535080901215,2024-01-02 21:23:00
0.9623870658946776,1000,0.9633494529605722,0.9614246788287829,2024-01-02 21:24:00
0.9630807072833654,1000,0.9640437879906486,0.962117626576082,2024-01-02 21:25:00
0.9598872089840842,1000,0.9608470961930682,0.9589273217751001,2024-01-02 21:26:00
0.959453328442487,1000,0.9604127817709294,0.9584938751140445,2024-01-02 21:27:00
0.9588833196316358,1000,0.9598422029512673,0.9579244363120041,2024-01-02 21:28:00
0.9615976643238674,1000,0.9625592619881912,0.9606360666595435,2024-01-02 21:29:00
0.9571742597075599,1000,0.9581314339672673,0.9562170854478523,2024-01-02 21:30:00
0.9556402130448145,1000,0.9565958532578592,0.9546845728317697,2024-01-02 21:31:00
0.9555019452350497,1000,0.9564574471802847,0.9545464432898146,2024-01-02 21:32:00
0.9547007268990331,1000,0.955655427625932,0.953746026172134,2024-01-02 21:33:00
0.9545449859132861,1000,0.9554995308991993,0.9535904409273728,2024-01-02 21:34:00
0.9552721858671033,1000,0.9562274580529703,0.9543169136812362,2024-01-02 21:35:00
0.9574135749825119,1000,0.9583709885574943,0.9564561614075294,2024-01-02 21:36:00
0.9577975683850262,1000,0.958755365953411,0.9568397708166412,2024-01-02 21:37:00
0.9596598568783774,1000,0.9606195167352557,0.958700197021499,2024-01-02 21:38:00
0.9580265467673005,1000,0.9589845733140677,0.9570685202205331,2024-01-02 21:39:00
0.9579868336116651,1000,0.9589448204452767,0.9570288467780534,2024-01-02 21:40:00
0.9539076332047344,1000,0.954861540837939,0.9529537255715297,2024-01-02 21:41:00
0.9521286297298456,1000,0.9530807583595753,0.9511765011001158,2024-01-02 21:42:00
0.9524967036080348,1000,0.9534492003116428,0.9515442069044268,2024-01-02 21:43:00
0.9522064392483249,1000,0.9531586456875731,0.9512542328090766,2024-01-02 21:44:00
0.9512287447381116,1000,0.9521799734828496,0.9502775159933735,2024-01-02 21:45:00
0.9531726964242098,1000,0.9541258691206339,0.9522195237277855,2024-01-02 21:46:00
0.953198473784445,1000,0.9541516722582294,0.9522452753106605,2024-01-02 21:47:00
0.9553555057323687,1000,0.9563108612381009,0.9544001502266364,2024-01-02 21:48:00
0.9527269667626376,1000,0.9536796937294001,0.9517742397958749,2024-01-02 21:49:00
0.9526389421828804,1000,0.9535915811250631,0.9516863032406975,2024-01-02 21:50:00
0.9531469757343601,1000,0.9541001227100944,0.9521938287586258,2024-01-02 21:51:00
0.9544208988689366,1000,0.9553753197678054,0.9534664779700676,2024-01-02 21:52:00
0.9550614494668499,1000,0.9560165109163167,0.954106388017383,2024-01-02 21:53:00
0.9565863907542205,1000,0.9575429771449746,0.9556298043634662,2024-01-02 21:54:00
0.9574757842145483,1000,0.9584332599987627,0.9565183084303337,2024-01-02 21:55:00
0.9606976616964172,1000,0.9616583593581135,0.9597369640347209,2024-01-02 21:56:00
0.9598217761557685,1000,0.9607815979319241,0.9588619543796127,2024-01-02 21:57:00
0.9593585950213107,1000,0.9603179536163319,0.9583992364262894,2024-01-02 21:58:00
0.9581767652304214,1000,0.9591349419956517,0.9572185884651909,2024-01-02 21:59:00
0.9557657154968926,1000,0.9567214812123894,0.9548099497813957,2024-01-02 22:00:00
0.9576025287179429,1000,0.9585601312466607,0.956644926189225,2024-01-02 22:01:00
0.9561725962141315,1000,0.9571287688103456,0.9552164236179174,2024-01-02 22:02:00
0.9575959406476274,1000,0.9585535365882749,0.9566383447069798,2024-01-02 22:03:00
0.9563032249655152,1000,0.9572595281904807,0.9553469217405497,2024-01-02 22:04:00
0.9592238030316892,1000,0.9601830268347208,0.9582645792286575,2024-01-02 22:05:00
0.9623763578697322,1000,0.9633387342276019,0.9614139815118624,2024-01-02 22:06:00
0.9625585651847047,1000,0.9635211237498893,0.96159600661952,2024-01-02 22:07:00
0.9635081367223999,1000,0.9644716448591222,0.9625446285856775,2024-01-02 22:08:00
0.9635217883294942,1000,0.9644853101178236,0.9625582665411647,2024-01-02 22:09:00
0.9644779334385125,1000,0.965442411371951,0.963513455505074,2024-01-02 22:10:00
0.9645451683600272,1000,0.9655097135283872,0.9635806231916673,2024-01-02 22:11:00
0.9630002601090064,1000,0.9639632603691153,0.9620372598488974,2024-01-02 22:12:00
0.9615382655328633,1000,0.9624998037983961,0.9605767272673303,2024-01-02 22:13:00
0.9595683819739691,1000,0.960527950355943,0.9586088135919951,2024-01-02 22:14:00
0.9567400363926191,1000,0.9576967764290116,0.9557832963562265,2024-01-02 22:15:00
0.9553455336554596,1000,0.956300879189115,0.9543901881218041,2024-01-02 22:16:00
0.9540385192263953,1000,0.9549925577456215,0.9530844807071689,2024-01-02 22:17:00
0.9548563001540405,1000,0.9558111564541945,0.9539014438538865,2024-01-02 22:18:00
0.9527505831109048,1000,0.9537033336940156,0.9517978325277938,2024-01-02 22:19:00
0.9545142214800462,1000,0.9554687357015261,0.9535597072585661,2024-01-02 22:20:00
0.9571135385516092,1000,0.9580706520901607,0.9561564250130575,2024-01-02 22:21:00
0.9557425902800344,1000,0.9566983328703144,0.9547868476897543,2024-01-02 22:22:00
0.9562361552303192,1000,0.9571923913855495,0.9552799190750889,2024-01-02 22:23:00
0.9521067086066084,1000,0.9530588153152149,0.9511546018980018,2024-01-02 22:24:00
0.9514445016967766,1000,0.9523959461984733,0.9504930571950798,2024-01-02 22:25:00
0.9501760670528796,1000,0.9511262431199323,0.9492258909858268,2024-01-02 22:26:00
0.9519673917476247,1000,0.9529193591393722,0.951015424355877,2024-01-02 22:27:00
0.9510703166071465,1000,0.9520213869237535,0.9501192462905393,2024-01-02 22:28:00
0.9543455392627653,1000,0.955299884802028,0.9533911937235026,2024-01-02 22:29:00
0.9548410708558884,1000,0.9557959119267442,0.9538862297850326,2024-01-02 22:30:00
0.953162022656052,1000,0.9541151846787079,0.9522088606333959,2024-01-02 22:31:00
0.9561961551888853,1000,0.9571523513440742,0.9552399590336964,2024-01-02 22:32:00
0.9544560129520692,1000,0.9554104689650211,0.9535015569391171,2024-01-02 22:33:00
0.9527686967001295,1000,0.9537214653968296,0.9518159280034294,2024-01-02 22:34:00
0.9519471984945452,1000,0.9528991456930397,0.9509952512960507,2024-01-02 22:35:00
0.9516347253899057,1000,0.9525863601152955,0.9506830906645157,2024-01-02 22:36:00
0.9512360809472029,1000,0.95218731702815,0.9502848448662558,2024-01-02 22:37:00
0.9521292139116838,1000,0.9530813431255954,0.9511770846977722,2024-01-02 22:38:00
0.9533872701266014,1000,0.9543406573967279,0.9524338828564748,2024-01-02 22:39:00
0.9541767371882586,1000,0.9551309139254467,0.9532225604510703,2024-01-02 22:40:00
0.9557250094449286,1000,0.9566807344543734,0.9547692844354836,2024-01-02 22:41:00
0.9574748677924165,1000,0.9584323426602088,0.9565173929246241,2024-01-02 22:42:00
0.9542204488230746,1000,0.9551746692718975,0.9532662283742515,2024-01-02 22:43:00
0.9542284452309387,1000,0.9551826736761696,0.9532742167857078,2024-01-02 22:44:00
0.954074713927014,1000,0.955028788640941,0.953120639213087,2024-01-02 22:45:00
0.9539400169639718,1000,0.9548939569809357,0.9529860769470078,2024-01-02 22:46:00
0.9540293703196671,1000,0.9549833996899866,0.9530753409493474,2024-01-02 22:47:00
0.9577845709196814,1000,0.9587423554906009,0.9568267863487617,2024-01-02 22:48:00
0.9595345523117319,1000,0.9604940868640436,0.9585750177594202,2024-01-02 22:49:00
0.9579333280175307,1000,0.9588912613455481,0.9569753946895132,2024-01-02 22:50:00
0.9588415201646935,1000,0.959800361684858,0.9578826786445288,2024-01-02 22:51:00
0.9579336874620621,1000,0.9588916211495241,0.9569757537746,2024-01-02 22:52:00
0.9602198872687262,1000,0.9611801071559948,0.9592596673814575,2024-01-02 22:53:00
0.9599082769796526,1000,0.9608681852566322,0.958948368702673,2024-01-02 22:54:00
0.9629502736526802,1000,0.9639132239263327,0.9619873233790275,2024-01-02 22:55:00
0.9616188276677841,1000,0.9625804464954517,0.9606572088401163,2024-01-02 22:56:00
0.9623668104746974,1000,0.963329177285172,0.9614044436642227,2024-01-02 22:57:00
0.9626558094737144,1000,0.9636184652831881,0.9616931536642407,2024-01-02 22:58:00
0.9623371295571821,1000,0.9632994666867392,0.9613747924276249,2024-01-02 22:59:00
0.9637058218424404,1000,0.9646695276642827,0.9627421160205979,2024-01-02 23:00:00
0.9652511552045225,1000,0.9662164063597269,0.964285904049318,2024-01-02 23:01:00
0.9656416988314674,1000,0.9666073405302988,0.9646760571326359,2024-01-02 23:02:00
0.9678470782952053,1000,0.9688149253735004,0.9668792312169101,2024-01-02 23:03:00
0.9685624471377233,1000,0.9695310095848609,0.9675938846905856,2024-01-02 23:04:00
0.9669190647034986,1000,0.967885983768202,0.9659521456387952,2024-01-02 23:05:00
0.9674682221482914,1000,0.9684356903704396,0.9665007539261431,2024-01-02 23:06:00
0.9679401604127691,1000,0.9689081005731818,0.9669722202523563,2024-01-02 23:07:00
0.9684977438535003,1000,0.9694662415973537,0.9675292461096467,2024-01-02 23:08:00
0.9687303376164961,1000,0.9696990679541124,0.9677616072788796,2024-01-02 23:09:00
0.9653750734189456,1000,0.9663404484923644,0.9644096983455266,2024-01-02 23:10:00
0.9668424037428208,1000,0.9678092461465635,0.965875561339078,2024-01-02 23:11:00
0.9667117290334245,1000,0.9676784407624578,0.9657450173043911,2024-01-02 23:12:00
0.967160270117316,1000,0.9681274303874332,0.9661931098471986,2024-01-02 23:13:00
0.9671185702901071,1000,0.968085688860397,0.966151451719817,2024-01-02 23:14:00
0.9671116182327233,1000,0.9680787298509559,0.9661445066144906,2024-01-02 23:15:00
0.9689727069379142,1000,0.969941679644852,0.9680037342309762,2024-01-02 23:16:00
0.9688674542527905,1000,0.9698363217070433,0.9678985867985377,2024-01-02 23:17:00
0.9649213172309957,1000,0.9658862385482266,0.9639563959137647,2024-01-02 23:18:00
0.9658600042935132,1000,0.9668258642978066,0.9648941442892196,2024-01-02 23:19:00
0.9658269179832646,1000,0.9667927449012478,0.9648610910652813,2024-01-02 23:20:00
0.9658032157023263,1000,0.9667690189180285,0.964837412486624,2024-01-02 23:21:00
0.9645061331028515,1000,0.9654706392359542,0.9635416269697487,2024-01-02 23:22:00
0.9609895892130129,1000,0.9619505788022258,0.9600285996237999,2024-01-02 23:23:00
0.9587187127810048,1000,0.9596774314937857,0.9577599940682239,2024-01-02 23:24:00
0.9584493275196635,1000,0.959407776847183,0.9574908781921438,2024-01-02 23:25:00
0.9563039954740319,1000,0.9572602994695059,0.9553476914785578,2024-01-02 23:26:00
0.95422954588888,1000,0.9551837754347687,0.9532753163429911,2024-01-02 23:27:00
0.9533432890739137,1000,0.9542966323629876,0.9523899457848398,2024-01-02 23:28:00
0.95347699355187,1000,0.9544304705454217,0.9525235165583181,2024-01-02 23:29:00
0.9538391891189173,1000,0.9547930283080361,0.9528853499297983,2024-01-02 23:30:00
0.9532709283036152,1000,0.9542241992319187,0.9523176573753115,2024-01-02 23:31:00
0.9555464393506711,1000,0.9565019857900217,0.9545908929113204,2024-01-02 23:32:00
0.9523630332176004,1000,0.9533153962508178,0.9514106701843829,2024-01-02 23:33:00
0.9491889957849494,1000,0.9501381847807343,0.9482398067891644,2024-01-02 23:34:00
0.9494530470049902,1000,0.9504025000519951,0.9485035939579852,2024-01-02 23:35:00
0.947269732610072,1000,0.9482170023426819,0.9463224628774619,2024-01-02 23:36:00
0.9453902545760197,1000,0.9463356448305956,0.9444448643214436,2024-01-02 23:37:00
0.943210886281552,1000,0.9441540971678335,0.9422676753952705,2024-01-02 23:38:00
0.9427415810450571,1000,0.943684322626102,0.9417988394640121,2024-01-02 23:39:00
0.9389462101473983,1000,0.9398851563575457,0.9380072639372509,2024-01-02 23:40:00
0.9403340394412358,1000,0.941274373480677,0.9393937054017946,2024-01-02 23:41:00
0.9413769014273912,1000,0.9423182783288184,0.9404355245259638,2024-01-02 23:42:00
0.943961096854082,1000,0.944905057950936,0.9430171357572279,2024-01-02 23:43:00
0.9418856428408776,1000,0.9428275284837184,0.9409437571980367,2024-01-02 23:44:00
0.9445560518409667,1000,0.9455006078928075,0.9436114957891257,2024-01-02 23:45:00
0.9421313302006371,1000,0.9430734615308376,0.9411891988704365,2024-01-02 23:46:00
0.9440548181661422,1000,0.9449988729843083,0.943110763347976,2024-01-02 23:47:00
0.9449644962818758,1000,0.9459094607781576,0.944019531785594,2024-01-02 23:48:00
0.9455071517189287,1000,0.9464526588706476,0.9445616445672098,2024-01-02 23:49:00
0.94688673770071,1000,0.9478336244384106,0.9459398509630093,2024-01-02 23:50:00
0.9488259131009866,1000,0.9497747390140875,0.9478770871878857,2024-01-02 23:51:00
0.948195041328931,1000,0.9491432363702598,0.947246846287602,2024-01-02 23:52:00
0.9465685512376025,1000,0.9475151197888401,0.9456219826863649,2024-01-02 23:53:00
0.9466788506838437,1000,0.9476255295345275,0.9457321718331598,2024-01-02 23:54:00
0.9469460287107827,1000,0.9478929747394934,0.9459990826820719,2024-01-02 23:55:00
0.9462261600737933,1000,0.947172386233867,0.9452799339137196,2024-01-02 23:56:00
0.9500170580962086,1000,0.9509670751543047,0.9490670410381125,2024-01-02 23:57:00
0.9517600632045666,1000,0.952711823267771,0.9508083031413621,2024-01-02 23:58:00
0.949401886178276,1000,0.9503512880644542,0.9484524842920977,2024-01-02 23:59:00
0.9484601437610941,1000,0.9494086039048552,0.9475116836173331,2024-01-03 00:00:00
0.9510032154686296,1000,0.9519542186840981,0.950052212253161,2024-01-03 00:01:00
0.9531216664840315,1000,0.9540747881505155,0.9521685448175475,2024-01-03 00:02:00
0.9531453055572665,1000,0.9540984508628236,0.9521921602517093,2024-01-03 00:03:00
0.9517632359074016,1000,0.9527149991433089,0.9508114726714942,2024-01-03 00:04:00
0.9509463566148603,1000,0.951897302971475,0.9499954102582454,2024-01-03 00:05:00
0.9474603282636076,1000,0.9484077885918711,0.946512867935344,2024-01-03 00:06:00
0.9467961445445359,1000,0.9477429406890803,0.9458493483999914,2024-01-03 00:07:00
0.947635743494862,1000,0.9485833792383568,0.9466881077513671,2024-01-03 00:08:00
0.9474157354873498,1000,0.9483631512228371,0.9464683197518624,2024-01-03 00:09:00
0.9479933059719526,1000,0.9489412992779245,0.9470453126659807,2024-01-03 00:10:00
0.94517468354472,1000,0.9461198582282646,0.9442295088611753,2024-01-03 00:11:00
0.9457571170097976,1000,0.9467028741268073,0.9448113598927877,2024-01-03 00:12:00
0.9441406896632891,1000,0.9450848303529523,0.9431965489736258,2024-01-03 00:13:00
0.9440752764210745,1000,0.9450193516974954,0.9431312011446534,2024-01-03 00:14:00
0.9450007626353361,1000,0.9459457633979713,0.9440557618727007,2024-01-03 00:15:00
0.9457159745764192,1000,0.9466616905509955,0.9447702586018428,2024-01-03 00:16:00
0.9437094280430048,1000,0.9446531374710477,0.9427657186149618,2024-01-03 00:17:00
0.9425350022459561,1000,0.9434775372482019,0.9415924672437102,2024-01-03 00:18:00
0.9469677061303077,1000,0.9479146738364379,0.9460207384241773,2024-01-03 00:19:00
0.950253100912793,1000,0.9512033540137057,0.9493028478118802,2024-01-03 00:20:00
0.9473477545956596,1000,0.9482951023502552,0.9464004068410639,2024-01-03 00:21:00
0.9464134340097502,1000,0.9473598474437599,0.9454670205757405,2024-01-03 00:22:00
0.9451699686260631,1000,0.946115138594689,0.944224798657437,2024-01-03 00:23:00
0.9461435426807056,1000,0.9470896862233862,0.9451973991380248,2024-01-03 00:24:00
0.9453348613437493,1000,0.946280196205093,0.9443895264824056,2024-01-03 00:25:00
0.943608531638035,1000,0.9445521401696729,0.942664923106397,2024-01-03 00:26:00
0.9442558059871994,1000,0.9452000617931865,0.9433115501812122,2024-01-03 00:27:00
0.9487004347394428,1000,0.9496491351741821,0.9477517343047033,2024-01-03 00:28:00
0.9476522927420806,1000,0.9485999450348226,0.9467046404493386,2024-01-03 00:29:00
0.9489170570495397,1000,0.9498659741065891,0.9479681399924901,2024-01-03 00:30:00
0.9513726315676979,1000,0.9523240041992656,0.9504212589361302,2024-01-03 00:31:00
0.950725128619147,1000,0.9516758537477661,0.9497744034905279,2024-01-03 00:32:00
0.9490724127080215,1000,0.9500214851207294,0.9481233402953134,2024-01-03 00:33:00
0.9475246965622104,1000,0.9484722212587725,0.9465771718656482,2024-01-03 00:34:00
0.9495462809604006,1000,0.950495827241361,0.9485967346794402,2024-01-03 00:35:00
0.9491644044340477,1000,0.9501135688384816,0.9482152400296137,2024-01-03 00:36:00
0.9457534222687025,1000,0.9466991756909711,0.9448076688464339,2024-01-03 00:37:00
0.9452918832394743,1000,0.9462371751227137,0.9443465913562349,2024-01-03 00:38:00
0.9451594882982187,1000,0.9461046477865168,0.9442143288099205,2024-01-03 00:39:00
0.9480556756125116,1000,0.949003731288124,0.9471076199368991,2024-01-03 00:40:00
0.9476188318258564,1000,0.9485664506576821,0.9466712129940306,2024-01-03 00:41:00
0.948205835877815,1000,0.9491540417136928,0.9472576300419372,2024-01-03 00:42:00
0.9479493076058519,1000,0.9488972569134577,0.947001358298246,2024-01-03 00:43:00
0.9456230184165567,1000,0.9465686414349732,0.9446773953981401,2024-01-03 00:44:00
0.9468154874848688,1000,0.9477623029723535,0.9458686719973839,2024-01-03 00:45:00
0.9484289211819288,1000,0.9493773501031106,0.9474804922607468,2024-01-03 00:46:00
0.947515162591178,1000,0.948462677753769,0.9465676474285868,2024-01-03 00:47:00
0.9497351753111563,1000,0.9506849104864673,0.9487854401358451,2024-01-03 00:48:00
0.9487406350615241,1000,0.9496893756965855,0.9477918944264625,2024-01-03 00:49:00
0.9472467173569138,1000,0.9481939640742706,0.9462994706395569,2024-01-03 00:50:00
0.9482354557440134,1000,0.9491836911997573,0.9472872202882694,2024-01-03 00:51:00
0.946996097432794,1000,0.9479430935302267,0.9460491013353612,2024-01-03 00:52:00
0.9468310402077111,1000,0.9477778712479188,0.9458842091675034,2024-01-03 00:53:00
0.9418893921695598,1000,0.9428312815617292,0.9409475027773903,2024-01-03 00:54:00
0.941223345079542,1000,0.9421645684246214,0.9402821217344625,2024-01-03 00:55:00
0.9401576726067216,1000,0.9410978302793281,0.9392175149341149,2024-01-03 00:56:00
0.9415921493237441,1000,0.9425337414730678,0.9406505571744204,2024-01-03 00:57:00
0.9433645774616123,1000,0.9443079420390738,0.9424212128841507,2024-01-03 00:58:00
0.9429230376521887,1000,0.9438659606898407,0.9419801146145365,2024-01-03 00:59:00
0.9427236569921824,1000,0.9436663806491745,0.9417809333351902,2024-01-03 01:00:00
0.9442823050362251,1000,0.9452265873412612,0.9433380227311889,2024-01-03 01:01:00
0.9458381619152915,1000,0.9467840000772066,0.9448923237533762,2024-01-03 01:02:00
0.9454627352258175,1000,0.9464081979610431,0.9445172724905917,2024-01-03 01:03:00
0.9424068182480663,1000,0.9433492250663142,0.9414644114298182,2024-01-03 01:04:00
0.9429742746676711,1000,0.9439172489423387,0.9420313003930034,2024-01-03 01:05:00
0.9419140500181749,1000,0.9428559640681929,0.9409721359681567,2024-01-03 01:06:00
0.9419559544052526,1000,0.9428979103596578,0.9410139984508473,2024-01-03 01:07:00
0.9372558192496837,1000,0.9381930750689332,0.9363185634304341,2024-01-03 01:08:00
0.9388679465217957,1000,0.9398068144683174,0.937929078575274,2024-01-03 01:09:00
0.9429558519022723,1000,0.9438988077541745,0.94201289605037,2024-01-03 01:10:00
0.945455810595919,1000,0.9464012664065148,0.9445103547853231,2024-01-03 01:11:00
0.9461709585903699,1000,0.9471171295489602,0.9452247876317795,2024-01-03 01:12:00
0.9448047407788114,1000,0.9457495455195901,0.9438599360380325,2024-01-03 01:13:00
0.9430308849417756,1000,0.9439739158267172,0.9420878540568338,2024-01-03 01:14:00
0.9430667348045326,1000,0.944009801539337,0.9421236680697281,2024-01-03 01:15:00
0.9459038263827195,1000,0.9468497302091021,0.9449579225563368,2024-01-03 01:16:00
0.9440567470523911,1000,0.9450008037994434,0.9431126903053386,2024-01-03 01:17:00
0.9447257712619969,1000,0.9456704970332588,0.9437810454907348,2024-01-03 01:18:00
0.9419302645210504,1000,0.9428721947855714,0.9409883342565294,2024-01-03 01:19:00
0.9432296295963705,1000,0.9441728592259667,0.9422863999667741,2024-01-03 01:20:00
0.9424137897651075,1000,0.9433562035548725,0.9414713759753424,2024-01-03 01:21:00
0.9424895095670613,1000,0.9434319990766283,0.9415470200574942,2024-01-03 01:22:00
0.9433565773221696,1000,0.9442999338994916,0.9424132207448475,2024-01-03 01:23:00
0.9448160191848142,1000,0.9457608352039989,0.9438712031656293,2024-01-03 01:24:00
0.9430634693252652,1000,0.9440065327945903,0.9421204058559399,2024-01-03 01:25:00
0.9422215946431596,1000,0.9431638162378027,0.9412793730485164,2024-01-03 01:26:00
0.9433584809597019,1000,0.9443018394406615,0.9424151224787422,2024-01-03 01:27:00
0.9433396197782725,1000,0.9442829593980507,0.9423962801584942,2024-01-03 01:28:00
0.9445239240899317,1000,0.9454684480140215,0.9435794001658417,2024-01-03 01:29:00
0.9440281184365622,1000,0.9449721465549986,0.9430840903181257,2024-01-03 01:30:00
0.94409966651607,1000,0.945043766182586,0.9431555668495539,2024-01-03 01:31:00
0.9442257269290337,1000,0.9451699526559627,0.9432815012021047,2024-01-03 01:32:00
0.9417321440990781,1000,0.9426738762431771,0.940790411954979,2024-01-03 01:33:00
0.9440199961766513,1000,0.9449640161728279,0.9430759761804747,2024-01-03 01:34:00
0.946841739297233,1000,0.9477885810365302,0.9458948975579358,2024-01-03 01:35:00
0.9467608247603109,1000,0.9477075855850711,0.9458140639355506,2024-01-03 01:36:00
0.9464532636858543,1000,0.94739971694954,0.9455068104221684,2024-01-03 01:37:00
0.9459825818666813,1000,0.9469285644485479,0.9450365992848145,2024-01-03 01:38:00
0.9476405650494532,1000,0.9485882056145025,0.9466929244844037,2024-01-03 01:39:00
0.9477240813591731,1000,0.9486718054405321,0.946776357277814,2024-01-03 01:40:00
0.9482011245369121,1000,0.9491493256614489,0.9472529234123752,2024-01-03 01:41:00
0.9496700476989061,1000,0.9506197177466048,0.9487203776512072,2024-01-03 01:42:00
0.9493181591040668,1000,0.9502674772631707,0.9483688409449628,2024-01-03 01:43:00
0.9488469844085697,1000,0.9497958313929782,0.9478981374241612,2024-01-03 01:44:00
0.9495155604869335,1000,0.9504650760474204,0.9485660449264466,2024-01-03 01:45:00
0.9458678969777635,1000,0.9468137648747412,0.9449220290807857,2024-01-03 01:46:00
0.9450737873724682,1000,0.9460188611598406,0.9441287135850956,2024-01-03 01:47:00
0.945464983012482,1000,0.9464104479954945,0.9445195180294695,2024-01-03 01:48:00
0.9477667150815083,1000,0.9487144817965898,0.9468189483664269,2024-01-03 01:49:00
0.9493174474029761,1000,0.950266764850379,0.9483681299555731,2024-01-03 01:50:00
0.9519340782647802,1000,0.9528860123430448,0.9509821441865154,2024-01-03 01:51:00
0.9493800870961064,1000,0.9503294671832024,0.9484307070090103,2024-01-03 01:52:00
0.9518443648481172,1000,0.9527962092129652,0.9508925204832691,2024-01-03 01:53:00
0.9512414225470198,1000,0.9521926639695667,0.9502901811244728,2024-01-03 01:54:00
0.9515675188569211,1000,0.952519086375778,0.9506159513380642,2024-01-03 01:55:00
0.9483113928770994,1000,0.9492597042699764,0.9473630814842223,2024-01-03 01:56:00
0.9494692323967593,1000,0.950418701629156,0.9485197631643625,2024-01-03 01:57:00
0.9489250729426866,1000,0.9498739980156291,0.9479761478697439,2024-01-03 01:58:00
0.9477526612401621,1000,0.9487004139014021,0.946804908578922,2024-01-03 01:59:00
0.9492737292326613,1000,0.9502230029618939,0.9483244555034286,2024-01-03 02:00:00
0.9448629711401613,1000,0.9458078341113013,0.9439181081690211,2024-01-03 02:01:00
0.9458401004710891,1000,0.9467859405715601,0.9448942603706181,2024-01-03 02:02:00
0.9465685157697367,1000,0.9475150842855063,0.945621947253967,2024-01-03 02:03:00
0.9434491986306905,1000,0.9443926478293211,0.9425057494320599,2024-01-03 02:04:00
0.9423938145519763,1000,0.9433362083665282,0.9414514207374244,2024-01-03 02:05:00
0.9426296864594123,1000,0.9435723161458716,0.9416870567729528,2024-01-03 02:06:00
0.9464972652301233,1000,0.9474437624953533,0.9455507679648932,2024-01-03 02:07:00
0.9462930723283223,1000,0.9472393654006505,0.945346779255994,2024-01-03 02:08:00
0.947192431283121,1000,0.9481396237144041,0.9462452388518379,2024-01-03 02:09:00
0.9474446701999479,1000,0.9483921148701477,0.946497225529748,2024-01-03 02:10:00
0.9450860753638871,1000,0.9460311614392509,0.9441409892885232,2024-01-03 02:11:00
0.945523756392522,1000,0.9464692801489144,0.9445782326361294,2024-01-03 02:12:00
0.9458551606992374,1000,0.9468010158599365,0.9449093055385381,2024-01-03 02:13:00
0.9458553731204442,1000,0.9468012284935645,0.9449095177473238,2024-01-03 02:14:00
0.9452653804313152,1000,0.9462106458117464,0.944320115050884,2024-01-03 02:15:00
0.9452978644255576,1000,0.9462431622899831,0.9443525665611321,2024-01-03 02:16:00
0.9478593653633608,1000,0.948807224728724,0.9469115059979974,2024-01-03 02:17:00
0.9491298359024138,1000,0.9500789657383162,0.9481807060665114,2024-01-03 02:18:00
0.9482045357656603,1000,0.9491527403014259,0.9472563312298947,2024-01-03 02:19:00
0.9499853247774988,1000,0.9509353101022762,0.9490353394527212,2024-01-03 02:20:00
0.9479423380443865,1000,0.9488902803824308,0.9469943957063421,2024-01-03 02:21:00
0.9498911516165424,1000,0.9508410427681588,0.9489412604649258,2024-01-03 02:22:00
0.9513417689284773,1000,0.9522931106974057,0.9503904271595488,2024-01-03 02:23:00
0.9491151591837921,1000,0.9500642743429758,0.9481660440246082,2024-01-03 02:24:00
0.9503878205478302,1000,0.9513382083683779,0.9494374327272824,2024-01-03 02:25:00
0.9500299588069631,1000,0.95097998876577,0.9490799288481561,2024-01-03 02:26:00
0.9478144132221172,1000,0.9487622276353392,0.9468665988088951,2024-01-03 02:27:00
0.9486442606908558,1000,0.9495929049515466,0.947695616430165,2024-01-03 02:28:00
0.9482759473130238,1000,0.9492242232603367,0.9473276713657107,2024-01-03 02:29:00
0.9456300056194199,1000,0.9465756356250392,0.9446843756138005,2024-01-03 02:30:00
0.9461058105425834,1000,0.9470519163531258,0.9451597047320408,2024-01-03 02:31:00
0.9431110436604292,1000,0.9440541547040895,0.9421679326167688,2024-01-03 02:32:00
0.9400908409370297,1000,0.9410309317779666,0.9391507500960926,2024-01-03 02:33:00
0.9424451065299259,1000,0.9433875516364557,0.9415026614233959,2024-01-03 02:34:00
0.9412487927799907,1000,0.9421900415727706,0.9403075439872107,2024-01-03 02:35:00
0.9401545763480926,1000,0.9410947309244406,0.9392144217717445,2024-01-03 02:36:00
0.9384113699561458,1000,0.9393497813261019,0.9374729585861897,2024-01-03 02:37:00
0.940463546937994,1000,0.9414040104849319,0.9395230833910561,2024-01-03 02:38:00
0.9429171689213601,1000,0.9438600860902814,0.9419742517524388,2024-01-03 02:39:00
0.9436821162939804,1000,0.9446257984102743,0.9427384341776863,2024-01-03 02:40:00
0.9427641235862652,1000,0.9437068877098513,0.9418213594626789,2024-01-03 02:41:00
0.9421150149840574,1000,0.9430571299990413,0.9411728999690733,2024-01-03 02:42:00
0.9401479116158155,1000,0.9410880595274311,0.9392077637041997,2024-01-03 02:43:00
0.9418615391061915,1000,0.9428034006452977,0.9409196775670854,2024-01-03 02:44:00
0.9406741665990563,1000,0.9416148407656553,0.9397334924324573,2024-01-03 02:45:00
0.9426291952943983,1000,0.9435718244896926,0.9416865660991038,2024-01-03 02:46:00
0.9404621563478907,1000,0.9414026185042385,0.9395216941915427,2024-01-03 02:47:00
0.9397922941106254,1000,0.9407320864047359,0.9388525018165147,2024-01-03 02:48:00
0.9401877117629321,1000,0.941127899474695,0.9392475240511692,2024-01-03 02:49:00
0.9419102602699267,1000,0.9428521705301965,0.9409683500096568,2024-01-03 02:50:00
0.9415231747664786,1000,0.942464697941245,0.9405816515917121,2024-01-03 02:51:00
0.9375455751773732,1000,0.9384831207525505,0.9366080296021959,2024-01-03 02:52:00
0.9344046688467034,1000,0.93533907351555,0.9334702641778566,2024-01-03 02:53:00
0.9371665822138873,1000,0.938103748796101,0.9362294156316734,2024-01-03 02:54:00
0.9384463354286623,1000,0.9393847817640909,0.9375078890932337,2024-01-03 02:55:00
0.9387289831267512,1000,0.9396677121098779,0.9377902541436245,2024-01-03 02:56:00
0.936658754570736,1000,0.9375954133253066,0.9357220958161653,2024-01-03 02:57:00
0.9374355447213752,1000,0.9383729802660965,0.9364981091766539,2024-01-03 02:58:00
0.9400831007520241,1000,0.941023183852776,0.9391430176512721,2024-01-03 02:59:00
0.9412347379313397,1000,0.942175972669271,0.9402935031934083,2024-01-03 03:00:00
0.9419182753826825,1000,0.9428601936580651,0.9409763571072998,2024-01-03 03:01:00
0.9385874289113669,1000,0.9395260163402782,0.9376488414824555,2024-01-03 03:02:00
0.939497527400088,1000,0.9404370249274879,0.9385580298726879,2024-01-03 03:03:00
0.9389065167686124,1000,0.9398454232853809,0.9379676102518437,2024-01-03 03:04:00
0.9351287304891259,1000,0.936063859219615,0.9341936017586367,2024-01-03 03:05:00
0.9361726212793697,1000,0.937108793900649,0.9352364486580904,2024-01-03 03:06:00
0.9381923838200422,1000,0.9391305762038622,0.9372541914362221,2024-01-03 03:07:00
0.937817986449887,1000,0.9387558044363368,0.9368801684634371,2024-01-03 03:08:00
0.93706940217034,1000,0.9380064715725102,0.9361323327681697,2024-01-03 03:09:00
0.9368405797738506,1000,0.9377774203536243,0.9359037391940768,2024-01-03 03:10:00
0.9402459254554371,1000,0.9411861713808924,0.9393056795299817,2024-01-03 03:11:00
0.9390481847562401,1000,0.9399872329409962,0.9381091365714839,2024-01-03 03:12:00
0.9410316556115771,1000,0.9419726872671885,0.9400906239559655,2024-01-03 03:13:00
0.9411391279036545,1000,0.942080267031558,0.9401979887757509,2024-01-03 03:14:00
0.9395440599431197,1000,0.9404836040030627,0.9386045158831766,2024-01-03 03:15:00
0.940336415510197,1000,0.941276751925707,0.9393960790946868,2024-01-03 03:16:00
0.9412771959431988,1000,0.9422184731391419,0.9403359187472556,2024-01-03 03:17:00
0.9391831897876765,1000,0.940122372977464,0.9382440065978888,2024-01-03 03:18:00
0.9374356259913423,1000,0.9383730616173336,0.936498190365351,2024-01-03 03:19:00
0.9384654161486455,1000,0.939403881564794,0.9375269507324969,2024-01-03 03:20:00
0.9394952190285547,1000,0.9404347142475832,0.9385557238095261,2024-01-03 03:21:00
0.9401197545154704,1000,0.9410598742699857,0.9391796347609549,2024-01-03 03:22:00
0.9447992374672188,1000,0.945744036704686,0.9438544382297516,2024-01-03 03:23:00
0.9435393877375674,1000,0.9444829271253049,0.9425958483498298,2024-01-03 03:24:00
0.945893787751441,1000,0.9468396815391923,0.9449478939636895,2024-01-03 03:25:00
0.9431204397611062,1000,0.9440635602008671,0.9421773193213451,2024-01-03 03:26:00
0.9438938773143012,1000,0.9448377711916154,0.9429499834369869,2024-01-03 03:27:00
0.9450720629528082,1000,0.9460171350157609,0.9441269908898554,2024-01-03 03:28:00
0.9440585836847041,1000,0.9450026422683887,0.9431145251010193,2024-01-03 03:29:00
0.9417969271646474,1000,0.9427387240918119,0.9408551302374827,2024-01-03 03:30:00
0.9430782009770741,1000,0.944021279178051,0.942135122776097,2024-01-03 03:31:00
0.946557051116649,1000,0.9475036081677656,0.9456104940655323,2024-01-03 03:32:00
0.9476041122092431,1000,0.9485517163214523,0.9466565080970338,2024-01-03 03:33:00
0.9523954370366389,1000,0.9533478324736754,0.9514430415996022,2024-01-03 03:34:00
0.9534532709060207,1000,0.9544067241769266,0.9524998176351147,2024-01-03 03:35:00
0.9535051710743703,1000,0.9544586762454446,0.9525516659032959,2024-01-03 03:36:00
0.9502577149595355,1000,0.9512079726744949,0.949307457244576,2024-01-03 03:37:00
0.9501465606166123,1000,0.9510967071772288,0.9491964140559956,2024-01-03 03:38:00
0.9488955600022317,1000,0.9498444555622338,0.9479466644422295,2024-01-03 03:39:00
0.948595884387712,1000,0.9495444802720996,0.9476472885033244,2024-01-03 03:40:00
0.9486296840295276,1000,0.949578313713557,0.9476810543454981,2024-01-03 03:41:00
0.9486300159601838,1000,0.9495786459761439,0.9476813859442236,2024-01-03 03:42:00
0.9473305629074172,1000,0.9482778934703245,0.9463832323445098,2024-01-03 03:43:00
0.9472491143275731,1000,0.9481963634419005,0.9463018652132456,2024-01-03 03:44:00
0.9474043625772716,1000,0.9483517669398487,0.9464569582146943,2024-01-03 03:45:00
0.9481481767933095,1000,0.9490963249701028,0.9472000286165162,2024-01-03 03:46:00
0.9436925617669795,1000,0.9446362543287463,0.9427488692052125,2024-01-03 03:47:00
0.9405409113639397,1000,0.9414814522753036,0.9396003704525757,2024-01-03 03:48:00
0.9419625805558823,1000,0.9429045431364381,0.9410206179753264,2024-01-03 03:49:00
0.9419608820378987,1000,0.9429028429199365,0.9410189211558608,2024-01-03 03:50:00
0.940716499085685,1000,0.9416572155847706,0.9397757825865993,2024-01-03 03:51:00
0.9436402758594993,1000,0.9445839161353586,0.9426966355836398,2024-01-03 03:52:00
0.9436601429425502,1000,0.9446038030854926,0.9427164827996076,2024-01-03 03:53:00
0.9436607490619996,1000,0.9446044098110615,0.9427170883129375,2024-01-03 03:54:00
0.9428012330961799,1000,0.943744034329276,0.9418584318630837,2024-01-03 03:55:00
0.9410730218140464,1000,0.9420140948358603,0.9401319487922324,2024-01-03 03:56:00
0.9445803855049341,1000,0.9455249658904389,0.9436358051194291,2024-01-03 03:57:00
0.9456783726472715,1000,0.9466240510199186,0.9447326942746243,2024-01-03 03:58:00
0.9445577542955198,1000,0.9455023120498152,0.9436131965412243,2024-01-03 03:59:00
0.9438810926119342,1000,0.944824973704546,0.9429372115193223,2024-01-03 04:00:00
0.9444323556579733,1000,0.9453767880136312,0.9434879233023153,2024-01-03 04:01:00
0.9457720661408319,1000,0.9467178382069726,0.944826294074691,2024-01-03 04:02:00
0.9480444946191029,1000,0.948992539113722,0.9470964501244838,2024-01-03 04:03:00
0.9466500599829772,1000,0.9475967100429601,0.9457034099229943,2024-01-03 04:04:00
0.9450405068293588,1000,0.9459855473361881,0.9440954663225295,2024-01-03 04:05:00
0.9461139042027213,1000,0.947060018106924,0.9451677902985186,2024-01-03 04:06:00
0.9467526357276819,1000,0.9476993883634095,0.9458058830919542,2024-01-03 04:07:00
0.9486833636305522,1000,0.9496320469941826,0.9477346802669216,2024-01-03 04:08:00
0.9476565111773567,1000,0.948604167688534,0.9467088546661794,2024-01-03 04:09:00
0.9448424261543327,1000,0.9457872685804869,0.9438975837281783,2024-01-03 04:10:00
0.9410964877162149,1000,0.942037584203931,0.9401553912284987,2024-01-03 04:11:00
0.9388846414073208,1000,0.939823526048728,0.9379457567659134,2024-01-03 04:12:00
0.9414643383872269,1000,0.942405802725614,0.9405228740488396,2024-01-03 04:13:00
0.9416560002251783,1000,0.9425976562254034,0.940714344224953,2024-01-03 04:14:00
0.941997656397414,1000,0.9429396540538113,0.9410556587410165,2024-01-03 04:15:00
0.9415358775029061,1000,0.9424774133804089,0.9405943416254032,2024-01-03 04:16:00
0.9408197675851295,1000,0.9417605873527145,0.9398789478175444,2024-01-03 04:17:00
0.9418014466426015,1000,0.9427432480892439,0.9408596451959589,2024-01-03 04:18:00
0.9452270339990291,1000,0.946172261033028,0.9442818069650301,2024-01-03 04:19:00
0.9442784933661652,1000,0.9452227718595313,0.943334214872799,2024-01-03 04:20:00
0.9449488552541381,1000,0.9458938041093921,0.944003906398884,2024-01-03 04:21:00
0.9469455191881193,1000,0.9478924647073074,0.9459985736689311,2024-01-03 04:22:00
0.9452307264725048,1000,0.9461759571989772,0.9442854957460324,2024-01-03 04:23:00
0.9474100984223248,1000,0.9483575085207471,0.9464626883239025,2024-01-03 04:24:00
0.946916710440008,1000,0.9478636271504479,0.945969793729568,2024-01-03 04:25:00
0.9496031775803785,1000,0.9505527807579588,0.9486535744027981,2024-01-03 04:26:00
0.9521160080005706,1000,0.9530681240085711,0.95116389199257,2024-01-03 04:27:00
0.9504119999708022,1000,0.9513624119707729,0.9494615879708314,2024-01-03 04:28:00
0.9496151787040751,1000,0.950564793882779,0.948665563525371,2024-01-03 04:29:00
0.9516747795044215,1000,0.9526264542839258,0.9507231047249171,2024-01-03 04:30:00
0.9507204824580476,1000,0.9516712029405056,0.9497697619755896,2024-01-03 04:31:00
0.9496093333452655,1000,0.9505589426786107,0.9486597240119202,2024-01-03 04:32:00
0.9482888318071443,1000,0.9492371206389514,0.9473405429753371,2024-01-03 04:33:00
0.947487278755137,1000,0.9484347660338921,0.9465397914763819,2024-01-03 04:34:00
0.9448446503374961,1000,0.9457894949878335,0.9438998056871586,2024-01-03 04:35:00
0.9458623776384202,1000,0.9468082400160585,0.9449165152607818,2024-01-03 04:36:00
0.9429509945042176,1000,0.9438939454987217,0.9420080435097133,2024-01-03 04:37:00
0.9456359622402811,1000,0.9465815982025213,0.9446903262780408,2024-01-03 04:38:00
0.943473804234375,1000,0.9444172780386093,0.9425303304301406,2024-01-03 04:39:00
0.942101525517137,1000,0.943043627042654,0.9411594239916199,2024-01-03 04:40:00
0.9390685079578329,1000,0.9400075764657907,0.938129439449875,2024-01-03 04:41:00
0.9419413068921101,1000,0.942883248199002,0.940999365585218,2024-01-03 04:42:00
0.9412906444318633,1000,0.942231935076295,0.9403493537874315,2024-01-03 04:43:00
0.9399956378440162,1000,0.94093563348186,0.9390556422061722,2024-01-03 04:44:00
0.9382898538063447,1000,0.939228143660151,0.9373515639525383,2024-01-03 04:45:00
0.9321403851118454,1000,0.9330725254969571,0.9312082447267336,2024-01-03 04:46:00
0.931984844838284,1000,0.9329168296831222,0.9310528599934458,2024-01-03 04:47:00
0.9300145482252605,1000,0.9309445627734857,0.9290845336770353,2024-01-03 04:48:00
0.9298912278265672,1000,0.9308211190543937,0.9289613365987406,2024-01-03 04:49:00
0.9304148475211422,1000,0.9313452623686632,0.9294844326736211,2024-01-03 04:50:00
0.9301442295344166,1000,0.9310743737639509,0.9292140853048821,2024-01-03 04:51:00
0.9291785512136296,1000,0.9301077297648431,0.9282493726624159,2024-01-03 04:52:00
0.9307214593238484,1000,0.9316521807831721,0.9297907378645246,2024-01-03 04:53:00
0.9319781907825888,1000,0.9329101689733713,0.9310462125918062,2024-01-03 04:54:00
0.9322499500110181,1000,0.933182199961029,0.931317700061007,2024-01-03 04:55:00
0.9331821299960904,1000,0.9341153121260863,0.9322489478660944,2024-01-03 04:56:00
0.9338838382535304,1000,0.9348177220917838,0.9329499544152768,2024-01-03 04:57:00
0.9350100507464166,1000,0.935945060797163,0.9340750406956703,2024-01-03 04:58:00
0.9387118877559059,1000,0.9396505996436617,0.9377731758681499,2024-01-03 04:59:00
0.9379821486450904,1000,0.9389201307937354,0.9370441664964454,2024-01-03 05:00:00
0.9385669812542667,1000,0.9395055482355209,0.9376284142730125,2024-01-03 05:01:00
0.9395451692824079,1000,0.9404847144516902,0.9386056241131255,2024-01-03 05:02:00
0.9390765291132923,1000,0.9400156056424055,0.938137452584179,2024-01-03 05:03:00
0.9369488103831284,1000,0.9378857591935114,0.9360118615727453,2024-01-03 05:04:00
0.9395730358766277,1000,0.9405126089125042,0.938633462840751,2024-01-03 05:05:00
0.9401980277442301,1000,0.9411382257719743,0.9392578297164859,2024-01-03 05:06:00
0.9401619404917602,1000,0.9411021024322518,0.9392217785512684,2024-01-03 05:07:00
0.9404285903106662,1000,0.9413690189009767,0.9394881617203555,2024-01-03 05:08:00
0.9403299849133337,1000,0.941270314898247,0.9393896549284204,2024-01-03 05:09:00
0.9451565509413442,1000,0.9461017074922855,0.9442113943904029,2024-01-03 05:10:00
0.9449984842142037,1000,0.9459434826984179,0.9440534857299895,2024-01-03 05:11:00
0.9471645971114335,1000,0.9481117617085448,0.9462174325143221,2024-01-03 05:12:00
0.9467229485737296,1000,0.9476696715223033,0.945776225625156,2024-01-03 05:13:00
0.9464091134377527,1000,0.9473555225511904,0.9454627043243149,2024-01-03 05:14:00
0.9474143823381229,1000,0.948361796720461,0.9464669679557848,2024-01-03 05:15:00
0.9476994018043102,1000,0.9486471012061144,0.946751702402506,2024-01-03 05:16:00
0.9474243781305713,1000,0.9483718025087018,0.9464769537524408,2024-01-03 05:17:00
0.9491266873066931,1000,0.9500758139939998,0.9481775606193864,2024-01-03 05:18:00
0.94721853234515,1000,0.948165750877495,0.9462713138128048,2024-01-03 05:19:00
0.9465160823587293,1000,0.9474625984410879,0.9455695662763706,2024-01-03 05:20:00
0.9443223623858775,1000,0.9452666847482633,0.9433780400234917,2024-01-03 05:21:00
0.9422711545859193,1000,0.943213425740505,0.9413288834313334,2024-01-03 05:22:00
0.9405102477243406,1000,0.9414507579720648,0.9395697374766162,2024-01-03 05:23:00
0.9392774717579588,1000,0.9402167492297167,0.9383381942862009,2024-01-03 05:24:00
0.9395219828752344,1000,0.9404615048581095,0.9385824608923591,2024-01-03 05:25:00
0.937101061156637,1000,0.9380381622177936,0.9361639600954804,2024-01-03 05:26:00
0.9378784031886618,1000,0.9388162815918504,0.9369405247854731,2024-01-03 05:27:00
0.9373806627432345,1000,0.9383180434059777,0.9364432820804913,2024-01-03 05:28:00
0.9392679357808753,1000,0.9402072037166561,0.9383286678450944,2024-01-03 05:29:00
0.9377008262247795,1000,0.9386385270510041,0.9367631253985547,2024-01-03 05:30:00
0.9388732913089433,1000,0.9398121646002521,0.9379344180176343,2024-01-03 05:31:00
0.9385678778113955,1000,0.9395064456892068,0.9376293099335841,2024-01-03 05:32:00
0.9354402005390856,1000,0.9363756407396245,0.9345047603385466,2024-01-03 05:33:00
0.9362244844154491,1000,0.9371607088998645,0.9352882599310337,2024-01-03 05:34:00
0.9363912781796873,1000,0.9373276694578668,0.9354548869015076,2024-01-03 05:35:00
0.9363547230769363,1000,0.9372910778000132,0.9354183683538594,2024-01-03 05:36:00
0.9333163064084942,1000,0.9342496227149025,0.9323829901020857,2024-01-03 05:37:00
0.93627511609364,1000,0.9372113912097335,0.9353388409775464,2024-01-03 05:38:00
0.9351519861419011,1000,0.9360871381280429,0.9342168341557592,2024-01-03 05:39:00
0.9352247143770569,1000,0.9361599390914338,0.9342894896626799,2024-01-03 05:40:00
0.9393755787149641,1000,0.940314954293679,0.9384362031362492,2024-01-03 05:41:00
0.9406386235357536,1000,0.9415792621592892,0.9396979849122178,2024-01-03 05:42:00
0.9366593982959107,1000,0.9375960576942065,0.9357227388976148,2024-01-03 05:43:00
0.9349980709815432,1000,0.9359330690525246,0.9340630729105617,2024-01-03 05:44:00
0.9354894983662272,1000,0.9364249878645933,0.934554008867861,2024-01-03 05:45:00
0.9333452720184404,1000,0.9342786172904588,0.9324119267464219,2024-01-03 05:46:00
0.9348624499176856,1000,0.9357973123676032,0.9339275874677679,2024-01-03 05:47:00
0.9358147987438539,1000,0.9367506135425976,0.93487898394511,2024-01-03 05:48:00
0.933654767890735,1000,0.9345884226586256,0.9327211131228442,2024-01-03 05:49:00
0.9339251204818365,1000,0.9348590456023183,0.9329911953613547,2024-01-03 05:50:00
0.9319160866742312,1000,0.9328480027609053,0.930984170587557,2024-01-03 05:51:00
0.9333571326512112,1000,0.9342904897838623,0.93242377551856,2024-01-03 05:52:00
0.9315285533367597,1000,0.9324600818900963,0.9305970247834229,2024-01-03 05:53:00
0.9286786358555377,1000,0.9296073144913931,0.9277499572196821,2024-01-03 05:54:00
0.9285042687388083,1000,0.929432773007547,0.9275757644700695,2024-01-03 05:55:00
0.9285971448899264,1000,0.9295257420348162,0.9276685477450365,2024-01-03 05:56:00
0.9291652812829342,1000,0.930094446564217,0.9282361160016512,2024-01-03 05:57:00
0.9242338843875854,1000,0.9251581182719728,0.9233096505031978,2024-01-03 05:58:00
0.92370306940301,1000,0.9246267724724129,0.9227793663336069,2024-01-03 05:59:00
0.924420711937041,1000,0.925345132648978,0.923496291225104,2024-01-03 06:00:00
0.9279024860981999,1000,0.928830388584298,0.9269745836121017,2024-01-03 06:01:00
0.9286180067083857,1000,0.929546624715094,0.9276893887016773,2024-01-03 06:02:00
0.9297111596053264,1000,0.9306408707649316,0.9287814484457211,2024-01-03 06:03:00
0.930119987100433,1000,0.9310501070875333,0.9291898671133325,2024-01-03 06:04:00
0.932653056061916,1000,0.9335857091179778,0.931720403005854,2024-01-03 06:05:00
0.9332470873611283,1000,0.9341803344484892,0.9323138402737672,2024-01-03 06:06:00
0.9332355338903434,1000,0.9341687694242337,0.9323022983564531,2024-01-03 06:07:00
0.9310590613983732,1000,0.9319901204597715,0.9301280023369749,2024-01-03 06:08:00
0.9307173918139183,1000,0.9316481092057322,0.9297866744221044,2024-01-03 06:09:00
0.9308264007864696,1000,0.931757227187256,0.9298955743856832,2024-01-03 06:10:00
0.929851075321047,1000,0.930780926396368,0.928921224245726,2024-01-03 06:11:00
0.9304217448391005,1000,0.9313521665839395,0.9294913230942613,2024-01-03 06:12:00
0.9346474642898662,1000,0.935582111754156,0.9337128168255764,2024-01-03 06:13:00
0.9342874567270164,1000,0.9352217441837434,0.9333531692702894,2024-01-03 06:14:00
0.9373420279549303,1000,0.9382793699828851,0.9364046859269753,2024-01-03 06:15:00
0.9359121621638767,1000,0.9368480743260406,0.9349762500017128,2024-01-03 06:16:00
0.9331512012718054,1000,0.9340843524730771,0.9322180500705336,2024-01-03 06:17:00
0.9333268991952122,1000,0.9342602260944073,0.9323935722960169,2024-01-03 06:18:00
0.937315605323589,1000,0.9382529209289125,0.9363782897182654,2024-01-03 06:19:00
0.9347979942559822,1000,0.9357327922502381,0.9338631962617262,2024-01-03 06:20:00
0.9348373479263931,1000,0.9357721852743194,0.9339025105784666,2024-01-03 06:21:00
0.9357423527516282,1000,0.9366780951043797,0.9348066103988766,2024-01-03 06:22:00
0.9359353730225467,1000,0.9368713083955691,0.9349994376495242,2024-01-03 06:23:00
0.9362055677089152,1000,0.937141773276624,0.9352693621412063,2024-01-03 06:24:00
0.935474080007851,1000,0.9364095540878588,0.9345386059278432,2024-01-03 06:25:00
0.9337799262719612,1000,0.934713706198233,0.9328461463456892,2024-01-03 06:26:00
0.9356660563044515,1000,0.9366017223607559,0.9347303902481471,2024-01-03 06:27:00
0.9384389234686612,1000,0.9393773623921298,0.9375004845451925,2024-01-03 06:28:00
0.9358435958567043,1000,0.9367794394525609,0.9349077522608475,2024-01-03 06:29:00
0.936752365715397,1000,0.9376891180811123,0.9358156133496816,2024-01-03 06:30:00
0.9316497853777919,1000,0.9325814351631696,0.9307181355924141,2024-01-03 06:31:00
0.9292086110686995,1000,0.930137819679768,0.9282794024576307,2024-01-03 06:32:00
0.9316127708783714,1000,0.9325443836492496,0.930681158107493,2024-01-03 06:33:00
0.9330663350652696,1000,0.9339994014003348,0.9321332687302043,2024-01-03 06:34:00
0.9294566987206869,1000,0.9303861554194075,0.9285272420219662,2024-01-03 06:35:00
0.928994241169486,1000,0.9299232354106555,0.9280652469283166,2024-01-03 06:36:00
0.9282537319962084,1000,0.9291819857282045,0.9273254782642122,2024-01-03 06:37:00
0.927401517323055,1000,0.9283289188403779,0.9264741158057319,2024-01-03 06:38:00
0.9284624442524909,1000,0.9293909066967433,0.9275339818082384,2024-01-03 06:39:00
0.9292243886762732,1000,0.9301536130649494,0.928295164287597,2024-01-03 06:40:00
0.9295783290194825,1000,0.9305079073485019,0.9286487506904629,2024-01-03 06:41:00
0.9270508592067919,1000,0.9279779100659985,0.9261238083475851,2024-01-03 06:42:00
0.9273523995776694,1000,0.9282797519772469,0.9264250471780917,2024-01-03 06:43:00
0.9269897664622367,1000,0.9279167562286988,0.9260627766957745,2024-01-03 06:44:00
0.9288697378004463,1000,0.9297986075382467,0.9279408680626459,2024-01-03 06:45:00
0.9291820381333216,1000,0.9301112201714548,0.9282528560951883,2024-01-03 06:46:00
0.9290021316134158,1000,0.9299311337450291,0.9280731294818024,2024-01-03 06:47:00
0.9293358553985855,1000,0.930265191253984,0.928406519543187,2024-01-03 06:48:00
0.9316877125748537,1000,0.9326194002874285,0.9307560248622788,2024-01-03 06:49:00
0.9354232086840241,1000,0.936358631892708,0.9344877854753401,2024-01-03 06:50:00
0.9327818861850683,1000,0.9337146680712533,0.9318491042988832,2024-01-03 06:51:00
0.9349054896030066,1000,0.9358403950926095,0.9339705841134036,2024-01-03 06:52:00
0.9342542216656563,1000,0.9351884758873219,0.9333199674439906,2024-01-03 06:53:00
0.9345671367713378,1000,0.935501703908109,0.9336325696345665,2024-01-03 06:54:00
0.9345315636075229,1000,0.9354660951711303,0.9335970320439153,2024-01-03 06:55:00
0.933122960422566,1000,0.9340560833829885,0.9321898374621435,2024-01-03 06:56:00
0.9326536384517224,1000,0.9335862920901741,0.9317209848132707,2024-01-03 06:57:00
0.9324084261808476,1000,0.9333408346070283,0.9314760177546668,2024-01-03 06:58:00
0.9335437720546316,1000,0.9344773158266861,0.9326102282825769,2024-01-03 06:59:00
0.9328732280757561,1000,0.9338061013038318,0.9319403548476803,2024-01-03 07:00:00
0.9346888720709557,1000,0.9356235609430266,0.9337541831988848,2024-01-03 07:01:00
0.9333173109655792,1000,0.9342506282765447,0.9323839936546137,2024-01-03 07:02:00
0.9338738500354428,1000,0.9348077238854781,0.9329399761854074,2024-01-03 07:03:00
0.9357419845123809,1000,0.9366777264968932,0.9348062425278685,2024-01-03 07:04:00
0.9344778831571692,1000,0.9354123610403262,0.933543405274012,2024-01-03 07:05:00
0.9337524407743736,1000,0.9346861932151479,0.9328186883335992,2024-01-03 07:06:00
0.935643511573864,1000,0.9365791550854378,0.9347078680622902,2024-01-03 07:07:00
0.9373537066402248,1000,0.9382910603468649,0.9364163529335845,2024-01-03 07:08:00
0.9371797090639242,1000,0.938116888772988,0.9362425293548603,2024-01-03 07:09:00
0.9409172553911623,1000,0.9418581726465534,0.9399763381357712,2024-01-03 07:10:00
0.9429856268173821,1000,0.9439286124441993,0.9420426411905647,2024-01-03 07:11:00
0.943729041010384,1000,0.9446727700513943,0.9427853119693737,2024-01-03 07:12:00
0.9428967143477427,1000,0.9438396110620904,0.9419538176333949,2024-01-03 07:13:00
0.9448527464517523,1000,0.9457975991982039,0.9439078937053006,2024-01-03 07:14:00
0.9444360495265807,1000,0.9453804855761071,0.9434916134770541,2024-01-03 07:15:00
0.9448876577683886,1000,0.9458325454261568,0.9439427701106202,2024-01-03 07:16:00
0.9457424527316797,1000,0.9466881951844113,0.944796710278948,2024-01-03 07:17:00
0.943283033187092,1000,0.944226316220279,0.9423397501539048,2024-01-03 07:18:00
0.9462106081840417,1000,0.9471568187922256,0.9452643975758577,2024-01-03 07:19:00
0.9472831116771372,1000,0.9482303947888142,0.9463358285654601,2024-01-03 07:20:00
0.9502700267087609,1000,0.9512202967354696,0.9493197566820522,2024-01-03 07:21:00
0.9504880841209801,1000,0.951438572205101,0.949537596036859,2024-01-03 07:22:00
0.9508976674091598,1000,0.9518485650765689,0.9499467697417506,2024-01-03 07:23:00
0.9526824113543775,1000,0.9536350937657317,0.9517297289430231,2024-01-03 07:24:00
0.9523618373635987,1000,0.9533141992009622,0.9514094755262351,2024-01-03 07:25:00
0.9547463340638725,1000,0.9557010803979363,0.9537915877298087,2024-01-03 07:26:00
0.9561484430164437,1000,0.9571045914594601,0.9551922945734274,2024-01-03 07:27:00
0.9565378773587189,1000,0.9574944152360775,0.9555813394813601,2024-01-03 07:28:00
0.9563943060299126,1000,0.9573507003359424,0.9554379117238827,2024-01-03 07:29:00
0.9573452938565474,1000,0.9583026391504039,0.9563879485626909,2024-01-03 07:30:00
0.9564534215483373,1000,0.9574098749698856,0.955496968126789,2024-01-03 07:31:00
0.9587887411118176,1000,0.9597475298529292,0.9578299523707058,2024-01-03 07:32:00
0.9593235624764617,1000,0.9602828860389381,0.9583642389139853,2024-01-03 07:33:00
0.9552601334525149,1000,0.9562153935859673,0.9543048733190624,2024-01-03 07:34:00
0.9547832957354799,1000,0.9557380790312153,0.9538285124397444,2024-01-03 07:35:00
0.9556034978678661,1000,0.9565591013657339,0.9546478943699983,2024-01-03 07:36:00
0.9589742967670362,1000,0.9599332710638031,0.9580153224702691,2024-01-03 07:37:00
0.9632682591988736,1000,0.9642315274580724,0.9623049909396747,2024-01-03 07:38:00
0.962657362853876,1000,0.9636200202167298,0.9616947054910222,2024-01-03 07:39:00
0.9625839557347746,1000,0.9635465396905093,0.9616213717790398,2024-01-03 07:40:00
0.9641040279772306,1000,0.9650681320052077,0.9631399239492534,2024-01-03 07:41:00
0.9612070124962716,1000,0.9621682195087677,0.9602458054837754,2024-01-03 07:42:00
0.9614153318183524,1000,0.9623767471501706,0.960453916486534,2024-01-03 07:43:00
0.9602468257933635,1000,0.9612070726191567,0.9592865789675702,2024-01-03 07:44:00
0.9631376363601716,1000,0.9641007739965316,0.9621744987238114,2024-01-03 07:45:00
0.9637468295998286,1000,0.9647105764294284,0.9627830827702287,2024-01-03 07:46:00
0.96663563891299,1000,0.9676022745519028,0.965669003274077,2024-01-03 07:47:00
0.9663058252960638,1000,0.9672721311213598,0.9653395194707677,2024-01-03 07:48:00
0.9652824769945141,1000,0.9662477594715085,0.9643171945175195,2024-01-03 07:49:00
0.9606783314597469,1000,0.9616390097912065,0.9597176531282872,2024-01-03 07:50:00
0.9633584890950744,1000,0.9643218475841694,0.9623951306059793,2024-01-03 07:51:00
0.9643557888861493,1000,0.9653201446750354,0.9633914330972632,2024-01-03 07:52:00
0.9638616467909947,1000,0.9648255084377856,0.9628977851442038,2024-01-03 07:53:00
0.964381236035345,1000,0.9653456172713802,0.9634168547993096,2024-01-03 07:54:00
0.9647864257295656,1000,0.9657512121552951,0.963821639303836,2024-01-03 07:55:00
0.9655091138057345,1000,0.9664746229195401,0.9645436046919287,2024-01-03 07:56:00
0.9661502987014697,1000,0.9671164490001711,0.9651841484027682,2024-01-03 07:57:00
0.9650301425017157,1000,0.9659951726442173,0.964065112359214,2024-01-03 07:58:00
0.965822198802529,1000,0.9667880210013313,0.9648563766037265,2024-01-03 07:59:00
0.9663656355998219,1000,0.9673320012354216,0.9653992699642221,2024-01-03 08:00:00
0.9661673929064638,1000,0.9671335602993701,0.9652012255135574,2024-01-03 08:01:00
0.9641572264887245,1000,0.965121383715213,0.9631930692622358,2024-01-03 08:02:00
0.9634580793608473,1000,0.964421537440208,0.9624946212814864,2024-01-03 08:03:00
0.9642807909671421,1000,0.9652450717581091,0.963316510176175,2024-01-03 08:04:00
0.9612038796419032,1000,0.9621650835215451,0.9602426757622613,2024-01-03 08:05:00
0.9604377049516362,1000,0.9613981426565877,0.9594772672466845,2024-01-03 08:06:00
0.961105079257963,1000,0.9620661843372208,0.960143974178705,2024-01-03 08:07:00
0.9606504408806094,1000,0.9616110913214898,0.9596897904397288,2024-01-03 08:08:00
0.9591754999956235,1000,0.9601346754956189,0.9582163244956279,2024-01-03 08:09:00
0.959685723573901,1000,0.9606454092974748,0.9587260378503272,2024-01-03 08:10:00
0.959156052449584,1000,0.9601152085020335,0.9581968963971345,2024-01-03 08:11:00
0.961621182456772,1000,0.9625828036392287,0.9606595612743152,2024-01-03 08:12:00
0.9607646144339884,1000,0.9617253790484223,0.9598038498195545,2024-01-03 08:13:00
0.9618945867927279,1000,0.9628564813795205,0.9609326922059351,2024-01-03 08:14:00
0.9641420885691421,1000,0.9651062306577111,0.963177946480573,2024-01-03 08:15:00
0.9668114805883071,1000,0.9677782920688953,0.9658446691077188,2024-01-03 08:16:00
0.9668987332176212,1000,0.9678656319508387,0.9659318344844036,2024-01-03 08:17:00
0.9691666787017388,1000,0.9701358453804404,0.968197512023037,2024-01-03 08:18:00
0.9696853094649622,1000,0.9706549947744271,0.9687156241554973,2024-01-03 08:19:00
0.9711034199708268,1000,0.9720745233907976,0.970132316550856,2024-01-03 08:20:00
0.9705089169282476,1000,0.9714794258451758,0.9695384080113193,2024-01-03 08:21:00
0.9710404179083972,1000,0.9720114583263055,0.9700693774904888,2024-01-03 08:22:00
0.9681277637361586,1000,0.9690958914998946,0.9671596359724225,2024-01-03 08:23:00
0.9679897364516993,1000,0.9689577261881509,0.9670217467152475,2024-01-03 08:24:00
0.9667355738031335,1000,0.9677023093769365,0.9657688382293304,2024-01-03 08:25:00
0.9654992115374764,1000,0.9664647107490137,0.964533712325939,2024-01-03 08:26:00
0.9644991281207465,1000,0.9654636272488671,0.9635346289926257,2024-01-03 08:27:00
0.9657658302427553,1000,0.966731596072998,0.9648000644125125,2024-01-03 08:28:00
0.9632136902733227,1000,0.9641769039635959,0.9622504765830494,2024-01-03 08:29:00
0.9640121639200815,1000,0.9649761760840014,0.9630481517561614,2024-01-03 08:30:00
0.9623563738204906,1000,0.9633187301943109,0.9613940174466701,2024-01-03 08:31:00
0.9612022387175313,1000,0.9621634409562487,0.9602410364788138,2024-01-03 08:32:00
0.9631226389904465,1000,0.9640857616294368,0.962159516351456,2024-01-03 08:33:00
0.9614744971476411,1000,0.9624359716447887,0.9605130226504934,2024-01-03 08:34:00
0.9575533773833262,1000,0.9585109307607095,0.9565958240059429,2024-01-03 08:35:00
0.9591455230075303,1000,0.9601046685305378,0.9581863774845227,2024-01-03 08:36:00
0.9587544745952415,1000,0.9597132290698367,0.9577957201206463,2024-01-03 08:37:00
0.960641521450054,1000,0.9616021629715039,0.959680879928604,2024-01-03 08:38:00
0.9618089977669778,1000,0.9627708067647447,0.9608471887692108,2024-01-03 08:39:00
0.9552603373745705,1000,0.956215597711945,0.9543050770371959,2024-01-03 08:40:00
0.9556502937374264,1000,0.9566059440311637,0.9546946434436889,2024-01-03 08:41:00
0.9503249602449902,1000,0.9512752852052351,0.9493746352847453,2024-01-03 08:42:00
0.9506079227070576,1000,0.9515585306297646,0.9496573147843506,2024-01-03 08:43:00
0.9508278210825415,1000,0.951778648903624,0.9498769932614589,2024-01-03 08:44:00
0.9477929250792945,1000,0.9487407180043737,0.9468451321542152,2024-01-03 08:45:00
0.9485039929057468,1000,0.9494524968986525,0.947555488912841,2024-01-03 08:46:00
0.9478764806596467,1000,0.9488243571403062,0.946928604178987,2024-01-03 08:47:00
0.9472111308219807,1000,0.9481583419528026,0.9462639196911588,2024-01-03 08:48:00
0.9461846911029856,1000,0.9471308757940885,0.9452385064118827,2024-01-03 08:49:00
0.9440547686629951,1000,0.944998823431658,0.9431107138943321,2024-01-03 08:50:00
0.9426327280336415,1000,0.943575360761675,0.9416900953056079,2024-01-03 08:51:00
0.9422640554562559,1000,0.9432063195117121,0.9413217914007996,2024-01-03 08:52:00
0.9381205374844354,1000,0.9390586580219197,0.9371824169469509,2024-01-03 08:53:00
0.9387296959884047,1000,0.939668425684393,0.9377909662924163,2024-01-03 08:54:00
0.9346784048511204,1000,0.9356130832559715,0.9337437264462692,2024-01-03 08:55:00
0.9350540023309334,1000,0.9359890563332642,0.9341189483286024,2024-01-03 08:56:00
0.9362544456691391,1000,0.9371907001148081,0.9353181912234699,2024-01-03 08:57:00
0.9370020360782222,1000,0.9379390381143003,0.9360650340421439,2024-01-03 08:58:00
0.9350346599610229,1000,0.9359696946209838,0.9340996253010618,2024-01-03 08:59:00
0.9350350801338907,1000,0.9359701152140245,0.9341000450537568,2024-01-03 09:00:00
0.9313258795423569,1000,0.9322572054218992,0.9303945536628145,2024-01-03 09:01:00
0.9305929712059667,1000,0.9315235641771726,0.9296623782347607,2024-01-03 09:02:00
0.9306060562977999,1000,0.9315366623540976,0.9296754502415021,2024-01-03 09:03:00
0.9298952659804426,1000,0.9308251612464229,0.9289653707144622,2024-01-03 09:04:00
0.9270005211051753,1000,0.9279275216262803,0.9260735205840701,2024-01-03 09:05:00
0.9239705525599746,1000,0.9248945231125345,0.9230465820074146,2024-01-03 09:06:00
0.9229343876259565,1000,0.9238573220135823,0.9220114532383306,2024-01-03 09:07:00
0.9234960638278645,1000,0.9244195598916923,0.9225725677640366,2024-01-03 09:08:00
0.9232905449293595,1000,0.9242138354742887,0.9223672543844301,2024-01-03 09:09:00
0.9250468346083315,1000,0.9259718814429397,0.9241217877737231,2024-01-03 09:10:00
0.9231214520361711,1000,0.9240445734882072,0.9221983305841349,2024-01-03 09:11:00
0.922562597668814,1000,0.9234851602664828,0.9216400350711452,2024-01-03 09:12:00
0.9206447017988023,1000,0.9215653465006011,0.9197240570970036,2024-01-03 09:13:00
0.9196664233350127,1000,0.9205860897583477,0.9187467569116777,2024-01-03 09:14:00
0.9188267424511868,1000,0.9197455691936379,0.9179079157087356,2024-01-03 09:15:00
0.9191408759060321,1000,0.920060016781938,0.918221735030126,2024-01-03 09:16:00
0.9189240542355483,1000,0.9198429782897838,0.9180051301813128,2024-01-03 09:17:00
0.9166648222543985,1000,0.9175814870766528,0.9157481574321441,2024-01-03 09:18:00
0.915598999399304,1000,0.9165145983987032,0.9146834003999047,2024-01-03 09:19:00
0.9196097788872324,1000,0.9205293886661196,0.9186901691083451,2024-01-03 09:20:00
0.9167228164002634,1000,0.9176395392166636,0.9158060935838631,2024-01-03 09:21:00
0.9148094011385924,1000,0.915724210539731,0.9138945917374538,2024-01-03 09:22:00
0.914089657512853,1000,0.9150037471703657,0.9131755678553402,2024-01-03 09:23:00
0.9112205315554229,1000,0.9121317520869783,0.9103093110238675,2024-01-03 09:24:00
0.9101360317811406,1000,0.9110461678129216,0.9092258957493594,2024-01-03 09:25:00
0.9114120606340067,1000,0.9123234726946406,0.9105006485733727,2024-01-03 09:26:00
0.9113945012808884,1000,0.9123058957821691,0.9104831067796075,2024-01-03 09:27:00
0.9106699861586074,1000,0.9115806561447659,0.9097593161724488,2024-01-03 09:28:00
0.9092404799955345,1000,0.9101497204755299,0.908331239515539,2024-01-03 09:29:00
0.9119057054370091,1000,0.912817611142446,0.9109937997315721,2024-01-03 09:30:00
0.9087973594550247,1000,0.9097061568144796,0.9078885620955697,2024-01-03 09:31:00
0.9124823316651951,1000,0.9133948139968602,0.9115698493335299,2024-01-03 09:32:00
0.9128262206414482,1000,0.9137390468620896,0.9119133944208068,2024-01-03 09:33:00
0.9134389753044221,1000,0.9143524142797264,0.9125255363291177,2024-01-03 09:34:00
0.9135178849142027,1000,0.9144314027991168,0.9126043670292885,2024-01-03 09:35:00
0.9133522762823243,1000,0.9142656285586065,0.912438924006042,2024-01-03 09:36:00
0.9139787014920604,1000,0.9148926801935524,0.9130647227905684,2024-01-03 09:37:00
0.9115990207625804,1000,0.9125106197833428,0.9106874217418178,2024-01-03 09:38:00
0.9101296078032107,1000,0.9110397374110139,0.9092194781954075,2024-01-03 09:39:00
0.9115140528482379,1000,0.9124255669010861,0.9106025387953897,2024-01-03 09:40:00
0.9125373780961427,1000,0.9134499154742387,0.9116248407180465,2024-01-03 09:41:00
0.9155241807625044,1000,0.9164397049432668,0.914608656581742,2024-01-03 09:42:00
0.9144317431551509,1000,0.9153461748983059,0.9135173114119957,2024-01-03 09:43:00
0.9148435174445448,1000,0.9157583609619893,0.9139286739271003,2024-01-03 09:44:00
0.9140077571771619,1000,0.914921764934339,0.9130937494199847,2024-01-03 09:45:00
0.9151306975401198,1000,0.9160458282376598,0.9142155668425797,2024-01-03 09:46:00
0.9193491387364534,1000,0.9202684878751898,0.9184297895977169,2024-01-03 09:47:00
0.9235528360891774,1000,0.9244763889252664,0.9226292832530882,2024-01-03 09:48:00
0.9230951641482135,1000,0.9240182593123616,0.9221720689840652,2024-01-03 09:49:00
0.9247391649670058,1000,0.9256639041319727,0.9238144258020388,2024-01-03 09:50:00
0.9280759924074364,1000,0.9290040683998437,0.927147916415029,2024-01-03 09:51:00
0.928264155080983,1000,0.9291924192360639,0.9273358909259021,2024-01-03 09:52:00
0.9298070611042943,1000,0.9307368681653986,0.92887725404319,2024-01-03 09:53:00
0.9295967685407914,1000,0.9305263653093321,0.9286671717722507,2024-01-03 09:54:00
0.928958217390006,1000,0.9298871756073959,0.9280292591726159,2024-01-03 09:55:00
0.9296620432482828,1000,0.930591705291531,0.9287323812050345,2024-01-03 09:56:00
0.9303359363197107,1000,0.9312662722560303,0.9294056003833909,2024-01-03 09:57:00
0.9291945265898077,1000,0.9301237211163974,0.9282653320632179,2024-01-03 09:58:00
0.9253683942183734,1000,0.9262937626125917,0.9244430258241549,2024-01-03 09:59:00
0.9261916393378017,1000,0.9271178309771394,0.9252654476984639,2024-01-03 10:00:00
0.9249829221875834,1000,0.9259079051097708,0.9240579392653958,2024-01-03 10:01:00
0.9246785904767014,1000,0.925603269067178,0.9237539118862247,2024-01-03 10:02:00
0.9259783743980288,1000,0.9269043527724267,0.9250523960236308,2024-01-03 10:03:00
0.923923205091846,1000,0.9248471282969377,0.9229992818867542,2024-01-03 10:04:00
0.9223468919462352,1000,0.9232692388381813,0.921424545054289,2024-01-03 10:05:00
0.9225497194914982,1000,0.9234722692109896,0.9216271697720068,2024-01-03 10:06:00
0.9198145740419823,1000,0.9207343886160242,0.9188947594679403,2024-01-03 10:07:00
0.920882266913422,1000,0.9218031491803353,0.9199613846465086,2024-01-03 10:08:00
0.9232863576435638,1000,0.9242096440012073,0.9223630712859202,2024-01-03 10:09:00
0.9213301871502402,1000,0.9222515173373903,0.9204088569630899,2024-01-03 10:10:00
0.9222555427758348,1000,0.9231777983186105,0.921333287233059,2024-01-03 10:11:00
0.9225429594195224,1000,0.9234655023789418,0.9216204164601028,2024-01-03 10:12:00
0.9259708900894116,1000,0.9268968609795009,0.9250449191993222,2024-01-03 10:13:00
0.9261957234730596,1000,0.9271219191965325,0.9252695277495865,2024-01-03 10:14:00
0.928069628612773,1000,0.9289976982413857,0.9271415589841602,2024-01-03 10:15:00
0.9292269090495776,1000,0.9301561359586271,0.928297682140528,2024-01-03 10:16:00
0.9302048919033272,1000,0.9311350967952304,0.9292746870114239,2024-01-03 10:17:00
0.9284886364921913,1000,0.9294171251286834,0.9275601478556991,2024-01-03 10:18:00
0.928273031402511,1000,0.9292013044339135,0.9273447583711085,2024-01-03 10:19:00
0.9274694005890392,1000,0.9283968699896281,0.9265419311884501,2024-01-03 10:20:00
0.9249091933713938,1000,0.9258341025647651,0.9239842841780224,2024-01-03 10:21:00
0.9243589603151078,1000,0.9252833192754227,0.9234346013547927,2024-01-03 10:22:00
0.9237568079436382,1000,0.9246805647515818,0.9228330511356946,2024-01-03 10:23:00
0.9209613925370038,1000,0.9218823539295408,0.9200404311444668,2024-01-03 10:24:00
0.9195430915859052,1000,0.920462634677491,0.9186235484943193,2024-01-03 10:25:00
0.9213624749523933,1000,0.9222838374273457,0.9204411124774409,2024-01-03 10:26:00
0.9207284430036001,1000,0.9216491714466036,0.9198077145605965,2024-01-03 10:27:00
0.9197529450612938,1000,0.920672698006355,0.9188331921162325,2024-01-03 10:28:00
0.9216501559627813,1000,0.922571806118744,0.9207285058068185,2024-01-03 10:29:00
0.9210180632421382,1000,0.9219390813053803,0.920097045178896,2024-01-03 10:30:00
0.9194351006645761,1000,0.9203545357652406,0.9185156655639115,2024-01-03 10:31:00
0.91982383195919,1000,0.9207436557911491,0.9189040081272308,2024-01-03 10:32:00
0.9197817105350429,1000,0.9207014922455778,0.9188619288245078,2024-01-03 10:33:00
0.9182416181014554,1000,0.9191598597195568,0.9173233764833539,2024-01-03 10:34:00
0.9187611643480158,1000,0.9196799255123638,0.9178424031836678,2024-01-03 10:35:00
0.9178216711678868,1000,0.9187394928390547,0.9169038494967189,2024-01-03 10:36:00
0.9163276008013213,1000,0.9172439284021224,0.91541127320052,2024-01-03 10:37:00
0.9150106106422765,1000,0.9159256212529187,0.9140956000316343,2024-01-03 10:38:00
0.9165856957297729,1000,0.9175022814255026,0.9156691100340432,2024-01-03 10:39:00
0.9174514057782975,1000,0.9183688571840757,0.9165339543725193,2024-01-03 10:40:00
0.9168588233389015,1000,0.9177756821622403,0.9159419645155625,2024-01-03 10:41:00
0.9164862466518,1000,0.9174027328984518,0.9155697604051483,2024-01-03 10:42:00
0.91778776140211,1000,0.9187055491635121,0.916869973640708,2024-01-03 10:43:00
0.9203963898104398,1000,0.9213167862002501,0.9194759934206294,2024-01-03 10:44:00
0.9200471650131271,1000,0.9209672121781401,0.919127117848114,2024-01-03 10:45:00
0.9183904101257314,1000,0.9193088005358571,0.9174720197156057,2024-01-03 10:46:00
0.9184960433359609,1000,0.9194145393792967,0.917577547292625,2024-01-03 10:47:00
0.9188178564308677,1000,0.9197366742872984,0.9178990385744368,2024-01-03 10:48:00
0.9197717121149254,1000,0.9206914838270401,0.9188519404028105,2024-01-03 10:49:00
0.9208331690264855,1000,0.9217540021955118,0.919912335857459,2024-01-03 10:50:00
0.9232876579160126,1000,0.9242109455739286,0.9223643702580966,2024-01-03 10:51:00
0.9220885188254696,1000,0.923010607344295,0.9211664303066441,2024-01-03 10:52:00
0.9182868500240877,1000,0.9192051368741118,0.9173685631740637,2024-01-03 10:53:00
0.9170414165335063,1000,0.9179584579500397,0.9161243751169729,2024-01-03 10:54:00
0.9152151590629958,1000,0.9161303742220587,0.9142999439039328,2024-01-03 10:55:00
0.9176603085523743,1000,0.9185779688609266,0.916742648243822,2024-01-03 10:56:00
0.9149618145636306,1000,0.9158767763781941,0.9140468527490669,2024-01-03 10:57:00
0.9135599334731078,1000,0.9144734934065808,0.9126463735396347,2024-01-03 10:58:00
0.9130707352782996,1000,0.9139838060135779,0.9121576645430213,2024-01-03 10:59:00
0.9138611676946802,1000,0.9147750288623747,0.9129473065269855,2024-01-03 11:00:00
0.9126630614212504,1000,0.9135757244826715,0.9117503983598292,2024-01-03 11:01:00
0.9129483268396691,1000,0.9138612751665086,0.9120353785128295,2024-01-03 11:02:00
0.9156974047673391,1000,0.9166131021721063,0.9147817073625717,2024-01-03 11:03:00
0.9170179453424163,1000,0.9179349632877586,0.9161009273970739,2024-01-03 11:04:00
0.9178241479028623,1000,0.918741972050765,0.9169063237549594,2024-01-03 11:05:00
0.9172889136794257,1000,0.918206202593105,0.9163716247657462,2024-01-03 11:06:00
0.9188347506627288,1000,0.9197535854133915,0.9179159159120661,2024-01-03 11:07:00
0.9186833848110635,1000,0.9196020681958744,0.9177647014262524,2024-01-03 11:08:00
0.9189827801559068,1000,0.9199017629360626,0.918063797375751,2024-01-03 11:09:00
0.9154098822318415,1000,0.9163252921140732,0.9144944723496097,2024-01-03 11:10:00
0.9117153320738817,1000,0.9126270474059555,0.9108036167418078,2024-01-03 11:11:00
0.9121540900388959,1000,0.9130662441289347,0.911241935948857,2024-01-03 11:12:00
0.9123523143784852,1000,0.9132646666928635,0.9114399620641067,2024-01-03 11:13:00
0.9144502646210247,1000,0.9153647148856456,0.9135358143564037,2024-01-03 11:14:00
0.9174689724466414,1000,0.9183864414190879,0.9165515034741948,2024-01-03 11:15:00
0.9189612937801545,1000,0.9198802550739346,0.9180423324863743,2024-01-03 11:16:00
0.9219365602801392,1000,0.9228584968404192,0.921014623719859,2024-01-03 11:17:00
0.9219131164677464,1000,0.922835029584214,0.9209912033512787,2024-01-03 11:18:00
0.9241943800409741,1000,0.925118574421015,0.9232701856609331,2024-01-03 11:19:00
0.9272079506298115,1000,0.9281351585804413,0.9262807426791817,2024-01-03 11:20:00
0.927042022977699,1000,0.9279690650006766,0.9261149809547213,2024-01-03 11:21:00
0.9259380917366831,1000,0.9268640298284196,0.9250121536449464,2024-01-03 11:22:00
0.9259326663908983,1000,0.9268585990572892,0.9250067337245075,2024-01-03 11:23:00
0.9256390344521628,1000,0.9265646734866149,0.9247133954177106,2024-01-03 11:24:00
0.9273984806358924,1000,0.9283258791165282,0.9264710821552564,2024-01-03 11:25:00
0.9296524479494325,1000,0.9305821003973818,0.9287227955014831,2024-01-03 11:26:00
0.9295795865535661,1000,0.9305091661401196,0.9286500069670125,2024-01-03 11:27:00
0.9303835228089887,1000,0.9313139063317976,0.9294531392861798,2024-01-03 11:28:00
0.9297039116166963,1000,0.9306336155283129,0.9287742077050796,2024-01-03 11:29:00
0.9306446111229328,1000,0.9315752557340556,0.9297139665118099,2024-01-03 11:30:00
0.9332625350639233,1000,0.9341957975989872,0.9323292725288594,2024-01-03 11:31:00
0.93379629952973,1000,0.9347300958292596,0.9328625032302003,2024-01-03 11:32:00
0.9309021539351637,1000,0.9318330560890988,0.9299712517812285,2024-01-03 11:33:00
0.9335380416740487,1000,0.9344715797157227,0.9326045036323747,2024-01-03 11:34:00
0.9329216152912201,1000,0.9338545369065112,0.9319886936759288,2024-01-03 11:35:00
0.932362936368524,1000,0.9332952993048924,0.9314305734321554,2024-01-03 11:36:00
0.9355228654228754,1000,0.9364583882882982,0.9345873425574526,2024-01-03 11:37:00
0.9352669929333534,1000,0.9362022599262866,0.93433172594042,2024-01-03 11:38:00
0.9344998772678486,1000,0.9354343771451163,0.9335653773905807,2024-01-03 11:39:00
0.93420849494813,1000,0.935142703443078,0.9332742864531818,2024-01-03 11:40:00
0.9363288723162251,1000,0.9372652011885412,0.9353925434439089,2024-01-03 11:41:00
0.9370267586960846,1000,0.9379637854547807,0.9360897319373885,2024-01-03 11:42:00
0.9352736278116941,1000,0.9362089014395056,0.9343383541838824,2024-01-03 11:43:00
0.936658986495335,1000,0.9375956454818302,0.9357223275088397,2024-01-03 11:44:00
0.9396049571870365,1000,0.9405445621442234,0.9386653522298495,2024-01-03 11:45:00
0.9407433635606441,1000,0.9416841069242047,0.9398026201970835,2024-01-03 11:46:00
0.9392075859448387,1000,0.9401467935307835,0.9382683783588939,2024-01-03 11:47:00
0.9386274038296505,1000,0.93956603123348,0.9376887764258208,2024-01-03 11:48:00
0.9376935674482982,1000,0.9386312610157465,0.9367558738808499,2024-01-03 11:49:00
0.9402228706416178,1000,0.9411630935122594,0.9392826477709761,2024-01-03 11:50:00
0.9393530496157928,1000,0.9402924026654085,0.938413696566177,2024-01-03 11:51:00
0.9424566682096155,1000,0.943399124877825,0.9415142115414059,2024-01-03 11:52:00
0.9415297450235512,1000,0.9424712747685747,0.9405882152785277,2024-01-03 11:53:00
0.9398920079136583,1000,0.9408318999215719,0.9389521159057447,2024-01-03 11:54:00
0.9422098483648277,1000,0.9431520582131924,0.9412676385164629,2024-01-03 11:55:00
0.9417714466315171,1000,0.9427132180781486,0.9408296751848856,2024-01-03 11:56:00
0.9429432715390067,1000,0.9438862148105456,0.9420003282674677,2024-01-03 11:57:00
0.9404553345859171,1000,0.941395789920503,0.9395148792513313,2024-01-03 11:58:00
0.9371230359735615,1000,0.938060159009535,0.9361859129375879,2024-01-03 11:59:00
0.9376707340003674,1000,0.9386084047343677,0.936733063266367,2024-01-03 12:00:00
0.9363190416520013,1000,0.9372553606936532,0.9353827226103493,2024-01-03 12:01:00
0.9371143195072842,1000,0.9380514338267913,0.9361772051877769,2024-01-03 12:02:00
0.934867582013349,1000,0.9358024495953622,0.9339327144313356,2024-01-03 12:03:00
0.9354653399898428,1000,0.9364008053298326,0.9345298746498529,2024-01-03 12:04:00
0.9336587494394905,1000,0.9345924081889299,0.9327250906900509,2024-01-03 12:05:00
0.9361165773933774,1000,0.9370526939707706,0.935180460815984,2024-01-03 12:06:00
0.935508180671798,1000,0.9364436888524696,0.9345726724911262,2024-01-03 12:07:00
0.9333630569582653,1000,0.9342964200152234,0.932429693901307,2024-01-03 12:08:00
0.9319904008740065,1000,0.9329223912748804,0.9310584104731325,2024-01-03 12:09:00
0.9277391921461797,1000,0.9286669313383258,0.9268114529540336,2024-01-03 12:10:00
0.9283476942221831,1000,0.9292760419164052,0.9274193465279609,2024-01-03 12:11:00
0.9296513623130226,1000,0.9305810136753355,0.9287217109507095,2024-01-03 12:12:00
0.9293275642449742,1000,0.9302568918092191,0.9283982366807292,2024-01-03 12:13:00
0.9300531123269535,1000,0.9309831654392804,0.9291230592146266,2024-01-03 12:14:00
0.9310615240758758,1000,0.9319925855999516,0.9301304625518,2024-01-03 12:15:00
0.929054807398732,1000,0.9299838622061306,0.9281257525913333,2024-01-03 12:16:00
0.92572390993846,1000,0.9266496338483984,0.9247981860285215,2024-01-03 12:17:00
0.9270806014556687,1000,0.9280076820571243,0.9261535208542131,2024-01-03 12:18:00
0.9287953190282198,1000,0.9297241143472479,0.9278665237091915,2024-01-03 12:19:00
0.9303888757673899,1000,0.9313192646431572,0.9294584868916226,2024-01-03 12:20:00
0.9302312718265582,1000,0.9311615030983846,0.9293010405547316,2024-01-03 12:21:00
0.9321799541344924,1000,0.9331121340886268,0.9312477741803579,2024-01-03 12:22:00
0.9316663586905737,1000,0.9325980250492641,0.9307346923318831,2024-01-03 12:23:00
0.932517873699318,1000,0.9334503915730172,0.9315853558256187,2024-01-03 12:24:00
0.9322023287230444,1000,0.9331345310517674,0.9312701263943214,2024-01-03 12:25:00
0.9348844427891384,1000,0.9358193272319274,0.9339495583463493,2024-01-03 12:26:00
0.9337081354868215,1000,0.9346418436223083,0.9327744273513346,2024-01-03 12:27:00
0.93420360809969,1000,0.9351378117077896,0.9332694044915903,2024-01-03 12:28:00
0.9371957019170328,1000,0.9381328976189498,0.9362585062151157,2024-01-03 12:29:00
0.9333903229581025,1000,0.9343237132810606,0.9324569326351444,2024-01-03 12:30:00
0.931830357467763,1000,0.9327621878252307,0.9308985271102952,2024-01-03 12:31:00
0.9335914503785885,1000,0.934525041828967,0.9326578589282098,2024-01-03 12:32:00
0.9324705360878403,1000,0.9334030066239279,0.9315380655517524,2024-01-03 12:33:00
0.9338812462207533,1000,0.9348151274669739,0.9329473649745326,2024-01-03 12:34:00
0.9335219285915635,1000,0.9344554505201549,0.9325884066629719,2024-01-03 12:35:00
0.9331495359015838,1000,0.9340826854374853,0.9322163863656822,2024-01-03 12:36:00
0.9329952675690707,1000,0.9339282628366397,0.9320622723015016,2024-01-03 12:37:00
0.9342561074348857,1000,0.9351903635423205,0.9333218513274508,2024-01-03 12:38:00
0.9341055476609911,1000,0.935039653208652,0.93317144211333,2024-01-03 12:39:00
0.9301718305593702,1000,0.9311020023899296,0.9292416587288109,2024-01-03 12:40:00
0.9277339388422379,1000,0.92866167278108,0.9268062049033956,2024-01-03 12:41:00
0.9290857326443535,1000,0.9300148183769977,0.9281566469117091,2024-01-03 12:42:00
0.9272213185632517,1000,0.9281485398818149,0.9262940972446885,2024-01-03 12:43:00
0.9276919974915265,1000,0.928619689489018,0.926764305494035,2024-01-03 12:44:00
0.925573344325943,1000,0.9264989176702688,0.924647770981617,2024-01-03 12:45:00
0.9267585800893455,1000,0.9276853386694348,0.9258318215092561,2024-01-03 12:46:00
0.926987115168169,1000,0.927914102283337,0.9260601280530009,2024-01-03 12:47:00
0.925076147045136,1000,0.926001223192181,0.9241510708980908,2024-01-03 12:48:00
0.9249412338735403,1000,0.9258661751074138,0.9240162926396668,2024-01-03 12:49:00
0.9249592835943397,1000,0.9258842428779339,0.9240343243107453,2024-01-03 12:50:00
0.9241598129249298,1000,0.9250839727378546,0.9232356531120048,2024-01-03 12:51:00
0.9252179567470976,1000,0.9261431747038447,0.9242927387903506,2024-01-03 12:52:00
0.9225841042055185,1000,0.9235066883097239,0.921661520101313,2024-01-03 12:53:00
0.9229288742102008,1000,0.9238518030844108,0.9220059453359906,2024-01-03 12:54:00
0.9214903693363274,1000,0.9224118597056636,0.9205688789669911,2024-01-03 12:55:00
0.9203754998594327,1000,0.921295875359292,0.9194551243595732,2024-01-03 12:56:00
0.9216428928835859,1000,0.9225645357764694,0.9207212499907024,2024-01-03 12:57:00
0.9228915877103998,1000,0.9238144792981101,0.9219686961226894,2024-01-03 12:58:00
0.9241435050844357,1000,0.92506764858952,0.9232193615793512,2024-01-03 12:59:00
0.9241330231421809,1000,0.925057156165323,0.9232088901190387,2024-01-03 13:00:00
0.9214787138037852,1000,0.9224001925175889,0.9205572350899814,2024-01-03 13:01:00
0.9234241374673057,1000,0.9243475616047728,0.9225007133298384,2024-01-03 13:02:00
0.9228131638895373,1000,0.9237359770534267,0.9218903507256477,2024-01-03 13:03:00
0.9229745272893831,1000,0.9238975018166724,0.9220515527620937,2024-01-03 13:04:00
0.9224150987420986,1000,0.9233375138408406,0.9214926836433565,2024-01-03 13:05:00
0.9229556237345415,1000,0.923878579358276,0.922032668110807,2024-01-03 13:06:00
0.9250735728428734,1000,0.9259986464157162,0.9241484992700305,2024-01-03 13:07:00
0.9264539511669495,1000,0.9273804051181164,0.9255274972157825,2024-01-03 13:08:00
0.9264572575782172,1000,0.9273837148357953,0.925530800320639,2024-01-03 13:09:00
0.9279790003837609,1000,0.9289069793841446,0.9270510213833771,2024-01-03 13:10:00
0.9276804181003513,1000,0.9286080985184515,0.926752737682251,2024-01-03 13:11:00
0.9277787107677928,1000,0.9287064894785605,0.9268509320570251,2024-01-03 13:12:00
0.9290011979180018,1000,0.9299301991159198,0.9280721967200838,2024-01-03 13:13:00
0.9270262565529153,1000,0.9279532828094681,0.9260992302963623,2024-01-03 13:14:00
0.9288183135147844,1000,0.929747131828299,0.9278894952012696,2024-01-03 13:15:00
0.925626356336122,1000,0.926551982692458,0.9247007299797859,2024-01-03 13:16:00
0.9249902208180021,1000,0.92591521103882,0.924065230597184,2024-01-03 13:17:00
0.9276704181208361,1000,0.9285980885389568,0.9267427477027153,2024-01-03 13:18:00
0.9272847591896332,1000,0.9282120439488227,0.9263574744304435,2024-01-03 13:19:00
0.9277233935866607,1000,0.9286511169802473,0.926795670193074,2024-01-03 13:20:00
0.9283039817655616,1000,0.9292322857473271,0.927375677783796,2024-01-03 13:21:00
0.9273423778614402,1000,0.9282697202393015,0.9264150354835788,2024-01-03 13:22:00
0.9265035268485352,1000,0.9274300303753836,0.9255770233216867,2024-01-03 13:23:00
0.9266494250126984,1000,0.9275760744377111,0.9257227755876857,2024-01-03 13:24:00
0.9275993408761055,1000,0.9285269402169816,0.9266717415352294,2024-01-03 13:25:00
0.9288825300179917,1000,0.9298114125480096,0.9279536474879737,2024-01-03 13:26:00
0.9275073717048296,1000,0.9284348790765343,0.9265798643331247,2024-01-03 13:27:00
0.9281376534947746,1000,0.9290657911482693,0.9272095158412799,2024-01-03 13:28:00
0.9311739620352958,1000,0.932105135997331,0.9302427880732604,2024-01-03 13:29:00
0.9305189845334293,1000,0.9314495035179626,0.9295884655488958,2024-01-03 13:30:00
0.9297590095045815,1000,0.9306887685140859,0.9288292504950769,2024-01-03 13:31:00
0.9307132899674138,1000,0.9316440032573811,0.9297825766774463,2024-01-03 13:32:00
0.9318010940576176,1000,0.9327328951516751,0.9308692929635599,2024-01-03 13:33:00
0.9329680170650807,1000,0.9339009850821457,0.9320350490480156,2024-01-03 13:34:00
0.9327088215827203,1000,0.9336415304043029,0.9317761127611376,2024-01-03 13:35:00
0.9365587207667445,1000,0.9374952794875111,0.9356221620459778,2024-01-03 13:36:00
0.9352052300265448,1000,0.9361404352565712,0.9342700247965182,2024-01-03 13:37:00
0.9332104183944053,1000,0.9341436288127997,0.9322772079760109,2024-01-03 13:38:00
0.9322832330636656,1000,0.9332155162967292,0.9313509498306018,2024-01-03 13:39:00
0.932160020415055,1000,0.9330921804354699,0.9312278603946399,2024-01-03 13:40:00
0.9318614718890542,1000,0.9327933333609432,0.9309296104171652,2024-01-03 13:41:00
0.9295796442974098,1000,0.9305092239417071,0.9286500646531124,2024-01-03 13:42:00
0.9275627723022192,1000,0.9284903350745213,0.926635209529917,2024-01-03 13:43:00
0.9282453765259493,1000,0.9291736219024751,0.9273171311494234,2024-01-03 13:44:00
0.9282698804930188,1000,0.9291981503735117,0.9273416106125258,2024-01-03 13:45:00
0.9325310692306353,1000,0.9334636002998659,0.9315985381614047,2024-01-03 13:46:00
0.9323511752919651,1000,0.933283526467257,0.9314188241166731,2024-01-03 13:47:00
0.9334521474138646,1000,0.9343855995612784,0.9325186952664507,2024-01-03 13:48:00
0.931670877565297,1000,0.9326025484428622,0.9307392066877317,2024-01-03 13:49:00
0.931435967594841,1000,0.9323674035624357,0.9305045316272462,2024-01-03 13:50:00
0.9306178698539698,1000,0.9315484877238236,0.9296872519841158,2024-01-03 13:51:00
0.9287521475438989,1000,0.9296808996914427,0.9278233953963549,2024-01-03 13:52:00
0.9288755879955651,1000,0.9298044635835606,0.9279467124075695,2024-01-03 13:53:00
0.9283214195974245,1000,0.9292497410170218,0.9273930981778271,2024-01-03 13:54:00
0.9328436277681689,1000,0.9337764713959369,0.9319107841404007,2024-01-03 13:55:00
0.9322243982355709,1000,0.9331566226338064,0.9312921738373353,2024-01-03 13:56:00
0.9323257175741898,1000,0.9332580432917639,0.9313933918566156,2024-01-03 13:57:00
0.9338707951106328,1000,0.9348046659057433,0.9329369243155221,2024-01-03 13:58:00
0.9355392995222944,1000,0.9364748388218166,0.9346037602227721,2024-01-03 13:59:00
0.9328801859920729,1000,0.9338130661780649,0.9319473058060809,2024-01-03 14:00:00
0.9326091800862151,1000,0.9335417892663012,0.9316765709061289,2024-01-03 14:01:00
0.9313703656257664,1000,0.932301735991392,0.9304389952601406,2024-01-03 14:02:00
0.9311680350851526,1000,0.9320992031202376,0.9302368670500674,2024-01-03 14:03:00
0.932112729183393,1000,0.9330448419125763,0.9311806164542097,2024-01-03 14:04:00
0.9309893462767505,1000,0.9319203356230271,0.9300583569304737,2024-01-03 14:05:00
0.9321359168504831,1000,0.9330680527673335,0.9312037809336327,2024-01-03 14:06:00
0.9303444323351974,1000,0.9312747767675325,0.9294140879028622,2024-01-03 14:07:00
0.9302393344571708,1000,0.9311695737916278,0.9293090951227136,2024-01-03 14:08:00
0.9293327123921915,1000,0.9302620451045835,0.9284033796797994,2024-01-03 14:09:00
0.928097626684594,1000,0.9290257243112784,0.9271695290579094,2024-01-03 14:10:00
0.9284679643920479,1000,0.9293964323564399,0.9275394964276559,2024-01-03 14:11:00
0.9318621744223481,1000,0.9327940365967703,0.9309303122479258,2024-01-03 14:12:00
0.9340185395621979,1000,0.93495255810176,0.9330845210226357,2024-01-03 14:13:00
0.9374751329975418,1000,0.9384126081305393,0.9365376578645442,2024-01-03 14:14:00
0.9334786208378879,1000,0.9344120994587257,0.93254514221705,2024-01-03 14:15:00
0.9338389142557322,1000,0.9347727531699878,0.9329050753414765,2024-01-03 14:16:00
0.9361081144314606,1000,0.9370442225458919,0.9351720063170291,2024-01-03 14:17:00
0.9363841886453514,1000,0.9373205728339967,0.9354478044567061,2024-01-03 14:18:00
0.9313372131194455,1000,0.9322685503325648,0.9304058759063261,2024-01-03 14:19:00
0.9360189037001996,1000,0.9369549226038997,0.9350828847964994,2024-01-03 14:20:00
0.9346040736408701,1000,0.9355386777145108,0.9336694695672292,2024-01-03 14:21:00
0.9344377335588999,1000,0.9353721712924588,0.933503295825341,2024-01-03 14:22:00
0.9317787707071342,1000,0.9327105494778413,0.9308469919364271,2024-01-03 14:23:00
0.9327861761641705,1000,0.9337189623403346,0.9318533899880063,2024-01-03 14:24:00
0.9323690823317182,1000,0.9333014514140499,0.9314367132493865,2024-01-03 14:25:00
0.9299934288845708,1000,0.9309234223134553,0.9290634354556863,2024-01-03 14:26:00
0.9325206257374811,1000,0.9334531463632184,0.9315881051117436,2024-01-03 14:27:00
0.9294974949475424,1000,0.9304269924424898,0.9285679974525949,2024-01-03 14:28:00
0.9270813533528931,1000,0.9280084347062459,0.9261542719995403,2024-01-03 14:29:00
0.929102961118525,1000,0.9300320640796435,0.9281738581574065,2024-01-03 14:30:00
0.9256455277274296,1000,0.9265711732551569,0.9247198821997021,2024-01-03 14:31:00
0.9244559409684803,1000,0.9253803969094486,0.9235314850275118,2024-01-03 14:32:00
0.9267132239689333,1000,0.9276399371929022,0.9257865107449643,2024-01-03 14:33:00
0.9295336967031613,1000,0.9304632303998643,0.9286041630064582,2024-01-03 14:34:00
0.9317138120440791,1000,0.932645525856123,0.9307820982320351,2024-01-03 14:35:00
0.9319706823331825,1000,0.9329026530155156,0.9310387116508493,2024-01-03 14:36:00
0.9329196117927655,1000,0.9338525314045582,0.9319866921809727,2024-01-03 14:37:00
0.9345184222923468,1000,0.935452940714639,0.9335839038700545,2024-01-03 14:38:00
0.9350774129002761,1000,0.9360124903131763,0.9341423354873758,2024-01-03 14:39:00
0.9341495123124156,1000,0.9350836618247279,0.9332153628001032,2024-01-03 14:40:00
0.9346883904490889,1000,0.9356230788395379,0.9337537020586398,2024-01-03 14:41:00
0.9348847705848671,1000,0.9358196553554519,0.9339498858142822,2024-01-03 14:42:00
0.9374673575046353,1000,0.9384048248621398,0.9365298901471306,2024-01-03 14:43:00
0.936803559383831,1000,0.9377403629432147,0.9358667558244471,2024-01-03 14:44:00
0.9358574667440654,1000,0.9367933242108094,0.9349216092773214,2024-01-03 14:45:00
0.933513082604294,1000,0.9344465956868981,0.9325795695216897,2024-01-03 14:46:00
0.9306653820582323,1000,0.9315960474402905,0.9297347166761741,2024-01-03 14:47:00
0.9290501920557472,1000,0.9299792422478029,0.9281211418636914,2024-01-03 14:48:00
0.9284575415561129,1000,0.929385999097669,0.9275290840145568,2024-01-03 14:49:00
0.9285243311968172,1000,0.9294528555280139,0.9275958068656204,2024-01-03 14:50:00
0.928212827120988,1000,0.9291410399481088,0.927284614293867,2024-01-03 14:51:00
0.9264927525939908,1000,0.9274192453465847,0.9255662598413967,2024-01-03 14:52:00
0.9248061451125563,1000,0.9257309512576688,0.9238813389674437,2024-01-03 14:53:00
0.9247265615144067,1000,0.925651288075921,0.9238018349528923,2024-01-03 14:54:00
0.9261078300872596,1000,0.9270339379173468,0.9251817222571723,2024-01-03 14:55:00
0.9223464101217571,1000,0.9232687565318788,0.9214240637116353,2024-01-03 14:56:00
0.9214950239446629,1000,0.9224165189686074,0.9205735289207182,2024-01-03 14:57:00
0.9207634416133503,1000,0.9216842050549636,0.9198426781717369,2024-01-03 14:58:00
0.9185756821915009,1000,0.9194942578736923,0.9176571065093094,2024-01-03 14:59:00
0.9171943499876049,1000,0.9181115443375923,0.9162771556376172,2024-01-03 15:00:00
0.9190785084592766,1000,0.9199975869677358,0.9181594299508173,2024-01-03 15:01:00
0.9184199920088075,1000,0.9193384120008162,0.9175015720167987,2024-01-03 15:02:00
0.9169253016027332,1000,0.9178422269043358,0.9160083763011305,2024-01-03 15:03:00
0.9186401024158138,1000,0.9195587425182296,0.917721462313398,2024-01-03 15:04:00
0.918118691381659,1000,0.9190368100730406,0.9172005726902773,2024-01-03 15:05:00
0.9155581499357667,1000,0.9164737080857024,0.914642591785831,2024-01-03 15:06:00
0.9164420767623642,1000,0.9173585188391264,0.9155256346856019,2024-01-03 15:07:00
0.9151055161821915,1000,0.9160206216983736,0.9141904106660093,2024-01-03 15:08:00
0.9163986691164521,1000,0.9173150677855684,0.9154822704473357,2024-01-03 15:09:00
0.9166545910417342,1000,0.9175712456327758,0.9157379364506925,2024-01-03 15:10:00
0.9202541588106105,1000,0.9211744129694209,0.9193339046517999,2024-01-03 15:11:00
0.920268783349748,1000,0.9211890521330977,0.9193485145663983,2024-01-03 15:12:00
0.9212988601846783,1000,0.9222201590448629,0.9203775613244937,2024-01-03 15:13:00
0.9172755285813772,1000,0.9181928041099584,0.9163582530527958,2024-01-03 15:14:00
0.9176733047645348,1000,0.9185909780692992,0.9167556314597702,2024-01-03 15:15:00
0.915863496031619,1000,0.9167793595276506,0.9149476325355874,2024-01-03 15:16:00
0.9166148931606695,1000,0.91753150805383,0.9156982782675088,2024-01-03 15:17:00
0.9166243164321373,1000,0.9175409407485693,0.9157076921157051,2024-01-03 15:18:00
0.9157319151254658,1000,0.9166476470405912,0.9148161832103403,2024-01-03 15:19:00
0.9149647169239206,1000,0.9158796816408444,0.9140497522069967,2024-01-03 15:20:00
0.9152364396776352,1000,0.9161516761173127,0.9143212032379576,2024-01-03 15:21:00
0.9132458219833725,1000,0.9141590678053557,0.9123325761613891,2024-01-03 15:22:00
0.9103026039133633,1000,0.9112129065172765,0.9093923013094499,2024-01-03 15:23:00
0.9059688732718427,1000,0.9068748421451145,0.9050629043985708,2024-01-03 15:24:00
0.9052450284359687,1000,0.9061502734644046,0.9043397834075327,2024-01-03 15:25:00
0.9036586129857387,1000,0.9045622715987244,0.902754954372753,2024-01-03 15:26:00
0.9025176115852528,1000,0.9034201291968379,0.9016150939736676,2024-01-03 15:27:00
0.9028902232275158,1000,0.9037931134507432,0.9019873330042882,2024-01-03 15:28:00
0.8995915383211345,1000,0.9004911298594556,0.8986919467828134,2024-01-03 15:29:00
0.8972037814881898,1000,0.8981009852696779,0.8963065777067016,2024-01-03 15:30:00
0.8984635913626958,1000,0.8993620549540584,0.8975651277713331,2024-01-03 15:31:00
0.9016264788457068,1000,0.9025281053245524,0.9007248523668611,2024-01-03 15:32:00
0.9004561051078169,1000,0.9013565612129246,0.8995556490027091,2024-01-03 15:33:00
0.9036235237075374,1000,0.9045271472312448,0.9027199001838299,2024-01-03 15:34:00
0.8968525447737076,1000,0.8977493973184811,0.8959556922289339,2024-01-03 15:35:00
0.9004839227685328,1000,0.9013844066913013,0.8995834388457643,2024-01-03 15:36:00
0.9017635773869014,1000,0.9026653409642882,0.9008618138095145,2024-01-03 15:37:00
0.90214511041302,1000,0.9030472555234329,0.9012429653026071,2024-01-03 15:38:00
0.8991144107201837,1000,0.9000135251309038,0.8982152963094635,2024-01-03 15:39:00
0.9024644042437121,1000,0.9033668686479557,0.9015619398394684,2024-01-03 15:40:00
0.902260613319409,1000,0.9031628739327283,0.9013583527060895,2024-01-03 15:41:00
0.9057119144547502,1000,0.9066176263692048,0.9048062025402954,2024-01-03 15:42:00
0.9024536299248518,1000,0.9033560835547766,0.901551176294927,2024-01-03 15:43:00
0.9022932378175795,1000,0.903195531055397,0.901390944579762,2024-01-03 15:44:00
0.9049941979767006,1000,0.9058991921746772,0.9040892037787238,2024-01-03 15:45:00
0.906595381064594,1000,0.9075019764456586,0.9056887856835294,2024-01-03 15:46:00
0.9075836122335711,1000,0.9084911958458045,0.9066760286213376,2024-01-03 15:47:00
0.9071352600136332,1000,0.9080423952736467,0.9062281247536196,2024-01-03 15:48:00
0.9074927752219497,1000,0.9084002679971716,0.9065852824467278,2024-01-03 15:49:00
0.9093362514356264,1000,0.9102455876870619,0.9084269151841907,2024-01-03 15:50:00
0.9108563332001736,1000,0.9117671895333737,0.9099454768669734,2024-01-03 15:51:00
0.9101433522122905,1000,0.9110534955645027,0.9092332088600782,2024-01-03 15:52:00
0.9129195794479473,1000,0.9138324990273952,0.9120066598684994,2024-01-03 15:53:00
0.9096460540080707,1000,0.9105557000620788,0.9087364079540626,2024-01-03 15:54:00
0.9133405492363168,1000,0.914253889785553,0.9124272086870805,2024-01-03 15:55:00
0.9124583900530108,1000,0.9133708484430637,0.9115459316629577,2024-01-03 15:56:00
0.9143701454924104,1000,0.9152845156379027,0.9134557753469179,2024-01-03 15:57:00
0.9168917357347075,1000,0.9178086274704421,0.9159748439989728,2024-01-03 15:58:00
0.9138852669984774,1000,0.9147991522654758,0.912971381731479,2024-01-03 15:59:00
0.9145832473664458,1000,0.9154978306138122,0.9136686641190793,2024-01-03 16:00:00
0.9131296829306903,1000,0.9140428126136209,0.9122165532477596,2024-01-03 16:01:00
0.9129906235274996,1000,0.913903614151027,0.9120776329039721,2024-01-03 16:02:00
0.9119434113608316,1000,0.9128553547721923,0.9110314679494708,2024-01-03 16:03:00
0.9117291468550549,1000,0.9126408760019099,0.9108174177081999,2024-01-03 16:04:00
0.9112504704539507,1000,0.9121617209244045,0.9103392199834968,2024-01-03 16:05:00
0.9105866428330193,1000,0.9114972294758522,0.9096760561901862,2024-01-03 16:06:00
0.9067158409419802,1000,0.9076225567829221,0.9058091251010383,2024-01-03 16:07:00
0.9063793985364986,1000,0.9072857779350351,0.9054730191379621,2024-01-03 16:08:00
0.9073988535483776,1000,0.9083062524019259,0.9064914546948292,2024-01-03 16:09:00
0.90977893249399,1000,0.9106887114264839,0.908869153561496,2024-01-03 16:10:00
0.9076158190675929,1000,0.9085234348866604,0.9067082032485253,2024-01-03 16:11:00
0.9085092997190055,1000,0.9094178090187244,0.9076007904192865,2024-01-03 16:12:00
0.9074988073506027,1000,0.9084063061579533,0.9065913085432521,2024-01-03 16:13:00
0.9055146439460762,1000,0.9064201585900221,0.9046091293021301,2024-01-03 16:14:00
0.9078465297836892,1000,0.9087543763134728,0.9069386832539055,2024-01-03 16:15:00
0.9075347964228464,1000,0.9084423312192691,0.9066272616264236,2024-01-03 16:16:00
0.9095172226683127,1000,0.9104267398909809,0.9086077054456444,2024-01-03 16:17:00
0.9094284484813171,1000,0.9103378769297983,0.9085190200328358,2024-01-03 16:18:00
0.9098453034297797,1000,0.9107551487332093,0.9089354581263499,2024-01-03 16:19:00
0.9096215175721496,1000,0.9105311390897216,0.9087118960545775,2024-01-03 16:20:00
0.9093551182152846,1000,0.9102644733334998,0.9084457630970693,2024-01-03 16:21:00
0.9110221160882177,1000,0.9119331382043058,0.9101110939721295,2024-01-03 16:22:00
0.9106034151274629,1000,0.9115140185425903,0.9096928117123354,2024-01-03 16:23:00
0.9121320127530446,1000,0.9130441447657975,0.9112198807402915,2024-01-03 16:24:00
0.9138484023618041,1000,0.9147622507641658,0.9129345539594423,2024-01-03 16:25:00
0.9151146099554504,1000,0.9160297245654057,0.9141994953454949,2024-01-03 16:26:00
0.9131378110920255,1000,0.9140509489031174,0.9122246732809335,2024-01-03 16:27:00
0.909457147596679,1000,0.9103666047442756,0.9085476904490822,2024-01-03 16:28:00
0.9122899369732873,1000,0.9132022269102605,0.911377647036314,2024-01-03 16:29:00
0.9104856662304303,1000,0.9113961518966606,0.9095751805641998,2024-01-03 16:30:00
0.9126922984385679,1000,0.9136049907370064,0.9117796061401293,2024-01-03 16:31:00
0.9118777064673761,1000,0.9127895841738434,0.9109658287609087,2024-01-03 16:32:00
0.9107770146715874,1000,0.9116877916862589,0.9098662376569159,2024-01-03 16:33:00
0.9095603494526119,1000,0.9104699098020644,0.9086507891031592,2024-01-03 16:34:00
0.9082341677474445,1000,0.9091424019151918,0.907325933579697,2024-01-03 16:35:00
0.9039782910351526,1000,0.9048822693261876,0.9030743127441174,2024-01-03 16:36:00
0.9072617248515866,1000,0.9081689865764381,0.9063544631267351,2024-01-03 16:37:00
0.9036791304025282,1000,0.9045828095329307,0.9027754512721257,2024-01-03 16:38:00
0.9048945553208443,1000,0.905799449876165,0.9039896607655235,2024-01-03 16:39:00
0.9040036106875108,1000,0.9049076142981982,0.9030996070768232,2024-01-03 16:40:00
0.9077289180078784,1000,0.9086366469258862,0.9068211890898705,2024-01-03 16:41:00
0.9055957854248486,1000,0.9065013812102733,0.9046901896394238,2024-01-03 16:42:00
0.9053764953825856,1000,0.906281871877968,0.904471118887203,2024-01-03 16:43:00
0.9029869239269712,1000,0.9038899108508981,0.9020839370030442,2024-01-03 16:44:00
0.9015489279909807,1000,0.9024504769189716,0.9006473790629898,2024-01-03 16:45:00
0.9000327254960289,1000,0.9009327582215247,0.8991326927705329,2024-01-03 16:46:00
0.8977242103984795,1000,0.8986219346088778,0.896826486188081,2024-01-03 16:47:00
0.8983399854709466,1000,0.8992383254564175,0.8974416454854757,2024-01-03 16:48:00
0.899132821138181,1000,0.9000319539593191,0.8982336883170429,2024-01-03 16:49:00
0.898437233144565,1000,0.8993356703777095,0.8975387959114205,2024-01-03 16:50:00
0.8991490732469675,1000,0.9000482223202143,0.8982499241737205,2024-01-03 16:51:00
0.8975905500309115,1000,0.8984881405809423,0.8966929594808806,2024-01-03 16:52:00
0.8997124216547472,1000,0.9006121340764018,0.8988127092330924,2024-01-03 16:53:00
0.9000390488586876,1000,0.9009390879075462,0.8991390098098289,2024-01-03 16:54:00
0.9032736844018271,1000,0.9041769580862288,0.9023704107174253,2024-01-03 16:55:00
0.9042017252523457,1000,0.905105926977598,0.9032975235270934,2024-01-03 16:56:00
0.9040645258282474,1000,0.9049685903540755,0.9031604613024191,2024-01-03 16:57:00
0.9058395176542229,1000,0.906745357171877,0.9049336781365687,2024-01-03 16:58:00
0.9071839966592562,1000,0.9080911806559153,0.906276812662597,2024-01-03 16:59:00
0.9056948055417609,1000,0.9066005003473026,0.904789110736219,2024-01-03 17:00:00
0.9079123310413447,1000,0.908820243372386,0.9070044187103034,2024-01-03 17:01:00
0.9079143055149189,1000,0.9088222198204338,0.907006391209404,2024-01-03 17:02:00
0.9070726044492782,1000,0.9079796770537274,0.9061655318448288,2024-01-03 17:03:00
0.908720231148566,1000,0.9096289513797146,0.9078115109174175,2024-01-03 17:04:00
0.9066026575327072,1000,0.9075092601902398,0.9056960548751745,2024-01-03 17:05:00
0.9093945683412221,1000,0.9103039629095633,0.9084851737728808,2024-01-03 17:06:00
0.910187786353428,1000,0.9110979741397813,0.9092775985670746,2024-01-03 17:07:00
0.9081710961899001,1000,0.9090792672860899,0.9072629250937102,2024-01-03 17:08:00
0.9100633827897832,1000,0.9109734461725728,0.9091533194069934,2024-01-03 17:09:00
0.9082698309906945,1000,0.909178100821685,0.9073615611597038,2024-01-03 17:10:00
0.9091519478493668,1000,0.910061099797216,0.9082427959015175,2024-01-03 17:11:00
0.9098926189344074,1000,0.9108025115533417,0.908982726315473,2024-01-03 17:12:00
0.9111643498268058,1000,0.9120755141766326,0.910253185476979,2024-01-03 17:13:00
0.9087736071554675,1000,0.9096823807626229,0.907864833548312,2024-01-03 17:14:00
0.9092074719715534,1000,0.9101166794435248,0.9082982644995818,2024-01-03 17:15:00
0.9103089431071087,1000,0.9112192520502158,0.9093986341640017,2024-01-03 17:16:00
0.9116445062384246,1000,0.912556150744663,0.9107328617321863,2024-01-03 17:17:00
0.9090178692055363,1000,0.9099268870747417,0.9081088513363308,2024-01-03 17:18:00
0.9092654047490676,1000,0.9101746701538166,0.9083561393443185,2024-01-03 17:19:00
0.9069754858779606,1000,0.9078824613638384,0.9060685103920827,2024-01-03 17:20:00
0.9081952689878745,1000,0.9091034642568623,0.9072870737188866,2024-01-03 17:21:00
0.906716096451955,1000,0.9076228125484068,0.905809380355503,2024-01-03 17:22:00
0.9039904218028051,1000,0.9048944122246078,0.9030864313810023,2024-01-03 17:23:00
0.906883197601644,1000,0.9077900807992456,0.9059763144040424,2024-01-03 17:24:00
0.9057823955393862,1000,0.9066881779349255,0.9048766131438468,2024-01-03 17:25:00
0.9101820588942638,1000,0.911092240953158,0.9092718768353696,2024-01-03 17:26:00
0.9124871131105733,1000,0.9133996002236837,0.9115746259974628,2024-01-03 17:27:00
0.9133401562702558,1000,0.914253496426526,0.9124268161139856,2024-01-03 17:28:00
0.9132248292101026,1000,0.9141380540393126,0.9123116043808925,2024-01-03 17:29:00
0.9128413155778344,1000,0.9137541568934122,0.9119284742622566,2024-01-03 17:30:00
0.912300899287287,1000,0.9132132001865741,0.9113885983879997,2024-01-03 17:31:00
0.9127599440795163,1000,0.9136727040235958,0.9118471841354369,2024-01-03 17:32:00
0.9120703247625752,1000,0.9129823950873377,0.9111582544378126,2024-01-03 17:33:00
0.9115892389843674,1000,0.9125008282233517,0.910677649745383,2024-01-03 17:34:00
0.9139742822886859,1000,0.9148882565709745,0.9130603080063973,2024-01-03 17:35:00
0.9169630204143037,1000,0.9178799834347179,0.9160460573938893,2024-01-03 17:36:00
0.9147296787900859,1000,0.915644408468876,0.9138149491112958,2024-01-03 17:37:00
0.9114028450733401,1000,0.9123142479184134,0.9104914422282668,2024-01-03 17:38:00
0.913960994817142,1000,0.914874955811959,0.9130470338223249,2024-01-03 17:39:00
0.9156274157271087,1000,0.9165430431428357,0.9147117883113816,2024-01-03 17:40:00
0.9162670288406197,1000,0.9171832958694602,0.9153507618117791,2024-01-03 17:41:00
0.9153361515156294,1000,0.9162514876671449,0.9144208153641138,2024-01-03 17:42:00
0.9171538489529626,1000,0.9180710028019154,0.9162366951040096,2024-01-03 17:43:00
0.913401268166024,1000,0.9143146694341899,0.912487866897858,2024-01-03 17:44:00
0.9130431359071219,1000,0.913956179043029,0.9121300927712148,2024-01-03 17:45:00
0.9139892268268838,1000,0.9149032160537105,0.9130752376000569,2024-01-03 17:46:00
0.9113678033192183,1000,0.9122791711225374,0.910456435515899,2024-01-03 17:47:00
0.9082858142569827,1000,0.9091941000712396,0.9073775284427258,2024-01-03 17:48:00
0.910576609683218,1000,0.911487186292901,0.9096660330735348,2024-01-03 17:49:00
0.908972322631733,1000,0.9098812949543646,0.9080633503091012,2024-01-03 17:50:00
0.9092362187500784,1000,0.9101454549688284,0.9083269825313284,2024-01-03 17:51:00
0.911797628346067,1000,0.912709425974413,0.910885830717721,2024-01-03 17:52:00
0.9131176174220427,1000,0.9140307350394646,0.9122044998046206,2024-01-03 17:53:00
0.9104110446761354,1000,0.9113214557208115,0.9095006336314593,2024-01-03 17:54:00
0.9118386958737646,1000,0.9127505345696383,0.9109268571778909,2024-01-03 17:55:00
0.9105876500851768,1000,0.911498237735262,0.9096770624350916,2024-01-03 17:56:00
0.9096671140247367,1000,0.9105767811387613,0.9087574469107119,2024-01-03 17:57:00
0.9090129541965087,1000,0.9099219671507052,0.9081039412423122,2024-01-03 17:58:00
0.9090232290753544,1000,0.9099322523044296,0.908114205846279,2024-01-03 17:59:00
0.9133680596289234,1000,0.9142814276885523,0.9124546915692945,2024-01-03 18:00:00
0.913265278743778,1000,0.9141785440225217,0.9123520134650343,2024-01-03 18:01:00
0.9124079726461451,1000,0.9133203806187912,0.911495564673499,2024-01-03 18:02:00
0.9128439694136822,1000,0.9137568133830958,0.9119311254442685,2024-01-03 18:03:00
0.9114595378174482,1000,0.9123709973552655,0.9105480782796307,2024-01-03 18:04:00
0.9142331412791976,1000,0.9151473744204768,0.9133189081379184,2024-01-03 18:05:00
0.9129436438837524,1000,0.913856587527636,0.9120307002398687,2024-01-03 18:06:00
0.9112939697074343,1000,0.9122052636771416,0.9103826757377268,2024-01-03 18:07:00
0.9141134005208454,1000,0.9150275139213662,0.9131992871203246,2024-01-03 18:08:00
0.9167975328635972,1000,0.9177143303964607,0.9158807353307337,2024-01-03 18:09:00
0.9158406714061436,1000,0.9167565120775496,0.9149248307347374,2024-01-03 18:10:00
0.9172878416403842,1000,0.9182051294820245,0.9163705537987439,2024-01-03 18:11:00
0.9158124187251854,1000,0.9167282311439104,0.9148966063064602,2024-01-03 18:12:00
0.914490678702179,1000,0.9154051693808811,0.9135761880234768,2024-01-03 18:13:00
0.916260124915187,1000,0.9171763850401021,0.9153438647902719,2024-01-03 18:14:00
0.9160324211052044,1000,0.9169484535263095,0.9151163886840993,2024-01-03 18:15:00
0.9204318684677006,1000,0.9213523003361682,0.919511436599233,2024-01-03 18:16:00
0.9208601768176352,1000,0.9217810369944528,0.9199393166408176,2024-01-03 18:17:00
0.9212468537075267,1000,0.9221681005612341,0.9203256068538191,2024-01-03 18:18:00
0.9227524675714914,1000,0.9236752200390628,0.92182971510392,2024-01-03 18:19:00
0.9232438046542015,1000,0.9241670484588557,0.9223205608495473,2024-01-03 18:20:00
0.9240204066632359,1000,0.9249444270698991,0.9230963862565726,2024-01-03 18:21:00
0.9223627530363449,1000,0.9232851157893811,0.9214403902833085,2024-01-03 18:22:00
0.924226022315997,1000,0.9251502483383129,0.923301796293681,2024-01-03 18:23:00
0.9263837741050222,1000,0.9273101578791271,0.9254573903309171,2024-01-03 18:24:00
0.9247813396463263,1000,0.9257061209859725,0.9238565583066799,2024-01-03 18:25:00
0.9218103385207416,1000,0.9227321488592622,0.9208885281822208,2024-01-03 18:26:00
0.9215233231759328,1000,0.9224448464991086,0.9206017998527568,2024-01-03 18:27:00
0.9191449215476554,1000,0.9200640664692029,0.9182257766261077,2024-01-03 18:28:00
0.9185945565565852,1000,0.9195131511131417,0.9176759620000285,2024-01-03 18:29:00
0.9137787144921059,1000,0.914692493206598,0.9128649357776139,2024-01-03 18:30:00
0.9162081272903461,1000,0.9171243354176363,0.9152919191630557,2024-01-03 18:31:00
0.9150773422649959,1000,0.9159924196072609,0.9141622649227309,2024-01-03 18:32:00
0.9176236749855426,1000,0.9185412986605281,0.9167060513105572,2024-01-03 18:33:00
0.9195819813635593,1000,0.9205015633449227,0.9186623993821957,2024-01-03 18:34:00
0.9194012113910731,1000,0.9203206126024641,0.918481810179682,2024-01-03 18:35:00
0.9197360842783129,1000,0.9206558203625911,0.9188163481940346,2024-01-03 18:36:00
0.9202261391462794,1000,0.9211463652854256,0.919305913007133,2024-01-03 18:37:00
0.9173794929697586,1000,0.9182968724627283,0.9164621134767889,2024-01-03 18:38:00
0.9161359748667095,1000,0.9170521108415761,0.9152198388918428,2024-01-03 18:39:00
0.9175847723506692,1000,0.9185023571230198,0.9166671875783184,2024-01-03 18:40:00
0.9152974933152762,1000,0.9162127908085914,0.9143821958219609,2024-01-03 18:41:00
0.9161259589298517,1000,0.9170420848887815,0.9152098329709218,2024-01-03 18:42:00
0.9195976922128,1000,0.9205172899050127,0.9186780945205871,2024-01-03 18:43:00
0.9222139447286736,1000,0.9231361586734022,0.9212917307839449,2024-01-03 18:44:00
0.9231337856361137,1000,0.9240569194217497,0.9222106518504776,2024-01-03 18:45:00
0.9228316110605201,1000,0.9237544426715806,0.9219087794494596,2024-01-03 18:46:00
0.9237981408450338,1000,0.9247219389858787,0.9228743427041887,2024-01-03 18:47:00
0.9218016845474595,1000,0.9227234862320068,0.920879882862912,2024-01-03 18:48:00
0.9185580458791258,1000,0.9194766039250049,0.9176394878332467,2024-01-03 18:49:00
0.920099391379095,1000,0.9210194907704741,0.919179291987716,2024-01-03 18:50:00
0.918667332026754,1000,0.9195859993587806,0.9177486646947273,2024-01-03 18:51:00
0.9231909239739305,1000,0.9241141148979044,0.9222677330499566,2024-01-03 18:52:00
0.920956321630185,1000,0.9218772779518151,0.9200353653085549,2024-01-03 18:53:00
0.922388447224238,1000,0.9233108356714621,0.9214660587770137,2024-01-03 18:54:00
0.9223261477733816,1000,0.9232484739211549,0.9214038216256082,2024-01-03 18:55:00
0.9202320540153458,1000,0.9211522860693611,0.9193118219613304,2024-01-03 18:56:00
0.9224364836264599,1000,0.9233589201100862,0.9215140471428335,2024-01-03 18:57:00
0.9229524434845716,1000,0.9238753959280561,0.922029491041087,2024-01-03 18:58:00
0.9276478579308659,1000,0.9285755057887967,0.926720210072935,2024-01-03 18:59:00
0.926156036037745,1000,0.9270821920737826,0.9252298800017072,2024-01-03 19:00:00
0.9263435906498808,1000,0.9272699342405306,0.9254172470592309,2024-01-03 19:01:00
0.9276028258270778,1000,0.9285304286529047,0.9266752230012507,2024-01-03 19:02:00
0.9273875487768991,1000,0.9283149363256759,0.9264601612281222,2024-01-03 19:03:00
0.9251496673458575,1000,0.9260748170132033,0.9242245176785117,2024-01-03 19:04:00
0.9241034974415175,1000,0.925027600938959,0.923179393944076,2024-01-03 19:05:00
0.92434541421584,1000,0.9252697596300558,0.9234210688016242,2024-01-03 19:06:00
0.924613243375802,1000,0.9255378566191776,0.9236886301324262,2024-01-03 19:07:00
0.9258164259307631,1000,0.9267422423566938,0.9248906095048323,2024-01-03 19:08:00
0.9272855249898719,1000,0.9282128105148617,0.926358239464882,2024-01-03 19:09:00
0.9256798324266142,1000,0.9266055122590408,0.9247541525941876,2024-01-03 19:10:00
0.9229611109469772,1000,0.9238840720579241,0.9220381498360302,2024-01-03 19:11:00
0.9213442492675017,1000,0.9222655935167691,0.9204229050182342,2024-01-03 19:12:00
0.9200517808735661,1000,0.9209718326544396,0.9191317290926925,2024-01-03 19:13:00
0.9194212881981991,1000,0.9203407094863972,0.9185018669100009,2024-01-03 19:14:00
0.9215579665141237,1000,0.9224795244806377,0.9206364085476095,2024-01-03 19:15:00
0.9237180303591378,1000,0.9246417483894969,0.9227943123287786,2024-01-03 19:16:00
0.9257047787641065,1000,0.9266304835428705,0.9247790739853424,2024-01-03 19:17:00
0.92636314033623,1000,0.9272895034765661,0.9254367771958938,2024-01-03 19:18:00
0.9262166162483786,1000,0.9271428328646268,0.9252903996321302,2024-01-03 19:19:00
0.9264567851011576,1000,0.9273832418862586,0.9255303283160564,2024-01-03 19:20:00
0.9247515105299218,1000,0.9256762620404516,0.9238267590193918,2024-01-03 19:21:00
0.925010512394914,1000,0.9259355229073089,0.9240855018825191,2024-01-03 19:22:00
0.9235862216087175,1000,0.9245098078303261,0.9226626353871088,2024-01-03 19:23:00
0.9257603673932081,1000,0.9266861277606012,0.9248346070258149,2024-01-03 19:24:00
0.9263888573012474,1000,0.9273152461585485,0.9254624684439462,2024-01-03 19:25:00
0.9251035498231984,1000,0.9260286533730215,0.9241784462733752,2024-01-03 19:26:00
0.923521838229706,1000,0.9244453600679357,0.9225983163914763,2024-01-03 19:27:00
0.9230785007013934,1000,0.9240015792020947,0.922155422200692,2024-01-03 19:28:00
0.9222732807318479,1000,0.9231955540125797,0.9213510074511161,2024-01-03 19:29:00
0.9205803914690525,1000,0.9215009718605214,0.9196598110775834,2024-01-03 19:30:00
0.9191476775815349,1000,0.9200668252591163,0.9182285299039534,2024-01-03 19:31:00
0.919013186154392,1000,0.9199321993405463,0.9180941729682376,2024-01-03 19:32:00
0.9177468936543421,1000,0.9186646405479963,0.9168291467606878,2024-01-03 19:33:00
0.9160782912767822,1000,0.9169943695680589,0.9151622129855054,2024-01-03 19:34:00
0.9159511889169349,1000,0.9168671401058518,0.915035237728018,2024-01-03 19:35:00
0.920062747095299,1000,0.9209828098423942,0.9191426843482037,2024-01-03 19:36:00
0.91892873830713,1000,0.919847667045437,0.9180098095688228,2024-01-03 19:37:00
0.9210049602341487,1000,0.9219259651943827,0.9200839552739145,2024-01-03 19:38:00
0.9233110725298929,1000,0.9242343836024226,0.922387761457363,2024-01-03 19:39:00
0.9250745425928449,1000,0.9259996171354377,0.9241494680502521,2024-01-03 19:40:00
0.923796593604128,1000,0.924720390197732,0.9228727970105239,2024-01-03 19:41:00
0.9242763106728706,1000,0.9252005869835435,0.9233520343621978,2024-01-03 19:42:00
0.9234429650289697,1000,0.9243664079939986,0.9225195220639407,2024-01-03 19:43:00
0.9191973591971975,1000,0.9201165565563946,0.9182781618380003,2024-01-03 19:44:00
0.9191057554910695,1000,0.9200248612465605,0.9181866497355785,2024-01-03 19:45:00
0.9163792171710667,1000,0.9172955963882377,0.9154628379538957,2024-01-03 19:46:00
0.9185630542790119,1000,0.9194816173332908,0.9176444912247328,2024-01-03 19:47:00
0.9200586428274874,1000,0.9209787014703148,0.9191385841846599,2024-01-03 19:48:00
0.91990193776159,1000,0.9208218396993515,0.9189820358238284,2024-01-03 19:49:00
0.9246179747170377,1000,0.9255425926917547,0.9236933567423207,2024-01-03 19:50:00
0.9228791929177005,1000,0.923802072110618,0.9219563137247828,2024-01-03 19:51:00
0.9253816338457496,1000,0.9263070154795953,0.9244562522119039,2024-01-03 19:52:00
0.9246257205341366,1000,0.9255503462546707,0.9237010948136025,2024-01-03 19:53:00
0.9248953854674782,1000,0.9258202808529455,0.9239704900820107,2024-01-03 19:54:00
0.9234141362958357,1000,0.9243375504321314,0.9224907221595399,2024-01-03 19:55:00
0.9252049975460382,1000,0.9261302025435841,0.9242797925484922,2024-01-03 19:56:00
0.9245403909733863,1000,0.9254649313643596,0.9236158505824129,2024-01-03 19:57:00
0.9248514412620847,1000,0.9257762927033467,0.9239265898208227,2024-01-03 19:58:00
0.9233369029735923,1000,0.9242602398765658,0.9224135660706186,2024-01-03 19:59:00
0.9252580601518854,1000,0.9261833182120371,0.9243328020917335,2024-01-03 20:00:00
0.9253025460606161,1000,0.9262278486066766,0.9243772435145555,2024-01-03 20:01:00
0.9253885798143432,1000,0.9263139683941575,0.9244631912345288,2024-01-03 20:02:00
0.9226280696478479,1000,0.9235506977174956,0.9217054415782001,2024-01-03 20:03:00
0.9246681811817526,1000,0.9255928493629343,0.9237435130005709,2024-01-03 20:04:00
0.9239438362016202,1000,0.9248677800378218,0.9230198923654186,2024-01-03 20:05:00
0.9253622328916925,1000,0.9262875951245841,0.9244368706588008,2024-01-03 20:06:00
0.9256764084862287,1000,0.9266020848947149,0.9247507320777425,2024-01-03 20:07:00
0.9259571327313618,1000,0.9268830898640931,0.9250311755986305,2024-01-03 20:08:00
0.9253029503220019,1000,0.9262282532723238,0.9243776473716799,2024-01-03 20:09:00
0.9228118814274859,1000,0.9237346933089133,0.9218890695460584,2024-01-03 20:10:00
0.9215753634849708,1000,0.9224969388484557,0.9206537881214859,2024-01-03 20:11:00
0.9227029735843586,1000,0.9236256765579428,0.9217802706107743,2024-01-03 20:12:00
0.9235957925524331,1000,0.9245193883449854,0.9226721967598807,2024-01-03 20:13:00
0.925240906049319,1000,0.9261661469553681,0.9243156651432697,2024-01-03 20:14:00
0.923488477430122,1000,0.924411965907552,0.9225649889526919,2024-01-03 20:15:00
0.9216486207153787,1000,0.922570269336094,0.9207269720946633,2024-01-03 20:16:00
0.9206545166827956,1000,0.9215751711994783,0.9197338621661129,2024-01-03 20:17:00
0.9182976076803765,1000,0.9192159052880567,0.9173793100726961,2024-01-03 20:18:00
0.9206526641146828,1000,0.9215733167787974,0.9197320114505682,2024-01-03 20:19:00
0.9207186033538388,1000,0.9216393219571926,0.919797884750485,2024-01-03 20:20:00
0.9184894877488361,1000,0.9194079772365849,0.9175709982610872,2024-01-03 20:21:00
0.917477958430238,1000,0.9183954363886682,0.9165604804718078,2024-01-03 20:22:00
0.9178499535798951,1000,0.9187678035334749,0.9169321036263152,2024-01-03 20:23:00
0.9179554506719608,1000,0.9188734061226327,0.9170374952212889,2024-01-03 20:24:00
0.919790753966441,1000,0.9207105447204074,0.9188709632124746,2024-01-03 20:25:00
0.9190147210883401,1000,0.9199337358094284,0.9180957063672518,2024-01-03 20:26:00
0.9198863342179626,1000,0.9208062205521805,0.9189664478837447,2024-01-03 20:27:00
0.9180601006150314,1000,0.9189781607156463,0.9171420405144164,2024-01-03 20:28:00
0.915807926916481,1000,0.9167237348433974,0.9148921189895646,2024-01-03 20:29:00
0.9138638788041118,1000,0.9147777426829158,0.9129500149253077,2024-01-03 20:30:00
0.9183053436763606,1000,0.9192236490200368,0.9173870383326843,2024-01-03 20:31:00
0.91735310560056,1000,0.9182704587061605,0.9164357524949595,2024-01-03 20:32:00
0.9180755640946029,1000,0.9189936396586974,0.9171574885305083,2024-01-03 20:33:00
0.9198315934972362,1000,0.9207514250907334,0.9189117619037389,2024-01-03 20:34:00
0.9197533935712822,1000,0.9206731469648534,0.9188336401777109,2024-01-03 20:35:00
0.9188931845037601,1000,0.9198120776882638,0.9179742913192563,2024-01-03 20:36:00
0.9201049149806934,1000,0.921025019895674,0.9191848100657126,2024-01-03 20:37:00
0.9190072493142808,1000,0.919926256563595,0.9180882420649665,2024-01-03 20:38:00
0.9192919649671484,1000,0.9202112569321155,0.9183726730021813,2024-01-03 20:39:00
0.9146298937504064,1000,0.9155445236441567,0.9137152638566559,2024-01-03 20:40:00
0.9165213697050274,1000,0.9174378910747323,0.9156048483353224,2024-01-03 20:41:00
0.9156394638147191,1000,0.9165551032785336,0.9147238243509044,2024-01-03 20:42:00
0.9138421235379053,1000,0.9147559656614431,0.9129282814143673,2024-01-03 20:43:00
0.915857022128332,1000,0.9167728791504602,0.9149411651062036,2024-01-03 20:44:00
0.9132579222784554,1000,0.9141711802007337,0.9123446643561769,2024-01-03 20:45:00
0.9134633755942339,1000,0.914376838969828,0.9125499122186396,2024-01-03 20:46:00
0.9099701025397101,1000,0.9108800726422497,0.9090601324371704,2024-01-03 20:47:00
0.9098154479211877,1000,0.9107252633691089,0.9089056324732665,2024-01-03 20:48:00
0.9099275048623833,1000,0.9108374323672456,0.9090175773575209,2024-01-03 20:49:00
0.9100207316834703,1000,0.9109307524151536,0.9091107109517869,2024-01-03 20:50:00
0.9111629068771657,1000,0.9120740697840428,0.9102517439702885,2024-01-03 20:51:00
0.9110007562675357,1000,0.9119117570238032,0.9100897555112683,2024-01-03 20:52:00
0.9082894608080772,1000,0.9091977502688852,0.907381171347269,2024-01-03 20:53:00
0.9049764316031531,1000,0.9058814080347561,0.90407145517155,2024-01-03 20:54:00
0.9067686994905083,1000,0.9076754681899987,0.9058619307910178,2024-01-03 20:55:00
0.9024666021625314,1000,0.9033690687646938,0.9015641355603689,2024-01-03 20:56:00
0.9015271496424268,1000,0.9024286767920691,0.9006256224927843,2024-01-03 20:57:00
0.8972921015497833,1000,0.898189393651333,0.8963948094482336,2024-01-03 20:58:00
0.8986128209189029,1000,0.8995114337398218,0.8977142080979841,2024-01-03 20:59:00
0.8975526794181884,1000,0.8984502320976064,0.8966551267387702,2024-01-03 21:00:00
0.8980997654742227,1000,0.8989978652396968,0.8972016657087485,2024-01-03 21:01:00
0.8986349755426354,1000,0.8995336105181779,0.8977363405670927,2024-01-03 21:02:00
0.8982318668814316,1000,0.899130098748313,0.8973336350145502,2024-01-03 21:03:00
0.9012788748942049,1000,0.902180153769099,0.9003775960193107,2024-01-03 21:04:00
0.9027837221051803,1000,0.9036865058272854,0.9018809383830751,2024-01-03 21:05:00
0.8993458706326425,1000,0.900245216503275,0.8984465247620098,2024-01-03 21:06:00
0.9004711538762337,1000,0.9013716250301098,0.8995706827223574,2024-01-03 21:07:00
0.9028122154166159,1000,0.9037150276320325,0.9019094032011993,2024-01-03 21:08:00
0.9024522983823307,1000,0.9033547506807129,0.9015498460839483,2024-01-03 21:09:00
0.9070343711491844,1000,0.9079414055203334,0.9061273367780353,2024-01-03 21:10:00
0.9112044221080677,1000,0.9121156265301757,0.9102932176859597,2024-01-03 21:11:00
0.9118459785476891,1000,0.9127578245262367,0.9109341325691415,2024-01-03 21:12:00
0.9093128719106254,1000,0.9102221847825359,0.9084035590387147,2024-01-03 21:13:00
0.9085176470715022,1000,0.9094261647185736,0.9076091294244307,2024-01-03 21:14:00
0.9105620338000332,1000,0.9114725958338331,0.9096514717662332,2024-01-03 21:15:00
0.9122490422775543,1000,0.9131612913198318,0.9113367932352767,2024-01-03 21:16:00
0.912021749686023,1000,0.912933771435709,0.9111097279363369,2024-01-03 21:17:00
0.9123254285065556,1000,0.9132377539350621,0.911413103078049,2024-01-03 21:18:00
0.9104696612610459,1000,0.9113801309223069,0.9095591915997848,2024-01-03 21:19:00
0.9120810976337791,1000,0.9129931787314127,0.9111690165361453,2024-01-03 21:20:00
0.9108197681394515,1000,0.9117305879075909,0.9099089483713121,2024-01-03 21:21:00
0.9110932359749238,1000,0.9120043292108986,0.9101821427389488,2024-01-03 21:22:00
0.9066567634034569,1000,0.9075634201668603,0.9057501066400534,2024-01-03 21:23:00
0.9070303814693685,1000,0.9079374118508378,0.9061233510878992,2024-01-03 21:24:00
0.904563113014952,1000,0.9054676761279669,0.9036585499019371,2024-01-03 21:25:00
0.9036154131410612,1000,0.9045190285542022,0.9027117977279201,2024-01-03 21:26:00
0.9032300833824813,1000,0.9041333134658637,0.9023268532990989,2024-01-03 21:27:00
0.898040312233513,1000,0.8989383525457464,0.8971422719212795,2024-01-03 21:28:00
0.9016182696365194,1000,0.9025198879061558,0.9007166513668828,2024-01-03 21:29:00
0.9042813577628281,1000,0.9051856391205909,0.9033770764050653,2024-01-03 21:30:00
0.9046267929983018,1000,0.9055314197913,0.9037221662053035,2024-01-03 21:31:00
0.9041321468486194,1000,0.9050362789954679,0.9032280147017708,2024-01-03 21:32:00
0.9054627211682216,1000,0.9063681838893897,0.9045572584470534,2024-01-03 21:33:00
0.9024024757140051,1000,0.903304878189719,0.9015000732382911,2024-01-03 21:34:00
0.9031819832405267,1000,0.9040851652237671,0.9022788012572861,2024-01-03 21:35:00
0.9053713396331863,1000,0.9062767109728194,0.9044659682935531,2024-01-03 21:36:00
0.9044893475724853,1000,0.9053938369200577,0.9035848582249129,2024-01-03 21:37:00
0.9033033908790576,1000,0.9042066942699366,0.9024000874881786,2024-01-03 21:38:00
0.9040011304223873,1000,0.9049051315528096,0.9030971292919648,2024-01-03 21:39:00
0.9026327530252551,1000,0.9035353857782803,0.9017301202722299,2024-01-03 21:40:00
0.902343205228228,1000,0.9032455484334561,0.9014408620229998,2024-01-03 21:41:00
0.9010021731832956,1000,0.9019031753564788,0.9001011710101122,2024-01-03 21:42:00
0.9005786826587965,1000,0.9014792613414552,0.8996781039761377,2024-01-03 21:43:00
0.9017308065487647,1000,0.9026325373553133,0.9008290757422159,2024-01-03 21:44:00
0.9031100203005455,1000,0.904013130320846,0.902206910280245,2024-01-03 21:45:00
0.9052481754637813,1000,0.906153423639245,0.9043429272883176,2024-01-03 21:46:00
0.9036382121982058,1000,0.9045418504104039,0.9027345739860076,2024-01-03 21:47:00
0.9055825595992916,1000,0.9064881421588907,0.9046769770396923,2024-01-03 21:48:00
0.9046317446170372,1000,0.9055363763616542,0.9037271128724201,2024-01-03 21:49:00
0.907170551293865,1000,0.9080777218451588,0.9062633807425712,2024-01-03 21:50:00
0.9043323810424695,1000,0.9052367134235119,0.903428048661427,2024-01-03 21:51:00
0.9071896235047752,1000,0.9080968131282798,0.9062824338812704,2024-01-03 21:52:00
0.9082090546187498,1000,0.9091172636733684,0.907300845564131,2024-01-03 21:53:00
0.9087369113069379,1000,0.9096456482182448,0.907828174395631,2024-01-03 21:54:00
0.9083520788684031,1000,0.9092604309472714,0.9074437267895347,2024-01-03 21:55:00
0.9090611767352083,1000,0.9099702379119433,0.9081521155584731,2024-01-03 21:56:00
0.9091037187966102,1000,0.9100128225154067,0.9081946150778136,2024-01-03 21:57:00
0.90642008257677,1000,0.9073265026593467,0.9055136624941932,2024-01-03 21:58:00
0.9052987575850159,1000,0.9062040563426008,0.9043934588274308,2024-01-03 21:59:00
0.9071551666945429,1000,0.9080623218612374,0.9062480115278483,2024-01-03 22:00:00
0.9076460542467824,1000,0.908553700301029,0.9067384081925356,2024-01-03 22:01:00
0.9060852950442241,1000,0.9069913803392682,0.9051792097491799,2024-01-03 22:02:00
0.9044920331559039,1000,0.9053965251890597,0.903587541122748,2024-01-03 22:03:00
0.9062855951263761,1000,0.9071918807215024,0.9053793095312497,2024-01-03 22:04:00
0.9070136510098635,1000,0.9079206646608733,0.9061066373588537,2024-01-03 22:05:00
0.9057231746479144,1000,0.9066288978225622,0.9048174514732665,2024-01-03 22:06:00
0.9080691779551202,1000,0.9089772471330753,0.907161108777165,2024-01-03 22:07:00
0.9079051013501138,1000,0.9088130064514638,0.9069971962487637,2024-01-03 22:08:00
0.908511754073815,1000,0.9094202658278887,0.9076032423197412,2024-01-03 22:09:00
0.9096963669933943,1000,0.9106060633603876,0.908786670626401,2024-01-03 22:10:00
0.9077109302634824,1000,0.9086186411937458,0.906803219333219,2024-01-03 22:11:00
0.9073937986061745,1000,0.9083011924047806,0.9064864048075684,2024-01-03 22:12:00
0.9093495771897236,1000,0.9102589267669132,0.908440227612534,2024-01-03 22:13:00
0.9128015873260974,1000,0.9137143889134234,0.9118887857387713,2024-01-03 22:14:00
0.9140413178288622,1000,0.914955359146691,0.9131272765110333,2024-01-03 22:15:00
0.9111415951284656,1000,0.912052736723594,0.9102304535333371,2024-01-03 22:16:00
0.9091444969496296,1000,0.9100536414465792,0.90823535245268,2024-01-03 22:17:00
0.9113671572000305,1000,0.9122785243572304,0.9104557900428304,2024-01-03 22:18:00
0.9135406874941986,1000,0.9144542281816926,0.9126271468067044,2024-01-03 22:19:00
0.9134896261112364,1000,0.9144031157373476,0.9125761364851251,2024-01-03 22:20:00
0.915459264137019,1000,0.9163747234011559,0.9145438048728819,2024-01-03 22:21:00
0.9150871833255092,1000,0.9160022705088346,0.9141720961421836,2024-01-03 22:22:00
0.9149021369079179,1000,0.9158170390448257,0.91398723477101,2024-01-03 22:23:00
0.9163575466053557,1000,0.917273904151961,0.9154411890587504,2024-01-03 22:24:00
0.9122326506608277,1000,0.9131448833114885,0.9113204180101668,2024-01-03 22:25:00
0.9146782557379197,1000,0.9155929339936575,0.9137635774821818,2024-01-03 22:26:00
0.9133355863749925,1000,0.9142489219613673,0.9124222507886175,2024-01-03 22:27:00
0.9131338764964583,1000,0.9140470103729547,0.9122207426199618,2024-01-03 22:28:00
0.9113295869434636,1000,0.912240916530407,0.91041825735652,2024-01-03 22:29:00
0.9125545331282354,1000,0.9134670876613635,0.9116419785951072,2024-01-03 22:30:00
0.9131327962087298,1000,0.9140459290049384,0.912219663412521,2024-01-03 22:31:00
0.9130997578177079,1000,0.9140128575755255,0.9121866580598902,2024-01-03 22:32:00
0.9155689758785122,1000,0.9164845448543906,0.9146534069026336,2024-01-03 22:33:00
0.9175309707628391,1000,0.9184485017336018,0.9166134397920762,2024-01-03 22:34:00
0.9185043562148323,1000,0.919422860571047,0.9175858518586174,2024-01-03 22:35:00
0.9186034562294151,1000,0.9195220596856444,0.9176848527731857,2024-01-03 22:36:00
0.9223370832524357,1000,0.923259420335688,0.9214147461691833,2024-01-03 22:37:00
0.9234415388043222,1000,0.9243649803431264,0.9225180972655179,2024-01-03 22:38:00
0.9271305492250668,1000,0.9280576797742918,0.9262034186758417,2024-01-03 22:39:00
0.9285895686277214,1000,0.929518158196349,0.9276609790590936,2024-01-03 22:40:00
0.9288495098040813,1000,0.9297783593138853,0.9279206602942772,2024-01-03 22:41:00
0.9269680871913772,1000,0.9278950552785685,0.9260411191041859,2024-01-03 22:42:00
0.9270052397179634,1000,0.9279322449576813,0.9260782344782454,2024-01-03 22:43:00
0.9252168561672146,1000,0.9261420730233817,0.9242916393110474,2024-01-03 22:44:00
0.9221027908755975,1000,0.923024893666473,0.921180688084722,2024-01-03 22:45:00
0.9207150479527801,1000,0.9216357630007328,0.9197943329048274,2024-01-03 22:46:00
0.9215816584378235,1000,0.9225032400962612,0.9206600767793857,2024-01-03 22:47:00
0.9238360100735539,1000,0.9247598460836273,0.9229121740634804,2024-01-03 22:48:00
0.9220973708896381,1000,0.9230194682605276,0.9211752735187484,2024-01-03 22:49:00
0.920642265948888,1000,0.9215629082148368,0.9197216236829391,2024-01-03 22:50:00
0.9200270161580506,1000,0.9209470431742085,0.9191069891418926,2024-01-03 22:51:00
0.9203140502554878,1000,0.9212343643057432,0.9193937362052323,2024-01-03 22:52:00
0.9186806378993723,1000,0.9195993185372715,0.9177619572614729,2024-01-03 22:53:00
0.9217245445198257,1000,0.9226462690643454,0.9208028199753059,2024-01-03 22:54:00
0.9217216611621245,1000,0.9226433828232865,0.9207999395009624,2024-01-03 22:55:00
0.921623147619838,1000,0.9225447707674578,0.9207015244722182,2024-01-03 22:56:00
0.9221580963446873,1000,0.9230802544410318,0.9212359382483426,2024-01-03 22:57:00
0.920684650571851,1000,0.9216053352224227,0.9197639659212792,2024-01-03 22:58:00
0.9215066326263655,1000,0.9224281392589917,0.9205851259937391,2024-01-03 22:59:00
0.9192989432954212,1000,0.9202182422387165,0.9183796443521257,2024-01-03 23:00:00
0.9187541241145694,1000,0.9196728782386838,0.9178353699904548,2024-01-03 23:01:00
0.9180721553046715,1000,0.918990227459976,0.9171540831493668,2024-01-03 23:02:00
0.9180623072121141,1000,0.9189803695193262,0.917144244904902,2024-01-03 23:03:00
0.9163921922130402,1000,0.9173085844052532,0.9154758000208272,2024-01-03 23:04:00
0.9145665293879681,1000,0.9154810959173559,0.9136519628585802,2024-01-03 23:05:00
0.9167728092805421,1000,0.9176895820898225,0.9158560364712615,2024-01-03 23:06:00
0.9190181534032348,1000,0.9199371715566379,0.9180991352498316,2024-01-03 23:07:00
0.9211705922801104,1000,0.9220917628723905,0.9202494216878303,2024-01-03 23:08:00
0.9204990904319095,1000,0.9214195895223413,0.9195785913414776,2024-01-03 23:09:00
0.9212814353960769,1000,0.9222027168314728,0.9203601539606808,2024-01-03 23:10:00
0.9229480530373786,1000,0.9238710010904159,0.9220251049843412,2024-01-03 23:11:00
0.9276017943620369,1000,0.9285293961563988,0.9266741925676749,2024-01-03 23:12:00
0.9254848340306449,1000,0.9264103188646754,0.9245593491966142,2024-01-03 23:13:00
0.9270186512347703,1000,0.927945669886005,0.9260916325835356,2024-01-03 23:14:00
0.9283482956124608,1000,0.9292766439080732,0.9274199473168483,2024-01-03 23:15:00
0.9277162796274449,1000,0.9286439959070721,0.9267885633478175,2024-01-03 23:16:00
0.9295453482387269,1000,0.9304748935869656,0.9286158028904882,2024-01-03 23:17:00
0.926570732494352,1000,0.9274973032268462,0.9256441617618576,2024-01-03 23:18:00
0.9276811528549581,1000,0.928608834007813,0.9267534717021032,2024-01-03 23:19:00
0.9312265912193081,1000,0.9321578178105273,0.9302953646280887,2024-01-03 23:20:00
0.9320070205109445,1000,0.9329390275314554,0.9310750134904335,2024-01-03 23:21:00
0.9289248205886411,1000,0.9298537454092296,0.9279958957680525,2024-01-03 23:22:00
0.930646672011355,1000,0.9315773186833662,0.9297160253393436,2024-01-03 23:23:00
0.9297538765975674,1000,0.9306836304741648,0.9288241227209698,2024-01-03 23:24:00
0.931468471687125,1000,0.932399940158812,0.9305370032154379,2024-01-03 23:25:00
0.931131952841534,1000,0.9320630847943755,0.9302008208886925,2024-01-03 23:26:00
0.9328546325755678,1000,0.9337874872081432,0.9319217779429922,2024-01-03 23:27:00
0.9336859901983918,1000,0.9346196761885901,0.9327523042081934,2024-01-03 23:28:00
0.9363715745859527,1000,0.9373079461605385,0.9354352030113667,2024-01-03 23:29:00
0.9344157767984308,1000,0.9353501925752291,0.9334813610216324,2024-01-03 23:30:00
0.9390285068356704,1000,0.939967535342506,0.9380894783288347,2024-01-03 23:31:00
0.9350786231665318,1000,0.9360137017896982,0.9341435445433652,2024-01-03 23:32:00
0.9377431386074565,1000,0.9386808817460639,0.936805395468849,2024-01-03 23:33:00
0.938581788047886,1000,0.9395203698359337,0.9376432062598381,2024-01-03 23:34:00
0.9389889055709779,1000,0.9399278944765488,0.9380499166654069,2024-01-03 23:35:00
0.9358052056392532,1000,0.9367410108448924,0.9348694004336139,2024-01-03 23:36:00
0.9367487582121419,1000,0.9376855069703539,0.9358120094539297,2024-01-03 23:37:00
0.9362108463789344,1000,0.9371470572253132,0.9352746355325554,2024-01-03 23:38:00
0.9373382969727534,1000,0.938275635269726,0.9364009586757807,2024-01-03 23:39:00
0.9359983150870924,1000,0.9369343134021794,0.9350623167720054,2024-01-03 23:40:00
0.9386299327963752,1000,0.9395685627291714,0.9376913028635788,2024-01-03 23:41:00
0.9384600442642221,1000,0.9393985043084863,0.9375215842199579,2024-01-03 23:42:00
0.9375756874470741,1000,0.9385132631345211,0.936638111759627,2024-01-03 23:43:00
0.9355972096028726,1000,0.9365328068124754,0.9346616123932697,2024-01-03 23:44:00
0.9349539608713989,1000,0.9358889148322702,0.9340190069105275,2024-01-03 23:45:00
0.9364950300900008,1000,0.9374315251200906,0.9355585350599108,2024-01-03 23:46:00
0.9347398106823828,1000,0.935674550493065,0.9338050708717004,2024-01-03 23:47:00
0.9377878088565241,1000,0.9387255966653806,0.9368500210476676,2024-01-03 23:48:00
0.9371197376492891,1000,0.9380568573869383,0.9361826179116398,2024-01-03 23:49:00
0.9357429287325535,1000,0.9366786716612859,0.9348071858038209,2024-01-03 23:50:00
0.9339636004341187,1000,0.9348975640345527,0.9330296368336847,2024-01-03 23:51:00
0.9327597890256518,1000,0.9336925488146773,0.9318270292366262,2024-01-03 23:52:00
0.9340424941863433,1000,0.9349765366805296,0.933108451692157,2024-01-03 23:53:00
0.9348499309119761,1000,0.935784780842888,0.9339150809810641,2024-01-03 23:54:00
0.9336093427893244,1000,0.9345429521321136,0.9326757334465351,2024-01-03 23:55:00
0.9339335473729056,1000,0.9348674809202784,0.9329996138255326,2024-01-03 23:56:00
0.9335054856325422,1000,0.9344389911181746,0.9325719801469097,2024-01-03 23:57:00
0.9337628550773374,1000,0.9346966179324145,0.9328290922222601,2024-01-03 23:58:00
0.9304469025159116,1000,0.9313773494184273,0.9295164556133957,2024-01-03 23:59:00
0.929331952353448,1000,0.9302612843058014,0.9284026204010946,2024-01-04 00:00:00
0.9327002682950708,1000,0.9336329685633658,0.9317675680267757,2024-01-04 00:01:00
0.9301084799176346,1000,0.931038588397552,0.929178371437717,2024-01-04 00:02:00
0.9295868176212428,1000,0.930516404438864,0.9286572308036216,2024-01-04 00:03:00
0.9298074392847597,1000,0.9307372467240443,0.928877631845475,2024-01-04 00:04:00
0.9305802543342786,1000,0.9315108345886127,0.9296496740799444,2024-01-04 00:05:00
0.92840049706352,1000,0.9293288975605835,0.9274720965664565,2024-01-04 00:06:00
0.9280709913636302,1000,0.9289990623549937,0.9271429203722666,2024-01-04 00:07:00
0.9290093783599014,1000,0.9299383877382612,0.9280803689815414,2024-01-04 00:08:00
0.9278166345528472,1000,0.9287444511874,0.9268888179182944,2024-01-04 00:09:00
0.9293644569787232,1000,0.9302938214357018,0.9284350925217444,2024-01-04 00:10:00
0.9300427207567514,1000,0.9309727634775081,0.9291126780359946,2024-01-04 00:11:00
0.9315512209962591,1000,0.9324827722172553,0.9306196697752628,2024-01-04 00:12:00
0.9305741642146526,1000,0.9315047383788672,0.929643590050438,2024-01-04 00:13:00
0.9313118947339828,1000,0.9322432066287166,0.9303805828392488,2024-01-04 00:14:00
0.9325655732991175,1000,0.9334981388724165,0.9316330077258184,2024-01-04 00:15:00
0.930876754403899,1000,0.9318076311583029,0.9299458776494951,2024-01-04 00:16:00
0.9309870034575414,1000,0.9319179904609988,0.9300560164540839,2024-01-04 00:17:00
0.9293485056599389,1000,0.9302778541655987,0.9284191571542789,2024-01-04 00:18:00
0.9279844823075095,1000,0.9289124667898169,0.927056497825202,2024-01-04 00:19:00
0.9304563883582959,1000,0.9313868447466541,0.9295259319699376,2024-01-04 00:20:00
0.9303600706153532,1000,0.9312904306859684,0.9294297105447379,2024-01-04 00:21:00
0.9297401851342264,1000,0.9306699253193605,0.9288104449490922,2024-01-04 00:22:00
0.9290345478012273,1000,0.9299635823490284,0.928105513253426,2024-01-04 00:23:00
0.9303028218415187,1000,0.9312331246633601,0.9293725190196772,2024-01-04 00:24:00
0.9313624912889856,1000,0.9322938537802745,0.9304311287976966,2024-01-04 00:25:00
0.9305457074132564,1000,0.9314762531206695,0.9296151617058431,2024-01-04 00:26:00
0.9306850923572347,1000,0.9316157774495919,0.9297544072648775,2024-01-04 00:27:00
0.9318344452928696,1000,0.9327662797381624,0.9309026108475768,2024-01-04 00:28:00
0.9329717598334601,1000,0.9339047315932935,0.9320387880736267,2024-01-04 00:29:00
0.9301356347898595,1000,0.9310657704246492,0.9292054991550697,2024-01-04 00:30:00
0.932468770386939,1000,0.9334012391573259,0.9315363016165521,2024-01-04 00:31:00
0.9327639959270037,1000,0.9336967599229306,0.9318312319310766,2024-01-04 00:32:00
0.9342275187309248,1000,0.9351617462496556,0.9332932912121938,2024-01-04 00:33:00
0.9327325039806004,1000,0.9336652364845809,0.9317997714766197,2024-01-04 00:34:00
0.9347147306140042,1000,0.9356494453446181,0.9337800158833902,2024-01-04 00:35:00
0.936855966677875,1000,0.9377928226445528,0.935919110711197,2024-01-04 00:36:00
0.9375590694370755,1000,0.9384966285065124,0.9366215103676384,2024-01-04 00:37:00
0.9382800707781387,1000,0.9392183508489167,0.9373417907073606,2024-01-04 00:38:00
0.9369298594654032,1000,0.9378667893248684,0.9359929296059378,2024-01-04 00:39:00
0.9395343318092491,1000,0.9404738661410582,0.9385947974774398,2024-01-04 00:40:00
0.9389260938882077,1000,0.9398650199820958,0.9379871677943195,2024-01-04 00:41:00
0.9416356005706711,1000,0.9425772361712417,0.9406939649701004,2024-01-04 00:42:00
0.9422561603646824,1000,0.943198416525047,0.9413139042043177,2024-01-04 00:43:00
0.9434736310912162,1000,0.9444171047223073,0.9425301574601249,2024-01-04 00:44:00
0.9404718613611506,1000,0.9414123332225116,0.9395313894997894,2024-01-04 00:45:00
0.9411571235256717,1000,0.9420982806491973,0.940215966402146,2024-01-04 00:46:00
0.9403785507843303,1000,0.9413189293351145,0.939438172233546,2024-01-04 00:47:00
0.9387029470992525,1000,0.9396416500463517,0.9377642441521532,2024-01-04 00:48:00
0.9424713876784131,1000,0.9434138590660914,0.9415289162907347,2024-01-04 00:49:00
0.9435629790628107,1000,0.9445065420418735,0.9426194160837479,2024-01-04 00:50:00
0.946097379550189,1000,0.9470434769297391,0.9451512821706388,2024-01-04 00:51:00
0.9481049870696844,1000,0.9490530920567539,0.9471568820826147,2024-01-04 00:52:00
0.9481814835868134,1000,0.9491296650704001,0.9472333021032266,2024-01-04 00:53:00
0.9473637206461137,1000,0.9483110843667597,0.9464163569254677,2024-01-04 00:54:00
0.9489748733951962,1000,0.9499238482685912,0.948025898521801,2024-01-04 00:55:00
0.9485891796869741,1000,0.949537768866661,0.9476405905072871,2024-01-04 00:56:00
0.9479752892614814,1000,0.9489232645507428,0.94702731397222,2024-01-04 00:57:00
0.948173816003639,1000,0.9491219898196426,0.9472256421876354,2024-01-04 00:58:00
0.9479401935028642,1000,0.9488881336963669,0.9469922533093613,2024-01-04 00:59:00
0.9462966998553236,1000,0.9472429965551789,0.9453504031554683,2024-01-04 01:00:00
0.9459117176625077,1000,0.9468576293801702,0.9449658059448451,2024-01-04 01:01:00
0.9473331402175047,1000,0.9482804733577221,0.9463858070772871,2024-01-04 01:02:00
0.9517919086047402,1000,0.9527437005133448,0.9508401166961354,2024-01-04 01:03:00
0.953342814852412,1000,0.9542961576672643,0.9523894720375596,2024-01-04 01:04:00
0.9557507587913213,1000,0.9567065095501125,0.95479500803253,2024-01-04 01:05:00
0.951424385170655,1000,0.9523758095558256,0.9504729607854843,2024-01-04 01:06:00
0.9521756750296078,1000,0.9531278507046372,0.9512234993545782,2024-01-04 01:07:00
0.9507578137225919,1000,0.9517085715363144,0.9498070559088694,2024-01-04 01:08:00
0.9493153065079509,1000,0.9502646218144588,0.9483659912014429,2024-01-04 01:09:00
0.9498301090565942,1000,0.9507799391656506,0.9488802789475376,2024-01-04 01:10:00
0.9475418824985368,1000,0.9484894243810352,0.9465943406160382,2024-01-04 01:11:00
0.9481004337234951,1000,0.9490485341572185,0.9471523332897716,2024-01-04 01:12:00
0.9472034300506543,1000,0.9481506334807048,0.9462562266206037,2024-01-04 01:13:00
0.9447228105496165,1000,0.945667533360166,0.9437780877390669,2024-01-04 01:14:00
0.9452900064613486,1000,0.9462352964678099,0.9443447164548873,2024-01-04 01:15:00
0.9477674103594574,1000,0.9487151777698168,0.9468196429490979,2024-01-04 01:16:00
0.9495705927230191,1000,0.9505201633157421,0.9486210221302961,2024-01-04 01:17:00
0.951029064546225,1000,0.9519800936107712,0.9500780354816788,2024-01-04 01:18:00
0.9498144510042124,1000,0.9507642654552164,0.9488646365532082,2024-01-04 01:19:00
0.9506279192269205,1000,0.9515785471461473,0.9496772913076935,2024-01-04 01:20:00
0.9489005831976742,1000,0.9498494837808718,0.9479516826144766,2024-01-04 01:21:00
0.9492344246148638,1000,0.9501836590394787,0.9482851901902489,2024-01-04 01:22:00
0.945328797926008,1000,0.9462741267239339,0.944383469128082,2024-01-04 01:23:00
0.9452464685992613,1000,0.9461917150678605,0.944301222130662,2024-01-04 01:24:00
0.944175001256747,1000,0.9451191762580037,0.9432308262554903,2024-01-04 01:25:00
0.944368126350996,1000,0.9453124944773469,0.943423758224645,2024-01-04 01:26:00
0.9450707496745788,1000,0.9460158204242533,0.9441256789249043,2024-01-04 01:27:00
0.9468953612048234,1000,0.9478422565660282,0.9459484658436186,2024-01-04 01:28:00
0.9446915129438572,1000,0.945636204456801,0.9437468214309134,2024-01-04 01:29:00
0.9430280459479417,1000,0.9439710739938895,0.9420850179019937,2024-01-04 01:30:00
0.9412703531769132,1000,0.94221162353009,0.9403290828237363,2024-01-04 01:31:00
0.940551136795206,1000,0.9414916879320011,0.9396105856584107,2024-01-04 01:32:00
0.9410357681303347,1000,0.9419768038984649,0.9400947323622044,2024-01-04 01:33:00
0.9399133651119123,1000,0.940853278477024,0.9389734517468004,2024-01-04 01:34:00
0.9388965824625162,1000,0.9398354790449786,0.9379576858800537,2024-01-04 01:35:00
0.9411823728863403,1000,0.9421235552592265,0.940241190513454,2024-01-04 01:36:00
0.9397344362466529,1000,0.9406741706828994,0.9387947018104063,2024-01-04 01:37:00
0.9400294776868896,1000,0.9409695071645764,0.9390894482092027,2024-01-04 01:38:00
0.9375295623784189,1000,0.9384670919407972,0.9365920328160404,2024-01-04 01:39:00
0.9362790576309642,1000,0.937215336688595,0.9353427785733333,2024-01-04 01:40:00
0.933424256867824,1000,0.9343576811246918,0.9324908326109562,2024-01-04 01:41:00
0.9337930319614208,1000,0.9347268249933821,0.9328592389294594,2024-01-04 01:42:00
0.9320302625985065,1000,0.9329622928611049,0.931098232335908,2024-01-04 01:43:00
0.93274901803127,1000,0.9336817670493012,0.9318162690132387,2024-01-04 01:44:00
0.9312544278894577,1000,0.932185682317347,0.9303231734615682,2024-01-04 01:45:00
0.9336083836144126,1000,0.9345419919980269,0.9326747752307981,2024-01-04 01:46:00
0.9364951062692686,1000,0.9374316013755377,0.9355586111629993,2024-01-04 01:47:00
0.9358000227943224,1000,0.9367358228171166,0.934864222771528,2024-01-04 01:48:00
0.9375302410726969,1000,0.9384677713137695,0.9365927108316242,2024-01-04 01:49:00
0.9342764641838098,1000,0.9352107406479936,0.9333421877196261,2024-01-04 01:50:00
0.9332797513368503,1000,0.934213031088187,0.9323464715855134,2024-01-04 01:51:00
0.9282005079663493,1000,0.9291287084743156,0.927272307458383,2024-01-04 01:52:00
0.9267633085822585,1000,0.9276900718908406,0.9258365452736763,2024-01-04 01:53:00
0.9288339163395763,1000,0.9297627502559158,0.9279050824232368,2024-01-04 01:54:00
0.9301541202484523,1000,0.9310842743687007,0.9292239661282039,2024-01-04 01:55:00
0.9309826934089116,1000,0.9319136761023205,0.9300517107155026,2024-01-04 01:56:00
0.9292468920779801,1000,0.9301761389700579,0.9283176451859021,2024-01-04 01:57:00
0.9289836490580666,1000,0.9299126327071245,0.9280546654090086,2024-01-04 01:58:00
0.9312821018728367,1000,0.9322133839747094,0.9303508197709638,2024-01-04 01:59:00
0.9329774143295229,1000,0.9339103917438523,0.9320444369151933,2024-01-04 02:00:00
0.9308160054419443,1000,0.9317468214473862,0.9298851894365023,2024-01-04 02:01:00
0.9299603534976223,1000,0.9308903138511199,0.9290303931441247,2024-01-04 02:02:00
0.9294193065994323,1000,0.9303487259060316,0.9284898872928329,2024-01-04 02:03:00
0.9321518157047844,1000,0.9330839675204892,0.9312196638890796,2024-01-04 02:04:00
0.9305679927605239,1000,0.9314985607532843,0.9296374247677635,2024-01-04 02:05:00
0.9290825662224773,1000,0.9300116487886997,0.9281534836562548,2024-01-04 02:06:00
0.9290887710052417,1000,0.9300178597762468,0.9281596822342364,2024-01-04 02:07:00
0.9296499353120639,1000,0.9305795852473758,0.9287202853767518,2024-01-04 02:08:00
0.9342336102037024,1000,0.935167843813906,0.9332993765934987,2024-01-04 02:09:00
0.9374103758328183,1000,0.938347786208651,0.9364729654569854,2024-01-04 02:10:00
0.9399507454286181,1000,0.9408906961740466,0.9390107946831895,2024-01-04 02:11:00
0.941500179220156,1000,0.9424416793993761,0.9405586790409359,2024-01-04 02:12:00
0.9418962173713946,1000,0.9428381135887659,0.9409543211540232,2024-01-04 02:13:00
0.9445256268921967,1000,0.9454701525190887,0.9435811012653045,2024-01-04 02:14:00
0.944407968874867,1000,0.9453523768437417,0.9434635609059921,2024-01-04 02:15:00
0.9463620484312975,1000,0.9473084104797287,0.9454156863828661,2024-01-04 02:16:00
0.948678453177929,1000,0.9496271316311068,0.9477297747247511,2024-01-04 02:17:00
0.9477620894750713,1000,0.9487098515645463,0.9468143273855962,2024-01-04 02:18:00
0.9488869211607022,1000,0.9498358080818627,0.9479380342395415,2024-01-04 02:19:00
0.9507747723335638,1000,0.9517255471058972,0.9498239975612303,2024-01-04 02:20:00
0.9490725393215759,1000,0.9500216118608973,0.9481234667822543,2024-01-04 02:21:00
0.9479842442085736,1000,0.9489322284527821,0.947036259964365,2024-01-04 02:22:00
0.9455068876861419,1000,0.9464523945738279,0.9445613807984558,2024-01-04 02:23:00
0.9450613694776495,1000,0.9460064308471271,0.9441163081081718,2024-01-04 02:24:00
0.9460860329804036,1000,0.9470321190133839,0.9451399469474232,2024-01-04 02:25:00
0.9441231680383396,1000,0.9450672912063779,0.9431790448703012,2024-01-04 02:26:00
0.945548626550486,1000,0.9464941751770364,0.9446030779239355,2024-01-04 02:27:00
0.9430342323381965,1000,0.9439772665705346,0.9420911981058583,2024-01-04 02:28:00
0.9441493187668715,1000,0.9450934680856382,0.9432051694481046,2024-01-04 02:29:00
0.9426575874639788,1000,0.9436002450514427,0.9417149298765148,2024-01-04 02:30:00
0.9427240524540876,1000,0.9436667765065416,0.9417813284016335,2024-01-04 02:31:00
0.9427360199884748,1000,0.9436787560084632,0.9417932839684863,2024-01-04 02:32:00
0.9433107615321424,1000,0.9442540722936745,0.9423674507706103,2024-01-04 02:33:00
0.9443458613272634,1000,0.9452902071885906,0.9434015154659361,2024-01-04 02:34:00
0.9419594486986442,1000,0.9429014081473428,0.9410174892499455,2024-01-04 02:35:00
0.9436253376613827,1000,0.9445689629990439,0.9426817123237213,2024-01-04 02:36:00
0.9474618868341295,1000,0.9484093487209635,0.9465144249472953,2024-01-04 02:37:00
0.9473967698005086,1000,0.948344166570309,0.9464493730307081,2024-01-04 02:38:00
0.9473925940274064,1000,0.9483399866214337,0.946445201433379,2024-01-04 02:39:00
0.9466443515487435,1000,0.9475909959002922,0.9456977071971947,2024-01-04 02:40:00
0.9491422985163739,1000,0.9500914408148902,0.9481931562178575,2024-01-04 02:41:00
0.9488812843092366,1000,0.9498301655935457,0.9479324030249273,2024-01-04 02:42:00
0.9469717091725467,1000,0.9479186808817192,0.9460247374633741,2024-01-04 02:43:00
0.9473455775873203,1000,0.9482929231649075,0.9463982320097329,2024-01-04 02:44:00
0.9475528190554249,1000,0.9485003718744802,0.9466052662363694,2024-01-04 02:45:00
0.9476191145523326,1000,0.9485667336668848,0.9466714954377803,2024-01-04 02:46:00
0.9451310444822999,1000,0.9460761755267821,0.9441859134378175,2024-01-04 02:47:00
0.9473323308802291,1000,0.9482796632111092,0.9463849985493489,2024-01-04 02:48:00
0.9474988780780431,1000,0.9484463769561211,0.9465513791999651,2024-01-04 02:49:00
0.9434649673887038,1000,0.9444084323560924,0.942521502421315,2024-01-04 02:50:00
0.9443335576243492,1000,0.9452778911819735,0.9433892240667249,2024-01-04 02:51:00
0.9464305324419032,1000,0.947376962974345,0.9454841019094613,2024-01-04 02:52:00
0.9464119355012216,1000,0.9473583474367228,0.9454655235657203,2024-01-04 02:53:00
0.9439608769714579,1000,0.9449048378484293,0.9430169160944865,2024-01-04 02:54:00
0.9444752579388308,1000,0.9454197331967695,0.943530782680892,2024-01-04 02:55:00
0.9459782250525961,1000,0.9469242032776486,0.9450322468275435,2024-01-04 02:56:00
0.9484699428639946,1000,0.9494184128068585,0.9475214729211305,2024-01-04 02:57:00
0.9466164827239238,1000,0.9475630992066477,0.9456698662412,2024-01-04 02:58:00
0.9473216461320686,1000,0.9482689677782006,0.9463743244859365,2024-01-04 02:59:00
0.9469999319099149,1000,0.9479469318418248,0.946052931978005,2024-01-04 03:00:00
0.9468332474463237,1000,0.94778008069377,0.9458864141988773,2024-01-04 03:01:00
0.9500495045778293,1000,0.9509995540824071,0.9490994550732516,2024-01-04 03:02:00
0.9519593673202127,1000,0.9529113266875328,0.9510074079528925,2024-01-04 03:03:00
0.9526851743804647,1000,0.9536378595548451,0.9517324892060842,2024-01-04 03:04:00
0.9542463997844081,1000,0.9552006461841923,0.9532921533846237,2024-01-04 03:05:00
0.9518846859731479,1000,0.952836570659121,0.9509328012871747,2024-01-04 03:06:00
0.9518520858486512,1000,0.9528039379344998,0.9509002337628025,2024-01-04 03:07:00
0.9519957208559987,1000,0.9529477165768546,0.9510437251351427,2024-01-04 03:08:00
0.9545836581969462,1000,0.9555382418551431,0.9536290745387493,2024-01-04 03:09:00
0.9517710310199561,1000,0.9527228020509759,0.9508192599889361,2024-01-04 03:10:00
0.9537801604897036,1000,0.9547339406501932,0.9528263803292139,2024-01-04 03:11:00
0.954571134104543,1000,0.9555257052386474,0.9536165629704384,2024-01-04 03:12:00
0.9531872760655227,1000,0.9541404633415881,0.9522340887894571,2024-01-04 03:13:00
0.9521039628565678,1000,0.9530560668194243,0.9511518588937112,2024-01-04 03:14:00
0.9515705731999469,1000,0.9525221437731467,0.9506190026267469,2024-01-04 03:15:00
0.9540472346608629,1000,0.9550012818955237,0.9530931874262021,2024-01-04 03:16:00
0.9549515231354977,1000,0.9559064746586331,0.9539965716123622,2024-01-04 03:17:00
0.9552107592147947,1000,0.9561659699740094,0.9542555484555799,2024-01-04 03:18:00
0.9573632076727441,1000,0.9583205708804167,0.9564058444650714,2024-01-04 03:19:00
0.9576089464697711,1000,0.9585665554162408,0.9566513375233013,2024-01-04 03:20:00
0.9561979519296965,1000,0.9571541498816261,0.9552417539777668,2024-01-04 03:21:00
0.9560850428993655,1000,0.9570411279422647,0.9551289578564661,2024-01-04 03:22:00
0.9583346159588589,1000,0.9592929505748177,0.9573762813429001,2024-01-04 03:23:00
0.9590285017374146,1000,0.959987530239152,0.9580694732356771,2024-01-04 03:24:00
0.9587707009799412,1000,0.959729471680921,0.9578119302789613,2024-01-04 03:25:00
0.958629742777945,1000,0.9595883725207228,0.957671113035167,2024-01-04 03:26:00
0.9555771784855293,1000,0.9565327556640146,0.9546216013070438,2024-01-04 03:27:00
0.9549406947184289,1000,0.9558956354131473,0.9539857540237104,2024-01-04 03:28:00
0.9549813280020474,1000,0.9559363093300494,0.9540263466740453,2024-01-04 03:29:00
0.953192332607751,1000,0.9541455249403586,0.9522391402751433,2024-01-04 03:30:00
0.9552876540366452,1000,0.9562429416906817,0.9543323663826085,2024-01-04 03:31:00
0.9554384726716639,1000,0.9563939111443355,0.9544830341989923,2024-01-04 03:32:00
0.953354080821993,1000,0.9543074349028149,0.952400726741171,2024-01-04 03:33:00
0.9517623684670061,1000,0.9527141308354731,0.9508106060985391,2024-01-04 03:34:00
0.9533597801618119,1000,0.9543131399419736,0.95240642038165,2024-01-04 03:35:00
0.9536157050864579,1000,0.9545693207915442,0.9526620893813714,2024-01-04 03:36:00
0.9538787097074624,1000,0.9548325884171697,0.9529248309977549,2024-01-04 03:37:00
0.9539631200560902,1000,0.9549170831761462,0.953009156936034,2024-01-04 03:38:00
0.9594933161627415,1000,0.9604528094789041,0.9585338228465787,2024-01-04 03:39:00
0.9585407489149086,1000,0.9594992896638234,0.9575822081659937,2024-01-04 03:40:00
0.9583167080300392,1000,0.9592750247380691,0.9573583913220092,2024-01-04 03:41:00
0.9633384320325032,1000,0.9643017704645357,0.9623750936004707,2024-01-04 03:42:00
0.9607686244694624,1000,0.9617293930939318,0.959807855844993,2024-01-04 03:43:00
0.9628312891535908,1000,0.9637941204427444,0.9618684578644372,2024-01-04 03:44:00
0.9620341741325775,1000,0.96299620830671,0.961072139958445,2024-01-04 03:45:00
0.9621485173024994,1000,0.9631106658198018,0.9611863687851969,2024-01-04 03:46:00
0.9639105569904876,1000,0.964874467547478,0.962946646433497,2024-01-04 03:47:00
0.9617873304827094,1000,0.962749117813192,0.9608255431522267,2024-01-04 03:48:00
0.9577484117820263,1000,0.9587061601938082,0.9567906633702443,2024-01-04 03:49:00
0.9584111530832874,1000,0.9593695642363705,0.9574527419302041,2024-01-04 03:50:00
0.9532218656193046,1000,0.9541750874849237,0.9522686437536853,2024-01-04 03:51:00
0.9495768154083837,1000,0.950526392223792,0.9486272385929753,2024-01-04 03:52:00
0.9504882039948795,1000,0.9514386921988743,0.9495377157908846,2024-01-04 03:53:00
0.9502867846908288,1000,0.9512370714755196,0.949336497906138,2024-01-04 03:54:00
0.9504958252445233,1000,0.9514463210697677,0.9495453294192787,2024-01-04 03:55:00
0.9509227624581988,1000,0.951873685220657,0.9499718396957406,2024-01-04 03:56:00
0.9507526767076667,1000,0.9517034293843742,0.9498019240309591,2024-01-04 03:57:00
0.9498230746607172,1000,0.9507728977353779,0.9488732515860565,2024-01-04 03:58:00
0.9485431817057226,1000,0.9494917248874282,0.9475946385240169,2024-01-04 03:59:00
0.946583445828894,1000,0.9475300292747227,0.9456368623830651,2024-01-04 04:00:00
0.9479370910146863,1000,0.9488850281057009,0.9469891539236716,2024-01-04 04:01:00
0.9477603689426368,1000,0.9487081293115793,0.9468126085736942,2024-01-04 04:02:00
0.9483426602784101,1000,0.9492910029386884,0.9473943176181316,2024-01-04 04:03:00
0.9491959509437397,1000,0.9501451468946833,0.9482467549927959,2024-01-04 04:04:00
0.9475169954483632,1000,0.9484645124438115,0.9465694784529148,2024-01-04 04:05:00
0.9490661666666763,1000,0.9500152328333429,0.9481171005000096,2024-01-04 04:06:00
0.94728685700404,1000,0.948234143861044,0.946339570147036,2024-01-04 04:07:00
0.9453465144554507,1000,0.946291860969906,0.9444011679409953,2024-01-04 04:08:00
0.9426357622946536,1000,0.9435783980569482,0.9416931265323589,2024-01-04 04:09:00
0.9414633642893985,1000,0.9424048276536877,0.9405219009251091,2024-01-04 04:10:00
0.9426467404690766,1000,0.9435893872095455,0.9417040937286075,2024-01-04 04:11:00
0.9382166724372113,1000,0.9391548891096484,0.9372784557647741,2024-01-04 04:12:00
0.9385735896249272,1000,0.939512163214552,0.9376350160353023,2024-01-04 04:13:00
0.9361888869914691,1000,0.9371250758784604,0.9352526981044776,2024-01-04 04:14:00
0.9325251273170021,1000,0.933457652444319,0.9315926021896851,2024-01-04 04:15:00
0.9306199559359276,1000,0.9315505758918634,0.9296893359799917,2024-01-04 04:16:00
0.9315833286131199,1000,0.9325149119417329,0.9306517452845068,2024-01-04 04:17:00
0.9315483667449291,1000,0.9324799151116739,0.9306168183781842,2024-01-04 04:18:00
0.9327369803647219,1000,0.9336697173450865,0.9318042433843572,2024-01-04 04:19:00
0.9322145071209252,1000,0.933146721628046,0.9312822926138044,2024-01-04 04:20:00
0.9333716494728305,1000,0.9343050211223032,0.9324382778233576,2024-01-04 04:21:00
0.9346114275744398,1000,0.9355460390020142,0.9336768161468654,2024-01-04 04:22:00
0.9307351321997351,1000,0.9316658673319348,0.9298043970675354,2024-01-04 04:23:00
0.9319647747515986,1000,0.9328967395263501,0.931032809976847,2024-01-04 04:24:00
0.9306018246735268,1000,0.9315324264982002,0.9296712228488533,2024-01-04 04:25:00
0.9322737215326565,1000,0.9332059952541891,0.9313414478111238,2024-01-04 04:26:00
0.9319040433924166,1000,0.9328359474358089,0.9309721393490242,2024-01-04 04:27:00
0.9339772601056802,1000,0.9349112373657857,0.9330432828455745,2024-01-04 04:28:00
0.9319239119074096,1000,0.932855835819317,0.9309919879955022,2024-01-04 04:29:00
0.9321918184121752,1000,0.9331240102305873,0.931259626593763,2024-01-04 04:30:00
0.9291085787992636,1000,0.9300376873780627,0.9281794702204643,2024-01-04 04:31:00
0.9275930621784831,1000,0.9285206552406615,0.9266654691163047,2024-01-04 04:32:00
0.928262069627679,1000,0.9291903316973066,0.9273338075580513,2024-01-04 04:33:00
0.9281034454217474,1000,0.929031548867169,0.9271753419763257,2024-01-04 04:34:00
0.9275539248651374,1000,0.9284814787900024,0.9266263709402723,2024-01-04 04:35:00
0.9278471616921504,1000,0.9287750088538425,0.9269193145304583,2024-01-04 04:36:00
0.9294345086413659,1000,0.9303639431500071,0.9285050741327245,2024-01-04 04:37:00
0.9310887236049855,1000,0.9320198123285904,0.9301576348813805,2024-01-04 04:38:00
0.9307095567653039,1000,0.9316402663220691,0.9297788472085385,2024-01-04 04:39:00
0.93030532242141,1000,0.9312356277438313,0.9293750170989885,2024-01-04 04:40:00
0.9301386828881747,1000,0.9310688215710627,0.9292085442052865,2024-01-04 04:41:00
0.9319816081840003,1000,0.9329135897921842,0.9310496265758164,2024-01-04 04:42:00
0.9300860667745561,1000,0.9310161528413305,0.9291559807077815,2024-01-04 04:43:00
0.928556257356272,1000,0.9294848136136282,0.9276277010989157,2024-01-04 04:44:00
0.929768992806541,1000,0.9306987617993474,0.9288392238137345,2024-01-04 04:45:00
0.9294156237017318,1000,0.9303450393254334,0.9284862080780301,2024-01-04 04:46:00
0.9310069735165922,1000,0.9319379804901087,0.9300759665430757,2024-01-04 04:47:00
0.9327814827838059,1000,0.9337142642665897,0.931848701301022,2024-01-04 04:48:00
0.931714993673677,1000,0.9326467086673507,0.9307832786800033,2024-01-04 04:49:00
0.927618856047702,1000,0.9285464749037496,0.9266912371916542,2024-01-04 04:50:00
0.9260926549732534,1000,0.9270187476282266,0.9251665623182802,2024-01-04 04:51:00
0.9287708570732709,1000,0.9296996279303441,0.9278420862161976,2024-01-04 04:52:00
0.9339407202605813,1000,0.9348746609808417,0.9330067795403207,2024-01-04 04:53:00
0.9313402830271899,1000,0.932271623310217,0.9304089427441626,2024-01-04 04:54:00
0.9310181005867226,1000,0.9319491186873092,0.9300870824861359,2024-01-04 04:55:00
0.9301952671828542,1000,0.9311254624500369,0.9292650719156713,2024-01-04 04:56:00
0.9241437073264728,1000,0.9250678510337992,0.9232195636191463,2024-01-04 04:57:00
0.9231294960917267,1000,0.9240526255878183,0.9222063665956349,2024-01-04 04:58:00
0.9217863313884115,1000,0.9227081177197998,0.9208645450570231,2024-01-04 04:59:00
0.9230690429341261,1000,0.9239921119770601,0.9221459738911919,2024-01-04 05:00:00
0.9210763603154059,1000,0.9219974366757212,0.9201552839550905,2024-01-04 05:01:00
0.9207195123678962,1000,0.921640231880264,0.9197987928555282,2024-01-04 05:02:00
0.9222074103242238,1000,0.9231296177345479,0.9212852029138996,2024-01-04 05:03:00
0.9233988499215511,1000,0.9243222487714725,0.9224754510716295,2024-01-04 05:04:00
0.9230342170589594,1000,0.9239572512760182,0.9221111828419004,2024-01-04 05:05:00
0.9227372257103935,1000,0.9236599629361039,0.9218144884846832,2024-01-04 05:06:00
0.9215692503338898,1000,0.9224908195842236,0.9206476810835559,2024-01-04 05:07:00
0.9212607480397027,1000,0.9221820087877423,0.920339487291663,2024-01-04 05:08:00
0.9238307129472402,1000,0.9247545436601873,0.922906882234293,2024-01-04 05:09:00
0.9247204700400069,1000,0.9256451905100468,0.9237957495699669,2024-01-04 05:10:00
0.9267237523104068,1000,0.9276504760627171,0.9257970285580964,2024-01-04 05:11:00
0.9270035649351458,1000,0.9279305685000808,0.9260765613702107,2024-01-04 05:12:00
0.9259367392738442,1000,0.926862676013118,0.9250108025345704,2024-01-04 05:13:00
0.9266027706548748,1000,0.9275293734255297,0.9256761678842199,2024-01-04 05:14:00
0.925908203295047,1000,0.9268341114983419,0.9249822950917519,2024-01-04 05:15:00
0.9285577194132205,1000,0.9294862771326337,0.9276291616938073,2024-01-04 05:16:00
0.928886156313601,1000,0.9298150424699145,0.9279572701572875,2024-01-04 05:17:00
0.9289615242633157,1000,0.9298904857875789,0.9280325627390523,2024-01-04 05:18:00
0.9278243317895314,1000,0.9287521561213208,0.9268965074577419,2024-01-04 05:19:00
0.930377126962238,1000,0.9313075040892,0.9294467498352758,2024-01-04 05:20:00
0.9326068199784832,1000,0.9335394267984616,0.9316742131585046,2024-01-04 05:21:00
0.9318367405409013,1000,0.932768577281442,0.9309049038003604,2024-01-04 05:22:00
0.931951768893982,1000,0.9328837206628758,0.9310198171250881,2024-01-04 05:23:00
0.9299825045963166,1000,0.9309124871009128,0.9290525220917203,2024-01-04 05:24:00
0.9276939441450167,1000,0.9286216380891616,0.9267662502008717,2024-01-04 05:25:00
0.9259041668442256,1000,0.9268300710110697,0.9249782626773814,2024-01-04 05:26:00
0.9283862941985505,1000,0.9293146804927489,0.9274579079043519,2024-01-04 05:27:00
0.9256072276218986,1000,0.9265328348495204,0.9246816203942767,2024-01-04 05:28:00
0.9232139724740556,1000,0.9241371864465295,0.9222907585015815,2024-01-04 05:29:00
0.9220292940232104,1000,0.9229513233172335,0.9211072647291872,2024-01-04 05:30:00
0.9212914352432329,1000,0.922212726678476,0.9203701438079896,2024-01-04 05:31:00
0.9190429137484408,1000,0.9199619566621892,0.9181238708346924,2024-01-04 05:32:00
0.9175719540220251,1000,0.918489525976047,0.9166543820680031,2024-01-04 05:33:00
0.9180812120325876,1000,0.9189992932446202,0.917163130820555,2024-01-04 05:34:00
0.9194182030848788,1000,0.9203376212879636,0.9184987848817939,2024-01-04 05:35:00
0.9200190605111083,1000,0.9209390795716192,0.9190990414505972,2024-01-04 05:36:00
0.9185061338681809,1000,0.919424640002049,0.9175876277343127,2024-01-04 05:37:00
0.9189279482718473,1000,0.9198468762201191,0.9180090203235755,2024-01-04 05:38:00
0.9177953661885769,1000,0.9187131615547655,0.9168775708223884,2024-01-04 05:39:00
0.9174630180312127,1000,0.9183804810492437,0.9165455550131815,2024-01-04 05:40:00
0.9173047106120835,1000,0.9182220153226955,0.9163874059014714,2024-01-04 05:41:00
0.9165606320070685,1000,0.9174771926390755,0.9156440713750614,2024-01-04 05:42:00
0.9160080595726287,1000,0.9169240676322011,0.9150920515130561,2024-01-04 05:43:00
0.9155923667186188,1000,0.9165079590853373,0.9146767743519002,2024-01-04 05:44:00
0.9140262578824515,1000,0.9149402841403339,0.913112231624569,2024-01-04 05:45:00
0.9119944680782874,1000,0.9129064625463656,0.9110824736102091,2024-01-04 05:46:00
0.9103985375841404,1000,0.9113089361217244,0.9094881390465562,2024-01-04 05:47:00
0.9091809164936829,1000,0.9100900974101765,0.9082717355771892,2024-01-04 05:48:00
0.9091734424984524,1000,0.9100826159409507,0.908264269055954,2024-01-04 05:49:00
0.90888119335816,1000,0.9097900745515181,0.9079723121648018,2024-01-04 05:50:00
0.9117057449063384,1000,0.9126174506512447,0.9107940391614321,2024-01-04 05:51:00
0.9131016237878232,1000,0.914014725411611,0.9121885221640355,2024-01-04 05:52:00
0.9104487553781264,1000,0.9113592041335045,0.9095383066227483,2024-01-04 05:53:00
0.9126845170837102,1000,0.9135972016007938,0.9117718325666265,2024-01-04 05:54:00
0.9119473365743146,1000,0.9128592839108888,0.9110353892377403,2024-01-04 05:55:00
0.9126040509396425,1000,0.913516654990582,0.9116914468887028,2024-01-04 05:56:00
0.91228256081009,1000,0.9131948433709,0.9113702782492799,2024-01-04 05:57:00
0.9104820518380686,1000,0.9113925338899066,0.9095715697862305,2024-01-04 05:58:00
0.9095272387567649,1000,0.9104367659955216,0.9086177115180081,2024-01-04 05:59:00
0.9052420812380328,1000,0.9061473233192707,0.9043368391567949,2024-01-04 06:00:00
0.9027164702581354,1000,0.9036191867283935,0.9018137537878772,2024-01-04 06:01:00
0.9029263539857953,1000,0.903829280339781,0.9020234276318095,2024-01-04 06:02:00
0.9028081572554948,1000,0.9037109654127502,0.9019053490982393,2024-01-04 06:03:00
0.9030007901866669,1000,0.9039037909768535,0.9020977893964802,2024-01-04 06:04:00
0.9027023625137732,1000,0.9036050648762869,0.9017996601512595,2024-01-04 06:05:00
0.9013928041493807,1000,0.90229419695353,0.9004914113452314,2024-01-04 06:06:00
0.9015728893980246,1000,0.9024744622874226,0.9006713165086265,2024-01-04 06:07:00
0.9037732507417885,1000,0.9046770239925301,0.9028694774910467,2024-01-04 06:08:00
0.9012496928083551,1000,0.9021509425011633,0.9003484431155467,2024-01-04 06:09:00
0.8987029130007904,1000,0.8996016159137911,0.8978042100877897,2024-01-04 06:10:00
0.8981159436069779,1000,0.8990140595505848,0.8972178276633709,2024-01-04 06:11:00
0.897508977986107,1000,0.898406486964093,0.8966114690081208,2024-01-04 06:12:00
0.9024936735916221,1000,0.9033961672652137,0.9015911799180305,2024-01-04 06:13:00
0.9065475618088895,1000,0.9074541093706983,0.9056410142470807,2024-01-04 06:14:00
0.905603345936324,1000,0.9065089492822602,0.9046977425903876,2024-01-04 06:15:00
0.9038860815715184,1000,0.9047899676530898,0.9029821954899468,2024-01-04 06:16:00
0.8990773682284434,1000,0.8999764455966718,0.898178290860215,2024-01-04 06:17:00
0.8997833001642184,1000,0.9006830834643825,0.8988835168640541,2024-01-04 06:18:00
0.9012618835237792,1000,0.9021631454073029,0.9003606216402554,2024-01-04 06:19:00
0.9028167466128676,1000,0.9037195633594803,0.9019139298662547,2024-01-04 06:20:00
0.9042130480296009,1000,0.9051172610776304,0.9033088349815713,2024-01-04 06:21:00
0.9027545419104259,1000,0.9036572964523363,0.9018517873685155,2024-01-04 06:22:00
0.9016702847961922,1000,0.9025719550809882,0.900768614511396,2024-01-04 06:23:00
0.9036262354647893,1000,0.904529861700254,0.9027226092293245,2024-01-04 06:24:00
0.9002756004972513,1000,0.9011758760977484,0.8993753248967541,2024-01-04 06:25:00
0.9004170864602578,1000,0.9013175035467179,0.8995166693737975,2024-01-04 06:26:00
0.8959844177704314,1000,0.8968804021882016,0.895088433352661,2024-01-04 06:27:00
0.89365209972899,1000,0.8945457518287189,0.8927584476292609,2024-01-04 06:28:00
0.8968646021136231,1000,0.8977614667157366,0.8959677375115095,2024-01-04 06:29:00
0.8949087600220599,1000,0.8958036687820818,0.8940138512620378,2024-01-04 06:30:00
0.8922234349432291,1000,0.8931156583781722,0.8913312115082859,2024-01-04 06:31:00
0.8925562851568978,1000,0.8934488414420546,0.8916637288717408,2024-01-04 06:32:00
0.8926823663394985,1000,0.8935750487058379,0.8917896839731589,2024-01-04 06:33:00
0.8927210664591196,1000,0.8936137875255786,0.8918283453926605,2024-01-04 06:34:00
0.8907204594094499,1000,0.8916111798688592,0.8898297389500405,2024-01-04 06:35:00
0.8897303977515032,1000,0.8906201281492546,0.8888406673537517,2024-01-04 06:36:00
0.8896398292630293,1000,0.8905294690922922,0.8887501894337663,2024-01-04 06:37:00
0.8901362488220823,1000,0.8910263850709043,0.8892461125732603,2024-01-04 06:38:00
0.8902788370387841,1000,0.8911691158758228,0.8893885582017453,2024-01-04 06:39:00
0.8909173723310697,1000,0.8918082897034006,0.8900264549587387,2024-01-04 06:40:00
0.8875776275036067,1000,0.8884652051311102,0.8866900498761031,2024-01-04 06:41:00
0.8891458340507931,1000,0.8900349798848437,0.8882566882167423,2024-01-04 06:42:00
0.8920307235422444,1000,0.8929227542657866,0.8911386928187022,2024-01-04 06:43:00
0.8901027394341997,1000,0.8909928421736338,0.8892126366947655,2024-01-04 06:44:00
0.891256421214353,1000,0.8921476776355672,0.8903651647931387,2024-01-04 06:45:00
0.8923049986453513,1000,0.8931973036439965,0.891412693646706,2024-01-04 06:46:00
0.8924665876799998,1000,0.8933590542676797,0.8915741210923197,2024-01-04 06:47:00
0.8939507571262642,1000,0.8948447078833903,0.8930568063691379,2024-01-04 06:48:00
0.8919593668141238,1000,0.8928513261809379,0.8910674074473097,2024-01-04 06:49:00
0.8921991395890039,1000,0.8930913387285928,0.8913069404494148,2024-01-04 06:50:00
0.893886656255905,1000,0.8947805429121608,0.8929927695996491,2024-01-04 06:51:00
0.8949499320556425,1000,0.8958448819876981,0.8940549821235869,2024-01-04 06:52:00
0.8965097337726652,1000,0.8974062435064377,0.8956132240388925,2024-01-04 06:53:00
0.895462535444035,1000,0.8963579979794789,0.8945670729085909,2024-01-04 06:54:00
0.8977283383327587,1000,0.8986260666710914,0.8968306099944259,2024-01-04 06:55:00
0.8966332759008611,1000,0.8975299091767618,0.8957366426249602,2024-01-04 06:56:00
0.8948196323031476,1000,0.8957144519354507,0.8939248126708444,2024-01-04 06:57:00
0.8968078099923509,1000,0.8977046178023431,0.8959110021823585,2024-01-04 06:58:00
0.8967470876622193,1000,0.8976438347498814,0.8958503405745571,2024-01-04 06:59:00
0.8987536506767355,1000,0.8996524043274121,0.8978548970260588,2024-01-04 07:00:00
0.8991322619464902,1000,0.9000313942084366,0.8982331296845437,2024-01-04 07:01:00
0.9000356902371253,1000,0.9009357259273623,0.8991356545468882,2024-01-04 07:02:00
0.901810001618564,1000,0.9027118116201824,0.9009081916169454,2024-01-04 07:03:00
0.9042800800977255,1000,0.9051843601778231,0.9033758000176279,2024-01-04 07:04:00
0.9030190798980327,1000,0.9039220989779306,0.9021160608181347,2024-01-04 07:05:00
0.9039967231119984,1000,0.9049007198351103,0.9030927263888864,2024-01-04 07:06:00
0.9071385295215888,1000,0.9080456680511103,0.9062313909920672,2024-01-04 07:07:00
0.9074026954712955,1000,0.9083100981667667,0.9064952927758242,2024-01-04 07:08:00
0.9087666411846221,1000,0.9096754078258067,0.9078578745434375,2024-01-04 07:09:00
0.9048731873584209,1000,0.9057780605457793,0.9039683141710625,2024-01-04 07:10:00
0.8992149808436967,1000,0.9001141958245402,0.898315765862853,2024-01-04 07:11:00
0.8965216475138738,1000,0.8974181691613875,0.8956251258663599,2024-01-04 07:12:00
0.8977520636643864,1000,0.8986498157280507,0.896854311600722,2024-01-04 07:13:00
0.8964978478276053,1000,0.8973943456754329,0.8956013499797777,2024-01-04 07:14:00
0.9008790383420192,1000,0.9017799173803611,0.8999781593036772,2024-01-04 07:15:00
0.9000925091494291,1000,0.9009926016585784,0.8991924166402796,2024-01-04 07:16:00
0.899489916112489,1000,0.9003894060286014,0.8985904261963765,2024-01-04 07:17:00
0.8982017426689758,1000,0.8990999444116446,0.8973035409263068,2024-01-04 07:18:00
0.8981221532647622,1000,0.8990202754180269,0.8972240311114974,2024-01-04 07:19:00
0.8986874560665465,1000,0.899586143522613,0.89778876861048,2024-01-04 07:20:00
0.9004244409625407,1000,0.9013248654035031,0.8995240165215782,2024-01-04 07:21:00
0.8979061289557095,1000,0.8988040350846651,0.8970082228267539,2024-01-04 07:22:00
0.8985706563994573,1000,0.8994692270558566,0.8976720857430579,2024-01-04 07:23:00
0.9002436044736749,1000,0.9011438480781485,0.8993433608692012,2024-01-04 07:24:00
0.900517432754436,1000,0.9014179501871903,0.8996169153216815,2024-01-04 07:25:00
0.9029516360497355,1000,0.9038545876857851,0.9020486844136858,2024-01-04 07:26:00
0.9019317919285282,1000,0.9028337237204567,0.9010298601365997,2024-01-04 07:27:00
0.8992008796226403,1000,0.9001000805022629,0.8983016787430177,2024-01-04 07:28:00
0.900346567926913,1000,0.9012469144948398,0.8994462213589861,2024-01-04 07:29:00
0.8990128486736844,1000,0.8999118615223579,0.8981138358250107,2024-01-04 07:30:00
0.9001565403739028,1000,0.9010566969142766,0.8992563838335289,2024-01-04 07:31:00
0.899438148469224,1000,0.9003375866176931,0.8985387103207547,2024-01-04 07:32:00
0.9003750978123383,1000,0.9012754729101505,0.8994747227145259,2024-01-04 07:33:00
0.8991264039380824,1000,0.9000255303420204,0.8982272775341443,2024-01-04 07:34:00
0.8982994637800058,1000,0.8991977632437858,0.8974011643162257,2024-01-04 07:35:00
0.8983839796095561,1000,0.8992823635891656,0.8974855956299466,2024-01-04 07:36:00
0.899143791698823,1000,0.9000429354905217,0.8982446479071241,2024-01-04 07:37:00
0.8986926847121399,1000,0.8995913773968519,0.8977939920274278,2024-01-04 07:38:00
0.8998235954104349,1000,0.9007234190058452,0.8989237718150245,2024-01-04 07:39:00
0.9011840480309704,1000,0.9020852320790013,0.9002828639829394,2024-01-04 07:40:00
0.8998946487495202,1000,0.9007945433982696,0.8989947541007707,2024-01-04 07:41:00
0.9012953262038244,1000,0.9021966215300281,0.9003940308776205,2024-01-04 07:42:00
0.900982328712429,1000,0.9018833110411414,0.9000813463837166,2024-01-04 07:43:00
0.9026373051393994,1000,0.9035399424445387,0.90173466783426,2024-01-04 07:44:00
0.9023869804931147,1000,0.9032893674736078,0.9014845935126216,2024-01-04 07:45:00
0.9027620862255236,1000,0.903664848311749,0.901859324139298,2024-01-04 07:46:00
0.9032457966533376,1000,0.9041490424499908,0.9023425508566842,2024-01-04 07:47:00
0.9049287278450227,1000,0.9058336565728676,0.9040237991171777,2024-01-04 07:48:00
0.902313249824987,1000,0.9032155630748119,0.9014109365751619,2024-01-04 07:49:00
0.9078065578073974,1000,0.9087143643652047,0.90689875124959,2024-01-04 07:50:00
0.907150294854169,1000,0.9080574451490231,0.9062431445593148,2024-01-04 07:51:00
0.909246245254322,1000,0.9101554914995762,0.9083369990090676,2024-01-04 07:52:00
0.911737437812476,1000,0.9126491752502883,0.9108257003746635,2024-01-04 07:53:00
0.9123426672414037,1000,0.9132550099086449,0.9114303245741623,2024-01-04 07:54:00
0.9119905375012213,1000,0.9129025280387224,0.91107854696372,2024-01-04 07:55:00
0.911184868820334,1000,0.9120960536891543,0.9102736839515136,2024-01-04 07:56:00
0.9128563794344446,1000,0.913769235813879,0.9119435230550103,2024-01-04 07:57:00
0.9114740493584171,1000,0.9123855234077755,0.9105625753090587,2024-01-04 07:58:00
0.9132988004423034,1000,0.9142120992427456,0.912385501641861,2024-01-04 07:59:00
0.9117077425085754,1000,0.9126194502510839,0.9107960347660669,2024-01-04 08:00:00
0.9100521390872235,1000,0.9109621912263106,0.9091420869481363,2024-01-04 08:01:00
0.9077636147631777,1000,0.9086713783779408,0.9068558511484145,2024-01-04 08:02:00
0.9079952287939083,1000,0.9089032240227021,0.9070872335651143,2024-01-04 08:03:00
0.9092645250609432,1000,0.910173789586004,0.9083552605358823,2024-01-04 08:04:00
0.9040208433788103,1000,0.904924864222189,0.9031168225354315,2024-01-04 08:05:00
0.9019016454573007,1000,0.9028035471027579,0.9009997438118433,2024-01-04 08:06:00
0.9016207237942141,1000,0.9025223445180082,0.9007191030704199,2024-01-04 08:07:00
0.9017073199252924,1000,0.9026090272452176,0.9008056126053671,2024-01-04 08:08:00
0.9026954924997485,1000,0.9035981879922481,0.9017927970072487,2024-01-04 08:09:00
0.9020151019235907,1000,0.9029171170255141,0.9011130868216671,2024-01-04 08:10:00
0.9007921921925842,1000,0.9016929843847767,0.8998914000003916,2024-01-04 08:11:00
0.9017007914482281,1000,0.9026024922396763,0.9007990906567799,2024-01-04 08:12:00
0.9019144134120506,1000,0.9028163278254625,0.9010124989986386,2024-01-04 08:13:00
0.9037339541209943,1000,0.9046376880751152,0.9028302201668733,2024-01-04 08:14:00
0.9014640387015966,1000,0.9023655027402981,0.900562574662895,2024-01-04 08:15:00
0.9006000669371943,1000,0.9015006670041313,0.8996994668702571,2024-01-04 08:16:00
0.8989444630659762,1000,0.8998434075290421,0.8980455186029103,2024-01-04 08:17:00
0.8994267607087918,1000,0.9003261874695004,0.898527333948083,2024-01-04 08:18:00
0.8985859339766595,1000,0.899484519910636,0.8976873480426829,2024-01-04 08:19:00
0.8983813409670224,1000,0.8992797223079892,0.8974829596260554,2024-01-04 08:20:00
0.8988608937316417,1000,0.8997597546253733,0.8979620328379101,2024-01-04 08:21:00
0.8972584935337996,1000,0.8981557520273333,0.8963612350402658,2024-01-04 08:22:00
0.8964720280799318,1000,0.8973685001080116,0.8955755560518518,2024-01-04 08:23:00
0.9000688893306775,1000,0.9009689582200081,0.8991688204413468,2024-01-04 08:24:00
0.9002120089960451,1000,0.9011122210050411,0.8993117969870491,2024-01-04 08:25:00
0.9004335433801809,1000,0.901333976923561,0.8995331098368007,2024-01-04 08:26:00
0.8988455254796929,1000,0.8997443710051725,0.8979466799542132,2024-01-04 08:27:00
0.8997999675930396,1000,0.9006997675606325,0.8989001676254466,2024-01-04 08:28:00
0.8963331078962082,1000,0.8972294410041044,0.8954367747883121,2024-01-04 08:29:00
0.897791942669237,1000,0.8986897346119062,0.8968941507265678,2024-01-04 08:30:00
0.8968693003854936,1000,0.897766169685879,0.8959724310851082,2024-01-04 08:31:00
0.8989405336980661,1000,0.8998394742317641,0.898041593164368,2024-01-04 08:32:00
0.8977931079731261,1000,0.8986909010810991,0.896895314865153,2024-01-04 08:33:00
0.8983460358095232,1000,0.8992443818453326,0.8974476897737137,2024-01-04 08:34:00
0.8945603550297339,1000,0.8954549153847635,0.8936657946747041,2024-01-04 08:35:00
0.8937219686942364,1000,0.8946156906629305,0.8928282467255422,2024-01-04 08:36:00
0.8950159511304253,1000,0.8959109670815556,0.8941209351792949,2024-01-04 08:37:00
0.8939921511083605,1000,0.8948861432594688,0.8930981589572521,2024-01-04 08:38:00
0.8947946615177887,1000,0.8956894561793064,0.893899866856271,2024-01-04 08:39:00
0.8948150707574197,1000,0.895709885828177,0.8939202556866623,2024-01-04 08:40:00
0.8972225195266819,1000,0.8981197420462085,0.8963252970071551,2024-01-04 08:41:00
0.8962705677668723,1000,0.8971668383346391,0.8953742971991054,2024-01-04 08:42:00
0.8947731495282898,1000,0.895667922677818,0.8938783763787616,2024-01-04 08:43:00
0.8966261909311755,1000,0.8975228171221066,0.8957295647402442,2024-01-04 08:44:00
0.8960758769436366,1000,0.8969719528205801,0.8951798010666929,2024-01-04 08:45:00
0.896506733796238,1000,0.8974032405300342,0.8956102270624418,2024-01-04 08:46:00
0.896450747451427,1000,0.8973471981988784,0.8955542967039756,2024-01-04 08:47:00
0.8984420588250671,1000,0.8993405008838921,0.8975436167662421,2024-01-04 08:48:00
0.8969841557413509,1000,0.8978811398970922,0.8960871715856096,2024-01-04 08:49:00
0.8970689089565954,1000,0.8979659778655519,0.8961718400476388,2024-01-04 08:50:00
0.8984479491855848,1000,0.8993463971347703,0.8975495012363992,2024-01-04 08:51:00
0.8968246261450107,1000,0.8977214507711556,0.8959278015188656,2024-01-04 08:52:00
0.8967911668968704,1000,0.8976879580637672,0.8958943757299735,2024-01-04 08:53:00
0.8995990836110757,1000,0.9004986826946866,0.8986994845274646,2024-01-04 08:54:00
0.9004417401401982,1000,0.9013421818803383,0.899541298400058,2024-01-04 08:55:00
0.9055871137289766,1000,0.9064927008427055,0.9046815266152476,2024-01-04 08:56:00
0.9057387668115564,1000,0.9066445055783678,0.9048330280447449,2024-01-04 08:57:00
0.9056967289660514,1000,0.9066024256950173,0.9047910322370853,2024-01-04 08:58:00
0.9037703716940705,1000,0.9046741420657645,0.9028666013223764,2024-01-04 08:59:00
0.9045919549366565,1000,0.905496546891593,0.9036873629817198,2024-01-04 09:00:00
0.9056847908194172,1000,0.9065904756102365,0.9047791060285978,2024-01-04 09:01:00
0.9058617135086632,1000,0.9067675752221718,0.9049558517951545,2024-01-04 09:02:00
0.9086704270438171,1000,0.9095790974708607,0.9077617566167733,2024-01-04 09:03:00
0.9122152426260455,1000,0.9131274578686714,0.9113030273834194,2024-01-04 09:04:00
0.9136720013140106,1000,0.9145856733153245,0.9127583293126966,2024-01-04 09:05:00
0.9134085327538293,1000,0.914321941286583,0.9124951242210755,2024-01-04 09:06:00
0.9148845730173444,1000,0.9157994575903616,0.913969688444327,2024-01-04 09:07:00
0.9134059376440279,1000,0.9143193435816718,0.9124925317063839,2024-01-04 09:08:00
0.9122861342660535,1000,0.9131984204003195,0.9113738481317875,2024-01-04 09:09:00
0.9130513983215698,1000,0.9139644497198912,0.9121383469232482,2024-01-04 09:10:00
0.9127014223620076,1000,0.9136141237843695,0.9117887209396456,2024-01-04 09:11:00
0.9129664700138856,1000,0.9138794364838995,0.9120535035438717,2024-01-04 09:12:00
0.9132229594955323,1000,0.9141361824550278,0.9123097365360368,2024-01-04 09:13:00
0.9179273675126817,1000,0.9188452948801943,0.9170094401451689,2024-01-04 09:14:00
0.9152880358140596,1000,0.9162033238498736,0.9143727477782455,2024-01-04 09:15:00
0.9134836009139972,1000,0.9143970845149111,0.9125701173130831,2024-01-04 09:16:00
0.9144662993172623,1000,0.9153807656165794,0.9135518330179451,2024-01-04 09:17:00
0.9127668362729735,1000,0.9136796031092463,0.9118540694367006,2024-01-04 09:18:00
0.9115132784433474,1000,0.9124247917217907,0.9106017651649041,2024-01-04 09:19:00
0.9157868462021925,1000,0.9167026330483946,0.9148710593559903,2024-01-04 09:20:00
0.9170823254235267,1000,0.9179994077489502,0.9161652430981032,2024-01-04 09:21:00
0.9160559947399716,1000,0.9169720507347114,0.9151399387452316,2024-01-04 09:22:00
0.9151789697752566,1000,0.9160941487450317,0.9142637908054814,2024-01-04 09:23:00
0.9141874100722253,1000,0.9151015974822974,0.913273222662153,2024-01-04 09:24:00
0.9133164397696922,1000,0.9142297562094618,0.9124031233299226,2024-01-04 09:25:00
0.9115003873290446,1000,0.9124118877163735,0.9105888869417156,2024-01-04 09:26:00
0.9081904333398488,1000,0.9090986237731886,0.9072822429065089,2024-01-04 09:27:00
0.9118758481671299,1000,0.9127877240152968,0.9109639723189628,2024-01-04 09:28:00
0.912241642156346,1000,0.9131538837985022,0.9113294005141896,2024-01-04 09:29:00
0.9117007704641814,1000,0.9126124712346455,0.9107890696937172,2024-01-04 09:30:00
0.9110075418473673,1000,0.9119185493892146,0.91009653430552,2024-01-04 09:31:00
0.9082320501983443,1000,0.9091402822485426,0.907323818148146,2024-01-04 09:32:00
0.9094598297615342,1000,0.9103692895912956,0.9085503699317726,2024-01-04 09:33:00
0.9068823113898357,1000,0.9077891937012253,0.9059754290784459,2024-01-04 09:34:00
0.9051610639178345,1000,0.9060662249817522,0.9042559028539167,2024-01-04 09:35:00
0.9061148319229874,1000,0.9070209467549103,0.9052087170910644,2024-01-04 09:36:00
0.9043698037346698,1000,0.9052741735384043,0.9034654339309351,2024-01-04 09:37:00
0.9043485583449183,1000,0.9052529069032632,0.9034442097865735,2024-01-04 09:38:00
0.90123552623935,1000,0.9021367617655892,0.9003342907131107,2024-01-04 09:39:00
0.9021782455063913,1000,0.9030804237518976,0.9012760672608848,2024-01-04 09:40:00
0.9060610476189559,1000,0.9069671086665747,0.905154986571337,2024-01-04 09:41:00
0.9066226478824864,1000,0.9075292705303688,0.9057160252346039,2024-01-04 09:42:00
0.9085064175123423,1000,0.9094149239298546,0.9075979110948299,2024-01-04 09:43:00
0.9093745877354714,1000,0.9102839623232067,0.908465213147736,2024-01-04 09:44:00
0.9064969753167306,1000,0.9074034722920472,0.9055904783414138,2024-01-04 09:45:00
0.9048356555339137,1000,0.9057404911894474,0.9039308198783798,2024-01-04 09:46:00
0.9061726767171224,1000,0.9070788493938394,0.9052665040404053,2024-01-04 09:47:00
0.9048522230795465,1000,0.905757075302626,0.9039473708564669,2024-01-04 09:48:00
0.9058768604011741,1000,0.9067827372615752,0.9049709835407729,2024-01-04 09:49:00
0.9048314036612547,1000,0.9057362350649159,0.9039265722575934,2024-01-04 09:50:00
0.9064569803666097,1000,0.9073634373469762,0.9055505233862431,2024-01-04 09:51:00
0.9084278197261508,1000,0.9093362475458768,0.9075193919064247,2024-01-04 09:52:00
0.9094370871624169,1000,0.9103465242495792,0.9085276500752545,2024-01-04 09:53:00
0.9100565705782769,1000,0.9109666271488551,0.9091465140076986,2024-01-04 09:54:00
0.9113771312062365,1000,0.9122885083374427,0.9104657540750303,2024-01-04 09:55:00
0.9115611662166518,1000,0.9124727273828684,0.9106496050504352,2024-01-04 09:56:00
0.9126461957719373,1000,0.9135588419677091,0.9117335495761654,2024-01-04 09:57:00
0.9103947649067228,1000,0.9113051596716294,0.909484370141816,2024-01-04 09:58:00
0.9105361724917072,1000,0.9114467086641987,0.9096256363192154,2024-01-04 09:59:00
0.9078762040039268,1000,0.9087840802079306,0.9069683277999229,2024-01-04 10:00:00
0.907457599370569,1000,0.9083650569699395,0.9065501417711984,2024-01-04 10:01:00
0.9093485923471494,1000,0.9102579409394964,0.9084392437548022,2024-01-04 10:02:00
0.9090953996640894,1000,0.9100044950637534,0.9081863042644253,2024-01-04 10:03:00
0.910057495470327,1000,0.9109675529657972,0.9091474379748566,2024-01-04 10:04:00
0.9082922827954787,1000,0.9092005750782741,0.9073839905126833,2024-01-04 10:05:00
0.9066538126959098,1000,0.9075604665086057,0.9057471588832139,2024-01-04 10:06:00
0.9061268292520014,1000,0.9070329560812533,0.9052207024227494,2024-01-04 10:07:00
0.903662486610927,1000,0.9045661490975377,0.9027588241243161,2024-01-04 10:08:00
0.9038409325955509,1000,0.9047447735281463,0.9029370916629553,2024-01-04 10:09:00
0.9014311810975406,1000,0.902332612278638,0.9005297499164431,2024-01-04 10:10:00
0.9042747676911506,1000,0.9051790424588416,0.9033704929234594,2024-01-04 10:11:00
0.9032936038524322,1000,0.9041968974562845,0.9023903102485797,2024-01-04 10:12:00
0.9027463221721775,1000,0.9036490684943497,0.9018435758500054,2024-01-04 10:13:00
0.9044129212204841,1000,0.9053173341417045,0.9035085082992637,2024-01-04 10:14:00
0.9065008426849486,1000,0.9074073435276334,0.9055943418422636,2024-01-04 10:15:00
0.9066827522878939,1000,0.9075894350401816,0.905776069535606,2024-01-04 10:16:00
0.9062123307923234,1000,0.9071185431231157,0.9053061184615311,2024-01-04 10:17:00
0.905325444275489,1000,0.9062307697197644,0.9044201188312135,2024-01-04 10:18:00
0.9068429507794095,1000,0.9077497937301888,0.9059361078286301,2024-01-04 10:19:00
0.9066008950668178,1000,0.9075074959618845,0.9056942941717511,2024-01-04 10:20:00
0.907350955992105,1000,0.9082583069480971,0.9064436050361129,2024-01-04 10:21:00
0.9098909486000952,1000,0.9108008395486952,0.9089810576514952,2024-01-04 10:22:00
0.9110616325900991,1000,0.9119726942226891,0.910150570957509,2024-01-04 10:23:00
0.911343690821098,1000,0.912255034511919,0.9104323471302769,2024-01-04 10:24:00
0.9111872296070322,1000,0.9120984168366392,0.9102760423774252,2024-01-04 10:25:00
0.9087298451822535,1000,0.9096385750274357,0.9078211153370713,2024-01-04 10:26:00
0.9078801328341508,1000,0.9087880129669849,0.9069722527013167,2024-01-04 10:27:00
0.9085542784430203,1000,0.9094628327214632,0.9076457241645772,2024-01-04 10:28:00
0.9101805571750882,1000,0.9110907377322631,0.9092703766179131,2024-01-04 10:29:00
0.9077388090463909,1000,0.9086465478554372,0.9068310702373445,2024-01-04 10:30:00
0.9099899833097446,1000,0.9108999732930542,0.9090799933264349,2024-01-04 10:31:00
0.9100900105320207,1000,0.9110001005425525,0.9091799205214887,2024-01-04 10:32:00
0.9112692014689624,1000,0.9121804706704313,0.9103579322674934,2024-01-04 10:33:00
0.9117118444586633,1000,0.9126235563031219,0.9108001326142046,2024-01-04 10:34:00
0.9133039132417037,1000,0.9142172171549453,0.9123906093284619,2024-01-04 10:35:00
0.9085979445858177,1000,0.9095065425304034,0.9076893466412318,2024-01-04 10:36:00
0.908759586674441,1000,0.9096683462611154,0.9078508270877665,2024-01-04 10:37:00
0.9053825703976578,1000,0.9062879529680553,0.9044771878272602,2024-01-04 10:38:00
0.9086771536855621,1000,0.9095858308392476,0.9077684765318765,2024-01-04 10:39:00
0.9111919896233622,1000,0.9121031816129855,0.9102807976337388,2024-01-04 10:40:00
0.9125571358235833,1000,0.9134696929594068,0.9116445786877597,2024-01-04 10:41:00
0.9152397320952478,1000,0.916154971827343,0.9143244923631525,2024-01-04 10:42:00
0.9152442145945411,1000,0.9161594588091355,0.9143289703799465,2024-01-04 10:43:00
0.917565681438008,1000,0.9184832471194458,0.91664811575657,2024-01-04 10:44:00
0.9193243853110805,1000,0.9202437096963915,0.9184050609257695,2024-01-04 10:45:00
0.922073753500011,1000,0.9229958272535109,0.9211516797465109,2024-01-04 10:46:00
0.9205642196837929,1000,0.9214847839034765,0.9196436554641091,2024-01-04 10:47:00
0.9206405536944746,1000,0.921561194248169,0.9197199131407802,2024-01-04 10:48:00
0.9204673130427187,1000,0.9213877803557613,0.9195468457296759,2024-01-04 10:49:00
0.9216470080363761,1000,0.9225686550444124,0.9207253610283397,2024-01-04 10:50:00
0.9236209389439035,1000,0.9245445598828473,0.9226973180049596,2024-01-04 10:51:00
0.9249016382981531,1000,0.9258265399364511,0.9239767366598549,2024-01-04 10:52:00
0.9229214012291793,1000,0.9238443226304084,0.9219984798279501,2024-01-04 10:53:00
0.9209204581064153,1000,0.9218413785645216,0.9199995376483089,2024-01-04 10:54:00
0.9213026344775459,1000,0.9222239371120233,0.9203813318430684,2024-01-04 10:55:00
0.920226003586123,1000,0.921146229589709,0.919305777582537,2024-01-04 10:56:00
0.920081430285354,1000,0.9210015117156393,0.9191613488550687,2024-01-04 10:57:00
0.9204722685865687,1000,0.9213927408551552,0.9195517963179821,2024-01-04 10:58:00
0.9205485866113821,1000,0.9214691351979933,0.9196280380247707,2024-01-04 10:59:00
0.9228358800446512,1000,0.9237587159246958,0.9219130441646066,2024-01-04 11:00:00
0.9257134921053801,1000,0.9266392055974854,0.9247877786132748,2024-01-04 11:01:00
0.9273829662255998,1000,0.9283103491918253,0.9264555832593742,2024-01-04 11:02:00
0.9237717782605335,1000,0.9246955500387939,0.9228480064822729,2024-01-04 11:03:00
0.9219534324481263,1000,0.9228753858805744,0.9210314790156782,2024-01-04 11:04:00
0.9188754416347765,1000,0.9197943170764112,0.9179565661931417,2024-01-04 11:05:00
0.9212507849803292,1000,0.9221720357653094,0.9203295341953489,2024-01-04 11:06:00
0.9232224995722956,1000,0.9241457220718678,0.9222992770727233,2024-01-04 11:07:00
0.9202931176498307,1000,0.9212134107674804,0.9193728245321808,2024-01-04 11:08:00
0.9206230420469226,1000,0.9215436650889695,0.9197024190048757,2024-01-04 11:09:00
0.9184247605184822,1000,0.9193431852790006,0.9175063357579637,2024-01-04 11:10:00
0.9186897572959105,1000,0.9196084470532063,0.9177710675386146,2024-01-04 11:11:00
0.9189393410602452,1000,0.9198582804013054,0.918020401719185,2024-01-04 11:12:00
0.9194397087682259,1000,0.9203591484769941,0.9185202690594577,2024-01-04 11:13:00
0.9208728814279263,1000,0.9217937543093542,0.9199520085464984,2024-01-04 11:14:00
0.9222277105316857,1000,0.9231499382422174,0.9213054828211541,2024-01-04 11:15:00
0.9201793148407715,1000,0.9210994941556122,0.9192591355259307,2024-01-04 11:16:00
0.9202392254455293,1000,0.9211594646709746,0.9193189862200838,2024-01-04 11:17:00
0.9207965102591712,1000,0.9217173067694303,0.919875713748912,2024-01-04 11:18:00
0.9185525440269592,1000,0.919471096570986,0.9176339914829322,2024-01-04 11:19:00
