symbol,total_return,net_expectancy,gross_expectancy,cost_avg,win_rate,mdd,trades,trades_per_day,run_id
005930,-0.6708357360011036,0.0,0.0,0.0,0.0,0.0,0,0.0,verify_turbo_v3_005930_20251214_201038
005930,-0.6708357360011036,0.0,0.0,0.0,0.0,0.0,0,0.0,verify_turbo_v3_005930_20251214_203031
005930,-0.6708357360011036,-0.0027999999999999995,0.0,0.0027999999999999995,0.0,-0.6751891095687708,738,738.0,verify_turbo_v3_005930_20251214_203149
005930,-0.6708357360011036,-0.0027999999999999995,0.0,0.0027999999999999995,0.0,-0.6751891095687708,738,738.0,verify_turbo_v3_005930_20251214_203925
005930,-0.6708357360011036,-0.0027999999999999995,0.0,0.0027999999999999995,0.0,-0.6751891095687708,738,738.0,verify_turbo_v3_005930_20251214_204116
005930,-0.6708357360011036,-0.0027999999999999995,0.0,0.0027999999999999995,0.0,-0.6751891095687708,738,738.0,verify_turbo_v3_005930_20251214_204318
005930,-0.6708357360011036,0.0,0.0027999999999999995,0.0027999999999999995,1.0,-0.6751891095687708,738,738.0,verify_turbo_v3_005930_20251214_205034
005930,-0.6708357360011036,0.0,0.0027999999999999995,0.0027999999999999995,1.0,-0.6751891095687708,738,738.0,verify_turbo_v3_005930_20251214_205245
005930,-0.6708357360011036,0.0,0.0027999999999999995,0.0027999999999999995,1.0,-0.6751891095687708,738,738.0,verify_turbo_v3_005930_20251214_205448
005930,-0.6708357360011036,0.0,0.0027999999999999995,0.0027999999999999995,1.0,-0.6751891095687708,738,738.0,verify_turbo_v3_005930_20251214_205638
005930,-0.6708357360011036,0.0,0.0027999999999999995,0.0027999999999999995,1.0,-0.6751891095687708,738,738.0,verify_turbo_v3_005930_20251214_205758
005930,-0.6708357360011036,-0.0027798912119313133,2.0108788068686064e-05,0.0027999999999999995,0.2222222222222222,-0.6751891095687708,369,369.0,verify_turbo_v3_005930_20251214_205942
005930,-0.6708357360011036,-0.0027798912119313133,2.0108788068686064e-05,0.0027999999999999995,0.2222222222222222,-0.6751891095687708,369,369.0,verify_turbo_v3_005930_20251214_210723
005930,-0.6708357360011036,-0.0027798912119313133,2.0108788068686064e-05,0.0027999999999999995,0.2222222222222222,-0.6751891095687708,369,369.0,verify_turbo_v3_005930_20251214_213628
005930,-0.6708357360011036,-0.0027798912119313133,2.0108788068686064e-05,0.0027999999999999995,0.2222222222222222,-0.6751891095687708,369,369.0,verify_turbo_v3_005930_20251214_214033
005930,-0.6708357360011036,-0.0027798912119313133,2.0108788068686064e-05,0.0027999999999999995,0.2222222222222222,-0.6751891095687708,369,369.0,verify_turbo_v3_005930_20251214_214126
005930,-0.6708357360011036,-0.0027798912119313133,2.0108788068686064e-05,0.0027999999999999995,0.2222222222222222,-0.6751891095687708,369,369.0,verify_turbo_v3_005930_20251214_214327
005930,-0.6708357360011036,-0.0027798912119313133,2.0108788068686064e-05,0.0027999999999999995,0.2222222222222222,-0.6751891095687708,369,6.962264150943396,verify_turbo_v3_005930_20251214_214549
005930,-0.6708357360011036,-0.0027798912119313133,2.0108788068686064e-05,0.0027999999999999995,0.2222222222222222,-0.6751891095687708,369,6.962264150943396,verify_turbo_v3_005930_20251214_220833
005930,-0.14356311875707317,-0.0022483885618299476,0.0005516114381700521,0.0027999999999999995,0.26229508196721313,-0.15995031835183604,61,5.545454545454546,verify_turbo_v3_005930_20251214_234336
377300,-0.9901778060170991,-0.002635620889295667,0.00016437911070433337,0.0028000000000000004,0.2537931034482759,-0.990987790520501,1450,5.846774193548387,verify_turbo_v3_377300_20251215_004325
298040,-0.9633663135287935,-0.002219836619280261,0.0005801633807197394,0.0028000000000000004,0.3081761006289308,-0.9660295529158622,1272,5.067729083665339,verify_turbo_v3_298040_20251215_004330
402340,-0.9653893434464444,-0.0023442609988128613,0.00045573900118713864,0.0028,0.29027355623100304,-0.9654099481356504,1316,5.243027888446215,verify_turbo_v3_402340_20251215_004334
047050,-0.9824184398373182,-0.0027461181569341914,5.3881843065808985e-05,0.0028000000000000004,0.26701183431952663,-0.9826019980144041,1352,5.386454183266932,verify_turbo_v3_047050_20251215_004335
307950,-0.9721056823209183,-0.002509615712161407,0.00029038428783859267,0.0027999999999999995,0.30130293159609123,-0.972327974121058,1228,4.912,verify_turbo_v3_307950_20251215_004335
005930,-0.988942180408731,-0.002710388472699522,8.96115273004781e-05,0.0028,0.2736842105263158,-0.9891104443597086,1520,6.055776892430279,verify_turbo_v3_005930_20251215_004336
003550,-0.9950441880414992,-0.0029854027369673863,-0.00018540273696738651,0.0027999999999999995,0.2522851919561243,-0.9950782517946436,1641,6.53784860557769,verify_turbo_v3_003550_20251215_004342
005490,-0.9924254084225091,-0.0029678314065642733,-0.00016783140656427293,0.0028000000000000004,0.2538825118163403,-0.9924254084225091,1481,5.900398406374502,verify_turbo_v3_005490_20251215_004344
000880,-0.978217965831309,-0.002467412201369376,0.0003325877986306244,0.0028000000000000004,0.2966292134831461,-0.9782704210518046,1335,5.36144578313253,verify_turbo_v3_000880_20251215_005241
000660,-0.9819823930822817,-0.00264719088419764,0.0001528091158023606,0.0028000000000000004,0.29708029197080293,-0.9823395314142584,1370,5.45816733067729,verify_turbo_v3_000660_20251215_005309
247540,-0.968992275126644,-0.0025967776901030656,0.00020322230989693437,0.0028,0.2541196877710321,-0.9695844721588857,1153,4.5936254980079685,verify_turbo_v3_247540_20251215_005312
000100,-0.9840589871341189,-0.0029256507246764943,-0.00012565072467649453,0.0028,0.26619273301737756,-0.9842526698819274,1266,5.043824701195219,verify_turbo_v3_000100_20251215_005317
352820,-0.9932472573732408,-0.0028005942417198915,-5.942417198919608e-07,0.0027999999999999995,0.2677359654534238,-0.9932480230827956,1621,6.45816733067729,verify_turbo_v3_352820_20251215_005318
039490,-0.9834109209750896,-0.0023926524320716375,0.0004073475679283623,0.0028,0.3028263795423957,-0.9837010190841644,1486,5.920318725099602,verify_turbo_v3_039490_20251215_005322
035420,-0.9950612567935782,-0.003133385901334367,-0.0003333859013343679,0.0027999999999999995,0.2626131953428202,-0.9950612567935782,1546,6.159362549800797,verify_turbo_v3_035420_20251215_005334
006400,-0.9836723822261116,-0.0026894382346170113,0.00011056176538298931,0.0028000000000000004,0.271513353115727,-0.9837912544727201,1348,5.370517928286852,verify_turbo_v3_006400_20251215_005340
028300,-0.9820865032730784,-0.0028977267600346036,-9.772676003460363e-05,0.0028,0.2777777777777778,-0.9821784811481209,1224,4.896,verify_turbo_v3_028300_20251215_010229
071050,-0.9826306537700207,-0.0024498504354428163,0.0003501495645571837,0.0028,0.31958762886597936,-0.9837098173228942,1455,5.796812749003984,verify_turbo_v3_071050_20251215_010251
006800,-0.9715226928629291,-0.0021621225622581314,0.0006378774377418692,0.0028000000000000004,0.2788393489030432,-0.971704878600125,1413,5.629482071713148,verify_turbo_v3_006800_20251215_010317
373220,-0.9859244723071994,-0.0028592661302039857,-5.9266130203985056e-05,0.0028000000000000004,0.2731921110299489,-0.9861458118609505,1369,5.4541832669322705,verify_turbo_v3_373220_20251215_010326
024110,-0.9920917498111385,-0.0027624122045303515,3.758779546964789e-05,0.0027999999999999995,0.27625,-0.9921291410649865,1600,6.374501992031872,verify_turbo_v3_024110_20251215_010338
005940,-0.9855107617829197,-0.002598515557547693,0.00020148444245230769,0.0028000000000000004,0.2976109215017065,-0.986390082039863,1465,5.836653386454183,verify_turbo_v3_005940_20251215_010342
196170,-0.975435418873426,-0.002578667824575511,0.00022133217542448904,0.0028,0.26024096385542167,-0.9765577592005101,1245,4.960159362549801,verify_turbo_v3_196170_20251215_010410
055550,-0.9929927520161052,-0.0028706011575916858,-7.060115759168601e-05,0.0028,0.25407779171894607,-0.9930641036165939,1594,6.350597609561753,verify_turbo_v3_055550_20251215_010428
207940,-0.9822354732442334,-0.00267378917450814,0.00012621082549186028,0.0028000000000000004,0.28335832083958024,-0.9824805745195287,1334,5.700854700854701,verify_turbo_v3_207940_20251215_011306
034220,-0.9745105366285207,-0.0024392446672067986,0.00036075533279320156,0.0028,0.26443768996960487,-0.9755977815523741,1316,5.243027888446215,verify_turbo_v3_034220_20251215_011337
278470,-0.9848568081778148,-0.0025973667735370897,0.00020263322646291073,0.0028000000000000004,0.2807272727272727,-0.9858993815269849,1375,5.47808764940239,verify_turbo_v3_278470_20251215_011346
259960,-0.9942473873572505,-0.003166460537457466,-0.000366460537457466,0.0028,0.25663716814159293,-0.9943600821314567,1469,5.852589641434263,verify_turbo_v3_259960_20251215_011355
033780,-0.9912635358140677,-0.0030830476912006737,-0.00028304769120067333,0.0028000000000000004,0.2936619718309859,-0.9912672868948172,1420,5.657370517928287,verify_turbo_v3_033780_20251215_011419
161390,-0.9887337161621377,-0.002569790680372169,0.0002302093196278308,0.0028,0.3020969855832241,-0.9891763620507786,1526,6.079681274900398,verify_turbo_v3_161390_20251215_011441
010140,-0.9756778664903365,-0.0026050354765596636,0.00019496452344033616,0.0028,0.2796208530805687,-0.9758578534862634,1266,5.043824701195219,verify_turbo_v3_010140_20251215_011501
042660,-0.9387445521144242,-0.0019853794249852803,0.0008146205750147197,0.0028,0.30498773507767785,-0.9400651616099601,1223,4.872509960159363,verify_turbo_v3_042660_20251215_011515
005935,-0.991913333234194,-0.002629761091074577,0.00017023890892542306,0.0028000000000000004,0.2815413300186451,-0.9919945772702484,1609,6.410358565737051,verify_turbo_v3_005935_20251215_012315
277810,-0.9717826161092579,-0.0023017611657992947,0.0004982388342007053,0.0028,0.26765799256505574,-0.9747288140988621,1345,5.38,verify_turbo_v3_277810_20251215_012321
087010,-0.946318002161484,-0.0018981989980791712,0.0009018010019208288,0.0028,0.3010033444816054,-0.9491804817725301,1196,4.764940239043825,verify_turbo_v3_087010_20251215_012325
017670,-0.9989230792900126,-0.0029265335912251845,-0.0001265335912251852,0.0027999999999999995,0.24520355638745905,-0.9989230792900126,2137,8.51394422310757,verify_turbo_v3_017670_20251215_012333
267250,-0.9859228107112257,-0.002645092161587573,0.00015490783841242708,0.0028000000000000004,0.2734212352532963,-0.9862018655950404,1441,5.741035856573705,verify_turbo_v3_267250_20251215_012408
0126Z0,0.2889766641613092,0.0033556664229544226,0.006155666422954422,0.0027999999999999995,0.30158730158730157,-0.17109949860724094,63,3.9375,verify_turbo_v3_0126Z0_20251215_012423
005387,-0.9743299272104894,-0.002516656224779092,0.000283343775220908,0.0028,0.30216383307573413,-0.9745705675586318,1294,5.155378486055777,verify_turbo_v3_005387_20251215_012431
000810,-0.9921793744084791,-0.002914205496105568,-0.00011420549610556812,0.0028,0.2546916890080429,-0.9924492214425049,1492,5.944223107569721,verify_turbo_v3_000810_20251215_012501
012330,-0.9924859457647692,-0.0028045682575091125,-4.568257509112274e-06,0.0028000000000000004,0.26600372902423863,-0.992595173733835,1609,6.410358565737051,verify_turbo_v3_012330_20251215_012516
042700,-0.9487729451268226,-0.0022727150737979116,0.0005272849262020884,0.0028,0.26823134953897737,-0.9495398332098913,1193,4.752988047808765,verify_turbo_v3_042700_20251215_013335
005380,-0.9949814055838634,-0.0027897227310744723,1.0277268925526755e-05,0.002799999999999999,0.26726190476190476,-0.9949983105749394,1680,6.666666666666667,verify_turbo_v3_005380_20251215_013342
021240,-0.9939717197674381,-0.0032781153817922314,-0.0004781153817922314,0.0028,0.2645861601085482,-0.9940346600482886,1474,5.872509960159363,verify_turbo_v3_021240_20251215_013409
010950,-0.9949559246706751,-0.0027926495510112556,7.3504489887434715e-06,0.002799999999999999,0.2550258472142447,-0.9949644772185645,1741,6.936254980079681,verify_turbo_v3_010950_20251215_013418
066570,-0.991046169853148,-0.0028894875951618795,-8.948759516187905e-05,0.0028000000000000004,0.256305385139741,-0.991101464216065,1467,5.844621513944223,verify_turbo_v3_066570_20251215_013453
016360,-0.9871015855624024,-0.002508075483547383,0.00029192451645261726,0.0028000000000000004,0.3037230568256042,-0.9871300690118595,1531,6.099601593625498,verify_turbo_v3_016360_20251215_013506
064350,-0.9550137943747852,-0.002165152301430686,0.000634847698569314,0.0028,0.31165741475019826,-0.956922919938506,1261,5.003968253968254,verify_turbo_v3_064350_20251215_013521
015760,-0.9880284775842623,-0.0025068582626153486,0.00029314173738465205,0.0028000000000000004,0.27278441231929607,-0.988043986857423,1591,6.313492063492063,verify_turbo_v3_015760_20251215_013611
010620,-0.9711132889813103,-0.0026406709757684334,0.00015932902423156613,0.0027999999999999995,0.3080032336297494,-0.9717236155699484,1237,5.175732217573222,verify_turbo_v3_010620_20251215_014753
267260,-0.9719222072999526,-0.0024910156655477485,0.0003089843344522519,0.0028000000000000004,0.29429657794676806,-0.9728046689971448,1315,5.239043824701195,verify_turbo_v3_267260_20251215_014809
011070,-0.9680951488751128,-0.0024218768763745904,0.00037812312362540956,0.0028,0.27887788778877887,-0.968217789904938,1212,4.828685258964144,verify_turbo_v3_011070_20251215_014824
086520,-0.9700089309376049,-0.0024896357943973227,0.0003103642056026773,0.0028,0.2532051282051282,-0.9730519036102212,1248,5.0120481927710845,verify_turbo_v3_086520_20251215_014828
241560,-0.9895499255051945,-0.0028847880887142444,-8.478808871424399e-05,0.0028000000000000004,0.24897959183673468,-0.9901668975470158,1470,5.833333333333333,verify_turbo_v3_241560_20251215_014844
329180,-0.9734364980251761,-0.002324574523487297,0.00047542547651270323,0.0028000000000000004,0.3011406844106464,-0.9734885432112691,1315,5.218253968253968,verify_turbo_v3_329180_20251215_014856
316140,-0.9925625466276684,-0.0027973771609402804,2.622839059719358e-06,0.0028,0.28132832080200504,-0.9925625466276684,1596,6.333333333333333,verify_turbo_v3_316140_20251215_014856
298380,-0.9527064055766118,-0.0022629830158145212,0.0005370169841854787,0.0028,0.27531380753138074,-0.9545225253898688,1195,4.760956175298805,verify_turbo_v3_298380_20251215_014857
030200,-0.9970957719239693,-0.002996801964733424,-0.00019680196473342458,0.0027999999999999995,0.24166211044286495,-0.9970989818673154,1829,7.257936507936508,verify_turbo_v3_030200_20251215_025158
454910,-0.9855892664523167,-0.002727863641094513,7.213635890548735e-05,0.0028000000000000004,0.23265895953757226,-0.9860847213284682,1384,5.492063492063492,verify_turbo_v3_454910_20251215_025220
214450,-0.9727179990721161,-0.0023886401529563286,0.0004113598470436718,0.0028000000000000004,0.2906178489702517,-0.9729176535440038,1311,5.244,verify_turbo_v3_214450_20251215_025227
079550,-0.9714740539503652,-0.002240716376615431,0.0005592836233845695,0.0028000000000000004,0.27560795873249816,-0.973261784491672,1357,5.428,verify_turbo_v3_079550_20251215_025229
062040,-0.9804680848069467,-0.0028753554270330136,-7.535542703301316e-05,0.0028000000000000004,0.2676056338028169,-0.9823126737333235,1278,5.091633466135458,verify_turbo_v3_062040_20251215_025231
086790,-0.9932387746010144,-0.0028472124907182217,-4.721249071822217e-05,0.0027999999999999995,0.27680798004987534,-0.9932678031530249,1604,6.365079365079365,verify_turbo_v3_086790_20251215_025236
034020,-0.9661099521459011,-0.00224612657684001,0.00055387342315999,0.0028,0.29623944742901,-0.9665894807750818,1303,5.191235059760956,verify_turbo_v3_034020_20251215_025241
214150,-0.9926910284329072,-0.002979441374067757,-0.0001794413740677577,0.0027999999999999995,0.25483655770513675,-0.9927179952344225,1499,5.948412698412699,verify_turbo_v3_214150_20251215_025245
047810,-0.9837828782276383,-0.0027697873324848384,3.0212667515162016e-05,0.0028000000000000004,0.27393225331369664,-0.9839360207227146,1358,5.388888888888889,verify_turbo_v3_047810_20251215_030316
000250,-0.9383735768915671,-0.0018596074538253173,0.0009403925461746827,0.0028,0.28347826086956524,-0.9454934770529319,1150,4.618473895582329,verify_turbo_v3_000250_20251215_030404
051900,-0.9973512033468518,-0.003035805471147254,-0.00023580547114725495,0.002799999999999999,0.22568093385214008,-0.9974012061342287,1799,7.138888888888889,verify_turbo_v3_051900_20251215_030445
001440,-0.9706932890012308,-0.00262018004064166,0.00017981995935834006,0.0028,0.2625,-0.9714585025924853,1200,4.780876494023905,verify_turbo_v3_001440_20251215_030525
012450,-0.9515228527938295,-0.002014620339613367,0.0007853796603866331,0.0028,0.3199679230152366,-0.9543361714156734,1247,4.968127490039841,verify_turbo_v3_012450_20251215_030657
017800,-0.9935623264051425,-0.0028860457581445023,-8.604575814450234e-05,0.0028,0.27560050568900124,-0.9935671518062752,1582,6.277777777777778,verify_turbo_v3_017800_20251215_030858
003490,-0.9982684225042217,-0.0029596565627798177,-0.00015965656277981872,0.002799999999999999,0.24447868515665125,-0.9982690473087329,1947,7.726190476190476,verify_turbo_v3_003490_20251215_030943
009150,-0.9717136974974132,-0.0025039458427125122,0.00029605415728748796,0.0028000000000000004,0.275626423690205,-0.9719878408876346,1317,5.268,verify_turbo_v3_009150_20251215_030957
0009K0,-0.13278784257289444,-0.005883335541224082,-0.0030833355412240825,0.0027999999999999995,0.21739130434782608,-0.2627224565809563,23,3.8333333333333335,verify_turbo_v3_0009K0_20251215_031149
082740,-0.9815875107170251,-0.002587255876665841,0.00021274412333415925,0.0028000000000000004,0.29496951219512196,-0.9817104380010901,1312,5.2063492063492065,verify_turbo_v3_082740_20251215_031739
003670,-0.9746500411979862,-0.0027966077762836715,3.3922237163285136e-06,0.0028,0.27101200686106347,-0.975457630150756,1166,4.682730923694779,verify_turbo_v3_003670_20251215_031849
326030,-0.9843451680123619,-0.0027936197068855503,6.380293114450087e-06,0.0028000000000000004,0.2819188191881919,-0.9845255771195757,1355,5.376984126984127,verify_turbo_v3_326030_20251215_031855
012450,-0.9515228527938295,-0.002014620339613367,0.0007853796603866331,0.0028,0.3199679230152366,-0.9543361714156734,1247,4.968127490039841,verify_turbo_v3_012450_20251215_031920
029780,-0.9978429600898434,-0.0029820182463704,-0.0001820182463704008,0.002799999999999999,0.2683843263553409,-0.9979241632301196,1863,7.422310756972111,verify_turbo_v3_029780_20251215_031928
097950,-0.9972136125359334,-0.0028482035622807555,-4.820356228075573e-05,0.0027999999999999995,0.259579060982191,-0.9972399188776742,1853,7.382470119521912,verify_turbo_v3_097950_20251215_031937
028050,-0.992127411549824,-0.002799834261676606,1.6573832339471413e-07,0.0028000000000000004,0.26434558349451964,-0.9921623185351814,1551,6.154761904761905,verify_turbo_v3_028050_20251215_031944
022100,-0.9870127800671332,-0.002903487747649014,-0.00010348774764901408,0.0028,0.23877245508982037,-0.9878198424750723,1336,5.344,verify_turbo_v3_022100_20251215_031947
082740,-0.9815875107170251,-0.002587255876665841,0.00021274412333415925,0.0028000000000000004,0.29496951219512196,-0.9817104380010901,1312,5.2063492063492065,verify_turbo_v3_082740_20251215_032019
097950,-0.9972136125359334,-0.0028482035622807555,-4.820356228075573e-05,0.0027999999999999995,0.259579060982191,-0.9972399188776742,1853,7.382470119521912,verify_turbo_v3_097950_20251215_032037
003670,-0.9746500411979862,-0.0027966077762836715,3.3922237163285136e-06,0.0028,0.27101200686106347,-0.975457630150756,1166,4.682730923694779,verify_turbo_v3_003670_20251215_032050
012450,-0.9515228527938295,-0.002014620339613367,0.0007853796603866331,0.0028,0.3199679230152366,-0.9543361714156734,1247,4.968127490039841,verify_turbo_v3_012450_20251215_032112
022100,-0.9870127800671332,-0.002903487747649014,-0.00010348774764901408,0.0028,0.23877245508982037,-0.9878198424750723,1336,5.344,verify_turbo_v3_022100_20251215_032122
028050,-0.992127411549824,-0.002799834261676606,1.6573832339471413e-07,0.0028000000000000004,0.26434558349451964,-0.9921623185351814,1551,6.154761904761905,verify_turbo_v3_028050_20251215_032146
326030,-0.9843451680123619,-0.0027936197068855503,6.380293114450087e-06,0.0028000000000000004,0.2819188191881919,-0.9845255771195757,1355,5.376984126984127,verify_turbo_v3_326030_20251215_032205
029780,-0.9978429600898434,-0.0029820182463704,-0.0001820182463704008,0.002799999999999999,0.2683843263553409,-0.9979241632301196,1863,7.422310756972111,verify_turbo_v3_029780_20251215_032228
064400,-0.9832342308110796,-0.0031298168351387157,-0.0003298168351387155,0.0028,0.27666666666666667,-0.9832342308110796,1200,5.769230769230769,verify_turbo_v3_064400_20251215_033217
031210,-0.9758558442908053,-0.002811670657045029,-1.1670657045029578e-05,0.0027999999999999995,0.2913907284768212,-0.9779203166970832,1208,6.494623655913978,verify_turbo_v3_031210_20251215_033636
064400,-0.9832342308110796,-0.0031298168351387157,-0.0003298168351387155,0.0028,0.27666666666666667,-0.9832342308110796,1200,5.769230769230769,verify_turbo_v3_064400_20251215_033705
035250,-0.9879488625123976,-0.0028581604136990947,-5.816041369909432e-05,0.0028000000000000004,0.2874125874125874,-0.9880333918860142,1430,5.674603174603175,verify_turbo_v3_035250_20251215_033714
272210,-0.9702641940502242,-0.0024570921616877133,0.0003429078383122867,0.0028,0.2881487219209915,-0.9738883071030249,1291,5.143426294820717,verify_turbo_v3_272210_20251215_033758
240810,-0.9854713144597257,-0.0025796431824361508,0.0002203568175638492,0.0028,0.2852326365475388,-0.9855298126039721,1483,5.884920634920635,verify_turbo_v3_240810_20251215_033834
035250,-0.9879488625123976,-0.0028581604136990947,-5.816041369909432e-05,0.0028000000000000004,0.2874125874125874,-0.9880333918860142,1430,5.674603174603175,verify_turbo_v3_035250_20251215_033906
240810,-0.9854713144597257,-0.0025796431824361508,0.0002203568175638492,0.0028,0.2852326365475388,-0.9855298126039721,1483,5.884920634920635,verify_turbo_v3_240810_20251215_033922
011200,-0.9886549830486476,-0.002790054373972657,9.945626027342948e-06,0.0028,0.2664853840924541,-0.9890227571758404,1471,5.837301587301587,verify_turbo_v3_011200_20251215_033930
036570,-0.9837143384340654,-0.0027184355686219537,8.156443137804668e-05,0.0028000000000000004,0.2911764705882353,-0.9837408685777763,1360,5.396825396825397,verify_turbo_v3_036570_20251215_033948
000270,-0.9816651167862328,-0.002753836268918104,4.616373108189652e-05,0.0028000000000000004,0.27415730337078653,-0.9818145932924721,1335,5.318725099601593,verify_turbo_v3_000270_20251215_033957
011200,-0.9886549830486476,-0.002790054373972657,9.945626027342948e-06,0.0028,0.2664853840924541,-0.9890227571758404,1471,5.837301587301587,verify_turbo_v3_011200_20251215_034015
036570,-0.9837143384340654,-0.0027184355686219537,8.156443137804668e-05,0.0028000000000000004,0.2911764705882353,-0.9837408685777763,1360,5.396825396825397,verify_turbo_v3_036570_20251215_034023
009830,-0.990066341367926,-0.0029625221847529772,-0.00016252218475297682,0.0028000000000000004,0.24982155603140613,-0.9901278237818417,1401,5.581673306772909,verify_turbo_v3_009830_20251215_034103
272210,-0.9702641940502242,-0.0024570921616877133,0.0003429078383122867,0.0028,0.2881487219209915,-0.9738883071030249,1291,5.143426294820717,verify_turbo_v3_272210_20251215_034134
000270,-0.9816651167862328,-0.002753836268918104,4.616373108189652e-05,0.0028000000000000004,0.27415730337078653,-0.9818145932924721,1335,5.318725099601593,verify_turbo_v3_000270_20251215_034238
009830,-0.990066341367926,-0.0029625221847529772,-0.00016252218475297682,0.0028000000000000004,0.24982155603140613,-0.9901278237818417,1401,5.581673306772909,verify_turbo_v3_009830_20251215_034251
323410,-0.9972010837730778,-0.0030988595109246,-0.00029885951092460043,0.0027999999999999995,0.23708381171067738,-0.9972237938542529,1742,6.995983935742972,verify_turbo_v3_323410_20251215_034332
001040,-0.9646855587243699,-0.0021987352583403685,0.0006012647416596311,0.0027999999999999995,0.3234111021721641,-0.9647448774947097,1243,4.952191235059761,verify_turbo_v3_001040_20251215_034405
000270,-0.9816651167862328,-0.002753836268918104,4.616373108189652e-05,0.0028000000000000004,0.27415730337078653,-0.9818145932924721,1335,5.318725099601593,verify_turbo_v3_000270_20251215_034750
108490,-0.9352682344761473,-0.0018322292480514044,0.0009677707519485956,0.0028,0.26126126126126126,-0.9414525708835936,1221,4.864541832669323,verify_turbo_v3_108490_20251215_034935
111770,-0.9937406289807429,-0.0028647347385938647,-6.473473859386477e-05,0.0028,0.27854454203262236,-0.9939954037878387,1594,6.350597609561753,verify_turbo_v3_111770_20251215_035009
090430,-0.9871294029082638,-0.0029461976797787517,-0.000146197679778752,0.0028,0.2851796407185629,-0.9874507528402507,1336,5.301587301587301,verify_turbo_v3_090430_20251215_035223
032640,-0.9907832357508806,-0.0028977606906375325,-9.776069063753274e-05,0.0028,0.2679521276595745,-0.9908243799381179,1504,6.016,verify_turbo_v3_032640_20251215_035229
214370,-0.97352606804042,-0.002413964497413103,0.00038603550258689686,0.0028,0.2889637742207245,-0.9742683842146959,1187,4.7103174603174605,verify_turbo_v3_214370_20251215_035328
214370,-0.97352606804042,-0.002413964497413103,0.00038603550258689686,0.0028,0.2889637742207245,-0.9742683842146959,1187,4.7103174603174605,verify_turbo_v3_214370_20251215_035521
003670,-0.9746500411979862,-0.0027966077762836715,3.3922237163285136e-06,0.0028,0.27101200686106347,-0.975457630150756,1166,4.682730923694779,verify_turbo_v3_003670_20251215_035621
007660,-0.9805133077722878,-0.0029482177664439235,-0.00014821776644392349,0.0028,0.27697262479871176,-0.9805508782978724,1242,4.948207171314741,verify_turbo_v3_007660_20251215_035752
071970,-0.964278601436765,-0.0022705489840299403,0.0005294510159700597,0.0028,0.2882534775888717,-0.9649014837258434,1294,5.134920634920635,verify_turbo_v3_071970_20251215_035813
011790,-0.9708916690337027,-0.0026380261902028196,0.00016197380979718042,0.0028,0.257285595337219,-0.9724689970836027,1201,4.7848605577689245,verify_turbo_v3_011790_20251215_035824
032640,-0.9907832357508806,-0.0028977606906375325,-9.776069063753274e-05,0.0028,0.2679521276595745,-0.9908243799381179,1504,6.016,verify_turbo_v3_032640_20251215_035855
071970,-0.964278601436765,-0.0022705489840299403,0.0005294510159700597,0.0028,0.2882534775888717,-0.9649014837258434,1294,5.134920634920635,verify_turbo_v3_071970_20251215_035914
011790,-0.9708916690337027,-0.0026380261902028196,0.00016197380979718042,0.0028,0.257285595337219,-0.9724689970836027,1201,4.7848605577689245,verify_turbo_v3_011790_20251215_035928
138040,-0.9871386932119103,-0.002727170214459779,7.282978554022071e-05,0.0028,0.28232005590496156,-0.9871700297457542,1431,5.678571428571429,verify_turbo_v3_138040_20251215_035934
138040,-0.9871386932119103,-0.002727170214459779,7.282978554022071e-05,0.0028,0.28232005590496156,-0.9871700297457542,1431,5.678571428571429,verify_turbo_v3_138040_20251215_035942
105560,-0.9884945729959431,-0.0027765565706811546,2.3443429318845176e-05,0.0028,0.2832980972515856,-0.9885486342455968,1419,5.630952380952381,verify_turbo_v3_105560_20251215_035947
005385,-0.9866855450093212,-0.0026356024474148087,0.00016439755258519173,0.0028000000000000004,0.2985487214927436,-0.9867576328422248,1447,5.742063492063492,verify_turbo_v3_005385_20251215_040004
007660,-0.9805133077722878,-0.0029482177664439235,-0.00014821776644392349,0.0028,0.27697262479871176,-0.9805508782978724,1242,4.948207171314741,verify_turbo_v3_007660_20251215_040056
105560,-0.9884945729959431,-0.0027765565706811546,2.3443429318845176e-05,0.0028,0.2832980972515856,-0.9885486342455968,1419,5.630952380952381,verify_turbo_v3_105560_20251215_040209
005385,-0.9866855450093212,-0.0026356024474148087,0.00016439755258519173,0.0028000000000000004,0.2985487214927436,-0.9867576328422248,1447,5.742063492063492,verify_turbo_v3_005385_20251215_040228
141080,-0.9654030872959674,-0.002554064526194012,0.000245935473805988,0.0028,0.2878521126760563,-0.9667134692775061,1136,4.507936507936508,verify_turbo_v3_141080_20251215_041132
347850,-0.9739009228183623,-0.002311567248078217,0.0004884327519217831,0.0028,0.30612244897959184,-0.9755320761540697,1225,4.861111111111111,verify_turbo_v3_347850_20251215_041239
347850,-0.9739009228183623,-0.002311567248078217,0.0004884327519217831,0.0028,0.30612244897959184,-0.9755320761540697,1225,4.861111111111111,verify_turbo_v3_347850_20251215_041513
039030,-0.9795952082518643,-0.002663298823912518,0.00013670117608748176,0.0028,0.2601246105919003,-0.9814918488943765,1284,5.115537848605578,verify_turbo_v3_039030_20251215_041533
003230,-0.9637928278487089,-0.002386651356712977,0.00041334864328702284,0.0027999999999999995,0.31281198003327787,-0.9666468755649255,1202,4.808,verify_turbo_v3_003230_20251215_041630
004990,-0.9939615343098975,-0.00277191541930291,2.8084580697089424e-05,0.0027999999999999995,0.2537402752842609,-0.9941552562415947,1671,6.630952380952381,verify_turbo_v3_004990_20251215_041649
175330,-0.995820958380906,-0.003071758310163213,-0.00027175831016321324,0.0028,0.2610024449877751,-0.995820958380906,1636,6.51792828685259,verify_turbo_v3_175330_20251215_041733
034730,-0.9825877559736939,-0.0025547642467974637,0.0002452357532025365,0.0028,0.2819602272727273,-0.9827968803522802,1408,5.609561752988048,verify_turbo_v3_034730_20251215_041757
141080,-0.9654030872959674,-0.002554064526194012,0.000245935473805988,0.0028,0.2878521126760563,-0.9667134692775061,1136,4.507936507936508,verify_turbo_v3_141080_20251215_041820
326030,-0.9843451680123619,-0.0027936197068855503,6.380293114450087e-06,0.0028000000000000004,0.2819188191881919,-0.9845255771195757,1355,5.376984126984127,verify_turbo_v3_326030_20251215_041836
028260,-0.9791303317291458,-0.0026058961667970127,0.00019410383320298788,0.0028000000000000004,0.2929745889387145,-0.9793212878268467,1338,5.330677290836653,verify_turbo_v3_028260_20251215_041848
271560,-0.9908719860988223,-0.002891102973606262,-9.110297360626247e-05,0.0027999999999999995,0.2962962962962963,-0.9908972623170523,1485,5.892857142857143,verify_turbo_v3_271560_20251215_041854
004990,-0.9939615343098975,-0.00277191541930291,2.8084580697089424e-05,0.0027999999999999995,0.2537402752842609,-0.9941552562415947,1671,6.630952380952381,verify_turbo_v3_004990_20251215_041909
034730,-0.9825877559736939,-0.0025547642467974637,0.0002452357532025365,0.0028,0.2819602272727273,-0.9827968803522802,1408,5.609561752988048,verify_turbo_v3_034730_20251215_041921
271560,-0.9908719860988223,-0.002891102973606262,-9.110297360626247e-05,0.0027999999999999995,0.2962962962962963,-0.9908972623170523,1485,5.892857142857143,verify_turbo_v3_271560_20251215_042008
003230,-0.9637928278487089,-0.002386651356712977,0.00041334864328702284,0.0027999999999999995,0.31281198003327787,-0.9666468755649255,1202,4.808,verify_turbo_v3_003230_20251215_042048
105560,-0.9884945729959431,-0.0027765565706811546,2.3443429318845176e-05,0.0028,0.2832980972515856,-0.9885486342455968,1419,5.630952380952381,verify_turbo_v3_105560_20251215_042115
028260,-0.9791303317291458,-0.0026058961667970127,0.00019410383320298788,0.0028000000000000004,0.2929745889387145,-0.9793212878268467,1338,5.330677290836653,verify_turbo_v3_028260_20251215_042201
078930,-0.9922148077403933,-0.0026672262228662476,0.00013277377713375197,0.0027999999999999995,0.26168791742562236,-0.9923198369778854,1647,6.561752988047809,verify_turbo_v3_078930_20251215_042240
175330,-0.995820958380906,-0.003071758310163213,-0.00027175831016321324,0.0028,0.2610024449877751,-0.995820958380906,1636,6.51792828685259,verify_turbo_v3_175330_20251215_042300
450080,-0.9874883556291285,-0.0032000619922902622,-0.0004000619922902623,0.0028,0.24428684003152087,-0.9876918267601379,1269,5.055776892430279,verify_turbo_v3_450080_20251215_042637
006260,-0.9737881808923862,-0.0025783991151838758,0.0002216008848161242,0.0028,0.2944,-0.9746602867084152,1250,5.0,verify_turbo_v3_006260_20251215_043017
052690,-0.9862560323712821,-0.0028631567445093487,-6.315674450934824e-05,0.0028000000000000004,0.27461139896373055,-0.9863714956407588,1351,5.42570281124498,verify_turbo_v3_052690_20251215_043219
950160,-0.9546416074714621,-0.0021615758887164977,0.0006384241112835022,0.0028,0.29074529074529076,-0.9587813410250646,1221,4.845238095238095,verify_turbo_v3_950160_20251215_043245
011200,-0.9886549830486476,-0.002790054373972657,9.945626027342948e-06,0.0028,0.2664853840924541,-0.9890227571758404,1471,5.837301587301587,verify_turbo_v3_011200_20251215_043255
017800,-0.9935623264051425,-0.0028860457581445023,-8.604575814450234e-05,0.0028,0.27560050568900124,-0.9935671518062752,1582,6.277777777777778,verify_turbo_v3_017800_20251215_043317
0009K0,-0.13278784257289444,-0.005883335541224082,-0.0030833355412240825,0.0027999999999999995,0.21739130434782608,-0.2627224565809563,23,3.8333333333333335,verify_turbo_v3_0009K0_20251215_043412
017800,-0.9935623264051425,-0.0028860457581445023,-8.604575814450234e-05,0.0028,0.27560050568900124,-0.9935671518062752,1582,6.277777777777778,verify_turbo_v3_017800_20251215_043418
0009K0,-0.13278784257289444,-0.005883335541224082,-0.0030833355412240825,0.0027999999999999995,0.21739130434782608,-0.2627224565809563,23,3.8333333333333335,verify_turbo_v3_0009K0_20251215_043516
012750,-0.9973730089206891,-0.003226627869250681,-0.0004266278692506815,0.0027999999999999995,0.25412735849056606,-0.9973807414245308,1696,6.73015873015873,verify_turbo_v3_012750_20251215_043532
012750,-0.9973730089206891,-0.003226627869250681,-0.0004266278692506815,0.0027999999999999995,0.25412735849056606,-0.9973807414245308,1696,6.73015873015873,verify_turbo_v3_012750_20251215_043545
443060,-0.9849271231213883,-0.002803750095090238,-3.750095090238048e-06,0.0028,0.27446483180428133,-0.984987839644565,1308,5.211155378486056,verify_turbo_v3_443060_20251215_043600
138930,-0.980118773579328,-0.0026387405928794553,0.00016125940712054493,0.0028000000000000004,0.3028322440087146,-0.981911451671026,1377,5.48605577689243,verify_turbo_v3_138930_20251215_043632
096770,-0.9821281078979007,-0.0029206097378190344,-0.00012060973781903442,0.0028,0.2688259109311741,-0.9822684981361138,1235,4.920318725099602,verify_turbo_v3_096770_20251215_043633
302440,-0.9834682303283233,-0.0026711081347237983,0.00012889186527620237,0.0028000000000000004,0.2634289919058131,-0.9856929025683588,1359,5.414342629482071,verify_turbo_v3_302440_20251215_043713
302440,-0.9834682303283233,-0.0026711081347237983,0.00012889186527620237,0.0028000000000000004,0.2634289919058131,-0.9856929025683588,1359,5.414342629482071,verify_turbo_v3_302440_20251215_043723
096770,-0.9821281078979007,-0.0029206097378190344,-0.00012060973781903442,0.0028,0.2688259109311741,-0.9822684981361138,1235,4.920318725099602,verify_turbo_v3_096770_20251215_043803
006260,-0.9737881808923862,-0.0025783991151838758,0.0002216008848161242,0.0028,0.2944,-0.9746602867084152,1250,5.0,verify_turbo_v3_006260_20251215_043806
068270,-0.9809913075328683,-0.002838938928597644,-3.8938928597643955e-05,0.0028,0.26361483820047354,-0.9812476097627957,1267,5.047808764940239,verify_turbo_v3_068270_20251215_043807
439260,-0.7736973081691698,-0.002974088413619673,-0.000174088413619673,0.0028,0.2292134831460674,-0.8175009201169263,445,4.944444444444445,verify_turbo_v3_439260_20251215_043908
439260,-0.7736973081691698,-0.002974088413619673,-0.000174088413619673,0.0028,0.2292134831460674,-0.8175009201169263,445,4.944444444444445,verify_turbo_v3_439260_20251215_043920
138930,-0.980118773579328,-0.0026387405928794553,0.00016125940712054493,0.0028000000000000004,0.3028322440087146,-0.981911451671026,1377,5.48605577689243,verify_turbo_v3_138930_20251215_044005
443060,-0.9849271231213883,-0.002803750095090238,-3.750095090238048e-06,0.0028,0.27446483180428133,-0.984987839644565,1308,5.211155378486056,verify_turbo_v3_443060_20251215_044011
068270,-0.9809913075328683,-0.002838938928597644,-3.8938928597643955e-05,0.0028,0.26361483820047354,-0.9812476097627957,1267,5.047808764940239,verify_turbo_v3_068270_20251215_044056
031210,-0.9758558442908053,-0.002811670657045029,-1.1670657045029578e-05,0.0027999999999999995,0.2913907284768212,-0.9779203166970832,1208,6.494623655913978,verify_turbo_v3_031210_20251215_044456
031210,-0.9758558442908053,-0.002811670657045029,-1.1670657045029578e-05,0.0027999999999999995,0.2913907284768212,-0.9779203166970832,1208,6.494623655913978,verify_turbo_v3_031210_20251215_044622
128940,-0.993120992522654,-0.0028534035903189084,-5.3403590318909034e-05,0.0027999999999999995,0.2657125077784692,-0.9932312894367064,1607,6.376984126984127,verify_turbo_v3_128940_20251215_044931
272210,-0.9702641940502242,-0.0024570921616877133,0.0003429078383122867,0.0028,0.2881487219209915,-0.9738883071030249,1291,5.143426294820717,verify_turbo_v3_272210_20251215_045104
180640,-0.9804661474766008,-0.0026963554046304803,0.0001036445953695197,0.0028,0.2802741812642803,-0.9822127308446378,1313,5.2103174603174605,verify_turbo_v3_180640_20251215_045301
058470,-0.9909119227249521,-0.003140828230976036,-0.00034082823097603544,0.0028000000000000004,0.27482014388489207,-0.9909899423735561,1390,5.767634854771784,verify_turbo_v3_058470_20251215_045303
011780,-0.9832680767518298,-0.0026449281984506877,0.00015507180154931272,0.0028000000000000004,0.31012203876525485,-0.9838745346336053,1393,5.527777777777778,verify_turbo_v3_011780_20251215_045334
051900,-0.9973512033468518,-0.003035805471147254,-0.00023580547114725495,0.002799999999999999,0.22568093385214008,-0.9974012061342287,1799,7.138888888888889,verify_turbo_v3_051900_20251215_045526
010120,-0.9725053116202328,-0.0025063443385746078,0.0002936556614253922,0.0028,0.2692307692307692,-0.9739966427200425,1300,5.179282868525896,verify_turbo_v3_010120_20251215_045602
009540,-0.9907007338692692,-0.0028966919869369127,-9.669198693691185e-05,0.002800000000000001,0.27546138072453863,-0.9907704340222057,1463,5.805555555555555,verify_turbo_v3_009540_20251215_045610
128940,-0.993120992522654,-0.0028534035903189084,-5.3403590318909034e-05,0.0027999999999999995,0.2657125077784692,-0.9932312894367064,1607,6.376984126984127,verify_turbo_v3_128940_20251215_045611
028260,-0.9791303317291458,-0.0026058961667970127,0.00019410383320298788,0.0028000000000000004,0.2929745889387145,-0.9793212878268467,1338,5.330677290836653,verify_turbo_v3_028260_20251215_045719
010120,-0.9725053116202328,-0.0025063443385746078,0.0002936556614253922,0.0028,0.2692307692307692,-0.9739966427200425,1300,5.179282868525896,verify_turbo_v3_010120_20251215_045733
000990,-0.9875440954757236,-0.0028604323429318717,-6.043234293187107e-05,0.0028000000000000004,0.2722063037249284,-0.9879156791799528,1396,5.5396825396825395,verify_turbo_v3_000990_20251215_045734
180640,-0.9804661474766008,-0.0026963554046304803,0.0001036445953695197,0.0028,0.2802741812642803,-0.9822127308446378,1313,5.2103174603174605,verify_turbo_v3_180640_20251215_045750
051900,-0.9973512033468518,-0.003035805471147254,-0.00023580547114725495,0.002799999999999999,0.22568093385214008,-0.9974012061342287,1799,7.138888888888889,verify_turbo_v3_051900_20251215_045752
058470,-0.9909119227249521,-0.003140828230976036,-0.00034082823097603544,0.0028000000000000004,0.27482014388489207,-0.9909899423735561,1390,5.767634854771784,verify_turbo_v3_058470_20251215_045844
000990,-0.9875440954757236,-0.0028604323429318717,-6.043234293187107e-05,0.0028000000000000004,0.2722063037249284,-0.9879156791799528,1396,5.5396825396825395,verify_turbo_v3_000990_20251215_045846
009540,-0.9907007338692692,-0.0028966919869369127,-9.669198693691185e-05,0.002800000000000001,0.27546138072453863,-0.9907704340222057,1463,5.805555555555555,verify_turbo_v3_009540_20251215_045856
066970,-0.9605593623471883,-0.002572743091776776,0.00022725690822322396,0.0028,0.2674897119341564,-0.9650022802411551,1215,4.840637450199203,verify_turbo_v3_066970_20251215_045905
039030,-0.9795952082518643,-0.002663298823912518,0.00013670117608748176,0.0028,0.2601246105919003,-0.9814918488943765,1284,5.115537848605578,verify_turbo_v3_039030_20251215_050409
039030,-0.9795952082518643,-0.002663298823912518,0.00013670117608748176,0.0028,0.2601246105919003,-0.9814918488943765,1284,5.115537848605578,verify_turbo_v3_039030_20251215_050444
251270,-0.9915793077077559,-0.0030635428231051876,-0.00026354282310518716,0.0028000000000000004,0.2689419795221843,-0.9916783138354528,1465,5.813492063492063,verify_turbo_v3_251270_20251215_050502
002380,-0.9899687516348864,-0.002640507703425958,0.0001594922965740416,0.0027999999999999995,0.2687052700065062,-0.9900287180924685,1537,6.099206349206349,verify_turbo_v3_002380_20251215_050735
088980,-0.9983033690377644,-0.002769950834514511,3.0049165485487872e-05,0.002799999999999999,0.257321171387422,-0.9983033690377644,2083,8.265873015873016,verify_turbo_v3_088980_20251215_050758
138040,-0.9871386932119103,-0.002727170214459779,7.282978554022071e-05,0.0028,0.28232005590496156,-0.9871700297457542,1431,5.678571428571429,verify_turbo_v3_138040_20251215_050943
005830,-0.9891634818130055,-0.0029956328784218277,-0.00019563287842182774,0.0028,0.28274874731567645,-0.9892235380150295,1397,5.5436507936507935,verify_turbo_v3_005830_20251215_051116
029780,-0.9978429600898434,-0.0029820182463704,-0.0001820182463704008,0.002799999999999999,0.2683843263553409,-0.9979241632301196,1863,7.422310756972111,verify_turbo_v3_029780_20251215_051158
001440,-0.9706932890012308,-0.00262018004064166,0.00017981995935834006,0.0028,0.2625,-0.9714585025924853,1200,4.780876494023905,verify_turbo_v3_001440_20251215_051203
111770,-0.9937406289807429,-0.0028647347385938647,-6.473473859386477e-05,0.0028,0.27854454203262236,-0.9939954037878387,1594,6.350597609561753,verify_turbo_v3_111770_20251215_051357
088980,-0.9983033690377644,-0.002769950834514511,3.0049165485487872e-05,0.002799999999999999,0.257321171387422,-0.9983033690377644,2083,8.265873015873016,verify_turbo_v3_088980_20251215_051525
000150,-0.9569206857583394,-0.002116462297959126,0.0006835377020408743,0.0028000000000000004,0.30751708428246016,-0.9594087328792902,1317,5.247011952191235,verify_turbo_v3_000150_20251215_051557
032830,-0.9791176708518232,-0.0026145961196116663,0.00018540388038833385,0.0028,0.27997076023391815,-0.9791289856562064,1368,5.428571428571429,verify_turbo_v3_032830_20251215_051600
000150,-0.9569206857583394,-0.002116462297959126,0.0006835377020408743,0.0028000000000000004,0.30751708428246016,-0.9594087328792902,1317,5.247011952191235,verify_turbo_v3_000150_20251215_051616
111770,-0.9937406289807429,-0.0028647347385938647,-6.473473859386477e-05,0.0028,0.27854454203262236,-0.9939954037878387,1594,6.350597609561753,verify_turbo_v3_111770_20251215_051637
005830,-0.9891634818130055,-0.0029956328784218277,-0.00019563287842182774,0.0028,0.28274874731567645,-0.9892235380150295,1397,5.5436507936507935,verify_turbo_v3_005830_20251215_051708
001440,-0.9706932890012308,-0.00262018004064166,0.00017981995935834006,0.0028,0.2625,-0.9714585025924853,1200,4.780876494023905,verify_turbo_v3_001440_20251215_051736
103140,-0.9797574321992791,-0.0026808873186221984,0.00011911268137780205,0.0028000000000000004,0.26816479400749066,-0.9801684252364802,1335,5.2976190476190474,verify_turbo_v3_103140_20251215_051800
032830,-0.9791176708518232,-0.0026145961196116663,0.00018540388038833385,0.0028,0.27997076023391815,-0.9791289856562064,1368,5.428571428571429,verify_turbo_v3_032830_20251215_051813
103140,-0.9797574321992791,-0.0026808873186221984,0.00011911268137780205,0.0028000000000000004,0.26816479400749066,-0.9801684252364802,1335,5.2976190476190474,verify_turbo_v3_103140_20251215_051830
011780,-0.9832680767518298,-0.0026449281984506877,0.00015507180154931272,0.0028000000000000004,0.31012203876525485,-0.9838745346336053,1393,5.527777777777778,verify_turbo_v3_011780_20251215_052342
011780,-0.9832680767518298,-0.0026449281984506877,0.00015507180154931272,0.0028000000000000004,0.31012203876525485,-0.9838745346336053,1393,5.527777777777778,verify_turbo_v3_011780_20251215_052408
007660,-0.9805133077722878,-0.0029482177664439235,-0.00014821776644392349,0.0028,0.27697262479871176,-0.9805508782978724,1242,4.948207171314741,verify_turbo_v3_007660_20251215_052724
000250,-0.9383735768915671,-0.0018596074538253173,0.0009403925461746827,0.0028,0.28347826086956524,-0.9454934770529319,1150,4.618473895582329,verify_turbo_v3_000250_20251215_052734
000720,-0.9713839433600704,-0.0023615759831724405,0.0004384240168275593,0.0028,0.28520114942528735,-0.9714394750450357,1392,5.523809523809524,verify_turbo_v3_000720_20251215_053058
068270,-0.9809913075328683,-0.002838938928597644,-3.8938928597643955e-05,0.0028,0.26361483820047354,-0.9812476097627957,1267,5.047808764940239,verify_turbo_v3_068270_20251215_053105
108490,-0.9352682344761473,-0.0018322292480514044,0.0009677707519485956,0.0028,0.26126126126126126,-0.9414525708835936,1221,4.864541832669323,verify_turbo_v3_108490_20251215_053142
042670,-0.9765552308665847,-0.002340403580033003,0.000459596419966997,0.0028,0.27856609410007466,-0.9776061959218784,1339,5.313492063492063,verify_turbo_v3_042670_20251215_053145
052690,-0.9862560323712821,-0.0028631567445093487,-6.315674450934824e-05,0.0028000000000000004,0.27461139896373055,-0.9863714956407588,1351,5.42570281124498,verify_turbo_v3_052690_20251215_053235
010130,-0.9687432893636666,-0.002173998820420731,0.0006260011795792696,0.0028000000000000004,0.2822706065318818,-0.9814311922295277,1286,5.103174603174603,verify_turbo_v3_010130_20251215_053443
000250,-0.9383735768915671,-0.0018596074538253173,0.0009403925461746827,0.0028,0.28347826086956524,-0.9454934770529319,1150,4.618473895582329,verify_turbo_v3_000250_20251215_053514
052690,-0.9862560323712821,-0.0028631567445093487,-6.315674450934824e-05,0.0028000000000000004,0.27461139896373055,-0.9863714956407588,1351,5.42570281124498,verify_turbo_v3_052690_20251215_053531
086280,-0.9723530888711319,-0.0024732498648515565,0.00032675013514844344,0.0028,0.3095429029671211,-0.9728759806213231,1247,4.948412698412699,verify_turbo_v3_086280_20251215_053557
103590,-0.9733125745716635,-0.0023587240143158844,0.0004412759856841156,0.0028,0.2888198757763975,-0.9741102246842287,1288,5.131474103585657,verify_turbo_v3_103590_20251215_053631
086280,-0.9723530888711319,-0.0024732498648515565,0.00032675013514844344,0.0028,0.3095429029671211,-0.9728759806213231,1247,4.948412698412699,verify_turbo_v3_086280_20251215_053646
103590,-0.9733125745716635,-0.0023587240143158844,0.0004412759856841156,0.0028,0.2888198757763975,-0.9741102246842287,1288,5.131474103585657,verify_turbo_v3_103590_20251215_053709
000720,-0.9713839433600704,-0.0023615759831724405,0.0004384240168275593,0.0028,0.28520114942528735,-0.9714394750450357,1392,5.523809523809524,verify_turbo_v3_000720_20251215_053717
108490,-0.9352682344761473,-0.0018322292480514044,0.0009677707519485956,0.0028,0.26126126126126126,-0.9414525708835936,1221,4.864541832669323,verify_turbo_v3_108490_20251215_053728
028050,-0.992127411549824,-0.002799834261676606,1.6573832339471413e-07,0.0028000000000000004,0.26434558349451964,-0.9921623185351814,1551,6.154761904761905,verify_turbo_v3_028050_20251215_053746
064400,-0.9832342308110796,-0.0031298168351387157,-0.0003298168351387155,0.0028,0.27666666666666667,-0.9832342308110796,1200,5.769230769230769,verify_turbo_v3_064400_20251215_053751
010130,-0.9687432893636666,-0.002173998820420731,0.0006260011795792696,0.0028000000000000004,0.2822706065318818,-0.9814311922295277,1286,5.103174603174603,verify_turbo_v3_010130_20251215_053802
036460,-0.9873675978855572,-0.002692454240593392,0.00010754575940660825,0.0028,0.27628865979381445,-0.9873675978855572,1455,5.773809523809524,verify_turbo_v3_036460_20251215_053835
034730,-0.9825877559736939,-0.0025547642467974637,0.0002452357532025365,0.0028,0.2819602272727273,-0.9827968803522802,1408,5.609561752988048,verify_turbo_v3_034730_20251215_054043
004020,-0.9917845808083618,-0.002790620174127807,9.37982587219258e-06,0.0027999999999999995,0.2547892720306513,-0.9918396588594202,1566,6.239043824701195,verify_turbo_v3_004020_20251215_054153
042670,-0.9765552308665847,-0.002340403580033003,0.000459596419966997,0.0028,0.27856609410007466,-0.9776061959218784,1339,5.313492063492063,verify_turbo_v3_042670_20251215_054407
042670,-0.9765552308665847,-0.002340403580033003,0.000459596419966997,0.0028,0.27856609410007466,-0.9776061959218784,1339,5.313492063492063,verify_turbo_v3_042670_20251215_054414
001040,-0.9646855587243699,-0.0021987352583403685,0.0006012647416596311,0.0027999999999999995,0.3234111021721641,-0.9647448774947097,1243,4.952191235059761,verify_turbo_v3_001040_20251215_054738
450080,-0.9874883556291285,-0.0032000619922902622,-0.0004000619922902623,0.0028,0.24428684003152087,-0.9876918267601379,1269,5.055776892430279,verify_turbo_v3_450080_20251215_054948
002380,-0.9899687516348864,-0.002640507703425958,0.0001594922965740416,0.0027999999999999995,0.2687052700065062,-0.9900287180924685,1537,6.099206349206349,verify_turbo_v3_002380_20251215_055152
003490,-0.9982684225042217,-0.0029596565627798177,-0.00015965656277981872,0.002799999999999999,0.24447868515665125,-0.9982690473087329,1947,7.726190476190476,verify_turbo_v3_003490_20251215_055219
035720,-0.9824088104342277,-0.0027279906168395864,7.200938316041404e-05,0.0028000000000000004,0.27113702623906705,-0.9828655764982532,1372,5.444444444444445,verify_turbo_v3_035720_20251215_055354
026960,-0.9918607544611148,-0.0030858470822803215,-0.00028584708228032154,0.0028,0.24865951742627346,-0.9922611000267152,1492,5.920634920634921,verify_turbo_v3_026960_20251215_055408
002380,-0.9899687516348864,-0.002640507703425958,0.0001594922965740416,0.0027999999999999995,0.2687052700065062,-0.9900287180924685,1537,6.099206349206349,verify_turbo_v3_002380_20251215_055437
026960,-0.9918607544611148,-0.0030858470822803215,-0.00028584708228032154,0.0028,0.24865951742627346,-0.9922611000267152,1492,5.920634920634921,verify_turbo_v3_026960_20251215_055527
001040,-0.9646855587243699,-0.0021987352583403685,0.0006012647416596311,0.0027999999999999995,0.3234111021721641,-0.9647448774947097,1243,4.952191235059761,verify_turbo_v3_001040_20251215_055527
018260,-0.9801903287732145,-0.0027278087147186306,7.219128528136915e-05,0.0028,0.2908950617283951,-0.9802222417129062,1296,5.163346613545817,verify_turbo_v3_018260_20251215_055530
018260,-0.9801903287732145,-0.0027278087147186306,7.219128528136915e-05,0.0028,0.2908950617283951,-0.9802222417129062,1296,5.163346613545817,verify_turbo_v3_018260_20251215_055536
450080,-0.9874883556291285,-0.0032000619922902622,-0.0004000619922902623,0.0028,0.24428684003152087,-0.9876918267601379,1269,5.055776892430279,verify_turbo_v3_450080_20251215_055642
035720,-0.9824088104342277,-0.0027279906168395864,7.200938316041404e-05,0.0028000000000000004,0.27113702623906705,-0.9828655764982532,1372,5.444444444444445,verify_turbo_v3_035720_20251215_055728
003490,-0.9982684225042217,-0.0029596565627798177,-0.00015965656277981872,0.002799999999999999,0.24447868515665125,-0.9982690473087329,1947,7.726190476190476,verify_turbo_v3_003490_20251215_055730
011170,-0.985509023704846,-0.0026275491348041373,0.00017245086519586264,0.0028,0.27672955974842767,-0.9856264733797504,1431,5.701195219123506,verify_turbo_v3_011170_20251215_060345
011170,-0.985509023704846,-0.0026275491348041373,0.00017245086519586264,0.0028,0.27672955974842767,-0.9856264733797504,1431,5.701195219123506,verify_turbo_v3_011170_20251215_060401
003230,-0.9637928278487089,-0.002386651356712977,0.00041334864328702284,0.0027999999999999995,0.31281198003327787,-0.9666468755649255,1202,4.808,verify_turbo_v3_003230_20251215_060402
032640,-0.9907832357508806,-0.0028977606906375325,-9.776069063753274e-05,0.0028,0.2679521276595745,-0.9908243799381179,1504,6.016,verify_turbo_v3_032640_20251215_060535
078930,-0.9922148077403933,-0.0026672262228662476,0.00013277377713375197,0.0027999999999999995,0.26168791742562236,-0.9923198369778854,1647,6.561752988047809,verify_turbo_v3_078930_20251215_060707
011170,-0.985509023704846,-0.0026275491348041373,0.00017245086519586264,0.0028,0.27672955974842767,-0.9856264733797504,1431,5.701195219123506,verify_turbo_v3_011170_20251215_060813
251270,-0.9915793077077559,-0.0030635428231051876,-0.00026354282310518716,0.0028000000000000004,0.2689419795221843,-0.9916783138354528,1465,5.813492063492063,verify_turbo_v3_251270_20251215_060913
009540,-0.9907007338692692,-0.0028966919869369127,-9.669198693691185e-05,0.002800000000000001,0.27546138072453863,-0.9907704340222057,1463,5.805555555555555,verify_turbo_v3_009540_20251215_060932
051910,-0.9894733548884115,-0.0028549409578505114,-5.494095785051143e-05,0.0028,0.2603219034289713,-0.9895803839974145,1429,5.670634920634921,verify_turbo_v3_051910_20251215_061101
090430,-0.9871294029082638,-0.0029461976797787517,-0.000146197679778752,0.0028,0.2851796407185629,-0.9874507528402507,1336,5.301587301587301,verify_turbo_v3_090430_20251215_061118
036460,-0.9873675978855572,-0.002692454240593392,0.00010754575940660825,0.0028,0.27628865979381445,-0.9873675978855572,1455,5.773809523809524,verify_turbo_v3_036460_20251215_061305
383220,-0.9944032725696842,-0.0028789446272028804,-7.894462720288084e-05,0.0027999999999999995,0.31532663316582915,-0.9944127422904725,1592,6.317460317460317,verify_turbo_v3_383220_20251215_061344
036460,-0.9873675978855572,-0.002692454240593392,0.00010754575940660825,0.0028,0.27628865979381445,-0.9873675978855572,1455,5.773809523809524,verify_turbo_v3_036460_20251215_061351
383220,-0.9944032725696842,-0.0028789446272028804,-7.894462720288084e-05,0.0027999999999999995,0.31532663316582915,-0.9944127422904725,1592,6.317460317460317,verify_turbo_v3_383220_20251215_061409
009830,-0.990066341367926,-0.0029625221847529772,-0.00016252218475297682,0.0028000000000000004,0.24982155603140613,-0.9901278237818417,1401,5.581673306772909,verify_turbo_v3_009830_20251215_061444
310210,-0.9830894067961997,-0.0026835185496984736,0.00011648145030152641,0.0028,0.2897047086991221,-0.9844596233007594,1253,4.972222222222222,verify_turbo_v3_310210_20251215_061507
047810,-0.9837828782276383,-0.0027697873324848384,3.0212667515162016e-05,0.0028000000000000004,0.27393225331369664,-0.9839360207227146,1358,5.388888888888889,verify_turbo_v3_047810_20251215_061525
047810,-0.9837828782276383,-0.0027697873324848384,3.0212667515162016e-05,0.0028000000000000004,0.27393225331369664,-0.9839360207227146,1358,5.388888888888889,verify_turbo_v3_047810_20251215_061534
251270,-0.9915793077077559,-0.0030635428231051876,-0.00026354282310518716,0.0028000000000000004,0.2689419795221843,-0.9916783138354528,1465,5.813492063492063,verify_turbo_v3_251270_20251215_061542
096770,-0.9821281078979007,-0.0029206097378190344,-0.00012060973781903442,0.0028,0.2688259109311741,-0.9822684981361138,1235,4.920318725099602,verify_turbo_v3_096770_20251215_061557
078930,-0.9922148077403933,-0.0026672262228662476,0.00013277377713375197,0.0027999999999999995,0.26168791742562236,-0.9923198369778854,1647,6.561752988047809,verify_turbo_v3_078930_20251215_061611
090430,-0.9871294029082638,-0.0029461976797787517,-0.000146197679778752,0.0028,0.2851796407185629,-0.9874507528402507,1336,5.301587301587301,verify_turbo_v3_090430_20251215_061708
051910,-0.9894733548884115,-0.0028549409578505114,-5.494095785051143e-05,0.0028,0.2603219034289713,-0.9895803839974145,1429,5.670634920634921,verify_turbo_v3_051910_20251215_061734
022100,-0.9870127800671332,-0.002903487747649014,-0.00010348774764901408,0.0028,0.23877245508982037,-0.9878198424750723,1336,5.344,verify_turbo_v3_022100_20251215_062040
145020,-0.9902380958797196,-0.0028743528938801385,-7.435289388013785e-05,0.0028000000000000004,0.2639455782312925,-0.9907543918273257,1470,5.856573705179283,verify_turbo_v3_145020_20251215_062242
145020,-0.9902380958797196,-0.0028743528938801385,-7.435289388013785e-05,0.0028000000000000004,0.2639455782312925,-0.9907543918273257,1470,5.856573705179283,verify_turbo_v3_145020_20251215_062246
066970,-0.9605593623471883,-0.002572743091776776,0.00022725690822322396,0.0028,0.2674897119341564,-0.9650022802411551,1215,4.840637450199203,verify_turbo_v3_066970_20251215_062639
004020,-0.9917845808083618,-0.002790620174127807,9.37982587219258e-06,0.0027999999999999995,0.2547892720306513,-0.9918396588594202,1566,6.239043824701195,verify_turbo_v3_004020_20251215_062756
950160,-0.9546416074714621,-0.0021615758887164977,0.0006384241112835022,0.0028,0.29074529074529076,-0.9587813410250646,1221,4.845238095238095,verify_turbo_v3_950160_20251215_063024
009150,-0.9717136974974132,-0.0025039458427125122,0.00029605415728748796,0.0028000000000000004,0.275626423690205,-0.9719878408876346,1317,5.268,verify_turbo_v3_009150_20251215_063126
310210,-0.9830894067961997,-0.0026835185496984736,0.00011648145030152641,0.0028,0.2897047086991221,-0.9844596233007594,1253,4.972222222222222,verify_turbo_v3_310210_20251215_063226
081660,-0.9950048723661795,-0.0031423897758029,-0.00034238977580290067,0.0027999999999999995,0.25576923076923075,-0.9951704021700093,1560,6.2151394422310755,verify_turbo_v3_081660_20251215_063242
081660,-0.9950048723661795,-0.0031423897758029,-0.00034238977580290067,0.0027999999999999995,0.25576923076923075,-0.9951704021700093,1560,6.2151394422310755,verify_turbo_v3_081660_20251215_063354
310210,-0.9830894067961997,-0.0026835185496984736,0.00011648145030152641,0.0028,0.2897047086991221,-0.9844596233007594,1253,4.972222222222222,verify_turbo_v3_310210_20251215_063441
323410,-0.9972010837730778,-0.0030988595109246,-0.00029885951092460043,0.0027999999999999995,0.23708381171067738,-0.9972237938542529,1742,6.995983935742972,verify_turbo_v3_323410_20251215_063450
323410,-0.9972010837730778,-0.0030988595109246,-0.00029885951092460043,0.0027999999999999995,0.23708381171067738,-0.9972237938542529,1742,6.995983935742972,verify_turbo_v3_323410_20251215_063517
004020,-0.9917845808083618,-0.002790620174127807,9.37982587219258e-06,0.0027999999999999995,0.2547892720306513,-0.9918396588594202,1566,6.239043824701195,verify_turbo_v3_004020_20251215_063550
066970,-0.9605593623471883,-0.002572743091776776,0.00022725690822322396,0.0028,0.2674897119341564,-0.9650022802411551,1215,4.840637450199203,verify_turbo_v3_066970_20251215_063602
141080,-0.9654030872959674,-0.002554064526194012,0.000245935473805988,0.0028,0.2878521126760563,-0.9667134692775061,1136,4.507936507936508,verify_turbo_v3_141080_20251215_063631
950160,-0.9546416074714621,-0.0021615758887164977,0.0006384241112835022,0.0028,0.29074529074529076,-0.9587813410250646,1221,4.845238095238095,verify_turbo_v3_950160_20251215_063656
009150,-0.9717136974974132,-0.0025039458427125122,0.00029605415728748796,0.0028000000000000004,0.275626423690205,-0.9719878408876346,1317,5.268,verify_turbo_v3_009150_20251215_063747
068760,-0.9910978516076488,-0.0029670693562485312,-0.00016706935624853127,0.0028,0.2610192837465565,-0.9912543926630695,1452,5.7848605577689245,verify_turbo_v3_068760_20251215_063935
068760,-0.9910978516076488,-0.0029670693562485312,-0.00016706935624853127,0.0028,0.2610192837465565,-0.9912543926630695,1452,5.7848605577689245,verify_turbo_v3_068760_20251215_063940
032830,-0.9791176708518232,-0.0026145961196116663,0.00018540388038833385,0.0028,0.27997076023391815,-0.9791289856562064,1368,5.428571428571429,verify_turbo_v3_032830_20251215_064054
097950,-0.9972136125359334,-0.0028482035622807555,-4.820356228075573e-05,0.0027999999999999995,0.259579060982191,-0.9972399188776742,1853,7.382470119521912,verify_turbo_v3_097950_20251215_064208
443060,-0.9849271231213883,-0.002803750095090238,-3.750095090238048e-06,0.0028,0.27446483180428133,-0.984987839644565,1308,5.211155378486056,verify_turbo_v3_443060_20251215_064347
263750,-0.993571020301797,-0.002924991510614892,-0.00012499151061489203,0.0028,0.2631926121372032,-0.993618970070593,1516,6.039840637450199,verify_turbo_v3_263750_20251215_064504
000155,-0.9675377498515156,-0.0025497713114437767,0.00025022868855622323,0.0028,0.2878787878787879,-0.9680441213108455,1188,4.733067729083666,verify_turbo_v3_000155_20251215_064612
009420,-0.9899167500318526,-0.003011562103767555,-0.0002115621037675551,0.0028,0.2590448625180897,-0.9904549952060376,1382,5.50597609561753,verify_turbo_v3_009420_20251215_064732
006040,-0.9889326552125437,-0.002840420481537787,-4.042048153778664e-05,0.0028,0.30345800988002825,-0.9890846177810221,1417,5.645418326693227,verify_turbo_v3_006040_20251215_064837
000155,-0.9675377498515156,-0.0025497713114437767,0.00025022868855622323,0.0028,0.2878787878787879,-0.9680441213108455,1188,4.733067729083666,verify_turbo_v3_000155_20251215_064949
023590,-0.9800609005638249,-0.002576990109676226,0.00022300989032377448,0.0028000000000000004,0.28053293856402667,-0.9816903893213692,1351,5.382470119521912,verify_turbo_v3_023590_20251215_065019
082740,-0.9815875107170251,-0.002587255876665841,0.00021274412333415925,0.0028000000000000004,0.29496951219512196,-0.9817104380010901,1312,5.2063492063492065,verify_turbo_v3_082740_20251215_065057
010120,-0.9725053116202328,-0.0025063443385746078,0.0002936556614253922,0.0028,0.2692307692307692,-0.9739966427200425,1300,5.179282868525896,verify_turbo_v3_010120_20251215_065124
014680,-0.9783894594349821,-0.0025655168717345425,0.0002344831282654579,0.0028000000000000004,0.3266068759342302,-0.9786227355345013,1338,5.309523809523809,verify_turbo_v3_014680_20251215_065132
005385,-0.9866855450093212,-0.0026356024474148087,0.00016439755258519173,0.0028000000000000004,0.2985487214927436,-0.9867576328422248,1447,5.742063492063492,verify_turbo_v3_005385_20251215_065137
263750,-0.993571020301797,-0.002924991510614892,-0.00012499151061489203,0.0028,0.2631926121372032,-0.993618970070593,1516,6.039840637450199,verify_turbo_v3_263750_20251215_065218
064760,-0.9850017936435767,-0.0028324420210584845,-3.24420210584841e-05,0.0028000000000000004,0.29819277108433734,-0.9850175371894038,1328,5.26984126984127,verify_turbo_v3_064760_20251215_065250
006040,-0.9889326552125437,-0.002840420481537787,-4.042048153778664e-05,0.0028,0.30345800988002825,-0.9890846177810221,1417,5.645418326693227,verify_turbo_v3_006040_20251215_065306
014680,-0.9783894594349821,-0.0025655168717345425,0.0002344831282654579,0.0028000000000000004,0.3266068759342302,-0.9786227355345013,1338,5.309523809523809,verify_turbo_v3_014680_20251215_065328
023590,-0.9800609005638249,-0.002576990109676226,0.00022300989032377448,0.0028000000000000004,0.28053293856402667,-0.9816903893213692,1351,5.382470119521912,verify_turbo_v3_023590_20251215_065334
009420,-0.9899167500318526,-0.003011562103767555,-0.0002115621037675551,0.0028,0.2590448625180897,-0.9904549952060376,1382,5.50597609561753,verify_turbo_v3_009420_20251215_065348
036570,-0.9837143384340654,-0.0027184355686219537,8.156443137804668e-05,0.0028000000000000004,0.2911764705882353,-0.9837408685777763,1360,5.396825396825397,verify_turbo_v3_036570_20251215_065535
064760,-0.9850017936435767,-0.0028324420210584845,-3.24420210584841e-05,0.0028000000000000004,0.29819277108433734,-0.9850175371894038,1328,5.26984126984127,verify_turbo_v3_064760_20251215_065641
001720,-0.9665336082182611,-0.0025685166761872835,0.00023148332381271687,0.0028000000000000004,0.26282628262826285,-0.9671912890826639,1111,4.479838709677419,verify_turbo_v3_001720_20251215_065818
088350,-0.9925623591762371,-0.00275528688925599,4.4713110744009276e-05,0.0027999999999999995,0.23939393939393938,-0.9926013412963484,1650,6.573705179282869,verify_turbo_v3_088350_20251215_065827
088350,-0.9925623591762371,-0.00275528688925599,4.4713110744009276e-05,0.0027999999999999995,0.23939393939393938,-0.9926013412963484,1650,6.573705179282869,verify_turbo_v3_088350_20251215_065918
018670,-0.995186461071966,-0.0030118055681225796,-0.00021180556812257982,0.0028,0.27176616915422885,-0.9952923701857899,1608,6.4063745019920315,verify_turbo_v3_018670_20251215_070447
336260,-0.9809952616659874,-0.002817978292683536,-1.797829268353592e-05,0.0028,0.27756059421422985,-0.9815066049500967,1279,5.095617529880478,verify_turbo_v3_336260_20251215_070505
001720,-0.9665336082182611,-0.0025685166761872835,0.00023148332381271687,0.0028000000000000004,0.26282628262826285,-0.9671912890826639,1111,4.479838709677419,verify_turbo_v3_001720_20251215_070510
007070,-0.9803433580920635,-0.002604547501970904,0.0001954524980290963,0.0028000000000000004,0.2966616084977238,-0.9813512289719863,1318,5.561181434599156,verify_turbo_v3_007070_20251215_070812
005290,-0.9855526733699128,-0.0026327181405287558,0.00016728185947124464,0.0028000000000000004,0.26652452025586354,-0.9855526733699128,1407,5.583333333333333,verify_turbo_v3_005290_20251215_070833
336260,-0.9809952616659874,-0.002817978292683536,-1.797829268353592e-05,0.0028,0.27756059421422985,-0.9815066049500967,1279,5.095617529880478,verify_turbo_v3_336260_20251215_070918
006260,-0.9737881808923862,-0.0025783991151838758,0.0002216008848161242,0.0028,0.2944,-0.9746602867084152,1250,5.0,verify_turbo_v3_006260_20251215_070954
007070,-0.9803433580920635,-0.002604547501970904,0.0001954524980290963,0.0028000000000000004,0.2966616084977238,-0.9813512289719863,1318,5.561181434599156,verify_turbo_v3_007070_20251215_071101
005070,-0.9783643003472878,-0.00279701059553603,2.9894044639702452e-06,0.0028000000000000004,0.2512437810945274,-0.9788333875427535,1206,4.804780876494024,verify_turbo_v3_005070_20251215_071115
018670,-0.995186461071966,-0.0030118055681225796,-0.00021180556812257982,0.0028,0.27176616915422885,-0.9952923701857899,1608,6.4063745019920315,verify_turbo_v3_018670_20251215_071150
257720,-0.9691209515831939,-0.0023406912347181522,0.0004593087652818477,0.0028,0.2804780876494024,-0.9711720267782987,1255,4.98015873015873,verify_turbo_v3_257720_20251215_071155
257720,-0.9691209515831939,-0.0023406912347181522,0.0004593087652818477,0.0028,0.2804780876494024,-0.9711720267782987,1255,4.98015873015873,verify_turbo_v3_257720_20251215_071234
005290,-0.9855526733699128,-0.0026327181405287558,0.00016728185947124464,0.0028000000000000004,0.26652452025586354,-0.9855526733699128,1407,5.583333333333333,verify_turbo_v3_005290_20251215_071300
010130,-0.9687432893636666,-0.002173998820420731,0.0006260011795792696,0.0028000000000000004,0.2822706065318818,-0.9814311922295277,1286,5.103174603174603,verify_turbo_v3_010130_20251215_071310
009970,-0.9893022462572976,-0.0029327429526942207,-0.00013274295269422053,0.0028,0.2935528120713306,-0.9894300361839867,1458,5.785714285714286,verify_turbo_v3_009970_20251215_071419
009970,-0.9893022462572976,-0.0029327429526942207,-0.00013274295269422053,0.0028,0.2935528120713306,-0.9894300361839867,1458,5.785714285714286,verify_turbo_v3_009970_20251215_071456
005070,-0.9783643003472878,-0.00279701059553603,2.9894044639702452e-06,0.0028000000000000004,0.2512437810945274,-0.9788333875427535,1206,4.804780876494024,verify_turbo_v3_005070_20251215_071608
041510,-0.976476273185842,-0.0024545112268605945,0.0003454887731394059,0.0028000000000000004,0.30309901738473166,-0.9765224611968246,1323,5.270916334661354,verify_turbo_v3_041510_20251215_071750
180640,-0.9804661474766008,-0.0026963554046304803,0.0001036445953695197,0.0028,0.2802741812642803,-0.9822127308446378,1313,5.2103174603174605,verify_turbo_v3_180640_20251215_071927
004800,-0.9725432558502501,-0.002490565087197814,0.0003094349128021864,0.0028000000000000004,0.2940251572327044,-0.97361548003609,1272,5.067729083665339,verify_turbo_v3_004800_20251215_072001
240810,-0.9854713144597257,-0.0025796431824361508,0.0002203568175638492,0.0028,0.2852326365475388,-0.9855298126039721,1483,5.884920634920635,verify_turbo_v3_240810_20251215_072056
041510,-0.976476273185842,-0.0024545112268605945,0.0003454887731394059,0.0028000000000000004,0.30309901738473166,-0.9765224611968246,1323,5.270916334661354,verify_turbo_v3_041510_20251215_072349
005850,-0.9903882922166384,-0.002786124193645394,1.3875806354605915e-05,0.0028,0.28464673913043476,-0.9905226050074819,1472,5.864541832669323,verify_turbo_v3_005850_20251215_072356
035250,-0.9879488625123976,-0.0028581604136990947,-5.816041369909432e-05,0.0028000000000000004,0.2874125874125874,-0.9880333918860142,1430,5.674603174603175,verify_turbo_v3_035250_20251215_072429
000150,-0.9569206857583394,-0.002116462297959126,0.0006835377020408743,0.0028000000000000004,0.30751708428246016,-0.9594087328792902,1317,5.247011952191235,verify_turbo_v3_000150_20251215_072517
098460,-0.9715557262936015,-0.002369016947810243,0.0004309830521897571,0.0028,0.2637013502779984,-0.9738435260134375,1259,5.01593625498008,verify_turbo_v3_098460_20251215_072541
282330,-0.9923820764897485,-0.0029976547585974364,-0.0001976547585974364,0.0028,0.27158034528552455,-0.992606810194546,1506,5.976190476190476,verify_turbo_v3_282330_20251215_072629
395400,-0.9978507054754316,-0.0029656493013208015,-0.00016564930132080254,0.002799999999999999,0.2531914893617021,-0.9978507054754316,1880,7.4603174603174605,verify_turbo_v3_395400_20251215_072751
175330,-0.995820958380906,-0.003071758310163213,-0.00027175831016321324,0.0028,0.2610024449877751,-0.995820958380906,1636,6.51792828685259,verify_turbo_v3_175330_20251215_072817
004800,-0.9725432558502501,-0.002490565087197814,0.0003094349128021864,0.0028000000000000004,0.2940251572327044,-0.97361548003609,1272,5.067729083665339,verify_turbo_v3_004800_20251215_072828
005850,-0.9903882922166384,-0.002786124193645394,1.3875806354605915e-05,0.0028,0.28464673913043476,-0.9905226050074819,1472,5.864541832669323,verify_turbo_v3_005850_20251215_072830
004170,-0.9812956159693211,-0.0025000927282013,0.0002999072717987006,0.0028000000000000004,0.29225352112676056,-0.9821050500466576,1420,5.657370517928287,verify_turbo_v3_004170_20251215_072924
098460,-0.9715557262936015,-0.002369016947810243,0.0004309830521897571,0.0028,0.2637013502779984,-0.9738435260134375,1259,5.01593625498008,verify_turbo_v3_098460_20251215_073020
004170,-0.9812956159693211,-0.0025000927282013,0.0002999072717987006,0.0028000000000000004,0.29225352112676056,-0.9821050500466576,1420,5.657370517928287,verify_turbo_v3_004170_20251215_073150
282330,-0.9923820764897485,-0.0029976547585974364,-0.0001976547585974364,0.0028,0.27158034528552455,-0.992606810194546,1506,5.976190476190476,verify_turbo_v3_282330_20251215_073215
011790,-0.9708916690337027,-0.0026380261902028196,0.00016197380979718042,0.0028,0.257285595337219,-0.9724689970836027,1201,4.7848605577689245,verify_turbo_v3_011790_20251215_073230
012510,-0.990878707924678,-0.002993779996281825,-0.0001937799962818251,0.0028,0.28501055594651653,-0.990981498286166,1421,5.638888888888889,verify_turbo_v3_012510_20251215_073333
395400,-0.9978507054754316,-0.0029656493013208015,-0.00016564930132080254,0.002799999999999999,0.2531914893617021,-0.9978507054754316,1880,7.4603174603174605,verify_turbo_v3_395400_20251215_073402
012510,-0.990878707924678,-0.002993779996281825,-0.0001937799962818251,0.0028,0.28501055594651653,-0.990981498286166,1421,5.638888888888889,verify_turbo_v3_012510_20251215_073426
030530,-0.9546761362556959,-0.0024576435218525406,0.0003423564781474594,0.0028,0.2692307692307692,-0.9605290172081747,1222,4.888,verify_turbo_v3_030530_20251215_073538
097230,-0.9721776003134055,-0.0023926221974392395,0.00040737780256076047,0.0028,0.2580906148867314,-0.9765901747037863,1236,4.963855421686747,verify_turbo_v3_097230_20251215_073549
030530,-0.9546761362556959,-0.0024576435218525406,0.0003423564781474594,0.0028,0.2692307692307692,-0.9605290172081747,1222,4.888,verify_turbo_v3_030530_20251215_074243
357780,-0.9868921765505206,-0.0028640227348879156,-6.402273488791523e-05,0.0028000000000000004,0.29181752353367124,-0.9869078308980288,1381,5.48015873015873,verify_turbo_v3_357780_20251215_074321
011210,-0.9881240445806365,-0.00277279288342511,2.7207116574890378e-05,0.0028000000000000004,0.26265389876880985,-0.9884350603607581,1462,5.801587301587301,verify_turbo_v3_011210_20251215_074336
128940,-0.993120992522654,-0.0028534035903189084,-5.3403590318909034e-05,0.0027999999999999995,0.2657125077784692,-0.9932312894367064,1607,6.376984126984127,verify_turbo_v3_128940_20251215_074343
445680,-0.9553329902934269,-0.002032182120886264,0.0007678178791137359,0.0028,0.31398416886543534,-0.9567687832343938,1137,4.52988047808765,verify_turbo_v3_445680_20251215_074355
457190,-0.9854741773537948,-0.00292390043988171,-0.0001239004398817102,0.0028,0.2615262321144674,-0.9859492557020554,1258,4.992063492063492,verify_turbo_v3_457190_20251215_074518
357780,-0.9868921765505206,-0.0028640227348879156,-6.402273488791523e-05,0.0028000000000000004,0.29181752353367124,-0.9869078308980288,1381,5.48015873015873,verify_turbo_v3_357780_20251215_074525
000240,-0.9849613340168673,-0.002476237937375063,0.0003237620626249365,0.0027999999999999995,0.29938900203665986,-0.985353871137704,1473,5.868525896414343,verify_turbo_v3_000240_20251215_074615
005830,-0.9891634818130055,-0.0029956328784218277,-0.00019563287842182774,0.0028,0.28274874731567645,-0.9892235380150295,1397,5.5436507936507935,verify_turbo_v3_005830_20251215_074644
097230,-0.9721776003134055,-0.0023926221974392395,0.00040737780256076047,0.0028,0.2580906148867314,-0.9765901747037863,1236,4.963855421686747,verify_turbo_v3_097230_20251215_074708
011210,-0.9881240445806365,-0.00277279288342511,2.7207116574890378e-05,0.0028000000000000004,0.26265389876880985,-0.9884350603607581,1462,5.801587301587301,verify_turbo_v3_011210_20251215_074714
445680,-0.9553329902934269,-0.002032182120886264,0.0007678178791137359,0.0028,0.31398416886543534,-0.9567687832343938,1137,4.52988047808765,verify_turbo_v3_445680_20251215_074852
000240,-0.9849613340168673,-0.002476237937375063,0.0003237620626249365,0.0027999999999999995,0.29938900203665986,-0.985353871137704,1473,5.868525896414343,verify_turbo_v3_000240_20251215_074953
457190,-0.9854741773537948,-0.00292390043988171,-0.0001239004398817102,0.0028,0.2615262321144674,-0.9859492557020554,1258,4.992063492063492,verify_turbo_v3_457190_20251215_075034
030000,-0.9963472839481188,-0.002944091567077827,-0.00014409156707782768,0.0027999999999999995,0.2622196664749856,-0.9963597017086816,1739,6.900793650793651,verify_turbo_v3_030000_20251215_075153
035720,-0.9824088104342277,-0.0027279906168395864,7.200938316041404e-05,0.0028000000000000004,0.27113702623906705,-0.9828655764982532,1372,5.444444444444445,verify_turbo_v3_035720_20251215_075300
214370,-0.97352606804042,-0.002413964497413103,0.00038603550258689686,0.0028,0.2889637742207245,-0.9742683842146959,1187,4.7103174603174605,verify_turbo_v3_214370_20251215_075311
030000,-0.9963472839481188,-0.002944091567077827,-0.00014409156707782768,0.0027999999999999995,0.2622196664749856,-0.9963597017086816,1739,6.900793650793651,verify_turbo_v3_030000_20251215_075346
353200,-0.9638384550301684,-0.002399912971432548,0.00040008702856745215,0.0028,0.2939297124600639,-0.9641584609306931,1252,5.028112449799197,verify_turbo_v3_353200_20251215_075501
071970,-0.964278601436765,-0.0022705489840299403,0.0005294510159700597,0.0028,0.2882534775888717,-0.9649014837258434,1294,5.134920634920635,verify_turbo_v3_071970_20251215_075531
002790,-0.9952977632991272,-0.002915788746074766,-0.00011578874607476634,0.0028,0.2510312315851503,-0.9953216224262214,1697,6.734126984126984,verify_turbo_v3_002790_20251215_075603
138930,-0.980118773579328,-0.0026387405928794553,0.00016125940712054493,0.0028000000000000004,0.3028322440087146,-0.981911451671026,1377,5.48605577689243,verify_turbo_v3_138930_20251215_080159
353200,-0.9638384550301684,-0.002399912971432548,0.00040008702856745215,0.0028,0.2939297124600639,-0.9641584609306931,1252,5.028112449799197,verify_turbo_v3_353200_20251215_080204
160190,-0.9836805812712928,-0.0030013164160324728,-0.0002013164160324728,0.0028,0.265,-0.9844747042998615,1200,4.780876494023905,verify_turbo_v3_160190_20251215_080228
008770,-0.9908037921885969,-0.002746851581918043,5.314841808195733e-05,0.0028000000000000004,0.2828478964401295,-0.9909433326555934,1545,6.130952380952381,verify_turbo_v3_008770_20251215_080233
034230,-0.9759836381159298,-0.0025358140954961535,0.00026418590450384715,0.0028000000000000004,0.29295987887963665,-0.9761720898408718,1321,5.242063492063492,verify_turbo_v3_034230_20251215_080257
086280,-0.9723530888711319,-0.0024732498648515565,0.00032675013514844344,0.0028,0.3095429029671211,-0.9728759806213231,1247,4.948412698412699,verify_turbo_v3_086280_20251215_080323
160190,-0.9836805812712928,-0.0030013164160324728,-0.0002013164160324728,0.0028,0.265,-0.9844747042998615,1200,4.780876494023905,verify_turbo_v3_160190_20251215_080351
006280,-0.977868396491722,-0.002461837675758303,0.00033816232424169657,0.0028,0.3201465201465201,-0.9787260854804821,1365,5.416666666666667,verify_turbo_v3_006280_20251215_080441
002790,-0.9952977632991272,-0.002915788746074766,-0.00011578874607476634,0.0028,0.2510312315851503,-0.9953216224262214,1697,6.734126984126984,verify_turbo_v3_002790_20251215_080458
008770,-0.9908037921885969,-0.002746851581918043,5.314841808195733e-05,0.0028000000000000004,0.2828478964401295,-0.9909433326555934,1545,6.130952380952381,verify_turbo_v3_008770_20251215_080508
361610,-0.9819411411133738,-0.0027949085513019247,5.091448698075259e-06,0.0028,0.26022304832713755,-0.9819762487555678,1345,5.337301587301587,verify_turbo_v3_361610_20251215_080525
034230,-0.9759836381159298,-0.0025358140954961535,0.00026418590450384715,0.0028000000000000004,0.29295987887963665,-0.9761720898408718,1321,5.242063492063492,verify_turbo_v3_034230_20251215_080827
006280,-0.977868396491722,-0.002461837675758303,0.00033816232424169657,0.0028,0.3201465201465201,-0.9787260854804821,1365,5.416666666666667,verify_turbo_v3_006280_20251215_080831
361610,-0.9819411411133738,-0.0027949085513019247,5.091448698075259e-06,0.0028,0.26022304832713755,-0.9819762487555678,1345,5.337301587301587,verify_turbo_v3_361610_20251215_080845
226950,-0.9385774516890009,-0.0018564552188496575,0.0009435447811503425,0.0028,0.29930191972076786,-0.9543871319892624,1146,4.565737051792829,verify_turbo_v3_226950_20251215_081018
271560,-0.9908719860988223,-0.002891102973606262,-9.110297360626247e-05,0.0027999999999999995,0.2962962962962963,-0.9908972623170523,1485,5.892857142857143,verify_turbo_v3_271560_20251215_081049
226950,-0.9385774516890009,-0.0018564552188496575,0.0009435447811503425,0.0028,0.29930191972076786,-0.9543871319892624,1146,4.565737051792829,verify_turbo_v3_226950_20251215_081427
139130,-0.9910931749674539,-0.0028201414236785046,-2.0141423678504602e-05,0.0028,0.28765352294764057,-0.991159592462773,1547,6.138888888888889,verify_turbo_v3_139130_20251215_081523
000120,-0.9914777328531035,-0.002799464278053054,5.357219469460939e-07,0.0028,0.2661962796664529,-0.9916355792491415,1559,6.211155378486056,verify_turbo_v3_000120_20251215_081606
222800,-0.9512524954523909,-0.002049651967483508,0.0007503480325164922,0.0028,0.2916666666666667,-0.9517679101617675,1224,4.857142857142857,verify_turbo_v3_222800_20251215_082038
058610,-0.9809729390728424,-0.002551367332495733,0.00024863266750426707,0.0028,0.25705794947994054,-0.9845316733579399,1346,5.341269841269841,verify_turbo_v3_058610_20251215_082058
139130,-0.9910931749674539,-0.0028201414236785046,-2.0141423678504602e-05,0.0028,0.28765352294764057,-0.991159592462773,1547,6.138888888888889,verify_turbo_v3_139130_20251215_082239
088980,-0.9983033690377644,-0.002769950834514511,3.0049165485487872e-05,0.002799999999999999,0.257321171387422,-0.9983033690377644,2083,8.265873015873016,verify_turbo_v3_088980_20251215_082250
060370,-0.9860100064804602,-0.002971132580671987,-0.00017113258067198668,0.0028000000000000004,0.289068231841526,-0.9873731954793794,1363,5.452,verify_turbo_v3_060370_20251215_082307
006360,-0.980795331324017,-0.0026724715589916846,0.0001275284410083156,0.0028,0.2981651376146789,-0.9813791655784956,1308,5.211155378486056,verify_turbo_v3_006360_20251215_082322
000720,-0.9713839433600704,-0.0023615759831724405,0.0004384240168275593,0.0028,0.28520114942528735,-0.9714394750450357,1392,5.523809523809524,verify_turbo_v3_000720_20251215_082324
222800,-0.9512524954523909,-0.002049651967483508,0.0007503480325164922,0.0028,0.2916666666666667,-0.9517679101617675,1224,4.857142857142857,verify_turbo_v3_222800_20251215_082325
000120,-0.9914777328531035,-0.002799464278053054,5.357219469460939e-07,0.0028,0.2661962796664529,-0.9916355792491415,1559,6.211155378486056,verify_turbo_v3_000120_20251215_082406
006360,-0.980795331324017,-0.0026724715589916846,0.0001275284410083156,0.0028,0.2981651376146789,-0.9813791655784956,1308,5.211155378486056,verify_turbo_v3_006360_20251215_082440
204320,-0.9911860456869284,-0.0028238968849668153,-2.389688496681557e-05,0.0028,0.28994082840236685,-0.9912100752925473,1521,6.035714285714286,verify_turbo_v3_204320_20251215_082542
058610,-0.9809729390728424,-0.002551367332495733,0.00024863266750426707,0.0028,0.25705794947994054,-0.9845316733579399,1346,5.341269841269841,verify_turbo_v3_058610_20251215_082629
051910,-0.9894733548884115,-0.0028549409578505114,-5.494095785051143e-05,0.0028,0.2603219034289713,-0.9895803839974145,1429,5.670634920634921,verify_turbo_v3_051910_20251215_082732
060370,-0.9860100064804602,-0.002971132580671987,-0.00017113258067198668,0.0028000000000000004,0.289068231841526,-0.9873731954793794,1363,5.452,verify_turbo_v3_060370_20251215_082745
347850,-0.9739009228183623,-0.002311567248078217,0.0004884327519217831,0.0028,0.30612244897959184,-0.9755320761540697,1225,4.861111111111111,verify_turbo_v3_347850_20251215_082746
237690,-0.9861234690758847,-0.002757788230225236,4.221176977476423e-05,0.0028000000000000004,0.2715423606082549,-0.9865078362488383,1381,5.50199203187251,verify_turbo_v3_237690_20251215_082840
204320,-0.9911860456869284,-0.0028238968849668153,-2.389688496681557e-05,0.0028,0.28994082840236685,-0.9912100752925473,1521,6.035714285714286,verify_turbo_v3_204320_20251215_082948
004990,-0.9939615343098975,-0.00277191541930291,2.8084580697089424e-05,0.0027999999999999995,0.2537402752842609,-0.9941552562415947,1671,6.630952380952381,verify_turbo_v3_004990_20251215_083019
140410,-0.9024678094654851,-0.0018349069417083097,0.0009650930582916907,0.0028000000000000004,0.27488584474885847,-0.9047092283606449,1095,4.345238095238095,verify_turbo_v3_140410_20251215_083055
058470,-0.9909119227249521,-0.003140828230976036,-0.00034082823097603544,0.0028000000000000004,0.27482014388489207,-0.9909899423735561,1390,5.767634854771784,verify_turbo_v3_058470_20251215_083134
237690,-0.9861234690758847,-0.002757788230225236,4.221176977476423e-05,0.0028000000000000004,0.2715423606082549,-0.9865078362488383,1381,5.50199203187251,verify_turbo_v3_237690_20251215_083429
003690,-0.9952553418410895,-0.002863744679954651,-6.37446799546512e-05,0.0027999999999999995,0.2552052349791791,-0.9953180332238936,1681,6.697211155378486,verify_turbo_v3_003690_20251215_083458
018260,-0.9801903287732145,-0.0027278087147186306,7.219128528136915e-05,0.0028,0.2908950617283951,-0.9802222417129062,1296,5.163346613545817,verify_turbo_v3_018260_20251215_083559
290650,-0.9817627124119374,-0.0027538607773819387,4.61392226180613e-05,0.0028,0.27925746569814364,-0.9823642429284282,1239,4.916666666666667,verify_turbo_v3_290650_20251215_083639
140410,-0.9024678094654851,-0.0018349069417083097,0.0009650930582916907,0.0028000000000000004,0.27488584474885847,-0.9047092283606449,1095,4.345238095238095,verify_turbo_v3_140410_20251215_083744
020150,-0.9747269537851679,-0.002490490761953087,0.0003095092380469128,0.0028,0.2652905198776758,-0.9747684388060267,1308,5.190476190476191,verify_turbo_v3_020150_20251215_083837
083650,-0.9771648400828945,-0.00246360543627452,0.00033639456372547977,0.0028,0.28548256285482565,-0.981499711501001,1233,4.912350597609562,verify_turbo_v3_083650_20251215_084010
302440,-0.9834682303283233,-0.0026711081347237983,0.00012889186527620237,0.0028000000000000004,0.2634289919058131,-0.9856929025683588,1359,5.414342629482071,verify_turbo_v3_302440_20251215_084114
003690,-0.9952553418410895,-0.002863744679954651,-6.37446799546512e-05,0.0027999999999999995,0.2552052349791791,-0.9953180332238936,1681,6.697211155378486,verify_turbo_v3_003690_20251215_084156
065350,-0.9811688330834742,-0.002831720700366634,-3.1720700366633884e-05,0.0028,0.22627737226277372,-0.9844908930999584,1233,4.912350597609562,verify_turbo_v3_065350_20251215_084218
065350,-0.9811688330834742,-0.002831720700366634,-3.1720700366633884e-05,0.0028,0.22627737226277372,-0.9844908930999584,1233,4.912350597609562,verify_turbo_v3_065350_20251215_084309
083650,-0.9771648400828945,-0.00246360543627452,0.00033639456372547977,0.0028,0.28548256285482565,-0.981499711501001,1233,4.912350597609562,verify_turbo_v3_083650_20251215_084316
020150,-0.9747269537851679,-0.002490490761953087,0.0003095092380469128,0.0028,0.2652905198776758,-0.9747684388060267,1308,5.190476190476191,verify_turbo_v3_020150_20251215_084345
290650,-0.9817627124119374,-0.0027538607773819387,4.61392226180613e-05,0.0028,0.27925746569814364,-0.9823642429284282,1239,4.916666666666667,verify_turbo_v3_290650_20251215_084500
051600,-0.9929160269231181,-0.0028819378217923427,-8.19378217923434e-05,0.0027999999999999995,0.26342710997442453,-0.9929279149393713,1564,6.231075697211155,verify_turbo_v3_051600_20251215_084617
001450,-0.9954205897062521,-0.002884091427515081,-8.409142751508161e-05,0.0027999999999999995,0.23940435280641467,-0.9954205897062521,1746,6.928571428571429,verify_turbo_v3_001450_20251215_084916
009970,-0.9893022462572976,-0.0029327429526942207,-0.00013274295269422053,0.0028,0.2935528120713306,-0.9894300361839867,1458,5.785714285714286,verify_turbo_v3_009970_20251215_085042
028670,-0.9935951492619707,-0.0029069612858698864,-0.00010696128586988639,0.0028,0.26813880126182965,-0.9935951492619707,1585,6.2896825396825395,verify_turbo_v3_028670_20251215_085104
051600,-0.9929160269231181,-0.0028819378217923427,-8.19378217923434e-05,0.0027999999999999995,0.26342710997442453,-0.9929279149393713,1564,6.231075697211155,verify_turbo_v3_051600_20251215_085140
475830,-0.9691738094846556,-0.0031483839260592478,-0.00034838392605924867,0.002799999999999999,0.275,-0.9775812235540403,1000,4.878048780487805,verify_turbo_v3_475830_20251215_085244
039200,-0.9840645466556918,-0.002756248063790142,4.375193620985776e-05,0.0028,0.2814327485380117,-0.9844445893214252,1368,5.428571428571429,verify_turbo_v3_039200_20251215_085430
004170,-0.9812956159693211,-0.0025000927282013,0.0002999072717987006,0.0028000000000000004,0.29225352112676056,-0.9821050500466576,1420,5.657370517928287,verify_turbo_v3_004170_20251215_085431
028670,-0.9935951492619707,-0.0029069612858698864,-0.00010696128586988639,0.0028,0.26813880126182965,-0.9935951492619707,1585,6.2896825396825395,verify_turbo_v3_028670_20251215_085453
001450,-0.9954205897062521,-0.002884091427515081,-8.409142751508161e-05,0.0027999999999999995,0.23940435280641467,-0.9954205897062521,1746,6.928571428571429,verify_turbo_v3_001450_20251215_085456
067310,-0.9734963378920237,-0.0025071573350904488,0.0002928426649095512,0.0028,0.29258675078864355,-0.974263886167189,1268,5.031746031746032,verify_turbo_v3_067310_20251215_085600
475830,-0.9691738094846556,-0.0031483839260592478,-0.00034838392605924867,0.002799999999999999,0.275,-0.9775812235540403,1000,4.878048780487805,verify_turbo_v3_475830_20251215_085601
097230,-0.9721776003134055,-0.0023926221974392395,0.00040737780256076047,0.0028,0.2580906148867314,-0.9765901747037863,1236,4.963855421686747,verify_turbo_v3_097230_20251215_085637
267270,-0.9819538163142647,-0.002625362911499932,0.000174637088500068,0.0028,0.28498168498168497,-0.9829114631387255,1365,5.416666666666667,verify_turbo_v3_267270_20251215_085713
030530,-0.9546761362556959,-0.0024576435218525406,0.0003423564781474594,0.0028,0.2692307692307692,-0.9605290172081747,1222,4.888,verify_turbo_v3_030530_20251215_085716
357780,-0.9868921765505206,-0.0028640227348879156,-6.402273488791523e-05,0.0028000000000000004,0.29181752353367124,-0.9869078308980288,1381,5.48015873015873,verify_turbo_v3_357780_20251215_085943
012750,-0.9973730089206891,-0.003226627869250681,-0.0004266278692506815,0.0027999999999999995,0.25412735849056606,-0.9973807414245308,1696,6.73015873015873,verify_turbo_v3_012750_20251215_085945
039200,-0.9840645466556918,-0.002756248063790142,4.375193620985776e-05,0.0028,0.2814327485380117,-0.9844445893214252,1368,5.428571428571429,verify_turbo_v3_039200_20251215_085958
375500,-0.9866419042703665,-0.002721216228988497,7.878377101150358e-05,0.0028000000000000004,0.26851851851851855,-0.9868815120514159,1404,5.616,verify_turbo_v3_375500_20251215_090134
375500,-0.9866419042703665,-0.002721216228988497,7.878377101150358e-05,0.0028000000000000004,0.26851851851851855,-0.9868815120514159,1404,5.616,verify_turbo_v3_375500_20251215_090209
267270,-0.9819538163142647,-0.002625362911499932,0.000174637088500068,0.0028,0.28498168498168497,-0.9829114631387255,1365,5.416666666666667,verify_turbo_v3_267270_20251215_090240
018880,-0.992461741805126,-0.0030192860871838855,-0.00021928608718388572,0.0028,0.2611683848797251,-0.9925508022404143,1455,5.796812749003984,verify_turbo_v3_018880_20251215_090519
067310,-0.9734963378920237,-0.0025071573350904488,0.0002928426649095512,0.0028,0.29258675078864355,-0.974263886167189,1268,5.031746031746032,verify_turbo_v3_067310_20251215_090547
439260,-0.7736973081691698,-0.002974088413619673,-0.000174088413619673,0.0028,0.2292134831460674,-0.8175009201169263,445,4.944444444444445,verify_turbo_v3_439260_20251215_090609
023530,-0.9936071783598786,-0.002585456834782155,0.0002145431652178448,0.0028,0.29700115340253747,-0.9937385276638628,1734,6.880952380952381,verify_turbo_v3_023530_20251215_090720
457190,-0.9854741773537948,-0.00292390043988171,-0.0001239004398817102,0.0028,0.2615262321144674,-0.9859492557020554,1258,4.992063492063492,verify_turbo_v3_457190_20251215_090821
004370,-0.9896279446411961,-0.002701723287301363,9.827671269863731e-05,0.0028,0.27680965147453085,-0.9896279446411961,1492,5.920634920634921,verify_turbo_v3_004370_20251215_090939
018880,-0.992461741805126,-0.0030192860871838855,-0.00021928608718388572,0.0028,0.2611683848797251,-0.9925508022404143,1455,5.796812749003984,verify_turbo_v3_018880_20251215_091031
010060,-0.9808228696372845,-0.0026740987073220336,0.00012590129267796638,0.0028,0.27438136826783116,-0.9809501419498493,1374,5.4523809523809526,verify_turbo_v3_010060_20251215_091135
011210,-0.9881240445806365,-0.00277279288342511,2.7207116574890378e-05,0.0028000000000000004,0.26265389876880985,-0.9884350603607581,1462,5.801587301587301,verify_turbo_v3_011210_20251215_091146
462870,-0.9891853553808778,-0.0028462376117737703,-4.6237611773769635e-05,0.0028000000000000004,0.26250856751199453,-0.9893414408889831,1459,5.812749003984064,verify_turbo_v3_462870_20251215_091253
004370,-0.9896279446411961,-0.002701723287301363,9.827671269863731e-05,0.0028,0.27680965147453085,-0.9896279446411961,1492,5.920634920634921,verify_turbo_v3_004370_20251215_091356
023530,-0.9936071783598786,-0.002585456834782155,0.0002145431652178448,0.0028,0.29700115340253747,-0.9937385276638628,1734,6.880952380952381,verify_turbo_v3_023530_20251215_091421
003570,-0.9735083007795243,-0.0022257781400768944,0.000574221859923106,0.0028000000000000004,0.30541141586360265,-0.9750860175734362,1349,5.353174603174603,verify_turbo_v3_003570_20251215_091510
010060,-0.9808228696372845,-0.0026740987073220336,0.00012590129267796638,0.0028,0.27438136826783116,-0.9809501419498493,1374,5.4523809523809526,verify_turbo_v3_010060_20251215_091610
032350,-0.9813667914579526,-0.0025859150353915793,0.00021408496460842115,0.0028000000000000004,0.29273661041819515,-0.9815237026877803,1363,5.408730158730159,verify_turbo_v3_032350_20251215_091637
462870,-0.9891853553808778,-0.0028462376117737703,-4.6237611773769635e-05,0.0028000000000000004,0.26250856751199453,-0.9893414408889831,1459,5.812749003984064,verify_turbo_v3_462870_20251215_091846
073240,-0.9903207365370985,-0.0029798059768137643,-0.00017980597681376475,0.0027999999999999995,0.27205387205387205,-0.9904028293265256,1485,5.916334661354582,verify_turbo_v3_073240_20251215_092050
073240,-0.9903207365370985,-0.0029798059768137643,-0.00017980597681376475,0.0027999999999999995,0.27205387205387205,-0.9904028293265256,1485,5.916334661354582,verify_turbo_v3_073240_20251215_092118
032350,-0.9813667914579526,-0.0025859150353915793,0.00021408496460842115,0.0028000000000000004,0.29273661041819515,-0.9815237026877803,1363,5.408730158730159,verify_turbo_v3_032350_20251215_092204
003570,-0.9735083007795243,-0.0022257781400768944,0.000574221859923106,0.0028000000000000004,0.30541141586360265,-0.9750860175734362,1349,5.353174603174603,verify_turbo_v3_003570_20251215_092310
000240,-0.9849613340168673,-0.002476237937375063,0.0003237620626249365,0.0027999999999999995,0.29938900203665986,-0.985353871137704,1473,5.868525896414343,verify_turbo_v3_000240_20251215_092334
483650,-0.8699093037732237,-0.0024500659606968935,0.00034993403930310687,0.0028000000000000004,0.3118594436310395,-0.8941849063367877,683,4.878571428571429,verify_turbo_v3_483650_20251215_092344
403870,-0.9922872460237893,-0.0030930417565254303,-0.0002930417565254297,0.0028000000000000004,0.24948168624740844,-0.9923925760528176,1447,5.742063492063492,verify_turbo_v3_403870_20251215_092443
353200,-0.9638384550301684,-0.002399912971432548,0.00040008702856745215,0.0028,0.2939297124600639,-0.9641584609306931,1252,5.028112449799197,verify_turbo_v3_353200_20251215_092526
002790,-0.9952977632991272,-0.002915788746074766,-0.00011578874607476634,0.0028,0.2510312315851503,-0.9953216224262214,1697,6.734126984126984,verify_turbo_v3_002790_20251215_092635
012510,-0.990878707924678,-0.002993779996281825,-0.0001937799962818251,0.0028,0.28501055594651653,-0.990981498286166,1421,5.638888888888889,verify_turbo_v3_012510_20251215_092643
069960,-0.988305979014857,-0.0025377248811432997,0.0002622751188566996,0.0027999999999999995,0.30559006211180123,-0.9889665942313429,1610,6.388888888888889,verify_turbo_v3_069960_20251215_092705
008930,-0.9864344504702999,-0.002800678296452881,-6.782964528805231e-07,0.0028000000000000004,0.2720797720797721,-0.9867085463538039,1404,5.5936254980079685,verify_turbo_v3_008930_20251215_092728
112610,-0.982378418823124,-0.002696883141059439,0.0001031168589405607,0.0028,0.27279635258358664,-0.9826662529171564,1316,5.222222222222222,verify_turbo_v3_112610_20251215_092844
483650,-0.8699093037732237,-0.0024500659606968935,0.00034993403930310687,0.0028000000000000004,0.3118594436310395,-0.8941849063367877,683,4.878571428571429,verify_turbo_v3_483650_20251215_092935
160190,-0.9836805812712928,-0.0030013164160324728,-0.0002013164160324728,0.0028,0.265,-0.9844747042998615,1200,4.780876494023905,verify_turbo_v3_160190_20251215_093012
317450,-0.45494535940393055,-0.0027023290926450182,9.76709073549813e-05,0.0027999999999999995,0.24537037037037038,-0.518394797188745,216,4.5,verify_turbo_v3_317450_20251215_093111
456160,-0.6141035560252122,-0.002084994405296005,0.0007150055947039956,0.0028000000000000004,0.26869806094182824,-0.772106318133344,361,4.402439024390244,verify_turbo_v3_456160_20251215_093238
069960,-0.988305979014857,-0.0025377248811432997,0.0002622751188566996,0.0027999999999999995,0.30559006211180123,-0.9889665942313429,1610,6.388888888888889,verify_turbo_v3_069960_20251215_093244
112610,-0.982378418823124,-0.002696883141059439,0.0001031168589405607,0.0028,0.27279635258358664,-0.9826662529171564,1316,5.222222222222222,verify_turbo_v3_112610_20251215_093453
139480,-0.985616877322484,-0.0026921041585666384,0.000107895841433362,0.0028000000000000004,0.2562326869806094,-0.9863847400410769,1444,5.73015873015873,verify_turbo_v3_139480_20251215_093702
424870,-0.8780543690531916,-0.0023278964915730343,0.00047210350842696565,0.0028,0.26005361930294907,-0.9125708485604082,746,5.216783216783217,verify_turbo_v3_424870_20251215_093733
000990,-0.9875440954757236,-0.0028604323429318717,-6.043234293187107e-05,0.0028000000000000004,0.2722063037249284,-0.9879156791799528,1396,5.5396825396825395,verify_turbo_v3_000990_20251215_093955
084370,-0.9722903205537533,-0.002408934742088569,0.00039106525791143126,0.0028000000000000004,0.2951310861423221,-0.973790947647461,1335,5.318725099601593,verify_turbo_v3_084370_20251215_094016
008770,-0.9908037921885969,-0.002746851581918043,5.314841808195733e-05,0.0028000000000000004,0.2828478964401295,-0.9909433326555934,1545,6.130952380952381,verify_turbo_v3_008770_20251215_094047
466100,-0.9574214278061943,-0.002352639688100306,0.00044736031189969395,0.0028,0.27034120734908135,-0.9651281859737121,1143,4.535714285714286,verify_turbo_v3_466100_20251215_094116
035900,-0.9888628145194702,-0.002813649128138835,-1.3649128138835172e-05,0.0028,0.27170077628793227,-0.9888859020953407,1417,5.623015873015873,verify_turbo_v3_035900_20251215_094222
006280,-0.977868396491722,-0.002461837675758303,0.00033816232424169657,0.0028,0.3201465201465201,-0.9787260854804821,1365,5.416666666666667,verify_turbo_v3_006280_20251215_094231
003380,-0.9768295901981806,-0.0024718989173543897,0.00032810108264561054,0.0028,0.25725190839694656,-0.9837732338597996,1310,5.219123505976095,verify_turbo_v3_003380_20251215_094441
192820,-0.9867163495762328,-0.002690866088917417,0.00010913391108258348,0.0028000000000000004,0.29113018597997137,-0.987309285745152,1398,5.5476190476190474,verify_turbo_v3_192820_20251215_094548
047040,-0.9888259985200715,-0.002831915972860936,-3.191597286093589e-05,0.0028,0.2348586810228802,-0.9889089413405406,1486,5.944,verify_turbo_v3_047040_20251215_094607
078600,-0.9916755256749001,-0.003282597771894667,-0.0004825977718946673,0.0028,0.24846153846153846,-0.9920900175659789,1300,5.158730158730159,verify_turbo_v3_078600_20251215_094701
285130,-0.9829212756747066,-0.0027835149319469675,1.6485068053032938e-05,0.0028000000000000004,0.2557111274871039,-0.9831089539639954,1357,5.428,verify_turbo_v3_285130_20251215_094705
365550,-0.9957428292489626,-0.0030581255331596727,-0.0002581255331596733,0.0027999999999999995,0.2632850241545894,-0.9958875197661755,1656,6.597609561752988,verify_turbo_v3_365550_20251215_094708
047040,-0.9888259985200715,-0.002831915972860936,-3.191597286093589e-05,0.0028,0.2348586810228802,-0.9889089413405406,1486,5.944,verify_turbo_v3_047040_20251215_094712
348370,-0.979207258249092,-0.002893168278540149,-9.316827854014909e-05,0.0028,0.23931623931623933,-0.9810778036260718,1170,4.642857142857143,verify_turbo_v3_348370_20251215_094735
096530,-0.9940803586778163,-0.0029040734013287507,-0.00010407340132875093,0.0028,0.24640400250156347,-0.9941573656655426,1599,6.345238095238095,verify_turbo_v3_096530_20251215_094751
069620,-0.9788359025135184,-0.0023937163140415802,0.00040628368595841974,0.0028,0.33552151714077316,-0.978916455841619,1371,5.440476190476191,verify_turbo_v3_069620_20251215_095035
006120,-0.9598388096197326,-0.002568575169383375,0.000231424830616625,0.0028,0.28460877042132415,-0.9600068906101237,1163,4.633466135458168,verify_turbo_v3_006120_20251215_095047
489790,-0.977984128794305,-0.00254141831701242,0.00025858168298758047,0.0028000000000000004,0.268511593118923,-0.9790584438200017,1337,5.305555555555555,verify_turbo_v3_489790_20251215_095300
361610,-0.9819411411133738,-0.0027949085513019247,5.091448698075259e-06,0.0028,0.26022304832713755,-0.9819762487555678,1345,5.337301587301587,verify_turbo_v3_361610_20251215_095517
020560,-0.9933697730819744,-0.0029242930170470622,-0.0001242930170470629,0.0027999999999999995,0.24685929648241206,-0.9936742206251311,1592,6.317460317460317,verify_turbo_v3_020560_20251215_095528
095340,-0.9864798922959337,-0.002763348493958878,3.665150604112216e-05,0.0028,0.2750179985601152,-0.9865372061213173,1389,5.53386454183267,verify_turbo_v3_095340_20251215_095543
456160,-0.6141035560252122,-0.002084994405296005,0.0007150055947039956,0.0028000000000000004,0.26869806094182824,-0.772106318133344,361,4.402439024390244,verify_turbo_v3_456160_20251215_095624
007340,-0.9942156907155413,-0.003013029652495062,-0.00021302965249506232,0.0027999999999999995,0.2466281310211946,-0.9942209315886124,1557,6.178571428571429,verify_turbo_v3_007340_20251215_095719
317450,-0.45494535940393055,-0.0027023290926450182,9.76709073549813e-05,0.0027999999999999995,0.24537037037037038,-0.518394797188745,216,4.5,verify_turbo_v3_317450_20251215_095737
249420,-0.9329263172001655,-0.002096475085756531,0.0007035249142434688,0.0028,0.2793851717902351,-0.9399378829827797,1106,4.459677419354839,verify_turbo_v3_249420_20251215_095738
030000,-0.9963472839481188,-0.002944091567077827,-0.00014409156707782768,0.0027999999999999995,0.2622196664749856,-0.9963597017086816,1739,6.900793650793651,verify_turbo_v3_030000_20251215_095743
415640,-0.9930005117895532,-0.0033182505373933443,-0.0005182505373933438,0.0028000000000000004,0.21841541755888652,-0.9930150647502994,1401,5.626506024096385,verify_turbo_v3_415640_20251215_095851
348370,-0.979207258249092,-0.002893168278540149,-9.316827854014909e-05,0.0028,0.23931623931623933,-0.9810778036260718,1170,4.642857142857143,verify_turbo_v3_348370_20251215_095952
139130,-0.9910931749674539,-0.0028201414236785046,-2.0141423678504602e-05,0.0028,0.28765352294764057,-0.991159592462773,1547,6.138888888888889,verify_turbo_v3_139130_20251215_100014
003380,-0.9768295901981806,-0.0024718989173543897,0.00032810108264561054,0.0028,0.25725190839694656,-0.9837732338597996,1310,5.219123505976095,verify_turbo_v3_003380_20251215_100027
001740,-0.9956876935954513,-0.003101718403412735,-0.0003017184034127346,0.0028000000000000004,0.24798011187072716,-0.9957076933431513,1609,6.384920634920635,verify_turbo_v3_001740_20251215_100241
000815,-0.9953767207472352,-0.0028518436604472596,-5.184366044726002e-05,0.0027999999999999995,0.28169014084507044,-0.9955378290282054,1704,6.761904761904762,verify_turbo_v3_000815_20251215_100301
222800,-0.9512524954523909,-0.002049651967483508,0.0007503480325164922,0.0028,0.2916666666666667,-0.9517679101617675,1224,4.857142857142857,verify_turbo_v3_222800_20251215_100321
000120,-0.9914777328531035,-0.002799464278053054,5.357219469460939e-07,0.0028,0.2661962796664529,-0.9916355792491415,1559,6.211155378486056,verify_turbo_v3_000120_20251215_100338
424870,-0.8780543690531916,-0.0023278964915730343,0.00047210350842696565,0.0028,0.26005361930294907,-0.9125708485604082,746,5.216783216783217,verify_turbo_v3_424870_20251215_100435
001430,-0.9896718148022208,-0.0029563358134306467,-0.00015633581343064604,0.0028000000000000004,0.28422515635858236,-0.9905309235264986,1439,5.7103174603174605,verify_turbo_v3_001430_20251215_100442
005300,-0.9922125077806552,-0.0028556434611311772,-5.5643461131177265e-05,0.0028,0.2858982614294913,-0.9922125077806552,1553,6.187250996015936,verify_turbo_v3_005300_20251215_100445
001430,-0.9896718148022208,-0.0029563358134306467,-0.00015633581343064604,0.0028000000000000004,0.28422515635858236,-0.9905309235264986,1439,5.7103174603174605,verify_turbo_v3_001430_20251215_100446
300720,-0.9827774083917675,-0.0029518757270493323,-0.00015187572704933273,0.0027999999999999995,0.2912698412698413,-0.9837728894877509,1260,5.0199203187251,verify_turbo_v3_300720_20251215_100508
376900,-0.7758808300372565,-0.001716402398541483,0.001083597601458517,0.0028,0.25844346549192365,-0.8056379902653107,681,4.63265306122449,verify_turbo_v3_376900_20251215_100558
006360,-0.980795331324017,-0.0026724715589916846,0.0001275284410083156,0.0028,0.2981651376146789,-0.9813791655784956,1308,5.211155378486056,verify_turbo_v3_006360_20251215_100607
060370,-0.9860100064804602,-0.002971132580671987,-0.00017113258067198668,0.0028000000000000004,0.289068231841526,-0.9873731954793794,1363,5.452,verify_turbo_v3_060370_20251215_100653
103140,-0.9797574321992791,-0.0026808873186221984,0.00011911268137780205,0.0028000000000000004,0.26816479400749066,-0.9801684252364802,1335,5.2976190476190474,verify_turbo_v3_103140_20251215_100931
