symbol,regime,net_expectancy,trades,win_rate,cost_avg
005930,UNCERTAIN,-0.0027999999999999995,738,0.0,0.0027999999999999995
005930,UNCERTAIN,-0.0027999999999999995,738,0.0,0.0027999999999999995
005930,UNCERTAIN,-0.0027999999999999995,738,0.0,0.0027999999999999995
005930,PANIC,-0.0027999999999999995,738,0.0,0.0027999999999999995
005930,PANIC,0.0,738,1.0,0.0027999999999999995
005930,PANIC,0.0,738,1.0,0.0027999999999999995
005930,PANIC,0.0,738,1.0,0.0027999999999999995
005930,PANIC,0.0,738,1.0,0.0027999999999999995
005930,PANIC,0.0,738,1.0,0.0027999999999999995
005930,UNCERTAIN,-0.0027798912119313133,369,0.2222222222222222,0.0027999999999999995
005930,UNCERTAIN,-0.0027798912119313133,369,0.2222222222222222,0.0027999999999999995
005930,UNCERTAIN,-0.0027798912119313133,369,0.2222222222222222,0.0027999999999999995
005930,UNCERTAIN,-0.0027798912119313133,369,0.2222222222222222,0.0027999999999999995
005930,UNCERTAIN,-0.0027798912119313133,369,0.2222222222222222,0.0027999999999999995
005930,UNCERTAIN,-0.0027798912119313133,369,0.2222222222222222,0.0027999999999999995
005930,CHOP_LOWVOL,-0.0027798912119313133,369,0.2222222222222222,0.0027999999999999995
005930,CHOP_LOWVOL,-0.0027798912119313133,369,0.2222222222222222,0.0027999999999999995
005930,CHOP_LOWVOL,-0.0022483885618299476,61,0.26229508196721313,0.0027999999999999995
377300,TREND_DOWN,-0.00775049504950495,1,0.0,0.0028
377300,CHOP_HIGHVOL,-0.004511963821359916,102,0.3137254901960784,0.0028000000000000013
377300,CHOP_LOWVOL,-0.0027937504835036835,1324,0.24697885196374622,0.0028000000000000004
377300,PANIC,0.01501070241340766,23,0.391304347826087,0.0027999999999999995
298040,TREND_UP,-0.00236719486546549,5,0.4,0.0028
298040,CHOP_HIGHVOL,-0.00465465721269136,51,0.29411764705882354,0.0027999999999999995
298040,CHOP_LOWVOL,-0.0021396579030650113,1188,0.3055555555555556,0.0028
298040,PANIC,-0.001160539239595337,28,0.42857142857142855,0.0027999999999999995
402340,TREND_UP,0.009407402918426426,5,0.8,0.0028
402340,TREND_DOWN,0.005952387014640357,2,0.5,0.0028
402340,CHOP_HIGHVOL,-0.00017722336537099237,92,0.358695652173913,0.0028000000000000004
402340,CHOP_LOWVOL,-0.0024977294929549535,1193,0.28415758591785417,0.0028
402340,PANIC,-0.006162226181239473,24,0.20833333333333334,0.0028
047050,TREND_UP,0.0006297052154195007,2,0.5,0.0028
047050,CHOP_HIGHVOL,-0.0006111888544761946,49,0.3877551020408163,0.0028
047050,CHOP_LOWVOL,-0.0028045565215237215,1286,0.2620528771384137,0.0028000000000000004
047050,PANIC,-0.005160214537135117,15,0.26666666666666666,0.002799999999999999
307950,TREND_UP,0.028979781482980842,8,0.5,0.0028
307950,TREND_DOWN,0.0030517555266579978,1,1.0,0.0028
307950,CHOP_HIGHVOL,-0.004150070779300916,32,0.21875,0.0028
307950,CHOP_LOWVOL,-0.002745888865217214,1158,0.2970639032815199,0.0028
307950,PANIC,-0.0001433286574327704,29,0.4827586206896552,0.0027999999999999995
005930,TREND_UP,-0.0074605362535232755,3,0.0,0.0028
005930,TREND_DOWN,-0.00381010101010101,1,0.0,0.0028
005930,CHOP_LOWVOL,-0.0026992349518661168,1508,0.2738726790450928,0.0028000000000000004
005930,PANIC,-0.002894057664812356,8,0.375,0.0028
003550,TREND_UP,0.0029513003172026366,2,1.0,0.0028
003550,CHOP_HIGHVOL,-0.01749335813799782,3,0.0,0.0028
003550,CHOP_LOWVOL,-0.0029625411911186773,1616,0.25123762376237624,0.0027999999999999995
003550,PANIC,-0.00325009263680553,20,0.3,0.0027999999999999995
005490,CHOP_LOWVOL,-0.0030057813927671356,1471,0.2515295717199184,0.0028
005490,PANIC,0.002614611563876761,10,0.6,0.0028
000880,TREND_UP,0.01634644432779556,4,0.5,0.0028
000880,TREND_DOWN,0.0025603335318642047,1,1.0,0.0028
000880,CHOP_HIGHVOL,-0.003705838502530367,65,0.38461538461538464,0.0028
000880,CHOP_LOWVOL,-0.0024134154384685396,1246,0.2897271268057785,0.0027999999999999995
000880,PANIC,-0.005997171614467817,19,0.3684210526315789,0.0027999999999999995
000660,TREND_UP,-0.0010032237542716574,5,0.2,0.0028
000660,TREND_DOWN,-0.0028,1,0.0,0.0028
000660,CHOP_HIGHVOL,0.0006207635079767777,13,0.3076923076923077,0.0027999999999999995
000660,CHOP_LOWVOL,-0.0027018975459750794,1331,0.29827197595792637,0.0028000000000000004
000660,PANIC,-0.001533984224513757,20,0.25,0.0027999999999999995
247540,TREND_UP,-0.009452248347218157,7,0.2857142857142857,0.0028
247540,TREND_DOWN,-0.007131495537744717,2,0.0,0.0028
247540,CHOP_HIGHVOL,-0.00039147754006898855,12,0.08333333333333333,0.0028
247540,CHOP_LOWVOL,-0.0025509791391815704,1095,0.25205479452054796,0.0028000000000000004
247540,PANIC,-0.0031252988999505536,37,0.3783783783783784,0.0027999999999999995
000100,TREND_UP,0.008246571209058952,2,0.5,0.0028
000100,TREND_DOWN,-0.001985667752442997,1,1.0,0.0028
000100,CHOP_HIGHVOL,0.0088471428648158,2,1.0,0.0028
000100,CHOP_LOWVOL,-0.002964555049746547,1237,0.26434923201293453,0.0027999999999999995
000100,PANIC,-0.0028717075541362185,24,0.25,0.0028
352820,TREND_UP,-0.008614182750529137,3,0.3333333333333333,0.0028
352820,CHOP_HIGHVOL,-0.00198002492711155,15,0.4,0.002799999999999999
352820,CHOP_LOWVOL,-0.0027862536060415328,1586,0.26670870113493067,0.0027999999999999995
352820,PANIC,-0.0038365955581066407,17,0.23529411764705882,0.0028
039490,TREND_DOWN,-0.0036431703204047217,1,0.0,0.0028
039490,CHOP_HIGHVOL,-0.004265107826074253,102,0.28431372549019607,0.0028000000000000013
039490,CHOP_LOWVOL,-0.002283826863523847,1361,0.30124908155767816,0.0028000000000000004
039490,PANIC,-0.0003867720101145703,22,0.5,0.002799999999999999
035420,TREND_UP,-0.02098181818181818,1,0.0,0.0028
035420,CHOP_HIGHVOL,-0.006665283193706928,12,0.3333333333333333,0.0028
035420,CHOP_LOWVOL,-0.0030781407493702395,1509,0.26110006626905236,0.0028
035420,PANIC,-0.004097291506539167,24,0.3333333333333333,0.0028
006400,TREND_UP,0.008063350485991995,1,1.0,0.0028
006400,CHOP_HIGHVOL,0.0008223697437589566,20,0.4,0.0027999999999999995
006400,CHOP_LOWVOL,-0.00274773302493054,1309,0.2666157372039725,0.0028000000000000004
006400,PANIC,-0.002949497555045792,18,0.4444444444444444,0.0027999999999999995
028300,TREND_UP,0.007815346561864452,2,0.5,0.0028
028300,CHOP_HIGHVOL,-0.004807913012575167,30,0.3333333333333333,0.002799999999999999
028300,CHOP_LOWVOL,-0.002921589759709199,1169,0.272027373823781,0.0028
028300,PANIC,-0.00012488817081631343,23,0.4782608695652174,0.0027999999999999995
071050,TREND_UP,-0.0036525149190110824,1,0.0,0.0028
071050,CHOP_HIGHVOL,-0.0006186675412772876,18,0.5,0.0027999999999999995
071050,CHOP_LOWVOL,-0.002505159908998483,1418,0.3159379407616361,0.0028
071050,PANIC,0.0001429387806974468,18,0.4444444444444444,0.0027999999999999995
006800,CHOP_HIGHVOL,-0.0018131399228386554,74,0.25675675675675674,0.0028
006800,CHOP_LOWVOL,-0.0021080390839251146,1317,0.2809415337889142,0.0028000000000000004
006800,PANIC,-0.0065736069386956135,22,0.22727272727272727,0.002799999999999999
373220,CHOP_HIGHVOL,-0.001937602276155514,5,0.2,0.0028
373220,CHOP_LOWVOL,-0.0028298376371474966,1344,0.27232142857142855,0.0028000000000000004
373220,PANIC,-0.00506727682711216,20,0.35,0.0027999999999999995
024110,TREND_DOWN,0.0006387895460797798,1,1.0,0.0028
024110,CHOP_HIGHVOL,-0.005811124053423694,2,0.5,0.0028
024110,CHOP_LOWVOL,-0.0027965705972268673,1565,0.27092651757188496,0.0028
024110,PANIC,-0.001007596375867143,32,0.5,0.0028
005940,TREND_UP,0.015390012983256308,2,1.0,0.0028
005940,TREND_DOWN,-0.0006617248752672843,1,1.0,0.0028
005940,CHOP_HIGHVOL,-0.0028791123938798047,26,0.3076923076923077,0.0027999999999999995
005940,CHOP_LOWVOL,-0.0026779199880479897,1408,0.2947443181818182,0.0028
005940,PANIC,0.0003008811612082124,28,0.35714285714285715,0.0027999999999999995
196170,TREND_UP,0.0006320688563353116,2,0.5,0.0028
196170,TREND_DOWN,0.0041930069930069935,1,1.0,0.0028
196170,CHOP_HIGHVOL,-0.0047420227176577625,30,0.3,0.002799999999999999
196170,CHOP_LOWVOL,-0.0025990345553322134,1194,0.2562814070351759,0.0028
196170,PANIC,0.0016449641274559187,18,0.3888888888888889,0.0027999999999999995
055550,CHOP_LOWVOL,-0.0028913392747163223,1575,0.25142857142857145,0.0028
055550,PANIC,-0.0011515203959441699,19,0.47368421052631576,0.0027999999999999995
207940,TREND_UP,0.02125167363543335,1,1.0,0.0028
207940,CHOP_HIGHVOL,0.056092815076560665,1,1.0,0.0028
207940,CHOP_LOWVOL,-0.002704154294277728,1302,0.28110599078341014,0.0028
207940,PANIC,-0.004112345211875023,30,0.3333333333333333,0.002799999999999999
034220,TREND_UP,-0.01044715362028223,3,0.0,0.0028
034220,CHOP_HIGHVOL,0.005581638301117915,2,0.5,0.0028
034220,CHOP_LOWVOL,-0.0024277433272849613,1286,0.26360808709175737,0.0028000000000000004
034220,PANIC,-0.0027115951558830077,25,0.32,0.0027999999999999995
278470,TREND_UP,0.020896682464454974,1,1.0,0.0028
278470,CHOP_HIGHVOL,-0.003689393075205105,121,0.2975206611570248,0.0027999999999999995
278470,CHOP_LOWVOL,-0.002490899451575157,1228,0.2744299674267101,0.0027999999999999995
278470,PANIC,-0.003481396297753646,25,0.48,0.0027999999999999995
259960,CHOP_HIGHVOL,-0.0056955592403308015,4,0.5,0.0028
259960,CHOP_LOWVOL,-0.0031261252651686626,1441,0.2546842470506593,0.0028000000000000004
259960,PANIC,-0.005166741060652161,24,0.3333333333333333,0.0028
033780,TREND_UP,-0.0254027397260274,1,0.0,0.0028
033780,CHOP_HIGHVOL,0.0006578146611341631,1,1.0,0.0028
033780,CHOP_LOWVOL,-0.0030654700127989163,1384,0.29263005780346824,0.0028000000000000004
033780,PANIC,-0.0032521264331283185,34,0.3235294117647059,0.0028
161390,TREND_UP,-0.005192344497607655,1,0.0,0.0028
161390,CHOP_HIGHVOL,-0.0024996427520420765,9,0.4444444444444444,0.0028
161390,CHOP_LOWVOL,-0.0025565782942517123,1495,0.3010033444816054,0.0028
161390,PANIC,-0.0034155666226492244,21,0.3333333333333333,0.002799999999999999
010140,TREND_UP,0.035448278745706864,3,1.0,0.0028
010140,CHOP_HIGHVOL,-0.0042376034538424215,19,0.2631578947368421,0.0027999999999999995
010140,CHOP_LOWVOL,-0.0026742373831171243,1226,0.2765089722675367,0.0028
010140,PANIC,-0.0025105695687252776,18,0.3888888888888889,0.0027999999999999995
042660,TREND_UP,-0.01027214086996604,3,0.3333333333333333,0.0028
042660,TREND_DOWN,-0.0059383391234718134,2,0.0,0.0028
042660,CHOP_HIGHVOL,-0.0003324298359179542,52,0.40384615384615385,0.0027999999999999995
042660,CHOP_LOWVOL,-0.002098892925861592,1143,0.3009623797025372,0.0028
042660,PANIC,0.001343262166407705,23,0.30434782608695654,0.0027999999999999995
005935,TREND_UP,-0.0019925809161432644,3,0.6666666666666666,0.0028
005935,CHOP_LOWVOL,-0.002641716999242416,1584,0.27714646464646464,0.0028
005935,PANIC,-0.0018558239086626325,22,0.5454545454545454,0.002799999999999999
277810,TREND_UP,-0.028379017190868387,2,0.0,0.0028
277810,CHOP_HIGHVOL,-0.0014052934588349671,75,0.32,0.0028
277810,CHOP_LOWVOL,-0.002423976498716044,1248,0.2620192307692308,0.0028
277810,PANIC,0.004570447309596573,20,0.45,0.0027999999999999995
087010,TREND_UP,0.05559299743555536,2,1.0,0.0028
087010,TREND_DOWN,-0.0052783147459727385,1,0.0,0.0028
087010,CHOP_HIGHVOL,-0.0038173322606842937,143,0.3356643356643357,0.0028
087010,CHOP_LOWVOL,-0.0020366130730598416,1028,0.2908560311284047,0.002799999999999999
087010,PANIC,0.011971048661615734,22,0.5,0.002799999999999999
017670,CHOP_HIGHVOL,-0.004648428835489833,1,0.0,0.0028
017670,CHOP_LOWVOL,-0.0029317570913957305,2126,0.24459078080903104,0.0027999999999999995
017670,PANIC,-0.001643827930540738,10,0.4,0.0028
267250,TREND_UP,0.005038347859428584,3,0.6666666666666666,0.0028
267250,CHOP_HIGHVOL,-0.0043682681954922906,26,0.19230769230769232,0.0027999999999999995
267250,CHOP_LOWVOL,-0.002640620745471881,1385,0.27220216606498193,0.0028
267250,PANIC,-0.0020688201060972055,27,0.37037037037037035,0.0027999999999999995
0126Z0,CHOP_HIGHVOL,0.005363401609328581,40,0.35,0.0028
0126Z0,CHOP_LOWVOL,-0.002797137525220887,21,0.19047619047619047,0.002799999999999999
0126Z0,PANIC,0.027805404151311917,2,0.5,0.0028
005387,TREND_UP,-0.0005303202790119458,4,0.75,0.0028
005387,TREND_DOWN,-0.005570310592331824,2,0.0,0.0028
005387,CHOP_HIGHVOL,-0.009959904534606205,1,0.0,0.0028
005387,CHOP_LOWVOL,-0.0024988241707505697,1249,0.3018414731785428,0.0028
005387,PANIC,-0.002955262072667514,38,0.2894736842105263,0.0027999999999999995
000810,CHOP_HIGHVOL,-0.005683899262884909,3,0.0,0.0028
000810,CHOP_LOWVOL,-0.0028547300877476423,1454,0.2551581843191197,0.0028
000810,PANIC,-0.005147581566165172,35,0.2571428571428571,0.0027999999999999995
012330,CHOP_HIGHVOL,0.0014553191489361703,1,1.0,0.0028
012330,CHOP_LOWVOL,-0.002889756464932585,1582,0.2610619469026549,0.0028
012330,PANIC,0.00221496469393278,26,0.5384615384615384,0.0027999999999999995
042700,TREND_UP,0.013785702557510663,3,0.6666666666666666,0.0028
042700,TREND_DOWN,-0.0028,1,0.0,0.0028
042700,CHOP_HIGHVOL,-0.0011761019912995252,16,0.25,0.0028
042700,CHOP_LOWVOL,-0.0022793912404191225,1154,0.2668977469670711,0.0028000000000000004
042700,PANIC,-0.005298477232051617,19,0.3157894736842105,0.0027999999999999995
005380,TREND_UP,-0.004625290460747304,2,0.5,0.0028
005380,CHOP_HIGHVOL,-0.0038986590449993554,2,0.5,0.0028
005380,CHOP_LOWVOL,-0.0028241734871944785,1658,0.26537997587454765,0.0027999999999999995
005380,PANIC,0.0007107418097124741,18,0.3888888888888889,0.0027999999999999995
021240,TREND_UP,0.03048942810337159,3,1.0,0.0028
021240,CHOP_HIGHVOL,-0.004492701558462639,24,0.2916666666666667,0.0028
021240,CHOP_LOWVOL,-0.003363404362067957,1429,0.2596221133659902,0.0028
021240,PANIC,-0.0005155936818694068,18,0.5,0.0027999999999999995
010950,TREND_UP,0.026117945579512285,2,1.0,0.0028
010950,TREND_DOWN,0.0006305317324185248,1,1.0,0.0028
010950,CHOP_HIGHVOL,0.003886246738680549,8,0.5,0.0028
010950,CHOP_LOWVOL,-0.002853640798022976,1712,0.2517523364485981,0.0028
010950,PANIC,-0.0033625677164527993,18,0.3333333333333333,0.0027999999999999995
066570,TREND_UP,0.008225358324145534,1,1.0,0.0028
066570,CHOP_LOWVOL,-0.0029284834392701822,1445,0.2512110726643599,0.0028
066570,PANIC,-0.0007354805086289698,21,0.5714285714285714,0.002799999999999999
016360,CHOP_HIGHVOL,-0.006670967741935483,1,0.0,0.0028
016360,CHOP_LOWVOL,-0.0025002191543507498,1514,0.3038309114927345,0.0028000000000000004
016360,PANIC,-0.002991299867629523,16,0.3125,0.0028
064350,TREND_UP,-6.730667546266719e-05,5,0.6,0.0028
064350,CHOP_HIGHVOL,0.001009800446909538,50,0.3,0.0027999999999999995
064350,CHOP_LOWVOL,-0.0023217005321135554,1184,0.30574324324324326,0.0028
064350,PANIC,-0.0014325959568095236,22,0.5909090909090909,0.002799999999999999
015760,TREND_UP,0.0034056447105448398,4,0.5,0.0028
015760,CHOP_HIGHVOL,-0.003480602459062384,22,0.36363636363636365,0.002799999999999999
015760,CHOP_LOWVOL,-0.0026066555351475255,1556,0.26735218508997427,0.0028
015760,PANIC,0.014499465791747015,9,0.8888888888888888,0.0028
010620,TREND_UP,0.04910478983218412,2,0.5,0.0028
010620,CHOP_HIGHVOL,-0.004532940428078919,79,0.31645569620253167,0.0027999999999999995
010620,CHOP_LOWVOL,-0.002499704117345148,1124,0.30604982206405695,0.0028000000000000004
010620,PANIC,-0.006154682967991872,32,0.34375,0.0028
267260,TREND_UP,-0.0021324401875305317,4,0.25,0.0028
267260,TREND_DOWN,-0.0013855728429985855,1,1.0,0.0028
267260,CHOP_HIGHVOL,-0.004592574685657075,14,0.21428571428571427,0.0027999999999999995
267260,CHOP_LOWVOL,-0.0024224855467160486,1281,0.29430132708821233,0.0028
267260,PANIC,-0.006551349043980779,15,0.3333333333333333,0.002799999999999999
011070,TREND_UP,0.010176541226216472,7,0.5714285714285714,0.0028
011070,TREND_DOWN,-0.0037053644357870046,5,0.2,0.0028
011070,CHOP_HIGHVOL,0.0005026702436512812,10,0.3,0.0028
011070,CHOP_LOWVOL,-0.0025433753862098424,1163,0.2751504729148753,0.0028
011070,PANIC,-0.0013001803275944227,27,0.37037037037037035,0.0027999999999999995
086520,TREND_UP,-0.005914784222307021,3,0.3333333333333333,0.0028
086520,CHOP_HIGHVOL,-0.002640814761772236,34,0.3235294117647059,0.0028
086520,CHOP_LOWVOL,-0.002466425155958903,1186,0.2487352445193929,0.0028
086520,PANIC,-0.002974127274936938,25,0.36,0.0027999999999999995
241560,TREND_UP,0.014677250368912934,2,0.5,0.0028
241560,TREND_DOWN,0.013807354685646499,1,1.0,0.0028
241560,CHOP_HIGHVOL,-0.008071896680812407,20,0.25,0.0027999999999999995
241560,CHOP_LOWVOL,-0.0028354405260805986,1426,0.24684431977559607,0.0028
241560,PANIC,-0.0037630581917251758,21,0.3333333333333333,0.002799999999999999
329180,TREND_UP,-0.016859265639543767,2,0.0,0.0028
329180,CHOP_HIGHVOL,-0.0011759414059747697,39,0.358974358974359,0.0027999999999999995
329180,CHOP_LOWVOL,-0.0022759624691488195,1248,0.3004807692307692,0.0028
329180,PANIC,-0.005262849645229443,26,0.2692307692307692,0.0027999999999999995
316140,TREND_UP,-0.011998095474834705,2,0.5,0.0028
316140,CHOP_LOWVOL,-0.002766867063774353,1574,0.28017789072426935,0.0027999999999999995
316140,PANIC,-0.004278449976509265,20,0.35,0.0027999999999999995
298380,TREND_UP,0.051791106767708185,4,0.5,0.0028
298380,CHOP_HIGHVOL,0.0003550192582072024,124,0.24193548387096775,0.0028
298380,CHOP_LOWVOL,-0.0028021135427951684,1042,0.2783109404990403,0.0027999999999999995
298380,PANIC,-0.0014259682957725528,25,0.28,0.0027999999999999995
030200,CHOP_LOWVOL,-0.003012119482259192,1810,0.23812154696132598,0.002799999999999999
030200,PANIC,-0.0015376068741207447,19,0.5789473684210527,0.0027999999999999995
454910,TREND_DOWN,-0.0048703933747412005,1,0.0,0.0028
454910,CHOP_HIGHVOL,-0.0024179813379715193,27,0.2222222222222222,0.0027999999999999995
454910,CHOP_LOWVOL,-0.0027380168730292017,1342,0.23248882265275708,0.0028
454910,PANIC,-0.0021991961549746057,14,0.2857142857142857,0.0027999999999999995
214450,CHOP_HIGHVOL,-0.00011089628330833348,83,0.3614457831325301,0.0028
214450,CHOP_LOWVOL,-0.0026830149977021575,1199,0.2819015846538782,0.0028
214450,PANIC,0.00326317700805973,29,0.4482758620689655,0.0027999999999999995
079550,TREND_UP,0.018435521235521234,1,1.0,0.0028
079550,CHOP_HIGHVOL,0.0024768525604877195,53,0.3584905660377358,0.0027999999999999995
079550,CHOP_LOWVOL,-0.002343769919163473,1284,0.27414330218068533,0.0028
079550,PANIC,-0.009524223884347888,19,0.10526315789473684,0.0027999999999999995
062040,TREND_UP,0.01082781954887218,2,0.5,0.0028
062040,CHOP_HIGHVOL,-0.006359175910716382,62,0.20967741935483872,0.0027999999999999995
062040,CHOP_LOWVOL,-0.002652830369841788,1188,0.26936026936026936,0.0028
062040,PANIC,-0.005789557269595223,26,0.3076923076923077,0.0027999999999999995
086790,CHOP_HIGHVOL,0.008089292196007259,1,1.0,0.0028
086790,CHOP_LOWVOL,-0.0028231830528450096,1583,0.27605811749842074,0.0027999999999999995
086790,PANIC,-0.005295967732719219,20,0.3,0.0027999999999999995
034020,TREND_UP,-0.028143404869290383,2,0.0,0.0028
034020,TREND_DOWN,-0.0028,1,0.0,0.0028
034020,CHOP_HIGHVOL,-0.002339485999440247,57,0.3508771929824561,0.0028
034020,CHOP_LOWVOL,-0.002248429727296712,1227,0.29095354523227385,0.0028
034020,PANIC,0.0015348660923254144,16,0.5625,0.0028
214150,TREND_UP,-0.05109354242672371,2,0.0,0.0028
214150,CHOP_HIGHVOL,-0.004343331378202087,41,0.21951219512195122,0.0028
214150,CHOP_LOWVOL,-0.0028590950382164394,1427,0.2543798177995795,0.0027999999999999995
214150,PANIC,-0.0036548389252750437,29,0.3448275862068966,0.0027999999999999995
047810,TREND_DOWN,0.0031031877213695395,1,1.0,0.0028
047810,CHOP_HIGHVOL,-0.0003652773443575583,23,0.5217391304347826,0.0027999999999999995
047810,CHOP_LOWVOL,-0.0028334792161281144,1304,0.2645705521472393,0.0028
047810,PANIC,-0.0020405369494831426,30,0.4666666666666667,0.002799999999999999
000250,TREND_UP,-0.01747645096731154,1,0.0,0.0028
000250,CHOP_HIGHVOL,-0.0025509976675867413,52,0.3076923076923077,0.0027999999999999995
000250,CHOP_LOWVOL,-0.0019161346035473396,1065,0.27605633802816903,0.0027999999999999995
000250,PANIC,0.0016332222050195262,32,0.5,0.0028
051900,TREND_UP,0.04796923076923077,1,1.0,0.0028
051900,CHOP_LOWVOL,-0.0030677559649882717,1777,0.22397298818232977,0.0027999999999999995
051900,PANIC,-0.0027609963609039477,21,0.3333333333333333,0.002799999999999999
001440,TREND_UP,-0.01786643996304562,6,0.3333333333333333,0.0028
001440,CHOP_HIGHVOL,-0.0016241011404224798,44,0.29545454545454547,0.0028
001440,CHOP_LOWVOL,-0.002543852867164792,1122,0.26024955436720143,0.0028000000000000004
001440,PANIC,-0.003976930066222635,28,0.2857142857142857,0.0027999999999999995
012450,TREND_UP,-0.02073473836190689,3,0.0,0.0028
012450,TREND_DOWN,0.031015263802557324,1,1.0,0.0028
012450,CHOP_HIGHVOL,0.0007755019464568713,33,0.45454545454545453,0.0028
012450,CHOP_LOWVOL,-0.002228438459540172,1179,0.3104325699745547,0.0027999999999999995
012450,PANIC,0.0038933795919380873,31,0.5483870967741935,0.002799999999999999
017800,CHOP_HIGHVOL,-0.0009848153498386585,43,0.4418604651162791,0.0028
017800,CHOP_LOWVOL,-0.0029297981086983463,1515,0.26798679867986797,0.0028
017800,PANIC,-0.0035305497776477518,24,0.4583333333333333,0.0028
003490,TREND_UP,0.0060691796008869175,1,1.0,0.0028
003490,CHOP_LOWVOL,-0.002955144147189114,1933,0.24418003103983446,0.002799999999999999
003490,PANIC,-0.004325143908971901,13,0.23076923076923078,0.0027999999999999995
009150,TREND_UP,-0.00041186275130258463,3,0.6666666666666666,0.0028
009150,CHOP_HIGHVOL,-0.0021830948869765725,35,0.2857142857142857,0.0027999999999999995
009150,CHOP_LOWVOL,-0.002464814884458469,1253,0.2737430167597765,0.0028
009150,PANIC,-0.005063065974147279,26,0.3076923076923077,0.0027999999999999995
0009K0,TREND_UP,-0.07999928186714542,1,0.0,0.0028
0009K0,CHOP_HIGHVOL,-0.014153438940839546,15,0.06666666666666667,0.002799999999999999
0009K0,CHOP_LOWVOL,-0.0068421119253495415,6,0.5,0.0028
0009K0,PANIC,0.198036820083682,1,1.0,0.0028
082740,TREND_UP,-0.028174734943576495,2,0.0,0.0028
082740,CHOP_HIGHVOL,-0.0014460520959641695,107,0.3644859813084112,0.0028000000000000004
082740,CHOP_LOWVOL,-0.0026436041687948647,1175,0.2876595744680851,0.0028
082740,PANIC,-0.0027559917034392202,28,0.35714285714285715,0.0027999999999999995
003670,TREND_UP,0.013477950606828961,4,0.25,0.0028
003670,TREND_DOWN,-0.01004330700158655,1,0.0,0.0028
003670,CHOP_HIGHVOL,-0.007766614498180241,37,0.16216216216216217,0.0027999999999999995
003670,CHOP_LOWVOL,-0.0026787495618107544,1101,0.2742960944595822,0.0028
003670,PANIC,-0.0029584851559209153,23,0.30434782608695654,0.0027999999999999995
326030,TREND_UP,-9.302325581395272e-06,1,1.0,0.0028
326030,CHOP_HIGHVOL,-0.01456292403667526,7,0.14285714285714285,0.0028
326030,CHOP_LOWVOL,-0.0027358587720170704,1316,0.27887537993920974,0.0028
326030,PANIC,-0.0026778963959079648,31,0.41935483870967744,0.002799999999999999
012450,TREND_UP,-0.02073473836190689,3,0.0,0.0028
012450,TREND_DOWN,0.031015263802557324,1,1.0,0.0028
012450,CHOP_HIGHVOL,0.0007755019464568713,33,0.45454545454545453,0.0028
012450,CHOP_LOWVOL,-0.002228438459540172,1179,0.3104325699745547,0.0027999999999999995
012450,PANIC,0.0038933795919380873,31,0.5483870967741935,0.002799999999999999
029780,CHOP_HIGHVOL,-0.00391359540233412,15,0.4,0.002799999999999999
029780,CHOP_LOWVOL,-0.0030222451279005597,1827,0.2649151614668856,0.0027999999999999995
029780,PANIC,0.0011831327010132227,21,0.47619047619047616,0.002799999999999999
097950,CHOP_HIGHVOL,-0.017371948998178507,1,0.0,0.0028
097950,CHOP_LOWVOL,-0.002838205350740131,1841,0.25909831613253664,0.0027999999999999995
097950,PANIC,-0.0032012001086800307,11,0.36363636363636365,0.0028
028050,CHOP_HIGHVOL,-0.006220880247299259,4,0.0,0.0028
028050,CHOP_LOWVOL,-0.0028113825407901556,1522,0.2628120893561104,0.0027999999999999995
028050,PANIC,-0.00154940767154403,25,0.4,0.0027999999999999995
022100,TREND_UP,0.10932267568220237,2,0.5,0.0028
022100,CHOP_HIGHVOL,-0.004369929702259573,59,0.23728813559322035,0.0028
022100,CHOP_LOWVOL,-0.0030850912943605445,1253,0.23543495610534718,0.0028
022100,PANIC,0.0011700119110722193,22,0.4090909090909091,0.002799999999999999
082740,TREND_UP,-0.028174734943576495,2,0.0,0.0028
082740,CHOP_HIGHVOL,-0.0014460520959641695,107,0.3644859813084112,0.0028000000000000004
082740,CHOP_LOWVOL,-0.0026436041687948647,1175,0.2876595744680851,0.0028
082740,PANIC,-0.0027559917034392202,28,0.35714285714285715,0.0027999999999999995
097950,CHOP_HIGHVOL,-0.017371948998178507,1,0.0,0.0028
097950,CHOP_LOWVOL,-0.002838205350740131,1841,0.25909831613253664,0.0027999999999999995
097950,PANIC,-0.0032012001086800307,11,0.36363636363636365,0.0028
003670,TREND_UP,0.013477950606828961,4,0.25,0.0028
003670,TREND_DOWN,-0.01004330700158655,1,0.0,0.0028
003670,CHOP_HIGHVOL,-0.007766614498180241,37,0.16216216216216217,0.0027999999999999995
003670,CHOP_LOWVOL,-0.0026787495618107544,1101,0.2742960944595822,0.0028
003670,PANIC,-0.0029584851559209153,23,0.30434782608695654,0.0027999999999999995
012450,TREND_UP,-0.02073473836190689,3,0.0,0.0028
012450,TREND_DOWN,0.031015263802557324,1,1.0,0.0028
012450,CHOP_HIGHVOL,0.0007755019464568713,33,0.45454545454545453,0.0028
012450,CHOP_LOWVOL,-0.002228438459540172,1179,0.3104325699745547,0.0027999999999999995
012450,PANIC,0.0038933795919380873,31,0.5483870967741935,0.002799999999999999
022100,TREND_UP,0.10932267568220237,2,0.5,0.0028
022100,CHOP_HIGHVOL,-0.004369929702259573,59,0.23728813559322035,0.0028
022100,CHOP_LOWVOL,-0.0030850912943605445,1253,0.23543495610534718,0.0028
022100,PANIC,0.0011700119110722193,22,0.4090909090909091,0.002799999999999999
028050,CHOP_HIGHVOL,-0.006220880247299259,4,0.0,0.0028
028050,CHOP_LOWVOL,-0.0028113825407901556,1522,0.2628120893561104,0.0027999999999999995
028050,PANIC,-0.00154940767154403,25,0.4,0.0027999999999999995
326030,TREND_UP,-9.302325581395272e-06,1,1.0,0.0028
326030,CHOP_HIGHVOL,-0.01456292403667526,7,0.14285714285714285,0.0028
326030,CHOP_LOWVOL,-0.0027358587720170704,1316,0.27887537993920974,0.0028
326030,PANIC,-0.0026778963959079648,31,0.41935483870967744,0.002799999999999999
029780,CHOP_HIGHVOL,-0.00391359540233412,15,0.4,0.002799999999999999
029780,CHOP_LOWVOL,-0.0030222451279005597,1827,0.2649151614668856,0.0027999999999999995
029780,PANIC,0.0011831327010132227,21,0.47619047619047616,0.002799999999999999
064400,TREND_UP,-0.0017919354838709677,1,1.0,0.0028
064400,CHOP_HIGHVOL,-0.0010130769721506424,34,0.4117647058823529,0.0028
064400,CHOP_LOWVOL,-0.003130592292987718,1145,0.27074235807860264,0.0028000000000000004
064400,PANIC,-0.006750773707926461,20,0.35,0.0027999999999999995
031210,CHOP_HIGHVOL,-0.0056181083215765745,31,0.2903225806451613,0.002799999999999999
031210,CHOP_LOWVOL,-0.002886445113133437,1162,0.2891566265060241,0.0028
031210,PANIC,0.00878082838130218,15,0.4666666666666667,0.002799999999999999
064400,TREND_UP,-0.0017919354838709677,1,1.0,0.0028
064400,CHOP_HIGHVOL,-0.0010130769721506424,34,0.4117647058823529,0.0028
064400,CHOP_LOWVOL,-0.003130592292987718,1145,0.27074235807860264,0.0028000000000000004
064400,PANIC,-0.006750773707926461,20,0.35,0.0027999999999999995
035250,TREND_DOWN,-0.0008595084087968951,1,1.0,0.0028
035250,CHOP_LOWVOL,-0.0028793971998628534,1399,0.28448892065761255,0.0028
035250,PANIC,-0.0019344400190925432,30,0.4,0.002799999999999999
272210,TREND_UP,-0.004671981462436699,2,0.5,0.0028
272210,CHOP_HIGHVOL,-0.0029490038875318093,83,0.3373493975903614,0.0028
272210,CHOP_LOWVOL,-0.00239484728284561,1186,0.28161888701517707,0.0028
272210,PANIC,-0.0038852908846965847,20,0.45,0.0027999999999999995
240810,CHOP_HIGHVOL,-0.0010206242930259003,84,0.35714285714285715,0.0028
240810,CHOP_LOWVOL,-0.0026498211004319988,1371,0.2786287381473377,0.0028
240810,PANIC,-0.003820488223084482,28,0.39285714285714285,0.0027999999999999995
035250,TREND_DOWN,-0.0008595084087968951,1,1.0,0.0028
035250,CHOP_LOWVOL,-0.0028793971998628534,1399,0.28448892065761255,0.0028
035250,PANIC,-0.0019344400190925432,30,0.4,0.002799999999999999
240810,CHOP_HIGHVOL,-0.0010206242930259003,84,0.35714285714285715,0.0028
240810,CHOP_LOWVOL,-0.0026498211004319988,1371,0.2786287381473377,0.0028
240810,PANIC,-0.003820488223084482,28,0.39285714285714285,0.0027999999999999995
011200,TREND_UP,0.010626488068292968,6,0.6666666666666666,0.0028
011200,CHOP_HIGHVOL,-0.0036240448975828525,33,0.24242424242424243,0.0028
011200,CHOP_LOWVOL,-0.0028485758470415358,1408,0.2634943181818182,0.0028
011200,PANIC,-0.0015641932612008112,24,0.375,0.0028
036570,TREND_DOWN,-0.005963569663081512,2,0.0,0.0028
036570,CHOP_HIGHVOL,-0.001954092385259749,27,0.2962962962962963,0.0027999999999999995
036570,CHOP_LOWVOL,-0.0027999557265929696,1298,0.28659476117103233,0.0028
036570,PANIC,5.932707636343735e-05,33,0.48484848484848486,0.0028
000270,TREND_UP,0.01648374655647383,1,1.0,0.0028
000270,CHOP_LOWVOL,-0.002747014991282812,1320,0.27424242424242423,0.0028000000000000004
000270,PANIC,-0.004771098362059415,14,0.21428571428571427,0.0027999999999999995
011200,TREND_UP,0.010626488068292968,6,0.6666666666666666,0.0028
011200,CHOP_HIGHVOL,-0.0036240448975828525,33,0.24242424242424243,0.0028
011200,CHOP_LOWVOL,-0.0028485758470415358,1408,0.2634943181818182,0.0028
011200,PANIC,-0.0015641932612008112,24,0.375,0.0028
036570,TREND_DOWN,-0.005963569663081512,2,0.0,0.0028
036570,CHOP_HIGHVOL,-0.001954092385259749,27,0.2962962962962963,0.0027999999999999995
036570,CHOP_LOWVOL,-0.0027999557265929696,1298,0.28659476117103233,0.0028
036570,PANIC,5.932707636343735e-05,33,0.48484848484848486,0.0028
009830,TREND_UP,0.02352725007856773,5,1.0,0.0028
009830,CHOP_HIGHVOL,-0.0023018460919247384,63,0.25396825396825395,0.0027999999999999995
009830,CHOP_LOWVOL,-0.0029927706596519646,1304,0.2469325153374233,0.0028
009830,PANIC,-0.007604847836356477,29,0.2413793103448276,0.0027999999999999995
272210,TREND_UP,-0.004671981462436699,2,0.5,0.0028
272210,CHOP_HIGHVOL,-0.0029490038875318093,83,0.3373493975903614,0.0028
272210,CHOP_LOWVOL,-0.00239484728284561,1186,0.28161888701517707,0.0028
272210,PANIC,-0.0038852908846965847,20,0.45,0.0027999999999999995
000270,TREND_UP,0.01648374655647383,1,1.0,0.0028
000270,CHOP_LOWVOL,-0.002747014991282812,1320,0.27424242424242423,0.0028000000000000004
000270,PANIC,-0.004771098362059415,14,0.21428571428571427,0.0027999999999999995
009830,TREND_UP,0.02352725007856773,5,1.0,0.0028
009830,CHOP_HIGHVOL,-0.0023018460919247384,63,0.25396825396825395,0.0027999999999999995
009830,CHOP_LOWVOL,-0.0029927706596519646,1304,0.2469325153374233,0.0028
009830,PANIC,-0.007604847836356477,29,0.2413793103448276,0.0027999999999999995
323410,TREND_UP,-0.045321994134897355,1,0.0,0.0028
323410,CHOP_HIGHVOL,-0.005750976230445493,23,0.21739130434782608,0.0027999999999999995
323410,CHOP_LOWVOL,-0.003041691104370861,1702,0.2356051703877791,0.0027999999999999995
323410,PANIC,-0.002728785059769029,16,0.4375,0.0028
001040,TREND_UP,-0.00031422383058495604,2,0.5,0.0028
001040,CHOP_HIGHVOL,-0.0030185501265551796,53,0.37735849056603776,0.0027999999999999995
001040,CHOP_LOWVOL,-0.002205156796320064,1155,0.31861471861471863,0.0028
001040,PANIC,-0.0007715218787518398,33,0.3939393939393939,0.0028
000270,TREND_UP,0.01648374655647383,1,1.0,0.0028
000270,CHOP_LOWVOL,-0.002747014991282812,1320,0.27424242424242423,0.0028000000000000004
000270,PANIC,-0.004771098362059415,14,0.21428571428571427,0.0027999999999999995
108490,TREND_UP,0.0016052628046328743,4,0.25,0.0028
108490,CHOP_HIGHVOL,0.00010380653883749428,227,0.3039647577092511,0.0027999999999999995
108490,CHOP_LOWVOL,-0.0023388309569108024,954,0.24423480083857443,0.0027999999999999995
108490,PANIC,-0.000997008736458375,36,0.4444444444444444,0.0027999999999999995
111770,CHOP_HIGHVOL,0.0017544333391822345,33,0.45454545454545453,0.0028
111770,CHOP_LOWVOL,-0.0029580095059024676,1536,0.2727864583333333,0.0028
111770,PANIC,-0.003231234897817776,25,0.4,0.0027999999999999995
090430,TREND_UP,0.012547093561044925,5,1.0,0.0028
090430,CHOP_LOWVOL,-0.0030164906424104583,1301,0.2797847809377402,0.0028000000000000004
090430,PANIC,-0.0024800414071210596,30,0.4,0.002799999999999999
032640,CHOP_LOWVOL,-0.0029368028316609928,1481,0.26333558406482105,0.0028000000000000004
032640,PANIC,-0.0003837863056052196,23,0.5652173913043478,0.0027999999999999995
214370,TREND_UP,0.01060033500837521,1,1.0,0.0028
214370,CHOP_HIGHVOL,-0.004428097411009307,162,0.25308641975308643,0.0028
214370,CHOP_LOWVOL,-0.001990203033865114,996,0.29417670682730923,0.002799999999999999
214370,PANIC,-0.0062993639687344725,28,0.2857142857142857,0.0027999999999999995
214370,TREND_UP,0.01060033500837521,1,1.0,0.0028
214370,CHOP_HIGHVOL,-0.004428097411009307,162,0.25308641975308643,0.0028
214370,CHOP_LOWVOL,-0.001990203033865114,996,0.29417670682730923,0.002799999999999999
214370,PANIC,-0.0062993639687344725,28,0.2857142857142857,0.0027999999999999995
003670,TREND_UP,0.013477950606828961,4,0.25,0.0028
003670,TREND_DOWN,-0.01004330700158655,1,0.0,0.0028
003670,CHOP_HIGHVOL,-0.007766614498180241,37,0.16216216216216217,0.0027999999999999995
003670,CHOP_LOWVOL,-0.0026787495618107544,1101,0.2742960944595822,0.0028
003670,PANIC,-0.0029584851559209153,23,0.30434782608695654,0.0027999999999999995
007660,TREND_UP,-0.015758887486526926,8,0.25,0.0028
007660,CHOP_HIGHVOL,-0.004122055289768288,113,0.336283185840708,0.0027999999999999995
007660,CHOP_LOWVOL,-0.0027678594170730945,1096,0.26916058394160586,0.0028000000000000004
007660,PANIC,-0.0014499678870083929,25,0.36,0.0027999999999999995
071970,TREND_UP,-0.03540192138144894,2,0.0,0.0028
071970,CHOP_HIGHVOL,-0.0030692080612239217,158,0.25949367088607594,0.0028
071970,CHOP_LOWVOL,-0.002185484121247055,1106,0.29023508137432186,0.0028
071970,PANIC,0.0012426346143134736,28,0.39285714285714285,0.0027999999999999995
011790,TREND_UP,-0.013367131144417736,2,0.0,0.0028
011790,TREND_DOWN,0.0012603059328781334,2,1.0,0.0028
011790,CHOP_HIGHVOL,0.0015212928526713173,21,0.42857142857142855,0.002799999999999999
011790,CHOP_LOWVOL,-0.0026826564932991483,1147,0.2528334786399303,0.0028
011790,PANIC,-0.00341365365870627,29,0.27586206896551724,0.0027999999999999995
032640,CHOP_LOWVOL,-0.0029368028316609928,1481,0.26333558406482105,0.0028000000000000004
032640,PANIC,-0.0003837863056052196,23,0.5652173913043478,0.0027999999999999995
071970,TREND_UP,-0.03540192138144894,2,0.0,0.0028
071970,CHOP_HIGHVOL,-0.0030692080612239217,158,0.25949367088607594,0.0028
071970,CHOP_LOWVOL,-0.002185484121247055,1106,0.29023508137432186,0.0028
071970,PANIC,0.0012426346143134736,28,0.39285714285714285,0.0027999999999999995
011790,TREND_UP,-0.013367131144417736,2,0.0,0.0028
011790,TREND_DOWN,0.0012603059328781334,2,1.0,0.0028
011790,CHOP_HIGHVOL,0.0015212928526713173,21,0.42857142857142855,0.002799999999999999
011790,CHOP_LOWVOL,-0.0026826564932991483,1147,0.2528334786399303,0.0028
011790,PANIC,-0.00341365365870627,29,0.27586206896551724,0.0027999999999999995
138040,CHOP_LOWVOL,-0.002708325616113419,1403,0.2815395580898076,0.0028
138040,PANIC,-0.0036714191958863445,28,0.32142857142857145,0.0027999999999999995
138040,CHOP_LOWVOL,-0.002708325616113419,1403,0.2815395580898076,0.0028
138040,PANIC,-0.0036714191958863445,28,0.32142857142857145,0.0027999999999999995
105560,TREND_UP,-0.00011903485254691681,1,1.0,0.0028
105560,CHOP_HIGHVOL,-0.005177179080824089,1,0.0,0.0028
105560,CHOP_LOWVOL,-0.0027540264878577144,1402,0.2810271041369472,0.0028
105560,PANIC,-0.004899494925778134,15,0.4666666666666667,0.002799999999999999
005385,TREND_UP,0.002478663146661038,4,0.5,0.0028
005385,CHOP_LOWVOL,-0.002669983724709207,1415,0.296113074204947,0.0028000000000000004
005385,PANIC,-0.0016287294118694352,28,0.39285714285714285,0.0027999999999999995
007660,TREND_UP,-0.015758887486526926,8,0.25,0.0028
007660,CHOP_HIGHVOL,-0.004122055289768288,113,0.336283185840708,0.0027999999999999995
007660,CHOP_LOWVOL,-0.0027678594170730945,1096,0.26916058394160586,0.0028000000000000004
007660,PANIC,-0.0014499678870083929,25,0.36,0.0027999999999999995
105560,TREND_UP,-0.00011903485254691681,1,1.0,0.0028
105560,CHOP_HIGHVOL,-0.005177179080824089,1,0.0,0.0028
105560,CHOP_LOWVOL,-0.0027540264878577144,1402,0.2810271041369472,0.0028
105560,PANIC,-0.004899494925778134,15,0.4666666666666667,0.002799999999999999
005385,TREND_UP,0.002478663146661038,4,0.5,0.0028
005385,CHOP_LOWVOL,-0.002669983724709207,1415,0.296113074204947,0.0028000000000000004
005385,PANIC,-0.0016287294118694352,28,0.39285714285714285,0.0027999999999999995
141080,TREND_UP,-0.012901010101010102,1,0.0,0.0028
141080,CHOP_HIGHVOL,-0.0036474701639680846,18,0.2777777777777778,0.0027999999999999995
141080,CHOP_LOWVOL,-0.002561819288855077,1085,0.28110599078341014,0.0028000000000000004
141080,PANIC,-0.0013527468842563493,32,0.53125,0.0028
347850,TREND_UP,-0.0008723170001095587,4,0.25,0.0028
347850,CHOP_HIGHVOL,-0.0034669520727307074,265,0.3283018867924528,0.0027999999999999995
347850,CHOP_LOWVOL,-0.0028382284979719665,924,0.29004329004329005,0.002799999999999999
347850,PANIC,0.022283900640761137,32,0.59375,0.0028
347850,TREND_UP,-0.0008723170001095587,4,0.25,0.0028
347850,CHOP_HIGHVOL,-0.0034669520727307074,265,0.3283018867924528,0.0027999999999999995
347850,CHOP_LOWVOL,-0.0028382284979719665,924,0.29004329004329005,0.002799999999999999
347850,PANIC,0.022283900640761137,32,0.59375,0.0028
039030,TREND_UP,-0.0066139023826046715,2,0.5,0.0028
039030,CHOP_HIGHVOL,-0.004403320142006808,90,0.26666666666666666,0.0028
039030,CHOP_LOWVOL,-0.002629664076629148,1165,0.2549356223175966,0.0028
039030,PANIC,0.0019781324783373225,27,0.4444444444444444,0.0027999999999999995
003230,TREND_UP,0.01556941998188852,4,0.5,0.0028
003230,CHOP_HIGHVOL,0.0007092300952336304,10,0.4,0.0028
003230,CHOP_LOWVOL,-0.0025359082012569845,1158,0.31001727115716754,0.0028
003230,PANIC,-5.1440486443339855e-05,30,0.36666666666666664,0.002799999999999999
004990,CHOP_HIGHVOL,0.0003501022468149063,24,0.25,0.0028
004990,CHOP_LOWVOL,-0.002829895836995862,1627,0.2526121696373694,0.0027999999999999995
004990,PANIC,-0.0018016296393226767,20,0.35,0.0027999999999999995
175330,CHOP_HIGHVOL,-0.001960500709841551,62,0.3548387096774194,0.0027999999999999995
175330,CHOP_LOWVOL,-0.0031695975319885913,1543,0.254050550874919,0.0027999999999999995
175330,PANIC,-0.0004244051470465556,31,0.41935483870967744,0.002799999999999999
034730,TREND_UP,-0.006048645385986943,2,0.0,0.0028
034730,TREND_DOWN,-0.0030566076469078778,3,0.0,0.0028
034730,CHOP_HIGHVOL,-0.001952442061452308,27,0.25925925925925924,0.0027999999999999995
034730,CHOP_LOWVOL,-0.0025339243761161537,1349,0.28317272053372866,0.0028000000000000004
034730,PANIC,-0.0038837417310455067,27,0.2962962962962963,0.0027999999999999995
141080,TREND_UP,-0.012901010101010102,1,0.0,0.0028
141080,CHOP_HIGHVOL,-0.0036474701639680846,18,0.2777777777777778,0.0027999999999999995
141080,CHOP_LOWVOL,-0.002561819288855077,1085,0.28110599078341014,0.0028000000000000004
141080,PANIC,-0.0013527468842563493,32,0.53125,0.0028
326030,TREND_UP,-9.302325581395272e-06,1,1.0,0.0028
326030,CHOP_HIGHVOL,-0.01456292403667526,7,0.14285714285714285,0.0028
326030,CHOP_LOWVOL,-0.0027358587720170704,1316,0.27887537993920974,0.0028
326030,PANIC,-0.0026778963959079648,31,0.41935483870967744,0.002799999999999999
028260,TREND_UP,-0.01663189051877164,2,0.0,0.0028
028260,CHOP_HIGHVOL,-0.004490682629855834,14,0.21428571428571427,0.0027999999999999995
028260,CHOP_LOWVOL,-0.0025645479284530626,1300,0.29384615384615387,0.0028
028260,PANIC,-0.0025747011968134223,22,0.3181818181818182,0.002799999999999999
271560,CHOP_LOWVOL,-0.0028914586850298856,1456,0.29395604395604397,0.0028000000000000004
271560,PANIC,-0.00287324380695813,29,0.41379310344827586,0.0027999999999999995
004990,CHOP_HIGHVOL,0.0003501022468149063,24,0.25,0.0028
004990,CHOP_LOWVOL,-0.002829895836995862,1627,0.2526121696373694,0.0027999999999999995
004990,PANIC,-0.0018016296393226767,20,0.35,0.0027999999999999995
034730,TREND_UP,-0.006048645385986943,2,0.0,0.0028
034730,TREND_DOWN,-0.0030566076469078778,3,0.0,0.0028
034730,CHOP_HIGHVOL,-0.001952442061452308,27,0.25925925925925924,0.0027999999999999995
034730,CHOP_LOWVOL,-0.0025339243761161537,1349,0.28317272053372866,0.0028000000000000004
034730,PANIC,-0.0038837417310455067,27,0.2962962962962963,0.0027999999999999995
271560,CHOP_LOWVOL,-0.0028914586850298856,1456,0.29395604395604397,0.0028000000000000004
271560,PANIC,-0.00287324380695813,29,0.41379310344827586,0.0027999999999999995
003230,TREND_UP,0.01556941998188852,4,0.5,0.0028
003230,CHOP_HIGHVOL,0.0007092300952336304,10,0.4,0.0028
003230,CHOP_LOWVOL,-0.0025359082012569845,1158,0.31001727115716754,0.0028
003230,PANIC,-5.1440486443339855e-05,30,0.36666666666666664,0.002799999999999999
105560,TREND_UP,-0.00011903485254691681,1,1.0,0.0028
105560,CHOP_HIGHVOL,-0.005177179080824089,1,0.0,0.0028
105560,CHOP_LOWVOL,-0.0027540264878577144,1402,0.2810271041369472,0.0028
105560,PANIC,-0.004899494925778134,15,0.4666666666666667,0.002799999999999999
028260,TREND_UP,-0.01663189051877164,2,0.0,0.0028
028260,CHOP_HIGHVOL,-0.004490682629855834,14,0.21428571428571427,0.0027999999999999995
028260,CHOP_LOWVOL,-0.0025645479284530626,1300,0.29384615384615387,0.0028
028260,PANIC,-0.0025747011968134223,22,0.3181818181818182,0.002799999999999999
078930,TREND_UP,0.02048042328042328,1,1.0,0.0028
078930,TREND_DOWN,-0.005407561929595827,1,0.0,0.0028
078930,CHOP_HIGHVOL,-0.0022651908336879336,11,0.36363636363636365,0.0028
078930,CHOP_LOWVOL,-0.0026978587536008935,1613,0.2597644141351519,0.0027999999999999995
078930,PANIC,-0.0014967229372728113,21,0.3333333333333333,0.002799999999999999
175330,CHOP_HIGHVOL,-0.001960500709841551,62,0.3548387096774194,0.0027999999999999995
175330,CHOP_LOWVOL,-0.0031695975319885913,1543,0.254050550874919,0.0027999999999999995
175330,PANIC,-0.0004244051470465556,31,0.41935483870967744,0.002799999999999999
450080,TREND_UP,0.04497777777777778,1,1.0,0.0028
450080,CHOP_HIGHVOL,-0.0021513225197201404,56,0.2857142857142857,0.0028
450080,CHOP_LOWVOL,-0.0032193245632277604,1190,0.2411764705882353,0.0028
450080,PANIC,-0.0070175524840343905,22,0.2727272727272727,0.002799999999999999
006260,TREND_UP,0.015292149749757702,3,0.6666666666666666,0.0028
006260,CHOP_HIGHVOL,-0.004185467734124891,56,0.26785714285714285,0.0028
006260,CHOP_LOWVOL,-0.0025376529773259797,1161,0.29457364341085274,0.0028
006260,PANIC,-0.0029424681147553837,30,0.3,0.002799999999999999
052690,TREND_UP,0.07458095238095239,1,1.0,0.0028
052690,CHOP_HIGHVOL,-0.0030592065904527714,45,0.26666666666666666,0.0028
052690,CHOP_LOWVOL,-0.002841154024049111,1278,0.27230046948356806,0.0028000000000000004
052690,PANIC,-0.006446169441034986,27,0.37037037037037035,0.0027999999999999995
950160,CHOP_HIGHVOL,-0.004090955783192327,169,0.26627218934911245,0.0028
950160,CHOP_LOWVOL,-0.0019076589110800408,1030,0.2941747572815534,0.0027999999999999995
950160,PANIC,0.0007716384385955898,22,0.3181818181818182,0.002799999999999999
011200,TREND_UP,0.010626488068292968,6,0.6666666666666666,0.0028
011200,CHOP_HIGHVOL,-0.0036240448975828525,33,0.24242424242424243,0.0028
011200,CHOP_LOWVOL,-0.0028485758470415358,1408,0.2634943181818182,0.0028
011200,PANIC,-0.0015641932612008112,24,0.375,0.0028
017800,CHOP_HIGHVOL,-0.0009848153498386585,43,0.4418604651162791,0.0028
017800,CHOP_LOWVOL,-0.0029297981086983463,1515,0.26798679867986797,0.0028
017800,PANIC,-0.0035305497776477518,24,0.4583333333333333,0.0028
0009K0,TREND_UP,-0.07999928186714542,1,0.0,0.0028
0009K0,CHOP_HIGHVOL,-0.014153438940839546,15,0.06666666666666667,0.002799999999999999
0009K0,CHOP_LOWVOL,-0.0068421119253495415,6,0.5,0.0028
0009K0,PANIC,0.198036820083682,1,1.0,0.0028
017800,CHOP_HIGHVOL,-0.0009848153498386585,43,0.4418604651162791,0.0028
017800,CHOP_LOWVOL,-0.0029297981086983463,1515,0.26798679867986797,0.0028
017800,PANIC,-0.0035305497776477518,24,0.4583333333333333,0.0028
0009K0,TREND_UP,-0.07999928186714542,1,0.0,0.0028
0009K0,CHOP_HIGHVOL,-0.014153438940839546,15,0.06666666666666667,0.002799999999999999
0009K0,CHOP_LOWVOL,-0.0068421119253495415,6,0.5,0.0028
0009K0,PANIC,0.198036820083682,1,1.0,0.0028
012750,CHOP_HIGHVOL,-0.005259251403854718,4,0.0,0.0028
012750,CHOP_LOWVOL,-0.0031820438024377957,1654,0.25332527206771466,0.0028
012750,PANIC,-0.004953247668463765,38,0.3157894736842105,0.0027999999999999995
012750,CHOP_HIGHVOL,-0.005259251403854718,4,0.0,0.0028
012750,CHOP_LOWVOL,-0.0031820438024377957,1654,0.25332527206771466,0.0028
012750,PANIC,-0.004953247668463765,38,0.3157894736842105,0.0027999999999999995
443060,TREND_UP,0.0016168482789259233,2,0.5,0.0028
443060,TREND_DOWN,-0.0071290043290043285,1,0.0,0.0028
443060,CHOP_HIGHVOL,-0.004486123146953657,46,0.17391304347826086,0.0028
443060,CHOP_LOWVOL,-0.0027128207731374598,1224,0.27450980392156865,0.0028
443060,PANIC,-0.0039015864436216926,35,0.4,0.0027999999999999995
138930,TREND_UP,-0.009508500720026652,2,0.0,0.0028
138930,TREND_DOWN,-0.0038020040080160317,1,0.0,0.0028
138930,CHOP_HIGHVOL,-0.006372061466798308,2,0.0,0.0028
138930,CHOP_LOWVOL,-0.0026338174385384357,1345,0.3033457249070632,0.0028
138930,PANIC,-0.002055489377005467,27,0.3333333333333333,0.0027999999999999995
096770,TREND_UP,-0.004264597717088854,4,0.25,0.0028
096770,CHOP_HIGHVOL,0.005111936704506364,3,0.3333333333333333,0.0028
096770,CHOP_LOWVOL,-0.002880017053514476,1207,0.26926263463131733,0.0028
096770,PANIC,-0.006145231517128456,21,0.23809523809523808,0.002799999999999999
302440,TREND_UP,-0.02064945175241821,2,0.0,0.0028
302440,CHOP_HIGHVOL,-0.0031575878552453193,13,0.07692307692307693,0.0027999999999999995
302440,CHOP_LOWVOL,-0.002755171618378934,1321,0.2626797880393641,0.0028000000000000004
302440,PANIC,0.003995360800519788,23,0.43478260869565216,0.0027999999999999995
302440,TREND_UP,-0.02064945175241821,2,0.0,0.0028
302440,CHOP_HIGHVOL,-0.0031575878552453193,13,0.07692307692307693,0.0027999999999999995
302440,CHOP_LOWVOL,-0.002755171618378934,1321,0.2626797880393641,0.0028000000000000004
302440,PANIC,0.003995360800519788,23,0.43478260869565216,0.0027999999999999995
096770,TREND_UP,-0.004264597717088854,4,0.25,0.0028
096770,CHOP_HIGHVOL,0.005111936704506364,3,0.3333333333333333,0.0028
096770,CHOP_LOWVOL,-0.002880017053514476,1207,0.26926263463131733,0.0028
096770,PANIC,-0.006145231517128456,21,0.23809523809523808,0.002799999999999999
006260,TREND_UP,0.015292149749757702,3,0.6666666666666666,0.0028
006260,CHOP_HIGHVOL,-0.004185467734124891,56,0.26785714285714285,0.0028
006260,CHOP_LOWVOL,-0.0025376529773259797,1161,0.29457364341085274,0.0028
006260,PANIC,-0.0029424681147553837,30,0.3,0.002799999999999999
068270,TREND_UP,-0.013506687454425109,3,0.3333333333333333,0.0028
068270,CHOP_LOWVOL,-0.002819256602795841,1226,0.25856443719412725,0.0028
068270,PANIC,-0.0026317622405852142,38,0.42105263157894735,0.0027999999999999995
439260,TREND_UP,-0.009446525679758308,1,0.0,0.0028
439260,CHOP_HIGHVOL,-0.000588546573070304,34,0.3235294117647059,0.0028
439260,CHOP_LOWVOL,-0.0032156564825269623,400,0.215,0.0027999999999999995
439260,PANIC,-0.0007749641885820622,10,0.5,0.0028
439260,TREND_UP,-0.009446525679758308,1,0.0,0.0028
439260,CHOP_HIGHVOL,-0.000588546573070304,34,0.3235294117647059,0.0028
439260,CHOP_LOWVOL,-0.0032156564825269623,400,0.215,0.0027999999999999995
439260,PANIC,-0.0007749641885820622,10,0.5,0.0028
138930,TREND_UP,-0.009508500720026652,2,0.0,0.0028
138930,TREND_DOWN,-0.0038020040080160317,1,0.0,0.0028
138930,CHOP_HIGHVOL,-0.006372061466798308,2,0.0,0.0028
138930,CHOP_LOWVOL,-0.0026338174385384357,1345,0.3033457249070632,0.0028
138930,PANIC,-0.002055489377005467,27,0.3333333333333333,0.0027999999999999995
443060,TREND_UP,0.0016168482789259233,2,0.5,0.0028
443060,TREND_DOWN,-0.0071290043290043285,1,0.0,0.0028
443060,CHOP_HIGHVOL,-0.004486123146953657,46,0.17391304347826086,0.0028
443060,CHOP_LOWVOL,-0.0027128207731374598,1224,0.27450980392156865,0.0028
443060,PANIC,-0.0039015864436216926,35,0.4,0.0027999999999999995
068270,TREND_UP,-0.013506687454425109,3,0.3333333333333333,0.0028
068270,CHOP_LOWVOL,-0.002819256602795841,1226,0.25856443719412725,0.0028
068270,PANIC,-0.0026317622405852142,38,0.42105263157894735,0.0027999999999999995
031210,CHOP_HIGHVOL,-0.0056181083215765745,31,0.2903225806451613,0.002799999999999999
031210,CHOP_LOWVOL,-0.002886445113133437,1162,0.2891566265060241,0.0028
031210,PANIC,0.00878082838130218,15,0.4666666666666667,0.002799999999999999
031210,CHOP_HIGHVOL,-0.0056181083215765745,31,0.2903225806451613,0.002799999999999999
031210,CHOP_LOWVOL,-0.002886445113133437,1162,0.2891566265060241,0.0028
031210,PANIC,0.00878082838130218,15,0.4666666666666667,0.002799999999999999
128940,CHOP_HIGHVOL,-0.0016101026389225333,23,0.2608695652173913,0.0027999999999999995
128940,CHOP_LOWVOL,-0.002839421366804756,1559,0.2649134060295061,0.0028
128940,PANIC,-0.004869171923946163,25,0.32,0.0027999999999999995
272210,TREND_UP,-0.004671981462436699,2,0.5,0.0028
272210,CHOP_HIGHVOL,-0.0029490038875318093,83,0.3373493975903614,0.0028
272210,CHOP_LOWVOL,-0.00239484728284561,1186,0.28161888701517707,0.0028
272210,PANIC,-0.0038852908846965847,20,0.45,0.0027999999999999995
180640,TREND_UP,-0.06060845556514236,1,0.0,0.0028
180640,CHOP_HIGHVOL,0.0016464156347901341,44,0.25,0.0028
180640,CHOP_LOWVOL,-0.0027465663407399,1236,0.27750809061488674,0.0028
180640,PANIC,-0.0049185150465914495,32,0.4375,0.0028
058470,TREND_UP,0.0010906282622217757,3,0.3333333333333333,0.0028
058470,CHOP_HIGHVOL,-0.004604553147199901,68,0.29411764705882354,0.0028
058470,CHOP_LOWVOL,-0.0030286067685516096,1295,0.27104247104247103,0.0028000000000000004
058470,PANIC,-0.005577822773309444,24,0.4166666666666667,0.0028
011780,TREND_UP,-0.012546764179529527,3,0.0,0.0028
011780,CHOP_HIGHVOL,-0.00031749219893196156,12,0.3333333333333333,0.0028
011780,CHOP_LOWVOL,-0.0026762324777549118,1352,0.3076923076923077,0.0028000000000000004
011780,PANIC,-0.0009487873688998169,26,0.46153846153846156,0.0027999999999999995
051900,TREND_UP,0.04796923076923077,1,1.0,0.0028
051900,CHOP_LOWVOL,-0.0030677559649882717,1777,0.22397298818232977,0.0027999999999999995
051900,PANIC,-0.0027609963609039477,21,0.3333333333333333,0.002799999999999999
010120,TREND_UP,-0.010921913602637364,3,0.3333333333333333,0.0028
010120,TREND_DOWN,-0.007239511653718091,1,0.0,0.0028
010120,CHOP_HIGHVOL,-0.0036820451229099206,73,0.3150684931506849,0.0028
010120,CHOP_LOWVOL,-0.002353559679735188,1202,0.2687188019966722,0.0027999999999999995
010120,PANIC,-0.005736874222439901,21,0.14285714285714285,0.002799999999999999
009540,TREND_UP,-0.01063289817232376,1,0.0,0.0028
009540,CHOP_HIGHVOL,0.00038105973844321196,23,0.34782608695652173,0.0027999999999999995
009540,CHOP_LOWVOL,-0.0029585125228224216,1415,0.2734982332155477,0.0028000000000000004
009540,PANIC,-0.002070693037785212,24,0.3333333333333333,0.0028
128940,CHOP_HIGHVOL,-0.0016101026389225333,23,0.2608695652173913,0.0027999999999999995
128940,CHOP_LOWVOL,-0.002839421366804756,1559,0.2649134060295061,0.0028
128940,PANIC,-0.004869171923946163,25,0.32,0.0027999999999999995
028260,TREND_UP,-0.01663189051877164,2,0.0,0.0028
028260,CHOP_HIGHVOL,-0.004490682629855834,14,0.21428571428571427,0.0027999999999999995
028260,CHOP_LOWVOL,-0.0025645479284530626,1300,0.29384615384615387,0.0028
028260,PANIC,-0.0025747011968134223,22,0.3181818181818182,0.002799999999999999
010120,TREND_UP,-0.010921913602637364,3,0.3333333333333333,0.0028
010120,TREND_DOWN,-0.007239511653718091,1,0.0,0.0028
010120,CHOP_HIGHVOL,-0.0036820451229099206,73,0.3150684931506849,0.0028
010120,CHOP_LOWVOL,-0.002353559679735188,1202,0.2687188019966722,0.0027999999999999995
010120,PANIC,-0.005736874222439901,21,0.14285714285714285,0.002799999999999999
000990,TREND_UP,-0.018457620041753654,1,0.0,0.0028
000990,CHOP_HIGHVOL,-0.0026428939784547104,39,0.358974358974359,0.0027999999999999995
000990,CHOP_LOWVOL,-0.002791377252079597,1325,0.26943396226415095,0.0028000000000000004
000990,PANIC,-0.005582522791159351,31,0.2903225806451613,0.002799999999999999
180640,TREND_UP,-0.06060845556514236,1,0.0,0.0028
180640,CHOP_HIGHVOL,0.0016464156347901341,44,0.25,0.0028
180640,CHOP_LOWVOL,-0.0027465663407399,1236,0.27750809061488674,0.0028
180640,PANIC,-0.0049185150465914495,32,0.4375,0.0028
051900,TREND_UP,0.04796923076923077,1,1.0,0.0028
051900,CHOP_LOWVOL,-0.0030677559649882717,1777,0.22397298818232977,0.0027999999999999995
051900,PANIC,-0.0027609963609039477,21,0.3333333333333333,0.002799999999999999
058470,TREND_UP,0.0010906282622217757,3,0.3333333333333333,0.0028
058470,CHOP_HIGHVOL,-0.004604553147199901,68,0.29411764705882354,0.0028
058470,CHOP_LOWVOL,-0.0030286067685516096,1295,0.27104247104247103,0.0028000000000000004
058470,PANIC,-0.005577822773309444,24,0.4166666666666667,0.0028
000990,TREND_UP,-0.018457620041753654,1,0.0,0.0028
000990,CHOP_HIGHVOL,-0.0026428939784547104,39,0.358974358974359,0.0027999999999999995
000990,CHOP_LOWVOL,-0.002791377252079597,1325,0.26943396226415095,0.0028000000000000004
000990,PANIC,-0.005582522791159351,31,0.2903225806451613,0.002799999999999999
009540,TREND_UP,-0.01063289817232376,1,0.0,0.0028
009540,CHOP_HIGHVOL,0.00038105973844321196,23,0.34782608695652173,0.0027999999999999995
009540,CHOP_LOWVOL,-0.0029585125228224216,1415,0.2734982332155477,0.0028000000000000004
009540,PANIC,-0.002070693037785212,24,0.3333333333333333,0.0028
066970,TREND_UP,-0.008894842350355635,3,0.3333333333333333,0.0028
066970,TREND_DOWN,-0.010752286282306163,1,0.0,0.0028
066970,CHOP_HIGHVOL,-0.0021220380580397598,100,0.28,0.002800000000000001
066970,CHOP_LOWVOL,-0.0025534441541670873,1083,0.26685133887349954,0.0028
066970,PANIC,-0.003959364943159936,28,0.25,0.0027999999999999995
039030,TREND_UP,-0.0066139023826046715,2,0.5,0.0028
039030,CHOP_HIGHVOL,-0.004403320142006808,90,0.26666666666666666,0.0028
039030,CHOP_LOWVOL,-0.002629664076629148,1165,0.2549356223175966,0.0028
039030,PANIC,0.0019781324783373225,27,0.4444444444444444,0.0027999999999999995
039030,TREND_UP,-0.0066139023826046715,2,0.5,0.0028
039030,CHOP_HIGHVOL,-0.004403320142006808,90,0.26666666666666666,0.0028
039030,CHOP_LOWVOL,-0.002629664076629148,1165,0.2549356223175966,0.0028
039030,PANIC,0.0019781324783373225,27,0.4444444444444444,0.0027999999999999995
251270,TREND_UP,0.024977777777777776,1,1.0,0.0028
251270,CHOP_HIGHVOL,-0.0021094889771725222,34,0.47058823529411764,0.0028
251270,CHOP_LOWVOL,-0.003081164162516698,1410,0.26382978723404255,0.0028000000000000004
251270,PANIC,-0.004845195962723424,20,0.25,0.0027999999999999995
002380,TREND_UP,0.019992022792022793,1,1.0,0.0028
002380,CHOP_HIGHVOL,-0.0049910779273529835,19,0.21052631578947367,0.0027999999999999995
002380,CHOP_LOWVOL,-0.0026353589982943534,1496,0.26737967914438504,0.0028
002380,PANIC,-0.0019583248042695815,21,0.38095238095238093,0.002799999999999999
088980,TREND_DOWN,-0.0030731788978045583,2,0.5,0.0028
088980,CHOP_LOWVOL,-0.0027659613261107356,2063,0.2569074163839069,0.0027999999999999995
088980,PANIC,-0.0031935008184262024,18,0.2777777777777778,0.0027999999999999995
138040,CHOP_LOWVOL,-0.002708325616113419,1403,0.2815395580898076,0.0028
138040,PANIC,-0.0036714191958863445,28,0.32142857142857145,0.0027999999999999995
005830,TREND_UP,-0.0033149330587023684,1,0.0,0.0028
005830,CHOP_LOWVOL,-0.002982900822496136,1370,0.28102189781021897,0.0028000000000000004
005830,PANIC,-0.0036542335106494357,26,0.38461538461538464,0.0027999999999999995
029780,CHOP_HIGHVOL,-0.00391359540233412,15,0.4,0.002799999999999999
029780,CHOP_LOWVOL,-0.0030222451279005597,1827,0.2649151614668856,0.0027999999999999995
029780,PANIC,0.0011831327010132227,21,0.47619047619047616,0.002799999999999999
001440,TREND_UP,-0.01786643996304562,6,0.3333333333333333,0.0028
001440,CHOP_HIGHVOL,-0.0016241011404224798,44,0.29545454545454547,0.0028
001440,CHOP_LOWVOL,-0.002543852867164792,1122,0.26024955436720143,0.0028000000000000004
001440,PANIC,-0.003976930066222635,28,0.2857142857142857,0.0027999999999999995
111770,CHOP_HIGHVOL,0.0017544333391822345,33,0.45454545454545453,0.0028
111770,CHOP_LOWVOL,-0.0029580095059024676,1536,0.2727864583333333,0.0028
111770,PANIC,-0.003231234897817776,25,0.4,0.0027999999999999995
088980,TREND_DOWN,-0.0030731788978045583,2,0.5,0.0028
088980,CHOP_LOWVOL,-0.0027659613261107356,2063,0.2569074163839069,0.0027999999999999995
088980,PANIC,-0.0031935008184262024,18,0.2777777777777778,0.0027999999999999995
000150,TREND_UP,-0.007552782338989235,2,0.5,0.0028
000150,CHOP_HIGHVOL,-0.0016285460755709985,184,0.41847826086956524,0.0028
000150,CHOP_LOWVOL,-0.001973444462903577,1105,0.29321266968325793,0.0028000000000000004
000150,PANIC,-0.011229487396948977,26,0.11538461538461539,0.0027999999999999995
032830,TREND_UP,0.008584831821860511,2,0.5,0.0028
032830,CHOP_HIGHVOL,-0.001969435215946844,1,1.0,0.0028
032830,CHOP_LOWVOL,-0.0025962389768287974,1335,0.27490636704119853,0.0028000000000000004
032830,PANIC,-0.004199622866336307,30,0.4666666666666667,0.002799999999999999
000150,TREND_UP,-0.007552782338989235,2,0.5,0.0028
000150,CHOP_HIGHVOL,-0.0016285460755709985,184,0.41847826086956524,0.0028
000150,CHOP_LOWVOL,-0.001973444462903577,1105,0.29321266968325793,0.0028000000000000004
000150,PANIC,-0.011229487396948977,26,0.11538461538461539,0.0027999999999999995
111770,CHOP_HIGHVOL,0.0017544333391822345,33,0.45454545454545453,0.0028
111770,CHOP_LOWVOL,-0.0029580095059024676,1536,0.2727864583333333,0.0028
111770,PANIC,-0.003231234897817776,25,0.4,0.0027999999999999995
005830,TREND_UP,-0.0033149330587023684,1,0.0,0.0028
005830,CHOP_LOWVOL,-0.002982900822496136,1370,0.28102189781021897,0.0028000000000000004
005830,PANIC,-0.0036542335106494357,26,0.38461538461538464,0.0027999999999999995
001440,TREND_UP,-0.01786643996304562,6,0.3333333333333333,0.0028
001440,CHOP_HIGHVOL,-0.0016241011404224798,44,0.29545454545454547,0.0028
001440,CHOP_LOWVOL,-0.002543852867164792,1122,0.26024955436720143,0.0028000000000000004
001440,PANIC,-0.003976930066222635,28,0.2857142857142857,0.0027999999999999995
103140,TREND_UP,-0.02133589259785305,4,0.0,0.0028
103140,CHOP_HIGHVOL,-0.0034319850168152157,33,0.42424242424242425,0.0028
103140,CHOP_LOWVOL,-0.002601364713347033,1273,0.2615868028279654,0.0028
103140,PANIC,-0.0027539285729419414,25,0.44,0.0027999999999999995
032830,TREND_UP,0.008584831821860511,2,0.5,0.0028
032830,CHOP_HIGHVOL,-0.001969435215946844,1,1.0,0.0028
032830,CHOP_LOWVOL,-0.0025962389768287974,1335,0.27490636704119853,0.0028000000000000004
032830,PANIC,-0.004199622866336307,30,0.4666666666666667,0.002799999999999999
103140,TREND_UP,-0.02133589259785305,4,0.0,0.0028
103140,CHOP_HIGHVOL,-0.0034319850168152157,33,0.42424242424242425,0.0028
103140,CHOP_LOWVOL,-0.002601364713347033,1273,0.2615868028279654,0.0028
103140,PANIC,-0.0027539285729419414,25,0.44,0.0027999999999999995
011780,TREND_UP,-0.012546764179529527,3,0.0,0.0028
011780,CHOP_HIGHVOL,-0.00031749219893196156,12,0.3333333333333333,0.0028
011780,CHOP_LOWVOL,-0.0026762324777549118,1352,0.3076923076923077,0.0028000000000000004
011780,PANIC,-0.0009487873688998169,26,0.46153846153846156,0.0027999999999999995
011780,TREND_UP,-0.012546764179529527,3,0.0,0.0028
011780,CHOP_HIGHVOL,-0.00031749219893196156,12,0.3333333333333333,0.0028
011780,CHOP_LOWVOL,-0.0026762324777549118,1352,0.3076923076923077,0.0028000000000000004
011780,PANIC,-0.0009487873688998169,26,0.46153846153846156,0.0027999999999999995
007660,TREND_UP,-0.015758887486526926,8,0.25,0.0028
007660,CHOP_HIGHVOL,-0.004122055289768288,113,0.336283185840708,0.0027999999999999995
007660,CHOP_LOWVOL,-0.0027678594170730945,1096,0.26916058394160586,0.0028000000000000004
007660,PANIC,-0.0014499678870083929,25,0.36,0.0027999999999999995
000250,TREND_UP,-0.01747645096731154,1,0.0,0.0028
000250,CHOP_HIGHVOL,-0.0025509976675867413,52,0.3076923076923077,0.0027999999999999995
000250,CHOP_LOWVOL,-0.0019161346035473396,1065,0.27605633802816903,0.0027999999999999995
000250,PANIC,0.0016332222050195262,32,0.5,0.0028
000720,TREND_UP,-0.007005214465937763,1,0.0,0.0028
000720,TREND_DOWN,-0.004524137931034483,1,0.0,0.0028
000720,CHOP_HIGHVOL,-0.0023282018875475236,55,0.2545454545454545,0.0027999999999999995
000720,CHOP_LOWVOL,-0.0023234936138308926,1312,0.2865853658536585,0.0028000000000000004
000720,PANIC,-0.00431781265294868,23,0.30434782608695654,0.0027999999999999995
068270,TREND_UP,-0.013506687454425109,3,0.3333333333333333,0.0028
068270,CHOP_LOWVOL,-0.002819256602795841,1226,0.25856443719412725,0.0028
068270,PANIC,-0.0026317622405852142,38,0.42105263157894735,0.0027999999999999995
108490,TREND_UP,0.0016052628046328743,4,0.25,0.0028
108490,CHOP_HIGHVOL,0.00010380653883749428,227,0.3039647577092511,0.0027999999999999995
108490,CHOP_LOWVOL,-0.0023388309569108024,954,0.24423480083857443,0.0027999999999999995
108490,PANIC,-0.000997008736458375,36,0.4444444444444444,0.0027999999999999995
042670,TREND_UP,0.010026978088413106,2,0.5,0.0028
042670,TREND_DOWN,-0.0028,1,0.0,0.0028
042670,CHOP_HIGHVOL,-0.0051512314469949454,28,0.35714285714285715,0.0027999999999999995
042670,CHOP_LOWVOL,-0.002342185283279646,1281,0.27400468384074944,0.0028
042670,PANIC,-0.0002400193127382183,27,0.4074074074074074,0.0027999999999999995
052690,TREND_UP,0.07458095238095239,1,1.0,0.0028
052690,CHOP_HIGHVOL,-0.0030592065904527714,45,0.26666666666666666,0.0028
052690,CHOP_LOWVOL,-0.002841154024049111,1278,0.27230046948356806,0.0028000000000000004
052690,PANIC,-0.006446169441034986,27,0.37037037037037035,0.0027999999999999995
010130,TREND_UP,-0.022285863662917734,3,0.0,0.0028
010130,TREND_DOWN,-0.005004525028119971,2,0.0,0.0028
010130,CHOP_HIGHVOL,-0.003199408346764827,61,0.32786885245901637,0.0027999999999999995
010130,CHOP_LOWVOL,-0.0022027955126667957,1182,0.2800338409475465,0.0027999999999999995
010130,PANIC,0.002104535871282661,38,0.3157894736842105,0.0027999999999999995
000250,TREND_UP,-0.01747645096731154,1,0.0,0.0028
000250,CHOP_HIGHVOL,-0.0025509976675867413,52,0.3076923076923077,0.0027999999999999995
000250,CHOP_LOWVOL,-0.0019161346035473396,1065,0.27605633802816903,0.0027999999999999995
000250,PANIC,0.0016332222050195262,32,0.5,0.0028
052690,TREND_UP,0.07458095238095239,1,1.0,0.0028
052690,CHOP_HIGHVOL,-0.0030592065904527714,45,0.26666666666666666,0.0028
052690,CHOP_LOWVOL,-0.002841154024049111,1278,0.27230046948356806,0.0028000000000000004
052690,PANIC,-0.006446169441034986,27,0.37037037037037035,0.0027999999999999995
086280,TREND_UP,0.010173863580938705,3,0.6666666666666666,0.0028
086280,CHOP_HIGHVOL,0.0075991275065054355,2,0.5,0.0028
086280,CHOP_LOWVOL,-0.0025407698175929565,1219,0.30434782608695654,0.0028
086280,PANIC,-0.001420174764343655,23,0.5217391304347826,0.0027999999999999995
103590,TREND_UP,0.0004118918478987544,2,1.0,0.0028
103590,CHOP_HIGHVOL,-0.0058159543012928135,94,0.23404255319148937,0.0028000000000000013
103590,CHOP_LOWVOL,-0.002035940915136996,1163,0.2897678417884781,0.0028
103590,PANIC,-0.004288321569269118,29,0.3793103448275862,0.0027999999999999995
086280,TREND_UP,0.010173863580938705,3,0.6666666666666666,0.0028
086280,CHOP_HIGHVOL,0.0075991275065054355,2,0.5,0.0028
086280,CHOP_LOWVOL,-0.0025407698175929565,1219,0.30434782608695654,0.0028
086280,PANIC,-0.001420174764343655,23,0.5217391304347826,0.0027999999999999995
103590,TREND_UP,0.0004118918478987544,2,1.0,0.0028
103590,CHOP_HIGHVOL,-0.0058159543012928135,94,0.23404255319148937,0.0028000000000000013
103590,CHOP_LOWVOL,-0.002035940915136996,1163,0.2897678417884781,0.0028
103590,PANIC,-0.004288321569269118,29,0.3793103448275862,0.0027999999999999995
000720,TREND_UP,-0.007005214465937763,1,0.0,0.0028
000720,TREND_DOWN,-0.004524137931034483,1,0.0,0.0028
000720,CHOP_HIGHVOL,-0.0023282018875475236,55,0.2545454545454545,0.0027999999999999995
000720,CHOP_LOWVOL,-0.0023234936138308926,1312,0.2865853658536585,0.0028000000000000004
000720,PANIC,-0.00431781265294868,23,0.30434782608695654,0.0027999999999999995
108490,TREND_UP,0.0016052628046328743,4,0.25,0.0028
108490,CHOP_HIGHVOL,0.00010380653883749428,227,0.3039647577092511,0.0027999999999999995
108490,CHOP_LOWVOL,-0.0023388309569108024,954,0.24423480083857443,0.0027999999999999995
108490,PANIC,-0.000997008736458375,36,0.4444444444444444,0.0027999999999999995
028050,CHOP_HIGHVOL,-0.006220880247299259,4,0.0,0.0028
028050,CHOP_LOWVOL,-0.0028113825407901556,1522,0.2628120893561104,0.0027999999999999995
028050,PANIC,-0.00154940767154403,25,0.4,0.0027999999999999995
064400,TREND_UP,-0.0017919354838709677,1,1.0,0.0028
064400,CHOP_HIGHVOL,-0.0010130769721506424,34,0.4117647058823529,0.0028
064400,CHOP_LOWVOL,-0.003130592292987718,1145,0.27074235807860264,0.0028000000000000004
064400,PANIC,-0.006750773707926461,20,0.35,0.0027999999999999995
010130,TREND_UP,-0.022285863662917734,3,0.0,0.0028
010130,TREND_DOWN,-0.005004525028119971,2,0.0,0.0028
010130,CHOP_HIGHVOL,-0.003199408346764827,61,0.32786885245901637,0.0027999999999999995
010130,CHOP_LOWVOL,-0.0022027955126667957,1182,0.2800338409475465,0.0027999999999999995
010130,PANIC,0.002104535871282661,38,0.3157894736842105,0.0027999999999999995
036460,TREND_UP,-0.0038920282669243247,3,0.6666666666666666,0.0028
036460,TREND_DOWN,-0.007607692307692308,1,0.0,0.0028
036460,CHOP_HIGHVOL,-0.00426354791430969,19,0.2631578947368421,0.0027999999999999995
036460,CHOP_LOWVOL,-0.00276704354211621,1405,0.2754448398576512,0.0028
036460,PANIC,0.0026098682996384933,27,0.2962962962962963,0.0027999999999999995
034730,TREND_UP,-0.006048645385986943,2,0.0,0.0028
034730,TREND_DOWN,-0.0030566076469078778,3,0.0,0.0028
034730,CHOP_HIGHVOL,-0.001952442061452308,27,0.25925925925925924,0.0027999999999999995
034730,CHOP_LOWVOL,-0.0025339243761161537,1349,0.28317272053372866,0.0028000000000000004
034730,PANIC,-0.0038837417310455067,27,0.2962962962962963,0.0027999999999999995
004020,CHOP_HIGHVOL,-0.003641483520885811,40,0.3,0.0028
004020,CHOP_LOWVOL,-0.0027993843694973275,1506,0.250996015936255,0.0028
004020,PANIC,-0.0004289495692868812,20,0.45,0.0027999999999999995
042670,TREND_UP,0.010026978088413106,2,0.5,0.0028
042670,TREND_DOWN,-0.0028,1,0.0,0.0028
042670,CHOP_HIGHVOL,-0.0051512314469949454,28,0.35714285714285715,0.0027999999999999995
042670,CHOP_LOWVOL,-0.002342185283279646,1281,0.27400468384074944,0.0028
042670,PANIC,-0.0002400193127382183,27,0.4074074074074074,0.0027999999999999995
042670,TREND_UP,0.010026978088413106,2,0.5,0.0028
042670,TREND_DOWN,-0.0028,1,0.0,0.0028
042670,CHOP_HIGHVOL,-0.0051512314469949454,28,0.35714285714285715,0.0027999999999999995
042670,CHOP_LOWVOL,-0.002342185283279646,1281,0.27400468384074944,0.0028
042670,PANIC,-0.0002400193127382183,27,0.4074074074074074,0.0027999999999999995
001040,TREND_UP,-0.00031422383058495604,2,0.5,0.0028
001040,CHOP_HIGHVOL,-0.0030185501265551796,53,0.37735849056603776,0.0027999999999999995
001040,CHOP_LOWVOL,-0.002205156796320064,1155,0.31861471861471863,0.0028
001040,PANIC,-0.0007715218787518398,33,0.3939393939393939,0.0028
450080,TREND_UP,0.04497777777777778,1,1.0,0.0028
450080,CHOP_HIGHVOL,-0.0021513225197201404,56,0.2857142857142857,0.0028
450080,CHOP_LOWVOL,-0.0032193245632277604,1190,0.2411764705882353,0.0028
450080,PANIC,-0.0070175524840343905,22,0.2727272727272727,0.002799999999999999
002380,TREND_UP,0.019992022792022793,1,1.0,0.0028
002380,CHOP_HIGHVOL,-0.0049910779273529835,19,0.21052631578947367,0.0027999999999999995
002380,CHOP_LOWVOL,-0.0026353589982943534,1496,0.26737967914438504,0.0028
002380,PANIC,-0.0019583248042695815,21,0.38095238095238093,0.002799999999999999
003490,TREND_UP,0.0060691796008869175,1,1.0,0.0028
003490,CHOP_LOWVOL,-0.002955144147189114,1933,0.24418003103983446,0.002799999999999999
003490,PANIC,-0.004325143908971901,13,0.23076923076923078,0.0027999999999999995
035720,CHOP_HIGHVOL,-0.006875399323658658,19,0.21052631578947367,0.0027999999999999995
035720,CHOP_LOWVOL,-0.002594922163855556,1332,0.2725225225225225,0.0028000000000000004
035720,PANIC,-0.007415915090418914,21,0.23809523809523808,0.002799999999999999
026960,TREND_UP,0.01872317880794702,1,1.0,0.0028
026960,CHOP_HIGHVOL,-0.006959831397387876,8,0.25,0.0028
026960,CHOP_LOWVOL,-0.0030306314784569028,1459,0.249485949280329,0.0028000000000000004
026960,PANIC,-0.006059876971769319,24,0.16666666666666666,0.0028
002380,TREND_UP,0.019992022792022793,1,1.0,0.0028
002380,CHOP_HIGHVOL,-0.0049910779273529835,19,0.21052631578947367,0.0027999999999999995
002380,CHOP_LOWVOL,-0.0026353589982943534,1496,0.26737967914438504,0.0028
002380,PANIC,-0.0019583248042695815,21,0.38095238095238093,0.002799999999999999
026960,TREND_UP,0.01872317880794702,1,1.0,0.0028
026960,CHOP_HIGHVOL,-0.006959831397387876,8,0.25,0.0028
026960,CHOP_LOWVOL,-0.0030306314784569028,1459,0.249485949280329,0.0028000000000000004
026960,PANIC,-0.006059876971769319,24,0.16666666666666666,0.0028
001040,TREND_UP,-0.00031422383058495604,2,0.5,0.0028
001040,CHOP_HIGHVOL,-0.0030185501265551796,53,0.37735849056603776,0.0027999999999999995
001040,CHOP_LOWVOL,-0.002205156796320064,1155,0.31861471861471863,0.0028
001040,PANIC,-0.0007715218787518398,33,0.3939393939393939,0.0028
018260,TREND_UP,-0.007514924544006964,3,0.3333333333333333,0.0028
018260,CHOP_HIGHVOL,-0.009114807549892114,7,0.14285714285714285,0.0028
018260,CHOP_LOWVOL,-0.0027531330380830884,1265,0.2893280632411067,0.0028
018260,PANIC,0.0016105535895727034,21,0.42857142857142855,0.002799999999999999
018260,TREND_UP,-0.007514924544006964,3,0.3333333333333333,0.0028
018260,CHOP_HIGHVOL,-0.009114807549892114,7,0.14285714285714285,0.0028
018260,CHOP_LOWVOL,-0.0027531330380830884,1265,0.2893280632411067,0.0028
018260,PANIC,0.0016105535895727034,21,0.42857142857142855,0.002799999999999999
450080,TREND_UP,0.04497777777777778,1,1.0,0.0028
450080,CHOP_HIGHVOL,-0.0021513225197201404,56,0.2857142857142857,0.0028
450080,CHOP_LOWVOL,-0.0032193245632277604,1190,0.2411764705882353,0.0028
450080,PANIC,-0.0070175524840343905,22,0.2727272727272727,0.002799999999999999
035720,CHOP_HIGHVOL,-0.006875399323658658,19,0.21052631578947367,0.0027999999999999995
035720,CHOP_LOWVOL,-0.002594922163855556,1332,0.2725225225225225,0.0028000000000000004
035720,PANIC,-0.007415915090418914,21,0.23809523809523808,0.002799999999999999
003490,TREND_UP,0.0060691796008869175,1,1.0,0.0028
003490,CHOP_LOWVOL,-0.002955144147189114,1933,0.24418003103983446,0.002799999999999999
003490,PANIC,-0.004325143908971901,13,0.23076923076923078,0.0027999999999999995
011170,TREND_UP,0.0050125,1,1.0,0.0028
011170,TREND_DOWN,-0.0028,1,0.0,0.0028
011170,CHOP_HIGHVOL,0.0006527003746912797,41,0.3902439024390244,0.0028
011170,CHOP_LOWVOL,-0.0026985934610187206,1372,0.27113702623906705,0.0028000000000000004
011170,PANIC,-0.005407862421836199,16,0.4375,0.0028
011170,TREND_UP,0.0050125,1,1.0,0.0028
011170,TREND_DOWN,-0.0028,1,0.0,0.0028
011170,CHOP_HIGHVOL,0.0006527003746912797,41,0.3902439024390244,0.0028
011170,CHOP_LOWVOL,-0.0026985934610187206,1372,0.27113702623906705,0.0028000000000000004
011170,PANIC,-0.005407862421836199,16,0.4375,0.0028
003230,TREND_UP,0.01556941998188852,4,0.5,0.0028
003230,CHOP_HIGHVOL,0.0007092300952336304,10,0.4,0.0028
003230,CHOP_LOWVOL,-0.0025359082012569845,1158,0.31001727115716754,0.0028
003230,PANIC,-5.1440486443339855e-05,30,0.36666666666666664,0.002799999999999999
032640,CHOP_LOWVOL,-0.0029368028316609928,1481,0.26333558406482105,0.0028000000000000004
032640,PANIC,-0.0003837863056052196,23,0.5652173913043478,0.0027999999999999995
078930,TREND_UP,0.02048042328042328,1,1.0,0.0028
078930,TREND_DOWN,-0.005407561929595827,1,0.0,0.0028
078930,CHOP_HIGHVOL,-0.0022651908336879336,11,0.36363636363636365,0.0028
078930,CHOP_LOWVOL,-0.0026978587536008935,1613,0.2597644141351519,0.0027999999999999995
078930,PANIC,-0.0014967229372728113,21,0.3333333333333333,0.002799999999999999
011170,TREND_UP,0.0050125,1,1.0,0.0028
011170,TREND_DOWN,-0.0028,1,0.0,0.0028
011170,CHOP_HIGHVOL,0.0006527003746912797,41,0.3902439024390244,0.0028
011170,CHOP_LOWVOL,-0.0026985934610187206,1372,0.27113702623906705,0.0028000000000000004
011170,PANIC,-0.005407862421836199,16,0.4375,0.0028
251270,TREND_UP,0.024977777777777776,1,1.0,0.0028
251270,CHOP_HIGHVOL,-0.0021094889771725222,34,0.47058823529411764,0.0028
251270,CHOP_LOWVOL,-0.003081164162516698,1410,0.26382978723404255,0.0028000000000000004
251270,PANIC,-0.004845195962723424,20,0.25,0.0027999999999999995
009540,TREND_UP,-0.01063289817232376,1,0.0,0.0028
009540,CHOP_HIGHVOL,0.00038105973844321196,23,0.34782608695652173,0.0027999999999999995
009540,CHOP_LOWVOL,-0.0029585125228224216,1415,0.2734982332155477,0.0028000000000000004
009540,PANIC,-0.002070693037785212,24,0.3333333333333333,0.0028
051910,TREND_UP,0.029632432432432434,1,1.0,0.0028
051910,CHOP_HIGHVOL,-0.004770487628820326,12,0.3333333333333333,0.0028
051910,CHOP_LOWVOL,-0.002899749691700635,1397,0.25841088045812455,0.0028
051910,PANIC,-6.0362649956993177e-05,19,0.3157894736842105,0.0027999999999999995
090430,TREND_UP,0.012547093561044925,5,1.0,0.0028
090430,CHOP_LOWVOL,-0.0030164906424104583,1301,0.2797847809377402,0.0028000000000000004
090430,PANIC,-0.0024800414071210596,30,0.4,0.002799999999999999
036460,TREND_UP,-0.0038920282669243247,3,0.6666666666666666,0.0028
036460,TREND_DOWN,-0.007607692307692308,1,0.0,0.0028
036460,CHOP_HIGHVOL,-0.00426354791430969,19,0.2631578947368421,0.0027999999999999995
036460,CHOP_LOWVOL,-0.00276704354211621,1405,0.2754448398576512,0.0028
036460,PANIC,0.0026098682996384933,27,0.2962962962962963,0.0027999999999999995
383220,TREND_UP,-0.006595066413662239,1,0.0,0.0028
383220,CHOP_HIGHVOL,-0.0004541775128486217,86,0.4418604651162791,0.0028
383220,CHOP_LOWVOL,-0.003009131730196314,1489,0.30624580255204836,0.0028
383220,PANIC,-0.003564272982876884,16,0.5,0.0028
036460,TREND_UP,-0.0038920282669243247,3,0.6666666666666666,0.0028
036460,TREND_DOWN,-0.007607692307692308,1,0.0,0.0028
036460,CHOP_HIGHVOL,-0.00426354791430969,19,0.2631578947368421,0.0027999999999999995
036460,CHOP_LOWVOL,-0.00276704354211621,1405,0.2754448398576512,0.0028
036460,PANIC,0.0026098682996384933,27,0.2962962962962963,0.0027999999999999995
383220,TREND_UP,-0.006595066413662239,1,0.0,0.0028
383220,CHOP_HIGHVOL,-0.0004541775128486217,86,0.4418604651162791,0.0028
383220,CHOP_LOWVOL,-0.003009131730196314,1489,0.30624580255204836,0.0028
383220,PANIC,-0.003564272982876884,16,0.5,0.0028
009830,TREND_UP,0.02352725007856773,5,1.0,0.0028
009830,CHOP_HIGHVOL,-0.0023018460919247384,63,0.25396825396825395,0.0027999999999999995
009830,CHOP_LOWVOL,-0.0029927706596519646,1304,0.2469325153374233,0.0028
009830,PANIC,-0.007604847836356477,29,0.2413793103448276,0.0027999999999999995
310210,TREND_UP,0.02299011919986382,2,1.0,0.0028
310210,CHOP_HIGHVOL,-0.002031836042239015,211,0.2985781990521327,0.0028
310210,CHOP_LOWVOL,-0.002914927126947771,1019,0.28655544651619236,0.002799999999999999
310210,PANIC,-0.0004476587571286884,21,0.2857142857142857,0.002799999999999999
047810,TREND_DOWN,0.0031031877213695395,1,1.0,0.0028
047810,CHOP_HIGHVOL,-0.0003652773443575583,23,0.5217391304347826,0.0027999999999999995
047810,CHOP_LOWVOL,-0.0028334792161281144,1304,0.2645705521472393,0.0028
047810,PANIC,-0.0020405369494831426,30,0.4666666666666667,0.002799999999999999
047810,TREND_DOWN,0.0031031877213695395,1,1.0,0.0028
047810,CHOP_HIGHVOL,-0.0003652773443575583,23,0.5217391304347826,0.0027999999999999995
047810,CHOP_LOWVOL,-0.0028334792161281144,1304,0.2645705521472393,0.0028
047810,PANIC,-0.0020405369494831426,30,0.4666666666666667,0.002799999999999999
251270,TREND_UP,0.024977777777777776,1,1.0,0.0028
251270,CHOP_HIGHVOL,-0.0021094889771725222,34,0.47058823529411764,0.0028
251270,CHOP_LOWVOL,-0.003081164162516698,1410,0.26382978723404255,0.0028000000000000004
251270,PANIC,-0.004845195962723424,20,0.25,0.0027999999999999995
096770,TREND_UP,-0.004264597717088854,4,0.25,0.0028
096770,CHOP_HIGHVOL,0.005111936704506364,3,0.3333333333333333,0.0028
096770,CHOP_LOWVOL,-0.002880017053514476,1207,0.26926263463131733,0.0028
096770,PANIC,-0.006145231517128456,21,0.23809523809523808,0.002799999999999999
078930,TREND_UP,0.02048042328042328,1,1.0,0.0028
078930,TREND_DOWN,-0.005407561929595827,1,0.0,0.0028
078930,CHOP_HIGHVOL,-0.0022651908336879336,11,0.36363636363636365,0.0028
078930,CHOP_LOWVOL,-0.0026978587536008935,1613,0.2597644141351519,0.0027999999999999995
078930,PANIC,-0.0014967229372728113,21,0.3333333333333333,0.002799999999999999
090430,TREND_UP,0.012547093561044925,5,1.0,0.0028
090430,CHOP_LOWVOL,-0.0030164906424104583,1301,0.2797847809377402,0.0028000000000000004
090430,PANIC,-0.0024800414071210596,30,0.4,0.002799999999999999
051910,TREND_UP,0.029632432432432434,1,1.0,0.0028
051910,CHOP_HIGHVOL,-0.004770487628820326,12,0.3333333333333333,0.0028
051910,CHOP_LOWVOL,-0.002899749691700635,1397,0.25841088045812455,0.0028
051910,PANIC,-6.0362649956993177e-05,19,0.3157894736842105,0.0027999999999999995
022100,TREND_UP,0.10932267568220237,2,0.5,0.0028
022100,CHOP_HIGHVOL,-0.004369929702259573,59,0.23728813559322035,0.0028
022100,CHOP_LOWVOL,-0.0030850912943605445,1253,0.23543495610534718,0.0028
022100,PANIC,0.0011700119110722193,22,0.4090909090909091,0.002799999999999999
145020,CHOP_HIGHVOL,-0.0030623067037139694,33,0.36363636363636365,0.0028
145020,CHOP_LOWVOL,-0.0029044113790111905,1413,0.25831564048124556,0.0028000000000000004
145020,PANIC,-0.0008462230932679373,24,0.4583333333333333,0.0028
145020,CHOP_HIGHVOL,-0.0030623067037139694,33,0.36363636363636365,0.0028
145020,CHOP_LOWVOL,-0.0029044113790111905,1413,0.25831564048124556,0.0028000000000000004
145020,PANIC,-0.0008462230932679373,24,0.4583333333333333,0.0028
066970,TREND_UP,-0.008894842350355635,3,0.3333333333333333,0.0028
066970,TREND_DOWN,-0.010752286282306163,1,0.0,0.0028
066970,CHOP_HIGHVOL,-0.0021220380580397598,100,0.28,0.002800000000000001
066970,CHOP_LOWVOL,-0.0025534441541670873,1083,0.26685133887349954,0.0028
066970,PANIC,-0.003959364943159936,28,0.25,0.0027999999999999995
004020,CHOP_HIGHVOL,-0.003641483520885811,40,0.3,0.0028
004020,CHOP_LOWVOL,-0.0027993843694973275,1506,0.250996015936255,0.0028
004020,PANIC,-0.0004289495692868812,20,0.45,0.0027999999999999995
950160,CHOP_HIGHVOL,-0.004090955783192327,169,0.26627218934911245,0.0028
950160,CHOP_LOWVOL,-0.0019076589110800408,1030,0.2941747572815534,0.0027999999999999995
950160,PANIC,0.0007716384385955898,22,0.3181818181818182,0.002799999999999999
009150,TREND_UP,-0.00041186275130258463,3,0.6666666666666666,0.0028
009150,CHOP_HIGHVOL,-0.0021830948869765725,35,0.2857142857142857,0.0027999999999999995
009150,CHOP_LOWVOL,-0.002464814884458469,1253,0.2737430167597765,0.0028
009150,PANIC,-0.005063065974147279,26,0.3076923076923077,0.0027999999999999995
310210,TREND_UP,0.02299011919986382,2,1.0,0.0028
310210,CHOP_HIGHVOL,-0.002031836042239015,211,0.2985781990521327,0.0028
310210,CHOP_LOWVOL,-0.002914927126947771,1019,0.28655544651619236,0.002799999999999999
310210,PANIC,-0.0004476587571286884,21,0.2857142857142857,0.002799999999999999
081660,TREND_UP,-0.008759475566150178,1,0.0,0.0028
081660,CHOP_HIGHVOL,-0.006036245954692557,1,0.0,0.0028
081660,CHOP_LOWVOL,-0.0031568525105636807,1526,0.25229357798165136,0.0028
081660,PANIC,-0.0021867311753595822,32,0.4375,0.0028
081660,TREND_UP,-0.008759475566150178,1,0.0,0.0028
081660,CHOP_HIGHVOL,-0.006036245954692557,1,0.0,0.0028
081660,CHOP_LOWVOL,-0.0031568525105636807,1526,0.25229357798165136,0.0028
081660,PANIC,-0.0021867311753595822,32,0.4375,0.0028
310210,TREND_UP,0.02299011919986382,2,1.0,0.0028
310210,CHOP_HIGHVOL,-0.002031836042239015,211,0.2985781990521327,0.0028
310210,CHOP_LOWVOL,-0.002914927126947771,1019,0.28655544651619236,0.002799999999999999
310210,PANIC,-0.0004476587571286884,21,0.2857142857142857,0.002799999999999999
323410,TREND_UP,-0.045321994134897355,1,0.0,0.0028
323410,CHOP_HIGHVOL,-0.005750976230445493,23,0.21739130434782608,0.0027999999999999995
323410,CHOP_LOWVOL,-0.003041691104370861,1702,0.2356051703877791,0.0027999999999999995
323410,PANIC,-0.002728785059769029,16,0.4375,0.0028
323410,TREND_UP,-0.045321994134897355,1,0.0,0.0028
323410,CHOP_HIGHVOL,-0.005750976230445493,23,0.21739130434782608,0.0027999999999999995
323410,CHOP_LOWVOL,-0.003041691104370861,1702,0.2356051703877791,0.0027999999999999995
323410,PANIC,-0.002728785059769029,16,0.4375,0.0028
004020,CHOP_HIGHVOL,-0.003641483520885811,40,0.3,0.0028
004020,CHOP_LOWVOL,-0.0027993843694973275,1506,0.250996015936255,0.0028
004020,PANIC,-0.0004289495692868812,20,0.45,0.0027999999999999995
066970,TREND_UP,-0.008894842350355635,3,0.3333333333333333,0.0028
066970,TREND_DOWN,-0.010752286282306163,1,0.0,0.0028
066970,CHOP_HIGHVOL,-0.0021220380580397598,100,0.28,0.002800000000000001
066970,CHOP_LOWVOL,-0.0025534441541670873,1083,0.26685133887349954,0.0028
066970,PANIC,-0.003959364943159936,28,0.25,0.0027999999999999995
141080,TREND_UP,-0.012901010101010102,1,0.0,0.0028
141080,CHOP_HIGHVOL,-0.0036474701639680846,18,0.2777777777777778,0.0027999999999999995
141080,CHOP_LOWVOL,-0.002561819288855077,1085,0.28110599078341014,0.0028000000000000004
141080,PANIC,-0.0013527468842563493,32,0.53125,0.0028
950160,CHOP_HIGHVOL,-0.004090955783192327,169,0.26627218934911245,0.0028
950160,CHOP_LOWVOL,-0.0019076589110800408,1030,0.2941747572815534,0.0027999999999999995
950160,PANIC,0.0007716384385955898,22,0.3181818181818182,0.002799999999999999
009150,TREND_UP,-0.00041186275130258463,3,0.6666666666666666,0.0028
009150,CHOP_HIGHVOL,-0.0021830948869765725,35,0.2857142857142857,0.0027999999999999995
009150,CHOP_LOWVOL,-0.002464814884458469,1253,0.2737430167597765,0.0028
009150,PANIC,-0.005063065974147279,26,0.3076923076923077,0.0027999999999999995
068760,TREND_UP,-0.023335714285714286,2,0.0,0.0028
068760,CHOP_HIGHVOL,-0.00950437346442883,11,0.09090909090909091,0.0028
068760,CHOP_LOWVOL,-0.0028366962368983955,1405,0.2604982206405694,0.0028
068760,PANIC,-0.005041381051484613,34,0.35294117647058826,0.0028
068760,TREND_UP,-0.023335714285714286,2,0.0,0.0028
068760,CHOP_HIGHVOL,-0.00950437346442883,11,0.09090909090909091,0.0028
068760,CHOP_LOWVOL,-0.0028366962368983955,1405,0.2604982206405694,0.0028
068760,PANIC,-0.005041381051484613,34,0.35294117647058826,0.0028
032830,TREND_UP,0.008584831821860511,2,0.5,0.0028
032830,CHOP_HIGHVOL,-0.001969435215946844,1,1.0,0.0028
032830,CHOP_LOWVOL,-0.0025962389768287974,1335,0.27490636704119853,0.0028000000000000004
032830,PANIC,-0.004199622866336307,30,0.4666666666666667,0.002799999999999999
097950,CHOP_HIGHVOL,-0.017371948998178507,1,0.0,0.0028
097950,CHOP_LOWVOL,-0.002838205350740131,1841,0.25909831613253664,0.0027999999999999995
097950,PANIC,-0.0032012001086800307,11,0.36363636363636365,0.0028
443060,TREND_UP,0.0016168482789259233,2,0.5,0.0028
443060,TREND_DOWN,-0.0071290043290043285,1,0.0,0.0028
443060,CHOP_HIGHVOL,-0.004486123146953657,46,0.17391304347826086,0.0028
443060,CHOP_LOWVOL,-0.0027128207731374598,1224,0.27450980392156865,0.0028
443060,PANIC,-0.0039015864436216926,35,0.4,0.0027999999999999995
263750,CHOP_HIGHVOL,-0.0038003420571692892,9,0.2222222222222222,0.0028
263750,CHOP_LOWVOL,-0.0029930863518069298,1478,0.2577807848443843,0.0028000000000000004
263750,PANIC,0.0008171578066547658,29,0.5517241379310345,0.0027999999999999995
000155,TREND_UP,-0.0034627410680030013,5,0.2,0.0028
000155,CHOP_HIGHVOL,-0.0040334302682359605,77,0.3116883116883117,0.0028
000155,CHOP_LOWVOL,-0.002395435544590115,1066,0.2870544090056285,0.0027999999999999995
000155,PANIC,-0.003692654786698999,40,0.275,0.0028
009420,TREND_UP,0.02142145328719723,1,1.0,0.0028
009420,CHOP_HIGHVOL,-0.0004397875487136462,52,0.3076923076923077,0.0027999999999999995
009420,CHOP_LOWVOL,-0.003121700171235397,1304,0.2553680981595092,0.0028
009420,PANIC,-0.0035933721947956788,25,0.32,0.0027999999999999995
006040,TREND_UP,0.009811104295846902,2,1.0,0.0028
006040,CHOP_HIGHVOL,-0.004522661630110901,42,0.30952380952380953,0.0028
006040,CHOP_LOWVOL,-0.0027733044527307534,1340,0.3037313432835821,0.0028000000000000004
006040,PANIC,-0.004191462903238524,33,0.24242424242424243,0.0028
000155,TREND_UP,-0.0034627410680030013,5,0.2,0.0028
000155,CHOP_HIGHVOL,-0.0040334302682359605,77,0.3116883116883117,0.0028
000155,CHOP_LOWVOL,-0.002395435544590115,1066,0.2870544090056285,0.0027999999999999995
000155,PANIC,-0.003692654786698999,40,0.275,0.0028
023590,TREND_UP,0.0029877978306969825,2,0.5,0.0028
023590,CHOP_HIGHVOL,0.001405555668121119,10,0.4,0.0028
023590,CHOP_LOWVOL,-0.0027276063819154355,1314,0.2762557077625571,0.0028000000000000004
023590,PANIC,0.0033011998128678515,25,0.44,0.0027999999999999995
082740,TREND_UP,-0.028174734943576495,2,0.0,0.0028
082740,CHOP_HIGHVOL,-0.0014460520959641695,107,0.3644859813084112,0.0028000000000000004
082740,CHOP_LOWVOL,-0.0026436041687948647,1175,0.2876595744680851,0.0028
082740,PANIC,-0.0027559917034392202,28,0.35714285714285715,0.0027999999999999995
010120,TREND_UP,-0.010921913602637364,3,0.3333333333333333,0.0028
010120,TREND_DOWN,-0.007239511653718091,1,0.0,0.0028
010120,CHOP_HIGHVOL,-0.0036820451229099206,73,0.3150684931506849,0.0028
010120,CHOP_LOWVOL,-0.002353559679735188,1202,0.2687188019966722,0.0027999999999999995
010120,PANIC,-0.005736874222439901,21,0.14285714285714285,0.002799999999999999
014680,CHOP_HIGHVOL,-0.003062207486935033,79,0.26582278481012656,0.0027999999999999995
014680,CHOP_LOWVOL,-0.0025824813143538942,1225,0.3273469387755102,0.0028
014680,PANIC,-0.0008002227302773435,34,0.4411764705882353,0.0028
005385,TREND_UP,0.002478663146661038,4,0.5,0.0028
005385,CHOP_LOWVOL,-0.002669983724709207,1415,0.296113074204947,0.0028000000000000004
005385,PANIC,-0.0016287294118694352,28,0.39285714285714285,0.0027999999999999995
263750,CHOP_HIGHVOL,-0.0038003420571692892,9,0.2222222222222222,0.0028
263750,CHOP_LOWVOL,-0.0029930863518069298,1478,0.2577807848443843,0.0028000000000000004
263750,PANIC,0.0008171578066547658,29,0.5517241379310345,0.0027999999999999995
064760,TREND_UP,0.020742600896860985,1,1.0,0.0028
064760,CHOP_HIGHVOL,-0.0031143240147573346,53,0.3018867924528302,0.0027999999999999995
064760,CHOP_LOWVOL,-0.002753588744165994,1249,0.2986389111289031,0.0028
064760,PANIC,-0.007117363624682481,25,0.24,0.0027999999999999995
006040,TREND_UP,0.009811104295846902,2,1.0,0.0028
006040,CHOP_HIGHVOL,-0.004522661630110901,42,0.30952380952380953,0.0028
006040,CHOP_LOWVOL,-0.0027733044527307534,1340,0.3037313432835821,0.0028000000000000004
006040,PANIC,-0.004191462903238524,33,0.24242424242424243,0.0028
014680,CHOP_HIGHVOL,-0.003062207486935033,79,0.26582278481012656,0.0027999999999999995
014680,CHOP_LOWVOL,-0.0025824813143538942,1225,0.3273469387755102,0.0028
014680,PANIC,-0.0008002227302773435,34,0.4411764705882353,0.0028
023590,TREND_UP,0.0029877978306969825,2,0.5,0.0028
023590,CHOP_HIGHVOL,0.001405555668121119,10,0.4,0.0028
023590,CHOP_LOWVOL,-0.0027276063819154355,1314,0.2762557077625571,0.0028000000000000004
023590,PANIC,0.0033011998128678515,25,0.44,0.0027999999999999995
009420,TREND_UP,0.02142145328719723,1,1.0,0.0028
009420,CHOP_HIGHVOL,-0.0004397875487136462,52,0.3076923076923077,0.0027999999999999995
009420,CHOP_LOWVOL,-0.003121700171235397,1304,0.2553680981595092,0.0028
009420,PANIC,-0.0035933721947956788,25,0.32,0.0027999999999999995
036570,TREND_DOWN,-0.005963569663081512,2,0.0,0.0028
036570,CHOP_HIGHVOL,-0.001954092385259749,27,0.2962962962962963,0.0027999999999999995
036570,CHOP_LOWVOL,-0.0027999557265929696,1298,0.28659476117103233,0.0028
036570,PANIC,5.932707636343735e-05,33,0.48484848484848486,0.0028
064760,TREND_UP,0.020742600896860985,1,1.0,0.0028
064760,CHOP_HIGHVOL,-0.0031143240147573346,53,0.3018867924528302,0.0027999999999999995
064760,CHOP_LOWVOL,-0.002753588744165994,1249,0.2986389111289031,0.0028
064760,PANIC,-0.007117363624682481,25,0.24,0.0027999999999999995
001720,TREND_UP,-0.028898026734563972,1,0.0,0.0028
001720,CHOP_HIGHVOL,0.00037340837308336454,11,0.18181818181818182,0.0028
001720,CHOP_LOWVOL,-0.0025927763778083326,1064,0.26221804511278196,0.0027999999999999995
001720,PANIC,-0.0020033550464388025,35,0.3142857142857143,0.0027999999999999995
088350,CHOP_HIGHVOL,0.0010572825457341368,5,0.8,0.0028
088350,CHOP_LOWVOL,-0.002756589811277273,1630,0.23865030674846627,0.0027999999999999995
088350,PANIC,-0.003884559174606599,15,0.13333333333333333,0.002799999999999999
088350,CHOP_HIGHVOL,0.0010572825457341368,5,0.8,0.0028
088350,CHOP_LOWVOL,-0.002756589811277273,1630,0.23865030674846627,0.0027999999999999995
088350,PANIC,-0.003884559174606599,15,0.13333333333333333,0.002799999999999999
018670,CHOP_HIGHVOL,-0.0035942515353739306,78,0.28205128205128205,0.0028
018670,CHOP_LOWVOL,-0.0029246580624401356,1511,0.2726671078755791,0.0028000000000000004
018670,PANIC,-0.007551231654468281,19,0.15789473684210525,0.0027999999999999995
336260,TREND_UP,-0.011428870336902885,6,0.3333333333333333,0.0028
336260,CHOP_HIGHVOL,-0.002168945730172786,62,0.25806451612903225,0.0027999999999999995
336260,CHOP_LOWVOL,-0.0028518877425666826,1188,0.2786195286195286,0.0028
336260,PANIC,-0.0005697278643866724,23,0.2608695652173913,0.0027999999999999995
001720,TREND_UP,-0.028898026734563972,1,0.0,0.0028
001720,CHOP_HIGHVOL,0.00037340837308336454,11,0.18181818181818182,0.0028
001720,CHOP_LOWVOL,-0.0025927763778083326,1064,0.26221804511278196,0.0027999999999999995
001720,PANIC,-0.0020033550464388025,35,0.3142857142857143,0.0027999999999999995
007070,TREND_UP,0.07440815318097592,1,1.0,0.0028
007070,CHOP_HIGHVOL,-0.002318651429337199,26,0.34615384615384615,0.0027999999999999995
007070,CHOP_LOWVOL,-0.0026587639638628122,1262,0.29239302694136293,0.0028
007070,PANIC,-0.003157127628310003,29,0.41379310344827586,0.0027999999999999995
005290,CHOP_HIGHVOL,7.772908039462099e-05,28,0.35714285714285715,0.0027999999999999995
005290,CHOP_LOWVOL,-0.0027355084358222917,1357,0.262343404568902,0.0028000000000000004
005290,PANIC,0.00025791406526554745,22,0.4090909090909091,0.002799999999999999
336260,TREND_UP,-0.011428870336902885,6,0.3333333333333333,0.0028
336260,CHOP_HIGHVOL,-0.002168945730172786,62,0.25806451612903225,0.0027999999999999995
336260,CHOP_LOWVOL,-0.0028518877425666826,1188,0.2786195286195286,0.0028
336260,PANIC,-0.0005697278643866724,23,0.2608695652173913,0.0027999999999999995
006260,TREND_UP,0.015292149749757702,3,0.6666666666666666,0.0028
006260,CHOP_HIGHVOL,-0.004185467734124891,56,0.26785714285714285,0.0028
006260,CHOP_LOWVOL,-0.0025376529773259797,1161,0.29457364341085274,0.0028
006260,PANIC,-0.0029424681147553837,30,0.3,0.002799999999999999
007070,TREND_UP,0.07440815318097592,1,1.0,0.0028
007070,CHOP_HIGHVOL,-0.002318651429337199,26,0.34615384615384615,0.0027999999999999995
007070,CHOP_LOWVOL,-0.0026587639638628122,1262,0.29239302694136293,0.0028
007070,PANIC,-0.003157127628310003,29,0.41379310344827586,0.0027999999999999995
005070,TREND_UP,-0.005601120448179272,1,0.0,0.0028
005070,TREND_DOWN,-0.009185696040868455,1,0.0,0.0028
005070,CHOP_HIGHVOL,-0.005644035566871992,53,0.3018867924528302,0.0027999999999999995
005070,CHOP_LOWVOL,-0.0026914134303694776,1124,0.2491103202846975,0.0028000000000000004
005070,PANIC,-0.001263902998070247,27,0.25925925925925924,0.0027999999999999995
018670,CHOP_HIGHVOL,-0.0035942515353739306,78,0.28205128205128205,0.0028
018670,CHOP_LOWVOL,-0.0029246580624401356,1511,0.2726671078755791,0.0028000000000000004
018670,PANIC,-0.007551231654468281,19,0.15789473684210525,0.0027999999999999995
257720,TREND_DOWN,-0.014073957158962796,1,0.0,0.0028
257720,CHOP_HIGHVOL,-0.00304610318431843,104,0.2692307692307692,0.0027999999999999995
257720,CHOP_LOWVOL,-0.0022318068227214854,1123,0.2804986642920748,0.0028
257720,PANIC,-0.0037177684935915667,27,0.3333333333333333,0.0027999999999999995
257720,TREND_DOWN,-0.014073957158962796,1,0.0,0.0028
257720,CHOP_HIGHVOL,-0.00304610318431843,104,0.2692307692307692,0.0027999999999999995
257720,CHOP_LOWVOL,-0.0022318068227214854,1123,0.2804986642920748,0.0028
257720,PANIC,-0.0037177684935915667,27,0.3333333333333333,0.0027999999999999995
005290,CHOP_HIGHVOL,7.772908039462099e-05,28,0.35714285714285715,0.0027999999999999995
005290,CHOP_LOWVOL,-0.0027355084358222917,1357,0.262343404568902,0.0028000000000000004
005290,PANIC,0.00025791406526554745,22,0.4090909090909091,0.002799999999999999
010130,TREND_UP,-0.022285863662917734,3,0.0,0.0028
010130,TREND_DOWN,-0.005004525028119971,2,0.0,0.0028
010130,CHOP_HIGHVOL,-0.003199408346764827,61,0.32786885245901637,0.0027999999999999995
010130,CHOP_LOWVOL,-0.0022027955126667957,1182,0.2800338409475465,0.0027999999999999995
010130,PANIC,0.002104535871282661,38,0.3157894736842105,0.0027999999999999995
009970,TREND_UP,0.02470190985485103,1,1.0,0.0028
009970,CHOP_HIGHVOL,-0.001509588143956314,35,0.4,0.0027999999999999995
009970,CHOP_LOWVOL,-0.0030058688162900894,1376,0.2870639534883721,0.0028
009970,PANIC,-0.0024289143180302258,46,0.391304347826087,0.0028
009970,TREND_UP,0.02470190985485103,1,1.0,0.0028
009970,CHOP_HIGHVOL,-0.001509588143956314,35,0.4,0.0027999999999999995
009970,CHOP_LOWVOL,-0.0030058688162900894,1376,0.2870639534883721,0.0028
009970,PANIC,-0.0024289143180302258,46,0.391304347826087,0.0028
005070,TREND_UP,-0.005601120448179272,1,0.0,0.0028
005070,TREND_DOWN,-0.009185696040868455,1,0.0,0.0028
005070,CHOP_HIGHVOL,-0.005644035566871992,53,0.3018867924528302,0.0027999999999999995
005070,CHOP_LOWVOL,-0.0026914134303694776,1124,0.2491103202846975,0.0028000000000000004
005070,PANIC,-0.001263902998070247,27,0.25925925925925924,0.0027999999999999995
041510,TREND_UP,-0.008481818181818182,1,0.0,0.0028
041510,CHOP_HIGHVOL,-0.0035650599116435954,35,0.2857142857142857,0.0027999999999999995
041510,CHOP_LOWVOL,-0.0023773820001682057,1262,0.30269413629160064,0.0028
041510,PANIC,-0.004552134153397852,25,0.36,0.0027999999999999995
180640,TREND_UP,-0.06060845556514236,1,0.0,0.0028
180640,CHOP_HIGHVOL,0.0016464156347901341,44,0.25,0.0028
180640,CHOP_LOWVOL,-0.0027465663407399,1236,0.27750809061488674,0.0028
180640,PANIC,-0.0049185150465914495,32,0.4375,0.0028
004800,TREND_UP,-0.02094587650507288,3,0.0,0.0028
004800,TREND_DOWN,-0.006511952487008166,1,0.0,0.0028
004800,CHOP_HIGHVOL,-0.003607098539977337,15,0.3333333333333333,0.002799999999999999
004800,CHOP_LOWVOL,-0.0024615737646344242,1230,0.291869918699187,0.0028
004800,PANIC,-0.0007307391440604105,23,0.43478260869565216,0.0027999999999999995
240810,CHOP_HIGHVOL,-0.0010206242930259003,84,0.35714285714285715,0.0028
240810,CHOP_LOWVOL,-0.0026498211004319988,1371,0.2786287381473377,0.0028
240810,PANIC,-0.003820488223084482,28,0.39285714285714285,0.0027999999999999995
041510,TREND_UP,-0.008481818181818182,1,0.0,0.0028
041510,CHOP_HIGHVOL,-0.0035650599116435954,35,0.2857142857142857,0.0027999999999999995
041510,CHOP_LOWVOL,-0.0023773820001682057,1262,0.30269413629160064,0.0028
041510,PANIC,-0.004552134153397852,25,0.36,0.0027999999999999995
005850,TREND_UP,-0.0020245541126234045,4,0.25,0.0028
005850,CHOP_HIGHVOL,-0.0004349774058264085,17,0.47058823529411764,0.0028
005850,CHOP_LOWVOL,-0.002791483540562921,1433,0.2819260293091417,0.0028000000000000004
005850,PANIC,-0.004749225948322937,18,0.3333333333333333,0.0027999999999999995
035250,TREND_DOWN,-0.0008595084087968951,1,1.0,0.0028
035250,CHOP_LOWVOL,-0.0028793971998628534,1399,0.28448892065761255,0.0028
035250,PANIC,-0.0019344400190925432,30,0.4,0.002799999999999999
000150,TREND_UP,-0.007552782338989235,2,0.5,0.0028
000150,CHOP_HIGHVOL,-0.0016285460755709985,184,0.41847826086956524,0.0028
000150,CHOP_LOWVOL,-0.001973444462903577,1105,0.29321266968325793,0.0028000000000000004
000150,PANIC,-0.011229487396948977,26,0.11538461538461539,0.0027999999999999995
098460,CHOP_HIGHVOL,-0.0011306297323158466,74,0.2702702702702703,0.0028
098460,CHOP_LOWVOL,-0.002573781778249409,1156,0.26211072664359863,0.0028
098460,PANIC,0.002633310294986007,29,0.3103448275862069,0.0027999999999999995
282330,TREND_UP,-0.02453913043478261,1,0.0,0.0028
282330,TREND_DOWN,-0.0032940711462450594,2,0.0,0.0028
282330,CHOP_HIGHVOL,-0.0021431726479922463,3,0.6666666666666666,0.0028
282330,CHOP_LOWVOL,-0.002965391180569753,1468,0.26907356948228883,0.0028
282330,PANIC,-0.0038661569593778583,32,0.375,0.0028
395400,CHOP_HIGHVOL,-0.0039033979908707447,13,0.15384615384615385,0.0027999999999999995
395400,CHOP_LOWVOL,-0.002964607332761422,1844,0.25108459869848154,0.0027999999999999995
395400,PANIC,-0.0025191561299880696,23,0.4782608695652174,0.0027999999999999995
175330,CHOP_HIGHVOL,-0.001960500709841551,62,0.3548387096774194,0.0027999999999999995
175330,CHOP_LOWVOL,-0.0031695975319885913,1543,0.254050550874919,0.0027999999999999995
175330,PANIC,-0.0004244051470465556,31,0.41935483870967744,0.002799999999999999
004800,TREND_UP,-0.02094587650507288,3,0.0,0.0028
004800,TREND_DOWN,-0.006511952487008166,1,0.0,0.0028
004800,CHOP_HIGHVOL,-0.003607098539977337,15,0.3333333333333333,0.002799999999999999
004800,CHOP_LOWVOL,-0.0024615737646344242,1230,0.291869918699187,0.0028
004800,PANIC,-0.0007307391440604105,23,0.43478260869565216,0.0027999999999999995
005850,TREND_UP,-0.0020245541126234045,4,0.25,0.0028
005850,CHOP_HIGHVOL,-0.0004349774058264085,17,0.47058823529411764,0.0028
005850,CHOP_LOWVOL,-0.002791483540562921,1433,0.2819260293091417,0.0028000000000000004
005850,PANIC,-0.004749225948322937,18,0.3333333333333333,0.0027999999999999995
004170,CHOP_HIGHVOL,-0.003316463175530262,23,0.391304347826087,0.0027999999999999995
004170,CHOP_LOWVOL,-0.002581209955871558,1359,0.28550404709345106,0.0028000000000000004
004170,PANIC,0.0008950344479157308,38,0.47368421052631576,0.0027999999999999995
098460,CHOP_HIGHVOL,-0.0011306297323158466,74,0.2702702702702703,0.0028
098460,CHOP_LOWVOL,-0.002573781778249409,1156,0.26211072664359863,0.0028
098460,PANIC,0.002633310294986007,29,0.3103448275862069,0.0027999999999999995
004170,CHOP_HIGHVOL,-0.003316463175530262,23,0.391304347826087,0.0027999999999999995
004170,CHOP_LOWVOL,-0.002581209955871558,1359,0.28550404709345106,0.0028000000000000004
004170,PANIC,0.0008950344479157308,38,0.47368421052631576,0.0027999999999999995
282330,TREND_UP,-0.02453913043478261,1,0.0,0.0028
282330,TREND_DOWN,-0.0032940711462450594,2,0.0,0.0028
282330,CHOP_HIGHVOL,-0.0021431726479922463,3,0.6666666666666666,0.0028
282330,CHOP_LOWVOL,-0.002965391180569753,1468,0.26907356948228883,0.0028
282330,PANIC,-0.0038661569593778583,32,0.375,0.0028
011790,TREND_UP,-0.013367131144417736,2,0.0,0.0028
011790,TREND_DOWN,0.0012603059328781334,2,1.0,0.0028
011790,CHOP_HIGHVOL,0.0015212928526713173,21,0.42857142857142855,0.002799999999999999
011790,CHOP_LOWVOL,-0.0026826564932991483,1147,0.2528334786399303,0.0028
011790,PANIC,-0.00341365365870627,29,0.27586206896551724,0.0027999999999999995
012510,CHOP_HIGHVOL,-0.004606732591915203,90,0.34444444444444444,0.0028
012510,CHOP_LOWVOL,-0.002850608515023864,1303,0.28012279355333847,0.0028
012510,PANIC,-0.004471876656000389,28,0.32142857142857145,0.0027999999999999995
395400,CHOP_HIGHVOL,-0.0039033979908707447,13,0.15384615384615385,0.0027999999999999995
395400,CHOP_LOWVOL,-0.002964607332761422,1844,0.25108459869848154,0.0027999999999999995
395400,PANIC,-0.0025191561299880696,23,0.4782608695652174,0.0027999999999999995
012510,CHOP_HIGHVOL,-0.004606732591915203,90,0.34444444444444444,0.0028
012510,CHOP_LOWVOL,-0.002850608515023864,1303,0.28012279355333847,0.0028
012510,PANIC,-0.004471876656000389,28,0.32142857142857145,0.0027999999999999995
030530,TREND_UP,0.06209064875153804,7,0.5714285714285714,0.0028
030530,CHOP_HIGHVOL,-0.0032749178124708792,225,0.26666666666666666,0.0027999999999999995
030530,CHOP_LOWVOL,-0.0026580491497824716,952,0.26260504201680673,0.0027999999999999995
030530,PANIC,-0.004488305962255528,38,0.39473684210526316,0.0027999999999999995
097230,CHOP_HIGHVOL,-0.00368289140237273,262,0.2748091603053435,0.002799999999999999
097230,CHOP_LOWVOL,-0.002866953378047172,943,0.24602332979851538,0.0027999999999999995
097230,PANIC,0.022941082157588347,31,0.4838709677419355,0.002799999999999999
030530,TREND_UP,0.06209064875153804,7,0.5714285714285714,0.0028
030530,CHOP_HIGHVOL,-0.0032749178124708792,225,0.26666666666666666,0.0027999999999999995
030530,CHOP_LOWVOL,-0.0026580491497824716,952,0.26260504201680673,0.0027999999999999995
030530,PANIC,-0.004488305962255528,38,0.39473684210526316,0.0027999999999999995
357780,CHOP_HIGHVOL,-0.00318473658620666,83,0.26506024096385544,0.0028
357780,CHOP_LOWVOL,-0.002813260923066997,1269,0.2923561859732072,0.0028
357780,PANIC,-0.0041673844432082215,29,0.3448275862068966,0.0027999999999999995
011210,CHOP_HIGHVOL,-0.003421660930858657,6,0.3333333333333333,0.0028
011210,CHOP_LOWVOL,-0.002789481756645803,1434,0.2615062761506276,0.0028
011210,PANIC,-0.0015080177705580123,22,0.3181818181818182,0.002799999999999999
128940,CHOP_HIGHVOL,-0.0016101026389225333,23,0.2608695652173913,0.0027999999999999995
128940,CHOP_LOWVOL,-0.002839421366804756,1559,0.2649134060295061,0.0028
128940,PANIC,-0.004869171923946163,25,0.32,0.0027999999999999995
445680,TREND_UP,-0.015176956287828362,3,0.3333333333333333,0.0028
445680,TREND_DOWN,-0.0039655011655011655,1,0.0,0.0028
445680,CHOP_HIGHVOL,-0.004912093944618697,87,0.20689655172413793,0.0028
445680,CHOP_LOWVOL,-0.0019783788496521306,1018,0.31335952848722987,0.002799999999999999
445680,PANIC,0.006437397882464305,28,0.6785714285714286,0.0027999999999999995
457190,TREND_UP,-0.025214679305996666,4,0.0,0.0028
457190,CHOP_HIGHVOL,-0.004685736718753414,96,0.3020833333333333,0.0028
457190,CHOP_LOWVOL,-0.0027059311782419806,1125,0.25422222222222224,0.0028000000000000004
457190,PANIC,-0.0025274162310499697,33,0.42424242424242425,0.0028
357780,CHOP_HIGHVOL,-0.00318473658620666,83,0.26506024096385544,0.0028
357780,CHOP_LOWVOL,-0.002813260923066997,1269,0.2923561859732072,0.0028
357780,PANIC,-0.0041673844432082215,29,0.3448275862068966,0.0027999999999999995
000240,TREND_DOWN,-0.0050475070494030265,2,0.0,0.0028
000240,CHOP_HIGHVOL,-0.0013046443103492135,56,0.35714285714285715,0.0028
000240,CHOP_LOWVOL,-0.002524049198423405,1390,0.2971223021582734,0.0028000000000000004
000240,PANIC,-0.002236600018662962,25,0.32,0.0027999999999999995
005830,TREND_UP,-0.0033149330587023684,1,0.0,0.0028
005830,CHOP_LOWVOL,-0.002982900822496136,1370,0.28102189781021897,0.0028000000000000004
005830,PANIC,-0.0036542335106494357,26,0.38461538461538464,0.0027999999999999995
097230,CHOP_HIGHVOL,-0.00368289140237273,262,0.2748091603053435,0.002799999999999999
097230,CHOP_LOWVOL,-0.002866953378047172,943,0.24602332979851538,0.0027999999999999995
097230,PANIC,0.022941082157588347,31,0.4838709677419355,0.002799999999999999
011210,CHOP_HIGHVOL,-0.003421660930858657,6,0.3333333333333333,0.0028
011210,CHOP_LOWVOL,-0.002789481756645803,1434,0.2615062761506276,0.0028
011210,PANIC,-0.0015080177705580123,22,0.3181818181818182,0.002799999999999999
445680,TREND_UP,-0.015176956287828362,3,0.3333333333333333,0.0028
445680,TREND_DOWN,-0.0039655011655011655,1,0.0,0.0028
445680,CHOP_HIGHVOL,-0.004912093944618697,87,0.20689655172413793,0.0028
445680,CHOP_LOWVOL,-0.0019783788496521306,1018,0.31335952848722987,0.002799999999999999
445680,PANIC,0.006437397882464305,28,0.6785714285714286,0.0027999999999999995
000240,TREND_DOWN,-0.0050475070494030265,2,0.0,0.0028
000240,CHOP_HIGHVOL,-0.0013046443103492135,56,0.35714285714285715,0.0028
000240,CHOP_LOWVOL,-0.002524049198423405,1390,0.2971223021582734,0.0028000000000000004
000240,PANIC,-0.002236600018662962,25,0.32,0.0027999999999999995
457190,TREND_UP,-0.025214679305996666,4,0.0,0.0028
457190,CHOP_HIGHVOL,-0.004685736718753414,96,0.3020833333333333,0.0028
457190,CHOP_LOWVOL,-0.0027059311782419806,1125,0.25422222222222224,0.0028000000000000004
457190,PANIC,-0.0025274162310499697,33,0.42424242424242425,0.0028
030000,CHOP_HIGHVOL,-0.0035984427487460854,12,0.25,0.0028
030000,CHOP_LOWVOL,-0.0029456618488943945,1705,0.26099706744868034,0.0027999999999999995
030000,PANIC,-0.00246547589992938,22,0.36363636363636365,0.002799999999999999
035720,CHOP_HIGHVOL,-0.006875399323658658,19,0.21052631578947367,0.0027999999999999995
035720,CHOP_LOWVOL,-0.002594922163855556,1332,0.2725225225225225,0.0028000000000000004
035720,PANIC,-0.007415915090418914,21,0.23809523809523808,0.002799999999999999
214370,TREND_UP,0.01060033500837521,1,1.0,0.0028
214370,CHOP_HIGHVOL,-0.004428097411009307,162,0.25308641975308643,0.0028
214370,CHOP_LOWVOL,-0.001990203033865114,996,0.29417670682730923,0.002799999999999999
214370,PANIC,-0.0062993639687344725,28,0.2857142857142857,0.0027999999999999995
030000,CHOP_HIGHVOL,-0.0035984427487460854,12,0.25,0.0028
030000,CHOP_LOWVOL,-0.0029456618488943945,1705,0.26099706744868034,0.0027999999999999995
030000,PANIC,-0.00246547589992938,22,0.36363636363636365,0.002799999999999999
353200,TREND_UP,-0.016759161104761333,4,0.0,0.0028
353200,CHOP_HIGHVOL,-0.0035144967275885534,98,0.2653061224489796,0.0028000000000000004
353200,CHOP_LOWVOL,-0.0023390003478633435,1126,0.2966252220248668,0.0028
353200,PANIC,0.0016866947993041067,24,0.3333333333333333,0.0028
071970,TREND_UP,-0.03540192138144894,2,0.0,0.0028
071970,CHOP_HIGHVOL,-0.0030692080612239217,158,0.25949367088607594,0.0028
071970,CHOP_LOWVOL,-0.002185484121247055,1106,0.29023508137432186,0.0028
071970,PANIC,0.0012426346143134736,28,0.39285714285714285,0.0027999999999999995
002790,CHOP_HIGHVOL,0.0011442663450693278,13,0.3076923076923077,0.0027999999999999995
002790,CHOP_LOWVOL,-0.0029560342588427213,1665,0.25045045045045045,0.0027999999999999995
002790,PANIC,-0.0021669433474551785,19,0.2631578947368421,0.0027999999999999995
138930,TREND_UP,-0.009508500720026652,2,0.0,0.0028
138930,TREND_DOWN,-0.0038020040080160317,1,0.0,0.0028
138930,CHOP_HIGHVOL,-0.006372061466798308,2,0.0,0.0028
138930,CHOP_LOWVOL,-0.0026338174385384357,1345,0.3033457249070632,0.0028
138930,PANIC,-0.002055489377005467,27,0.3333333333333333,0.0027999999999999995
353200,TREND_UP,-0.016759161104761333,4,0.0,0.0028
353200,CHOP_HIGHVOL,-0.0035144967275885534,98,0.2653061224489796,0.0028000000000000004
353200,CHOP_LOWVOL,-0.0023390003478633435,1126,0.2966252220248668,0.0028
353200,PANIC,0.0016866947993041067,24,0.3333333333333333,0.0028
160190,TREND_UP,-0.010752720895348128,3,0.0,0.0028
160190,CHOP_HIGHVOL,-0.003677261659756353,226,0.24336283185840707,0.0027999999999999995
160190,CHOP_LOWVOL,-0.0033179060961311883,945,0.2634920634920635,0.0027999999999999995
160190,PANIC,0.015275417669076374,26,0.5384615384615384,0.0027999999999999995
008770,TREND_DOWN,-0.005974603174603174,1,0.0,0.0028
008770,CHOP_LOWVOL,-0.0027990292630041672,1516,0.28034300791556727,0.0028
008770,PANIC,0.00019347399376944737,28,0.42857142857142855,0.0027999999999999995
034230,TREND_UP,0.01123180542563143,1,1.0,0.0028
034230,TREND_DOWN,-0.006250655624568668,1,0.0,0.0028
034230,CHOP_HIGHVOL,-0.005095831279958811,54,0.2777777777777778,0.0027999999999999995
034230,CHOP_LOWVOL,-0.0024451942515135152,1243,0.28962188254223653,0.0027999999999999995
034230,PANIC,-0.0018291011910183848,22,0.5,0.002799999999999999
086280,TREND_UP,0.010173863580938705,3,0.6666666666666666,0.0028
086280,CHOP_HIGHVOL,0.0075991275065054355,2,0.5,0.0028
086280,CHOP_LOWVOL,-0.0025407698175929565,1219,0.30434782608695654,0.0028
086280,PANIC,-0.001420174764343655,23,0.5217391304347826,0.0027999999999999995
160190,TREND_UP,-0.010752720895348128,3,0.0,0.0028
160190,CHOP_HIGHVOL,-0.003677261659756353,226,0.24336283185840707,0.0027999999999999995
160190,CHOP_LOWVOL,-0.0033179060961311883,945,0.2634920634920635,0.0027999999999999995
160190,PANIC,0.015275417669076374,26,0.5384615384615384,0.0027999999999999995
006280,TREND_UP,0.009191742620275905,2,1.0,0.0028
006280,TREND_DOWN,-0.004853388090349076,1,0.0,0.0028
006280,CHOP_HIGHVOL,-0.004092293717182375,7,0.42857142857142855,0.0028
006280,CHOP_LOWVOL,-0.002442193695105388,1328,0.3200301204819277,0.0028000000000000004
006280,PANIC,-0.0037799719051872477,27,0.25925925925925924,0.0027999999999999995
002790,CHOP_HIGHVOL,0.0011442663450693278,13,0.3076923076923077,0.0027999999999999995
002790,CHOP_LOWVOL,-0.0029560342588427213,1665,0.25045045045045045,0.0027999999999999995
002790,PANIC,-0.0021669433474551785,19,0.2631578947368421,0.0027999999999999995
008770,TREND_DOWN,-0.005974603174603174,1,0.0,0.0028
008770,CHOP_LOWVOL,-0.0027990292630041672,1516,0.28034300791556727,0.0028
008770,PANIC,0.00019347399376944737,28,0.42857142857142855,0.0027999999999999995
361610,CHOP_HIGHVOL,-0.0023458725198491973,19,0.3157894736842105,0.0027999999999999995
361610,CHOP_LOWVOL,-0.0027569298382661427,1297,0.25751734772552043,0.0028
361610,PANIC,-0.004787669772164377,29,0.3448275862068966,0.0027999999999999995
034230,TREND_UP,0.01123180542563143,1,1.0,0.0028
034230,TREND_DOWN,-0.006250655624568668,1,0.0,0.0028
034230,CHOP_HIGHVOL,-0.005095831279958811,54,0.2777777777777778,0.0027999999999999995
034230,CHOP_LOWVOL,-0.0024451942515135152,1243,0.28962188254223653,0.0027999999999999995
034230,PANIC,-0.0018291011910183848,22,0.5,0.002799999999999999
006280,TREND_UP,0.009191742620275905,2,1.0,0.0028
006280,TREND_DOWN,-0.004853388090349076,1,0.0,0.0028
006280,CHOP_HIGHVOL,-0.004092293717182375,7,0.42857142857142855,0.0028
006280,CHOP_LOWVOL,-0.002442193695105388,1328,0.3200301204819277,0.0028000000000000004
006280,PANIC,-0.0037799719051872477,27,0.25925925925925924,0.0027999999999999995
361610,CHOP_HIGHVOL,-0.0023458725198491973,19,0.3157894736842105,0.0027999999999999995
361610,CHOP_LOWVOL,-0.0027569298382661427,1297,0.25751734772552043,0.0028
361610,PANIC,-0.004787669772164377,29,0.3448275862068966,0.0027999999999999995
226950,TREND_UP,0.49532734082397,1,1.0,0.0028
226950,CHOP_HIGHVOL,-0.0035098403293699876,280,0.28214285714285714,0.0028
226950,CHOP_LOWVOL,-0.0017030769652938479,826,0.3026634382566586,0.0027999999999999995
226950,PANIC,-0.0059827732325477695,39,0.3333333333333333,0.0027999999999999995
271560,CHOP_LOWVOL,-0.0028914586850298856,1456,0.29395604395604397,0.0028000000000000004
271560,PANIC,-0.00287324380695813,29,0.41379310344827586,0.0027999999999999995
226950,TREND_UP,0.49532734082397,1,1.0,0.0028
226950,CHOP_HIGHVOL,-0.0035098403293699876,280,0.28214285714285714,0.0028
226950,CHOP_LOWVOL,-0.0017030769652938479,826,0.3026634382566586,0.0027999999999999995
226950,PANIC,-0.0059827732325477695,39,0.3333333333333333,0.0027999999999999995
139130,TREND_DOWN,-0.006050270855904659,1,0.0,0.0028
139130,CHOP_LOWVOL,-0.002834332921104926,1514,0.2846763540290621,0.0028000000000000004
139130,PANIC,-0.002047764656933876,32,0.4375,0.0028
000120,TREND_UP,0.031564261168384886,1,1.0,0.0028
000120,CHOP_HIGHVOL,-0.003487518306922967,5,0.4,0.0028
000120,CHOP_LOWVOL,-0.0028208038817675724,1528,0.2643979057591623,0.0027999999999999995
000120,PANIC,-0.002732125911105193,25,0.32,0.0027999999999999995
222800,TREND_UP,-0.015004166212236885,2,0.5,0.0028
222800,TREND_DOWN,-0.003890815739427347,3,0.0,0.0028
222800,CHOP_HIGHVOL,-0.004575023422919579,202,0.29207920792079206,0.0028
222800,CHOP_LOWVOL,-0.0015316258119292244,983,0.28891149542217703,0.002799999999999999
222800,PANIC,-0.0010985389412022282,34,0.38235294117647056,0.0028
058610,TREND_UP,0.0025175742917249292,2,0.5,0.0028
058610,CHOP_HIGHVOL,-0.0026881906062565255,78,0.2692307692307692,0.0028
058610,CHOP_LOWVOL,-0.002612324343337508,1246,0.25601926163723915,0.0027999999999999995
058610,PANIC,0.001272971048191871,20,0.25,0.0027999999999999995
139130,TREND_DOWN,-0.006050270855904659,1,0.0,0.0028
139130,CHOP_LOWVOL,-0.002834332921104926,1514,0.2846763540290621,0.0028000000000000004
139130,PANIC,-0.002047764656933876,32,0.4375,0.0028
088980,TREND_DOWN,-0.0030731788978045583,2,0.5,0.0028
088980,CHOP_LOWVOL,-0.0027659613261107356,2063,0.2569074163839069,0.0027999999999999995
088980,PANIC,-0.0031935008184262024,18,0.2777777777777778,0.0027999999999999995
060370,TREND_UP,-0.00692025590118348,4,0.25,0.0028
060370,CHOP_HIGHVOL,-0.0008319313743246079,95,0.28421052631578947,0.0028000000000000013
060370,CHOP_LOWVOL,-0.0031090310576650237,1236,0.28559870550161814,0.0028
060370,PANIC,-0.0035777434291563385,28,0.4642857142857143,0.0027999999999999995
006360,TREND_UP,0.007329501976423774,2,1.0,0.0028
006360,CHOP_HIGHVOL,-0.0022289652612648542,30,0.16666666666666666,0.002799999999999999
006360,CHOP_LOWVOL,-0.0027220837367859874,1243,0.29766693483507645,0.0027999999999999995
006360,PANIC,-0.0018131139530618728,33,0.3939393939393939,0.0028
000720,TREND_UP,-0.007005214465937763,1,0.0,0.0028
000720,TREND_DOWN,-0.004524137931034483,1,0.0,0.0028
000720,CHOP_HIGHVOL,-0.0023282018875475236,55,0.2545454545454545,0.0027999999999999995
000720,CHOP_LOWVOL,-0.0023234936138308926,1312,0.2865853658536585,0.0028000000000000004
000720,PANIC,-0.00431781265294868,23,0.30434782608695654,0.0027999999999999995
222800,TREND_UP,-0.015004166212236885,2,0.5,0.0028
222800,TREND_DOWN,-0.003890815739427347,3,0.0,0.0028
222800,CHOP_HIGHVOL,-0.004575023422919579,202,0.29207920792079206,0.0028
222800,CHOP_LOWVOL,-0.0015316258119292244,983,0.28891149542217703,0.002799999999999999
222800,PANIC,-0.0010985389412022282,34,0.38235294117647056,0.0028
000120,TREND_UP,0.031564261168384886,1,1.0,0.0028
000120,CHOP_HIGHVOL,-0.003487518306922967,5,0.4,0.0028
000120,CHOP_LOWVOL,-0.0028208038817675724,1528,0.2643979057591623,0.0027999999999999995
000120,PANIC,-0.002732125911105193,25,0.32,0.0027999999999999995
006360,TREND_UP,0.007329501976423774,2,1.0,0.0028
006360,CHOP_HIGHVOL,-0.0022289652612648542,30,0.16666666666666666,0.002799999999999999
006360,CHOP_LOWVOL,-0.0027220837367859874,1243,0.29766693483507645,0.0027999999999999995
006360,PANIC,-0.0018131139530618728,33,0.3939393939393939,0.0028
204320,TREND_UP,-0.0007254123881831613,4,0.5,0.0028
204320,CHOP_HIGHVOL,-0.007415255526715175,26,0.23076923076923078,0.0027999999999999995
204320,CHOP_LOWVOL,-0.0027661136339913444,1465,0.2860068259385666,0.0028000000000000004
204320,PANIC,-0.0018112459611491997,26,0.5384615384615384,0.0027999999999999995
058610,TREND_UP,0.0025175742917249292,2,0.5,0.0028
058610,CHOP_HIGHVOL,-0.0026881906062565255,78,0.2692307692307692,0.0028
058610,CHOP_LOWVOL,-0.002612324343337508,1246,0.25601926163723915,0.0027999999999999995
058610,PANIC,0.001272971048191871,20,0.25,0.0027999999999999995
051910,TREND_UP,0.029632432432432434,1,1.0,0.0028
051910,CHOP_HIGHVOL,-0.004770487628820326,12,0.3333333333333333,0.0028
051910,CHOP_LOWVOL,-0.002899749691700635,1397,0.25841088045812455,0.0028
051910,PANIC,-6.0362649956993177e-05,19,0.3157894736842105,0.0027999999999999995
060370,TREND_UP,-0.00692025590118348,4,0.25,0.0028
060370,CHOP_HIGHVOL,-0.0008319313743246079,95,0.28421052631578947,0.0028000000000000013
060370,CHOP_LOWVOL,-0.0031090310576650237,1236,0.28559870550161814,0.0028
060370,PANIC,-0.0035777434291563385,28,0.4642857142857143,0.0027999999999999995
347850,TREND_UP,-0.0008723170001095587,4,0.25,0.0028
347850,CHOP_HIGHVOL,-0.0034669520727307074,265,0.3283018867924528,0.0027999999999999995
347850,CHOP_LOWVOL,-0.0028382284979719665,924,0.29004329004329005,0.002799999999999999
347850,PANIC,0.022283900640761137,32,0.59375,0.0028
237690,CHOP_HIGHVOL,-0.0032288784452004756,10,0.3,0.0028
237690,CHOP_LOWVOL,-0.002791364017884362,1335,0.26591760299625467,0.0028000000000000004
237690,PANIC,-0.0013818277114839915,36,0.4722222222222222,0.0027999999999999995
204320,TREND_UP,-0.0007254123881831613,4,0.5,0.0028
204320,CHOP_HIGHVOL,-0.007415255526715175,26,0.23076923076923078,0.0027999999999999995
204320,CHOP_LOWVOL,-0.0027661136339913444,1465,0.2860068259385666,0.0028000000000000004
204320,PANIC,-0.0018112459611491997,26,0.5384615384615384,0.0027999999999999995
004990,CHOP_HIGHVOL,0.0003501022468149063,24,0.25,0.0028
004990,CHOP_LOWVOL,-0.002829895836995862,1627,0.2526121696373694,0.0027999999999999995
004990,PANIC,-0.0018016296393226767,20,0.35,0.0027999999999999995
140410,CHOP_HIGHVOL,-0.007408223972369921,14,0.14285714285714285,0.0027999999999999995
140410,CHOP_LOWVOL,-0.0017183089484982842,1060,0.27452830188679245,0.0027999999999999995
140410,PANIC,-0.004004784769011366,21,0.38095238095238093,0.002799999999999999
058470,TREND_UP,0.0010906282622217757,3,0.3333333333333333,0.0028
058470,CHOP_HIGHVOL,-0.004604553147199901,68,0.29411764705882354,0.0028
058470,CHOP_LOWVOL,-0.0030286067685516096,1295,0.27104247104247103,0.0028000000000000004
058470,PANIC,-0.005577822773309444,24,0.4166666666666667,0.0028
237690,CHOP_HIGHVOL,-0.0032288784452004756,10,0.3,0.0028
237690,CHOP_LOWVOL,-0.002791364017884362,1335,0.26591760299625467,0.0028000000000000004
237690,PANIC,-0.0013818277114839915,36,0.4722222222222222,0.0027999999999999995
003690,TREND_UP,0.016590581717451522,1,1.0,0.0028
003690,CHOP_HIGHVOL,-0.004259024152317666,5,0.2,0.0028
003690,CHOP_LOWVOL,-0.002868328752583673,1657,0.2546771273385637,0.0028
003690,PANIC,-0.0031349736071380656,18,0.2777777777777778,0.0027999999999999995
018260,TREND_UP,-0.007514924544006964,3,0.3333333333333333,0.0028
018260,CHOP_HIGHVOL,-0.009114807549892114,7,0.14285714285714285,0.0028
018260,CHOP_LOWVOL,-0.0027531330380830884,1265,0.2893280632411067,0.0028
018260,PANIC,0.0016105535895727034,21,0.42857142857142855,0.002799999999999999
290650,TREND_UP,-0.03650051113145655,2,0.0,0.0028
290650,CHOP_HIGHVOL,-0.0027875791597225313,133,0.2706766917293233,0.0027999999999999995
290650,CHOP_LOWVOL,-0.0024940760975283023,1074,0.2811918063314711,0.0027999999999999995
290650,PANIC,-0.00965489079749385,30,0.26666666666666666,0.002799999999999999
140410,CHOP_HIGHVOL,-0.007408223972369921,14,0.14285714285714285,0.0027999999999999995
140410,CHOP_LOWVOL,-0.0017183089484982842,1060,0.27452830188679245,0.0027999999999999995
140410,PANIC,-0.004004784769011366,21,0.38095238095238093,0.002799999999999999
020150,CHOP_HIGHVOL,0.00017542113359941087,77,0.3246753246753247,0.0028
020150,CHOP_LOWVOL,-0.002693225430762699,1202,0.2579034941763727,0.0027999999999999995
020150,PANIC,-0.0011659440050009653,29,0.41379310344827586,0.0027999999999999995
083650,TREND_UP,-0.001152376687353992,5,0.4,0.0028
083650,CHOP_HIGHVOL,-0.001098870179717661,215,0.32558139534883723,0.0028000000000000004
083650,CHOP_LOWVOL,-0.0025119047151029804,981,0.2793068297655454,0.0027999999999999995
083650,PANIC,-0.01035712516669976,32,0.1875,0.0028
302440,TREND_UP,-0.02064945175241821,2,0.0,0.0028
302440,CHOP_HIGHVOL,-0.0031575878552453193,13,0.07692307692307693,0.0027999999999999995
302440,CHOP_LOWVOL,-0.002755171618378934,1321,0.2626797880393641,0.0028000000000000004
302440,PANIC,0.003995360800519788,23,0.43478260869565216,0.0027999999999999995
003690,TREND_UP,0.016590581717451522,1,1.0,0.0028
003690,CHOP_HIGHVOL,-0.004259024152317666,5,0.2,0.0028
003690,CHOP_LOWVOL,-0.002868328752583673,1657,0.2546771273385637,0.0028
003690,PANIC,-0.0031349736071380656,18,0.2777777777777778,0.0027999999999999995
065350,TREND_UP,-0.023070270270270272,1,0.0,0.0028
065350,CHOP_HIGHVOL,-0.005177167979641026,76,0.3157894736842105,0.0028
065350,CHOP_LOWVOL,-0.0026451083477770873,1135,0.21762114537444935,0.0028
065350,PANIC,-0.003465648195337065,21,0.38095238095238093,0.002799999999999999
065350,TREND_UP,-0.023070270270270272,1,0.0,0.0028
065350,CHOP_HIGHVOL,-0.005177167979641026,76,0.3157894736842105,0.0028
065350,CHOP_LOWVOL,-0.0026451083477770873,1135,0.21762114537444935,0.0028
065350,PANIC,-0.003465648195337065,21,0.38095238095238093,0.002799999999999999
083650,TREND_UP,-0.001152376687353992,5,0.4,0.0028
083650,CHOP_HIGHVOL,-0.001098870179717661,215,0.32558139534883723,0.0028000000000000004
083650,CHOP_LOWVOL,-0.0025119047151029804,981,0.2793068297655454,0.0027999999999999995
083650,PANIC,-0.01035712516669976,32,0.1875,0.0028
020150,CHOP_HIGHVOL,0.00017542113359941087,77,0.3246753246753247,0.0028
020150,CHOP_LOWVOL,-0.002693225430762699,1202,0.2579034941763727,0.0027999999999999995
020150,PANIC,-0.0011659440050009653,29,0.41379310344827586,0.0027999999999999995
290650,TREND_UP,-0.03650051113145655,2,0.0,0.0028
290650,CHOP_HIGHVOL,-0.0027875791597225313,133,0.2706766917293233,0.0027999999999999995
290650,CHOP_LOWVOL,-0.0024940760975283023,1074,0.2811918063314711,0.0027999999999999995
290650,PANIC,-0.00965489079749385,30,0.26666666666666666,0.002799999999999999
051600,TREND_UP,0.05898010471204189,1,1.0,0.0028
051600,TREND_DOWN,-0.0090266500622665,1,0.0,0.0028
051600,CHOP_HIGHVOL,-0.008492047706840585,23,0.17391304347826086,0.0027999999999999995
051600,CHOP_LOWVOL,-0.002802343344592453,1517,0.2643375082399473,0.0028
051600,PANIC,-0.005037829860405232,22,0.2727272727272727,0.002799999999999999
001450,CHOP_HIGHVOL,-0.00479660284180128,6,0.3333333333333333,0.0028
001450,CHOP_LOWVOL,-0.002875653861138477,1729,0.23828802776171198,0.0027999999999999995
001450,PANIC,-0.0031671354074634503,11,0.36363636363636365,0.0028
009970,TREND_UP,0.02470190985485103,1,1.0,0.0028
009970,CHOP_HIGHVOL,-0.001509588143956314,35,0.4,0.0027999999999999995
009970,CHOP_LOWVOL,-0.0030058688162900894,1376,0.2870639534883721,0.0028
009970,PANIC,-0.0024289143180302258,46,0.391304347826087,0.0028
028670,CHOP_HIGHVOL,-0.006674248515713544,4,0.25,0.0028
028670,CHOP_LOWVOL,-0.0028604097895044266,1560,0.2673076923076923,0.0027999999999999995
028670,PANIC,-0.005647493924476663,21,0.3333333333333333,0.002799999999999999
051600,TREND_UP,0.05898010471204189,1,1.0,0.0028
051600,TREND_DOWN,-0.0090266500622665,1,0.0,0.0028
051600,CHOP_HIGHVOL,-0.008492047706840585,23,0.17391304347826086,0.0027999999999999995
051600,CHOP_LOWVOL,-0.002802343344592453,1517,0.2643375082399473,0.0028
051600,PANIC,-0.005037829860405232,22,0.2727272727272727,0.002799999999999999
475830,CHOP_HIGHVOL,-0.0026036123610322795,195,0.2717948717948718,0.0028000000000000004
475830,CHOP_LOWVOL,-0.00342650932021787,779,0.27214377406931967,0.0027999999999999995
475830,PANIC,0.0010988940304525437,26,0.38461538461538464,0.0027999999999999995
039200,CHOP_HIGHVOL,-0.0038679370873913196,102,0.27450980392156865,0.0028000000000000013
039200,CHOP_LOWVOL,-0.0025489270624268153,1239,0.2824858757062147,0.0028
039200,PANIC,-0.008070264370525056,27,0.25925925925925924,0.0027999999999999995
004170,CHOP_HIGHVOL,-0.003316463175530262,23,0.391304347826087,0.0027999999999999995
004170,CHOP_LOWVOL,-0.002581209955871558,1359,0.28550404709345106,0.0028000000000000004
004170,PANIC,0.0008950344479157308,38,0.47368421052631576,0.0027999999999999995
028670,CHOP_HIGHVOL,-0.006674248515713544,4,0.25,0.0028
028670,CHOP_LOWVOL,-0.0028604097895044266,1560,0.2673076923076923,0.0027999999999999995
028670,PANIC,-0.005647493924476663,21,0.3333333333333333,0.002799999999999999
001450,CHOP_HIGHVOL,-0.00479660284180128,6,0.3333333333333333,0.0028
001450,CHOP_LOWVOL,-0.002875653861138477,1729,0.23828802776171198,0.0027999999999999995
001450,PANIC,-0.0031671354074634503,11,0.36363636363636365,0.0028
067310,TREND_UP,0.020637246254389025,4,1.0,0.0028
067310,CHOP_HIGHVOL,-0.002047689597302262,115,0.3739130434782609,0.0028
067310,CHOP_LOWVOL,-0.0026125024280216473,1128,0.2783687943262411,0.0028000000000000004
067310,PANIC,-0.003773211591146025,21,0.47619047619047616,0.002799999999999999
475830,CHOP_HIGHVOL,-0.0026036123610322795,195,0.2717948717948718,0.0028000000000000004
475830,CHOP_LOWVOL,-0.00342650932021787,779,0.27214377406931967,0.0027999999999999995
475830,PANIC,0.0010988940304525437,26,0.38461538461538464,0.0027999999999999995
097230,CHOP_HIGHVOL,-0.00368289140237273,262,0.2748091603053435,0.002799999999999999
097230,CHOP_LOWVOL,-0.002866953378047172,943,0.24602332979851538,0.0027999999999999995
097230,PANIC,0.022941082157588347,31,0.4838709677419355,0.002799999999999999
267270,TREND_UP,-0.02077175866495507,1,0.0,0.0028
267270,CHOP_HIGHVOL,-0.005041868281315087,42,0.30952380952380953,0.0028
267270,CHOP_LOWVOL,-0.002550433230326804,1293,0.28074245939675174,0.0028
267270,PANIC,-0.0018406889967124253,29,0.4482758620689655,0.0027999999999999995
030530,TREND_UP,0.06209064875153804,7,0.5714285714285714,0.0028
030530,CHOP_HIGHVOL,-0.0032749178124708792,225,0.26666666666666666,0.0027999999999999995
030530,CHOP_LOWVOL,-0.0026580491497824716,952,0.26260504201680673,0.0027999999999999995
030530,PANIC,-0.004488305962255528,38,0.39473684210526316,0.0027999999999999995
357780,CHOP_HIGHVOL,-0.00318473658620666,83,0.26506024096385544,0.0028
357780,CHOP_LOWVOL,-0.002813260923066997,1269,0.2923561859732072,0.0028
357780,PANIC,-0.0041673844432082215,29,0.3448275862068966,0.0027999999999999995
012750,CHOP_HIGHVOL,-0.005259251403854718,4,0.0,0.0028
012750,CHOP_LOWVOL,-0.0031820438024377957,1654,0.25332527206771466,0.0028
012750,PANIC,-0.004953247668463765,38,0.3157894736842105,0.0027999999999999995
039200,CHOP_HIGHVOL,-0.0038679370873913196,102,0.27450980392156865,0.0028000000000000013
039200,CHOP_LOWVOL,-0.0025489270624268153,1239,0.2824858757062147,0.0028
039200,PANIC,-0.008070264370525056,27,0.25925925925925924,0.0027999999999999995
375500,TREND_UP,0.020359068717983958,3,0.3333333333333333,0.0028
375500,TREND_DOWN,-0.0028,1,0.0,0.0028
375500,CHOP_HIGHVOL,-0.00407883033849541,34,0.23529411764705882,0.0028
375500,CHOP_LOWVOL,-0.0027675524145311207,1337,0.2670157068062827,0.0028000000000000004
375500,PANIC,-0.0013781717902361691,29,0.3793103448275862,0.0027999999999999995
375500,TREND_UP,0.020359068717983958,3,0.3333333333333333,0.0028
375500,TREND_DOWN,-0.0028,1,0.0,0.0028
375500,CHOP_HIGHVOL,-0.00407883033849541,34,0.23529411764705882,0.0028
375500,CHOP_LOWVOL,-0.0027675524145311207,1337,0.2670157068062827,0.0028000000000000004
375500,PANIC,-0.0013781717902361691,29,0.3793103448275862,0.0027999999999999995
267270,TREND_UP,-0.02077175866495507,1,0.0,0.0028
267270,CHOP_HIGHVOL,-0.005041868281315087,42,0.30952380952380953,0.0028
267270,CHOP_LOWVOL,-0.002550433230326804,1293,0.28074245939675174,0.0028
267270,PANIC,-0.0018406889967124253,29,0.4482758620689655,0.0027999999999999995
018880,TREND_UP,-0.014627587464677624,2,0.5,0.0028
018880,CHOP_HIGHVOL,0.00016126875222235082,11,0.2727272727272727,0.0028
018880,CHOP_LOWVOL,-0.0030652813297882484,1413,0.25760792639773533,0.0028000000000000004
018880,PANIC,-0.0011840523864430686,29,0.41379310344827586,0.0027999999999999995
067310,TREND_UP,0.020637246254389025,4,1.0,0.0028
067310,CHOP_HIGHVOL,-0.002047689597302262,115,0.3739130434782609,0.0028
067310,CHOP_LOWVOL,-0.0026125024280216473,1128,0.2783687943262411,0.0028000000000000004
067310,PANIC,-0.003773211591146025,21,0.47619047619047616,0.002799999999999999
439260,TREND_UP,-0.009446525679758308,1,0.0,0.0028
439260,CHOP_HIGHVOL,-0.000588546573070304,34,0.3235294117647059,0.0028
439260,CHOP_LOWVOL,-0.0032156564825269623,400,0.215,0.0027999999999999995
439260,PANIC,-0.0007749641885820622,10,0.5,0.0028
023530,CHOP_HIGHVOL,-0.0022823316920009013,10,0.6,0.0028
023530,CHOP_LOWVOL,-0.0025664733292570865,1699,0.29311359623307826,0.0027999999999999995
023530,PANIC,-0.003996825927378293,25,0.44,0.0027999999999999995
457190,TREND_UP,-0.025214679305996666,4,0.0,0.0028
457190,CHOP_HIGHVOL,-0.004685736718753414,96,0.3020833333333333,0.0028
457190,CHOP_LOWVOL,-0.0027059311782419806,1125,0.25422222222222224,0.0028000000000000004
457190,PANIC,-0.0025274162310499697,33,0.42424242424242425,0.0028
004370,TREND_UP,0.01381513238702511,2,1.0,0.0028
004370,CHOP_HIGHVOL,-0.007256221982451509,7,0.14285714285714285,0.0028
004370,CHOP_LOWVOL,-0.0027035263161452722,1458,0.2729766803840878,0.0028
004370,PANIC,-0.002642659464428645,25,0.48,0.0027999999999999995
018880,TREND_UP,-0.014627587464677624,2,0.5,0.0028
018880,CHOP_HIGHVOL,0.00016126875222235082,11,0.2727272727272727,0.0028
018880,CHOP_LOWVOL,-0.0030652813297882484,1413,0.25760792639773533,0.0028000000000000004
018880,PANIC,-0.0011840523864430686,29,0.41379310344827586,0.0027999999999999995
010060,TREND_UP,-0.011761117260357092,4,0.25,0.0028
010060,CHOP_HIGHVOL,-0.0009090114745593765,54,0.3888888888888889,0.0027999999999999995
010060,CHOP_LOWVOL,-0.0027967834849242333,1292,0.27012383900928794,0.0028000000000000004
010060,PANIC,0.0014734886387195736,24,0.25,0.0028
011210,CHOP_HIGHVOL,-0.003421660930858657,6,0.3333333333333333,0.0028
011210,CHOP_LOWVOL,-0.002789481756645803,1434,0.2615062761506276,0.0028
011210,PANIC,-0.0015080177705580123,22,0.3181818181818182,0.002799999999999999
462870,CHOP_HIGHVOL,-0.0014649169956580145,35,0.42857142857142855,0.0027999999999999995
462870,CHOP_LOWVOL,-0.0028528822172869065,1401,0.2583868665239115,0.0028000000000000004
462870,PANIC,-0.004543504100475798,23,0.2608695652173913,0.0027999999999999995
004370,TREND_UP,0.01381513238702511,2,1.0,0.0028
004370,CHOP_HIGHVOL,-0.007256221982451509,7,0.14285714285714285,0.0028
004370,CHOP_LOWVOL,-0.0027035263161452722,1458,0.2729766803840878,0.0028
004370,PANIC,-0.002642659464428645,25,0.48,0.0027999999999999995
023530,CHOP_HIGHVOL,-0.0022823316920009013,10,0.6,0.0028
023530,CHOP_LOWVOL,-0.0025664733292570865,1699,0.29311359623307826,0.0027999999999999995
023530,PANIC,-0.003996825927378293,25,0.44,0.0027999999999999995
003570,CHOP_HIGHVOL,-0.002182992463877195,165,0.3393939393939394,0.0028
003570,CHOP_LOWVOL,-0.0023352949223905037,1156,0.29411764705882354,0.0028
003570,PANIC,0.0020435705664082066,28,0.5714285714285714,0.0027999999999999995
010060,TREND_UP,-0.011761117260357092,4,0.25,0.0028
010060,CHOP_HIGHVOL,-0.0009090114745593765,54,0.3888888888888889,0.0027999999999999995
010060,CHOP_LOWVOL,-0.0027967834849242333,1292,0.27012383900928794,0.0028000000000000004
010060,PANIC,0.0014734886387195736,24,0.25,0.0028
032350,TREND_UP,-0.011727500177198742,3,0.3333333333333333,0.0028
032350,CHOP_HIGHVOL,2.1407835659183107e-05,38,0.2894736842105263,0.0027999999999999995
032350,CHOP_LOWVOL,-0.0026421825719148105,1284,0.2881619937694704,0.0028
032350,PANIC,-0.0025702833716726046,38,0.4473684210526316,0.0027999999999999995
462870,CHOP_HIGHVOL,-0.0014649169956580145,35,0.42857142857142855,0.0027999999999999995
462870,CHOP_LOWVOL,-0.0028528822172869065,1401,0.2583868665239115,0.0028000000000000004
462870,PANIC,-0.004543504100475798,23,0.2608695652173913,0.0027999999999999995
073240,TREND_UP,0.0060008800880088,1,1.0,0.0028
073240,CHOP_HIGHVOL,0.000770062095558079,9,0.4444444444444444,0.0028
073240,CHOP_LOWVOL,-0.0030149827706384405,1441,0.26578764746703676,0.0028000000000000004
073240,PANIC,-0.0027456806478376537,34,0.47058823529411764,0.0028
073240,TREND_UP,0.0060008800880088,1,1.0,0.0028
073240,CHOP_HIGHVOL,0.000770062095558079,9,0.4444444444444444,0.0028
073240,CHOP_LOWVOL,-0.0030149827706384405,1441,0.26578764746703676,0.0028000000000000004
073240,PANIC,-0.0027456806478376537,34,0.47058823529411764,0.0028
032350,TREND_UP,-0.011727500177198742,3,0.3333333333333333,0.0028
032350,CHOP_HIGHVOL,2.1407835659183107e-05,38,0.2894736842105263,0.0027999999999999995
032350,CHOP_LOWVOL,-0.0026421825719148105,1284,0.2881619937694704,0.0028
032350,PANIC,-0.0025702833716726046,38,0.4473684210526316,0.0027999999999999995
003570,CHOP_HIGHVOL,-0.002182992463877195,165,0.3393939393939394,0.0028
003570,CHOP_LOWVOL,-0.0023352949223905037,1156,0.29411764705882354,0.0028
003570,PANIC,0.0020435705664082066,28,0.5714285714285714,0.0027999999999999995
000240,TREND_DOWN,-0.0050475070494030265,2,0.0,0.0028
000240,CHOP_HIGHVOL,-0.0013046443103492135,56,0.35714285714285715,0.0028
000240,CHOP_LOWVOL,-0.002524049198423405,1390,0.2971223021582734,0.0028000000000000004
000240,PANIC,-0.002236600018662962,25,0.32,0.0027999999999999995
483650,TREND_DOWN,-0.007354655870445344,1,0.0,0.0028
483650,CHOP_HIGHVOL,-0.001692564489788184,78,0.28205128205128205,0.0028
483650,CHOP_LOWVOL,-0.002599913380272749,591,0.3130287648054145,0.0028
483650,PANIC,0.00019449558916461232,13,0.46153846153846156,0.0027999999999999995
403870,TREND_UP,-0.03366419753086419,1,0.0,0.0028
403870,CHOP_HIGHVOL,-0.001446113546364132,19,0.3157894736842105,0.0027999999999999995
403870,CHOP_LOWVOL,-0.003149748030314273,1406,0.24679943100995733,0.0028000000000000004
403870,PANIC,0.0006692697067311117,21,0.38095238095238093,0.002799999999999999
353200,TREND_UP,-0.016759161104761333,4,0.0,0.0028
353200,CHOP_HIGHVOL,-0.0035144967275885534,98,0.2653061224489796,0.0028000000000000004
353200,CHOP_LOWVOL,-0.0023390003478633435,1126,0.2966252220248668,0.0028
353200,PANIC,0.0016866947993041067,24,0.3333333333333333,0.0028
002790,CHOP_HIGHVOL,0.0011442663450693278,13,0.3076923076923077,0.0027999999999999995
002790,CHOP_LOWVOL,-0.0029560342588427213,1665,0.25045045045045045,0.0027999999999999995
002790,PANIC,-0.0021669433474551785,19,0.2631578947368421,0.0027999999999999995
012510,CHOP_HIGHVOL,-0.004606732591915203,90,0.34444444444444444,0.0028
012510,CHOP_LOWVOL,-0.002850608515023864,1303,0.28012279355333847,0.0028
012510,PANIC,-0.004471876656000389,28,0.32142857142857145,0.0027999999999999995
069960,TREND_UP,-0.0038235414534288636,1,0.0,0.0028
069960,CHOP_HIGHVOL,-0.0025187305644468376,40,0.325,0.0028
069960,CHOP_LOWVOL,-0.002661224587370653,1547,0.30122818358112474,0.0028
069960,PANIC,0.006170461002408588,22,0.5909090909090909,0.002799999999999999
008930,TREND_UP,-0.00824959128065395,1,0.0,0.0028
008930,CHOP_HIGHVOL,0.003977055767384723,26,0.4230769230769231,0.0027999999999999995
008930,CHOP_LOWVOL,-0.002880114753084787,1342,0.26825633383010433,0.0028
008930,PANIC,-0.004634062521468846,35,0.3142857142857143,0.0027999999999999995
112610,TREND_UP,0.026884191954834158,2,1.0,0.0028
112610,CHOP_HIGHVOL,-0.004445585176105955,17,0.29411764705882354,0.0028
112610,CHOP_LOWVOL,-0.002723601041395099,1279,0.2705238467552776,0.0028
112610,PANIC,-0.0024336620892087693,18,0.3333333333333333,0.0027999999999999995
483650,TREND_DOWN,-0.007354655870445344,1,0.0,0.0028
483650,CHOP_HIGHVOL,-0.001692564489788184,78,0.28205128205128205,0.0028
483650,CHOP_LOWVOL,-0.002599913380272749,591,0.3130287648054145,0.0028
483650,PANIC,0.00019449558916461232,13,0.46153846153846156,0.0027999999999999995
160190,TREND_UP,-0.010752720895348128,3,0.0,0.0028
160190,CHOP_HIGHVOL,-0.003677261659756353,226,0.24336283185840707,0.0027999999999999995
160190,CHOP_LOWVOL,-0.0033179060961311883,945,0.2634920634920635,0.0027999999999999995
160190,PANIC,0.015275417669076374,26,0.5384615384615384,0.0027999999999999995
317450,CHOP_HIGHVOL,0.006286243185549868,13,0.3076923076923077,0.0027999999999999995
317450,CHOP_LOWVOL,-0.0032928104208344417,198,0.23737373737373738,0.0028000000000000004
317450,PANIC,-0.0026895564196506316,5,0.4,0.0028
456160,CHOP_HIGHVOL,0.00010090080470160885,172,0.3081395348837209,0.0028
456160,CHOP_LOWVOL,-0.004305951239057667,176,0.21022727272727273,0.0028
456160,PANIC,-0.0009377308189527046,13,0.5384615384615384,0.0027999999999999995
069960,TREND_UP,-0.0038235414534288636,1,0.0,0.0028
069960,CHOP_HIGHVOL,-0.0025187305644468376,40,0.325,0.0028
069960,CHOP_LOWVOL,-0.002661224587370653,1547,0.30122818358112474,0.0028
069960,PANIC,0.006170461002408588,22,0.5909090909090909,0.002799999999999999
112610,TREND_UP,0.026884191954834158,2,1.0,0.0028
112610,CHOP_HIGHVOL,-0.004445585176105955,17,0.29411764705882354,0.0028
112610,CHOP_LOWVOL,-0.002723601041395099,1279,0.2705238467552776,0.0028
112610,PANIC,-0.0024336620892087693,18,0.3333333333333333,0.0027999999999999995
139480,TREND_UP,0.037291638029782366,1,1.0,0.0028
139480,CHOP_HIGHVOL,-0.0006484169280796862,4,0.5,0.0028
139480,CHOP_LOWVOL,-0.002832982376666496,1415,0.25159010600706716,0.0028000000000000004
139480,PANIC,0.003607236987308442,24,0.4583333333333333,0.0028
424870,CHOP_HIGHVOL,-0.005358891674387486,128,0.2109375,0.002799999999999999
424870,CHOP_LOWVOL,-0.001479990916951343,604,0.2731788079470199,0.0027999999999999995
424870,PANIC,-0.011197009610948085,14,0.14285714285714285,0.0027999999999999995
000990,TREND_UP,-0.018457620041753654,1,0.0,0.0028
000990,CHOP_HIGHVOL,-0.0026428939784547104,39,0.358974358974359,0.0027999999999999995
000990,CHOP_LOWVOL,-0.002791377252079597,1325,0.26943396226415095,0.0028000000000000004
000990,PANIC,-0.005582522791159351,31,0.2903225806451613,0.002799999999999999
084370,TREND_UP,-0.017567932489451477,1,0.0,0.0028
084370,CHOP_HIGHVOL,-0.001147466154501758,73,0.3424657534246575,0.0028
084370,CHOP_LOWVOL,-0.0024960966671673324,1242,0.2922705314009662,0.0028
084370,PANIC,-0.0007601504367543022,19,0.3157894736842105,0.0027999999999999995
008770,TREND_DOWN,-0.005974603174603174,1,0.0,0.0028
008770,CHOP_LOWVOL,-0.0027990292630041672,1516,0.28034300791556727,0.0028
008770,PANIC,0.00019347399376944737,28,0.42857142857142855,0.0027999999999999995
466100,TREND_UP,0.00798167115902965,1,1.0,0.0028
466100,CHOP_HIGHVOL,-0.0011135937921557854,203,0.2955665024630542,0.0028
466100,CHOP_LOWVOL,-0.002508957894606402,900,0.26222222222222225,0.0027999999999999995
466100,PANIC,-0.005459671530879283,39,0.3076923076923077,0.0027999999999999995
035900,TREND_UP,-0.01181270076553934,3,0.0,0.0028
035900,CHOP_HIGHVOL,-0.006468576698326413,6,0.16666666666666666,0.0028
035900,CHOP_LOWVOL,-0.0028176410534114615,1389,0.26997840172786175,0.0028
035900,PANIC,5.32721632824488e-05,19,0.47368421052631576,0.0027999999999999995
006280,TREND_UP,0.009191742620275905,2,1.0,0.0028
006280,TREND_DOWN,-0.004853388090349076,1,0.0,0.0028
006280,CHOP_HIGHVOL,-0.004092293717182375,7,0.42857142857142855,0.0028
006280,CHOP_LOWVOL,-0.002442193695105388,1328,0.3200301204819277,0.0028000000000000004
006280,PANIC,-0.0037799719051872477,27,0.25925925925925924,0.0027999999999999995
003380,TREND_UP,-0.0033970382439263923,2,0.5,0.0028
003380,CHOP_HIGHVOL,-0.011169068704169864,11,0.09090909090909091,0.0028
003380,CHOP_LOWVOL,-0.002354994112981161,1275,0.2564705882352941,0.0028000000000000004
003380,PANIC,-0.004814375247706788,22,0.36363636363636365,0.002799999999999999
192820,CHOP_HIGHVOL,-0.0029390575005037796,25,0.32,0.0027999999999999995
192820,CHOP_LOWVOL,-0.002727856569531246,1342,0.2846497764530551,0.0028
192820,PANIC,-0.0008893818865490766,31,0.5483870967741935,0.002799999999999999
047040,TREND_UP,-0.034445569620253164,1,0.0,0.0028
047040,CHOP_HIGHVOL,-0.006040057053081794,4,0.25,0.0028
047040,CHOP_LOWVOL,-0.0027545957141242123,1454,0.2359009628610729,0.0028
047040,PANIC,-0.005349598870450586,27,0.18518518518518517,0.0027999999999999995
078600,CHOP_HIGHVOL,-0.0047766704560403325,23,0.43478260869565216,0.0027999999999999995
078600,CHOP_LOWVOL,-0.0032626027385187035,1257,0.24264120922832141,0.0027999999999999995
078600,PANIC,-0.002821102032806432,20,0.4,0.0027999999999999995
285130,CHOP_HIGHVOL,0.002946099323744284,12,0.3333333333333333,0.0028
285130,CHOP_LOWVOL,-0.0028649166418151595,1318,0.2503793626707132,0.0028000000000000004
285130,PANIC,-0.001356400763873505,27,0.48148148148148145,0.0027999999999999995
365550,CHOP_HIGHVOL,-0.0018962636756706182,4,0.5,0.0028
365550,CHOP_LOWVOL,-0.0030379002620899574,1625,0.26153846153846155,0.0027999999999999995
365550,PANIC,-0.004447514900502051,27,0.3333333333333333,0.0027999999999999995
047040,TREND_UP,-0.034445569620253164,1,0.0,0.0028
047040,CHOP_HIGHVOL,-0.006040057053081794,4,0.25,0.0028
047040,CHOP_LOWVOL,-0.0027545957141242123,1454,0.2359009628610729,0.0028
047040,PANIC,-0.005349598870450586,27,0.18518518518518517,0.0027999999999999995
348370,TREND_UP,-0.012317454200980422,4,0.25,0.0028
348370,TREND_DOWN,-0.007218262150220913,1,0.0,0.0028
348370,CHOP_HIGHVOL,-0.005348430735118386,88,0.26136363636363635,0.0028
348370,CHOP_LOWVOL,-0.0026496418212317422,1042,0.23512476007677544,0.0027999999999999995
348370,PANIC,-0.0027694321292553795,35,0.3142857142857143,0.0027999999999999995
096530,CHOP_HIGHVOL,-0.003808421335373059,40,0.3,0.0028
096530,CHOP_LOWVOL,-0.003040328036656678,1541,0.24075275794938353,0.0028
096530,PANIC,0.010770499398788387,18,0.6111111111111112,0.0027999999999999995
069620,CHOP_HIGHVOL,-0.011282793392201848,7,0.14285714285714285,0.0028
069620,CHOP_LOWVOL,-0.002485908230047987,1325,0.33132075471698114,0.0028000000000000004
069620,PANIC,0.002333920307897146,39,0.5128205128205128,0.0027999999999999995
006120,TREND_UP,0.005356606851549754,1,1.0,0.0028
006120,TREND_DOWN,-0.0028,1,0.0,0.0028
006120,CHOP_HIGHVOL,-0.011715304606240713,1,0.0,0.0028
006120,CHOP_LOWVOL,-0.002515002429871894,1140,0.2868421052631579,0.0028
006120,PANIC,-0.005549572709210777,20,0.15,0.0027999999999999995
489790,CHOP_HIGHVOL,-0.004652059410421602,133,0.3157894736842105,0.0027999999999999995
489790,CHOP_LOWVOL,-0.002177482254964581,1177,0.26423109600679695,0.0028000000000000004
489790,PANIC,-0.008009473117267445,27,0.2222222222222222,0.0027999999999999995
361610,CHOP_HIGHVOL,-0.0023458725198491973,19,0.3157894736842105,0.0027999999999999995
361610,CHOP_LOWVOL,-0.0027569298382661427,1297,0.25751734772552043,0.0028
361610,PANIC,-0.004787669772164377,29,0.3448275862068966,0.0027999999999999995
020560,TREND_UP,0.00043029258758790594,3,0.6666666666666666,0.0028
020560,CHOP_LOWVOL,-0.0029478369525308265,1546,0.24385510996119017,0.0027999999999999995
020560,PANIC,-0.002311847262535565,43,0.32558139534883723,0.0028
095340,TREND_UP,-0.0068675252122689275,3,0.3333333333333333,0.0028
095340,TREND_DOWN,-0.004447446457990115,1,0.0,0.0028
095340,CHOP_HIGHVOL,-0.004163118982213723,87,0.26436781609195403,0.0028
095340,CHOP_LOWVOL,-0.0025914552985183267,1268,0.2752365930599369,0.0028
095340,PANIC,-0.005502812201341736,30,0.3,0.002799999999999999
456160,CHOP_HIGHVOL,0.00010090080470160885,172,0.3081395348837209,0.0028
456160,CHOP_LOWVOL,-0.004305951239057667,176,0.21022727272727273,0.0028
456160,PANIC,-0.0009377308189527046,13,0.5384615384615384,0.0027999999999999995
007340,CHOP_HIGHVOL,-0.0038336828629366724,92,0.2608695652173913,0.0028000000000000004
007340,CHOP_LOWVOL,-0.0029980385027943797,1437,0.2428670842032011,0.0028
007340,PANIC,-0.0010859648938969669,28,0.39285714285714285,0.0027999999999999995
317450,CHOP_HIGHVOL,0.006286243185549868,13,0.3076923076923077,0.0027999999999999995
317450,CHOP_LOWVOL,-0.0032928104208344417,198,0.23737373737373738,0.0028000000000000004
317450,PANIC,-0.0026895564196506316,5,0.4,0.0028
249420,TREND_UP,-0.010554547862945955,2,0.5,0.0028
249420,CHOP_HIGHVOL,-0.0006789993508292238,174,0.3045977011494253,0.0028000000000000004
249420,CHOP_LOWVOL,-0.0024235123393877736,889,0.26996625421822273,0.0027999999999999995
249420,PANIC,-0.0006083900575808662,41,0.36585365853658536,0.0028
030000,CHOP_HIGHVOL,-0.0035984427487460854,12,0.25,0.0028
030000,CHOP_LOWVOL,-0.0029456618488943945,1705,0.26099706744868034,0.0027999999999999995
030000,PANIC,-0.00246547589992938,22,0.36363636363636365,0.002799999999999999
415640,TREND_UP,-0.008927450980392156,2,0.0,0.0028
415640,TREND_DOWN,-0.0028,2,0.0,0.0028
415640,CHOP_HIGHVOL,-0.0003874547647768397,1,1.0,0.0028
415640,CHOP_LOWVOL,-0.003261808055367328,1357,0.21665438467207074,0.0028000000000000004
415640,PANIC,-0.005096233718693574,39,0.28205128205128205,0.0027999999999999995
348370,TREND_UP,-0.012317454200980422,4,0.25,0.0028
348370,TREND_DOWN,-0.007218262150220913,1,0.0,0.0028
348370,CHOP_HIGHVOL,-0.005348430735118386,88,0.26136363636363635,0.0028
348370,CHOP_LOWVOL,-0.0026496418212317422,1042,0.23512476007677544,0.0027999999999999995
348370,PANIC,-0.0027694321292553795,35,0.3142857142857143,0.0027999999999999995
139130,TREND_DOWN,-0.006050270855904659,1,0.0,0.0028
139130,CHOP_LOWVOL,-0.002834332921104926,1514,0.2846763540290621,0.0028000000000000004
139130,PANIC,-0.002047764656933876,32,0.4375,0.0028
003380,TREND_UP,-0.0033970382439263923,2,0.5,0.0028
003380,CHOP_HIGHVOL,-0.011169068704169864,11,0.09090909090909091,0.0028
003380,CHOP_LOWVOL,-0.002354994112981161,1275,0.2564705882352941,0.0028000000000000004
003380,PANIC,-0.004814375247706788,22,0.36363636363636365,0.002799999999999999
001740,TREND_UP,-0.001647926267281106,1,1.0,0.0028
001740,CHOP_HIGHVOL,-0.0016913525498891352,1,1.0,0.0028
001740,CHOP_LOWVOL,-0.0031280344632862414,1573,0.24475524475524477,0.0028
001740,PANIC,-0.001968453574254755,34,0.35294117647058826,0.0028
000815,CHOP_HIGHVOL,-0.0011277591973244147,1,1.0,0.0028
000815,CHOP_LOWVOL,-0.002842981155330166,1674,0.2807646356033453,0.0027999999999999995
000815,PANIC,-0.0034228753166244187,29,0.3103448275862069,0.0027999999999999995
222800,TREND_UP,-0.015004166212236885,2,0.5,0.0028
222800,TREND_DOWN,-0.003890815739427347,3,0.0,0.0028
222800,CHOP_HIGHVOL,-0.004575023422919579,202,0.29207920792079206,0.0028
222800,CHOP_LOWVOL,-0.0015316258119292244,983,0.28891149542217703,0.002799999999999999
222800,PANIC,-0.0010985389412022282,34,0.38235294117647056,0.0028
000120,TREND_UP,0.031564261168384886,1,1.0,0.0028
000120,CHOP_HIGHVOL,-0.003487518306922967,5,0.4,0.0028
000120,CHOP_LOWVOL,-0.0028208038817675724,1528,0.2643979057591623,0.0027999999999999995
000120,PANIC,-0.002732125911105193,25,0.32,0.0027999999999999995
424870,CHOP_HIGHVOL,-0.005358891674387486,128,0.2109375,0.002799999999999999
424870,CHOP_LOWVOL,-0.001479990916951343,604,0.2731788079470199,0.0027999999999999995
424870,PANIC,-0.011197009610948085,14,0.14285714285714285,0.0027999999999999995
001430,TREND_UP,0.004508160779537149,1,1.0,0.0028
001430,TREND_DOWN,-0.0021682880606443463,1,1.0,0.0028
001430,CHOP_HIGHVOL,-0.0033331652953493456,115,0.24347826086956523,0.0028
001430,CHOP_LOWVOL,-0.0029451016135006837,1286,0.28304821150855364,0.0028000000000000004
001430,PANIC,-0.0023831228977371985,36,0.4166666666666667,0.0027999999999999995
005300,CHOP_HIGHVOL,-0.006470775328712427,5,0.4,0.0028
005300,CHOP_LOWVOL,-0.0029227491583058815,1503,0.28542914171656686,0.0027999999999999995
005300,PANIC,-0.0002126318568759075,45,0.28888888888888886,0.0028
001430,TREND_UP,0.004508160779537149,1,1.0,0.0028
001430,TREND_DOWN,-0.0021682880606443463,1,1.0,0.0028
001430,CHOP_HIGHVOL,-0.0033331652953493456,115,0.24347826086956523,0.0028
001430,CHOP_LOWVOL,-0.0029451016135006837,1286,0.28304821150855364,0.0028000000000000004
001430,PANIC,-0.0023831228977371985,36,0.4166666666666667,0.0027999999999999995
300720,TREND_UP,-0.019397535556654626,3,0.0,0.0028
300720,CHOP_HIGHVOL,-0.006271955790722844,7,0.14285714285714285,0.0028
300720,CHOP_LOWVOL,-0.0028682552663463123,1223,0.2927228127555192,0.0028
300720,PANIC,-0.004051515856873918,27,0.2962962962962963,0.0027999999999999995
376900,TREND_UP,0.02922614379084967,1,1.0,0.0028
376900,CHOP_HIGHVOL,0.0003301088215098488,217,0.2764976958525346,0.0027999999999999995
376900,CHOP_LOWVOL,-0.002884780899936083,441,0.2471655328798186,0.0028
376900,PANIC,0.00011175388211709077,22,0.2727272727272727,0.002799999999999999
006360,TREND_UP,0.007329501976423774,2,1.0,0.0028
006360,CHOP_HIGHVOL,-0.0022289652612648542,30,0.16666666666666666,0.002799999999999999
006360,CHOP_LOWVOL,-0.0027220837367859874,1243,0.29766693483507645,0.0027999999999999995
006360,PANIC,-0.0018131139530618728,33,0.3939393939393939,0.0028
060370,TREND_UP,-0.00692025590118348,4,0.25,0.0028
060370,CHOP_HIGHVOL,-0.0008319313743246079,95,0.28421052631578947,0.0028000000000000013
060370,CHOP_LOWVOL,-0.0031090310576650237,1236,0.28559870550161814,0.0028
060370,PANIC,-0.0035777434291563385,28,0.4642857142857143,0.0027999999999999995
103140,TREND_UP,-0.02133589259785305,4,0.0,0.0028
103140,CHOP_HIGHVOL,-0.0034319850168152157,33,0.42424242424242425,0.0028
103140,CHOP_LOWVOL,-0.002601364713347033,1273,0.2615868028279654,0.0028
103140,PANIC,-0.0027539285729419414,25,0.44,0.0027999999999999995
