,equity
2024-12-02 12:21:00+09:00,100000000.0
2024-12-02 12:22:00+09:00,100000000.0
2024-12-02 12:23:00+09:00,100000000.0
2024-12-02 12:24:00+09:00,100000000.0
2024-12-02 12:25:00+09:00,100000000.0
2024-12-02 12:26:00+09:00,100000000.0
2024-12-02 12:27:00+09:00,100000000.0
2024-12-02 12:28:00+09:00,100000000.0
2024-12-02 12:29:00+09:00,100000000.0
2024-12-02 12:30:00+09:00,100000000.0
2024-12-02 12:31:00+09:00,100000000.0
2024-12-02 12:32:00+09:00,100000000.0
2024-12-02 12:33:00+09:00,100000000.0
2024-12-02 12:34:00+09:00,100000000.0
2024-12-02 12:35:00+09:00,100000000.0
2024-12-02 12:36:00+09:00,100000000.0
2024-12-02 12:37:00+09:00,100000000.0
2024-12-02 12:38:00+09:00,100000000.0
2024-12-02 12:39:00+09:00,100000000.0
2024-12-02 12:40:00+09:00,100000000.0
2024-12-02 12:41:00+09:00,100000000.0
2024-12-02 12:42:00+09:00,100000000.0
2024-12-02 12:43:00+09:00,100000000.0
2024-12-02 12:44:00+09:00,100000000.0
2024-12-02 12:45:00+09:00,100000000.0
2024-12-02 12:46:00+09:00,100000000.0
2024-12-02 12:47:00+09:00,100000000.0
2024-12-02 12:48:00+09:00,100000000.0
2024-12-02 12:49:00+09:00,100000000.0
2024-12-02 12:50:00+09:00,100000000.0
2024-12-02 12:51:00+09:00,100000000.0
2024-12-02 12:52:00+09:00,100000000.0
2024-12-02 12:53:00+09:00,100000000.0
2024-12-02 12:54:00+09:00,100000000.0
2024-12-02 12:55:00+09:00,100000000.0
2024-12-02 12:56:00+09:00,100000000.0
2024-12-02 12:57:00+09:00,100000000.0
2024-12-02 12:58:00+09:00,100000000.0
2024-12-02 12:59:00+09:00,100000000.0
2024-12-02 13:00:00+09:00,100000000.0
2024-12-02 13:01:00+09:00,100000000.0
2024-12-02 13:02:00+09:00,100000000.0
2024-12-02 13:03:00+09:00,100000000.0
2024-12-02 13:04:00+09:00,100000000.0
2024-12-02 13:05:00+09:00,100000000.0
2024-12-02 13:06:00+09:00,99960000.0
2024-12-02 13:07:00+09:00,99773507.46268657
2024-12-02 13:08:00+09:00,99960000.0
2024-12-02 13:09:00+09:00,99773507.46268657
2024-12-02 13:10:00+09:00,99960000.0
2024-12-02 13:11:00+09:00,100146492.53731343
2024-12-02 13:12:00+09:00,99960000.0
2024-12-02 13:13:00+09:00,99960000.0
2024-12-02 13:14:00+09:00,99960000.0
2024-12-02 13:15:00+09:00,100146492.53731343
2024-12-02 13:16:00+09:00,99960000.0
2024-12-02 13:17:00+09:00,100146492.53731343
2024-12-02 13:18:00+09:00,99960000.0
2024-12-02 13:19:00+09:00,99960000.0
2024-12-02 13:20:00+09:00,99960000.0
2024-12-02 13:21:00+09:00,99960000.0
2024-12-02 13:22:00+09:00,99960000.0
2024-12-02 13:23:00+09:00,99960000.0
2024-12-02 13:24:00+09:00,100146492.53731343
2024-12-02 13:25:00+09:00,99960000.0
2024-12-02 13:26:00+09:00,99960000.0
2024-12-02 13:27:00+09:00,99960000.0
2024-12-02 13:28:00+09:00,100146492.53731343
2024-12-02 13:29:00+09:00,100146492.53731343
2024-12-02 13:30:00+09:00,99960000.0
2024-12-02 13:31:00+09:00,99960000.0
2024-12-02 13:32:00+09:00,100519477.61194031
2024-12-02 13:33:00+09:00,100519477.61194031
2024-12-02 13:34:00+09:00,100519477.61194031
2024-12-02 13:35:00+09:00,100705970.14925374
2024-12-02 13:36:00+09:00,100705970.14925374
2024-12-02 13:37:00+09:00,100705970.14925374
2024-12-02 13:38:00+09:00,100892462.68656717
2024-12-02 13:39:00+09:00,100705970.14925374
2024-12-02 13:40:00+09:00,100892462.68656717
2024-12-02 13:41:00+09:00,101078955.2238806
2024-12-02 13:42:00+09:00,101265447.76119405
2024-12-02 13:43:00+09:00,101078955.22388062
2024-12-02 13:44:00+09:00,100892462.68656719
2024-12-02 13:45:00+09:00,101078955.22388062
2024-12-02 13:46:00+09:00,100892462.68656719
2024-12-02 13:47:00+09:00,101078955.22388062
2024-12-02 13:48:00+09:00,101078955.22388062
2024-12-02 13:49:00+09:00,101078955.22388062
2024-12-02 13:50:00+09:00,101078955.22388062
2024-12-02 13:51:00+09:00,101078955.22388062
2024-12-02 13:52:00+09:00,101078955.22388062
2024-12-02 13:53:00+09:00,100705970.14925376
2024-12-02 13:54:00+09:00,100705970.14925376
2024-12-02 13:55:00+09:00,100705970.14925376
2024-12-02 13:56:00+09:00,100705970.14925376
2024-12-02 13:57:00+09:00,100519477.61194032
2024-12-02 13:58:00+09:00,100705970.14925376
2024-12-02 13:59:00+09:00,100892462.68656719
2024-12-02 14:00:00+09:00,100705970.14925376
2024-12-02 14:01:00+09:00,100705970.14925376
2024-12-02 14:02:00+09:00,100892462.68656719
2024-12-02 14:03:00+09:00,100705970.14925376
2024-12-02 14:04:00+09:00,100705970.14925376
2024-12-02 14:05:00+09:00,100519477.61194032
2024-12-02 14:06:00+09:00,100705970.14925376
2024-12-02 14:07:00+09:00,100705970.14925376
2024-12-02 14:08:00+09:00,100705970.14925376
2024-12-02 14:09:00+09:00,100705970.14925376
2024-12-02 14:10:00+09:00,100705970.14925376
2024-12-02 14:11:00+09:00,100519477.61194032
2024-12-02 14:12:00+09:00,100705970.14925376
2024-12-02 14:13:00+09:00,100248075.02238809
2024-12-02 14:14:00+09:00,100248075.02238809
2024-12-02 14:15:00+09:00,100248075.02238809
2024-12-02 14:16:00+09:00,100248075.02238809
2024-12-02 14:17:00+09:00,100248075.02238809
2024-12-02 14:18:00+09:00,100248075.02238809
2024-12-02 14:19:00+09:00,100248075.02238809
2024-12-02 14:20:00+09:00,100248075.02238809
2024-12-02 14:21:00+09:00,100248075.02238809
2024-12-02 14:22:00+09:00,100248075.02238809
2024-12-02 14:23:00+09:00,100248075.02238809
2024-12-02 14:24:00+09:00,100248075.02238809
2024-12-02 14:25:00+09:00,100248075.02238809
2024-12-02 14:26:00+09:00,100248075.02238809
2024-12-02 14:27:00+09:00,100248075.02238809
2024-12-02 14:28:00+09:00,100248075.02238809
2024-12-02 14:29:00+09:00,100248075.02238809
2024-12-02 14:30:00+09:00,100248075.02238809
2024-12-02 14:31:00+09:00,100248075.02238809
2024-12-02 14:32:00+09:00,100248075.02238809
2024-12-02 14:33:00+09:00,100248075.02238809
2024-12-02 14:34:00+09:00,100248075.02238809
2024-12-02 14:35:00+09:00,100248075.02238809
2024-12-02 14:36:00+09:00,100248075.02238809
2024-12-02 14:37:00+09:00,100248075.02238809
2024-12-02 14:38:00+09:00,100248075.02238809
2024-12-02 14:39:00+09:00,100248075.02238809
2024-12-02 14:40:00+09:00,100248075.02238809
2024-12-02 14:41:00+09:00,100248075.02238809
2024-12-02 14:42:00+09:00,100248075.02238809
2024-12-02 14:43:00+09:00,100248075.02238809
2024-12-02 14:44:00+09:00,100248075.02238809
2024-12-02 14:45:00+09:00,100248075.02238809
2024-12-02 14:46:00+09:00,100248075.02238809
2024-12-02 14:47:00+09:00,100248075.02238809
2024-12-02 14:48:00+09:00,100248075.02238809
2024-12-02 14:49:00+09:00,100248075.02238809
2024-12-02 14:50:00+09:00,100248075.02238809
2024-12-02 14:51:00+09:00,100248075.02238809
2024-12-02 14:52:00+09:00,100248075.02238809
2024-12-02 14:53:00+09:00,100248075.02238809
2024-12-02 14:54:00+09:00,100248075.02238809
2024-12-02 14:55:00+09:00,100248075.02238809
2024-12-02 14:56:00+09:00,100248075.02238809
2024-12-02 14:57:00+09:00,100207975.79237914
2024-12-02 14:58:00+09:00,99838204.66399398
2024-12-02 14:59:00+09:00,99838204.66399398
2024-12-02 15:00:00+09:00,99653319.0998014
2024-12-02 15:01:00+09:00,99838204.66399398
2024-12-02 15:02:00+09:00,99384255.13823193
2024-12-02 15:03:00+09:00,99384255.13823193
2024-12-02 15:04:00+09:00,99384255.13823193
2024-12-02 15:05:00+09:00,99384255.13823193
2024-12-02 15:06:00+09:00,99384255.13823193
2024-12-02 15:07:00+09:00,99384255.13823193
2024-12-02 15:08:00+09:00,99384255.13823193
2024-12-02 15:09:00+09:00,99384255.13823193
2024-12-02 15:10:00+09:00,99384255.13823193
2024-12-02 15:11:00+09:00,99384255.13823193
2024-12-02 15:12:00+09:00,99384255.13823193
2024-12-02 15:13:00+09:00,99384255.13823193
2024-12-02 15:14:00+09:00,99384255.13823193
2024-12-02 15:15:00+09:00,99384255.13823193
2024-12-02 15:16:00+09:00,99384255.13823193
2024-12-02 15:17:00+09:00,99384255.13823193
2024-12-02 15:18:00+09:00,99384255.13823193
2024-12-02 15:19:00+09:00,99384255.13823193
2024-12-02 15:30:00+09:00,99384255.13823193
2024-12-02 15:35:00+09:00,99384255.13823193
2024-12-03 09:00:00+09:00,99384255.13823193
2024-12-03 09:01:00+09:00,99384255.13823193
2024-12-03 09:02:00+09:00,99384255.13823193
2024-12-03 09:03:00+09:00,99384255.13823193
2024-12-03 09:04:00+09:00,99384255.13823193
2024-12-03 09:05:00+09:00,99384255.13823193
2024-12-03 09:06:00+09:00,99384255.13823193
2024-12-03 09:07:00+09:00,99384255.13823193
2024-12-03 09:08:00+09:00,99384255.13823193
2024-12-03 09:09:00+09:00,99384255.13823193
2024-12-03 09:10:00+09:00,99384255.13823193
2024-12-03 09:11:00+09:00,99384255.13823193
2024-12-03 09:12:00+09:00,99384255.13823193
2024-12-03 09:13:00+09:00,99384255.13823193
2024-12-03 09:14:00+09:00,99384255.13823193
2024-12-03 09:15:00+09:00,99384255.13823193
2024-12-03 09:16:00+09:00,99384255.13823193
2024-12-03 09:17:00+09:00,99384255.13823193
2024-12-03 09:18:00+09:00,99384255.13823193
2024-12-03 09:19:00+09:00,99384255.13823193
2024-12-03 09:20:00+09:00,99384255.13823193
2024-12-03 09:21:00+09:00,99384255.13823193
2024-12-03 09:22:00+09:00,99384255.13823193
2024-12-03 09:23:00+09:00,99384255.13823193
2024-12-03 09:24:00+09:00,99384255.13823193
2024-12-03 09:25:00+09:00,99344501.43617664
2024-12-03 09:26:00+09:00,99528814.05479664
2024-12-03 09:27:00+09:00,99528814.05479664
2024-12-03 09:28:00+09:00,99344501.43617664
2024-12-03 09:29:00+09:00,99344501.43617664
2024-12-03 09:30:00+09:00,99528814.05479664
2024-12-03 09:31:00+09:00,99528814.05479664
2024-12-03 09:32:00+09:00,99528814.05479664
2024-12-03 09:33:00+09:00,99528814.05479664
2024-12-03 09:34:00+09:00,99528814.05479664
2024-12-03 09:35:00+09:00,99160188.81755665
2024-12-03 09:36:00+09:00,99160188.81755665
2024-12-03 09:37:00+09:00,98708641.33319953
2024-12-03 09:38:00+09:00,98708641.33319953
2024-12-03 09:39:00+09:00,98708641.33319953
2024-12-03 09:40:00+09:00,98708641.33319953
2024-12-03 09:41:00+09:00,98708641.33319953
2024-12-03 09:42:00+09:00,98708641.33319953
2024-12-03 09:43:00+09:00,98708641.33319953
2024-12-03 09:44:00+09:00,98708641.33319953
2024-12-03 09:45:00+09:00,98708641.33319953
2024-12-03 09:46:00+09:00,98708641.33319953
2024-12-03 09:47:00+09:00,98708641.33319953
2024-12-03 09:48:00+09:00,98708641.33319953
2024-12-03 09:49:00+09:00,98708641.33319953
2024-12-03 09:50:00+09:00,98708641.33319953
2024-12-03 09:51:00+09:00,98708641.33319953
2024-12-03 09:52:00+09:00,98708641.33319953
2024-12-03 09:53:00+09:00,98708641.33319953
2024-12-03 09:54:00+09:00,98708641.33319953
2024-12-03 09:55:00+09:00,98708641.33319953
2024-12-03 09:56:00+09:00,98708641.33319953
2024-12-03 09:57:00+09:00,98708641.33319953
2024-12-03 09:58:00+09:00,98708641.33319953
2024-12-03 09:59:00+09:00,98708641.33319953
2024-12-03 10:00:00+09:00,98708641.33319953
2024-12-03 10:01:00+09:00,98708641.33319953
2024-12-03 10:02:00+09:00,98708641.33319953
2024-12-03 10:03:00+09:00,98708641.33319953
2024-12-03 10:04:00+09:00,98708641.33319953
2024-12-03 10:05:00+09:00,98708641.33319953
2024-12-03 10:06:00+09:00,98708641.33319953
2024-12-03 10:07:00+09:00,98708641.33319953
2024-12-03 10:08:00+09:00,98708641.33319953
2024-12-03 10:09:00+09:00,98708641.33319953
2024-12-03 10:10:00+09:00,98708641.33319953
2024-12-03 10:11:00+09:00,98708641.33319953
2024-12-03 10:12:00+09:00,98708641.33319953
2024-12-03 10:13:00+09:00,98708641.33319953
2024-12-03 10:14:00+09:00,98708641.33319953
2024-12-03 10:15:00+09:00,98708641.33319953
2024-12-03 10:16:00+09:00,98708641.33319953
2024-12-03 10:17:00+09:00,98708641.33319953
2024-12-03 10:18:00+09:00,98708641.33319953
2024-12-03 10:19:00+09:00,98708641.33319953
2024-12-03 10:20:00+09:00,98708641.33319953
2024-12-03 10:21:00+09:00,98708641.33319953
2024-12-03 10:22:00+09:00,98708641.33319953
2024-12-03 10:23:00+09:00,98669157.87666626
2024-12-03 10:24:00+09:00,98669157.87666626
2024-12-03 10:25:00+09:00,98402751.15039927
2024-12-03 10:26:00+09:00,98402751.15039927
2024-12-03 10:27:00+09:00,98402751.15039927
2024-12-03 10:28:00+09:00,98402751.15039927
2024-12-03 10:29:00+09:00,98402751.15039927
2024-12-03 10:30:00+09:00,98402751.15039927
2024-12-03 10:31:00+09:00,98402751.15039927
2024-12-03 10:32:00+09:00,98402751.15039927
2024-12-03 10:33:00+09:00,98402751.15039927
2024-12-03 10:34:00+09:00,98402751.15039927
2024-12-03 10:35:00+09:00,98402751.15039927
2024-12-03 10:36:00+09:00,98363390.04993911
2024-12-03 10:37:00+09:00,98181572.32341427
2024-12-03 10:38:00+09:00,98363390.0499391
2024-12-03 10:39:00+09:00,98363390.0499391
2024-12-03 10:40:00+09:00,98181572.32341425
2024-12-03 10:41:00+09:00,98181572.32341425
2024-12-03 10:42:00+09:00,98363390.04993908
2024-12-03 10:43:00+09:00,98181572.32341424
2024-12-03 10:44:00+09:00,98181572.32341424
2024-12-03 10:45:00+09:00,98363390.04993907
2024-12-03 10:46:00+09:00,98181572.32341422
2024-12-03 10:47:00+09:00,98363390.04993905
2024-12-03 10:48:00+09:00,98363390.04993905
2024-12-03 10:49:00+09:00,98181572.3234142
2024-12-03 10:50:00+09:00,98181572.3234142
2024-12-03 10:51:00+09:00,98363390.04993904
2024-12-03 10:52:00+09:00,98363390.04993904
2024-12-03 10:53:00+09:00,98181572.32341419
2024-12-03 10:54:00+09:00,98363390.04993902
2024-12-03 10:55:00+09:00,98181572.32341418
2024-12-03 10:56:00+09:00,98181572.32341418
2024-12-03 10:57:00+09:00,98181572.32341418
2024-12-03 10:58:00+09:00,98181572.32341418
2024-12-03 10:59:00+09:00,98181572.32341418
2024-12-03 11:00:00+09:00,98181572.32341418
2024-12-03 11:01:00+09:00,98181572.32341418
2024-12-03 11:02:00+09:00,98181572.32341418
2024-12-03 11:03:00+09:00,98363390.049939
2024-12-03 11:04:00+09:00,98363390.049939
2024-12-03 11:05:00+09:00,98545207.77646385
2024-12-03 11:06:00+09:00,98545207.77646385
2024-12-03 11:07:00+09:00,98545207.77646385
2024-12-03 11:08:00+09:00,98545207.77646385
2024-12-03 11:09:00+09:00,98363390.049939
2024-12-03 11:10:00+09:00,98363390.049939
2024-12-03 11:11:00+09:00,98545207.77646385
2024-12-03 11:12:00+09:00,98545207.77646385
2024-12-03 11:13:00+09:00,98545207.77646385
2024-12-03 11:14:00+09:00,98363390.049939
2024-12-03 11:15:00+09:00,98363390.049939
2024-12-03 11:16:00+09:00,98181572.32341416
2024-12-03 11:17:00+09:00,98363390.04993899
2024-12-03 11:18:00+09:00,98097808.89680415
2024-12-03 11:19:00+09:00,98097808.89680415
2024-12-03 11:20:00+09:00,98097808.89680415
2024-12-03 11:21:00+09:00,98097808.89680415
2024-12-03 11:22:00+09:00,98097808.89680415
2024-12-03 11:23:00+09:00,98097808.89680415
2024-12-03 11:24:00+09:00,98097808.89680415
2024-12-03 11:25:00+09:00,98097808.89680415
2024-12-03 11:26:00+09:00,98097808.89680415
2024-12-03 11:27:00+09:00,98097808.89680415
2024-12-03 11:28:00+09:00,98097808.89680415
2024-12-03 11:29:00+09:00,98097808.89680415
2024-12-03 11:30:00+09:00,98097808.89680415
2024-12-03 11:31:00+09:00,98097808.89680415
2024-12-03 11:32:00+09:00,98058569.77324544
2024-12-03 11:33:00+09:00,98058569.77324544
2024-12-03 11:34:00+09:00,97974911.28603332
2024-12-03 11:35:00+09:00,97974911.28603332
2024-12-03 11:36:00+09:00,97974911.28603332
2024-12-03 11:37:00+09:00,97974911.28603332
2024-12-03 11:38:00+09:00,97974911.28603332
2024-12-03 11:39:00+09:00,97974911.28603332
2024-12-03 11:40:00+09:00,97974911.28603332
2024-12-03 11:41:00+09:00,97974911.28603332
2024-12-03 11:42:00+09:00,97974911.28603332
2024-12-03 11:43:00+09:00,97974911.28603332
2024-12-03 11:44:00+09:00,97974911.28603332
2024-12-03 11:45:00+09:00,97974911.28603332
2024-12-03 11:46:00+09:00,97974911.28603332
2024-12-03 11:47:00+09:00,97974911.28603332
2024-12-03 11:48:00+09:00,97974911.28603332
2024-12-03 11:49:00+09:00,97974911.28603332
2024-12-03 11:50:00+09:00,97974911.28603332
2024-12-03 11:51:00+09:00,97974911.28603332
2024-12-03 11:52:00+09:00,97974911.28603332
2024-12-03 11:53:00+09:00,97974911.28603332
2024-12-03 11:54:00+09:00,97974911.28603332
2024-12-03 11:55:00+09:00,97974911.28603332
2024-12-03 11:56:00+09:00,97974911.28603332
2024-12-03 11:57:00+09:00,97974911.28603332
2024-12-03 11:58:00+09:00,97974911.28603332
2024-12-03 11:59:00+09:00,97974911.28603332
2024-12-03 12:00:00+09:00,97974911.28603332
2024-12-03 12:01:00+09:00,97974911.28603332
2024-12-03 12:02:00+09:00,97974911.28603332
2024-12-03 12:03:00+09:00,97974911.28603332
2024-12-03 12:04:00+09:00,97974911.28603332
2024-12-03 12:05:00+09:00,97974911.28603332
2024-12-03 12:06:00+09:00,97974911.28603332
2024-12-03 12:07:00+09:00,97974911.28603332
2024-12-03 12:08:00+09:00,97974911.28603332
2024-12-03 12:09:00+09:00,97974911.28603332
2024-12-03 12:10:00+09:00,97974911.28603332
2024-12-03 12:11:00+09:00,97974911.28603332
2024-12-03 12:12:00+09:00,97974911.28603332
2024-12-03 12:13:00+09:00,97974911.28603332
2024-12-03 12:14:00+09:00,97974911.28603332
2024-12-03 12:15:00+09:00,97974911.28603332
2024-12-03 12:16:00+09:00,97974911.28603332
2024-12-03 12:17:00+09:00,97974911.28603332
2024-12-03 12:18:00+09:00,97974911.28603332
2024-12-03 12:19:00+09:00,97974911.28603332
2024-12-03 12:20:00+09:00,97974911.28603332
2024-12-03 12:21:00+09:00,97974911.28603332
2024-12-03 12:22:00+09:00,97974911.28603332
2024-12-03 12:23:00+09:00,97974911.28603332
2024-12-03 12:24:00+09:00,97974911.28603332
2024-12-03 12:25:00+09:00,97935721.32151891
2024-12-03 12:26:00+09:00,97754694.11020371
2024-12-03 12:27:00+09:00,97935721.3215189
2024-12-03 12:28:00+09:00,97754694.1102037
2024-12-03 12:29:00+09:00,97935721.32151888
2024-12-03 12:30:00+09:00,97754694.11020368
2024-12-03 12:31:00+09:00,97754694.11020368
2024-12-03 12:32:00+09:00,97935721.32151887
2024-12-03 12:33:00+09:00,97754694.11020367
2024-12-03 12:34:00+09:00,97935721.32151885
2024-12-03 12:35:00+09:00,97754694.11020365
2024-12-03 12:36:00+09:00,97935721.32151884
2024-12-03 12:37:00+09:00,97754694.11020364
2024-12-03 12:38:00+09:00,97935721.32151882
2024-12-03 12:39:00+09:00,97754694.11020362
2024-12-03 12:40:00+09:00,97754694.11020362
2024-12-03 12:41:00+09:00,97754694.11020362
2024-12-03 12:42:00+09:00,97754694.11020362
2024-12-03 12:43:00+09:00,97754694.11020362
2024-12-03 12:44:00+09:00,97935721.32151881
2024-12-03 12:45:00+09:00,97935721.32151881
2024-12-03 12:46:00+09:00,97754694.11020361
2024-12-03 12:47:00+09:00,97935721.3215188
2024-12-03 12:48:00+09:00,97754694.1102036
2024-12-03 12:49:00+09:00,97935721.32151878
2024-12-03 12:50:00+09:00,97754694.11020358
2024-12-03 12:51:00+09:00,97935721.32151876
2024-12-03 12:52:00+09:00,97935721.32151876
2024-12-03 12:53:00+09:00,97754694.11020356
2024-12-03 12:54:00+09:00,98116748.53283395
2024-12-03 12:55:00+09:00,97935721.32151876
2024-12-03 12:56:00+09:00,98116748.53283396
2024-12-03 12:57:00+09:00,97754694.11020358
2024-12-03 12:58:00+09:00,97754694.11020358
2024-12-03 12:59:00+09:00,97671294.87395066
2024-12-03 13:00:00+09:00,97671294.87395066
2024-12-03 13:01:00+09:00,97671294.87395066
2024-12-03 13:02:00+09:00,97671294.87395066
2024-12-03 13:03:00+09:00,97671294.87395066
2024-12-03 13:04:00+09:00,97671294.87395066
2024-12-03 13:05:00+09:00,97671294.87395066
2024-12-03 13:06:00+09:00,97671294.87395066
2024-12-03 13:07:00+09:00,97671294.87395066
2024-12-03 13:08:00+09:00,97671294.87395066
2024-12-03 13:09:00+09:00,97671294.87395066
2024-12-03 13:10:00+09:00,97632226.35600108
2024-12-03 13:11:00+09:00,97451760.13353157
2024-12-03 13:12:00+09:00,97632226.35600106
2024-12-03 13:13:00+09:00,97188640.38117102
2024-12-03 13:14:00+09:00,97188640.38117102
2024-12-03 13:15:00+09:00,97188640.38117102
2024-12-03 13:16:00+09:00,97188640.38117102
2024-12-03 13:17:00+09:00,97188640.38117102
2024-12-03 13:18:00+09:00,97188640.38117102
2024-12-03 13:19:00+09:00,97188640.38117102
2024-12-03 13:20:00+09:00,97188640.38117102
2024-12-03 13:21:00+09:00,97188640.38117102
2024-12-03 13:22:00+09:00,97188640.38117102
2024-12-03 13:23:00+09:00,97188640.38117102
2024-12-03 13:24:00+09:00,97149764.92501855
2024-12-03 13:25:00+09:00,96970521.81630081
2024-12-03 13:26:00+09:00,97149764.92501856
2024-12-03 13:27:00+09:00,96970521.81630082
2024-12-03 13:28:00+09:00,96970521.81630082
2024-12-03 13:29:00+09:00,97149764.92501858
2024-12-03 13:30:00+09:00,96970521.81630084
2024-12-03 13:31:00+09:00,97149764.9250186
2024-12-03 13:32:00+09:00,96970521.81630085
2024-12-03 13:33:00+09:00,96970521.81630085
2024-12-03 13:34:00+09:00,96970521.81630085
2024-12-03 13:35:00+09:00,96970521.81630085
2024-12-03 13:36:00+09:00,96970521.81630085
2024-12-03 13:37:00+09:00,96970521.81630085
2024-12-03 13:38:00+09:00,96970521.81630085
2024-12-03 13:39:00+09:00,96970521.81630085
2024-12-03 13:40:00+09:00,96970521.81630085
2024-12-03 13:41:00+09:00,97149764.92501861
2024-12-03 13:42:00+09:00,96970521.81630087
2024-12-03 13:43:00+09:00,97149764.92501862
2024-12-03 13:44:00+09:00,96791278.70758313
2024-12-03 13:45:00+09:00,96791278.70758313
2024-12-03 13:46:00+09:00,96351183.10274844
2024-12-03 13:47:00+09:00,96351183.10274844
2024-12-03 13:48:00+09:00,96351183.10274844
2024-12-03 13:49:00+09:00,96351183.10274844
2024-12-03 13:50:00+09:00,96351183.10274844
2024-12-03 13:51:00+09:00,96351183.10274844
2024-12-03 13:52:00+09:00,96351183.10274844
2024-12-03 13:53:00+09:00,96351183.10274844
2024-12-03 13:54:00+09:00,96351183.10274844
2024-12-03 13:55:00+09:00,96351183.10274844
2024-12-03 13:56:00+09:00,96351183.10274844
2024-12-03 13:57:00+09:00,96351183.10274844
2024-12-03 13:58:00+09:00,96351183.10274844
2024-12-03 13:59:00+09:00,96351183.10274844
2024-12-03 14:00:00+09:00,96351183.10274844
2024-12-03 14:01:00+09:00,96351183.10274844
2024-12-03 14:02:00+09:00,96351183.10274844
2024-12-03 14:03:00+09:00,96351183.10274844
2024-12-03 14:04:00+09:00,96351183.10274844
2024-12-03 14:05:00+09:00,96351183.10274844
2024-12-03 14:06:00+09:00,96351183.10274844
2024-12-03 14:07:00+09:00,96351183.10274844
2024-12-03 14:08:00+09:00,96351183.10274844
2024-12-03 14:09:00+09:00,96351183.10274844
2024-12-03 14:10:00+09:00,96351183.10274844
2024-12-03 14:11:00+09:00,96351183.10274844
2024-12-03 14:12:00+09:00,96351183.10274844
2024-12-03 14:13:00+09:00,96351183.10274844
2024-12-03 14:14:00+09:00,96351183.10274844
2024-12-03 14:15:00+09:00,96351183.10274844
2024-12-03 14:16:00+09:00,96351183.10274844
2024-12-03 14:17:00+09:00,96351183.10274844
2024-12-03 14:18:00+09:00,96351183.10274844
2024-12-03 14:19:00+09:00,96351183.10274844
2024-12-03 14:20:00+09:00,96351183.10274844
2024-12-03 14:21:00+09:00,96351183.10274844
2024-12-03 14:22:00+09:00,96351183.10274844
2024-12-03 14:23:00+09:00,96351183.10274844
2024-12-03 14:24:00+09:00,96351183.10274844
2024-12-03 14:25:00+09:00,96351183.10274844
2024-12-03 14:26:00+09:00,96351183.10274844
2024-12-03 14:27:00+09:00,96351183.10274844
2024-12-03 14:28:00+09:00,96351183.10274844
2024-12-03 14:29:00+09:00,96351183.10274844
2024-12-03 14:30:00+09:00,96351183.10274844
2024-12-03 14:31:00+09:00,96351183.10274844
2024-12-03 14:32:00+09:00,96351183.10274844
2024-12-03 14:33:00+09:00,96351183.10274844
2024-12-03 14:34:00+09:00,96351183.10274844
2024-12-03 14:35:00+09:00,96351183.10274844
2024-12-03 14:36:00+09:00,96351183.10274844
2024-12-03 14:37:00+09:00,96351183.10274844
2024-12-03 14:38:00+09:00,96351183.10274844
2024-12-03 14:39:00+09:00,96351183.10274844
2024-12-03 14:40:00+09:00,96351183.10274844
2024-12-03 14:41:00+09:00,96351183.10274844
2024-12-03 14:42:00+09:00,96351183.10274844
2024-12-03 14:43:00+09:00,96351183.10274844
2024-12-03 14:44:00+09:00,96351183.10274844
2024-12-03 14:45:00+09:00,96351183.10274844
2024-12-03 14:46:00+09:00,96351183.10274844
2024-12-03 14:47:00+09:00,96351183.10274844
2024-12-03 14:48:00+09:00,96351183.10274844
2024-12-03 14:49:00+09:00,96351183.10274844
2024-12-03 14:50:00+09:00,96351183.10274844
2024-12-03 14:51:00+09:00,96351183.10274844
2024-12-03 14:52:00+09:00,96351183.10274844
2024-12-03 14:53:00+09:00,96351183.10274844
2024-12-03 14:54:00+09:00,96351183.10274844
2024-12-03 14:55:00+09:00,96351183.10274844
2024-12-03 14:56:00+09:00,96351183.10274844
2024-12-03 14:57:00+09:00,96351183.10274844
2024-12-03 14:58:00+09:00,96351183.10274844
2024-12-03 14:59:00+09:00,96351183.10274844
2024-12-03 15:00:00+09:00,96351183.10274844
2024-12-03 15:01:00+09:00,96351183.10274844
2024-12-03 15:02:00+09:00,96351183.10274844
2024-12-03 15:03:00+09:00,96351183.10274844
2024-12-03 15:04:00+09:00,96351183.10274844
2024-12-03 15:05:00+09:00,96351183.10274844
2024-12-03 15:06:00+09:00,96351183.10274844
2024-12-03 15:07:00+09:00,96351183.10274844
2024-12-03 15:08:00+09:00,96351183.10274844
2024-12-03 15:09:00+09:00,96351183.10274844
2024-12-03 15:10:00+09:00,96351183.10274844
2024-12-03 15:11:00+09:00,96351183.10274844
2024-12-03 15:12:00+09:00,96351183.10274844
2024-12-03 15:13:00+09:00,96351183.10274844
2024-12-03 15:14:00+09:00,96351183.10274844
2024-12-03 15:15:00+09:00,96351183.10274844
2024-12-03 15:16:00+09:00,96351183.10274844
2024-12-03 15:17:00+09:00,96351183.10274844
2024-12-03 15:18:00+09:00,96351183.10274844
2024-12-03 15:19:00+09:00,96351183.10274844
2024-12-03 15:30:00+09:00,96351183.10274844
2024-12-03 15:35:00+09:00,96351183.10274844
2024-12-04 09:00:00+09:00,96351183.10274844
2024-12-04 09:01:00+09:00,96351183.10274844
2024-12-04 09:02:00+09:00,96351183.10274844
2024-12-04 09:03:00+09:00,96351183.10274844
2024-12-04 09:04:00+09:00,96351183.10274844
2024-12-04 09:05:00+09:00,96351183.10274844
2024-12-04 09:06:00+09:00,96351183.10274844
2024-12-04 09:07:00+09:00,96351183.10274844
2024-12-04 09:08:00+09:00,96351183.10274844
2024-12-04 09:09:00+09:00,96351183.10274844
2024-12-04 09:10:00+09:00,96351183.10274844
2024-12-04 09:11:00+09:00,96351183.10274844
2024-12-04 09:12:00+09:00,96351183.10274844
2024-12-04 09:13:00+09:00,96351183.10274844
2024-12-04 09:14:00+09:00,96351183.10274844
2024-12-04 09:15:00+09:00,96351183.10274844
2024-12-04 09:16:00+09:00,96351183.10274844
2024-12-04 09:17:00+09:00,96351183.10274844
2024-12-04 09:18:00+09:00,96351183.10274844
2024-12-04 09:19:00+09:00,96351183.10274844
2024-12-04 09:20:00+09:00,96351183.10274844
2024-12-04 09:21:00+09:00,96351183.10274844
2024-12-04 09:22:00+09:00,96351183.10274844
2024-12-04 09:23:00+09:00,96351183.10274844
2024-12-04 09:24:00+09:00,96351183.10274844
2024-12-04 09:25:00+09:00,96351183.10274844
2024-12-04 09:26:00+09:00,96351183.10274844
2024-12-04 09:27:00+09:00,96351183.10274844
2024-12-04 09:28:00+09:00,96351183.10274844
2024-12-04 09:29:00+09:00,96351183.10274844
2024-12-04 09:30:00+09:00,96351183.10274844
2024-12-04 09:31:00+09:00,96351183.10274844
2024-12-04 09:32:00+09:00,96351183.10274844
2024-12-04 09:33:00+09:00,96351183.10274844
2024-12-04 09:34:00+09:00,96351183.10274844
2024-12-04 09:35:00+09:00,96351183.10274844
2024-12-04 09:36:00+09:00,96351183.10274844
2024-12-04 09:37:00+09:00,96351183.10274844
2024-12-04 09:38:00+09:00,96351183.10274844
2024-12-04 09:39:00+09:00,96351183.10274844
2024-12-04 09:40:00+09:00,96351183.10274844
2024-12-04 09:41:00+09:00,96351183.10274844
2024-12-04 09:42:00+09:00,96351183.10274844
2024-12-04 09:43:00+09:00,96351183.10274844
2024-12-04 09:44:00+09:00,96351183.10274844
2024-12-04 09:45:00+09:00,96351183.10274844
2024-12-04 09:46:00+09:00,96351183.10274844
2024-12-04 09:47:00+09:00,96351183.10274844
2024-12-04 09:48:00+09:00,96351183.10274844
2024-12-04 09:49:00+09:00,96351183.10274844
2024-12-04 09:50:00+09:00,96351183.10274844
2024-12-04 09:51:00+09:00,96351183.10274844
2024-12-04 09:52:00+09:00,96351183.10274844
2024-12-04 09:53:00+09:00,96351183.10274844
2024-12-04 09:54:00+09:00,96351183.10274844
2024-12-04 09:55:00+09:00,96351183.10274844
2024-12-04 09:56:00+09:00,96351183.10274844
2024-12-04 09:57:00+09:00,96351183.10274844
2024-12-04 09:58:00+09:00,96351183.10274844
2024-12-04 09:59:00+09:00,96351183.10274844
2024-12-04 10:00:00+09:00,96351183.10274844
2024-12-04 10:01:00+09:00,96351183.10274844
2024-12-04 10:02:00+09:00,96351183.10274844
2024-12-04 10:03:00+09:00,96351183.10274844
2024-12-04 10:04:00+09:00,96351183.10274844
2024-12-04 10:05:00+09:00,96312642.62950735
2024-12-04 10:06:00+09:00,96131603.82757218
2024-12-04 10:07:00+09:00,96131603.82757218
2024-12-04 10:08:00+09:00,95950565.02563702
2024-12-04 10:09:00+09:00,96131603.8275722
2024-12-04 10:10:00+09:00,95691498.5000678
2024-12-04 10:11:00+09:00,95691498.5000678
2024-12-04 10:12:00+09:00,95691498.5000678
2024-12-04 10:13:00+09:00,95691498.5000678
2024-12-04 10:14:00+09:00,95691498.5000678
2024-12-04 10:15:00+09:00,95691498.5000678
2024-12-04 10:16:00+09:00,95691498.5000678
2024-12-04 10:17:00+09:00,95691498.5000678
2024-12-04 10:18:00+09:00,95691498.5000678
2024-12-04 10:19:00+09:00,95691498.5000678
2024-12-04 10:20:00+09:00,95691498.5000678
2024-12-04 10:21:00+09:00,95691498.5000678
2024-12-04 10:22:00+09:00,95691498.5000678
2024-12-04 10:23:00+09:00,95691498.5000678
2024-12-04 10:24:00+09:00,95691498.5000678
2024-12-04 10:25:00+09:00,95691498.5000678
2024-12-04 10:26:00+09:00,95691498.5000678
2024-12-04 10:27:00+09:00,95691498.5000678
2024-12-04 10:28:00+09:00,95691498.5000678
2024-12-04 10:29:00+09:00,95691498.5000678
2024-12-04 10:30:00+09:00,95691498.5000678
2024-12-04 10:31:00+09:00,95691498.5000678
2024-12-04 10:32:00+09:00,95691498.5000678
2024-12-04 10:33:00+09:00,95691498.5000678
2024-12-04 10:34:00+09:00,95691498.5000678
2024-12-04 10:35:00+09:00,95691498.5000678
2024-12-04 10:36:00+09:00,95691498.5000678
2024-12-04 10:37:00+09:00,95691498.5000678
2024-12-04 10:38:00+09:00,95691498.5000678
2024-12-04 10:39:00+09:00,95653221.90066777
2024-12-04 10:40:00+09:00,95653221.90066777
2024-12-04 10:41:00+09:00,95653221.90066777
2024-12-04 10:42:00+09:00,95653221.90066777
2024-12-04 10:43:00+09:00,95653221.90066777
2024-12-04 10:44:00+09:00,95653221.90066777
2024-12-04 10:45:00+09:00,95653221.90066777
2024-12-04 10:46:00+09:00,95653221.90066777
2024-12-04 10:47:00+09:00,95833699.67783885
2024-12-04 10:48:00+09:00,95653221.90066777
2024-12-04 10:49:00+09:00,95653221.90066777
2024-12-04 10:50:00+09:00,95653221.90066777
2024-12-04 10:51:00+09:00,95653221.90066777
2024-12-04 10:52:00+09:00,95833699.67783885
2024-12-04 10:53:00+09:00,96014177.45500992
2024-12-04 10:54:00+09:00,95472744.12349671
2024-12-04 10:55:00+09:00,95653221.90066779
2024-12-04 10:56:00+09:00,95214967.71436326
2024-12-04 10:57:00+09:00,95214967.71436326
2024-12-04 10:58:00+09:00,95214967.71436326
2024-12-04 10:59:00+09:00,95214967.71436326
2024-12-04 11:00:00+09:00,95214967.71436326
2024-12-04 11:01:00+09:00,95214967.71436326
2024-12-04 11:02:00+09:00,95214967.71436326
2024-12-04 11:03:00+09:00,95214967.71436326
2024-12-04 11:04:00+09:00,95214967.71436326
2024-12-04 11:05:00+09:00,95214967.71436326
2024-12-04 11:06:00+09:00,95214967.71436326
2024-12-04 11:07:00+09:00,95214967.71436326
2024-12-04 11:08:00+09:00,95214967.71436326
2024-12-04 11:09:00+09:00,95214967.71436326
2024-12-04 11:10:00+09:00,95214967.71436326
2024-12-04 11:11:00+09:00,95214967.71436326
2024-12-04 11:12:00+09:00,95214967.71436326
2024-12-04 11:13:00+09:00,95214967.71436326
2024-12-04 11:14:00+09:00,95214967.71436326
2024-12-04 11:15:00+09:00,95214967.71436326
2024-12-04 11:16:00+09:00,95214967.71436326
2024-12-04 11:17:00+09:00,95214967.71436326
2024-12-04 11:18:00+09:00,95214967.71436326
2024-12-04 11:19:00+09:00,95214967.71436326
2024-12-04 11:20:00+09:00,95214967.71436326
2024-12-04 11:21:00+09:00,95214967.71436326
2024-12-04 11:22:00+09:00,95176881.72727752
2024-12-04 11:23:00+09:00,95356460.74940446
2024-12-04 11:24:00+09:00,95176881.72727752
2024-12-04 11:25:00+09:00,95176881.72727752
2024-12-04 11:26:00+09:00,95176881.72727752
2024-12-04 11:27:00+09:00,95356460.74940446
2024-12-04 11:28:00+09:00,95356460.74940446
2024-12-04 11:29:00+09:00,95176881.72727752
2024-12-04 11:30:00+09:00,95356460.74940446
2024-12-04 11:31:00+09:00,95176881.72727752
2024-12-04 11:32:00+09:00,95176881.72727752
2024-12-04 11:33:00+09:00,95356460.74940446
2024-12-04 11:34:00+09:00,95176881.72727752
2024-12-04 11:35:00+09:00,95176881.72727752
2024-12-04 11:36:00+09:00,95098998.30538106
2024-12-04 11:37:00+09:00,95098998.30538106
2024-12-04 11:38:00+09:00,95098998.30538106
2024-12-04 11:39:00+09:00,95098998.30538106
2024-12-04 11:40:00+09:00,95098998.30538106
2024-12-04 11:41:00+09:00,95098998.30538106
2024-12-04 11:42:00+09:00,95098998.30538106
2024-12-04 11:43:00+09:00,95098998.30538106
2024-12-04 11:44:00+09:00,95098998.30538106
2024-12-04 11:45:00+09:00,95098998.30538106
2024-12-04 11:46:00+09:00,95098998.30538106
2024-12-04 11:47:00+09:00,95098998.30538106
2024-12-04 11:48:00+09:00,95060958.7060589
2024-12-04 11:49:00+09:00,95240319.00550431
2024-12-04 11:50:00+09:00,95162046.17082633
2024-12-04 11:51:00+09:00,95162046.17082633
2024-12-04 11:52:00+09:00,95162046.17082633
2024-12-04 11:53:00+09:00,95162046.17082633
2024-12-04 11:54:00+09:00,95162046.17082633
2024-12-04 11:55:00+09:00,95162046.17082633
2024-12-04 11:56:00+09:00,95162046.17082633
2024-12-04 11:57:00+09:00,95162046.17082633
2024-12-04 11:58:00+09:00,95162046.17082633
2024-12-04 11:59:00+09:00,95162046.17082633
2024-12-04 12:00:00+09:00,95162046.17082633
2024-12-04 12:01:00+09:00,95123981.352358
2024-12-04 12:02:00+09:00,95123981.352358
2024-12-04 12:03:00+09:00,95123981.352358
2024-12-04 12:04:00+09:00,95123981.352358
2024-12-04 12:05:00+09:00,94945176.87613177
2024-12-04 12:06:00+09:00,94766372.39990553
2024-12-04 12:07:00+09:00,94945176.87613177
2024-12-04 12:08:00+09:00,94688824.89856622
2024-12-04 12:09:00+09:00,94688824.89856622
2024-12-04 12:10:00+09:00,94688824.89856622
2024-12-04 12:11:00+09:00,94688824.89856622
2024-12-04 12:12:00+09:00,94688824.89856622
2024-12-04 12:13:00+09:00,94688824.89856622
2024-12-04 12:14:00+09:00,94688824.89856622
2024-12-04 12:15:00+09:00,94688824.89856622
2024-12-04 12:16:00+09:00,94688824.89856622
2024-12-04 12:17:00+09:00,94688824.89856622
2024-12-04 12:18:00+09:00,94688824.89856622
2024-12-04 12:19:00+09:00,94650949.36860679
2024-12-04 12:20:00+09:00,94472698.99314801
2024-12-04 12:21:00+09:00,94472698.99314801
2024-12-04 12:22:00+09:00,94039853.60642147
2024-12-04 12:23:00+09:00,94039853.60642147
2024-12-04 12:24:00+09:00,94039853.60642147
2024-12-04 12:25:00+09:00,94039853.60642147
2024-12-04 12:26:00+09:00,94039853.60642147
2024-12-04 12:27:00+09:00,94039853.60642147
2024-12-04 12:28:00+09:00,94039853.60642147
2024-12-04 12:29:00+09:00,94039853.60642147
2024-12-04 12:30:00+09:00,94039853.60642147
2024-12-04 12:31:00+09:00,94039853.60642147
2024-12-04 12:32:00+09:00,94039853.60642147
2024-12-04 12:33:00+09:00,94039853.60642147
2024-12-04 12:34:00+09:00,94039853.60642147
2024-12-04 12:35:00+09:00,94039853.60642147
2024-12-04 12:36:00+09:00,94039853.60642147
2024-12-04 12:37:00+09:00,94039853.60642147
2024-12-04 12:38:00+09:00,94039853.60642147
2024-12-04 12:39:00+09:00,94039853.60642147
2024-12-04 12:40:00+09:00,94039853.60642147
2024-12-04 12:41:00+09:00,94039853.60642147
2024-12-04 12:42:00+09:00,94039853.60642147
2024-12-04 12:43:00+09:00,94039853.60642147
2024-12-04 12:44:00+09:00,94039853.60642147
2024-12-04 12:45:00+09:00,94039853.60642147
2024-12-04 12:46:00+09:00,94039853.60642147
2024-12-04 12:47:00+09:00,94039853.60642147
2024-12-04 12:48:00+09:00,94039853.60642147
2024-12-04 12:49:00+09:00,94039853.60642147
2024-12-04 12:50:00+09:00,94039853.60642147
2024-12-04 12:51:00+09:00,94039853.60642147
2024-12-04 12:52:00+09:00,94039853.60642147
2024-12-04 12:53:00+09:00,94039853.60642147
2024-12-04 12:54:00+09:00,94039853.60642147
2024-12-04 12:55:00+09:00,94039853.60642147
2024-12-04 12:56:00+09:00,94039853.60642147
2024-12-04 12:57:00+09:00,94039853.60642147
2024-12-04 12:58:00+09:00,94039853.60642147
2024-12-04 12:59:00+09:00,94039853.60642147
2024-12-04 13:00:00+09:00,94039853.60642147
2024-12-04 13:01:00+09:00,94039853.60642147
2024-12-04 13:02:00+09:00,94039853.60642147
2024-12-04 13:03:00+09:00,94039853.60642147
2024-12-04 13:04:00+09:00,94039853.60642147
2024-12-04 13:05:00+09:00,94039853.60642147
2024-12-04 13:06:00+09:00,94039853.60642147
2024-12-04 13:07:00+09:00,94039853.60642147
2024-12-04 13:08:00+09:00,94039853.60642147
2024-12-04 13:09:00+09:00,94039853.60642147
2024-12-04 13:10:00+09:00,94039853.60642147
2024-12-04 13:11:00+09:00,94039853.60642147
2024-12-04 13:12:00+09:00,94039853.60642147
2024-12-04 13:13:00+09:00,94039853.60642147
2024-12-04 13:14:00+09:00,94039853.60642147
2024-12-04 13:15:00+09:00,94039853.60642147
2024-12-04 13:16:00+09:00,94039853.60642147
2024-12-04 13:17:00+09:00,94039853.60642147
2024-12-04 13:18:00+09:00,94039853.60642147
2024-12-04 13:19:00+09:00,94039853.60642147
2024-12-04 13:20:00+09:00,94039853.60642147
2024-12-04 13:21:00+09:00,94039853.60642147
2024-12-04 13:22:00+09:00,94039853.60642147
2024-12-04 13:23:00+09:00,94039853.60642147
2024-12-04 13:24:00+09:00,94039853.60642147
2024-12-04 13:25:00+09:00,94039853.60642147
2024-12-04 13:26:00+09:00,94039853.60642147
2024-12-04 13:27:00+09:00,94039853.60642147
2024-12-04 13:28:00+09:00,94039853.60642147
2024-12-04 13:29:00+09:00,94039853.60642147
2024-12-04 13:30:00+09:00,94039853.60642147
2024-12-04 13:31:00+09:00,94039853.60642147
2024-12-04 13:32:00+09:00,94039853.60642147
2024-12-04 13:33:00+09:00,94039853.60642147
2024-12-04 13:34:00+09:00,94039853.60642147
2024-12-04 13:35:00+09:00,94039853.60642147
2024-12-04 13:36:00+09:00,94039853.60642147
2024-12-04 13:37:00+09:00,94039853.60642147
2024-12-04 13:38:00+09:00,94039853.60642147
2024-12-04 13:39:00+09:00,94039853.60642147
2024-12-04 13:40:00+09:00,94039853.60642147
2024-12-04 13:41:00+09:00,94039853.60642147
2024-12-04 13:42:00+09:00,94002237.6649789
2024-12-04 13:43:00+09:00,93571547.79003198
2024-12-04 13:44:00+09:00,93571547.79003198
2024-12-04 13:45:00+09:00,93571547.79003198
2024-12-04 13:46:00+09:00,93571547.79003198
2024-12-04 13:47:00+09:00,93571547.79003198
2024-12-04 13:48:00+09:00,93571547.79003198
2024-12-04 13:49:00+09:00,93571547.79003198
2024-12-04 13:50:00+09:00,93571547.79003198
2024-12-04 13:51:00+09:00,93571547.79003198
2024-12-04 13:52:00+09:00,93571547.79003198
2024-12-04 13:53:00+09:00,93571547.79003198
2024-12-04 13:54:00+09:00,93571547.79003198
2024-12-04 13:55:00+09:00,93571547.79003198
2024-12-04 13:56:00+09:00,93571547.79003198
2024-12-04 13:57:00+09:00,93571547.79003198
2024-12-04 13:58:00+09:00,93571547.79003198
2024-12-04 13:59:00+09:00,93571547.79003198
2024-12-04 14:00:00+09:00,93571547.79003198
2024-12-04 14:01:00+09:00,93571547.79003198
2024-12-04 14:02:00+09:00,93571547.79003198
2024-12-04 14:03:00+09:00,93571547.79003198
2024-12-04 14:04:00+09:00,93571547.79003198
2024-12-04 14:05:00+09:00,93571547.79003198
2024-12-04 14:06:00+09:00,93571547.79003198
2024-12-04 14:07:00+09:00,93571547.79003198
2024-12-04 14:08:00+09:00,93571547.79003198
2024-12-04 14:09:00+09:00,93571547.79003198
2024-12-04 14:10:00+09:00,93571547.79003198
2024-12-04 14:11:00+09:00,93571547.79003198
2024-12-04 14:12:00+09:00,93571547.79003198
2024-12-04 14:13:00+09:00,93571547.79003198
2024-12-04 14:14:00+09:00,93571547.79003198
2024-12-04 14:15:00+09:00,93571547.79003198
2024-12-04 14:16:00+09:00,93571547.79003198
2024-12-04 14:17:00+09:00,93571547.79003198
2024-12-04 14:18:00+09:00,93571547.79003198
2024-12-04 14:19:00+09:00,93571547.79003198
2024-12-04 14:20:00+09:00,93571547.79003198
2024-12-04 14:21:00+09:00,93571547.79003198
2024-12-04 14:22:00+09:00,93571547.79003198
2024-12-04 14:23:00+09:00,93571547.79003198
2024-12-04 14:24:00+09:00,93571547.79003198
2024-12-04 14:25:00+09:00,93571547.79003198
2024-12-04 14:26:00+09:00,93571547.79003198
2024-12-04 14:27:00+09:00,93571547.79003198
2024-12-04 14:28:00+09:00,93571547.79003198
2024-12-04 14:29:00+09:00,93571547.79003198
2024-12-04 14:30:00+09:00,93571547.79003198
2024-12-04 14:31:00+09:00,93571547.79003198
2024-12-04 14:32:00+09:00,93571547.79003198
2024-12-04 14:33:00+09:00,93571547.79003198
2024-12-04 14:34:00+09:00,93571547.79003198
2024-12-04 14:35:00+09:00,93571547.79003198
2024-12-04 14:36:00+09:00,93571547.79003198
2024-12-04 14:37:00+09:00,93571547.79003198
2024-12-04 14:38:00+09:00,93571547.79003198
2024-12-04 14:39:00+09:00,93571547.79003198
2024-12-04 14:40:00+09:00,93571547.79003198
2024-12-04 14:41:00+09:00,93571547.79003198
2024-12-04 14:42:00+09:00,93571547.79003198
2024-12-04 14:43:00+09:00,93571547.79003198
2024-12-04 14:44:00+09:00,93571547.79003198
2024-12-04 14:45:00+09:00,93571547.79003198
2024-12-04 14:46:00+09:00,93571547.79003198
2024-12-04 14:47:00+09:00,93571547.79003198
2024-12-04 14:48:00+09:00,93571547.79003198
2024-12-04 14:49:00+09:00,93571547.79003198
2024-12-04 14:50:00+09:00,93571547.79003198
2024-12-04 14:51:00+09:00,93571547.79003198
2024-12-04 14:52:00+09:00,93571547.79003198
2024-12-04 14:53:00+09:00,93571547.79003198
2024-12-04 14:54:00+09:00,93571547.79003198
2024-12-04 14:55:00+09:00,93571547.79003198
2024-12-04 14:56:00+09:00,93571547.79003198
2024-12-04 14:57:00+09:00,93571547.79003198
2024-12-04 14:58:00+09:00,93571547.79003198
2024-12-04 14:59:00+09:00,93571547.79003198
2024-12-04 15:00:00+09:00,93571547.79003198
2024-12-04 15:01:00+09:00,93534119.17091598
2024-12-04 15:02:00+09:00,93281577.0491545
2024-12-04 15:03:00+09:00,93281577.0491545
2024-12-04 15:04:00+09:00,93281577.0491545
2024-12-04 15:05:00+09:00,93281577.0491545
2024-12-04 15:06:00+09:00,93281577.0491545
2024-12-04 15:07:00+09:00,93281577.0491545
2024-12-04 15:08:00+09:00,93281577.0491545
2024-12-04 15:09:00+09:00,93281577.0491545
2024-12-04 15:10:00+09:00,93281577.0491545
2024-12-04 15:11:00+09:00,93281577.0491545
2024-12-04 15:12:00+09:00,93281577.0491545
2024-12-04 15:13:00+09:00,93281577.0491545
2024-12-04 15:14:00+09:00,93281577.0491545
2024-12-04 15:15:00+09:00,93281577.0491545
2024-12-04 15:16:00+09:00,93281577.0491545
2024-12-04 15:17:00+09:00,93281577.0491545
2024-12-04 15:18:00+09:00,93281577.0491545
2024-12-04 15:19:00+09:00,93244264.41833484
2024-12-04 15:30:00+09:00,93420196.99270907
2024-12-04 15:35:00+09:00,93420196.99270907
2024-12-05 09:00:00+09:00,93772062.14145751
2024-12-05 09:01:00+09:00,94123927.29020596
2024-12-05 09:02:00+09:00,94123927.29020596
2024-12-05 09:03:00+09:00,93947994.71583174
2024-12-05 09:04:00+09:00,94123927.29020596
2024-12-05 09:05:00+09:00,94651725.01332861
2024-12-05 09:06:00+09:00,94827657.58770283
2024-12-05 09:07:00+09:00,94827657.58770283
2024-12-05 09:08:00+09:00,94827657.58770283
2024-12-05 09:09:00+09:00,95003590.16207704
2024-12-05 09:10:00+09:00,95179522.73645125
2024-12-05 09:11:00+09:00,95531387.8851997
2024-12-05 09:12:00+09:00,95003590.16207704
2024-12-05 09:13:00+09:00,94651725.01332861
2024-12-05 09:14:00+09:00,94651725.01332861
2024-12-05 09:15:00+09:00,94651725.01332861
2024-12-05 09:16:00+09:00,94475792.4389544
2024-12-05 09:17:00+09:00,94299859.86458017
2024-12-05 09:18:00+09:00,94123927.29020596
2024-12-05 09:19:00+09:00,94123927.29020596
2024-12-05 09:20:00+09:00,94299859.86458017
2024-12-05 09:21:00+09:00,94475792.43895438
2024-12-05 09:22:00+09:00,94651725.0133286
2024-12-05 09:23:00+09:00,94827657.58770281
2024-12-05 09:24:00+09:00,94827657.58770281
2024-12-05 09:25:00+09:00,94827657.58770281
2024-12-05 09:26:00+09:00,95003590.16207702
2024-12-05 09:27:00+09:00,95003590.16207702
2024-12-05 09:28:00+09:00,94827657.58770281
2024-12-05 09:29:00+09:00,95003590.16207702
2024-12-05 09:30:00+09:00,95003590.16207702
2024-12-05 09:31:00+09:00,95003590.16207702
2024-12-05 09:32:00+09:00,94827657.58770281
2024-12-05 09:33:00+09:00,95003590.16207702
2024-12-05 09:34:00+09:00,95179522.73645124
2024-12-05 09:35:00+09:00,95179522.73645124
2024-12-05 09:36:00+09:00,95179522.73645124
2024-12-05 09:37:00+09:00,95179522.73645124
2024-12-05 09:38:00+09:00,95707320.4595739
2024-12-05 09:39:00+09:00,95531387.88519968
2024-12-05 09:40:00+09:00,95707320.45957391
2024-12-05 09:41:00+09:00,95707320.45957391
2024-12-05 09:42:00+09:00,95531387.8851997
2024-12-05 09:43:00+09:00,95355455.31082548
2024-12-05 09:44:00+09:00,95531387.88519971
2024-12-05 09:45:00+09:00,95531387.88519971
2024-12-05 09:46:00+09:00,95179522.73645128
2024-12-05 09:47:00+09:00,95179522.73645128
2024-12-05 09:48:00+09:00,95179522.73645128
2024-12-05 09:49:00+09:00,95355455.3108255
2024-12-05 09:50:00+09:00,95179522.73645128
2024-12-05 09:51:00+09:00,95355455.3108255
2024-12-05 09:52:00+09:00,95179522.73645128
2024-12-05 09:53:00+09:00,95003590.16207707
2024-12-05 09:54:00+09:00,95179522.73645128
2024-12-05 09:55:00+09:00,95003590.16207707
2024-12-05 09:56:00+09:00,95179522.73645128
2024-12-05 09:57:00+09:00,95355455.3108255
2024-12-05 09:58:00+09:00,95355455.3108255
2024-12-05 09:59:00+09:00,95179522.73645128
2024-12-05 10:00:00+09:00,95179522.73645128
2024-12-05 10:01:00+09:00,95179522.73645128
2024-12-05 10:02:00+09:00,95003590.16207707
2024-12-05 10:03:00+09:00,95003590.16207707
2024-12-05 10:04:00+09:00,94827657.58770286
2024-12-05 10:05:00+09:00,94747080.46863946
2024-12-05 10:06:00+09:00,94747080.46863946
2024-12-05 10:07:00+09:00,94747080.46863946
2024-12-05 10:08:00+09:00,94747080.46863946
2024-12-05 10:09:00+09:00,94747080.46863946
2024-12-05 10:10:00+09:00,94747080.46863946
2024-12-05 10:11:00+09:00,94747080.46863946
2024-12-05 10:12:00+09:00,94747080.46863946
2024-12-05 10:13:00+09:00,94747080.46863946
2024-12-05 10:14:00+09:00,94747080.46863946
2024-12-05 10:15:00+09:00,94747080.46863946
2024-12-05 10:16:00+09:00,94747080.46863946
2024-12-05 10:17:00+09:00,94747080.46863946
2024-12-05 10:18:00+09:00,94747080.46863946
2024-12-05 10:19:00+09:00,94747080.46863946
2024-12-05 10:20:00+09:00,94747080.46863946
2024-12-05 10:21:00+09:00,94747080.46863946
2024-12-05 10:22:00+09:00,94747080.46863946
2024-12-05 10:23:00+09:00,94747080.46863946
2024-12-05 10:24:00+09:00,94747080.46863946
2024-12-05 10:25:00+09:00,94747080.46863946
2024-12-05 10:26:00+09:00,94747080.46863946
2024-12-05 10:27:00+09:00,94747080.46863946
2024-12-05 10:28:00+09:00,94747080.46863946
2024-12-05 10:29:00+09:00,94747080.46863946
2024-12-05 10:30:00+09:00,94747080.46863946
2024-12-05 10:31:00+09:00,94747080.46863946
2024-12-05 10:32:00+09:00,94747080.46863946
2024-12-05 10:33:00+09:00,94747080.46863946
2024-12-05 10:34:00+09:00,94747080.46863946
2024-12-05 10:35:00+09:00,94747080.46863946
2024-12-05 10:36:00+09:00,94747080.46863946
2024-12-05 10:37:00+09:00,94747080.46863946
2024-12-05 10:38:00+09:00,94747080.46863946
2024-12-05 10:39:00+09:00,94747080.46863946
2024-12-05 10:40:00+09:00,94747080.46863946
2024-12-05 10:41:00+09:00,94747080.46863946
2024-12-05 10:42:00+09:00,94747080.46863946
2024-12-05 10:43:00+09:00,94747080.46863946
2024-12-05 10:44:00+09:00,94747080.46863946
2024-12-05 10:45:00+09:00,94747080.46863946
2024-12-05 10:46:00+09:00,94747080.46863946
2024-12-05 10:47:00+09:00,94747080.46863946
2024-12-05 10:48:00+09:00,94747080.46863946
2024-12-05 10:49:00+09:00,94747080.46863946
2024-12-05 10:50:00+09:00,94747080.46863946
2024-12-05 10:51:00+09:00,94747080.46863946
2024-12-05 10:52:00+09:00,94747080.46863946
2024-12-05 10:53:00+09:00,94747080.46863946
2024-12-05 10:54:00+09:00,94747080.46863946
2024-12-05 10:55:00+09:00,94747080.46863946
2024-12-05 10:56:00+09:00,94747080.46863946
2024-12-05 10:57:00+09:00,94747080.46863946
2024-12-05 10:58:00+09:00,94747080.46863946
2024-12-05 10:59:00+09:00,94747080.46863946
2024-12-05 11:00:00+09:00,94747080.46863946
2024-12-05 11:01:00+09:00,94747080.46863946
2024-12-05 11:02:00+09:00,94747080.46863946
2024-12-05 11:03:00+09:00,94747080.46863946
2024-12-05 11:04:00+09:00,94747080.46863946
2024-12-05 11:05:00+09:00,94747080.46863946
2024-12-05 11:06:00+09:00,94747080.46863946
2024-12-05 11:07:00+09:00,94747080.46863946
2024-12-05 11:08:00+09:00,94747080.46863946
2024-12-05 11:09:00+09:00,94747080.46863946
2024-12-05 11:10:00+09:00,94747080.46863946
2024-12-05 11:11:00+09:00,94747080.46863946
2024-12-05 11:12:00+09:00,94747080.46863946
2024-12-05 11:13:00+09:00,94747080.46863946
2024-12-05 11:14:00+09:00,94747080.46863946
2024-12-05 11:15:00+09:00,94747080.46863946
2024-12-05 11:16:00+09:00,94747080.46863946
2024-12-05 11:17:00+09:00,94747080.46863946
2024-12-05 11:18:00+09:00,94747080.46863946
2024-12-05 11:19:00+09:00,94747080.46863946
2024-12-05 11:20:00+09:00,94747080.46863946
2024-12-05 11:21:00+09:00,94747080.46863946
2024-12-05 11:22:00+09:00,94747080.46863946
2024-12-05 11:23:00+09:00,94747080.46863946
2024-12-05 11:24:00+09:00,94709181.636452
2024-12-05 11:25:00+09:00,94884569.00985283
2024-12-05 11:26:00+09:00,94709181.63645199
2024-12-05 11:27:00+09:00,94709181.63645199
2024-12-05 11:28:00+09:00,94709181.63645199
2024-12-05 11:29:00+09:00,94709181.63645199
2024-12-05 11:30:00+09:00,94884569.00985281
2024-12-05 11:31:00+09:00,95059956.38325365
2024-12-05 11:32:00+09:00,94884569.00985281
2024-12-05 11:33:00+09:00,95059956.38325365
2024-12-05 11:34:00+09:00,95059956.38325365
2024-12-05 11:35:00+09:00,94884569.00985281
2024-12-05 11:36:00+09:00,94884569.00985281
2024-12-05 11:37:00+09:00,95059956.38325365
2024-12-05 11:38:00+09:00,94884569.00985281
2024-12-05 11:39:00+09:00,95059956.38325365
2024-12-05 11:40:00+09:00,95059956.38325365
2024-12-05 11:41:00+09:00,95059956.38325365
2024-12-05 11:42:00+09:00,95059956.38325365
2024-12-05 11:43:00+09:00,94884569.00985281
2024-12-05 11:44:00+09:00,94709181.63645197
2024-12-05 11:45:00+09:00,94709181.63645197
2024-12-05 11:46:00+09:00,94884569.0098528
2024-12-05 11:47:00+09:00,94533794.26305112
2024-12-05 11:48:00+09:00,94533794.26305112
2024-12-05 11:49:00+09:00,94453466.84603353
2024-12-05 11:50:00+09:00,94453466.84603353
2024-12-05 11:51:00+09:00,94453466.84603353
2024-12-05 11:52:00+09:00,94453466.84603353
2024-12-05 11:53:00+09:00,94453466.84603353
2024-12-05 11:54:00+09:00,94453466.84603353
2024-12-05 11:55:00+09:00,94453466.84603353
2024-12-05 11:56:00+09:00,94453466.84603353
2024-12-05 11:57:00+09:00,94453466.84603353
2024-12-05 11:58:00+09:00,94453466.84603353
2024-12-05 11:59:00+09:00,94453466.84603353
2024-12-05 12:00:00+09:00,94453466.84603353
2024-12-05 12:01:00+09:00,94453466.84603353
2024-12-05 12:02:00+09:00,94453466.84603353
2024-12-05 12:03:00+09:00,94453466.84603353
2024-12-05 12:04:00+09:00,94453466.84603353
2024-12-05 12:05:00+09:00,94453466.84603353
2024-12-05 12:06:00+09:00,94453466.84603353
2024-12-05 12:07:00+09:00,94453466.84603353
2024-12-05 12:08:00+09:00,94453466.84603353
2024-12-05 12:09:00+09:00,94453466.84603353
2024-12-05 12:10:00+09:00,94453466.84603353
2024-12-05 12:11:00+09:00,94453466.84603353
2024-12-05 12:12:00+09:00,94453466.84603353
2024-12-05 12:13:00+09:00,94453466.84603353
2024-12-05 12:14:00+09:00,94453466.84603353
2024-12-05 12:15:00+09:00,94453466.84603353
2024-12-05 12:16:00+09:00,94453466.84603353
2024-12-05 12:17:00+09:00,94453466.84603353
2024-12-05 12:18:00+09:00,94453466.84603353
2024-12-05 12:19:00+09:00,94453466.84603353
2024-12-05 12:20:00+09:00,94453466.84603353
2024-12-05 12:21:00+09:00,94453466.84603353
2024-12-05 12:22:00+09:00,94453466.84603353
2024-12-05 12:23:00+09:00,94453466.84603353
2024-12-05 12:24:00+09:00,94453466.84603353
2024-12-05 12:25:00+09:00,94453466.84603353
2024-12-05 12:26:00+09:00,94453466.84603353
2024-12-05 12:27:00+09:00,94453466.84603353
2024-12-05 12:28:00+09:00,94453466.84603353
2024-12-05 12:29:00+09:00,94453466.84603353
2024-12-05 12:30:00+09:00,94453466.84603353
2024-12-05 12:31:00+09:00,94453466.84603353
2024-12-05 12:32:00+09:00,94453466.84603353
2024-12-05 12:33:00+09:00,94453466.84603353
2024-12-05 12:34:00+09:00,94453466.84603353
2024-12-05 12:35:00+09:00,94453466.84603353
2024-12-05 12:36:00+09:00,94453466.84603353
2024-12-05 12:37:00+09:00,94453466.84603353
2024-12-05 12:38:00+09:00,94453466.84603353
2024-12-05 12:39:00+09:00,94453466.84603353
2024-12-05 12:40:00+09:00,94453466.84603353
2024-12-05 12:41:00+09:00,94453466.84603353
2024-12-05 12:42:00+09:00,94453466.84603353
2024-12-05 12:43:00+09:00,94453466.84603353
2024-12-05 12:44:00+09:00,94415685.45929512
2024-12-05 12:45:00+09:00,94241164.78376962
2024-12-05 12:46:00+09:00,94241164.78376962
2024-12-05 12:47:00+09:00,94241164.78376962
2024-12-05 12:48:00+09:00,94415685.45929511
2024-12-05 12:49:00+09:00,94415685.45929511
2024-12-05 12:50:00+09:00,94241164.78376961
2024-12-05 12:51:00+09:00,94415685.4592951
2024-12-05 12:52:00+09:00,94415685.4592951
2024-12-05 12:53:00+09:00,94415685.4592951
2024-12-05 12:54:00+09:00,94415685.4592951
2024-12-05 12:55:00+09:00,94415685.4592951
2024-12-05 12:56:00+09:00,94415685.4592951
2024-12-05 12:57:00+09:00,94415685.4592951
2024-12-05 12:58:00+09:00,94241164.7837696
2024-12-05 12:59:00+09:00,94415685.45929508
2024-12-05 13:00:00+09:00,94415685.45929508
2024-12-05 13:01:00+09:00,94241164.78376958
2024-12-05 13:02:00+09:00,94415685.45929506
2024-12-05 13:03:00+09:00,94241164.78376956
2024-12-05 13:04:00+09:00,94241164.78376956
2024-12-05 13:05:00+09:00,94241164.78376956
2024-12-05 13:06:00+09:00,94415685.45929505
2024-12-05 13:07:00+09:00,94415685.45929505
2024-12-05 13:08:00+09:00,94241164.78376955
2024-12-05 13:09:00+09:00,94066644.10824405
2024-12-05 13:10:00+09:00,94066644.10824405
2024-12-05 13:11:00+09:00,93812664.16915178
2024-12-05 13:12:00+09:00,93812664.16915178
2024-12-05 13:13:00+09:00,93812664.16915178
2024-12-05 13:14:00+09:00,93812664.16915178
2024-12-05 13:15:00+09:00,93812664.16915178
2024-12-05 13:16:00+09:00,93812664.16915178
2024-12-05 13:17:00+09:00,93812664.16915178
2024-12-05 13:18:00+09:00,93812664.16915178
2024-12-05 13:19:00+09:00,93812664.16915178
2024-12-05 13:20:00+09:00,93812664.16915178
2024-12-05 13:21:00+09:00,93812664.16915178
2024-12-05 13:22:00+09:00,93812664.16915178
2024-12-05 13:23:00+09:00,93812664.16915178
2024-12-05 13:24:00+09:00,93812664.16915178
2024-12-05 13:25:00+09:00,93812664.16915178
2024-12-05 13:26:00+09:00,93812664.16915178
2024-12-05 13:27:00+09:00,93812664.16915178
2024-12-05 13:28:00+09:00,93812664.16915178
2024-12-05 13:29:00+09:00,93812664.16915178
2024-12-05 13:30:00+09:00,93812664.16915178
2024-12-05 13:31:00+09:00,93812664.16915178
2024-12-05 13:32:00+09:00,93812664.16915178
2024-12-05 13:33:00+09:00,93812664.16915178
2024-12-05 13:34:00+09:00,93812664.16915178
2024-12-05 13:35:00+09:00,93812664.16915178
2024-12-05 13:36:00+09:00,93812664.16915178
2024-12-05 13:37:00+09:00,93812664.16915178
2024-12-05 13:38:00+09:00,93812664.16915178
2024-12-05 13:39:00+09:00,93812664.16915178
2024-12-05 13:40:00+09:00,93812664.16915178
2024-12-05 13:41:00+09:00,93812664.16915178
2024-12-05 13:42:00+09:00,93812664.16915178
2024-12-05 13:43:00+09:00,93812664.16915178
2024-12-05 13:44:00+09:00,93812664.16915178
2024-12-05 13:45:00+09:00,93812664.16915178
2024-12-05 13:46:00+09:00,93775139.10348412
2024-12-05 13:47:00+09:00,93601481.43847767
2024-12-05 13:48:00+09:00,93601481.43847767
2024-12-05 13:49:00+09:00,93348757.43859378
2024-12-05 13:50:00+09:00,93348757.43859378
2024-12-05 13:51:00+09:00,93348757.43859378
2024-12-05 13:52:00+09:00,93348757.43859378
2024-12-05 13:53:00+09:00,93348757.43859378
2024-12-05 13:54:00+09:00,93348757.43859378
2024-12-05 13:55:00+09:00,93348757.43859378
2024-12-05 13:56:00+09:00,93348757.43859378
2024-12-05 13:57:00+09:00,93348757.43859378
2024-12-05 13:58:00+09:00,93348757.43859378
2024-12-05 13:59:00+09:00,93348757.43859378
2024-12-05 14:00:00+09:00,93311417.93561834
2024-12-05 14:01:00+09:00,93059477.10719217
2024-12-05 14:02:00+09:00,93059477.10719217
2024-12-05 14:03:00+09:00,93059477.10719217
2024-12-05 14:04:00+09:00,93059477.10719217
2024-12-05 14:05:00+09:00,93059477.10719217
2024-12-05 14:06:00+09:00,93059477.10719217
2024-12-05 14:07:00+09:00,93059477.10719217
2024-12-05 14:08:00+09:00,93059477.10719217
2024-12-05 14:09:00+09:00,93059477.10719217
2024-12-05 14:10:00+09:00,93059477.10719217
2024-12-05 14:11:00+09:00,93059477.10719217
2024-12-05 14:12:00+09:00,93059477.10719217
2024-12-05 14:13:00+09:00,93022253.3163493
2024-12-05 14:14:00+09:00,93194836.34662081
2024-12-05 14:15:00+09:00,92771093.23239514
2024-12-05 14:16:00+09:00,92771093.23239514
2024-12-05 14:17:00+09:00,92771093.23239514
2024-12-05 14:18:00+09:00,92771093.23239514
2024-12-05 14:19:00+09:00,92771093.23239514
2024-12-05 14:20:00+09:00,92771093.23239514
2024-12-05 14:21:00+09:00,92771093.23239514
2024-12-05 14:22:00+09:00,92771093.23239514
2024-12-05 14:23:00+09:00,92771093.23239514
2024-12-05 14:24:00+09:00,92771093.23239514
2024-12-05 14:25:00+09:00,92771093.23239514
2024-12-05 14:26:00+09:00,92771093.23239514
2024-12-05 14:27:00+09:00,92771093.23239514
2024-12-05 14:28:00+09:00,92771093.23239514
2024-12-05 14:29:00+09:00,92771093.23239514
2024-12-05 14:30:00+09:00,92771093.23239514
2024-12-05 14:31:00+09:00,92771093.23239514
2024-12-05 14:32:00+09:00,92771093.23239514
2024-12-05 14:33:00+09:00,92771093.23239514
2024-12-05 14:34:00+09:00,92771093.23239514
2024-12-05 14:35:00+09:00,92771093.23239514
2024-12-05 14:36:00+09:00,92771093.23239514
2024-12-05 14:37:00+09:00,92771093.23239514
2024-12-05 14:38:00+09:00,92771093.23239514
2024-12-05 14:39:00+09:00,92771093.23239514
2024-12-05 14:40:00+09:00,92771093.23239514
2024-12-05 14:41:00+09:00,92771093.23239514
2024-12-05 14:42:00+09:00,92771093.23239514
2024-12-05 14:43:00+09:00,92771093.23239514
2024-12-05 14:44:00+09:00,92771093.23239514
2024-12-05 14:45:00+09:00,92771093.23239514
2024-12-05 14:46:00+09:00,92771093.23239514
2024-12-05 14:47:00+09:00,92771093.23239514
2024-12-05 14:48:00+09:00,92771093.23239514
2024-12-05 14:49:00+09:00,92771093.23239514
2024-12-05 14:50:00+09:00,92771093.23239514
2024-12-05 14:51:00+09:00,92771093.23239514
2024-12-05 14:52:00+09:00,92771093.23239514
2024-12-05 14:53:00+09:00,92771093.23239514
2024-12-05 14:54:00+09:00,92771093.23239514
2024-12-05 14:55:00+09:00,92771093.23239514
2024-12-05 14:56:00+09:00,92771093.23239514
2024-12-05 14:57:00+09:00,92771093.23239514
2024-12-05 14:58:00+09:00,92771093.23239514
2024-12-05 14:59:00+09:00,92771093.23239514
2024-12-05 15:00:00+09:00,92771093.23239514
2024-12-05 15:01:00+09:00,92771093.23239514
2024-12-05 15:02:00+09:00,92771093.23239514
2024-12-05 15:03:00+09:00,92771093.23239514
2024-12-05 15:04:00+09:00,92771093.23239514
2024-12-05 15:05:00+09:00,92771093.23239514
2024-12-05 15:06:00+09:00,92771093.23239514
2024-12-05 15:07:00+09:00,92771093.23239514
2024-12-05 15:08:00+09:00,92771093.23239514
2024-12-05 15:09:00+09:00,92771093.23239514
2024-12-05 15:10:00+09:00,92771093.23239514
2024-12-05 15:11:00+09:00,92771093.23239514
2024-12-05 15:12:00+09:00,92771093.23239514
2024-12-05 15:13:00+09:00,92771093.23239514
2024-12-05 15:14:00+09:00,92771093.23239514
2024-12-05 15:15:00+09:00,92733984.7951022
2024-12-05 15:16:00+09:00,92561936.58583485
2024-12-05 15:17:00+09:00,92733984.7951022
2024-12-05 15:18:00+09:00,92561936.58583485
2024-12-05 15:19:00+09:00,92561936.58583485
2024-12-05 15:30:00+09:00,92389888.3765675
2024-12-05 15:35:00+09:00,92389888.3765675
2024-12-06 09:00:00+09:00,92655186.71525775
2024-12-06 09:01:00+09:00,92655186.71525775
2024-12-06 09:02:00+09:00,92655186.71525775
2024-12-06 09:03:00+09:00,92655186.71525775
2024-12-06 09:04:00+09:00,92655186.71525775
2024-12-06 09:05:00+09:00,92655186.71525775
2024-12-06 09:06:00+09:00,92655186.71525775
2024-12-06 09:07:00+09:00,92655186.71525775
2024-12-06 09:08:00+09:00,92655186.71525775
2024-12-06 09:09:00+09:00,92655186.71525775
2024-12-06 09:10:00+09:00,92655186.71525775
2024-12-06 09:11:00+09:00,92655186.71525775
2024-12-06 09:12:00+09:00,92655186.71525775
2024-12-06 09:13:00+09:00,92655186.71525775
2024-12-06 09:14:00+09:00,92655186.71525775
2024-12-06 09:15:00+09:00,92655186.71525775
2024-12-06 09:16:00+09:00,92655186.71525775
2024-12-06 09:17:00+09:00,92655186.71525775
2024-12-06 09:18:00+09:00,92618124.64057165
2024-12-06 09:19:00+09:00,92446926.62829703
2024-12-06 09:20:00+09:00,92618124.64057165
2024-12-06 09:21:00+09:00,92446926.62829703
2024-12-06 09:22:00+09:00,92446926.62829703
2024-12-06 09:23:00+09:00,92789322.65284629
2024-12-06 09:24:00+09:00,92618124.64057167
2024-12-06 09:25:00+09:00,92618124.64057167
2024-12-06 09:26:00+09:00,92618124.64057167
2024-12-06 09:27:00+09:00,92618124.64057167
2024-12-06 09:28:00+09:00,92789322.65284629
2024-12-06 09:29:00+09:00,92618124.64057167
2024-12-06 09:30:00+09:00,92618124.64057167
2024-12-06 09:31:00+09:00,92618124.64057167
2024-12-06 09:32:00+09:00,92446926.62829705
2024-12-06 09:33:00+09:00,92618124.64057167
2024-12-06 09:34:00+09:00,92446926.62829705
2024-12-06 09:35:00+09:00,92275728.61602242
2024-12-06 09:36:00+09:00,92275728.61602242
2024-12-06 09:37:00+09:00,92197319.92640065
2024-12-06 09:38:00+09:00,92197319.92640065
2024-12-06 09:39:00+09:00,92197319.92640065
2024-12-06 09:40:00+09:00,92197319.92640065
2024-12-06 09:41:00+09:00,92197319.92640065
2024-12-06 09:42:00+09:00,92197319.92640065
2024-12-06 09:43:00+09:00,92197319.92640065
2024-12-06 09:44:00+09:00,92197319.92640065
2024-12-06 09:45:00+09:00,92197319.92640065
2024-12-06 09:46:00+09:00,92197319.92640065
2024-12-06 09:47:00+09:00,92197319.92640065
2024-12-06 09:48:00+09:00,92197319.92640065
2024-12-06 09:49:00+09:00,92197319.92640065
2024-12-06 09:50:00+09:00,92197319.92640065
2024-12-06 09:51:00+09:00,92197319.92640065
2024-12-06 09:52:00+09:00,92197319.92640065
2024-12-06 09:53:00+09:00,92197319.92640065
2024-12-06 09:54:00+09:00,92197319.92640065
2024-12-06 09:55:00+09:00,92197319.92640065
2024-12-06 09:56:00+09:00,92197319.92640065
2024-12-06 09:57:00+09:00,92197319.92640065
2024-12-06 09:58:00+09:00,92197319.92640065
2024-12-06 09:59:00+09:00,92197319.92640065
2024-12-06 10:00:00+09:00,92197319.92640065
2024-12-06 10:01:00+09:00,92197319.92640065
2024-12-06 10:02:00+09:00,92197319.92640065
2024-12-06 10:03:00+09:00,92197319.92640065
2024-12-06 10:04:00+09:00,92197319.92640065
2024-12-06 10:05:00+09:00,92197319.92640065
2024-12-06 10:06:00+09:00,92197319.92640065
2024-12-06 10:07:00+09:00,92197319.92640065
2024-12-06 10:08:00+09:00,92197319.92640065
2024-12-06 10:09:00+09:00,92197319.92640065
2024-12-06 10:10:00+09:00,92197319.92640065
2024-12-06 10:11:00+09:00,92197319.92640065
2024-12-06 10:12:00+09:00,92197319.92640065
2024-12-06 10:13:00+09:00,92197319.92640065
2024-12-06 10:14:00+09:00,92197319.92640065
2024-12-06 10:15:00+09:00,92197319.92640065
2024-12-06 10:16:00+09:00,92197319.92640065
2024-12-06 10:17:00+09:00,92197319.92640065
2024-12-06 10:18:00+09:00,92160440.99843009
2024-12-06 10:19:00+09:00,91741085.34426914
2024-12-06 10:20:00+09:00,91741085.34426914
2024-12-06 10:21:00+09:00,91741085.34426914
2024-12-06 10:22:00+09:00,91741085.34426914
2024-12-06 10:23:00+09:00,91741085.34426914
2024-12-06 10:24:00+09:00,91741085.34426914
2024-12-06 10:25:00+09:00,91741085.34426914
2024-12-06 10:26:00+09:00,91741085.34426914
2024-12-06 10:27:00+09:00,91741085.34426914
2024-12-06 10:28:00+09:00,91741085.34426914
2024-12-06 10:29:00+09:00,91741085.34426914
2024-12-06 10:30:00+09:00,91741085.34426914
2024-12-06 10:31:00+09:00,91741085.34426914
2024-12-06 10:32:00+09:00,91741085.34426914
2024-12-06 10:33:00+09:00,91741085.34426914
2024-12-06 10:34:00+09:00,91741085.34426914
2024-12-06 10:35:00+09:00,91741085.34426914
2024-12-06 10:36:00+09:00,91741085.34426914
2024-12-06 10:37:00+09:00,91741085.34426914
2024-12-06 10:38:00+09:00,91741085.34426914
2024-12-06 10:39:00+09:00,91741085.34426914
2024-12-06 10:40:00+09:00,91741085.34426914
2024-12-06 10:41:00+09:00,91741085.34426914
2024-12-06 10:42:00+09:00,91741085.34426914
2024-12-06 10:43:00+09:00,91741085.34426914
2024-12-06 10:44:00+09:00,91741085.34426914
2024-12-06 10:45:00+09:00,91741085.34426914
2024-12-06 10:46:00+09:00,91741085.34426914
2024-12-06 10:47:00+09:00,91741085.34426914
2024-12-06 10:48:00+09:00,91741085.34426914
2024-12-06 10:49:00+09:00,91741085.34426914
2024-12-06 10:50:00+09:00,91741085.34426914
2024-12-06 10:51:00+09:00,91741085.34426914
2024-12-06 10:52:00+09:00,91741085.34426914
2024-12-06 10:53:00+09:00,91741085.34426914
2024-12-06 10:54:00+09:00,91741085.34426914
2024-12-06 10:55:00+09:00,91741085.34426914
2024-12-06 10:56:00+09:00,91741085.34426914
2024-12-06 10:57:00+09:00,91741085.34426914
2024-12-06 10:58:00+09:00,91741085.34426914
2024-12-06 10:59:00+09:00,91741085.34426914
2024-12-06 11:00:00+09:00,91741085.34426914
2024-12-06 11:01:00+09:00,91741085.34426914
2024-12-06 11:02:00+09:00,91741085.34426914
2024-12-06 11:03:00+09:00,91741085.34426914
2024-12-06 11:04:00+09:00,91741085.34426914
2024-12-06 11:05:00+09:00,91741085.34426914
2024-12-06 11:06:00+09:00,91741085.34426914
2024-12-06 11:07:00+09:00,91741085.34426914
2024-12-06 11:08:00+09:00,91741085.34426914
2024-12-06 11:09:00+09:00,91741085.34426914
2024-12-06 11:10:00+09:00,91741085.34426914
2024-12-06 11:11:00+09:00,91741085.34426914
2024-12-06 11:12:00+09:00,91741085.34426914
2024-12-06 11:13:00+09:00,91741085.34426914
2024-12-06 11:14:00+09:00,91741085.34426914
2024-12-06 11:15:00+09:00,91741085.34426914
2024-12-06 11:16:00+09:00,91741085.34426914
2024-12-06 11:17:00+09:00,91741085.34426914
2024-12-06 11:18:00+09:00,91741085.34426914
2024-12-06 11:19:00+09:00,91741085.34426914
2024-12-06 11:20:00+09:00,91704388.91013144
2024-12-06 11:21:00+09:00,91704388.91013144
2024-12-06 11:22:00+09:00,91874843.16461124
2024-12-06 11:23:00+09:00,91874843.16461124
2024-12-06 11:24:00+09:00,91874843.16461124
2024-12-06 11:25:00+09:00,91704388.91013144
2024-12-06 11:26:00+09:00,91704388.91013144
2024-12-06 11:27:00+09:00,91874843.16461124
2024-12-06 11:28:00+09:00,91874843.16461124
2024-12-06 11:29:00+09:00,92045297.41909103
2024-12-06 11:30:00+09:00,91874843.16461124
2024-12-06 11:31:00+09:00,92045297.41909103
2024-12-06 11:32:00+09:00,92045297.41909103
2024-12-06 11:33:00+09:00,91704388.91013144
2024-12-06 11:34:00+09:00,91874843.16461124
2024-12-06 11:35:00+09:00,91874843.16461124
2024-12-06 11:36:00+09:00,91874843.16461124
2024-12-06 11:37:00+09:00,92045297.41909103
2024-12-06 11:38:00+09:00,91874843.16461124
2024-12-06 11:39:00+09:00,91874843.16461124
2024-12-06 11:40:00+09:00,92045297.41909103
2024-12-06 11:41:00+09:00,91874843.16461124
2024-12-06 11:42:00+09:00,92045297.41909103
2024-12-06 11:43:00+09:00,92045297.41909103
2024-12-06 11:44:00+09:00,92045297.41909103
2024-12-06 11:45:00+09:00,91874843.16461124
2024-12-06 11:46:00+09:00,91874843.16461124
2024-12-06 11:47:00+09:00,91874843.16461124
2024-12-06 11:48:00+09:00,91874843.16461124
2024-12-06 11:49:00+09:00,92045297.41909103
2024-12-06 11:50:00+09:00,91874843.16461124
2024-12-06 11:51:00+09:00,91874843.16461124
2024-12-06 11:52:00+09:00,91874843.16461124
2024-12-06 11:53:00+09:00,91874843.16461124
2024-12-06 11:54:00+09:00,91874843.16461124
2024-12-06 11:55:00+09:00,92045297.41909103
2024-12-06 11:56:00+09:00,91874843.16461124
2024-12-06 11:57:00+09:00,91874843.16461124
2024-12-06 11:58:00+09:00,91874843.16461124
2024-12-06 11:59:00+09:00,92045297.41909103
2024-12-06 12:00:00+09:00,92045297.41909103
2024-12-06 12:01:00+09:00,91874843.16461124
2024-12-06 12:02:00+09:00,92045297.41909103
2024-12-06 12:03:00+09:00,92045297.41909103
2024-12-06 12:04:00+09:00,92045297.41909103
2024-12-06 12:05:00+09:00,92045297.41909103
2024-12-06 12:06:00+09:00,92045297.41909103
2024-12-06 12:07:00+09:00,92045297.41909103
2024-12-06 12:08:00+09:00,92045297.41909103
2024-12-06 12:09:00+09:00,91874843.16461124
2024-12-06 12:10:00+09:00,92045297.41909103
2024-12-06 12:11:00+09:00,92045297.41909103
2024-12-06 12:12:00+09:00,91874843.16461124
2024-12-06 12:13:00+09:00,92045297.41909103
2024-12-06 12:14:00+09:00,91796775.11605948
2024-12-06 12:15:00+09:00,91796775.11605948
2024-12-06 12:16:00+09:00,91796775.11605948
2024-12-06 12:17:00+09:00,91796775.11605948
2024-12-06 12:18:00+09:00,91796775.11605948
2024-12-06 12:19:00+09:00,91796775.11605948
2024-12-06 12:20:00+09:00,91796775.11605948
2024-12-06 12:21:00+09:00,91796775.11605948
2024-12-06 12:22:00+09:00,91796775.11605948
2024-12-06 12:23:00+09:00,91796775.11605948
2024-12-06 12:24:00+09:00,91796775.11605948
2024-12-06 12:25:00+09:00,91760056.40601306
2024-12-06 12:26:00+09:00,91590444.471806
2024-12-06 12:27:00+09:00,91590444.471806
2024-12-06 12:28:00+09:00,91590444.471806
2024-12-06 12:29:00+09:00,91590444.471806
2024-12-06 12:30:00+09:00,91760056.40601304
2024-12-06 12:31:00+09:00,91760056.40601304
2024-12-06 12:32:00+09:00,91760056.40601304
2024-12-06 12:33:00+09:00,91760056.40601304
2024-12-06 12:34:00+09:00,91760056.40601304
2024-12-06 12:35:00+09:00,91760056.40601304
2024-12-06 12:36:00+09:00,91590444.47180599
2024-12-06 12:37:00+09:00,91760056.40601303
2024-12-06 12:38:00+09:00,91760056.40601303
2024-12-06 12:39:00+09:00,91760056.40601303
2024-12-06 12:40:00+09:00,91760056.40601303
2024-12-06 12:41:00+09:00,91760056.40601303
2024-12-06 12:42:00+09:00,91760056.40601303
2024-12-06 12:43:00+09:00,91760056.40601303
2024-12-06 12:44:00+09:00,91760056.40601303
2024-12-06 12:45:00+09:00,91760056.40601303
2024-12-06 12:46:00+09:00,91590444.47180597
2024-12-06 12:47:00+09:00,91590444.47180597
2024-12-06 12:48:00+09:00,91590444.47180597
2024-12-06 12:49:00+09:00,91590444.47180597
2024-12-06 12:50:00+09:00,91512304.25371677
2024-12-06 12:51:00+09:00,91512304.25371677
2024-12-06 12:52:00+09:00,91512304.25371677
2024-12-06 12:53:00+09:00,91512304.25371677
2024-12-06 12:54:00+09:00,91512304.25371677
2024-12-06 12:55:00+09:00,91512304.25371677
2024-12-06 12:56:00+09:00,91512304.25371677
2024-12-06 12:57:00+09:00,91512304.25371677
2024-12-06 12:58:00+09:00,91512304.25371677
2024-12-06 12:59:00+09:00,91512304.25371677
2024-12-06 13:00:00+09:00,91512304.25371677
2024-12-06 13:01:00+09:00,91512304.25371677
2024-12-06 13:02:00+09:00,91475699.33201529
2024-12-06 13:03:00+09:00,91059772.87910806
2024-12-06 13:04:00+09:00,91059772.87910806
2024-12-06 13:05:00+09:00,91059772.87910806
2024-12-06 13:06:00+09:00,91059772.87910806
2024-12-06 13:07:00+09:00,91059772.87910806
2024-12-06 13:08:00+09:00,91059772.87910806
2024-12-06 13:09:00+09:00,91059772.87910806
2024-12-06 13:10:00+09:00,91059772.87910806
2024-12-06 13:11:00+09:00,91059772.87910806
2024-12-06 13:12:00+09:00,91059772.87910806
2024-12-06 13:13:00+09:00,91059772.87910806
2024-12-06 13:14:00+09:00,91059772.87910806
2024-12-06 13:15:00+09:00,91059772.87910806
2024-12-06 13:16:00+09:00,91059772.87910806
2024-12-06 13:17:00+09:00,91059772.87910806
2024-12-06 13:18:00+09:00,91059772.87910806
2024-12-06 13:19:00+09:00,91059772.87910806
2024-12-06 13:20:00+09:00,91059772.87910806
2024-12-06 13:21:00+09:00,91059772.87910806
2024-12-06 13:22:00+09:00,91059772.87910806
2024-12-06 13:23:00+09:00,91059772.87910806
2024-12-06 13:24:00+09:00,91059772.87910806
2024-12-06 13:25:00+09:00,91059772.87910806
2024-12-06 13:26:00+09:00,91059772.87910806
2024-12-06 13:27:00+09:00,91059772.87910806
2024-12-06 13:28:00+09:00,91059772.87910806
2024-12-06 13:29:00+09:00,91059772.87910806
2024-12-06 13:30:00+09:00,91059772.87910806
2024-12-06 13:31:00+09:00,91059772.87910806
2024-12-06 13:32:00+09:00,91059772.87910806
2024-12-06 13:33:00+09:00,91059772.87910806
2024-12-06 13:34:00+09:00,91059772.87910806
2024-12-06 13:35:00+09:00,91059772.87910806
2024-12-06 13:36:00+09:00,91059772.87910806
2024-12-06 13:37:00+09:00,91059772.87910806
2024-12-06 13:38:00+09:00,91059772.87910806
2024-12-06 13:39:00+09:00,91059772.87910806
2024-12-06 13:40:00+09:00,91059772.87910806
2024-12-06 13:41:00+09:00,91059772.87910806
2024-12-06 13:42:00+09:00,91059772.87910806
2024-12-06 13:43:00+09:00,91059772.87910806
2024-12-06 13:44:00+09:00,91059772.87910806
2024-12-06 13:45:00+09:00,91059772.87910806
2024-12-06 13:46:00+09:00,91059772.87910806
2024-12-06 13:47:00+09:00,91059772.87910806
2024-12-06 13:48:00+09:00,91059772.87910806
2024-12-06 13:49:00+09:00,91059772.87910806
2024-12-06 13:50:00+09:00,91059772.87910806
2024-12-06 13:51:00+09:00,91059772.87910806
2024-12-06 13:52:00+09:00,91059772.87910806
2024-12-06 13:53:00+09:00,91059772.87910806
2024-12-06 13:54:00+09:00,91059772.87910806
2024-12-06 13:55:00+09:00,91059772.87910806
2024-12-06 13:56:00+09:00,91059772.87910806
2024-12-06 13:57:00+09:00,91059772.87910806
2024-12-06 13:58:00+09:00,91059772.87910806
2024-12-06 13:59:00+09:00,91059772.87910806
2024-12-06 14:00:00+09:00,91059772.87910806
2024-12-06 14:01:00+09:00,91059772.87910806
2024-12-06 14:02:00+09:00,91059772.87910806
2024-12-06 14:03:00+09:00,91059772.87910806
2024-12-06 14:04:00+09:00,91059772.87910806
2024-12-06 14:05:00+09:00,91059772.87910806
2024-12-06 14:06:00+09:00,91059772.87910806
2024-12-06 14:07:00+09:00,91059772.87910806
2024-12-06 14:08:00+09:00,91059772.87910806
2024-12-06 14:09:00+09:00,91059772.87910806
2024-12-06 14:10:00+09:00,91059772.87910806
2024-12-06 14:11:00+09:00,91059772.87910806
2024-12-06 14:12:00+09:00,91059772.87910806
2024-12-06 14:13:00+09:00,91059772.87910806
2024-12-06 14:14:00+09:00,91059772.87910806
2024-12-06 14:15:00+09:00,91059772.87910806
2024-12-06 14:16:00+09:00,91059772.87910806
2024-12-06 14:17:00+09:00,91059772.87910806
2024-12-06 14:18:00+09:00,91059772.87910806
2024-12-06 14:19:00+09:00,91059772.87910806
2024-12-06 14:20:00+09:00,91059772.87910806
2024-12-06 14:21:00+09:00,91059772.87910806
2024-12-06 14:22:00+09:00,91059772.87910806
2024-12-06 14:23:00+09:00,91059772.87910806
2024-12-06 14:24:00+09:00,91059772.87910806
2024-12-06 14:25:00+09:00,91059772.87910806
2024-12-06 14:26:00+09:00,91059772.87910806
2024-12-06 14:27:00+09:00,91059772.87910806
2024-12-06 14:28:00+09:00,91059772.87910806
2024-12-06 14:29:00+09:00,91059772.87910806
2024-12-06 14:30:00+09:00,91059772.87910806
2024-12-06 14:31:00+09:00,91059772.87910806
2024-12-06 14:32:00+09:00,91059772.87910806
2024-12-06 14:33:00+09:00,91059772.87910806
2024-12-06 14:34:00+09:00,91059772.87910806
2024-12-06 14:35:00+09:00,91059772.87910806
2024-12-06 14:36:00+09:00,91059772.87910806
2024-12-06 14:37:00+09:00,91023348.96995641
2024-12-06 14:38:00+09:00,91023348.96995641
2024-12-06 14:39:00+09:00,91023348.96995641
2024-12-06 14:40:00+09:00,91191910.72730818
2024-12-06 14:41:00+09:00,91191910.72730818
2024-12-06 14:42:00+09:00,91023348.96995641
2024-12-06 14:43:00+09:00,91191910.72730818
2024-12-06 14:44:00+09:00,91023348.96995641
2024-12-06 14:45:00+09:00,91191910.72730818
2024-12-06 14:46:00+09:00,91023348.96995641
2024-12-06 14:47:00+09:00,91191910.72730818
2024-12-06 14:48:00+09:00,91023348.96995641
2024-12-06 14:49:00+09:00,91023348.96995641
2024-12-06 14:50:00+09:00,91023348.96995641
2024-12-06 14:51:00+09:00,91023348.96995641
2024-12-06 14:52:00+09:00,91023348.96995641
2024-12-06 14:53:00+09:00,91023348.96995641
2024-12-06 14:54:00+09:00,91023348.96995641
2024-12-06 14:55:00+09:00,91191910.72730818
2024-12-06 14:56:00+09:00,91023348.96995641
2024-12-06 14:57:00+09:00,91191910.72730818
2024-12-06 14:58:00+09:00,91529034.24201173
2024-12-06 14:59:00+09:00,91191910.72730818
2024-12-06 15:00:00+09:00,91191910.72730818
2024-12-06 15:01:00+09:00,91360472.48465995
2024-12-06 15:02:00+09:00,91023348.96995641
2024-12-06 15:03:00+09:00,91023348.96995641
2024-12-06 15:04:00+09:00,90945692.56834444
2024-12-06 15:05:00+09:00,90945692.56834444
2024-12-06 15:06:00+09:00,90945692.56834444
2024-12-06 15:07:00+09:00,90945692.56834444
2024-12-06 15:08:00+09:00,90945692.56834444
2024-12-06 15:09:00+09:00,90945692.56834444
2024-12-06 15:10:00+09:00,90945692.56834444
2024-12-06 15:11:00+09:00,90945692.56834444
2024-12-06 15:12:00+09:00,90945692.56834444
2024-12-06 15:13:00+09:00,90945692.56834444
2024-12-06 15:14:00+09:00,90945692.56834444
2024-12-06 15:15:00+09:00,90945692.56834444
2024-12-06 15:16:00+09:00,90945692.56834444
2024-12-06 15:17:00+09:00,90945692.56834444
2024-12-06 15:18:00+09:00,90945692.56834444
2024-12-06 15:19:00+09:00,90945692.56834444
2024-12-06 15:30:00+09:00,90945692.56834444
2024-12-06 15:35:00+09:00,90945692.56834444
2024-12-09 09:00:00+09:00,90945692.56834444
2024-12-09 09:01:00+09:00,90945692.56834444
2024-12-09 09:02:00+09:00,90945692.56834444
2024-12-09 09:03:00+09:00,90945692.56834444
2024-12-09 09:04:00+09:00,90945692.56834444
2024-12-09 09:05:00+09:00,90945692.56834444
2024-12-09 09:06:00+09:00,90945692.56834444
2024-12-09 09:07:00+09:00,90945692.56834444
2024-12-09 09:08:00+09:00,90945692.56834444
2024-12-09 09:09:00+09:00,90945692.56834444
2024-12-09 09:10:00+09:00,90945692.56834444
2024-12-09 09:11:00+09:00,90945692.56834444
2024-12-09 09:12:00+09:00,90945692.56834444
2024-12-09 09:13:00+09:00,90945692.56834444
2024-12-09 09:14:00+09:00,90945692.56834444
2024-12-09 09:15:00+09:00,90945692.56834444
2024-12-09 09:16:00+09:00,90945692.56834444
2024-12-09 09:17:00+09:00,90945692.56834444
2024-12-09 09:18:00+09:00,90945692.56834444
2024-12-09 09:19:00+09:00,90945692.56834444
2024-12-09 09:20:00+09:00,90945692.56834444
2024-12-09 09:21:00+09:00,90945692.56834444
2024-12-09 09:22:00+09:00,90945692.56834444
2024-12-09 09:23:00+09:00,90945692.56834444
2024-12-09 09:24:00+09:00,90945692.56834444
2024-12-09 09:25:00+09:00,90945692.56834444
2024-12-09 09:26:00+09:00,90945692.56834444
2024-12-09 09:27:00+09:00,90945692.56834444
2024-12-09 09:28:00+09:00,90945692.56834444
2024-12-09 09:29:00+09:00,90945692.56834444
2024-12-09 09:30:00+09:00,90945692.56834444
2024-12-09 09:31:00+09:00,90945692.56834444
2024-12-09 09:32:00+09:00,90945692.56834444
2024-12-09 09:33:00+09:00,90945692.56834444
2024-12-09 09:34:00+09:00,90945692.56834444
2024-12-09 09:35:00+09:00,90945692.56834444
2024-12-09 09:36:00+09:00,90945692.56834444
2024-12-09 09:37:00+09:00,90945692.56834444
2024-12-09 09:38:00+09:00,90945692.56834444
2024-12-09 09:39:00+09:00,90945692.56834444
2024-12-09 09:40:00+09:00,90945692.56834444
2024-12-09 09:41:00+09:00,90945692.56834444
2024-12-09 09:42:00+09:00,90945692.56834444
2024-12-09 09:43:00+09:00,90945692.56834444
2024-12-09 09:44:00+09:00,90945692.56834444
2024-12-09 09:45:00+09:00,90945692.56834444
2024-12-09 09:46:00+09:00,90945692.56834444
2024-12-09 09:47:00+09:00,90945692.56834444
2024-12-09 09:48:00+09:00,90945692.56834444
2024-12-09 09:49:00+09:00,90945692.56834444
2024-12-09 09:50:00+09:00,90909314.2913171
2024-12-09 09:51:00+09:00,90909314.2913171
2024-12-09 09:52:00+09:00,90909314.2913171
2024-12-09 09:53:00+09:00,90740963.70929615
2024-12-09 09:54:00+09:00,90909314.2913171
2024-12-09 09:55:00+09:00,91246015.45535903
2024-12-09 09:56:00+09:00,91414366.03738
2024-12-09 09:57:00+09:00,91414366.03738
2024-12-09 09:58:00+09:00,91414366.03738
2024-12-09 09:59:00+09:00,91414366.03738
2024-12-09 10:00:00+09:00,91414366.03738
2024-12-09 10:01:00+09:00,91246015.45535904
2024-12-09 10:02:00+09:00,91582716.61940095
2024-12-09 10:03:00+09:00,91582716.61940095
2024-12-09 10:04:00+09:00,91582716.61940095
2024-12-09 10:05:00+09:00,91582716.61940095
2024-12-09 10:06:00+09:00,91751067.20142192
2024-12-09 10:07:00+09:00,91751067.20142192
2024-12-09 10:08:00+09:00,91414366.03738
2024-12-09 10:09:00+09:00,91582716.61940096
2024-12-09 10:10:00+09:00,91582716.61940096
2024-12-09 10:11:00+09:00,91751067.20142193
2024-12-09 10:12:00+09:00,91582716.61940098
2024-12-09 10:13:00+09:00,91751067.20142195
2024-12-09 10:14:00+09:00,91414366.03738002
2024-12-09 10:15:00+09:00,91582716.619401
2024-12-09 10:16:00+09:00,91414366.03738004
2024-12-09 10:17:00+09:00,91414366.03738004
2024-12-09 10:18:00+09:00,91414366.03738004
2024-12-09 10:19:00+09:00,91414366.03738004
2024-12-09 10:20:00+09:00,91414366.03738004
2024-12-09 10:21:00+09:00,91582716.61940101
2024-12-09 10:22:00+09:00,91582716.61940101
2024-12-09 10:23:00+09:00,91414366.03738005
2024-12-09 10:24:00+09:00,91582716.61940102
2024-12-09 10:25:00+09:00,91751067.20142199
2024-12-09 10:26:00+09:00,91751067.20142199
2024-12-09 10:27:00+09:00,91582716.61940104
2024-12-09 10:28:00+09:00,91751067.201422
2024-12-09 10:29:00+09:00,91751067.201422
2024-12-09 10:30:00+09:00,91751067.201422
2024-12-09 10:31:00+09:00,91751067.201422
2024-12-09 10:32:00+09:00,91751067.201422
2024-12-09 10:33:00+09:00,91919417.78344296
2024-12-09 10:34:00+09:00,91919417.78344296
2024-12-09 10:35:00+09:00,91919417.78344296
2024-12-09 10:36:00+09:00,91919417.78344296
2024-12-09 10:37:00+09:00,91751067.201422
2024-12-09 10:38:00+09:00,91751067.201422
2024-12-09 10:39:00+09:00,91582716.61940105
2024-12-09 10:40:00+09:00,91582716.61940105
2024-12-09 10:41:00+09:00,91414366.0373801
2024-12-09 10:42:00+09:00,91414366.0373801
2024-12-09 10:43:00+09:00,91751067.20142202
2024-12-09 10:44:00+09:00,91167547.24907917
2024-12-09 10:45:00+09:00,91167547.24907917
2024-12-09 10:46:00+09:00,91167547.24907917
2024-12-09 10:47:00+09:00,91167547.24907917
2024-12-09 10:48:00+09:00,91167547.24907917
2024-12-09 10:49:00+09:00,91167547.24907917
2024-12-09 10:50:00+09:00,91167547.24907917
2024-12-09 10:51:00+09:00,91167547.24907917
2024-12-09 10:52:00+09:00,91167547.24907917
2024-12-09 10:53:00+09:00,91167547.24907917
2024-12-09 10:54:00+09:00,91167547.24907917
2024-12-09 10:55:00+09:00,91167547.24907917
2024-12-09 10:56:00+09:00,91167547.24907917
2024-12-09 10:57:00+09:00,91167547.24907917
2024-12-09 10:58:00+09:00,91167547.24907917
2024-12-09 10:59:00+09:00,91167547.24907917
2024-12-09 11:00:00+09:00,91167547.24907917
2024-12-09 11:01:00+09:00,91167547.24907917
2024-12-09 11:02:00+09:00,91167547.24907917
2024-12-09 11:03:00+09:00,91167547.24907917
2024-12-09 11:04:00+09:00,91167547.24907917
2024-12-09 11:05:00+09:00,91167547.24907917
2024-12-09 11:06:00+09:00,91167547.24907917
2024-12-09 11:07:00+09:00,91167547.24907917
2024-12-09 11:08:00+09:00,91167547.24907917
2024-12-09 11:09:00+09:00,91167547.24907917
2024-12-09 11:10:00+09:00,91167547.24907917
2024-12-09 11:11:00+09:00,91167547.24907917
2024-12-09 11:12:00+09:00,91167547.24907917
2024-12-09 11:13:00+09:00,91167547.24907917
2024-12-09 11:14:00+09:00,91167547.24907917
2024-12-09 11:15:00+09:00,91167547.24907917
2024-12-09 11:16:00+09:00,91167547.24907917
2024-12-09 11:17:00+09:00,91167547.24907917
2024-12-09 11:18:00+09:00,91167547.24907917
2024-12-09 11:19:00+09:00,91167547.24907917
2024-12-09 11:20:00+09:00,91167547.24907917
2024-12-09 11:21:00+09:00,91167547.24907917
2024-12-09 11:22:00+09:00,91167547.24907917
2024-12-09 11:23:00+09:00,91167547.24907917
2024-12-09 11:24:00+09:00,91167547.24907917
2024-12-09 11:25:00+09:00,91167547.24907917
2024-12-09 11:26:00+09:00,91167547.24907917
2024-12-09 11:27:00+09:00,91167547.24907917
2024-12-09 11:28:00+09:00,91167547.24907917
2024-12-09 11:29:00+09:00,91167547.24907917
2024-12-09 11:30:00+09:00,91167547.24907917
2024-12-09 11:31:00+09:00,91167547.24907917
2024-12-09 11:32:00+09:00,91167547.24907917
2024-12-09 11:33:00+09:00,91167547.24907917
2024-12-09 11:34:00+09:00,91167547.24907917
2024-12-09 11:35:00+09:00,91167547.24907917
2024-12-09 11:36:00+09:00,91167547.24907917
2024-12-09 11:37:00+09:00,91167547.24907917
2024-12-09 11:38:00+09:00,91167547.24907917
2024-12-09 11:39:00+09:00,91167547.24907917
2024-12-09 11:40:00+09:00,91167547.24907917
2024-12-09 11:41:00+09:00,91167547.24907917
2024-12-09 11:42:00+09:00,91167547.24907917
2024-12-09 11:43:00+09:00,91167547.24907917
2024-12-09 11:44:00+09:00,91167547.24907917
2024-12-09 11:45:00+09:00,91167547.24907917
2024-12-09 11:46:00+09:00,91167547.24907917
2024-12-09 11:47:00+09:00,91167547.24907917
2024-12-09 11:48:00+09:00,91167547.24907917
2024-12-09 11:49:00+09:00,91167547.24907917
2024-12-09 11:50:00+09:00,91167547.24907917
2024-12-09 11:51:00+09:00,91167547.24907917
2024-12-09 11:52:00+09:00,91167547.24907917
2024-12-09 11:53:00+09:00,91167547.24907917
2024-12-09 11:54:00+09:00,91167547.24907917
2024-12-09 11:55:00+09:00,91167547.24907917
2024-12-09 11:56:00+09:00,91167547.24907917
2024-12-09 11:57:00+09:00,91167547.24907917
2024-12-09 11:58:00+09:00,91167547.24907917
2024-12-09 11:59:00+09:00,91167547.24907917
2024-12-09 12:00:00+09:00,91167547.24907917
2024-12-09 12:01:00+09:00,91167547.24907917
2024-12-09 12:02:00+09:00,91167547.24907917
2024-12-09 12:03:00+09:00,91167547.24907917
2024-12-09 12:04:00+09:00,91167547.24907917
2024-12-09 12:05:00+09:00,91167547.24907917
2024-12-09 12:06:00+09:00,91167547.24907917
2024-12-09 12:07:00+09:00,91167547.24907917
2024-12-09 12:08:00+09:00,91167547.24907917
2024-12-09 12:09:00+09:00,91167547.24907917
2024-12-09 12:10:00+09:00,91167547.24907917
2024-12-09 12:11:00+09:00,91167547.24907917
2024-12-09 12:12:00+09:00,91167547.24907917
2024-12-09 12:13:00+09:00,91167547.24907917
2024-12-09 12:14:00+09:00,91167547.24907917
2024-12-09 12:15:00+09:00,91167547.24907917
2024-12-09 12:16:00+09:00,91167547.24907917
2024-12-09 12:17:00+09:00,91167547.24907917
2024-12-09 12:18:00+09:00,91167547.24907917
2024-12-09 12:19:00+09:00,91167547.24907917
2024-12-09 12:20:00+09:00,91167547.24907917
2024-12-09 12:21:00+09:00,91167547.24907917
2024-12-09 12:22:00+09:00,91167547.24907917
2024-12-09 12:23:00+09:00,91167547.24907917
2024-12-09 12:24:00+09:00,91167547.24907917
2024-12-09 12:25:00+09:00,91167547.24907917
2024-12-09 12:26:00+09:00,91167547.24907917
2024-12-09 12:27:00+09:00,91167547.24907917
2024-12-09 12:28:00+09:00,91167547.24907917
2024-12-09 12:29:00+09:00,91167547.24907917
2024-12-09 12:30:00+09:00,91167547.24907917
2024-12-09 12:31:00+09:00,91167547.24907917
2024-12-09 12:32:00+09:00,91167547.24907917
2024-12-09 12:33:00+09:00,91167547.24907917
2024-12-09 12:34:00+09:00,91167547.24907917
2024-12-09 12:35:00+09:00,91167547.24907917
2024-12-09 12:36:00+09:00,91167547.24907917
2024-12-09 12:37:00+09:00,91167547.24907917
2024-12-09 12:38:00+09:00,91167547.24907917
2024-12-09 12:39:00+09:00,91167547.24907917
2024-12-09 12:40:00+09:00,91167547.24907917
2024-12-09 12:41:00+09:00,91167547.24907917
2024-12-09 12:42:00+09:00,91167547.24907917
2024-12-09 12:43:00+09:00,91167547.24907917
2024-12-09 12:44:00+09:00,91167547.24907917
2024-12-09 12:45:00+09:00,91167547.24907917
2024-12-09 12:46:00+09:00,91167547.24907917
2024-12-09 12:47:00+09:00,91167547.24907917
2024-12-09 12:48:00+09:00,91167547.24907917
2024-12-09 12:49:00+09:00,91167547.24907917
2024-12-09 12:50:00+09:00,91167547.24907917
2024-12-09 12:51:00+09:00,91167547.24907917
2024-12-09 12:52:00+09:00,91167547.24907917
2024-12-09 12:53:00+09:00,91167547.24907917
2024-12-09 12:54:00+09:00,91167547.24907917
2024-12-09 12:55:00+09:00,91167547.24907917
2024-12-09 12:56:00+09:00,91167547.24907917
2024-12-09 12:57:00+09:00,91167547.24907917
2024-12-09 12:58:00+09:00,91167547.24907917
2024-12-09 12:59:00+09:00,91167547.24907917
2024-12-09 13:00:00+09:00,91167547.24907917
2024-12-09 13:01:00+09:00,91167547.24907917
2024-12-09 13:02:00+09:00,91167547.24907917
2024-12-09 13:03:00+09:00,91167547.24907917
2024-12-09 13:04:00+09:00,91167547.24907917
2024-12-09 13:05:00+09:00,91167547.24907917
2024-12-09 13:06:00+09:00,91167547.24907917
2024-12-09 13:07:00+09:00,91167547.24907917
2024-12-09 13:08:00+09:00,91167547.24907917
2024-12-09 13:09:00+09:00,91167547.24907917
2024-12-09 13:10:00+09:00,91167547.24907917
2024-12-09 13:11:00+09:00,91167547.24907917
2024-12-09 13:12:00+09:00,91167547.24907917
2024-12-09 13:13:00+09:00,91131080.23017953
2024-12-09 13:14:00+09:00,91053957.5892338
2024-12-09 13:15:00+09:00,91053957.5892338
2024-12-09 13:16:00+09:00,91053957.5892338
2024-12-09 13:17:00+09:00,91053957.5892338
2024-12-09 13:18:00+09:00,91053957.5892338
2024-12-09 13:19:00+09:00,91053957.5892338
2024-12-09 13:20:00+09:00,91053957.5892338
2024-12-09 13:21:00+09:00,91053957.5892338
2024-12-09 13:22:00+09:00,91053957.5892338
2024-12-09 13:23:00+09:00,91053957.5892338
2024-12-09 13:24:00+09:00,91053957.5892338
2024-12-09 13:25:00+09:00,91017536.00619811
2024-12-09 13:26:00+09:00,91017536.00619811
2024-12-09 13:27:00+09:00,91186713.5824178
2024-12-09 13:28:00+09:00,91186713.5824178
2024-12-09 13:29:00+09:00,91017536.0061981
2024-12-09 13:30:00+09:00,91017536.0061981
2024-12-09 13:31:00+09:00,91017536.0061981
2024-12-09 13:32:00+09:00,90848358.4299784
2024-12-09 13:33:00+09:00,90848358.4299784
2024-12-09 13:34:00+09:00,90771788.65898135
2024-12-09 13:35:00+09:00,90771788.65898135
2024-12-09 13:36:00+09:00,90771788.65898135
2024-12-09 13:37:00+09:00,90771788.65898135
2024-12-09 13:38:00+09:00,90771788.65898135
2024-12-09 13:39:00+09:00,90771788.65898135
2024-12-09 13:40:00+09:00,90771788.65898135
2024-12-09 13:41:00+09:00,90771788.65898135
2024-12-09 13:42:00+09:00,90771788.65898135
2024-12-09 13:43:00+09:00,90771788.65898135
2024-12-09 13:44:00+09:00,90771788.65898135
2024-12-09 13:45:00+09:00,90771788.65898135
2024-12-09 13:46:00+09:00,90771788.65898135
2024-12-09 13:47:00+09:00,90771788.65898135
2024-12-09 13:48:00+09:00,90771788.65898135
2024-12-09 13:49:00+09:00,90771788.65898135
2024-12-09 13:50:00+09:00,90771788.65898135
2024-12-09 13:51:00+09:00,90771788.65898135
2024-12-09 13:52:00+09:00,90771788.65898135
2024-12-09 13:53:00+09:00,90771788.65898135
2024-12-09 13:54:00+09:00,90771788.65898135
2024-12-09 13:55:00+09:00,90771788.65898135
2024-12-09 13:56:00+09:00,90771788.65898135
2024-12-09 13:57:00+09:00,90771788.65898135
2024-12-09 13:58:00+09:00,90771788.65898135
2024-12-09 13:59:00+09:00,90771788.65898135
2024-12-09 14:00:00+09:00,90771788.65898135
2024-12-09 14:01:00+09:00,90771788.65898135
2024-12-09 14:02:00+09:00,90771788.65898135
2024-12-09 14:03:00+09:00,90771788.65898135
2024-12-09 14:04:00+09:00,90771788.65898135
2024-12-09 14:05:00+09:00,90771788.65898135
2024-12-09 14:06:00+09:00,90771788.65898135
2024-12-09 14:07:00+09:00,90771788.65898135
2024-12-09 14:08:00+09:00,90771788.65898135
2024-12-09 14:09:00+09:00,90771788.65898135
2024-12-09 14:10:00+09:00,90771788.65898135
2024-12-09 14:11:00+09:00,90771788.65898135
2024-12-09 14:12:00+09:00,90771788.65898135
2024-12-09 14:13:00+09:00,90771788.65898135
2024-12-09 14:14:00+09:00,90771788.65898135
2024-12-09 14:15:00+09:00,90771788.65898135
2024-12-09 14:16:00+09:00,90771788.65898135
2024-12-09 14:17:00+09:00,90771788.65898135
2024-12-09 14:18:00+09:00,90771788.65898135
2024-12-09 14:19:00+09:00,90771788.65898135
2024-12-09 14:20:00+09:00,90771788.65898135
2024-12-09 14:21:00+09:00,90771788.65898135
2024-12-09 14:22:00+09:00,90771788.65898135
2024-12-09 14:23:00+09:00,90771788.65898135
2024-12-09 14:24:00+09:00,90771788.65898135
2024-12-09 14:25:00+09:00,90771788.65898135
2024-12-09 14:26:00+09:00,90771788.65898135
2024-12-09 14:27:00+09:00,90771788.65898135
2024-12-09 14:28:00+09:00,90771788.65898135
2024-12-09 14:29:00+09:00,90771788.65898135
2024-12-09 14:30:00+09:00,90771788.65898135
2024-12-09 14:31:00+09:00,90771788.65898135
2024-12-09 14:32:00+09:00,90771788.65898135
2024-12-09 14:33:00+09:00,90771788.65898135
2024-12-09 14:34:00+09:00,90771788.65898135
2024-12-09 14:35:00+09:00,90771788.65898135
2024-12-09 14:36:00+09:00,90771788.65898135
2024-12-09 14:37:00+09:00,90771788.65898135
2024-12-09 14:38:00+09:00,90771788.65898135
2024-12-09 14:39:00+09:00,90771788.65898135
2024-12-09 14:40:00+09:00,90771788.65898135
2024-12-09 14:41:00+09:00,90771788.65898135
2024-12-09 14:42:00+09:00,90771788.65898135
2024-12-09 14:43:00+09:00,90771788.65898135
2024-12-09 14:44:00+09:00,90771788.65898135
2024-12-09 14:45:00+09:00,90771788.65898135
2024-12-09 14:46:00+09:00,90771788.65898135
2024-12-09 14:47:00+09:00,90771788.65898135
2024-12-09 14:48:00+09:00,90771788.65898135
2024-12-09 14:49:00+09:00,90771788.65898135
2024-12-09 14:50:00+09:00,90771788.65898135
2024-12-09 14:51:00+09:00,90771788.65898135
2024-12-09 14:52:00+09:00,90771788.65898135
2024-12-09 14:53:00+09:00,90771788.65898135
2024-12-09 14:54:00+09:00,90771788.65898135
2024-12-09 14:55:00+09:00,90771788.65898135
2024-12-09 14:56:00+09:00,90771788.65898135
2024-12-09 14:57:00+09:00,90771788.65898135
2024-12-09 14:58:00+09:00,90771788.65898135
2024-12-09 14:59:00+09:00,90771788.65898135
2024-12-09 15:00:00+09:00,90771788.65898135
2024-12-09 15:01:00+09:00,90771788.65898135
2024-12-09 15:02:00+09:00,90771788.65898135
2024-12-09 15:03:00+09:00,90771788.65898135
2024-12-09 15:04:00+09:00,90771788.65898135
2024-12-09 15:05:00+09:00,90771788.65898135
2024-12-09 15:06:00+09:00,90771788.65898135
2024-12-09 15:07:00+09:00,90771788.65898135
2024-12-09 15:08:00+09:00,90771788.65898135
2024-12-09 15:09:00+09:00,90771788.65898135
2024-12-09 15:10:00+09:00,90771788.65898135
2024-12-09 15:11:00+09:00,90771788.65898135
2024-12-09 15:12:00+09:00,90771788.65898135
2024-12-09 15:13:00+09:00,90771788.65898135
2024-12-09 15:14:00+09:00,90771788.65898135
2024-12-09 15:15:00+09:00,90771788.65898135
2024-12-09 15:16:00+09:00,90771788.65898135
2024-12-09 15:17:00+09:00,90771788.65898135
2024-12-09 15:18:00+09:00,90771788.65898135
2024-12-09 15:19:00+09:00,90771788.65898135
2024-12-09 15:30:00+09:00,90771788.65898135
2024-12-09 15:35:00+09:00,90771788.65898135
2024-12-10 09:00:00+09:00,90771788.65898135
2024-12-10 09:01:00+09:00,90771788.65898135
2024-12-10 09:02:00+09:00,90735479.94351776
2024-12-10 09:03:00+09:00,90735479.94351776
2024-12-10 09:04:00+09:00,90735479.94351776
2024-12-10 09:05:00+09:00,90568379.61213006
2024-12-10 09:06:00+09:00,90568379.61213006
2024-12-10 09:07:00+09:00,90735479.94351776
2024-12-10 09:08:00+09:00,90735479.94351776
2024-12-10 09:09:00+09:00,90568379.61213006
2024-12-10 09:10:00+09:00,90568379.61213006
2024-12-10 09:11:00+09:00,90401279.28074236
2024-12-10 09:12:00+09:00,90401279.28074236
2024-12-10 09:13:00+09:00,90401279.28074236
2024-12-10 09:14:00+09:00,90401279.28074236
2024-12-10 09:15:00+09:00,90067078.61796696
2024-12-10 09:16:00+09:00,90234178.94935465
2024-12-10 09:17:00+09:00,90067078.61796695
2024-12-10 09:18:00+09:00,90067078.61796695
2024-12-10 09:19:00+09:00,90234178.94935463
2024-12-10 09:20:00+09:00,90234178.94935463
2024-12-10 09:21:00+09:00,89732877.95519155
2024-12-10 09:22:00+09:00,90067078.61796695
2024-12-10 09:23:00+09:00,90067078.61796695
2024-12-10 09:24:00+09:00,90234178.94935463
2024-12-10 09:25:00+09:00,90234178.94935463
2024-12-10 09:26:00+09:00,90067078.61796694
2024-12-10 09:27:00+09:00,90234178.94935462
2024-12-10 09:28:00+09:00,90067078.61796692
2024-12-10 09:29:00+09:00,90234178.9493546
2024-12-10 09:30:00+09:00,90401279.28074229
2024-12-10 09:31:00+09:00,90401279.28074229
2024-12-10 09:32:00+09:00,90401279.28074229
2024-12-10 09:33:00+09:00,90401279.28074229
2024-12-10 09:34:00+09:00,90234178.94935459
2024-12-10 09:35:00+09:00,90401279.28074227
2024-12-10 09:36:00+09:00,90401279.28074227
2024-12-10 09:37:00+09:00,90401279.28074227
2024-12-10 09:38:00+09:00,90401279.28074227
2024-12-10 09:39:00+09:00,90401279.28074227
2024-12-10 09:40:00+09:00,90234178.94935457
2024-12-10 09:41:00+09:00,90234178.94935457
2024-12-10 09:42:00+09:00,90401279.28074226
2024-12-10 09:43:00+09:00,90234178.94935456
2024-12-10 09:44:00+09:00,90234178.94935456
2024-12-10 09:45:00+09:00,90234178.94935456
2024-12-10 09:46:00+09:00,90067078.61796686
2024-12-10 09:47:00+09:00,90234178.94935454
2024-12-10 09:48:00+09:00,89823897.50569834
2024-12-10 09:49:00+09:00,89823897.50569834
2024-12-10 09:50:00+09:00,89823897.50569834
2024-12-10 09:51:00+09:00,89823897.50569834
2024-12-10 09:52:00+09:00,89823897.50569834
2024-12-10 09:53:00+09:00,89823897.50569834
2024-12-10 09:54:00+09:00,89823897.50569834
2024-12-10 09:55:00+09:00,89823897.50569834
2024-12-10 09:56:00+09:00,89823897.50569834
2024-12-10 09:57:00+09:00,89823897.50569834
2024-12-10 09:58:00+09:00,89823897.50569834
2024-12-10 09:59:00+09:00,89823897.50569834
2024-12-10 10:00:00+09:00,89823897.50569834
2024-12-10 10:01:00+09:00,89823897.50569834
2024-12-10 10:02:00+09:00,89823897.50569834
2024-12-10 10:03:00+09:00,89823897.50569834
2024-12-10 10:04:00+09:00,89823897.50569834
2024-12-10 10:05:00+09:00,89823897.50569834
2024-12-10 10:06:00+09:00,89823897.50569834
2024-12-10 10:07:00+09:00,89823897.50569834
2024-12-10 10:08:00+09:00,89823897.50569834
2024-12-10 10:09:00+09:00,89823897.50569834
2024-12-10 10:10:00+09:00,89823897.50569834
2024-12-10 10:11:00+09:00,89823897.50569834
2024-12-10 10:12:00+09:00,89823897.50569834
2024-12-10 10:13:00+09:00,89823897.50569834
2024-12-10 10:14:00+09:00,89787967.94669606
2024-12-10 10:15:00+09:00,89954550.4475248
2024-12-10 10:16:00+09:00,89877805.88939299
2024-12-10 10:17:00+09:00,89877805.88939299
2024-12-10 10:18:00+09:00,89877805.88939299
2024-12-10 10:19:00+09:00,89877805.88939299
2024-12-10 10:20:00+09:00,89877805.88939299
2024-12-10 10:21:00+09:00,89877805.88939299
2024-12-10 10:22:00+09:00,89877805.88939299
2024-12-10 10:23:00+09:00,89877805.88939299
2024-12-10 10:24:00+09:00,89877805.88939299
2024-12-10 10:25:00+09:00,89877805.88939299
2024-12-10 10:26:00+09:00,89877805.88939299
2024-12-10 10:27:00+09:00,89877805.88939299
2024-12-10 10:28:00+09:00,89877805.88939299
2024-12-10 10:29:00+09:00,89877805.88939299
2024-12-10 10:30:00+09:00,89877805.88939299
2024-12-10 10:31:00+09:00,89877805.88939299
2024-12-10 10:32:00+09:00,89877805.88939299
2024-12-10 10:33:00+09:00,89877805.88939299
2024-12-10 10:34:00+09:00,89877805.88939299
2024-12-10 10:35:00+09:00,89877805.88939299
2024-12-10 10:36:00+09:00,89877805.88939299
2024-12-10 10:37:00+09:00,89877805.88939299
2024-12-10 10:38:00+09:00,89877805.88939299
2024-12-10 10:39:00+09:00,89877805.88939299
2024-12-10 10:40:00+09:00,89877805.88939299
2024-12-10 10:41:00+09:00,89877805.88939299
2024-12-10 10:42:00+09:00,89877805.88939299
2024-12-10 10:43:00+09:00,89877805.88939299
2024-12-10 10:44:00+09:00,89877805.88939299
2024-12-10 10:45:00+09:00,89877805.88939299
2024-12-10 10:46:00+09:00,89877805.88939299
2024-12-10 10:47:00+09:00,89877805.88939299
2024-12-10 10:48:00+09:00,89877805.88939299
2024-12-10 10:49:00+09:00,89877805.88939299
2024-12-10 10:50:00+09:00,89877805.88939299
2024-12-10 10:51:00+09:00,89877805.88939299
2024-12-10 10:52:00+09:00,89877805.88939299
2024-12-10 10:53:00+09:00,89877805.88939299
2024-12-10 10:54:00+09:00,89877805.88939299
2024-12-10 10:55:00+09:00,89877805.88939299
2024-12-10 10:56:00+09:00,89877805.88939299
2024-12-10 10:57:00+09:00,89877805.88939299
2024-12-10 10:58:00+09:00,89877805.88939299
2024-12-10 10:59:00+09:00,89877805.88939299
2024-12-10 11:00:00+09:00,89877805.88939299
2024-12-10 11:01:00+09:00,89877805.88939299
2024-12-10 11:02:00+09:00,89877805.88939299
2024-12-10 11:03:00+09:00,89877805.88939299
2024-12-10 11:04:00+09:00,89877805.88939299
2024-12-10 11:05:00+09:00,89877805.88939299
2024-12-10 11:06:00+09:00,89877805.88939299
2024-12-10 11:07:00+09:00,89877805.88939299
2024-12-10 11:08:00+09:00,89877805.88939299
2024-12-10 11:09:00+09:00,89877805.88939299
2024-12-10 11:10:00+09:00,89877805.88939299
2024-12-10 11:11:00+09:00,89877805.88939299
2024-12-10 11:12:00+09:00,89877805.88939299
2024-12-10 11:13:00+09:00,89877805.88939299
2024-12-10 11:14:00+09:00,89841854.76703723
2024-12-10 11:15:00+09:00,89599281.75916623
2024-12-10 11:16:00+09:00,89599281.75916623
2024-12-10 11:17:00+09:00,89599281.75916623
2024-12-10 11:18:00+09:00,89599281.75916623
2024-12-10 11:19:00+09:00,89599281.75916623
2024-12-10 11:20:00+09:00,89599281.75916623
2024-12-10 11:21:00+09:00,89599281.75916623
2024-12-10 11:22:00+09:00,89599281.75916623
2024-12-10 11:23:00+09:00,89599281.75916623
2024-12-10 11:24:00+09:00,89599281.75916623
2024-12-10 11:25:00+09:00,89599281.75916623
2024-12-10 11:26:00+09:00,89599281.75916623
2024-12-10 11:27:00+09:00,89599281.75916623
2024-12-10 11:28:00+09:00,89599281.75916623
2024-12-10 11:29:00+09:00,89599281.75916623
2024-12-10 11:30:00+09:00,89599281.75916623
2024-12-10 11:31:00+09:00,89599281.75916623
2024-12-10 11:32:00+09:00,89599281.75916623
2024-12-10 11:33:00+09:00,89599281.75916623
2024-12-10 11:34:00+09:00,89599281.75916623
2024-12-10 11:35:00+09:00,89599281.75916623
2024-12-10 11:36:00+09:00,89599281.75916623
2024-12-10 11:37:00+09:00,89563442.04646257
2024-12-10 11:38:00+09:00,89563442.04646257
2024-12-10 11:39:00+09:00,89563442.04646257
2024-12-10 11:40:00+09:00,89563442.04646257
2024-12-10 11:41:00+09:00,89563442.04646257
2024-12-10 11:42:00+09:00,89563442.04646257
2024-12-10 11:43:00+09:00,89563442.04646257
2024-12-10 11:44:00+09:00,89563442.04646257
2024-12-10 11:45:00+09:00,89397583.82045059
2024-12-10 11:46:00+09:00,89397583.82045059
2024-12-10 11:47:00+09:00,89321620.7529371
2024-12-10 11:48:00+09:00,89321620.7529371
2024-12-10 11:49:00+09:00,89321620.7529371
2024-12-10 11:50:00+09:00,89321620.7529371
2024-12-10 11:51:00+09:00,89321620.7529371
2024-12-10 11:52:00+09:00,89321620.7529371
2024-12-10 11:53:00+09:00,89321620.7529371
2024-12-10 11:54:00+09:00,89321620.7529371
2024-12-10 11:55:00+09:00,89321620.7529371
2024-12-10 11:56:00+09:00,89321620.7529371
2024-12-10 11:57:00+09:00,89321620.7529371
2024-12-10 11:58:00+09:00,89321620.7529371
2024-12-10 11:59:00+09:00,89321620.7529371
2024-12-10 12:00:00+09:00,89321620.7529371
2024-12-10 12:01:00+09:00,89321620.7529371
2024-12-10 12:02:00+09:00,89321620.7529371
2024-12-10 12:03:00+09:00,89321620.7529371
2024-12-10 12:04:00+09:00,89321620.7529371
2024-12-10 12:05:00+09:00,89321620.7529371
2024-12-10 12:06:00+09:00,89321620.7529371
2024-12-10 12:07:00+09:00,89321620.7529371
2024-12-10 12:08:00+09:00,89321620.7529371
2024-12-10 12:09:00+09:00,89321620.7529371
2024-12-10 12:10:00+09:00,89321620.7529371
2024-12-10 12:11:00+09:00,89321620.7529371
2024-12-10 12:12:00+09:00,89321620.7529371
2024-12-10 12:13:00+09:00,89321620.7529371
2024-12-10 12:14:00+09:00,89321620.7529371
2024-12-10 12:15:00+09:00,89321620.7529371
2024-12-10 12:16:00+09:00,89321620.7529371
2024-12-10 12:17:00+09:00,89321620.7529371
2024-12-10 12:18:00+09:00,89321620.7529371
2024-12-10 12:19:00+09:00,89321620.7529371
2024-12-10 12:20:00+09:00,89321620.7529371
2024-12-10 12:21:00+09:00,89321620.7529371
2024-12-10 12:22:00+09:00,89321620.7529371
2024-12-10 12:23:00+09:00,89321620.7529371
2024-12-10 12:24:00+09:00,89321620.7529371
2024-12-10 12:25:00+09:00,89321620.7529371
2024-12-10 12:26:00+09:00,89321620.7529371
2024-12-10 12:27:00+09:00,89321620.7529371
2024-12-10 12:28:00+09:00,89321620.7529371
2024-12-10 12:29:00+09:00,89321620.7529371
2024-12-10 12:30:00+09:00,89321620.7529371
2024-12-10 12:31:00+09:00,89321620.7529371
2024-12-10 12:32:00+09:00,89321620.7529371
2024-12-10 12:33:00+09:00,89321620.7529371
2024-12-10 12:34:00+09:00,89321620.7529371
2024-12-10 12:35:00+09:00,89321620.7529371
2024-12-10 12:36:00+09:00,89321620.7529371
2024-12-10 12:37:00+09:00,89321620.7529371
2024-12-10 12:38:00+09:00,89321620.7529371
2024-12-10 12:39:00+09:00,89321620.7529371
2024-12-10 12:40:00+09:00,89321620.7529371
2024-12-10 12:41:00+09:00,89321620.7529371
2024-12-10 12:42:00+09:00,89321620.7529371
2024-12-10 12:43:00+09:00,89321620.7529371
2024-12-10 12:44:00+09:00,89321620.7529371
2024-12-10 12:45:00+09:00,89321620.7529371
2024-12-10 12:46:00+09:00,89321620.7529371
2024-12-10 12:47:00+09:00,89321620.7529371
2024-12-10 12:48:00+09:00,89321620.7529371
2024-12-10 12:49:00+09:00,89321620.7529371
2024-12-10 12:50:00+09:00,89321620.7529371
2024-12-10 12:51:00+09:00,89321620.7529371
2024-12-10 12:52:00+09:00,89321620.7529371
2024-12-10 12:53:00+09:00,89321620.7529371
2024-12-10 12:54:00+09:00,89321620.7529371
2024-12-10 12:55:00+09:00,89285892.10463592
2024-12-10 12:56:00+09:00,89285892.10463592
2024-12-10 12:57:00+09:00,89285892.10463592
2024-12-10 12:58:00+09:00,89451851.0118936
2024-12-10 12:59:00+09:00,89451851.0118936
2024-12-10 13:00:00+09:00,89451851.0118936
2024-12-10 13:01:00+09:00,89285892.10463591
2024-12-10 13:02:00+09:00,89285892.10463591
2024-12-10 13:03:00+09:00,89451851.01189359
2024-12-10 13:04:00+09:00,89617809.91915126
2024-12-10 13:05:00+09:00,89451851.01189357
2024-12-10 13:06:00+09:00,89617809.91915125
2024-12-10 13:07:00+09:00,89617809.91915125
2024-12-10 13:08:00+09:00,89451851.01189356
2024-12-10 13:09:00+09:00,89451851.01189356
2024-12-10 13:10:00+09:00,89617809.91915123
2024-12-10 13:11:00+09:00,89617809.91915123
2024-12-10 13:12:00+09:00,89617809.91915123
2024-12-10 13:13:00+09:00,89451851.01189354
2024-12-10 13:14:00+09:00,89617809.91915122
2024-12-10 13:15:00+09:00,89617809.91915122
2024-12-10 13:16:00+09:00,89617809.91915122
2024-12-10 13:17:00+09:00,89617809.91915122
2024-12-10 13:18:00+09:00,89617809.91915122
2024-12-10 13:19:00+09:00,89451851.01189353
2024-12-10 13:20:00+09:00,89617809.9191512
2024-12-10 13:21:00+09:00,89617809.9191512
2024-12-10 13:22:00+09:00,89783768.82640888
2024-12-10 13:23:00+09:00,89617809.91915119
2024-12-10 13:24:00+09:00,89617809.91915119
2024-12-10 13:25:00+09:00,89783768.82640886
2024-12-10 13:26:00+09:00,89783768.82640886
2024-12-10 13:27:00+09:00,89783768.82640886
2024-12-10 13:28:00+09:00,89783768.82640886
2024-12-10 13:29:00+09:00,89617809.91915117
2024-12-10 13:30:00+09:00,89617809.91915117
2024-12-10 13:31:00+09:00,89783768.82640885
2024-12-10 13:32:00+09:00,89617809.91915116
2024-12-10 13:33:00+09:00,89783768.82640883
2024-12-10 13:34:00+09:00,89783768.82640883
2024-12-10 13:35:00+09:00,89783768.82640883
2024-12-10 13:36:00+09:00,89783768.82640883
2024-12-10 13:37:00+09:00,89783768.82640883
2024-12-10 13:38:00+09:00,89783768.82640883
2024-12-10 13:39:00+09:00,89783768.82640883
2024-12-10 13:40:00+09:00,89783768.82640883
2024-12-10 13:41:00+09:00,89617809.91915114
2024-12-10 13:42:00+09:00,89783768.82640882
2024-12-10 13:43:00+09:00,89617809.91915113
2024-12-10 13:44:00+09:00,89617809.91915113
2024-12-10 13:45:00+09:00,89783768.8264088
2024-12-10 13:46:00+09:00,89783768.8264088
2024-12-10 13:47:00+09:00,89617809.91915111
2024-12-10 13:48:00+09:00,89451851.01189342
2024-12-10 13:49:00+09:00,89451851.01189342
2024-12-10 13:50:00+09:00,89044820.1959532
2024-12-10 13:51:00+09:00,89044820.1959532
2024-12-10 13:52:00+09:00,89044820.1959532
2024-12-10 13:53:00+09:00,89044820.1959532
2024-12-10 13:54:00+09:00,89044820.1959532
2024-12-10 13:55:00+09:00,89044820.1959532
2024-12-10 13:56:00+09:00,89044820.1959532
2024-12-10 13:57:00+09:00,89044820.1959532
2024-12-10 13:58:00+09:00,89044820.1959532
2024-12-10 13:59:00+09:00,89044820.1959532
2024-12-10 14:00:00+09:00,89044820.1959532
2024-12-10 14:01:00+09:00,89044820.1959532
2024-12-10 14:02:00+09:00,89044820.1959532
2024-12-10 14:03:00+09:00,89044820.1959532
2024-12-10 14:04:00+09:00,89044820.1959532
2024-12-10 14:05:00+09:00,89044820.1959532
2024-12-10 14:06:00+09:00,89044820.1959532
2024-12-10 14:07:00+09:00,89044820.1959532
2024-12-10 14:08:00+09:00,89044820.1959532
2024-12-10 14:09:00+09:00,89044820.1959532
2024-12-10 14:10:00+09:00,89044820.1959532
2024-12-10 14:11:00+09:00,89044820.1959532
2024-12-10 14:12:00+09:00,89044820.1959532
2024-12-10 14:13:00+09:00,89044820.1959532
2024-12-10 14:14:00+09:00,89044820.1959532
2024-12-10 14:15:00+09:00,89044820.1959532
2024-12-10 14:16:00+09:00,89044820.1959532
2024-12-10 14:17:00+09:00,89044820.1959532
2024-12-10 14:18:00+09:00,89044820.1959532
2024-12-10 14:19:00+09:00,89009202.26787482
2024-12-10 14:20:00+09:00,88844675.09177893
2024-12-10 14:21:00+09:00,88844675.09177893
2024-12-10 14:22:00+09:00,88604794.46903113
2024-12-10 14:23:00+09:00,88604794.46903113
2024-12-10 14:24:00+09:00,88604794.46903113
2024-12-10 14:25:00+09:00,88604794.46903113
2024-12-10 14:26:00+09:00,88604794.46903113
2024-12-10 14:27:00+09:00,88604794.46903113
2024-12-10 14:28:00+09:00,88604794.46903113
2024-12-10 14:29:00+09:00,88604794.46903113
2024-12-10 14:30:00+09:00,88604794.46903113
2024-12-10 14:31:00+09:00,88604794.46903113
2024-12-10 14:32:00+09:00,88604794.46903113
2024-12-10 14:33:00+09:00,88604794.46903113
2024-12-10 14:34:00+09:00,88604794.46903113
2024-12-10 14:35:00+09:00,88604794.46903113
2024-12-10 14:36:00+09:00,88604794.46903113
2024-12-10 14:37:00+09:00,88604794.46903113
2024-12-10 14:38:00+09:00,88604794.46903113
2024-12-10 14:39:00+09:00,88604794.46903113
2024-12-10 14:40:00+09:00,88604794.46903113
2024-12-10 14:41:00+09:00,88604794.46903113
2024-12-10 14:42:00+09:00,88604794.46903113
2024-12-10 14:43:00+09:00,88604794.46903113
2024-12-10 14:44:00+09:00,88604794.46903113
2024-12-10 14:45:00+09:00,88604794.46903113
2024-12-10 14:46:00+09:00,88604794.46903113
2024-12-10 14:47:00+09:00,88604794.46903113
2024-12-10 14:48:00+09:00,88604794.46903113
2024-12-10 14:49:00+09:00,88604794.46903113
2024-12-10 14:50:00+09:00,88604794.46903113
2024-12-10 14:51:00+09:00,88604794.46903113
2024-12-10 14:52:00+09:00,88604794.46903113
2024-12-10 14:53:00+09:00,88604794.46903113
2024-12-10 14:54:00+09:00,88604794.46903113
2024-12-10 14:55:00+09:00,88604794.46903113
2024-12-10 14:56:00+09:00,88604794.46903113
2024-12-10 14:57:00+09:00,88604794.46903113
2024-12-10 14:58:00+09:00,88604794.46903113
2024-12-10 14:59:00+09:00,88604794.46903113
2024-12-10 15:00:00+09:00,88604794.46903113
2024-12-10 15:01:00+09:00,88604794.46903113
2024-12-10 15:02:00+09:00,88604794.46903113
2024-12-10 15:03:00+09:00,88604794.46903113
2024-12-10 15:04:00+09:00,88604794.46903113
2024-12-10 15:05:00+09:00,88604794.46903113
2024-12-10 15:06:00+09:00,88604794.46903113
2024-12-10 15:07:00+09:00,88604794.46903113
2024-12-10 15:08:00+09:00,88604794.46903113
2024-12-10 15:09:00+09:00,88604794.46903113
2024-12-10 15:10:00+09:00,88604794.46903113
2024-12-10 15:11:00+09:00,88604794.46903113
2024-12-10 15:12:00+09:00,88604794.46903113
2024-12-10 15:13:00+09:00,88604794.46903113
2024-12-10 15:14:00+09:00,88604794.46903113
2024-12-10 15:15:00+09:00,88604794.46903113
2024-12-10 15:16:00+09:00,88604794.46903113
2024-12-10 15:17:00+09:00,88604794.46903113
2024-12-10 15:18:00+09:00,88604794.46903113
2024-12-10 15:19:00+09:00,88604794.46903113
2024-12-10 15:30:00+09:00,88604794.46903113
2024-12-10 15:35:00+09:00,88604794.46903113
2024-12-11 09:00:00+09:00,88604794.46903113
2024-12-11 09:01:00+09:00,88604794.46903113
2024-12-11 09:02:00+09:00,88604794.46903113
2024-12-11 09:03:00+09:00,88604794.46903113
2024-12-11 09:04:00+09:00,88604794.46903113
2024-12-11 09:05:00+09:00,88604794.46903113
2024-12-11 09:06:00+09:00,88604794.46903113
2024-12-11 09:07:00+09:00,88604794.46903113
2024-12-11 09:08:00+09:00,88604794.46903113
2024-12-11 09:09:00+09:00,88604794.46903113
2024-12-11 09:10:00+09:00,88604794.46903113
2024-12-11 09:11:00+09:00,88604794.46903113
2024-12-11 09:12:00+09:00,88604794.46903113
2024-12-11 09:13:00+09:00,88604794.46903113
2024-12-11 09:14:00+09:00,88604794.46903113
2024-12-11 09:15:00+09:00,88604794.46903113
2024-12-11 09:16:00+09:00,88604794.46903113
2024-12-11 09:17:00+09:00,88604794.46903113
2024-12-11 09:18:00+09:00,88604794.46903113
2024-12-11 09:19:00+09:00,88604794.46903113
2024-12-11 09:20:00+09:00,88604794.46903113
2024-12-11 09:21:00+09:00,88604794.46903113
2024-12-11 09:22:00+09:00,88604794.46903113
2024-12-11 09:23:00+09:00,88604794.46903113
2024-12-11 09:24:00+09:00,88604794.46903113
2024-12-11 09:25:00+09:00,88604794.46903113
2024-12-11 09:26:00+09:00,88604794.46903113
2024-12-11 09:27:00+09:00,88604794.46903113
2024-12-11 09:28:00+09:00,88604794.46903113
2024-12-11 09:29:00+09:00,88604794.46903113
2024-12-11 09:30:00+09:00,88604794.46903113
2024-12-11 09:31:00+09:00,88604794.46903113
2024-12-11 09:32:00+09:00,88604794.46903113
2024-12-11 09:33:00+09:00,88604794.46903113
2024-12-11 09:34:00+09:00,88604794.46903113
2024-12-11 09:35:00+09:00,88604794.46903113
2024-12-11 09:36:00+09:00,88604794.46903113
2024-12-11 09:37:00+09:00,88604794.46903113
2024-12-11 09:38:00+09:00,88604794.46903113
2024-12-11 09:39:00+09:00,88604794.46903113
2024-12-11 09:40:00+09:00,88604794.46903113
2024-12-11 09:41:00+09:00,88604794.46903113
2024-12-11 09:42:00+09:00,88604794.46903113
2024-12-11 09:43:00+09:00,88569352.55124351
2024-12-11 09:44:00+09:00,88405030.93241003
2024-12-11 09:45:00+09:00,88405030.93241003
2024-12-11 09:46:00+09:00,88569352.5512435
2024-12-11 09:47:00+09:00,88405030.93241002
2024-12-11 09:48:00+09:00,88733674.17007697
2024-12-11 09:49:00+09:00,88569352.55124348
2024-12-11 09:50:00+09:00,88569352.55124348
2024-12-11 09:51:00+09:00,88569352.55124348
2024-12-11 09:52:00+09:00,88569352.55124348
2024-12-11 09:53:00+09:00,88569352.55124348
2024-12-11 09:54:00+09:00,88569352.55124348
2024-12-11 09:55:00+09:00,88569352.55124348
2024-12-11 09:56:00+09:00,88897995.78891045
2024-12-11 09:57:00+09:00,88733674.17007697
2024-12-11 09:58:00+09:00,88733674.17007697
2024-12-11 09:59:00+09:00,89062317.40774393
2024-12-11 10:00:00+09:00,88897995.78891046
2024-12-11 10:01:00+09:00,88733674.17007698
2024-12-11 10:02:00+09:00,88733674.17007698
2024-12-11 10:03:00+09:00,88733674.17007698
2024-12-11 10:04:00+09:00,88897995.78891045
2024-12-11 10:05:00+09:00,89062317.40774393
2024-12-11 10:06:00+09:00,89062317.40774393
2024-12-11 10:07:00+09:00,88897995.78891046
2024-12-11 10:08:00+09:00,88897995.78891046
2024-12-11 10:09:00+09:00,88733674.17007698
2024-12-11 10:10:00+09:00,88733674.17007698
2024-12-11 10:11:00+09:00,88733674.17007698
2024-12-11 10:12:00+09:00,88733674.17007698
2024-12-11 10:13:00+09:00,88733674.17007698
2024-12-11 10:14:00+09:00,88733674.17007698
2024-12-11 10:15:00+09:00,88733674.17007698
2024-12-11 10:16:00+09:00,88733674.17007698
2024-12-11 10:17:00+09:00,88897995.78891045
2024-12-11 10:18:00+09:00,88733674.17007697
2024-12-11 10:19:00+09:00,88733674.17007697
2024-12-11 10:20:00+09:00,88897995.78891043
2024-12-11 10:21:00+09:00,89062317.40774392
2024-12-11 10:22:00+09:00,88897995.78891045
2024-12-11 10:23:00+09:00,88733674.17007697
2024-12-11 10:24:00+09:00,88733674.17007697
2024-12-11 10:25:00+09:00,88733674.17007697
2024-12-11 10:26:00+09:00,88733674.17007697
2024-12-11 10:27:00+09:00,88733674.17007697
2024-12-11 10:28:00+09:00,88733674.17007697
2024-12-11 10:29:00+09:00,88569352.55124348
2024-12-11 10:30:00+09:00,88733674.17007695
2024-12-11 10:31:00+09:00,88494093.24981774
2024-12-11 10:32:00+09:00,88494093.24981774
2024-12-11 10:33:00+09:00,88494093.24981774
2024-12-11 10:34:00+09:00,88494093.24981774
2024-12-11 10:35:00+09:00,88494093.24981774
2024-12-11 10:36:00+09:00,88494093.24981774
2024-12-11 10:37:00+09:00,88494093.24981774
2024-12-11 10:38:00+09:00,88494093.24981774
2024-12-11 10:39:00+09:00,88494093.24981774
2024-12-11 10:40:00+09:00,88494093.24981774
2024-12-11 10:41:00+09:00,88494093.24981774
2024-12-11 10:42:00+09:00,88494093.24981774
2024-12-11 10:43:00+09:00,88494093.24981774
2024-12-11 10:44:00+09:00,88494093.24981774
2024-12-11 10:45:00+09:00,88494093.24981774
2024-12-11 10:46:00+09:00,88494093.24981774
2024-12-11 10:47:00+09:00,88494093.24981774
2024-12-11 10:48:00+09:00,88494093.24981774
2024-12-11 10:49:00+09:00,88494093.24981774
2024-12-11 10:50:00+09:00,88494093.24981774
2024-12-11 10:51:00+09:00,88494093.24981774
2024-12-11 10:52:00+09:00,88494093.24981774
2024-12-11 10:53:00+09:00,88494093.24981774
2024-12-11 10:54:00+09:00,88494093.24981774
2024-12-11 10:55:00+09:00,88494093.24981774
2024-12-11 10:56:00+09:00,88494093.24981774
2024-12-11 10:57:00+09:00,88494093.24981774
2024-12-11 10:58:00+09:00,88494093.24981774
2024-12-11 10:59:00+09:00,88494093.24981774
2024-12-11 11:00:00+09:00,88494093.24981774
2024-12-11 11:01:00+09:00,88494093.24981774
2024-12-11 11:02:00+09:00,88494093.24981774
2024-12-11 11:03:00+09:00,88494093.24981774
2024-12-11 11:04:00+09:00,88494093.24981774
2024-12-11 11:05:00+09:00,88494093.24981774
2024-12-11 11:06:00+09:00,88494093.24981774
2024-12-11 11:07:00+09:00,88494093.24981774
2024-12-11 11:08:00+09:00,88494093.24981774
2024-12-11 11:09:00+09:00,88494093.24981774
2024-12-11 11:10:00+09:00,88494093.24981774
2024-12-11 11:11:00+09:00,88494093.24981774
2024-12-11 11:12:00+09:00,88494093.24981774
2024-12-11 11:13:00+09:00,88494093.24981774
2024-12-11 11:14:00+09:00,88494093.24981774
2024-12-11 11:15:00+09:00,88494093.24981774
2024-12-11 11:16:00+09:00,88494093.24981774
2024-12-11 11:17:00+09:00,88494093.24981774
2024-12-11 11:18:00+09:00,88494093.24981774
2024-12-11 11:19:00+09:00,88494093.24981774
2024-12-11 11:20:00+09:00,88494093.24981774
2024-12-11 11:21:00+09:00,88494093.24981774
2024-12-11 11:22:00+09:00,88494093.24981774
2024-12-11 11:23:00+09:00,88494093.24981774
2024-12-11 11:24:00+09:00,88494093.24981774
2024-12-11 11:25:00+09:00,88494093.24981774
2024-12-11 11:26:00+09:00,88494093.24981774
2024-12-11 11:27:00+09:00,88494093.24981774
2024-12-11 11:28:00+09:00,88494093.24981774
2024-12-11 11:29:00+09:00,88494093.24981774
2024-12-11 11:30:00+09:00,88494093.24981774
2024-12-11 11:31:00+09:00,88494093.24981774
2024-12-11 11:32:00+09:00,88494093.24981774
2024-12-11 11:33:00+09:00,88494093.24981774
2024-12-11 11:34:00+09:00,88494093.24981774
2024-12-11 11:35:00+09:00,88494093.24981774
2024-12-11 11:36:00+09:00,88494093.24981774
2024-12-11 11:37:00+09:00,88494093.24981774
2024-12-11 11:38:00+09:00,88494093.24981774
2024-12-11 11:39:00+09:00,88494093.24981774
2024-12-11 11:40:00+09:00,88494093.24981774
2024-12-11 11:41:00+09:00,88494093.24981774
2024-12-11 11:42:00+09:00,88494093.24981774
2024-12-11 11:43:00+09:00,88494093.24981774
2024-12-11 11:44:00+09:00,88494093.24981774
2024-12-11 11:45:00+09:00,88494093.24981774
2024-12-11 11:46:00+09:00,88494093.24981774
2024-12-11 11:47:00+09:00,88494093.24981774
2024-12-11 11:48:00+09:00,88494093.24981774
2024-12-11 11:49:00+09:00,88494093.24981774
2024-12-11 11:50:00+09:00,88494093.24981774
2024-12-11 11:51:00+09:00,88494093.24981774
2024-12-11 11:52:00+09:00,88494093.24981774
2024-12-11 11:53:00+09:00,88494093.24981774
2024-12-11 11:54:00+09:00,88494093.24981774
2024-12-11 11:55:00+09:00,88494093.24981774
2024-12-11 11:56:00+09:00,88494093.24981774
2024-12-11 11:57:00+09:00,88494093.24981774
2024-12-11 11:58:00+09:00,88494093.24981774
2024-12-11 11:59:00+09:00,88494093.24981774
2024-12-11 12:00:00+09:00,88494093.24981774
2024-12-11 12:01:00+09:00,88494093.24981774
2024-12-11 12:02:00+09:00,88494093.24981774
2024-12-11 12:03:00+09:00,88458695.61251782
2024-12-11 12:04:00+09:00,88458695.61251782
2024-12-11 12:05:00+09:00,88458695.61251782
2024-12-11 12:06:00+09:00,88623116.97982733
2024-12-11 12:07:00+09:00,88623116.97982733
2024-12-11 12:08:00+09:00,88458695.61251782
2024-12-11 12:09:00+09:00,88623116.97982733
2024-12-11 12:10:00+09:00,88623116.97982733
2024-12-11 12:11:00+09:00,88458695.61251782
2024-12-11 12:12:00+09:00,88623116.97982733
2024-12-11 12:13:00+09:00,88458695.61251782
2024-12-11 12:14:00+09:00,88458695.61251782
2024-12-11 12:15:00+09:00,88623116.97982733
2024-12-11 12:16:00+09:00,88623116.97982733
2024-12-11 12:17:00+09:00,88787538.34713684
2024-12-11 12:18:00+09:00,88787538.34713684
2024-12-11 12:19:00+09:00,88787538.34713684
2024-12-11 12:20:00+09:00,88787538.34713684
2024-12-11 12:21:00+09:00,88623116.97982733
2024-12-11 12:22:00+09:00,88623116.97982733
2024-12-11 12:23:00+09:00,88787538.34713684
2024-12-11 12:24:00+09:00,88787538.34713684
2024-12-11 12:25:00+09:00,88623116.97982733
2024-12-11 12:26:00+09:00,88787538.34713684
2024-12-11 12:27:00+09:00,88787538.34713684
2024-12-11 12:28:00+09:00,88787538.34713684
2024-12-11 12:29:00+09:00,88787538.34713684
2024-12-11 12:30:00+09:00,88787538.34713684
2024-12-11 12:31:00+09:00,88787538.34713684
2024-12-11 12:32:00+09:00,88623116.97982733
2024-12-11 12:33:00+09:00,88623116.97982733
2024-12-11 12:34:00+09:00,88623116.97982733
2024-12-11 12:35:00+09:00,88458695.61251782
2024-12-11 12:36:00+09:00,88623116.97982733
2024-12-11 12:37:00+09:00,88383834.56398179
2024-12-11 12:38:00+09:00,88383834.56398179
2024-12-11 12:39:00+09:00,88383834.56398179
2024-12-11 12:40:00+09:00,88383834.56398179
2024-12-11 12:41:00+09:00,88383834.56398179
2024-12-11 12:42:00+09:00,88383834.56398179
2024-12-11 12:43:00+09:00,88383834.56398179
2024-12-11 12:44:00+09:00,88383834.56398179
2024-12-11 12:45:00+09:00,88383834.56398179
2024-12-11 12:46:00+09:00,88383834.56398179
2024-12-11 12:47:00+09:00,88383834.56398179
2024-12-11 12:48:00+09:00,88348481.0301562
2024-12-11 12:49:00+09:00,88512392.86880212
2024-12-11 12:50:00+09:00,88348481.03015618
2024-12-11 12:51:00+09:00,88348481.03015618
2024-12-11 12:52:00+09:00,88273409.40805633
2024-12-11 12:53:00+09:00,88273409.40805633
2024-12-11 12:54:00+09:00,88273409.40805633
2024-12-11 12:55:00+09:00,88273409.40805633
2024-12-11 12:56:00+09:00,88273409.40805633
2024-12-11 12:57:00+09:00,88273409.40805633
2024-12-11 12:58:00+09:00,88273409.40805633
2024-12-11 12:59:00+09:00,88273409.40805633
2024-12-11 13:00:00+09:00,88273409.40805633
2024-12-11 13:01:00+09:00,88273409.40805633
2024-12-11 13:02:00+09:00,88273409.40805633
2024-12-11 13:03:00+09:00,88273409.40805633
2024-12-11 13:04:00+09:00,88238100.04429312
2024-12-11 13:05:00+09:00,88401807.09446806
2024-12-11 13:06:00+09:00,87999857.17417352
2024-12-11 13:07:00+09:00,87999857.17417352
2024-12-11 13:08:00+09:00,87999857.17417352
2024-12-11 13:09:00+09:00,87999857.17417352
2024-12-11 13:10:00+09:00,87999857.17417352
2024-12-11 13:11:00+09:00,87999857.17417352
2024-12-11 13:12:00+09:00,87999857.17417352
2024-12-11 13:13:00+09:00,87999857.17417352
2024-12-11 13:14:00+09:00,87999857.17417352
2024-12-11 13:15:00+09:00,87999857.17417352
2024-12-11 13:16:00+09:00,87999857.17417352
2024-12-11 13:17:00+09:00,87999857.17417352
2024-12-11 13:18:00+09:00,87999857.17417352
2024-12-11 13:19:00+09:00,87964657.23130386
2024-12-11 13:20:00+09:00,87727152.65677933
2024-12-11 13:21:00+09:00,87727152.65677933
2024-12-11 13:22:00+09:00,87727152.65677933
2024-12-11 13:23:00+09:00,87727152.65677933
2024-12-11 13:24:00+09:00,87727152.65677933
2024-12-11 13:25:00+09:00,87727152.65677933
2024-12-11 13:26:00+09:00,87727152.65677933
2024-12-11 13:27:00+09:00,87727152.65677933
2024-12-11 13:28:00+09:00,87727152.65677933
2024-12-11 13:29:00+09:00,87727152.65677933
2024-12-11 13:30:00+09:00,87727152.65677933
2024-12-11 13:31:00+09:00,87692061.79571663
2024-12-11 13:32:00+09:00,87617547.9472891
2024-12-11 13:33:00+09:00,87617547.9472891
2024-12-11 13:34:00+09:00,87617547.9472891
2024-12-11 13:35:00+09:00,87617547.9472891
2024-12-11 13:36:00+09:00,87617547.9472891
2024-12-11 13:37:00+09:00,87617547.9472891
2024-12-11 13:38:00+09:00,87617547.9472891
2024-12-11 13:39:00+09:00,87617547.9472891
2024-12-11 13:40:00+09:00,87617547.9472891
2024-12-11 13:41:00+09:00,87617547.9472891
2024-12-11 13:42:00+09:00,87617547.9472891
2024-12-11 13:43:00+09:00,87617547.9472891
2024-12-11 13:44:00+09:00,87617547.9472891
2024-12-11 13:45:00+09:00,87617547.9472891
2024-12-11 13:46:00+09:00,87617547.9472891
2024-12-11 13:47:00+09:00,87617547.9472891
2024-12-11 13:48:00+09:00,87617547.9472891
2024-12-11 13:49:00+09:00,87617547.9472891
2024-12-11 13:50:00+09:00,87617547.9472891
2024-12-11 13:51:00+09:00,87617547.9472891
2024-12-11 13:52:00+09:00,87617547.9472891
2024-12-11 13:53:00+09:00,87617547.9472891
2024-12-11 13:54:00+09:00,87617547.9472891
2024-12-11 13:55:00+09:00,87582500.92811018
2024-12-11 13:56:00+09:00,87582500.92811018
2024-12-11 13:57:00+09:00,87744690.74464372
2024-12-11 13:58:00+09:00,87744690.74464372
2024-12-11 13:59:00+09:00,87744690.74464372
2024-12-11 14:00:00+09:00,87582500.92811018
2024-12-11 14:01:00+09:00,87582500.92811018
2024-12-11 14:02:00+09:00,87420311.11157665
2024-12-11 14:03:00+09:00,87582500.92811018
2024-12-11 14:04:00+09:00,87022524.3675465
2024-12-11 14:05:00+09:00,87022524.3675465
2024-12-11 14:06:00+09:00,87022524.3675465
2024-12-11 14:07:00+09:00,87022524.3675465
2024-12-11 14:08:00+09:00,87022524.3675465
2024-12-11 14:09:00+09:00,87022524.3675465
2024-12-11 14:10:00+09:00,87022524.3675465
2024-12-11 14:11:00+09:00,87022524.3675465
2024-12-11 14:12:00+09:00,87022524.3675465
2024-12-11 14:13:00+09:00,87022524.3675465
2024-12-11 14:14:00+09:00,87022524.3675465
2024-12-11 14:15:00+09:00,87022524.3675465
2024-12-11 14:16:00+09:00,87022524.3675465
2024-12-11 14:17:00+09:00,87022524.3675465
2024-12-11 14:18:00+09:00,87022524.3675465
2024-12-11 14:19:00+09:00,87022524.3675465
2024-12-11 14:20:00+09:00,87022524.3675465
2024-12-11 14:21:00+09:00,87022524.3675465
2024-12-11 14:22:00+09:00,87022524.3675465
2024-12-11 14:23:00+09:00,87022524.3675465
2024-12-11 14:24:00+09:00,87022524.3675465
2024-12-11 14:25:00+09:00,87022524.3675465
2024-12-11 14:26:00+09:00,87022524.3675465
2024-12-11 14:27:00+09:00,87022524.3675465
2024-12-11 14:28:00+09:00,87022524.3675465
2024-12-11 14:29:00+09:00,87022524.3675465
2024-12-11 14:30:00+09:00,87022524.3675465
2024-12-11 14:31:00+09:00,87022524.3675465
2024-12-11 14:32:00+09:00,87022524.3675465
2024-12-11 14:33:00+09:00,87022524.3675465
2024-12-11 14:34:00+09:00,87022524.3675465
2024-12-11 14:35:00+09:00,87022524.3675465
2024-12-11 14:36:00+09:00,87022524.3675465
2024-12-11 14:37:00+09:00,87022524.3675465
2024-12-11 14:38:00+09:00,87022524.3675465
2024-12-11 14:39:00+09:00,87022524.3675465
2024-12-11 14:40:00+09:00,87022524.3675465
2024-12-11 14:41:00+09:00,87022524.3675465
2024-12-11 14:42:00+09:00,87022524.3675465
2024-12-11 14:43:00+09:00,87022524.3675465
2024-12-11 14:44:00+09:00,87022524.3675465
2024-12-11 14:45:00+09:00,87022524.3675465
2024-12-11 14:46:00+09:00,87022524.3675465
2024-12-11 14:47:00+09:00,87022524.3675465
2024-12-11 14:48:00+09:00,87022524.3675465
2024-12-11 14:49:00+09:00,87022524.3675465
2024-12-11 14:50:00+09:00,87022524.3675465
2024-12-11 14:51:00+09:00,87022524.3675465
2024-12-11 14:52:00+09:00,87022524.3675465
2024-12-11 14:53:00+09:00,87022524.3675465
2024-12-11 14:54:00+09:00,87022524.3675465
2024-12-11 14:55:00+09:00,87022524.3675465
2024-12-11 14:56:00+09:00,87022524.3675465
2024-12-11 14:57:00+09:00,87022524.3675465
2024-12-11 14:58:00+09:00,87022524.3675465
2024-12-11 14:59:00+09:00,87022524.3675465
2024-12-11 15:00:00+09:00,87022524.3675465
2024-12-11 15:01:00+09:00,86987715.35779949
2024-12-11 15:02:00+09:00,86592195.10313651
2024-12-11 15:03:00+09:00,86592195.10313651
2024-12-11 15:04:00+09:00,86592195.10313651
2024-12-11 15:05:00+09:00,86592195.10313651
2024-12-11 15:06:00+09:00,86592195.10313651
2024-12-11 15:07:00+09:00,86592195.10313651
2024-12-11 15:08:00+09:00,86592195.10313651
2024-12-11 15:09:00+09:00,86592195.10313651
2024-12-11 15:10:00+09:00,86592195.10313651
2024-12-11 15:11:00+09:00,86592195.10313651
2024-12-11 15:12:00+09:00,86592195.10313651
2024-12-11 15:13:00+09:00,86592195.10313651
2024-12-11 15:14:00+09:00,86557558.22509526
2024-12-11 15:15:00+09:00,86323852.8178875
2024-12-11 15:16:00+09:00,86323852.8178875
2024-12-11 15:17:00+09:00,86323852.8178875
2024-12-11 15:18:00+09:00,86323852.8178875
2024-12-11 15:19:00+09:00,86323852.8178875
2024-12-11 15:30:00+09:00,86323852.8178875
2024-12-11 15:35:00+09:00,86323852.8178875
2024-12-12 09:00:00+09:00,86323852.8178875
2024-12-12 09:01:00+09:00,86323852.8178875
2024-12-12 09:02:00+09:00,86323852.8178875
2024-12-12 09:03:00+09:00,86323852.8178875
2024-12-12 09:04:00+09:00,86289323.27676035
2024-12-12 09:05:00+09:00,86130117.8832608
2024-12-12 09:06:00+09:00,86289323.27676035
2024-12-12 09:07:00+09:00,86448528.67025992
2024-12-12 09:08:00+09:00,86448528.67025992
2024-12-12 09:09:00+09:00,86607734.06375949
2024-12-12 09:10:00+09:00,86448528.67025994
2024-12-12 09:11:00+09:00,86607734.0637595
2024-12-12 09:12:00+09:00,86766939.45725907
2024-12-12 09:13:00+09:00,86766939.45725907
2024-12-12 09:14:00+09:00,86607734.06375952
2024-12-12 09:15:00+09:00,86607734.06375952
2024-12-12 09:16:00+09:00,86766939.45725909
2024-12-12 09:17:00+09:00,86766939.45725909
2024-12-12 09:18:00+09:00,86607734.06375954
2024-12-12 09:19:00+09:00,86607734.06375954
2024-12-12 09:20:00+09:00,86766939.4572591
2024-12-12 09:21:00+09:00,86607734.06375955
2024-12-12 09:22:00+09:00,86448528.67026
2024-12-12 09:23:00+09:00,86607734.06375957
2024-12-12 09:24:00+09:00,86448528.67026001
2024-12-12 09:25:00+09:00,86607734.06375958
2024-12-12 09:26:00+09:00,86766939.45725915
2024-12-12 09:27:00+09:00,86766939.45725915
2024-12-12 09:28:00+09:00,86607734.0637596
2024-12-12 09:29:00+09:00,86766939.45725916
2024-12-12 09:30:00+09:00,86766939.45725916
2024-12-12 09:31:00+09:00,86766939.45725916
2024-12-12 09:32:00+09:00,86607734.06375961
2024-12-12 09:33:00+09:00,86766939.45725918
2024-12-12 09:34:00+09:00,86766939.45725918
2024-12-12 09:35:00+09:00,86766939.45725918
2024-12-12 09:36:00+09:00,86607734.06375962
2024-12-12 09:37:00+09:00,86607734.06375962
2024-12-12 09:38:00+09:00,86766939.4572592
2024-12-12 09:39:00+09:00,86766939.4572592
2024-12-12 09:40:00+09:00,86766939.4572592
2024-12-12 09:41:00+09:00,86607734.06375964
2024-12-12 09:42:00+09:00,86607734.06375964
2024-12-12 09:43:00+09:00,86607734.06375964
2024-12-12 09:44:00+09:00,86448528.67026009
2024-12-12 09:45:00+09:00,86607734.06375965
2024-12-12 09:46:00+09:00,86448528.6702601
2024-12-12 09:47:00+09:00,86607734.06375967
2024-12-12 09:48:00+09:00,86448528.67026012
2024-12-12 09:49:00+09:00,86448528.67026012
2024-12-12 09:50:00+09:00,86607734.06375968
2024-12-12 09:51:00+09:00,86056342.1039133
2024-12-12 09:52:00+09:00,86056342.1039133
2024-12-12 09:53:00+09:00,86056342.1039133
2024-12-12 09:54:00+09:00,86056342.1039133
2024-12-12 09:55:00+09:00,86056342.1039133
2024-12-12 09:56:00+09:00,86056342.1039133
2024-12-12 09:57:00+09:00,86056342.1039133
2024-12-12 09:58:00+09:00,86056342.1039133
2024-12-12 09:59:00+09:00,86056342.1039133
2024-12-12 10:00:00+09:00,86056342.1039133
2024-12-12 10:01:00+09:00,86056342.1039133
2024-12-12 10:02:00+09:00,86056342.1039133
2024-12-12 10:03:00+09:00,86056342.1039133
2024-12-12 10:04:00+09:00,86056342.1039133
2024-12-12 10:05:00+09:00,86056342.1039133
2024-12-12 10:06:00+09:00,86056342.1039133
2024-12-12 10:07:00+09:00,86056342.1039133
2024-12-12 10:08:00+09:00,86056342.1039133
2024-12-12 10:09:00+09:00,86056342.1039133
2024-12-12 10:10:00+09:00,86056342.1039133
2024-12-12 10:11:00+09:00,86056342.1039133
2024-12-12 10:12:00+09:00,86056342.1039133
2024-12-12 10:13:00+09:00,86056342.1039133
2024-12-12 10:14:00+09:00,86056342.1039133
2024-12-12 10:15:00+09:00,86056342.1039133
2024-12-12 10:16:00+09:00,86056342.1039133
2024-12-12 10:17:00+09:00,86056342.1039133
2024-12-12 10:18:00+09:00,86056342.1039133
2024-12-12 10:19:00+09:00,86056342.1039133
2024-12-12 10:20:00+09:00,86056342.1039133
2024-12-12 10:21:00+09:00,86056342.1039133
2024-12-12 10:22:00+09:00,86056342.1039133
2024-12-12 10:23:00+09:00,86056342.1039133
2024-12-12 10:24:00+09:00,86056342.1039133
2024-12-12 10:25:00+09:00,86056342.1039133
2024-12-12 10:26:00+09:00,86056342.1039133
2024-12-12 10:27:00+09:00,86056342.1039133
2024-12-12 10:28:00+09:00,86056342.1039133
2024-12-12 10:29:00+09:00,86056342.1039133
2024-12-12 10:30:00+09:00,86056342.1039133
2024-12-12 10:31:00+09:00,86056342.1039133
2024-12-12 10:32:00+09:00,86056342.1039133
2024-12-12 10:33:00+09:00,86056342.1039133
2024-12-12 10:34:00+09:00,86056342.1039133
2024-12-12 10:35:00+09:00,86056342.1039133
2024-12-12 10:36:00+09:00,86056342.1039133
2024-12-12 10:37:00+09:00,86056342.1039133
2024-12-12 10:38:00+09:00,86056342.1039133
2024-12-12 10:39:00+09:00,86056342.1039133
2024-12-12 10:40:00+09:00,86056342.1039133
2024-12-12 10:41:00+09:00,86056342.1039133
2024-12-12 10:42:00+09:00,86056342.1039133
2024-12-12 10:43:00+09:00,86056342.1039133
2024-12-12 10:44:00+09:00,86056342.1039133
2024-12-12 10:45:00+09:00,86021919.56707175
2024-12-12 10:46:00+09:00,86180339.30844758
2024-12-12 10:47:00+09:00,86180339.30844758
2024-12-12 10:48:00+09:00,86021919.56707177
2024-12-12 10:49:00+09:00,86180339.3084476
2024-12-12 10:50:00+09:00,86180339.3084476
2024-12-12 10:51:00+09:00,86021919.56707178
2024-12-12 10:52:00+09:00,86021919.56707178
2024-12-12 10:53:00+09:00,86180339.30844761
2024-12-12 10:54:00+09:00,86180339.30844761
2024-12-12 10:55:00+09:00,86021919.5670718
2024-12-12 10:56:00+09:00,86180339.30844763
2024-12-12 10:57:00+09:00,86180339.30844763
2024-12-12 10:58:00+09:00,86180339.30844763
2024-12-12 10:59:00+09:00,86180339.30844763
2024-12-12 11:00:00+09:00,86021919.56707181
2024-12-12 11:01:00+09:00,86180339.30844764
2024-12-12 11:02:00+09:00,86021919.56707183
2024-12-12 11:03:00+09:00,86021919.56707183
2024-12-12 11:04:00+09:00,86180339.30844766
2024-12-12 11:05:00+09:00,86180339.30844766
2024-12-12 11:06:00+09:00,86180339.30844766
2024-12-12 11:07:00+09:00,86180339.30844766
2024-12-12 11:08:00+09:00,86180339.30844766
2024-12-12 11:09:00+09:00,86180339.30844766
2024-12-12 11:10:00+09:00,85863499.82569602
2024-12-12 11:11:00+09:00,85863499.82569602
2024-12-12 11:12:00+09:00,85789660.38424076
2024-12-12 11:13:00+09:00,85789660.38424076
2024-12-12 11:14:00+09:00,85789660.38424076
2024-12-12 11:15:00+09:00,85789660.38424076
2024-12-12 11:16:00+09:00,85789660.38424076
2024-12-12 11:17:00+09:00,85789660.38424076
2024-12-12 11:18:00+09:00,85789660.38424076
2024-12-12 11:19:00+09:00,85789660.38424076
2024-12-12 11:20:00+09:00,85789660.38424076
2024-12-12 11:21:00+09:00,85789660.38424076
2024-12-12 11:22:00+09:00,85789660.38424076
2024-12-12 11:23:00+09:00,85789660.38424076
2024-12-12 11:24:00+09:00,85789660.38424076
2024-12-12 11:25:00+09:00,85789660.38424076
2024-12-12 11:26:00+09:00,85789660.38424076
2024-12-12 11:27:00+09:00,85789660.38424076
2024-12-12 11:28:00+09:00,85789660.38424076
2024-12-12 11:29:00+09:00,85789660.38424076
2024-12-12 11:30:00+09:00,85789660.38424076
2024-12-12 11:31:00+09:00,85789660.38424076
2024-12-12 11:32:00+09:00,85789660.38424076
2024-12-12 11:33:00+09:00,85789660.38424076
2024-12-12 11:34:00+09:00,85789660.38424076
2024-12-12 11:35:00+09:00,85789660.38424076
2024-12-12 11:36:00+09:00,85789660.38424076
2024-12-12 11:37:00+09:00,85789660.38424076
2024-12-12 11:38:00+09:00,85789660.38424076
2024-12-12 11:39:00+09:00,85789660.38424076
2024-12-12 11:40:00+09:00,85789660.38424076
2024-12-12 11:41:00+09:00,85789660.38424076
2024-12-12 11:42:00+09:00,85789660.38424076
2024-12-12 11:43:00+09:00,85755344.52008706
2024-12-12 11:44:00+09:00,85755344.52008706
2024-12-12 11:45:00+09:00,85597706.01913102
2024-12-12 11:46:00+09:00,85597706.01913102
2024-12-12 11:47:00+09:00,85366592.21287936
2024-12-12 11:48:00+09:00,85366592.21287936
2024-12-12 11:49:00+09:00,85366592.21287936
2024-12-12 11:50:00+09:00,85366592.21287936
2024-12-12 11:51:00+09:00,85366592.21287936
2024-12-12 11:52:00+09:00,85366592.21287936
2024-12-12 11:53:00+09:00,85366592.21287936
2024-12-12 11:54:00+09:00,85366592.21287936
2024-12-12 11:55:00+09:00,85366592.21287936
2024-12-12 11:56:00+09:00,85366592.21287936
2024-12-12 11:57:00+09:00,85366592.21287936
2024-12-12 11:58:00+09:00,85366592.21287936
2024-12-12 11:59:00+09:00,85366592.21287936
2024-12-12 12:00:00+09:00,85366592.21287936
2024-12-12 12:01:00+09:00,85366592.21287936
2024-12-12 12:02:00+09:00,85366592.21287936
2024-12-12 12:03:00+09:00,85366592.21287936
2024-12-12 12:04:00+09:00,85366592.21287936
2024-12-12 12:05:00+09:00,85366592.21287936
2024-12-12 12:06:00+09:00,85366592.21287936
2024-12-12 12:07:00+09:00,85366592.21287936
2024-12-12 12:08:00+09:00,85366592.21287936
2024-12-12 12:09:00+09:00,85366592.21287936
2024-12-12 12:10:00+09:00,85366592.21287936
2024-12-12 12:11:00+09:00,85366592.21287936
2024-12-12 12:12:00+09:00,85366592.21287936
2024-12-12 12:13:00+09:00,85366592.21287936
2024-12-12 12:14:00+09:00,85366592.21287936
2024-12-12 12:15:00+09:00,85366592.21287936
2024-12-12 12:16:00+09:00,85332445.57599421
2024-12-12 12:17:00+09:00,85102047.97293901
2024-12-12 12:18:00+09:00,85102047.97293901
2024-12-12 12:19:00+09:00,85102047.97293901
2024-12-12 12:20:00+09:00,85102047.97293901
2024-12-12 12:21:00+09:00,85102047.97293901
2024-12-12 12:22:00+09:00,85102047.97293901
2024-12-12 12:23:00+09:00,85102047.97293901
2024-12-12 12:24:00+09:00,85102047.97293901
2024-12-12 12:25:00+09:00,85102047.97293901
2024-12-12 12:26:00+09:00,85102047.97293901
2024-12-12 12:27:00+09:00,85102047.97293901
2024-12-12 12:28:00+09:00,85068007.15374984
2024-12-12 12:29:00+09:00,85224095.24027048
2024-12-12 12:30:00+09:00,85068007.15374984
2024-12-12 12:31:00+09:00,85224095.24027048
2024-12-12 12:32:00+09:00,85068007.15374984
2024-12-12 12:33:00+09:00,85068007.15374984
2024-12-12 12:34:00+09:00,85224095.24027048
2024-12-12 12:35:00+09:00,85224095.24027048
2024-12-12 12:36:00+09:00,85068007.15374984
2024-12-12 12:37:00+09:00,85224095.24027048
2024-12-12 12:38:00+09:00,85068007.15374984
2024-12-12 12:39:00+09:00,85068007.15374984
2024-12-12 12:40:00+09:00,85068007.15374984
2024-12-12 12:41:00+09:00,85224095.24027048
2024-12-12 12:42:00+09:00,85380183.32679112
2024-12-12 12:43:00+09:00,85224095.24027048
2024-12-12 12:44:00+09:00,85224095.24027048
2024-12-12 12:45:00+09:00,85224095.24027048
2024-12-12 12:46:00+09:00,85224095.24027048
2024-12-12 12:47:00+09:00,85380183.32679112
2024-12-12 12:48:00+09:00,85224095.24027048
2024-12-12 12:49:00+09:00,85224095.24027048
2024-12-12 12:50:00+09:00,85380183.32679112
2024-12-12 12:51:00+09:00,85380183.32679112
2024-12-12 12:52:00+09:00,85380183.32679112
2024-12-12 12:53:00+09:00,85380183.32679112
2024-12-12 12:54:00+09:00,85380183.32679112
2024-12-12 12:55:00+09:00,85380183.32679112
2024-12-12 12:56:00+09:00,85536271.41331176
2024-12-12 12:57:00+09:00,85536271.41331176
2024-12-12 12:58:00+09:00,85380183.32679112
2024-12-12 12:59:00+09:00,85380183.32679112
2024-12-12 13:00:00+09:00,85380183.32679112
2024-12-12 13:01:00+09:00,85536271.41331176
2024-12-12 13:02:00+09:00,85380183.32679112
2024-12-12 13:03:00+09:00,85380183.32679112
2024-12-12 13:04:00+09:00,85224095.24027048
2024-12-12 13:05:00+09:00,85224095.24027048
2024-12-12 13:06:00+09:00,85224095.24027048
2024-12-12 13:07:00+09:00,85380183.32679112
2024-12-12 13:08:00+09:00,85380183.32679112
2024-12-12 13:09:00+09:00,85380183.32679112
2024-12-12 13:10:00+09:00,85536271.41331176
2024-12-12 13:11:00+09:00,85536271.41331176
2024-12-12 13:12:00+09:00,85536271.41331176
2024-12-12 13:13:00+09:00,85536271.41331176
2024-12-12 13:14:00+09:00,85692359.4998324
2024-12-12 13:15:00+09:00,85692359.4998324
2024-12-12 13:16:00+09:00,85692359.4998324
2024-12-12 13:17:00+09:00,85692359.4998324
2024-12-12 13:18:00+09:00,85692359.4998324
2024-12-12 13:19:00+09:00,85692359.4998324
2024-12-12 13:20:00+09:00,85848447.58635305
2024-12-12 13:21:00+09:00,85848447.58635305
2024-12-12 13:22:00+09:00,85692359.4998324
2024-12-12 13:23:00+09:00,85848447.58635305
2024-12-12 13:24:00+09:00,85848447.58635305
2024-12-12 13:25:00+09:00,85692359.4998324
2024-12-12 13:26:00+09:00,85692359.4998324
2024-12-12 13:27:00+09:00,85848447.58635305
2024-12-12 13:28:00+09:00,85848447.58635305
2024-12-12 13:29:00+09:00,85692359.4998324
2024-12-12 13:30:00+09:00,85692359.4998324
2024-12-12 13:31:00+09:00,85848447.58635305
2024-12-12 13:32:00+09:00,85692359.4998324
2024-12-12 13:33:00+09:00,85692359.4998324
2024-12-12 13:34:00+09:00,85848447.58635305
2024-12-12 13:35:00+09:00,85692359.4998324
2024-12-12 13:36:00+09:00,85848447.58635305
2024-12-12 13:37:00+09:00,86160623.75939433
2024-12-12 13:38:00+09:00,86004535.67287369
2024-12-12 13:39:00+09:00,86160623.75939432
2024-12-12 13:40:00+09:00,86160623.75939432
2024-12-12 13:41:00+09:00,86316711.84591495
2024-12-12 13:42:00+09:00,86316711.84591495
2024-12-12 13:43:00+09:00,86472799.93243559
2024-12-12 13:44:00+09:00,86628888.01895623
2024-12-12 13:45:00+09:00,86628888.01895623
2024-12-12 13:46:00+09:00,86784976.10547687
2024-12-12 13:47:00+09:00,86784976.10547687
2024-12-12 13:48:00+09:00,86784976.10547687
2024-12-12 13:49:00+09:00,86784976.10547687
2024-12-12 13:50:00+09:00,86472799.93243559
2024-12-12 13:51:00+09:00,86784976.10547687
2024-12-12 13:52:00+09:00,86784976.10547687
2024-12-12 13:53:00+09:00,86941064.19199751
2024-12-12 13:54:00+09:00,86784976.10547687
2024-12-12 13:55:00+09:00,86784976.10547687
2024-12-12 13:56:00+09:00,86941064.19199751
2024-12-12 13:57:00+09:00,87097152.27851816
2024-12-12 13:58:00+09:00,86941064.19199751
2024-12-12 13:59:00+09:00,86941064.19199751
2024-12-12 14:00:00+09:00,86941064.19199751
2024-12-12 14:01:00+09:00,87253240.3650388
2024-12-12 14:02:00+09:00,87253240.3650388
2024-12-12 14:03:00+09:00,87253240.3650388
2024-12-12 14:04:00+09:00,87253240.3650388
2024-12-12 14:05:00+09:00,87253240.3650388
2024-12-12 14:06:00+09:00,87253240.3650388
2024-12-12 14:07:00+09:00,87253240.3650388
2024-12-12 14:08:00+09:00,87253240.3650388
2024-12-12 14:09:00+09:00,87253240.3650388
2024-12-12 14:10:00+09:00,87253240.3650388
2024-12-12 14:11:00+09:00,87409328.45155942
2024-12-12 14:12:00+09:00,87409328.45155942
2024-12-12 14:13:00+09:00,87565416.53808007
2024-12-12 14:14:00+09:00,87565416.53808007
2024-12-12 14:15:00+09:00,87253240.36503878
2024-12-12 14:16:00+09:00,87409328.45155941
2024-12-12 14:17:00+09:00,87565416.53808005
2024-12-12 14:18:00+09:00,87409328.45155941
2024-12-12 14:19:00+09:00,87565416.53808005
2024-12-12 14:20:00+09:00,87721504.6246007
2024-12-12 14:21:00+09:00,87877592.71112134
2024-12-12 14:22:00+09:00,87877592.71112134
2024-12-12 14:23:00+09:00,88033680.79764198
2024-12-12 14:24:00+09:00,88033680.79764198
2024-12-12 14:25:00+09:00,88189768.88416262
2024-12-12 14:26:00+09:00,88033680.79764198
2024-12-12 14:27:00+09:00,87877592.71112134
2024-12-12 14:28:00+09:00,87877592.71112134
2024-12-12 14:29:00+09:00,87721504.6246007
2024-12-12 14:30:00+09:00,87877592.71112134
2024-12-12 14:31:00+09:00,88033680.79764198
2024-12-12 14:32:00+09:00,88033680.79764198
2024-12-12 14:33:00+09:00,88189768.88416262
2024-12-12 14:34:00+09:00,88033680.79764198
2024-12-12 14:35:00+09:00,88189768.88416262
2024-12-12 14:36:00+09:00,88189768.88416262
2024-12-12 14:37:00+09:00,87877592.71112134
2024-12-12 14:38:00+09:00,87721504.6246007
2024-12-12 14:39:00+09:00,87877592.71112134
2024-12-12 14:40:00+09:00,87721504.6246007
2024-12-12 14:41:00+09:00,87877592.71112134
2024-12-12 14:42:00+09:00,87721504.6246007
2024-12-12 14:43:00+09:00,87565416.53808005
2024-12-12 14:44:00+09:00,87877592.71112134
2024-12-12 14:45:00+09:00,87877592.71112134
2024-12-12 14:46:00+09:00,87877592.71112134
2024-12-12 14:47:00+09:00,87877592.71112134
2024-12-12 14:48:00+09:00,87877592.71112134
2024-12-12 14:49:00+09:00,87721504.6246007
2024-12-12 14:50:00+09:00,87721504.6246007
2024-12-12 14:51:00+09:00,87721504.6246007
2024-12-12 14:52:00+09:00,87721504.6246007
2024-12-12 14:53:00+09:00,87721504.6246007
2024-12-12 14:54:00+09:00,87565416.53808005
2024-12-12 14:55:00+09:00,87721504.6246007
2024-12-12 14:56:00+09:00,87328989.91342723
2024-12-12 14:57:00+09:00,87328989.91342723
2024-12-12 14:58:00+09:00,87328989.91342723
2024-12-12 14:59:00+09:00,87328989.91342723
2024-12-12 15:00:00+09:00,87328989.91342723
2024-12-12 15:01:00+09:00,87328989.91342723
2024-12-12 15:02:00+09:00,87328989.91342723
2024-12-12 15:03:00+09:00,87328989.91342723
2024-12-12 15:04:00+09:00,87328989.91342723
2024-12-12 15:05:00+09:00,87328989.91342723
2024-12-12 15:06:00+09:00,87328989.91342723
2024-12-12 15:07:00+09:00,87328989.91342723
2024-12-12 15:08:00+09:00,87328989.91342723
2024-12-12 15:09:00+09:00,87328989.91342723
2024-12-12 15:10:00+09:00,87328989.91342723
2024-12-12 15:11:00+09:00,87328989.91342723
2024-12-12 15:12:00+09:00,87328989.91342723
2024-12-12 15:13:00+09:00,87328989.91342723
2024-12-12 15:14:00+09:00,87328989.91342723
2024-12-12 15:15:00+09:00,87328989.91342723
2024-12-12 15:16:00+09:00,87328989.91342723
2024-12-12 15:17:00+09:00,87328989.91342723
2024-12-12 15:18:00+09:00,87328989.91342723
2024-12-12 15:19:00+09:00,87328989.91342723
2024-12-12 15:30:00+09:00,87328989.91342723
2024-12-12 15:35:00+09:00,87328989.91342723
2024-12-13 09:00:00+09:00,87328989.91342723
2024-12-13 09:01:00+09:00,87328989.91342723
2024-12-13 09:02:00+09:00,87328989.91342723
2024-12-13 09:03:00+09:00,87328989.91342723
2024-12-13 09:04:00+09:00,87328989.91342723
2024-12-13 09:05:00+09:00,87328989.91342723
2024-12-13 09:06:00+09:00,87328989.91342723
2024-12-13 09:07:00+09:00,87328989.91342723
2024-12-13 09:08:00+09:00,87328989.91342723
2024-12-13 09:09:00+09:00,87328989.91342723
2024-12-13 09:10:00+09:00,87328989.91342723
2024-12-13 09:11:00+09:00,87328989.91342723
2024-12-13 09:12:00+09:00,87328989.91342723
2024-12-13 09:13:00+09:00,87328989.91342723
2024-12-13 09:14:00+09:00,87328989.91342723
2024-12-13 09:15:00+09:00,87328989.91342723
2024-12-13 09:16:00+09:00,87328989.91342723
2024-12-13 09:17:00+09:00,87328989.91342723
2024-12-13 09:18:00+09:00,87328989.91342723
2024-12-13 09:19:00+09:00,87328989.91342723
2024-12-13 09:20:00+09:00,87328989.91342723
2024-12-13 09:21:00+09:00,87328989.91342723
2024-12-13 09:22:00+09:00,87328989.91342723
2024-12-13 09:23:00+09:00,87328989.91342723
2024-12-13 09:24:00+09:00,87328989.91342723
2024-12-13 09:25:00+09:00,87328989.91342723
2024-12-13 09:26:00+09:00,87328989.91342723
2024-12-13 09:27:00+09:00,87328989.91342723
2024-12-13 09:28:00+09:00,87328989.91342723
2024-12-13 09:29:00+09:00,87328989.91342723
2024-12-13 09:30:00+09:00,87328989.91342723
2024-12-13 09:31:00+09:00,87328989.91342723
2024-12-13 09:32:00+09:00,87328989.91342723
2024-12-13 09:33:00+09:00,87328989.91342723
2024-12-13 09:34:00+09:00,87328989.91342723
2024-12-13 09:35:00+09:00,87328989.91342723
2024-12-13 09:36:00+09:00,87328989.91342723
2024-12-13 09:37:00+09:00,87328989.91342723
2024-12-13 09:38:00+09:00,87328989.91342723
2024-12-13 09:39:00+09:00,87328989.91342723
2024-12-13 09:40:00+09:00,87328989.91342723
2024-12-13 09:41:00+09:00,87328989.91342723
2024-12-13 09:42:00+09:00,87328989.91342723
2024-12-13 09:43:00+09:00,87328989.91342723
2024-12-13 09:44:00+09:00,87328989.91342723
2024-12-13 09:45:00+09:00,87328989.91342723
2024-12-13 09:46:00+09:00,87328989.91342723
2024-12-13 09:47:00+09:00,87328989.91342723
2024-12-13 09:48:00+09:00,87328989.91342723
2024-12-13 09:49:00+09:00,87328989.91342723
2024-12-13 09:50:00+09:00,87328989.91342723
2024-12-13 09:51:00+09:00,87328989.91342723
2024-12-13 09:52:00+09:00,87328989.91342723
2024-12-13 09:53:00+09:00,87328989.91342723
2024-12-13 09:54:00+09:00,87328989.91342723
2024-12-13 09:55:00+09:00,87328989.91342723
2024-12-13 09:56:00+09:00,87328989.91342723
2024-12-13 09:57:00+09:00,87328989.91342723
2024-12-13 09:58:00+09:00,87328989.91342723
2024-12-13 09:59:00+09:00,87328989.91342723
2024-12-13 10:00:00+09:00,87328989.91342723
2024-12-13 10:01:00+09:00,87328989.91342723
2024-12-13 10:02:00+09:00,87328989.91342723
2024-12-13 10:03:00+09:00,87328989.91342723
2024-12-13 10:04:00+09:00,87328989.91342723
2024-12-13 10:05:00+09:00,87328989.91342723
2024-12-13 10:06:00+09:00,87328989.91342723
2024-12-13 10:07:00+09:00,87328989.91342723
2024-12-13 10:08:00+09:00,87328989.91342723
2024-12-13 10:09:00+09:00,87328989.91342723
2024-12-13 10:10:00+09:00,87328989.91342723
2024-12-13 10:11:00+09:00,87328989.91342723
2024-12-13 10:12:00+09:00,87328989.91342723
2024-12-13 10:13:00+09:00,87328989.91342723
2024-12-13 10:14:00+09:00,87328989.91342723
2024-12-13 10:15:00+09:00,87328989.91342723
2024-12-13 10:16:00+09:00,87328989.91342723
2024-12-13 10:17:00+09:00,87328989.91342723
2024-12-13 10:18:00+09:00,87328989.91342723
2024-12-13 10:19:00+09:00,87328989.91342723
2024-12-13 10:20:00+09:00,87328989.91342723
2024-12-13 10:21:00+09:00,87328989.91342723
2024-12-13 10:22:00+09:00,87328989.91342723
2024-12-13 10:23:00+09:00,87328989.91342723
2024-12-13 10:24:00+09:00,87328989.91342723
2024-12-13 10:25:00+09:00,87328989.91342723
2024-12-13 10:26:00+09:00,87328989.91342723
2024-12-13 10:27:00+09:00,87328989.91342723
2024-12-13 10:28:00+09:00,87328989.91342723
2024-12-13 10:29:00+09:00,87328989.91342723
2024-12-13 10:30:00+09:00,87328989.91342723
2024-12-13 10:31:00+09:00,87328989.91342723
2024-12-13 10:32:00+09:00,87328989.91342723
2024-12-13 10:33:00+09:00,87328989.91342723
2024-12-13 10:34:00+09:00,87328989.91342723
2024-12-13 10:35:00+09:00,87328989.91342723
2024-12-13 10:36:00+09:00,87328989.91342723
2024-12-13 10:37:00+09:00,87328989.91342723
2024-12-13 10:38:00+09:00,87328989.91342723
2024-12-13 10:39:00+09:00,87294058.31746186
2024-12-13 10:40:00+09:00,87137617.35273524
2024-12-13 10:41:00+09:00,87137617.35273524
2024-12-13 10:42:00+09:00,87058364.36000471
2024-12-13 10:43:00+09:00,87058364.36000471
2024-12-13 10:44:00+09:00,87058364.36000471
2024-12-13 10:45:00+09:00,87058364.36000471
2024-12-13 10:46:00+09:00,87058364.36000471
2024-12-13 10:47:00+09:00,87058364.36000471
2024-12-13 10:48:00+09:00,87058364.36000471
2024-12-13 10:49:00+09:00,87058364.36000471
2024-12-13 10:50:00+09:00,87058364.36000471
2024-12-13 10:51:00+09:00,87058364.36000471
2024-12-13 10:52:00+09:00,87058364.36000471
2024-12-13 10:53:00+09:00,87023541.01426071
2024-12-13 10:54:00+09:00,87023541.01426071
2024-12-13 10:55:00+09:00,87179497.18095294
2024-12-13 10:56:00+09:00,87023541.01426071
2024-12-13 10:57:00+09:00,87179497.18095294
2024-12-13 10:58:00+09:00,87179497.18095294
2024-12-13 10:59:00+09:00,87023541.01426071
2024-12-13 11:00:00+09:00,87179497.18095294
2024-12-13 11:01:00+09:00,87179497.18095294
2024-12-13 11:02:00+09:00,87023541.01426071
2024-12-13 11:03:00+09:00,87179497.18095294
2024-12-13 11:04:00+09:00,87179497.18095294
2024-12-13 11:05:00+09:00,87335453.34764515
2024-12-13 11:06:00+09:00,87179497.18095292
2024-12-13 11:07:00+09:00,87335453.34764513
2024-12-13 11:08:00+09:00,87335453.34764513
2024-12-13 11:09:00+09:00,87335453.34764513
2024-12-13 11:10:00+09:00,87335453.34764513
2024-12-13 11:11:00+09:00,87335453.34764513
2024-12-13 11:12:00+09:00,87335453.34764513
2024-12-13 11:13:00+09:00,87335453.34764513
2024-12-13 11:14:00+09:00,87335453.34764513
2024-12-13 11:15:00+09:00,87179497.1809529
2024-12-13 11:16:00+09:00,87335453.34764512
2024-12-13 11:17:00+09:00,87335453.34764512
2024-12-13 11:18:00+09:00,87335453.34764512
2024-12-13 11:19:00+09:00,87335453.34764512
2024-12-13 11:20:00+09:00,87335453.34764512
2024-12-13 11:21:00+09:00,87335453.34764512
2024-12-13 11:22:00+09:00,87335453.34764512
2024-12-13 11:23:00+09:00,87179497.18095289
2024-12-13 11:24:00+09:00,87335453.3476451
2024-12-13 11:25:00+09:00,87491409.51433733
2024-12-13 11:26:00+09:00,87335453.3476451
2024-12-13 11:27:00+09:00,87491409.51433733
2024-12-13 11:28:00+09:00,87491409.51433733
2024-12-13 11:29:00+09:00,87335453.3476451
2024-12-13 11:30:00+09:00,87335453.3476451
2024-12-13 11:31:00+09:00,87335453.3476451
2024-12-13 11:32:00+09:00,87335453.3476451
2024-12-13 11:33:00+09:00,87335453.3476451
2024-12-13 11:34:00+09:00,87491409.51433733
2024-12-13 11:35:00+09:00,87491409.51433733
2024-12-13 11:36:00+09:00,87491409.51433733
2024-12-13 11:37:00+09:00,87491409.51433733
2024-12-13 11:38:00+09:00,87491409.51433733
2024-12-13 11:39:00+09:00,87491409.51433733
2024-12-13 11:40:00+09:00,87491409.51433733
2024-12-13 11:41:00+09:00,87491409.51433733
2024-12-13 11:42:00+09:00,87647365.68102954
2024-12-13 11:43:00+09:00,87647365.68102954
2024-12-13 11:44:00+09:00,87647365.68102954
2024-12-13 11:45:00+09:00,87491409.51433732
2024-12-13 11:46:00+09:00,87491409.51433732
2024-12-13 11:47:00+09:00,87491409.51433732
2024-12-13 11:48:00+09:00,87491409.51433732
2024-12-13 11:49:00+09:00,87491409.51433732
2024-12-13 11:50:00+09:00,87647365.68102953
2024-12-13 11:51:00+09:00,87647365.68102953
2024-12-13 11:52:00+09:00,87491409.5143373
2024-12-13 11:53:00+09:00,87647365.68102951
2024-12-13 11:54:00+09:00,87647365.68102951
2024-12-13 11:55:00+09:00,87491409.51433729
2024-12-13 11:56:00+09:00,87647365.6810295
2024-12-13 11:57:00+09:00,87647365.6810295
2024-12-13 11:58:00+09:00,87647365.6810295
2024-12-13 11:59:00+09:00,87335453.34764506
2024-12-13 12:00:00+09:00,87023541.01426062
2024-12-13 12:01:00+09:00,86788577.45352212
2024-12-13 12:02:00+09:00,86788577.45352212
2024-12-13 12:03:00+09:00,86788577.45352212
2024-12-13 12:04:00+09:00,86788577.45352212
2024-12-13 12:05:00+09:00,86788577.45352212
2024-12-13 12:06:00+09:00,86788577.45352212
2024-12-13 12:07:00+09:00,86788577.45352212
2024-12-13 12:08:00+09:00,86788577.45352212
2024-12-13 12:09:00+09:00,86788577.45352212
2024-12-13 12:10:00+09:00,86788577.45352212
2024-12-13 12:11:00+09:00,86788577.45352212
2024-12-13 12:12:00+09:00,86788577.45352212
2024-12-13 12:13:00+09:00,86788577.45352212
2024-12-13 12:14:00+09:00,86788577.45352212
2024-12-13 12:15:00+09:00,86788577.45352212
2024-12-13 12:16:00+09:00,86788577.45352212
2024-12-13 12:17:00+09:00,86788577.45352212
2024-12-13 12:18:00+09:00,86788577.45352212
2024-12-13 12:19:00+09:00,86788577.45352212
2024-12-13 12:20:00+09:00,86788577.45352212
2024-12-13 12:21:00+09:00,86788577.45352212
2024-12-13 12:22:00+09:00,86788577.45352212
2024-12-13 12:23:00+09:00,86788577.45352212
2024-12-13 12:24:00+09:00,86788577.45352212
2024-12-13 12:25:00+09:00,86788577.45352212
2024-12-13 12:26:00+09:00,86788577.45352212
2024-12-13 12:27:00+09:00,86788577.45352212
2024-12-13 12:28:00+09:00,86788577.45352212
2024-12-13 12:29:00+09:00,86788577.45352212
2024-12-13 12:30:00+09:00,86788577.45352212
2024-12-13 12:31:00+09:00,86788577.45352212
2024-12-13 12:32:00+09:00,86788577.45352212
2024-12-13 12:33:00+09:00,86788577.45352212
2024-12-13 12:34:00+09:00,86788577.45352212
2024-12-13 12:35:00+09:00,86788577.45352212
2024-12-13 12:36:00+09:00,86788577.45352212
2024-12-13 12:37:00+09:00,86788577.45352212
2024-12-13 12:38:00+09:00,86788577.45352212
2024-12-13 12:39:00+09:00,86788577.45352212
2024-12-13 12:40:00+09:00,86788577.45352212
2024-12-13 12:41:00+09:00,86788577.45352212
2024-12-13 12:42:00+09:00,86788577.45352212
2024-12-13 12:43:00+09:00,86788577.45352212
2024-12-13 12:44:00+09:00,86788577.45352212
2024-12-13 12:45:00+09:00,86788577.45352212
2024-12-13 12:46:00+09:00,86788577.45352212
2024-12-13 12:47:00+09:00,86788577.45352212
2024-12-13 12:48:00+09:00,86788577.45352212
2024-12-13 12:49:00+09:00,86788577.45352212
2024-12-13 12:50:00+09:00,86788577.45352212
2024-12-13 12:51:00+09:00,86788577.45352212
2024-12-13 12:52:00+09:00,86788577.45352212
2024-12-13 12:53:00+09:00,86753862.02254072
2024-12-13 12:54:00+09:00,87064251.51099347
2024-12-13 12:55:00+09:00,86674402.31349683
2024-12-13 12:56:00+09:00,86674402.31349683
2024-12-13 12:57:00+09:00,86674402.31349683
2024-12-13 12:58:00+09:00,86674402.31349683
2024-12-13 12:59:00+09:00,86674402.31349683
2024-12-13 13:00:00+09:00,86674402.31349683
2024-12-13 13:01:00+09:00,86674402.31349683
2024-12-13 13:02:00+09:00,86674402.31349683
2024-12-13 13:03:00+09:00,86674402.31349683
2024-12-13 13:04:00+09:00,86674402.31349683
2024-12-13 13:05:00+09:00,86674402.31349683
2024-12-13 13:06:00+09:00,86639732.55257143
2024-12-13 13:07:00+09:00,86560377.37713866
2024-12-13 13:08:00+09:00,86560377.37713866
2024-12-13 13:09:00+09:00,86560377.37713866
2024-12-13 13:10:00+09:00,86560377.37713866
2024-12-13 13:11:00+09:00,86560377.37713866
2024-12-13 13:12:00+09:00,86560377.37713866
2024-12-13 13:13:00+09:00,86560377.37713866
2024-12-13 13:14:00+09:00,86560377.37713866
2024-12-13 13:15:00+09:00,86560377.37713866
2024-12-13 13:16:00+09:00,86560377.37713866
2024-12-13 13:17:00+09:00,86560377.37713866
2024-12-13 13:18:00+09:00,86525753.22618781
2024-12-13 13:19:00+09:00,86525753.22618781
2024-12-13 13:20:00+09:00,86679713.64118104
2024-12-13 13:21:00+09:00,86679713.64118104
2024-12-13 13:22:00+09:00,86679713.64118104
2024-12-13 13:23:00+09:00,86525753.22618783
2024-12-13 13:24:00+09:00,86525753.22618783
2024-12-13 13:25:00+09:00,86371792.8111946
2024-12-13 13:26:00+09:00,86679713.64118104
2024-12-13 13:27:00+09:00,86525753.22618783
2024-12-13 13:28:00+09:00,86525753.22618783
2024-12-13 13:29:00+09:00,86679713.64118105
2024-12-13 13:30:00+09:00,86525753.22618784
2024-12-13 13:31:00+09:00,86371792.81119461
2024-12-13 13:32:00+09:00,86525753.22618783
2024-12-13 13:33:00+09:00,86525753.22618783
2024-12-13 13:34:00+09:00,86525753.22618783
2024-12-13 13:35:00+09:00,86525753.22618783
2024-12-13 13:36:00+09:00,86525753.22618783
2024-12-13 13:37:00+09:00,86525753.22618783
2024-12-13 13:38:00+09:00,86525753.22618783
2024-12-13 13:39:00+09:00,86371792.8111946
2024-12-13 13:40:00+09:00,86525753.22618781
2024-12-13 13:41:00+09:00,86525753.22618781
2024-12-13 13:42:00+09:00,86525753.22618781
2024-12-13 13:43:00+09:00,86525753.22618781
2024-12-13 13:44:00+09:00,86371792.81119458
2024-12-13 13:45:00+09:00,86525753.2261878
2024-12-13 13:46:00+09:00,86679713.64118102
2024-12-13 13:47:00+09:00,86525753.22618781
2024-12-13 13:48:00+09:00,86525753.22618781
2024-12-13 13:49:00+09:00,86525753.22618781
2024-12-13 13:50:00+09:00,86679713.64118104
2024-12-13 13:51:00+09:00,86679713.64118104
2024-12-13 13:52:00+09:00,86679713.64118104
2024-12-13 13:53:00+09:00,86679713.64118104
2024-12-13 13:54:00+09:00,86525753.22618783
2024-12-13 13:55:00+09:00,86525753.22618783
2024-12-13 13:56:00+09:00,86371792.8111946
2024-12-13 13:57:00+09:00,86371792.8111946
2024-12-13 13:58:00+09:00,86292133.6924771
2024-12-13 13:59:00+09:00,86292133.6924771
2024-12-13 14:00:00+09:00,86292133.6924771
2024-12-13 14:01:00+09:00,86292133.6924771
2024-12-13 14:02:00+09:00,86292133.6924771
2024-12-13 14:03:00+09:00,86292133.6924771
2024-12-13 14:04:00+09:00,86292133.6924771
2024-12-13 14:05:00+09:00,86292133.6924771
2024-12-13 14:06:00+09:00,86292133.6924771
2024-12-13 14:07:00+09:00,86292133.6924771
2024-12-13 14:08:00+09:00,86292133.6924771
2024-12-13 14:09:00+09:00,86292133.6924771
2024-12-13 14:10:00+09:00,86292133.6924771
2024-12-13 14:11:00+09:00,86292133.6924771
2024-12-13 14:12:00+09:00,86292133.6924771
2024-12-13 14:13:00+09:00,86292133.6924771
2024-12-13 14:14:00+09:00,86292133.6924771
2024-12-13 14:15:00+09:00,86292133.6924771
2024-12-13 14:16:00+09:00,86292133.6924771
2024-12-13 14:17:00+09:00,86292133.6924771
2024-12-13 14:18:00+09:00,86292133.6924771
2024-12-13 14:19:00+09:00,86292133.6924771
2024-12-13 14:20:00+09:00,86292133.6924771
2024-12-13 14:21:00+09:00,86292133.6924771
2024-12-13 14:22:00+09:00,86292133.6924771
2024-12-13 14:23:00+09:00,86292133.6924771
2024-12-13 14:24:00+09:00,86292133.6924771
2024-12-13 14:25:00+09:00,86292133.6924771
2024-12-13 14:26:00+09:00,86292133.6924771
2024-12-13 14:27:00+09:00,86292133.6924771
2024-12-13 14:28:00+09:00,86292133.6924771
2024-12-13 14:29:00+09:00,86292133.6924771
2024-12-13 14:30:00+09:00,86292133.6924771
2024-12-13 14:31:00+09:00,86292133.6924771
2024-12-13 14:32:00+09:00,86292133.6924771
2024-12-13 14:33:00+09:00,86292133.6924771
2024-12-13 14:34:00+09:00,86292133.6924771
2024-12-13 14:35:00+09:00,86292133.6924771
2024-12-13 14:36:00+09:00,86292133.6924771
2024-12-13 14:37:00+09:00,86292133.6924771
2024-12-13 14:38:00+09:00,86292133.6924771
2024-12-13 14:39:00+09:00,86292133.6924771
2024-12-13 14:40:00+09:00,86292133.6924771
2024-12-13 14:41:00+09:00,86292133.6924771
2024-12-13 14:42:00+09:00,86292133.6924771
2024-12-13 14:43:00+09:00,86292133.6924771
2024-12-13 14:44:00+09:00,86292133.6924771
2024-12-13 14:45:00+09:00,86292133.6924771
2024-12-13 14:46:00+09:00,86292133.6924771
2024-12-13 14:47:00+09:00,86292133.6924771
2024-12-13 14:48:00+09:00,86292133.6924771
2024-12-13 14:49:00+09:00,86292133.6924771
2024-12-13 14:50:00+09:00,86292133.6924771
2024-12-13 14:51:00+09:00,86292133.6924771
2024-12-13 14:52:00+09:00,86292133.6924771
2024-12-13 14:53:00+09:00,86292133.6924771
2024-12-13 14:54:00+09:00,86292133.6924771
2024-12-13 14:55:00+09:00,86292133.6924771
2024-12-13 14:56:00+09:00,86292133.6924771
2024-12-13 14:57:00+09:00,86292133.6924771
2024-12-13 14:58:00+09:00,86292133.6924771
2024-12-13 14:59:00+09:00,86292133.6924771
2024-12-13 15:00:00+09:00,86292133.6924771
2024-12-13 15:01:00+09:00,86292133.6924771
2024-12-13 15:02:00+09:00,86292133.6924771
2024-12-13 15:03:00+09:00,86292133.6924771
2024-12-13 15:04:00+09:00,86292133.6924771
2024-12-13 15:05:00+09:00,86292133.6924771
2024-12-13 15:06:00+09:00,86292133.6924771
2024-12-13 15:07:00+09:00,86292133.6924771
2024-12-13 15:08:00+09:00,86292133.6924771
2024-12-13 15:09:00+09:00,86257616.83900012
2024-12-13 15:10:00+09:00,85871379.52438413
2024-12-13 15:11:00+09:00,85871379.52438413
2024-12-13 15:12:00+09:00,85871379.52438413
2024-12-13 15:13:00+09:00,85871379.52438413
2024-12-13 15:14:00+09:00,85871379.52438413
2024-12-13 15:15:00+09:00,85871379.52438413
2024-12-13 15:16:00+09:00,85871379.52438413
2024-12-13 15:17:00+09:00,85871379.52438413
2024-12-13 15:18:00+09:00,85871379.52438413
2024-12-13 15:19:00+09:00,85871379.52438413
2024-12-13 15:30:00+09:00,85871379.52438413
2024-12-13 15:35:00+09:00,85871379.52438413
2024-12-16 09:00:00+09:00,85871379.52438413
2024-12-16 09:01:00+09:00,85837030.97257438
2024-12-16 09:02:00+09:00,86142500.83368675
2024-12-16 09:03:00+09:00,85989765.90313058
2024-12-16 09:04:00+09:00,86142500.83368675
2024-12-16 09:05:00+09:00,86295235.76424293
2024-12-16 09:06:00+09:00,86295235.76424293
2024-12-16 09:07:00+09:00,86142500.83368675
2024-12-16 09:08:00+09:00,86295235.76424293
2024-12-16 09:09:00+09:00,86447970.69479911
2024-12-16 09:10:00+09:00,86295235.76424293
2024-12-16 09:11:00+09:00,85989765.90313056
2024-12-16 09:12:00+09:00,86142500.83368674
2024-12-16 09:13:00+09:00,86142500.83368674
2024-12-16 09:14:00+09:00,86142500.83368674
2024-12-16 09:15:00+09:00,85989765.90313056
2024-12-16 09:16:00+09:00,85989765.90313056
2024-12-16 09:17:00+09:00,85989765.90313056
2024-12-16 09:18:00+09:00,85989765.90313056
2024-12-16 09:19:00+09:00,85989765.90313056
2024-12-16 09:20:00+09:00,85837030.97257438
2024-12-16 09:21:00+09:00,85989765.90313058
2024-12-16 09:22:00+09:00,85989765.90313058
2024-12-16 09:23:00+09:00,86142500.83368675
2024-12-16 09:24:00+09:00,86295235.76424293
2024-12-16 09:25:00+09:00,86142500.83368675
2024-12-16 09:26:00+09:00,86142500.83368675
2024-12-16 09:27:00+09:00,86142500.83368675
2024-12-16 09:28:00+09:00,85989765.90313058
2024-12-16 09:29:00+09:00,86142500.83368675
2024-12-16 09:30:00+09:00,86142500.83368675
2024-12-16 09:31:00+09:00,86295235.76424293
2024-12-16 09:32:00+09:00,86295235.76424293
2024-12-16 09:33:00+09:00,86295235.76424293
2024-12-16 09:34:00+09:00,85989765.90313056
2024-12-16 09:35:00+09:00,85989765.90313056
2024-12-16 09:36:00+09:00,86142500.83368674
2024-12-16 09:37:00+09:00,86142500.83368674
2024-12-16 09:38:00+09:00,86142500.83368674
2024-12-16 09:39:00+09:00,86142500.83368674
2024-12-16 09:40:00+09:00,86295235.76424292
2024-12-16 09:41:00+09:00,86142500.83368674
2024-12-16 09:42:00+09:00,86142500.83368674
2024-12-16 09:43:00+09:00,86447970.6947991
2024-12-16 09:44:00+09:00,86295235.76424292
2024-12-16 09:45:00+09:00,86295235.76424292
2024-12-16 09:46:00+09:00,86142500.83368674
2024-12-16 09:47:00+09:00,86295235.76424292
2024-12-16 09:48:00+09:00,86295235.76424292
2024-12-16 09:49:00+09:00,86295235.76424292
2024-12-16 09:50:00+09:00,86295235.76424292
2024-12-16 09:51:00+09:00,86295235.76424292
2024-12-16 09:52:00+09:00,86142500.83368674
2024-12-16 09:53:00+09:00,86142500.83368674
2024-12-16 09:54:00+09:00,85989765.90313056
2024-12-16 09:55:00+09:00,86142500.83368674
2024-12-16 09:56:00+09:00,85909916.08143578
2024-12-16 09:57:00+09:00,85909916.08143578
2024-12-16 09:58:00+09:00,85909916.08143578
2024-12-16 09:59:00+09:00,85909916.08143578
2024-12-16 10:00:00+09:00,85909916.08143578
2024-12-16 10:01:00+09:00,85909916.08143578
2024-12-16 10:02:00+09:00,85909916.08143578
2024-12-16 10:03:00+09:00,85909916.08143578
2024-12-16 10:04:00+09:00,85909916.08143578
2024-12-16 10:05:00+09:00,85909916.08143578
2024-12-16 10:06:00+09:00,85909916.08143578
2024-12-16 10:07:00+09:00,85909916.08143578
2024-12-16 10:08:00+09:00,85909916.08143578
2024-12-16 10:09:00+09:00,85909916.08143578
2024-12-16 10:10:00+09:00,85909916.08143578
2024-12-16 10:11:00+09:00,85909916.08143578
2024-12-16 10:12:00+09:00,85909916.08143578
2024-12-16 10:13:00+09:00,85909916.08143578
2024-12-16 10:14:00+09:00,85909916.08143578
2024-12-16 10:15:00+09:00,85909916.08143578
2024-12-16 10:16:00+09:00,85909916.08143578
2024-12-16 10:17:00+09:00,85909916.08143578
2024-12-16 10:18:00+09:00,85909916.08143578
2024-12-16 10:19:00+09:00,85909916.08143578
2024-12-16 10:20:00+09:00,85909916.08143578
2024-12-16 10:21:00+09:00,85909916.08143578
2024-12-16 10:22:00+09:00,85909916.08143578
2024-12-16 10:23:00+09:00,85909916.08143578
2024-12-16 10:24:00+09:00,85909916.08143578
2024-12-16 10:25:00+09:00,85909916.08143578
2024-12-16 10:26:00+09:00,85909916.08143578
2024-12-16 10:27:00+09:00,85909916.08143578
2024-12-16 10:28:00+09:00,85909916.08143578
2024-12-16 10:29:00+09:00,85909916.08143578
2024-12-16 10:30:00+09:00,85909916.08143578
2024-12-16 10:31:00+09:00,85909916.08143578
2024-12-16 10:32:00+09:00,85909916.08143578
2024-12-16 10:33:00+09:00,85909916.08143578
2024-12-16 10:34:00+09:00,85909916.08143578
2024-12-16 10:35:00+09:00,85909916.08143578
2024-12-16 10:36:00+09:00,85909916.08143578
2024-12-16 10:37:00+09:00,85909916.08143578
2024-12-16 10:38:00+09:00,85909916.08143578
2024-12-16 10:39:00+09:00,85909916.08143578
2024-12-16 10:40:00+09:00,85909916.08143578
2024-12-16 10:41:00+09:00,85909916.08143578
2024-12-16 10:42:00+09:00,85909916.08143578
2024-12-16 10:43:00+09:00,85909916.08143578
2024-12-16 10:44:00+09:00,85909916.08143578
2024-12-16 10:45:00+09:00,85909916.08143578
2024-12-16 10:46:00+09:00,85909916.08143578
2024-12-16 10:47:00+09:00,85909916.08143578
2024-12-16 10:48:00+09:00,85909916.08143578
2024-12-16 10:49:00+09:00,85909916.08143578
2024-12-16 10:50:00+09:00,85909916.08143578
2024-12-16 10:51:00+09:00,85909916.08143578
2024-12-16 10:52:00+09:00,85909916.08143578
2024-12-16 10:53:00+09:00,85909916.08143578
2024-12-16 10:54:00+09:00,85909916.08143578
2024-12-16 10:55:00+09:00,85909916.08143578
2024-12-16 10:56:00+09:00,85909916.08143578
2024-12-16 10:57:00+09:00,85909916.08143578
2024-12-16 10:58:00+09:00,85909916.08143578
2024-12-16 10:59:00+09:00,85909916.08143578
2024-12-16 11:00:00+09:00,85909916.08143578
2024-12-16 11:01:00+09:00,85909916.08143578
2024-12-16 11:02:00+09:00,85909916.08143578
2024-12-16 11:03:00+09:00,85909916.08143578
2024-12-16 11:04:00+09:00,85909916.08143578
2024-12-16 11:05:00+09:00,85909916.08143578
2024-12-16 11:06:00+09:00,85909916.08143578
2024-12-16 11:07:00+09:00,85909916.08143578
2024-12-16 11:08:00+09:00,85909916.08143578
2024-12-16 11:09:00+09:00,85909916.08143578
2024-12-16 11:10:00+09:00,85909916.08143578
2024-12-16 11:11:00+09:00,85909916.08143578
2024-12-16 11:12:00+09:00,85909916.08143578
2024-12-16 11:13:00+09:00,85909916.08143578
2024-12-16 11:14:00+09:00,85909916.08143578
2024-12-16 11:15:00+09:00,85875552.11500321
2024-12-16 11:16:00+09:00,86028901.31520857
2024-12-16 11:17:00+09:00,85643688.12429269
2024-12-16 11:18:00+09:00,85643688.12429269
2024-12-16 11:19:00+09:00,85643688.12429269
2024-12-16 11:20:00+09:00,85643688.12429269
2024-12-16 11:21:00+09:00,85643688.12429269
2024-12-16 11:22:00+09:00,85643688.12429269
2024-12-16 11:23:00+09:00,85643688.12429269
2024-12-16 11:24:00+09:00,85643688.12429269
2024-12-16 11:25:00+09:00,85643688.12429269
2024-12-16 11:26:00+09:00,85643688.12429269
2024-12-16 11:27:00+09:00,85643688.12429269
2024-12-16 11:28:00+09:00,85643688.12429269
2024-12-16 11:29:00+09:00,85643688.12429269
2024-12-16 11:30:00+09:00,85643688.12429269
2024-12-16 11:31:00+09:00,85643688.12429269
2024-12-16 11:32:00+09:00,85643688.12429269
2024-12-16 11:33:00+09:00,85643688.12429269
2024-12-16 11:34:00+09:00,85643688.12429269
2024-12-16 11:35:00+09:00,85643688.12429269
2024-12-16 11:36:00+09:00,85643688.12429269
2024-12-16 11:37:00+09:00,85643688.12429269
2024-12-16 11:38:00+09:00,85643688.12429269
2024-12-16 11:39:00+09:00,85643688.12429269
2024-12-16 11:40:00+09:00,85643688.12429269
2024-12-16 11:41:00+09:00,85643688.12429269
2024-12-16 11:42:00+09:00,85643688.12429269
2024-12-16 11:43:00+09:00,85643688.12429269
2024-12-16 11:44:00+09:00,85643688.12429269
2024-12-16 11:45:00+09:00,85643688.12429269
2024-12-16 11:46:00+09:00,85643688.12429269
2024-12-16 11:47:00+09:00,85643688.12429269
2024-12-16 11:48:00+09:00,85643688.12429269
2024-12-16 11:49:00+09:00,85643688.12429269
2024-12-16 11:50:00+09:00,85643688.12429269
2024-12-16 11:51:00+09:00,85643688.12429269
2024-12-16 11:52:00+09:00,85643688.12429269
2024-12-16 11:53:00+09:00,85643688.12429269
2024-12-16 11:54:00+09:00,85643688.12429269
2024-12-16 11:55:00+09:00,85643688.12429269
2024-12-16 11:56:00+09:00,85643688.12429269
2024-12-16 11:57:00+09:00,85643688.12429269
2024-12-16 11:58:00+09:00,85643688.12429269
2024-12-16 11:59:00+09:00,85643688.12429269
2024-12-16 12:00:00+09:00,85643688.12429269
2024-12-16 12:01:00+09:00,85643688.12429269
2024-12-16 12:02:00+09:00,85643688.12429269
2024-12-16 12:03:00+09:00,85643688.12429269
2024-12-16 12:04:00+09:00,85643688.12429269
2024-12-16 12:05:00+09:00,85643688.12429269
2024-12-16 12:06:00+09:00,85643688.12429269
2024-12-16 12:07:00+09:00,85643688.12429269
2024-12-16 12:08:00+09:00,85643688.12429269
2024-12-16 12:09:00+09:00,85643688.12429269
2024-12-16 12:10:00+09:00,85643688.12429269
2024-12-16 12:11:00+09:00,85643688.12429269
2024-12-16 12:12:00+09:00,85643688.12429269
2024-12-16 12:13:00+09:00,85643688.12429269
2024-12-16 12:14:00+09:00,85643688.12429269
2024-12-16 12:15:00+09:00,85643688.12429269
2024-12-16 12:16:00+09:00,85643688.12429269
2024-12-16 12:17:00+09:00,85643688.12429269
2024-12-16 12:18:00+09:00,85643688.12429269
2024-12-16 12:19:00+09:00,85643688.12429269
2024-12-16 12:20:00+09:00,85643688.12429269
2024-12-16 12:21:00+09:00,85643688.12429269
2024-12-16 12:22:00+09:00,85643688.12429269
2024-12-16 12:23:00+09:00,85643688.12429269
2024-12-16 12:24:00+09:00,85643688.12429269
2024-12-16 12:25:00+09:00,85643688.12429269
2024-12-16 12:26:00+09:00,85643688.12429269
2024-12-16 12:27:00+09:00,85643688.12429269
2024-12-16 12:28:00+09:00,85643688.12429269
2024-12-16 12:29:00+09:00,85643688.12429269
2024-12-16 12:30:00+09:00,85643688.12429269
2024-12-16 12:31:00+09:00,85643688.12429269
2024-12-16 12:32:00+09:00,85643688.12429269
2024-12-16 12:33:00+09:00,85643688.12429269
2024-12-16 12:34:00+09:00,85643688.12429269
2024-12-16 12:35:00+09:00,85643688.12429269
2024-12-16 12:36:00+09:00,85643688.12429269
2024-12-16 12:37:00+09:00,85643688.12429269
2024-12-16 12:38:00+09:00,85643688.12429269
2024-12-16 12:39:00+09:00,85643688.12429269
2024-12-16 12:40:00+09:00,85643688.12429269
2024-12-16 12:41:00+09:00,85643688.12429269
2024-12-16 12:42:00+09:00,85643688.12429269
2024-12-16 12:43:00+09:00,85643688.12429269
2024-12-16 12:44:00+09:00,85643688.12429269
2024-12-16 12:45:00+09:00,85643688.12429269
2024-12-16 12:46:00+09:00,85643688.12429269
2024-12-16 12:47:00+09:00,85643688.12429269
2024-12-16 12:48:00+09:00,85643688.12429269
2024-12-16 12:49:00+09:00,85643688.12429269
2024-12-16 12:50:00+09:00,85643688.12429269
2024-12-16 12:51:00+09:00,85643688.12429269
2024-12-16 12:52:00+09:00,85643688.12429269
2024-12-16 12:53:00+09:00,85643688.12429269
2024-12-16 12:54:00+09:00,85643688.12429269
2024-12-16 12:55:00+09:00,85643688.12429269
2024-12-16 12:56:00+09:00,85643688.12429269
2024-12-16 12:57:00+09:00,85643688.12429269
2024-12-16 12:58:00+09:00,85643688.12429269
2024-12-16 12:59:00+09:00,85643688.12429269
2024-12-16 13:00:00+09:00,85643688.12429269
2024-12-16 13:01:00+09:00,85643688.12429269
2024-12-16 13:02:00+09:00,85643688.12429269
2024-12-16 13:03:00+09:00,85643688.12429269
2024-12-16 13:04:00+09:00,85643688.12429269
2024-12-16 13:05:00+09:00,85643688.12429269
2024-12-16 13:06:00+09:00,85643688.12429269
2024-12-16 13:07:00+09:00,85643688.12429269
2024-12-16 13:08:00+09:00,85643688.12429269
2024-12-16 13:09:00+09:00,85643688.12429269
2024-12-16 13:10:00+09:00,85643688.12429269
2024-12-16 13:11:00+09:00,85643688.12429269
2024-12-16 13:12:00+09:00,85643688.12429269
2024-12-16 13:13:00+09:00,85643688.12429269
2024-12-16 13:14:00+09:00,85643688.12429269
2024-12-16 13:15:00+09:00,85643688.12429269
2024-12-16 13:16:00+09:00,85643688.12429269
2024-12-16 13:17:00+09:00,85643688.12429269
2024-12-16 13:18:00+09:00,85643688.12429269
2024-12-16 13:19:00+09:00,85643688.12429269
2024-12-16 13:20:00+09:00,85643688.12429269
2024-12-16 13:21:00+09:00,85643688.12429269
2024-12-16 13:22:00+09:00,85643688.12429269
2024-12-16 13:23:00+09:00,85643688.12429269
2024-12-16 13:24:00+09:00,85643688.12429269
2024-12-16 13:25:00+09:00,85643688.12429269
2024-12-16 13:26:00+09:00,85643688.12429269
2024-12-16 13:27:00+09:00,85643688.12429269
2024-12-16 13:28:00+09:00,85643688.12429269
2024-12-16 13:29:00+09:00,85643688.12429269
2024-12-16 13:30:00+09:00,85643688.12429269
2024-12-16 13:31:00+09:00,85643688.12429269
2024-12-16 13:32:00+09:00,85643688.12429269
2024-12-16 13:33:00+09:00,85643688.12429269
2024-12-16 13:34:00+09:00,85643688.12429269
2024-12-16 13:35:00+09:00,85643688.12429269
2024-12-16 13:36:00+09:00,85643688.12429269
2024-12-16 13:37:00+09:00,85643688.12429269
2024-12-16 13:38:00+09:00,85643688.12429269
2024-12-16 13:39:00+09:00,85643688.12429269
2024-12-16 13:40:00+09:00,85643688.12429269
2024-12-16 13:41:00+09:00,85643688.12429269
2024-12-16 13:42:00+09:00,85643688.12429269
2024-12-16 13:43:00+09:00,85643688.12429269
2024-12-16 13:44:00+09:00,85643688.12429269
2024-12-16 13:45:00+09:00,85643688.12429269
2024-12-16 13:46:00+09:00,85643688.12429269
2024-12-16 13:47:00+09:00,85643688.12429269
2024-12-16 13:48:00+09:00,85643688.12429269
2024-12-16 13:49:00+09:00,85643688.12429269
2024-12-16 13:50:00+09:00,85643688.12429269
2024-12-16 13:51:00+09:00,85643688.12429269
2024-12-16 13:52:00+09:00,85643688.12429269
2024-12-16 13:53:00+09:00,85643688.12429269
2024-12-16 13:54:00+09:00,85643688.12429269
2024-12-16 13:55:00+09:00,85643688.12429269
2024-12-16 13:56:00+09:00,85643688.12429269
2024-12-16 13:57:00+09:00,85643688.12429269
2024-12-16 13:58:00+09:00,85643688.12429269
2024-12-16 13:59:00+09:00,85643688.12429269
2024-12-16 14:00:00+09:00,85643688.12429269
2024-12-16 14:01:00+09:00,85643688.12429269
2024-12-16 14:02:00+09:00,85643688.12429269
2024-12-16 14:03:00+09:00,85643688.12429269
2024-12-16 14:04:00+09:00,85643688.12429269
2024-12-16 14:05:00+09:00,85643688.12429269
2024-12-16 14:06:00+09:00,85643688.12429269
2024-12-16 14:07:00+09:00,85643688.12429269
2024-12-16 14:08:00+09:00,85643688.12429269
2024-12-16 14:09:00+09:00,85643688.12429269
2024-12-16 14:10:00+09:00,85643688.12429269
2024-12-16 14:11:00+09:00,85643688.12429269
2024-12-16 14:12:00+09:00,85643688.12429269
2024-12-16 14:13:00+09:00,85643688.12429269
2024-12-16 14:14:00+09:00,85643688.12429269
2024-12-16 14:15:00+09:00,85643688.12429269
2024-12-16 14:16:00+09:00,85643688.12429269
2024-12-16 14:17:00+09:00,85643688.12429269
2024-12-16 14:18:00+09:00,85643688.12429269
2024-12-16 14:19:00+09:00,85643688.12429269
2024-12-16 14:20:00+09:00,85643688.12429269
2024-12-16 14:21:00+09:00,85643688.12429269
2024-12-16 14:22:00+09:00,85643688.12429269
2024-12-16 14:23:00+09:00,85643688.12429269
2024-12-16 14:24:00+09:00,85643688.12429269
2024-12-16 14:25:00+09:00,85643688.12429269
2024-12-16 14:26:00+09:00,85643688.12429269
2024-12-16 14:27:00+09:00,85643688.12429269
2024-12-16 14:28:00+09:00,85643688.12429269
2024-12-16 14:29:00+09:00,85643688.12429269
2024-12-16 14:30:00+09:00,85643688.12429269
2024-12-16 14:31:00+09:00,85643688.12429269
2024-12-16 14:32:00+09:00,85643688.12429269
2024-12-16 14:33:00+09:00,85643688.12429269
2024-12-16 14:34:00+09:00,85643688.12429269
2024-12-16 14:35:00+09:00,85643688.12429269
2024-12-16 14:36:00+09:00,85643688.12429269
2024-12-16 14:37:00+09:00,85643688.12429269
2024-12-16 14:38:00+09:00,85643688.12429269
2024-12-16 14:39:00+09:00,85643688.12429269
2024-12-16 14:40:00+09:00,85643688.12429269
2024-12-16 14:41:00+09:00,85643688.12429269
2024-12-16 14:42:00+09:00,85643688.12429269
2024-12-16 14:43:00+09:00,85643688.12429269
2024-12-16 14:44:00+09:00,85643688.12429269
2024-12-16 14:45:00+09:00,85643688.12429269
2024-12-16 14:46:00+09:00,85643688.12429269
2024-12-16 14:47:00+09:00,85643688.12429269
2024-12-16 14:48:00+09:00,85643688.12429269
2024-12-16 14:49:00+09:00,85643688.12429269
2024-12-16 14:50:00+09:00,85643688.12429269
2024-12-16 14:51:00+09:00,85643688.12429269
2024-12-16 14:52:00+09:00,85643688.12429269
2024-12-16 14:53:00+09:00,85643688.12429269
2024-12-16 14:54:00+09:00,85643688.12429269
2024-12-16 14:55:00+09:00,85643688.12429269
2024-12-16 14:56:00+09:00,85643688.12429269
2024-12-16 14:57:00+09:00,85643688.12429269
2024-12-16 14:58:00+09:00,85643688.12429269
2024-12-16 14:59:00+09:00,85643688.12429269
2024-12-16 15:00:00+09:00,85643688.12429269
2024-12-16 15:01:00+09:00,85643688.12429269
2024-12-16 15:02:00+09:00,85643688.12429269
2024-12-16 15:03:00+09:00,85643688.12429269
2024-12-16 15:04:00+09:00,85643688.12429269
2024-12-16 15:05:00+09:00,85643688.12429269
2024-12-16 15:06:00+09:00,85643688.12429269
2024-12-16 15:07:00+09:00,85643688.12429269
2024-12-16 15:08:00+09:00,85643688.12429269
2024-12-16 15:09:00+09:00,85643688.12429269
2024-12-16 15:10:00+09:00,85643688.12429269
2024-12-16 15:11:00+09:00,85643688.12429269
2024-12-16 15:12:00+09:00,85643688.12429269
2024-12-16 15:13:00+09:00,85643688.12429269
2024-12-16 15:14:00+09:00,85643688.12429269
2024-12-16 15:15:00+09:00,85643688.12429269
2024-12-16 15:16:00+09:00,85643688.12429269
2024-12-16 15:17:00+09:00,85643688.12429269
2024-12-16 15:18:00+09:00,85643688.12429269
2024-12-16 15:19:00+09:00,85643688.12429269
2024-12-16 15:30:00+09:00,85643688.12429269
2024-12-16 15:35:00+09:00,85643688.12429269
2024-12-17 09:00:00+09:00,85643688.12429269
2024-12-17 09:01:00+09:00,85643688.12429269
2024-12-17 09:02:00+09:00,85643688.12429269
2024-12-17 09:03:00+09:00,85643688.12429269
2024-12-17 09:04:00+09:00,85643688.12429269
2024-12-17 09:05:00+09:00,85643688.12429269
2024-12-17 09:06:00+09:00,85643688.12429269
2024-12-17 09:07:00+09:00,85643688.12429269
2024-12-17 09:08:00+09:00,85643688.12429269
2024-12-17 09:09:00+09:00,85643688.12429269
2024-12-17 09:10:00+09:00,85643688.12429269
2024-12-17 09:11:00+09:00,85643688.12429269
2024-12-17 09:12:00+09:00,85643688.12429269
2024-12-17 09:13:00+09:00,85643688.12429269
2024-12-17 09:14:00+09:00,85643688.12429269
2024-12-17 09:15:00+09:00,85643688.12429269
2024-12-17 09:16:00+09:00,85643688.12429269
2024-12-17 09:17:00+09:00,85643688.12429269
2024-12-17 09:18:00+09:00,85643688.12429269
2024-12-17 09:19:00+09:00,85643688.12429269
2024-12-17 09:20:00+09:00,85643688.12429269
2024-12-17 09:21:00+09:00,85643688.12429269
2024-12-17 09:22:00+09:00,85643688.12429269
2024-12-17 09:23:00+09:00,85643688.12429269
2024-12-17 09:24:00+09:00,85643688.12429269
2024-12-17 09:25:00+09:00,85643688.12429269
2024-12-17 09:26:00+09:00,85643688.12429269
2024-12-17 09:27:00+09:00,85643688.12429269
2024-12-17 09:28:00+09:00,85643688.12429269
2024-12-17 09:29:00+09:00,85643688.12429269
2024-12-17 09:30:00+09:00,85643688.12429269
2024-12-17 09:31:00+09:00,85643688.12429269
2024-12-17 09:32:00+09:00,85643688.12429269
2024-12-17 09:33:00+09:00,85643688.12429269
2024-12-17 09:34:00+09:00,85643688.12429269
2024-12-17 09:35:00+09:00,85643688.12429269
2024-12-17 09:36:00+09:00,85643688.12429269
2024-12-17 09:37:00+09:00,85643688.12429269
2024-12-17 09:38:00+09:00,85643688.12429269
2024-12-17 09:39:00+09:00,85643688.12429269
2024-12-17 09:40:00+09:00,85643688.12429269
2024-12-17 09:41:00+09:00,85643688.12429269
2024-12-17 09:42:00+09:00,85643688.12429269
2024-12-17 09:43:00+09:00,85643688.12429269
2024-12-17 09:44:00+09:00,85643688.12429269
2024-12-17 09:45:00+09:00,85643688.12429269
2024-12-17 09:46:00+09:00,85643688.12429269
2024-12-17 09:47:00+09:00,85643688.12429269
2024-12-17 09:48:00+09:00,85643688.12429269
2024-12-17 09:49:00+09:00,85643688.12429269
2024-12-17 09:50:00+09:00,85643688.12429269
2024-12-17 09:51:00+09:00,85643688.12429269
2024-12-17 09:52:00+09:00,85643688.12429269
2024-12-17 09:53:00+09:00,85643688.12429269
2024-12-17 09:54:00+09:00,85643688.12429269
2024-12-17 09:55:00+09:00,85643688.12429269
2024-12-17 09:56:00+09:00,85643688.12429269
2024-12-17 09:57:00+09:00,85643688.12429269
2024-12-17 09:58:00+09:00,85643688.12429269
2024-12-17 09:59:00+09:00,85643688.12429269
2024-12-17 10:00:00+09:00,85643688.12429269
2024-12-17 10:01:00+09:00,85643688.12429269
2024-12-17 10:02:00+09:00,85643688.12429269
2024-12-17 10:03:00+09:00,85643688.12429269
2024-12-17 10:04:00+09:00,85643688.12429269
2024-12-17 10:05:00+09:00,85643688.12429269
2024-12-17 10:06:00+09:00,85643688.12429269
2024-12-17 10:07:00+09:00,85643688.12429269
2024-12-17 10:08:00+09:00,85643688.12429269
2024-12-17 10:09:00+09:00,85643688.12429269
2024-12-17 10:10:00+09:00,85643688.12429269
2024-12-17 10:11:00+09:00,85643688.12429269
2024-12-17 10:12:00+09:00,85643688.12429269
2024-12-17 10:13:00+09:00,85643688.12429269
2024-12-17 10:14:00+09:00,85643688.12429269
2024-12-17 10:15:00+09:00,85643688.12429269
2024-12-17 10:16:00+09:00,85643688.12429269
2024-12-17 10:17:00+09:00,85643688.12429269
2024-12-17 10:18:00+09:00,85643688.12429269
2024-12-17 10:19:00+09:00,85643688.12429269
2024-12-17 10:20:00+09:00,85643688.12429269
2024-12-17 10:21:00+09:00,85643688.12429269
2024-12-17 10:22:00+09:00,85643688.12429269
2024-12-17 10:23:00+09:00,85643688.12429269
2024-12-17 10:24:00+09:00,85643688.12429269
2024-12-17 10:25:00+09:00,85643688.12429269
2024-12-17 10:26:00+09:00,85643688.12429269
2024-12-17 10:27:00+09:00,85643688.12429269
2024-12-17 10:28:00+09:00,85643688.12429269
2024-12-17 10:29:00+09:00,85643688.12429269
2024-12-17 10:30:00+09:00,85643688.12429269
2024-12-17 10:31:00+09:00,85643688.12429269
2024-12-17 10:32:00+09:00,85643688.12429269
2024-12-17 10:33:00+09:00,85643688.12429269
2024-12-17 10:34:00+09:00,85643688.12429269
2024-12-17 10:35:00+09:00,85643688.12429269
2024-12-17 10:36:00+09:00,85643688.12429269
2024-12-17 10:37:00+09:00,85643688.12429269
2024-12-17 10:38:00+09:00,85643688.12429269
2024-12-17 10:39:00+09:00,85643688.12429269
2024-12-17 10:40:00+09:00,85643688.12429269
2024-12-17 10:41:00+09:00,85643688.12429269
2024-12-17 10:42:00+09:00,85643688.12429269
2024-12-17 10:43:00+09:00,85643688.12429269
2024-12-17 10:44:00+09:00,85643688.12429269
2024-12-17 10:45:00+09:00,85643688.12429269
2024-12-17 10:46:00+09:00,85643688.12429269
2024-12-17 10:47:00+09:00,85643688.12429269
2024-12-17 10:48:00+09:00,85643688.12429269
2024-12-17 10:49:00+09:00,85643688.12429269
2024-12-17 10:50:00+09:00,85643688.12429269
2024-12-17 10:51:00+09:00,85643688.12429269
2024-12-17 10:52:00+09:00,85643688.12429269
2024-12-17 10:53:00+09:00,85643688.12429269
2024-12-17 10:54:00+09:00,85643688.12429269
2024-12-17 10:55:00+09:00,85643688.12429269
2024-12-17 10:56:00+09:00,85643688.12429269
2024-12-17 10:57:00+09:00,85643688.12429269
2024-12-17 10:58:00+09:00,85643688.12429269
2024-12-17 10:59:00+09:00,85643688.12429269
2024-12-17 11:00:00+09:00,85643688.12429269
2024-12-17 11:01:00+09:00,85643688.12429269
2024-12-17 11:02:00+09:00,85643688.12429269
2024-12-17 11:03:00+09:00,85643688.12429269
2024-12-17 11:04:00+09:00,85643688.12429269
2024-12-17 11:05:00+09:00,85643688.12429269
2024-12-17 11:06:00+09:00,85643688.12429269
2024-12-17 11:07:00+09:00,85643688.12429269
2024-12-17 11:08:00+09:00,85643688.12429269
2024-12-17 11:09:00+09:00,85643688.12429269
2024-12-17 11:10:00+09:00,85643688.12429269
2024-12-17 11:11:00+09:00,85643688.12429269
2024-12-17 11:12:00+09:00,85643688.12429269
2024-12-17 11:13:00+09:00,85643688.12429269
2024-12-17 11:14:00+09:00,85643688.12429269
2024-12-17 11:15:00+09:00,85643688.12429269
2024-12-17 11:16:00+09:00,85643688.12429269
2024-12-17 11:17:00+09:00,85643688.12429269
2024-12-17 11:18:00+09:00,85643688.12429269
2024-12-17 11:19:00+09:00,85643688.12429269
2024-12-17 11:20:00+09:00,85643688.12429269
2024-12-17 11:21:00+09:00,85643688.12429269
2024-12-17 11:22:00+09:00,85643688.12429269
2024-12-17 11:23:00+09:00,85643688.12429269
2024-12-17 11:24:00+09:00,85643688.12429269
2024-12-17 11:25:00+09:00,85643688.12429269
2024-12-17 11:26:00+09:00,85643688.12429269
2024-12-17 11:27:00+09:00,85643688.12429269
2024-12-17 11:28:00+09:00,85643688.12429269
2024-12-17 11:29:00+09:00,85643688.12429269
2024-12-17 11:30:00+09:00,85643688.12429269
2024-12-17 11:31:00+09:00,85643688.12429269
2024-12-17 11:32:00+09:00,85643688.12429269
2024-12-17 11:33:00+09:00,85643688.12429269
2024-12-17 11:34:00+09:00,85643688.12429269
2024-12-17 11:35:00+09:00,85643688.12429269
2024-12-17 11:36:00+09:00,85643688.12429269
2024-12-17 11:37:00+09:00,85643688.12429269
2024-12-17 11:38:00+09:00,85643688.12429269
2024-12-17 11:39:00+09:00,85643688.12429269
2024-12-17 11:40:00+09:00,85643688.12429269
2024-12-17 11:41:00+09:00,85609430.64904298
2024-12-17 11:42:00+09:00,85609430.64904298
2024-12-17 11:43:00+09:00,85609430.64904298
2024-12-17 11:44:00+09:00,85609430.64904298
2024-12-17 11:45:00+09:00,85609430.64904298
2024-12-17 11:46:00+09:00,85609430.64904298
2024-12-17 11:47:00+09:00,85452349.1249163
2024-12-17 11:48:00+09:00,85452349.1249163
2024-12-17 11:49:00+09:00,85378285.18629058
2024-12-17 11:50:00+09:00,85378285.18629058
2024-12-17 11:51:00+09:00,85378285.18629058
2024-12-17 11:52:00+09:00,85378285.18629058
2024-12-17 11:53:00+09:00,85378285.18629058
2024-12-17 11:54:00+09:00,85378285.18629058
2024-12-17 11:55:00+09:00,85378285.18629058
2024-12-17 11:56:00+09:00,85378285.18629058
2024-12-17 11:57:00+09:00,85378285.18629058
2024-12-17 11:58:00+09:00,85378285.18629058
2024-12-17 11:59:00+09:00,85378285.18629058
2024-12-17 12:00:00+09:00,85378285.18629058
2024-12-17 12:01:00+09:00,85378285.18629058
2024-12-17 12:02:00+09:00,85378285.18629058
2024-12-17 12:03:00+09:00,85378285.18629058
2024-12-17 12:04:00+09:00,85378285.18629058
2024-12-17 12:05:00+09:00,85378285.18629058
2024-12-17 12:06:00+09:00,85378285.18629058
2024-12-17 12:07:00+09:00,85378285.18629058
2024-12-17 12:08:00+09:00,85378285.18629058
2024-12-17 12:09:00+09:00,85378285.18629058
2024-12-17 12:10:00+09:00,85378285.18629058
2024-12-17 12:11:00+09:00,85378285.18629058
2024-12-17 12:12:00+09:00,85378285.18629058
2024-12-17 12:13:00+09:00,85378285.18629058
2024-12-17 12:14:00+09:00,85378285.18629058
2024-12-17 12:15:00+09:00,85378285.18629058
2024-12-17 12:16:00+09:00,85378285.18629058
2024-12-17 12:17:00+09:00,85378285.18629058
2024-12-17 12:18:00+09:00,85378285.18629058
2024-12-17 12:19:00+09:00,85378285.18629058
2024-12-17 12:20:00+09:00,85378285.18629058
2024-12-17 12:21:00+09:00,85378285.18629058
2024-12-17 12:22:00+09:00,85378285.18629058
2024-12-17 12:23:00+09:00,85378285.18629058
2024-12-17 12:24:00+09:00,85378285.18629058
2024-12-17 12:25:00+09:00,85378285.18629058
2024-12-17 12:26:00+09:00,85378285.18629058
2024-12-17 12:27:00+09:00,85378285.18629058
2024-12-17 12:28:00+09:00,85378285.18629058
2024-12-17 12:29:00+09:00,85378285.18629058
2024-12-17 12:30:00+09:00,85378285.18629058
2024-12-17 12:31:00+09:00,85378285.18629058
2024-12-17 12:32:00+09:00,85378285.18629058
2024-12-17 12:33:00+09:00,85378285.18629058
2024-12-17 12:34:00+09:00,85378285.18629058
2024-12-17 12:35:00+09:00,85378285.18629058
2024-12-17 12:36:00+09:00,85378285.18629058
2024-12-17 12:37:00+09:00,85378285.18629058
2024-12-17 12:38:00+09:00,85378285.18629058
2024-12-17 12:39:00+09:00,85378285.18629058
2024-12-17 12:40:00+09:00,85378285.18629058
2024-12-17 12:41:00+09:00,85378285.18629058
2024-12-17 12:42:00+09:00,85378285.18629058
2024-12-17 12:43:00+09:00,85378285.18629058
2024-12-17 12:44:00+09:00,85378285.18629058
2024-12-17 12:45:00+09:00,85378285.18629058
2024-12-17 12:46:00+09:00,85378285.18629058
2024-12-17 12:47:00+09:00,85378285.18629058
2024-12-17 12:48:00+09:00,85378285.18629058
2024-12-17 12:49:00+09:00,85378285.18629058
2024-12-17 12:50:00+09:00,85378285.18629058
2024-12-17 12:51:00+09:00,85378285.18629058
2024-12-17 12:52:00+09:00,85378285.18629058
2024-12-17 12:53:00+09:00,85378285.18629058
2024-12-17 12:54:00+09:00,85378285.18629058
2024-12-17 12:55:00+09:00,85378285.18629058
2024-12-17 12:56:00+09:00,85378285.18629058
2024-12-17 12:57:00+09:00,85378285.18629058
2024-12-17 12:58:00+09:00,85378285.18629058
2024-12-17 12:59:00+09:00,85378285.18629058
2024-12-17 13:00:00+09:00,85378285.18629058
2024-12-17 13:01:00+09:00,85378285.18629058
2024-12-17 13:02:00+09:00,85378285.18629058
2024-12-17 13:03:00+09:00,85378285.18629058
2024-12-17 13:04:00+09:00,85378285.18629058
2024-12-17 13:05:00+09:00,85378285.18629058
2024-12-17 13:06:00+09:00,85378285.18629058
2024-12-17 13:07:00+09:00,85378285.18629058
2024-12-17 13:08:00+09:00,85378285.18629058
2024-12-17 13:09:00+09:00,85378285.18629058
2024-12-17 13:10:00+09:00,85378285.18629058
2024-12-17 13:11:00+09:00,85378285.18629058
2024-12-17 13:12:00+09:00,85378285.18629058
2024-12-17 13:13:00+09:00,85378285.18629058
2024-12-17 13:14:00+09:00,85378285.18629058
2024-12-17 13:15:00+09:00,85378285.18629058
2024-12-17 13:16:00+09:00,85378285.18629058
2024-12-17 13:17:00+09:00,85378285.18629058
2024-12-17 13:18:00+09:00,85378285.18629058
2024-12-17 13:19:00+09:00,85378285.18629058
2024-12-17 13:20:00+09:00,85378285.18629058
2024-12-17 13:21:00+09:00,85378285.18629058
2024-12-17 13:22:00+09:00,85378285.18629058
2024-12-17 13:23:00+09:00,85378285.18629058
2024-12-17 13:24:00+09:00,85378285.18629058
2024-12-17 13:25:00+09:00,85378285.18629058
2024-12-17 13:26:00+09:00,85378285.18629058
2024-12-17 13:27:00+09:00,85378285.18629058
2024-12-17 13:28:00+09:00,85378285.18629058
2024-12-17 13:29:00+09:00,85378285.18629058
2024-12-17 13:30:00+09:00,85378285.18629058
2024-12-17 13:31:00+09:00,85344133.87221606
2024-12-17 13:32:00+09:00,85501305.38947614
2024-12-17 13:33:00+09:00,85344133.87221608
2024-12-17 13:34:00+09:00,85501305.38947615
2024-12-17 13:35:00+09:00,85344133.87221609
2024-12-17 13:36:00+09:00,85344133.87221609
2024-12-17 13:37:00+09:00,85501305.38947617
2024-12-17 13:38:00+09:00,85344133.8722161
2024-12-17 13:39:00+09:00,85344133.8722161
2024-12-17 13:40:00+09:00,85344133.8722161
2024-12-17 13:41:00+09:00,85344133.8722161
2024-12-17 13:42:00+09:00,85186962.35495605
2024-12-17 13:43:00+09:00,85186962.35495605
2024-12-17 13:44:00+09:00,84956957.55659766
2024-12-17 13:45:00+09:00,84956957.55659766
2024-12-17 13:46:00+09:00,84956957.55659766
2024-12-17 13:47:00+09:00,84956957.55659766
2024-12-17 13:48:00+09:00,84956957.55659766
2024-12-17 13:49:00+09:00,84956957.55659766
2024-12-17 13:50:00+09:00,84956957.55659766
2024-12-17 13:51:00+09:00,84956957.55659766
2024-12-17 13:52:00+09:00,84956957.55659766
2024-12-17 13:53:00+09:00,84956957.55659766
2024-12-17 13:54:00+09:00,84956957.55659766
2024-12-17 13:55:00+09:00,84956957.55659766
2024-12-17 13:56:00+09:00,84956957.55659766
2024-12-17 13:57:00+09:00,84922974.77357502
2024-12-17 13:58:00+09:00,84693682.74168637
2024-12-17 13:59:00+09:00,84693682.74168637
2024-12-17 14:00:00+09:00,84693682.74168637
2024-12-17 14:01:00+09:00,84693682.74168637
2024-12-17 14:02:00+09:00,84693682.74168637
2024-12-17 14:03:00+09:00,84693682.74168637
2024-12-17 14:04:00+09:00,84693682.74168637
2024-12-17 14:05:00+09:00,84693682.74168637
2024-12-17 14:06:00+09:00,84693682.74168637
2024-12-17 14:07:00+09:00,84693682.74168637
2024-12-17 14:08:00+09:00,84693682.74168637
2024-12-17 14:09:00+09:00,84693682.74168637
2024-12-17 14:10:00+09:00,84693682.74168637
2024-12-17 14:11:00+09:00,84693682.74168637
2024-12-17 14:12:00+09:00,84693682.74168637
2024-12-17 14:13:00+09:00,84693682.74168637
2024-12-17 14:14:00+09:00,84693682.74168637
2024-12-17 14:15:00+09:00,84693682.74168637
2024-12-17 14:16:00+09:00,84693682.74168637
2024-12-17 14:17:00+09:00,84693682.74168637
2024-12-17 14:18:00+09:00,84693682.74168637
2024-12-17 14:19:00+09:00,84693682.74168637
2024-12-17 14:20:00+09:00,84693682.74168637
2024-12-17 14:21:00+09:00,84693682.74168637
2024-12-17 14:22:00+09:00,84693682.74168637
2024-12-17 14:23:00+09:00,84693682.74168637
2024-12-17 14:24:00+09:00,84693682.74168637
2024-12-17 14:25:00+09:00,84693682.74168637
2024-12-17 14:26:00+09:00,84693682.74168637
2024-12-17 14:27:00+09:00,84693682.74168637
2024-12-17 14:28:00+09:00,84693682.74168637
2024-12-17 14:29:00+09:00,84693682.74168637
2024-12-17 14:30:00+09:00,84693682.74168637
2024-12-17 14:31:00+09:00,84693682.74168637
2024-12-17 14:32:00+09:00,84693682.74168637
2024-12-17 14:33:00+09:00,84693682.74168637
2024-12-17 14:34:00+09:00,84693682.74168637
2024-12-17 14:35:00+09:00,84693682.74168637
2024-12-17 14:36:00+09:00,84693682.74168637
2024-12-17 14:37:00+09:00,84693682.74168637
2024-12-17 14:38:00+09:00,84659805.2685897
2024-12-17 14:39:00+09:00,84431223.79436451
2024-12-17 14:40:00+09:00,84431223.79436451
2024-12-17 14:41:00+09:00,84431223.79436451
2024-12-17 14:42:00+09:00,84431223.79436451
2024-12-17 14:43:00+09:00,84431223.79436451
2024-12-17 14:44:00+09:00,84431223.79436451
2024-12-17 14:45:00+09:00,84431223.79436451
2024-12-17 14:46:00+09:00,84431223.79436451
2024-12-17 14:47:00+09:00,84431223.79436451
2024-12-17 14:48:00+09:00,84431223.79436451
2024-12-17 14:49:00+09:00,84431223.79436451
2024-12-17 14:50:00+09:00,84397451.30484676
2024-12-17 14:51:00+09:00,84397451.30484676
2024-12-17 14:52:00+09:00,84397451.30484676
2024-12-17 14:53:00+09:00,84242308.93112461
2024-12-17 14:54:00+09:00,84397451.30484676
2024-12-17 14:55:00+09:00,84397451.30484676
2024-12-17 14:56:00+09:00,84397451.30484676
2024-12-17 14:57:00+09:00,84397451.30484676
2024-12-17 14:58:00+09:00,84397451.30484676
2024-12-17 14:59:00+09:00,84397451.30484676
2024-12-17 15:00:00+09:00,84397451.30484676
2024-12-17 15:01:00+09:00,84397451.30484676
2024-12-17 15:02:00+09:00,84552593.67856891
2024-12-17 15:03:00+09:00,84552593.67856891
2024-12-17 15:04:00+09:00,84707736.05229105
2024-12-17 15:05:00+09:00,84552593.6785689
2024-12-17 15:06:00+09:00,84707736.05229104
2024-12-17 15:07:00+09:00,84707736.05229104
2024-12-17 15:08:00+09:00,84707736.05229104
2024-12-17 15:09:00+09:00,84707736.05229104
2024-12-17 15:10:00+09:00,84707736.05229104
2024-12-17 15:11:00+09:00,84397451.30484675
2024-12-17 15:12:00+09:00,84552593.6785689
2024-12-17 15:13:00+09:00,84552593.6785689
2024-12-17 15:14:00+09:00,84552593.6785689
2024-12-17 15:15:00+09:00,84552593.6785689
2024-12-17 15:16:00+09:00,84552593.6785689
2024-12-17 15:17:00+09:00,84397451.30484676
2024-12-17 15:18:00+09:00,84552593.67856891
2024-12-17 15:19:00+09:00,84397451.30484678
2024-12-17 15:30:00+09:00,84087166.55740249
2024-12-17 15:35:00+09:00,84087166.55740249
2024-12-18 09:00:00+09:00,84324301.67563678
2024-12-18 09:01:00+09:00,84324301.67563678
2024-12-18 09:02:00+09:00,84324301.67563678
2024-12-18 09:03:00+09:00,84324301.67563678
2024-12-18 09:04:00+09:00,84324301.67563678
2024-12-18 09:05:00+09:00,84324301.67563678
2024-12-18 09:06:00+09:00,84324301.67563678
2024-12-18 09:07:00+09:00,84324301.67563678
2024-12-18 09:08:00+09:00,84324301.67563678
2024-12-18 09:09:00+09:00,84324301.67563678
2024-12-18 09:10:00+09:00,84324301.67563678
2024-12-18 09:11:00+09:00,84290571.95496653
2024-12-18 09:12:00+09:00,84445233.5548839
2024-12-18 09:13:00+09:00,84445233.5548839
2024-12-18 09:14:00+09:00,84445233.5548839
2024-12-18 09:15:00+09:00,84445233.5548839
2024-12-18 09:16:00+09:00,84599895.15480126
2024-12-18 09:17:00+09:00,84445233.5548839
2024-12-18 09:18:00+09:00,84290571.95496653
2024-12-18 09:19:00+09:00,84135910.35504916
2024-12-18 09:20:00+09:00,84135910.35504916
2024-12-18 09:21:00+09:00,84062987.41068813
2024-12-18 09:22:00+09:00,84062987.41068813
2024-12-18 09:23:00+09:00,84062987.41068813
2024-12-18 09:24:00+09:00,84062987.41068813
2024-12-18 09:25:00+09:00,84062987.41068813
2024-12-18 09:26:00+09:00,84062987.41068813
2024-12-18 09:27:00+09:00,84062987.41068813
2024-12-18 09:28:00+09:00,84062987.41068813
2024-12-18 09:29:00+09:00,84062987.41068813
2024-12-18 09:30:00+09:00,84062987.41068813
2024-12-18 09:31:00+09:00,84062987.41068813
2024-12-18 09:32:00+09:00,84029362.21572386
2024-12-18 09:33:00+09:00,83876303.26815423
2024-12-18 09:34:00+09:00,84029362.21572387
2024-12-18 09:35:00+09:00,84029362.21572387
2024-12-18 09:36:00+09:00,83723244.32058463
2024-12-18 09:37:00+09:00,83723244.32058463
2024-12-18 09:38:00+09:00,83723244.32058463
2024-12-18 09:39:00+09:00,84029362.21572387
2024-12-18 09:40:00+09:00,84029362.21572387
2024-12-18 09:41:00+09:00,84029362.21572387
2024-12-18 09:42:00+09:00,84029362.21572387
2024-12-18 09:43:00+09:00,84029362.21572387
2024-12-18 09:44:00+09:00,83876303.26815425
2024-12-18 09:45:00+09:00,84029362.21572389
2024-12-18 09:46:00+09:00,84029362.21572389
2024-12-18 09:47:00+09:00,83876303.26815426
2024-12-18 09:48:00+09:00,83876303.26815426
2024-12-18 09:49:00+09:00,83876303.26815426
2024-12-18 09:50:00+09:00,84029362.2157239
2024-12-18 09:51:00+09:00,84182421.16329353
2024-12-18 09:52:00+09:00,84029362.2157239
2024-12-18 09:53:00+09:00,84182421.16329353
2024-12-18 09:54:00+09:00,84182421.16329353
2024-12-18 09:55:00+09:00,84335480.11086315
2024-12-18 09:56:00+09:00,84182421.16329353
2024-12-18 09:57:00+09:00,84029362.2157239
2024-12-18 09:58:00+09:00,83876303.26815428
2024-12-18 09:59:00+09:00,84029362.21572392
2024-12-18 10:00:00+09:00,83876303.2681543
2024-12-18 10:01:00+09:00,84029362.21572393
2024-12-18 10:02:00+09:00,84029362.21572393
2024-12-18 10:03:00+09:00,84029362.21572393
2024-12-18 10:04:00+09:00,84029362.21572393
2024-12-18 10:05:00+09:00,84029362.21572393
2024-12-18 10:06:00+09:00,84029362.21572393
2024-12-18 10:07:00+09:00,83876303.26815431
2024-12-18 10:08:00+09:00,84029362.21572395
2024-12-18 10:09:00+09:00,84029362.21572395
2024-12-18 10:10:00+09:00,84182421.16329357
2024-12-18 10:11:00+09:00,84029362.21572395
2024-12-18 10:12:00+09:00,84029362.21572395
2024-12-18 10:13:00+09:00,84029362.21572395
2024-12-18 10:14:00+09:00,84182421.16329357
2024-12-18 10:15:00+09:00,84029362.21572395
2024-12-18 10:16:00+09:00,84182421.16329357
2024-12-18 10:17:00+09:00,84182421.16329357
2024-12-18 10:18:00+09:00,84335480.1108632
2024-12-18 10:19:00+09:00,84335480.1108632
2024-12-18 10:20:00+09:00,84335480.1108632
2024-12-18 10:21:00+09:00,84335480.1108632
2024-12-18 10:22:00+09:00,84182421.16329357
2024-12-18 10:23:00+09:00,84182421.16329357
2024-12-18 10:24:00+09:00,84335480.1108632
2024-12-18 10:25:00+09:00,84335480.1108632
2024-12-18 10:26:00+09:00,84335480.1108632
2024-12-18 10:27:00+09:00,84488539.0584328
2024-12-18 10:28:00+09:00,84335480.11086318
2024-12-18 10:29:00+09:00,84335480.11086318
2024-12-18 10:30:00+09:00,84335480.11086318
2024-12-18 10:31:00+09:00,84335480.11086318
2024-12-18 10:32:00+09:00,84335480.11086318
2024-12-18 10:33:00+09:00,84335480.11086318
2024-12-18 10:34:00+09:00,84182421.16329356
2024-12-18 10:35:00+09:00,84182421.16329356
2024-12-18 10:36:00+09:00,84335480.11086318
2024-12-18 10:37:00+09:00,84182421.16329356
2024-12-18 10:38:00+09:00,84182421.16329356
2024-12-18 10:39:00+09:00,84335480.11086318
2024-12-18 10:40:00+09:00,84335480.11086318
2024-12-18 10:41:00+09:00,84335480.11086318
2024-12-18 10:42:00+09:00,84335480.11086318
2024-12-18 10:43:00+09:00,84335480.11086318
2024-12-18 10:44:00+09:00,84335480.11086318
2024-12-18 10:45:00+09:00,84182421.16329356
2024-12-18 10:46:00+09:00,84182421.16329356
2024-12-18 10:47:00+09:00,84335480.11086318
2024-12-18 10:48:00+09:00,84182421.16329356
2024-12-18 10:49:00+09:00,84335480.11086318
2024-12-18 10:50:00+09:00,84182421.16329356
2024-12-18 10:51:00+09:00,84029362.21572393
2024-12-18 10:52:00+09:00,83802482.93774147
2024-12-18 10:53:00+09:00,83802482.93774147
2024-12-18 10:54:00+09:00,83802482.93774147
2024-12-18 10:55:00+09:00,83802482.93774147
2024-12-18 10:56:00+09:00,83802482.93774147
2024-12-18 10:57:00+09:00,83802482.93774147
2024-12-18 10:58:00+09:00,83802482.93774147
2024-12-18 10:59:00+09:00,83802482.93774147
2024-12-18 11:00:00+09:00,83802482.93774147
2024-12-18 11:01:00+09:00,83802482.93774147
2024-12-18 11:02:00+09:00,83802482.93774147
2024-12-18 11:03:00+09:00,83802482.93774147
2024-12-18 11:04:00+09:00,83802482.93774147
2024-12-18 11:05:00+09:00,83802482.93774147
2024-12-18 11:06:00+09:00,83802482.93774147
2024-12-18 11:07:00+09:00,83802482.93774147
2024-12-18 11:08:00+09:00,83802482.93774147
2024-12-18 11:09:00+09:00,83802482.93774147
2024-12-18 11:10:00+09:00,83802482.93774147
2024-12-18 11:11:00+09:00,83802482.93774147
2024-12-18 11:12:00+09:00,83802482.93774147
2024-12-18 11:13:00+09:00,83802482.93774147
2024-12-18 11:14:00+09:00,83802482.93774147
2024-12-18 11:15:00+09:00,83802482.93774147
2024-12-18 11:16:00+09:00,83802482.93774147
2024-12-18 11:17:00+09:00,83802482.93774147
2024-12-18 11:18:00+09:00,83802482.93774147
2024-12-18 11:19:00+09:00,83802482.93774147
2024-12-18 11:20:00+09:00,83802482.93774147
2024-12-18 11:21:00+09:00,83802482.93774147
2024-12-18 11:22:00+09:00,83802482.93774147
2024-12-18 11:23:00+09:00,83802482.93774147
2024-12-18 11:24:00+09:00,83802482.93774147
2024-12-18 11:25:00+09:00,83802482.93774147
2024-12-18 11:26:00+09:00,83802482.93774147
2024-12-18 11:27:00+09:00,83802482.93774147
2024-12-18 11:28:00+09:00,83802482.93774147
2024-12-18 11:29:00+09:00,83802482.93774147
2024-12-18 11:30:00+09:00,83802482.93774147
2024-12-18 11:31:00+09:00,83802482.93774147
2024-12-18 11:32:00+09:00,83802482.93774147
2024-12-18 11:33:00+09:00,83802482.93774147
2024-12-18 11:34:00+09:00,83802482.93774147
2024-12-18 11:35:00+09:00,83802482.93774147
2024-12-18 11:36:00+09:00,83802482.93774147
2024-12-18 11:37:00+09:00,83802482.93774147
2024-12-18 11:38:00+09:00,83802482.93774147
2024-12-18 11:39:00+09:00,83802482.93774147
2024-12-18 11:40:00+09:00,83802482.93774147
2024-12-18 11:41:00+09:00,83802482.93774147
2024-12-18 11:42:00+09:00,83802482.93774147
2024-12-18 11:43:00+09:00,83802482.93774147
2024-12-18 11:44:00+09:00,83802482.93774147
2024-12-18 11:45:00+09:00,83802482.93774147
2024-12-18 11:46:00+09:00,83802482.93774147
2024-12-18 11:47:00+09:00,83802482.93774147
2024-12-18 11:48:00+09:00,83802482.93774147
2024-12-18 11:49:00+09:00,83802482.93774147
2024-12-18 11:50:00+09:00,83768961.94456638
2024-12-18 11:51:00+09:00,83768961.94456638
2024-12-18 11:52:00+09:00,83616931.16063794
2024-12-18 11:53:00+09:00,83616931.16063794
2024-12-18 11:54:00+09:00,83391165.44650422
2024-12-18 11:55:00+09:00,83391165.44650422
2024-12-18 11:56:00+09:00,83391165.44650422
2024-12-18 11:57:00+09:00,83391165.44650422
2024-12-18 11:58:00+09:00,83391165.44650422
2024-12-18 11:59:00+09:00,83391165.44650422
2024-12-18 12:00:00+09:00,83391165.44650422
2024-12-18 12:01:00+09:00,83391165.44650422
2024-12-18 12:02:00+09:00,83391165.44650422
2024-12-18 12:03:00+09:00,83391165.44650422
2024-12-18 12:04:00+09:00,83391165.44650422
2024-12-18 12:05:00+09:00,83391165.44650422
2024-12-18 12:06:00+09:00,83391165.44650422
2024-12-18 12:07:00+09:00,83357808.98032562
2024-12-18 12:08:00+09:00,83509368.63301712
2024-12-18 12:09:00+09:00,83132742.89607874
2024-12-18 12:10:00+09:00,83132742.89607874
2024-12-18 12:11:00+09:00,83132742.89607874
2024-12-18 12:12:00+09:00,83132742.89607874
2024-12-18 12:13:00+09:00,83132742.89607874
2024-12-18 12:14:00+09:00,83132742.89607874
2024-12-18 12:15:00+09:00,83132742.89607874
2024-12-18 12:16:00+09:00,83132742.89607874
2024-12-18 12:17:00+09:00,83132742.89607874
2024-12-18 12:18:00+09:00,83132742.89607874
2024-12-18 12:19:00+09:00,83132742.89607874
2024-12-18 12:20:00+09:00,83099489.7989203
2024-12-18 12:21:00+09:00,82875121.17646322
2024-12-18 12:22:00+09:00,82875121.17646322
2024-12-18 12:23:00+09:00,82875121.17646322
2024-12-18 12:24:00+09:00,82875121.17646322
2024-12-18 12:25:00+09:00,82875121.17646322
2024-12-18 12:26:00+09:00,82875121.17646322
2024-12-18 12:27:00+09:00,82875121.17646322
2024-12-18 12:28:00+09:00,82875121.17646322
2024-12-18 12:29:00+09:00,82875121.17646322
2024-12-18 12:30:00+09:00,82875121.17646322
2024-12-18 12:31:00+09:00,82875121.17646322
2024-12-18 12:32:00+09:00,82841971.12799263
2024-12-18 12:33:00+09:00,82618297.80594705
2024-12-18 12:34:00+09:00,82618297.80594705
2024-12-18 12:35:00+09:00,82618297.80594705
2024-12-18 12:36:00+09:00,82618297.80594705
2024-12-18 12:37:00+09:00,82618297.80594705
2024-12-18 12:38:00+09:00,82618297.80594705
2024-12-18 12:39:00+09:00,82618297.80594705
2024-12-18 12:40:00+09:00,82618297.80594705
2024-12-18 12:41:00+09:00,82618297.80594705
2024-12-18 12:42:00+09:00,82618297.80594705
2024-12-18 12:43:00+09:00,82618297.80594705
2024-12-18 12:44:00+09:00,82618297.80594705
2024-12-18 12:45:00+09:00,82618297.80594705
2024-12-18 12:46:00+09:00,82618297.80594705
2024-12-18 12:47:00+09:00,82618297.80594705
2024-12-18 12:48:00+09:00,82618297.80594705
2024-12-18 12:49:00+09:00,82618297.80594705
2024-12-18 12:50:00+09:00,82618297.80594705
2024-12-18 12:51:00+09:00,82618297.80594705
2024-12-18 12:52:00+09:00,82618297.80594705
2024-12-18 12:53:00+09:00,82618297.80594705
2024-12-18 12:54:00+09:00,82618297.80594705
2024-12-18 12:55:00+09:00,82618297.80594705
2024-12-18 12:56:00+09:00,82618297.80594705
2024-12-18 12:57:00+09:00,82618297.80594705
2024-12-18 12:58:00+09:00,82618297.80594705
2024-12-18 12:59:00+09:00,82618297.80594705
2024-12-18 13:00:00+09:00,82618297.80594705
2024-12-18 13:01:00+09:00,82618297.80594705
2024-12-18 13:02:00+09:00,82618297.80594705
2024-12-18 13:03:00+09:00,82618297.80594705
2024-12-18 13:04:00+09:00,82618297.80594705
2024-12-18 13:05:00+09:00,82618297.80594705
2024-12-18 13:06:00+09:00,82618297.80594705
2024-12-18 13:07:00+09:00,82618297.80594705
2024-12-18 13:08:00+09:00,82618297.80594705
2024-12-18 13:09:00+09:00,82618297.80594705
2024-12-18 13:10:00+09:00,82618297.80594705
2024-12-18 13:11:00+09:00,82618297.80594705
2024-12-18 13:12:00+09:00,82618297.80594705
2024-12-18 13:13:00+09:00,82618297.80594705
2024-12-18 13:14:00+09:00,82618297.80594705
2024-12-18 13:15:00+09:00,82618297.80594705
2024-12-18 13:16:00+09:00,82618297.80594705
2024-12-18 13:17:00+09:00,82618297.80594705
2024-12-18 13:18:00+09:00,82618297.80594705
2024-12-18 13:19:00+09:00,82618297.80594705
2024-12-18 13:20:00+09:00,82618297.80594705
2024-12-18 13:21:00+09:00,82618297.80594705
2024-12-18 13:22:00+09:00,82618297.80594705
2024-12-18 13:23:00+09:00,82618297.80594705
2024-12-18 13:24:00+09:00,82618297.80594705
2024-12-18 13:25:00+09:00,82618297.80594705
2024-12-18 13:26:00+09:00,82618297.80594705
2024-12-18 13:27:00+09:00,82618297.80594705
2024-12-18 13:28:00+09:00,82618297.80594705
2024-12-18 13:29:00+09:00,82585250.48682468
2024-12-18 13:30:00+09:00,82885560.48859495
2024-12-18 13:31:00+09:00,82885560.48859495
2024-12-18 13:32:00+09:00,82735405.4877098
2024-12-18 13:33:00+09:00,82885560.48859493
2024-12-18 13:34:00+09:00,82885560.48859493
2024-12-18 13:35:00+09:00,82735405.4877098
2024-12-18 13:36:00+09:00,82885560.48859493
2024-12-18 13:37:00+09:00,82885560.48859493
2024-12-18 13:38:00+09:00,82885560.48859493
2024-12-18 13:39:00+09:00,82885560.48859493
2024-12-18 13:40:00+09:00,82885560.48859493
2024-12-18 13:41:00+09:00,83035715.48948006
2024-12-18 13:42:00+09:00,83035715.48948006
2024-12-18 13:43:00+09:00,82885560.48859492
2024-12-18 13:44:00+09:00,82885560.48859492
2024-12-18 13:45:00+09:00,82885560.48859492
2024-12-18 13:46:00+09:00,83035715.48948005
2024-12-18 13:47:00+09:00,82885560.4885949
2024-12-18 13:48:00+09:00,82885560.4885949
2024-12-18 13:49:00+09:00,82885560.4885949
2024-12-18 13:50:00+09:00,82885560.4885949
2024-12-18 13:51:00+09:00,82885560.4885949
2024-12-18 13:52:00+09:00,83035715.48948003
2024-12-18 13:53:00+09:00,82885560.48859489
2024-12-18 13:54:00+09:00,82885560.48859489
2024-12-18 13:55:00+09:00,82885560.48859489
2024-12-18 13:56:00+09:00,82885560.48859489
2024-12-18 13:57:00+09:00,82735405.48770976
2024-12-18 13:58:00+09:00,82885560.48859489
2024-12-18 13:59:00+09:00,82885560.48859489
2024-12-18 14:00:00+09:00,82885560.48859489
2024-12-18 14:01:00+09:00,82885560.48859489
2024-12-18 14:02:00+09:00,82885560.48859489
2024-12-18 14:03:00+09:00,82885560.48859489
2024-12-18 14:04:00+09:00,82885560.48859489
2024-12-18 14:05:00+09:00,83035715.48948002
2024-12-18 14:06:00+09:00,83035715.48948002
2024-12-18 14:07:00+09:00,82885560.48859487
2024-12-18 14:08:00+09:00,83035715.48948
2024-12-18 14:09:00+09:00,83035715.48948
2024-12-18 14:10:00+09:00,82885560.48859486
2024-12-18 14:11:00+09:00,82885560.48859486
2024-12-18 14:12:00+09:00,82885560.48859486
2024-12-18 14:13:00+09:00,83035715.48947999
2024-12-18 14:14:00+09:00,82885560.48859484
2024-12-18 14:15:00+09:00,83035715.48947997
2024-12-18 14:16:00+09:00,82885560.48859483
2024-12-18 14:17:00+09:00,83035715.48947996
2024-12-18 14:18:00+09:00,82885560.48859482
2024-12-18 14:19:00+09:00,82885560.48859482
2024-12-18 14:20:00+09:00,82885560.48859482
2024-12-18 14:21:00+09:00,82885560.48859482
2024-12-18 14:22:00+09:00,83035715.48947994
2024-12-18 14:23:00+09:00,83035715.48947994
2024-12-18 14:24:00+09:00,82885560.4885948
2024-12-18 14:25:00+09:00,83035715.48947993
2024-12-18 14:26:00+09:00,82661769.47527558
2024-12-18 14:27:00+09:00,82661769.47527558
2024-12-18 14:28:00+09:00,82661769.47527558
2024-12-18 14:29:00+09:00,82661769.47527558
2024-12-18 14:30:00+09:00,82661769.47527558
2024-12-18 14:31:00+09:00,82661769.47527558
2024-12-18 14:32:00+09:00,82661769.47527558
2024-12-18 14:33:00+09:00,82661769.47527558
2024-12-18 14:34:00+09:00,82661769.47527558
2024-12-18 14:35:00+09:00,82661769.47527558
2024-12-18 14:36:00+09:00,82661769.47527558
2024-12-18 14:37:00+09:00,82628704.76748547
2024-12-18 14:38:00+09:00,82554892.78502016
2024-12-18 14:39:00+09:00,82554892.78502016
2024-12-18 14:40:00+09:00,82554892.78502016
2024-12-18 14:41:00+09:00,82554892.78502016
2024-12-18 14:42:00+09:00,82554892.78502016
2024-12-18 14:43:00+09:00,82554892.78502016
2024-12-18 14:44:00+09:00,82554892.78502016
2024-12-18 14:45:00+09:00,82554892.78502016
2024-12-18 14:46:00+09:00,82554892.78502016
2024-12-18 14:47:00+09:00,82554892.78502016
2024-12-18 14:48:00+09:00,82554892.78502016
2024-12-18 14:49:00+09:00,82521870.82790615
2024-12-18 14:50:00+09:00,82372914.3823684
2024-12-18 14:51:00+09:00,82372914.3823684
2024-12-18 14:52:00+09:00,82223957.93683065
2024-12-18 14:53:00+09:00,82223957.93683065
2024-12-18 14:54:00+09:00,82150507.51353599
2024-12-18 14:55:00+09:00,82150507.51353599
2024-12-18 14:56:00+09:00,82150507.51353599
2024-12-18 14:57:00+09:00,82150507.51353599
2024-12-18 14:58:00+09:00,82150507.51353599
2024-12-18 14:59:00+09:00,82150507.51353599
2024-12-18 15:00:00+09:00,82150507.51353599
2024-12-18 15:01:00+09:00,82150507.51353599
2024-12-18 15:02:00+09:00,82150507.51353599
2024-12-18 15:03:00+09:00,82150507.51353599
2024-12-18 15:04:00+09:00,82150507.51353599
2024-12-18 15:05:00+09:00,82150507.51353599
2024-12-18 15:06:00+09:00,82150507.51353599
2024-12-18 15:07:00+09:00,82117647.31053057
2024-12-18 15:08:00+09:00,81969152.46910104
2024-12-18 15:09:00+09:00,81820657.62767151
2024-12-18 15:10:00+09:00,81747835.75743446
2024-12-18 15:11:00+09:00,81747835.75743446
2024-12-18 15:12:00+09:00,81747835.75743446
2024-12-18 15:13:00+09:00,81747835.75743446
2024-12-18 15:14:00+09:00,81747835.75743446
2024-12-18 15:15:00+09:00,81747835.75743446
2024-12-18 15:16:00+09:00,81747835.75743446
2024-12-18 15:17:00+09:00,81747835.75743446
2024-12-18 15:18:00+09:00,81747835.75743446
2024-12-18 15:19:00+09:00,81747835.75743446
2024-12-18 15:30:00+09:00,81747835.75743446
2024-12-18 15:35:00+09:00,81747835.75743446
2024-12-19 09:00:00+09:00,81747835.75743446
2024-12-19 09:01:00+09:00,81747835.75743446
2024-12-19 09:02:00+09:00,81747835.75743446
2024-12-19 09:03:00+09:00,81747835.75743446
2024-12-19 09:04:00+09:00,81747835.75743446
2024-12-19 09:05:00+09:00,81747835.75743446
2024-12-19 09:06:00+09:00,81747835.75743446
2024-12-19 09:07:00+09:00,81747835.75743446
2024-12-19 09:08:00+09:00,81747835.75743446
2024-12-19 09:09:00+09:00,81747835.75743446
2024-12-19 09:10:00+09:00,81747835.75743446
2024-12-19 09:11:00+09:00,81747835.75743446
2024-12-19 09:12:00+09:00,81747835.75743446
2024-12-19 09:13:00+09:00,81747835.75743446
2024-12-19 09:14:00+09:00,81747835.75743446
2024-12-19 09:15:00+09:00,81747835.75743446
2024-12-19 09:16:00+09:00,81747835.75743446
2024-12-19 09:17:00+09:00,81747835.75743446
2024-12-19 09:18:00+09:00,81747835.75743446
2024-12-19 09:19:00+09:00,81747835.75743446
2024-12-19 09:20:00+09:00,81747835.75743446
2024-12-19 09:21:00+09:00,81747835.75743446
2024-12-19 09:22:00+09:00,81747835.75743446
2024-12-19 09:23:00+09:00,81747835.75743446
2024-12-19 09:24:00+09:00,81747835.75743446
2024-12-19 09:25:00+09:00,81747835.75743446
2024-12-19 09:26:00+09:00,81747835.75743446
2024-12-19 09:27:00+09:00,81747835.75743446
2024-12-19 09:28:00+09:00,81747835.75743446
2024-12-19 09:29:00+09:00,81747835.75743446
2024-12-19 09:30:00+09:00,81747835.75743446
2024-12-19 09:31:00+09:00,81747835.75743446
2024-12-19 09:32:00+09:00,81747835.75743446
2024-12-19 09:33:00+09:00,81747835.75743446
2024-12-19 09:34:00+09:00,81747835.75743446
2024-12-19 09:35:00+09:00,81747835.75743446
2024-12-19 09:36:00+09:00,81747835.75743446
2024-12-19 09:37:00+09:00,81747835.75743446
2024-12-19 09:38:00+09:00,81747835.75743446
2024-12-19 09:39:00+09:00,81747835.75743446
2024-12-19 09:40:00+09:00,81747835.75743446
2024-12-19 09:41:00+09:00,81747835.75743446
2024-12-19 09:42:00+09:00,81747835.75743446
2024-12-19 09:43:00+09:00,81747835.75743446
2024-12-19 09:44:00+09:00,81747835.75743446
2024-12-19 09:45:00+09:00,81747835.75743446
2024-12-19 09:46:00+09:00,81747835.75743446
2024-12-19 09:47:00+09:00,81747835.75743446
2024-12-19 09:48:00+09:00,81747835.75743446
2024-12-19 09:49:00+09:00,81747835.75743446
2024-12-19 09:50:00+09:00,81747835.75743446
2024-12-19 09:51:00+09:00,81747835.75743446
2024-12-19 09:52:00+09:00,81747835.75743446
2024-12-19 09:53:00+09:00,81747835.75743446
2024-12-19 09:54:00+09:00,81747835.75743446
2024-12-19 09:55:00+09:00,81747835.75743446
2024-12-19 09:56:00+09:00,81747835.75743446
2024-12-19 09:57:00+09:00,81747835.75743446
2024-12-19 09:58:00+09:00,81747835.75743446
2024-12-19 09:59:00+09:00,81747835.75743446
2024-12-19 10:00:00+09:00,81747835.75743446
2024-12-19 10:01:00+09:00,81747835.75743446
2024-12-19 10:02:00+09:00,81747835.75743446
2024-12-19 10:03:00+09:00,81747835.75743446
2024-12-19 10:04:00+09:00,81747835.75743446
2024-12-19 10:05:00+09:00,81747835.75743446
2024-12-19 10:06:00+09:00,81747835.75743446
2024-12-19 10:07:00+09:00,81747835.75743446
2024-12-19 10:08:00+09:00,81747835.75743446
2024-12-19 10:09:00+09:00,81747835.75743446
2024-12-19 10:10:00+09:00,81747835.75743446
2024-12-19 10:11:00+09:00,81747835.75743446
2024-12-19 10:12:00+09:00,81747835.75743446
2024-12-19 10:13:00+09:00,81747835.75743446
2024-12-19 10:14:00+09:00,81747835.75743446
2024-12-19 10:15:00+09:00,81747835.75743446
2024-12-19 10:16:00+09:00,81747835.75743446
2024-12-19 10:17:00+09:00,81747835.75743446
2024-12-19 10:18:00+09:00,81747835.75743446
2024-12-19 10:19:00+09:00,81747835.75743446
2024-12-19 10:20:00+09:00,81747835.75743446
2024-12-19 10:21:00+09:00,81747835.75743446
2024-12-19 10:22:00+09:00,81747835.75743446
2024-12-19 10:23:00+09:00,81747835.75743446
2024-12-19 10:24:00+09:00,81747835.75743446
2024-12-19 10:25:00+09:00,81747835.75743446
2024-12-19 10:26:00+09:00,81747835.75743446
2024-12-19 10:27:00+09:00,81747835.75743446
2024-12-19 10:28:00+09:00,81747835.75743446
2024-12-19 10:29:00+09:00,81747835.75743446
2024-12-19 10:30:00+09:00,81747835.75743446
2024-12-19 10:31:00+09:00,81747835.75743446
2024-12-19 10:32:00+09:00,81747835.75743446
2024-12-19 10:33:00+09:00,81747835.75743446
2024-12-19 10:34:00+09:00,81747835.75743446
2024-12-19 10:35:00+09:00,81747835.75743446
2024-12-19 10:36:00+09:00,81747835.75743446
2024-12-19 10:37:00+09:00,81747835.75743446
2024-12-19 10:38:00+09:00,81747835.75743446
2024-12-19 10:39:00+09:00,81747835.75743446
2024-12-19 10:40:00+09:00,81747835.75743446
2024-12-19 10:41:00+09:00,81747835.75743446
2024-12-19 10:42:00+09:00,81747835.75743446
2024-12-19 10:43:00+09:00,81747835.75743446
2024-12-19 10:44:00+09:00,81747835.75743446
2024-12-19 10:45:00+09:00,81747835.75743446
2024-12-19 10:46:00+09:00,81747835.75743446
2024-12-19 10:47:00+09:00,81747835.75743446
2024-12-19 10:48:00+09:00,81747835.75743446
2024-12-19 10:49:00+09:00,81747835.75743446
2024-12-19 10:50:00+09:00,81747835.75743446
2024-12-19 10:51:00+09:00,81747835.75743446
2024-12-19 10:52:00+09:00,81747835.75743446
2024-12-19 10:53:00+09:00,81747835.75743446
2024-12-19 10:54:00+09:00,81747835.75743446
2024-12-19 10:55:00+09:00,81747835.75743446
2024-12-19 10:56:00+09:00,81747835.75743446
2024-12-19 10:57:00+09:00,81747835.75743446
2024-12-19 10:58:00+09:00,81747835.75743446
2024-12-19 10:59:00+09:00,81747835.75743446
2024-12-19 11:00:00+09:00,81747835.75743446
2024-12-19 11:01:00+09:00,81747835.75743446
2024-12-19 11:02:00+09:00,81747835.75743446
2024-12-19 11:03:00+09:00,81747835.75743446
2024-12-19 11:04:00+09:00,81747835.75743446
2024-12-19 11:05:00+09:00,81747835.75743446
2024-12-19 11:06:00+09:00,81747835.75743446
2024-12-19 11:07:00+09:00,81747835.75743446
2024-12-19 11:08:00+09:00,81747835.75743446
2024-12-19 11:09:00+09:00,81747835.75743446
2024-12-19 11:10:00+09:00,81747835.75743446
2024-12-19 11:11:00+09:00,81747835.75743446
2024-12-19 11:12:00+09:00,81747835.75743446
2024-12-19 11:13:00+09:00,81747835.75743446
2024-12-19 11:14:00+09:00,81747835.75743446
2024-12-19 11:15:00+09:00,81747835.75743446
2024-12-19 11:16:00+09:00,81747835.75743446
2024-12-19 11:17:00+09:00,81747835.75743446
2024-12-19 11:18:00+09:00,81747835.75743446
2024-12-19 11:19:00+09:00,81747835.75743446
2024-12-19 11:20:00+09:00,81747835.75743446
2024-12-19 11:21:00+09:00,81747835.75743446
2024-12-19 11:22:00+09:00,81747835.75743446
2024-12-19 11:23:00+09:00,81747835.75743446
2024-12-19 11:24:00+09:00,81747835.75743446
2024-12-19 11:25:00+09:00,81747835.75743446
2024-12-19 11:26:00+09:00,81747835.75743446
2024-12-19 11:27:00+09:00,81747835.75743446
2024-12-19 11:28:00+09:00,81715136.62313148
2024-12-19 11:29:00+09:00,81494505.75424902
2024-12-19 11:30:00+09:00,81494505.75424902
2024-12-19 11:31:00+09:00,81494505.75424902
2024-12-19 11:32:00+09:00,81494505.75424902
2024-12-19 11:33:00+09:00,81494505.75424902
2024-12-19 11:34:00+09:00,81494505.75424902
2024-12-19 11:35:00+09:00,81494505.75424902
2024-12-19 11:36:00+09:00,81494505.75424902
2024-12-19 11:37:00+09:00,81494505.75424902
2024-12-19 11:38:00+09:00,81494505.75424902
2024-12-19 11:39:00+09:00,81494505.75424902
2024-12-19 11:40:00+09:00,81494505.75424902
2024-12-19 11:41:00+09:00,81494505.75424902
2024-12-19 11:42:00+09:00,81494505.75424902
2024-12-19 11:43:00+09:00,81494505.75424902
2024-12-19 11:44:00+09:00,81494505.75424902
2024-12-19 11:45:00+09:00,81494505.75424902
2024-12-19 11:46:00+09:00,81494505.75424902
2024-12-19 11:47:00+09:00,81494505.75424902
2024-12-19 11:48:00+09:00,81494505.75424902
2024-12-19 11:49:00+09:00,81494505.75424902
2024-12-19 11:50:00+09:00,81494505.75424902
2024-12-19 11:51:00+09:00,81494505.75424902
2024-12-19 11:52:00+09:00,81494505.75424902
2024-12-19 11:53:00+09:00,81494505.75424902
2024-12-19 11:54:00+09:00,81494505.75424902
2024-12-19 11:55:00+09:00,81494505.75424902
2024-12-19 11:56:00+09:00,81494505.75424902
2024-12-19 11:57:00+09:00,81494505.75424902
2024-12-19 11:58:00+09:00,81494505.75424902
2024-12-19 11:59:00+09:00,81494505.75424902
2024-12-19 12:00:00+09:00,81494505.75424902
2024-12-19 12:01:00+09:00,81494505.75424902
2024-12-19 12:02:00+09:00,81494505.75424902
2024-12-19 12:03:00+09:00,81494505.75424902
2024-12-19 12:04:00+09:00,81494505.75424902
2024-12-19 12:05:00+09:00,81494505.75424902
2024-12-19 12:06:00+09:00,81494505.75424902
2024-12-19 12:07:00+09:00,81494505.75424902
2024-12-19 12:08:00+09:00,81494505.75424902
2024-12-19 12:09:00+09:00,81494505.75424902
2024-12-19 12:10:00+09:00,81461907.95194733
2024-12-19 12:11:00+09:00,81309357.56252421
2024-12-19 12:12:00+09:00,81309357.56252421
2024-12-19 12:13:00+09:00,81241960.80047709
2024-12-19 12:14:00+09:00,81241960.80047709
2024-12-19 12:15:00+09:00,81241960.80047709
2024-12-19 12:16:00+09:00,81241960.80047709
2024-12-19 12:17:00+09:00,81241960.80047709
2024-12-19 12:18:00+09:00,81241960.80047709
2024-12-19 12:19:00+09:00,81241960.80047709
2024-12-19 12:20:00+09:00,81241960.80047709
2024-12-19 12:21:00+09:00,81241960.80047709
2024-12-19 12:22:00+09:00,81241960.80047709
2024-12-19 12:23:00+09:00,81241960.80047709
2024-12-19 12:24:00+09:00,81209464.0161569
2024-12-19 12:25:00+09:00,81057101.04426917
2024-12-19 12:26:00+09:00,80990198.46331327
2024-12-19 12:27:00+09:00,80990198.46331327
2024-12-19 12:28:00+09:00,80990198.46331327
2024-12-19 12:29:00+09:00,80990198.46331327
2024-12-19 12:30:00+09:00,80990198.46331327
2024-12-19 12:31:00+09:00,80990198.46331327
2024-12-19 12:32:00+09:00,80990198.46331327
2024-12-19 12:33:00+09:00,80990198.46331327
2024-12-19 12:34:00+09:00,80990198.46331327
2024-12-19 12:35:00+09:00,80990198.46331327
2024-12-19 12:36:00+09:00,80990198.46331327
2024-12-19 12:37:00+09:00,80990198.46331327
2024-12-19 12:38:00+09:00,80990198.46331327
2024-12-19 12:39:00+09:00,80990198.46331327
2024-12-19 12:40:00+09:00,80990198.46331327
2024-12-19 12:41:00+09:00,80990198.46331327
2024-12-19 12:42:00+09:00,80990198.46331327
2024-12-19 12:43:00+09:00,80990198.46331327
2024-12-19 12:44:00+09:00,80990198.46331327
2024-12-19 12:45:00+09:00,80990198.46331327
2024-12-19 12:46:00+09:00,80990198.46331327
2024-12-19 12:47:00+09:00,80990198.46331327
2024-12-19 12:48:00+09:00,80990198.46331327
2024-12-19 12:49:00+09:00,80990198.46331327
2024-12-19 12:50:00+09:00,80990198.46331327
2024-12-19 12:51:00+09:00,80990198.46331327
2024-12-19 12:52:00+09:00,80990198.46331327
2024-12-19 12:53:00+09:00,80990198.46331327
2024-12-19 12:54:00+09:00,80990198.46331327
2024-12-19 12:55:00+09:00,80990198.46331327
2024-12-19 12:56:00+09:00,80990198.46331327
2024-12-19 12:57:00+09:00,80990198.46331327
2024-12-19 12:58:00+09:00,80990198.46331327
2024-12-19 12:59:00+09:00,80990198.46331327
2024-12-19 13:00:00+09:00,80990198.46331327
2024-12-19 13:01:00+09:00,80990198.46331327
2024-12-19 13:02:00+09:00,80990198.46331327
2024-12-19 13:03:00+09:00,80990198.46331327
2024-12-19 13:04:00+09:00,80990198.46331327
2024-12-19 13:05:00+09:00,80990198.46331327
2024-12-19 13:06:00+09:00,80990198.46331327
2024-12-19 13:07:00+09:00,80990198.46331327
2024-12-19 13:08:00+09:00,80990198.46331327
2024-12-19 13:09:00+09:00,80990198.46331327
2024-12-19 13:10:00+09:00,80990198.46331327
2024-12-19 13:11:00+09:00,80990198.46331327
2024-12-19 13:12:00+09:00,80957802.38392794
2024-12-19 13:13:00+09:00,80806196.01242246
2024-12-19 13:14:00+09:00,80957802.38392794
2024-12-19 13:15:00+09:00,80739216.31749134
2024-12-19 13:16:00+09:00,80739216.31749134
2024-12-19 13:17:00+09:00,80739216.31749134
2024-12-19 13:18:00+09:00,80739216.31749134
2024-12-19 13:19:00+09:00,80739216.31749134
2024-12-19 13:20:00+09:00,80739216.31749134
2024-12-19 13:21:00+09:00,80739216.31749134
2024-12-19 13:22:00+09:00,80739216.31749134
2024-12-19 13:23:00+09:00,80739216.31749134
2024-12-19 13:24:00+09:00,80739216.31749134
2024-12-19 13:25:00+09:00,80739216.31749134
2024-12-19 13:26:00+09:00,80706920.63096434
2024-12-19 13:27:00+09:00,80706920.63096434
2024-12-19 13:28:00+09:00,80706920.63096434
2024-12-19 13:29:00+09:00,80706920.63096434
2024-12-19 13:30:00+09:00,80556066.5737102
2024-12-19 13:31:00+09:00,80706920.63096434
2024-12-19 13:32:00+09:00,80706920.63096434
2024-12-19 13:33:00+09:00,80706920.63096434
2024-12-19 13:34:00+09:00,80706920.63096434
2024-12-19 13:35:00+09:00,80706920.63096434
2024-12-19 13:36:00+09:00,80706920.63096434
2024-12-19 13:37:00+09:00,80556066.5737102
2024-12-19 13:38:00+09:00,80556066.5737102
2024-12-19 13:39:00+09:00,80405212.51645607
2024-12-19 13:40:00+09:00,80405212.51645607
2024-12-19 13:41:00+09:00,80188118.44266163
2024-12-19 13:42:00+09:00,80188118.44266163
2024-12-19 13:43:00+09:00,80188118.44266163
2024-12-19 13:44:00+09:00,80188118.44266163
2024-12-19 13:45:00+09:00,80188118.44266163
2024-12-19 13:46:00+09:00,80188118.44266163
2024-12-19 13:47:00+09:00,80188118.44266163
2024-12-19 13:48:00+09:00,80188118.44266163
2024-12-19 13:49:00+09:00,80188118.44266163
2024-12-19 13:50:00+09:00,80188118.44266163
2024-12-19 13:51:00+09:00,80188118.44266163
2024-12-19 13:52:00+09:00,80188118.44266163
2024-12-19 13:53:00+09:00,80188118.44266163
2024-12-19 13:54:00+09:00,80188118.44266163
2024-12-19 13:55:00+09:00,80188118.44266163
2024-12-19 13:56:00+09:00,80188118.44266163
2024-12-19 13:57:00+09:00,80188118.44266163
2024-12-19 13:58:00+09:00,80188118.44266163
2024-12-19 13:59:00+09:00,80188118.44266163
2024-12-19 14:00:00+09:00,80188118.44266163
2024-12-19 14:01:00+09:00,80188118.44266163
2024-12-19 14:02:00+09:00,80188118.44266163
2024-12-19 14:03:00+09:00,80188118.44266163
2024-12-19 14:04:00+09:00,80188118.44266163
2024-12-19 14:05:00+09:00,80188118.44266163
2024-12-19 14:06:00+09:00,80188118.44266163
2024-12-19 14:07:00+09:00,80188118.44266163
2024-12-19 14:08:00+09:00,80188118.44266163
2024-12-19 14:09:00+09:00,80188118.44266163
2024-12-19 14:10:00+09:00,80188118.44266163
2024-12-19 14:11:00+09:00,80188118.44266163
2024-12-19 14:12:00+09:00,80188118.44266163
2024-12-19 14:13:00+09:00,80188118.44266163
2024-12-19 14:14:00+09:00,80188118.44266163
2024-12-19 14:15:00+09:00,80188118.44266163
2024-12-19 14:16:00+09:00,80188118.44266163
2024-12-19 14:17:00+09:00,80188118.44266163
2024-12-19 14:18:00+09:00,80188118.44266163
2024-12-19 14:19:00+09:00,80188118.44266163
2024-12-19 14:20:00+09:00,80188118.44266163
2024-12-19 14:21:00+09:00,80188118.44266163
2024-12-19 14:22:00+09:00,80188118.44266163
2024-12-19 14:23:00+09:00,80188118.44266163
2024-12-19 14:24:00+09:00,80188118.44266163
2024-12-19 14:25:00+09:00,80188118.44266163
2024-12-19 14:26:00+09:00,80188118.44266163
2024-12-19 14:27:00+09:00,80188118.44266163
2024-12-19 14:28:00+09:00,80188118.44266163
2024-12-19 14:29:00+09:00,80188118.44266163
2024-12-19 14:30:00+09:00,80188118.44266163
2024-12-19 14:31:00+09:00,80188118.44266163
2024-12-19 14:32:00+09:00,80188118.44266163
2024-12-19 14:33:00+09:00,80188118.44266163
2024-12-19 14:34:00+09:00,80188118.44266163
2024-12-19 14:35:00+09:00,80188118.44266163
2024-12-19 14:36:00+09:00,80188118.44266163
2024-12-19 14:37:00+09:00,80188118.44266163
2024-12-19 14:38:00+09:00,80188118.44266163
2024-12-19 14:39:00+09:00,80188118.44266163
2024-12-19 14:40:00+09:00,80188118.44266163
2024-12-19 14:41:00+09:00,80188118.44266163
2024-12-19 14:42:00+09:00,80188118.44266163
2024-12-19 14:43:00+09:00,80188118.44266163
2024-12-19 14:44:00+09:00,80188118.44266163
2024-12-19 14:45:00+09:00,80188118.44266163
2024-12-19 14:46:00+09:00,80188118.44266163
2024-12-19 14:47:00+09:00,80188118.44266163
2024-12-19 14:48:00+09:00,80188118.44266163
2024-12-19 14:49:00+09:00,80188118.44266163
2024-12-19 14:50:00+09:00,80188118.44266163
2024-12-19 14:51:00+09:00,80188118.44266163
2024-12-19 14:52:00+09:00,80188118.44266163
2024-12-19 14:53:00+09:00,80188118.44266163
2024-12-19 14:54:00+09:00,80188118.44266163
2024-12-19 14:55:00+09:00,80188118.44266163
2024-12-19 14:56:00+09:00,80188118.44266163
2024-12-19 14:57:00+09:00,80188118.44266163
2024-12-19 14:58:00+09:00,80188118.44266163
2024-12-19 14:59:00+09:00,80188118.44266163
2024-12-19 15:00:00+09:00,80188118.44266163
2024-12-19 15:01:00+09:00,80188118.44266163
2024-12-19 15:02:00+09:00,80188118.44266163
2024-12-19 15:03:00+09:00,80188118.44266163
2024-12-19 15:04:00+09:00,80188118.44266163
2024-12-19 15:05:00+09:00,80188118.44266163
2024-12-19 15:06:00+09:00,80188118.44266163
2024-12-19 15:07:00+09:00,80188118.44266163
2024-12-19 15:08:00+09:00,80188118.44266163
2024-12-19 15:09:00+09:00,80188118.44266163
2024-12-19 15:10:00+09:00,80188118.44266163
2024-12-19 15:11:00+09:00,80188118.44266163
2024-12-19 15:12:00+09:00,80188118.44266163
2024-12-19 15:13:00+09:00,80188118.44266163
2024-12-19 15:14:00+09:00,80188118.44266163
2024-12-19 15:15:00+09:00,80188118.44266163
2024-12-19 15:16:00+09:00,80188118.44266163
2024-12-19 15:17:00+09:00,80188118.44266163
2024-12-19 15:18:00+09:00,80188118.44266163
2024-12-19 15:19:00+09:00,80188118.44266163
2024-12-19 15:30:00+09:00,80188118.44266163
2024-12-19 15:35:00+09:00,80188118.44266163
2024-12-20 09:00:00+09:00,80188118.44266163
2024-12-20 09:01:00+09:00,80188118.44266163
2024-12-20 09:02:00+09:00,80188118.44266163
2024-12-20 09:03:00+09:00,80188118.44266163
2024-12-20 09:04:00+09:00,80188118.44266163
2024-12-20 09:05:00+09:00,80188118.44266163
2024-12-20 09:06:00+09:00,80188118.44266163
2024-12-20 09:07:00+09:00,80188118.44266163
2024-12-20 09:08:00+09:00,80188118.44266163
2024-12-20 09:09:00+09:00,80188118.44266163
2024-12-20 09:10:00+09:00,80188118.44266163
2024-12-20 09:11:00+09:00,80188118.44266163
2024-12-20 09:12:00+09:00,80188118.44266163
2024-12-20 09:13:00+09:00,80188118.44266163
2024-12-20 09:14:00+09:00,80188118.44266163
2024-12-20 09:15:00+09:00,80188118.44266163
2024-12-20 09:16:00+09:00,80188118.44266163
2024-12-20 09:17:00+09:00,80188118.44266163
2024-12-20 09:18:00+09:00,80188118.44266163
2024-12-20 09:19:00+09:00,80188118.44266163
2024-12-20 09:20:00+09:00,80188118.44266163
2024-12-20 09:21:00+09:00,80188118.44266163
2024-12-20 09:22:00+09:00,80188118.44266163
2024-12-20 09:23:00+09:00,80188118.44266163
2024-12-20 09:24:00+09:00,80188118.44266163
2024-12-20 09:25:00+09:00,80188118.44266163
2024-12-20 09:26:00+09:00,80188118.44266163
2024-12-20 09:27:00+09:00,80188118.44266163
2024-12-20 09:28:00+09:00,80188118.44266163
2024-12-20 09:29:00+09:00,80188118.44266163
2024-12-20 09:30:00+09:00,80188118.44266163
2024-12-20 09:31:00+09:00,80188118.44266163
2024-12-20 09:32:00+09:00,80188118.44266163
2024-12-20 09:33:00+09:00,80188118.44266163
2024-12-20 09:34:00+09:00,80188118.44266163
2024-12-20 09:35:00+09:00,80188118.44266163
2024-12-20 09:36:00+09:00,80188118.44266163
2024-12-20 09:37:00+09:00,80188118.44266163
2024-12-20 09:38:00+09:00,80188118.44266163
2024-12-20 09:39:00+09:00,80188118.44266163
2024-12-20 09:40:00+09:00,80188118.44266163
2024-12-20 09:41:00+09:00,80188118.44266163
2024-12-20 09:42:00+09:00,80188118.44266163
2024-12-20 09:43:00+09:00,80188118.44266163
2024-12-20 09:44:00+09:00,80188118.44266163
2024-12-20 09:45:00+09:00,80188118.44266163
2024-12-20 09:46:00+09:00,80188118.44266163
2024-12-20 09:47:00+09:00,80188118.44266163
2024-12-20 09:48:00+09:00,80188118.44266163
2024-12-20 09:49:00+09:00,80188118.44266163
2024-12-20 09:50:00+09:00,80188118.44266163
2024-12-20 09:51:00+09:00,80188118.44266163
2024-12-20 09:52:00+09:00,80188118.44266163
2024-12-20 09:53:00+09:00,80188118.44266163
2024-12-20 09:54:00+09:00,80188118.44266163
2024-12-20 09:55:00+09:00,80188118.44266163
2024-12-20 09:56:00+09:00,80188118.44266163
2024-12-20 09:57:00+09:00,80188118.44266163
2024-12-20 09:58:00+09:00,80188118.44266163
2024-12-20 09:59:00+09:00,80188118.44266163
2024-12-20 10:00:00+09:00,80188118.44266163
2024-12-20 10:01:00+09:00,80188118.44266163
2024-12-20 10:02:00+09:00,80188118.44266163
2024-12-20 10:03:00+09:00,80188118.44266163
2024-12-20 10:04:00+09:00,80188118.44266163
2024-12-20 10:05:00+09:00,80188118.44266163
2024-12-20 10:06:00+09:00,80188118.44266163
2024-12-20 10:07:00+09:00,80188118.44266163
2024-12-20 10:08:00+09:00,80188118.44266163
2024-12-20 10:09:00+09:00,80188118.44266163
2024-12-20 10:10:00+09:00,80188118.44266163
2024-12-20 10:11:00+09:00,80188118.44266163
2024-12-20 10:12:00+09:00,80188118.44266163
2024-12-20 10:13:00+09:00,80188118.44266163
2024-12-20 10:14:00+09:00,80188118.44266163
2024-12-20 10:15:00+09:00,80188118.44266163
2024-12-20 10:16:00+09:00,80188118.44266163
2024-12-20 10:17:00+09:00,80188118.44266163
2024-12-20 10:18:00+09:00,80188118.44266163
2024-12-20 10:19:00+09:00,80188118.44266163
2024-12-20 10:20:00+09:00,80188118.44266163
2024-12-20 10:21:00+09:00,80188118.44266163
2024-12-20 10:22:00+09:00,80188118.44266163
2024-12-20 10:23:00+09:00,80188118.44266163
2024-12-20 10:24:00+09:00,80188118.44266163
2024-12-20 10:25:00+09:00,80188118.44266163
2024-12-20 10:26:00+09:00,80188118.44266163
2024-12-20 10:27:00+09:00,80188118.44266163
2024-12-20 10:28:00+09:00,80188118.44266163
2024-12-20 10:29:00+09:00,80188118.44266163
2024-12-20 10:30:00+09:00,80188118.44266163
2024-12-20 10:31:00+09:00,80188118.44266163
2024-12-20 10:32:00+09:00,80188118.44266163
2024-12-20 10:33:00+09:00,80188118.44266163
2024-12-20 10:34:00+09:00,80188118.44266163
2024-12-20 10:35:00+09:00,80188118.44266163
2024-12-20 10:36:00+09:00,80188118.44266163
2024-12-20 10:37:00+09:00,80188118.44266163
2024-12-20 10:38:00+09:00,80188118.44266163
2024-12-20 10:39:00+09:00,80188118.44266163
2024-12-20 10:40:00+09:00,80188118.44266163
2024-12-20 10:41:00+09:00,80188118.44266163
2024-12-20 10:42:00+09:00,80188118.44266163
2024-12-20 10:43:00+09:00,80188118.44266163
2024-12-20 10:44:00+09:00,80188118.44266163
2024-12-20 10:45:00+09:00,80156043.19528456
2024-12-20 10:46:00+09:00,80156043.19528456
2024-12-20 10:47:00+09:00,80156043.19528456
2024-12-20 10:48:00+09:00,80156043.19528456
2024-12-20 10:49:00+09:00,79849519.12952821
2024-12-20 10:50:00+09:00,80002781.16240638
2024-12-20 10:51:00+09:00,79786773.65326789
2024-12-20 10:52:00+09:00,79786773.65326789
2024-12-20 10:53:00+09:00,79786773.65326789
2024-12-20 10:54:00+09:00,79786773.65326789
2024-12-20 10:55:00+09:00,79786773.65326789
2024-12-20 10:56:00+09:00,79786773.65326789
2024-12-20 10:57:00+09:00,79786773.65326789
2024-12-20 10:58:00+09:00,79786773.65326789
2024-12-20 10:59:00+09:00,79786773.65326789
2024-12-20 11:00:00+09:00,79786773.65326789
2024-12-20 11:01:00+09:00,79786773.65326789
2024-12-20 11:02:00+09:00,79786773.65326789
2024-12-20 11:03:00+09:00,79786773.65326789
2024-12-20 11:04:00+09:00,79786773.65326789
2024-12-20 11:05:00+09:00,79786773.65326789
2024-12-20 11:06:00+09:00,79786773.65326789
2024-12-20 11:07:00+09:00,79786773.65326789
2024-12-20 11:08:00+09:00,79786773.65326789
2024-12-20 11:09:00+09:00,79786773.65326789
2024-12-20 11:10:00+09:00,79786773.65326789
2024-12-20 11:11:00+09:00,79786773.65326789
2024-12-20 11:12:00+09:00,79786773.65326789
2024-12-20 11:13:00+09:00,79786773.65326789
2024-12-20 11:14:00+09:00,79786773.65326789
2024-12-20 11:15:00+09:00,79786773.65326789
2024-12-20 11:16:00+09:00,79786773.65326789
2024-12-20 11:17:00+09:00,79786773.65326789
2024-12-20 11:18:00+09:00,79786773.65326789
2024-12-20 11:19:00+09:00,79786773.65326789
2024-12-20 11:20:00+09:00,79786773.65326789
2024-12-20 11:21:00+09:00,79786773.65326789
2024-12-20 11:22:00+09:00,79786773.65326789
2024-12-20 11:23:00+09:00,79754858.94380659
2024-12-20 11:24:00+09:00,79907646.02990584
2024-12-20 11:25:00+09:00,79539520.8246583
2024-12-20 11:26:00+09:00,79539520.8246583
2024-12-20 11:27:00+09:00,79539520.8246583
2024-12-20 11:28:00+09:00,79539520.8246583
2024-12-20 11:29:00+09:00,79539520.8246583
2024-12-20 11:30:00+09:00,79539520.8246583
2024-12-20 11:31:00+09:00,79539520.8246583
2024-12-20 11:32:00+09:00,79539520.8246583
2024-12-20 11:33:00+09:00,79539520.8246583
2024-12-20 11:34:00+09:00,79539520.8246583
2024-12-20 11:35:00+09:00,79539520.8246583
2024-12-20 11:36:00+09:00,79539520.8246583
2024-12-20 11:37:00+09:00,79539520.8246583
2024-12-20 11:38:00+09:00,79539520.8246583
2024-12-20 11:39:00+09:00,79539520.8246583
2024-12-20 11:40:00+09:00,79539520.8246583
2024-12-20 11:41:00+09:00,79539520.8246583
2024-12-20 11:42:00+09:00,79539520.8246583
2024-12-20 11:43:00+09:00,79539520.8246583
2024-12-20 11:44:00+09:00,79539520.8246583
2024-12-20 11:45:00+09:00,79539520.8246583
2024-12-20 11:46:00+09:00,79539520.8246583
2024-12-20 11:47:00+09:00,79539520.8246583
2024-12-20 11:48:00+09:00,79539520.8246583
2024-12-20 11:49:00+09:00,79539520.8246583
2024-12-20 11:50:00+09:00,79539520.8246583
2024-12-20 11:51:00+09:00,79539520.8246583
2024-12-20 11:52:00+09:00,79539520.8246583
2024-12-20 11:53:00+09:00,79539520.8246583
2024-12-20 11:54:00+09:00,79539520.8246583
2024-12-20 11:55:00+09:00,79539520.8246583
2024-12-20 11:56:00+09:00,79539520.8246583
2024-12-20 11:57:00+09:00,79539520.8246583
2024-12-20 11:58:00+09:00,79539520.8246583
2024-12-20 11:59:00+09:00,79539520.8246583
2024-12-20 12:00:00+09:00,79539520.8246583
2024-12-20 12:01:00+09:00,79539520.8246583
2024-12-20 12:02:00+09:00,79539520.8246583
2024-12-20 12:03:00+09:00,79539520.8246583
2024-12-20 12:04:00+09:00,79539520.8246583
2024-12-20 12:05:00+09:00,79539520.8246583
2024-12-20 12:06:00+09:00,79539520.8246583
2024-12-20 12:07:00+09:00,79539520.8246583
2024-12-20 12:08:00+09:00,79539520.8246583
2024-12-20 12:09:00+09:00,79539520.8246583
2024-12-20 12:10:00+09:00,79539520.8246583
2024-12-20 12:11:00+09:00,79539520.8246583
2024-12-20 12:12:00+09:00,79539520.8246583
2024-12-20 12:13:00+09:00,79539520.8246583
2024-12-20 12:14:00+09:00,79539520.8246583
2024-12-20 12:15:00+09:00,79539520.8246583
2024-12-20 12:16:00+09:00,79539520.8246583
2024-12-20 12:17:00+09:00,79539520.8246583
2024-12-20 12:18:00+09:00,79539520.8246583
2024-12-20 12:19:00+09:00,79539520.8246583
2024-12-20 12:20:00+09:00,79539520.8246583
2024-12-20 12:21:00+09:00,79539520.8246583
2024-12-20 12:22:00+09:00,79539520.8246583
2024-12-20 12:23:00+09:00,79539520.8246583
2024-12-20 12:24:00+09:00,79539520.8246583
2024-12-20 12:25:00+09:00,79539520.8246583
2024-12-20 12:26:00+09:00,79507705.01632844
2024-12-20 12:27:00+09:00,79355682.6358001
2024-12-20 12:28:00+09:00,79355682.6358001
2024-12-20 12:29:00+09:00,79507705.01632845
2024-12-20 12:30:00+09:00,79507705.01632845
2024-12-20 12:31:00+09:00,79355682.63580011
2024-12-20 12:32:00+09:00,79355682.63580011
2024-12-20 12:33:00+09:00,79507705.01632847
2024-12-20 12:34:00+09:00,79507705.01632847
2024-12-20 12:35:00+09:00,79507705.01632847
2024-12-20 12:36:00+09:00,79355682.63580012
2024-12-20 12:37:00+09:00,79355682.63580012
2024-12-20 12:38:00+09:00,79507705.01632848
2024-12-20 12:39:00+09:00,79507705.01632848
2024-12-20 12:40:00+09:00,79355682.63580014
2024-12-20 12:41:00+09:00,79507705.0163285
2024-12-20 12:42:00+09:00,79507705.0163285
2024-12-20 12:43:00+09:00,79355682.63580015
2024-12-20 12:44:00+09:00,79507705.01632851
2024-12-20 12:45:00+09:00,79293034.21278442
2024-12-20 12:46:00+09:00,79293034.21278442
2024-12-20 12:47:00+09:00,79293034.21278442
2024-12-20 12:48:00+09:00,79293034.21278442
2024-12-20 12:49:00+09:00,79293034.21278442
2024-12-20 12:50:00+09:00,79293034.21278442
2024-12-20 12:51:00+09:00,79293034.21278442
2024-12-20 12:52:00+09:00,79293034.21278442
2024-12-20 12:53:00+09:00,79293034.21278442
2024-12-20 12:54:00+09:00,79293034.21278442
2024-12-20 12:55:00+09:00,79293034.21278442
2024-12-20 12:56:00+09:00,79261316.99909931
2024-12-20 12:57:00+09:00,79198743.07431899
2024-12-20 12:58:00+09:00,79198743.07431899
2024-12-20 12:59:00+09:00,79198743.07431899
2024-12-20 13:00:00+09:00,79198743.07431899
2024-12-20 13:01:00+09:00,79198743.07431899
2024-12-20 13:02:00+09:00,79198743.07431899
2024-12-20 13:03:00+09:00,79198743.07431899
2024-12-20 13:04:00+09:00,79198743.07431899
2024-12-20 13:05:00+09:00,79198743.07431899
2024-12-20 13:06:00+09:00,79198743.07431899
2024-12-20 13:07:00+09:00,79198743.07431899
2024-12-20 13:08:00+09:00,79198743.07431899
2024-12-20 13:09:00+09:00,79198743.07431899
2024-12-20 13:10:00+09:00,79167063.57708926
2024-12-20 13:11:00+09:00,79015692.51862447
2024-12-20 13:12:00+09:00,78864321.46015967
2024-12-20 13:13:00+09:00,78802350.14882419
2024-12-20 13:14:00+09:00,78802350.14882419
2024-12-20 13:15:00+09:00,78802350.14882419
2024-12-20 13:16:00+09:00,78802350.14882419
2024-12-20 13:17:00+09:00,78802350.14882419
2024-12-20 13:18:00+09:00,78802350.14882419
2024-12-20 13:19:00+09:00,78802350.14882419
2024-12-20 13:20:00+09:00,78802350.14882419
2024-12-20 13:21:00+09:00,78802350.14882419
2024-12-20 13:22:00+09:00,78802350.14882419
2024-12-20 13:23:00+09:00,78802350.14882419
2024-12-20 13:24:00+09:00,78802350.14882419
2024-12-20 13:25:00+09:00,78802350.14882419
2024-12-20 13:26:00+09:00,78802350.14882419
2024-12-20 13:27:00+09:00,78802350.14882419
2024-12-20 13:28:00+09:00,78802350.14882419
2024-12-20 13:29:00+09:00,78802350.14882419
2024-12-20 13:30:00+09:00,78802350.14882419
2024-12-20 13:31:00+09:00,78802350.14882419
2024-12-20 13:32:00+09:00,78802350.14882419
2024-12-20 13:33:00+09:00,78802350.14882419
2024-12-20 13:34:00+09:00,78802350.14882419
2024-12-20 13:35:00+09:00,78802350.14882419
2024-12-20 13:36:00+09:00,78802350.14882419
2024-12-20 13:37:00+09:00,78802350.14882419
2024-12-20 13:38:00+09:00,78802350.14882419
2024-12-20 13:39:00+09:00,78802350.14882419
2024-12-20 13:40:00+09:00,78802350.14882419
2024-12-20 13:41:00+09:00,78802350.14882419
2024-12-20 13:42:00+09:00,78802350.14882419
2024-12-20 13:43:00+09:00,78802350.14882419
2024-12-20 13:44:00+09:00,78802350.14882419
2024-12-20 13:45:00+09:00,78802350.14882419
2024-12-20 13:46:00+09:00,78802350.14882419
2024-12-20 13:47:00+09:00,78802350.14882419
2024-12-20 13:48:00+09:00,78802350.14882419
2024-12-20 13:49:00+09:00,78802350.14882419
2024-12-20 13:50:00+09:00,78802350.14882419
2024-12-20 13:51:00+09:00,78802350.14882419
2024-12-20 13:52:00+09:00,78802350.14882419
2024-12-20 13:53:00+09:00,78802350.14882419
2024-12-20 13:54:00+09:00,78802350.14882419
2024-12-20 13:55:00+09:00,78802350.14882419
2024-12-20 13:56:00+09:00,78802350.14882419
2024-12-20 13:57:00+09:00,78802350.14882419
2024-12-20 13:58:00+09:00,78802350.14882419
2024-12-20 13:59:00+09:00,78802350.14882419
2024-12-20 14:00:00+09:00,78802350.14882419
2024-12-20 14:01:00+09:00,78802350.14882419
2024-12-20 14:02:00+09:00,78802350.14882419
2024-12-20 14:03:00+09:00,78802350.14882419
2024-12-20 14:04:00+09:00,78802350.14882419
2024-12-20 14:05:00+09:00,78802350.14882419
2024-12-20 14:06:00+09:00,78802350.14882419
2024-12-20 14:07:00+09:00,78802350.14882419
2024-12-20 14:08:00+09:00,78802350.14882419
2024-12-20 14:09:00+09:00,78770829.20876466
2024-12-20 14:10:00+09:00,78770829.20876466
2024-12-20 14:11:00+09:00,78922020.81953004
2024-12-20 14:12:00+09:00,78922020.81953004
2024-12-20 14:13:00+09:00,78922020.81953004
2024-12-20 14:14:00+09:00,78770829.20876466
2024-12-20 14:15:00+09:00,78619637.59799927
2024-12-20 14:16:00+09:00,78619637.59799927
2024-12-20 14:17:00+09:00,78558147.969901
2024-12-20 14:18:00+09:00,78558147.969901
2024-12-20 14:19:00+09:00,78558147.969901
2024-12-20 14:20:00+09:00,78558147.969901
2024-12-20 14:21:00+09:00,78558147.969901
2024-12-20 14:22:00+09:00,78558147.969901
2024-12-20 14:23:00+09:00,78558147.969901
2024-12-20 14:24:00+09:00,78558147.969901
2024-12-20 14:25:00+09:00,78558147.969901
2024-12-20 14:26:00+09:00,78558147.969901
2024-12-20 14:27:00+09:00,78558147.969901
2024-12-20 14:28:00+09:00,78526724.71071304
2024-12-20 14:29:00+09:00,78376290.37218677
2024-12-20 14:30:00+09:00,78376290.37218677
2024-12-20 14:31:00+09:00,78376290.37218677
2024-12-20 14:32:00+09:00,78526724.71071304
2024-12-20 14:33:00+09:00,78376290.37218677
2024-12-20 14:34:00+09:00,78376290.37218677
2024-12-20 14:35:00+09:00,78526724.71071304
2024-12-20 14:36:00+09:00,78526724.71071304
2024-12-20 14:37:00+09:00,78677159.04923932
2024-12-20 14:38:00+09:00,78677159.04923932
2024-12-20 14:39:00+09:00,78526724.71071306
2024-12-20 14:40:00+09:00,78677159.04923934
2024-12-20 14:41:00+09:00,78827593.3877656
2024-12-20 14:42:00+09:00,78978027.72629188
2024-12-20 14:43:00+09:00,78978027.72629188
2024-12-20 14:44:00+09:00,78978027.72629188
2024-12-20 14:45:00+09:00,78827593.38776562
2024-12-20 14:46:00+09:00,78827593.38776562
2024-12-20 14:47:00+09:00,78978027.7262919
2024-12-20 14:48:00+09:00,78978027.7262919
2024-12-20 14:49:00+09:00,78978027.7262919
2024-12-20 14:50:00+09:00,78827593.38776563
2024-12-20 14:51:00+09:00,78827593.38776563
2024-12-20 14:52:00+09:00,78677159.04923937
2024-12-20 14:53:00+09:00,78677159.04923937
2024-12-20 14:54:00+09:00,78827593.38776563
2024-12-20 14:55:00+09:00,78677159.04923937
2024-12-20 14:56:00+09:00,78827593.38776563
2024-12-20 14:57:00+09:00,78677159.04923937
2024-12-20 14:58:00+09:00,78677159.04923937
2024-12-20 14:59:00+09:00,78827593.38776563
2024-12-20 15:00:00+09:00,78827593.38776563
2024-12-20 15:01:00+09:00,78827593.38776563
2024-12-20 15:02:00+09:00,78827593.38776563
2024-12-20 15:03:00+09:00,78827593.38776563
2024-12-20 15:04:00+09:00,78677159.04923937
2024-12-20 15:05:00+09:00,78827593.38776563
2024-12-20 15:06:00+09:00,78827593.38776563
2024-12-20 15:07:00+09:00,78677159.04923937
2024-12-20 15:08:00+09:00,78677159.04923937
2024-12-20 15:09:00+09:00,78827593.38776563
2024-12-20 15:10:00+09:00,78677159.04923937
2024-12-20 15:11:00+09:00,78526724.7107131
2024-12-20 15:12:00+09:00,78526724.7107131
2024-12-20 15:13:00+09:00,78314702.55399418
2024-12-20 15:14:00+09:00,78314702.55399418
2024-12-20 15:15:00+09:00,78314702.55399418
2024-12-20 15:16:00+09:00,78314702.55399418
2024-12-20 15:17:00+09:00,78314702.55399418
2024-12-20 15:18:00+09:00,78314702.55399418
2024-12-20 15:19:00+09:00,78314702.55399418
2024-12-20 15:30:00+09:00,78314702.55399418
2024-12-20 15:35:00+09:00,78314702.55399418
2024-12-23 09:00:00+09:00,78314702.55399418
2024-12-23 09:01:00+09:00,78314702.55399418
2024-12-23 09:02:00+09:00,78283376.67297259
2024-12-23 09:03:00+09:00,78283376.67297259
2024-12-23 09:04:00+09:00,78137052.60442497
2024-12-23 09:05:00+09:00,78137052.60442497
2024-12-23 09:06:00+09:00,78137052.60442497
2024-12-23 09:07:00+09:00,78137052.60442497
2024-12-23 09:08:00+09:00,78137052.60442497
2024-12-23 09:09:00+09:00,78137052.60442497
2024-12-23 09:10:00+09:00,78137052.60442497
2024-12-23 09:11:00+09:00,78429700.7415202
2024-12-23 09:12:00+09:00,78429700.7415202
2024-12-23 09:13:00+09:00,78429700.7415202
2024-12-23 09:14:00+09:00,78283376.67297257
2024-12-23 09:15:00+09:00,78429700.7415202
2024-12-23 09:16:00+09:00,78429700.7415202
2024-12-23 09:17:00+09:00,78283376.67297257
2024-12-23 09:18:00+09:00,78137052.60442495
2024-12-23 09:19:00+09:00,78283376.67297256
2024-12-23 09:20:00+09:00,77990728.53587733
2024-12-23 09:21:00+09:00,77990728.53587733
2024-12-23 09:22:00+09:00,77990728.53587733
2024-12-23 09:23:00+09:00,77990728.53587733
2024-12-23 09:24:00+09:00,78137052.60442495
2024-12-23 09:25:00+09:00,78137052.60442495
2024-12-23 09:26:00+09:00,78137052.60442495
2024-12-23 09:27:00+09:00,78137052.60442495
2024-12-23 09:28:00+09:00,77990728.53587735
2024-12-23 09:29:00+09:00,77990728.53587735
2024-12-23 09:30:00+09:00,78283376.67297257
2024-12-23 09:31:00+09:00,78283376.67297257
2024-12-23 09:32:00+09:00,78283376.67297257
2024-12-23 09:33:00+09:00,78283376.67297257
2024-12-23 09:34:00+09:00,78429700.7415202
2024-12-23 09:35:00+09:00,78429700.7415202
2024-12-23 09:36:00+09:00,78429700.7415202
2024-12-23 09:37:00+09:00,78576024.81006782
2024-12-23 09:38:00+09:00,78576024.81006782
2024-12-23 09:39:00+09:00,78429700.7415202
2024-12-23 09:40:00+09:00,78576024.81006782
2024-12-23 09:41:00+09:00,78576024.81006782
2024-12-23 09:42:00+09:00,78429700.7415202
2024-12-23 09:43:00+09:00,78576024.81006782
2024-12-23 09:44:00+09:00,78283376.67297259
2024-12-23 09:45:00+09:00,78429700.74152021
2024-12-23 09:46:00+09:00,78429700.74152021
2024-12-23 09:47:00+09:00,78429700.74152021
2024-12-23 09:48:00+09:00,78283376.67297259
2024-12-23 09:49:00+09:00,78429700.74152021
2024-12-23 09:50:00+09:00,78429700.74152021
2024-12-23 09:51:00+09:00,78429700.74152021
2024-12-23 09:52:00+09:00,78429700.74152021
2024-12-23 09:53:00+09:00,78429700.74152021
2024-12-23 09:54:00+09:00,78429700.74152021
2024-12-23 09:55:00+09:00,78283376.67297259
2024-12-23 09:56:00+09:00,78283376.67297259
2024-12-23 09:57:00+09:00,78283376.67297259
2024-12-23 09:58:00+09:00,78429700.74152021
2024-12-23 09:59:00+09:00,78429700.74152021
2024-12-23 10:00:00+09:00,78283376.67297259
2024-12-23 10:01:00+09:00,78429700.74152021
2024-12-23 10:02:00+09:00,78509798.53664318
2024-12-23 10:03:00+09:00,78509798.53664318
2024-12-23 10:04:00+09:00,78509798.53664318
2024-12-23 10:05:00+09:00,78509798.53664318
2024-12-23 10:06:00+09:00,78509798.53664318
2024-12-23 10:07:00+09:00,78509798.53664318
2024-12-23 10:08:00+09:00,78509798.53664318
2024-12-23 10:09:00+09:00,78509798.53664318
2024-12-23 10:10:00+09:00,78509798.53664318
2024-12-23 10:11:00+09:00,78509798.53664318
2024-12-23 10:12:00+09:00,78509798.53664318
2024-12-23 10:13:00+09:00,78478394.61722852
2024-12-23 10:14:00+09:00,78333064.25682625
2024-12-23 10:15:00+09:00,78333064.25682625
2024-12-23 10:16:00+09:00,78333064.25682625
2024-12-23 10:17:00+09:00,78333064.25682625
2024-12-23 10:18:00+09:00,78333064.25682625
2024-12-23 10:19:00+09:00,78187733.89642398
2024-12-23 10:20:00+09:00,78333064.25682625
2024-12-23 10:21:00+09:00,78187733.89642398
2024-12-23 10:22:00+09:00,78187733.89642398
2024-12-23 10:23:00+09:00,78333064.25682625
2024-12-23 10:24:00+09:00,78333064.25682625
2024-12-23 10:25:00+09:00,78187733.89642398
2024-12-23 10:26:00+09:00,78333064.25682625
2024-12-23 10:27:00+09:00,78333064.25682625
2024-12-23 10:28:00+09:00,78333064.25682625
2024-12-23 10:29:00+09:00,78333064.25682625
2024-12-23 10:30:00+09:00,78333064.25682625
2024-12-23 10:31:00+09:00,78333064.25682625
2024-12-23 10:32:00+09:00,78333064.25682625
2024-12-23 10:33:00+09:00,78333064.25682625
2024-12-23 10:34:00+09:00,78333064.25682625
2024-12-23 10:35:00+09:00,78333064.25682625
2024-12-23 10:36:00+09:00,78333064.25682625
2024-12-23 10:37:00+09:00,78333064.25682625
2024-12-23 10:38:00+09:00,78187733.89642398
2024-12-23 10:39:00+09:00,78187733.89642398
2024-12-23 10:40:00+09:00,78187733.89642398
2024-12-23 10:41:00+09:00,78187733.89642398
2024-12-23 10:42:00+09:00,78187733.89642398
2024-12-23 10:43:00+09:00,78187733.89642398
2024-12-23 10:44:00+09:00,78042403.53602171
2024-12-23 10:45:00+09:00,78187733.89642398
2024-12-23 10:46:00+09:00,77976627.01490363
2024-12-23 10:47:00+09:00,77976627.01490363
2024-12-23 10:48:00+09:00,77976627.01490363
2024-12-23 10:49:00+09:00,77976627.01490363
2024-12-23 10:50:00+09:00,77976627.01490363
2024-12-23 10:51:00+09:00,77976627.01490363
2024-12-23 10:52:00+09:00,77976627.01490363
2024-12-23 10:53:00+09:00,77976627.01490363
2024-12-23 10:54:00+09:00,77976627.01490363
2024-12-23 10:55:00+09:00,77976627.01490363
2024-12-23 10:56:00+09:00,77976627.01490363
2024-12-23 10:57:00+09:00,77976627.01490363
2024-12-23 10:58:00+09:00,77976627.01490363
2024-12-23 10:59:00+09:00,77976627.01490363
2024-12-23 11:00:00+09:00,77976627.01490363
2024-12-23 11:01:00+09:00,77976627.01490363
2024-12-23 11:02:00+09:00,77976627.01490363
2024-12-23 11:03:00+09:00,77976627.01490363
2024-12-23 11:04:00+09:00,77976627.01490363
2024-12-23 11:05:00+09:00,77976627.01490363
2024-12-23 11:06:00+09:00,77976627.01490363
2024-12-23 11:07:00+09:00,77976627.01490363
2024-12-23 11:08:00+09:00,77976627.01490363
2024-12-23 11:09:00+09:00,77976627.01490363
2024-12-23 11:10:00+09:00,77976627.01490363
2024-12-23 11:11:00+09:00,77976627.01490363
2024-12-23 11:12:00+09:00,77976627.01490363
2024-12-23 11:13:00+09:00,77976627.01490363
2024-12-23 11:14:00+09:00,77976627.01490363
2024-12-23 11:15:00+09:00,77976627.01490363
2024-12-23 11:16:00+09:00,77976627.01490363
2024-12-23 11:17:00+09:00,77976627.01490363
2024-12-23 11:18:00+09:00,77976627.01490363
2024-12-23 11:19:00+09:00,77976627.01490363
2024-12-23 11:20:00+09:00,77976627.01490363
2024-12-23 11:21:00+09:00,77976627.01490363
2024-12-23 11:22:00+09:00,77976627.01490363
2024-12-23 11:23:00+09:00,77976627.01490363
2024-12-23 11:24:00+09:00,77976627.01490363
2024-12-23 11:25:00+09:00,77976627.01490363
2024-12-23 11:26:00+09:00,77976627.01490363
2024-12-23 11:27:00+09:00,77976627.01490363
2024-12-23 11:28:00+09:00,77976627.01490363
2024-12-23 11:29:00+09:00,77976627.01490363
2024-12-23 11:30:00+09:00,77976627.01490363
2024-12-23 11:31:00+09:00,77976627.01490363
2024-12-23 11:32:00+09:00,77976627.01490363
2024-12-23 11:33:00+09:00,77976627.01490363
2024-12-23 11:34:00+09:00,77976627.01490363
2024-12-23 11:35:00+09:00,77976627.01490363
2024-12-23 11:36:00+09:00,77976627.01490363
2024-12-23 11:37:00+09:00,77976627.01490363
2024-12-23 11:38:00+09:00,77976627.01490363
2024-12-23 11:39:00+09:00,77976627.01490363
2024-12-23 11:40:00+09:00,77976627.01490363
2024-12-23 11:41:00+09:00,77976627.01490363
2024-12-23 11:42:00+09:00,77976627.01490363
2024-12-23 11:43:00+09:00,77976627.01490363
2024-12-23 11:44:00+09:00,77976627.01490363
2024-12-23 11:45:00+09:00,77976627.01490363
2024-12-23 11:46:00+09:00,77976627.01490363
2024-12-23 11:47:00+09:00,77976627.01490363
2024-12-23 11:48:00+09:00,77976627.01490363
2024-12-23 11:49:00+09:00,77976627.01490363
2024-12-23 11:50:00+09:00,77976627.01490363
2024-12-23 11:51:00+09:00,77976627.01490363
2024-12-23 11:52:00+09:00,77976627.01490363
2024-12-23 11:53:00+09:00,77976627.01490363
2024-12-23 11:54:00+09:00,77976627.01490363
2024-12-23 11:55:00+09:00,77976627.01490363
2024-12-23 11:56:00+09:00,77976627.01490363
2024-12-23 11:57:00+09:00,77976627.01490363
2024-12-23 11:58:00+09:00,77945436.36409767
2024-12-23 11:59:00+09:00,77945436.36409767
2024-12-23 12:00:00+09:00,77945436.36409767
2024-12-23 12:01:00+09:00,77945436.36409767
2024-12-23 12:02:00+09:00,77945436.36409767
2024-12-23 12:03:00+09:00,78090316.35733949
2024-12-23 12:04:00+09:00,77945436.36409767
2024-12-23 12:05:00+09:00,78090316.35733949
2024-12-23 12:06:00+09:00,78090316.35733949
2024-12-23 12:07:00+09:00,78090316.35733949
2024-12-23 12:08:00+09:00,78090316.35733949
2024-12-23 12:09:00+09:00,77945436.36409767
2024-12-23 12:10:00+09:00,77945436.36409767
2024-12-23 12:11:00+09:00,78090316.35733949
2024-12-23 12:12:00+09:00,78090316.35733949
2024-12-23 12:13:00+09:00,78090316.35733949
2024-12-23 12:14:00+09:00,78090316.35733949
2024-12-23 12:15:00+09:00,77945436.36409767
2024-12-23 12:16:00+09:00,77945436.36409767
2024-12-23 12:17:00+09:00,78090316.35733949
2024-12-23 12:18:00+09:00,77945436.36409767
2024-12-23 12:19:00+09:00,78090316.35733949
2024-12-23 12:20:00+09:00,77945436.36409767
2024-12-23 12:21:00+09:00,77945436.36409767
2024-12-23 12:22:00+09:00,77945436.36409767
2024-12-23 12:23:00+09:00,77945436.36409767
2024-12-23 12:24:00+09:00,78090316.35733949
2024-12-23 12:25:00+09:00,77945436.36409767
2024-12-23 12:26:00+09:00,78090316.35733949
2024-12-23 12:27:00+09:00,77945436.36409767
2024-12-23 12:28:00+09:00,77945436.36409767
2024-12-23 12:29:00+09:00,78090316.35733949
2024-12-23 12:30:00+09:00,77945436.36409767
2024-12-23 12:31:00+09:00,77945436.36409767
2024-12-23 12:32:00+09:00,77945436.36409767
2024-12-23 12:33:00+09:00,77945436.36409767
2024-12-23 12:34:00+09:00,77945436.36409767
2024-12-23 12:35:00+09:00,78090316.35733949
2024-12-23 12:36:00+09:00,78090316.35733949
2024-12-23 12:37:00+09:00,77945436.36409767
2024-12-23 12:38:00+09:00,77945436.36409767
2024-12-23 12:39:00+09:00,77945436.36409767
2024-12-23 12:40:00+09:00,77945436.36409767
2024-12-23 12:41:00+09:00,78090316.35733949
2024-12-23 12:42:00+09:00,78090316.35733949
2024-12-23 12:43:00+09:00,77945436.36409767
2024-12-23 12:44:00+09:00,78090316.35733949
2024-12-23 12:45:00+09:00,77734983.6859146
2024-12-23 12:46:00+09:00,77734983.6859146
2024-12-23 12:47:00+09:00,77734983.6859146
2024-12-23 12:48:00+09:00,77734983.6859146
2024-12-23 12:49:00+09:00,77734983.6859146
2024-12-23 12:50:00+09:00,77734983.6859146
2024-12-23 12:51:00+09:00,77734983.6859146
2024-12-23 12:52:00+09:00,77734983.6859146
2024-12-23 12:53:00+09:00,77734983.6859146
2024-12-23 12:54:00+09:00,77734983.6859146
2024-12-23 12:55:00+09:00,77734983.6859146
2024-12-23 12:56:00+09:00,77703889.69244024
2024-12-23 12:57:00+09:00,77848052.7530941
2024-12-23 12:58:00+09:00,77703889.69244023
2024-12-23 12:59:00+09:00,77703889.69244023
2024-12-23 13:00:00+09:00,77703889.69244023
2024-12-23 13:01:00+09:00,77703889.69244023
2024-12-23 13:02:00+09:00,77703889.69244023
2024-12-23 13:03:00+09:00,77703889.69244023
2024-12-23 13:04:00+09:00,77703889.69244023
2024-12-23 13:05:00+09:00,77559726.63178635
2024-12-23 13:06:00+09:00,77559726.63178635
2024-12-23 13:07:00+09:00,77350315.36988053
2024-12-23 13:08:00+09:00,77350315.36988053
2024-12-23 13:09:00+09:00,77350315.36988053
2024-12-23 13:10:00+09:00,77350315.36988053
2024-12-23 13:11:00+09:00,77350315.36988053
2024-12-23 13:12:00+09:00,77350315.36988053
2024-12-23 13:13:00+09:00,77350315.36988053
2024-12-23 13:14:00+09:00,77350315.36988053
2024-12-23 13:15:00+09:00,77350315.36988053
2024-12-23 13:16:00+09:00,77350315.36988053
2024-12-23 13:17:00+09:00,77350315.36988053
2024-12-23 13:18:00+09:00,77350315.36988053
2024-12-23 13:19:00+09:00,77350315.36988053
2024-12-23 13:20:00+09:00,77350315.36988053
2024-12-23 13:21:00+09:00,77350315.36988053
2024-12-23 13:22:00+09:00,77350315.36988053
2024-12-23 13:23:00+09:00,77350315.36988053
2024-12-23 13:24:00+09:00,77350315.36988053
2024-12-23 13:25:00+09:00,77350315.36988053
2024-12-23 13:26:00+09:00,77350315.36988053
2024-12-23 13:27:00+09:00,77350315.36988053
2024-12-23 13:28:00+09:00,77350315.36988053
2024-12-23 13:29:00+09:00,77350315.36988053
2024-12-23 13:30:00+09:00,77350315.36988053
2024-12-23 13:31:00+09:00,77350315.36988053
2024-12-23 13:32:00+09:00,77350315.36988053
2024-12-23 13:33:00+09:00,77350315.36988053
2024-12-23 13:34:00+09:00,77350315.36988053
2024-12-23 13:35:00+09:00,77350315.36988053
2024-12-23 13:36:00+09:00,77350315.36988053
2024-12-23 13:37:00+09:00,77350315.36988053
2024-12-23 13:38:00+09:00,77319375.24373257
2024-12-23 13:39:00+09:00,77462824.91950944
2024-12-23 13:40:00+09:00,77319375.24373257
2024-12-23 13:41:00+09:00,77462824.91950944
2024-12-23 13:42:00+09:00,77319375.24373257
2024-12-23 13:43:00+09:00,77462824.91950944
2024-12-23 13:44:00+09:00,77319375.24373257
2024-12-23 13:45:00+09:00,77319375.24373257
2024-12-23 13:46:00+09:00,77319375.24373257
2024-12-23 13:47:00+09:00,77319375.24373257
2024-12-23 13:48:00+09:00,77319375.24373257
2024-12-23 13:49:00+09:00,77175925.5679557
2024-12-23 13:50:00+09:00,77319375.24373257
2024-12-23 13:51:00+09:00,76967550.56892222
2024-12-23 13:52:00+09:00,76967550.56892222
2024-12-23 13:53:00+09:00,76967550.56892222
2024-12-23 13:54:00+09:00,76967550.56892222
2024-12-23 13:55:00+09:00,76967550.56892222
2024-12-23 13:56:00+09:00,76967550.56892222
2024-12-23 13:57:00+09:00,76967550.56892222
2024-12-23 13:58:00+09:00,76967550.56892222
2024-12-23 13:59:00+09:00,76967550.56892222
2024-12-23 14:00:00+09:00,76967550.56892222
2024-12-23 14:01:00+09:00,76967550.56892222
2024-12-23 14:02:00+09:00,76967550.56892222
2024-12-23 14:03:00+09:00,76967550.56892222
2024-12-23 14:04:00+09:00,76967550.56892222
2024-12-23 14:05:00+09:00,76967550.56892222
2024-12-23 14:06:00+09:00,76967550.56892222
2024-12-23 14:07:00+09:00,76967550.56892222
2024-12-23 14:08:00+09:00,76967550.56892222
2024-12-23 14:09:00+09:00,76967550.56892222
2024-12-23 14:10:00+09:00,76967550.56892222
2024-12-23 14:11:00+09:00,76967550.56892222
2024-12-23 14:12:00+09:00,76967550.56892222
2024-12-23 14:13:00+09:00,76967550.56892222
2024-12-23 14:14:00+09:00,76967550.56892222
2024-12-23 14:15:00+09:00,76967550.56892222
2024-12-23 14:16:00+09:00,76967550.56892222
2024-12-23 14:17:00+09:00,76967550.56892222
2024-12-23 14:18:00+09:00,76967550.56892222
2024-12-23 14:19:00+09:00,76967550.56892222
2024-12-23 14:20:00+09:00,76967550.56892222
2024-12-23 14:21:00+09:00,76967550.56892222
2024-12-23 14:22:00+09:00,76967550.56892222
2024-12-23 14:23:00+09:00,76967550.56892222
2024-12-23 14:24:00+09:00,76967550.56892222
2024-12-23 14:25:00+09:00,76967550.56892222
2024-12-23 14:26:00+09:00,76967550.56892222
2024-12-23 14:27:00+09:00,76967550.56892222
2024-12-23 14:28:00+09:00,76967550.56892222
2024-12-23 14:29:00+09:00,76967550.56892222
2024-12-23 14:30:00+09:00,76967550.56892222
2024-12-23 14:31:00+09:00,76967550.56892222
2024-12-23 14:32:00+09:00,76967550.56892222
2024-12-23 14:33:00+09:00,76967550.56892222
2024-12-23 14:34:00+09:00,76967550.56892222
2024-12-23 14:35:00+09:00,76967550.56892222
2024-12-23 14:36:00+09:00,76967550.56892222
2024-12-23 14:37:00+09:00,76967550.56892222
2024-12-23 14:38:00+09:00,76967550.56892222
2024-12-23 14:39:00+09:00,76967550.56892222
2024-12-23 14:40:00+09:00,76967550.56892222
2024-12-23 14:41:00+09:00,76967550.56892222
2024-12-23 14:42:00+09:00,76967550.56892222
2024-12-23 14:43:00+09:00,76967550.56892222
2024-12-23 14:44:00+09:00,76967550.56892222
2024-12-23 14:45:00+09:00,76967550.56892222
2024-12-23 14:46:00+09:00,76967550.56892222
2024-12-23 14:47:00+09:00,76967550.56892222
2024-12-23 14:48:00+09:00,76967550.56892222
2024-12-23 14:49:00+09:00,76967550.56892222
2024-12-23 14:50:00+09:00,76967550.56892222
2024-12-23 14:51:00+09:00,76967550.56892222
2024-12-23 14:52:00+09:00,76967550.56892222
2024-12-23 14:53:00+09:00,76967550.56892222
2024-12-23 14:54:00+09:00,76967550.56892222
2024-12-23 14:55:00+09:00,76967550.56892222
2024-12-23 14:56:00+09:00,76967550.56892222
2024-12-23 14:57:00+09:00,76967550.56892222
2024-12-23 14:58:00+09:00,76967550.56892222
2024-12-23 14:59:00+09:00,76967550.56892222
2024-12-23 15:00:00+09:00,76967550.56892222
2024-12-23 15:01:00+09:00,76967550.56892222
2024-12-23 15:02:00+09:00,76967550.56892222
2024-12-23 15:03:00+09:00,76967550.56892222
2024-12-23 15:04:00+09:00,76967550.56892222
2024-12-23 15:05:00+09:00,76967550.56892222
2024-12-23 15:06:00+09:00,76967550.56892222
2024-12-23 15:07:00+09:00,76967550.56892222
2024-12-23 15:08:00+09:00,76967550.56892222
2024-12-23 15:09:00+09:00,76967550.56892222
2024-12-23 15:10:00+09:00,76967550.56892222
2024-12-23 15:11:00+09:00,76967550.56892222
2024-12-23 15:12:00+09:00,76967550.56892222
2024-12-23 15:13:00+09:00,76967550.56892222
2024-12-23 15:14:00+09:00,76967550.56892222
2024-12-23 15:15:00+09:00,76967550.56892222
2024-12-23 15:16:00+09:00,76967550.56892222
2024-12-23 15:17:00+09:00,76967550.56892222
2024-12-23 15:18:00+09:00,76967550.56892222
2024-12-23 15:19:00+09:00,76967550.56892222
2024-12-23 15:30:00+09:00,76967550.56892222
2024-12-23 15:35:00+09:00,76967550.56892222
2024-12-24 09:00:00+09:00,76967550.56892222
2024-12-24 09:01:00+09:00,76967550.56892222
2024-12-24 09:02:00+09:00,76967550.56892222
2024-12-24 09:03:00+09:00,76967550.56892222
2024-12-24 09:04:00+09:00,76967550.56892222
2024-12-24 09:05:00+09:00,76936763.54869466
2024-12-24 09:06:00+09:00,76793758.41198705
2024-12-24 09:07:00+09:00,76793758.41198705
2024-12-24 09:08:00+09:00,76650753.27527943
2024-12-24 09:09:00+09:00,76793758.41198705
2024-12-24 09:10:00+09:00,76443796.24143617
2024-12-24 09:11:00+09:00,76443796.24143617
2024-12-24 09:12:00+09:00,76443796.24143617
2024-12-24 09:13:00+09:00,76443796.24143617
2024-12-24 09:14:00+09:00,76443796.24143617
2024-12-24 09:15:00+09:00,76443796.24143617
2024-12-24 09:16:00+09:00,76443796.24143617
2024-12-24 09:17:00+09:00,76443796.24143617
2024-12-24 09:18:00+09:00,76443796.24143617
2024-12-24 09:19:00+09:00,76443796.24143617
2024-12-24 09:20:00+09:00,76443796.24143617
2024-12-24 09:21:00+09:00,76413218.7229396
2024-12-24 09:22:00+09:00,76413218.7229396
2024-12-24 09:23:00+09:00,76271450.22809184
2024-12-24 09:24:00+09:00,76271450.22809184
2024-12-24 09:25:00+09:00,76413218.72293958
2024-12-24 09:26:00+09:00,76271450.22809182
2024-12-24 09:27:00+09:00,76413218.72293957
2024-12-24 09:28:00+09:00,76271450.2280918
2024-12-24 09:29:00+09:00,76413218.72293955
2024-12-24 09:30:00+09:00,76413218.72293955
2024-12-24 09:31:00+09:00,76271450.22809179
2024-12-24 09:32:00+09:00,76413218.72293954
2024-12-24 09:33:00+09:00,76271450.22809178
2024-12-24 09:34:00+09:00,76271450.22809178
2024-12-24 09:35:00+09:00,76413218.72293952
2024-12-24 09:36:00+09:00,76413218.72293952
2024-12-24 09:37:00+09:00,76413218.72293952
2024-12-24 09:38:00+09:00,76413218.72293952
2024-12-24 09:39:00+09:00,76271450.22809176
2024-12-24 09:40:00+09:00,76413218.7229395
2024-12-24 09:41:00+09:00,76271450.22809175
2024-12-24 09:42:00+09:00,76413218.72293949
2024-12-24 09:43:00+09:00,76271450.22809173
2024-12-24 09:44:00+09:00,76413218.72293948
2024-12-24 09:45:00+09:00,76271450.22809172
2024-12-24 09:46:00+09:00,76271450.22809172
2024-12-24 09:47:00+09:00,76271450.22809172
2024-12-24 09:48:00+09:00,76413218.72293946
2024-12-24 09:49:00+09:00,76413218.72293946
2024-12-24 09:50:00+09:00,76271450.2280917
2024-12-24 09:51:00+09:00,76271450.2280917
2024-12-24 09:52:00+09:00,76271450.2280917
2024-12-24 09:53:00+09:00,76271450.2280917
2024-12-24 09:54:00+09:00,76271450.2280917
2024-12-24 09:55:00+09:00,76271450.2280917
2024-12-24 09:56:00+09:00,76271450.2280917
2024-12-24 09:57:00+09:00,76413218.72293945
2024-12-24 09:58:00+09:00,76413218.72293945
2024-12-24 09:59:00+09:00,76271450.22809169
2024-12-24 10:00:00+09:00,76271450.22809169
2024-12-24 10:01:00+09:00,76065517.31247583
2024-12-24 10:02:00+09:00,76065517.31247583
2024-12-24 10:03:00+09:00,76065517.31247583
2024-12-24 10:04:00+09:00,76065517.31247583
2024-12-24 10:05:00+09:00,76065517.31247583
2024-12-24 10:06:00+09:00,76065517.31247583
2024-12-24 10:07:00+09:00,76065517.31247583
2024-12-24 10:08:00+09:00,76065517.31247583
2024-12-24 10:09:00+09:00,76065517.31247583
2024-12-24 10:10:00+09:00,76065517.31247583
2024-12-24 10:11:00+09:00,76065517.31247583
2024-12-24 10:12:00+09:00,76065517.31247583
2024-12-24 10:13:00+09:00,76065517.31247583
2024-12-24 10:14:00+09:00,76065517.31247583
2024-12-24 10:15:00+09:00,76065517.31247583
2024-12-24 10:16:00+09:00,76065517.31247583
2024-12-24 10:17:00+09:00,76065517.31247583
2024-12-24 10:18:00+09:00,76065517.31247583
2024-12-24 10:19:00+09:00,76065517.31247583
2024-12-24 10:20:00+09:00,76065517.31247583
2024-12-24 10:21:00+09:00,76065517.31247583
2024-12-24 10:22:00+09:00,76065517.31247583
2024-12-24 10:23:00+09:00,76065517.31247583
2024-12-24 10:24:00+09:00,76065517.31247583
2024-12-24 10:25:00+09:00,76065517.31247583
2024-12-24 10:26:00+09:00,76065517.31247583
2024-12-24 10:27:00+09:00,76065517.31247583
2024-12-24 10:28:00+09:00,76065517.31247583
2024-12-24 10:29:00+09:00,76065517.31247583
2024-12-24 10:30:00+09:00,76065517.31247583
2024-12-24 10:31:00+09:00,76065517.31247583
2024-12-24 10:32:00+09:00,76065517.31247583
2024-12-24 10:33:00+09:00,76065517.31247583
2024-12-24 10:34:00+09:00,76065517.31247583
2024-12-24 10:35:00+09:00,76065517.31247583
2024-12-24 10:36:00+09:00,76065517.31247583
2024-12-24 10:37:00+09:00,76065517.31247583
2024-12-24 10:38:00+09:00,76065517.31247583
2024-12-24 10:39:00+09:00,76065517.31247583
2024-12-24 10:40:00+09:00,76035091.10555084
2024-12-24 10:41:00+09:00,76035091.10555084
2024-12-24 10:42:00+09:00,76176158.06493033
2024-12-24 10:43:00+09:00,76458291.98368934
2024-12-24 10:44:00+09:00,76599358.94306885
2024-12-24 10:45:00+09:00,76458291.98368935
2024-12-24 10:46:00+09:00,76599358.94306886
2024-12-24 10:47:00+09:00,76599358.94306886
2024-12-24 10:48:00+09:00,76458291.98368937
2024-12-24 10:49:00+09:00,76458291.98368937
2024-12-24 10:50:00+09:00,76317225.02430987
2024-12-24 10:51:00+09:00,76458291.98368938
2024-12-24 10:52:00+09:00,76599358.94306889
2024-12-24 10:53:00+09:00,76599358.94306889
2024-12-24 10:54:00+09:00,76458291.9836894
2024-12-24 10:55:00+09:00,76458291.9836894
2024-12-24 10:56:00+09:00,76458291.9836894
2024-12-24 10:57:00+09:00,76458291.9836894
2024-12-24 10:58:00+09:00,76458291.9836894
2024-12-24 10:59:00+09:00,76599358.9430689
2024-12-24 11:00:00+09:00,76458291.98368941
2024-12-24 11:01:00+09:00,76458291.98368941
2024-12-24 11:02:00+09:00,76458291.98368941
2024-12-24 11:03:00+09:00,76458291.98368941
2024-12-24 11:04:00+09:00,76599358.94306892
2024-12-24 11:05:00+09:00,76458291.98368943
2024-12-24 11:06:00+09:00,76458291.98368943
2024-12-24 11:07:00+09:00,76458291.98368943
2024-12-24 11:08:00+09:00,76458291.98368943
2024-12-24 11:09:00+09:00,76458291.98368943
2024-12-24 11:10:00+09:00,76458291.98368943
2024-12-24 11:11:00+09:00,76599358.94306894
2024-12-24 11:12:00+09:00,76458291.98368944
2024-12-24 11:13:00+09:00,76458291.98368944
2024-12-24 11:14:00+09:00,76458291.98368944
2024-12-24 11:15:00+09:00,76458291.98368944
2024-12-24 11:16:00+09:00,76317225.02430995
2024-12-24 11:17:00+09:00,76317225.02430995
2024-12-24 11:18:00+09:00,76317225.02430995
2024-12-24 11:19:00+09:00,76317225.02430995
2024-12-24 11:20:00+09:00,76176158.06493044
2024-12-24 11:21:00+09:00,76176158.06493044
2024-12-24 11:22:00+09:00,75970482.43815513
2024-12-24 11:23:00+09:00,75970482.43815513
2024-12-24 11:24:00+09:00,75970482.43815513
2024-12-24 11:25:00+09:00,75970482.43815513
2024-12-24 11:26:00+09:00,75970482.43815513
2024-12-24 11:27:00+09:00,75970482.43815513
2024-12-24 11:28:00+09:00,75970482.43815513
2024-12-24 11:29:00+09:00,75970482.43815513
2024-12-24 11:30:00+09:00,75970482.43815513
2024-12-24 11:31:00+09:00,75970482.43815513
2024-12-24 11:32:00+09:00,75970482.43815513
2024-12-24 11:33:00+09:00,75970482.43815513
2024-12-24 11:34:00+09:00,75970482.43815513
2024-12-24 11:35:00+09:00,75970482.43815513
2024-12-24 11:36:00+09:00,75970482.43815513
2024-12-24 11:37:00+09:00,75970482.43815513
2024-12-24 11:38:00+09:00,75970482.43815513
2024-12-24 11:39:00+09:00,75970482.43815513
2024-12-24 11:40:00+09:00,75970482.43815513
2024-12-24 11:41:00+09:00,75970482.43815513
2024-12-24 11:42:00+09:00,75970482.43815513
2024-12-24 11:43:00+09:00,75970482.43815513
2024-12-24 11:44:00+09:00,75970482.43815513
2024-12-24 11:45:00+09:00,75970482.43815513
2024-12-24 11:46:00+09:00,75970482.43815513
2024-12-24 11:47:00+09:00,75970482.43815513
2024-12-24 11:48:00+09:00,75970482.43815513
2024-12-24 11:49:00+09:00,75970482.43815513
2024-12-24 11:50:00+09:00,75970482.43815513
2024-12-24 11:51:00+09:00,75970482.43815513
2024-12-24 11:52:00+09:00,75970482.43815513
2024-12-24 11:53:00+09:00,75970482.43815513
2024-12-24 11:54:00+09:00,75970482.43815513
2024-12-24 11:55:00+09:00,75970482.43815513
2024-12-24 11:56:00+09:00,75970482.43815513
2024-12-24 11:57:00+09:00,75970482.43815513
2024-12-24 11:58:00+09:00,75970482.43815513
2024-12-24 11:59:00+09:00,75970482.43815513
2024-12-24 12:00:00+09:00,75970482.43815513
2024-12-24 12:01:00+09:00,75970482.43815513
2024-12-24 12:02:00+09:00,75970482.43815513
2024-12-24 12:03:00+09:00,75970482.43815513
2024-12-24 12:04:00+09:00,75970482.43815513
2024-12-24 12:05:00+09:00,75970482.43815513
2024-12-24 12:06:00+09:00,75970482.43815513
2024-12-24 12:07:00+09:00,75970482.43815513
2024-12-24 12:08:00+09:00,75970482.43815513
2024-12-24 12:09:00+09:00,75970482.43815513
2024-12-24 12:10:00+09:00,75970482.43815513
2024-12-24 12:11:00+09:00,75970482.43815513
2024-12-24 12:12:00+09:00,75970482.43815513
2024-12-24 12:13:00+09:00,75970482.43815513
2024-12-24 12:14:00+09:00,75970482.43815513
2024-12-24 12:15:00+09:00,75970482.43815513
2024-12-24 12:16:00+09:00,75970482.43815513
2024-12-24 12:17:00+09:00,75970482.43815513
2024-12-24 12:18:00+09:00,75970482.43815513
2024-12-24 12:19:00+09:00,75970482.43815513
2024-12-24 12:20:00+09:00,75970482.43815513
2024-12-24 12:21:00+09:00,75970482.43815513
2024-12-24 12:22:00+09:00,75970482.43815513
2024-12-24 12:23:00+09:00,75970482.43815513
2024-12-24 12:24:00+09:00,75940094.24517988
2024-12-24 12:25:00+09:00,75940094.24517988
2024-12-24 12:26:00+09:00,76080464.10515249
2024-12-24 12:27:00+09:00,76080464.10515249
2024-12-24 12:28:00+09:00,76080464.10515249
2024-12-24 12:29:00+09:00,76220833.9651251
2024-12-24 12:30:00+09:00,76220833.9651251
2024-12-24 12:31:00+09:00,76080464.10515249
2024-12-24 12:32:00+09:00,76220833.9651251
2024-12-24 12:33:00+09:00,76080464.10515249
2024-12-24 12:34:00+09:00,76080464.10515249
2024-12-24 12:35:00+09:00,76080464.10515249
2024-12-24 12:36:00+09:00,76080464.10515249
2024-12-24 12:37:00+09:00,75940094.24517988
2024-12-24 12:38:00+09:00,75940094.24517988
2024-12-24 12:39:00+09:00,76080464.10515249
2024-12-24 12:40:00+09:00,76220833.9651251
2024-12-24 12:41:00+09:00,76080464.10515249
2024-12-24 12:42:00+09:00,76080464.10515249
2024-12-24 12:43:00+09:00,76080464.10515249
2024-12-24 12:44:00+09:00,76080464.10515249
2024-12-24 12:45:00+09:00,75940094.24517988
2024-12-24 12:46:00+09:00,76080464.10515249
2024-12-24 12:47:00+09:00,75940094.24517988
2024-12-24 12:48:00+09:00,76080464.10515249
2024-12-24 12:49:00+09:00,76080464.10515249
2024-12-24 12:50:00+09:00,76080464.10515249
2024-12-24 12:51:00+09:00,76080464.10515249
2024-12-24 12:52:00+09:00,75940094.24517988
2024-12-24 12:53:00+09:00,76080464.10515249
2024-12-24 12:54:00+09:00,76220833.9651251
2024-12-24 12:55:00+09:00,76220833.9651251
2024-12-24 12:56:00+09:00,76080464.10515249
2024-12-24 12:57:00+09:00,76080464.10515249
2024-12-24 12:58:00+09:00,76220833.9651251
2024-12-24 12:59:00+09:00,76080464.10515249
2024-12-24 13:00:00+09:00,76080464.10515249
2024-12-24 13:01:00+09:00,76220833.9651251
2024-12-24 13:02:00+09:00,76080464.10515249
2024-12-24 13:03:00+09:00,76080464.10515249
2024-12-24 13:04:00+09:00,76080464.10515249
2024-12-24 13:05:00+09:00,76220833.9651251
2024-12-24 13:06:00+09:00,76220833.9651251
2024-12-24 13:07:00+09:00,76080464.10515249
2024-12-24 13:08:00+09:00,76080464.10515249
2024-12-24 13:09:00+09:00,76220833.9651251
2024-12-24 13:10:00+09:00,76080464.10515249
2024-12-24 13:11:00+09:00,76080464.10515249
2024-12-24 13:12:00+09:00,76220833.9651251
2024-12-24 13:13:00+09:00,76080464.10515249
2024-12-24 13:14:00+09:00,76080464.10515249
2024-12-24 13:15:00+09:00,76080464.10515249
2024-12-24 13:16:00+09:00,76080464.10515249
2024-12-24 13:17:00+09:00,75940094.24517988
2024-12-24 13:18:00+09:00,76080464.10515249
2024-12-24 13:19:00+09:00,75875046.85206857
2024-12-24 13:20:00+09:00,75875046.85206857
2024-12-24 13:21:00+09:00,75875046.85206857
2024-12-24 13:22:00+09:00,75875046.85206857
2024-12-24 13:23:00+09:00,75875046.85206857
2024-12-24 13:24:00+09:00,75875046.85206857
2024-12-24 13:25:00+09:00,75875046.85206857
2024-12-24 13:26:00+09:00,75875046.85206857
2024-12-24 13:27:00+09:00,75875046.85206857
2024-12-24 13:28:00+09:00,75875046.85206857
2024-12-24 13:29:00+09:00,75875046.85206857
2024-12-24 13:30:00+09:00,75844696.83332776
2024-12-24 13:31:00+09:00,75779473.1927484
2024-12-24 13:32:00+09:00,75779473.1927484
2024-12-24 13:33:00+09:00,75779473.1927484
2024-12-24 13:34:00+09:00,75779473.1927484
2024-12-24 13:35:00+09:00,75779473.1927484
2024-12-24 13:36:00+09:00,75779473.1927484
2024-12-24 13:37:00+09:00,75779473.1927484
2024-12-24 13:38:00+09:00,75779473.1927484
2024-12-24 13:39:00+09:00,75779473.1927484
2024-12-24 13:40:00+09:00,75779473.1927484
2024-12-24 13:41:00+09:00,75779473.1927484
2024-12-24 13:42:00+09:00,75749161.4034713
2024-12-24 13:43:00+09:00,75888662.62152559
2024-12-24 13:44:00+09:00,75749161.4034713
2024-12-24 13:45:00+09:00,75888662.62152559
2024-12-24 13:46:00+09:00,75749161.4034713
2024-12-24 13:47:00+09:00,75749161.4034713
2024-12-24 13:48:00+09:00,75888662.62152559
2024-12-24 13:49:00+09:00,75749161.4034713
2024-12-24 13:50:00+09:00,75749161.4034713
2024-12-24 13:51:00+09:00,75749161.4034713
2024-12-24 13:52:00+09:00,75749161.4034713
2024-12-24 13:53:00+09:00,75749161.4034713
2024-12-24 13:54:00+09:00,75749161.4034713
2024-12-24 13:55:00+09:00,75888662.62152559
2024-12-24 13:56:00+09:00,75888662.62152559
2024-12-24 13:57:00+09:00,75888662.62152559
2024-12-24 13:58:00+09:00,75749161.4034713
2024-12-24 13:59:00+09:00,75888662.62152559
2024-12-24 14:00:00+09:00,75888662.62152559
2024-12-24 14:01:00+09:00,76028163.83957987
2024-12-24 14:02:00+09:00,76028163.83957987
2024-12-24 14:03:00+09:00,75888662.6215256
2024-12-24 14:04:00+09:00,75888662.6215256
2024-12-24 14:05:00+09:00,76028163.83957988
2024-12-24 14:06:00+09:00,75888662.62152562
2024-12-24 14:07:00+09:00,75888662.62152562
2024-12-24 14:08:00+09:00,75888662.62152562
2024-12-24 14:09:00+09:00,75888662.62152562
2024-12-24 14:10:00+09:00,76028163.8395799
2024-12-24 14:11:00+09:00,75888662.62152563
2024-12-24 14:12:00+09:00,75888662.62152563
2024-12-24 14:13:00+09:00,75749161.40347135
2024-12-24 14:14:00+09:00,75888662.62152563
2024-12-24 14:15:00+09:00,75544638.66768198
2024-12-24 14:16:00+09:00,75544638.66768198
2024-12-24 14:17:00+09:00,75544638.66768198
2024-12-24 14:18:00+09:00,75544638.66768198
2024-12-24 14:19:00+09:00,75544638.66768198
2024-12-24 14:20:00+09:00,75544638.66768198
2024-12-24 14:21:00+09:00,75544638.66768198
2024-12-24 14:22:00+09:00,75544638.66768198
2024-12-24 14:23:00+09:00,75544638.66768198
2024-12-24 14:24:00+09:00,75544638.66768198
2024-12-24 14:25:00+09:00,75544638.66768198
2024-12-24 14:26:00+09:00,75544638.66768198
2024-12-24 14:27:00+09:00,75544638.66768198
2024-12-24 14:28:00+09:00,75514420.81221491
2024-12-24 14:29:00+09:00,75310531.87602192
2024-12-24 14:30:00+09:00,75310531.87602192
2024-12-24 14:31:00+09:00,75310531.87602192
2024-12-24 14:32:00+09:00,75310531.87602192
2024-12-24 14:33:00+09:00,75310531.87602192
2024-12-24 14:34:00+09:00,75310531.87602192
2024-12-24 14:35:00+09:00,75310531.87602192
2024-12-24 14:36:00+09:00,75310531.87602192
2024-12-24 14:37:00+09:00,75310531.87602192
2024-12-24 14:38:00+09:00,75310531.87602192
2024-12-24 14:39:00+09:00,75310531.87602192
2024-12-24 14:40:00+09:00,75310531.87602192
2024-12-24 14:41:00+09:00,75310531.87602192
2024-12-24 14:42:00+09:00,75310531.87602192
2024-12-24 14:43:00+09:00,75310531.87602192
2024-12-24 14:44:00+09:00,75310531.87602192
2024-12-24 14:45:00+09:00,75310531.87602192
2024-12-24 14:46:00+09:00,75310531.87602192
2024-12-24 14:47:00+09:00,75310531.87602192
2024-12-24 14:48:00+09:00,75310531.87602192
2024-12-24 14:49:00+09:00,75310531.87602192
2024-12-24 14:50:00+09:00,75310531.87602192
2024-12-24 14:51:00+09:00,75310531.87602192
2024-12-24 14:52:00+09:00,75310531.87602192
2024-12-24 14:53:00+09:00,75310531.87602192
2024-12-24 14:54:00+09:00,75310531.87602192
2024-12-24 14:55:00+09:00,75310531.87602192
2024-12-24 14:56:00+09:00,75310531.87602192
2024-12-24 14:57:00+09:00,75310531.87602192
2024-12-24 14:58:00+09:00,75310531.87602192
2024-12-24 14:59:00+09:00,75310531.87602192
2024-12-24 15:00:00+09:00,75310531.87602192
2024-12-24 15:01:00+09:00,75310531.87602192
2024-12-24 15:02:00+09:00,75310531.87602192
2024-12-24 15:03:00+09:00,75310531.87602192
2024-12-24 15:04:00+09:00,75310531.87602192
2024-12-24 15:05:00+09:00,75310531.87602192
2024-12-24 15:06:00+09:00,75310531.87602192
2024-12-24 15:07:00+09:00,75310531.87602192
2024-12-24 15:08:00+09:00,75310531.87602192
2024-12-24 15:09:00+09:00,75310531.87602192
2024-12-24 15:10:00+09:00,75310531.87602192
2024-12-24 15:11:00+09:00,75310531.87602192
2024-12-24 15:12:00+09:00,75310531.87602192
2024-12-24 15:13:00+09:00,75310531.87602192
2024-12-24 15:14:00+09:00,75310531.87602192
2024-12-24 15:15:00+09:00,75310531.87602192
2024-12-24 15:16:00+09:00,75310531.87602192
2024-12-24 15:17:00+09:00,75310531.87602192
2024-12-24 15:18:00+09:00,75310531.87602192
2024-12-24 15:19:00+09:00,75310531.87602192
2024-12-24 15:30:00+09:00,75310531.87602192
2024-12-24 15:35:00+09:00,75310531.87602192
2024-12-26 09:00:00+09:00,75310531.87602192
2024-12-26 09:01:00+09:00,75310531.87602192
2024-12-26 09:02:00+09:00,75310531.87602192
2024-12-26 09:03:00+09:00,75310531.87602192
2024-12-26 09:04:00+09:00,75310531.87602192
2024-12-26 09:05:00+09:00,75310531.87602192
2024-12-26 09:06:00+09:00,75310531.87602192
2024-12-26 09:07:00+09:00,75310531.87602192
2024-12-26 09:08:00+09:00,75310531.87602192
2024-12-26 09:09:00+09:00,75310531.87602192
2024-12-26 09:10:00+09:00,75310531.87602192
2024-12-26 09:11:00+09:00,75310531.87602192
2024-12-26 09:12:00+09:00,75280407.66327152
2024-12-26 09:13:00+09:00,75142024.56094933
2024-12-26 09:14:00+09:00,75003641.45862713
2024-12-26 09:15:00+09:00,75003641.45862713
2024-12-26 09:16:00+09:00,74801131.62668884
2024-12-26 09:17:00+09:00,74801131.62668884
2024-12-26 09:18:00+09:00,74801131.62668884
2024-12-26 09:19:00+09:00,74801131.62668884
2024-12-26 09:20:00+09:00,74801131.62668884
2024-12-26 09:21:00+09:00,74801131.62668884
2024-12-26 09:22:00+09:00,74801131.62668884
2024-12-26 09:23:00+09:00,74801131.62668884
2024-12-26 09:24:00+09:00,74801131.62668884
2024-12-26 09:25:00+09:00,74801131.62668884
2024-12-26 09:26:00+09:00,74801131.62668884
2024-12-26 09:27:00+09:00,74801131.62668884
2024-12-26 09:28:00+09:00,74801131.62668884
2024-12-26 09:29:00+09:00,74801131.62668884
2024-12-26 09:30:00+09:00,74801131.62668884
2024-12-26 09:31:00+09:00,74801131.62668884
2024-12-26 09:32:00+09:00,74801131.62668884
2024-12-26 09:33:00+09:00,74801131.62668884
2024-12-26 09:34:00+09:00,74801131.62668884
2024-12-26 09:35:00+09:00,74801131.62668884
2024-12-26 09:36:00+09:00,74801131.62668884
2024-12-26 09:37:00+09:00,74801131.62668884
2024-12-26 09:38:00+09:00,74801131.62668884
2024-12-26 09:39:00+09:00,74801131.62668884
2024-12-26 09:40:00+09:00,74801131.62668884
2024-12-26 09:41:00+09:00,74801131.62668884
2024-12-26 09:42:00+09:00,74801131.62668884
2024-12-26 09:43:00+09:00,74801131.62668884
2024-12-26 09:44:00+09:00,74801131.62668884
2024-12-26 09:45:00+09:00,74801131.62668884
2024-12-26 09:46:00+09:00,74801131.62668884
2024-12-26 09:47:00+09:00,74801131.62668884
2024-12-26 09:48:00+09:00,74801131.62668884
2024-12-26 09:49:00+09:00,74801131.62668884
2024-12-26 09:50:00+09:00,74801131.62668884
2024-12-26 09:51:00+09:00,74801131.62668884
2024-12-26 09:52:00+09:00,74771211.17403817
2024-12-26 09:53:00+09:00,74432252.9316185
2024-12-26 09:54:00+09:00,74432252.9316185
2024-12-26 09:55:00+09:00,74432252.9316185
2024-12-26 09:56:00+09:00,74432252.9316185
2024-12-26 09:57:00+09:00,74432252.9316185
2024-12-26 09:58:00+09:00,74432252.9316185
2024-12-26 09:59:00+09:00,74432252.9316185
2024-12-26 10:00:00+09:00,74432252.9316185
2024-12-26 10:01:00+09:00,74432252.9316185
2024-12-26 10:02:00+09:00,74432252.9316185
2024-12-26 10:03:00+09:00,74432252.9316185
2024-12-26 10:04:00+09:00,74402480.03044586
2024-12-26 10:05:00+09:00,74265710.76568401
2024-12-26 10:06:00+09:00,74265710.76568401
2024-12-26 10:07:00+09:00,74128941.50092216
2024-12-26 10:08:00+09:00,74128941.50092216
2024-12-26 10:09:00+09:00,74065193.34661666
2024-12-26 10:10:00+09:00,74065193.34661666
2024-12-26 10:11:00+09:00,74065193.34661666
2024-12-26 10:12:00+09:00,74065193.34661666
2024-12-26 10:13:00+09:00,74065193.34661666
2024-12-26 10:14:00+09:00,74065193.34661666
2024-12-26 10:15:00+09:00,74065193.34661666
2024-12-26 10:16:00+09:00,74065193.34661666
2024-12-26 10:17:00+09:00,74065193.34661666
2024-12-26 10:18:00+09:00,74065193.34661666
2024-12-26 10:19:00+09:00,74065193.34661666
2024-12-26 10:20:00+09:00,74065193.34661666
2024-12-26 10:21:00+09:00,74065193.34661666
2024-12-26 10:22:00+09:00,74065193.34661666
2024-12-26 10:23:00+09:00,74065193.34661666
2024-12-26 10:24:00+09:00,74065193.34661666
2024-12-26 10:25:00+09:00,74065193.34661666
2024-12-26 10:26:00+09:00,74065193.34661666
2024-12-26 10:27:00+09:00,74065193.34661666
2024-12-26 10:28:00+09:00,74065193.34661666
2024-12-26 10:29:00+09:00,74065193.34661666
2024-12-26 10:30:00+09:00,74065193.34661666
2024-12-26 10:31:00+09:00,74065193.34661666
2024-12-26 10:32:00+09:00,74065193.34661666
2024-12-26 10:33:00+09:00,74065193.34661666
2024-12-26 10:34:00+09:00,74065193.34661666
2024-12-26 10:35:00+09:00,74065193.34661666
2024-12-26 10:36:00+09:00,74065193.34661666
2024-12-26 10:37:00+09:00,74065193.34661666
2024-12-26 10:38:00+09:00,74065193.34661666
2024-12-26 10:39:00+09:00,74065193.34661666
2024-12-26 10:40:00+09:00,74065193.34661666
2024-12-26 10:41:00+09:00,74065193.34661666
2024-12-26 10:42:00+09:00,74065193.34661666
2024-12-26 10:43:00+09:00,74065193.34661666
2024-12-26 10:44:00+09:00,74065193.34661666
2024-12-26 10:45:00+09:00,74065193.34661666
2024-12-26 10:46:00+09:00,74065193.34661666
2024-12-26 10:47:00+09:00,74065193.34661666
2024-12-26 10:48:00+09:00,74065193.34661666
2024-12-26 10:49:00+09:00,74065193.34661666
2024-12-26 10:50:00+09:00,74065193.34661666
2024-12-26 10:51:00+09:00,74065193.34661666
2024-12-26 10:52:00+09:00,74065193.34661666
2024-12-26 10:53:00+09:00,74065193.34661666
2024-12-26 10:54:00+09:00,74065193.34661666
2024-12-26 10:55:00+09:00,74065193.34661666
2024-12-26 10:56:00+09:00,74065193.34661666
2024-12-26 10:57:00+09:00,74065193.34661666
2024-12-26 10:58:00+09:00,74065193.34661666
2024-12-26 10:59:00+09:00,74065193.34661666
2024-12-26 11:00:00+09:00,74065193.34661666
2024-12-26 11:01:00+09:00,74065193.34661666
2024-12-26 11:02:00+09:00,74065193.34661666
2024-12-26 11:03:00+09:00,74065193.34661666
2024-12-26 11:04:00+09:00,74065193.34661666
2024-12-26 11:05:00+09:00,74065193.34661666
2024-12-26 11:06:00+09:00,74065193.34661666
2024-12-26 11:07:00+09:00,74065193.34661666
2024-12-26 11:08:00+09:00,74065193.34661666
2024-12-26 11:09:00+09:00,74065193.34661666
2024-12-26 11:10:00+09:00,74065193.34661666
2024-12-26 11:11:00+09:00,74065193.34661666
2024-12-26 11:12:00+09:00,74065193.34661666
2024-12-26 11:13:00+09:00,74065193.34661666
2024-12-26 11:14:00+09:00,74065193.34661666
2024-12-26 11:15:00+09:00,74065193.34661666
2024-12-26 11:16:00+09:00,74065193.34661666
2024-12-26 11:17:00+09:00,74065193.34661666
2024-12-26 11:18:00+09:00,74065193.34661666
2024-12-26 11:19:00+09:00,74065193.34661666
2024-12-26 11:20:00+09:00,74065193.34661666
2024-12-26 11:21:00+09:00,74065193.34661666
2024-12-26 11:22:00+09:00,74065193.34661666
2024-12-26 11:23:00+09:00,74065193.34661666
2024-12-26 11:24:00+09:00,74065193.34661666
2024-12-26 11:25:00+09:00,74065193.34661666
2024-12-26 11:26:00+09:00,74065193.34661666
2024-12-26 11:27:00+09:00,74065193.34661666
2024-12-26 11:28:00+09:00,74065193.34661666
2024-12-26 11:29:00+09:00,74065193.34661666
2024-12-26 11:30:00+09:00,74065193.34661666
2024-12-26 11:31:00+09:00,74065193.34661666
2024-12-26 11:32:00+09:00,74065193.34661666
2024-12-26 11:33:00+09:00,74065193.34661666
2024-12-26 11:34:00+09:00,74065193.34661666
2024-12-26 11:35:00+09:00,74065193.34661666
2024-12-26 11:36:00+09:00,74065193.34661666
2024-12-26 11:37:00+09:00,74065193.34661666
2024-12-26 11:38:00+09:00,74065193.34661666
2024-12-26 11:39:00+09:00,74065193.34661666
2024-12-26 11:40:00+09:00,74065193.34661666
2024-12-26 11:41:00+09:00,74065193.34661666
2024-12-26 11:42:00+09:00,74065193.34661666
2024-12-26 11:43:00+09:00,74065193.34661666
2024-12-26 11:44:00+09:00,74065193.34661666
2024-12-26 11:45:00+09:00,74065193.34661666
2024-12-26 11:46:00+09:00,74065193.34661666
2024-12-26 11:47:00+09:00,74065193.34661666
2024-12-26 11:48:00+09:00,74065193.34661666
2024-12-26 11:49:00+09:00,74065193.34661666
2024-12-26 11:50:00+09:00,74065193.34661666
2024-12-26 11:51:00+09:00,74065193.34661666
2024-12-26 11:52:00+09:00,74035567.269278
2024-12-26 11:53:00+09:00,73835671.23765095
2024-12-26 11:54:00+09:00,73835671.23765095
2024-12-26 11:55:00+09:00,73835671.23765095
2024-12-26 11:56:00+09:00,73835671.23765095
2024-12-26 11:57:00+09:00,73835671.23765095
2024-12-26 11:58:00+09:00,73835671.23765095
2024-12-26 11:59:00+09:00,73835671.23765095
2024-12-26 12:00:00+09:00,73835671.23765095
2024-12-26 12:01:00+09:00,73835671.23765095
2024-12-26 12:02:00+09:00,73835671.23765095
2024-12-26 12:03:00+09:00,73835671.23765095
2024-12-26 12:04:00+09:00,73806136.9691559
2024-12-26 12:05:00+09:00,73669711.577346
2024-12-26 12:06:00+09:00,73669711.577346
2024-12-26 12:07:00+09:00,73806136.9691559
2024-12-26 12:08:00+09:00,73806136.9691559
2024-12-26 12:09:00+09:00,73669711.577346
2024-12-26 12:10:00+09:00,73669711.577346
2024-12-26 12:11:00+09:00,73669711.577346
2024-12-26 12:12:00+09:00,73806136.9691559
2024-12-26 12:13:00+09:00,73669711.577346
2024-12-26 12:14:00+09:00,73806136.9691559
2024-12-26 12:15:00+09:00,73669711.577346
2024-12-26 12:16:00+09:00,73806136.9691559
2024-12-26 12:17:00+09:00,73806136.9691559
2024-12-26 12:18:00+09:00,73669711.577346
2024-12-26 12:19:00+09:00,73806136.9691559
2024-12-26 12:20:00+09:00,73669711.577346
2024-12-26 12:21:00+09:00,73806136.9691559
2024-12-26 12:22:00+09:00,73669711.577346
2024-12-26 12:23:00+09:00,73669711.577346
2024-12-26 12:24:00+09:00,73669711.577346
2024-12-26 12:25:00+09:00,73806136.9691559
2024-12-26 12:26:00+09:00,73806136.9691559
2024-12-26 12:27:00+09:00,73669711.577346
2024-12-26 12:28:00+09:00,73669711.577346
2024-12-26 12:29:00+09:00,73470803.35608716
2024-12-26 12:30:00+09:00,73470803.35608716
2024-12-26 12:31:00+09:00,73470803.35608716
2024-12-26 12:32:00+09:00,73470803.35608716
2024-12-26 12:33:00+09:00,73470803.35608716
2024-12-26 12:34:00+09:00,73470803.35608716
2024-12-26 12:35:00+09:00,73470803.35608716
2024-12-26 12:36:00+09:00,73470803.35608716
2024-12-26 12:37:00+09:00,73470803.35608716
2024-12-26 12:38:00+09:00,73470803.35608716
2024-12-26 12:39:00+09:00,73470803.35608716
2024-12-26 12:40:00+09:00,73441415.03474472
2024-12-26 12:41:00+09:00,73577166.26401412
2024-12-26 12:42:00+09:00,73577166.26401412
2024-12-26 12:43:00+09:00,73441415.03474472
2024-12-26 12:44:00+09:00,73577166.26401412
2024-12-26 12:45:00+09:00,73577166.26401412
2024-12-26 12:46:00+09:00,73577166.26401412
2024-12-26 12:47:00+09:00,73577166.26401412
2024-12-26 12:48:00+09:00,73441415.03474472
2024-12-26 12:49:00+09:00,73577166.26401412
2024-12-26 12:50:00+09:00,73441415.03474472
2024-12-26 12:51:00+09:00,73441415.03474472
2024-12-26 12:52:00+09:00,73305663.80547532
2024-12-26 12:53:00+09:00,73305663.80547532
2024-12-26 12:54:00+09:00,73107738.51320054
2024-12-26 12:55:00+09:00,73107738.51320054
2024-12-26 12:56:00+09:00,73107738.51320054
2024-12-26 12:57:00+09:00,73107738.51320054
2024-12-26 12:58:00+09:00,73107738.51320054
2024-12-26 12:59:00+09:00,73107738.51320054
2024-12-26 13:00:00+09:00,73107738.51320054
2024-12-26 13:01:00+09:00,73107738.51320054
2024-12-26 13:02:00+09:00,73107738.51320054
2024-12-26 13:03:00+09:00,73107738.51320054
2024-12-26 13:04:00+09:00,73107738.51320054
2024-12-26 13:05:00+09:00,73107738.51320054
2024-12-26 13:06:00+09:00,73107738.51320054
2024-12-26 13:07:00+09:00,73107738.51320054
2024-12-26 13:08:00+09:00,73107738.51320054
2024-12-26 13:09:00+09:00,73107738.51320054
2024-12-26 13:10:00+09:00,73107738.51320054
2024-12-26 13:11:00+09:00,73107738.51320054
2024-12-26 13:12:00+09:00,73107738.51320054
2024-12-26 13:13:00+09:00,73107738.51320054
2024-12-26 13:14:00+09:00,73107738.51320054
2024-12-26 13:15:00+09:00,73107738.51320054
2024-12-26 13:16:00+09:00,73107738.51320054
2024-12-26 13:17:00+09:00,73107738.51320054
2024-12-26 13:18:00+09:00,73107738.51320054
2024-12-26 13:19:00+09:00,73107738.51320054
2024-12-26 13:20:00+09:00,73107738.51320054
2024-12-26 13:21:00+09:00,73078495.41779526
2024-12-26 13:22:00+09:00,73213575.81597972
2024-12-26 13:23:00+09:00,73213575.81597972
2024-12-26 13:24:00+09:00,73078495.41779526
2024-12-26 13:25:00+09:00,73078495.41779526
2024-12-26 13:26:00+09:00,73078495.41779526
2024-12-26 13:27:00+09:00,73213575.81597972
2024-12-26 13:28:00+09:00,73078495.41779526
2024-12-26 13:29:00+09:00,73078495.41779526
2024-12-26 13:30:00+09:00,73213575.81597972
2024-12-26 13:31:00+09:00,73078495.41779526
2024-12-26 13:32:00+09:00,73078495.41779526
2024-12-26 13:33:00+09:00,72881183.48016721
2024-12-26 13:34:00+09:00,72881183.48016721
2024-12-26 13:35:00+09:00,72881183.48016721
2024-12-26 13:36:00+09:00,72881183.48016721
2024-12-26 13:37:00+09:00,72881183.48016721
2024-12-26 13:38:00+09:00,72881183.48016721
2024-12-26 13:39:00+09:00,72881183.48016721
2024-12-26 13:40:00+09:00,72881183.48016721
2024-12-26 13:41:00+09:00,72881183.48016721
2024-12-26 13:42:00+09:00,72881183.48016721
2024-12-26 13:43:00+09:00,72881183.48016721
2024-12-26 13:44:00+09:00,72881183.48016721
2024-12-26 13:45:00+09:00,72881183.48016721
2024-12-26 13:46:00+09:00,72881183.48016721
2024-12-26 13:47:00+09:00,72881183.48016721
2024-12-26 13:48:00+09:00,72881183.48016721
2024-12-26 13:49:00+09:00,72881183.48016721
2024-12-26 13:50:00+09:00,72852031.00677514
2024-12-26 13:51:00+09:00,72717119.83824408
2024-12-26 13:52:00+09:00,72655330.52305685
2024-12-26 13:53:00+09:00,72655330.52305685
2024-12-26 13:54:00+09:00,72655330.52305685
2024-12-26 13:55:00+09:00,72655330.52305685
2024-12-26 13:56:00+09:00,72655330.52305685
2024-12-26 13:57:00+09:00,72655330.52305685
2024-12-26 13:58:00+09:00,72655330.52305685
2024-12-26 13:59:00+09:00,72655330.52305685
2024-12-26 14:00:00+09:00,72655330.52305685
2024-12-26 14:01:00+09:00,72655330.52305685
2024-12-26 14:02:00+09:00,72655330.52305685
2024-12-26 14:03:00+09:00,72655330.52305685
2024-12-26 14:04:00+09:00,72655330.52305685
2024-12-26 14:05:00+09:00,72655330.52305685
2024-12-26 14:06:00+09:00,72655330.52305685
2024-12-26 14:07:00+09:00,72655330.52305685
2024-12-26 14:08:00+09:00,72655330.52305685
2024-12-26 14:09:00+09:00,72655330.52305685
2024-12-26 14:10:00+09:00,72655330.52305685
2024-12-26 14:11:00+09:00,72655330.52305685
2024-12-26 14:12:00+09:00,72655330.52305685
2024-12-26 14:13:00+09:00,72655330.52305685
2024-12-26 14:14:00+09:00,72655330.52305685
2024-12-26 14:15:00+09:00,72655330.52305685
2024-12-26 14:16:00+09:00,72655330.52305685
2024-12-26 14:17:00+09:00,72655330.52305685
2024-12-26 14:18:00+09:00,72655330.52305685
2024-12-26 14:19:00+09:00,72655330.52305685
2024-12-26 14:20:00+09:00,72655330.52305685
2024-12-26 14:21:00+09:00,72655330.52305685
2024-12-26 14:22:00+09:00,72655330.52305685
2024-12-26 14:23:00+09:00,72655330.52305685
2024-12-26 14:24:00+09:00,72655330.52305685
2024-12-26 14:25:00+09:00,72655330.52305685
2024-12-26 14:26:00+09:00,72655330.52305685
2024-12-26 14:27:00+09:00,72655330.52305685
2024-12-26 14:28:00+09:00,72655330.52305685
2024-12-26 14:29:00+09:00,72655330.52305685
2024-12-26 14:30:00+09:00,72655330.52305685
2024-12-26 14:31:00+09:00,72655330.52305685
2024-12-26 14:32:00+09:00,72655330.52305685
2024-12-26 14:33:00+09:00,72655330.52305685
2024-12-26 14:34:00+09:00,72655330.52305685
2024-12-26 14:35:00+09:00,72655330.52305685
2024-12-26 14:36:00+09:00,72655330.52305685
2024-12-26 14:37:00+09:00,72655330.52305685
2024-12-26 14:38:00+09:00,72655330.52305685
2024-12-26 14:39:00+09:00,72655330.52305685
2024-12-26 14:40:00+09:00,72655330.52305685
2024-12-26 14:41:00+09:00,72655330.52305685
2024-12-26 14:42:00+09:00,72655330.52305685
2024-12-26 14:43:00+09:00,72655330.52305685
2024-12-26 14:44:00+09:00,72655330.52305685
2024-12-26 14:45:00+09:00,72655330.52305685
2024-12-26 14:46:00+09:00,72655330.52305685
2024-12-26 14:47:00+09:00,72655330.52305685
2024-12-26 14:48:00+09:00,72655330.52305685
2024-12-26 14:49:00+09:00,72655330.52305685
2024-12-26 14:50:00+09:00,72655330.52305685
2024-12-26 14:51:00+09:00,72655330.52305685
2024-12-26 14:52:00+09:00,72655330.52305685
2024-12-26 14:53:00+09:00,72655330.52305685
2024-12-26 14:54:00+09:00,72655330.52305685
2024-12-26 14:55:00+09:00,72655330.52305685
2024-12-26 14:56:00+09:00,72655330.52305685
2024-12-26 14:57:00+09:00,72655330.52305685
2024-12-26 14:58:00+09:00,72655330.52305685
2024-12-26 14:59:00+09:00,72655330.52305685
2024-12-26 15:00:00+09:00,72655330.52305685
2024-12-26 15:01:00+09:00,72655330.52305685
2024-12-26 15:02:00+09:00,72655330.52305685
2024-12-26 15:03:00+09:00,72655330.52305685
2024-12-26 15:04:00+09:00,72655330.52305685
2024-12-26 15:05:00+09:00,72655330.52305685
2024-12-26 15:06:00+09:00,72655330.52305685
2024-12-26 15:07:00+09:00,72655330.52305685
2024-12-26 15:08:00+09:00,72655330.52305685
2024-12-26 15:09:00+09:00,72655330.52305685
2024-12-26 15:10:00+09:00,72655330.52305685
2024-12-26 15:11:00+09:00,72655330.52305685
2024-12-26 15:12:00+09:00,72655330.52305685
2024-12-26 15:13:00+09:00,72655330.52305685
2024-12-26 15:14:00+09:00,72655330.52305685
2024-12-26 15:15:00+09:00,72655330.52305685
2024-12-26 15:16:00+09:00,72655330.52305685
2024-12-26 15:17:00+09:00,72655330.52305685
2024-12-26 15:18:00+09:00,72655330.52305685
2024-12-26 15:19:00+09:00,72655330.52305685
2024-12-26 15:30:00+09:00,72655330.52305685
2024-12-26 15:35:00+09:00,72655330.52305685
2024-12-27 09:00:00+09:00,72655330.52305685
2024-12-27 09:01:00+09:00,72655330.52305685
2024-12-27 09:02:00+09:00,72655330.52305685
2024-12-27 09:03:00+09:00,72655330.52305685
2024-12-27 09:04:00+09:00,72655330.52305685
2024-12-27 09:05:00+09:00,72655330.52305685
2024-12-27 09:06:00+09:00,72655330.52305685
2024-12-27 09:07:00+09:00,72655330.52305685
2024-12-27 09:08:00+09:00,72655330.52305685
2024-12-27 09:09:00+09:00,72655330.52305685
2024-12-27 09:10:00+09:00,72655330.52305685
2024-12-27 09:11:00+09:00,72655330.52305685
2024-12-27 09:12:00+09:00,72655330.52305685
2024-12-27 09:13:00+09:00,72655330.52305685
2024-12-27 09:14:00+09:00,72655330.52305685
2024-12-27 09:15:00+09:00,72655330.52305685
2024-12-27 09:16:00+09:00,72655330.52305685
2024-12-27 09:17:00+09:00,72655330.52305685
2024-12-27 09:18:00+09:00,72655330.52305685
2024-12-27 09:19:00+09:00,72655330.52305685
2024-12-27 09:20:00+09:00,72655330.52305685
2024-12-27 09:21:00+09:00,72655330.52305685
2024-12-27 09:22:00+09:00,72655330.52305685
2024-12-27 09:23:00+09:00,72655330.52305685
2024-12-27 09:24:00+09:00,72655330.52305685
2024-12-27 09:25:00+09:00,72655330.52305685
2024-12-27 09:26:00+09:00,72655330.52305685
2024-12-27 09:27:00+09:00,72655330.52305685
2024-12-27 09:28:00+09:00,72655330.52305685
2024-12-27 09:29:00+09:00,72655330.52305685
2024-12-27 09:30:00+09:00,72655330.52305685
2024-12-27 09:31:00+09:00,72655330.52305685
2024-12-27 09:32:00+09:00,72655330.52305685
2024-12-27 09:33:00+09:00,72655330.52305685
2024-12-27 09:34:00+09:00,72655330.52305685
2024-12-27 09:35:00+09:00,72655330.52305685
2024-12-27 09:36:00+09:00,72655330.52305685
2024-12-27 09:37:00+09:00,72655330.52305685
2024-12-27 09:38:00+09:00,72655330.52305685
2024-12-27 09:39:00+09:00,72655330.52305685
2024-12-27 09:40:00+09:00,72655330.52305685
2024-12-27 09:41:00+09:00,72655330.52305685
2024-12-27 09:42:00+09:00,72655330.52305685
2024-12-27 09:43:00+09:00,72655330.52305685
2024-12-27 09:44:00+09:00,72655330.52305685
2024-12-27 09:45:00+09:00,72655330.52305685
2024-12-27 09:46:00+09:00,72655330.52305685
2024-12-27 09:47:00+09:00,72655330.52305685
2024-12-27 09:48:00+09:00,72655330.52305685
2024-12-27 09:49:00+09:00,72655330.52305685
2024-12-27 09:50:00+09:00,72655330.52305685
2024-12-27 09:51:00+09:00,72655330.52305685
2024-12-27 09:52:00+09:00,72655330.52305685
2024-12-27 09:53:00+09:00,72655330.52305685
2024-12-27 09:54:00+09:00,72655330.52305685
2024-12-27 09:55:00+09:00,72655330.52305685
2024-12-27 09:56:00+09:00,72655330.52305685
2024-12-27 09:57:00+09:00,72655330.52305685
2024-12-27 09:58:00+09:00,72655330.52305685
2024-12-27 09:59:00+09:00,72655330.52305685
2024-12-27 10:00:00+09:00,72655330.52305685
2024-12-27 10:01:00+09:00,72655330.52305685
2024-12-27 10:02:00+09:00,72655330.52305685
2024-12-27 10:03:00+09:00,72626268.39084762
2024-12-27 10:04:00+09:00,72626268.39084762
2024-12-27 10:05:00+09:00,72626268.39084762
2024-12-27 10:06:00+09:00,72491023.94319241
2024-12-27 10:07:00+09:00,72626268.39084762
2024-12-27 10:08:00+09:00,72626268.39084762
2024-12-27 10:09:00+09:00,72491023.94319241
2024-12-27 10:10:00+09:00,72626268.39084762
2024-12-27 10:11:00+09:00,72626268.39084762
2024-12-27 10:12:00+09:00,72491023.94319241
2024-12-27 10:13:00+09:00,72491023.94319241
2024-12-27 10:14:00+09:00,72626268.39084762
2024-12-27 10:15:00+09:00,72626268.39084762
2024-12-27 10:16:00+09:00,72491023.94319241
2024-12-27 10:17:00+09:00,72491023.94319241
2024-12-27 10:18:00+09:00,72491023.94319241
2024-12-27 10:19:00+09:00,72491023.94319241
2024-12-27 10:20:00+09:00,72626268.39084762
2024-12-27 10:21:00+09:00,72626268.39084762
2024-12-27 10:22:00+09:00,72626268.39084762
2024-12-27 10:23:00+09:00,72626268.39084762
2024-12-27 10:24:00+09:00,72355779.4955372
2024-12-27 10:25:00+09:00,72491023.94319242
2024-12-27 10:26:00+09:00,72295298.1785458
2024-12-27 10:27:00+09:00,72295298.1785458
2024-12-27 10:28:00+09:00,72295298.1785458
2024-12-27 10:29:00+09:00,72295298.1785458
2024-12-27 10:30:00+09:00,72295298.1785458
2024-12-27 10:31:00+09:00,72295298.1785458
2024-12-27 10:32:00+09:00,72295298.1785458
2024-12-27 10:33:00+09:00,72295298.1785458
2024-12-27 10:34:00+09:00,72295298.1785458
2024-12-27 10:35:00+09:00,72295298.1785458
2024-12-27 10:36:00+09:00,72295298.1785458
2024-12-27 10:37:00+09:00,72295298.1785458
2024-12-27 10:38:00+09:00,72295298.1785458
2024-12-27 10:39:00+09:00,72295298.1785458
2024-12-27 10:40:00+09:00,72295298.1785458
2024-12-27 10:41:00+09:00,72266380.05927439
2024-12-27 10:42:00+09:00,72266380.05927439
2024-12-27 10:43:00+09:00,72266380.05927439
2024-12-27 10:44:00+09:00,72131554.72334291
2024-12-27 10:45:00+09:00,72131554.72334291
2024-12-27 10:46:00+09:00,71936799.52558988
2024-12-27 10:47:00+09:00,71936799.52558988
2024-12-27 10:48:00+09:00,71936799.52558988
2024-12-27 10:49:00+09:00,71936799.52558988
2024-12-27 10:50:00+09:00,71936799.52558988
2024-12-27 10:51:00+09:00,71936799.52558988
2024-12-27 10:52:00+09:00,71936799.52558988
2024-12-27 10:53:00+09:00,71936799.52558988
2024-12-27 10:54:00+09:00,71936799.52558988
2024-12-27 10:55:00+09:00,71936799.52558988
2024-12-27 10:56:00+09:00,71936799.52558988
2024-12-27 10:57:00+09:00,71936799.52558988
2024-12-27 10:58:00+09:00,71936799.52558988
2024-12-27 10:59:00+09:00,71936799.52558988
2024-12-27 11:00:00+09:00,71936799.52558988
2024-12-27 11:01:00+09:00,71936799.52558988
2024-12-27 11:02:00+09:00,71936799.52558988
2024-12-27 11:03:00+09:00,71936799.52558988
2024-12-27 11:04:00+09:00,71936799.52558988
2024-12-27 11:05:00+09:00,71936799.52558988
2024-12-27 11:06:00+09:00,71936799.52558988
2024-12-27 11:07:00+09:00,71936799.52558988
2024-12-27 11:08:00+09:00,71936799.52558988
2024-12-27 11:09:00+09:00,71936799.52558988
2024-12-27 11:10:00+09:00,71936799.52558988
2024-12-27 11:11:00+09:00,71936799.52558988
2024-12-27 11:12:00+09:00,71936799.52558988
2024-12-27 11:13:00+09:00,71936799.52558988
2024-12-27 11:14:00+09:00,71936799.52558988
2024-12-27 11:15:00+09:00,71936799.52558988
2024-12-27 11:16:00+09:00,71936799.52558988
2024-12-27 11:17:00+09:00,71936799.52558988
2024-12-27 11:18:00+09:00,71936799.52558988
2024-12-27 11:19:00+09:00,71936799.52558988
2024-12-27 11:20:00+09:00,71936799.52558988
2024-12-27 11:21:00+09:00,71936799.52558988
2024-12-27 11:22:00+09:00,71936799.52558988
2024-12-27 11:23:00+09:00,71936799.52558988
2024-12-27 11:24:00+09:00,71936799.52558988
2024-12-27 11:25:00+09:00,71936799.52558988
2024-12-27 11:26:00+09:00,71936799.52558988
2024-12-27 11:27:00+09:00,71936799.52558988
2024-12-27 11:28:00+09:00,71936799.52558988
2024-12-27 11:29:00+09:00,71936799.52558988
2024-12-27 11:30:00+09:00,71936799.52558988
2024-12-27 11:31:00+09:00,71936799.52558988
2024-12-27 11:32:00+09:00,71936799.52558988
2024-12-27 11:33:00+09:00,71936799.52558988
2024-12-27 11:34:00+09:00,71936799.52558988
2024-12-27 11:35:00+09:00,71936799.52558988
2024-12-27 11:36:00+09:00,71936799.52558988
2024-12-27 11:37:00+09:00,71936799.52558988
2024-12-27 11:38:00+09:00,71936799.52558988
2024-12-27 11:39:00+09:00,71936799.52558988
2024-12-27 11:40:00+09:00,71936799.52558988
2024-12-27 11:41:00+09:00,71936799.52558988
2024-12-27 11:42:00+09:00,71936799.52558988
2024-12-27 11:43:00+09:00,71936799.52558988
2024-12-27 11:44:00+09:00,71936799.52558988
2024-12-27 11:45:00+09:00,71936799.52558988
2024-12-27 11:46:00+09:00,71936799.52558988
2024-12-27 11:47:00+09:00,71936799.52558988
2024-12-27 11:48:00+09:00,71936799.52558988
2024-12-27 11:49:00+09:00,71936799.52558988
2024-12-27 11:50:00+09:00,71936799.52558988
2024-12-27 11:51:00+09:00,71936799.52558988
2024-12-27 11:52:00+09:00,71936799.52558988
2024-12-27 11:53:00+09:00,71936799.52558988
2024-12-27 11:54:00+09:00,71936799.52558988
2024-12-27 11:55:00+09:00,71936799.52558988
2024-12-27 11:56:00+09:00,71908024.80577965
2024-12-27 11:57:00+09:00,71773617.28277819
2024-12-27 11:58:00+09:00,71773617.28277819
2024-12-27 11:59:00+09:00,71773617.28277819
2024-12-27 12:00:00+09:00,71773617.28277819
2024-12-27 12:01:00+09:00,71639209.75977673
2024-12-27 12:02:00+09:00,71639209.75977673
2024-12-27 12:03:00+09:00,71445783.89342533
2024-12-27 12:04:00+09:00,71445783.89342533
2024-12-27 12:05:00+09:00,71445783.89342533
2024-12-27 12:06:00+09:00,71445783.89342533
2024-12-27 12:07:00+09:00,71445783.89342533
2024-12-27 12:08:00+09:00,71445783.89342533
2024-12-27 12:09:00+09:00,71445783.89342533
2024-12-27 12:10:00+09:00,71445783.89342533
2024-12-27 12:11:00+09:00,71445783.89342533
2024-12-27 12:12:00+09:00,71445783.89342533
2024-12-27 12:13:00+09:00,71445783.89342533
2024-12-27 12:14:00+09:00,71417205.57986796
2024-12-27 12:15:00+09:00,71358008.35392953
2024-12-27 12:16:00+09:00,71358008.35392953
2024-12-27 12:17:00+09:00,71358008.35392953
2024-12-27 12:18:00+09:00,71358008.35392953
2024-12-27 12:19:00+09:00,71358008.35392953
2024-12-27 12:20:00+09:00,71358008.35392953
2024-12-27 12:21:00+09:00,71358008.35392953
2024-12-27 12:22:00+09:00,71358008.35392953
2024-12-27 12:23:00+09:00,71358008.35392953
2024-12-27 12:24:00+09:00,71358008.35392953
2024-12-27 12:25:00+09:00,71358008.35392953
2024-12-27 12:26:00+09:00,71329465.15058796
2024-12-27 12:27:00+09:00,71329465.15058796
2024-12-27 12:28:00+09:00,71196139.04750274
2024-12-27 12:29:00+09:00,71196139.04750274
2024-12-27 12:30:00+09:00,71196139.04750274
2024-12-27 12:31:00+09:00,71329465.15058795
2024-12-27 12:32:00+09:00,71329465.15058795
2024-12-27 12:33:00+09:00,71196139.04750273
2024-12-27 12:34:00+09:00,71196139.04750273
2024-12-27 12:35:00+09:00,71196139.04750273
2024-12-27 12:36:00+09:00,71196139.04750273
2024-12-27 12:37:00+09:00,71196139.04750273
2024-12-27 12:38:00+09:00,71196139.04750273
2024-12-27 12:39:00+09:00,71329465.15058793
2024-12-27 12:40:00+09:00,71329465.15058793
2024-12-27 12:41:00+09:00,71329465.15058793
2024-12-27 12:42:00+09:00,71462791.25367315
2024-12-27 12:43:00+09:00,71462791.25367315
2024-12-27 12:44:00+09:00,71462791.25367315
2024-12-27 12:45:00+09:00,71462791.25367315
2024-12-27 12:46:00+09:00,71462791.25367315
2024-12-27 12:47:00+09:00,71329465.15058793
2024-12-27 12:48:00+09:00,71329465.15058793
2024-12-27 12:49:00+09:00,71462791.25367315
2024-12-27 12:50:00+09:00,71329465.15058793
2024-12-27 12:51:00+09:00,71329465.15058793
2024-12-27 12:52:00+09:00,71462791.25367315
2024-12-27 12:53:00+09:00,71329465.15058793
2024-12-27 12:54:00+09:00,71329465.15058793
2024-12-27 12:55:00+09:00,71329465.15058793
2024-12-27 12:56:00+09:00,71462791.25367315
2024-12-27 12:57:00+09:00,71462791.25367315
2024-12-27 12:58:00+09:00,71462791.25367315
2024-12-27 12:59:00+09:00,71329465.15058793
2024-12-27 13:00:00+09:00,71462791.25367315
2024-12-27 13:01:00+09:00,71329465.15058793
2024-12-27 13:02:00+09:00,71329465.15058793
2024-12-27 13:03:00+09:00,71329465.15058793
2024-12-27 13:04:00+09:00,71329465.15058793
2024-12-27 13:05:00+09:00,71462791.25367315
2024-12-27 13:06:00+09:00,71329465.15058793
2024-12-27 13:07:00+09:00,71329465.15058793
2024-12-27 13:08:00+09:00,71196139.04750271
2024-12-27 13:09:00+09:00,71329465.15058792
2024-12-27 13:10:00+09:00,71003909.47207443
2024-12-27 13:11:00+09:00,71003909.47207443
2024-12-27 13:12:00+09:00,71003909.47207443
2024-12-27 13:13:00+09:00,71003909.47207443
2024-12-27 13:14:00+09:00,71003909.47207443
2024-12-27 13:15:00+09:00,71003909.47207443
2024-12-27 13:16:00+09:00,71003909.47207443
2024-12-27 13:17:00+09:00,71003909.47207443
2024-12-27 13:18:00+09:00,71003909.47207443
2024-12-27 13:19:00+09:00,71003909.47207443
2024-12-27 13:20:00+09:00,71003909.47207443
2024-12-27 13:21:00+09:00,71003909.47207443
2024-12-27 13:22:00+09:00,70975507.9082856
2024-12-27 13:23:00+09:00,70916180.34354432
2024-12-27 13:24:00+09:00,70916180.34354432
2024-12-27 13:25:00+09:00,70916180.34354432
2024-12-27 13:26:00+09:00,70916180.34354432
2024-12-27 13:27:00+09:00,70916180.34354432
2024-12-27 13:28:00+09:00,70916180.34354432
2024-12-27 13:29:00+09:00,70916180.34354432
2024-12-27 13:30:00+09:00,70916180.34354432
2024-12-27 13:31:00+09:00,70916180.34354432
2024-12-27 13:32:00+09:00,70916180.34354432
2024-12-27 13:33:00+09:00,70916180.34354432
2024-12-27 13:34:00+09:00,70887813.8714069
2024-12-27 13:35:00+09:00,71020067.25549534
2024-12-27 13:36:00+09:00,71020067.25549534
2024-12-27 13:37:00+09:00,71020067.25549534
2024-12-27 13:38:00+09:00,71020067.25549534
2024-12-27 13:39:00+09:00,71020067.25549534
2024-12-27 13:40:00+09:00,70887813.87140688
2024-12-27 13:41:00+09:00,71020067.25549532
2024-12-27 13:42:00+09:00,71020067.25549532
2024-12-27 13:43:00+09:00,71020067.25549532
2024-12-27 13:44:00+09:00,70887813.87140687
2024-12-27 13:45:00+09:00,71020067.25549531
2024-12-27 13:46:00+09:00,71020067.25549531
2024-12-27 13:47:00+09:00,71020067.25549531
2024-12-27 13:48:00+09:00,70887813.87140685
2024-12-27 13:49:00+09:00,70887813.87140685
2024-12-27 13:50:00+09:00,70887813.87140685
2024-12-27 13:51:00+09:00,71020067.2554953
2024-12-27 13:52:00+09:00,71020067.2554953
2024-12-27 13:53:00+09:00,71020067.2554953
2024-12-27 13:54:00+09:00,71020067.2554953
2024-12-27 13:55:00+09:00,71020067.2554953
2024-12-27 13:56:00+09:00,71020067.2554953
2024-12-27 13:57:00+09:00,70887813.87140684
2024-12-27 13:58:00+09:00,71152320.63958374
2024-12-27 13:59:00+09:00,71284574.02367218
2024-12-27 14:00:00+09:00,71284574.02367218
2024-12-27 14:01:00+09:00,71284574.02367218
2024-12-27 14:02:00+09:00,71284574.02367218
2024-12-27 14:03:00+09:00,71284574.02367218
2024-12-27 14:04:00+09:00,71152320.63958374
2024-12-27 14:05:00+09:00,71284574.02367218
2024-12-27 14:06:00+09:00,71284574.02367218
2024-12-27 14:07:00+09:00,71284574.02367218
2024-12-27 14:08:00+09:00,71284574.02367218
2024-12-27 14:09:00+09:00,71152320.63958374
2024-12-27 14:10:00+09:00,71284574.02367218
2024-12-27 14:11:00+09:00,71284574.02367218
2024-12-27 14:12:00+09:00,71284574.02367218
2024-12-27 14:13:00+09:00,71284574.02367218
2024-12-27 14:14:00+09:00,71152320.63958374
2024-12-27 14:15:00+09:00,71284574.02367218
2024-12-27 14:16:00+09:00,71284574.02367218
2024-12-27 14:17:00+09:00,71284574.02367218
2024-12-27 14:18:00+09:00,71284574.02367218
2024-12-27 14:19:00+09:00,71284574.02367218
2024-12-27 14:20:00+09:00,71284574.02367218
2024-12-27 14:21:00+09:00,71284574.02367218
2024-12-27 14:22:00+09:00,71284574.02367218
2024-12-27 14:23:00+09:00,71284574.02367218
2024-12-27 14:24:00+09:00,71152320.63958374
2024-12-27 14:25:00+09:00,71284574.02367218
2024-12-27 14:26:00+09:00,71152320.63958374
2024-12-27 14:27:00+09:00,71284574.02367218
2024-12-27 14:28:00+09:00,71284574.02367218
2024-12-27 14:29:00+09:00,71284574.02367218
2024-12-27 14:30:00+09:00,71152320.63958374
2024-12-27 14:31:00+09:00,71284574.02367218
2024-12-27 14:32:00+09:00,71284574.02367218
2024-12-27 14:33:00+09:00,71284574.02367218
2024-12-27 14:34:00+09:00,71416827.40776062
2024-12-27 14:35:00+09:00,71416827.40776062
2024-12-27 14:36:00+09:00,71416827.40776062
2024-12-27 14:37:00+09:00,71284574.02367218
2024-12-27 14:38:00+09:00,71284574.02367218
2024-12-27 14:39:00+09:00,71284574.02367218
2024-12-27 14:40:00+09:00,71152320.63958374
2024-12-27 14:41:00+09:00,71284574.02367218
2024-12-27 14:42:00+09:00,70960209.37385686
2024-12-27 14:43:00+09:00,70960209.37385686
2024-12-27 14:44:00+09:00,70960209.37385686
2024-12-27 14:45:00+09:00,70960209.37385686
2024-12-27 14:46:00+09:00,70960209.37385686
2024-12-27 14:47:00+09:00,70960209.37385686
2024-12-27 14:48:00+09:00,70960209.37385686
2024-12-27 14:49:00+09:00,70960209.37385686
2024-12-27 14:50:00+09:00,70960209.37385686
2024-12-27 14:51:00+09:00,70960209.37385686
2024-12-27 14:52:00+09:00,70960209.37385686
2024-12-27 14:53:00+09:00,70960209.37385686
2024-12-27 14:54:00+09:00,70931825.29010732
2024-12-27 14:55:00+09:00,70931825.29010732
2024-12-27 14:56:00+09:00,70740309.36182404
2024-12-27 14:57:00+09:00,70740309.36182404
2024-12-27 14:58:00+09:00,70740309.36182404
2024-12-27 14:59:00+09:00,70740309.36182404
2024-12-27 15:00:00+09:00,70740309.36182404
2024-12-27 15:01:00+09:00,70740309.36182404
2024-12-27 15:02:00+09:00,70740309.36182404
2024-12-27 15:03:00+09:00,70740309.36182404
2024-12-27 15:04:00+09:00,70740309.36182404
2024-12-27 15:05:00+09:00,70740309.36182404
2024-12-27 15:06:00+09:00,70740309.36182404
2024-12-27 15:07:00+09:00,70740309.36182404
2024-12-27 15:08:00+09:00,70740309.36182404
2024-12-27 15:09:00+09:00,70740309.36182404
2024-12-27 15:10:00+09:00,70740309.36182404
2024-12-27 15:11:00+09:00,70740309.36182404
2024-12-27 15:12:00+09:00,70740309.36182404
2024-12-27 15:13:00+09:00,70740309.36182404
2024-12-27 15:14:00+09:00,70740309.36182404
2024-12-27 15:15:00+09:00,70740309.36182404
2024-12-27 15:16:00+09:00,70740309.36182404
2024-12-27 15:17:00+09:00,70740309.36182404
2024-12-27 15:18:00+09:00,70740309.36182404
2024-12-27 15:19:00+09:00,70740309.36182404
2024-12-27 15:30:00+09:00,70740309.36182404
2024-12-27 15:35:00+09:00,70740309.36182404
2024-12-30 09:00:00+09:00,70740309.36182404
2024-12-30 09:01:00+09:00,70740309.36182404
2024-12-30 09:02:00+09:00,70740309.36182404
2024-12-30 09:03:00+09:00,70740309.36182404
2024-12-30 09:04:00+09:00,70740309.36182404
2024-12-30 09:05:00+09:00,70740309.36182404
2024-12-30 09:06:00+09:00,70740309.36182404
2024-12-30 09:07:00+09:00,70740309.36182404
2024-12-30 09:08:00+09:00,70740309.36182404
2024-12-30 09:09:00+09:00,70740309.36182404
2024-12-30 09:10:00+09:00,70740309.36182404
2024-12-30 09:11:00+09:00,70740309.36182404
2024-12-30 09:12:00+09:00,70740309.36182404
2024-12-30 09:13:00+09:00,70740309.36182404
2024-12-30 09:14:00+09:00,70740309.36182404
2024-12-30 09:15:00+09:00,70740309.36182404
2024-12-30 09:16:00+09:00,70740309.36182404
2024-12-30 09:17:00+09:00,70740309.36182404
2024-12-30 09:18:00+09:00,70740309.36182404
2024-12-30 09:19:00+09:00,70740309.36182404
2024-12-30 09:20:00+09:00,70740309.36182404
2024-12-30 09:21:00+09:00,70740309.36182404
2024-12-30 09:22:00+09:00,70740309.36182404
2024-12-30 09:23:00+09:00,70740309.36182404
2024-12-30 09:24:00+09:00,70740309.36182404
2024-12-30 09:25:00+09:00,70740309.36182404
2024-12-30 09:26:00+09:00,70740309.36182404
2024-12-30 09:27:00+09:00,70740309.36182404
2024-12-30 09:28:00+09:00,70740309.36182404
2024-12-30 09:29:00+09:00,70740309.36182404
2024-12-30 09:30:00+09:00,70740309.36182404
2024-12-30 09:31:00+09:00,70740309.36182404
2024-12-30 09:32:00+09:00,70740309.36182404
2024-12-30 09:33:00+09:00,70740309.36182404
2024-12-30 09:34:00+09:00,70740309.36182404
2024-12-30 09:35:00+09:00,70740309.36182404
2024-12-30 09:36:00+09:00,70740309.36182404
2024-12-30 09:37:00+09:00,70740309.36182404
2024-12-30 09:38:00+09:00,70740309.36182404
2024-12-30 09:39:00+09:00,70740309.36182404
2024-12-30 09:40:00+09:00,70740309.36182404
2024-12-30 09:41:00+09:00,70740309.36182404
2024-12-30 09:42:00+09:00,70740309.36182404
2024-12-30 09:43:00+09:00,70740309.36182404
2024-12-30 09:44:00+09:00,70712013.23807931
2024-12-30 09:45:00+09:00,70712013.23807931
2024-12-30 09:46:00+09:00,70712013.23807931
2024-12-30 09:47:00+09:00,70712013.23807931
2024-12-30 09:48:00+09:00,70712013.23807931
2024-12-30 09:49:00+09:00,70843448.20692332
2024-12-30 09:50:00+09:00,70712013.23807931
2024-12-30 09:51:00+09:00,70580578.2692353
2024-12-30 09:52:00+09:00,70712013.23807931
2024-12-30 09:53:00+09:00,70712013.23807931
2024-12-30 09:54:00+09:00,70712013.23807931
2024-12-30 09:55:00+09:00,70712013.23807931
2024-12-30 09:56:00+09:00,70843448.20692332
2024-12-30 09:57:00+09:00,70843448.20692332
2024-12-30 09:58:00+09:00,70712013.23807931
2024-12-30 09:59:00+09:00,70843448.20692332
2024-12-30 10:00:00+09:00,70712013.23807931
2024-12-30 10:01:00+09:00,70712013.23807931
2024-12-30 10:02:00+09:00,70712013.23807931
2024-12-30 10:03:00+09:00,70712013.23807931
2024-12-30 10:04:00+09:00,70843448.20692332
2024-12-30 10:05:00+09:00,70843448.20692332
2024-12-30 10:06:00+09:00,70843448.20692332
2024-12-30 10:07:00+09:00,70843448.20692332
2024-12-30 10:08:00+09:00,70843448.20692332
2024-12-30 10:09:00+09:00,70843448.20692332
2024-12-30 10:10:00+09:00,70712013.23807931
2024-12-30 10:11:00+09:00,70712013.23807931
2024-12-30 10:12:00+09:00,70580578.2692353
2024-12-30 10:13:00+09:00,70712013.23807931
2024-12-30 10:14:00+09:00,70580578.2692353
2024-12-30 10:15:00+09:00,70449143.30039129
2024-12-30 10:16:00+09:00,70449143.30039129
2024-12-30 10:17:00+09:00,70127850.51905209
2024-12-30 10:18:00+09:00,70127850.51905209
2024-12-30 10:19:00+09:00,70127850.51905209
2024-12-30 10:20:00+09:00,70127850.51905209
2024-12-30 10:21:00+09:00,70127850.51905209
2024-12-30 10:22:00+09:00,70127850.51905209
2024-12-30 10:23:00+09:00,70127850.51905209
2024-12-30 10:24:00+09:00,70127850.51905209
2024-12-30 10:25:00+09:00,70127850.51905209
2024-12-30 10:26:00+09:00,70127850.51905209
2024-12-30 10:27:00+09:00,70127850.51905209
2024-12-30 10:28:00+09:00,70127850.51905209
2024-12-30 10:29:00+09:00,70127850.51905209
2024-12-30 10:30:00+09:00,70127850.51905209
2024-12-30 10:31:00+09:00,70127850.51905209
2024-12-30 10:32:00+09:00,70127850.51905209
2024-12-30 10:33:00+09:00,70127850.51905209
2024-12-30 10:34:00+09:00,70127850.51905209
2024-12-30 10:35:00+09:00,70127850.51905209
2024-12-30 10:36:00+09:00,70127850.51905209
2024-12-30 10:37:00+09:00,70127850.51905209
2024-12-30 10:38:00+09:00,70127850.51905209
2024-12-30 10:39:00+09:00,70127850.51905209
2024-12-30 10:40:00+09:00,70127850.51905209
2024-12-30 10:41:00+09:00,70127850.51905209
2024-12-30 10:42:00+09:00,70127850.51905209
2024-12-30 10:43:00+09:00,70127850.51905209
2024-12-30 10:44:00+09:00,70127850.51905209
2024-12-30 10:45:00+09:00,70127850.51905209
2024-12-30 10:46:00+09:00,70127850.51905209
2024-12-30 10:47:00+09:00,70127850.51905209
2024-12-30 10:48:00+09:00,70127850.51905209
2024-12-30 10:49:00+09:00,70127850.51905209
2024-12-30 10:50:00+09:00,70127850.51905209
2024-12-30 10:51:00+09:00,70127850.51905209
2024-12-30 10:52:00+09:00,70127850.51905209
2024-12-30 10:53:00+09:00,70127850.51905209
2024-12-30 10:54:00+09:00,70127850.51905209
2024-12-30 10:55:00+09:00,70127850.51905209
2024-12-30 10:56:00+09:00,70127850.51905209
2024-12-30 10:57:00+09:00,70127850.51905209
2024-12-30 10:58:00+09:00,70127850.51905209
2024-12-30 10:59:00+09:00,70127850.51905209
2024-12-30 11:00:00+09:00,70127850.51905209
2024-12-30 11:01:00+09:00,70127850.51905209
2024-12-30 11:02:00+09:00,70127850.51905209
2024-12-30 11:03:00+09:00,70127850.51905209
2024-12-30 11:04:00+09:00,70127850.51905209
2024-12-30 11:05:00+09:00,70127850.51905209
2024-12-30 11:06:00+09:00,70127850.51905209
2024-12-30 11:07:00+09:00,70127850.51905209
2024-12-30 11:08:00+09:00,70127850.51905209
2024-12-30 11:09:00+09:00,70127850.51905209
2024-12-30 11:10:00+09:00,70127850.51905209
2024-12-30 11:11:00+09:00,70127850.51905209
2024-12-30 11:12:00+09:00,70127850.51905209
2024-12-30 11:13:00+09:00,70127850.51905209
2024-12-30 11:14:00+09:00,70127850.51905209
2024-12-30 11:15:00+09:00,70127850.51905209
2024-12-30 11:16:00+09:00,70127850.51905209
2024-12-30 11:17:00+09:00,70127850.51905209
2024-12-30 11:18:00+09:00,70127850.51905209
2024-12-30 11:19:00+09:00,70127850.51905209
2024-12-30 11:20:00+09:00,70127850.51905209
2024-12-30 11:21:00+09:00,70127850.51905209
2024-12-30 11:22:00+09:00,70127850.51905209
2024-12-30 11:23:00+09:00,70127850.51905209
2024-12-30 11:24:00+09:00,70127850.51905209
2024-12-30 11:25:00+09:00,70127850.51905209
2024-12-30 11:26:00+09:00,70127850.51905209
2024-12-30 11:27:00+09:00,70127850.51905209
2024-12-30 11:28:00+09:00,70127850.51905209
2024-12-30 11:29:00+09:00,70127850.51905209
2024-12-30 11:30:00+09:00,70127850.51905209
2024-12-30 11:31:00+09:00,70127850.51905209
2024-12-30 11:32:00+09:00,70127850.51905209
2024-12-30 11:33:00+09:00,70127850.51905209
2024-12-30 11:34:00+09:00,70127850.51905209
2024-12-30 11:35:00+09:00,70127850.51905209
2024-12-30 11:36:00+09:00,70127850.51905209
2024-12-30 11:37:00+09:00,70127850.51905209
2024-12-30 11:38:00+09:00,70127850.51905209
2024-12-30 11:39:00+09:00,70099799.37884447
2024-12-30 11:40:00+09:00,70099799.37884447
2024-12-30 11:41:00+09:00,70099799.37884447
2024-12-30 11:42:00+09:00,69969259.71519671
2024-12-30 11:43:00+09:00,69969259.71519671
2024-12-30 11:44:00+09:00,69910529.92052159
2024-12-30 11:45:00+09:00,69910529.92052159
2024-12-30 11:46:00+09:00,69910529.92052159
2024-12-30 11:47:00+09:00,69910529.92052159
2024-12-30 11:48:00+09:00,69910529.92052159
2024-12-30 11:49:00+09:00,69910529.92052159
2024-12-30 11:50:00+09:00,69910529.92052159
2024-12-30 11:51:00+09:00,69910529.92052159
2024-12-30 11:52:00+09:00,69910529.92052159
2024-12-30 11:53:00+09:00,69910529.92052159
2024-12-30 11:54:00+09:00,69910529.92052159
2024-12-30 11:55:00+09:00,69882565.70855339
2024-12-30 11:56:00+09:00,69882565.70855339
2024-12-30 11:57:00+09:00,70012700.84022667
2024-12-30 11:58:00+09:00,70012700.84022667
2024-12-30 11:59:00+09:00,70012700.84022667
2024-12-30 12:00:00+09:00,70012700.84022667
2024-12-30 12:01:00+09:00,69882565.70855339
2024-12-30 12:02:00+09:00,69882565.70855339
2024-12-30 12:03:00+09:00,69882565.70855339
2024-12-30 12:04:00+09:00,69752430.5768801
2024-12-30 12:05:00+09:00,69882565.70855339
2024-12-30 12:06:00+09:00,69693882.7811403
2024-12-30 12:07:00+09:00,69693882.7811403
2024-12-30 12:08:00+09:00,69693882.7811403
2024-12-30 12:09:00+09:00,69693882.7811403
2024-12-30 12:10:00+09:00,69693882.7811403
2024-12-30 12:11:00+09:00,69693882.7811403
2024-12-30 12:12:00+09:00,69693882.7811403
2024-12-30 12:13:00+09:00,69693882.7811403
2024-12-30 12:14:00+09:00,69693882.7811403
2024-12-30 12:15:00+09:00,69693882.7811403
2024-12-30 12:16:00+09:00,69693882.7811403
2024-12-30 12:17:00+09:00,69693882.7811403
2024-12-30 12:18:00+09:00,69693882.7811403
2024-12-30 12:19:00+09:00,69693882.7811403
2024-12-30 12:20:00+09:00,69693882.7811403
2024-12-30 12:21:00+09:00,69693882.7811403
2024-12-30 12:22:00+09:00,69693882.7811403
2024-12-30 12:23:00+09:00,69693882.7811403
2024-12-30 12:24:00+09:00,69693882.7811403
2024-12-30 12:25:00+09:00,69693882.7811403
2024-12-30 12:26:00+09:00,69693882.7811403
2024-12-30 12:27:00+09:00,69693882.7811403
2024-12-30 12:28:00+09:00,69693882.7811403
2024-12-30 12:29:00+09:00,69693882.7811403
2024-12-30 12:30:00+09:00,69693882.7811403
2024-12-30 12:31:00+09:00,69693882.7811403
2024-12-30 12:32:00+09:00,69693882.7811403
2024-12-30 12:33:00+09:00,69693882.7811403
2024-12-30 12:34:00+09:00,69693882.7811403
2024-12-30 12:35:00+09:00,69693882.7811403
2024-12-30 12:36:00+09:00,69693882.7811403
2024-12-30 12:37:00+09:00,69693882.7811403
2024-12-30 12:38:00+09:00,69693882.7811403
2024-12-30 12:39:00+09:00,69693882.7811403
2024-12-30 12:40:00+09:00,69693882.7811403
2024-12-30 12:41:00+09:00,69693882.7811403
2024-12-30 12:42:00+09:00,69693882.7811403
2024-12-30 12:43:00+09:00,69693882.7811403
2024-12-30 12:44:00+09:00,69693882.7811403
2024-12-30 12:45:00+09:00,69693882.7811403
2024-12-30 12:46:00+09:00,69693882.7811403
2024-12-30 12:47:00+09:00,69693882.7811403
2024-12-30 12:48:00+09:00,69693882.7811403
2024-12-30 12:49:00+09:00,69693882.7811403
2024-12-30 12:50:00+09:00,69693882.7811403
2024-12-30 12:51:00+09:00,69693882.7811403
2024-12-30 12:52:00+09:00,69693882.7811403
2024-12-30 12:53:00+09:00,69693882.7811403
2024-12-30 12:54:00+09:00,69693882.7811403
2024-12-30 12:55:00+09:00,69693882.7811403
2024-12-30 12:56:00+09:00,69666005.22802785
2024-12-30 12:57:00+09:00,69536273.3747168
2024-12-30 12:58:00+09:00,69666005.22802785
2024-12-30 12:59:00+09:00,69477907.01391217
2024-12-30 13:00:00+09:00,69477907.01391217
2024-12-30 13:01:00+09:00,69477907.01391217
2024-12-30 13:02:00+09:00,69477907.01391217
2024-12-30 13:03:00+09:00,69477907.01391217
2024-12-30 13:04:00+09:00,69477907.01391217
2024-12-30 13:05:00+09:00,69477907.01391217
2024-12-30 13:06:00+09:00,69477907.01391217
2024-12-30 13:07:00+09:00,69477907.01391217
2024-12-30 13:08:00+09:00,69477907.01391217
2024-12-30 13:09:00+09:00,69477907.01391217
2024-12-30 13:10:00+09:00,69477907.01391217
2024-12-30 13:11:00+09:00,69477907.01391217
2024-12-30 13:12:00+09:00,69477907.01391217
2024-12-30 13:13:00+09:00,69477907.01391217
2024-12-30 13:14:00+09:00,69450115.85110661
2024-12-30 13:15:00+09:00,69391821.80796966
2024-12-30 13:16:00+09:00,69391821.80796966
2024-12-30 13:17:00+09:00,69391821.80796966
2024-12-30 13:18:00+09:00,69391821.80796966
2024-12-30 13:19:00+09:00,69391821.80796966
2024-12-30 13:20:00+09:00,69391821.80796966
2024-12-30 13:21:00+09:00,69391821.80796966
2024-12-30 13:22:00+09:00,69391821.80796966
2024-12-30 13:23:00+09:00,69391821.80796966
2024-12-30 13:24:00+09:00,69391821.80796966
2024-12-30 13:25:00+09:00,69391821.80796966
2024-12-30 13:26:00+09:00,69391821.80796966
2024-12-30 13:27:00+09:00,69391821.80796966
2024-12-30 13:28:00+09:00,69391821.80796966
2024-12-30 13:29:00+09:00,69391821.80796966
2024-12-30 13:30:00+09:00,69391821.80796966
2024-12-30 13:31:00+09:00,69391821.80796966
2024-12-30 13:32:00+09:00,69391821.80796966
2024-12-30 13:33:00+09:00,69391821.80796966
2024-12-30 13:34:00+09:00,69391821.80796966
2024-12-30 13:35:00+09:00,69391821.80796966
2024-12-30 13:36:00+09:00,69391821.80796966
2024-12-30 13:37:00+09:00,69391821.80796966
2024-12-30 13:38:00+09:00,69391821.80796966
2024-12-30 13:39:00+09:00,69391821.80796966
2024-12-30 13:40:00+09:00,69391821.80796966
2024-12-30 13:41:00+09:00,69391821.80796966
2024-12-30 13:42:00+09:00,69391821.80796966
2024-12-30 13:43:00+09:00,69391821.80796966
2024-12-30 13:44:00+09:00,69391821.80796966
2024-12-30 13:45:00+09:00,69391821.80796966
2024-12-30 13:46:00+09:00,69391821.80796966
2024-12-30 13:47:00+09:00,69391821.80796966
2024-12-30 13:48:00+09:00,69391821.80796966
2024-12-30 13:49:00+09:00,69391821.80796966
2024-12-30 13:50:00+09:00,69391821.80796966
2024-12-30 13:51:00+09:00,69391821.80796966
2024-12-30 13:52:00+09:00,69391821.80796966
2024-12-30 13:53:00+09:00,69364065.07924648
2024-12-30 13:54:00+09:00,69364065.07924648
2024-12-30 13:55:00+09:00,69364065.07924648
2024-12-30 13:56:00+09:00,69364065.07924648
2024-12-30 13:57:00+09:00,69364065.07924648
2024-12-30 13:58:00+09:00,69234895.4980933
2024-12-30 13:59:00+09:00,69234895.4980933
2024-12-30 14:00:00+09:00,69176782.1035325
2024-12-30 14:01:00+09:00,69176782.1035325
2024-12-30 14:02:00+09:00,69176782.1035325
2024-12-30 14:03:00+09:00,69176782.1035325
2024-12-30 14:04:00+09:00,69176782.1035325
2024-12-30 14:05:00+09:00,69176782.1035325
2024-12-30 14:06:00+09:00,69176782.1035325
2024-12-30 14:07:00+09:00,69176782.1035325
2024-12-30 14:08:00+09:00,69176782.1035325
2024-12-30 14:09:00+09:00,69176782.1035325
2024-12-30 14:10:00+09:00,69176782.1035325
2024-12-30 14:11:00+09:00,69176782.1035325
2024-12-30 14:12:00+09:00,69149111.39069109
2024-12-30 14:13:00+09:00,68962408.78993621
2024-12-30 14:14:00+09:00,68962408.78993621
2024-12-30 14:15:00+09:00,68962408.78993621
2024-12-30 14:16:00+09:00,68962408.78993621
2024-12-30 14:17:00+09:00,68962408.78993621
2024-12-30 14:18:00+09:00,68962408.78993621
2024-12-30 14:19:00+09:00,68962408.78993621
2024-12-30 14:20:00+09:00,68962408.78993621
2024-12-30 14:21:00+09:00,68962408.78993621
2024-12-30 14:22:00+09:00,68962408.78993621
2024-12-30 14:23:00+09:00,68962408.78993621
2024-12-30 14:24:00+09:00,68962408.78993621
2024-12-30 14:25:00+09:00,68962408.78993621
2024-12-30 14:26:00+09:00,68962408.78993621
2024-12-30 14:27:00+09:00,68962408.78993621
2024-12-30 14:28:00+09:00,68962408.78993621
2024-12-30 14:29:00+09:00,68962408.78993621
2024-12-30 14:30:00+09:00,68962408.78993621
2024-12-30 14:31:00+09:00,68962408.78993621
2024-12-30 14:32:00+09:00,68962408.78993621
2024-12-30 14:33:00+09:00,68962408.78993621
2024-12-30 14:34:00+09:00,68962408.78993621
2024-12-30 14:35:00+09:00,68962408.78993621
2024-12-30 14:36:00+09:00,68962408.78993621
2024-12-30 14:37:00+09:00,68962408.78993621
2024-12-30 14:38:00+09:00,68962408.78993621
2024-12-30 14:39:00+09:00,68962408.78993621
2024-12-30 14:40:00+09:00,68962408.78993621
2024-12-30 14:41:00+09:00,68962408.78993621
2024-12-30 14:42:00+09:00,68962408.78993621
2024-12-30 14:43:00+09:00,68962408.78993621
2024-12-30 14:44:00+09:00,68962408.78993621
2024-12-30 14:45:00+09:00,68962408.78993621
2024-12-30 14:46:00+09:00,68962408.78993621
2024-12-30 14:47:00+09:00,68962408.78993621
2024-12-30 14:48:00+09:00,68962408.78993621
2024-12-30 14:49:00+09:00,68962408.78993621
2024-12-30 14:50:00+09:00,68962408.78993621
2024-12-30 14:51:00+09:00,68962408.78993621
2024-12-30 14:52:00+09:00,68962408.78993621
2024-12-30 14:53:00+09:00,68962408.78993621
2024-12-30 14:54:00+09:00,68962408.78993621
2024-12-30 14:55:00+09:00,68962408.78993621
2024-12-30 14:56:00+09:00,68962408.78993621
2024-12-30 14:57:00+09:00,68962408.78993621
2024-12-30 14:58:00+09:00,68962408.78993621
2024-12-30 14:59:00+09:00,68962408.78993621
2024-12-30 15:00:00+09:00,68962408.78993621
2024-12-30 15:01:00+09:00,68962408.78993621
2024-12-30 15:02:00+09:00,68962408.78993621
2024-12-30 15:03:00+09:00,68962408.78993621
2024-12-30 15:04:00+09:00,68962408.78993621
2024-12-30 15:05:00+09:00,68962408.78993621
2024-12-30 15:06:00+09:00,68962408.78993621
2024-12-30 15:07:00+09:00,68962408.78993621
2024-12-30 15:08:00+09:00,68962408.78993621
2024-12-30 15:09:00+09:00,68962408.78993621
2024-12-30 15:10:00+09:00,68962408.78993621
2024-12-30 15:11:00+09:00,68962408.78993621
2024-12-30 15:12:00+09:00,68962408.78993621
2024-12-30 15:13:00+09:00,68962408.78993621
2024-12-30 15:14:00+09:00,68962408.78993621
2024-12-30 15:15:00+09:00,68962408.78993621
2024-12-30 15:16:00+09:00,68962408.78993621
2024-12-30 15:17:00+09:00,68962408.78993621
2024-12-30 15:18:00+09:00,68962408.78993621
2024-12-30 15:19:00+09:00,68962408.78993621
2024-12-30 15:30:00+09:00,68962408.78993621
2024-12-30 15:35:00+09:00,68962408.78993621
2025-01-02 10:00:00+09:00,68962408.78993621
2025-01-02 10:01:00+09:00,68962408.78993621
2025-01-02 10:02:00+09:00,68962408.78993621
2025-01-02 10:03:00+09:00,68962408.78993621
2025-01-02 10:04:00+09:00,68962408.78993621
2025-01-02 10:05:00+09:00,68962408.78993621
2025-01-02 10:06:00+09:00,68962408.78993621
2025-01-02 10:07:00+09:00,68962408.78993621
2025-01-02 10:08:00+09:00,68962408.78993621
2025-01-02 10:09:00+09:00,68962408.78993621
2025-01-02 10:10:00+09:00,68962408.78993621
2025-01-02 10:11:00+09:00,68962408.78993621
2025-01-02 10:12:00+09:00,68962408.78993621
2025-01-02 10:13:00+09:00,68962408.78993621
2025-01-02 10:14:00+09:00,68962408.78993621
2025-01-02 10:15:00+09:00,68962408.78993621
2025-01-02 10:16:00+09:00,68962408.78993621
2025-01-02 10:17:00+09:00,68962408.78993621
2025-01-02 10:18:00+09:00,68962408.78993621
2025-01-02 10:19:00+09:00,68962408.78993621
2025-01-02 10:20:00+09:00,68962408.78993621
2025-01-02 10:21:00+09:00,68962408.78993621
2025-01-02 10:22:00+09:00,68962408.78993621
2025-01-02 10:23:00+09:00,68962408.78993621
2025-01-02 10:24:00+09:00,68962408.78993621
2025-01-02 10:25:00+09:00,68962408.78993621
2025-01-02 10:26:00+09:00,68962408.78993621
2025-01-02 10:27:00+09:00,68962408.78993621
2025-01-02 10:28:00+09:00,68962408.78993621
2025-01-02 10:29:00+09:00,68962408.78993621
2025-01-02 10:30:00+09:00,68962408.78993621
2025-01-02 10:31:00+09:00,68962408.78993621
2025-01-02 10:32:00+09:00,68962408.78993621
2025-01-02 10:33:00+09:00,68962408.78993621
2025-01-02 10:34:00+09:00,68962408.78993621
2025-01-02 10:35:00+09:00,68962408.78993621
2025-01-02 10:36:00+09:00,68962408.78993621
2025-01-02 10:37:00+09:00,68962408.78993621
2025-01-02 10:38:00+09:00,68962408.78993621
2025-01-02 10:39:00+09:00,68962408.78993621
2025-01-02 10:40:00+09:00,68962408.78993621
2025-01-02 10:41:00+09:00,68962408.78993621
2025-01-02 10:42:00+09:00,68962408.78993621
2025-01-02 10:43:00+09:00,68962408.78993621
2025-01-02 10:44:00+09:00,68962408.78993621
2025-01-02 10:45:00+09:00,68962408.78993621
2025-01-02 10:46:00+09:00,68962408.78993621
2025-01-02 10:47:00+09:00,68962408.78993621
2025-01-02 10:48:00+09:00,68962408.78993621
2025-01-02 10:49:00+09:00,68962408.78993621
2025-01-02 10:50:00+09:00,68962408.78993621
2025-01-02 10:51:00+09:00,68962408.78993621
2025-01-02 10:52:00+09:00,68962408.78993621
2025-01-02 10:53:00+09:00,68962408.78993621
2025-01-02 10:54:00+09:00,68962408.78993621
2025-01-02 10:55:00+09:00,68962408.78993621
2025-01-02 10:56:00+09:00,68962408.78993621
2025-01-02 10:57:00+09:00,68962408.78993621
2025-01-02 10:58:00+09:00,68962408.78993621
2025-01-02 10:59:00+09:00,68962408.78993621
2025-01-02 11:00:00+09:00,68934823.82642025
2025-01-02 11:01:00+09:00,68934823.82642025
2025-01-02 11:02:00+09:00,69065629.94373794
2025-01-02 11:03:00+09:00,68934823.82642025
2025-01-02 11:04:00+09:00,69065629.94373794
2025-01-02 11:05:00+09:00,69065629.94373794
2025-01-02 11:06:00+09:00,69065629.94373794
2025-01-02 11:07:00+09:00,69065629.94373794
2025-01-02 11:08:00+09:00,69065629.94373794
2025-01-02 11:09:00+09:00,69065629.94373794
2025-01-02 11:10:00+09:00,69065629.94373794
2025-01-02 11:11:00+09:00,69065629.94373794
2025-01-02 11:12:00+09:00,69065629.94373794
2025-01-02 11:13:00+09:00,69065629.94373794
2025-01-02 11:14:00+09:00,69196436.06105563
2025-01-02 11:15:00+09:00,68934823.82642026
2025-01-02 11:16:00+09:00,69065629.94373795
2025-01-02 11:17:00+09:00,68879152.74288987
2025-01-02 11:18:00+09:00,68879152.74288987
2025-01-02 11:19:00+09:00,68879152.74288987
2025-01-02 11:20:00+09:00,68879152.74288987
2025-01-02 11:21:00+09:00,68879152.74288987
2025-01-02 11:22:00+09:00,68879152.74288987
2025-01-02 11:23:00+09:00,68879152.74288987
2025-01-02 11:24:00+09:00,68879152.74288987
2025-01-02 11:25:00+09:00,68879152.74288987
2025-01-02 11:26:00+09:00,68879152.74288987
2025-01-02 11:27:00+09:00,68879152.74288987
2025-01-02 11:28:00+09:00,68851601.08179271
2025-01-02 11:29:00+09:00,68721446.8264396
2025-01-02 11:30:00+09:00,68721446.8264396
2025-01-02 11:31:00+09:00,68851601.08179271
2025-01-02 11:32:00+09:00,68851601.08179271
2025-01-02 11:33:00+09:00,68851601.08179271
2025-01-02 11:34:00+09:00,68851601.08179271
2025-01-02 11:35:00+09:00,68851601.08179271
2025-01-02 11:36:00+09:00,68851601.08179271
2025-01-02 11:37:00+09:00,68851601.08179271
2025-01-02 11:38:00+09:00,68851601.08179271
2025-01-02 11:39:00+09:00,68981755.33714582
2025-01-02 11:40:00+09:00,68851601.08179271
2025-01-02 11:41:00+09:00,68981755.33714582
2025-01-02 11:42:00+09:00,68981755.33714582
2025-01-02 11:43:00+09:00,68981755.33714582
2025-01-02 11:44:00+09:00,68851601.08179271
2025-01-02 11:45:00+09:00,68851601.08179271
2025-01-02 11:46:00+09:00,68851601.08179271
2025-01-02 11:47:00+09:00,68981755.33714582
2025-01-02 11:48:00+09:00,68981755.33714582
2025-01-02 11:49:00+09:00,68851601.08179271
2025-01-02 11:50:00+09:00,68851601.08179271
2025-01-02 11:51:00+09:00,68851601.08179271
2025-01-02 11:52:00+09:00,68981755.33714582
2025-01-02 11:53:00+09:00,68851601.08179271
2025-01-02 11:54:00+09:00,68851601.08179271
2025-01-02 11:55:00+09:00,68851601.08179271
2025-01-02 11:56:00+09:00,68721446.8264396
2025-01-02 11:57:00+09:00,68721446.8264396
2025-01-02 11:58:00+09:00,68665701.75887187
2025-01-02 11:59:00+09:00,68665701.75887187
2025-01-02 12:00:00+09:00,68665701.75887187
2025-01-02 12:01:00+09:00,68665701.75887187
2025-01-02 12:02:00+09:00,68665701.75887187
2025-01-02 12:03:00+09:00,68665701.75887187
2025-01-02 12:04:00+09:00,68665701.75887187
2025-01-02 12:05:00+09:00,68665701.75887187
2025-01-02 12:06:00+09:00,68665701.75887187
2025-01-02 12:07:00+09:00,68665701.75887187
2025-01-02 12:08:00+09:00,68665701.75887187
2025-01-02 12:09:00+09:00,68665701.75887187
2025-01-02 12:10:00+09:00,68665701.75887187
2025-01-02 12:11:00+09:00,68665701.75887187
2025-01-02 12:12:00+09:00,68665701.75887187
2025-01-02 12:13:00+09:00,68665701.75887187
2025-01-02 12:14:00+09:00,68665701.75887187
2025-01-02 12:15:00+09:00,68665701.75887187
2025-01-02 12:16:00+09:00,68665701.75887187
2025-01-02 12:17:00+09:00,68665701.75887187
2025-01-02 12:18:00+09:00,68665701.75887187
2025-01-02 12:19:00+09:00,68665701.75887187
2025-01-02 12:20:00+09:00,68665701.75887187
2025-01-02 12:21:00+09:00,68665701.75887187
2025-01-02 12:22:00+09:00,68665701.75887187
2025-01-02 12:23:00+09:00,68665701.75887187
2025-01-02 12:24:00+09:00,68665701.75887187
2025-01-02 12:25:00+09:00,68665701.75887187
2025-01-02 12:26:00+09:00,68665701.75887187
2025-01-02 12:27:00+09:00,68665701.75887187
2025-01-02 12:28:00+09:00,68665701.75887187
2025-01-02 12:29:00+09:00,68665701.75887187
2025-01-02 12:30:00+09:00,68665701.75887187
2025-01-02 12:31:00+09:00,68665701.75887187
2025-01-02 12:32:00+09:00,68665701.75887187
2025-01-02 12:33:00+09:00,68665701.75887187
2025-01-02 12:34:00+09:00,68665701.75887187
2025-01-02 12:35:00+09:00,68665701.75887187
2025-01-02 12:36:00+09:00,68665701.75887187
2025-01-02 12:37:00+09:00,68665701.75887187
2025-01-02 12:38:00+09:00,68665701.75887187
2025-01-02 12:39:00+09:00,68665701.75887187
2025-01-02 12:40:00+09:00,68665701.75887187
2025-01-02 12:41:00+09:00,68665701.75887187
2025-01-02 12:42:00+09:00,68665701.75887187
2025-01-02 12:43:00+09:00,68665701.75887187
2025-01-02 12:44:00+09:00,68665701.75887187
2025-01-02 12:45:00+09:00,68665701.75887187
2025-01-02 12:46:00+09:00,68665701.75887187
2025-01-02 12:47:00+09:00,68665701.75887187
2025-01-02 12:48:00+09:00,68665701.75887187
2025-01-02 12:49:00+09:00,68665701.75887187
2025-01-02 12:50:00+09:00,68665701.75887187
2025-01-02 12:51:00+09:00,68665701.75887187
2025-01-02 12:52:00+09:00,68665701.75887187
2025-01-02 12:53:00+09:00,68665701.75887187
2025-01-02 12:54:00+09:00,68665701.75887187
2025-01-02 12:55:00+09:00,68665701.75887187
2025-01-02 12:56:00+09:00,68665701.75887187
2025-01-02 12:57:00+09:00,68665701.75887187
2025-01-02 12:58:00+09:00,68665701.75887187
2025-01-02 12:59:00+09:00,68665701.75887187
2025-01-02 13:00:00+09:00,68665701.75887187
2025-01-02 13:01:00+09:00,68665701.75887187
2025-01-02 13:02:00+09:00,68665701.75887187
2025-01-02 13:03:00+09:00,68665701.75887187
2025-01-02 13:04:00+09:00,68665701.75887187
2025-01-02 13:05:00+09:00,68665701.75887187
2025-01-02 13:06:00+09:00,68665701.75887187
2025-01-02 13:07:00+09:00,68665701.75887187
2025-01-02 13:08:00+09:00,68665701.75887187
2025-01-02 13:09:00+09:00,68665701.75887187
2025-01-02 13:10:00+09:00,68665701.75887187
2025-01-02 13:11:00+09:00,68665701.75887187
2025-01-02 13:12:00+09:00,68665701.75887187
2025-01-02 13:13:00+09:00,68665701.75887187
2025-01-02 13:14:00+09:00,68665701.75887187
2025-01-02 13:15:00+09:00,68638235.47816832
2025-01-02 13:16:00+09:00,68768726.42014204
2025-01-02 13:17:00+09:00,68583050.85880765
2025-01-02 13:18:00+09:00,68583050.85880765
2025-01-02 13:19:00+09:00,68583050.85880765
2025-01-02 13:20:00+09:00,68583050.85880765
2025-01-02 13:21:00+09:00,68583050.85880765
2025-01-02 13:22:00+09:00,68583050.85880765
2025-01-02 13:23:00+09:00,68583050.85880765
2025-01-02 13:24:00+09:00,68583050.85880765
2025-01-02 13:25:00+09:00,68583050.85880765
2025-01-02 13:26:00+09:00,68583050.85880765
2025-01-02 13:27:00+09:00,68583050.85880765
2025-01-02 13:28:00+09:00,68583050.85880765
2025-01-02 13:29:00+09:00,68583050.85880765
2025-01-02 13:30:00+09:00,68583050.85880765
2025-01-02 13:31:00+09:00,68583050.85880765
2025-01-02 13:32:00+09:00,68583050.85880765
2025-01-02 13:33:00+09:00,68583050.85880765
2025-01-02 13:34:00+09:00,68583050.85880765
2025-01-02 13:35:00+09:00,68583050.85880765
2025-01-02 13:36:00+09:00,68583050.85880765
2025-01-02 13:37:00+09:00,68583050.85880765
2025-01-02 13:38:00+09:00,68583050.85880765
2025-01-02 13:39:00+09:00,68583050.85880765
2025-01-02 13:40:00+09:00,68583050.85880765
2025-01-02 13:41:00+09:00,68583050.85880765
2025-01-02 13:42:00+09:00,68583050.85880765
2025-01-02 13:43:00+09:00,68583050.85880765
2025-01-02 13:44:00+09:00,68583050.85880765
2025-01-02 13:45:00+09:00,68583050.85880765
2025-01-02 13:46:00+09:00,68583050.85880765
2025-01-02 13:47:00+09:00,68583050.85880765
2025-01-02 13:48:00+09:00,68583050.85880765
2025-01-02 13:49:00+09:00,68583050.85880765
2025-01-02 13:50:00+09:00,68583050.85880765
2025-01-02 13:51:00+09:00,68583050.85880765
2025-01-02 13:52:00+09:00,68583050.85880765
2025-01-02 13:53:00+09:00,68583050.85880765
2025-01-02 13:54:00+09:00,68583050.85880765
2025-01-02 13:55:00+09:00,68583050.85880765
2025-01-02 13:56:00+09:00,68583050.85880765
2025-01-02 13:57:00+09:00,68583050.85880765
2025-01-02 13:58:00+09:00,68583050.85880765
2025-01-02 13:59:00+09:00,68583050.85880765
2025-01-02 14:00:00+09:00,68583050.85880765
2025-01-02 14:01:00+09:00,68583050.85880765
2025-01-02 14:02:00+09:00,68583050.85880765
2025-01-02 14:03:00+09:00,68583050.85880765
2025-01-02 14:04:00+09:00,68583050.85880765
2025-01-02 14:05:00+09:00,68583050.85880765
2025-01-02 14:06:00+09:00,68555617.63846414
2025-01-02 14:07:00+09:00,68685951.51230153
2025-01-02 14:08:00+09:00,68500499.44321832
2025-01-02 14:09:00+09:00,68500499.44321832
2025-01-02 14:10:00+09:00,68500499.44321832
2025-01-02 14:11:00+09:00,68500499.44321832
2025-01-02 14:12:00+09:00,68500499.44321832
2025-01-02 14:13:00+09:00,68500499.44321832
2025-01-02 14:14:00+09:00,68500499.44321832
2025-01-02 14:15:00+09:00,68500499.44321832
2025-01-02 14:16:00+09:00,68500499.44321832
2025-01-02 14:17:00+09:00,68500499.44321832
2025-01-02 14:18:00+09:00,68500499.44321832
2025-01-02 14:19:00+09:00,68500499.44321832
2025-01-02 14:20:00+09:00,68473099.24344103
2025-01-02 14:21:00+09:00,68473099.24344103
2025-01-02 14:22:00+09:00,68473099.24344103
2025-01-02 14:23:00+09:00,68602783.1435233
2025-01-02 14:24:00+09:00,68473099.24344103
2025-01-02 14:25:00+09:00,68473099.24344103
2025-01-02 14:26:00+09:00,68473099.24344103
2025-01-02 14:27:00+09:00,68473099.24344103
2025-01-02 14:28:00+09:00,68473099.24344103
2025-01-02 14:29:00+09:00,68473099.24344103
2025-01-02 14:30:00+09:00,68602783.1435233
2025-01-02 14:31:00+09:00,68602783.1435233
2025-01-02 14:32:00+09:00,68602783.1435233
2025-01-02 14:33:00+09:00,68602783.1435233
2025-01-02 14:34:00+09:00,68602783.1435233
2025-01-02 14:35:00+09:00,68473099.24344103
2025-01-02 14:36:00+09:00,68602783.1435233
2025-01-02 14:37:00+09:00,68473099.24344103
2025-01-02 14:38:00+09:00,68602783.1435233
2025-01-02 14:39:00+09:00,68473099.24344103
2025-01-02 14:40:00+09:00,68602783.1435233
2025-01-02 14:41:00+09:00,68473099.24344103
2025-01-02 14:42:00+09:00,68473099.24344103
2025-01-02 14:43:00+09:00,68343415.34335876
2025-01-02 14:44:00+09:00,68473099.24344103
2025-01-02 14:45:00+09:00,68417555.62903579
2025-01-02 14:46:00+09:00,68417555.62903579
2025-01-02 14:47:00+09:00,68417555.62903579
2025-01-02 14:48:00+09:00,68417555.62903579
2025-01-02 14:49:00+09:00,68417555.62903579
2025-01-02 14:50:00+09:00,68417555.62903579
2025-01-02 14:51:00+09:00,68417555.62903579
2025-01-02 14:52:00+09:00,68417555.62903579
2025-01-02 14:53:00+09:00,68417555.62903579
2025-01-02 14:54:00+09:00,68417555.62903579
2025-01-02 14:55:00+09:00,68417555.62903579
2025-01-02 14:56:00+09:00,68390188.60678418
2025-01-02 14:57:00+09:00,68132112.42336236
2025-01-02 14:58:00+09:00,68261150.51507327
2025-01-02 14:59:00+09:00,68390188.60678418
2025-01-02 15:00:00+09:00,68519226.6984951
2025-01-02 15:01:00+09:00,68648264.79020602
2025-01-02 15:02:00+09:00,68777302.88191693
2025-01-02 15:03:00+09:00,68648264.79020602
2025-01-02 15:04:00+09:00,68648264.79020602
2025-01-02 15:05:00+09:00,68906340.97362784
2025-01-02 15:06:00+09:00,69035379.06533875
2025-01-02 15:07:00+09:00,69035379.06533875
2025-01-02 15:08:00+09:00,69035379.06533875
2025-01-02 15:09:00+09:00,68906340.97362784
2025-01-02 15:10:00+09:00,68906340.97362784
2025-01-02 15:11:00+09:00,68906340.97362784
2025-01-02 15:12:00+09:00,69035379.06533875
2025-01-02 15:13:00+09:00,69164417.15704966
2025-01-02 15:14:00+09:00,69164417.15704966
2025-01-02 15:15:00+09:00,69035379.06533875
2025-01-02 15:16:00+09:00,69164417.15704966
2025-01-02 15:17:00+09:00,69035379.06533875
2025-01-02 15:18:00+09:00,69035379.06533875
2025-01-02 15:19:00+09:00,69035379.06533875
2025-01-02 15:30:00+09:00,68906340.97362784
2025-01-02 15:35:00+09:00,68906340.97362784
2025-01-03 09:00:00+09:00,68390188.60678418
2025-01-03 09:01:00+09:00,68261150.51507327
2025-01-03 09:02:00+09:00,68205535.09754586
2025-01-03 09:03:00+09:00,68205535.09754586
2025-01-03 09:04:00+09:00,68205535.09754586
2025-01-03 09:05:00+09:00,68205535.09754586
2025-01-03 09:06:00+09:00,68205535.09754586
2025-01-03 09:07:00+09:00,68205535.09754586
2025-01-03 09:08:00+09:00,68205535.09754586
2025-01-03 09:09:00+09:00,68205535.09754586
2025-01-03 09:10:00+09:00,68205535.09754586
2025-01-03 09:11:00+09:00,68205535.09754586
2025-01-03 09:12:00+09:00,68205535.09754586
2025-01-03 09:13:00+09:00,68205535.09754586
2025-01-03 09:14:00+09:00,68205535.09754586
2025-01-03 09:15:00+09:00,68205535.09754586
2025-01-03 09:16:00+09:00,68205535.09754586
2025-01-03 09:17:00+09:00,68178252.88350685
2025-01-03 09:18:00+09:00,68433124.85690314
2025-01-03 09:19:00+09:00,68178252.88350685
2025-01-03 09:20:00+09:00,68305688.870205
2025-01-03 09:21:00+09:00,68178252.88350685
2025-01-03 09:22:00+09:00,68178252.88350685
2025-01-03 09:23:00+09:00,68178252.88350685
2025-01-03 09:24:00+09:00,68305688.870205
2025-01-03 09:25:00+09:00,68178252.88350685
2025-01-03 09:26:00+09:00,68178252.88350685
2025-01-03 09:27:00+09:00,68178252.88350685
2025-01-03 09:28:00+09:00,68305688.870205
2025-01-03 09:29:00+09:00,68305688.870205
2025-01-03 09:30:00+09:00,68178252.88350685
2025-01-03 09:31:00+09:00,68178252.88350685
2025-01-03 09:32:00+09:00,68178252.88350685
2025-01-03 09:33:00+09:00,68305688.870205
2025-01-03 09:34:00+09:00,68305688.870205
2025-01-03 09:35:00+09:00,68305688.870205
2025-01-03 09:36:00+09:00,68433124.85690315
2025-01-03 09:37:00+09:00,68433124.85690315
2025-01-03 09:38:00+09:00,68560560.84360129
2025-01-03 09:39:00+09:00,68560560.84360129
2025-01-03 09:40:00+09:00,68433124.85690315
2025-01-03 09:41:00+09:00,68687996.83029945
2025-01-03 09:42:00+09:00,68687996.83029945
2025-01-03 09:43:00+09:00,68687996.83029945
2025-01-03 09:44:00+09:00,68687996.83029945
2025-01-03 09:45:00+09:00,68687996.83029945
2025-01-03 09:46:00+09:00,68815432.81699759
2025-01-03 09:47:00+09:00,68815432.81699759
2025-01-03 09:48:00+09:00,68815432.81699759
2025-01-03 09:49:00+09:00,68815432.81699759
2025-01-03 09:50:00+09:00,68815432.81699759
2025-01-03 09:51:00+09:00,68815432.81699759
2025-01-03 09:52:00+09:00,68942868.80369572
2025-01-03 09:53:00+09:00,68942868.80369572
2025-01-03 09:54:00+09:00,68815432.81699757
2025-01-03 09:55:00+09:00,68942868.80369571
2025-01-03 09:56:00+09:00,68942868.80369571
2025-01-03 09:57:00+09:00,68942868.80369571
2025-01-03 09:58:00+09:00,69070304.79039386
2025-01-03 09:59:00+09:00,69070304.79039386
2025-01-03 10:00:00+09:00,69197740.77709201
2025-01-03 10:01:00+09:00,69197740.77709201
2025-01-03 10:02:00+09:00,68942868.80369572
2025-01-03 10:03:00+09:00,68942868.80369572
2025-01-03 10:04:00+09:00,69197740.77709201
2025-01-03 10:05:00+09:00,69197740.77709201
2025-01-03 10:06:00+09:00,69197740.77709201
2025-01-03 10:07:00+09:00,69325176.76379016
2025-01-03 10:08:00+09:00,69452612.75048831
2025-01-03 10:09:00+09:00,69452612.75048831
2025-01-03 10:10:00+09:00,69452612.75048831
2025-01-03 10:11:00+09:00,69325176.76379018
2025-01-03 10:12:00+09:00,69325176.76379018
2025-01-03 10:13:00+09:00,69325176.76379018
2025-01-03 10:14:00+09:00,69452612.75048833
2025-01-03 10:15:00+09:00,69580048.73718646
2025-01-03 10:16:00+09:00,69707484.72388461
2025-01-03 10:17:00+09:00,69834920.71058275
2025-01-03 10:18:00+09:00,69834920.71058275
2025-01-03 10:19:00+09:00,69834920.71058275
2025-01-03 10:20:00+09:00,69707484.72388461
2025-01-03 10:21:00+09:00,69834920.71058275
2025-01-03 10:22:00+09:00,69707484.72388461
2025-01-03 10:23:00+09:00,69834920.71058275
2025-01-03 10:24:00+09:00,69580048.73718646
2025-01-03 10:25:00+09:00,69580048.73718646
2025-01-03 10:26:00+09:00,69452612.75048831
2025-01-03 10:27:00+09:00,69580048.73718645
2025-01-03 10:28:00+09:00,69452612.7504883
2025-01-03 10:29:00+09:00,69452612.7504883
2025-01-03 10:30:00+09:00,69325176.76379016
2025-01-03 10:31:00+09:00,69325176.76379016
2025-01-03 10:32:00+09:00,69325176.76379016
2025-01-03 10:33:00+09:00,69452612.75048831
2025-01-03 10:34:00+09:00,69325176.76379018
2025-01-03 10:35:00+09:00,69452612.75048833
2025-01-03 10:36:00+09:00,69452612.75048833
2025-01-03 10:37:00+09:00,69452612.75048833
2025-01-03 10:38:00+09:00,69325176.76379019
2025-01-03 10:39:00+09:00,69325176.76379019
2025-01-03 10:40:00+09:00,69452612.75048834
2025-01-03 10:41:00+09:00,69325176.7637902
2025-01-03 10:42:00+09:00,69325176.7637902
2025-01-03 10:43:00+09:00,69452612.75048836
2025-01-03 10:44:00+09:00,69325176.76379022
2025-01-03 10:45:00+09:00,69325176.76379022
2025-01-03 10:46:00+09:00,69325176.76379022
2025-01-03 10:47:00+09:00,69452612.75048837
2025-01-03 10:48:00+09:00,69580048.7371865
2025-01-03 10:49:00+09:00,69452612.75048836
2025-01-03 10:50:00+09:00,69452612.75048836
2025-01-03 10:51:00+09:00,69580048.73718649
2025-01-03 10:52:00+09:00,69452612.75048834
2025-01-03 10:53:00+09:00,69580048.73718648
2025-01-03 10:54:00+09:00,69452612.75048833
2025-01-03 10:55:00+09:00,69452612.75048833
2025-01-03 10:56:00+09:00,69452612.75048833
2025-01-03 10:57:00+09:00,69452612.75048833
2025-01-03 10:58:00+09:00,69452612.75048833
2025-01-03 10:59:00+09:00,69580048.73718646
2025-01-03 11:00:00+09:00,69580048.73718646
2025-01-03 11:01:00+09:00,69580048.73718646
2025-01-03 11:02:00+09:00,69452612.75048831
2025-01-03 11:03:00+09:00,69452612.75048831
2025-01-03 11:04:00+09:00,69265090.69606198
2025-01-03 11:05:00+09:00,69265090.69606198
2025-01-03 11:06:00+09:00,69265090.69606198
2025-01-03 11:07:00+09:00,69265090.69606198
2025-01-03 11:08:00+09:00,69265090.69606198
2025-01-03 11:09:00+09:00,69265090.69606198
2025-01-03 11:10:00+09:00,69265090.69606198
2025-01-03 11:11:00+09:00,69265090.69606198
2025-01-03 11:12:00+09:00,69265090.69606198
2025-01-03 11:13:00+09:00,69265090.69606198
2025-01-03 11:14:00+09:00,69265090.69606198
2025-01-03 11:15:00+09:00,69265090.69606198
2025-01-03 11:16:00+09:00,69265090.69606198
2025-01-03 11:17:00+09:00,69265090.69606198
2025-01-03 11:18:00+09:00,69265090.69606198
2025-01-03 11:19:00+09:00,69265090.69606198
2025-01-03 11:20:00+09:00,69237384.65978356
2025-01-03 11:21:00+09:00,69110808.08819346
2025-01-03 11:22:00+09:00,69237384.65978356
2025-01-03 11:23:00+09:00,69237384.65978356
2025-01-03 11:24:00+09:00,69110808.08819346
2025-01-03 11:25:00+09:00,68984231.51660337
2025-01-03 11:26:00+09:00,69110808.08819346
2025-01-03 11:27:00+09:00,69050443.72120214
2025-01-03 11:28:00+09:00,69050443.72120214
2025-01-03 11:29:00+09:00,69050443.72120214
2025-01-03 11:30:00+09:00,69050443.72120214
2025-01-03 11:31:00+09:00,69050443.72120214
2025-01-03 11:32:00+09:00,69050443.72120214
2025-01-03 11:33:00+09:00,69050443.72120214
2025-01-03 11:34:00+09:00,69050443.72120214
2025-01-03 11:35:00+09:00,69050443.72120214
2025-01-03 11:36:00+09:00,69050443.72120214
2025-01-03 11:37:00+09:00,69050443.72120214
2025-01-03 11:38:00+09:00,69022823.54371366
2025-01-03 11:39:00+09:00,69022823.54371366
2025-01-03 11:40:00+09:00,68896639.22279279
2025-01-03 11:41:00+09:00,69022823.54371366
2025-01-03 11:42:00+09:00,69022823.54371366
2025-01-03 11:43:00+09:00,68896639.22279279
2025-01-03 11:44:00+09:00,68896639.22279279
2025-01-03 11:45:00+09:00,69022823.54371366
2025-01-03 11:46:00+09:00,69022823.54371366
2025-01-03 11:47:00+09:00,69022823.54371366
2025-01-03 11:48:00+09:00,68896639.22279279
2025-01-03 11:49:00+09:00,69022823.54371366
2025-01-03 11:50:00+09:00,68896639.22279279
2025-01-03 11:51:00+09:00,68896639.22279279
2025-01-03 11:52:00+09:00,68896639.22279279
2025-01-03 11:53:00+09:00,68770454.90187192
2025-01-03 11:54:00+09:00,68770454.90187192
2025-01-03 11:55:00+09:00,68710618.29689123
2025-01-03 11:56:00+09:00,68710618.29689123
2025-01-03 11:57:00+09:00,68710618.29689123
2025-01-03 11:58:00+09:00,68710618.29689123
2025-01-03 11:59:00+09:00,68710618.29689123
2025-01-03 12:00:00+09:00,68710618.29689123
2025-01-03 12:01:00+09:00,68710618.29689123
2025-01-03 12:02:00+09:00,68710618.29689123
2025-01-03 12:03:00+09:00,68710618.29689123
2025-01-03 12:04:00+09:00,68710618.29689123
2025-01-03 12:05:00+09:00,68710618.29689123
2025-01-03 12:06:00+09:00,68710618.29689123
2025-01-03 12:07:00+09:00,68683134.04957247
2025-01-03 12:08:00+09:00,68497689.58763862
2025-01-03 12:09:00+09:00,68497689.58763862
2025-01-03 12:10:00+09:00,68497689.58763862
2025-01-03 12:11:00+09:00,68497689.58763862
2025-01-03 12:12:00+09:00,68497689.58763862
2025-01-03 12:13:00+09:00,68497689.58763862
2025-01-03 12:14:00+09:00,68497689.58763862
2025-01-03 12:15:00+09:00,68497689.58763862
2025-01-03 12:16:00+09:00,68497689.58763862
2025-01-03 12:17:00+09:00,68497689.58763862
2025-01-03 12:18:00+09:00,68497689.58763862
2025-01-03 12:19:00+09:00,68470290.51180357
2025-01-03 12:20:00+09:00,68470290.51180357
2025-01-03 12:21:00+09:00,68470290.51180357
2025-01-03 12:22:00+09:00,68345116.30611472
2025-01-03 12:23:00+09:00,68470290.51180357
2025-01-03 12:24:00+09:00,68160584.49208821
2025-01-03 12:25:00+09:00,68160584.49208821
2025-01-03 12:26:00+09:00,68160584.49208821
2025-01-03 12:27:00+09:00,68160584.49208821
2025-01-03 12:28:00+09:00,68160584.49208821
2025-01-03 12:29:00+09:00,68160584.49208821
2025-01-03 12:30:00+09:00,68160584.49208821
2025-01-03 12:31:00+09:00,68160584.49208821
2025-01-03 12:32:00+09:00,68160584.49208821
2025-01-03 12:33:00+09:00,68160584.49208821
2025-01-03 12:34:00+09:00,68160584.49208821
2025-01-03 12:35:00+09:00,68133320.25829138
2025-01-03 12:36:00+09:00,68008989.38190764
2025-01-03 12:37:00+09:00,68008989.38190764
2025-01-03 12:38:00+09:00,68008989.38190764
2025-01-03 12:39:00+09:00,68008989.38190764
2025-01-03 12:40:00+09:00,68133320.25829138
2025-01-03 12:41:00+09:00,68008989.38190764
2025-01-03 12:42:00+09:00,68133320.25829138
2025-01-03 12:43:00+09:00,68133320.25829138
2025-01-03 12:44:00+09:00,68133320.25829138
2025-01-03 12:45:00+09:00,68008989.38190764
2025-01-03 12:46:00+09:00,68133320.25829138
2025-01-03 12:47:00+09:00,68008989.38190764
2025-01-03 12:48:00+09:00,68133320.25829138
2025-01-03 12:49:00+09:00,68008989.38190764
2025-01-03 12:50:00+09:00,68133320.25829138
2025-01-03 12:51:00+09:00,68133320.25829138
2025-01-03 12:52:00+09:00,68133320.25829138
2025-01-03 12:53:00+09:00,68133320.25829138
2025-01-03 12:54:00+09:00,68133320.25829138
2025-01-03 12:55:00+09:00,68133320.25829138
2025-01-03 12:56:00+09:00,68133320.25829138
2025-01-03 12:57:00+09:00,68133320.25829138
2025-01-03 12:58:00+09:00,68133320.25829138
2025-01-03 12:59:00+09:00,68133320.25829138
2025-01-03 13:00:00+09:00,68133320.25829138
2025-01-03 13:01:00+09:00,68257651.13467513
2025-01-03 13:02:00+09:00,68257651.13467513
2025-01-03 13:03:00+09:00,68257651.13467513
2025-01-03 13:04:00+09:00,68257651.13467513
2025-01-03 13:05:00+09:00,68381982.01105887
2025-01-03 13:06:00+09:00,68257651.13467512
2025-01-03 13:07:00+09:00,68257651.13467512
2025-01-03 13:08:00+09:00,68257651.13467512
2025-01-03 13:09:00+09:00,68257651.13467512
2025-01-03 13:10:00+09:00,68257651.13467512
2025-01-03 13:11:00+09:00,68381982.01105885
2025-01-03 13:12:00+09:00,68133320.25829136
2025-01-03 13:13:00+09:00,68257651.13467512
2025-01-03 13:14:00+09:00,68257651.13467512
2025-01-03 13:15:00+09:00,68257651.13467512
2025-01-03 13:16:00+09:00,68257651.13467512
2025-01-03 13:17:00+09:00,68257651.13467512
2025-01-03 13:18:00+09:00,68133320.25829136
2025-01-03 13:19:00+09:00,68381982.01105885
2025-01-03 13:20:00+09:00,68381982.01105885
2025-01-03 13:21:00+09:00,68257651.13467512
2025-01-03 13:22:00+09:00,68257651.13467512
2025-01-03 13:23:00+09:00,68257651.13467512
2025-01-03 13:24:00+09:00,68257651.13467512
2025-01-03 13:25:00+09:00,68257651.13467512
2025-01-03 13:26:00+09:00,68381982.01105885
2025-01-03 13:27:00+09:00,68381982.01105885
2025-01-03 13:28:00+09:00,68381982.01105885
2025-01-03 13:29:00+09:00,68381982.01105885
2025-01-03 13:30:00+09:00,68381982.01105885
2025-01-03 13:31:00+09:00,68381982.01105885
2025-01-03 13:32:00+09:00,68381982.01105885
2025-01-03 13:33:00+09:00,68381982.01105885
2025-01-03 13:34:00+09:00,68381982.01105885
2025-01-03 13:35:00+09:00,68506312.88744259
2025-01-03 13:36:00+09:00,68506312.88744259
2025-01-03 13:37:00+09:00,68133320.25829136
2025-01-03 13:38:00+09:00,67884658.50552388
2025-01-03 13:39:00+09:00,67701369.92755896
2025-01-03 13:40:00+09:00,67701369.92755896
2025-01-03 13:41:00+09:00,67701369.92755896
2025-01-03 13:42:00+09:00,67701369.92755896
2025-01-03 13:43:00+09:00,67701369.92755896
2025-01-03 13:44:00+09:00,67701369.92755896
2025-01-03 13:45:00+09:00,67701369.92755896
2025-01-03 13:46:00+09:00,67701369.92755896
2025-01-03 13:47:00+09:00,67701369.92755896
2025-01-03 13:48:00+09:00,67701369.92755896
2025-01-03 13:49:00+09:00,67701369.92755896
2025-01-03 13:50:00+09:00,67701369.92755896
2025-01-03 13:51:00+09:00,67701369.92755896
2025-01-03 13:52:00+09:00,67701369.92755896
2025-01-03 13:53:00+09:00,67701369.92755896
2025-01-03 13:54:00+09:00,67701369.92755896
2025-01-03 13:55:00+09:00,67701369.92755896
2025-01-03 13:56:00+09:00,67701369.92755896
2025-01-03 13:57:00+09:00,67701369.92755896
2025-01-03 13:58:00+09:00,67701369.92755896
2025-01-03 13:59:00+09:00,67701369.92755896
2025-01-03 14:00:00+09:00,67701369.92755896
2025-01-03 14:01:00+09:00,67701369.92755896
2025-01-03 14:02:00+09:00,67701369.92755896
2025-01-03 14:03:00+09:00,67701369.92755896
2025-01-03 14:04:00+09:00,67701369.92755896
2025-01-03 14:05:00+09:00,67701369.92755896
2025-01-03 14:06:00+09:00,67701369.92755896
2025-01-03 14:07:00+09:00,67701369.92755896
2025-01-03 14:08:00+09:00,67701369.92755896
2025-01-03 14:09:00+09:00,67701369.92755896
2025-01-03 14:10:00+09:00,67701369.92755896
2025-01-03 14:11:00+09:00,67701369.92755896
2025-01-03 14:12:00+09:00,67701369.92755896
2025-01-03 14:13:00+09:00,67701369.92755896
2025-01-03 14:14:00+09:00,67701369.92755896
2025-01-03 14:15:00+09:00,67701369.92755896
2025-01-03 14:16:00+09:00,67701369.92755896
2025-01-03 14:17:00+09:00,67701369.92755896
2025-01-03 14:18:00+09:00,67701369.92755896
2025-01-03 14:19:00+09:00,67701369.92755896
2025-01-03 14:20:00+09:00,67701369.92755896
2025-01-03 14:21:00+09:00,67701369.92755896
2025-01-03 14:22:00+09:00,67701369.92755896
2025-01-03 14:23:00+09:00,67701369.92755896
2025-01-03 14:24:00+09:00,67701369.92755896
2025-01-03 14:25:00+09:00,67701369.92755896
2025-01-03 14:26:00+09:00,67701369.92755896
2025-01-03 14:27:00+09:00,67701369.92755896
2025-01-03 14:28:00+09:00,67701369.92755896
2025-01-03 14:29:00+09:00,67701369.92755896
2025-01-03 14:30:00+09:00,67701369.92755896
2025-01-03 14:31:00+09:00,67701369.92755896
2025-01-03 14:32:00+09:00,67701369.92755896
2025-01-03 14:33:00+09:00,67701369.92755896
2025-01-03 14:34:00+09:00,67701369.92755896
2025-01-03 14:35:00+09:00,67701369.92755896
2025-01-03 14:36:00+09:00,67701369.92755896
2025-01-03 14:37:00+09:00,67701369.92755896
2025-01-03 14:38:00+09:00,67701369.92755896
2025-01-03 14:39:00+09:00,67701369.92755896
2025-01-03 14:40:00+09:00,67701369.92755896
2025-01-03 14:41:00+09:00,67701369.92755896
2025-01-03 14:42:00+09:00,67701369.92755896
2025-01-03 14:43:00+09:00,67701369.92755896
2025-01-03 14:44:00+09:00,67701369.92755896
2025-01-03 14:45:00+09:00,67701369.92755896
2025-01-03 14:46:00+09:00,67701369.92755896
2025-01-03 14:47:00+09:00,67701369.92755896
2025-01-03 14:48:00+09:00,67701369.92755896
2025-01-03 14:49:00+09:00,67701369.92755896
2025-01-03 14:50:00+09:00,67701369.92755896
2025-01-03 14:51:00+09:00,67701369.92755896
2025-01-03 14:52:00+09:00,67701369.92755896
2025-01-03 14:53:00+09:00,67701369.92755896
2025-01-03 14:54:00+09:00,67701369.92755896
2025-01-03 14:55:00+09:00,67701369.92755896
2025-01-03 14:56:00+09:00,67701369.92755896
2025-01-03 14:57:00+09:00,67701369.92755896
2025-01-03 14:58:00+09:00,67701369.92755896
2025-01-03 14:59:00+09:00,67701369.92755896
2025-01-03 15:00:00+09:00,67701369.92755896
2025-01-03 15:01:00+09:00,67701369.92755896
2025-01-03 15:02:00+09:00,67701369.92755896
2025-01-03 15:03:00+09:00,67701369.92755896
2025-01-03 15:04:00+09:00,67701369.92755896
2025-01-03 15:05:00+09:00,67701369.92755896
2025-01-03 15:06:00+09:00,67701369.92755896
2025-01-03 15:07:00+09:00,67701369.92755896
2025-01-03 15:08:00+09:00,67701369.92755896
2025-01-03 15:09:00+09:00,67701369.92755896
2025-01-03 15:10:00+09:00,67701369.92755896
2025-01-03 15:11:00+09:00,67701369.92755896
2025-01-03 15:12:00+09:00,67701369.92755896
2025-01-03 15:13:00+09:00,67701369.92755896
2025-01-03 15:14:00+09:00,67701369.92755896
2025-01-03 15:15:00+09:00,67701369.92755896
2025-01-03 15:16:00+09:00,67701369.92755896
2025-01-03 15:17:00+09:00,67701369.92755896
2025-01-03 15:18:00+09:00,67701369.92755896
2025-01-03 15:19:00+09:00,67701369.92755896
2025-01-03 15:30:00+09:00,67701369.92755896
2025-01-03 15:35:00+09:00,67701369.92755896
2025-01-06 09:00:00+09:00,67701369.92755896
2025-01-06 09:01:00+09:00,67701369.92755896
2025-01-06 09:02:00+09:00,67701369.92755896
2025-01-06 09:03:00+09:00,67701369.92755896
2025-01-06 09:04:00+09:00,67701369.92755896
2025-01-06 09:05:00+09:00,67701369.92755896
2025-01-06 09:06:00+09:00,67701369.92755896
2025-01-06 09:07:00+09:00,67701369.92755896
2025-01-06 09:08:00+09:00,67701369.92755896
2025-01-06 09:09:00+09:00,67701369.92755896
2025-01-06 09:10:00+09:00,67701369.92755896
2025-01-06 09:11:00+09:00,67701369.92755896
2025-01-06 09:12:00+09:00,67701369.92755896
2025-01-06 09:13:00+09:00,67701369.92755896
2025-01-06 09:14:00+09:00,67701369.92755896
2025-01-06 09:15:00+09:00,67701369.92755896
2025-01-06 09:16:00+09:00,67701369.92755896
2025-01-06 09:17:00+09:00,67701369.92755896
2025-01-06 09:18:00+09:00,67701369.92755896
2025-01-06 09:19:00+09:00,67701369.92755896
2025-01-06 09:20:00+09:00,67674289.37958793
2025-01-06 09:21:00+09:00,67798008.37296925
2025-01-06 09:22:00+09:00,67798008.37296925
2025-01-06 09:23:00+09:00,67798008.37296925
2025-01-06 09:24:00+09:00,67921727.36635059
2025-01-06 09:25:00+09:00,67921727.36635059
2025-01-06 09:26:00+09:00,67921727.36635059
2025-01-06 09:27:00+09:00,68045446.35973191
2025-01-06 09:28:00+09:00,68169165.35311323
2025-01-06 09:29:00+09:00,68169165.35311323
2025-01-06 09:30:00+09:00,68045446.3597319
2025-01-06 09:31:00+09:00,68045446.3597319
2025-01-06 09:32:00+09:00,67921727.36635056
2025-01-06 09:33:00+09:00,68045446.35973188
2025-01-06 09:34:00+09:00,67921727.36635055
2025-01-06 09:35:00+09:00,67921727.36635055
2025-01-06 09:36:00+09:00,67798008.37296921
2025-01-06 09:37:00+09:00,67921727.36635055
2025-01-06 09:38:00+09:00,67921727.36635055
2025-01-06 09:39:00+09:00,67798008.37296921
2025-01-06 09:40:00+09:00,67921727.36635055
2025-01-06 09:41:00+09:00,67921727.36635055
2025-01-06 09:42:00+09:00,67921727.36635055
2025-01-06 09:43:00+09:00,67921727.36635055
2025-01-06 09:44:00+09:00,67921727.36635055
2025-01-06 09:45:00+09:00,67921727.36635055
2025-01-06 09:46:00+09:00,68045446.35973187
2025-01-06 09:47:00+09:00,67921727.36635053
2025-01-06 09:48:00+09:00,67921727.36635053
2025-01-06 09:49:00+09:00,68045446.35973185
2025-01-06 09:50:00+09:00,67921727.36635052
2025-01-06 09:51:00+09:00,67921727.36635052
2025-01-06 09:52:00+09:00,67798008.37296918
2025-01-06 09:53:00+09:00,67921727.36635052
2025-01-06 09:54:00+09:00,67921727.36635052
2025-01-06 09:55:00+09:00,67921727.36635052
2025-01-06 09:56:00+09:00,67921727.36635052
2025-01-06 09:57:00+09:00,67921727.36635052
2025-01-06 09:58:00+09:00,67921727.36635052
2025-01-06 09:59:00+09:00,68045446.35973184
2025-01-06 10:00:00+09:00,68045446.35973184
2025-01-06 10:01:00+09:00,68169165.35311316
2025-01-06 10:02:00+09:00,68292884.34649448
2025-01-06 10:03:00+09:00,68416603.3398758
2025-01-06 10:04:00+09:00,68416603.3398758
2025-01-06 10:05:00+09:00,68664041.32663848
2025-01-06 10:06:00+09:00,68664041.32663848
2025-01-06 10:07:00+09:00,68911479.31340113
2025-01-06 10:08:00+09:00,68911479.31340113
2025-01-06 10:09:00+09:00,68911479.31340113
2025-01-06 10:10:00+09:00,68911479.31340113
2025-01-06 10:11:00+09:00,69035198.30678247
2025-01-06 10:12:00+09:00,69158917.3001638
2025-01-06 10:13:00+09:00,69282636.29354513
2025-01-06 10:14:00+09:00,69158917.30016379
2025-01-06 10:15:00+09:00,69158917.30016379
2025-01-06 10:16:00+09:00,69035198.30678245
2025-01-06 10:17:00+09:00,69158917.30016379
2025-01-06 10:18:00+09:00,69035198.30678245
2025-01-06 10:19:00+09:00,69158917.30016379
2025-01-06 10:20:00+09:00,69158917.30016379
2025-01-06 10:21:00+09:00,69158917.30016379
2025-01-06 10:22:00+09:00,69035198.30678245
2025-01-06 10:23:00+09:00,68911479.31340113
2025-01-06 10:24:00+09:00,68911479.31340113
2025-01-06 10:25:00+09:00,69035198.30678247
2025-01-06 10:26:00+09:00,68911479.31340115
2025-01-06 10:27:00+09:00,69035198.30678248
2025-01-06 10:28:00+09:00,68787760.32001983
2025-01-06 10:29:00+09:00,69035198.30678248
2025-01-06 10:30:00+09:00,69035198.30678248
2025-01-06 10:31:00+09:00,69158917.30016382
2025-01-06 10:32:00+09:00,69158917.30016382
2025-01-06 10:33:00+09:00,69035198.30678248
2025-01-06 10:34:00+09:00,69035198.30678248
2025-01-06 10:35:00+09:00,69158917.30016382
2025-01-06 10:36:00+09:00,69035198.30678248
2025-01-06 10:37:00+09:00,69158917.30016382
2025-01-06 10:38:00+09:00,69035198.30678248
2025-01-06 10:39:00+09:00,69158917.30016382
2025-01-06 10:40:00+09:00,68911479.31340116
2025-01-06 10:41:00+09:00,69035198.3067825
2025-01-06 10:42:00+09:00,68911479.31340118
2025-01-06 10:43:00+09:00,68911479.31340118
2025-01-06 10:44:00+09:00,68911479.31340118
2025-01-06 10:45:00+09:00,69035198.30678251
2025-01-06 10:46:00+09:00,69035198.30678251
2025-01-06 10:47:00+09:00,69035198.30678251
2025-01-06 10:48:00+09:00,69158917.30016385
2025-01-06 10:49:00+09:00,69158917.30016385
2025-01-06 10:50:00+09:00,69158917.30016385
2025-01-06 10:51:00+09:00,69282636.29354517
2025-01-06 10:52:00+09:00,69158917.30016384
2025-01-06 10:53:00+09:00,69282636.29354516
2025-01-06 10:54:00+09:00,69282636.29354516
2025-01-06 10:55:00+09:00,69406355.2869265
2025-01-06 10:56:00+09:00,69282636.29354516
2025-01-06 10:57:00+09:00,69406355.2869265
2025-01-06 10:58:00+09:00,69406355.2869265
2025-01-06 10:59:00+09:00,69406355.2869265
2025-01-06 11:00:00+09:00,69282636.29354516
2025-01-06 11:01:00+09:00,69158917.30016382
2025-01-06 11:02:00+09:00,69158917.30016382
2025-01-06 11:03:00+09:00,69158917.30016382
2025-01-06 11:04:00+09:00,69282636.29354514
2025-01-06 11:05:00+09:00,69158917.3001638
2025-01-06 11:06:00+09:00,69158917.3001638
2025-01-06 11:07:00+09:00,69158917.3001638
2025-01-06 11:08:00+09:00,69282636.29354513
2025-01-06 11:09:00+09:00,69282636.29354513
2025-01-06 11:10:00+09:00,69282636.29354513
2025-01-06 11:11:00+09:00,69158917.30016379
2025-01-06 11:12:00+09:00,69406355.28692645
2025-01-06 11:13:00+09:00,69406355.28692645
2025-01-06 11:14:00+09:00,69282636.29354511
2025-01-06 11:15:00+09:00,69282636.29354511
2025-01-06 11:16:00+09:00,69406355.28692645
2025-01-06 11:17:00+09:00,69406355.28692645
2025-01-06 11:18:00+09:00,69282636.29354511
2025-01-06 11:19:00+09:00,69406355.28692645
2025-01-06 11:20:00+09:00,69282636.29354511
2025-01-06 11:21:00+09:00,69406355.28692645
2025-01-06 11:22:00+09:00,69406355.28692645
2025-01-06 11:23:00+09:00,69406355.28692645
2025-01-06 11:24:00+09:00,69282636.29354511
2025-01-06 11:25:00+09:00,69406355.28692645
2025-01-06 11:26:00+09:00,69282636.29354511
2025-01-06 11:27:00+09:00,69282636.29354511
2025-01-06 11:28:00+09:00,69282636.29354511
2025-01-06 11:29:00+09:00,69282636.29354511
2025-01-06 11:30:00+09:00,69282636.29354511
2025-01-06 11:31:00+09:00,69282636.29354511
2025-01-06 11:32:00+09:00,69282636.29354511
2025-01-06 11:33:00+09:00,69282636.29354511
2025-01-06 11:34:00+09:00,69282636.29354511
2025-01-06 11:35:00+09:00,69282636.29354511
2025-01-06 11:36:00+09:00,69282636.29354511
2025-01-06 11:37:00+09:00,69282636.29354511
2025-01-06 11:38:00+09:00,69282636.29354511
2025-01-06 11:39:00+09:00,69282636.29354511
2025-01-06 11:40:00+09:00,69282636.29354511
2025-01-06 11:41:00+09:00,69282636.29354511
2025-01-06 11:42:00+09:00,69282636.29354511
2025-01-06 11:43:00+09:00,69158917.30016378
2025-01-06 11:44:00+09:00,69158917.30016378
2025-01-06 11:45:00+09:00,69095573.17555252
2025-01-06 11:46:00+09:00,69095573.17555252
2025-01-06 11:47:00+09:00,69095573.17555252
2025-01-06 11:48:00+09:00,69095573.17555252
2025-01-06 11:49:00+09:00,69095573.17555252
2025-01-06 11:50:00+09:00,69095573.17555252
2025-01-06 11:51:00+09:00,69095573.17555252
2025-01-06 11:52:00+09:00,69095573.17555252
2025-01-06 11:53:00+09:00,69095573.17555252
2025-01-06 11:54:00+09:00,69095573.17555252
2025-01-06 11:55:00+09:00,69095573.17555252
2025-01-06 11:56:00+09:00,69095573.17555252
2025-01-06 11:57:00+09:00,69095573.17555252
2025-01-06 11:58:00+09:00,69095573.17555252
2025-01-06 11:59:00+09:00,69095573.17555252
2025-01-06 12:00:00+09:00,69095573.17555252
2025-01-06 12:01:00+09:00,69095573.17555252
2025-01-06 12:02:00+09:00,69095573.17555252
2025-01-06 12:03:00+09:00,69095573.17555252
2025-01-06 12:04:00+09:00,69095573.17555252
2025-01-06 12:05:00+09:00,69095573.17555252
2025-01-06 12:06:00+09:00,69095573.17555252
2025-01-06 12:07:00+09:00,69095573.17555252
2025-01-06 12:08:00+09:00,69095573.17555252
2025-01-06 12:09:00+09:00,69095573.17555252
2025-01-06 12:10:00+09:00,69095573.17555252
2025-01-06 12:11:00+09:00,69095573.17555252
2025-01-06 12:12:00+09:00,69095573.17555252
2025-01-06 12:13:00+09:00,69095573.17555252
2025-01-06 12:14:00+09:00,69095573.17555252
2025-01-06 12:15:00+09:00,69095573.17555252
2025-01-06 12:16:00+09:00,69095573.17555252
2025-01-06 12:17:00+09:00,69095573.17555252
2025-01-06 12:18:00+09:00,69095573.17555252
2025-01-06 12:19:00+09:00,69095573.17555252
2025-01-06 12:20:00+09:00,69095573.17555252
2025-01-06 12:21:00+09:00,69095573.17555252
2025-01-06 12:22:00+09:00,69095573.17555252
2025-01-06 12:23:00+09:00,69095573.17555252
2025-01-06 12:24:00+09:00,69095573.17555252
2025-01-06 12:25:00+09:00,69095573.17555252
2025-01-06 12:26:00+09:00,69095573.17555252
2025-01-06 12:27:00+09:00,69095573.17555252
2025-01-06 12:28:00+09:00,69095573.17555252
2025-01-06 12:29:00+09:00,69095573.17555252
2025-01-06 12:30:00+09:00,69095573.17555252
2025-01-06 12:31:00+09:00,69095573.17555252
2025-01-06 12:32:00+09:00,69095573.17555252
2025-01-06 12:33:00+09:00,69095573.17555252
2025-01-06 12:34:00+09:00,69095573.17555252
2025-01-06 12:35:00+09:00,69095573.17555252
2025-01-06 12:36:00+09:00,69095573.17555252
2025-01-06 12:37:00+09:00,69095573.17555252
2025-01-06 12:38:00+09:00,69095573.17555252
2025-01-06 12:39:00+09:00,69095573.17555252
2025-01-06 12:40:00+09:00,69095573.17555252
2025-01-06 12:41:00+09:00,69095573.17555252
2025-01-06 12:42:00+09:00,69095573.17555252
2025-01-06 12:43:00+09:00,69095573.17555252
2025-01-06 12:44:00+09:00,69095573.17555252
2025-01-06 12:45:00+09:00,69095573.17555252
2025-01-06 12:46:00+09:00,69095573.17555252
2025-01-06 12:47:00+09:00,69095573.17555252
2025-01-06 12:48:00+09:00,69095573.17555252
2025-01-06 12:49:00+09:00,69095573.17555252
2025-01-06 12:50:00+09:00,69095573.17555252
2025-01-06 12:51:00+09:00,69095573.17555252
2025-01-06 12:52:00+09:00,69095573.17555252
2025-01-06 12:53:00+09:00,69095573.17555252
2025-01-06 12:54:00+09:00,69095573.17555252
2025-01-06 12:55:00+09:00,69095573.17555252
2025-01-06 12:56:00+09:00,69095573.17555252
2025-01-06 12:57:00+09:00,69095573.17555252
2025-01-06 12:58:00+09:00,69095573.17555252
2025-01-06 12:59:00+09:00,69095573.17555252
2025-01-06 13:00:00+09:00,69095573.17555252
2025-01-06 13:01:00+09:00,69095573.17555252
2025-01-06 13:02:00+09:00,69095573.17555252
2025-01-06 13:03:00+09:00,69095573.17555252
2025-01-06 13:04:00+09:00,69095573.17555252
2025-01-06 13:05:00+09:00,69095573.17555252
2025-01-06 13:06:00+09:00,69095573.17555252
2025-01-06 13:07:00+09:00,69095573.17555252
2025-01-06 13:08:00+09:00,69067934.9462823
2025-01-06 13:09:00+09:00,69191491.18053325
2025-01-06 13:10:00+09:00,69067934.9462823
2025-01-06 13:11:00+09:00,69067934.9462823
2025-01-06 13:12:00+09:00,69067934.9462823
2025-01-06 13:13:00+09:00,68944378.71203135
2025-01-06 13:14:00+09:00,69067934.94628231
2025-01-06 13:15:00+09:00,68758228.88950887
2025-01-06 13:16:00+09:00,68758228.88950887
2025-01-06 13:17:00+09:00,68758228.88950887
2025-01-06 13:18:00+09:00,68758228.88950887
2025-01-06 13:19:00+09:00,68758228.88950887
2025-01-06 13:20:00+09:00,68758228.88950887
2025-01-06 13:21:00+09:00,68758228.88950887
2025-01-06 13:22:00+09:00,68758228.88950887
2025-01-06 13:23:00+09:00,68758228.88950887
2025-01-06 13:24:00+09:00,68758228.88950887
2025-01-06 13:25:00+09:00,68758228.88950887
2025-01-06 13:26:00+09:00,68730725.59795307
2025-01-06 13:27:00+09:00,68730725.59795307
2025-01-06 13:28:00+09:00,68730725.59795307
2025-01-06 13:29:00+09:00,68607992.1593853
2025-01-06 13:30:00+09:00,68607992.1593853
2025-01-06 13:31:00+09:00,68545152.63883859
2025-01-06 13:32:00+09:00,68545152.63883859
2025-01-06 13:33:00+09:00,68545152.63883859
2025-01-06 13:34:00+09:00,68545152.63883859
2025-01-06 13:35:00+09:00,68545152.63883859
2025-01-06 13:36:00+09:00,68545152.63883859
2025-01-06 13:37:00+09:00,68545152.63883859
2025-01-06 13:38:00+09:00,68545152.63883859
2025-01-06 13:39:00+09:00,68545152.63883859
2025-01-06 13:40:00+09:00,68545152.63883859
2025-01-06 13:41:00+09:00,68545152.63883859
2025-01-06 13:42:00+09:00,68517734.57778306
2025-01-06 13:43:00+09:00,68395599.57853568
2025-01-06 13:44:00+09:00,68395599.57853568
2025-01-06 13:45:00+09:00,68395599.57853568
2025-01-06 13:46:00+09:00,68395599.57853568
2025-01-06 13:47:00+09:00,68395599.57853568
2025-01-06 13:48:00+09:00,68395599.57853568
2025-01-06 13:49:00+09:00,68395599.57853568
2025-01-06 13:50:00+09:00,68273464.57928829
2025-01-06 13:51:00+09:00,68395599.57853566
2025-01-06 13:52:00+09:00,68210931.45967361
2025-01-06 13:53:00+09:00,68210931.45967361
2025-01-06 13:54:00+09:00,68210931.45967361
2025-01-06 13:55:00+09:00,68210931.45967361
2025-01-06 13:56:00+09:00,68210931.45967361
2025-01-06 13:57:00+09:00,68210931.45967361
2025-01-06 13:58:00+09:00,68210931.45967361
2025-01-06 13:59:00+09:00,68210931.45967361
2025-01-06 14:00:00+09:00,68210931.45967361
2025-01-06 14:01:00+09:00,68210931.45967361
2025-01-06 14:02:00+09:00,68210931.45967361
2025-01-06 14:03:00+09:00,68210931.45967361
2025-01-06 14:04:00+09:00,68210931.45967361
2025-01-06 14:05:00+09:00,68183647.08708975
2025-01-06 14:06:00+09:00,68183647.08708975
2025-01-06 14:07:00+09:00,68305403.59974526
2025-01-06 14:08:00+09:00,68305403.59974526
2025-01-06 14:09:00+09:00,68305403.59974526
2025-01-06 14:10:00+09:00,68183647.08708973
2025-01-06 14:11:00+09:00,68183647.08708973
2025-01-06 14:12:00+09:00,68183647.08708973
2025-01-06 14:13:00+09:00,68305403.59974524
2025-01-06 14:14:00+09:00,68305403.59974524
2025-01-06 14:15:00+09:00,68305403.59974524
2025-01-06 14:16:00+09:00,68305403.59974524
2025-01-06 14:17:00+09:00,68305403.59974524
2025-01-06 14:18:00+09:00,68305403.59974524
2025-01-06 14:19:00+09:00,68305403.59974524
2025-01-06 14:20:00+09:00,68183647.08708972
2025-01-06 14:21:00+09:00,68305403.59974523
2025-01-06 14:22:00+09:00,67999551.23995456
2025-01-06 14:23:00+09:00,67999551.23995456
2025-01-06 14:24:00+09:00,67999551.23995456
2025-01-06 14:25:00+09:00,67999551.23995456
2025-01-06 14:26:00+09:00,67999551.23995456
2025-01-06 14:27:00+09:00,67999551.23995456
2025-01-06 14:28:00+09:00,67999551.23995456
2025-01-06 14:29:00+09:00,67999551.23995456
2025-01-06 14:30:00+09:00,67999551.23995456
2025-01-06 14:31:00+09:00,67999551.23995456
2025-01-06 14:32:00+09:00,67999551.23995456
2025-01-06 14:33:00+09:00,67972351.41945858
2025-01-06 14:34:00+09:00,67851188.58270375
2025-01-06 14:35:00+09:00,67851188.58270375
2025-01-06 14:36:00+09:00,67788826.07062604
2025-01-06 14:37:00+09:00,67788826.07062604
2025-01-06 14:38:00+09:00,67788826.07062604
2025-01-06 14:39:00+09:00,67788826.07062604
2025-01-06 14:40:00+09:00,67788826.07062604
2025-01-06 14:41:00+09:00,67788826.07062604
2025-01-06 14:42:00+09:00,67788826.07062604
2025-01-06 14:43:00+09:00,67788826.07062604
2025-01-06 14:44:00+09:00,67788826.07062604
2025-01-06 14:45:00+09:00,67788826.07062604
2025-01-06 14:46:00+09:00,67788826.07062604
2025-01-06 14:47:00+09:00,67761710.54019779
2025-01-06 14:48:00+09:00,67641138.10151416
2025-01-06 14:49:00+09:00,67761710.54019777
2025-01-06 14:50:00+09:00,67761710.54019777
2025-01-06 14:51:00+09:00,67761710.54019777
2025-01-06 14:52:00+09:00,67761710.54019777
2025-01-06 14:53:00+09:00,67761710.54019777
2025-01-06 14:54:00+09:00,67761710.54019777
2025-01-06 14:55:00+09:00,67761710.54019777
2025-01-06 14:56:00+09:00,67641138.10151415
2025-01-06 14:57:00+09:00,67520565.66283052
2025-01-06 14:58:00+09:00,67641138.10151415
2025-01-06 14:59:00+09:00,67458507.02864006
2025-01-06 15:00:00+09:00,67458507.02864006
2025-01-06 15:01:00+09:00,67458507.02864006
2025-01-06 15:02:00+09:00,67458507.02864006
2025-01-06 15:03:00+09:00,67458507.02864006
2025-01-06 15:04:00+09:00,67458507.02864006
2025-01-06 15:05:00+09:00,67458507.02864006
2025-01-06 15:06:00+09:00,67458507.02864006
2025-01-06 15:07:00+09:00,67458507.02864006
2025-01-06 15:08:00+09:00,67458507.02864006
2025-01-06 15:09:00+09:00,67458507.02864006
2025-01-06 15:10:00+09:00,67458507.02864006
2025-01-06 15:11:00+09:00,67458507.02864006
2025-01-06 15:12:00+09:00,67458507.02864006
2025-01-06 15:13:00+09:00,67458507.02864006
2025-01-06 15:14:00+09:00,67458507.02864006
2025-01-06 15:15:00+09:00,67458507.02864006
2025-01-06 15:16:00+09:00,67458507.02864006
2025-01-06 15:17:00+09:00,67458507.02864006
2025-01-06 15:18:00+09:00,67458507.02864006
2025-01-06 15:19:00+09:00,67458507.02864006
2025-01-06 15:30:00+09:00,67458507.02864006
2025-01-06 15:35:00+09:00,67458507.02864006
2025-01-07 09:00:00+09:00,67458507.02864006
2025-01-07 09:01:00+09:00,67458507.02864006
2025-01-07 09:02:00+09:00,67458507.02864006
2025-01-07 09:03:00+09:00,67458507.02864006
2025-01-07 09:04:00+09:00,67431523.62582861
2025-01-07 09:05:00+09:00,67550032.4546965
2025-01-07 09:06:00+09:00,67313014.79696073
2025-01-07 09:07:00+09:00,67194505.96809283
2025-01-07 09:08:00+09:00,66957488.31035705
2025-01-07 09:09:00+09:00,66957488.31035705
2025-01-07 09:10:00+09:00,66957488.31035705
2025-01-07 09:11:00+09:00,67075997.13922493
2025-01-07 09:12:00+09:00,66838979.48148915
2025-01-07 09:13:00+09:00,66720470.65262126
2025-01-07 09:14:00+09:00,66720470.65262126
2025-01-07 09:15:00+09:00,66601961.82375338
2025-01-07 09:16:00+09:00,66720470.65262127
2025-01-07 09:17:00+09:00,66540325.38185919
2025-01-07 09:18:00+09:00,66540325.38185919
2025-01-07 09:19:00+09:00,66540325.38185919
2025-01-07 09:20:00+09:00,66540325.38185919
2025-01-07 09:21:00+09:00,66540325.38185919
2025-01-07 09:22:00+09:00,66540325.38185919
2025-01-07 09:23:00+09:00,66540325.38185919
2025-01-07 09:24:00+09:00,66540325.38185919
2025-01-07 09:25:00+09:00,66540325.38185919
2025-01-07 09:26:00+09:00,66540325.38185919
2025-01-07 09:27:00+09:00,66540325.38185919
2025-01-07 09:28:00+09:00,66540325.38185919
2025-01-07 09:29:00+09:00,66540325.38185919
2025-01-07 09:30:00+09:00,66540325.38185919
2025-01-07 09:31:00+09:00,66540325.38185919
2025-01-07 09:32:00+09:00,66513709.25170645
2025-01-07 09:33:00+09:00,66513709.25170645
2025-01-07 09:34:00+09:00,66513709.25170645
2025-01-07 09:35:00+09:00,66395985.87249989
2025-01-07 09:36:00+09:00,66395985.87249989
2025-01-07 09:37:00+09:00,66278262.49329333
2025-01-07 09:38:00+09:00,66395985.87249989
2025-01-07 09:39:00+09:00,66216716.71064414
2025-01-07 09:40:00+09:00,66216716.71064414
2025-01-07 09:41:00+09:00,66216716.71064414
2025-01-07 09:42:00+09:00,66216716.71064414
2025-01-07 09:43:00+09:00,66216716.71064414
2025-01-07 09:44:00+09:00,66216716.71064414
2025-01-07 09:45:00+09:00,66216716.71064414
2025-01-07 09:46:00+09:00,66216716.71064414
2025-01-07 09:47:00+09:00,66216716.71064414
2025-01-07 09:48:00+09:00,66216716.71064414
2025-01-07 09:49:00+09:00,66216716.71064414
2025-01-07 09:50:00+09:00,66190230.02395988
2025-01-07 09:51:00+09:00,66190230.02395988
2025-01-07 09:52:00+09:00,66190230.02395988
2025-01-07 09:53:00+09:00,66073492.40487
2025-01-07 09:54:00+09:00,66073492.40487
2025-01-07 09:55:00+09:00,66073492.40487
2025-01-07 09:56:00+09:00,66073492.40487
2025-01-07 09:57:00+09:00,66073492.40487
2025-01-07 09:58:00+09:00,66073492.40487
2025-01-07 09:59:00+09:00,66073492.40487
2025-01-07 10:00:00+09:00,65956754.785780124
2025-01-07 10:01:00+09:00,66073492.404869996
2025-01-07 10:02:00+09:00,65895093.975376844
2025-01-07 10:03:00+09:00,65895093.975376844
2025-01-07 10:04:00+09:00,65895093.975376844
2025-01-07 10:05:00+09:00,65895093.975376844
2025-01-07 10:06:00+09:00,65895093.975376844
2025-01-07 10:07:00+09:00,65895093.975376844
2025-01-07 10:08:00+09:00,65895093.975376844
2025-01-07 10:09:00+09:00,65895093.975376844
2025-01-07 10:10:00+09:00,65895093.975376844
2025-01-07 10:11:00+09:00,65895093.975376844
2025-01-07 10:12:00+09:00,65895093.975376844
2025-01-07 10:13:00+09:00,65895093.975376844
2025-01-07 10:14:00+09:00,65895093.975376844
2025-01-07 10:15:00+09:00,65895093.975376844
2025-01-07 10:16:00+09:00,65895093.975376844
2025-01-07 10:17:00+09:00,65895093.975376844
2025-01-07 10:18:00+09:00,65895093.975376844
2025-01-07 10:19:00+09:00,65895093.975376844
2025-01-07 10:20:00+09:00,65895093.975376844
2025-01-07 10:21:00+09:00,65895093.975376844
2025-01-07 10:22:00+09:00,65895093.975376844
2025-01-07 10:23:00+09:00,65895093.975376844
2025-01-07 10:24:00+09:00,65895093.975376844
2025-01-07 10:25:00+09:00,65895093.975376844
2025-01-07 10:26:00+09:00,65895093.975376844
2025-01-07 10:27:00+09:00,65895093.975376844
2025-01-07 10:28:00+09:00,65895093.975376844
2025-01-07 10:29:00+09:00,65895093.975376844
2025-01-07 10:30:00+09:00,65895093.975376844
2025-01-07 10:31:00+09:00,65895093.975376844
2025-01-07 10:32:00+09:00,65895093.975376844
2025-01-07 10:33:00+09:00,65895093.975376844
2025-01-07 10:34:00+09:00,65895093.975376844
2025-01-07 10:35:00+09:00,65895093.975376844
2025-01-07 10:36:00+09:00,65895093.975376844
2025-01-07 10:37:00+09:00,65895093.975376844
2025-01-07 10:38:00+09:00,65895093.975376844
2025-01-07 10:39:00+09:00,65895093.975376844
2025-01-07 10:40:00+09:00,65895093.975376844
2025-01-07 10:41:00+09:00,65895093.975376844
2025-01-07 10:42:00+09:00,65895093.975376844
2025-01-07 10:43:00+09:00,65895093.975376844
2025-01-07 10:44:00+09:00,65895093.975376844
2025-01-07 10:45:00+09:00,65895093.975376844
2025-01-07 10:46:00+09:00,65895093.975376844
2025-01-07 10:47:00+09:00,65895093.975376844
2025-01-07 10:48:00+09:00,65895093.975376844
2025-01-07 10:49:00+09:00,65895093.975376844
2025-01-07 10:50:00+09:00,65895093.975376844
2025-01-07 10:51:00+09:00,65895093.975376844
2025-01-07 10:52:00+09:00,65868735.9377867
2025-01-07 10:53:00+09:00,65868735.9377867
2025-01-07 10:54:00+09:00,65868735.9377867
2025-01-07 10:55:00+09:00,65868735.9377867
2025-01-07 10:56:00+09:00,65868735.9377867
2025-01-07 10:57:00+09:00,65985317.771304905
2025-01-07 10:58:00+09:00,65868735.9377867
2025-01-07 10:59:00+09:00,65868735.9377867
2025-01-07 11:00:00+09:00,65985317.771304905
2025-01-07 11:01:00+09:00,65985317.771304905
2025-01-07 11:02:00+09:00,65868735.9377867
2025-01-07 11:03:00+09:00,65985317.771304905
2025-01-07 11:04:00+09:00,65985317.771304905
2025-01-07 11:05:00+09:00,65985317.771304905
2025-01-07 11:06:00+09:00,65985317.771304905
2025-01-07 11:07:00+09:00,65868735.9377867
2025-01-07 11:08:00+09:00,65868735.9377867
2025-01-07 11:09:00+09:00,65985317.771304905
2025-01-07 11:10:00+09:00,65868735.9377867
2025-01-07 11:11:00+09:00,65752154.10426849
2025-01-07 11:12:00+09:00,65868735.9377867
2025-01-07 11:13:00+09:00,65574623.28818697
2025-01-07 11:14:00+09:00,65574623.28818697
2025-01-07 11:15:00+09:00,65574623.28818697
2025-01-07 11:16:00+09:00,65574623.28818697
2025-01-07 11:17:00+09:00,65574623.28818697
2025-01-07 11:18:00+09:00,65574623.28818697
2025-01-07 11:19:00+09:00,65574623.28818697
2025-01-07 11:20:00+09:00,65574623.28818697
2025-01-07 11:21:00+09:00,65574623.28818697
2025-01-07 11:22:00+09:00,65574623.28818697
2025-01-07 11:23:00+09:00,65574623.28818697
2025-01-07 11:24:00+09:00,65574623.28818697
2025-01-07 11:25:00+09:00,65574623.28818697
2025-01-07 11:26:00+09:00,65574623.28818697
2025-01-07 11:27:00+09:00,65574623.28818697
2025-01-07 11:28:00+09:00,65574623.28818697
2025-01-07 11:29:00+09:00,65574623.28818697
2025-01-07 11:30:00+09:00,65574623.28818697
2025-01-07 11:31:00+09:00,65574623.28818697
2025-01-07 11:32:00+09:00,65574623.28818697
2025-01-07 11:33:00+09:00,65574623.28818697
2025-01-07 11:34:00+09:00,65574623.28818697
2025-01-07 11:35:00+09:00,65574623.28818697
2025-01-07 11:36:00+09:00,65574623.28818697
2025-01-07 11:37:00+09:00,65574623.28818697
2025-01-07 11:38:00+09:00,65574623.28818697
2025-01-07 11:39:00+09:00,65574623.28818697
2025-01-07 11:40:00+09:00,65574623.28818697
2025-01-07 11:41:00+09:00,65574623.28818697
2025-01-07 11:42:00+09:00,65574623.28818697
2025-01-07 11:43:00+09:00,65574623.28818697
2025-01-07 11:44:00+09:00,65574623.28818697
2025-01-07 11:45:00+09:00,65574623.28818697
2025-01-07 11:46:00+09:00,65574623.28818697
2025-01-07 11:47:00+09:00,65574623.28818697
2025-01-07 11:48:00+09:00,65574623.28818697
2025-01-07 11:49:00+09:00,65574623.28818697
2025-01-07 11:50:00+09:00,65574623.28818697
2025-01-07 11:51:00+09:00,65574623.28818697
2025-01-07 11:52:00+09:00,65574623.28818697
2025-01-07 11:53:00+09:00,65574623.28818697
2025-01-07 11:54:00+09:00,65574623.28818697
2025-01-07 11:55:00+09:00,65574623.28818697
2025-01-07 11:56:00+09:00,65574623.28818697
2025-01-07 11:57:00+09:00,65574623.28818697
2025-01-07 11:58:00+09:00,65574623.28818697
2025-01-07 11:59:00+09:00,65574623.28818697
2025-01-07 12:00:00+09:00,65574623.28818697
2025-01-07 12:01:00+09:00,65574623.28818697
2025-01-07 12:02:00+09:00,65574623.28818697
2025-01-07 12:03:00+09:00,65574623.28818697
2025-01-07 12:04:00+09:00,65574623.28818697
2025-01-07 12:05:00+09:00,65574623.28818697
2025-01-07 12:06:00+09:00,65574623.28818697
2025-01-07 12:07:00+09:00,65574623.28818697
2025-01-07 12:08:00+09:00,65574623.28818697
2025-01-07 12:09:00+09:00,65574623.28818697
2025-01-07 12:10:00+09:00,65574623.28818697
2025-01-07 12:11:00+09:00,65574623.28818697
2025-01-07 12:12:00+09:00,65574623.28818697
2025-01-07 12:13:00+09:00,65574623.28818697
2025-01-07 12:14:00+09:00,65574623.28818697
2025-01-07 12:15:00+09:00,65574623.28818697
2025-01-07 12:16:00+09:00,65574623.28818697
2025-01-07 12:17:00+09:00,65574623.28818697
2025-01-07 12:18:00+09:00,65574623.28818697
2025-01-07 12:19:00+09:00,65574623.28818697
2025-01-07 12:20:00+09:00,65574623.28818697
2025-01-07 12:21:00+09:00,65574623.28818697
2025-01-07 12:22:00+09:00,65574623.28818697
2025-01-07 12:23:00+09:00,65574623.28818697
2025-01-07 12:24:00+09:00,65574623.28818697
2025-01-07 12:25:00+09:00,65574623.28818697
2025-01-07 12:26:00+09:00,65574623.28818697
2025-01-07 12:27:00+09:00,65574623.28818697
2025-01-07 12:28:00+09:00,65574623.28818697
2025-01-07 12:29:00+09:00,65574623.28818697
2025-01-07 12:30:00+09:00,65574623.28818697
2025-01-07 12:31:00+09:00,65574623.28818697
2025-01-07 12:32:00+09:00,65574623.28818697
2025-01-07 12:33:00+09:00,65574623.28818697
2025-01-07 12:34:00+09:00,65574623.28818697
2025-01-07 12:35:00+09:00,65574623.28818697
2025-01-07 12:36:00+09:00,65574623.28818697
2025-01-07 12:37:00+09:00,65574623.28818697
2025-01-07 12:38:00+09:00,65574623.28818697
2025-01-07 12:39:00+09:00,65574623.28818697
2025-01-07 12:40:00+09:00,65574623.28818697
2025-01-07 12:41:00+09:00,65574623.28818697
2025-01-07 12:42:00+09:00,65574623.28818697
2025-01-07 12:43:00+09:00,65574623.28818697
2025-01-07 12:44:00+09:00,65574623.28818697
2025-01-07 12:45:00+09:00,65574623.28818697
2025-01-07 12:46:00+09:00,65574623.28818697
2025-01-07 12:47:00+09:00,65574623.28818697
2025-01-07 12:48:00+09:00,65574623.28818697
2025-01-07 12:49:00+09:00,65574623.28818697
2025-01-07 12:50:00+09:00,65574623.28818697
2025-01-07 12:51:00+09:00,65574623.28818697
2025-01-07 12:52:00+09:00,65574623.28818697
2025-01-07 12:53:00+09:00,65574623.28818697
2025-01-07 12:54:00+09:00,65574623.28818697
2025-01-07 12:55:00+09:00,65548393.4388717
2025-01-07 12:56:00+09:00,65548393.4388717
2025-01-07 12:57:00+09:00,65431342.73630229
2025-01-07 12:58:00+09:00,65314292.03373287
2025-01-07 12:59:00+09:00,65431342.73630229
2025-01-07 13:00:00+09:00,65254678.11091427
2025-01-07 13:01:00+09:00,65254678.11091427
2025-01-07 13:02:00+09:00,65254678.11091427
2025-01-07 13:03:00+09:00,65254678.11091427
2025-01-07 13:04:00+09:00,65254678.11091427
2025-01-07 13:05:00+09:00,65254678.11091427
2025-01-07 13:06:00+09:00,65254678.11091427
2025-01-07 13:07:00+09:00,65254678.11091427
2025-01-07 13:08:00+09:00,65254678.11091427
2025-01-07 13:09:00+09:00,65254678.11091427
2025-01-07 13:10:00+09:00,65254678.11091427
2025-01-07 13:11:00+09:00,65254678.11091427
2025-01-07 13:12:00+09:00,65254678.11091427
2025-01-07 13:13:00+09:00,65254678.11091427
2025-01-07 13:14:00+09:00,65254678.11091427
2025-01-07 13:15:00+09:00,65254678.11091427
2025-01-07 13:16:00+09:00,65254678.11091427
2025-01-07 13:17:00+09:00,65254678.11091427
2025-01-07 13:18:00+09:00,65254678.11091427
2025-01-07 13:19:00+09:00,65228576.239669904
2025-01-07 13:20:00+09:00,65228576.239669904
2025-01-07 13:21:00+09:00,65111888.2678637
2025-01-07 13:22:00+09:00,65228576.23966991
2025-01-07 13:23:00+09:00,65052459.0838228
2025-01-07 13:24:00+09:00,65052459.0838228
2025-01-07 13:25:00+09:00,65052459.0838228
2025-01-07 13:26:00+09:00,65052459.0838228
2025-01-07 13:27:00+09:00,65052459.0838228
2025-01-07 13:28:00+09:00,65052459.0838228
2025-01-07 13:29:00+09:00,65052459.0838228
2025-01-07 13:30:00+09:00,65052459.0838228
2025-01-07 13:31:00+09:00,65052459.0838228
2025-01-07 13:32:00+09:00,65052459.0838228
2025-01-07 13:33:00+09:00,65052459.0838228
2025-01-07 13:34:00+09:00,65026438.100189276
2025-01-07 13:35:00+09:00,64850866.717318766
2025-01-07 13:36:00+09:00,64850866.717318766
2025-01-07 13:37:00+09:00,64850866.717318766
2025-01-07 13:38:00+09:00,64850866.717318766
2025-01-07 13:39:00+09:00,64850866.717318766
2025-01-07 13:40:00+09:00,64850866.717318766
2025-01-07 13:41:00+09:00,64850866.717318766
2025-01-07 13:42:00+09:00,64850866.717318766
2025-01-07 13:43:00+09:00,64850866.717318766
2025-01-07 13:44:00+09:00,64850866.717318766
2025-01-07 13:45:00+09:00,64850866.717318766
2025-01-07 13:46:00+09:00,64850866.717318766
2025-01-07 13:47:00+09:00,64850866.717318766
2025-01-07 13:48:00+09:00,64850866.717318766
2025-01-07 13:49:00+09:00,64850866.717318766
2025-01-07 13:50:00+09:00,64850866.717318766
2025-01-07 13:51:00+09:00,64850866.717318766
2025-01-07 13:52:00+09:00,64850866.717318766
2025-01-07 13:53:00+09:00,64850866.717318766
2025-01-07 13:54:00+09:00,64850866.717318766
2025-01-07 13:55:00+09:00,64850866.717318766
2025-01-07 13:56:00+09:00,64850866.717318766
2025-01-07 13:57:00+09:00,64850866.717318766
2025-01-07 13:58:00+09:00,64850866.717318766
2025-01-07 13:59:00+09:00,64850866.717318766
2025-01-07 14:00:00+09:00,64850866.717318766
2025-01-07 14:01:00+09:00,64850866.717318766
2025-01-07 14:02:00+09:00,64850866.717318766
2025-01-07 14:03:00+09:00,64850866.717318766
2025-01-07 14:04:00+09:00,64850866.717318766
2025-01-07 14:05:00+09:00,64850866.717318766
2025-01-07 14:06:00+09:00,64850866.717318766
2025-01-07 14:07:00+09:00,64850866.717318766
2025-01-07 14:08:00+09:00,64850866.717318766
2025-01-07 14:09:00+09:00,64850866.717318766
2025-01-07 14:10:00+09:00,64850866.717318766
2025-01-07 14:11:00+09:00,64850866.717318766
2025-01-07 14:12:00+09:00,64850866.717318766
2025-01-07 14:13:00+09:00,64850866.717318766
2025-01-07 14:14:00+09:00,64850866.717318766
2025-01-07 14:15:00+09:00,64850866.717318766
2025-01-07 14:16:00+09:00,64850866.717318766
2025-01-07 14:17:00+09:00,64850866.717318766
2025-01-07 14:18:00+09:00,64850866.717318766
2025-01-07 14:19:00+09:00,64850866.717318766
2025-01-07 14:20:00+09:00,64850866.717318766
2025-01-07 14:21:00+09:00,64850866.717318766
2025-01-07 14:22:00+09:00,64850866.717318766
2025-01-07 14:23:00+09:00,64850866.717318766
2025-01-07 14:24:00+09:00,64850866.717318766
2025-01-07 14:25:00+09:00,64850866.717318766
2025-01-07 14:26:00+09:00,64850866.717318766
2025-01-07 14:27:00+09:00,64850866.717318766
2025-01-07 14:28:00+09:00,64850866.717318766
2025-01-07 14:29:00+09:00,64850866.717318766
2025-01-07 14:30:00+09:00,64850866.717318766
2025-01-07 14:31:00+09:00,64850866.717318766
2025-01-07 14:32:00+09:00,64850866.717318766
2025-01-07 14:33:00+09:00,64850866.717318766
2025-01-07 14:34:00+09:00,64850866.717318766
2025-01-07 14:35:00+09:00,64850866.717318766
2025-01-07 14:36:00+09:00,64850866.717318766
2025-01-07 14:37:00+09:00,64824926.370631844
2025-01-07 14:38:00+09:00,64824926.370631844
2025-01-07 14:39:00+09:00,64824926.370631844
2025-01-07 14:40:00+09:00,64708752.66745867
2025-01-07 14:41:00+09:00,64824926.370631844
2025-01-07 14:42:00+09:00,64592578.96428549
2025-01-07 14:43:00+09:00,64708752.66745867
2025-01-07 14:44:00+09:00,64534039.03525653
2025-01-07 14:45:00+09:00,64534039.03525653
2025-01-07 14:46:00+09:00,64534039.03525653
2025-01-07 14:47:00+09:00,64534039.03525653
2025-01-07 14:48:00+09:00,64534039.03525653
2025-01-07 14:49:00+09:00,64534039.03525653
2025-01-07 14:50:00+09:00,64534039.03525653
2025-01-07 14:51:00+09:00,64534039.03525653
2025-01-07 14:52:00+09:00,64534039.03525653
2025-01-07 14:53:00+09:00,64534039.03525653
2025-01-07 14:54:00+09:00,64534039.03525653
2025-01-07 14:55:00+09:00,64534039.03525653
2025-01-07 14:56:00+09:00,64534039.03525653
2025-01-07 14:57:00+09:00,64534039.03525653
2025-01-07 14:58:00+09:00,64508225.419642426
2025-01-07 14:59:00+09:00,64508225.419642426
2025-01-07 15:00:00+09:00,64392619.28089755
2025-01-07 15:01:00+09:00,64508225.419642426
2025-01-07 15:02:00+09:00,64508225.419642426
2025-01-07 15:03:00+09:00,64392619.28089755
2025-01-07 15:04:00+09:00,64508225.419642426
2025-01-07 15:05:00+09:00,64508225.419642426
2025-01-07 15:06:00+09:00,64392619.28089755
2025-01-07 15:07:00+09:00,64508225.419642426
2025-01-07 15:08:00+09:00,64218759.208839126
2025-01-07 15:09:00+09:00,64218759.208839126
2025-01-07 15:10:00+09:00,64218759.208839126
2025-01-07 15:11:00+09:00,64218759.208839126
2025-01-07 15:12:00+09:00,64218759.208839126
2025-01-07 15:13:00+09:00,64218759.208839126
2025-01-07 15:14:00+09:00,64218759.208839126
2025-01-07 15:15:00+09:00,64218759.208839126
2025-01-07 15:16:00+09:00,64218759.208839126
2025-01-07 15:17:00+09:00,64218759.208839126
2025-01-07 15:18:00+09:00,64218759.208839126
2025-01-07 15:19:00+09:00,64218759.208839126
2025-01-07 15:30:00+09:00,64218759.208839126
2025-01-07 15:35:00+09:00,64218759.208839126
2025-01-08 09:00:00+09:00,64218759.208839126
2025-01-08 09:01:00+09:00,64218759.208839126
2025-01-08 09:02:00+09:00,64218759.208839126
2025-01-08 09:03:00+09:00,64218759.208839126
2025-01-08 09:04:00+09:00,64218759.208839126
2025-01-08 09:05:00+09:00,64218759.208839126
2025-01-08 09:06:00+09:00,64218759.208839126
2025-01-08 09:07:00+09:00,64218759.208839126
2025-01-08 09:08:00+09:00,64218759.208839126
2025-01-08 09:09:00+09:00,64218759.208839126
2025-01-08 09:10:00+09:00,64218759.208839126
2025-01-08 09:11:00+09:00,64218759.208839126
2025-01-08 09:12:00+09:00,64218759.208839126
2025-01-08 09:13:00+09:00,64218759.208839126
2025-01-08 09:14:00+09:00,64218759.208839126
2025-01-08 09:15:00+09:00,64218759.208839126
2025-01-08 09:16:00+09:00,64218759.208839126
2025-01-08 09:17:00+09:00,64218759.208839126
2025-01-08 09:18:00+09:00,64218759.208839126
2025-01-08 09:19:00+09:00,64218759.208839126
2025-01-08 09:20:00+09:00,64218759.208839126
2025-01-08 09:21:00+09:00,64218759.208839126
2025-01-08 09:22:00+09:00,64218759.208839126
2025-01-08 09:23:00+09:00,64218759.208839126
2025-01-08 09:24:00+09:00,64193071.705155596
2025-01-08 09:25:00+09:00,64193071.705155596
2025-01-08 09:26:00+09:00,64193071.705155596
2025-01-08 09:27:00+09:00,64193071.705155596
2025-01-08 09:28:00+09:00,64536963.160718925
2025-01-08 09:29:00+09:00,64536963.160718925
2025-01-08 09:30:00+09:00,64536963.160718925
2025-01-08 09:31:00+09:00,64536963.160718925
2025-01-08 09:32:00+09:00,64422332.67553115
2025-01-08 09:33:00+09:00,64536963.16071893
2025-01-08 09:34:00+09:00,64651593.64590671
2025-01-08 09:35:00+09:00,64422332.67553116
2025-01-08 09:36:00+09:00,64422332.67553116
2025-01-08 09:37:00+09:00,64307702.19034337
2025-01-08 09:38:00+09:00,64422332.67553115
2025-01-08 09:39:00+09:00,64536963.16071893
2025-01-08 09:40:00+09:00,64422332.67553116
2025-01-08 09:41:00+09:00,64422332.67553116
2025-01-08 09:42:00+09:00,64307702.19034337
2025-01-08 09:43:00+09:00,64422332.67553115
2025-01-08 09:44:00+09:00,64422332.67553115
2025-01-08 09:45:00+09:00,64193071.705155596
2025-01-08 09:46:00+09:00,64078441.21996782
2025-01-08 09:47:00+09:00,64307702.19034338
2025-01-08 09:48:00+09:00,64193071.705155596
2025-01-08 09:49:00+09:00,64193071.705155596
2025-01-08 09:50:00+09:00,64307702.19034337
2025-01-08 09:51:00+09:00,64193071.70515559
2025-01-08 09:52:00+09:00,64078441.21996781
2025-01-08 09:53:00+09:00,64193071.70515558
2025-01-08 09:54:00+09:00,64078441.219967805
2025-01-08 09:55:00+09:00,64078441.219967805
2025-01-08 09:56:00+09:00,64078441.219967805
2025-01-08 09:57:00+09:00,64078441.219967805
2025-01-08 09:58:00+09:00,64078441.219967805
2025-01-08 09:59:00+09:00,64193071.705155574
2025-01-08 10:00:00+09:00,63963810.73478002
2025-01-08 10:01:00+09:00,63963810.73478002
2025-01-08 10:02:00+09:00,63905429.42867389
2025-01-08 10:03:00+09:00,63905429.42867389
2025-01-08 10:04:00+09:00,63905429.42867389
2025-01-08 10:05:00+09:00,63905429.42867389
2025-01-08 10:06:00+09:00,63905429.42867389
2025-01-08 10:07:00+09:00,63905429.42867389
2025-01-08 10:08:00+09:00,63905429.42867389
2025-01-08 10:09:00+09:00,63905429.42867389
2025-01-08 10:10:00+09:00,63905429.42867389
2025-01-08 10:11:00+09:00,63905429.42867389
2025-01-08 10:12:00+09:00,63905429.42867389
2025-01-08 10:13:00+09:00,63905429.42867389
2025-01-08 10:14:00+09:00,63905429.42867389
2025-01-08 10:15:00+09:00,63905429.42867389
2025-01-08 10:16:00+09:00,63905429.42867389
2025-01-08 10:17:00+09:00,63905429.42867389
2025-01-08 10:18:00+09:00,63905429.42867389
2025-01-08 10:19:00+09:00,63905429.42867389
2025-01-08 10:20:00+09:00,63905429.42867389
2025-01-08 10:21:00+09:00,63905429.42867389
2025-01-08 10:22:00+09:00,63905429.42867389
2025-01-08 10:23:00+09:00,63879867.25690243
2025-01-08 10:24:00+09:00,63879867.25690243
2025-01-08 10:25:00+09:00,63879867.25690243
2025-01-08 10:26:00+09:00,63993532.501131795
2025-01-08 10:27:00+09:00,63993532.501131795
2025-01-08 10:28:00+09:00,63993532.501131795
2025-01-08 10:29:00+09:00,63993532.501131795
2025-01-08 10:30:00+09:00,63993532.501131795
2025-01-08 10:31:00+09:00,63993532.501131795
2025-01-08 10:32:00+09:00,64448193.478049256
2025-01-08 10:33:00+09:00,64561858.72227862
2025-01-08 10:34:00+09:00,64561858.72227862
2025-01-08 10:35:00+09:00,64448193.47804925
2025-01-08 10:36:00+09:00,64561858.72227861
2025-01-08 10:37:00+09:00,64675523.96650798
2025-01-08 10:38:00+09:00,64789189.21073735
2025-01-08 10:39:00+09:00,64902854.45496671
2025-01-08 10:40:00+09:00,64561858.72227862
2025-01-08 10:41:00+09:00,64561858.72227862
2025-01-08 10:42:00+09:00,64675523.966507986
2025-01-08 10:43:00+09:00,64675523.966507986
2025-01-08 10:44:00+09:00,64789189.210737355
2025-01-08 10:45:00+09:00,64675523.96650799
2025-01-08 10:46:00+09:00,64675523.96650799
2025-01-08 10:47:00+09:00,64561858.72227863
2025-01-08 10:48:00+09:00,64675523.966508
2025-01-08 10:49:00+09:00,64675523.966508
2025-01-08 10:50:00+09:00,64675523.966508
2025-01-08 10:51:00+09:00,64789189.21073737
2025-01-08 10:52:00+09:00,64675523.96650801
2025-01-08 10:53:00+09:00,64675523.96650801
2025-01-08 10:54:00+09:00,64675523.96650801
2025-01-08 10:55:00+09:00,64675523.96650801
2025-01-08 10:56:00+09:00,64675523.96650801
2025-01-08 10:57:00+09:00,64675523.96650801
2025-01-08 10:58:00+09:00,64561858.72227865
2025-01-08 10:59:00+09:00,64561858.72227865
2025-01-08 11:00:00+09:00,64561858.72227865
2025-01-08 11:01:00+09:00,64561858.72227865
2025-01-08 11:02:00+09:00,64561858.72227865
2025-01-08 11:03:00+09:00,64561858.72227865
2025-01-08 11:04:00+09:00,64561858.72227865
2025-01-08 11:05:00+09:00,64675523.966508016
2025-01-08 11:06:00+09:00,64675523.966508016
2025-01-08 11:07:00+09:00,64675523.966508016
2025-01-08 11:08:00+09:00,64675523.966508016
2025-01-08 11:09:00+09:00,64789189.210737385
2025-01-08 11:10:00+09:00,64675523.96650802
2025-01-08 11:11:00+09:00,64789189.21073739
2025-01-08 11:12:00+09:00,64789189.21073739
2025-01-08 11:13:00+09:00,64675523.96650803
2025-01-08 11:14:00+09:00,64675523.96650803
2025-01-08 11:15:00+09:00,64675523.96650803
2025-01-08 11:16:00+09:00,64789189.2107374
2025-01-08 11:17:00+09:00,64902854.45496676
2025-01-08 11:18:00+09:00,64902854.45496676
2025-01-08 11:19:00+09:00,64902854.45496676
2025-01-08 11:20:00+09:00,64902854.45496676
2025-01-08 11:21:00+09:00,64675523.96650804
2025-01-08 11:22:00+09:00,64789189.21073741
2025-01-08 11:23:00+09:00,64789189.21073741
2025-01-08 11:24:00+09:00,64789189.21073741
2025-01-08 11:25:00+09:00,64789189.21073741
2025-01-08 11:26:00+09:00,64675523.966508046
2025-01-08 11:27:00+09:00,64789189.210737415
2025-01-08 11:28:00+09:00,64675523.96650805
2025-01-08 11:29:00+09:00,64789189.21073742
2025-01-08 11:30:00+09:00,64789189.21073742
2025-01-08 11:31:00+09:00,64789189.21073742
2025-01-08 11:32:00+09:00,64902854.45496678
2025-01-08 11:33:00+09:00,65016519.69919615
2025-01-08 11:34:00+09:00,65016519.69919615
2025-01-08 11:35:00+09:00,64902854.45496678
2025-01-08 11:36:00+09:00,64902854.45496678
2025-01-08 11:37:00+09:00,64902854.45496678
2025-01-08 11:38:00+09:00,64789189.21073742
2025-01-08 11:39:00+09:00,64789189.21073742
2025-01-08 11:40:00+09:00,64902854.45496678
2025-01-08 11:41:00+09:00,64789189.21073742
2025-01-08 11:42:00+09:00,64789189.21073742
2025-01-08 11:43:00+09:00,64902854.45496678
2025-01-08 11:44:00+09:00,64902854.45496678
2025-01-08 11:45:00+09:00,65016519.69919615
2025-01-08 11:46:00+09:00,64902854.45496678
2025-01-08 11:47:00+09:00,65016519.69919615
2025-01-08 11:48:00+09:00,64902854.45496678
2025-01-08 11:49:00+09:00,65016519.69919615
2025-01-08 11:50:00+09:00,65016519.69919615
2025-01-08 11:51:00+09:00,65016519.69919615
2025-01-08 11:52:00+09:00,65016519.69919615
2025-01-08 11:53:00+09:00,64902854.45496678
2025-01-08 11:54:00+09:00,65016519.69919615
2025-01-08 11:55:00+09:00,64902854.45496678
2025-01-08 11:56:00+09:00,65016519.69919615
2025-01-08 11:57:00+09:00,64902854.45496678
2025-01-08 11:58:00+09:00,64902854.45496678
2025-01-08 11:59:00+09:00,65016519.69919615
2025-01-08 12:00:00+09:00,64902854.45496678
2025-01-08 12:01:00+09:00,65016519.69919615
2025-01-08 12:02:00+09:00,64902854.45496678
2025-01-08 12:03:00+09:00,65016519.69919615
2025-01-08 12:04:00+09:00,64902854.45496678
2025-01-08 12:05:00+09:00,64902854.45496678
2025-01-08 12:06:00+09:00,64902854.45496678
2025-01-08 12:07:00+09:00,64902854.45496678
2025-01-08 12:08:00+09:00,64902854.45496678
2025-01-08 12:09:00+09:00,65016519.69919615
2025-01-08 12:10:00+09:00,65016519.69919615
2025-01-08 12:11:00+09:00,65016519.69919615
2025-01-08 12:12:00+09:00,64789189.21073742
2025-01-08 12:13:00+09:00,64902854.45496678
2025-01-08 12:14:00+09:00,64727616.74793837
2025-01-08 12:15:00+09:00,64727616.74793837
2025-01-08 12:16:00+09:00,64727616.74793837
2025-01-08 12:17:00+09:00,64727616.74793837
2025-01-08 12:18:00+09:00,64727616.74793837
2025-01-08 12:19:00+09:00,64727616.74793837
2025-01-08 12:20:00+09:00,64727616.74793837
2025-01-08 12:21:00+09:00,64727616.74793837
2025-01-08 12:22:00+09:00,64727616.74793837
2025-01-08 12:23:00+09:00,64727616.74793837
2025-01-08 12:24:00+09:00,64727616.74793837
2025-01-08 12:25:00+09:00,64701725.7012392
2025-01-08 12:26:00+09:00,64414221.54701745
2025-01-08 12:27:00+09:00,64414221.54701745
2025-01-08 12:28:00+09:00,64414221.54701745
2025-01-08 12:29:00+09:00,64414221.54701745
2025-01-08 12:30:00+09:00,64414221.54701745
2025-01-08 12:31:00+09:00,64414221.54701745
2025-01-08 12:32:00+09:00,64414221.54701745
2025-01-08 12:33:00+09:00,64414221.54701745
2025-01-08 12:34:00+09:00,64414221.54701745
2025-01-08 12:35:00+09:00,64414221.54701745
2025-01-08 12:36:00+09:00,64414221.54701745
2025-01-08 12:37:00+09:00,64414221.54701745
2025-01-08 12:38:00+09:00,64414221.54701745
2025-01-08 12:39:00+09:00,64414221.54701745
2025-01-08 12:40:00+09:00,64414221.54701745
2025-01-08 12:41:00+09:00,64414221.54701745
2025-01-08 12:42:00+09:00,64414221.54701745
2025-01-08 12:43:00+09:00,64414221.54701745
2025-01-08 12:44:00+09:00,64414221.54701745
2025-01-08 12:45:00+09:00,64414221.54701745
2025-01-08 12:46:00+09:00,64414221.54701745
2025-01-08 12:47:00+09:00,64414221.54701745
2025-01-08 12:48:00+09:00,64414221.54701745
2025-01-08 12:49:00+09:00,64414221.54701745
2025-01-08 12:50:00+09:00,64414221.54701745
2025-01-08 12:51:00+09:00,64414221.54701745
2025-01-08 12:52:00+09:00,64414221.54701745
2025-01-08 12:53:00+09:00,64414221.54701745
2025-01-08 12:54:00+09:00,64414221.54701745
2025-01-08 12:55:00+09:00,64414221.54701745
2025-01-08 12:56:00+09:00,64414221.54701745
2025-01-08 12:57:00+09:00,64414221.54701745
2025-01-08 12:58:00+09:00,64414221.54701745
2025-01-08 12:59:00+09:00,64414221.54701745
2025-01-08 13:00:00+09:00,64414221.54701745
2025-01-08 13:01:00+09:00,64414221.54701745
2025-01-08 13:02:00+09:00,64414221.54701745
2025-01-08 13:03:00+09:00,64414221.54701745
2025-01-08 13:04:00+09:00,64414221.54701745
2025-01-08 13:05:00+09:00,64414221.54701745
2025-01-08 13:06:00+09:00,64414221.54701745
2025-01-08 13:07:00+09:00,64414221.54701745
2025-01-08 13:08:00+09:00,64414221.54701745
2025-01-08 13:09:00+09:00,64414221.54701745
2025-01-08 13:10:00+09:00,64414221.54701745
2025-01-08 13:11:00+09:00,64414221.54701745
2025-01-08 13:12:00+09:00,64414221.54701745
2025-01-08 13:13:00+09:00,64414221.54701745
2025-01-08 13:14:00+09:00,64414221.54701745
2025-01-08 13:15:00+09:00,64388455.858398646
2025-01-08 13:16:00+09:00,64388455.858398646
2025-01-08 13:17:00+09:00,64388455.858398646
2025-01-08 13:18:00+09:00,64501220.229429126
2025-01-08 13:19:00+09:00,64501220.229429126
2025-01-08 13:20:00+09:00,64501220.229429126
2025-01-08 13:21:00+09:00,64388455.85839865
2025-01-08 13:22:00+09:00,64388455.85839865
2025-01-08 13:23:00+09:00,64388455.85839865
2025-01-08 13:24:00+09:00,64501220.22942913
2025-01-08 13:25:00+09:00,64388455.85839866
2025-01-08 13:26:00+09:00,64388455.85839866
2025-01-08 13:27:00+09:00,64501220.22942914
2025-01-08 13:28:00+09:00,64501220.22942914
2025-01-08 13:29:00+09:00,64388455.85839867
2025-01-08 13:30:00+09:00,64501220.22942915
2025-01-08 13:31:00+09:00,64388455.858398676
2025-01-08 13:32:00+09:00,64501220.229429156
2025-01-08 13:33:00+09:00,64388455.85839868
2025-01-08 13:34:00+09:00,64501220.22942916
2025-01-08 13:35:00+09:00,64214607.027581014
2025-01-08 13:36:00+09:00,64214607.027581014
2025-01-08 13:37:00+09:00,64214607.027581014
2025-01-08 13:38:00+09:00,64214607.027581014
2025-01-08 13:39:00+09:00,64214607.027581014
2025-01-08 13:40:00+09:00,64214607.027581014
2025-01-08 13:41:00+09:00,64214607.027581014
2025-01-08 13:42:00+09:00,64214607.027581014
2025-01-08 13:43:00+09:00,64214607.027581014
2025-01-08 13:44:00+09:00,64214607.027581014
2025-01-08 13:45:00+09:00,64214607.027581014
2025-01-08 13:46:00+09:00,64188921.18476998
2025-01-08 13:47:00+09:00,64188921.18476998
2025-01-08 13:48:00+09:00,64127722.50054408
2025-01-08 13:49:00+09:00,64127722.50054408
2025-01-08 13:50:00+09:00,64127722.50054408
2025-01-08 13:51:00+09:00,64127722.50054408
2025-01-08 13:52:00+09:00,64127722.50054408
2025-01-08 13:53:00+09:00,64127722.50054408
2025-01-08 13:54:00+09:00,64127722.50054408
2025-01-08 13:55:00+09:00,64127722.50054408
2025-01-08 13:56:00+09:00,64127722.50054408
2025-01-08 13:57:00+09:00,64127722.50054408
2025-01-08 13:58:00+09:00,64127722.50054408
2025-01-08 13:59:00+09:00,64127722.50054408
2025-01-08 14:00:00+09:00,64127722.50054408
2025-01-08 14:01:00+09:00,64127722.50054408
2025-01-08 14:02:00+09:00,64127722.50054408
2025-01-08 14:03:00+09:00,64127722.50054408
2025-01-08 14:04:00+09:00,64127722.50054408
2025-01-08 14:05:00+09:00,64127722.50054408
2025-01-08 14:06:00+09:00,64127722.50054408
2025-01-08 14:07:00+09:00,64127722.50054408
2025-01-08 14:08:00+09:00,64102071.41154386
2025-01-08 14:09:00+09:00,64102071.41154386
2025-01-08 14:10:00+09:00,64102071.41154386
2025-01-08 14:11:00+09:00,63990200.431768045
2025-01-08 14:12:00+09:00,64102071.41154386
2025-01-08 14:13:00+09:00,63990200.431768045
2025-01-08 14:14:00+09:00,64102071.41154386
2025-01-08 14:15:00+09:00,64102071.41154386
2025-01-08 14:16:00+09:00,63990200.431768045
2025-01-08 14:17:00+09:00,64102071.41154386
2025-01-08 14:18:00+09:00,64102071.41154386
2025-01-08 14:19:00+09:00,64102071.41154386
2025-01-08 14:20:00+09:00,64102071.41154386
2025-01-08 14:21:00+09:00,64102071.41154386
2025-01-08 14:22:00+09:00,64102071.41154386
2025-01-08 14:23:00+09:00,63990200.431768045
2025-01-08 14:24:00+09:00,63990200.431768045
2025-01-08 14:25:00+09:00,64102071.41154386
2025-01-08 14:26:00+09:00,64102071.41154386
2025-01-08 14:27:00+09:00,64102071.41154386
2025-01-08 14:28:00+09:00,64102071.41154386
2025-01-08 14:29:00+09:00,64102071.41154386
2025-01-08 14:30:00+09:00,64102071.41154386
2025-01-08 14:31:00+09:00,64102071.41154386
2025-01-08 14:32:00+09:00,64102071.41154386
2025-01-08 14:33:00+09:00,64102071.41154386
2025-01-08 14:34:00+09:00,64213942.39131968
2025-01-08 14:35:00+09:00,64213942.39131968
2025-01-08 14:36:00+09:00,64102071.41154386
2025-01-08 14:37:00+09:00,64102071.41154386
2025-01-08 14:38:00+09:00,63990200.431768045
2025-01-08 14:39:00+09:00,63990200.431768045
2025-01-08 14:40:00+09:00,64040564.74686312
2025-01-08 14:41:00+09:00,64040564.74686312
2025-01-08 14:42:00+09:00,64040564.74686312
2025-01-08 14:43:00+09:00,64040564.74686312
2025-01-08 14:44:00+09:00,64040564.74686312
2025-01-08 14:45:00+09:00,64040564.74686312
2025-01-08 14:46:00+09:00,64040564.74686312
2025-01-08 14:47:00+09:00,64040564.74686312
2025-01-08 14:48:00+09:00,64040564.74686312
2025-01-08 14:49:00+09:00,64040564.74686312
2025-01-08 14:50:00+09:00,64040564.74686312
2025-01-08 14:51:00+09:00,64014948.52096438
2025-01-08 14:52:00+09:00,64014948.52096438
2025-01-08 14:53:00+09:00,64014948.52096438
2025-01-08 14:54:00+09:00,63903424.220405206
2025-01-08 14:55:00+09:00,64014948.52096438
2025-01-08 14:56:00+09:00,64126472.821523555
2025-01-08 14:57:00+09:00,64014948.520964384
2025-01-08 14:58:00+09:00,64126472.82152356
2025-01-08 14:59:00+09:00,64126472.82152356
2025-01-08 15:00:00+09:00,64126472.82152356
2025-01-08 15:01:00+09:00,64126472.82152356
2025-01-08 15:02:00+09:00,64014948.52096439
2025-01-08 15:03:00+09:00,64126472.82152357
2025-01-08 15:04:00+09:00,64014948.5209644
2025-01-08 15:05:00+09:00,64126472.82152358
2025-01-08 15:06:00+09:00,63903424.22040523
2025-01-08 15:07:00+09:00,63791899.91984606
2025-01-08 15:08:00+09:00,63730884.97501013
2025-01-08 15:09:00+09:00,63730884.97501013
2025-01-08 15:10:00+09:00,63730884.97501013
2025-01-08 15:11:00+09:00,63730884.97501013
2025-01-08 15:12:00+09:00,63730884.97501013
2025-01-08 15:13:00+09:00,63730884.97501013
2025-01-08 15:14:00+09:00,63730884.97501013
2025-01-08 15:15:00+09:00,63730884.97501013
2025-01-08 15:16:00+09:00,63730884.97501013
2025-01-08 15:17:00+09:00,63730884.97501013
2025-01-08 15:18:00+09:00,63730884.97501013
2025-01-08 15:19:00+09:00,63730884.97501013
2025-01-08 15:30:00+09:00,63730884.97501013
2025-01-08 15:35:00+09:00,63730884.97501013
2025-01-09 09:00:00+09:00,63730884.97501013
2025-01-09 09:01:00+09:00,63730884.97501013
2025-01-09 09:02:00+09:00,63730884.97501013
2025-01-09 09:03:00+09:00,63730884.97501013
2025-01-09 09:04:00+09:00,63730884.97501013
2025-01-09 09:05:00+09:00,63730884.97501013
2025-01-09 09:06:00+09:00,63730884.97501013
2025-01-09 09:07:00+09:00,63730884.97501013
2025-01-09 09:08:00+09:00,63730884.97501013
2025-01-09 09:09:00+09:00,63730884.97501013
2025-01-09 09:10:00+09:00,63730884.97501013
2025-01-09 09:11:00+09:00,63730884.97501013
2025-01-09 09:12:00+09:00,63730884.97501013
2025-01-09 09:13:00+09:00,63730884.97501013
2025-01-09 09:14:00+09:00,63730884.97501013
2025-01-09 09:15:00+09:00,63730884.97501013
2025-01-09 09:16:00+09:00,63730884.97501013
2025-01-09 09:17:00+09:00,63730884.97501013
2025-01-09 09:18:00+09:00,63730884.97501013
2025-01-09 09:19:00+09:00,63730884.97501013
2025-01-09 09:20:00+09:00,63730884.97501013
2025-01-09 09:21:00+09:00,63730884.97501013
2025-01-09 09:22:00+09:00,63730884.97501013
2025-01-09 09:23:00+09:00,63730884.97501013
2025-01-09 09:24:00+09:00,63730884.97501013
2025-01-09 09:25:00+09:00,63730884.97501013
2025-01-09 09:26:00+09:00,63730884.97501013
2025-01-09 09:27:00+09:00,63730884.97501013
2025-01-09 09:28:00+09:00,63730884.97501013
2025-01-09 09:29:00+09:00,63730884.97501013
2025-01-09 09:30:00+09:00,63730884.97501013
2025-01-09 09:31:00+09:00,63730884.97501013
2025-01-09 09:32:00+09:00,63730884.97501013
2025-01-09 09:33:00+09:00,63730884.97501013
2025-01-09 09:34:00+09:00,63730884.97501013
2025-01-09 09:35:00+09:00,63705392.62102012
2025-01-09 09:36:00+09:00,63422315.704193465
2025-01-09 09:37:00+09:00,63422315.704193465
2025-01-09 09:38:00+09:00,63422315.704193465
2025-01-09 09:39:00+09:00,63422315.704193465
2025-01-09 09:40:00+09:00,63422315.704193465
2025-01-09 09:41:00+09:00,63422315.704193465
2025-01-09 09:42:00+09:00,63422315.704193465
2025-01-09 09:43:00+09:00,63422315.704193465
2025-01-09 09:44:00+09:00,63422315.704193465
2025-01-09 09:45:00+09:00,63422315.704193465
2025-01-09 09:46:00+09:00,63422315.704193465
2025-01-09 09:47:00+09:00,63422315.704193465
2025-01-09 09:48:00+09:00,63422315.704193465
2025-01-09 09:49:00+09:00,63422315.704193465
2025-01-09 09:50:00+09:00,63422315.704193465
2025-01-09 09:51:00+09:00,63422315.704193465
2025-01-09 09:52:00+09:00,63422315.704193465
2025-01-09 09:53:00+09:00,63422315.704193465
2025-01-09 09:54:00+09:00,63422315.704193465
2025-01-09 09:55:00+09:00,63422315.704193465
2025-01-09 09:56:00+09:00,63422315.704193465
2025-01-09 09:57:00+09:00,63422315.704193465
2025-01-09 09:58:00+09:00,63422315.704193465
2025-01-09 09:59:00+09:00,63422315.704193465
2025-01-09 10:00:00+09:00,63422315.704193465
2025-01-09 10:01:00+09:00,63422315.704193465
2025-01-09 10:02:00+09:00,63422315.704193465
2025-01-09 10:03:00+09:00,63422315.704193465
2025-01-09 10:04:00+09:00,63422315.704193465
2025-01-09 10:05:00+09:00,63422315.704193465
2025-01-09 10:06:00+09:00,63422315.704193465
2025-01-09 10:07:00+09:00,63422315.704193465
2025-01-09 10:08:00+09:00,63422315.704193465
2025-01-09 10:09:00+09:00,63422315.704193465
2025-01-09 10:10:00+09:00,63422315.704193465
2025-01-09 10:11:00+09:00,63422315.704193465
2025-01-09 10:12:00+09:00,63422315.704193465
2025-01-09 10:13:00+09:00,63422315.704193465
2025-01-09 10:14:00+09:00,63422315.704193465
2025-01-09 10:15:00+09:00,63422315.704193465
2025-01-09 10:16:00+09:00,63422315.704193465
2025-01-09 10:17:00+09:00,63422315.704193465
2025-01-09 10:18:00+09:00,63422315.704193465
2025-01-09 10:19:00+09:00,63422315.704193465
2025-01-09 10:20:00+09:00,63422315.704193465
2025-01-09 10:21:00+09:00,63422315.704193465
2025-01-09 10:22:00+09:00,63422315.704193465
2025-01-09 10:23:00+09:00,63422315.704193465
2025-01-09 10:24:00+09:00,63422315.704193465
2025-01-09 10:25:00+09:00,63422315.704193465
2025-01-09 10:26:00+09:00,63422315.704193465
2025-01-09 10:27:00+09:00,63422315.704193465
2025-01-09 10:28:00+09:00,63422315.704193465
2025-01-09 10:29:00+09:00,63422315.704193465
2025-01-09 10:30:00+09:00,63422315.704193465
2025-01-09 10:31:00+09:00,63422315.704193465
2025-01-09 10:32:00+09:00,63422315.704193465
2025-01-09 10:33:00+09:00,63422315.704193465
2025-01-09 10:34:00+09:00,63422315.704193465
2025-01-09 10:35:00+09:00,63422315.704193465
2025-01-09 10:36:00+09:00,63422315.704193465
2025-01-09 10:37:00+09:00,63422315.704193465
2025-01-09 10:38:00+09:00,63422315.704193465
2025-01-09 10:39:00+09:00,63422315.704193465
2025-01-09 10:40:00+09:00,63422315.704193465
2025-01-09 10:41:00+09:00,63422315.704193465
2025-01-09 10:42:00+09:00,63422315.704193465
2025-01-09 10:43:00+09:00,63422315.704193465
2025-01-09 10:44:00+09:00,63422315.704193465
2025-01-09 10:45:00+09:00,63422315.704193465
2025-01-09 10:46:00+09:00,63422315.704193465
2025-01-09 10:47:00+09:00,63422315.704193465
2025-01-09 10:48:00+09:00,63422315.704193465
2025-01-09 10:49:00+09:00,63422315.704193465
2025-01-09 10:50:00+09:00,63422315.704193465
2025-01-09 10:51:00+09:00,63422315.704193465
2025-01-09 10:52:00+09:00,63422315.704193465
2025-01-09 10:53:00+09:00,63422315.704193465
2025-01-09 10:54:00+09:00,63422315.704193465
2025-01-09 10:55:00+09:00,63422315.704193465
2025-01-09 10:56:00+09:00,63422315.704193465
2025-01-09 10:57:00+09:00,63396946.77791179
2025-01-09 10:58:00+09:00,63396946.77791179
2025-01-09 10:59:00+09:00,63396946.77791179
2025-01-09 11:00:00+09:00,63396946.77791179
2025-01-09 11:01:00+09:00,63396946.77791179
2025-01-09 11:02:00+09:00,63396946.77791179
2025-01-09 11:03:00+09:00,63286112.95487348
2025-01-09 11:04:00+09:00,63396946.77791179
2025-01-09 11:05:00+09:00,63396946.77791179
2025-01-09 11:06:00+09:00,63396946.77791179
2025-01-09 11:07:00+09:00,63396946.77791179
2025-01-09 11:08:00+09:00,63396946.77791179
2025-01-09 11:09:00+09:00,63286112.95487348
2025-01-09 11:10:00+09:00,63396946.77791179
2025-01-09 11:11:00+09:00,63396946.77791179
2025-01-09 11:12:00+09:00,63286112.95487348
2025-01-09 11:13:00+09:00,63286112.95487348
2025-01-09 11:14:00+09:00,63396946.77791179
2025-01-09 11:15:00+09:00,63396946.77791179
2025-01-09 11:16:00+09:00,63396946.77791179
2025-01-09 11:17:00+09:00,63396946.77791179
2025-01-09 11:18:00+09:00,63396946.77791179
2025-01-09 11:19:00+09:00,63507780.60095009
2025-01-09 11:20:00+09:00,63396946.77791178
2025-01-09 11:21:00+09:00,63507780.600950085
2025-01-09 11:22:00+09:00,63507780.600950085
2025-01-09 11:23:00+09:00,63396946.777911775
2025-01-09 11:24:00+09:00,63507780.60095008
2025-01-09 11:25:00+09:00,63507780.60095008
2025-01-09 11:26:00+09:00,63507780.60095008
2025-01-09 11:27:00+09:00,63396946.77791177
2025-01-09 11:28:00+09:00,63507780.60095007
2025-01-09 11:29:00+09:00,63396946.77791176
2025-01-09 11:30:00+09:00,63396946.77791176
2025-01-09 11:31:00+09:00,63507780.60095006
2025-01-09 11:32:00+09:00,63396946.77791175
2025-01-09 11:33:00+09:00,63396946.77791175
2025-01-09 11:34:00+09:00,63507780.600950055
2025-01-09 11:35:00+09:00,63507780.600950055
2025-01-09 11:36:00+09:00,63507780.600950055
2025-01-09 11:37:00+09:00,63507780.600950055
2025-01-09 11:38:00+09:00,63507780.600950055
2025-01-09 11:39:00+09:00,63507780.600950055
2025-01-09 11:40:00+09:00,63507780.600950055
2025-01-09 11:41:00+09:00,63507780.600950055
2025-01-09 11:42:00+09:00,63507780.600950055
2025-01-09 11:43:00+09:00,63507780.600950055
2025-01-09 11:44:00+09:00,63507780.600950055
2025-01-09 11:45:00+09:00,63396946.777911745
2025-01-09 11:46:00+09:00,63286112.954873435
2025-01-09 11:47:00+09:00,63115240.44989528
2025-01-09 11:48:00+09:00,63115240.44989528
2025-01-09 11:49:00+09:00,63115240.44989528
2025-01-09 11:50:00+09:00,63115240.44989528
2025-01-09 11:51:00+09:00,63115240.44989528
2025-01-09 11:52:00+09:00,63115240.44989528
2025-01-09 11:53:00+09:00,63115240.44989528
2025-01-09 11:54:00+09:00,63115240.44989528
2025-01-09 11:55:00+09:00,63115240.44989528
2025-01-09 11:56:00+09:00,63115240.44989528
2025-01-09 11:57:00+09:00,63115240.44989528
2025-01-09 11:58:00+09:00,63115240.44989528
2025-01-09 11:59:00+09:00,63115240.44989528
2025-01-09 12:00:00+09:00,63115240.44989528
2025-01-09 12:01:00+09:00,63115240.44989528
2025-01-09 12:02:00+09:00,63115240.44989528
2025-01-09 12:03:00+09:00,63115240.44989528
2025-01-09 12:04:00+09:00,63115240.44989528
2025-01-09 12:05:00+09:00,63115240.44989528
2025-01-09 12:06:00+09:00,63115240.44989528
2025-01-09 12:07:00+09:00,63115240.44989528
2025-01-09 12:08:00+09:00,63115240.44989528
2025-01-09 12:09:00+09:00,63115240.44989528
2025-01-09 12:10:00+09:00,63115240.44989528
2025-01-09 12:11:00+09:00,63115240.44989528
2025-01-09 12:12:00+09:00,63115240.44989528
2025-01-09 12:13:00+09:00,63115240.44989528
2025-01-09 12:14:00+09:00,63115240.44989528
2025-01-09 12:15:00+09:00,63115240.44989528
2025-01-09 12:16:00+09:00,63115240.44989528
2025-01-09 12:17:00+09:00,63115240.44989528
2025-01-09 12:18:00+09:00,63115240.44989528
2025-01-09 12:19:00+09:00,63115240.44989528
2025-01-09 12:20:00+09:00,63115240.44989528
2025-01-09 12:21:00+09:00,63115240.44989528
2025-01-09 12:22:00+09:00,63115240.44989528
2025-01-09 12:23:00+09:00,63115240.44989528
2025-01-09 12:24:00+09:00,63115240.44989528
2025-01-09 12:25:00+09:00,63115240.44989528
2025-01-09 12:26:00+09:00,63115240.44989528
2025-01-09 12:27:00+09:00,63115240.44989528
2025-01-09 12:28:00+09:00,63115240.44989528
2025-01-09 12:29:00+09:00,63115240.44989528
2025-01-09 12:30:00+09:00,63115240.44989528
2025-01-09 12:31:00+09:00,63115240.44989528
2025-01-09 12:32:00+09:00,63115240.44989528
2025-01-09 12:33:00+09:00,63115240.44989528
2025-01-09 12:34:00+09:00,63115240.44989528
2025-01-09 12:35:00+09:00,63115240.44989528
2025-01-09 12:36:00+09:00,63115240.44989528
2025-01-09 12:37:00+09:00,63115240.44989528
2025-01-09 12:38:00+09:00,63089994.35371532
2025-01-09 12:39:00+09:00,63089994.35371532
2025-01-09 12:40:00+09:00,63089994.35371532
2025-01-09 12:41:00+09:00,62869399.967863165
2025-01-09 12:42:00+09:00,62979697.160789244
2025-01-09 12:43:00+09:00,62699652.58794994
2025-01-09 12:44:00+09:00,62699652.58794994
2025-01-09 12:45:00+09:00,62699652.58794994
2025-01-09 12:46:00+09:00,62699652.58794994
2025-01-09 12:47:00+09:00,62699652.58794994
2025-01-09 12:48:00+09:00,62699652.58794994
2025-01-09 12:49:00+09:00,62699652.58794994
2025-01-09 12:50:00+09:00,62699652.58794994
2025-01-09 12:51:00+09:00,62699652.58794994
2025-01-09 12:52:00+09:00,62699652.58794994
2025-01-09 12:53:00+09:00,62699652.58794994
2025-01-09 12:54:00+09:00,62699652.58794994
2025-01-09 12:55:00+09:00,62699652.58794994
2025-01-09 12:56:00+09:00,62699652.58794994
2025-01-09 12:57:00+09:00,62699652.58794994
2025-01-09 12:58:00+09:00,62699652.58794994
2025-01-09 12:59:00+09:00,62699652.58794994
2025-01-09 13:00:00+09:00,62699652.58794994
2025-01-09 13:01:00+09:00,62699652.58794994
2025-01-09 13:02:00+09:00,62699652.58794994
2025-01-09 13:03:00+09:00,62699652.58794994
2025-01-09 13:04:00+09:00,62699652.58794994
2025-01-09 13:05:00+09:00,62699652.58794994
2025-01-09 13:06:00+09:00,62699652.58794994
2025-01-09 13:07:00+09:00,62699652.58794994
2025-01-09 13:08:00+09:00,62699652.58794994
2025-01-09 13:09:00+09:00,62699652.58794994
2025-01-09 13:10:00+09:00,62699652.58794994
2025-01-09 13:11:00+09:00,62699652.58794994
2025-01-09 13:12:00+09:00,62699652.58794994
2025-01-09 13:13:00+09:00,62699652.58794994
2025-01-09 13:14:00+09:00,62699652.58794994
2025-01-09 13:15:00+09:00,62699652.58794994
2025-01-09 13:16:00+09:00,62699652.58794994
2025-01-09 13:17:00+09:00,62699652.58794994
2025-01-09 13:18:00+09:00,62699652.58794994
2025-01-09 13:19:00+09:00,62699652.58794994
2025-01-09 13:20:00+09:00,62699652.58794994
2025-01-09 13:21:00+09:00,62699652.58794994
2025-01-09 13:22:00+09:00,62699652.58794994
2025-01-09 13:23:00+09:00,62699652.58794994
2025-01-09 13:24:00+09:00,62699652.58794994
2025-01-09 13:25:00+09:00,62699652.58794994
2025-01-09 13:26:00+09:00,62699652.58794994
2025-01-09 13:27:00+09:00,62699652.58794994
2025-01-09 13:28:00+09:00,62699652.58794994
2025-01-09 13:29:00+09:00,62699652.58794994
2025-01-09 13:30:00+09:00,62699652.58794994
2025-01-09 13:31:00+09:00,62699652.58794994
2025-01-09 13:32:00+09:00,62699652.58794994
2025-01-09 13:33:00+09:00,62699652.58794994
2025-01-09 13:34:00+09:00,62699652.58794994
2025-01-09 13:35:00+09:00,62699652.58794994
2025-01-09 13:36:00+09:00,62699652.58794994
2025-01-09 13:37:00+09:00,62699652.58794994
2025-01-09 13:38:00+09:00,62699652.58794994
2025-01-09 13:39:00+09:00,62699652.58794994
2025-01-09 13:40:00+09:00,62699652.58794994
2025-01-09 13:41:00+09:00,62699652.58794994
2025-01-09 13:42:00+09:00,62699652.58794994
2025-01-09 13:43:00+09:00,62699652.58794994
2025-01-09 13:44:00+09:00,62699652.58794994
2025-01-09 13:45:00+09:00,62699652.58794994
2025-01-09 13:46:00+09:00,62699652.58794994
2025-01-09 13:47:00+09:00,62699652.58794994
2025-01-09 13:48:00+09:00,62699652.58794994
2025-01-09 13:49:00+09:00,62699652.58794994
2025-01-09 13:50:00+09:00,62699652.58794994
2025-01-09 13:51:00+09:00,62699652.58794994
2025-01-09 13:52:00+09:00,62699652.58794994
2025-01-09 13:53:00+09:00,62699652.58794994
2025-01-09 13:54:00+09:00,62699652.58794994
2025-01-09 13:55:00+09:00,62699652.58794994
2025-01-09 13:56:00+09:00,62699652.58794994
2025-01-09 13:57:00+09:00,62699652.58794994
2025-01-09 13:58:00+09:00,62699652.58794994
2025-01-09 13:59:00+09:00,62699652.58794994
2025-01-09 14:00:00+09:00,62699652.58794994
2025-01-09 14:01:00+09:00,62699652.58794994
2025-01-09 14:02:00+09:00,62699652.58794994
2025-01-09 14:03:00+09:00,62699652.58794994
2025-01-09 14:04:00+09:00,62699652.58794994
2025-01-09 14:05:00+09:00,62699652.58794994
2025-01-09 14:06:00+09:00,62699652.58794994
2025-01-09 14:07:00+09:00,62699652.58794994
2025-01-09 14:08:00+09:00,62699652.58794994
2025-01-09 14:09:00+09:00,62699652.58794994
2025-01-09 14:10:00+09:00,62699652.58794994
2025-01-09 14:11:00+09:00,62674572.72691476
2025-01-09 14:12:00+09:00,62674572.72691476
2025-01-09 14:13:00+09:00,62785305.187563024
2025-01-09 14:14:00+09:00,62674572.72691476
2025-01-09 14:15:00+09:00,62674572.72691476
2025-01-09 14:16:00+09:00,62785305.187563024
2025-01-09 14:17:00+09:00,62785305.187563024
2025-01-09 14:18:00+09:00,62785305.187563024
2025-01-09 14:19:00+09:00,62674572.72691476
2025-01-09 14:20:00+09:00,62674572.72691476
2025-01-09 14:21:00+09:00,62785305.187563024
2025-01-09 14:22:00+09:00,62785305.187563024
2025-01-09 14:23:00+09:00,62896037.64821128
2025-01-09 14:24:00+09:00,62785305.18756302
2025-01-09 14:25:00+09:00,62785305.18756302
2025-01-09 14:26:00+09:00,62896037.64821127
2025-01-09 14:27:00+09:00,62785305.18756301
2025-01-09 14:28:00+09:00,62785305.18756301
2025-01-09 14:29:00+09:00,62785305.18756301
2025-01-09 14:30:00+09:00,62785305.18756301
2025-01-09 14:31:00+09:00,62674572.72691475
2025-01-09 14:32:00+09:00,62785305.18756301
2025-01-09 14:33:00+09:00,62674572.72691475
2025-01-09 14:34:00+09:00,62674572.72691475
2025-01-09 14:35:00+09:00,62674572.72691475
2025-01-09 14:36:00+09:00,62785305.18756301
2025-01-09 14:37:00+09:00,62785305.18756301
2025-01-09 14:38:00+09:00,62785305.18756301
2025-01-09 14:39:00+09:00,62785305.18756301
2025-01-09 14:40:00+09:00,62785305.18756301
2025-01-09 14:41:00+09:00,62674572.72691475
2025-01-09 14:42:00+09:00,62785305.18756301
2025-01-09 14:43:00+09:00,62615784.863556586
2025-01-09 14:44:00+09:00,62615784.863556586
2025-01-09 14:45:00+09:00,62615784.863556586
2025-01-09 14:46:00+09:00,62615784.863556586
2025-01-09 14:47:00+09:00,62615784.863556586
2025-01-09 14:48:00+09:00,62615784.863556586
2025-01-09 14:49:00+09:00,62615784.863556586
2025-01-09 14:50:00+09:00,62615784.863556586
2025-01-09 14:51:00+09:00,62615784.863556586
2025-01-09 14:52:00+09:00,62615784.863556586
2025-01-09 14:53:00+09:00,62615784.863556586
2025-01-09 14:54:00+09:00,62590738.549611166
2025-01-09 14:55:00+09:00,62590738.549611166
2025-01-09 14:56:00+09:00,62590738.549611166
2025-01-09 14:57:00+09:00,62590738.549611166
2025-01-09 14:58:00+09:00,62480543.58737593
2025-01-09 14:59:00+09:00,62480543.58737593
2025-01-09 15:00:00+09:00,62480543.58737593
2025-01-09 15:01:00+09:00,62370348.6251407
2025-01-09 15:02:00+09:00,62149958.700670235
2025-01-09 15:03:00+09:00,62092051.24801561
2025-01-09 15:04:00+09:00,62092051.24801561
2025-01-09 15:05:00+09:00,62092051.24801561
2025-01-09 15:06:00+09:00,62092051.24801561
2025-01-09 15:07:00+09:00,62092051.24801561
2025-01-09 15:08:00+09:00,62092051.24801561
2025-01-09 15:09:00+09:00,62092051.24801561
2025-01-09 15:10:00+09:00,62092051.24801561
2025-01-09 15:11:00+09:00,62092051.24801561
2025-01-09 15:12:00+09:00,62092051.24801561
2025-01-09 15:13:00+09:00,62092051.24801561
2025-01-09 15:14:00+09:00,62092051.24801561
2025-01-09 15:15:00+09:00,62092051.24801561
2025-01-09 15:16:00+09:00,62092051.24801561
2025-01-09 15:17:00+09:00,62092051.24801561
2025-01-09 15:18:00+09:00,62092051.24801561
2025-01-09 15:19:00+09:00,62092051.24801561
2025-01-09 15:30:00+09:00,62092051.24801561
2025-01-09 15:35:00+09:00,62092051.24801561
2025-01-10 09:00:00+09:00,62092051.24801561
2025-01-10 09:01:00+09:00,62092051.24801561
2025-01-10 09:02:00+09:00,62092051.24801561
2025-01-10 09:03:00+09:00,62092051.24801561
2025-01-10 09:04:00+09:00,62092051.24801561
2025-01-10 09:05:00+09:00,62092051.24801561
2025-01-10 09:06:00+09:00,62092051.24801561
2025-01-10 09:07:00+09:00,62092051.24801561
2025-01-10 09:08:00+09:00,62092051.24801561
2025-01-10 09:09:00+09:00,62092051.24801561
2025-01-10 09:10:00+09:00,62092051.24801561
2025-01-10 09:11:00+09:00,62092051.24801561
2025-01-10 09:12:00+09:00,62092051.24801561
2025-01-10 09:13:00+09:00,62092051.24801561
2025-01-10 09:14:00+09:00,62092051.24801561
2025-01-10 09:15:00+09:00,62092051.24801561
2025-01-10 09:16:00+09:00,62092051.24801561
2025-01-10 09:17:00+09:00,62092051.24801561
2025-01-10 09:18:00+09:00,62092051.24801561
2025-01-10 09:19:00+09:00,62092051.24801561
2025-01-10 09:20:00+09:00,62092051.24801561
2025-01-10 09:21:00+09:00,62092051.24801561
2025-01-10 09:22:00+09:00,62092051.24801561
2025-01-10 09:23:00+09:00,62092051.24801561
2025-01-10 09:24:00+09:00,62092051.24801561
2025-01-10 09:25:00+09:00,62092051.24801561
2025-01-10 09:26:00+09:00,62092051.24801561
2025-01-10 09:27:00+09:00,62092051.24801561
2025-01-10 09:28:00+09:00,62092051.24801561
2025-01-10 09:29:00+09:00,62092051.24801561
2025-01-10 09:30:00+09:00,62092051.24801561
2025-01-10 09:31:00+09:00,62092051.24801561
2025-01-10 09:32:00+09:00,62092051.24801561
2025-01-10 09:33:00+09:00,62092051.24801561
2025-01-10 09:34:00+09:00,62092051.24801561
2025-01-10 09:35:00+09:00,62092051.24801561
2025-01-10 09:36:00+09:00,62092051.24801561
2025-01-10 09:37:00+09:00,62092051.24801561
2025-01-10 09:38:00+09:00,62092051.24801561
2025-01-10 09:39:00+09:00,62092051.24801561
2025-01-10 09:40:00+09:00,62092051.24801561
2025-01-10 09:41:00+09:00,62092051.24801561
2025-01-10 09:42:00+09:00,62092051.24801561
2025-01-10 09:43:00+09:00,62092051.24801561
2025-01-10 09:44:00+09:00,62092051.24801561
2025-01-10 09:45:00+09:00,62092051.24801561
2025-01-10 09:46:00+09:00,62092051.24801561
2025-01-10 09:47:00+09:00,62092051.24801561
2025-01-10 09:48:00+09:00,62092051.24801561
2025-01-10 09:49:00+09:00,62092051.24801561
2025-01-10 09:50:00+09:00,62092051.24801561
2025-01-10 09:51:00+09:00,62092051.24801561
2025-01-10 09:52:00+09:00,62092051.24801561
2025-01-10 09:53:00+09:00,62092051.24801561
2025-01-10 09:54:00+09:00,62092051.24801561
2025-01-10 09:55:00+09:00,62092051.24801561
2025-01-10 09:56:00+09:00,62092051.24801561
2025-01-10 09:57:00+09:00,62092051.24801561
2025-01-10 09:58:00+09:00,62092051.24801561
2025-01-10 09:59:00+09:00,62092051.24801561
2025-01-10 10:00:00+09:00,62092051.24801561
2025-01-10 10:01:00+09:00,62092051.24801561
2025-01-10 10:02:00+09:00,62092051.24801561
2025-01-10 10:03:00+09:00,62092051.24801561
2025-01-10 10:04:00+09:00,62092051.24801561
2025-01-10 10:05:00+09:00,62092051.24801561
2025-01-10 10:06:00+09:00,62092051.24801561
2025-01-10 10:07:00+09:00,62092051.24801561
2025-01-10 10:08:00+09:00,62092051.24801561
2025-01-10 10:09:00+09:00,62092051.24801561
2025-01-10 10:10:00+09:00,62092051.24801561
2025-01-10 10:11:00+09:00,62092051.24801561
2025-01-10 10:12:00+09:00,62092051.24801561
2025-01-10 10:13:00+09:00,62092051.24801561
2025-01-10 10:14:00+09:00,62092051.24801561
2025-01-10 10:15:00+09:00,62092051.24801561
2025-01-10 10:16:00+09:00,62092051.24801561
2025-01-10 10:17:00+09:00,62092051.24801561
2025-01-10 10:18:00+09:00,62092051.24801561
2025-01-10 10:19:00+09:00,62092051.24801561
2025-01-10 10:20:00+09:00,62092051.24801561
2025-01-10 10:21:00+09:00,62092051.24801561
2025-01-10 10:22:00+09:00,62092051.24801561
2025-01-10 10:23:00+09:00,62092051.24801561
2025-01-10 10:24:00+09:00,62092051.24801561
2025-01-10 10:25:00+09:00,62092051.24801561
2025-01-10 10:26:00+09:00,62092051.24801561
2025-01-10 10:27:00+09:00,62092051.24801561
2025-01-10 10:28:00+09:00,62092051.24801561
2025-01-10 10:29:00+09:00,62092051.24801561
2025-01-10 10:30:00+09:00,62092051.24801561
2025-01-10 10:31:00+09:00,62067214.42751641
2025-01-10 10:32:00+09:00,62011365.13799995
2025-01-10 10:33:00+09:00,62011365.13799995
2025-01-10 10:34:00+09:00,62011365.13799995
2025-01-10 10:35:00+09:00,62011365.13799995
2025-01-10 10:36:00+09:00,62011365.13799995
2025-01-10 10:37:00+09:00,62011365.13799995
2025-01-10 10:38:00+09:00,62011365.13799995
2025-01-10 10:39:00+09:00,62011365.13799995
2025-01-10 10:40:00+09:00,62011365.13799995
2025-01-10 10:41:00+09:00,62011365.13799995
2025-01-10 10:42:00+09:00,62011365.13799995
2025-01-10 10:43:00+09:00,62011365.13799995
2025-01-10 10:44:00+09:00,62011365.13799995
2025-01-10 10:45:00+09:00,62011365.13799995
2025-01-10 10:46:00+09:00,62011365.13799995
2025-01-10 10:47:00+09:00,62011365.13799995
2025-01-10 10:48:00+09:00,62011365.13799995
2025-01-10 10:49:00+09:00,62011365.13799995
2025-01-10 10:50:00+09:00,62011365.13799995
2025-01-10 10:51:00+09:00,62011365.13799995
2025-01-10 10:52:00+09:00,62011365.13799995
2025-01-10 10:53:00+09:00,62011365.13799995
2025-01-10 10:54:00+09:00,62011365.13799995
2025-01-10 10:55:00+09:00,62011365.13799995
2025-01-10 10:56:00+09:00,62011365.13799995
2025-01-10 10:57:00+09:00,62011365.13799995
2025-01-10 10:58:00+09:00,62011365.13799995
2025-01-10 10:59:00+09:00,62011365.13799995
2025-01-10 11:00:00+09:00,62011365.13799995
2025-01-10 11:01:00+09:00,62011365.13799995
2025-01-10 11:02:00+09:00,62011365.13799995
2025-01-10 11:03:00+09:00,62011365.13799995
2025-01-10 11:04:00+09:00,62011365.13799995
2025-01-10 11:05:00+09:00,62011365.13799995
2025-01-10 11:06:00+09:00,62011365.13799995
2025-01-10 11:07:00+09:00,62011365.13799995
2025-01-10 11:08:00+09:00,62011365.13799995
2025-01-10 11:09:00+09:00,62011365.13799995
2025-01-10 11:10:00+09:00,62011365.13799995
2025-01-10 11:11:00+09:00,62011365.13799995
2025-01-10 11:12:00+09:00,62011365.13799995
2025-01-10 11:13:00+09:00,62011365.13799995
2025-01-10 11:14:00+09:00,62011365.13799995
2025-01-10 11:15:00+09:00,62011365.13799995
2025-01-10 11:16:00+09:00,62011365.13799995
2025-01-10 11:17:00+09:00,62011365.13799995
2025-01-10 11:18:00+09:00,62011365.13799995
2025-01-10 11:19:00+09:00,62011365.13799995
2025-01-10 11:20:00+09:00,62011365.13799995
2025-01-10 11:21:00+09:00,62011365.13799995
2025-01-10 11:22:00+09:00,62011365.13799995
2025-01-10 11:23:00+09:00,62011365.13799995
2025-01-10 11:24:00+09:00,62011365.13799995
2025-01-10 11:25:00+09:00,62011365.13799995
2025-01-10 11:26:00+09:00,62011365.13799995
2025-01-10 11:27:00+09:00,62011365.13799995
2025-01-10 11:28:00+09:00,62011365.13799995
2025-01-10 11:29:00+09:00,62011365.13799995
2025-01-10 11:30:00+09:00,62011365.13799995
2025-01-10 11:31:00+09:00,62011365.13799995
2025-01-10 11:32:00+09:00,61986560.591944754
2025-01-10 11:33:00+09:00,61986560.591944754
2025-01-10 11:34:00+09:00,61986560.591944754
2025-01-10 11:35:00+09:00,61875073.97217507
2025-01-10 11:36:00+09:00,61986560.591944754
2025-01-10 11:37:00+09:00,61986560.591944754
2025-01-10 11:38:00+09:00,61986560.591944754
2025-01-10 11:39:00+09:00,61986560.591944754
2025-01-10 11:40:00+09:00,61986560.591944754
2025-01-10 11:41:00+09:00,61763587.352405384
2025-01-10 11:42:00+09:00,61875073.97217507
2025-01-10 11:43:00+09:00,61708011.272450194
2025-01-10 11:44:00+09:00,61708011.272450194
2025-01-10 11:45:00+09:00,61708011.272450194
2025-01-10 11:46:00+09:00,61708011.272450194
2025-01-10 11:47:00+09:00,61708011.272450194
2025-01-10 11:48:00+09:00,61708011.272450194
2025-01-10 11:49:00+09:00,61708011.272450194
2025-01-10 11:50:00+09:00,61708011.272450194
2025-01-10 11:51:00+09:00,61708011.272450194
2025-01-10 11:52:00+09:00,61708011.272450194
2025-01-10 11:53:00+09:00,61708011.272450194
2025-01-10 11:54:00+09:00,61708011.272450194
2025-01-10 11:55:00+09:00,61708011.272450194
2025-01-10 11:56:00+09:00,61708011.272450194
2025-01-10 11:57:00+09:00,61683328.06794122
2025-01-10 11:58:00+09:00,61627824.20685481
2025-01-10 11:59:00+09:00,61627824.20685481
2025-01-10 12:00:00+09:00,61627824.20685481
2025-01-10 12:01:00+09:00,61627824.20685481
2025-01-10 12:02:00+09:00,61627824.20685481
2025-01-10 12:03:00+09:00,61627824.20685481
2025-01-10 12:04:00+09:00,61627824.20685481
2025-01-10 12:05:00+09:00,61627824.20685481
2025-01-10 12:06:00+09:00,61627824.20685481
2025-01-10 12:07:00+09:00,61627824.20685481
2025-01-10 12:08:00+09:00,61627824.20685481
2025-01-10 12:09:00+09:00,61603173.07717207
2025-01-10 12:10:00+09:00,61603173.07717207
2025-01-10 12:11:00+09:00,61603173.07717207
2025-01-10 12:12:00+09:00,61713970.15105188
2025-01-10 12:13:00+09:00,61713970.15105188
2025-01-10 12:14:00+09:00,61713970.15105188
2025-01-10 12:15:00+09:00,61713970.15105188
2025-01-10 12:16:00+09:00,61603173.07717207
2025-01-10 12:17:00+09:00,61713970.15105188
2025-01-10 12:18:00+09:00,61713970.15105188
2025-01-10 12:19:00+09:00,61713970.15105188
2025-01-10 12:20:00+09:00,61713970.15105188
2025-01-10 12:21:00+09:00,61713970.15105188
2025-01-10 12:22:00+09:00,61713970.15105188
2025-01-10 12:23:00+09:00,61713970.15105188
2025-01-10 12:24:00+09:00,61603173.07717207
2025-01-10 12:25:00+09:00,61713970.15105188
2025-01-10 12:26:00+09:00,61713970.15105188
2025-01-10 12:27:00+09:00,61603173.07717207
2025-01-10 12:28:00+09:00,61603173.07717207
2025-01-10 12:29:00+09:00,61713970.15105188
2025-01-10 12:30:00+09:00,61713970.15105188
2025-01-10 12:31:00+09:00,61713970.15105188
2025-01-10 12:32:00+09:00,61713970.15105188
2025-01-10 12:33:00+09:00,61603173.07717207
2025-01-10 12:34:00+09:00,61713970.15105188
2025-01-10 12:35:00+09:00,61713970.15105188
2025-01-10 12:36:00+09:00,61713970.15105188
2025-01-10 12:37:00+09:00,61603173.07717207
2025-01-10 12:38:00+09:00,61713970.15105188
2025-01-10 12:39:00+09:00,61713970.15105188
2025-01-10 12:40:00+09:00,61713970.15105188
2025-01-10 12:41:00+09:00,61713970.15105188
2025-01-10 12:42:00+09:00,61713970.15105188
2025-01-10 12:43:00+09:00,61713970.15105188
2025-01-10 12:44:00+09:00,61603173.07717207
2025-01-10 12:45:00+09:00,61713970.15105188
2025-01-10 12:46:00+09:00,61713970.15105188
2025-01-10 12:47:00+09:00,61824767.22493169
2025-01-10 12:48:00+09:00,61824767.22493169
2025-01-10 12:49:00+09:00,61824767.22493169
2025-01-10 12:50:00+09:00,61824767.22493169
2025-01-10 12:51:00+09:00,61824767.22493169
2025-01-10 12:52:00+09:00,61824767.22493169
2025-01-10 12:53:00+09:00,61824767.22493169
2025-01-10 12:54:00+09:00,61824767.22493169
2025-01-10 12:55:00+09:00,61824767.22493169
2025-01-10 12:56:00+09:00,61713970.15105189
2025-01-10 12:57:00+09:00,61603173.07717208
2025-01-10 12:58:00+09:00,61603173.07717208
2025-01-10 12:59:00+09:00,61436844.50986371
2025-01-10 13:00:00+09:00,61436844.50986371
2025-01-10 13:01:00+09:00,61436844.50986371
2025-01-10 13:02:00+09:00,61436844.50986371
2025-01-10 13:03:00+09:00,61436844.50986371
2025-01-10 13:04:00+09:00,61436844.50986371
2025-01-10 13:05:00+09:00,61436844.50986371
2025-01-10 13:06:00+09:00,61436844.50986371
2025-01-10 13:07:00+09:00,61436844.50986371
2025-01-10 13:08:00+09:00,61436844.50986371
2025-01-10 13:09:00+09:00,61436844.50986371
2025-01-10 13:10:00+09:00,61436844.50986371
2025-01-10 13:11:00+09:00,61436844.50986371
2025-01-10 13:12:00+09:00,61436844.50986371
2025-01-10 13:13:00+09:00,61436844.50986371
2025-01-10 13:14:00+09:00,61436844.50986371
2025-01-10 13:15:00+09:00,61436844.50986371
2025-01-10 13:16:00+09:00,61436844.50986371
2025-01-10 13:17:00+09:00,61436844.50986371
2025-01-10 13:18:00+09:00,61436844.50986371
2025-01-10 13:19:00+09:00,61436844.50986371
2025-01-10 13:20:00+09:00,61436844.50986371
2025-01-10 13:21:00+09:00,61436844.50986371
2025-01-10 13:22:00+09:00,61436844.50986371
2025-01-10 13:23:00+09:00,61436844.50986371
2025-01-10 13:24:00+09:00,61436844.50986371
2025-01-10 13:25:00+09:00,61436844.50986371
2025-01-10 13:26:00+09:00,61436844.50986371
2025-01-10 13:27:00+09:00,61436844.50986371
2025-01-10 13:28:00+09:00,61436844.50986371
2025-01-10 13:29:00+09:00,61436844.50986371
2025-01-10 13:30:00+09:00,61436844.50986371
2025-01-10 13:31:00+09:00,61436844.50986371
2025-01-10 13:32:00+09:00,61436844.50986371
2025-01-10 13:33:00+09:00,61436844.50986371
2025-01-10 13:34:00+09:00,61436844.50986371
2025-01-10 13:35:00+09:00,61436844.50986371
2025-01-10 13:36:00+09:00,61436844.50986371
2025-01-10 13:37:00+09:00,61436844.50986371
2025-01-10 13:38:00+09:00,61436844.50986371
2025-01-10 13:39:00+09:00,61436844.50986371
2025-01-10 13:40:00+09:00,61436844.50986371
2025-01-10 13:41:00+09:00,61436844.50986371
2025-01-10 13:42:00+09:00,61436844.50986371
2025-01-10 13:43:00+09:00,61436844.50986371
2025-01-10 13:44:00+09:00,61436844.50986371
2025-01-10 13:45:00+09:00,61436844.50986371
2025-01-10 13:46:00+09:00,61436844.50986371
2025-01-10 13:47:00+09:00,61436844.50986371
2025-01-10 13:48:00+09:00,61436844.50986371
2025-01-10 13:49:00+09:00,61436844.50986371
2025-01-10 13:50:00+09:00,61436844.50986371
2025-01-10 13:51:00+09:00,61436844.50986371
2025-01-10 13:52:00+09:00,61436844.50986371
2025-01-10 13:53:00+09:00,61436844.50986371
2025-01-10 13:54:00+09:00,61436844.50986371
2025-01-10 13:55:00+09:00,61436844.50986371
2025-01-10 13:56:00+09:00,61436844.50986371
2025-01-10 13:57:00+09:00,61436844.50986371
2025-01-10 13:58:00+09:00,61436844.50986371
2025-01-10 13:59:00+09:00,61436844.50986371
2025-01-10 14:00:00+09:00,61436844.50986371
2025-01-10 14:01:00+09:00,61436844.50986371
2025-01-10 14:02:00+09:00,61436844.50986371
2025-01-10 14:03:00+09:00,61436844.50986371
2025-01-10 14:04:00+09:00,61436844.50986371
2025-01-10 14:05:00+09:00,61436844.50986371
2025-01-10 14:06:00+09:00,61436844.50986371
2025-01-10 14:07:00+09:00,61436844.50986371
2025-01-10 14:08:00+09:00,61436844.50986371
2025-01-10 14:09:00+09:00,61436844.50986371
2025-01-10 14:10:00+09:00,61436844.50986371
2025-01-10 14:11:00+09:00,61436844.50986371
2025-01-10 14:12:00+09:00,61436844.50986371
2025-01-10 14:13:00+09:00,61436844.50986371
2025-01-10 14:14:00+09:00,61436844.50986371
2025-01-10 14:15:00+09:00,61436844.50986371
2025-01-10 14:16:00+09:00,61436844.50986371
2025-01-10 14:17:00+09:00,61436844.50986371
2025-01-10 14:18:00+09:00,61436844.50986371
2025-01-10 14:19:00+09:00,61436844.50986371
2025-01-10 14:20:00+09:00,61436844.50986371
2025-01-10 14:21:00+09:00,61436844.50986371
2025-01-10 14:22:00+09:00,61436844.50986371
2025-01-10 14:23:00+09:00,61436844.50986371
2025-01-10 14:24:00+09:00,61436844.50986371
2025-01-10 14:25:00+09:00,61436844.50986371
2025-01-10 14:26:00+09:00,61436844.50986371
2025-01-10 14:27:00+09:00,61436844.50986371
2025-01-10 14:28:00+09:00,61436844.50986371
2025-01-10 14:29:00+09:00,61436844.50986371
2025-01-10 14:30:00+09:00,61436844.50986371
2025-01-10 14:31:00+09:00,61436844.50986371
2025-01-10 14:32:00+09:00,61412269.77205977
2025-01-10 14:33:00+09:00,61412269.77205977
2025-01-10 14:34:00+09:00,61301816.04944815
2025-01-10 14:35:00+09:00,61412269.77205976
2025-01-10 14:36:00+09:00,61246456.6436752
2025-01-10 14:37:00+09:00,61246456.6436752
2025-01-10 14:38:00+09:00,61246456.6436752
2025-01-10 14:39:00+09:00,61246456.6436752
2025-01-10 14:40:00+09:00,61246456.6436752
2025-01-10 14:41:00+09:00,61246456.6436752
2025-01-10 14:42:00+09:00,61246456.6436752
2025-01-10 14:43:00+09:00,61246456.6436752
2025-01-10 14:44:00+09:00,61246456.6436752
2025-01-10 14:45:00+09:00,61246456.6436752
2025-01-10 14:46:00+09:00,61246456.6436752
2025-01-10 14:47:00+09:00,61221958.06101774
2025-01-10 14:48:00+09:00,61221958.06101774
2025-01-10 14:49:00+09:00,61221958.06101774
2025-01-10 14:50:00+09:00,61112044.31225469
2025-01-10 14:51:00+09:00,61221958.06101774
2025-01-10 14:52:00+09:00,61112044.31225469
2025-01-10 14:53:00+09:00,61221958.06101774
2025-01-10 14:54:00+09:00,61221958.06101774
2025-01-10 14:55:00+09:00,61221958.06101774
2025-01-10 14:56:00+09:00,61331871.809780784
2025-01-10 14:57:00+09:00,61331871.809780784
2025-01-10 14:58:00+09:00,61221958.06101774
2025-01-10 14:59:00+09:00,61331871.809780784
2025-01-10 15:00:00+09:00,61221958.06101774
2025-01-10 15:01:00+09:00,61112044.31225469
2025-01-10 15:02:00+09:00,61112044.31225469
2025-01-10 15:03:00+09:00,60947041.7926116
2025-01-10 15:04:00+09:00,60947041.7926116
2025-01-10 15:05:00+09:00,60947041.7926116
2025-01-10 15:06:00+09:00,60947041.7926116
2025-01-10 15:07:00+09:00,60947041.7926116
2025-01-10 15:08:00+09:00,60947041.7926116
2025-01-10 15:09:00+09:00,60947041.7926116
2025-01-10 15:10:00+09:00,60947041.7926116
2025-01-10 15:11:00+09:00,60947041.7926116
2025-01-10 15:12:00+09:00,60947041.7926116
2025-01-10 15:13:00+09:00,60947041.7926116
2025-01-10 15:14:00+09:00,60947041.7926116
2025-01-10 15:15:00+09:00,60947041.7926116
2025-01-10 15:16:00+09:00,60947041.7926116
2025-01-10 15:17:00+09:00,60947041.7926116
2025-01-10 15:18:00+09:00,60947041.7926116
2025-01-10 15:19:00+09:00,60947041.7926116
2025-01-10 15:30:00+09:00,60947041.7926116
2025-01-10 15:35:00+09:00,60947041.7926116
2025-01-13 09:00:00+09:00,60947041.7926116
2025-01-13 09:01:00+09:00,60947041.7926116
2025-01-13 09:02:00+09:00,60947041.7926116
2025-01-13 09:03:00+09:00,60947041.7926116
2025-01-13 09:04:00+09:00,60947041.7926116
2025-01-13 09:05:00+09:00,60947041.7926116
2025-01-13 09:06:00+09:00,60947041.7926116
2025-01-13 09:07:00+09:00,60947041.7926116
2025-01-13 09:08:00+09:00,60947041.7926116
2025-01-13 09:09:00+09:00,60947041.7926116
2025-01-13 09:10:00+09:00,60947041.7926116
2025-01-13 09:11:00+09:00,60947041.7926116
2025-01-13 09:12:00+09:00,60947041.7926116
2025-01-13 09:13:00+09:00,60947041.7926116
2025-01-13 09:14:00+09:00,60947041.7926116
2025-01-13 09:15:00+09:00,60947041.7926116
2025-01-13 09:16:00+09:00,60947041.7926116
2025-01-13 09:17:00+09:00,60947041.7926116
2025-01-13 09:18:00+09:00,60947041.7926116
2025-01-13 09:19:00+09:00,60947041.7926116
2025-01-13 09:20:00+09:00,60947041.7926116
2025-01-13 09:21:00+09:00,60947041.7926116
2025-01-13 09:22:00+09:00,60947041.7926116
2025-01-13 09:23:00+09:00,60947041.7926116
2025-01-13 09:24:00+09:00,60947041.7926116
2025-01-13 09:25:00+09:00,60947041.7926116
2025-01-13 09:26:00+09:00,60947041.7926116
2025-01-13 09:27:00+09:00,60947041.7926116
2025-01-13 09:28:00+09:00,60947041.7926116
2025-01-13 09:29:00+09:00,60947041.7926116
2025-01-13 09:30:00+09:00,60947041.7926116
2025-01-13 09:31:00+09:00,60947041.7926116
2025-01-13 09:32:00+09:00,60947041.7926116
2025-01-13 09:33:00+09:00,60947041.7926116
2025-01-13 09:34:00+09:00,60947041.7926116
2025-01-13 09:35:00+09:00,60947041.7926116
2025-01-13 09:36:00+09:00,60947041.7926116
2025-01-13 09:37:00+09:00,60947041.7926116
2025-01-13 09:38:00+09:00,60947041.7926116
2025-01-13 09:39:00+09:00,60947041.7926116
2025-01-13 09:40:00+09:00,60947041.7926116
2025-01-13 09:41:00+09:00,60947041.7926116
2025-01-13 09:42:00+09:00,60947041.7926116
2025-01-13 09:43:00+09:00,60947041.7926116
2025-01-13 09:44:00+09:00,60947041.7926116
2025-01-13 09:45:00+09:00,60947041.7926116
2025-01-13 09:46:00+09:00,60947041.7926116
2025-01-13 09:47:00+09:00,60947041.7926116
2025-01-13 09:48:00+09:00,60947041.7926116
2025-01-13 09:49:00+09:00,60947041.7926116
2025-01-13 09:50:00+09:00,60947041.7926116
2025-01-13 09:51:00+09:00,60947041.7926116
2025-01-13 09:52:00+09:00,60947041.7926116
2025-01-13 09:53:00+09:00,60947041.7926116
2025-01-13 09:54:00+09:00,60947041.7926116
2025-01-13 09:55:00+09:00,60947041.7926116
2025-01-13 09:56:00+09:00,60947041.7926116
2025-01-13 09:57:00+09:00,60947041.7926116
2025-01-13 09:58:00+09:00,60947041.7926116
2025-01-13 09:59:00+09:00,60947041.7926116
2025-01-13 10:00:00+09:00,60947041.7926116
2025-01-13 10:01:00+09:00,60947041.7926116
2025-01-13 10:02:00+09:00,60947041.7926116
2025-01-13 10:03:00+09:00,60947041.7926116
2025-01-13 10:04:00+09:00,60947041.7926116
2025-01-13 10:05:00+09:00,60947041.7926116
2025-01-13 10:06:00+09:00,60947041.7926116
2025-01-13 10:07:00+09:00,60947041.7926116
2025-01-13 10:08:00+09:00,60947041.7926116
2025-01-13 10:09:00+09:00,60947041.7926116
2025-01-13 10:10:00+09:00,60947041.7926116
2025-01-13 10:11:00+09:00,60947041.7926116
2025-01-13 10:12:00+09:00,60947041.7926116
2025-01-13 10:13:00+09:00,60947041.7926116
2025-01-13 10:14:00+09:00,60947041.7926116
2025-01-13 10:15:00+09:00,60947041.7926116
2025-01-13 10:16:00+09:00,60947041.7926116
2025-01-13 10:17:00+09:00,60947041.7926116
2025-01-13 10:18:00+09:00,60947041.7926116
2025-01-13 10:19:00+09:00,60947041.7926116
2025-01-13 10:20:00+09:00,60947041.7926116
2025-01-13 10:21:00+09:00,60947041.7926116
2025-01-13 10:22:00+09:00,60947041.7926116
2025-01-13 10:23:00+09:00,60947041.7926116
2025-01-13 10:24:00+09:00,60947041.7926116
2025-01-13 10:25:00+09:00,60947041.7926116
2025-01-13 10:26:00+09:00,60947041.7926116
2025-01-13 10:27:00+09:00,60947041.7926116
2025-01-13 10:28:00+09:00,60947041.7926116
2025-01-13 10:29:00+09:00,60947041.7926116
2025-01-13 10:30:00+09:00,60947041.7926116
2025-01-13 10:31:00+09:00,60947041.7926116
2025-01-13 10:32:00+09:00,60947041.7926116
2025-01-13 10:33:00+09:00,60947041.7926116
2025-01-13 10:34:00+09:00,60947041.7926116
2025-01-13 10:35:00+09:00,60947041.7926116
2025-01-13 10:36:00+09:00,60947041.7926116
2025-01-13 10:37:00+09:00,60947041.7926116
2025-01-13 10:38:00+09:00,60947041.7926116
2025-01-13 10:39:00+09:00,60947041.7926116
2025-01-13 10:40:00+09:00,60947041.7926116
2025-01-13 10:41:00+09:00,60947041.7926116
2025-01-13 10:42:00+09:00,60947041.7926116
2025-01-13 10:43:00+09:00,60947041.7926116
2025-01-13 10:44:00+09:00,60947041.7926116
2025-01-13 10:45:00+09:00,60947041.7926116
2025-01-13 10:46:00+09:00,60947041.7926116
2025-01-13 10:47:00+09:00,60947041.7926116
2025-01-13 10:48:00+09:00,60947041.7926116
2025-01-13 10:49:00+09:00,60947041.7926116
2025-01-13 10:50:00+09:00,60947041.7926116
2025-01-13 10:51:00+09:00,60947041.7926116
2025-01-13 10:52:00+09:00,60947041.7926116
2025-01-13 10:53:00+09:00,60947041.7926116
2025-01-13 10:54:00+09:00,60947041.7926116
2025-01-13 10:55:00+09:00,60947041.7926116
2025-01-13 10:56:00+09:00,60947041.7926116
2025-01-13 10:57:00+09:00,60947041.7926116
2025-01-13 10:58:00+09:00,60947041.7926116
2025-01-13 10:59:00+09:00,60947041.7926116
2025-01-13 11:00:00+09:00,60947041.7926116
2025-01-13 11:01:00+09:00,60947041.7926116
2025-01-13 11:02:00+09:00,60947041.7926116
2025-01-13 11:03:00+09:00,60947041.7926116
2025-01-13 11:04:00+09:00,60947041.7926116
2025-01-13 11:05:00+09:00,60947041.7926116
2025-01-13 11:06:00+09:00,60947041.7926116
2025-01-13 11:07:00+09:00,60947041.7926116
2025-01-13 11:08:00+09:00,60947041.7926116
2025-01-13 11:09:00+09:00,60947041.7926116
2025-01-13 11:10:00+09:00,60947041.7926116
2025-01-13 11:11:00+09:00,60947041.7926116
2025-01-13 11:12:00+09:00,60947041.7926116
2025-01-13 11:13:00+09:00,60947041.7926116
2025-01-13 11:14:00+09:00,60947041.7926116
2025-01-13 11:15:00+09:00,60947041.7926116
2025-01-13 11:16:00+09:00,60947041.7926116
2025-01-13 11:17:00+09:00,60947041.7926116
2025-01-13 11:18:00+09:00,60947041.7926116
2025-01-13 11:19:00+09:00,60947041.7926116
2025-01-13 11:20:00+09:00,60947041.7926116
2025-01-13 11:21:00+09:00,60947041.7926116
2025-01-13 11:22:00+09:00,60947041.7926116
2025-01-13 11:23:00+09:00,60947041.7926116
2025-01-13 11:24:00+09:00,60947041.7926116
2025-01-13 11:25:00+09:00,60947041.7926116
2025-01-13 11:26:00+09:00,60947041.7926116
2025-01-13 11:27:00+09:00,60947041.7926116
2025-01-13 11:28:00+09:00,60947041.7926116
2025-01-13 11:29:00+09:00,60947041.7926116
2025-01-13 11:30:00+09:00,60922662.975894555
2025-01-13 11:31:00+09:00,60922662.975894555
2025-01-13 11:32:00+09:00,60922662.975894555
2025-01-13 11:33:00+09:00,61034447.67860261
2025-01-13 11:34:00+09:00,60922662.97589455
2025-01-13 11:35:00+09:00,60922662.97589455
2025-01-13 11:36:00+09:00,60922662.97589455
2025-01-13 11:37:00+09:00,60922662.97589455
2025-01-13 11:38:00+09:00,61034447.678602606
2025-01-13 11:39:00+09:00,60922662.97589454
2025-01-13 11:40:00+09:00,60922662.97589454
2025-01-13 11:41:00+09:00,61034447.6786026
2025-01-13 11:42:00+09:00,61034447.6786026
2025-01-13 11:43:00+09:00,61034447.6786026
2025-01-13 11:44:00+09:00,61034447.6786026
2025-01-13 11:45:00+09:00,60922662.97589453
2025-01-13 11:46:00+09:00,60810878.273186475
2025-01-13 11:47:00+09:00,60922662.97589455
2025-01-13 11:48:00+09:00,60810878.27318649
2025-01-13 11:49:00+09:00,60810878.27318649
2025-01-13 11:50:00+09:00,60810878.27318649
2025-01-13 11:51:00+09:00,60810878.27318649
2025-01-13 11:52:00+09:00,60810878.27318649
2025-01-13 11:53:00+09:00,60699093.570478424
2025-01-13 11:54:00+09:00,60810878.2731865
2025-01-13 11:55:00+09:00,60535206.017838135
2025-01-13 11:56:00+09:00,60535206.017838135
2025-01-13 11:57:00+09:00,60535206.017838135
2025-01-13 11:58:00+09:00,60535206.017838135
2025-01-13 11:59:00+09:00,60535206.017838135
2025-01-13 12:00:00+09:00,60535206.017838135
2025-01-13 12:01:00+09:00,60535206.017838135
2025-01-13 12:02:00+09:00,60535206.017838135
2025-01-13 12:03:00+09:00,60535206.017838135
2025-01-13 12:04:00+09:00,60535206.017838135
2025-01-13 12:05:00+09:00,60535206.017838135
2025-01-13 12:06:00+09:00,60535206.017838135
2025-01-13 12:07:00+09:00,60535206.017838135
2025-01-13 12:08:00+09:00,60535206.017838135
2025-01-13 12:09:00+09:00,60535206.017838135
2025-01-13 12:10:00+09:00,60535206.017838135
2025-01-13 12:11:00+09:00,60535206.017838135
2025-01-13 12:12:00+09:00,60535206.017838135
2025-01-13 12:13:00+09:00,60535206.017838135
2025-01-13 12:14:00+09:00,60535206.017838135
2025-01-13 12:15:00+09:00,60535206.017838135
2025-01-13 12:16:00+09:00,60535206.017838135
2025-01-13 12:17:00+09:00,60535206.017838135
2025-01-13 12:18:00+09:00,60535206.017838135
2025-01-13 12:19:00+09:00,60535206.017838135
2025-01-13 12:20:00+09:00,60535206.017838135
2025-01-13 12:21:00+09:00,60535206.017838135
2025-01-13 12:22:00+09:00,60535206.017838135
2025-01-13 12:23:00+09:00,60535206.017838135
2025-01-13 12:24:00+09:00,60535206.017838135
2025-01-13 12:25:00+09:00,60535206.017838135
2025-01-13 12:26:00+09:00,60535206.017838135
2025-01-13 12:27:00+09:00,60535206.017838135
2025-01-13 12:28:00+09:00,60535206.017838135
2025-01-13 12:29:00+09:00,60535206.017838135
2025-01-13 12:30:00+09:00,60535206.017838135
2025-01-13 12:31:00+09:00,60535206.017838135
2025-01-13 12:32:00+09:00,60535206.017838135
2025-01-13 12:33:00+09:00,60535206.017838135
2025-01-13 12:34:00+09:00,60535206.017838135
2025-01-13 12:35:00+09:00,60535206.017838135
2025-01-13 12:36:00+09:00,60535206.017838135
2025-01-13 12:37:00+09:00,60535206.017838135
2025-01-13 12:38:00+09:00,60535206.017838135
2025-01-13 12:39:00+09:00,60535206.017838135
2025-01-13 12:40:00+09:00,60535206.017838135
2025-01-13 12:41:00+09:00,60535206.017838135
2025-01-13 12:42:00+09:00,60535206.017838135
2025-01-13 12:43:00+09:00,60535206.017838135
2025-01-13 12:44:00+09:00,60535206.017838135
2025-01-13 12:45:00+09:00,60535206.017838135
2025-01-13 12:46:00+09:00,60535206.017838135
2025-01-13 12:47:00+09:00,60535206.017838135
2025-01-13 12:48:00+09:00,60535206.017838135
2025-01-13 12:49:00+09:00,60535206.017838135
2025-01-13 12:50:00+09:00,60535206.017838135
2025-01-13 12:51:00+09:00,60535206.017838135
2025-01-13 12:52:00+09:00,60535206.017838135
2025-01-13 12:53:00+09:00,60535206.017838135
2025-01-13 12:54:00+09:00,60535206.017838135
2025-01-13 12:55:00+09:00,60535206.017838135
2025-01-13 12:56:00+09:00,60535206.017838135
2025-01-13 12:57:00+09:00,60535206.017838135
2025-01-13 12:58:00+09:00,60535206.017838135
2025-01-13 12:59:00+09:00,60535206.017838135
2025-01-13 13:00:00+09:00,60535206.017838135
2025-01-13 13:01:00+09:00,60535206.017838135
2025-01-13 13:02:00+09:00,60535206.017838135
2025-01-13 13:03:00+09:00,60535206.017838135
2025-01-13 13:04:00+09:00,60535206.017838135
2025-01-13 13:05:00+09:00,60535206.017838135
2025-01-13 13:06:00+09:00,60535206.017838135
2025-01-13 13:07:00+09:00,60535206.017838135
2025-01-13 13:08:00+09:00,60535206.017838135
2025-01-13 13:09:00+09:00,60535206.017838135
2025-01-13 13:10:00+09:00,60535206.017838135
2025-01-13 13:11:00+09:00,60535206.017838135
2025-01-13 13:12:00+09:00,60535206.017838135
2025-01-13 13:13:00+09:00,60535206.017838135
2025-01-13 13:14:00+09:00,60535206.017838135
2025-01-13 13:15:00+09:00,60510991.935431
2025-01-13 13:16:00+09:00,60622430.226288155
2025-01-13 13:17:00+09:00,60622430.226288155
2025-01-13 13:18:00+09:00,60510991.93543101
2025-01-13 13:19:00+09:00,60622430.22628816
2025-01-13 13:20:00+09:00,60510991.93543102
2025-01-13 13:21:00+09:00,60510991.93543102
2025-01-13 13:22:00+09:00,60622430.22628817
2025-01-13 13:23:00+09:00,60510991.935431026
2025-01-13 13:24:00+09:00,60622430.22628818
2025-01-13 13:25:00+09:00,60622430.22628818
2025-01-13 13:26:00+09:00,60399553.64457388
2025-01-13 13:27:00+09:00,60399553.64457388
2025-01-13 13:28:00+09:00,60236474.84973353
2025-01-13 13:29:00+09:00,60236474.84973353
2025-01-13 13:30:00+09:00,60236474.84973353
2025-01-13 13:31:00+09:00,60236474.84973353
2025-01-13 13:32:00+09:00,60236474.84973353
2025-01-13 13:33:00+09:00,60236474.84973353
2025-01-13 13:34:00+09:00,60236474.84973353
2025-01-13 13:35:00+09:00,60236474.84973353
2025-01-13 13:36:00+09:00,60236474.84973353
2025-01-13 13:37:00+09:00,60236474.84973353
2025-01-13 13:38:00+09:00,60236474.84973353
2025-01-13 13:39:00+09:00,60236474.84973353
2025-01-13 13:40:00+09:00,60236474.84973353
2025-01-13 13:41:00+09:00,60236474.84973353
2025-01-13 13:42:00+09:00,60236474.84973353
2025-01-13 13:43:00+09:00,60236474.84973353
2025-01-13 13:44:00+09:00,60236474.84973353
2025-01-13 13:45:00+09:00,60236474.84973353
2025-01-13 13:46:00+09:00,60236474.84973353
2025-01-13 13:47:00+09:00,60236474.84973353
2025-01-13 13:48:00+09:00,60236474.84973353
2025-01-13 13:49:00+09:00,60236474.84973353
2025-01-13 13:50:00+09:00,60236474.84973353
2025-01-13 13:51:00+09:00,60236474.84973353
2025-01-13 13:52:00+09:00,60236474.84973353
2025-01-13 13:53:00+09:00,60236474.84973353
2025-01-13 13:54:00+09:00,60236474.84973353
2025-01-13 13:55:00+09:00,60236474.84973353
2025-01-13 13:56:00+09:00,60236474.84973353
2025-01-13 13:57:00+09:00,60236474.84973353
2025-01-13 13:58:00+09:00,60236474.84973353
2025-01-13 13:59:00+09:00,60236474.84973353
2025-01-13 14:00:00+09:00,60236474.84973353
2025-01-13 14:01:00+09:00,60236474.84973353
2025-01-13 14:02:00+09:00,60236474.84973353
2025-01-13 14:03:00+09:00,60236474.84973353
2025-01-13 14:04:00+09:00,60236474.84973353
2025-01-13 14:05:00+09:00,60236474.84973353
2025-01-13 14:06:00+09:00,60236474.84973353
2025-01-13 14:07:00+09:00,60236474.84973353
2025-01-13 14:08:00+09:00,60236474.84973353
2025-01-13 14:09:00+09:00,60236474.84973353
2025-01-13 14:10:00+09:00,60236474.84973353
2025-01-13 14:11:00+09:00,60236474.84973353
2025-01-13 14:12:00+09:00,60236474.84973353
2025-01-13 14:13:00+09:00,60236474.84973353
2025-01-13 14:14:00+09:00,60236474.84973353
2025-01-13 14:15:00+09:00,60236474.84973353
2025-01-13 14:16:00+09:00,60236474.84973353
2025-01-13 14:17:00+09:00,60236474.84973353
2025-01-13 14:18:00+09:00,60236474.84973353
2025-01-13 14:19:00+09:00,60236474.84973353
2025-01-13 14:20:00+09:00,60236474.84973353
2025-01-13 14:21:00+09:00,60236474.84973353
2025-01-13 14:22:00+09:00,60236474.84973353
2025-01-13 14:23:00+09:00,60236474.84973353
2025-01-13 14:24:00+09:00,60236474.84973353
2025-01-13 14:25:00+09:00,60236474.84973353
2025-01-13 14:26:00+09:00,60236474.84973353
2025-01-13 14:27:00+09:00,60236474.84973353
2025-01-13 14:28:00+09:00,60236474.84973353
2025-01-13 14:29:00+09:00,60236474.84973353
2025-01-13 14:30:00+09:00,60236474.84973353
2025-01-13 14:31:00+09:00,60236474.84973353
2025-01-13 14:32:00+09:00,60236474.84973353
2025-01-13 14:33:00+09:00,60236474.84973353
2025-01-13 14:34:00+09:00,60236474.84973353
2025-01-13 14:35:00+09:00,60236474.84973353
2025-01-13 14:36:00+09:00,60236474.84973353
2025-01-13 14:37:00+09:00,60236474.84973353
2025-01-13 14:38:00+09:00,60236474.84973353
2025-01-13 14:39:00+09:00,60236474.84973353
2025-01-13 14:40:00+09:00,60236474.84973353
2025-01-13 14:41:00+09:00,60236474.84973353
2025-01-13 14:42:00+09:00,60236474.84973353
2025-01-13 14:43:00+09:00,60236474.84973353
2025-01-13 14:44:00+09:00,60236474.84973353
2025-01-13 14:45:00+09:00,60236474.84973353
2025-01-13 14:46:00+09:00,60236474.84973353
2025-01-13 14:47:00+09:00,60236474.84973353
2025-01-13 14:48:00+09:00,60236474.84973353
2025-01-13 14:49:00+09:00,60236474.84973353
2025-01-13 14:50:00+09:00,60236474.84973353
2025-01-13 14:51:00+09:00,60236474.84973353
2025-01-13 14:52:00+09:00,60236474.84973353
2025-01-13 14:53:00+09:00,60236474.84973353
2025-01-13 14:54:00+09:00,60236474.84973353
2025-01-13 14:55:00+09:00,60212380.25979364
2025-01-13 14:56:00+09:00,60323678.559719324
2025-01-13 14:57:00+09:00,60049806.833092205
2025-01-13 14:58:00+09:00,60049806.833092205
2025-01-13 14:59:00+09:00,60049806.833092205
2025-01-13 15:00:00+09:00,60049806.833092205
2025-01-13 15:01:00+09:00,60049806.833092205
2025-01-13 15:02:00+09:00,60049806.833092205
2025-01-13 15:03:00+09:00,60049806.833092205
2025-01-13 15:04:00+09:00,60049806.833092205
2025-01-13 15:05:00+09:00,60049806.833092205
2025-01-13 15:06:00+09:00,60049806.833092205
2025-01-13 15:07:00+09:00,60049806.833092205
2025-01-13 15:08:00+09:00,60025786.91035897
2025-01-13 15:09:00+09:00,60136331.63763404
2025-01-13 15:10:00+09:00,59915242.183083914
2025-01-13 15:11:00+09:00,60025786.91035898
2025-01-13 15:12:00+09:00,59915242.18308392
2025-01-13 15:13:00+09:00,60025786.91035899
2025-01-13 15:14:00+09:00,59915242.18308393
2025-01-13 15:15:00+09:00,59915242.18308393
2025-01-13 15:16:00+09:00,59915242.18308393
2025-01-13 15:17:00+09:00,59915242.18308393
2025-01-13 15:18:00+09:00,59804697.45580887
2025-01-13 15:19:00+09:00,59915242.18308394
2025-01-13 15:30:00+09:00,59643224.77267819
2025-01-13 15:35:00+09:00,59643224.77267819
2025-01-14 09:00:00+09:00,59643224.77267819
2025-01-14 09:01:00+09:00,59643224.77267819
2025-01-14 09:02:00+09:00,59643224.77267819
2025-01-14 09:03:00+09:00,59643224.77267819
2025-01-14 09:04:00+09:00,59643224.77267819
2025-01-14 09:05:00+09:00,59643224.77267819
2025-01-14 09:06:00+09:00,59643224.77267819
2025-01-14 09:07:00+09:00,59643224.77267819
2025-01-14 09:08:00+09:00,59643224.77267819
2025-01-14 09:09:00+09:00,59643224.77267819
2025-01-14 09:10:00+09:00,59643224.77267819
2025-01-14 09:11:00+09:00,59643224.77267819
2025-01-14 09:12:00+09:00,59643224.77267819
2025-01-14 09:13:00+09:00,59643224.77267819
2025-01-14 09:14:00+09:00,59643224.77267819
2025-01-14 09:15:00+09:00,59643224.77267819
2025-01-14 09:16:00+09:00,59619367.48276912
2025-01-14 09:17:00+09:00,59458395.19056564
2025-01-14 09:18:00+09:00,59458395.19056564
2025-01-14 09:19:00+09:00,59458395.19056564
2025-01-14 09:20:00+09:00,59458395.19056564
2025-01-14 09:21:00+09:00,59458395.19056564
2025-01-14 09:22:00+09:00,59458395.19056564
2025-01-14 09:23:00+09:00,59458395.19056564
2025-01-14 09:24:00+09:00,59458395.19056564
2025-01-14 09:25:00+09:00,59458395.19056564
2025-01-14 09:26:00+09:00,59458395.19056564
2025-01-14 09:27:00+09:00,59458395.19056564
2025-01-14 09:28:00+09:00,59458395.19056564
2025-01-14 09:29:00+09:00,59458395.19056564
2025-01-14 09:30:00+09:00,59458395.19056564
2025-01-14 09:31:00+09:00,59458395.19056564
2025-01-14 09:32:00+09:00,59458395.19056564
2025-01-14 09:33:00+09:00,59458395.19056564
2025-01-14 09:34:00+09:00,59458395.19056564
2025-01-14 09:35:00+09:00,59458395.19056564
2025-01-14 09:36:00+09:00,59458395.19056564
2025-01-14 09:37:00+09:00,59458395.19056564
2025-01-14 09:38:00+09:00,59458395.19056564
2025-01-14 09:39:00+09:00,59458395.19056564
2025-01-14 09:40:00+09:00,59458395.19056564
2025-01-14 09:41:00+09:00,59458395.19056564
2025-01-14 09:42:00+09:00,59458395.19056564
2025-01-14 09:43:00+09:00,59434611.832489416
2025-01-14 09:44:00+09:00,59544269.78789992
2025-01-14 09:45:00+09:00,59383500.259472586
2025-01-14 09:46:00+09:00,59383500.259472586
2025-01-14 09:47:00+09:00,59383500.259472586
2025-01-14 09:48:00+09:00,59383500.259472586
2025-01-14 09:49:00+09:00,59383500.259472586
2025-01-14 09:50:00+09:00,59383500.259472586
2025-01-14 09:51:00+09:00,59383500.259472586
2025-01-14 09:52:00+09:00,59383500.259472586
2025-01-14 09:53:00+09:00,59383500.259472586
2025-01-14 09:54:00+09:00,59383500.259472586
2025-01-14 09:55:00+09:00,59383500.259472586
2025-01-14 09:56:00+09:00,59383500.259472586
2025-01-14 09:57:00+09:00,59383500.259472586
2025-01-14 09:58:00+09:00,59383500.259472586
2025-01-14 09:59:00+09:00,59383500.259472586
2025-01-14 10:00:00+09:00,59383500.259472586
2025-01-14 10:01:00+09:00,59383500.259472586
2025-01-14 10:02:00+09:00,59383500.259472586
2025-01-14 10:03:00+09:00,59383500.259472586
2025-01-14 10:04:00+09:00,59383500.259472586
2025-01-14 10:05:00+09:00,59383500.259472586
2025-01-14 10:06:00+09:00,59383500.259472586
2025-01-14 10:07:00+09:00,59383500.259472586
2025-01-14 10:08:00+09:00,59383500.259472586
2025-01-14 10:09:00+09:00,59383500.259472586
2025-01-14 10:10:00+09:00,59383500.259472586
2025-01-14 10:11:00+09:00,59383500.259472586
2025-01-14 10:12:00+09:00,59383500.259472586
2025-01-14 10:13:00+09:00,59383500.259472586
2025-01-14 10:14:00+09:00,59383500.259472586
2025-01-14 10:15:00+09:00,59383500.259472586
2025-01-14 10:16:00+09:00,59383500.259472586
2025-01-14 10:17:00+09:00,59383500.259472586
2025-01-14 10:18:00+09:00,59383500.259472586
2025-01-14 10:19:00+09:00,59383500.259472586
2025-01-14 10:20:00+09:00,59383500.259472586
2025-01-14 10:21:00+09:00,59383500.259472586
2025-01-14 10:22:00+09:00,59383500.259472586
2025-01-14 10:23:00+09:00,59383500.259472586
2025-01-14 10:24:00+09:00,59383500.259472586
2025-01-14 10:25:00+09:00,59383500.259472586
2025-01-14 10:26:00+09:00,59383500.259472586
2025-01-14 10:27:00+09:00,59383500.259472586
2025-01-14 10:28:00+09:00,59383500.259472586
2025-01-14 10:29:00+09:00,59383500.259472586
2025-01-14 10:30:00+09:00,59383500.259472586
2025-01-14 10:31:00+09:00,59383500.259472586
2025-01-14 10:32:00+09:00,59383500.259472586
2025-01-14 10:33:00+09:00,59383500.259472586
2025-01-14 10:34:00+09:00,59383500.259472586
2025-01-14 10:35:00+09:00,59383500.259472586
2025-01-14 10:36:00+09:00,59383500.259472586
2025-01-14 10:37:00+09:00,59383500.259472586
2025-01-14 10:38:00+09:00,59383500.259472586
2025-01-14 10:39:00+09:00,59383500.259472586
2025-01-14 10:40:00+09:00,59383500.259472586
2025-01-14 10:41:00+09:00,59383500.259472586
2025-01-14 10:42:00+09:00,59383500.259472586
2025-01-14 10:43:00+09:00,59383500.259472586
2025-01-14 10:44:00+09:00,59383500.259472586
2025-01-14 10:45:00+09:00,59383500.259472586
2025-01-14 10:46:00+09:00,59383500.259472586
2025-01-14 10:47:00+09:00,59383500.259472586
2025-01-14 10:48:00+09:00,59383500.259472586
2025-01-14 10:49:00+09:00,59383500.259472586
2025-01-14 10:50:00+09:00,59383500.259472586
2025-01-14 10:51:00+09:00,59383500.259472586
2025-01-14 10:52:00+09:00,59383500.259472586
2025-01-14 10:53:00+09:00,59383500.259472586
2025-01-14 10:54:00+09:00,59383500.259472586
2025-01-14 10:55:00+09:00,59383500.259472586
2025-01-14 10:56:00+09:00,59383500.259472586
2025-01-14 10:57:00+09:00,59383500.259472586
2025-01-14 10:58:00+09:00,59383500.259472586
2025-01-14 10:59:00+09:00,59383500.259472586
2025-01-14 11:00:00+09:00,59383500.259472586
2025-01-14 11:01:00+09:00,59383500.259472586
2025-01-14 11:02:00+09:00,59383500.259472586
2025-01-14 11:03:00+09:00,59383500.259472586
2025-01-14 11:04:00+09:00,59383500.259472586
2025-01-14 11:05:00+09:00,59383500.259472586
2025-01-14 11:06:00+09:00,59383500.259472586
2025-01-14 11:07:00+09:00,59383500.259472586
2025-01-14 11:08:00+09:00,59383500.259472586
2025-01-14 11:09:00+09:00,59383500.259472586
2025-01-14 11:10:00+09:00,59383500.259472586
2025-01-14 11:11:00+09:00,59383500.259472586
2025-01-14 11:12:00+09:00,59383500.259472586
2025-01-14 11:13:00+09:00,59383500.259472586
2025-01-14 11:14:00+09:00,59383500.259472586
2025-01-14 11:15:00+09:00,59383500.259472586
2025-01-14 11:16:00+09:00,59383500.259472586
2025-01-14 11:17:00+09:00,59383500.259472586
2025-01-14 11:18:00+09:00,59383500.259472586
2025-01-14 11:19:00+09:00,59383500.259472586
2025-01-14 11:20:00+09:00,59383500.259472586
2025-01-14 11:21:00+09:00,59383500.259472586
2025-01-14 11:22:00+09:00,59383500.259472586
2025-01-14 11:23:00+09:00,59359746.8593688
2025-01-14 11:24:00+09:00,59469876.25985
2025-01-14 11:25:00+09:00,59309307.59394841
2025-01-14 11:26:00+09:00,59309307.59394841
2025-01-14 11:27:00+09:00,59309307.59394841
2025-01-14 11:28:00+09:00,59309307.59394841
2025-01-14 11:29:00+09:00,59309307.59394841
2025-01-14 11:30:00+09:00,59309307.59394841
2025-01-14 11:31:00+09:00,59309307.59394841
2025-01-14 11:32:00+09:00,59309307.59394841
2025-01-14 11:33:00+09:00,59309307.59394841
2025-01-14 11:34:00+09:00,59309307.59394841
2025-01-14 11:35:00+09:00,59309307.59394841
2025-01-14 11:36:00+09:00,59285583.87091083
2025-01-14 11:37:00+09:00,59395575.67772142
2025-01-14 11:38:00+09:00,59125512.794459365
2025-01-14 11:39:00+09:00,59125512.794459365
2025-01-14 11:40:00+09:00,59125512.794459365
2025-01-14 11:41:00+09:00,59125512.794459365
2025-01-14 11:42:00+09:00,59125512.794459365
2025-01-14 11:43:00+09:00,59125512.794459365
2025-01-14 11:44:00+09:00,59125512.794459365
2025-01-14 11:45:00+09:00,59125512.794459365
2025-01-14 11:46:00+09:00,59125512.794459365
2025-01-14 11:47:00+09:00,59125512.794459365
2025-01-14 11:48:00+09:00,59125512.794459365
2025-01-14 11:49:00+09:00,59125512.794459365
2025-01-14 11:50:00+09:00,59101862.58934158
2025-01-14 11:51:00+09:00,59101862.58934158
2025-01-14 11:52:00+09:00,59101862.58934158
2025-01-14 11:53:00+09:00,58992414.69565761
2025-01-14 11:54:00+09:00,59101862.58934157
2025-01-14 11:55:00+09:00,58942287.56035035
2025-01-14 11:56:00+09:00,58942287.56035035
2025-01-14 11:57:00+09:00,58942287.56035035
2025-01-14 11:58:00+09:00,58942287.56035035
2025-01-14 11:59:00+09:00,58942287.56035035
2025-01-14 12:00:00+09:00,58942287.56035035
2025-01-14 12:01:00+09:00,58942287.56035035
2025-01-14 12:02:00+09:00,58942287.56035035
2025-01-14 12:03:00+09:00,58942287.56035035
2025-01-14 12:04:00+09:00,58942287.56035035
2025-01-14 12:05:00+09:00,58942287.56035035
2025-01-14 12:06:00+09:00,58918710.64532621
2025-01-14 12:07:00+09:00,58918710.64532621
2025-01-14 12:08:00+09:00,58918710.64532621
2025-01-14 12:09:00+09:00,58918710.64532621
2025-01-14 12:10:00+09:00,58918710.64532621
2025-01-14 12:11:00+09:00,58918710.64532621
2025-01-14 12:12:00+09:00,58918710.64532621
2025-01-14 12:13:00+09:00,58918710.64532621
2025-01-14 12:14:00+09:00,58918710.64532621
2025-01-14 12:15:00+09:00,58809803.601619504
2025-01-14 12:16:00+09:00,58918710.645326205
2025-01-14 12:17:00+09:00,58918710.645326205
2025-01-14 12:18:00+09:00,58809803.6016195
2025-01-14 12:19:00+09:00,58809803.6016195
2025-01-14 12:20:00+09:00,58651017.131895125
2025-01-14 12:21:00+09:00,58651017.131895125
2025-01-14 12:22:00+09:00,58651017.131895125
2025-01-14 12:23:00+09:00,58651017.131895125
2025-01-14 12:24:00+09:00,58651017.131895125
2025-01-14 12:25:00+09:00,58651017.131895125
2025-01-14 12:26:00+09:00,58651017.131895125
2025-01-14 12:27:00+09:00,58651017.131895125
2025-01-14 12:28:00+09:00,58651017.131895125
2025-01-14 12:29:00+09:00,58651017.131895125
2025-01-14 12:30:00+09:00,58651017.131895125
2025-01-14 12:31:00+09:00,58627556.72504237
2025-01-14 12:32:00+09:00,58627556.72504237
2025-01-14 12:33:00+09:00,58735925.59144726
2025-01-14 12:34:00+09:00,58735925.59144726
2025-01-14 12:35:00+09:00,58735925.59144726
2025-01-14 12:36:00+09:00,58627556.72504237
2025-01-14 12:37:00+09:00,58735925.59144726
2025-01-14 12:38:00+09:00,58735925.59144726
2025-01-14 12:39:00+09:00,58519187.85863749
2025-01-14 12:40:00+09:00,58627556.725042365
2025-01-14 12:41:00+09:00,58361186.05141916
2025-01-14 12:42:00+09:00,58361186.05141916
2025-01-14 12:43:00+09:00,58361186.05141916
2025-01-14 12:44:00+09:00,58361186.05141916
2025-01-14 12:45:00+09:00,58361186.05141916
2025-01-14 12:46:00+09:00,58361186.05141916
2025-01-14 12:47:00+09:00,58361186.05141916
2025-01-14 12:48:00+09:00,58361186.05141916
2025-01-14 12:49:00+09:00,58361186.05141916
2025-01-14 12:50:00+09:00,58361186.05141916
2025-01-14 12:51:00+09:00,58361186.05141916
2025-01-14 12:52:00+09:00,58361186.05141916
2025-01-14 12:53:00+09:00,58337841.5769986
2025-01-14 12:54:00+09:00,58230207.182945095
2025-01-14 12:55:00+09:00,58230207.182945095
2025-01-14 12:56:00+09:00,58337841.5769986
2025-01-14 12:57:00+09:00,58337841.5769986
2025-01-14 12:58:00+09:00,58230207.182945095
2025-01-14 12:59:00+09:00,58337841.5769986
2025-01-14 13:00:00+09:00,58230207.182945095
2025-01-14 13:01:00+09:00,58337841.5769986
2025-01-14 13:02:00+09:00,58230207.182945095
2025-01-14 13:03:00+09:00,58230207.182945095
2025-01-14 13:04:00+09:00,58230207.182945095
2025-01-14 13:05:00+09:00,58230207.182945095
2025-01-14 13:06:00+09:00,58230207.182945095
2025-01-14 13:07:00+09:00,58230207.182945095
2025-01-14 13:08:00+09:00,58230207.182945095
2025-01-14 13:09:00+09:00,58230207.182945095
2025-01-14 13:10:00+09:00,58230207.182945095
2025-01-14 13:11:00+09:00,58230207.182945095
2025-01-14 13:12:00+09:00,58230207.182945095
2025-01-14 13:13:00+09:00,58230207.182945095
2025-01-14 13:14:00+09:00,58230207.182945095
2025-01-14 13:15:00+09:00,58230207.182945095
2025-01-14 13:16:00+09:00,58230207.182945095
2025-01-14 13:17:00+09:00,58230207.182945095
2025-01-14 13:18:00+09:00,58122572.78889159
2025-01-14 13:19:00+09:00,58230207.18294509
2025-01-14 13:20:00+09:00,57965641.84236158
2025-01-14 13:21:00+09:00,57965641.84236158
2025-01-14 13:22:00+09:00,57965641.84236158
2025-01-14 13:23:00+09:00,57965641.84236158
2025-01-14 13:24:00+09:00,57965641.84236158
2025-01-14 13:25:00+09:00,57965641.84236158
2025-01-14 13:26:00+09:00,57965641.84236158
2025-01-14 13:27:00+09:00,57965641.84236158
2025-01-14 13:28:00+09:00,57965641.84236158
2025-01-14 13:29:00+09:00,57965641.84236158
2025-01-14 13:30:00+09:00,57965641.84236158
2025-01-14 13:31:00+09:00,57942455.585624635
2025-01-14 13:32:00+09:00,57942455.585624635
2025-01-14 13:33:00+09:00,57942455.585624635
2025-01-14 13:34:00+09:00,57942455.585624635
2025-01-14 13:35:00+09:00,58049360.48522911
2025-01-14 13:36:00+09:00,58049360.48522911
2025-01-14 13:37:00+09:00,57942455.58562464
2025-01-14 13:38:00+09:00,57942455.58562464
2025-01-14 13:39:00+09:00,57835550.68602017
2025-01-14 13:40:00+09:00,57835550.68602017
2025-01-14 13:41:00+09:00,57572778.44279237
2025-01-14 13:42:00+09:00,57572778.44279237
2025-01-14 13:43:00+09:00,57572778.44279237
2025-01-14 13:44:00+09:00,57572778.44279237
2025-01-14 13:45:00+09:00,57572778.44279237
2025-01-14 13:46:00+09:00,57572778.44279237
2025-01-14 13:47:00+09:00,57572778.44279237
2025-01-14 13:48:00+09:00,57572778.44279237
2025-01-14 13:49:00+09:00,57572778.44279237
2025-01-14 13:50:00+09:00,57572778.44279237
2025-01-14 13:51:00+09:00,57572778.44279237
2025-01-14 13:52:00+09:00,57572778.44279237
2025-01-14 13:53:00+09:00,57572778.44279237
2025-01-14 13:54:00+09:00,57572778.44279237
2025-01-14 13:55:00+09:00,57572778.44279237
2025-01-14 13:56:00+09:00,57572778.44279237
2025-01-14 13:57:00+09:00,57572778.44279237
2025-01-14 13:58:00+09:00,57572778.44279237
2025-01-14 13:59:00+09:00,57572778.44279237
2025-01-14 14:00:00+09:00,57572778.44279237
2025-01-14 14:01:00+09:00,57549749.33141526
2025-01-14 14:02:00+09:00,57443764.526016705
2025-01-14 14:03:00+09:00,57443764.526016705
2025-01-14 14:04:00+09:00,57549749.331415266
2025-01-14 14:05:00+09:00,57549749.331415266
2025-01-14 14:06:00+09:00,57443764.52601671
2025-01-14 14:07:00+09:00,57443764.52601671
2025-01-14 14:08:00+09:00,57337779.72061816
2025-01-14 14:09:00+09:00,57337779.72061816
2025-01-14 14:10:00+09:00,57288666.36179647
2025-01-14 14:11:00+09:00,57288666.36179647
2025-01-14 14:12:00+09:00,57288666.36179647
2025-01-14 14:13:00+09:00,57288666.36179647
2025-01-14 14:14:00+09:00,57288666.36179647
2025-01-14 14:15:00+09:00,57288666.36179647
2025-01-14 14:16:00+09:00,57288666.36179647
2025-01-14 14:17:00+09:00,57288666.36179647
2025-01-14 14:18:00+09:00,57288666.36179647
2025-01-14 14:19:00+09:00,57288666.36179647
2025-01-14 14:20:00+09:00,57288666.36179647
2025-01-14 14:21:00+09:00,57288666.36179647
2025-01-14 14:22:00+09:00,57288666.36179647
2025-01-14 14:23:00+09:00,57288666.36179647
2025-01-14 14:24:00+09:00,57288666.36179647
2025-01-14 14:25:00+09:00,57288666.36179647
2025-01-14 14:26:00+09:00,57288666.36179647
2025-01-14 14:27:00+09:00,57288666.36179647
2025-01-14 14:28:00+09:00,57288666.36179647
2025-01-14 14:29:00+09:00,57288666.36179647
2025-01-14 14:30:00+09:00,57288666.36179647
2025-01-14 14:31:00+09:00,57288666.36179647
2025-01-14 14:32:00+09:00,57288666.36179647
2025-01-14 14:33:00+09:00,57288666.36179647
2025-01-14 14:34:00+09:00,57288666.36179647
2025-01-14 14:35:00+09:00,57288666.36179647
2025-01-14 14:36:00+09:00,57288666.36179647
2025-01-14 14:37:00+09:00,57288666.36179647
2025-01-14 14:38:00+09:00,57288666.36179647
2025-01-14 14:39:00+09:00,57288666.36179647
2025-01-14 14:40:00+09:00,57288666.36179647
2025-01-14 14:41:00+09:00,57288666.36179647
2025-01-14 14:42:00+09:00,57288666.36179647
2025-01-14 14:43:00+09:00,57288666.36179647
2025-01-14 14:44:00+09:00,57288666.36179647
2025-01-14 14:45:00+09:00,57288666.36179647
2025-01-14 14:46:00+09:00,57288666.36179647
2025-01-14 14:47:00+09:00,57288666.36179647
2025-01-14 14:48:00+09:00,57288666.36179647
2025-01-14 14:49:00+09:00,57288666.36179647
2025-01-14 14:50:00+09:00,57288666.36179647
2025-01-14 14:51:00+09:00,57288666.36179647
2025-01-14 14:52:00+09:00,57288666.36179647
2025-01-14 14:53:00+09:00,57288666.36179647
2025-01-14 14:54:00+09:00,57288666.36179647
2025-01-14 14:55:00+09:00,57288666.36179647
2025-01-14 14:56:00+09:00,57288666.36179647
2025-01-14 14:57:00+09:00,57288666.36179647
2025-01-14 14:58:00+09:00,57288666.36179647
2025-01-14 14:59:00+09:00,57288666.36179647
2025-01-14 15:00:00+09:00,57288666.36179647
2025-01-14 15:01:00+09:00,57288666.36179647
2025-01-14 15:02:00+09:00,57288666.36179647
2025-01-14 15:03:00+09:00,57288666.36179647
2025-01-14 15:04:00+09:00,57288666.36179647
2025-01-14 15:05:00+09:00,57288666.36179647
2025-01-14 15:06:00+09:00,57288666.36179647
2025-01-14 15:07:00+09:00,57288666.36179647
2025-01-14 15:08:00+09:00,57288666.36179647
2025-01-14 15:09:00+09:00,57288666.36179647
2025-01-14 15:10:00+09:00,57288666.36179647
2025-01-14 15:11:00+09:00,57288666.36179647
2025-01-14 15:12:00+09:00,57288666.36179647
2025-01-14 15:13:00+09:00,57288666.36179647
2025-01-14 15:14:00+09:00,57288666.36179647
2025-01-14 15:15:00+09:00,57288666.36179647
2025-01-14 15:16:00+09:00,57288666.36179647
2025-01-14 15:17:00+09:00,57288666.36179647
2025-01-14 15:18:00+09:00,57288666.36179647
2025-01-14 15:19:00+09:00,57288666.36179647
2025-01-14 15:30:00+09:00,57288666.36179647
2025-01-14 15:35:00+09:00,57288666.36179647
2025-01-15 09:00:00+09:00,57288666.36179647
2025-01-15 09:01:00+09:00,57288666.36179647
2025-01-15 09:02:00+09:00,57288666.36179647
2025-01-15 09:03:00+09:00,57288666.36179647
2025-01-15 09:04:00+09:00,57288666.36179647
2025-01-15 09:05:00+09:00,57288666.36179647
2025-01-15 09:06:00+09:00,57288666.36179647
2025-01-15 09:07:00+09:00,57288666.36179647
2025-01-15 09:08:00+09:00,57288666.36179647
2025-01-15 09:09:00+09:00,57265750.89525175
2025-01-15 09:10:00+09:00,57160676.122966886
2025-01-15 09:11:00+09:00,57160676.122966886
2025-01-15 09:12:00+09:00,57160676.122966886
2025-01-15 09:13:00+09:00,57265750.89525176
2025-01-15 09:14:00+09:00,57160676.12296689
2025-01-15 09:15:00+09:00,57055601.35068203
2025-01-15 09:16:00+09:00,57160676.1229669
2025-01-15 09:17:00+09:00,57370825.66753663
2025-01-15 09:18:00+09:00,57370825.66753663
2025-01-15 09:19:00+09:00,57265750.895251766
2025-01-15 09:20:00+09:00,57160676.1229669
2025-01-15 09:21:00+09:00,57055601.350682035
2025-01-15 09:22:00+09:00,56950526.57839717
2025-01-15 09:23:00+09:00,56950526.57839717
2025-01-15 09:24:00+09:00,56950526.57839717
2025-01-15 09:25:00+09:00,56950526.57839717
2025-01-15 09:26:00+09:00,56845451.806112304
2025-01-15 09:27:00+09:00,56845451.806112304
2025-01-15 09:28:00+09:00,56796760.15663549
2025-01-15 09:29:00+09:00,56796760.15663549
2025-01-15 09:30:00+09:00,56796760.15663549
2025-01-15 09:31:00+09:00,56796760.15663549
2025-01-15 09:32:00+09:00,56796760.15663549
2025-01-15 09:33:00+09:00,56796760.15663549
2025-01-15 09:34:00+09:00,56796760.15663549
2025-01-15 09:35:00+09:00,56796760.15663549
2025-01-15 09:36:00+09:00,56796760.15663549
2025-01-15 09:37:00+09:00,56796760.15663549
2025-01-15 09:38:00+09:00,56796760.15663549
2025-01-15 09:39:00+09:00,56796760.15663549
2025-01-15 09:40:00+09:00,56796760.15663549
2025-01-15 09:41:00+09:00,56796760.15663549
2025-01-15 09:42:00+09:00,56796760.15663549
2025-01-15 09:43:00+09:00,56796760.15663549
2025-01-15 09:44:00+09:00,56796760.15663549
2025-01-15 09:45:00+09:00,56796760.15663549
2025-01-15 09:46:00+09:00,56796760.15663549
2025-01-15 09:47:00+09:00,56796760.15663549
2025-01-15 09:48:00+09:00,56796760.15663549
2025-01-15 09:49:00+09:00,56796760.15663549
2025-01-15 09:50:00+09:00,56796760.15663549
2025-01-15 09:51:00+09:00,56796760.15663549
2025-01-15 09:52:00+09:00,56796760.15663549
2025-01-15 09:53:00+09:00,56796760.15663549
2025-01-15 09:54:00+09:00,56796760.15663549
2025-01-15 09:55:00+09:00,56796760.15663549
2025-01-15 09:56:00+09:00,56796760.15663549
2025-01-15 09:57:00+09:00,56796760.15663549
2025-01-15 09:58:00+09:00,56796760.15663549
2025-01-15 09:59:00+09:00,56796760.15663549
2025-01-15 10:00:00+09:00,56796760.15663549
2025-01-15 10:01:00+09:00,56796760.15663549
2025-01-15 10:02:00+09:00,56796760.15663549
2025-01-15 10:03:00+09:00,56796760.15663549
2025-01-15 10:04:00+09:00,56796760.15663549
2025-01-15 10:05:00+09:00,56796760.15663549
2025-01-15 10:06:00+09:00,56796760.15663549
2025-01-15 10:07:00+09:00,56796760.15663549
2025-01-15 10:08:00+09:00,56796760.15663549
2025-01-15 10:09:00+09:00,56796760.15663549
2025-01-15 10:10:00+09:00,56796760.15663549
2025-01-15 10:11:00+09:00,56796760.15663549
2025-01-15 10:12:00+09:00,56796760.15663549
2025-01-15 10:13:00+09:00,56796760.15663549
2025-01-15 10:14:00+09:00,56796760.15663549
2025-01-15 10:15:00+09:00,56796760.15663549
2025-01-15 10:16:00+09:00,56796760.15663549
2025-01-15 10:17:00+09:00,56796760.15663549
2025-01-15 10:18:00+09:00,56796760.15663549
2025-01-15 10:19:00+09:00,56796760.15663549
2025-01-15 10:20:00+09:00,56796760.15663549
2025-01-15 10:21:00+09:00,56796760.15663549
2025-01-15 10:22:00+09:00,56796760.15663549
2025-01-15 10:23:00+09:00,56796760.15663549
2025-01-15 10:24:00+09:00,56796760.15663549
2025-01-15 10:25:00+09:00,56796760.15663549
2025-01-15 10:26:00+09:00,56796760.15663549
2025-01-15 10:27:00+09:00,56796760.15663549
2025-01-15 10:28:00+09:00,56796760.15663549
2025-01-15 10:29:00+09:00,56796760.15663549
2025-01-15 10:30:00+09:00,56796760.15663549
2025-01-15 10:31:00+09:00,56796760.15663549
2025-01-15 10:32:00+09:00,56796760.15663549
2025-01-15 10:33:00+09:00,56796760.15663549
2025-01-15 10:34:00+09:00,56796760.15663549
2025-01-15 10:35:00+09:00,56796760.15663549
2025-01-15 10:36:00+09:00,56796760.15663549
2025-01-15 10:37:00+09:00,56796760.15663549
2025-01-15 10:38:00+09:00,56796760.15663549
2025-01-15 10:39:00+09:00,56796760.15663549
2025-01-15 10:40:00+09:00,56796760.15663549
2025-01-15 10:41:00+09:00,56796760.15663549
2025-01-15 10:42:00+09:00,56796760.15663549
2025-01-15 10:43:00+09:00,56796760.15663549
2025-01-15 10:44:00+09:00,56796760.15663549
2025-01-15 10:45:00+09:00,56796760.15663549
2025-01-15 10:46:00+09:00,56796760.15663549
2025-01-15 10:47:00+09:00,56796760.15663549
2025-01-15 10:48:00+09:00,56796760.15663549
2025-01-15 10:49:00+09:00,56796760.15663549
2025-01-15 10:50:00+09:00,56796760.15663549
2025-01-15 10:51:00+09:00,56796760.15663549
2025-01-15 10:52:00+09:00,56796760.15663549
2025-01-15 10:53:00+09:00,56796760.15663549
2025-01-15 10:54:00+09:00,56796760.15663549
2025-01-15 10:55:00+09:00,56796760.15663549
2025-01-15 10:56:00+09:00,56796760.15663549
2025-01-15 10:57:00+09:00,56796760.15663549
2025-01-15 10:58:00+09:00,56796760.15663549
2025-01-15 10:59:00+09:00,56796760.15663549
2025-01-15 11:00:00+09:00,56796760.15663549
2025-01-15 11:01:00+09:00,56796760.15663549
2025-01-15 11:02:00+09:00,56796760.15663549
2025-01-15 11:03:00+09:00,56796760.15663549
2025-01-15 11:04:00+09:00,56796760.15663549
2025-01-15 11:05:00+09:00,56796760.15663549
2025-01-15 11:06:00+09:00,56796760.15663549
2025-01-15 11:07:00+09:00,56796760.15663549
2025-01-15 11:08:00+09:00,56796760.15663549
2025-01-15 11:09:00+09:00,56796760.15663549
2025-01-15 11:10:00+09:00,56796760.15663549
2025-01-15 11:11:00+09:00,56796760.15663549
2025-01-15 11:12:00+09:00,56796760.15663549
2025-01-15 11:13:00+09:00,56796760.15663549
2025-01-15 11:14:00+09:00,56796760.15663549
2025-01-15 11:15:00+09:00,56796760.15663549
2025-01-15 11:16:00+09:00,56796760.15663549
2025-01-15 11:17:00+09:00,56796760.15663549
2025-01-15 11:18:00+09:00,56796760.15663549
2025-01-15 11:19:00+09:00,56796760.15663549
2025-01-15 11:20:00+09:00,56796760.15663549
2025-01-15 11:21:00+09:00,56796760.15663549
2025-01-15 11:22:00+09:00,56796760.15663549
2025-01-15 11:23:00+09:00,56796760.15663549
2025-01-15 11:24:00+09:00,56796760.15663549
2025-01-15 11:25:00+09:00,56796760.15663549
2025-01-15 11:26:00+09:00,56796760.15663549
2025-01-15 11:27:00+09:00,56796760.15663549
2025-01-15 11:28:00+09:00,56796760.15663549
2025-01-15 11:29:00+09:00,56796760.15663549
2025-01-15 11:30:00+09:00,56796760.15663549
2025-01-15 11:31:00+09:00,56796760.15663549
2025-01-15 11:32:00+09:00,56796760.15663549
2025-01-15 11:33:00+09:00,56796760.15663549
2025-01-15 11:34:00+09:00,56796760.15663549
2025-01-15 11:35:00+09:00,56796760.15663549
2025-01-15 11:36:00+09:00,56796760.15663549
2025-01-15 11:37:00+09:00,56796760.15663549
2025-01-15 11:38:00+09:00,56796760.15663549
2025-01-15 11:39:00+09:00,56796760.15663549
2025-01-15 11:40:00+09:00,56796760.15663549
2025-01-15 11:41:00+09:00,56796760.15663549
2025-01-15 11:42:00+09:00,56796760.15663549
2025-01-15 11:43:00+09:00,56796760.15663549
2025-01-15 11:44:00+09:00,56796760.15663549
2025-01-15 11:45:00+09:00,56796760.15663549
2025-01-15 11:46:00+09:00,56796760.15663549
2025-01-15 11:47:00+09:00,56796760.15663549
2025-01-15 11:48:00+09:00,56796760.15663549
2025-01-15 11:49:00+09:00,56796760.15663549
2025-01-15 11:50:00+09:00,56796760.15663549
2025-01-15 11:51:00+09:00,56796760.15663549
2025-01-15 11:52:00+09:00,56796760.15663549
2025-01-15 11:53:00+09:00,56796760.15663549
2025-01-15 11:54:00+09:00,56796760.15663549
2025-01-15 11:55:00+09:00,56796760.15663549
2025-01-15 11:56:00+09:00,56796760.15663549
2025-01-15 11:57:00+09:00,56796760.15663549
2025-01-15 11:58:00+09:00,56796760.15663549
2025-01-15 11:59:00+09:00,56796760.15663549
2025-01-15 12:00:00+09:00,56796760.15663549
2025-01-15 12:01:00+09:00,56796760.15663549
2025-01-15 12:02:00+09:00,56796760.15663549
2025-01-15 12:03:00+09:00,56796760.15663549
2025-01-15 12:04:00+09:00,56796760.15663549
2025-01-15 12:05:00+09:00,56796760.15663549
2025-01-15 12:06:00+09:00,56796760.15663549
2025-01-15 12:07:00+09:00,56796760.15663549
2025-01-15 12:08:00+09:00,56774041.452572845
2025-01-15 12:09:00+09:00,56774041.452572845
2025-01-15 12:10:00+09:00,56515703.76413763
2025-01-15 12:11:00+09:00,56515703.76413763
2025-01-15 12:12:00+09:00,56515703.76413763
2025-01-15 12:13:00+09:00,56515703.76413763
2025-01-15 12:14:00+09:00,56515703.76413763
2025-01-15 12:15:00+09:00,56515703.76413763
2025-01-15 12:16:00+09:00,56515703.76413763
2025-01-15 12:17:00+09:00,56515703.76413763
2025-01-15 12:18:00+09:00,56515703.76413763
2025-01-15 12:19:00+09:00,56515703.76413763
2025-01-15 12:20:00+09:00,56515703.76413763
2025-01-15 12:21:00+09:00,56515703.76413763
2025-01-15 12:22:00+09:00,56515703.76413763
2025-01-15 12:23:00+09:00,56515703.76413763
2025-01-15 12:24:00+09:00,56515703.76413763
2025-01-15 12:25:00+09:00,56493097.48263198
2025-01-15 12:26:00+09:00,56340566.11942887
2025-01-15 12:27:00+09:00,56340566.11942887
2025-01-15 12:28:00+09:00,56340566.11942887
2025-01-15 12:29:00+09:00,56340566.11942887
2025-01-15 12:30:00+09:00,56340566.11942887
2025-01-15 12:31:00+09:00,56340566.11942887
2025-01-15 12:32:00+09:00,56340566.11942887
2025-01-15 12:33:00+09:00,56340566.11942887
2025-01-15 12:34:00+09:00,56340566.11942887
2025-01-15 12:35:00+09:00,56340566.11942887
2025-01-15 12:36:00+09:00,56340566.11942887
2025-01-15 12:37:00+09:00,56340566.11942887
2025-01-15 12:38:00+09:00,56340566.11942887
2025-01-15 12:39:00+09:00,56340566.11942887
2025-01-15 12:40:00+09:00,56340566.11942887
2025-01-15 12:41:00+09:00,56340566.11942887
2025-01-15 12:42:00+09:00,56318029.892981105
2025-01-15 12:43:00+09:00,56318029.892981105
2025-01-15 12:44:00+09:00,56318029.892981105
2025-01-15 12:45:00+09:00,56318029.892981105
2025-01-15 12:46:00+09:00,56318029.892981105
2025-01-15 12:47:00+09:00,56318029.892981105
2025-01-15 12:48:00+09:00,56318029.892981105
2025-01-15 12:49:00+09:00,56318029.892981105
2025-01-15 12:50:00+09:00,56213737.24503114
2025-01-15 12:51:00+09:00,56318029.892981105
2025-01-15 12:52:00+09:00,56061960.15446956
2025-01-15 12:53:00+09:00,56061960.15446956
2025-01-15 12:54:00+09:00,56061960.15446956
2025-01-15 12:55:00+09:00,56061960.15446956
2025-01-15 12:56:00+09:00,56061960.15446956
2025-01-15 12:57:00+09:00,56061960.15446956
2025-01-15 12:58:00+09:00,56061960.15446956
2025-01-15 12:59:00+09:00,56061960.15446956
2025-01-15 13:00:00+09:00,56061960.15446956
2025-01-15 13:01:00+09:00,56061960.15446956
2025-01-15 13:02:00+09:00,56061960.15446956
2025-01-15 13:03:00+09:00,56039535.370407775
2025-01-15 13:04:00+09:00,56039535.370407775
2025-01-15 13:05:00+09:00,55935758.453055166
2025-01-15 13:06:00+09:00,56039535.37040777
2025-01-15 13:07:00+09:00,55784731.90523191
2025-01-15 13:08:00+09:00,55784731.90523191
2025-01-15 13:09:00+09:00,55784731.90523191
2025-01-15 13:10:00+09:00,55784731.90523191
2025-01-15 13:11:00+09:00,55784731.90523191
2025-01-15 13:12:00+09:00,55784731.90523191
2025-01-15 13:13:00+09:00,55784731.90523191
2025-01-15 13:14:00+09:00,55784731.90523191
2025-01-15 13:15:00+09:00,55784731.90523191
2025-01-15 13:16:00+09:00,55784731.90523191
2025-01-15 13:17:00+09:00,55784731.90523191
2025-01-15 13:18:00+09:00,55784731.90523191
2025-01-15 13:19:00+09:00,55784731.90523191
2025-01-15 13:20:00+09:00,55762418.01246982
2025-01-15 13:21:00+09:00,55611859.48383615
2025-01-15 13:22:00+09:00,55611859.48383615
2025-01-15 13:23:00+09:00,55611859.48383615
2025-01-15 13:24:00+09:00,55611859.48383615
2025-01-15 13:25:00+09:00,55611859.48383615
2025-01-15 13:26:00+09:00,55611859.48383615
2025-01-15 13:27:00+09:00,55611859.48383615
2025-01-15 13:28:00+09:00,55611859.48383615
2025-01-15 13:29:00+09:00,55611859.48383615
2025-01-15 13:30:00+09:00,55611859.48383615
2025-01-15 13:31:00+09:00,55611859.48383615
2025-01-15 13:32:00+09:00,55611859.48383615
2025-01-15 13:33:00+09:00,55611859.48383615
2025-01-15 13:34:00+09:00,55611859.48383615
2025-01-15 13:35:00+09:00,55611859.48383615
2025-01-15 13:36:00+09:00,55611859.48383615
2025-01-15 13:37:00+09:00,55611859.48383615
2025-01-15 13:38:00+09:00,55611859.48383615
2025-01-15 13:39:00+09:00,55589614.74004262
2025-01-15 13:40:00+09:00,55336856.99731812
2025-01-15 13:41:00+09:00,55336856.99731812
2025-01-15 13:42:00+09:00,55336856.99731812
2025-01-15 13:43:00+09:00,55336856.99731812
2025-01-15 13:44:00+09:00,55336856.99731812
2025-01-15 13:45:00+09:00,55336856.99731812
2025-01-15 13:46:00+09:00,55336856.99731812
2025-01-15 13:47:00+09:00,55336856.99731812
2025-01-15 13:48:00+09:00,55336856.99731812
2025-01-15 13:49:00+09:00,55336856.99731812
2025-01-15 13:50:00+09:00,55336856.99731812
2025-01-15 13:51:00+09:00,55336856.99731812
2025-01-15 13:52:00+09:00,55336856.99731812
2025-01-15 13:53:00+09:00,55336856.99731812
2025-01-15 13:54:00+09:00,55336856.99731812
2025-01-15 13:55:00+09:00,55336856.99731812
2025-01-15 13:56:00+09:00,55336856.99731812
2025-01-15 13:57:00+09:00,55336856.99731812
2025-01-15 13:58:00+09:00,55336856.99731812
2025-01-15 13:59:00+09:00,55336856.99731812
2025-01-15 14:00:00+09:00,55336856.99731812
2025-01-15 14:01:00+09:00,55336856.99731812
2025-01-15 14:02:00+09:00,55336856.99731812
2025-01-15 14:03:00+09:00,55336856.99731812
2025-01-15 14:04:00+09:00,55336856.99731812
2025-01-15 14:05:00+09:00,55336856.99731812
2025-01-15 14:06:00+09:00,55336856.99731812
2025-01-15 14:07:00+09:00,55336856.99731812
2025-01-15 14:08:00+09:00,55336856.99731812
2025-01-15 14:09:00+09:00,55336856.99731812
2025-01-15 14:10:00+09:00,55336856.99731812
2025-01-15 14:11:00+09:00,55336856.99731812
2025-01-15 14:12:00+09:00,55336856.99731812
2025-01-15 14:13:00+09:00,55336856.99731812
2025-01-15 14:14:00+09:00,55336856.99731812
2025-01-15 14:15:00+09:00,55336856.99731812
2025-01-15 14:16:00+09:00,55336856.99731812
2025-01-15 14:17:00+09:00,55336856.99731812
2025-01-15 14:18:00+09:00,55336856.99731812
2025-01-15 14:19:00+09:00,55336856.99731812
2025-01-15 14:20:00+09:00,55336856.99731812
2025-01-15 14:21:00+09:00,55336856.99731812
2025-01-15 14:22:00+09:00,55336856.99731812
2025-01-15 14:23:00+09:00,55336856.99731812
2025-01-15 14:24:00+09:00,55336856.99731812
2025-01-15 14:25:00+09:00,55336856.99731812
2025-01-15 14:26:00+09:00,55336856.99731812
2025-01-15 14:27:00+09:00,55336856.99731812
2025-01-15 14:28:00+09:00,55336856.99731812
2025-01-15 14:29:00+09:00,55336856.99731812
2025-01-15 14:30:00+09:00,55336856.99731812
2025-01-15 14:31:00+09:00,55336856.99731812
2025-01-15 14:32:00+09:00,55336856.99731812
2025-01-15 14:33:00+09:00,55336856.99731812
2025-01-15 14:34:00+09:00,55336856.99731812
2025-01-15 14:35:00+09:00,55336856.99731812
2025-01-15 14:36:00+09:00,55336856.99731812
2025-01-15 14:37:00+09:00,55336856.99731812
2025-01-15 14:38:00+09:00,55336856.99731812
2025-01-15 14:39:00+09:00,55336856.99731812
2025-01-15 14:40:00+09:00,55336856.99731812
2025-01-15 14:41:00+09:00,55336856.99731812
2025-01-15 14:42:00+09:00,55336856.99731812
2025-01-15 14:43:00+09:00,55336856.99731812
2025-01-15 14:44:00+09:00,55336856.99731812
2025-01-15 14:45:00+09:00,55336856.99731812
2025-01-15 14:46:00+09:00,55336856.99731812
2025-01-15 14:47:00+09:00,55336856.99731812
2025-01-15 14:48:00+09:00,55336856.99731812
2025-01-15 14:49:00+09:00,55336856.99731812
2025-01-15 14:50:00+09:00,55336856.99731812
2025-01-15 14:51:00+09:00,55336856.99731812
2025-01-15 14:52:00+09:00,55336856.99731812
2025-01-15 14:53:00+09:00,55336856.99731812
2025-01-15 14:54:00+09:00,55336856.99731812
2025-01-15 14:55:00+09:00,55336856.99731812
2025-01-15 14:56:00+09:00,55336856.99731812
2025-01-15 14:57:00+09:00,55336856.99731812
2025-01-15 14:58:00+09:00,55336856.99731812
2025-01-15 14:59:00+09:00,55336856.99731812
2025-01-15 15:00:00+09:00,55336856.99731812
2025-01-15 15:01:00+09:00,55336856.99731812
2025-01-15 15:02:00+09:00,55336856.99731812
2025-01-15 15:03:00+09:00,55336856.99731812
2025-01-15 15:04:00+09:00,55336856.99731812
2025-01-15 15:05:00+09:00,55336856.99731812
2025-01-15 15:06:00+09:00,55336856.99731812
2025-01-15 15:07:00+09:00,55336856.99731812
2025-01-15 15:08:00+09:00,55336856.99731812
2025-01-15 15:09:00+09:00,55336856.99731812
2025-01-15 15:10:00+09:00,55336856.99731812
2025-01-15 15:11:00+09:00,55336856.99731812
2025-01-15 15:12:00+09:00,55336856.99731812
2025-01-15 15:13:00+09:00,55336856.99731812
2025-01-15 15:14:00+09:00,55336856.99731812
2025-01-15 15:15:00+09:00,55336856.99731812
2025-01-15 15:16:00+09:00,55336856.99731812
2025-01-15 15:17:00+09:00,55336856.99731812
2025-01-15 15:18:00+09:00,55336856.99731812
2025-01-15 15:19:00+09:00,55336856.99731812
2025-01-15 15:30:00+09:00,55336856.99731812
2025-01-15 15:35:00+09:00,55336856.99731812
2025-01-16 09:00:00+09:00,55336856.99731812
2025-01-16 09:01:00+09:00,55336856.99731812
2025-01-16 09:02:00+09:00,55314722.254519194
2025-01-16 09:03:00+09:00,55518459.72138667
2025-01-16 09:04:00+09:00,55518459.72138667
2025-01-16 09:05:00+09:00,55518459.72138667
2025-01-16 09:06:00+09:00,55518459.72138667
2025-01-16 09:07:00+09:00,55518459.72138667
2025-01-16 09:08:00+09:00,55416590.98795294
2025-01-16 09:09:00+09:00,55416590.98795294
2025-01-16 09:10:00+09:00,55416590.98795294
2025-01-16 09:11:00+09:00,55416590.98795294
2025-01-16 09:12:00+09:00,55518459.721386686
2025-01-16 09:13:00+09:00,55518459.721386686
2025-01-16 09:14:00+09:00,55416590.987952955
2025-01-16 09:15:00+09:00,55314722.25451922
2025-01-16 09:16:00+09:00,55314722.25451922
2025-01-16 09:17:00+09:00,55314722.25451922
2025-01-16 09:18:00+09:00,55314722.25451922
2025-01-16 09:19:00+09:00,55518459.72138669
2025-01-16 09:20:00+09:00,55722197.18825416
2025-01-16 09:21:00+09:00,55620328.45482043
2025-01-16 09:22:00+09:00,55518459.72138669
2025-01-16 09:23:00+09:00,55620328.454820424
2025-01-16 09:24:00+09:00,55722197.18825416
2025-01-16 09:25:00+09:00,55722197.18825416
2025-01-16 09:26:00+09:00,55722197.18825416
2025-01-16 09:27:00+09:00,55824065.92168789
2025-01-16 09:28:00+09:00,55824065.92168789
2025-01-16 09:29:00+09:00,55824065.92168789
2025-01-16 09:30:00+09:00,55824065.92168789
2025-01-16 09:31:00+09:00,55824065.92168789
2025-01-16 09:32:00+09:00,55824065.92168789
2025-01-16 09:33:00+09:00,55824065.92168789
2025-01-16 09:34:00+09:00,55824065.92168789
2025-01-16 09:35:00+09:00,55824065.92168789
2025-01-16 09:36:00+09:00,55722197.188254155
2025-01-16 09:37:00+09:00,55824065.921687886
2025-01-16 09:38:00+09:00,55722197.18825415
2025-01-16 09:39:00+09:00,55925934.65512162
2025-01-16 09:40:00+09:00,55824065.92168788
2025-01-16 09:41:00+09:00,55925934.65512162
2025-01-16 09:42:00+09:00,55925934.65512162
2025-01-16 09:43:00+09:00,56027803.38855535
2025-01-16 09:44:00+09:00,56027803.38855535
2025-01-16 09:45:00+09:00,55925934.65512161
2025-01-16 09:46:00+09:00,55925934.65512161
2025-01-16 09:47:00+09:00,55824065.92168787
2025-01-16 09:48:00+09:00,55722197.18825413
2025-01-16 09:49:00+09:00,55824065.921687864
2025-01-16 09:50:00+09:00,55824065.921687864
2025-01-16 09:51:00+09:00,55824065.921687864
2025-01-16 09:52:00+09:00,55722197.188254125
2025-01-16 09:53:00+09:00,55722197.188254125
2025-01-16 09:54:00+09:00,55824065.92168786
2025-01-16 09:55:00+09:00,55722197.18825412
2025-01-16 09:56:00+09:00,55620328.45482039
2025-01-16 09:57:00+09:00,55620328.45482039
2025-01-16 09:58:00+09:00,55620328.45482039
2025-01-16 09:59:00+09:00,55470153.56799237
2025-01-16 10:00:00+09:00,55470153.56799237
2025-01-16 10:01:00+09:00,55470153.56799237
2025-01-16 10:02:00+09:00,55470153.56799237
2025-01-16 10:03:00+09:00,55470153.56799237
2025-01-16 10:04:00+09:00,55470153.56799237
2025-01-16 10:05:00+09:00,55470153.56799237
2025-01-16 10:06:00+09:00,55470153.56799237
2025-01-16 10:07:00+09:00,55470153.56799237
2025-01-16 10:08:00+09:00,55470153.56799237
2025-01-16 10:09:00+09:00,55470153.56799237
2025-01-16 10:10:00+09:00,55470153.56799237
2025-01-16 10:11:00+09:00,55470153.56799237
2025-01-16 10:12:00+09:00,55470153.56799237
2025-01-16 10:13:00+09:00,55470153.56799237
2025-01-16 10:14:00+09:00,55470153.56799237
2025-01-16 10:15:00+09:00,55470153.56799237
2025-01-16 10:16:00+09:00,55470153.56799237
2025-01-16 10:17:00+09:00,55470153.56799237
2025-01-16 10:18:00+09:00,55470153.56799237
2025-01-16 10:19:00+09:00,55470153.56799237
2025-01-16 10:20:00+09:00,55470153.56799237
2025-01-16 10:21:00+09:00,55470153.56799237
2025-01-16 10:22:00+09:00,55470153.56799237
2025-01-16 10:23:00+09:00,55470153.56799237
2025-01-16 10:24:00+09:00,55470153.56799237
2025-01-16 10:25:00+09:00,55470153.56799237
2025-01-16 10:26:00+09:00,55470153.56799237
2025-01-16 10:27:00+09:00,55470153.56799237
2025-01-16 10:28:00+09:00,55447965.506565176
2025-01-16 10:29:00+09:00,55399349.70353601
2025-01-16 10:30:00+09:00,55399349.70353601
2025-01-16 10:31:00+09:00,55399349.70353601
2025-01-16 10:32:00+09:00,55399349.70353601
2025-01-16 10:33:00+09:00,55399349.70353601
2025-01-16 10:34:00+09:00,55399349.70353601
2025-01-16 10:35:00+09:00,55399349.70353601
2025-01-16 10:36:00+09:00,55399349.70353601
2025-01-16 10:37:00+09:00,55399349.70353601
2025-01-16 10:38:00+09:00,55399349.70353601
2025-01-16 10:39:00+09:00,55399349.70353601
2025-01-16 10:40:00+09:00,55377189.9636546
2025-01-16 10:41:00+09:00,55478243.23001164
2025-01-16 10:42:00+09:00,55478243.23001164
2025-01-16 10:43:00+09:00,55478243.23001164
2025-01-16 10:44:00+09:00,55478243.23001164
2025-01-16 10:45:00+09:00,55377189.96365461
2025-01-16 10:46:00+09:00,55377189.96365461
2025-01-16 10:47:00+09:00,55478243.23001165
2025-01-16 10:48:00+09:00,55478243.23001165
2025-01-16 10:49:00+09:00,55377189.963654615
2025-01-16 10:50:00+09:00,55377189.963654615
2025-01-16 10:51:00+09:00,55478243.23001166
2025-01-16 10:52:00+09:00,55377189.96365462
2025-01-16 10:53:00+09:00,55377189.96365462
2025-01-16 10:54:00+09:00,55377189.96365462
2025-01-16 10:55:00+09:00,55478243.230011664
2025-01-16 10:56:00+09:00,55478243.230011664
2025-01-16 10:57:00+09:00,55377189.96365463
2025-01-16 10:58:00+09:00,55377189.96365463
2025-01-16 10:59:00+09:00,55478243.23001167
2025-01-16 11:00:00+09:00,55478243.23001167
2025-01-16 11:01:00+09:00,55377189.96365464
2025-01-16 11:02:00+09:00,55377189.96365464
2025-01-16 11:03:00+09:00,55377189.96365464
2025-01-16 11:04:00+09:00,55478243.23001168
2025-01-16 11:05:00+09:00,55377189.963654645
2025-01-16 11:06:00+09:00,55276136.69729761
2025-01-16 11:07:00+09:00,55175083.430940576
2025-01-16 11:08:00+09:00,55026110.70567703
2025-01-16 11:09:00+09:00,55026110.70567703
2025-01-16 11:10:00+09:00,55026110.70567703
2025-01-16 11:11:00+09:00,55026110.70567703
2025-01-16 11:12:00+09:00,55026110.70567703
2025-01-16 11:13:00+09:00,55026110.70567703
2025-01-16 11:14:00+09:00,55026110.70567703
2025-01-16 11:15:00+09:00,55026110.70567703
2025-01-16 11:16:00+09:00,55026110.70567703
2025-01-16 11:17:00+09:00,55026110.70567703
2025-01-16 11:18:00+09:00,55026110.70567703
2025-01-16 11:19:00+09:00,55026110.70567703
2025-01-16 11:20:00+09:00,55026110.70567703
2025-01-16 11:21:00+09:00,55026110.70567703
2025-01-16 11:22:00+09:00,55026110.70567703
2025-01-16 11:23:00+09:00,55026110.70567703
2025-01-16 11:24:00+09:00,55026110.70567703
2025-01-16 11:25:00+09:00,55026110.70567703
2025-01-16 11:26:00+09:00,55026110.70567703
2025-01-16 11:27:00+09:00,55026110.70567703
2025-01-16 11:28:00+09:00,55026110.70567703
2025-01-16 11:29:00+09:00,55026110.70567703
2025-01-16 11:30:00+09:00,55026110.70567703
2025-01-16 11:31:00+09:00,55026110.70567703
2025-01-16 11:32:00+09:00,55026110.70567703
2025-01-16 11:33:00+09:00,55026110.70567703
2025-01-16 11:34:00+09:00,55026110.70567703
2025-01-16 11:35:00+09:00,55026110.70567703
2025-01-16 11:36:00+09:00,55026110.70567703
2025-01-16 11:37:00+09:00,55026110.70567703
2025-01-16 11:38:00+09:00,55026110.70567703
2025-01-16 11:39:00+09:00,55026110.70567703
2025-01-16 11:40:00+09:00,55026110.70567703
2025-01-16 11:41:00+09:00,55026110.70567703
2025-01-16 11:42:00+09:00,55026110.70567703
2025-01-16 11:43:00+09:00,55026110.70567703
2025-01-16 11:44:00+09:00,55026110.70567703
2025-01-16 11:45:00+09:00,55026110.70567703
2025-01-16 11:46:00+09:00,55026110.70567703
2025-01-16 11:47:00+09:00,55026110.70567703
2025-01-16 11:48:00+09:00,55026110.70567703
2025-01-16 11:49:00+09:00,55026110.70567703
2025-01-16 11:50:00+09:00,55026110.70567703
2025-01-16 11:51:00+09:00,55026110.70567703
2025-01-16 11:52:00+09:00,55026110.70567703
2025-01-16 11:53:00+09:00,55026110.70567703
2025-01-16 11:54:00+09:00,55026110.70567703
2025-01-16 11:55:00+09:00,55026110.70567703
2025-01-16 11:56:00+09:00,55026110.70567703
2025-01-16 11:57:00+09:00,55026110.70567703
2025-01-16 11:58:00+09:00,55026110.70567703
2025-01-16 11:59:00+09:00,55026110.70567703
2025-01-16 12:00:00+09:00,55026110.70567703
2025-01-16 12:01:00+09:00,55026110.70567703
2025-01-16 12:02:00+09:00,55026110.70567703
2025-01-16 12:03:00+09:00,55026110.70567703
2025-01-16 12:04:00+09:00,55026110.70567703
2025-01-16 12:05:00+09:00,55026110.70567703
2025-01-16 12:06:00+09:00,55026110.70567703
2025-01-16 12:07:00+09:00,55026110.70567703
2025-01-16 12:08:00+09:00,55026110.70567703
2025-01-16 12:09:00+09:00,55026110.70567703
2025-01-16 12:10:00+09:00,55026110.70567703
2025-01-16 12:11:00+09:00,55026110.70567703
2025-01-16 12:12:00+09:00,55026110.70567703
2025-01-16 12:13:00+09:00,55026110.70567703
2025-01-16 12:14:00+09:00,55026110.70567703
2025-01-16 12:15:00+09:00,55026110.70567703
2025-01-16 12:16:00+09:00,55026110.70567703
2025-01-16 12:17:00+09:00,55026110.70567703
2025-01-16 12:18:00+09:00,55026110.70567703
2025-01-16 12:19:00+09:00,55026110.70567703
2025-01-16 12:20:00+09:00,55026110.70567703
2025-01-16 12:21:00+09:00,55026110.70567703
2025-01-16 12:22:00+09:00,55026110.70567703
2025-01-16 12:23:00+09:00,55026110.70567703
2025-01-16 12:24:00+09:00,55026110.70567703
2025-01-16 12:25:00+09:00,55026110.70567703
2025-01-16 12:26:00+09:00,55026110.70567703
2025-01-16 12:27:00+09:00,55026110.70567703
2025-01-16 12:28:00+09:00,55026110.70567703
2025-01-16 12:29:00+09:00,55026110.70567703
2025-01-16 12:30:00+09:00,55026110.70567703
2025-01-16 12:31:00+09:00,55026110.70567703
2025-01-16 12:32:00+09:00,55026110.70567703
2025-01-16 12:33:00+09:00,55026110.70567703
2025-01-16 12:34:00+09:00,55026110.70567703
2025-01-16 12:35:00+09:00,55026110.70567703
2025-01-16 12:36:00+09:00,55026110.70567703
2025-01-16 12:37:00+09:00,55026110.70567703
2025-01-16 12:38:00+09:00,55026110.70567703
2025-01-16 12:39:00+09:00,55026110.70567703
2025-01-16 12:40:00+09:00,55026110.70567703
2025-01-16 12:41:00+09:00,55026110.70567703
2025-01-16 12:42:00+09:00,55026110.70567703
2025-01-16 12:43:00+09:00,55026110.70567703
2025-01-16 12:44:00+09:00,55026110.70567703
2025-01-16 12:45:00+09:00,55026110.70567703
2025-01-16 12:46:00+09:00,55026110.70567703
2025-01-16 12:47:00+09:00,55026110.70567703
2025-01-16 12:48:00+09:00,55026110.70567703
2025-01-16 12:49:00+09:00,55026110.70567703
2025-01-16 12:50:00+09:00,55026110.70567703
2025-01-16 12:51:00+09:00,55026110.70567703
2025-01-16 12:52:00+09:00,55026110.70567703
2025-01-16 12:53:00+09:00,55026110.70567703
2025-01-16 12:54:00+09:00,55026110.70567703
2025-01-16 12:55:00+09:00,55026110.70567703
2025-01-16 12:56:00+09:00,55026110.70567703
2025-01-16 12:57:00+09:00,55026110.70567703
2025-01-16 12:58:00+09:00,55026110.70567703
2025-01-16 12:59:00+09:00,55026110.70567703
2025-01-16 13:00:00+09:00,55026110.70567703
2025-01-16 13:01:00+09:00,55026110.70567703
2025-01-16 13:02:00+09:00,55026110.70567703
2025-01-16 13:03:00+09:00,55026110.70567703
2025-01-16 13:04:00+09:00,55026110.70567703
2025-01-16 13:05:00+09:00,55026110.70567703
2025-01-16 13:06:00+09:00,55026110.70567703
2025-01-16 13:07:00+09:00,55026110.70567703
2025-01-16 13:08:00+09:00,55026110.70567703
2025-01-16 13:09:00+09:00,55026110.70567703
2025-01-16 13:10:00+09:00,55026110.70567703
2025-01-16 13:11:00+09:00,55026110.70567703
2025-01-16 13:12:00+09:00,55026110.70567703
2025-01-16 13:13:00+09:00,55026110.70567703
2025-01-16 13:14:00+09:00,55026110.70567703
2025-01-16 13:15:00+09:00,55026110.70567703
2025-01-16 13:16:00+09:00,55026110.70567703
2025-01-16 13:17:00+09:00,55026110.70567703
2025-01-16 13:18:00+09:00,55026110.70567703
2025-01-16 13:19:00+09:00,55026110.70567703
2025-01-16 13:20:00+09:00,55026110.70567703
2025-01-16 13:21:00+09:00,55026110.70567703
2025-01-16 13:22:00+09:00,55026110.70567703
2025-01-16 13:23:00+09:00,55026110.70567703
2025-01-16 13:24:00+09:00,55026110.70567703
2025-01-16 13:25:00+09:00,55026110.70567703
2025-01-16 13:26:00+09:00,55026110.70567703
2025-01-16 13:27:00+09:00,55026110.70567703
2025-01-16 13:28:00+09:00,55026110.70567703
2025-01-16 13:29:00+09:00,55026110.70567703
2025-01-16 13:30:00+09:00,55026110.70567703
2025-01-16 13:31:00+09:00,55026110.70567703
2025-01-16 13:32:00+09:00,55026110.70567703
2025-01-16 13:33:00+09:00,55026110.70567703
2025-01-16 13:34:00+09:00,55026110.70567703
2025-01-16 13:35:00+09:00,55026110.70567703
2025-01-16 13:36:00+09:00,55026110.70567703
2025-01-16 13:37:00+09:00,55026110.70567703
2025-01-16 13:38:00+09:00,55026110.70567703
2025-01-16 13:39:00+09:00,55026110.70567703
2025-01-16 13:40:00+09:00,55026110.70567703
2025-01-16 13:41:00+09:00,55026110.70567703
2025-01-16 13:42:00+09:00,55026110.70567703
2025-01-16 13:43:00+09:00,55026110.70567703
2025-01-16 13:44:00+09:00,55026110.70567703
2025-01-16 13:45:00+09:00,55026110.70567703
2025-01-16 13:46:00+09:00,55026110.70567703
2025-01-16 13:47:00+09:00,55026110.70567703
2025-01-16 13:48:00+09:00,55026110.70567703
2025-01-16 13:49:00+09:00,55026110.70567703
2025-01-16 13:50:00+09:00,55026110.70567703
2025-01-16 13:51:00+09:00,55026110.70567703
2025-01-16 13:52:00+09:00,55026110.70567703
2025-01-16 13:53:00+09:00,55026110.70567703
2025-01-16 13:54:00+09:00,55026110.70567703
2025-01-16 13:55:00+09:00,55004100.26139476
2025-01-16 13:56:00+09:00,55004100.26139476
2025-01-16 13:57:00+09:00,54902989.78297308
2025-01-16 13:58:00+09:00,55004100.26139477
2025-01-16 13:59:00+09:00,54902989.78297309
2025-01-16 14:00:00+09:00,55004100.26139478
2025-01-16 14:01:00+09:00,55004100.26139478
2025-01-16 14:02:00+09:00,54902989.782973096
2025-01-16 14:03:00+09:00,55004100.261394784
2025-01-16 14:04:00+09:00,54902989.7829731
2025-01-16 14:05:00+09:00,54902989.7829731
2025-01-16 14:06:00+09:00,55004100.26139479
2025-01-16 14:07:00+09:00,54902989.78297311
2025-01-16 14:08:00+09:00,55004100.2613948
2025-01-16 14:09:00+09:00,54902989.78297312
2025-01-16 14:10:00+09:00,55004100.261394806
2025-01-16 14:11:00+09:00,55004100.261394806
2025-01-16 14:12:00+09:00,55004100.261394806
2025-01-16 14:13:00+09:00,54902989.782973126
2025-01-16 14:14:00+09:00,54902989.782973126
2025-01-16 14:15:00+09:00,55004100.26139481
2025-01-16 14:16:00+09:00,55004100.26139481
2025-01-16 14:17:00+09:00,54902989.78297313
2025-01-16 14:18:00+09:00,54902989.78297313
2025-01-16 14:19:00+09:00,55004100.26139482
2025-01-16 14:20:00+09:00,54902989.78297314
2025-01-16 14:21:00+09:00,55004100.26139483
2025-01-16 14:22:00+09:00,55004100.26139483
2025-01-16 14:23:00+09:00,55004100.26139483
2025-01-16 14:24:00+09:00,55004100.26139483
2025-01-16 14:25:00+09:00,54902989.78297315
2025-01-16 14:26:00+09:00,54902989.78297315
2025-01-16 14:27:00+09:00,54754751.710559115
2025-01-16 14:28:00+09:00,54754751.710559115
2025-01-16 14:29:00+09:00,54754751.710559115
2025-01-16 14:30:00+09:00,54754751.710559115
2025-01-16 14:31:00+09:00,54754751.710559115
2025-01-16 14:32:00+09:00,54754751.710559115
2025-01-16 14:33:00+09:00,54754751.710559115
2025-01-16 14:34:00+09:00,54754751.710559115
2025-01-16 14:35:00+09:00,54754751.710559115
2025-01-16 14:36:00+09:00,54754751.710559115
2025-01-16 14:37:00+09:00,54754751.710559115
2025-01-16 14:38:00+09:00,54754751.710559115
2025-01-16 14:39:00+09:00,54754751.710559115
2025-01-16 14:40:00+09:00,54754751.710559115
2025-01-16 14:41:00+09:00,54754751.710559115
2025-01-16 14:42:00+09:00,54754751.710559115
2025-01-16 14:43:00+09:00,54754751.710559115
2025-01-16 14:44:00+09:00,54754751.710559115
2025-01-16 14:45:00+09:00,54754751.710559115
2025-01-16 14:46:00+09:00,54754751.710559115
2025-01-16 14:47:00+09:00,54754751.710559115
2025-01-16 14:48:00+09:00,54754751.710559115
2025-01-16 14:49:00+09:00,54754751.710559115
2025-01-16 14:50:00+09:00,54754751.710559115
2025-01-16 14:51:00+09:00,54754751.710559115
2025-01-16 14:52:00+09:00,54754751.710559115
2025-01-16 14:53:00+09:00,54754751.710559115
2025-01-16 14:54:00+09:00,54754751.710559115
2025-01-16 14:55:00+09:00,54754751.710559115
2025-01-16 14:56:00+09:00,54754751.710559115
2025-01-16 14:57:00+09:00,54754751.710559115
2025-01-16 14:58:00+09:00,54754751.710559115
2025-01-16 14:59:00+09:00,54754751.710559115
2025-01-16 15:00:00+09:00,54754751.710559115
2025-01-16 15:01:00+09:00,54754751.710559115
2025-01-16 15:02:00+09:00,54754751.710559115
2025-01-16 15:03:00+09:00,54754751.710559115
2025-01-16 15:04:00+09:00,54754751.710559115
2025-01-16 15:05:00+09:00,54754751.710559115
2025-01-16 15:06:00+09:00,54754751.710559115
2025-01-16 15:07:00+09:00,54754751.710559115
2025-01-16 15:08:00+09:00,54754751.710559115
2025-01-16 15:09:00+09:00,54754751.710559115
2025-01-16 15:10:00+09:00,54754751.710559115
2025-01-16 15:11:00+09:00,54754751.710559115
2025-01-16 15:12:00+09:00,54754751.710559115
2025-01-16 15:13:00+09:00,54754751.710559115
2025-01-16 15:14:00+09:00,54754751.710559115
2025-01-16 15:15:00+09:00,54754751.710559115
2025-01-16 15:16:00+09:00,54754751.710559115
2025-01-16 15:17:00+09:00,54754751.710559115
2025-01-16 15:18:00+09:00,54754751.710559115
2025-01-16 15:19:00+09:00,54754751.710559115
2025-01-16 15:30:00+09:00,54754751.710559115
2025-01-16 15:35:00+09:00,54754751.710559115
2025-01-17 09:00:00+09:00,54754751.710559115
2025-01-17 09:01:00+09:00,54754751.710559115
2025-01-17 09:02:00+09:00,54754751.710559115
2025-01-17 09:03:00+09:00,54754751.710559115
2025-01-17 09:04:00+09:00,54754751.710559115
2025-01-17 09:05:00+09:00,54754751.710559115
2025-01-17 09:06:00+09:00,54754751.710559115
2025-01-17 09:07:00+09:00,54754751.710559115
2025-01-17 09:08:00+09:00,54754751.710559115
2025-01-17 09:09:00+09:00,54754751.710559115
2025-01-17 09:10:00+09:00,54754751.710559115
2025-01-17 09:11:00+09:00,54754751.710559115
2025-01-17 09:12:00+09:00,54754751.710559115
2025-01-17 09:13:00+09:00,54754751.710559115
2025-01-17 09:14:00+09:00,54754751.710559115
2025-01-17 09:15:00+09:00,54754751.710559115
2025-01-17 09:16:00+09:00,54754751.710559115
2025-01-17 09:17:00+09:00,54754751.710559115
2025-01-17 09:18:00+09:00,54754751.710559115
2025-01-17 09:19:00+09:00,54754751.710559115
2025-01-17 09:20:00+09:00,54754751.710559115
2025-01-17 09:21:00+09:00,54754751.710559115
2025-01-17 09:22:00+09:00,54754751.710559115
2025-01-17 09:23:00+09:00,54754751.710559115
2025-01-17 09:24:00+09:00,54754751.710559115
2025-01-17 09:25:00+09:00,54754751.710559115
2025-01-17 09:26:00+09:00,54754751.710559115
2025-01-17 09:27:00+09:00,54754751.710559115
2025-01-17 09:28:00+09:00,54754751.710559115
2025-01-17 09:29:00+09:00,54754751.710559115
2025-01-17 09:30:00+09:00,54754751.710559115
2025-01-17 09:31:00+09:00,54754751.710559115
2025-01-17 09:32:00+09:00,54754751.710559115
2025-01-17 09:33:00+09:00,54754751.710559115
2025-01-17 09:34:00+09:00,54754751.710559115
2025-01-17 09:35:00+09:00,54754751.710559115
2025-01-17 09:36:00+09:00,54754751.710559115
2025-01-17 09:37:00+09:00,54754751.710559115
2025-01-17 09:38:00+09:00,54754751.710559115
2025-01-17 09:39:00+09:00,54754751.710559115
2025-01-17 09:40:00+09:00,54754751.710559115
2025-01-17 09:41:00+09:00,54754751.710559115
2025-01-17 09:42:00+09:00,54754751.710559115
2025-01-17 09:43:00+09:00,54754751.710559115
2025-01-17 09:44:00+09:00,54754751.710559115
2025-01-17 09:45:00+09:00,54754751.710559115
2025-01-17 09:46:00+09:00,54754751.710559115
2025-01-17 09:47:00+09:00,54754751.710559115
2025-01-17 09:48:00+09:00,54754751.710559115
2025-01-17 09:49:00+09:00,54754751.710559115
2025-01-17 09:50:00+09:00,54754751.710559115
2025-01-17 09:51:00+09:00,54754751.710559115
2025-01-17 09:52:00+09:00,54754751.710559115
2025-01-17 09:53:00+09:00,54754751.710559115
2025-01-17 09:54:00+09:00,54754751.710559115
2025-01-17 09:55:00+09:00,54754751.710559115
2025-01-17 09:56:00+09:00,54754751.710559115
2025-01-17 09:57:00+09:00,54754751.710559115
2025-01-17 09:58:00+09:00,54754751.710559115
2025-01-17 09:59:00+09:00,54754751.710559115
2025-01-17 10:00:00+09:00,54754751.710559115
2025-01-17 10:01:00+09:00,54754751.710559115
2025-01-17 10:02:00+09:00,54754751.710559115
2025-01-17 10:03:00+09:00,54754751.710559115
2025-01-17 10:04:00+09:00,54754751.710559115
2025-01-17 10:05:00+09:00,54754751.710559115
2025-01-17 10:06:00+09:00,54754751.710559115
2025-01-17 10:07:00+09:00,54754751.710559115
2025-01-17 10:08:00+09:00,54754751.710559115
2025-01-17 10:09:00+09:00,54754751.710559115
2025-01-17 10:10:00+09:00,54754751.710559115
2025-01-17 10:11:00+09:00,54754751.710559115
2025-01-17 10:12:00+09:00,54754751.710559115
2025-01-17 10:13:00+09:00,54754751.710559115
2025-01-17 10:14:00+09:00,54754751.710559115
2025-01-17 10:15:00+09:00,54754751.710559115
2025-01-17 10:16:00+09:00,54754751.710559115
2025-01-17 10:17:00+09:00,54754751.710559115
2025-01-17 10:18:00+09:00,54754751.710559115
2025-01-17 10:19:00+09:00,54754751.710559115
2025-01-17 10:20:00+09:00,54732849.80987489
2025-01-17 10:21:00+09:00,54585071.11538823
2025-01-17 10:22:00+09:00,54585071.11538823
2025-01-17 10:23:00+09:00,54585071.11538823
2025-01-17 10:24:00+09:00,54585071.11538823
2025-01-17 10:25:00+09:00,54585071.11538823
2025-01-17 10:26:00+09:00,54585071.11538823
2025-01-17 10:27:00+09:00,54585071.11538823
2025-01-17 10:28:00+09:00,54585071.11538823
2025-01-17 10:29:00+09:00,54585071.11538823
2025-01-17 10:30:00+09:00,54585071.11538823
2025-01-17 10:31:00+09:00,54585071.11538823
2025-01-17 10:32:00+09:00,54585071.11538823
2025-01-17 10:33:00+09:00,54585071.11538823
2025-01-17 10:34:00+09:00,54585071.11538823
2025-01-17 10:35:00+09:00,54585071.11538823
2025-01-17 10:36:00+09:00,54585071.11538823
2025-01-17 10:37:00+09:00,54585071.11538823
2025-01-17 10:38:00+09:00,54585071.11538823
2025-01-17 10:39:00+09:00,54585071.11538823
2025-01-17 10:40:00+09:00,54585071.11538823
2025-01-17 10:41:00+09:00,54585071.11538823
2025-01-17 10:42:00+09:00,54585071.11538823
2025-01-17 10:43:00+09:00,54585071.11538823
2025-01-17 10:44:00+09:00,54585071.11538823
2025-01-17 10:45:00+09:00,54585071.11538823
2025-01-17 10:46:00+09:00,54585071.11538823
2025-01-17 10:47:00+09:00,54585071.11538823
2025-01-17 10:48:00+09:00,54585071.11538823
2025-01-17 10:49:00+09:00,54585071.11538823
2025-01-17 10:50:00+09:00,54585071.11538823
2025-01-17 10:51:00+09:00,54585071.11538823
2025-01-17 10:52:00+09:00,54585071.11538823
2025-01-17 10:53:00+09:00,54585071.11538823
2025-01-17 10:54:00+09:00,54585071.11538823
2025-01-17 10:55:00+09:00,54585071.11538823
2025-01-17 10:56:00+09:00,54585071.11538823
2025-01-17 10:57:00+09:00,54585071.11538823
2025-01-17 10:58:00+09:00,54585071.11538823
2025-01-17 10:59:00+09:00,54585071.11538823
2025-01-17 11:00:00+09:00,54585071.11538823
2025-01-17 11:01:00+09:00,54585071.11538823
2025-01-17 11:02:00+09:00,54585071.11538823
2025-01-17 11:03:00+09:00,54585071.11538823
2025-01-17 11:04:00+09:00,54585071.11538823
2025-01-17 11:05:00+09:00,54585071.11538823
2025-01-17 11:06:00+09:00,54585071.11538823
2025-01-17 11:07:00+09:00,54585071.11538823
2025-01-17 11:08:00+09:00,54585071.11538823
2025-01-17 11:09:00+09:00,54585071.11538823
2025-01-17 11:10:00+09:00,54585071.11538823
2025-01-17 11:11:00+09:00,54585071.11538823
2025-01-17 11:12:00+09:00,54585071.11538823
2025-01-17 11:13:00+09:00,54585071.11538823
2025-01-17 11:14:00+09:00,54585071.11538823
2025-01-17 11:15:00+09:00,54585071.11538823
2025-01-17 11:16:00+09:00,54585071.11538823
2025-01-17 11:17:00+09:00,54585071.11538823
2025-01-17 11:18:00+09:00,54585071.11538823
2025-01-17 11:19:00+09:00,54585071.11538823
2025-01-17 11:20:00+09:00,54585071.11538823
2025-01-17 11:21:00+09:00,54585071.11538823
2025-01-17 11:22:00+09:00,54585071.11538823
2025-01-17 11:23:00+09:00,54585071.11538823
2025-01-17 11:24:00+09:00,54585071.11538823
2025-01-17 11:25:00+09:00,54585071.11538823
2025-01-17 11:26:00+09:00,54585071.11538823
2025-01-17 11:27:00+09:00,54585071.11538823
2025-01-17 11:28:00+09:00,54585071.11538823
2025-01-17 11:29:00+09:00,54585071.11538823
2025-01-17 11:30:00+09:00,54563237.08694208
2025-01-17 11:31:00+09:00,54563237.08694208
2025-01-17 11:32:00+09:00,54665415.43354683
2025-01-17 11:33:00+09:00,54563237.08694207
2025-01-17 11:34:00+09:00,54563237.08694207
2025-01-17 11:35:00+09:00,54563237.08694207
2025-01-17 11:36:00+09:00,54461058.74033731
2025-01-17 11:37:00+09:00,54563237.08694208
2025-01-17 11:38:00+09:00,54415916.34680733
2025-01-17 11:39:00+09:00,54415916.34680733
2025-01-17 11:40:00+09:00,54415916.34680733
2025-01-17 11:41:00+09:00,54415916.34680733
2025-01-17 11:42:00+09:00,54415916.34680733
2025-01-17 11:43:00+09:00,54415916.34680733
2025-01-17 11:44:00+09:00,54415916.34680733
2025-01-17 11:45:00+09:00,54415916.34680733
2025-01-17 11:46:00+09:00,54415916.34680733
2025-01-17 11:47:00+09:00,54415916.34680733
2025-01-17 11:48:00+09:00,54415916.34680733
2025-01-17 11:49:00+09:00,54394149.98026861
2025-01-17 11:50:00+09:00,54247285.775321886
2025-01-17 11:51:00+09:00,54247285.775321886
2025-01-17 11:52:00+09:00,54247285.775321886
2025-01-17 11:53:00+09:00,54247285.775321886
2025-01-17 11:54:00+09:00,54247285.775321886
2025-01-17 11:55:00+09:00,54247285.775321886
2025-01-17 11:56:00+09:00,54247285.775321886
2025-01-17 11:57:00+09:00,54247285.775321886
2025-01-17 11:58:00+09:00,54247285.775321886
2025-01-17 11:59:00+09:00,54247285.775321886
2025-01-17 12:00:00+09:00,54247285.775321886
2025-01-17 12:01:00+09:00,54225586.86101176
2025-01-17 12:02:00+09:00,54225586.86101176
2025-01-17 12:03:00+09:00,54327132.90382264
2025-01-17 12:04:00+09:00,54327132.90382264
2025-01-17 12:05:00+09:00,54225586.86101175
2025-01-17 12:06:00+09:00,54327132.90382263
2025-01-17 12:07:00+09:00,54225586.86101174
2025-01-17 12:08:00+09:00,54225586.86101174
2025-01-17 12:09:00+09:00,54225586.86101174
2025-01-17 12:10:00+09:00,54225586.86101174
2025-01-17 12:11:00+09:00,54327132.90382262
2025-01-17 12:12:00+09:00,54225586.861011736
2025-01-17 12:13:00+09:00,54327132.903822616
2025-01-17 12:14:00+09:00,54225586.86101173
2025-01-17 12:15:00+09:00,54225586.86101173
2025-01-17 12:16:00+09:00,54225586.86101173
2025-01-17 12:17:00+09:00,54124040.81820084
2025-01-17 12:18:00+09:00,53977905.9079917
2025-01-17 12:19:00+09:00,53977905.9079917
2025-01-17 12:20:00+09:00,53977905.9079917
2025-01-17 12:21:00+09:00,53977905.9079917
2025-01-17 12:22:00+09:00,53977905.9079917
2025-01-17 12:23:00+09:00,53977905.9079917
2025-01-17 12:24:00+09:00,53977905.9079917
2025-01-17 12:25:00+09:00,53977905.9079917
2025-01-17 12:26:00+09:00,53977905.9079917
2025-01-17 12:27:00+09:00,53977905.9079917
2025-01-17 12:28:00+09:00,53977905.9079917
2025-01-17 12:29:00+09:00,53977905.9079917
2025-01-17 12:30:00+09:00,53977905.9079917
2025-01-17 12:31:00+09:00,53977905.9079917
2025-01-17 12:32:00+09:00,53977905.9079917
2025-01-17 12:33:00+09:00,53977905.9079917
2025-01-17 12:34:00+09:00,53977905.9079917
2025-01-17 12:35:00+09:00,53977905.9079917
2025-01-17 12:36:00+09:00,53977905.9079917
2025-01-17 12:37:00+09:00,53977905.9079917
2025-01-17 12:38:00+09:00,53977905.9079917
2025-01-17 12:39:00+09:00,53977905.9079917
2025-01-17 12:40:00+09:00,53977905.9079917
2025-01-17 12:41:00+09:00,53977905.9079917
2025-01-17 12:42:00+09:00,53977905.9079917
2025-01-17 12:43:00+09:00,53977905.9079917
2025-01-17 12:44:00+09:00,53977905.9079917
2025-01-17 12:45:00+09:00,53977905.9079917
2025-01-17 12:46:00+09:00,53977905.9079917
2025-01-17 12:47:00+09:00,53977905.9079917
2025-01-17 12:48:00+09:00,53977905.9079917
2025-01-17 12:49:00+09:00,53977905.9079917
2025-01-17 12:50:00+09:00,53977905.9079917
2025-01-17 12:51:00+09:00,53977905.9079917
2025-01-17 12:52:00+09:00,53977905.9079917
2025-01-17 12:53:00+09:00,53977905.9079917
2025-01-17 12:54:00+09:00,53977905.9079917
2025-01-17 12:55:00+09:00,53977905.9079917
2025-01-17 12:56:00+09:00,53956314.745628506
2025-01-17 12:57:00+09:00,54057167.670386694
2025-01-17 12:58:00+09:00,54057167.670386694
2025-01-17 12:59:00+09:00,53956314.745628506
2025-01-17 13:00:00+09:00,53956314.745628506
2025-01-17 13:01:00+09:00,53956314.745628506
2025-01-17 13:02:00+09:00,54057167.670386694
2025-01-17 13:03:00+09:00,54057167.670386694
2025-01-17 13:04:00+09:00,53956314.745628506
2025-01-17 13:05:00+09:00,53956314.745628506
2025-01-17 13:06:00+09:00,53855461.82087032
2025-01-17 13:07:00+09:00,53956314.7456285
2025-01-17 13:08:00+09:00,53810632.6958153
2025-01-17 13:09:00+09:00,53810632.6958153
2025-01-17 13:10:00+09:00,53810632.6958153
2025-01-17 13:11:00+09:00,53810632.6958153
2025-01-17 13:12:00+09:00,53810632.6958153
2025-01-17 13:13:00+09:00,53810632.6958153
2025-01-17 13:14:00+09:00,53810632.6958153
2025-01-17 13:15:00+09:00,53810632.6958153
2025-01-17 13:16:00+09:00,53810632.6958153
2025-01-17 13:17:00+09:00,53810632.6958153
2025-01-17 13:18:00+09:00,53810632.6958153
2025-01-17 13:19:00+09:00,53810632.6958153
2025-01-17 13:20:00+09:00,53810632.6958153
2025-01-17 13:21:00+09:00,53789108.442736976
2025-01-17 13:22:00+09:00,53789108.442736976
2025-01-17 13:23:00+09:00,53688568.05312438
2025-01-17 13:24:00+09:00,53789108.44273697
2025-01-17 13:25:00+09:00,53643877.849941574
2025-01-17 13:26:00+09:00,53643877.849941574
2025-01-17 13:27:00+09:00,53643877.849941574
2025-01-17 13:28:00+09:00,53643877.849941574
2025-01-17 13:29:00+09:00,53643877.849941574
2025-01-17 13:30:00+09:00,53643877.849941574
2025-01-17 13:31:00+09:00,53643877.849941574
2025-01-17 13:32:00+09:00,53643877.849941574
2025-01-17 13:33:00+09:00,53643877.849941574
2025-01-17 13:34:00+09:00,53643877.849941574
2025-01-17 13:35:00+09:00,53643877.849941574
2025-01-17 13:36:00+09:00,53643877.849941574
2025-01-17 13:37:00+09:00,53622420.2988016
2025-01-17 13:38:00+09:00,53622420.2988016
2025-01-17 13:39:00+09:00,53622420.2988016
2025-01-17 13:40:00+09:00,53622420.2988016
2025-01-17 13:41:00+09:00,53522378.46988592
2025-01-17 13:42:00+09:00,53622420.2988016
2025-01-17 13:43:00+09:00,53622420.2988016
2025-01-17 13:44:00+09:00,53622420.2988016
2025-01-17 13:45:00+09:00,53522378.46988592
2025-01-17 13:46:00+09:00,53622420.2988016
2025-01-17 13:47:00+09:00,53522378.46988592
2025-01-17 13:48:00+09:00,53522378.46988592
2025-01-17 13:49:00+09:00,53477639.763994835
2025-01-17 13:50:00+09:00,53477639.763994835
2025-01-17 13:51:00+09:00,53477639.763994835
2025-01-17 13:52:00+09:00,53477639.763994835
2025-01-17 13:53:00+09:00,53477639.763994835
2025-01-17 13:54:00+09:00,53477639.763994835
2025-01-17 13:55:00+09:00,53477639.763994835
2025-01-17 13:56:00+09:00,53477639.763994835
2025-01-17 13:57:00+09:00,53477639.763994835
2025-01-17 13:58:00+09:00,53477639.763994835
2025-01-17 13:59:00+09:00,53477639.763994835
2025-01-17 14:00:00+09:00,53477639.763994835
2025-01-17 14:01:00+09:00,53477639.763994835
2025-01-17 14:02:00+09:00,53477639.763994835
2025-01-17 14:03:00+09:00,53477639.763994835
2025-01-17 14:04:00+09:00,53477639.763994835
2025-01-17 14:05:00+09:00,53477639.763994835
2025-01-17 14:06:00+09:00,53477639.763994835
2025-01-17 14:07:00+09:00,53477639.763994835
2025-01-17 14:08:00+09:00,53477639.763994835
2025-01-17 14:09:00+09:00,53477639.763994835
2025-01-17 14:10:00+09:00,53477639.763994835
2025-01-17 14:11:00+09:00,53477639.763994835
2025-01-17 14:12:00+09:00,53477639.763994835
2025-01-17 14:13:00+09:00,53477639.763994835
2025-01-17 14:14:00+09:00,53477639.763994835
2025-01-17 14:15:00+09:00,53477639.763994835
2025-01-17 14:16:00+09:00,53477639.763994835
2025-01-17 14:17:00+09:00,53477639.763994835
2025-01-17 14:18:00+09:00,53477639.763994835
2025-01-17 14:19:00+09:00,53477639.763994835
2025-01-17 14:20:00+09:00,53477639.763994835
2025-01-17 14:21:00+09:00,53477639.763994835
2025-01-17 14:22:00+09:00,53477639.763994835
2025-01-17 14:23:00+09:00,53477639.763994835
2025-01-17 14:24:00+09:00,53477639.763994835
2025-01-17 14:25:00+09:00,53477639.763994835
2025-01-17 14:26:00+09:00,53477639.763994835
2025-01-17 14:27:00+09:00,53477639.763994835
2025-01-17 14:28:00+09:00,53477639.763994835
2025-01-17 14:29:00+09:00,53477639.763994835
2025-01-17 14:30:00+09:00,53477639.763994835
2025-01-17 14:31:00+09:00,53477639.763994835
2025-01-17 14:32:00+09:00,53477639.763994835
2025-01-17 14:33:00+09:00,53477639.763994835
2025-01-17 14:34:00+09:00,53477639.763994835
2025-01-17 14:35:00+09:00,53477639.763994835
2025-01-17 14:36:00+09:00,53477639.763994835
2025-01-17 14:37:00+09:00,53477639.763994835
2025-01-17 14:38:00+09:00,53456248.70808924
2025-01-17 14:39:00+09:00,53556166.92997352
2025-01-17 14:40:00+09:00,53411565.27926259
2025-01-17 14:41:00+09:00,53411565.27926259
2025-01-17 14:42:00+09:00,53411565.27926259
2025-01-17 14:43:00+09:00,53411565.27926259
2025-01-17 14:44:00+09:00,53411565.27926259
2025-01-17 14:45:00+09:00,53411565.27926259
2025-01-17 14:46:00+09:00,53411565.27926259
2025-01-17 14:47:00+09:00,53411565.27926259
2025-01-17 14:48:00+09:00,53411565.27926259
2025-01-17 14:49:00+09:00,53411565.27926259
2025-01-17 14:50:00+09:00,53411565.27926259
2025-01-17 14:51:00+09:00,53411565.27926259
2025-01-17 14:52:00+09:00,53390200.65315089
2025-01-17 14:53:00+09:00,53390200.65315089
2025-01-17 14:54:00+09:00,53246047.11138738
2025-01-17 14:55:00+09:00,53246047.11138738
2025-01-17 14:56:00+09:00,53246047.11138738
2025-01-17 14:57:00+09:00,53246047.11138738
2025-01-17 14:58:00+09:00,53246047.11138738
2025-01-17 14:59:00+09:00,53246047.11138738
2025-01-17 15:00:00+09:00,53246047.11138738
2025-01-17 15:01:00+09:00,53246047.11138738
2025-01-17 15:02:00+09:00,53246047.11138738
2025-01-17 15:03:00+09:00,53246047.11138738
2025-01-17 15:04:00+09:00,53246047.11138738
2025-01-17 15:05:00+09:00,53224748.69254283
2025-01-17 15:06:00+09:00,53180444.571206056
2025-01-17 15:07:00+09:00,53180444.571206056
2025-01-17 15:08:00+09:00,53180444.571206056
2025-01-17 15:09:00+09:00,53180444.571206056
2025-01-17 15:10:00+09:00,53180444.571206056
2025-01-17 15:11:00+09:00,53180444.571206056
2025-01-17 15:12:00+09:00,53180444.571206056
2025-01-17 15:13:00+09:00,53180444.571206056
2025-01-17 15:14:00+09:00,53180444.571206056
2025-01-17 15:15:00+09:00,53180444.571206056
2025-01-17 15:16:00+09:00,53180444.571206056
2025-01-17 15:17:00+09:00,53180444.571206056
2025-01-17 15:18:00+09:00,53180444.571206056
2025-01-17 15:19:00+09:00,53180444.571206056
2025-01-17 15:30:00+09:00,53180444.571206056
2025-01-17 15:35:00+09:00,53180444.571206056
2025-01-20 09:00:00+09:00,53180444.571206056
2025-01-20 09:01:00+09:00,53180444.571206056
2025-01-20 09:02:00+09:00,53180444.571206056
2025-01-20 09:03:00+09:00,53180444.571206056
2025-01-20 09:04:00+09:00,53180444.571206056
2025-01-20 09:05:00+09:00,53180444.571206056
2025-01-20 09:06:00+09:00,53180444.571206056
2025-01-20 09:07:00+09:00,53180444.571206056
2025-01-20 09:08:00+09:00,53180444.571206056
2025-01-20 09:09:00+09:00,53180444.571206056
2025-01-20 09:10:00+09:00,53180444.571206056
2025-01-20 09:11:00+09:00,53180444.571206056
2025-01-20 09:12:00+09:00,53159172.39337757
2025-01-20 09:13:00+09:00,53258349.95381298
2025-01-20 09:14:00+09:00,53258349.95381298
2025-01-20 09:15:00+09:00,53357527.51424838
2025-01-20 09:16:00+09:00,53258349.95381297
2025-01-20 09:17:00+09:00,53258349.95381297
2025-01-20 09:18:00+09:00,53357527.51424837
2025-01-20 09:19:00+09:00,53357527.51424837
2025-01-20 09:20:00+09:00,53357527.51424837
2025-01-20 09:21:00+09:00,53357527.51424837
2025-01-20 09:22:00+09:00,53456705.07468378
2025-01-20 09:23:00+09:00,53357527.51424837
2025-01-20 09:24:00+09:00,53357527.51424837
2025-01-20 09:25:00+09:00,53357527.51424837
2025-01-20 09:26:00+09:00,53258349.953812964
2025-01-20 09:27:00+09:00,53258349.953812964
2025-01-20 09:28:00+09:00,53258349.953812964
2025-01-20 09:29:00+09:00,53159172.39337756
2025-01-20 09:30:00+09:00,53258349.953812964
2025-01-20 09:31:00+09:00,53258349.953812964
2025-01-20 09:32:00+09:00,53258349.953812964
2025-01-20 09:33:00+09:00,53258349.953812964
2025-01-20 09:34:00+09:00,53357527.51424836
2025-01-20 09:35:00+09:00,53258349.95381296
2025-01-20 09:36:00+09:00,53357527.514248356
2025-01-20 09:37:00+09:00,53357527.514248356
2025-01-20 09:38:00+09:00,53357527.514248356
2025-01-20 09:39:00+09:00,53357527.514248356
2025-01-20 09:40:00+09:00,53357527.514248356
2025-01-20 09:41:00+09:00,53357527.514248356
2025-01-20 09:42:00+09:00,53357527.514248356
2025-01-20 09:43:00+09:00,53357527.514248356
2025-01-20 09:44:00+09:00,53357527.514248356
2025-01-20 09:45:00+09:00,53357527.514248356
2025-01-20 09:46:00+09:00,53357527.514248356
2025-01-20 09:47:00+09:00,53357527.514248356
2025-01-20 09:48:00+09:00,53357527.514248356
2025-01-20 09:49:00+09:00,53357527.514248356
2025-01-20 09:50:00+09:00,53258349.95381295
2025-01-20 09:51:00+09:00,53357527.51424835
2025-01-20 09:52:00+09:00,53357527.51424835
2025-01-20 09:53:00+09:00,53357527.51424835
2025-01-20 09:54:00+09:00,53357527.51424835
2025-01-20 09:55:00+09:00,53258349.95381294
2025-01-20 09:56:00+09:00,53357527.51424834
2025-01-20 09:57:00+09:00,53114552.40893764
2025-01-20 09:58:00+09:00,53114552.40893764
2025-01-20 09:59:00+09:00,53114552.40893764
2025-01-20 10:00:00+09:00,53114552.40893764
2025-01-20 10:01:00+09:00,53114552.40893764
2025-01-20 10:02:00+09:00,53114552.40893764
2025-01-20 10:03:00+09:00,53114552.40893764
2025-01-20 10:04:00+09:00,53114552.40893764
2025-01-20 10:05:00+09:00,53114552.40893764
2025-01-20 10:06:00+09:00,53114552.40893764
2025-01-20 10:07:00+09:00,53114552.40893764
2025-01-20 10:08:00+09:00,53093306.587974064
2025-01-20 10:09:00+09:00,53093306.587974064
2025-01-20 10:10:00+09:00,53093306.587974064
2025-01-20 10:11:00+09:00,53093306.587974064
2025-01-20 10:12:00+09:00,53093306.587974064
2025-01-20 10:13:00+09:00,53093306.587974064
2025-01-20 10:14:00+09:00,52994620.144502
2025-01-20 10:15:00+09:00,53093306.587974064
2025-01-20 10:16:00+09:00,52949954.66018653
2025-01-20 10:17:00+09:00,52949954.66018653
2025-01-20 10:18:00+09:00,52949954.66018653
2025-01-20 10:19:00+09:00,52949954.66018653
2025-01-20 10:20:00+09:00,52949954.66018653
2025-01-20 10:21:00+09:00,52949954.66018653
2025-01-20 10:22:00+09:00,52949954.66018653
2025-01-20 10:23:00+09:00,52949954.66018653
2025-01-20 10:24:00+09:00,52949954.66018653
2025-01-20 10:25:00+09:00,52949954.66018653
2025-01-20 10:26:00+09:00,52949954.66018653
2025-01-20 10:27:00+09:00,52949954.66018653
2025-01-20 10:28:00+09:00,52949954.66018653
2025-01-20 10:29:00+09:00,52949954.66018653
2025-01-20 10:30:00+09:00,52949954.66018653
2025-01-20 10:31:00+09:00,52949954.66018653
2025-01-20 10:32:00+09:00,52949954.66018653
2025-01-20 10:33:00+09:00,52949954.66018653
2025-01-20 10:34:00+09:00,52949954.66018653
2025-01-20 10:35:00+09:00,52949954.66018653
2025-01-20 10:36:00+09:00,52949954.66018653
2025-01-20 10:37:00+09:00,52949954.66018653
2025-01-20 10:38:00+09:00,52949954.66018653
2025-01-20 10:39:00+09:00,52949954.66018653
2025-01-20 10:40:00+09:00,52949954.66018653
2025-01-20 10:41:00+09:00,52949954.66018653
2025-01-20 10:42:00+09:00,52949954.66018653
2025-01-20 10:43:00+09:00,52949954.66018653
2025-01-20 10:44:00+09:00,52949954.66018653
2025-01-20 10:45:00+09:00,52949954.66018653
2025-01-20 10:46:00+09:00,52949954.66018653
2025-01-20 10:47:00+09:00,52949954.66018653
2025-01-20 10:48:00+09:00,52949954.66018653
2025-01-20 10:49:00+09:00,52949954.66018653
2025-01-20 10:50:00+09:00,52949954.66018653
2025-01-20 10:51:00+09:00,52949954.66018653
2025-01-20 10:52:00+09:00,52949954.66018653
2025-01-20 10:53:00+09:00,52949954.66018653
2025-01-20 10:54:00+09:00,52949954.66018653
2025-01-20 10:55:00+09:00,52949954.66018653
2025-01-20 10:56:00+09:00,52949954.66018653
2025-01-20 10:57:00+09:00,52949954.66018653
2025-01-20 10:58:00+09:00,52949954.66018653
2025-01-20 10:59:00+09:00,52949954.66018653
2025-01-20 11:00:00+09:00,52949954.66018653
2025-01-20 11:01:00+09:00,52949954.66018653
2025-01-20 11:02:00+09:00,52949954.66018653
2025-01-20 11:03:00+09:00,52949954.66018653
2025-01-20 11:04:00+09:00,52949954.66018653
2025-01-20 11:05:00+09:00,52949954.66018653
2025-01-20 11:06:00+09:00,52949954.66018653
2025-01-20 11:07:00+09:00,52949954.66018653
2025-01-20 11:08:00+09:00,52949954.66018653
2025-01-20 11:09:00+09:00,52949954.66018653
2025-01-20 11:10:00+09:00,52949954.66018653
2025-01-20 11:11:00+09:00,52949954.66018653
2025-01-20 11:12:00+09:00,52949954.66018653
2025-01-20 11:13:00+09:00,52949954.66018653
2025-01-20 11:14:00+09:00,52949954.66018653
2025-01-20 11:15:00+09:00,52949954.66018653
2025-01-20 11:16:00+09:00,52949954.66018653
2025-01-20 11:17:00+09:00,52949954.66018653
2025-01-20 11:18:00+09:00,52949954.66018653
2025-01-20 11:19:00+09:00,52949954.66018653
2025-01-20 11:20:00+09:00,52949954.66018653
2025-01-20 11:21:00+09:00,52949954.66018653
2025-01-20 11:22:00+09:00,52949954.66018653
2025-01-20 11:23:00+09:00,52949954.66018653
2025-01-20 11:24:00+09:00,52949954.66018653
2025-01-20 11:25:00+09:00,52949954.66018653
2025-01-20 11:26:00+09:00,52949954.66018653
2025-01-20 11:27:00+09:00,52949954.66018653
2025-01-20 11:28:00+09:00,52949954.66018653
2025-01-20 11:29:00+09:00,52949954.66018653
2025-01-20 11:30:00+09:00,52949954.66018653
2025-01-20 11:31:00+09:00,52949954.66018653
2025-01-20 11:32:00+09:00,52949954.66018653
2025-01-20 11:33:00+09:00,52949954.66018653
2025-01-20 11:34:00+09:00,52949954.66018653
2025-01-20 11:35:00+09:00,52949954.66018653
2025-01-20 11:36:00+09:00,52949954.66018653
2025-01-20 11:37:00+09:00,52949954.66018653
2025-01-20 11:38:00+09:00,52949954.66018653
2025-01-20 11:39:00+09:00,52949954.66018653
2025-01-20 11:40:00+09:00,52949954.66018653
2025-01-20 11:41:00+09:00,52949954.66018653
2025-01-20 11:42:00+09:00,52949954.66018653
2025-01-20 11:43:00+09:00,52949954.66018653
2025-01-20 11:44:00+09:00,52949954.66018653
2025-01-20 11:45:00+09:00,52949954.66018653
2025-01-20 11:46:00+09:00,52949954.66018653
2025-01-20 11:47:00+09:00,52949954.66018653
2025-01-20 11:48:00+09:00,52949954.66018653
2025-01-20 11:49:00+09:00,52949954.66018653
2025-01-20 11:50:00+09:00,52949954.66018653
2025-01-20 11:51:00+09:00,52949954.66018653
2025-01-20 11:52:00+09:00,52949954.66018653
2025-01-20 11:53:00+09:00,52949954.66018653
2025-01-20 11:54:00+09:00,52949954.66018653
2025-01-20 11:55:00+09:00,52949954.66018653
2025-01-20 11:56:00+09:00,52949954.66018653
2025-01-20 11:57:00+09:00,52949954.66018653
2025-01-20 11:58:00+09:00,52949954.66018653
2025-01-20 11:59:00+09:00,52949954.66018653
2025-01-20 12:00:00+09:00,52949954.66018653
2025-01-20 12:01:00+09:00,52949954.66018653
2025-01-20 12:02:00+09:00,52949954.66018653
2025-01-20 12:03:00+09:00,52949954.66018653
2025-01-20 12:04:00+09:00,52949954.66018653
2025-01-20 12:05:00+09:00,52949954.66018653
2025-01-20 12:06:00+09:00,52949954.66018653
2025-01-20 12:07:00+09:00,52949954.66018653
2025-01-20 12:08:00+09:00,52928774.67832246
2025-01-20 12:09:00+09:00,52830026.96437036
2025-01-20 12:10:00+09:00,52928774.67832246
2025-01-20 12:11:00+09:00,52785866.98669098
2025-01-20 12:12:00+09:00,52785866.98669098
2025-01-20 12:13:00+09:00,52785866.98669098
2025-01-20 12:14:00+09:00,52785866.98669098
2025-01-20 12:15:00+09:00,52785866.98669098
2025-01-20 12:16:00+09:00,52785866.98669098
2025-01-20 12:17:00+09:00,52785866.98669098
2025-01-20 12:18:00+09:00,52785866.98669098
2025-01-20 12:19:00+09:00,52785866.98669098
2025-01-20 12:20:00+09:00,52785866.98669098
2025-01-20 12:21:00+09:00,52785866.98669098
2025-01-20 12:22:00+09:00,52764752.63989631
2025-01-20 12:23:00+09:00,52622287.80776859
2025-01-20 12:24:00+09:00,52622287.80776859
2025-01-20 12:25:00+09:00,52622287.80776859
2025-01-20 12:26:00+09:00,52622287.80776859
2025-01-20 12:27:00+09:00,52622287.80776859
2025-01-20 12:28:00+09:00,52622287.80776859
2025-01-20 12:29:00+09:00,52622287.80776859
2025-01-20 12:30:00+09:00,52622287.80776859
2025-01-20 12:31:00+09:00,52622287.80776859
2025-01-20 12:32:00+09:00,52622287.80776859
2025-01-20 12:33:00+09:00,52622287.80776859
2025-01-20 12:34:00+09:00,52601238.892645486
2025-01-20 12:35:00+09:00,52503102.2529204
2025-01-20 12:36:00+09:00,52503102.2529204
2025-01-20 12:37:00+09:00,52361343.87683751
2025-01-20 12:38:00+09:00,52361343.87683751
2025-01-20 12:39:00+09:00,52361343.87683751
2025-01-20 12:40:00+09:00,52361343.87683751
2025-01-20 12:41:00+09:00,52361343.87683751
2025-01-20 12:42:00+09:00,52361343.87683751
2025-01-20 12:43:00+09:00,52361343.87683751
2025-01-20 12:44:00+09:00,52361343.87683751
2025-01-20 12:45:00+09:00,52361343.87683751
2025-01-20 12:46:00+09:00,52361343.87683751
2025-01-20 12:47:00+09:00,52361343.87683751
2025-01-20 12:48:00+09:00,52361343.87683751
2025-01-20 12:49:00+09:00,52361343.87683751
2025-01-20 12:50:00+09:00,52361343.87683751
2025-01-20 12:51:00+09:00,52361343.87683751
2025-01-20 12:52:00+09:00,52361343.87683751
2025-01-20 12:53:00+09:00,52361343.87683751
2025-01-20 12:54:00+09:00,52361343.87683751
2025-01-20 12:55:00+09:00,52361343.87683751
2025-01-20 12:56:00+09:00,52361343.87683751
2025-01-20 12:57:00+09:00,52361343.87683751
2025-01-20 12:58:00+09:00,52361343.87683751
2025-01-20 12:59:00+09:00,52361343.87683751
2025-01-20 13:00:00+09:00,52361343.87683751
2025-01-20 13:01:00+09:00,52361343.87683751
2025-01-20 13:02:00+09:00,52361343.87683751
2025-01-20 13:03:00+09:00,52361343.87683751
2025-01-20 13:04:00+09:00,52361343.87683751
2025-01-20 13:05:00+09:00,52361343.87683751
2025-01-20 13:06:00+09:00,52361343.87683751
2025-01-20 13:07:00+09:00,52361343.87683751
2025-01-20 13:08:00+09:00,52361343.87683751
2025-01-20 13:09:00+09:00,52361343.87683751
2025-01-20 13:10:00+09:00,52361343.87683751
2025-01-20 13:11:00+09:00,52361343.87683751
2025-01-20 13:12:00+09:00,52361343.87683751
2025-01-20 13:13:00+09:00,52340399.339286774
2025-01-20 13:14:00+09:00,52199080.2610707
2025-01-20 13:15:00+09:00,52199080.2610707
2025-01-20 13:16:00+09:00,52199080.2610707
2025-01-20 13:17:00+09:00,52199080.2610707
2025-01-20 13:18:00+09:00,52199080.2610707
2025-01-20 13:19:00+09:00,52199080.2610707
2025-01-20 13:20:00+09:00,52199080.2610707
2025-01-20 13:21:00+09:00,52199080.2610707
2025-01-20 13:22:00+09:00,52199080.2610707
2025-01-20 13:23:00+09:00,52199080.2610707
2025-01-20 13:24:00+09:00,52199080.2610707
2025-01-20 13:25:00+09:00,52178200.62896627
2025-01-20 13:26:00+09:00,52275729.9759363
2025-01-20 13:27:00+09:00,52037319.48726806
2025-01-20 13:28:00+09:00,52037319.48726806
2025-01-20 13:29:00+09:00,52037319.48726806
2025-01-20 13:30:00+09:00,52037319.48726806
2025-01-20 13:31:00+09:00,52037319.48726806
2025-01-20 13:32:00+09:00,52037319.48726806
2025-01-20 13:33:00+09:00,52037319.48726806
2025-01-20 13:34:00+09:00,52037319.48726806
2025-01-20 13:35:00+09:00,52037319.48726806
2025-01-20 13:36:00+09:00,52037319.48726806
2025-01-20 13:37:00+09:00,52037319.48726806
2025-01-20 13:38:00+09:00,52037319.48726806
2025-01-20 13:39:00+09:00,52037319.48726806
2025-01-20 13:40:00+09:00,52037319.48726806
2025-01-20 13:41:00+09:00,52037319.48726806
2025-01-20 13:42:00+09:00,52037319.48726806
2025-01-20 13:43:00+09:00,52037319.48726806
2025-01-20 13:44:00+09:00,52037319.48726806
2025-01-20 13:45:00+09:00,52037319.48726806
2025-01-20 13:46:00+09:00,52037319.48726806
2025-01-20 13:47:00+09:00,52037319.48726806
2025-01-20 13:48:00+09:00,52037319.48726806
2025-01-20 13:49:00+09:00,52037319.48726806
2025-01-20 13:50:00+09:00,52037319.48726806
2025-01-20 13:51:00+09:00,52037319.48726806
2025-01-20 13:52:00+09:00,52037319.48726806
2025-01-20 13:53:00+09:00,52037319.48726806
2025-01-20 13:54:00+09:00,52037319.48726806
2025-01-20 13:55:00+09:00,52037319.48726806
2025-01-20 13:56:00+09:00,52037319.48726806
2025-01-20 13:57:00+09:00,52037319.48726806
2025-01-20 13:58:00+09:00,52037319.48726806
2025-01-20 13:59:00+09:00,52037319.48726806
2025-01-20 14:00:00+09:00,52037319.48726806
2025-01-20 14:01:00+09:00,52037319.48726806
2025-01-20 14:02:00+09:00,52037319.48726806
2025-01-20 14:03:00+09:00,52037319.48726806
2025-01-20 14:04:00+09:00,52037319.48726806
2025-01-20 14:05:00+09:00,52037319.48726806
2025-01-20 14:06:00+09:00,52037319.48726806
2025-01-20 14:07:00+09:00,52037319.48726806
2025-01-20 14:08:00+09:00,52037319.48726806
2025-01-20 14:09:00+09:00,52037319.48726806
2025-01-20 14:10:00+09:00,52037319.48726806
2025-01-20 14:11:00+09:00,52037319.48726806
2025-01-20 14:12:00+09:00,52037319.48726806
2025-01-20 14:13:00+09:00,52037319.48726806
2025-01-20 14:14:00+09:00,52037319.48726806
2025-01-20 14:15:00+09:00,52037319.48726806
2025-01-20 14:16:00+09:00,52037319.48726806
2025-01-20 14:17:00+09:00,52037319.48726806
2025-01-20 14:18:00+09:00,52037319.48726806
2025-01-20 14:19:00+09:00,52037319.48726806
2025-01-20 14:20:00+09:00,52037319.48726806
2025-01-20 14:21:00+09:00,52037319.48726806
2025-01-20 14:22:00+09:00,52037319.48726806
2025-01-20 14:23:00+09:00,52037319.48726806
2025-01-20 14:24:00+09:00,52037319.48726806
2025-01-20 14:25:00+09:00,52037319.48726806
2025-01-20 14:26:00+09:00,52037319.48726806
2025-01-20 14:27:00+09:00,52037319.48726806
2025-01-20 14:28:00+09:00,52037319.48726806
2025-01-20 14:29:00+09:00,52037319.48726806
2025-01-20 14:30:00+09:00,52016504.55947316
2025-01-20 14:31:00+09:00,52016504.55947316
2025-01-20 14:32:00+09:00,51919458.84201145
2025-01-20 14:33:00+09:00,51919458.84201145
2025-01-20 14:34:00+09:00,51779276.30313802
2025-01-20 14:35:00+09:00,51779276.30313802
2025-01-20 14:36:00+09:00,51779276.30313802
2025-01-20 14:37:00+09:00,51779276.30313802
2025-01-20 14:38:00+09:00,51779276.30313802
2025-01-20 14:39:00+09:00,51779276.30313802
2025-01-20 14:40:00+09:00,51779276.30313802
2025-01-20 14:41:00+09:00,51779276.30313802
2025-01-20 14:42:00+09:00,51779276.30313802
2025-01-20 14:43:00+09:00,51779276.30313802
2025-01-20 14:44:00+09:00,51779276.30313802
2025-01-20 14:45:00+09:00,51779276.30313802
2025-01-20 14:46:00+09:00,51758564.59261677
2025-01-20 14:47:00+09:00,51715480.91853171
2025-01-20 14:48:00+09:00,51715480.91853171
2025-01-20 14:49:00+09:00,51715480.91853171
2025-01-20 14:50:00+09:00,51715480.91853171
2025-01-20 14:51:00+09:00,51715480.91853171
2025-01-20 14:52:00+09:00,51715480.91853171
2025-01-20 14:53:00+09:00,51715480.91853171
2025-01-20 14:54:00+09:00,51715480.91853171
2025-01-20 14:55:00+09:00,51715480.91853171
2025-01-20 14:56:00+09:00,51715480.91853171
2025-01-20 14:57:00+09:00,51715480.91853171
2025-01-20 14:58:00+09:00,51715480.91853171
2025-01-20 14:59:00+09:00,51715480.91853171
2025-01-20 15:00:00+09:00,51715480.91853171
2025-01-20 15:01:00+09:00,51715480.91853171
2025-01-20 15:02:00+09:00,51715480.91853171
2025-01-20 15:03:00+09:00,51715480.91853171
2025-01-20 15:04:00+09:00,51715480.91853171
2025-01-20 15:05:00+09:00,51715480.91853171
2025-01-20 15:06:00+09:00,51715480.91853171
2025-01-20 15:07:00+09:00,51715480.91853171
2025-01-20 15:08:00+09:00,51715480.91853171
2025-01-20 15:09:00+09:00,51715480.91853171
2025-01-20 15:10:00+09:00,51715480.91853171
2025-01-20 15:11:00+09:00,51715480.91853171
2025-01-20 15:12:00+09:00,51715480.91853171
2025-01-20 15:13:00+09:00,51715480.91853171
2025-01-20 15:14:00+09:00,51715480.91853171
2025-01-20 15:15:00+09:00,51715480.91853171
2025-01-20 15:16:00+09:00,51715480.91853171
2025-01-20 15:17:00+09:00,51715480.91853171
2025-01-20 15:18:00+09:00,51715480.91853171
2025-01-20 15:19:00+09:00,51715480.91853171
2025-01-20 15:30:00+09:00,51715480.91853171
2025-01-20 15:35:00+09:00,51715480.91853171
2025-01-21 09:00:00+09:00,51715480.91853171
2025-01-21 09:01:00+09:00,51715480.91853171
2025-01-21 09:02:00+09:00,51715480.91853171
2025-01-21 09:03:00+09:00,51715480.91853171
2025-01-21 09:04:00+09:00,51715480.91853171
2025-01-21 09:05:00+09:00,51694794.726164296
2025-01-21 09:06:00+09:00,51599240.57694773
2025-01-21 09:07:00+09:00,51599240.57694773
2025-01-21 09:08:00+09:00,51599240.57694773
2025-01-21 09:09:00+09:00,51599240.57694773
2025-01-21 09:10:00+09:00,51790348.875380866
2025-01-21 09:11:00+09:00,51885903.02459744
2025-01-21 09:12:00+09:00,51694794.7261643
2025-01-21 09:13:00+09:00,51694794.7261643
2025-01-21 09:14:00+09:00,51694794.7261643
2025-01-21 09:15:00+09:00,51694794.7261643
2025-01-21 09:16:00+09:00,51694794.7261643
2025-01-21 09:17:00+09:00,51694794.7261643
2025-01-21 09:18:00+09:00,51599240.576947734
2025-01-21 09:19:00+09:00,51599240.576947734
2025-01-21 09:20:00+09:00,51599240.576947734
2025-01-21 09:21:00+09:00,51599240.576947734
2025-01-21 09:22:00+09:00,51503686.427731164
2025-01-21 09:23:00+09:00,51408132.278514594
2025-01-21 09:24:00+09:00,51408132.278514594
2025-01-21 09:25:00+09:00,51503686.427731164
2025-01-21 09:26:00+09:00,51503686.427731164
2025-01-21 09:27:00+09:00,51503686.427731164
2025-01-21 09:28:00+09:00,51503686.427731164
2025-01-21 09:29:00+09:00,51503686.427731164
2025-01-21 09:30:00+09:00,51503686.427731164
2025-01-21 09:31:00+09:00,51599240.57694773
2025-01-21 09:32:00+09:00,51599240.57694773
2025-01-21 09:33:00+09:00,51599240.57694773
2025-01-21 09:34:00+09:00,51599240.57694773
2025-01-21 09:35:00+09:00,51503686.42773116
2025-01-21 09:36:00+09:00,51408132.27851459
2025-01-21 09:37:00+09:00,51503686.42773116
2025-01-21 09:38:00+09:00,51503686.42773116
2025-01-21 09:39:00+09:00,51312578.12929802
2025-01-21 09:40:00+09:00,51408132.27851459
2025-01-21 09:41:00+09:00,51269330.32136259
2025-01-21 09:42:00+09:00,51269330.32136259
2025-01-21 09:43:00+09:00,51269330.32136259
2025-01-21 09:44:00+09:00,51269330.32136259
2025-01-21 09:45:00+09:00,51269330.32136259
2025-01-21 09:46:00+09:00,51269330.32136259
2025-01-21 09:47:00+09:00,51269330.32136259
2025-01-21 09:48:00+09:00,51269330.32136259
2025-01-21 09:49:00+09:00,51269330.32136259
2025-01-21 09:50:00+09:00,51269330.32136259
2025-01-21 09:51:00+09:00,51269330.32136259
2025-01-21 09:52:00+09:00,51269330.32136259
2025-01-21 09:53:00+09:00,51269330.32136259
2025-01-21 09:54:00+09:00,51269330.32136259
2025-01-21 09:55:00+09:00,51269330.32136259
2025-01-21 09:56:00+09:00,51269330.32136259
2025-01-21 09:57:00+09:00,51269330.32136259
2025-01-21 09:58:00+09:00,51269330.32136259
2025-01-21 09:59:00+09:00,51269330.32136259
2025-01-21 10:00:00+09:00,51269330.32136259
2025-01-21 10:01:00+09:00,51269330.32136259
2025-01-21 10:02:00+09:00,51269330.32136259
2025-01-21 10:03:00+09:00,51269330.32136259
2025-01-21 10:04:00+09:00,51269330.32136259
2025-01-21 10:05:00+09:00,51269330.32136259
2025-01-21 10:06:00+09:00,51269330.32136259
2025-01-21 10:07:00+09:00,51269330.32136259
2025-01-21 10:08:00+09:00,51269330.32136259
2025-01-21 10:09:00+09:00,51269330.32136259
2025-01-21 10:10:00+09:00,51269330.32136259
2025-01-21 10:11:00+09:00,51269330.32136259
2025-01-21 10:12:00+09:00,51269330.32136259
2025-01-21 10:13:00+09:00,51269330.32136259
2025-01-21 10:14:00+09:00,51269330.32136259
2025-01-21 10:15:00+09:00,51269330.32136259
2025-01-21 10:16:00+09:00,51269330.32136259
2025-01-21 10:17:00+09:00,51269330.32136259
2025-01-21 10:18:00+09:00,51269330.32136259
2025-01-21 10:19:00+09:00,51269330.32136259
2025-01-21 10:20:00+09:00,51269330.32136259
2025-01-21 10:21:00+09:00,51269330.32136259
2025-01-21 10:22:00+09:00,51269330.32136259
2025-01-21 10:23:00+09:00,51269330.32136259
2025-01-21 10:24:00+09:00,51269330.32136259
2025-01-21 10:25:00+09:00,51269330.32136259
2025-01-21 10:26:00+09:00,51269330.32136259
2025-01-21 10:27:00+09:00,51269330.32136259
2025-01-21 10:28:00+09:00,51269330.32136259
2025-01-21 10:29:00+09:00,51269330.32136259
2025-01-21 10:30:00+09:00,51269330.32136259
2025-01-21 10:31:00+09:00,51269330.32136259
2025-01-21 10:32:00+09:00,51269330.32136259
2025-01-21 10:33:00+09:00,51269330.32136259
2025-01-21 10:34:00+09:00,51269330.32136259
2025-01-21 10:35:00+09:00,51269330.32136259
2025-01-21 10:36:00+09:00,51269330.32136259
2025-01-21 10:37:00+09:00,51269330.32136259
2025-01-21 10:38:00+09:00,51269330.32136259
2025-01-21 10:39:00+09:00,51269330.32136259
2025-01-21 10:40:00+09:00,51269330.32136259
2025-01-21 10:41:00+09:00,51269330.32136259
2025-01-21 10:42:00+09:00,51269330.32136259
2025-01-21 10:43:00+09:00,51269330.32136259
2025-01-21 10:44:00+09:00,51269330.32136259
2025-01-21 10:45:00+09:00,51269330.32136259
2025-01-21 10:46:00+09:00,51269330.32136259
2025-01-21 10:47:00+09:00,51269330.32136259
2025-01-21 10:48:00+09:00,51269330.32136259
2025-01-21 10:49:00+09:00,51269330.32136259
2025-01-21 10:50:00+09:00,51269330.32136259
2025-01-21 10:51:00+09:00,51269330.32136259
2025-01-21 10:52:00+09:00,51269330.32136259
2025-01-21 10:53:00+09:00,51269330.32136259
2025-01-21 10:54:00+09:00,51269330.32136259
2025-01-21 10:55:00+09:00,51269330.32136259
2025-01-21 10:56:00+09:00,51269330.32136259
2025-01-21 10:57:00+09:00,51269330.32136259
2025-01-21 10:58:00+09:00,51269330.32136259
2025-01-21 10:59:00+09:00,51269330.32136259
2025-01-21 11:00:00+09:00,51269330.32136259
2025-01-21 11:01:00+09:00,51269330.32136259
2025-01-21 11:02:00+09:00,51269330.32136259
2025-01-21 11:03:00+09:00,51269330.32136259
2025-01-21 11:04:00+09:00,51269330.32136259
2025-01-21 11:05:00+09:00,51269330.32136259
2025-01-21 11:06:00+09:00,51269330.32136259
2025-01-21 11:07:00+09:00,51269330.32136259
2025-01-21 11:08:00+09:00,51269330.32136259
2025-01-21 11:09:00+09:00,51269330.32136259
2025-01-21 11:10:00+09:00,51269330.32136259
2025-01-21 11:11:00+09:00,51269330.32136259
2025-01-21 11:12:00+09:00,51269330.32136259
2025-01-21 11:13:00+09:00,51269330.32136259
2025-01-21 11:14:00+09:00,51269330.32136259
2025-01-21 11:15:00+09:00,51269330.32136259
2025-01-21 11:16:00+09:00,51269330.32136259
2025-01-21 11:17:00+09:00,51269330.32136259
2025-01-21 11:18:00+09:00,51269330.32136259
2025-01-21 11:19:00+09:00,51269330.32136259
2025-01-21 11:20:00+09:00,51269330.32136259
2025-01-21 11:21:00+09:00,51269330.32136259
2025-01-21 11:22:00+09:00,51269330.32136259
2025-01-21 11:23:00+09:00,51269330.32136259
2025-01-21 11:24:00+09:00,51269330.32136259
2025-01-21 11:25:00+09:00,51269330.32136259
2025-01-21 11:26:00+09:00,51269330.32136259
2025-01-21 11:27:00+09:00,51269330.32136259
2025-01-21 11:28:00+09:00,51269330.32136259
2025-01-21 11:29:00+09:00,51269330.32136259
2025-01-21 11:30:00+09:00,51269330.32136259
2025-01-21 11:31:00+09:00,51269330.32136259
2025-01-21 11:32:00+09:00,51269330.32136259
2025-01-21 11:33:00+09:00,51248822.58923405
2025-01-21 11:34:00+09:00,51248822.58923405
2025-01-21 11:35:00+09:00,51153030.39747847
2025-01-21 11:36:00+09:00,51153030.39747847
2025-01-21 11:37:00+09:00,51014917.21540528
2025-01-21 11:38:00+09:00,51014917.21540528
2025-01-21 11:39:00+09:00,51014917.21540528
2025-01-21 11:40:00+09:00,51014917.21540528
2025-01-21 11:41:00+09:00,51014917.21540528
2025-01-21 11:42:00+09:00,51014917.21540528
2025-01-21 11:43:00+09:00,51014917.21540528
2025-01-21 11:44:00+09:00,51014917.21540528
2025-01-21 11:45:00+09:00,51014917.21540528
2025-01-21 11:46:00+09:00,51014917.21540528
2025-01-21 11:47:00+09:00,51014917.21540528
2025-01-21 11:48:00+09:00,51014917.21540528
2025-01-21 11:49:00+09:00,50994511.248519115
2025-01-21 11:50:00+09:00,51089828.091974296
2025-01-21 11:51:00+09:00,50994511.248519115
2025-01-21 11:52:00+09:00,50994511.248519115
2025-01-21 11:53:00+09:00,50994511.248519115
2025-01-21 11:54:00+09:00,51089828.091974296
2025-01-21 11:55:00+09:00,50994511.248519115
2025-01-21 11:56:00+09:00,51089828.091974296
2025-01-21 11:57:00+09:00,51185144.935429476
2025-01-21 11:58:00+09:00,50994511.24851912
2025-01-21 11:59:00+09:00,51089828.0919743
2025-01-21 12:00:00+09:00,50994511.24851912
2025-01-21 12:01:00+09:00,50994511.24851912
2025-01-21 12:02:00+09:00,51089828.0919743
2025-01-21 12:03:00+09:00,50994511.24851912
2025-01-21 12:04:00+09:00,51089828.0919743
2025-01-21 12:05:00+09:00,51089828.0919743
2025-01-21 12:06:00+09:00,50994511.24851912
2025-01-21 12:07:00+09:00,51089828.0919743
2025-01-21 12:08:00+09:00,51089828.0919743
2025-01-21 12:09:00+09:00,51089828.0919743
2025-01-21 12:10:00+09:00,51089828.0919743
2025-01-21 12:11:00+09:00,51089828.0919743
2025-01-21 12:12:00+09:00,50994511.24851912
2025-01-21 12:13:00+09:00,51089828.0919743
2025-01-21 12:14:00+09:00,50951885.55612597
2025-01-21 12:15:00+09:00,50951885.55612597
2025-01-21 12:16:00+09:00,50951885.55612597
2025-01-21 12:17:00+09:00,50951885.55612597
2025-01-21 12:18:00+09:00,50951885.55612597
2025-01-21 12:19:00+09:00,50951885.55612597
2025-01-21 12:20:00+09:00,50951885.55612597
2025-01-21 12:21:00+09:00,50951885.55612597
2025-01-21 12:22:00+09:00,50951885.55612597
2025-01-21 12:23:00+09:00,50951885.55612597
2025-01-21 12:24:00+09:00,50951885.55612597
2025-01-21 12:25:00+09:00,50931504.80190352
2025-01-21 12:26:00+09:00,50836836.57736467
2025-01-21 12:27:00+09:00,50836836.57736467
2025-01-21 12:28:00+09:00,50931504.801903516
2025-01-21 12:29:00+09:00,50836836.57736466
2025-01-21 12:30:00+09:00,50836836.57736466
2025-01-21 12:31:00+09:00,50931504.80190351
2025-01-21 12:32:00+09:00,50836836.57736465
2025-01-21 12:33:00+09:00,50931504.8019035
2025-01-21 12:34:00+09:00,50836836.577364646
2025-01-21 12:35:00+09:00,50931504.80190349
2025-01-21 12:36:00+09:00,50836836.57736464
2025-01-21 12:37:00+09:00,50931504.801903486
2025-01-21 12:38:00+09:00,50931504.801903486
2025-01-21 12:39:00+09:00,50931504.801903486
2025-01-21 12:40:00+09:00,50931504.801903486
2025-01-21 12:41:00+09:00,51026173.02644234
2025-01-21 12:42:00+09:00,50931504.801903486
2025-01-21 12:43:00+09:00,50931504.801903486
2025-01-21 12:44:00+09:00,51026173.02644234
2025-01-21 12:45:00+09:00,50931504.801903486
2025-01-21 12:46:00+09:00,51026173.02644234
2025-01-21 12:47:00+09:00,51026173.02644234
2025-01-21 12:48:00+09:00,50931504.801903486
2025-01-21 12:49:00+09:00,51026173.02644234
2025-01-21 12:50:00+09:00,51026173.02644234
2025-01-21 12:51:00+09:00,51026173.02644234
2025-01-21 12:52:00+09:00,50931504.801903486
2025-01-21 12:53:00+09:00,51026173.02644234
2025-01-21 12:54:00+09:00,50931504.801903486
2025-01-21 12:55:00+09:00,51026173.02644234
2025-01-21 12:56:00+09:00,50931504.801903486
2025-01-21 12:57:00+09:00,51026173.02644234
2025-01-21 12:58:00+09:00,50931504.801903486
2025-01-21 12:59:00+09:00,51026173.02644234
2025-01-21 13:00:00+09:00,51026173.02644234
2025-01-21 13:01:00+09:00,51026173.02644234
2025-01-21 13:02:00+09:00,51026173.02644234
2025-01-21 13:03:00+09:00,51026173.02644234
2025-01-21 13:04:00+09:00,50931504.801903486
2025-01-21 13:05:00+09:00,50931504.801903486
2025-01-21 13:06:00+09:00,50931504.801903486
2025-01-21 13:07:00+09:00,50931504.801903486
2025-01-21 13:08:00+09:00,50931504.801903486
2025-01-21 13:09:00+09:00,50931504.801903486
2025-01-21 13:10:00+09:00,50931504.801903486
2025-01-21 13:11:00+09:00,50836836.57736463
2025-01-21 13:12:00+09:00,50931504.80190348
2025-01-21 13:13:00+09:00,50699577.11860575
2025-01-21 13:14:00+09:00,50699577.11860575
2025-01-21 13:15:00+09:00,50699577.11860575
2025-01-21 13:16:00+09:00,50699577.11860575
2025-01-21 13:17:00+09:00,50699577.11860575
2025-01-21 13:18:00+09:00,50699577.11860575
2025-01-21 13:19:00+09:00,50699577.11860575
2025-01-21 13:20:00+09:00,50699577.11860575
2025-01-21 13:21:00+09:00,50699577.11860575
2025-01-21 13:22:00+09:00,50699577.11860575
2025-01-21 13:23:00+09:00,50699577.11860575
2025-01-21 13:24:00+09:00,50699577.11860575
2025-01-21 13:25:00+09:00,50699577.11860575
2025-01-21 13:26:00+09:00,50699577.11860575
2025-01-21 13:27:00+09:00,50699577.11860575
2025-01-21 13:28:00+09:00,50699577.11860575
2025-01-21 13:29:00+09:00,50699577.11860575
2025-01-21 13:30:00+09:00,50699577.11860575
2025-01-21 13:31:00+09:00,50699577.11860575
2025-01-21 13:32:00+09:00,50699577.11860575
2025-01-21 13:33:00+09:00,50699577.11860575
2025-01-21 13:34:00+09:00,50699577.11860575
2025-01-21 13:35:00+09:00,50699577.11860575
2025-01-21 13:36:00+09:00,50699577.11860575
2025-01-21 13:37:00+09:00,50699577.11860575
2025-01-21 13:38:00+09:00,50699577.11860575
2025-01-21 13:39:00+09:00,50699577.11860575
2025-01-21 13:40:00+09:00,50699577.11860575
2025-01-21 13:41:00+09:00,50699577.11860575
2025-01-21 13:42:00+09:00,50699577.11860575
2025-01-21 13:43:00+09:00,50699577.11860575
2025-01-21 13:44:00+09:00,50699577.11860575
2025-01-21 13:45:00+09:00,50699577.11860575
2025-01-21 13:46:00+09:00,50699577.11860575
2025-01-21 13:47:00+09:00,50699577.11860575
2025-01-21 13:48:00+09:00,50699577.11860575
2025-01-21 13:49:00+09:00,50699577.11860575
2025-01-21 13:50:00+09:00,50699577.11860575
2025-01-21 13:51:00+09:00,50699577.11860575
2025-01-21 13:52:00+09:00,50699577.11860575
2025-01-21 13:53:00+09:00,50699577.11860575
2025-01-21 13:54:00+09:00,50699577.11860575
2025-01-21 13:55:00+09:00,50699577.11860575
2025-01-21 13:56:00+09:00,50699577.11860575
2025-01-21 13:57:00+09:00,50699577.11860575
2025-01-21 13:58:00+09:00,50699577.11860575
2025-01-21 13:59:00+09:00,50699577.11860575
2025-01-21 14:00:00+09:00,50699577.11860575
2025-01-21 14:01:00+09:00,50699577.11860575
2025-01-21 14:02:00+09:00,50699577.11860575
2025-01-21 14:03:00+09:00,50699577.11860575
2025-01-21 14:04:00+09:00,50699577.11860575
2025-01-21 14:05:00+09:00,50699577.11860575
2025-01-21 14:06:00+09:00,50699577.11860575
2025-01-21 14:07:00+09:00,50699577.11860575
2025-01-21 14:08:00+09:00,50699577.11860575
2025-01-21 14:09:00+09:00,50699577.11860575
2025-01-21 14:10:00+09:00,50699577.11860575
2025-01-21 14:11:00+09:00,50699577.11860575
2025-01-21 14:12:00+09:00,50699577.11860575
2025-01-21 14:13:00+09:00,50699577.11860575
2025-01-21 14:14:00+09:00,50699577.11860575
2025-01-21 14:15:00+09:00,50699577.11860575
2025-01-21 14:16:00+09:00,50699577.11860575
2025-01-21 14:17:00+09:00,50699577.11860575
2025-01-21 14:18:00+09:00,50699577.11860575
2025-01-21 14:19:00+09:00,50699577.11860575
2025-01-21 14:20:00+09:00,50699577.11860575
2025-01-21 14:21:00+09:00,50699577.11860575
2025-01-21 14:22:00+09:00,50699577.11860575
2025-01-21 14:23:00+09:00,50699577.11860575
2025-01-21 14:24:00+09:00,50699577.11860575
2025-01-21 14:25:00+09:00,50699577.11860575
2025-01-21 14:26:00+09:00,50699577.11860575
2025-01-21 14:27:00+09:00,50699577.11860575
2025-01-21 14:28:00+09:00,50699577.11860575
2025-01-21 14:29:00+09:00,50699577.11860575
2025-01-21 14:30:00+09:00,50699577.11860575
2025-01-21 14:31:00+09:00,50699577.11860575
2025-01-21 14:32:00+09:00,50699577.11860575
2025-01-21 14:33:00+09:00,50699577.11860575
2025-01-21 14:34:00+09:00,50699577.11860575
2025-01-21 14:35:00+09:00,50699577.11860575
2025-01-21 14:36:00+09:00,50699577.11860575
2025-01-21 14:37:00+09:00,50699577.11860575
2025-01-21 14:38:00+09:00,50699577.11860575
2025-01-21 14:39:00+09:00,50699577.11860575
2025-01-21 14:40:00+09:00,50699577.11860575
2025-01-21 14:41:00+09:00,50699577.11860575
2025-01-21 14:42:00+09:00,50699577.11860575
2025-01-21 14:43:00+09:00,50699577.11860575
2025-01-21 14:44:00+09:00,50699577.11860575
2025-01-21 14:45:00+09:00,50699577.11860575
2025-01-21 14:46:00+09:00,50699577.11860575
2025-01-21 14:47:00+09:00,50699577.11860575
2025-01-21 14:48:00+09:00,50699577.11860575
2025-01-21 14:49:00+09:00,50699577.11860575
2025-01-21 14:50:00+09:00,50699577.11860575
2025-01-21 14:51:00+09:00,50699577.11860575
2025-01-21 14:52:00+09:00,50699577.11860575
2025-01-21 14:53:00+09:00,50699577.11860575
2025-01-21 14:54:00+09:00,50699577.11860575
2025-01-21 14:55:00+09:00,50699577.11860575
2025-01-21 14:56:00+09:00,50699577.11860575
2025-01-21 14:57:00+09:00,50699577.11860575
2025-01-21 14:58:00+09:00,50699577.11860575
2025-01-21 14:59:00+09:00,50699577.11860575
2025-01-21 15:00:00+09:00,50699577.11860575
2025-01-21 15:01:00+09:00,50699577.11860575
2025-01-21 15:02:00+09:00,50699577.11860575
2025-01-21 15:03:00+09:00,50699577.11860575
2025-01-21 15:04:00+09:00,50699577.11860575
2025-01-21 15:05:00+09:00,50699577.11860575
2025-01-21 15:06:00+09:00,50699577.11860575
2025-01-21 15:07:00+09:00,50699577.11860575
2025-01-21 15:08:00+09:00,50699577.11860575
2025-01-21 15:09:00+09:00,50699577.11860575
2025-01-21 15:10:00+09:00,50699577.11860575
2025-01-21 15:11:00+09:00,50699577.11860575
2025-01-21 15:12:00+09:00,50699577.11860575
2025-01-21 15:13:00+09:00,50699577.11860575
2025-01-21 15:14:00+09:00,50699577.11860575
2025-01-21 15:15:00+09:00,50699577.11860575
2025-01-21 15:16:00+09:00,50699577.11860575
2025-01-21 15:17:00+09:00,50699577.11860575
2025-01-21 15:18:00+09:00,50679297.287758306
2025-01-21 15:19:00+09:00,50636758.825352035
2025-01-21 15:30:00+09:00,50636758.825352035
2025-01-21 15:35:00+09:00,50636758.825352035
2025-01-22 09:00:00+09:00,50636758.825352035
2025-01-22 09:01:00+09:00,50636758.825352035
2025-01-22 09:02:00+09:00,50636758.825352035
2025-01-22 09:03:00+09:00,50636758.825352035
2025-01-22 09:04:00+09:00,50636758.825352035
2025-01-22 09:05:00+09:00,50636758.825352035
2025-01-22 09:06:00+09:00,50636758.825352035
2025-01-22 09:07:00+09:00,50636758.825352035
2025-01-22 09:08:00+09:00,50636758.825352035
2025-01-22 09:09:00+09:00,50636758.825352035
2025-01-22 09:10:00+09:00,50636758.825352035
2025-01-22 09:11:00+09:00,50636758.825352035
2025-01-22 09:12:00+09:00,50636758.825352035
2025-01-22 09:13:00+09:00,50636758.825352035
2025-01-22 09:14:00+09:00,50636758.825352035
2025-01-22 09:15:00+09:00,50636758.825352035
2025-01-22 09:16:00+09:00,50636758.825352035
2025-01-22 09:17:00+09:00,50636758.825352035
2025-01-22 09:18:00+09:00,50636758.825352035
2025-01-22 09:19:00+09:00,50636758.825352035
2025-01-22 09:20:00+09:00,50636758.825352035
2025-01-22 09:21:00+09:00,50636758.825352035
2025-01-22 09:22:00+09:00,50636758.825352035
2025-01-22 09:23:00+09:00,50636758.825352035
2025-01-22 09:24:00+09:00,50636758.825352035
2025-01-22 09:25:00+09:00,50636758.825352035
2025-01-22 09:26:00+09:00,50636758.825352035
2025-01-22 09:27:00+09:00,50636758.825352035
2025-01-22 09:28:00+09:00,50636758.825352035
2025-01-22 09:29:00+09:00,50636758.825352035
2025-01-22 09:30:00+09:00,50636758.825352035
2025-01-22 09:31:00+09:00,50636758.825352035
2025-01-22 09:32:00+09:00,50636758.825352035
2025-01-22 09:33:00+09:00,50636758.825352035
2025-01-22 09:34:00+09:00,50636758.825352035
2025-01-22 09:35:00+09:00,50636758.825352035
2025-01-22 09:36:00+09:00,50636758.825352035
2025-01-22 09:37:00+09:00,50636758.825352035
2025-01-22 09:38:00+09:00,50636758.825352035
2025-01-22 09:39:00+09:00,50636758.825352035
2025-01-22 09:40:00+09:00,50636758.825352035
2025-01-22 09:41:00+09:00,50636758.825352035
2025-01-22 09:42:00+09:00,50636758.825352035
2025-01-22 09:43:00+09:00,50636758.825352035
2025-01-22 09:44:00+09:00,50636758.825352035
2025-01-22 09:45:00+09:00,50636758.825352035
2025-01-22 09:46:00+09:00,50636758.825352035
2025-01-22 09:47:00+09:00,50636758.825352035
2025-01-22 09:48:00+09:00,50636758.825352035
2025-01-22 09:49:00+09:00,50636758.825352035
2025-01-22 09:50:00+09:00,50636758.825352035
2025-01-22 09:51:00+09:00,50636758.825352035
2025-01-22 09:52:00+09:00,50636758.825352035
2025-01-22 09:53:00+09:00,50636758.825352035
2025-01-22 09:54:00+09:00,50636758.825352035
2025-01-22 09:55:00+09:00,50636758.825352035
2025-01-22 09:56:00+09:00,50636758.825352035
2025-01-22 09:57:00+09:00,50636758.825352035
2025-01-22 09:58:00+09:00,50636758.825352035
2025-01-22 09:59:00+09:00,50636758.825352035
2025-01-22 10:00:00+09:00,50636758.825352035
2025-01-22 10:01:00+09:00,50636758.825352035
2025-01-22 10:02:00+09:00,50636758.825352035
2025-01-22 10:03:00+09:00,50636758.825352035
2025-01-22 10:04:00+09:00,50636758.825352035
2025-01-22 10:05:00+09:00,50636758.825352035
2025-01-22 10:06:00+09:00,50636758.825352035
2025-01-22 10:07:00+09:00,50636758.825352035
2025-01-22 10:08:00+09:00,50636758.825352035
2025-01-22 10:09:00+09:00,50636758.825352035
2025-01-22 10:10:00+09:00,50636758.825352035
2025-01-22 10:11:00+09:00,50636758.825352035
2025-01-22 10:12:00+09:00,50636758.825352035
2025-01-22 10:13:00+09:00,50636758.825352035
2025-01-22 10:14:00+09:00,50636758.825352035
2025-01-22 10:15:00+09:00,50636758.825352035
2025-01-22 10:16:00+09:00,50616504.121821895
2025-01-22 10:17:00+09:00,50616504.121821895
2025-01-22 10:18:00+09:00,50616504.121821895
2025-01-22 10:19:00+09:00,50616504.121821895
2025-01-22 10:20:00+09:00,50521716.66091961
2025-01-22 10:21:00+09:00,50616504.121821895
2025-01-22 10:22:00+09:00,50521716.66091961
2025-01-22 10:23:00+09:00,50521716.66091961
2025-01-22 10:24:00+09:00,50521716.66091961
2025-01-22 10:25:00+09:00,50521716.66091961
2025-01-22 10:26:00+09:00,50616504.121821895
2025-01-22 10:27:00+09:00,50521716.66091961
2025-01-22 10:28:00+09:00,50616504.121821895
2025-01-22 10:29:00+09:00,50616504.121821895
2025-01-22 10:30:00+09:00,50521716.66091961
2025-01-22 10:31:00+09:00,50521716.66091961
2025-01-22 10:32:00+09:00,50479839.56069297
2025-01-22 10:33:00+09:00,50479839.56069297
2025-01-22 10:34:00+09:00,50479839.56069297
2025-01-22 10:35:00+09:00,50479839.56069297
2025-01-22 10:36:00+09:00,50479839.56069297
2025-01-22 10:37:00+09:00,50479839.56069297
2025-01-22 10:38:00+09:00,50479839.56069297
2025-01-22 10:39:00+09:00,50479839.56069297
2025-01-22 10:40:00+09:00,50479839.56069297
2025-01-22 10:41:00+09:00,50479839.56069297
2025-01-22 10:42:00+09:00,50479839.56069297
2025-01-22 10:43:00+09:00,50459647.6248687
2025-01-22 10:44:00+09:00,50365153.90272475
2025-01-22 10:45:00+09:00,50365153.90272475
2025-01-22 10:46:00+09:00,50229167.98718739
2025-01-22 10:47:00+09:00,50229167.98718739
2025-01-22 10:48:00+09:00,50229167.98718739
2025-01-22 10:49:00+09:00,50229167.98718739
2025-01-22 10:50:00+09:00,50229167.98718739
2025-01-22 10:51:00+09:00,50229167.98718739
2025-01-22 10:52:00+09:00,50229167.98718739
2025-01-22 10:53:00+09:00,50229167.98718739
2025-01-22 10:54:00+09:00,50229167.98718739
2025-01-22 10:55:00+09:00,50229167.98718739
2025-01-22 10:56:00+09:00,50229167.98718739
2025-01-22 10:57:00+09:00,50229167.98718739
2025-01-22 10:58:00+09:00,50229167.98718739
2025-01-22 10:59:00+09:00,50229167.98718739
2025-01-22 11:00:00+09:00,50229167.98718739
2025-01-22 11:01:00+09:00,50229167.98718739
2025-01-22 11:02:00+09:00,50229167.98718739
2025-01-22 11:03:00+09:00,50229167.98718739
2025-01-22 11:04:00+09:00,50229167.98718739
2025-01-22 11:05:00+09:00,50229167.98718739
2025-01-22 11:06:00+09:00,50229167.98718739
2025-01-22 11:07:00+09:00,50229167.98718739
2025-01-22 11:08:00+09:00,50229167.98718739
2025-01-22 11:09:00+09:00,50229167.98718739
2025-01-22 11:10:00+09:00,50229167.98718739
2025-01-22 11:11:00+09:00,50229167.98718739
2025-01-22 11:12:00+09:00,50229167.98718739
2025-01-22 11:13:00+09:00,50229167.98718739
2025-01-22 11:14:00+09:00,50229167.98718739
2025-01-22 11:15:00+09:00,50229167.98718739
2025-01-22 11:16:00+09:00,50229167.98718739
2025-01-22 11:17:00+09:00,50229167.98718739
2025-01-22 11:18:00+09:00,50229167.98718739
2025-01-22 11:19:00+09:00,50229167.98718739
2025-01-22 11:20:00+09:00,50229167.98718739
2025-01-22 11:21:00+09:00,50229167.98718739
2025-01-22 11:22:00+09:00,50229167.98718739
2025-01-22 11:23:00+09:00,50229167.98718739
2025-01-22 11:24:00+09:00,50229167.98718739
2025-01-22 11:25:00+09:00,50229167.98718739
2025-01-22 11:26:00+09:00,50229167.98718739
2025-01-22 11:27:00+09:00,50229167.98718739
2025-01-22 11:28:00+09:00,50229167.98718739
2025-01-22 11:29:00+09:00,50229167.98718739
2025-01-22 11:30:00+09:00,50229167.98718739
2025-01-22 11:31:00+09:00,50229167.98718739
2025-01-22 11:32:00+09:00,50229167.98718739
2025-01-22 11:33:00+09:00,50229167.98718739
2025-01-22 11:34:00+09:00,50229167.98718739
2025-01-22 11:35:00+09:00,50229167.98718739
2025-01-22 11:36:00+09:00,50229167.98718739
2025-01-22 11:37:00+09:00,50229167.98718739
2025-01-22 11:38:00+09:00,50229167.98718739
2025-01-22 11:39:00+09:00,50229167.98718739
2025-01-22 11:40:00+09:00,50229167.98718739
2025-01-22 11:41:00+09:00,50229167.98718739
2025-01-22 11:42:00+09:00,50229167.98718739
2025-01-22 11:43:00+09:00,50229167.98718739
2025-01-22 11:44:00+09:00,50229167.98718739
2025-01-22 11:45:00+09:00,50229167.98718739
2025-01-22 11:46:00+09:00,50229167.98718739
2025-01-22 11:47:00+09:00,50229167.98718739
2025-01-22 11:48:00+09:00,50229167.98718739
2025-01-22 11:49:00+09:00,50229167.98718739
2025-01-22 11:50:00+09:00,50229167.98718739
2025-01-22 11:51:00+09:00,50229167.98718739
2025-01-22 11:52:00+09:00,50229167.98718739
2025-01-22 11:53:00+09:00,50229167.98718739
2025-01-22 11:54:00+09:00,50229167.98718739
2025-01-22 11:55:00+09:00,50229167.98718739
2025-01-22 11:56:00+09:00,50229167.98718739
2025-01-22 11:57:00+09:00,50229167.98718739
2025-01-22 11:58:00+09:00,50229167.98718739
2025-01-22 11:59:00+09:00,50229167.98718739
2025-01-22 12:00:00+09:00,50229167.98718739
2025-01-22 12:01:00+09:00,50229167.98718739
2025-01-22 12:02:00+09:00,50229167.98718739
2025-01-22 12:03:00+09:00,50229167.98718739
2025-01-22 12:04:00+09:00,50229167.98718739
2025-01-22 12:05:00+09:00,50229167.98718739
2025-01-22 12:06:00+09:00,50229167.98718739
2025-01-22 12:07:00+09:00,50229167.98718739
2025-01-22 12:08:00+09:00,50229167.98718739
2025-01-22 12:09:00+09:00,50229167.98718739
2025-01-22 12:10:00+09:00,50209076.31999252
2025-01-22 12:11:00+09:00,50303454.28300002
2025-01-22 12:12:00+09:00,50209076.31999251
2025-01-22 12:13:00+09:00,50303454.283000015
2025-01-22 12:14:00+09:00,50167634.95643591
2025-01-22 12:15:00+09:00,50167634.95643591
2025-01-22 12:16:00+09:00,50167634.95643591
2025-01-22 12:17:00+09:00,50167634.95643591
2025-01-22 12:18:00+09:00,50167634.95643591
2025-01-22 12:19:00+09:00,50167634.95643591
2025-01-22 12:20:00+09:00,50167634.95643591
2025-01-22 12:21:00+09:00,50167634.95643591
2025-01-22 12:22:00+09:00,50167634.95643591
2025-01-22 12:23:00+09:00,50167634.95643591
2025-01-22 12:24:00+09:00,50167634.95643591
2025-01-22 12:25:00+09:00,50167634.95643591
2025-01-22 12:26:00+09:00,50167634.95643591
2025-01-22 12:27:00+09:00,50167634.95643591
2025-01-22 12:28:00+09:00,50167634.95643591
2025-01-22 12:29:00+09:00,50167634.95643591
2025-01-22 12:30:00+09:00,50147567.90245334
2025-01-22 12:31:00+09:00,50012169.46911672
2025-01-22 12:32:00+09:00,50012169.46911672
2025-01-22 12:33:00+09:00,50012169.46911672
2025-01-22 12:34:00+09:00,50012169.46911672
2025-01-22 12:35:00+09:00,50012169.46911672
2025-01-22 12:36:00+09:00,50012169.46911672
2025-01-22 12:37:00+09:00,50012169.46911672
2025-01-22 12:38:00+09:00,50012169.46911672
2025-01-22 12:39:00+09:00,50012169.46911672
2025-01-22 12:40:00+09:00,50012169.46911672
2025-01-22 12:41:00+09:00,50012169.46911672
2025-01-22 12:42:00+09:00,49992164.60132907
2025-01-22 12:43:00+09:00,49992164.60132907
2025-01-22 12:44:00+09:00,49992164.60132907
2025-01-22 12:45:00+09:00,49898546.31555879
2025-01-22 12:46:00+09:00,49992164.60132907
2025-01-22 12:47:00+09:00,49992164.60132907
2025-01-22 12:48:00+09:00,49992164.60132907
2025-01-22 12:49:00+09:00,49992164.60132907
2025-01-22 12:50:00+09:00,49898546.31555879
2025-01-22 12:51:00+09:00,49898546.31555879
2025-01-22 12:52:00+09:00,49898546.31555879
2025-01-22 12:53:00+09:00,49898546.31555879
2025-01-22 12:54:00+09:00,49992164.60132907
2025-01-22 12:55:00+09:00,49898546.31555879
2025-01-22 12:56:00+09:00,49898546.31555879
2025-01-22 12:57:00+09:00,49898546.31555879
2025-01-22 12:58:00+09:00,49992164.60132907
2025-01-22 12:59:00+09:00,49992164.60132907
2025-01-22 13:00:00+09:00,49898546.31555879
2025-01-22 13:01:00+09:00,49992164.60132907
2025-01-22 13:02:00+09:00,49898546.31555879
2025-01-22 13:03:00+09:00,49898546.31555879
2025-01-22 13:04:00+09:00,49898546.31555879
2025-01-22 13:05:00+09:00,49898546.31555879
2025-01-22 13:06:00+09:00,50085782.887099355
2025-01-22 13:07:00+09:00,50085782.887099355
2025-01-22 13:08:00+09:00,50085782.887099355
2025-01-22 13:09:00+09:00,49992164.60132907
2025-01-22 13:10:00+09:00,49992164.60132907
2025-01-22 13:11:00+09:00,49992164.60132907
2025-01-22 13:12:00+09:00,49992164.60132907
2025-01-22 13:13:00+09:00,49992164.60132907
2025-01-22 13:14:00+09:00,49992164.60132907
2025-01-22 13:15:00+09:00,50085782.88709935
2025-01-22 13:16:00+09:00,50085782.88709935
2025-01-22 13:17:00+09:00,49992164.601329066
2025-01-22 13:18:00+09:00,49992164.601329066
2025-01-22 13:19:00+09:00,50085782.88709934
2025-01-22 13:20:00+09:00,49992164.60132906
2025-01-22 13:21:00+09:00,50085782.88709933
2025-01-22 13:22:00+09:00,49992164.60132905
2025-01-22 13:23:00+09:00,50085782.887099326
2025-01-22 13:24:00+09:00,50085782.887099326
2025-01-22 13:25:00+09:00,50085782.887099326
2025-01-22 13:26:00+09:00,50085782.887099326
2025-01-22 13:27:00+09:00,50179401.17286961
2025-01-22 13:28:00+09:00,50179401.17286961
2025-01-22 13:29:00+09:00,50085782.887099326
2025-01-22 13:30:00+09:00,50179401.17286961
2025-01-22 13:31:00+09:00,50179401.17286961
2025-01-22 13:32:00+09:00,50179401.17286961
2025-01-22 13:33:00+09:00,50179401.17286961
2025-01-22 13:34:00+09:00,50179401.17286961
2025-01-22 13:35:00+09:00,50179401.17286961
2025-01-22 13:36:00+09:00,50179401.17286961
2025-01-22 13:37:00+09:00,50366637.74441017
2025-01-22 13:38:00+09:00,50273019.4586399
2025-01-22 13:39:00+09:00,50366637.74441017
2025-01-22 13:40:00+09:00,50273019.4586399
2025-01-22 13:41:00+09:00,50366637.74441017
2025-01-22 13:42:00+09:00,50366637.74441017
2025-01-22 13:43:00+09:00,50460256.03018045
2025-01-22 13:44:00+09:00,50273019.45863989
2025-01-22 13:45:00+09:00,50366637.744410165
2025-01-22 13:46:00+09:00,50366637.744410165
2025-01-22 13:47:00+09:00,50273019.45863989
2025-01-22 13:48:00+09:00,50273019.45863989
2025-01-22 13:49:00+09:00,50366637.744410165
2025-01-22 13:50:00+09:00,50366637.744410165
2025-01-22 13:51:00+09:00,50366637.744410165
2025-01-22 13:52:00+09:00,50460256.03018044
2025-01-22 13:53:00+09:00,50460256.03018044
2025-01-22 13:54:00+09:00,50460256.03018044
2025-01-22 13:55:00+09:00,50553874.315950714
2025-01-22 13:56:00+09:00,50460256.03018043
2025-01-22 13:57:00+09:00,50553874.31595071
2025-01-22 13:58:00+09:00,50553874.31595071
2025-01-22 13:59:00+09:00,50460256.030180424
2025-01-22 14:00:00+09:00,50553874.3159507
2025-01-22 14:01:00+09:00,50553874.3159507
2025-01-22 14:02:00+09:00,50460256.03018042
2025-01-22 14:03:00+09:00,50366637.744410135
2025-01-22 14:04:00+09:00,50366637.744410135
2025-01-22 14:05:00+09:00,50366637.744410135
2025-01-22 14:06:00+09:00,50460256.03018041
2025-01-22 14:07:00+09:00,50366637.74441013
2025-01-22 14:08:00+09:00,50460256.0301804
2025-01-22 14:09:00+09:00,50366637.74441012
2025-01-22 14:10:00+09:00,50460256.030180395
2025-01-22 14:11:00+09:00,50366637.74441011
2025-01-22 14:12:00+09:00,50460256.03018039
2025-01-22 14:13:00+09:00,50460256.03018039
2025-01-22 14:14:00+09:00,50366637.744410105
2025-01-22 14:15:00+09:00,50460256.03018038
2025-01-22 14:16:00+09:00,50460256.03018038
2025-01-22 14:17:00+09:00,50553874.315950654
2025-01-22 14:18:00+09:00,50741110.88749122
2025-01-22 14:19:00+09:00,50741110.88749122
2025-01-22 14:20:00+09:00,50741110.88749122
2025-01-22 14:21:00+09:00,50741110.88749122
2025-01-22 14:22:00+09:00,50647492.601720944
2025-01-22 14:23:00+09:00,50741110.887491226
2025-01-22 14:24:00+09:00,50647492.60172095
2025-01-22 14:25:00+09:00,50741110.88749123
2025-01-22 14:26:00+09:00,50647492.60172096
2025-01-22 14:27:00+09:00,50647492.60172096
2025-01-22 14:28:00+09:00,50647492.60172096
2025-01-22 14:29:00+09:00,50647492.60172096
2025-01-22 14:30:00+09:00,50741110.88749124
2025-01-22 14:31:00+09:00,50741110.88749124
2025-01-22 14:32:00+09:00,50741110.88749124
2025-01-22 14:33:00+09:00,50741110.88749124
2025-01-22 14:34:00+09:00,50741110.88749124
2025-01-22 14:35:00+09:00,50834729.17326152
2025-01-22 14:36:00+09:00,50834729.17326152
2025-01-22 14:37:00+09:00,50741110.88749124
2025-01-22 14:38:00+09:00,50834729.17326152
2025-01-22 14:39:00+09:00,50741110.88749124
2025-01-22 14:40:00+09:00,50834729.17326152
2025-01-22 14:41:00+09:00,50834729.17326152
2025-01-22 14:42:00+09:00,50741110.88749124
2025-01-22 14:43:00+09:00,50834729.17326152
2025-01-22 14:44:00+09:00,50741110.88749124
2025-01-22 14:45:00+09:00,50834729.17326152
2025-01-22 14:46:00+09:00,50741110.88749124
2025-01-22 14:47:00+09:00,50834729.17326152
2025-01-22 14:48:00+09:00,50834729.17326152
2025-01-22 14:49:00+09:00,50741110.88749124
2025-01-22 14:50:00+09:00,50647492.60172097
2025-01-22 14:51:00+09:00,50741110.88749125
2025-01-22 14:52:00+09:00,50741110.88749125
2025-01-22 14:53:00+09:00,50647492.601720974
2025-01-22 14:54:00+09:00,50741110.887491256
2025-01-22 14:55:00+09:00,50741110.887491256
2025-01-22 14:56:00+09:00,50741110.887491256
2025-01-22 14:57:00+09:00,50834729.17326154
2025-01-22 14:58:00+09:00,50928347.45903182
2025-01-22 14:59:00+09:00,50928347.45903182
2025-01-22 15:00:00+09:00,50928347.45903182
2025-01-22 15:01:00+09:00,50834729.17326154
2025-01-22 15:02:00+09:00,50834729.17326154
2025-01-22 15:03:00+09:00,50834729.17326154
2025-01-22 15:04:00+09:00,50741110.887491256
2025-01-22 15:05:00+09:00,50834729.17326154
2025-01-22 15:06:00+09:00,50741110.887491256
2025-01-22 15:07:00+09:00,50834729.17326154
2025-01-22 15:08:00+09:00,50834729.17326154
2025-01-22 15:09:00+09:00,50834729.17326154
2025-01-22 15:10:00+09:00,50834729.17326154
2025-01-22 15:11:00+09:00,50834729.17326154
2025-01-22 15:12:00+09:00,50834729.17326154
2025-01-22 15:13:00+09:00,50834729.17326154
2025-01-22 15:14:00+09:00,50928347.45903182
2025-01-22 15:15:00+09:00,50928347.45903182
2025-01-22 15:16:00+09:00,50834729.17326154
2025-01-22 15:17:00+09:00,50928347.45903182
2025-01-22 15:18:00+09:00,50741110.88749126
2025-01-22 15:19:00+09:00,50741110.88749126
2025-01-22 15:30:00+09:00,50697475.404493734
2025-01-22 15:35:00+09:00,50697475.404493734
2025-01-23 09:00:00+09:00,50697475.404493734
2025-01-23 09:01:00+09:00,50697475.404493734
2025-01-23 09:02:00+09:00,50697475.404493734
2025-01-23 09:03:00+09:00,50697475.404493734
2025-01-23 09:04:00+09:00,50697475.404493734
2025-01-23 09:05:00+09:00,50697475.404493734
2025-01-23 09:06:00+09:00,50697475.404493734
2025-01-23 09:07:00+09:00,50697475.404493734
2025-01-23 09:08:00+09:00,50697475.404493734
2025-01-23 09:09:00+09:00,50697475.404493734
2025-01-23 09:10:00+09:00,50697475.404493734
2025-01-23 09:11:00+09:00,50697475.404493734
2025-01-23 09:12:00+09:00,50697475.404493734
2025-01-23 09:13:00+09:00,50697475.404493734
2025-01-23 09:14:00+09:00,50697475.404493734
2025-01-23 09:15:00+09:00,50697475.404493734
2025-01-23 09:16:00+09:00,50697475.404493734
2025-01-23 09:17:00+09:00,50697475.404493734
2025-01-23 09:18:00+09:00,50697475.404493734
2025-01-23 09:19:00+09:00,50697475.404493734
2025-01-23 09:20:00+09:00,50697475.404493734
2025-01-23 09:21:00+09:00,50697475.404493734
2025-01-23 09:22:00+09:00,50697475.404493734
2025-01-23 09:23:00+09:00,50697475.404493734
2025-01-23 09:24:00+09:00,50697475.404493734
2025-01-23 09:25:00+09:00,50697475.404493734
2025-01-23 09:26:00+09:00,50697475.404493734
2025-01-23 09:27:00+09:00,50697475.404493734
2025-01-23 09:28:00+09:00,50697475.404493734
2025-01-23 09:29:00+09:00,50697475.404493734
2025-01-23 09:30:00+09:00,50697475.404493734
2025-01-23 09:31:00+09:00,50697475.404493734
2025-01-23 09:32:00+09:00,50697475.404493734
2025-01-23 09:33:00+09:00,50697475.404493734
2025-01-23 09:34:00+09:00,50697475.404493734
2025-01-23 09:35:00+09:00,50697475.404493734
2025-01-23 09:36:00+09:00,50697475.404493734
2025-01-23 09:37:00+09:00,50697475.404493734
2025-01-23 09:38:00+09:00,50697475.404493734
2025-01-23 09:39:00+09:00,50697475.404493734
2025-01-23 09:40:00+09:00,50697475.404493734
2025-01-23 09:41:00+09:00,50697475.404493734
2025-01-23 09:42:00+09:00,50697475.404493734
2025-01-23 09:43:00+09:00,50697475.404493734
2025-01-23 09:44:00+09:00,50697475.404493734
2025-01-23 09:45:00+09:00,50697475.404493734
2025-01-23 09:46:00+09:00,50697475.404493734
2025-01-23 09:47:00+09:00,50697475.404493734
2025-01-23 09:48:00+09:00,50697475.404493734
2025-01-23 09:49:00+09:00,50697475.404493734
2025-01-23 09:50:00+09:00,50697475.404493734
2025-01-23 09:51:00+09:00,50697475.404493734
2025-01-23 09:52:00+09:00,50697475.404493734
2025-01-23 09:53:00+09:00,50697475.404493734
2025-01-23 09:54:00+09:00,50697475.404493734
2025-01-23 09:55:00+09:00,50697475.404493734
2025-01-23 09:56:00+09:00,50697475.404493734
2025-01-23 09:57:00+09:00,50697475.404493734
2025-01-23 09:58:00+09:00,50697475.404493734
2025-01-23 09:59:00+09:00,50697475.404493734
2025-01-23 10:00:00+09:00,50697475.404493734
2025-01-23 10:01:00+09:00,50677196.414331935
2025-01-23 10:02:00+09:00,50582825.47128849
2025-01-23 10:03:00+09:00,50582825.47128849
2025-01-23 10:04:00+09:00,50540367.98401324
2025-01-23 10:05:00+09:00,50540367.98401324
2025-01-23 10:06:00+09:00,50540367.98401324
2025-01-23 10:07:00+09:00,50540367.98401324
2025-01-23 10:08:00+09:00,50540367.98401324
2025-01-23 10:09:00+09:00,50540367.98401324
2025-01-23 10:10:00+09:00,50540367.98401324
2025-01-23 10:11:00+09:00,50540367.98401324
2025-01-23 10:12:00+09:00,50540367.98401324
2025-01-23 10:13:00+09:00,50540367.98401324
2025-01-23 10:14:00+09:00,50540367.98401324
2025-01-23 10:15:00+09:00,50520151.836819634
2025-01-23 10:16:00+09:00,50383747.42686022
2025-01-23 10:17:00+09:00,50383747.42686022
2025-01-23 10:18:00+09:00,50383747.42686022
2025-01-23 10:19:00+09:00,50383747.42686022
2025-01-23 10:20:00+09:00,50383747.42686022
2025-01-23 10:21:00+09:00,50383747.42686022
2025-01-23 10:22:00+09:00,50383747.42686022
2025-01-23 10:23:00+09:00,50383747.42686022
2025-01-23 10:24:00+09:00,50383747.42686022
2025-01-23 10:25:00+09:00,50383747.42686022
2025-01-23 10:26:00+09:00,50383747.42686022
2025-01-23 10:27:00+09:00,50383747.42686022
2025-01-23 10:28:00+09:00,50363593.92788948
2025-01-23 10:29:00+09:00,50269806.9745787
2025-01-23 10:30:00+09:00,50269806.9745787
2025-01-23 10:31:00+09:00,50227612.22428418
2025-01-23 10:32:00+09:00,50227612.22428418
2025-01-23 10:33:00+09:00,50227612.22428418
2025-01-23 10:34:00+09:00,50227612.22428418
2025-01-23 10:35:00+09:00,50227612.22428418
2025-01-23 10:36:00+09:00,50227612.22428418
2025-01-23 10:37:00+09:00,50227612.22428418
2025-01-23 10:38:00+09:00,50227612.22428418
2025-01-23 10:39:00+09:00,50227612.22428418
2025-01-23 10:40:00+09:00,50227612.22428418
2025-01-23 10:41:00+09:00,50227612.22428418
2025-01-23 10:42:00+09:00,50227612.22428418
2025-01-23 10:43:00+09:00,50227612.22428418
2025-01-23 10:44:00+09:00,50207521.17939447
2025-01-23 10:45:00+09:00,50207521.17939447
2025-01-23 10:46:00+09:00,50301017.49443989
2025-01-23 10:47:00+09:00,50207521.17939447
2025-01-23 10:48:00+09:00,50114024.86434904
2025-01-23 10:49:00+09:00,50207521.17939447
2025-01-23 10:50:00+09:00,49978716.99721529
2025-01-23 10:51:00+09:00,49978716.99721529
2025-01-23 10:52:00+09:00,49978716.99721529
2025-01-23 10:53:00+09:00,49978716.99721529
2025-01-23 10:54:00+09:00,49978716.99721529
2025-01-23 10:55:00+09:00,49978716.99721529
2025-01-23 10:56:00+09:00,49978716.99721529
2025-01-23 10:57:00+09:00,49978716.99721529
2025-01-23 10:58:00+09:00,49978716.99721529
2025-01-23 10:59:00+09:00,49978716.99721529
2025-01-23 11:00:00+09:00,49978716.99721529
2025-01-23 11:01:00+09:00,49958725.51041641
2025-01-23 11:02:00+09:00,49958725.51041641
2025-01-23 11:03:00+09:00,49958725.51041641
2025-01-23 11:04:00+09:00,50051585.59500826
2025-01-23 11:05:00+09:00,50051585.59500826
2025-01-23 11:06:00+09:00,49958725.51041641
2025-01-23 11:07:00+09:00,49958725.51041641
2025-01-23 11:08:00+09:00,49958725.51041641
2025-01-23 11:09:00+09:00,50051585.59500826
2025-01-23 11:10:00+09:00,50051585.59500826
2025-01-23 11:11:00+09:00,49865865.42582456
2025-01-23 11:12:00+09:00,49958725.51041641
2025-01-23 11:13:00+09:00,49823836.95153829
2025-01-23 11:14:00+09:00,49823836.95153829
2025-01-23 11:15:00+09:00,49823836.95153829
2025-01-23 11:16:00+09:00,49823836.95153829
2025-01-23 11:17:00+09:00,49823836.95153829
2025-01-23 11:18:00+09:00,49823836.95153829
2025-01-23 11:19:00+09:00,49823836.95153829
2025-01-23 11:20:00+09:00,49823836.95153829
2025-01-23 11:21:00+09:00,49823836.95153829
2025-01-23 11:22:00+09:00,49823836.95153829
2025-01-23 11:23:00+09:00,49823836.95153829
2025-01-23 11:24:00+09:00,49823836.95153829
2025-01-23 11:25:00+09:00,49803907.41675767
2025-01-23 11:26:00+09:00,49669436.866732426
2025-01-23 11:27:00+09:00,49669436.866732426
2025-01-23 11:28:00+09:00,49669436.866732426
2025-01-23 11:29:00+09:00,49669436.866732426
2025-01-23 11:30:00+09:00,49669436.866732426
2025-01-23 11:31:00+09:00,49669436.866732426
2025-01-23 11:32:00+09:00,49669436.866732426
2025-01-23 11:33:00+09:00,49669436.866732426
2025-01-23 11:34:00+09:00,49669436.866732426
2025-01-23 11:35:00+09:00,49669436.866732426
2025-01-23 11:36:00+09:00,49669436.866732426
2025-01-23 11:37:00+09:00,49669436.866732426
2025-01-23 11:38:00+09:00,49669436.866732426
2025-01-23 11:39:00+09:00,49669436.866732426
2025-01-23 11:40:00+09:00,49669436.866732426
2025-01-23 11:41:00+09:00,49669436.866732426
2025-01-23 11:42:00+09:00,49669436.866732426
2025-01-23 11:43:00+09:00,49669436.866732426
2025-01-23 11:44:00+09:00,49669436.866732426
2025-01-23 11:45:00+09:00,49669436.866732426
2025-01-23 11:46:00+09:00,49669436.866732426
2025-01-23 11:47:00+09:00,49669436.866732426
2025-01-23 11:48:00+09:00,49669436.866732426
2025-01-23 11:49:00+09:00,49669436.866732426
2025-01-23 11:50:00+09:00,49669436.866732426
2025-01-23 11:51:00+09:00,49669436.866732426
2025-01-23 11:52:00+09:00,49669436.866732426
2025-01-23 11:53:00+09:00,49669436.866732426
2025-01-23 11:54:00+09:00,49669436.866732426
2025-01-23 11:55:00+09:00,49669436.866732426
2025-01-23 11:56:00+09:00,49669436.866732426
2025-01-23 11:57:00+09:00,49669436.866732426
2025-01-23 11:58:00+09:00,49669436.866732426
2025-01-23 11:59:00+09:00,49669436.866732426
2025-01-23 12:00:00+09:00,49669436.866732426
2025-01-23 12:01:00+09:00,49669436.866732426
2025-01-23 12:02:00+09:00,49669436.866732426
2025-01-23 12:03:00+09:00,49669436.866732426
2025-01-23 12:04:00+09:00,49669436.866732426
2025-01-23 12:05:00+09:00,49669436.866732426
2025-01-23 12:06:00+09:00,49669436.866732426
2025-01-23 12:07:00+09:00,49649569.09198573
2025-01-23 12:08:00+09:00,49649569.09198573
2025-01-23 12:09:00+09:00,49649569.09198573
2025-01-23 12:10:00+09:00,49649569.09198573
2025-01-23 12:11:00+09:00,49649569.09198573
2025-01-23 12:12:00+09:00,49649569.09198573
2025-01-23 12:13:00+09:00,49649569.09198573
2025-01-23 12:14:00+09:00,49649569.09198573
2025-01-23 12:15:00+09:00,49557283.64757684
2025-01-23 12:16:00+09:00,49557283.64757684
2025-01-23 12:17:00+09:00,49423478.98172838
2025-01-23 12:18:00+09:00,49423478.98172838
2025-01-23 12:19:00+09:00,49423478.98172838
2025-01-23 12:20:00+09:00,49423478.98172838
2025-01-23 12:21:00+09:00,49423478.98172838
2025-01-23 12:22:00+09:00,49423478.98172838
2025-01-23 12:23:00+09:00,49423478.98172838
2025-01-23 12:24:00+09:00,49423478.98172838
2025-01-23 12:25:00+09:00,49423478.98172838
2025-01-23 12:26:00+09:00,49423478.98172838
2025-01-23 12:27:00+09:00,49423478.98172838
2025-01-23 12:28:00+09:00,49423478.98172838
2025-01-23 12:29:00+09:00,49423478.98172838
2025-01-23 12:30:00+09:00,49423478.98172838
2025-01-23 12:31:00+09:00,49423478.98172838
2025-01-23 12:32:00+09:00,49423478.98172838
2025-01-23 12:33:00+09:00,49423478.98172838
2025-01-23 12:34:00+09:00,49423478.98172838
2025-01-23 12:35:00+09:00,49423478.98172838
2025-01-23 12:36:00+09:00,49423478.98172838
2025-01-23 12:37:00+09:00,49423478.98172838
2025-01-23 12:38:00+09:00,49423478.98172838
2025-01-23 12:39:00+09:00,49423478.98172838
2025-01-23 12:40:00+09:00,49423478.98172838
2025-01-23 12:41:00+09:00,49423478.98172838
2025-01-23 12:42:00+09:00,49423478.98172838
2025-01-23 12:43:00+09:00,49423478.98172838
2025-01-23 12:44:00+09:00,49423478.98172838
2025-01-23 12:45:00+09:00,49423478.98172838
2025-01-23 12:46:00+09:00,49423478.98172838
2025-01-23 12:47:00+09:00,49423478.98172838
2025-01-23 12:48:00+09:00,49423478.98172838
2025-01-23 12:49:00+09:00,49423478.98172838
2025-01-23 12:50:00+09:00,49423478.98172838
2025-01-23 12:51:00+09:00,49403709.59013569
2025-01-23 12:52:00+09:00,49403709.59013569
2025-01-23 12:53:00+09:00,49403709.59013569
2025-01-23 12:54:00+09:00,49311881.133648455
2025-01-23 12:55:00+09:00,49403709.59013569
2025-01-23 12:56:00+09:00,49178739.0545876
2025-01-23 12:57:00+09:00,49178739.0545876
2025-01-23 12:58:00+09:00,49178739.0545876
2025-01-23 12:59:00+09:00,49178739.0545876
2025-01-23 13:00:00+09:00,49178739.0545876
2025-01-23 13:01:00+09:00,49178739.0545876
2025-01-23 13:02:00+09:00,49178739.0545876
2025-01-23 13:03:00+09:00,49178739.0545876
2025-01-23 13:04:00+09:00,49178739.0545876
2025-01-23 13:05:00+09:00,49178739.0545876
2025-01-23 13:06:00+09:00,49178739.0545876
2025-01-23 13:07:00+09:00,49159067.55896577
2025-01-23 13:08:00+09:00,49067693.82744353
2025-01-23 13:09:00+09:00,49159067.55896577
2025-01-23 13:10:00+09:00,48935211.05410943
2025-01-23 13:11:00+09:00,48935211.05410943
2025-01-23 13:12:00+09:00,48935211.05410943
2025-01-23 13:13:00+09:00,48935211.05410943
2025-01-23 13:14:00+09:00,48935211.05410943
2025-01-23 13:15:00+09:00,48935211.05410943
2025-01-23 13:16:00+09:00,48935211.05410943
2025-01-23 13:17:00+09:00,48935211.05410943
2025-01-23 13:18:00+09:00,48935211.05410943
2025-01-23 13:19:00+09:00,48935211.05410943
2025-01-23 13:20:00+09:00,48935211.05410943
2025-01-23 13:21:00+09:00,48915636.96968779
2025-01-23 13:22:00+09:00,48692888.97895909
2025-01-23 13:23:00+09:00,48692888.97895909
2025-01-23 13:24:00+09:00,48692888.97895909
2025-01-23 13:25:00+09:00,48692888.97895909
2025-01-23 13:26:00+09:00,48692888.97895909
2025-01-23 13:27:00+09:00,48692888.97895909
2025-01-23 13:28:00+09:00,48692888.97895909
2025-01-23 13:29:00+09:00,48692888.97895909
2025-01-23 13:30:00+09:00,48692888.97895909
2025-01-23 13:31:00+09:00,48692888.97895909
2025-01-23 13:32:00+09:00,48692888.97895909
2025-01-23 13:33:00+09:00,48673411.823367506
2025-01-23 13:34:00+09:00,48582940.797673516
2025-01-23 13:35:00+09:00,48673411.823367506
2025-01-23 13:36:00+09:00,48541993.61144441
2025-01-23 13:37:00+09:00,48541993.61144441
2025-01-23 13:38:00+09:00,48541993.61144441
2025-01-23 13:39:00+09:00,48541993.61144441
2025-01-23 13:40:00+09:00,48541993.61144441
2025-01-23 13:41:00+09:00,48541993.61144441
2025-01-23 13:42:00+09:00,48541993.61144441
2025-01-23 13:43:00+09:00,48541993.61144441
2025-01-23 13:44:00+09:00,48541993.61144441
2025-01-23 13:45:00+09:00,48541993.61144441
2025-01-23 13:46:00+09:00,48541993.61144441
2025-01-23 13:47:00+09:00,48522576.81399984
2025-01-23 13:48:00+09:00,48522576.81399984
2025-01-23 13:49:00+09:00,48522576.81399984
2025-01-23 13:50:00+09:00,48612767.47722288
2025-01-23 13:51:00+09:00,48612767.47722288
2025-01-23 13:52:00+09:00,48522576.81399983
2025-01-23 13:53:00+09:00,48612767.477222875
2025-01-23 13:54:00+09:00,48522576.813999824
2025-01-23 13:55:00+09:00,48522576.813999824
2025-01-23 13:56:00+09:00,48432386.15077678
2025-01-23 13:57:00+09:00,48522576.813999824
2025-01-23 13:58:00+09:00,48301618.708169684
2025-01-23 13:59:00+09:00,48301618.708169684
2025-01-23 14:00:00+09:00,48301618.708169684
2025-01-23 14:01:00+09:00,48301618.708169684
2025-01-23 14:02:00+09:00,48301618.708169684
2025-01-23 14:03:00+09:00,48301618.708169684
2025-01-23 14:04:00+09:00,48301618.708169684
2025-01-23 14:05:00+09:00,48301618.708169684
2025-01-23 14:06:00+09:00,48301618.708169684
2025-01-23 14:07:00+09:00,48301618.708169684
2025-01-23 14:08:00+09:00,48301618.708169684
2025-01-23 14:09:00+09:00,48282298.06068642
2025-01-23 14:10:00+09:00,48062434.116413414
2025-01-23 14:11:00+09:00,48062434.116413414
2025-01-23 14:12:00+09:00,48062434.116413414
2025-01-23 14:13:00+09:00,48062434.116413414
2025-01-23 14:14:00+09:00,48062434.116413414
2025-01-23 14:15:00+09:00,48062434.116413414
2025-01-23 14:16:00+09:00,48062434.116413414
2025-01-23 14:17:00+09:00,48062434.116413414
2025-01-23 14:18:00+09:00,48062434.116413414
2025-01-23 14:19:00+09:00,48062434.116413414
2025-01-23 14:20:00+09:00,48062434.116413414
2025-01-23 14:21:00+09:00,48062434.116413414
2025-01-23 14:22:00+09:00,48062434.116413414
2025-01-23 14:23:00+09:00,48062434.116413414
2025-01-23 14:24:00+09:00,48062434.116413414
2025-01-23 14:25:00+09:00,48062434.116413414
2025-01-23 14:26:00+09:00,48062434.116413414
2025-01-23 14:27:00+09:00,48062434.116413414
2025-01-23 14:28:00+09:00,48062434.116413414
2025-01-23 14:29:00+09:00,48062434.116413414
2025-01-23 14:30:00+09:00,48062434.116413414
2025-01-23 14:31:00+09:00,48062434.116413414
2025-01-23 14:32:00+09:00,48062434.116413414
2025-01-23 14:33:00+09:00,48043209.14276685
2025-01-23 14:34:00+09:00,48132508.78801362
2025-01-23 14:35:00+09:00,48132508.78801362
2025-01-23 14:36:00+09:00,48043209.14276684
2025-01-23 14:37:00+09:00,48043209.14276684
2025-01-23 14:38:00+09:00,48043209.14276684
2025-01-23 14:39:00+09:00,48132508.788013615
2025-01-23 14:40:00+09:00,48132508.788013615
2025-01-23 14:41:00+09:00,48132508.788013615
2025-01-23 14:42:00+09:00,48043209.14276683
2025-01-23 14:43:00+09:00,48043209.14276683
2025-01-23 14:44:00+09:00,48132508.78801361
2025-01-23 14:45:00+09:00,48132508.78801361
2025-01-23 14:46:00+09:00,48043209.142766826
2025-01-23 14:47:00+09:00,48132508.7880136
2025-01-23 14:48:00+09:00,48043209.14276682
2025-01-23 14:49:00+09:00,48043209.14276682
2025-01-23 14:50:00+09:00,48132508.78801359
2025-01-23 14:51:00+09:00,48043209.14276681
2025-01-23 14:52:00+09:00,48221808.43326037
2025-01-23 14:53:00+09:00,48221808.43326037
2025-01-23 14:54:00+09:00,48221808.43326037
2025-01-23 14:55:00+09:00,48132508.788013585
2025-01-23 14:56:00+09:00,48221808.43326036
2025-01-23 14:57:00+09:00,48221808.43326036
2025-01-23 14:58:00+09:00,48132508.78801358
2025-01-23 14:59:00+09:00,48221808.43326035
2025-01-23 15:00:00+09:00,48132508.78801357
2025-01-23 15:01:00+09:00,48132508.78801357
2025-01-23 15:02:00+09:00,48043209.14276679
2025-01-23 15:03:00+09:00,48043209.14276679
2025-01-23 15:04:00+09:00,47824433.94187671
2025-01-23 15:05:00+09:00,47824433.94187671
2025-01-23 15:06:00+09:00,47824433.94187671
2025-01-23 15:07:00+09:00,47824433.94187671
2025-01-23 15:08:00+09:00,47824433.94187671
2025-01-23 15:09:00+09:00,47824433.94187671
2025-01-23 15:10:00+09:00,47824433.94187671
2025-01-23 15:11:00+09:00,47824433.94187671
2025-01-23 15:12:00+09:00,47824433.94187671
2025-01-23 15:13:00+09:00,47824433.94187671
2025-01-23 15:14:00+09:00,47824433.94187671
2025-01-23 15:15:00+09:00,47824433.94187671
2025-01-23 15:16:00+09:00,47824433.94187671
2025-01-23 15:17:00+09:00,47824433.94187671
2025-01-23 15:18:00+09:00,47824433.94187671
2025-01-23 15:19:00+09:00,47824433.94187671
2025-01-23 15:30:00+09:00,47824433.94187671
2025-01-23 15:35:00+09:00,47824433.94187671
2025-01-24 09:00:00+09:00,47824433.94187671
2025-01-24 09:01:00+09:00,47824433.94187671
2025-01-24 09:02:00+09:00,47824433.94187671
2025-01-24 09:03:00+09:00,47824433.94187671
2025-01-24 09:04:00+09:00,47824433.94187671
2025-01-24 09:05:00+09:00,47824433.94187671
2025-01-24 09:06:00+09:00,47824433.94187671
2025-01-24 09:07:00+09:00,47824433.94187671
2025-01-24 09:08:00+09:00,47824433.94187671
2025-01-24 09:09:00+09:00,47824433.94187671
2025-01-24 09:10:00+09:00,47824433.94187671
2025-01-24 09:11:00+09:00,47824433.94187671
2025-01-24 09:12:00+09:00,47824433.94187671
2025-01-24 09:13:00+09:00,47824433.94187671
2025-01-24 09:14:00+09:00,47824433.94187671
2025-01-24 09:15:00+09:00,47824433.94187671
2025-01-24 09:16:00+09:00,47824433.94187671
2025-01-24 09:17:00+09:00,47824433.94187671
2025-01-24 09:18:00+09:00,47824433.94187671
2025-01-24 09:19:00+09:00,47824433.94187671
2025-01-24 09:20:00+09:00,47824433.94187671
2025-01-24 09:21:00+09:00,47824433.94187671
2025-01-24 09:22:00+09:00,47824433.94187671
2025-01-24 09:23:00+09:00,47824433.94187671
2025-01-24 09:24:00+09:00,47824433.94187671
2025-01-24 09:25:00+09:00,47824433.94187671
2025-01-24 09:26:00+09:00,47824433.94187671
2025-01-24 09:27:00+09:00,47824433.94187671
2025-01-24 09:28:00+09:00,47824433.94187671
2025-01-24 09:29:00+09:00,47824433.94187671
2025-01-24 09:30:00+09:00,47824433.94187671
2025-01-24 09:31:00+09:00,47824433.94187671
2025-01-24 09:32:00+09:00,47824433.94187671
2025-01-24 09:33:00+09:00,47824433.94187671
2025-01-24 09:34:00+09:00,47824433.94187671
2025-01-24 09:35:00+09:00,47824433.94187671
2025-01-24 09:36:00+09:00,47824433.94187671
2025-01-24 09:37:00+09:00,47805304.16829996
2025-01-24 09:38:00+09:00,47894493.168613955
2025-01-24 09:39:00+09:00,47765178.037058696
2025-01-24 09:40:00+09:00,47765178.037058696
2025-01-24 09:41:00+09:00,47765178.037058696
2025-01-24 09:42:00+09:00,47765178.037058696
2025-01-24 09:43:00+09:00,47765178.037058696
2025-01-24 09:44:00+09:00,47765178.037058696
2025-01-24 09:45:00+09:00,47765178.037058696
2025-01-24 09:46:00+09:00,47765178.037058696
2025-01-24 09:47:00+09:00,47765178.037058696
2025-01-24 09:48:00+09:00,47765178.037058696
2025-01-24 09:49:00+09:00,47765178.037058696
2025-01-24 09:50:00+09:00,47746071.96584387
2025-01-24 09:51:00+09:00,47834984.57658101
2025-01-24 09:52:00+09:00,47746071.96584387
2025-01-24 09:53:00+09:00,47834984.57658101
2025-01-24 09:54:00+09:00,47746071.96584387
2025-01-24 09:55:00+09:00,47657159.35510673
2025-01-24 09:56:00+09:00,47657159.35510673
2025-01-24 09:57:00+09:00,47528485.02484794
2025-01-24 09:58:00+09:00,47528485.02484794
2025-01-24 09:59:00+09:00,47528485.02484794
2025-01-24 10:00:00+09:00,47528485.02484794
2025-01-24 10:01:00+09:00,47528485.02484794
2025-01-24 10:02:00+09:00,47528485.02484794
2025-01-24 10:03:00+09:00,47528485.02484794
2025-01-24 10:04:00+09:00,47528485.02484794
2025-01-24 10:05:00+09:00,47528485.02484794
2025-01-24 10:06:00+09:00,47528485.02484794
2025-01-24 10:07:00+09:00,47528485.02484794
2025-01-24 10:08:00+09:00,47528485.02484794
2025-01-24 10:09:00+09:00,47528485.02484794
2025-01-24 10:10:00+09:00,47528485.02484794
2025-01-24 10:11:00+09:00,47528485.02484794
2025-01-24 10:12:00+09:00,47528485.02484794
2025-01-24 10:13:00+09:00,47528485.02484794
2025-01-24 10:14:00+09:00,47528485.02484794
2025-01-24 10:15:00+09:00,47528485.02484794
2025-01-24 10:16:00+09:00,47528485.02484794
2025-01-24 10:17:00+09:00,47528485.02484794
2025-01-24 10:18:00+09:00,47528485.02484794
2025-01-24 10:19:00+09:00,47528485.02484794
2025-01-24 10:20:00+09:00,47528485.02484794
2025-01-24 10:21:00+09:00,47528485.02484794
2025-01-24 10:22:00+09:00,47528485.02484794
2025-01-24 10:23:00+09:00,47528485.02484794
2025-01-24 10:24:00+09:00,47528485.02484794
2025-01-24 10:25:00+09:00,47528485.02484794
2025-01-24 10:26:00+09:00,47528485.02484794
2025-01-24 10:27:00+09:00,47528485.02484794
2025-01-24 10:28:00+09:00,47528485.02484794
2025-01-24 10:29:00+09:00,47528485.02484794
2025-01-24 10:30:00+09:00,47528485.02484794
2025-01-24 10:31:00+09:00,47528485.02484794
2025-01-24 10:32:00+09:00,47528485.02484794
2025-01-24 10:33:00+09:00,47528485.02484794
2025-01-24 10:34:00+09:00,47528485.02484794
2025-01-24 10:35:00+09:00,47528485.02484794
2025-01-24 10:36:00+09:00,47528485.02484794
2025-01-24 10:37:00+09:00,47528485.02484794
2025-01-24 10:38:00+09:00,47528485.02484794
2025-01-24 10:39:00+09:00,47528485.02484794
2025-01-24 10:40:00+09:00,47528485.02484794
2025-01-24 10:41:00+09:00,47528485.02484794
2025-01-24 10:42:00+09:00,47528485.02484794
2025-01-24 10:43:00+09:00,47528485.02484794
2025-01-24 10:44:00+09:00,47528485.02484794
2025-01-24 10:45:00+09:00,47528485.02484794
2025-01-24 10:46:00+09:00,47528485.02484794
2025-01-24 10:47:00+09:00,47528485.02484794
2025-01-24 10:48:00+09:00,47528485.02484794
2025-01-24 10:49:00+09:00,47528485.02484794
2025-01-24 10:50:00+09:00,47528485.02484794
2025-01-24 10:51:00+09:00,47528485.02484794
2025-01-24 10:52:00+09:00,47528485.02484794
2025-01-24 10:53:00+09:00,47528485.02484794
2025-01-24 10:54:00+09:00,47528485.02484794
2025-01-24 10:55:00+09:00,47528485.02484794
2025-01-24 10:56:00+09:00,47528485.02484794
2025-01-24 10:57:00+09:00,47528485.02484794
2025-01-24 10:58:00+09:00,47528485.02484794
2025-01-24 10:59:00+09:00,47528485.02484794
2025-01-24 11:00:00+09:00,47528485.02484794
2025-01-24 11:01:00+09:00,47528485.02484794
2025-01-24 11:02:00+09:00,47528485.02484794
2025-01-24 11:03:00+09:00,47528485.02484794
2025-01-24 11:04:00+09:00,47528485.02484794
2025-01-24 11:05:00+09:00,47528485.02484794
2025-01-24 11:06:00+09:00,47528485.02484794
2025-01-24 11:07:00+09:00,47528485.02484794
2025-01-24 11:08:00+09:00,47528485.02484794
2025-01-24 11:09:00+09:00,47528485.02484794
2025-01-24 11:10:00+09:00,47528485.02484794
2025-01-24 11:11:00+09:00,47528485.02484794
2025-01-24 11:12:00+09:00,47528485.02484794
2025-01-24 11:13:00+09:00,47528485.02484794
2025-01-24 11:14:00+09:00,47528485.02484794
2025-01-24 11:15:00+09:00,47528485.02484794
2025-01-24 11:16:00+09:00,47528485.02484794
2025-01-24 11:17:00+09:00,47528485.02484794
2025-01-24 11:18:00+09:00,47509473.630838
2025-01-24 11:19:00+09:00,47509473.630838
2025-01-24 11:20:00+09:00,47469926.88733816
2025-01-24 11:21:00+09:00,47469926.88733816
2025-01-24 11:22:00+09:00,47469926.88733816
2025-01-24 11:23:00+09:00,47469926.88733816
2025-01-24 11:24:00+09:00,47469926.88733816
2025-01-24 11:25:00+09:00,47469926.88733816
2025-01-24 11:26:00+09:00,47469926.88733816
2025-01-24 11:27:00+09:00,47469926.88733816
2025-01-24 11:28:00+09:00,47469926.88733816
2025-01-24 11:29:00+09:00,47469926.88733816
2025-01-24 11:30:00+09:00,47469926.88733816
2025-01-24 11:31:00+09:00,47469926.88733816
2025-01-24 11:32:00+09:00,47450938.916583225
2025-01-24 11:33:00+09:00,47450938.916583225
2025-01-24 11:34:00+09:00,47450938.916583225
2025-01-24 11:35:00+09:00,47450938.916583225
2025-01-24 11:36:00+09:00,47362411.04547019
2025-01-24 11:37:00+09:00,47450938.916583225
2025-01-24 11:38:00+09:00,47362411.04547019
2025-01-24 11:39:00+09:00,47450938.916583225
2025-01-24 11:40:00+09:00,47450938.916583225
2025-01-24 11:41:00+09:00,47450938.916583225
2025-01-24 11:42:00+09:00,47450938.916583225
2025-01-24 11:43:00+09:00,47362411.04547019
2025-01-24 11:44:00+09:00,47362411.04547019
2025-01-24 11:45:00+09:00,47450938.916583225
2025-01-24 11:46:00+09:00,47450938.916583225
2025-01-24 11:47:00+09:00,47362411.04547019
2025-01-24 11:48:00+09:00,47450938.916583225
2025-01-24 11:49:00+09:00,47450938.916583225
2025-01-24 11:50:00+09:00,47450938.916583225
2025-01-24 11:51:00+09:00,47362411.04547019
2025-01-24 11:52:00+09:00,47450938.916583225
2025-01-24 11:53:00+09:00,47362411.04547019
2025-01-24 11:54:00+09:00,47450938.916583225
2025-01-24 11:55:00+09:00,47362411.04547019
2025-01-24 11:56:00+09:00,47362411.04547019
2025-01-24 11:57:00+09:00,47362411.04547019
2025-01-24 11:58:00+09:00,47450938.916583225
2025-01-24 11:59:00+09:00,47450938.916583225
2025-01-24 12:00:00+09:00,47450938.916583225
2025-01-24 12:01:00+09:00,47362411.04547019
2025-01-24 12:02:00+09:00,47362411.04547019
2025-01-24 12:03:00+09:00,47322821.38150845
2025-01-24 12:04:00+09:00,47322821.38150845
2025-01-24 12:05:00+09:00,47322821.38150845
2025-01-24 12:06:00+09:00,47322821.38150845
2025-01-24 12:07:00+09:00,47322821.38150845
2025-01-24 12:08:00+09:00,47322821.38150845
2025-01-24 12:09:00+09:00,47322821.38150845
2025-01-24 12:10:00+09:00,47322821.38150845
2025-01-24 12:11:00+09:00,47322821.38150845
2025-01-24 12:12:00+09:00,47322821.38150845
2025-01-24 12:13:00+09:00,47322821.38150845
2025-01-24 12:14:00+09:00,47303892.25295585
2025-01-24 12:15:00+09:00,47303892.25295585
2025-01-24 12:16:00+09:00,47303892.25295585
2025-01-24 12:17:00+09:00,47303892.25295585
2025-01-24 12:18:00+09:00,47303892.25295585
2025-01-24 12:19:00+09:00,47215638.72263317
2025-01-24 12:20:00+09:00,47303892.25295585
2025-01-24 12:21:00+09:00,47088156.49808206
2025-01-24 12:22:00+09:00,47088156.49808206
2025-01-24 12:23:00+09:00,47088156.49808206
2025-01-24 12:24:00+09:00,47088156.49808206
2025-01-24 12:25:00+09:00,47088156.49808206
2025-01-24 12:26:00+09:00,47088156.49808206
2025-01-24 12:27:00+09:00,47088156.49808206
2025-01-24 12:28:00+09:00,47088156.49808206
2025-01-24 12:29:00+09:00,47088156.49808206
2025-01-24 12:30:00+09:00,47088156.49808206
2025-01-24 12:31:00+09:00,47088156.49808206
2025-01-24 12:32:00+09:00,47069321.23548283
2025-01-24 12:33:00+09:00,46942234.06814702
2025-01-24 12:34:00+09:00,46942234.06814702
2025-01-24 12:35:00+09:00,46942234.06814702
2025-01-24 12:36:00+09:00,46942234.06814702
2025-01-24 12:37:00+09:00,46942234.06814702
2025-01-24 12:38:00+09:00,46942234.06814702
2025-01-24 12:39:00+09:00,46942234.06814702
2025-01-24 12:40:00+09:00,46942234.06814702
2025-01-24 12:41:00+09:00,46942234.06814702
2025-01-24 12:42:00+09:00,46942234.06814702
2025-01-24 12:43:00+09:00,46942234.06814702
2025-01-24 12:44:00+09:00,46942234.06814702
2025-01-24 12:45:00+09:00,46942234.06814702
2025-01-24 12:46:00+09:00,46942234.06814702
2025-01-24 12:47:00+09:00,46942234.06814702
2025-01-24 12:48:00+09:00,46942234.06814702
2025-01-24 12:49:00+09:00,46942234.06814702
2025-01-24 12:50:00+09:00,46942234.06814702
2025-01-24 12:51:00+09:00,46942234.06814702
2025-01-24 12:52:00+09:00,46942234.06814702
2025-01-24 12:53:00+09:00,46942234.06814702
2025-01-24 12:54:00+09:00,46942234.06814702
2025-01-24 12:55:00+09:00,46923457.17451976
2025-01-24 12:56:00+09:00,46923457.17451976
2025-01-24 12:57:00+09:00,46923457.17451976
2025-01-24 12:58:00+09:00,47011000.937905066
2025-01-24 12:59:00+09:00,47011000.937905066
2025-01-24 13:00:00+09:00,46923457.17451976
2025-01-24 13:01:00+09:00,47011000.937905066
2025-01-24 13:02:00+09:00,46923457.17451976
2025-01-24 13:03:00+09:00,46923457.17451976
2025-01-24 13:04:00+09:00,47011000.937905066
2025-01-24 13:05:00+09:00,47011000.937905066
2025-01-24 13:06:00+09:00,47011000.937905066
2025-01-24 13:07:00+09:00,47011000.937905066
2025-01-24 13:08:00+09:00,46835913.41113447
2025-01-24 13:09:00+09:00,46923457.17451976
2025-01-24 13:10:00+09:00,46796763.84014856
2025-01-24 13:11:00+09:00,46796763.84014856
2025-01-24 13:12:00+09:00,46796763.84014856
2025-01-24 13:13:00+09:00,46796763.84014856
2025-01-24 13:14:00+09:00,46796763.84014856
2025-01-24 13:15:00+09:00,46796763.84014856
2025-01-24 13:16:00+09:00,46796763.84014856
2025-01-24 13:17:00+09:00,46796763.84014856
2025-01-24 13:18:00+09:00,46796763.84014856
2025-01-24 13:19:00+09:00,46796763.84014856
2025-01-24 13:20:00+09:00,46796763.84014856
2025-01-24 13:21:00+09:00,46796763.84014856
2025-01-24 13:22:00+09:00,46796763.84014856
2025-01-24 13:23:00+09:00,46796763.84014856
2025-01-24 13:24:00+09:00,46796763.84014856
2025-01-24 13:25:00+09:00,46796763.84014856
2025-01-24 13:26:00+09:00,46796763.84014856
2025-01-24 13:27:00+09:00,46796763.84014856
2025-01-24 13:28:00+09:00,46796763.84014856
2025-01-24 13:29:00+09:00,46796763.84014856
2025-01-24 13:30:00+09:00,46796763.84014856
2025-01-24 13:31:00+09:00,46796763.84014856
2025-01-24 13:32:00+09:00,46796763.84014856
2025-01-24 13:33:00+09:00,46796763.84014856
2025-01-24 13:34:00+09:00,46796763.84014856
2025-01-24 13:35:00+09:00,46796763.84014856
2025-01-24 13:36:00+09:00,46796763.84014856
2025-01-24 13:37:00+09:00,46796763.84014856
2025-01-24 13:38:00+09:00,46796763.84014856
2025-01-24 13:39:00+09:00,46796763.84014856
2025-01-24 13:40:00+09:00,46796763.84014856
2025-01-24 13:41:00+09:00,46796763.84014856
2025-01-24 13:42:00+09:00,46796763.84014856
2025-01-24 13:43:00+09:00,46796763.84014856
2025-01-24 13:44:00+09:00,46796763.84014856
2025-01-24 13:45:00+09:00,46796763.84014856
2025-01-24 13:46:00+09:00,46796763.84014856
2025-01-24 13:47:00+09:00,46796763.84014856
2025-01-24 13:48:00+09:00,46796763.84014856
2025-01-24 13:49:00+09:00,46796763.84014856
2025-01-24 13:50:00+09:00,46796763.84014856
2025-01-24 13:51:00+09:00,46796763.84014856
2025-01-24 13:52:00+09:00,46796763.84014856
2025-01-24 13:53:00+09:00,46796763.84014856
2025-01-24 13:54:00+09:00,46796763.84014856
2025-01-24 13:55:00+09:00,46796763.84014856
2025-01-24 13:56:00+09:00,46796763.84014856
2025-01-24 13:57:00+09:00,46796763.84014856
2025-01-24 13:58:00+09:00,46796763.84014856
2025-01-24 13:59:00+09:00,46796763.84014856
2025-01-24 14:00:00+09:00,46796763.84014856
2025-01-24 14:01:00+09:00,46796763.84014856
2025-01-24 14:02:00+09:00,46796763.84014856
2025-01-24 14:03:00+09:00,46796763.84014856
2025-01-24 14:04:00+09:00,46796763.84014856
2025-01-24 14:05:00+09:00,46796763.84014856
2025-01-24 14:06:00+09:00,46796763.84014856
2025-01-24 14:07:00+09:00,46796763.84014856
2025-01-24 14:08:00+09:00,46796763.84014856
2025-01-24 14:09:00+09:00,46796763.84014856
2025-01-24 14:10:00+09:00,46796763.84014856
2025-01-24 14:11:00+09:00,46796763.84014856
2025-01-24 14:12:00+09:00,46796763.84014856
2025-01-24 14:13:00+09:00,46796763.84014856
2025-01-24 14:14:00+09:00,46796763.84014856
2025-01-24 14:15:00+09:00,46796763.84014856
2025-01-24 14:16:00+09:00,46796763.84014856
2025-01-24 14:17:00+09:00,46796763.84014856
2025-01-24 14:18:00+09:00,46796763.84014856
2025-01-24 14:19:00+09:00,46796763.84014856
2025-01-24 14:20:00+09:00,46796763.84014856
2025-01-24 14:21:00+09:00,46796763.84014856
2025-01-24 14:22:00+09:00,46796763.84014856
2025-01-24 14:23:00+09:00,46796763.84014856
2025-01-24 14:24:00+09:00,46796763.84014856
2025-01-24 14:25:00+09:00,46796763.84014856
2025-01-24 14:26:00+09:00,46796763.84014856
2025-01-24 14:27:00+09:00,46796763.84014856
2025-01-24 14:28:00+09:00,46796763.84014856
2025-01-24 14:29:00+09:00,46796763.84014856
2025-01-24 14:30:00+09:00,46796763.84014856
2025-01-24 14:31:00+09:00,46796763.84014856
2025-01-24 14:32:00+09:00,46796763.84014856
2025-01-24 14:33:00+09:00,46796763.84014856
2025-01-24 14:34:00+09:00,46796763.84014856
2025-01-24 14:35:00+09:00,46796763.84014856
2025-01-24 14:36:00+09:00,46796763.84014856
2025-01-24 14:37:00+09:00,46778045.1346125
2025-01-24 14:38:00+09:00,46651744.412749045
2025-01-24 14:39:00+09:00,46651744.412749045
2025-01-24 14:40:00+09:00,46651744.412749045
2025-01-24 14:41:00+09:00,46651744.412749045
2025-01-24 14:42:00+09:00,46651744.412749045
2025-01-24 14:43:00+09:00,46651744.412749045
2025-01-24 14:44:00+09:00,46651744.412749045
2025-01-24 14:45:00+09:00,46651744.412749045
2025-01-24 14:46:00+09:00,46651744.412749045
2025-01-24 14:47:00+09:00,46651744.412749045
2025-01-24 14:48:00+09:00,46651744.412749045
2025-01-24 14:49:00+09:00,46633083.71498395
2025-01-24 14:50:00+09:00,46546243.70806591
2025-01-24 14:51:00+09:00,46633083.71498395
2025-01-24 14:52:00+09:00,46633083.71498395
2025-01-24 14:53:00+09:00,46633083.71498395
2025-01-24 14:54:00+09:00,46546243.70806591
2025-01-24 14:55:00+09:00,46546243.70806591
2025-01-24 14:56:00+09:00,46546243.70806591
2025-01-24 14:57:00+09:00,46546243.70806591
2025-01-24 14:58:00+09:00,46546243.70806591
2025-01-24 14:59:00+09:00,46546243.70806591
2025-01-24 15:00:00+09:00,46633083.71498395
2025-01-24 15:01:00+09:00,46546243.70806591
2025-01-24 15:02:00+09:00,46633083.71498395
2025-01-24 15:03:00+09:00,46633083.71498395
2025-01-24 15:04:00+09:00,46546243.70806591
2025-01-24 15:05:00+09:00,46633083.71498395
2025-01-24 15:06:00+09:00,46546243.70806591
2025-01-24 15:07:00+09:00,46633083.71498395
2025-01-24 15:08:00+09:00,46633083.71498395
2025-01-24 15:09:00+09:00,46546243.70806591
2025-01-24 15:10:00+09:00,46546243.70806591
2025-01-24 15:11:00+09:00,46633083.71498395
2025-01-24 15:12:00+09:00,46633083.71498395
2025-01-24 15:13:00+09:00,46633083.71498395
2025-01-24 15:14:00+09:00,46633083.71498395
2025-01-24 15:15:00+09:00,46633083.71498395
2025-01-24 15:16:00+09:00,46546243.70806591
2025-01-24 15:17:00+09:00,46546243.70806591
2025-01-24 15:18:00+09:00,46420568.85005413
2025-01-24 15:19:00+09:00,46420568.85005413
2025-01-24 15:30:00+09:00,46420568.85005413
2025-01-24 15:35:00+09:00,46420568.85005413
2025-01-31 09:00:00+09:00,46420568.85005413
2025-01-31 09:01:00+09:00,46420568.85005413
2025-01-31 09:02:00+09:00,46420568.85005413
2025-01-31 09:03:00+09:00,46420568.85005413
2025-01-31 09:04:00+09:00,46420568.85005413
2025-01-31 09:05:00+09:00,46420568.85005413
2025-01-31 09:06:00+09:00,46420568.85005413
2025-01-31 09:07:00+09:00,46420568.85005413
2025-01-31 09:08:00+09:00,46420568.85005413
2025-01-31 09:09:00+09:00,46420568.85005413
2025-01-31 09:10:00+09:00,46420568.85005413
2025-01-31 09:11:00+09:00,46420568.85005413
2025-01-31 09:12:00+09:00,46420568.85005413
2025-01-31 09:13:00+09:00,46420568.85005413
2025-01-31 09:14:00+09:00,46420568.85005413
2025-01-31 09:15:00+09:00,46420568.85005413
2025-01-31 09:16:00+09:00,46420568.85005413
2025-01-31 09:17:00+09:00,46420568.85005413
2025-01-31 09:18:00+09:00,46420568.85005413
2025-01-31 09:19:00+09:00,46420568.85005413
2025-01-31 09:20:00+09:00,46420568.85005413
2025-01-31 09:21:00+09:00,46420568.85005413
2025-01-31 09:22:00+09:00,46420568.85005413
2025-01-31 09:23:00+09:00,46420568.85005413
2025-01-31 09:24:00+09:00,46420568.85005413
2025-01-31 09:25:00+09:00,46420568.85005413
2025-01-31 09:26:00+09:00,46420568.85005413
2025-01-31 09:27:00+09:00,46420568.85005413
2025-01-31 09:28:00+09:00,46420568.85005413
2025-01-31 09:29:00+09:00,46420568.85005413
2025-01-31 09:30:00+09:00,46420568.85005413
2025-01-31 09:31:00+09:00,46420568.85005413
2025-01-31 09:32:00+09:00,46420568.85005413
2025-01-31 09:33:00+09:00,46420568.85005413
2025-01-31 09:34:00+09:00,46420568.85005413
2025-01-31 09:35:00+09:00,46420568.85005413
2025-01-31 09:36:00+09:00,46420568.85005413
2025-01-31 09:37:00+09:00,46420568.85005413
2025-01-31 09:38:00+09:00,46420568.85005413
2025-01-31 09:39:00+09:00,46420568.85005413
2025-01-31 09:40:00+09:00,46420568.85005413
2025-01-31 09:41:00+09:00,46420568.85005413
2025-01-31 09:42:00+09:00,46420568.85005413
2025-01-31 09:43:00+09:00,46420568.85005413
2025-01-31 09:44:00+09:00,46420568.85005413
2025-01-31 09:45:00+09:00,46420568.85005413
2025-01-31 09:46:00+09:00,46420568.85005413
2025-01-31 09:47:00+09:00,46420568.85005413
2025-01-31 09:48:00+09:00,46420568.85005413
2025-01-31 09:49:00+09:00,46420568.85005413
2025-01-31 09:50:00+09:00,46420568.85005413
2025-01-31 09:51:00+09:00,46420568.85005413
2025-01-31 09:52:00+09:00,46420568.85005413
2025-01-31 09:53:00+09:00,46420568.85005413
2025-01-31 09:54:00+09:00,46420568.85005413
2025-01-31 09:55:00+09:00,46420568.85005413
2025-01-31 09:56:00+09:00,46420568.85005413
2025-01-31 09:57:00+09:00,46402000.622514114
2025-01-31 09:58:00+09:00,46402000.622514114
2025-01-31 09:59:00+09:00,46402000.622514114
2025-01-31 10:00:00+09:00,46402000.622514114
2025-01-31 10:01:00+09:00,46313951.285469495
2025-01-31 10:02:00+09:00,46402000.622514114
2025-01-31 10:03:00+09:00,46402000.622514114
2025-01-31 10:04:00+09:00,46313951.285469495
2025-01-31 10:05:00+09:00,46313951.285469495
2025-01-31 10:06:00+09:00,46313951.285469495
2025-01-31 10:07:00+09:00,46402000.622514114
2025-01-31 10:08:00+09:00,46402000.622514114
2025-01-31 10:09:00+09:00,46402000.622514114
2025-01-31 10:10:00+09:00,46225901.948424876
2025-01-31 10:11:00+09:00,46225901.948424876
2025-01-31 10:12:00+09:00,46225901.948424876
2025-01-31 10:13:00+09:00,46225901.948424876
2025-01-31 10:14:00+09:00,46225901.948424876
2025-01-31 10:15:00+09:00,46225901.948424876
2025-01-31 10:16:00+09:00,46101092.013164125
2025-01-31 10:17:00+09:00,46101092.013164125
2025-01-31 10:18:00+09:00,46101092.013164125
2025-01-31 10:19:00+09:00,46101092.013164125
2025-01-31 10:20:00+09:00,46101092.013164125
2025-01-31 10:21:00+09:00,46101092.013164125
2025-01-31 10:22:00+09:00,46101092.013164125
2025-01-31 10:23:00+09:00,46101092.013164125
2025-01-31 10:24:00+09:00,46101092.013164125
2025-01-31 10:25:00+09:00,46101092.013164125
2025-01-31 10:26:00+09:00,46101092.013164125
2025-01-31 10:27:00+09:00,46101092.013164125
2025-01-31 10:28:00+09:00,46101092.013164125
2025-01-31 10:29:00+09:00,46101092.013164125
2025-01-31 10:30:00+09:00,46101092.013164125
2025-01-31 10:31:00+09:00,46101092.013164125
2025-01-31 10:32:00+09:00,46101092.013164125
2025-01-31 10:33:00+09:00,46101092.013164125
2025-01-31 10:34:00+09:00,46101092.013164125
2025-01-31 10:35:00+09:00,46101092.013164125
2025-01-31 10:36:00+09:00,46101092.013164125
2025-01-31 10:37:00+09:00,46101092.013164125
2025-01-31 10:38:00+09:00,46101092.013164125
2025-01-31 10:39:00+09:00,46101092.013164125
2025-01-31 10:40:00+09:00,46101092.013164125
2025-01-31 10:41:00+09:00,46101092.013164125
2025-01-31 10:42:00+09:00,46101092.013164125
2025-01-31 10:43:00+09:00,46101092.013164125
2025-01-31 10:44:00+09:00,46101092.013164125
2025-01-31 10:45:00+09:00,46101092.013164125
2025-01-31 10:46:00+09:00,46101092.013164125
2025-01-31 10:47:00+09:00,46101092.013164125
2025-01-31 10:48:00+09:00,46101092.013164125
2025-01-31 10:49:00+09:00,46101092.013164125
2025-01-31 10:50:00+09:00,46101092.013164125
2025-01-31 10:51:00+09:00,46101092.013164125
2025-01-31 10:52:00+09:00,46101092.013164125
2025-01-31 10:53:00+09:00,46101092.013164125
2025-01-31 10:54:00+09:00,46101092.013164125
2025-01-31 10:55:00+09:00,46101092.013164125
2025-01-31 10:56:00+09:00,46101092.013164125
2025-01-31 10:57:00+09:00,46101092.013164125
2025-01-31 10:58:00+09:00,46101092.013164125
2025-01-31 10:59:00+09:00,46101092.013164125
2025-01-31 11:00:00+09:00,46101092.013164125
2025-01-31 11:01:00+09:00,46101092.013164125
2025-01-31 11:02:00+09:00,46101092.013164125
2025-01-31 11:03:00+09:00,46101092.013164125
2025-01-31 11:04:00+09:00,46101092.013164125
2025-01-31 11:05:00+09:00,46101092.013164125
2025-01-31 11:06:00+09:00,46101092.013164125
2025-01-31 11:07:00+09:00,46101092.013164125
2025-01-31 11:08:00+09:00,46101092.013164125
2025-01-31 11:09:00+09:00,46101092.013164125
2025-01-31 11:10:00+09:00,46101092.013164125
2025-01-31 11:11:00+09:00,46101092.013164125
2025-01-31 11:12:00+09:00,46101092.013164125
2025-01-31 11:13:00+09:00,46101092.013164125
2025-01-31 11:14:00+09:00,46101092.013164125
2025-01-31 11:15:00+09:00,46101092.013164125
2025-01-31 11:16:00+09:00,46101092.013164125
2025-01-31 11:17:00+09:00,46101092.013164125
2025-01-31 11:18:00+09:00,46101092.013164125
2025-01-31 11:19:00+09:00,46101092.013164125
2025-01-31 11:20:00+09:00,46101092.013164125
2025-01-31 11:21:00+09:00,46101092.013164125
2025-01-31 11:22:00+09:00,46101092.013164125
2025-01-31 11:23:00+09:00,46101092.013164125
2025-01-31 11:24:00+09:00,46101092.013164125
2025-01-31 11:25:00+09:00,46101092.013164125
2025-01-31 11:26:00+09:00,46101092.013164125
2025-01-31 11:27:00+09:00,46101092.013164125
2025-01-31 11:28:00+09:00,46101092.013164125
2025-01-31 11:29:00+09:00,46101092.013164125
2025-01-31 11:30:00+09:00,46101092.013164125
2025-01-31 11:31:00+09:00,46101092.013164125
2025-01-31 11:32:00+09:00,46101092.013164125
2025-01-31 11:33:00+09:00,46101092.013164125
2025-01-31 11:34:00+09:00,46101092.013164125
2025-01-31 11:35:00+09:00,46082651.57635886
2025-01-31 11:36:00+09:00,46082651.57635886
2025-01-31 11:37:00+09:00,46082651.57635886
2025-01-31 11:38:00+09:00,46082651.57635886
2025-01-31 11:39:00+09:00,46082651.57635886
2025-01-31 11:40:00+09:00,45994707.58480093
2025-01-31 11:41:00+09:00,46082651.57635886
2025-01-31 11:42:00+09:00,45958228.417102695
2025-01-31 11:43:00+09:00,45958228.417102695
2025-01-31 11:44:00+09:00,45958228.417102695
2025-01-31 11:45:00+09:00,45958228.417102695
2025-01-31 11:46:00+09:00,45958228.417102695
2025-01-31 11:47:00+09:00,45958228.417102695
2025-01-31 11:48:00+09:00,45958228.417102695
2025-01-31 11:49:00+09:00,45958228.417102695
2025-01-31 11:50:00+09:00,45958228.417102695
2025-01-31 11:51:00+09:00,45958228.417102695
2025-01-31 11:52:00+09:00,45958228.417102695
2025-01-31 11:53:00+09:00,45958228.417102695
2025-01-31 11:54:00+09:00,45958228.417102695
2025-01-31 11:55:00+09:00,45939845.12573586
2025-01-31 11:56:00+09:00,45939845.12573586
2025-01-31 11:57:00+09:00,45815807.54389637
2025-01-31 11:58:00+09:00,45815807.54389637
2025-01-31 11:59:00+09:00,45815807.54389637
2025-01-31 12:00:00+09:00,45815807.54389637
2025-01-31 12:01:00+09:00,45815807.54389637
2025-01-31 12:02:00+09:00,45815807.54389637
2025-01-31 12:03:00+09:00,45815807.54389637
2025-01-31 12:04:00+09:00,45815807.54389637
2025-01-31 12:05:00+09:00,45815807.54389637
2025-01-31 12:06:00+09:00,45815807.54389637
2025-01-31 12:07:00+09:00,45815807.54389637
2025-01-31 12:08:00+09:00,45815807.54389637
2025-01-31 12:09:00+09:00,45815807.54389637
2025-01-31 12:10:00+09:00,45815807.54389637
2025-01-31 12:11:00+09:00,45815807.54389637
2025-01-31 12:12:00+09:00,45815807.54389637
2025-01-31 12:13:00+09:00,45815807.54389637
2025-01-31 12:14:00+09:00,45815807.54389637
2025-01-31 12:15:00+09:00,45815807.54389637
2025-01-31 12:16:00+09:00,45815807.54389637
2025-01-31 12:17:00+09:00,45815807.54389637
2025-01-31 12:18:00+09:00,45815807.54389637
2025-01-31 12:19:00+09:00,45815807.54389637
2025-01-31 12:20:00+09:00,45815807.54389637
2025-01-31 12:21:00+09:00,45815807.54389637
2025-01-31 12:22:00+09:00,45815807.54389637
2025-01-31 12:23:00+09:00,45815807.54389637
2025-01-31 12:24:00+09:00,45815807.54389637
2025-01-31 12:25:00+09:00,45815807.54389637
2025-01-31 12:26:00+09:00,45815807.54389637
2025-01-31 12:27:00+09:00,45815807.54389637
2025-01-31 12:28:00+09:00,45815807.54389637
2025-01-31 12:29:00+09:00,45815807.54389637
2025-01-31 12:30:00+09:00,45815807.54389637
2025-01-31 12:31:00+09:00,45815807.54389637
2025-01-31 12:32:00+09:00,45815807.54389637
2025-01-31 12:33:00+09:00,45815807.54389637
2025-01-31 12:34:00+09:00,45815807.54389637
2025-01-31 12:35:00+09:00,45815807.54389637
2025-01-31 12:36:00+09:00,45815807.54389637
2025-01-31 12:37:00+09:00,45815807.54389637
2025-01-31 12:38:00+09:00,45815807.54389637
2025-01-31 12:39:00+09:00,45815807.54389637
2025-01-31 12:40:00+09:00,45815807.54389637
2025-01-31 12:41:00+09:00,45815807.54389637
2025-01-31 12:42:00+09:00,45815807.54389637
2025-01-31 12:43:00+09:00,45815807.54389637
2025-01-31 12:44:00+09:00,45815807.54389637
2025-01-31 12:45:00+09:00,45815807.54389637
2025-01-31 12:46:00+09:00,45815807.54389637
2025-01-31 12:47:00+09:00,45815807.54389637
2025-01-31 12:48:00+09:00,45815807.54389637
2025-01-31 12:49:00+09:00,45815807.54389637
2025-01-31 12:50:00+09:00,45815807.54389637
2025-01-31 12:51:00+09:00,45815807.54389637
2025-01-31 12:52:00+09:00,45815807.54389637
2025-01-31 12:53:00+09:00,45815807.54389637
2025-01-31 12:54:00+09:00,45815807.54389637
2025-01-31 12:55:00+09:00,45815807.54389637
2025-01-31 12:56:00+09:00,45815807.54389637
2025-01-31 12:57:00+09:00,45815807.54389637
2025-01-31 12:58:00+09:00,45815807.54389637
2025-01-31 12:59:00+09:00,45797481.22087881
2025-01-31 13:00:00+09:00,45797481.22087881
2025-01-31 13:01:00+09:00,45797481.22087881
2025-01-31 13:02:00+09:00,45797481.22087881
2025-01-31 13:03:00+09:00,45709746.582524635
2025-01-31 13:04:00+09:00,45797481.22087881
2025-01-31 13:05:00+09:00,45673828.02158243
2025-01-31 13:06:00+09:00,45673828.02158243
2025-01-31 13:07:00+09:00,45673828.02158243
2025-01-31 13:08:00+09:00,45673828.02158243
2025-01-31 13:09:00+09:00,45673828.02158243
2025-01-31 13:10:00+09:00,45673828.02158243
2025-01-31 13:11:00+09:00,45673828.02158243
2025-01-31 13:12:00+09:00,45673828.02158243
2025-01-31 13:13:00+09:00,45673828.02158243
2025-01-31 13:14:00+09:00,45673828.02158243
2025-01-31 13:15:00+09:00,45673828.02158243
2025-01-31 13:16:00+09:00,45655558.4903738
2025-01-31 13:17:00+09:00,45568262.96744765
2025-01-31 13:18:00+09:00,45568262.96744765
2025-01-31 13:19:00+09:00,45655558.4903738
2025-01-31 13:20:00+09:00,45655558.4903738
2025-01-31 13:21:00+09:00,45655558.4903738
2025-01-31 13:22:00+09:00,45655558.4903738
2025-01-31 13:23:00+09:00,45655558.4903738
2025-01-31 13:24:00+09:00,45655558.4903738
2025-01-31 13:25:00+09:00,45655558.4903738
2025-01-31 13:26:00+09:00,45655558.4903738
2025-01-31 13:27:00+09:00,45568262.96744765
2025-01-31 13:28:00+09:00,45655558.4903738
2025-01-31 13:29:00+09:00,45532288.482449785
2025-01-31 13:30:00+09:00,45532288.482449785
2025-01-31 13:31:00+09:00,45532288.482449785
2025-01-31 13:32:00+09:00,45532288.482449785
2025-01-31 13:33:00+09:00,45532288.482449785
2025-01-31 13:34:00+09:00,45532288.482449785
2025-01-31 13:35:00+09:00,45532288.482449785
2025-01-31 13:36:00+09:00,45532288.482449785
2025-01-31 13:37:00+09:00,45532288.482449785
2025-01-31 13:38:00+09:00,45532288.482449785
2025-01-31 13:39:00+09:00,45532288.482449785
2025-01-31 13:40:00+09:00,45532288.482449785
2025-01-31 13:41:00+09:00,45514075.567056805
2025-01-31 13:42:00+09:00,45427050.56597257
2025-01-31 13:43:00+09:00,45514075.567056805
2025-01-31 13:44:00+09:00,45391187.56302575
2025-01-31 13:45:00+09:00,45391187.56302575
2025-01-31 13:46:00+09:00,45391187.56302575
2025-01-31 13:47:00+09:00,45391187.56302575
2025-01-31 13:48:00+09:00,45391187.56302575
2025-01-31 13:49:00+09:00,45391187.56302575
2025-01-31 13:50:00+09:00,45391187.56302575
2025-01-31 13:51:00+09:00,45391187.56302575
2025-01-31 13:52:00+09:00,45391187.56302575
2025-01-31 13:53:00+09:00,45391187.56302575
2025-01-31 13:54:00+09:00,45391187.56302575
2025-01-31 13:55:00+09:00,45391187.56302575
2025-01-31 13:56:00+09:00,45373031.08800054
2025-01-31 13:57:00+09:00,45459952.6034948
2025-01-31 13:58:00+09:00,45423897.558867775
2025-01-31 13:59:00+09:00,45423897.558867775
2025-01-31 14:00:00+09:00,45423897.558867775
2025-01-31 14:01:00+09:00,45423897.558867775
2025-01-31 14:02:00+09:00,45423897.558867775
2025-01-31 14:03:00+09:00,45423897.558867775
2025-01-31 14:04:00+09:00,45423897.558867775
2025-01-31 14:05:00+09:00,45423897.558867775
2025-01-31 14:06:00+09:00,45423897.558867775
2025-01-31 14:07:00+09:00,45423897.558867775
2025-01-31 14:08:00+09:00,45423897.558867775
2025-01-31 14:09:00+09:00,45405727.99984423
2025-01-31 14:10:00+09:00,45405727.99984423
2025-01-31 14:11:00+09:00,45492545.83540799
2025-01-31 14:12:00+09:00,45492545.83540799
2025-01-31 14:13:00+09:00,45492545.83540799
2025-01-31 14:14:00+09:00,45492545.83540799
2025-01-31 14:15:00+09:00,45405727.99984423
2025-01-31 14:16:00+09:00,45492545.83540799
2025-01-31 14:17:00+09:00,45492545.83540799
2025-01-31 14:18:00+09:00,45492545.83540799
2025-01-31 14:19:00+09:00,45492545.83540799
2025-01-31 14:20:00+09:00,45492545.83540799
2025-01-31 14:21:00+09:00,45492545.83540799
2025-01-31 14:22:00+09:00,45405727.99984423
2025-01-31 14:23:00+09:00,45492545.83540799
2025-01-31 14:24:00+09:00,45369715.96165238
2025-01-31 14:25:00+09:00,45369715.96165238
2025-01-31 14:26:00+09:00,45369715.96165238
2025-01-31 14:27:00+09:00,45369715.96165238
2025-01-31 14:28:00+09:00,45369715.96165238
2025-01-31 14:29:00+09:00,45369715.96165238
2025-01-31 14:30:00+09:00,45369715.96165238
2025-01-31 14:31:00+09:00,45369715.96165238
2025-01-31 14:32:00+09:00,45369715.96165238
2025-01-31 14:33:00+09:00,45369715.96165238
2025-01-31 14:34:00+09:00,45369715.96165238
2025-01-31 14:35:00+09:00,45369715.96165238
2025-01-31 14:36:00+09:00,45351568.075267725
2025-01-31 14:37:00+09:00,45351568.075267725
2025-01-31 14:38:00+09:00,45438116.8693045
2025-01-31 14:39:00+09:00,45438116.8693045
2025-01-31 14:40:00+09:00,45438116.8693045
2025-01-31 14:41:00+09:00,45438116.8693045
2025-01-31 14:42:00+09:00,45438116.8693045
2025-01-31 14:43:00+09:00,45438116.8693045
2025-01-31 14:44:00+09:00,45438116.8693045
2025-01-31 14:45:00+09:00,45438116.8693045
2025-01-31 14:46:00+09:00,45438116.8693045
2025-01-31 14:47:00+09:00,45438116.8693045
2025-01-31 14:48:00+09:00,45438116.8693045
2025-01-31 14:49:00+09:00,45438116.8693045
2025-01-31 14:50:00+09:00,45438116.8693045
2025-01-31 14:51:00+09:00,45438116.8693045
2025-01-31 14:52:00+09:00,45351568.07526773
2025-01-31 14:53:00+09:00,45351568.07526773
2025-01-31 14:54:00+09:00,45438116.86930451
2025-01-31 14:55:00+09:00,45315433.95375738
2025-01-31 14:56:00+09:00,45315433.95375738
2025-01-31 14:57:00+09:00,45315433.95375738
2025-01-31 14:58:00+09:00,45315433.95375738
2025-01-31 14:59:00+09:00,45315433.95375738
2025-01-31 15:00:00+09:00,45315433.95375738
2025-01-31 15:01:00+09:00,45315433.95375738
2025-01-31 15:02:00+09:00,45315433.95375738
2025-01-31 15:03:00+09:00,45315433.95375738
2025-01-31 15:04:00+09:00,45315433.95375738
2025-01-31 15:05:00+09:00,45315433.95375738
2025-01-31 15:06:00+09:00,45315433.95375738
2025-01-31 15:07:00+09:00,45315433.95375738
2025-01-31 15:08:00+09:00,45315433.95375738
2025-01-31 15:09:00+09:00,45297307.78017588
2025-01-31 15:10:00+09:00,45297307.78017588
2025-01-31 15:11:00+09:00,45297307.78017588
2025-01-31 15:12:00+09:00,45297307.78017588
2025-01-31 15:13:00+09:00,45211027.19392793
2025-01-31 15:14:00+09:00,45297307.78017589
2025-01-31 15:15:00+09:00,45175005.049169414
2025-01-31 15:16:00+09:00,45175005.049169414
2025-01-31 15:17:00+09:00,45175005.049169414
2025-01-31 15:18:00+09:00,45175005.049169414
2025-01-31 15:19:00+09:00,45175005.049169414
2025-01-31 15:30:00+09:00,45175005.049169414
2025-01-31 15:35:00+09:00,45175005.049169414
2025-02-03 09:00:00+09:00,45175005.049169414
2025-02-03 09:01:00+09:00,45175005.049169414
2025-02-03 09:02:00+09:00,45175005.049169414
2025-02-03 09:03:00+09:00,45175005.049169414
2025-02-03 09:04:00+09:00,45175005.049169414
2025-02-03 09:05:00+09:00,45175005.049169414
2025-02-03 09:06:00+09:00,45175005.049169414
2025-02-03 09:07:00+09:00,45175005.049169414
2025-02-03 09:08:00+09:00,45175005.049169414
2025-02-03 09:09:00+09:00,45175005.049169414
2025-02-03 09:10:00+09:00,45175005.049169414
2025-02-03 09:11:00+09:00,45175005.049169414
2025-02-03 09:12:00+09:00,45175005.049169414
2025-02-03 09:13:00+09:00,45175005.049169414
2025-02-03 09:14:00+09:00,45175005.049169414
2025-02-03 09:15:00+09:00,45175005.049169414
2025-02-03 09:16:00+09:00,45175005.049169414
2025-02-03 09:17:00+09:00,45175005.049169414
2025-02-03 09:18:00+09:00,45175005.049169414
2025-02-03 09:19:00+09:00,45175005.049169414
2025-02-03 09:20:00+09:00,45175005.049169414
2025-02-03 09:21:00+09:00,45175005.049169414
2025-02-03 09:22:00+09:00,45175005.049169414
2025-02-03 09:23:00+09:00,45175005.049169414
2025-02-03 09:24:00+09:00,45175005.049169414
2025-02-03 09:25:00+09:00,45175005.049169414
2025-02-03 09:26:00+09:00,45175005.049169414
2025-02-03 09:27:00+09:00,45175005.049169414
2025-02-03 09:28:00+09:00,45175005.049169414
2025-02-03 09:29:00+09:00,45175005.049169414
2025-02-03 09:30:00+09:00,45175005.049169414
2025-02-03 09:31:00+09:00,45175005.049169414
2025-02-03 09:32:00+09:00,45175005.049169414
2025-02-03 09:33:00+09:00,45175005.049169414
2025-02-03 09:34:00+09:00,45175005.049169414
2025-02-03 09:35:00+09:00,45175005.049169414
2025-02-03 09:36:00+09:00,45175005.049169414
2025-02-03 09:37:00+09:00,45175005.049169414
2025-02-03 09:38:00+09:00,45175005.049169414
2025-02-03 09:39:00+09:00,45175005.049169414
2025-02-03 09:40:00+09:00,45175005.049169414
2025-02-03 09:41:00+09:00,45175005.049169414
2025-02-03 09:42:00+09:00,45175005.049169414
2025-02-03 09:43:00+09:00,45175005.049169414
2025-02-03 09:44:00+09:00,45175005.049169414
2025-02-03 09:45:00+09:00,45175005.049169414
2025-02-03 09:46:00+09:00,45175005.049169414
2025-02-03 09:47:00+09:00,45175005.049169414
2025-02-03 09:48:00+09:00,45175005.049169414
2025-02-03 09:49:00+09:00,45175005.049169414
2025-02-03 09:50:00+09:00,45175005.049169414
2025-02-03 09:51:00+09:00,45175005.049169414
2025-02-03 09:52:00+09:00,45175005.049169414
2025-02-03 09:53:00+09:00,45175005.049169414
2025-02-03 09:54:00+09:00,45175005.049169414
2025-02-03 09:55:00+09:00,45175005.049169414
2025-02-03 09:56:00+09:00,45175005.049169414
2025-02-03 09:57:00+09:00,45175005.049169414
2025-02-03 09:58:00+09:00,45175005.049169414
2025-02-03 09:59:00+09:00,45175005.049169414
2025-02-03 10:00:00+09:00,45175005.049169414
2025-02-03 10:01:00+09:00,45175005.049169414
2025-02-03 10:02:00+09:00,45175005.049169414
2025-02-03 10:03:00+09:00,45175005.049169414
2025-02-03 10:04:00+09:00,45175005.049169414
2025-02-03 10:05:00+09:00,45175005.049169414
2025-02-03 10:06:00+09:00,45175005.049169414
2025-02-03 10:07:00+09:00,45175005.049169414
2025-02-03 10:08:00+09:00,45175005.049169414
2025-02-03 10:09:00+09:00,45175005.049169414
2025-02-03 10:10:00+09:00,45175005.049169414
2025-02-03 10:11:00+09:00,45175005.049169414
2025-02-03 10:12:00+09:00,45175005.049169414
2025-02-03 10:13:00+09:00,45175005.049169414
2025-02-03 10:14:00+09:00,45175005.049169414
2025-02-03 10:15:00+09:00,45175005.049169414
2025-02-03 10:16:00+09:00,45175005.049169414
2025-02-03 10:17:00+09:00,45175005.049169414
2025-02-03 10:18:00+09:00,45175005.049169414
2025-02-03 10:19:00+09:00,45175005.049169414
2025-02-03 10:20:00+09:00,45175005.049169414
2025-02-03 10:21:00+09:00,45175005.049169414
2025-02-03 10:22:00+09:00,45175005.049169414
2025-02-03 10:23:00+09:00,45175005.049169414
2025-02-03 10:24:00+09:00,45175005.049169414
2025-02-03 10:25:00+09:00,45175005.049169414
2025-02-03 10:26:00+09:00,45175005.049169414
2025-02-03 10:27:00+09:00,45175005.049169414
2025-02-03 10:28:00+09:00,45156935.04714975
2025-02-03 10:29:00+09:00,45156935.04714975
2025-02-03 10:30:00+09:00,45156935.04714975
2025-02-03 10:31:00+09:00,45245304.78305415
2025-02-03 10:32:00+09:00,45156935.04714975
2025-02-03 10:33:00+09:00,45156935.04714975
2025-02-03 10:34:00+09:00,45156935.04714975
2025-02-03 10:35:00+09:00,45156935.04714975
2025-02-03 10:36:00+09:00,45156935.04714975
2025-02-03 10:37:00+09:00,45068565.311245345
2025-02-03 10:38:00+09:00,45156935.04714975
2025-02-03 10:39:00+09:00,44946880.18490498
2025-02-03 10:40:00+09:00,44946880.18490498
2025-02-03 10:41:00+09:00,44946880.18490498
2025-02-03 10:42:00+09:00,44946880.18490498
2025-02-03 10:43:00+09:00,44946880.18490498
2025-02-03 10:44:00+09:00,44946880.18490498
2025-02-03 10:45:00+09:00,44946880.18490498
2025-02-03 10:46:00+09:00,44946880.18490498
2025-02-03 10:47:00+09:00,44946880.18490498
2025-02-03 10:48:00+09:00,44946880.18490498
2025-02-03 10:49:00+09:00,44946880.18490498
2025-02-03 10:50:00+09:00,44928901.43283102
2025-02-03 10:51:00+09:00,44928901.43283102
2025-02-03 10:52:00+09:00,44928901.43283102
2025-02-03 10:53:00+09:00,44840977.94666109
2025-02-03 10:54:00+09:00,44928901.43283102
2025-02-03 10:55:00+09:00,44719907.30620511
2025-02-03 10:56:00+09:00,44719907.30620511
2025-02-03 10:57:00+09:00,44719907.30620511
2025-02-03 10:58:00+09:00,44719907.30620511
2025-02-03 10:59:00+09:00,44719907.30620511
2025-02-03 11:00:00+09:00,44719907.30620511
2025-02-03 11:01:00+09:00,44719907.30620511
2025-02-03 11:02:00+09:00,44719907.30620511
2025-02-03 11:03:00+09:00,44719907.30620511
2025-02-03 11:04:00+09:00,44719907.30620511
2025-02-03 11:05:00+09:00,44719907.30620511
2025-02-03 11:06:00+09:00,44702019.343282625
2025-02-03 11:07:00+09:00,44614539.85337405
2025-02-03 11:08:00+09:00,44702019.343282625
2025-02-03 11:09:00+09:00,44581323.89105576
2025-02-03 11:10:00+09:00,44581323.89105576
2025-02-03 11:11:00+09:00,44581323.89105576
2025-02-03 11:12:00+09:00,44581323.89105576
2025-02-03 11:13:00+09:00,44581323.89105576
2025-02-03 11:14:00+09:00,44581323.89105576
2025-02-03 11:15:00+09:00,44581323.89105576
2025-02-03 11:16:00+09:00,44581323.89105576
2025-02-03 11:17:00+09:00,44581323.89105576
2025-02-03 11:18:00+09:00,44581323.89105576
2025-02-03 11:19:00+09:00,44581323.89105576
2025-02-03 11:20:00+09:00,44581323.89105576
2025-02-03 11:21:00+09:00,44581323.89105576
2025-02-03 11:22:00+09:00,44581323.89105576
2025-02-03 11:23:00+09:00,44581323.89105576
2025-02-03 11:24:00+09:00,44581323.89105576
2025-02-03 11:25:00+09:00,44563491.36149934
2025-02-03 11:26:00+09:00,44356196.99953009
2025-02-03 11:27:00+09:00,44356196.99953009
2025-02-03 11:28:00+09:00,44356196.99953009
2025-02-03 11:29:00+09:00,44356196.99953009
2025-02-03 11:30:00+09:00,44356196.99953009
2025-02-03 11:31:00+09:00,44356196.99953009
2025-02-03 11:32:00+09:00,44356196.99953009
2025-02-03 11:33:00+09:00,44356196.99953009
2025-02-03 11:34:00+09:00,44356196.99953009
2025-02-03 11:35:00+09:00,44356196.99953009
2025-02-03 11:36:00+09:00,44356196.99953009
2025-02-03 11:37:00+09:00,44338454.52073028
2025-02-03 11:38:00+09:00,44425392.66684936
2025-02-03 11:39:00+09:00,44305444.10664886
2025-02-03 11:40:00+09:00,44305444.10664886
2025-02-03 11:41:00+09:00,44305444.10664886
2025-02-03 11:42:00+09:00,44305444.10664886
2025-02-03 11:43:00+09:00,44305444.10664886
2025-02-03 11:44:00+09:00,44305444.10664886
2025-02-03 11:45:00+09:00,44305444.10664886
2025-02-03 11:46:00+09:00,44305444.10664886
2025-02-03 11:47:00+09:00,44305444.10664886
2025-02-03 11:48:00+09:00,44305444.10664886
2025-02-03 11:49:00+09:00,44305444.10664886
2025-02-03 11:50:00+09:00,44305444.10664886
2025-02-03 11:51:00+09:00,44305444.10664886
2025-02-03 11:52:00+09:00,44305444.10664886
2025-02-03 11:53:00+09:00,44305444.10664886
2025-02-03 11:54:00+09:00,44305444.10664886
2025-02-03 11:55:00+09:00,44305444.10664886
2025-02-03 11:56:00+09:00,44305444.10664886
2025-02-03 11:57:00+09:00,44305444.10664886
2025-02-03 11:58:00+09:00,44305444.10664886
2025-02-03 11:59:00+09:00,44305444.10664886
2025-02-03 12:00:00+09:00,44305444.10664886
2025-02-03 12:01:00+09:00,44305444.10664886
2025-02-03 12:02:00+09:00,44305444.10664886
2025-02-03 12:03:00+09:00,44305444.10664886
2025-02-03 12:04:00+09:00,44305444.10664886
2025-02-03 12:05:00+09:00,44305444.10664886
2025-02-03 12:06:00+09:00,44305444.10664886
2025-02-03 12:07:00+09:00,44305444.10664886
2025-02-03 12:08:00+09:00,44305444.10664886
2025-02-03 12:09:00+09:00,44305444.10664886
2025-02-03 12:10:00+09:00,44305444.10664886
2025-02-03 12:11:00+09:00,44305444.10664886
2025-02-03 12:12:00+09:00,44305444.10664886
2025-02-03 12:13:00+09:00,44305444.10664886
2025-02-03 12:14:00+09:00,44305444.10664886
2025-02-03 12:15:00+09:00,44305444.10664886
2025-02-03 12:16:00+09:00,44305444.10664886
2025-02-03 12:17:00+09:00,44305444.10664886
2025-02-03 12:18:00+09:00,44305444.10664886
2025-02-03 12:19:00+09:00,44305444.10664886
2025-02-03 12:20:00+09:00,44305444.10664886
2025-02-03 12:21:00+09:00,44305444.10664886
2025-02-03 12:22:00+09:00,44305444.10664886
2025-02-03 12:23:00+09:00,44305444.10664886
2025-02-03 12:24:00+09:00,44305444.10664886
2025-02-03 12:25:00+09:00,44305444.10664886
2025-02-03 12:26:00+09:00,44305444.10664886
2025-02-03 12:27:00+09:00,44305444.10664886
2025-02-03 12:28:00+09:00,44305444.10664886
2025-02-03 12:29:00+09:00,44305444.10664886
2025-02-03 12:30:00+09:00,44305444.10664886
2025-02-03 12:31:00+09:00,44305444.10664886
2025-02-03 12:32:00+09:00,44305444.10664886
2025-02-03 12:33:00+09:00,44305444.10664886
2025-02-03 12:34:00+09:00,44305444.10664886
2025-02-03 12:35:00+09:00,44305444.10664886
2025-02-03 12:36:00+09:00,44305444.10664886
2025-02-03 12:37:00+09:00,44305444.10664886
2025-02-03 12:38:00+09:00,44305444.10664886
2025-02-03 12:39:00+09:00,44305444.10664886
2025-02-03 12:40:00+09:00,44305444.10664886
2025-02-03 12:41:00+09:00,44305444.10664886
2025-02-03 12:42:00+09:00,44305444.10664886
2025-02-03 12:43:00+09:00,44305444.10664886
2025-02-03 12:44:00+09:00,44305444.10664886
2025-02-03 12:45:00+09:00,44305444.10664886
2025-02-03 12:46:00+09:00,44305444.10664886
2025-02-03 12:47:00+09:00,44305444.10664886
2025-02-03 12:48:00+09:00,44305444.10664886
2025-02-03 12:49:00+09:00,44305444.10664886
2025-02-03 12:50:00+09:00,44305444.10664886
2025-02-03 12:51:00+09:00,44305444.10664886
2025-02-03 12:52:00+09:00,44305444.10664886
2025-02-03 12:53:00+09:00,44305444.10664886
2025-02-03 12:54:00+09:00,44305444.10664886
2025-02-03 12:55:00+09:00,44305444.10664886
2025-02-03 12:56:00+09:00,44305444.10664886
2025-02-03 12:57:00+09:00,44305444.10664886
2025-02-03 12:58:00+09:00,44305444.10664886
2025-02-03 12:59:00+09:00,44305444.10664886
2025-02-03 13:00:00+09:00,44305444.10664886
2025-02-03 13:01:00+09:00,44305444.10664886
2025-02-03 13:02:00+09:00,44305444.10664886
2025-02-03 13:03:00+09:00,44305444.10664886
2025-02-03 13:04:00+09:00,44305444.10664886
2025-02-03 13:05:00+09:00,44305444.10664886
2025-02-03 13:06:00+09:00,44305444.10664886
2025-02-03 13:07:00+09:00,44305444.10664886
2025-02-03 13:08:00+09:00,44305444.10664886
2025-02-03 13:09:00+09:00,44287721.929006204
2025-02-03 13:10:00+09:00,44255090.247277796
2025-02-03 13:11:00+09:00,44255090.247277796
2025-02-03 13:12:00+09:00,44255090.247277796
2025-02-03 13:13:00+09:00,44255090.247277796
2025-02-03 13:14:00+09:00,44255090.247277796
2025-02-03 13:15:00+09:00,44255090.247277796
2025-02-03 13:16:00+09:00,44255090.247277796
2025-02-03 13:17:00+09:00,44255090.247277796
2025-02-03 13:18:00+09:00,44255090.247277796
2025-02-03 13:19:00+09:00,44255090.247277796
2025-02-03 13:20:00+09:00,44255090.247277796
2025-02-03 13:21:00+09:00,44255090.247277796
2025-02-03 13:22:00+09:00,44255090.247277796
2025-02-03 13:23:00+09:00,44255090.247277796
2025-02-03 13:24:00+09:00,44255090.247277796
2025-02-03 13:25:00+09:00,44255090.247277796
2025-02-03 13:26:00+09:00,44255090.247277796
2025-02-03 13:27:00+09:00,44255090.247277796
2025-02-03 13:28:00+09:00,44255090.247277796
2025-02-03 13:29:00+09:00,44255090.247277796
2025-02-03 13:30:00+09:00,44255090.247277796
2025-02-03 13:31:00+09:00,44255090.247277796
2025-02-03 13:32:00+09:00,44255090.247277796
2025-02-03 13:33:00+09:00,44255090.247277796
2025-02-03 13:34:00+09:00,44255090.247277796
2025-02-03 13:35:00+09:00,44255090.247277796
2025-02-03 13:36:00+09:00,44255090.247277796
2025-02-03 13:37:00+09:00,44255090.247277796
2025-02-03 13:38:00+09:00,44255090.247277796
2025-02-03 13:39:00+09:00,44255090.247277796
2025-02-03 13:40:00+09:00,44255090.247277796
2025-02-03 13:41:00+09:00,44255090.247277796
2025-02-03 13:42:00+09:00,44255090.247277796
2025-02-03 13:43:00+09:00,44237388.211178884
2025-02-03 13:44:00+09:00,44237388.211178884
2025-02-03 13:45:00+09:00,44150477.82176596
2025-02-03 13:46:00+09:00,44237388.211178884
2025-02-03 13:47:00+09:00,44117947.2630087
2025-02-03 13:48:00+09:00,44117947.2630087
2025-02-03 13:49:00+09:00,44117947.2630087
2025-02-03 13:50:00+09:00,44117947.2630087
2025-02-03 13:51:00+09:00,44117947.2630087
2025-02-03 13:52:00+09:00,44117947.2630087
2025-02-03 13:53:00+09:00,44117947.2630087
2025-02-03 13:54:00+09:00,44117947.2630087
2025-02-03 13:55:00+09:00,44117947.2630087
2025-02-03 13:56:00+09:00,44117947.2630087
2025-02-03 13:57:00+09:00,44117947.2630087
2025-02-03 13:58:00+09:00,44117947.2630087
2025-02-03 13:59:00+09:00,44117947.2630087
2025-02-03 14:00:00+09:00,44100300.084103495
2025-02-03 14:01:00+09:00,44100300.084103495
2025-02-03 14:02:00+09:00,44100300.084103495
2025-02-03 14:03:00+09:00,44100300.084103495
2025-02-03 14:04:00+09:00,44013659.02303453
2025-02-03 14:05:00+09:00,44100300.084103495
2025-02-03 14:06:00+09:00,43981229.27387641
2025-02-03 14:07:00+09:00,43981229.27387641
2025-02-03 14:08:00+09:00,43981229.27387641
2025-02-03 14:09:00+09:00,43981229.27387641
2025-02-03 14:10:00+09:00,43981229.27387641
2025-02-03 14:11:00+09:00,43981229.27387641
2025-02-03 14:12:00+09:00,43981229.27387641
2025-02-03 14:13:00+09:00,43981229.27387641
2025-02-03 14:14:00+09:00,43981229.27387641
2025-02-03 14:15:00+09:00,43981229.27387641
2025-02-03 14:16:00+09:00,43981229.27387641
2025-02-03 14:17:00+09:00,43963636.78216687
2025-02-03 14:18:00+09:00,43877433.57279007
2025-02-03 14:19:00+09:00,43963636.78216687
2025-02-03 14:20:00+09:00,43963636.78216687
2025-02-03 14:21:00+09:00,43963636.78216687
2025-02-03 14:22:00+09:00,43877433.57279007
2025-02-03 14:23:00+09:00,43877433.57279007
2025-02-03 14:24:00+09:00,43758964.50214354
2025-02-03 14:25:00+09:00,43758964.50214354
2025-02-03 14:26:00+09:00,43758964.50214354
2025-02-03 14:27:00+09:00,43758964.50214354
2025-02-03 14:28:00+09:00,43758964.50214354
2025-02-03 14:29:00+09:00,43758964.50214354
2025-02-03 14:30:00+09:00,43758964.50214354
2025-02-03 14:31:00+09:00,43758964.50214354
2025-02-03 14:32:00+09:00,43758964.50214354
2025-02-03 14:33:00+09:00,43758964.50214354
2025-02-03 14:34:00+09:00,43758964.50214354
2025-02-03 14:35:00+09:00,43741460.91634268
2025-02-03 14:36:00+09:00,43655693.345918484
2025-02-03 14:37:00+09:00,43741460.91634268
2025-02-03 14:38:00+09:00,43623358.97186856
2025-02-03 14:39:00+09:00,43623358.97186856
2025-02-03 14:40:00+09:00,43623358.97186856
2025-02-03 14:41:00+09:00,43623358.97186856
2025-02-03 14:42:00+09:00,43623358.97186856
2025-02-03 14:43:00+09:00,43623358.97186856
2025-02-03 14:44:00+09:00,43623358.97186856
2025-02-03 14:45:00+09:00,43623358.97186856
2025-02-03 14:46:00+09:00,43623358.97186856
2025-02-03 14:47:00+09:00,43623358.97186856
2025-02-03 14:48:00+09:00,43623358.97186856
2025-02-03 14:49:00+09:00,43623358.97186856
2025-02-03 14:50:00+09:00,43623358.97186856
2025-02-03 14:51:00+09:00,43623358.97186856
2025-02-03 14:52:00+09:00,43623358.97186856
2025-02-03 14:53:00+09:00,43623358.97186856
2025-02-03 14:54:00+09:00,43623358.97186856
2025-02-03 14:55:00+09:00,43623358.97186856
2025-02-03 14:56:00+09:00,43623358.97186856
2025-02-03 14:57:00+09:00,43623358.97186856
2025-02-03 14:58:00+09:00,43623358.97186856
2025-02-03 14:59:00+09:00,43623358.97186856
2025-02-03 15:00:00+09:00,43623358.97186856
2025-02-03 15:01:00+09:00,43623358.97186856
2025-02-03 15:02:00+09:00,43623358.97186856
2025-02-03 15:03:00+09:00,43623358.97186856
2025-02-03 15:04:00+09:00,43623358.97186856
2025-02-03 15:05:00+09:00,43623358.97186856
2025-02-03 15:06:00+09:00,43623358.97186856
2025-02-03 15:07:00+09:00,43623358.97186856
2025-02-03 15:08:00+09:00,43623358.97186856
2025-02-03 15:09:00+09:00,43623358.97186856
2025-02-03 15:10:00+09:00,43623358.97186856
2025-02-03 15:11:00+09:00,43623358.97186856
2025-02-03 15:12:00+09:00,43623358.97186856
2025-02-03 15:13:00+09:00,43623358.97186856
2025-02-03 15:14:00+09:00,43605909.62827981
2025-02-03 15:15:00+09:00,43605909.62827981
2025-02-03 15:16:00+09:00,43605909.62827981
2025-02-03 15:17:00+09:00,43605909.62827981
2025-02-03 15:18:00+09:00,43605909.62827981
2025-02-03 15:19:00+09:00,43605909.62827981
2025-02-03 15:30:00+09:00,43605909.62827981
2025-02-03 15:35:00+09:00,43605909.62827981
2025-02-04 09:00:00+09:00,44204422.113373846
2025-02-04 09:01:00+09:00,44204422.113373846
2025-02-04 09:02:00+09:00,44375425.68054357
2025-02-04 09:03:00+09:00,44289923.89695871
2025-02-04 09:04:00+09:00,44460927.464128435
2025-02-04 09:05:00+09:00,44631931.03129816
2025-02-04 09:06:00+09:00,44546429.2477133
2025-02-04 09:07:00+09:00,44631931.03129816
2025-02-04 09:08:00+09:00,44717432.81488302
2025-02-04 09:09:00+09:00,44717432.81488302
2025-02-04 09:10:00+09:00,44888436.38205275
2025-02-04 09:11:00+09:00,44973938.16563761
2025-02-04 09:12:00+09:00,44888436.38205275
2025-02-04 09:13:00+09:00,44973938.16563761
2025-02-04 09:14:00+09:00,45059439.949222475
2025-02-04 09:15:00+09:00,45315945.29997706
2025-02-04 09:16:00+09:00,45315945.29997706
2025-02-04 09:17:00+09:00,45401447.08356193
2025-02-04 09:18:00+09:00,45230443.5163922
2025-02-04 09:19:00+09:00,45230443.5163922
2025-02-04 09:20:00+09:00,45315945.299977064
2025-02-04 09:21:00+09:00,45144941.73280734
2025-02-04 09:22:00+09:00,45486948.86714679
2025-02-04 09:23:00+09:00,45486948.86714679
2025-02-04 09:24:00+09:00,45401447.08356193
2025-02-04 09:25:00+09:00,45486948.86714679
2025-02-04 09:26:00+09:00,45657952.43431651
2025-02-04 09:27:00+09:00,45572450.650731646
2025-02-04 09:28:00+09:00,45486948.86714678
2025-02-04 09:29:00+09:00,45486948.86714678
2025-02-04 09:30:00+09:00,45401447.08356192
2025-02-04 09:31:00+09:00,45486948.86714678
2025-02-04 09:32:00+09:00,45572450.650731646
2025-02-04 09:33:00+09:00,45657952.43431651
2025-02-04 09:34:00+09:00,45572450.650731646
2025-02-04 09:35:00+09:00,45486948.86714678
2025-02-04 09:36:00+09:00,45657952.4343165
2025-02-04 09:37:00+09:00,45572450.65073164
2025-02-04 09:38:00+09:00,45572450.65073164
2025-02-04 09:39:00+09:00,45657952.4343165
2025-02-04 09:40:00+09:00,45572450.65073164
2025-02-04 09:41:00+09:00,45657952.4343165
2025-02-04 09:42:00+09:00,45572450.65073164
2025-02-04 09:43:00+09:00,45486948.867146775
2025-02-04 09:44:00+09:00,45657952.43431649
2025-02-04 09:45:00+09:00,45657952.43431649
2025-02-04 09:46:00+09:00,45486948.86714677
2025-02-04 09:47:00+09:00,45486948.86714677
2025-02-04 09:48:00+09:00,45486948.86714677
2025-02-04 09:49:00+09:00,45486948.86714677
2025-02-04 09:50:00+09:00,45486948.86714677
2025-02-04 09:51:00+09:00,45572450.65073163
2025-02-04 09:52:00+09:00,45572450.65073163
2025-02-04 09:53:00+09:00,45572450.65073163
2025-02-04 09:54:00+09:00,45572450.65073163
2025-02-04 09:55:00+09:00,45572450.65073163
2025-02-04 09:56:00+09:00,45572450.65073163
2025-02-04 09:57:00+09:00,45657952.43431649
2025-02-04 09:58:00+09:00,45572450.65073163
2025-02-04 09:59:00+09:00,45572450.65073163
2025-02-04 10:00:00+09:00,45572450.65073163
2025-02-04 10:01:00+09:00,45572450.65073163
2025-02-04 10:02:00+09:00,45572450.65073163
2025-02-04 10:03:00+09:00,45657952.43431649
2025-02-04 10:04:00+09:00,45657952.43431649
2025-02-04 10:05:00+09:00,45657952.43431649
2025-02-04 10:06:00+09:00,45572450.65073163
2025-02-04 10:07:00+09:00,45572450.65073163
2025-02-04 10:08:00+09:00,45657952.43431649
2025-02-04 10:09:00+09:00,45572450.65073163
2025-02-04 10:10:00+09:00,45657952.43431649
2025-02-04 10:11:00+09:00,45743454.21790135
2025-02-04 10:12:00+09:00,45657952.434316486
2025-02-04 10:13:00+09:00,45743454.21790134
2025-02-04 10:14:00+09:00,45743454.21790134
2025-02-04 10:15:00+09:00,45743454.21790134
2025-02-04 10:16:00+09:00,45743454.21790134
2025-02-04 10:17:00+09:00,45657952.43431648
2025-02-04 10:18:00+09:00,45743454.217901334
2025-02-04 10:19:00+09:00,45657952.43431647
2025-02-04 10:20:00+09:00,45743454.21790133
2025-02-04 10:21:00+09:00,45657952.434316464
2025-02-04 10:22:00+09:00,45657952.434316464
2025-02-04 10:23:00+09:00,45657952.434316464
2025-02-04 10:24:00+09:00,45657952.434316464
2025-02-04 10:25:00+09:00,45657952.434316464
2025-02-04 10:26:00+09:00,45572450.6507316
2025-02-04 10:27:00+09:00,45572450.6507316
2025-02-04 10:28:00+09:00,45534675.96274381
2025-02-04 10:29:00+09:00,45534675.96274381
2025-02-04 10:30:00+09:00,45534675.96274381
2025-02-04 10:31:00+09:00,45534675.96274381
2025-02-04 10:32:00+09:00,45534675.96274381
2025-02-04 10:33:00+09:00,45534675.96274381
2025-02-04 10:34:00+09:00,45534675.96274381
2025-02-04 10:35:00+09:00,45534675.96274381
2025-02-04 10:36:00+09:00,45534675.96274381
2025-02-04 10:37:00+09:00,45534675.96274381
2025-02-04 10:38:00+09:00,45534675.96274381
2025-02-04 10:39:00+09:00,45534675.96274381
2025-02-04 10:40:00+09:00,45534675.96274381
2025-02-04 10:41:00+09:00,45534675.96274381
2025-02-04 10:42:00+09:00,45534675.96274381
2025-02-04 10:43:00+09:00,45534675.96274381
2025-02-04 10:44:00+09:00,45534675.96274381
2025-02-04 10:45:00+09:00,45534675.96274381
2025-02-04 10:46:00+09:00,45534675.96274381
2025-02-04 10:47:00+09:00,45534675.96274381
2025-02-04 10:48:00+09:00,45534675.96274381
2025-02-04 10:49:00+09:00,45534675.96274381
2025-02-04 10:50:00+09:00,45534675.96274381
2025-02-04 10:51:00+09:00,45534675.96274381
2025-02-04 10:52:00+09:00,45534675.96274381
2025-02-04 10:53:00+09:00,45534675.96274381
2025-02-04 10:54:00+09:00,45534675.96274381
2025-02-04 10:55:00+09:00,45534675.96274381
2025-02-04 10:56:00+09:00,45534675.96274381
2025-02-04 10:57:00+09:00,45534675.96274381
2025-02-04 10:58:00+09:00,45534675.96274381
2025-02-04 10:59:00+09:00,45534675.96274381
2025-02-04 11:00:00+09:00,45534675.96274381
2025-02-04 11:01:00+09:00,45534675.96274381
2025-02-04 11:02:00+09:00,45534675.96274381
2025-02-04 11:03:00+09:00,45534675.96274381
2025-02-04 11:04:00+09:00,45534675.96274381
2025-02-04 11:05:00+09:00,45534675.96274381
2025-02-04 11:06:00+09:00,45534675.96274381
2025-02-04 11:07:00+09:00,45534675.96274381
2025-02-04 11:08:00+09:00,45534675.96274381
2025-02-04 11:09:00+09:00,45534675.96274381
2025-02-04 11:10:00+09:00,45534675.96274381
2025-02-04 11:11:00+09:00,45534675.96274381
2025-02-04 11:12:00+09:00,45534675.96274381
2025-02-04 11:13:00+09:00,45534675.96274381
2025-02-04 11:14:00+09:00,45534675.96274381
2025-02-04 11:15:00+09:00,45534675.96274381
2025-02-04 11:16:00+09:00,45534675.96274381
2025-02-04 11:17:00+09:00,45534675.96274381
2025-02-04 11:18:00+09:00,45534675.96274381
2025-02-04 11:19:00+09:00,45534675.96274381
2025-02-04 11:20:00+09:00,45534675.96274381
2025-02-04 11:21:00+09:00,45534675.96274381
2025-02-04 11:22:00+09:00,45534675.96274381
2025-02-04 11:23:00+09:00,45534675.96274381
2025-02-04 11:24:00+09:00,45534675.96274381
2025-02-04 11:25:00+09:00,45534675.96274381
2025-02-04 11:26:00+09:00,45534675.96274381
2025-02-04 11:27:00+09:00,45534675.96274381
2025-02-04 11:28:00+09:00,45534675.96274381
2025-02-04 11:29:00+09:00,45534675.96274381
2025-02-04 11:30:00+09:00,45534675.96274381
2025-02-04 11:31:00+09:00,45516462.092358716
2025-02-04 11:32:00+09:00,45431065.352973424
2025-02-04 11:33:00+09:00,45345668.61358814
2025-02-04 11:34:00+09:00,45431065.35297343
2025-02-04 11:35:00+09:00,45308401.476520404
2025-02-04 11:36:00+09:00,45308401.476520404
2025-02-04 11:37:00+09:00,45308401.476520404
2025-02-04 11:38:00+09:00,45308401.476520404
2025-02-04 11:39:00+09:00,45308401.476520404
2025-02-04 11:40:00+09:00,45308401.476520404
2025-02-04 11:41:00+09:00,45308401.476520404
2025-02-04 11:42:00+09:00,45308401.476520404
2025-02-04 11:43:00+09:00,45308401.476520404
2025-02-04 11:44:00+09:00,45308401.476520404
2025-02-04 11:45:00+09:00,45308401.476520404
2025-02-04 11:46:00+09:00,45308401.476520404
2025-02-04 11:47:00+09:00,45308401.476520404
2025-02-04 11:48:00+09:00,45308401.476520404
2025-02-04 11:49:00+09:00,45308401.476520404
2025-02-04 11:50:00+09:00,45308401.476520404
2025-02-04 11:51:00+09:00,45308401.476520404
2025-02-04 11:52:00+09:00,45308401.476520404
2025-02-04 11:53:00+09:00,45308401.476520404
2025-02-04 11:54:00+09:00,45308401.476520404
2025-02-04 11:55:00+09:00,45308401.476520404
2025-02-04 11:56:00+09:00,45308401.476520404
2025-02-04 11:57:00+09:00,45308401.476520404
2025-02-04 11:58:00+09:00,45308401.476520404
2025-02-04 11:59:00+09:00,45308401.476520404
2025-02-04 12:00:00+09:00,45308401.476520404
2025-02-04 12:01:00+09:00,45308401.476520404
2025-02-04 12:02:00+09:00,45308401.476520404
2025-02-04 12:03:00+09:00,45308401.476520404
2025-02-04 12:04:00+09:00,45308401.476520404
2025-02-04 12:05:00+09:00,45308401.476520404
2025-02-04 12:06:00+09:00,45308401.476520404
2025-02-04 12:07:00+09:00,45308401.476520404
2025-02-04 12:08:00+09:00,45308401.476520404
2025-02-04 12:09:00+09:00,45290278.1159298
2025-02-04 12:10:00+09:00,45375410.21765147
2025-02-04 12:11:00+09:00,45375410.21765147
2025-02-04 12:12:00+09:00,45375410.21765147
2025-02-04 12:13:00+09:00,45290278.1159298
2025-02-04 12:14:00+09:00,45375410.21765147
2025-02-04 12:15:00+09:00,45290278.1159298
2025-02-04 12:16:00+09:00,45375410.21765147
2025-02-04 12:17:00+09:00,45290278.1159298
2025-02-04 12:18:00+09:00,45290278.1159298
2025-02-04 12:19:00+09:00,45375410.21765147
2025-02-04 12:20:00+09:00,45290278.1159298
2025-02-04 12:21:00+09:00,45290278.1159298
2025-02-04 12:22:00+09:00,45290278.1159298
2025-02-04 12:23:00+09:00,45290278.1159298
2025-02-04 12:24:00+09:00,45290278.1159298
2025-02-04 12:25:00+09:00,45290278.1159298
2025-02-04 12:26:00+09:00,45375410.21765147
2025-02-04 12:27:00+09:00,45375410.21765147
2025-02-04 12:28:00+09:00,45290278.1159298
2025-02-04 12:29:00+09:00,45290278.1159298
2025-02-04 12:30:00+09:00,45290278.1159298
2025-02-04 12:31:00+09:00,45290278.1159298
2025-02-04 12:32:00+09:00,45290278.1159298
2025-02-04 12:33:00+09:00,45290278.1159298
2025-02-04 12:34:00+09:00,45290278.1159298
2025-02-04 12:35:00+09:00,45375410.21765147
2025-02-04 12:36:00+09:00,45375410.21765147
2025-02-04 12:37:00+09:00,45375410.21765147
2025-02-04 12:38:00+09:00,45290278.1159298
2025-02-04 12:39:00+09:00,45290278.1159298
2025-02-04 12:40:00+09:00,45167994.36501679
2025-02-04 12:41:00+09:00,45167994.36501679
2025-02-04 12:42:00+09:00,45167994.36501679
2025-02-04 12:43:00+09:00,45167994.36501679
2025-02-04 12:44:00+09:00,45167994.36501679
2025-02-04 12:45:00+09:00,45167994.36501679
2025-02-04 12:46:00+09:00,45167994.36501679
2025-02-04 12:47:00+09:00,45167994.36501679
2025-02-04 12:48:00+09:00,45167994.36501679
2025-02-04 12:49:00+09:00,45167994.36501679
2025-02-04 12:50:00+09:00,45167994.36501679
2025-02-04 12:51:00+09:00,45167994.36501679
2025-02-04 12:52:00+09:00,45167994.36501679
2025-02-04 12:53:00+09:00,45167994.36501679
2025-02-04 12:54:00+09:00,45167994.36501679
2025-02-04 12:55:00+09:00,45167994.36501679
2025-02-04 12:56:00+09:00,45167994.36501679
2025-02-04 12:57:00+09:00,45167994.36501679
2025-02-04 12:58:00+09:00,45167994.36501679
2025-02-04 12:59:00+09:00,45167994.36501679
2025-02-04 13:00:00+09:00,45167994.36501679
2025-02-04 13:01:00+09:00,45167994.36501679
2025-02-04 13:02:00+09:00,45167994.36501679
2025-02-04 13:03:00+09:00,45167994.36501679
2025-02-04 13:04:00+09:00,45167994.36501679
2025-02-04 13:05:00+09:00,45167994.36501679
2025-02-04 13:06:00+09:00,45167994.36501679
2025-02-04 13:07:00+09:00,45167994.36501679
2025-02-04 13:08:00+09:00,45167994.36501679
2025-02-04 13:09:00+09:00,45167994.36501679
2025-02-04 13:10:00+09:00,45167994.36501679
2025-02-04 13:11:00+09:00,45167994.36501679
2025-02-04 13:12:00+09:00,45167994.36501679
2025-02-04 13:13:00+09:00,45167994.36501679
2025-02-04 13:14:00+09:00,45167994.36501679
2025-02-04 13:15:00+09:00,45167994.36501679
2025-02-04 13:16:00+09:00,45167994.36501679
2025-02-04 13:17:00+09:00,45167994.36501679
2025-02-04 13:18:00+09:00,45167994.36501679
2025-02-04 13:19:00+09:00,45167994.36501679
2025-02-04 13:20:00+09:00,45167994.36501679
2025-02-04 13:21:00+09:00,45167994.36501679
2025-02-04 13:22:00+09:00,45167994.36501679
2025-02-04 13:23:00+09:00,45167994.36501679
2025-02-04 13:24:00+09:00,45167994.36501679
2025-02-04 13:25:00+09:00,45167994.36501679
2025-02-04 13:26:00+09:00,45167994.36501679
2025-02-04 13:27:00+09:00,45167994.36501679
2025-02-04 13:28:00+09:00,45167994.36501679
2025-02-04 13:29:00+09:00,45167994.36501679
2025-02-04 13:30:00+09:00,45167994.36501679
2025-02-04 13:31:00+09:00,45167994.36501679
2025-02-04 13:32:00+09:00,45167994.36501679
2025-02-04 13:33:00+09:00,45167994.36501679
2025-02-04 13:34:00+09:00,45167994.36501679
2025-02-04 13:35:00+09:00,45167994.36501679
2025-02-04 13:36:00+09:00,45167994.36501679
2025-02-04 13:37:00+09:00,45167994.36501679
2025-02-04 13:38:00+09:00,45167994.36501679
2025-02-04 13:39:00+09:00,45167994.36501679
2025-02-04 13:40:00+09:00,45167994.36501679
2025-02-04 13:41:00+09:00,45167994.36501679
2025-02-04 13:42:00+09:00,45167994.36501679
2025-02-04 13:43:00+09:00,45167994.36501679
2025-02-04 13:44:00+09:00,45167994.36501679
2025-02-04 13:45:00+09:00,45167994.36501679
2025-02-04 13:46:00+09:00,45167994.36501679
2025-02-04 13:47:00+09:00,45167994.36501679
2025-02-04 13:48:00+09:00,45167994.36501679
2025-02-04 13:49:00+09:00,45167994.36501679
2025-02-04 13:50:00+09:00,45167994.36501679
2025-02-04 13:51:00+09:00,45167994.36501679
2025-02-04 13:52:00+09:00,45167994.36501679
2025-02-04 13:53:00+09:00,45167994.36501679
2025-02-04 13:54:00+09:00,45167994.36501679
2025-02-04 13:55:00+09:00,45167994.36501679
2025-02-04 13:56:00+09:00,45167994.36501679
2025-02-04 13:57:00+09:00,45167994.36501679
2025-02-04 13:58:00+09:00,45167994.36501679
2025-02-04 13:59:00+09:00,45167994.36501679
2025-02-04 14:00:00+09:00,45167994.36501679
2025-02-04 14:01:00+09:00,45167994.36501679
2025-02-04 14:02:00+09:00,45167994.36501679
2025-02-04 14:03:00+09:00,45167994.36501679
2025-02-04 14:04:00+09:00,45167994.36501679
2025-02-04 14:05:00+09:00,45167994.36501679
2025-02-04 14:06:00+09:00,45167994.36501679
2025-02-04 14:07:00+09:00,45167994.36501679
2025-02-04 14:08:00+09:00,45167994.36501679
2025-02-04 14:09:00+09:00,45167994.36501679
2025-02-04 14:10:00+09:00,45167994.36501679
2025-02-04 14:11:00+09:00,45167994.36501679
2025-02-04 14:12:00+09:00,45167994.36501679
2025-02-04 14:13:00+09:00,45167994.36501679
2025-02-04 14:14:00+09:00,45167994.36501679
2025-02-04 14:15:00+09:00,45167994.36501679
2025-02-04 14:16:00+09:00,45167994.36501679
2025-02-04 14:17:00+09:00,45167994.36501679
2025-02-04 14:18:00+09:00,45167994.36501679
2025-02-04 14:19:00+09:00,45167994.36501679
2025-02-04 14:20:00+09:00,45167994.36501679
2025-02-04 14:21:00+09:00,45167994.36501679
2025-02-04 14:22:00+09:00,45167994.36501679
2025-02-04 14:23:00+09:00,45167994.36501679
2025-02-04 14:24:00+09:00,45167994.36501679
2025-02-04 14:25:00+09:00,45167994.36501679
2025-02-04 14:26:00+09:00,45167994.36501679
2025-02-04 14:27:00+09:00,45167994.36501679
2025-02-04 14:28:00+09:00,45167994.36501679
2025-02-04 14:29:00+09:00,45167994.36501679
2025-02-04 14:30:00+09:00,45167994.36501679
2025-02-04 14:31:00+09:00,45167994.36501679
2025-02-04 14:32:00+09:00,45167994.36501679
2025-02-04 14:33:00+09:00,45167994.36501679
2025-02-04 14:34:00+09:00,45167994.36501679
2025-02-04 14:35:00+09:00,45167994.36501679
2025-02-04 14:36:00+09:00,45167994.36501679
2025-02-04 14:37:00+09:00,45167994.36501679
2025-02-04 14:38:00+09:00,45167994.36501679
2025-02-04 14:39:00+09:00,45167994.36501679
2025-02-04 14:40:00+09:00,45167994.36501679
2025-02-04 14:41:00+09:00,45167994.36501679
2025-02-04 14:42:00+09:00,45167994.36501679
2025-02-04 14:43:00+09:00,45167994.36501679
2025-02-04 14:44:00+09:00,45167994.36501679
2025-02-04 14:45:00+09:00,45167994.36501679
2025-02-04 14:46:00+09:00,45167994.36501679
2025-02-04 14:47:00+09:00,45167994.36501679
2025-02-04 14:48:00+09:00,45167994.36501679
2025-02-04 14:49:00+09:00,45167994.36501679
2025-02-04 14:50:00+09:00,45167994.36501679
2025-02-04 14:51:00+09:00,45167994.36501679
2025-02-04 14:52:00+09:00,45167994.36501679
2025-02-04 14:53:00+09:00,45149927.16727079
2025-02-04 14:54:00+09:00,45149927.16727079
2025-02-04 14:55:00+09:00,45149927.16727079
2025-02-04 14:56:00+09:00,45064253.68118488
2025-02-04 14:57:00+09:00,44978580.19509898
2025-02-04 14:58:00+09:00,45064253.68118488
2025-02-04 14:59:00+09:00,44942580.19624568
2025-02-04 15:00:00+09:00,44942580.19624568
2025-02-04 15:01:00+09:00,44942580.19624568
2025-02-04 15:02:00+09:00,44942580.19624568
2025-02-04 15:03:00+09:00,44942580.19624568
2025-02-04 15:04:00+09:00,44942580.19624568
2025-02-04 15:05:00+09:00,44942580.19624568
2025-02-04 15:06:00+09:00,44942580.19624568
2025-02-04 15:07:00+09:00,44942580.19624568
2025-02-04 15:08:00+09:00,44942580.19624568
2025-02-04 15:09:00+09:00,44942580.19624568
2025-02-04 15:10:00+09:00,44942580.19624568
2025-02-04 15:11:00+09:00,44942580.19624568
2025-02-04 15:12:00+09:00,44924603.16416718
2025-02-04 15:13:00+09:00,44924603.16416718
2025-02-04 15:14:00+09:00,45009849.0904749
2025-02-04 15:15:00+09:00,44924603.16416718
2025-02-04 15:16:00+09:00,44924603.16416718
2025-02-04 15:17:00+09:00,44924603.16416718
2025-02-04 15:18:00+09:00,44924603.16416718
2025-02-04 15:19:00+09:00,45009849.0904749
2025-02-04 15:30:00+09:00,44924603.16416718
2025-02-04 15:35:00+09:00,44924603.16416718
2025-02-05 09:00:00+09:00,45691816.50093664
2025-02-05 09:01:00+09:00,45777062.42724436
2025-02-05 09:02:00+09:00,45521324.648321204
2025-02-05 09:03:00+09:00,45521324.648321204
2025-02-05 09:04:00+09:00,45521324.648321204
2025-02-05 09:05:00+09:00,45521324.648321204
2025-02-05 09:06:00+09:00,45350832.795705765
2025-02-05 09:07:00+09:00,45350832.795705765
2025-02-05 09:08:00+09:00,45436078.72201348
2025-02-05 09:09:00+09:00,45521324.648321204
2025-02-05 09:10:00+09:00,45521324.648321204
2025-02-05 09:11:00+09:00,45436078.72201349
2025-02-05 09:12:00+09:00,45436078.72201349
2025-02-05 09:13:00+09:00,45436078.72201349
2025-02-05 09:14:00+09:00,45436078.72201349
2025-02-05 09:15:00+09:00,45436078.72201349
2025-02-05 09:16:00+09:00,45436078.72201349
2025-02-05 09:17:00+09:00,45350832.795705765
2025-02-05 09:18:00+09:00,45436078.72201348
2025-02-05 09:19:00+09:00,45436078.72201348
2025-02-05 09:20:00+09:00,45436078.72201348
2025-02-05 09:21:00+09:00,45521324.648321204
2025-02-05 09:22:00+09:00,45350832.795705765
2025-02-05 09:23:00+09:00,45350832.795705765
2025-02-05 09:24:00+09:00,45265586.86939805
2025-02-05 09:25:00+09:00,45265586.86939805
2025-02-05 09:26:00+09:00,45180340.943090335
2025-02-05 09:27:00+09:00,45350832.79570577
2025-02-05 09:28:00+09:00,45350832.79570577
2025-02-05 09:29:00+09:00,45180340.943090335
2025-02-05 09:30:00+09:00,45265586.86939806
2025-02-05 09:31:00+09:00,45180340.94309034
2025-02-05 09:32:00+09:00,45265586.869398065
2025-02-05 09:33:00+09:00,45265586.869398065
2025-02-05 09:34:00+09:00,45350832.79570578
2025-02-05 09:35:00+09:00,45350832.79570578
2025-02-05 09:36:00+09:00,45350832.79570578
2025-02-05 09:37:00+09:00,45350832.79570578
2025-02-05 09:38:00+09:00,45350832.79570578
2025-02-05 09:39:00+09:00,45350832.79570578
2025-02-05 09:40:00+09:00,45436078.722013496
2025-02-05 09:41:00+09:00,45436078.722013496
2025-02-05 09:42:00+09:00,45350832.79570577
2025-02-05 09:43:00+09:00,45350832.79570577
2025-02-05 09:44:00+09:00,45436078.72201349
2025-02-05 09:45:00+09:00,45350832.795705765
2025-02-05 09:46:00+09:00,45350832.795705765
2025-02-05 09:47:00+09:00,45350832.795705765
2025-02-05 09:48:00+09:00,45350832.795705765
2025-02-05 09:49:00+09:00,45350832.795705765
2025-02-05 09:50:00+09:00,45350832.795705765
2025-02-05 09:51:00+09:00,45265586.86939805
2025-02-05 09:52:00+09:00,45350832.795705765
2025-02-05 09:53:00+09:00,45143369.78485067
2025-02-05 09:54:00+09:00,45143369.78485067
2025-02-05 09:55:00+09:00,45143369.78485067
2025-02-05 09:56:00+09:00,45143369.78485067
2025-02-05 09:57:00+09:00,45143369.78485067
2025-02-05 09:58:00+09:00,45143369.78485067
2025-02-05 09:59:00+09:00,45143369.78485067
2025-02-05 10:00:00+09:00,45143369.78485067
2025-02-05 10:01:00+09:00,45143369.78485067
2025-02-05 10:02:00+09:00,45143369.78485067
2025-02-05 10:03:00+09:00,45143369.78485067
2025-02-05 10:04:00+09:00,45143369.78485067
2025-02-05 10:05:00+09:00,45143369.78485067
2025-02-05 10:06:00+09:00,45143369.78485067
2025-02-05 10:07:00+09:00,45143369.78485067
2025-02-05 10:08:00+09:00,45143369.78485067
2025-02-05 10:09:00+09:00,45125312.436936736
2025-02-05 10:10:00+09:00,45003474.093357004
2025-02-05 10:11:00+09:00,45003474.093357004
2025-02-05 10:12:00+09:00,45003474.093357004
2025-02-05 10:13:00+09:00,45003474.093357004
2025-02-05 10:14:00+09:00,45003474.093357004
2025-02-05 10:15:00+09:00,45003474.093357004
2025-02-05 10:16:00+09:00,45003474.093357004
2025-02-05 10:17:00+09:00,45003474.093357004
2025-02-05 10:18:00+09:00,45003474.093357004
2025-02-05 10:19:00+09:00,45003474.093357004
2025-02-05 10:20:00+09:00,45003474.093357004
2025-02-05 10:21:00+09:00,45003474.093357004
2025-02-05 10:22:00+09:00,45003474.093357004
2025-02-05 10:23:00+09:00,44985472.70371966
2025-02-05 10:24:00+09:00,44901230.245473
2025-02-05 10:25:00+09:00,44985472.70371967
2025-02-05 10:26:00+09:00,44985472.70371967
2025-02-05 10:27:00+09:00,44985472.70371967
2025-02-05 10:28:00+09:00,44901230.245473005
2025-02-05 10:29:00+09:00,44985472.703719676
2025-02-05 10:30:00+09:00,44901230.24547301
2025-02-05 10:31:00+09:00,44901230.24547301
2025-02-05 10:32:00+09:00,44901230.24547301
2025-02-05 10:33:00+09:00,44816987.78722634
2025-02-05 10:34:00+09:00,44901230.245473005
2025-02-05 10:35:00+09:00,44779996.92381023
2025-02-05 10:36:00+09:00,44779996.92381023
2025-02-05 10:37:00+09:00,44779996.92381023
2025-02-05 10:38:00+09:00,44779996.92381023
2025-02-05 10:39:00+09:00,44779996.92381023
2025-02-05 10:40:00+09:00,44779996.92381023
2025-02-05 10:41:00+09:00,44779996.92381023
2025-02-05 10:42:00+09:00,44779996.92381023
2025-02-05 10:43:00+09:00,44779996.92381023
2025-02-05 10:44:00+09:00,44779996.92381023
2025-02-05 10:45:00+09:00,44779996.92381023
2025-02-05 10:46:00+09:00,44779996.92381023
2025-02-05 10:47:00+09:00,44779996.92381023
2025-02-05 10:48:00+09:00,44779996.92381023
2025-02-05 10:49:00+09:00,44779996.92381023
2025-02-05 10:50:00+09:00,44779996.92381023
2025-02-05 10:51:00+09:00,44779996.92381023
2025-02-05 10:52:00+09:00,44779996.92381023
2025-02-05 10:53:00+09:00,44779996.92381023
2025-02-05 10:54:00+09:00,44779996.92381023
2025-02-05 10:55:00+09:00,44779996.92381023
2025-02-05 10:56:00+09:00,44779996.92381023
2025-02-05 10:57:00+09:00,44779996.92381023
2025-02-05 10:58:00+09:00,44779996.92381023
2025-02-05 10:59:00+09:00,44779996.92381023
2025-02-05 11:00:00+09:00,44779996.92381023
2025-02-05 11:01:00+09:00,44779996.92381023
2025-02-05 11:02:00+09:00,44779996.92381023
2025-02-05 11:03:00+09:00,44779996.92381023
2025-02-05 11:04:00+09:00,44779996.92381023
2025-02-05 11:05:00+09:00,44779996.92381023
2025-02-05 11:06:00+09:00,44779996.92381023
2025-02-05 11:07:00+09:00,44779996.92381023
2025-02-05 11:08:00+09:00,44779996.92381023
2025-02-05 11:09:00+09:00,44779996.92381023
2025-02-05 11:10:00+09:00,44779996.92381023
2025-02-05 11:11:00+09:00,44779996.92381023
2025-02-05 11:12:00+09:00,44779996.92381023
2025-02-05 11:13:00+09:00,44779996.92381023
2025-02-05 11:14:00+09:00,44779996.92381023
2025-02-05 11:15:00+09:00,44779996.92381023
2025-02-05 11:16:00+09:00,44779996.92381023
2025-02-05 11:17:00+09:00,44779996.92381023
2025-02-05 11:18:00+09:00,44779996.92381023
2025-02-05 11:19:00+09:00,44779996.92381023
2025-02-05 11:20:00+09:00,44779996.92381023
2025-02-05 11:21:00+09:00,44779996.92381023
2025-02-05 11:22:00+09:00,44779996.92381023
2025-02-05 11:23:00+09:00,44779996.92381023
2025-02-05 11:24:00+09:00,44779996.92381023
2025-02-05 11:25:00+09:00,44779996.92381023
2025-02-05 11:26:00+09:00,44779996.92381023
2025-02-05 11:27:00+09:00,44779996.92381023
2025-02-05 11:28:00+09:00,44779996.92381023
2025-02-05 11:29:00+09:00,44779996.92381023
2025-02-05 11:30:00+09:00,44779996.92381023
2025-02-05 11:31:00+09:00,44779996.92381023
2025-02-05 11:32:00+09:00,44779996.92381023
2025-02-05 11:33:00+09:00,44779996.92381023
2025-02-05 11:34:00+09:00,44779996.92381023
2025-02-05 11:35:00+09:00,44779996.92381023
2025-02-05 11:36:00+09:00,44779996.92381023
2025-02-05 11:37:00+09:00,44779996.92381023
2025-02-05 11:38:00+09:00,44779996.92381023
2025-02-05 11:39:00+09:00,44779996.92381023
2025-02-05 11:40:00+09:00,44779996.92381023
2025-02-05 11:41:00+09:00,44779996.92381023
2025-02-05 11:42:00+09:00,44779996.92381023
2025-02-05 11:43:00+09:00,44779996.92381023
2025-02-05 11:44:00+09:00,44762084.92504071
2025-02-05 11:45:00+09:00,44762084.92504071
2025-02-05 11:46:00+09:00,44846224.1824186
2025-02-05 11:47:00+09:00,44846224.1824186
2025-02-05 11:48:00+09:00,44846224.1824186
2025-02-05 11:49:00+09:00,44846224.1824186
2025-02-05 11:50:00+09:00,44846224.1824186
2025-02-05 11:51:00+09:00,44846224.1824186
2025-02-05 11:52:00+09:00,44846224.1824186
2025-02-05 11:53:00+09:00,44846224.1824186
2025-02-05 11:54:00+09:00,44846224.1824186
2025-02-05 11:55:00+09:00,44846224.1824186
2025-02-05 11:56:00+09:00,44762084.9250407
2025-02-05 11:57:00+09:00,44846224.18241859
2025-02-05 11:58:00+09:00,44725139.37712606
2025-02-05 11:59:00+09:00,44725139.37712606
2025-02-05 12:00:00+09:00,44725139.37712606
2025-02-05 12:01:00+09:00,44725139.37712606
2025-02-05 12:02:00+09:00,44725139.37712606
2025-02-05 12:03:00+09:00,44725139.37712606
2025-02-05 12:04:00+09:00,44725139.37712606
2025-02-05 12:05:00+09:00,44725139.37712606
2025-02-05 12:06:00+09:00,44725139.37712606
2025-02-05 12:07:00+09:00,44725139.37712606
2025-02-05 12:08:00+09:00,44725139.37712606
2025-02-05 12:09:00+09:00,44725139.37712606
2025-02-05 12:10:00+09:00,44725139.37712606
2025-02-05 12:11:00+09:00,44707249.32137521
2025-02-05 12:12:00+09:00,44707249.32137521
2025-02-05 12:13:00+09:00,44707249.32137521
2025-02-05 12:14:00+09:00,44707249.32137521
2025-02-05 12:15:00+09:00,44623370.80482479
2025-02-05 12:16:00+09:00,44707249.32137521
2025-02-05 12:17:00+09:00,44586539.7482075
2025-02-05 12:18:00+09:00,44586539.7482075
2025-02-05 12:19:00+09:00,44586539.7482075
2025-02-05 12:20:00+09:00,44586539.7482075
2025-02-05 12:21:00+09:00,44586539.7482075
2025-02-05 12:22:00+09:00,44586539.7482075
2025-02-05 12:23:00+09:00,44586539.7482075
2025-02-05 12:24:00+09:00,44586539.7482075
2025-02-05 12:25:00+09:00,44586539.7482075
2025-02-05 12:26:00+09:00,44586539.7482075
2025-02-05 12:27:00+09:00,44586539.7482075
2025-02-05 12:28:00+09:00,44568705.13230822
2025-02-05 12:29:00+09:00,44652480.89383511
2025-02-05 12:30:00+09:00,44448369.62845098
2025-02-05 12:31:00+09:00,44448369.62845098
2025-02-05 12:32:00+09:00,44448369.62845098
2025-02-05 12:33:00+09:00,44448369.62845098
2025-02-05 12:34:00+09:00,44448369.62845098
2025-02-05 12:35:00+09:00,44448369.62845098
2025-02-05 12:36:00+09:00,44448369.62845098
2025-02-05 12:37:00+09:00,44448369.62845098
2025-02-05 12:38:00+09:00,44448369.62845098
2025-02-05 12:39:00+09:00,44448369.62845098
2025-02-05 12:40:00+09:00,44448369.62845098
2025-02-05 12:41:00+09:00,44448369.62845098
2025-02-05 12:42:00+09:00,44448369.62845098
2025-02-05 12:43:00+09:00,44448369.62845098
2025-02-05 12:44:00+09:00,44448369.62845098
2025-02-05 12:45:00+09:00,44448369.62845098
2025-02-05 12:46:00+09:00,44448369.62845098
2025-02-05 12:47:00+09:00,44448369.62845098
2025-02-05 12:48:00+09:00,44448369.62845098
2025-02-05 12:49:00+09:00,44448369.62845098
2025-02-05 12:50:00+09:00,44448369.62845098
2025-02-05 12:51:00+09:00,44448369.62845098
2025-02-05 12:52:00+09:00,44448369.62845098
2025-02-05 12:53:00+09:00,44448369.62845098
2025-02-05 12:54:00+09:00,44448369.62845098
2025-02-05 12:55:00+09:00,44448369.62845098
2025-02-05 12:56:00+09:00,44448369.62845098
2025-02-05 12:57:00+09:00,44448369.62845098
2025-02-05 12:58:00+09:00,44448369.62845098
2025-02-05 12:59:00+09:00,44448369.62845098
2025-02-05 13:00:00+09:00,44448369.62845098
2025-02-05 13:01:00+09:00,44448369.62845098
2025-02-05 13:02:00+09:00,44448369.62845098
2025-02-05 13:03:00+09:00,44448369.62845098
2025-02-05 13:04:00+09:00,44448369.62845098
2025-02-05 13:05:00+09:00,44448369.62845098
2025-02-05 13:06:00+09:00,44448369.62845098
2025-02-05 13:07:00+09:00,44448369.62845098
2025-02-05 13:08:00+09:00,44448369.62845098
2025-02-05 13:09:00+09:00,44448369.62845098
2025-02-05 13:10:00+09:00,44448369.62845098
2025-02-05 13:11:00+09:00,44448369.62845098
2025-02-05 13:12:00+09:00,44448369.62845098
2025-02-05 13:13:00+09:00,44448369.62845098
2025-02-05 13:14:00+09:00,44448369.62845098
2025-02-05 13:15:00+09:00,44448369.62845098
2025-02-05 13:16:00+09:00,44448369.62845098
2025-02-05 13:17:00+09:00,44448369.62845098
2025-02-05 13:18:00+09:00,44448369.62845098
2025-02-05 13:19:00+09:00,44448369.62845098
2025-02-05 13:20:00+09:00,44448369.62845098
2025-02-05 13:21:00+09:00,44448369.62845098
2025-02-05 13:22:00+09:00,44448369.62845098
2025-02-05 13:23:00+09:00,44448369.62845098
2025-02-05 13:24:00+09:00,44448369.62845098
2025-02-05 13:25:00+09:00,44448369.62845098
2025-02-05 13:26:00+09:00,44448369.62845098
2025-02-05 13:27:00+09:00,44448369.62845098
2025-02-05 13:28:00+09:00,44448369.62845098
2025-02-05 13:29:00+09:00,44448369.62845098
2025-02-05 13:30:00+09:00,44448369.62845098
2025-02-05 13:31:00+09:00,44448369.62845098
2025-02-05 13:32:00+09:00,44448369.62845098
2025-02-05 13:33:00+09:00,44448369.62845098
2025-02-05 13:34:00+09:00,44448369.62845098
2025-02-05 13:35:00+09:00,44448369.62845098
2025-02-05 13:36:00+09:00,44448369.62845098
2025-02-05 13:37:00+09:00,44448369.62845098
2025-02-05 13:38:00+09:00,44448369.62845098
2025-02-05 13:39:00+09:00,44448369.62845098
2025-02-05 13:40:00+09:00,44448369.62845098
2025-02-05 13:41:00+09:00,44448369.62845098
2025-02-05 13:42:00+09:00,44448369.62845098
2025-02-05 13:43:00+09:00,44448369.62845098
2025-02-05 13:44:00+09:00,44448369.62845098
2025-02-05 13:45:00+09:00,44448369.62845098
2025-02-05 13:46:00+09:00,44448369.62845098
2025-02-05 13:47:00+09:00,44448369.62845098
2025-02-05 13:48:00+09:00,44448369.62845098
2025-02-05 13:49:00+09:00,44448369.62845098
2025-02-05 13:50:00+09:00,44448369.62845098
2025-02-05 13:51:00+09:00,44448369.62845098
2025-02-05 13:52:00+09:00,44448369.62845098
2025-02-05 13:53:00+09:00,44448369.62845098
2025-02-05 13:54:00+09:00,44448369.62845098
2025-02-05 13:55:00+09:00,44448369.62845098
2025-02-05 13:56:00+09:00,44448369.62845098
2025-02-05 13:57:00+09:00,44448369.62845098
2025-02-05 13:58:00+09:00,44448369.62845098
2025-02-05 13:59:00+09:00,44448369.62845098
2025-02-05 14:00:00+09:00,44448369.62845098
2025-02-05 14:01:00+09:00,44448369.62845098
2025-02-05 14:02:00+09:00,44448369.62845098
2025-02-05 14:03:00+09:00,44448369.62845098
2025-02-05 14:04:00+09:00,44448369.62845098
2025-02-05 14:05:00+09:00,44448369.62845098
2025-02-05 14:06:00+09:00,44448369.62845098
2025-02-05 14:07:00+09:00,44448369.62845098
2025-02-05 14:08:00+09:00,44448369.62845098
2025-02-05 14:09:00+09:00,44448369.62845098
2025-02-05 14:10:00+09:00,44448369.62845098
2025-02-05 14:11:00+09:00,44448369.62845098
2025-02-05 14:12:00+09:00,44448369.62845098
2025-02-05 14:13:00+09:00,44448369.62845098
2025-02-05 14:14:00+09:00,44448369.62845098
2025-02-05 14:15:00+09:00,44448369.62845098
2025-02-05 14:16:00+09:00,44448369.62845098
2025-02-05 14:17:00+09:00,44448369.62845098
2025-02-05 14:18:00+09:00,44448369.62845098
2025-02-05 14:19:00+09:00,44448369.62845098
2025-02-05 14:20:00+09:00,44448369.62845098
2025-02-05 14:21:00+09:00,44448369.62845098
2025-02-05 14:22:00+09:00,44448369.62845098
2025-02-05 14:23:00+09:00,44448369.62845098
2025-02-05 14:24:00+09:00,44448369.62845098
2025-02-05 14:25:00+09:00,44448369.62845098
2025-02-05 14:26:00+09:00,44448369.62845098
2025-02-05 14:27:00+09:00,44448369.62845098
2025-02-05 14:28:00+09:00,44448369.62845098
2025-02-05 14:29:00+09:00,44448369.62845098
2025-02-05 14:30:00+09:00,44448369.62845098
2025-02-05 14:31:00+09:00,44448369.62845098
2025-02-05 14:32:00+09:00,44448369.62845098
2025-02-05 14:33:00+09:00,44448369.62845098
2025-02-05 14:34:00+09:00,44448369.62845098
2025-02-05 14:35:00+09:00,44448369.62845098
2025-02-05 14:36:00+09:00,44448369.62845098
2025-02-05 14:37:00+09:00,44448369.62845098
2025-02-05 14:38:00+09:00,44448369.62845098
2025-02-05 14:39:00+09:00,44448369.62845098
2025-02-05 14:40:00+09:00,44448369.62845098
2025-02-05 14:41:00+09:00,44448369.62845098
2025-02-05 14:42:00+09:00,44448369.62845098
2025-02-05 14:43:00+09:00,44448369.62845098
2025-02-05 14:44:00+09:00,44448369.62845098
2025-02-05 14:45:00+09:00,44448369.62845098
2025-02-05 14:46:00+09:00,44448369.62845098
2025-02-05 14:47:00+09:00,44448369.62845098
2025-02-05 14:48:00+09:00,44448369.62845098
2025-02-05 14:49:00+09:00,44448369.62845098
2025-02-05 14:50:00+09:00,44448369.62845098
2025-02-05 14:51:00+09:00,44448369.62845098
2025-02-05 14:52:00+09:00,44448369.62845098
2025-02-05 14:53:00+09:00,44448369.62845098
2025-02-05 14:54:00+09:00,44448369.62845098
2025-02-05 14:55:00+09:00,44448369.62845098
2025-02-05 14:56:00+09:00,44448369.62845098
2025-02-05 14:57:00+09:00,44448369.62845098
2025-02-05 14:58:00+09:00,44448369.62845098
2025-02-05 14:59:00+09:00,44448369.62845098
2025-02-05 15:00:00+09:00,44448369.62845098
2025-02-05 15:01:00+09:00,44448369.62845098
2025-02-05 15:02:00+09:00,44448369.62845098
2025-02-05 15:03:00+09:00,44448369.62845098
2025-02-05 15:04:00+09:00,44448369.62845098
2025-02-05 15:05:00+09:00,44448369.62845098
2025-02-05 15:06:00+09:00,44448369.62845098
2025-02-05 15:07:00+09:00,44448369.62845098
2025-02-05 15:08:00+09:00,44448369.62845098
2025-02-05 15:09:00+09:00,44448369.62845098
2025-02-05 15:10:00+09:00,44448369.62845098
2025-02-05 15:11:00+09:00,44448369.62845098
2025-02-05 15:12:00+09:00,44448369.62845098
2025-02-05 15:13:00+09:00,44448369.62845098
2025-02-05 15:14:00+09:00,44448369.62845098
2025-02-05 15:15:00+09:00,44448369.62845098
2025-02-05 15:16:00+09:00,44448369.62845098
2025-02-05 15:17:00+09:00,44448369.62845098
2025-02-05 15:18:00+09:00,44448369.62845098
2025-02-05 15:19:00+09:00,44448369.62845098
2025-02-05 15:30:00+09:00,44448369.62845098
2025-02-05 15:35:00+09:00,44448369.62845098
2025-02-06 09:00:00+09:00,44448369.62845098
2025-02-06 09:01:00+09:00,44448369.62845098
2025-02-06 09:02:00+09:00,44448369.62845098
2025-02-06 09:03:00+09:00,44448369.62845098
2025-02-06 09:04:00+09:00,44448369.62845098
2025-02-06 09:05:00+09:00,44430590.2805996
2025-02-06 09:06:00+09:00,44513949.737036
2025-02-06 09:07:00+09:00,44513949.737036
2025-02-06 09:08:00+09:00,44430590.2805996
2025-02-06 09:09:00+09:00,44597309.1934724
2025-02-06 09:10:00+09:00,44680668.649908796
2025-02-06 09:11:00+09:00,44680668.649908796
2025-02-06 09:12:00+09:00,44680668.649908796
2025-02-06 09:13:00+09:00,44764028.10634519
2025-02-06 09:14:00+09:00,44764028.10634519
2025-02-06 09:15:00+09:00,44597309.1934724
2025-02-06 09:16:00+09:00,44680668.649908796
2025-02-06 09:17:00+09:00,44597309.1934724
2025-02-06 09:18:00+09:00,44513949.737036005
2025-02-06 09:19:00+09:00,44513949.737036005
2025-02-06 09:20:00+09:00,44430590.28059961
2025-02-06 09:21:00+09:00,44347230.82416321
2025-02-06 09:22:00+09:00,44347230.82416321
2025-02-06 09:23:00+09:00,44430590.28059961
2025-02-06 09:24:00+09:00,44513949.737036005
2025-02-06 09:25:00+09:00,44597309.1934724
2025-02-06 09:26:00+09:00,44430590.2805996
2025-02-06 09:27:00+09:00,44430590.2805996
2025-02-06 09:28:00+09:00,44513949.737036
2025-02-06 09:29:00+09:00,44430590.2805996
2025-02-06 09:30:00+09:00,44513949.737036
2025-02-06 09:31:00+09:00,44430590.2805996
2025-02-06 09:32:00+09:00,44430590.2805996
2025-02-06 09:33:00+09:00,44430590.2805996
2025-02-06 09:34:00+09:00,44430590.2805996
2025-02-06 09:35:00+09:00,44430590.2805996
2025-02-06 09:36:00+09:00,44347230.824163206
2025-02-06 09:37:00+09:00,44430590.2805996
2025-02-06 09:38:00+09:00,44430590.2805996
2025-02-06 09:39:00+09:00,44430590.2805996
2025-02-06 09:40:00+09:00,44430590.2805996
2025-02-06 09:41:00+09:00,44430590.2805996
2025-02-06 09:42:00+09:00,44430590.2805996
2025-02-06 09:43:00+09:00,44430590.2805996
2025-02-06 09:44:00+09:00,44430590.2805996
2025-02-06 09:45:00+09:00,44430590.2805996
2025-02-06 09:46:00+09:00,44430590.2805996
2025-02-06 09:47:00+09:00,44430590.2805996
2025-02-06 09:48:00+09:00,44347230.824163206
2025-02-06 09:49:00+09:00,44347230.824163206
2025-02-06 09:50:00+09:00,44310627.68684198
2025-02-06 09:51:00+09:00,44310627.68684198
2025-02-06 09:52:00+09:00,44310627.68684198
2025-02-06 09:53:00+09:00,44310627.68684198
2025-02-06 09:54:00+09:00,44310627.68684198
2025-02-06 09:55:00+09:00,44310627.68684198
2025-02-06 09:56:00+09:00,44310627.68684198
2025-02-06 09:57:00+09:00,44310627.68684198
2025-02-06 09:58:00+09:00,44310627.68684198
2025-02-06 09:59:00+09:00,44310627.68684198
2025-02-06 10:00:00+09:00,44310627.68684198
2025-02-06 10:01:00+09:00,44310627.68684198
2025-02-06 10:02:00+09:00,44310627.68684198
2025-02-06 10:03:00+09:00,44310627.68684198
2025-02-06 10:04:00+09:00,44310627.68684198
2025-02-06 10:05:00+09:00,44310627.68684198
2025-02-06 10:06:00+09:00,44310627.68684198
2025-02-06 10:07:00+09:00,44310627.68684198
2025-02-06 10:08:00+09:00,44310627.68684198
2025-02-06 10:09:00+09:00,44310627.68684198
2025-02-06 10:10:00+09:00,44310627.68684198
2025-02-06 10:11:00+09:00,44310627.68684198
2025-02-06 10:12:00+09:00,44310627.68684198
2025-02-06 10:13:00+09:00,44310627.68684198
2025-02-06 10:14:00+09:00,44310627.68684198
2025-02-06 10:15:00+09:00,44310627.68684198
2025-02-06 10:16:00+09:00,44310627.68684198
2025-02-06 10:17:00+09:00,44310627.68684198
2025-02-06 10:18:00+09:00,44310627.68684198
2025-02-06 10:19:00+09:00,44310627.68684198
2025-02-06 10:20:00+09:00,44310627.68684198
2025-02-06 10:21:00+09:00,44310627.68684198
2025-02-06 10:22:00+09:00,44310627.68684198
2025-02-06 10:23:00+09:00,44310627.68684198
2025-02-06 10:24:00+09:00,44310627.68684198
2025-02-06 10:25:00+09:00,44310627.68684198
2025-02-06 10:26:00+09:00,44310627.68684198
2025-02-06 10:27:00+09:00,44310627.68684198
2025-02-06 10:28:00+09:00,44310627.68684198
2025-02-06 10:29:00+09:00,44310627.68684198
2025-02-06 10:30:00+09:00,44310627.68684198
2025-02-06 10:31:00+09:00,44310627.68684198
2025-02-06 10:32:00+09:00,44310627.68684198
2025-02-06 10:33:00+09:00,44310627.68684198
2025-02-06 10:34:00+09:00,44310627.68684198
2025-02-06 10:35:00+09:00,44310627.68684198
2025-02-06 10:36:00+09:00,44310627.68684198
2025-02-06 10:37:00+09:00,44310627.68684198
2025-02-06 10:38:00+09:00,44292903.43576725
2025-02-06 10:39:00+09:00,44292903.43576725
2025-02-06 10:40:00+09:00,44292903.43576725
2025-02-06 10:41:00+09:00,44375848.94781924
2025-02-06 10:42:00+09:00,44375848.94781924
2025-02-06 10:43:00+09:00,44292903.43576724
2025-02-06 10:44:00+09:00,44375848.94781923
2025-02-06 10:45:00+09:00,44375848.94781923
2025-02-06 10:46:00+09:00,44209957.923715234
2025-02-06 10:47:00+09:00,44292903.43576723
2025-02-06 10:48:00+09:00,44090591.0373212
2025-02-06 10:49:00+09:00,44090591.0373212
2025-02-06 10:50:00+09:00,44090591.0373212
2025-02-06 10:51:00+09:00,44090591.0373212
2025-02-06 10:52:00+09:00,44090591.0373212
2025-02-06 10:53:00+09:00,44090591.0373212
2025-02-06 10:54:00+09:00,44090591.0373212
2025-02-06 10:55:00+09:00,44090591.0373212
2025-02-06 10:56:00+09:00,44090591.0373212
2025-02-06 10:57:00+09:00,44090591.0373212
2025-02-06 10:58:00+09:00,44090591.0373212
2025-02-06 10:59:00+09:00,44072954.80090628
2025-02-06 11:00:00+09:00,43990421.17768361
2025-02-06 11:01:00+09:00,44072954.80090628
2025-02-06 11:02:00+09:00,43871647.04050386
2025-02-06 11:03:00+09:00,43871647.04050386
2025-02-06 11:04:00+09:00,43871647.04050386
2025-02-06 11:05:00+09:00,43871647.04050386
2025-02-06 11:06:00+09:00,43871647.04050386
2025-02-06 11:07:00+09:00,43871647.04050386
2025-02-06 11:08:00+09:00,43871647.04050386
2025-02-06 11:09:00+09:00,43871647.04050386
2025-02-06 11:10:00+09:00,43871647.04050386
2025-02-06 11:11:00+09:00,43871647.04050386
2025-02-06 11:12:00+09:00,43871647.04050386
2025-02-06 11:13:00+09:00,43871647.04050386
2025-02-06 11:14:00+09:00,43871647.04050386
2025-02-06 11:15:00+09:00,43854098.38168766
2025-02-06 11:16:00+09:00,43771974.601946674
2025-02-06 11:17:00+09:00,43854098.38168766
2025-02-06 11:18:00+09:00,43817594.361592785
2025-02-06 11:19:00+09:00,43817594.361592785
2025-02-06 11:20:00+09:00,43817594.361592785
2025-02-06 11:21:00+09:00,43817594.361592785
2025-02-06 11:22:00+09:00,43817594.361592785
2025-02-06 11:23:00+09:00,43817594.361592785
2025-02-06 11:24:00+09:00,43817594.361592785
2025-02-06 11:25:00+09:00,43817594.361592785
2025-02-06 11:26:00+09:00,43817594.361592785
2025-02-06 11:27:00+09:00,43817594.361592785
2025-02-06 11:28:00+09:00,43817594.361592785
2025-02-06 11:29:00+09:00,43800067.32384815
2025-02-06 11:30:00+09:00,43718198.03913067
2025-02-06 11:31:00+09:00,43718198.03913067
2025-02-06 11:32:00+09:00,43718198.03913067
2025-02-06 11:33:00+09:00,43800067.32384814
2025-02-06 11:34:00+09:00,43800067.32384814
2025-02-06 11:35:00+09:00,43800067.32384814
2025-02-06 11:36:00+09:00,43800067.32384814
2025-02-06 11:37:00+09:00,43800067.32384814
2025-02-06 11:38:00+09:00,43718198.039130665
2025-02-06 11:39:00+09:00,43718198.039130665
2025-02-06 11:40:00+09:00,43718198.039130665
2025-02-06 11:41:00+09:00,43718198.039130665
2025-02-06 11:42:00+09:00,43718198.039130665
2025-02-06 11:43:00+09:00,43718198.039130665
2025-02-06 11:44:00+09:00,43636328.754413195
2025-02-06 11:45:00+09:00,43718198.03913067
2025-02-06 11:46:00+09:00,43600158.90442502
2025-02-06 11:47:00+09:00,43600158.90442502
2025-02-06 11:48:00+09:00,43600158.90442502
2025-02-06 11:49:00+09:00,43600158.90442502
2025-02-06 11:50:00+09:00,43600158.90442502
2025-02-06 11:51:00+09:00,43600158.90442502
2025-02-06 11:52:00+09:00,43600158.90442502
2025-02-06 11:53:00+09:00,43600158.90442502
2025-02-06 11:54:00+09:00,43600158.90442502
2025-02-06 11:55:00+09:00,43600158.90442502
2025-02-06 11:56:00+09:00,43600158.90442502
2025-02-06 11:57:00+09:00,43600158.90442502
2025-02-06 11:58:00+09:00,43600158.90442502
2025-02-06 11:59:00+09:00,43600158.90442502
2025-02-06 12:00:00+09:00,43600158.90442502
2025-02-06 12:01:00+09:00,43600158.90442502
2025-02-06 12:02:00+09:00,43600158.90442502
2025-02-06 12:03:00+09:00,43600158.90442502
2025-02-06 12:04:00+09:00,43600158.90442502
2025-02-06 12:05:00+09:00,43600158.90442502
2025-02-06 12:06:00+09:00,43600158.90442502
2025-02-06 12:07:00+09:00,43600158.90442502
2025-02-06 12:08:00+09:00,43600158.90442502
2025-02-06 12:09:00+09:00,43600158.90442502
2025-02-06 12:10:00+09:00,43600158.90442502
2025-02-06 12:11:00+09:00,43600158.90442502
2025-02-06 12:12:00+09:00,43600158.90442502
2025-02-06 12:13:00+09:00,43600158.90442502
2025-02-06 12:14:00+09:00,43600158.90442502
2025-02-06 12:15:00+09:00,43600158.90442502
2025-02-06 12:16:00+09:00,43600158.90442502
2025-02-06 12:17:00+09:00,43600158.90442502
2025-02-06 12:18:00+09:00,43600158.90442502
2025-02-06 12:19:00+09:00,43600158.90442502
2025-02-06 12:20:00+09:00,43600158.90442502
2025-02-06 12:21:00+09:00,43600158.90442502
2025-02-06 12:22:00+09:00,43600158.90442502
2025-02-06 12:23:00+09:00,43600158.90442502
2025-02-06 12:24:00+09:00,43600158.90442502
2025-02-06 12:25:00+09:00,43600158.90442502
2025-02-06 12:26:00+09:00,43600158.90442502
2025-02-06 12:27:00+09:00,43600158.90442502
2025-02-06 12:28:00+09:00,43600158.90442502
2025-02-06 12:29:00+09:00,43600158.90442502
2025-02-06 12:30:00+09:00,43600158.90442502
2025-02-06 12:31:00+09:00,43600158.90442502
2025-02-06 12:32:00+09:00,43600158.90442502
2025-02-06 12:33:00+09:00,43600158.90442502
2025-02-06 12:34:00+09:00,43600158.90442502
2025-02-06 12:35:00+09:00,43600158.90442502
2025-02-06 12:36:00+09:00,43600158.90442502
2025-02-06 12:37:00+09:00,43600158.90442502
2025-02-06 12:38:00+09:00,43582718.84086325
2025-02-06 12:39:00+09:00,43582718.84086325
2025-02-06 12:40:00+09:00,43465045.499992914
2025-02-06 12:41:00+09:00,43465045.499992914
2025-02-06 12:42:00+09:00,43465045.499992914
2025-02-06 12:43:00+09:00,43465045.499992914
2025-02-06 12:44:00+09:00,43465045.499992914
2025-02-06 12:45:00+09:00,43465045.499992914
2025-02-06 12:46:00+09:00,43465045.499992914
2025-02-06 12:47:00+09:00,43465045.499992914
2025-02-06 12:48:00+09:00,43465045.499992914
2025-02-06 12:49:00+09:00,43465045.499992914
2025-02-06 12:50:00+09:00,43465045.499992914
2025-02-06 12:51:00+09:00,43465045.499992914
2025-02-06 12:52:00+09:00,43465045.499992914
2025-02-06 12:53:00+09:00,43465045.499992914
2025-02-06 12:54:00+09:00,43465045.499992914
2025-02-06 12:55:00+09:00,43447659.48179292
2025-02-06 12:56:00+09:00,43447659.48179292
2025-02-06 12:57:00+09:00,43528870.06026356
2025-02-06 12:58:00+09:00,43528870.06026356
2025-02-06 12:59:00+09:00,43447659.48179292
2025-02-06 13:00:00+09:00,43528870.06026356
2025-02-06 13:01:00+09:00,43447659.48179292
2025-02-06 13:02:00+09:00,43447659.48179292
2025-02-06 13:03:00+09:00,43528870.06026356
2025-02-06 13:04:00+09:00,43447659.48179292
2025-02-06 13:05:00+09:00,43528870.06026356
2025-02-06 13:06:00+09:00,43447659.48179292
2025-02-06 13:07:00+09:00,43528870.06026356
2025-02-06 13:08:00+09:00,43447659.48179292
2025-02-06 13:09:00+09:00,43447659.48179292
2025-02-06 13:10:00+09:00,43528870.06026356
2025-02-06 13:11:00+09:00,43528870.06026356
2025-02-06 13:12:00+09:00,43528870.06026356
2025-02-06 13:13:00+09:00,43447659.48179292
2025-02-06 13:14:00+09:00,43447659.48179292
2025-02-06 13:15:00+09:00,43528870.06026356
2025-02-06 13:16:00+09:00,43528870.06026356
2025-02-06 13:17:00+09:00,43528870.06026356
2025-02-06 13:18:00+09:00,43447659.48179292
2025-02-06 13:19:00+09:00,43528870.06026356
2025-02-06 13:20:00+09:00,43528870.06026356
2025-02-06 13:21:00+09:00,43447659.48179292
2025-02-06 13:22:00+09:00,43447659.48179292
2025-02-06 13:23:00+09:00,43528870.06026356
2025-02-06 13:24:00+09:00,43447659.48179292
2025-02-06 13:25:00+09:00,43610080.63873421
2025-02-06 13:26:00+09:00,43528870.06026357
2025-02-06 13:27:00+09:00,43528870.06026357
2025-02-06 13:28:00+09:00,43447659.48179293
2025-02-06 13:29:00+09:00,43447659.48179293
2025-02-06 13:30:00+09:00,43528870.06026357
2025-02-06 13:31:00+09:00,43528870.06026357
2025-02-06 13:32:00+09:00,43528870.06026357
2025-02-06 13:33:00+09:00,43528870.06026357
2025-02-06 13:34:00+09:00,43528870.06026357
2025-02-06 13:35:00+09:00,43528870.06026357
2025-02-06 13:36:00+09:00,43528870.06026357
2025-02-06 13:37:00+09:00,43528870.06026357
2025-02-06 13:38:00+09:00,43528870.06026357
2025-02-06 13:39:00+09:00,43447659.48179293
2025-02-06 13:40:00+09:00,43528870.06026357
2025-02-06 13:41:00+09:00,43411342.11110085
2025-02-06 13:42:00+09:00,43411342.11110085
2025-02-06 13:43:00+09:00,43411342.11110085
2025-02-06 13:44:00+09:00,43411342.11110085
2025-02-06 13:45:00+09:00,43411342.11110085
2025-02-06 13:46:00+09:00,43411342.11110085
2025-02-06 13:47:00+09:00,43411342.11110085
2025-02-06 13:48:00+09:00,43411342.11110085
2025-02-06 13:49:00+09:00,43411342.11110085
2025-02-06 13:50:00+09:00,43411342.11110085
2025-02-06 13:51:00+09:00,43411342.11110085
2025-02-06 13:52:00+09:00,43393977.57425641
2025-02-06 13:53:00+09:00,43393977.57425641
2025-02-06 13:54:00+09:00,43393977.57425641
2025-02-06 13:55:00+09:00,43313018.6608716
2025-02-06 13:56:00+09:00,43393977.57425641
2025-02-06 13:57:00+09:00,43276813.83480592
2025-02-06 13:58:00+09:00,43276813.83480592
2025-02-06 13:59:00+09:00,43276813.83480592
2025-02-06 14:00:00+09:00,43276813.83480592
2025-02-06 14:01:00+09:00,43276813.83480592
2025-02-06 14:02:00+09:00,43276813.83480592
2025-02-06 14:03:00+09:00,43276813.83480592
2025-02-06 14:04:00+09:00,43276813.83480592
2025-02-06 14:05:00+09:00,43276813.83480592
2025-02-06 14:06:00+09:00,43276813.83480592
2025-02-06 14:07:00+09:00,43276813.83480592
2025-02-06 14:08:00+09:00,43259503.109272
2025-02-06 14:09:00+09:00,43259503.109272
2025-02-06 14:10:00+09:00,43259503.109272
2025-02-06 14:11:00+09:00,43259503.109272
2025-02-06 14:12:00+09:00,43259503.109272
2025-02-06 14:13:00+09:00,43178795.08108306
2025-02-06 14:14:00+09:00,43259503.109272
2025-02-06 14:15:00+09:00,43062212.33436413
2025-02-06 14:16:00+09:00,43062212.33436413
2025-02-06 14:17:00+09:00,43062212.33436413
2025-02-06 14:18:00+09:00,43062212.33436413
2025-02-06 14:19:00+09:00,43062212.33436413
2025-02-06 14:20:00+09:00,43062212.33436413
2025-02-06 14:21:00+09:00,43062212.33436413
2025-02-06 14:22:00+09:00,43062212.33436413
2025-02-06 14:23:00+09:00,43062212.33436413
2025-02-06 14:24:00+09:00,43062212.33436413
2025-02-06 14:25:00+09:00,43062212.33436413
2025-02-06 14:26:00+09:00,43062212.33436413
2025-02-06 14:27:00+09:00,43062212.33436413
2025-02-06 14:28:00+09:00,43062212.33436413
2025-02-06 14:29:00+09:00,43062212.33436413
2025-02-06 14:30:00+09:00,43062212.33436413
2025-02-06 14:31:00+09:00,43062212.33436413
2025-02-06 14:32:00+09:00,43062212.33436413
2025-02-06 14:33:00+09:00,43062212.33436413
2025-02-06 14:34:00+09:00,43062212.33436413
2025-02-06 14:35:00+09:00,43062212.33436413
2025-02-06 14:36:00+09:00,43062212.33436413
2025-02-06 14:37:00+09:00,43062212.33436413
2025-02-06 14:38:00+09:00,43062212.33436413
2025-02-06 14:39:00+09:00,43062212.33436413
2025-02-06 14:40:00+09:00,43062212.33436413
2025-02-06 14:41:00+09:00,43062212.33436413
2025-02-06 14:42:00+09:00,43062212.33436413
2025-02-06 14:43:00+09:00,43062212.33436413
2025-02-06 14:44:00+09:00,43062212.33436413
2025-02-06 14:45:00+09:00,43062212.33436413
2025-02-06 14:46:00+09:00,43062212.33436413
2025-02-06 14:47:00+09:00,43062212.33436413
2025-02-06 14:48:00+09:00,43062212.33436413
2025-02-06 14:49:00+09:00,43062212.33436413
2025-02-06 14:50:00+09:00,43062212.33436413
2025-02-06 14:51:00+09:00,43062212.33436413
2025-02-06 14:52:00+09:00,43062212.33436413
2025-02-06 14:53:00+09:00,43062212.33436413
2025-02-06 14:54:00+09:00,43044987.449430384
2025-02-06 14:55:00+09:00,43125445.36989661
2025-02-06 14:56:00+09:00,43089247.35147886
2025-02-06 14:57:00+09:00,43089247.35147886
2025-02-06 14:58:00+09:00,43089247.35147886
2025-02-06 14:59:00+09:00,43089247.35147886
2025-02-06 15:00:00+09:00,43089247.35147886
2025-02-06 15:01:00+09:00,43089247.35147886
2025-02-06 15:02:00+09:00,43089247.35147886
2025-02-06 15:03:00+09:00,43089247.35147886
2025-02-06 15:04:00+09:00,43089247.35147886
2025-02-06 15:05:00+09:00,43089247.35147886
2025-02-06 15:06:00+09:00,43089247.35147886
2025-02-06 15:07:00+09:00,43072011.65253827
2025-02-06 15:08:00+09:00,43152220.240345605
2025-02-06 15:09:00+09:00,43152220.240345605
2025-02-06 15:10:00+09:00,43152220.240345605
2025-02-06 15:11:00+09:00,43072011.65253827
2025-02-06 15:12:00+09:00,43152220.240345605
2025-02-06 15:13:00+09:00,43152220.240345605
2025-02-06 15:14:00+09:00,43152220.240345605
2025-02-06 15:15:00+09:00,43152220.240345605
2025-02-06 15:16:00+09:00,43152220.240345605
2025-02-06 15:17:00+09:00,43072011.65253827
2025-02-06 15:18:00+09:00,43232428.82815294
2025-02-06 15:19:00+09:00,43152220.240345605
2025-02-06 15:30:00+09:00,43312637.41596027
2025-02-06 15:35:00+09:00,43312637.41596027
2025-02-07 09:00:00+09:00,43152220.240345605
2025-02-07 09:01:00+09:00,43152220.240345605
2025-02-07 09:02:00+09:00,43152220.240345605
2025-02-07 09:03:00+09:00,43152220.240345605
2025-02-07 09:04:00+09:00,43152220.240345605
2025-02-07 09:05:00+09:00,43152220.240345605
2025-02-07 09:06:00+09:00,43072011.65253827
2025-02-07 09:07:00+09:00,43072011.65253827
2025-02-07 09:08:00+09:00,42991803.064730935
2025-02-07 09:09:00+09:00,43152220.240345605
2025-02-07 09:10:00+09:00,43115701.27031693
2025-02-07 09:11:00+09:00,43115701.27031693
2025-02-07 09:12:00+09:00,43115701.27031693
2025-02-07 09:13:00+09:00,43115701.27031693
2025-02-07 09:14:00+09:00,43115701.27031693
2025-02-07 09:15:00+09:00,43115701.27031693
2025-02-07 09:16:00+09:00,43115701.27031693
2025-02-07 09:17:00+09:00,43115701.27031693
2025-02-07 09:18:00+09:00,43115701.27031693
2025-02-07 09:19:00+09:00,43115701.27031693
2025-02-07 09:20:00+09:00,43115701.27031693
2025-02-07 09:21:00+09:00,43115701.27031693
2025-02-07 09:22:00+09:00,43115701.27031693
2025-02-07 09:23:00+09:00,43115701.27031693
2025-02-07 09:24:00+09:00,43115701.27031693
2025-02-07 09:25:00+09:00,43115701.27031693
2025-02-07 09:26:00+09:00,43115701.27031693
2025-02-07 09:27:00+09:00,43115701.27031693
2025-02-07 09:28:00+09:00,43115701.27031693
2025-02-07 09:29:00+09:00,43115701.27031693
2025-02-07 09:30:00+09:00,43115701.27031693
2025-02-07 09:31:00+09:00,43115701.27031693
2025-02-07 09:32:00+09:00,43115701.27031693
2025-02-07 09:33:00+09:00,43115701.27031693
2025-02-07 09:34:00+09:00,43115701.27031693
2025-02-07 09:35:00+09:00,43115701.27031693
2025-02-07 09:36:00+09:00,43115701.27031693
2025-02-07 09:37:00+09:00,43115701.27031693
2025-02-07 09:38:00+09:00,43115701.27031693
2025-02-07 09:39:00+09:00,43115701.27031693
2025-02-07 09:40:00+09:00,43115701.27031693
2025-02-07 09:41:00+09:00,43115701.27031693
2025-02-07 09:42:00+09:00,43115701.27031693
2025-02-07 09:43:00+09:00,43115701.27031693
2025-02-07 09:44:00+09:00,43115701.27031693
2025-02-07 09:45:00+09:00,43115701.27031693
2025-02-07 09:46:00+09:00,43115701.27031693
2025-02-07 09:47:00+09:00,43115701.27031693
2025-02-07 09:48:00+09:00,43115701.27031693
2025-02-07 09:49:00+09:00,43115701.27031693
2025-02-07 09:50:00+09:00,43115701.27031693
2025-02-07 09:51:00+09:00,43115701.27031693
2025-02-07 09:52:00+09:00,43115701.27031693
2025-02-07 09:53:00+09:00,43115701.27031693
2025-02-07 09:54:00+09:00,43115701.27031693
2025-02-07 09:55:00+09:00,43115701.27031693
2025-02-07 09:56:00+09:00,43115701.27031693
2025-02-07 09:57:00+09:00,43115701.27031693
2025-02-07 09:58:00+09:00,43115701.27031693
2025-02-07 09:59:00+09:00,43115701.27031693
2025-02-07 10:00:00+09:00,43098454.989808805
2025-02-07 10:01:00+09:00,43098454.989808805
2025-02-07 10:02:00+09:00,43061981.52037226
2025-02-07 10:03:00+09:00,43061981.52037226
2025-02-07 10:04:00+09:00,43061981.52037226
2025-02-07 10:05:00+09:00,43061981.52037226
2025-02-07 10:06:00+09:00,43061981.52037226
2025-02-07 10:07:00+09:00,43061981.52037226
2025-02-07 10:08:00+09:00,43061981.52037226
2025-02-07 10:09:00+09:00,43061981.52037226
2025-02-07 10:10:00+09:00,43061981.52037226
2025-02-07 10:11:00+09:00,43061981.52037226
2025-02-07 10:12:00+09:00,43061981.52037226
2025-02-07 10:13:00+09:00,43061981.52037226
2025-02-07 10:14:00+09:00,43061981.52037226
2025-02-07 10:15:00+09:00,43061981.52037226
2025-02-07 10:16:00+09:00,43061981.52037226
2025-02-07 10:17:00+09:00,43061981.52037226
2025-02-07 10:18:00+09:00,43061981.52037226
2025-02-07 10:19:00+09:00,43061981.52037226
2025-02-07 10:20:00+09:00,43061981.52037226
2025-02-07 10:21:00+09:00,43061981.52037226
2025-02-07 10:22:00+09:00,43061981.52037226
2025-02-07 10:23:00+09:00,43061981.52037226
2025-02-07 10:24:00+09:00,43061981.52037226
2025-02-07 10:25:00+09:00,43061981.52037226
2025-02-07 10:26:00+09:00,43061981.52037226
2025-02-07 10:27:00+09:00,43061981.52037226
2025-02-07 10:28:00+09:00,43061981.52037226
2025-02-07 10:29:00+09:00,43061981.52037226
2025-02-07 10:30:00+09:00,43061981.52037226
2025-02-07 10:31:00+09:00,43061981.52037226
2025-02-07 10:32:00+09:00,43061981.52037226
2025-02-07 10:33:00+09:00,43061981.52037226
2025-02-07 10:34:00+09:00,43061981.52037226
2025-02-07 10:35:00+09:00,43061981.52037226
2025-02-07 10:36:00+09:00,43061981.52037226
2025-02-07 10:37:00+09:00,43061981.52037226
2025-02-07 10:38:00+09:00,43061981.52037226
2025-02-07 10:39:00+09:00,43061981.52037226
2025-02-07 10:40:00+09:00,43061981.52037226
2025-02-07 10:41:00+09:00,43061981.52037226
2025-02-07 10:42:00+09:00,43061981.52037226
2025-02-07 10:43:00+09:00,43061981.52037226
2025-02-07 10:44:00+09:00,43044756.72776411
2025-02-07 10:45:00+09:00,43204477.53194876
2025-02-07 10:46:00+09:00,43204477.53194876
2025-02-07 10:47:00+09:00,43204477.53194876
2025-02-07 10:48:00+09:00,43284337.93404109
2025-02-07 10:49:00+09:00,43204477.53194877
2025-02-07 10:50:00+09:00,43204477.53194877
2025-02-07 10:51:00+09:00,43204477.53194877
2025-02-07 10:52:00+09:00,43124617.12985644
2025-02-07 10:53:00+09:00,43204477.53194876
2025-02-07 10:54:00+09:00,43124617.12985643
2025-02-07 10:55:00+09:00,43204477.53194875
2025-02-07 10:56:00+09:00,43124617.12985642
2025-02-07 10:57:00+09:00,43204477.531948745
2025-02-07 10:58:00+09:00,43204477.531948745
2025-02-07 10:59:00+09:00,43204477.531948745
2025-02-07 11:00:00+09:00,43204477.531948745
2025-02-07 11:01:00+09:00,43124617.129856415
2025-02-07 11:02:00+09:00,43204477.53194874
2025-02-07 11:03:00+09:00,43204477.53194874
2025-02-07 11:04:00+09:00,43204477.53194874
2025-02-07 11:05:00+09:00,43204477.53194874
2025-02-07 11:06:00+09:00,43204477.53194874
2025-02-07 11:07:00+09:00,43124617.12985641
2025-02-07 11:08:00+09:00,43124617.12985641
2025-02-07 11:09:00+09:00,43124617.12985641
2025-02-07 11:10:00+09:00,43204477.53194873
2025-02-07 11:11:00+09:00,43204477.53194873
2025-02-07 11:12:00+09:00,43124617.1298564
2025-02-07 11:13:00+09:00,43124617.1298564
2025-02-07 11:14:00+09:00,43204477.53194872
2025-02-07 11:15:00+09:00,43204477.53194872
2025-02-07 11:16:00+09:00,43124617.12985639
2025-02-07 11:17:00+09:00,43124617.12985639
2025-02-07 11:18:00+09:00,43124617.12985639
2025-02-07 11:19:00+09:00,43124617.12985639
2025-02-07 11:20:00+09:00,43124617.12985639
2025-02-07 11:21:00+09:00,43044756.72776406
2025-02-07 11:22:00+09:00,43124617.129856385
2025-02-07 11:23:00+09:00,43008180.66360577
2025-02-07 11:24:00+09:00,43008180.66360577
2025-02-07 11:25:00+09:00,43008180.66360577
2025-02-07 11:26:00+09:00,43008180.66360577
2025-02-07 11:27:00+09:00,43008180.66360577
2025-02-07 11:28:00+09:00,43008180.66360577
2025-02-07 11:29:00+09:00,43008180.66360577
2025-02-07 11:30:00+09:00,43008180.66360577
2025-02-07 11:31:00+09:00,43008180.66360577
2025-02-07 11:32:00+09:00,43008180.66360577
2025-02-07 11:33:00+09:00,43008180.66360577
2025-02-07 11:34:00+09:00,43008180.66360577
2025-02-07 11:35:00+09:00,43008180.66360577
2025-02-07 11:36:00+09:00,43008180.66360577
2025-02-07 11:37:00+09:00,43008180.66360577
2025-02-07 11:38:00+09:00,43008180.66360577
2025-02-07 11:39:00+09:00,43008180.66360577
2025-02-07 11:40:00+09:00,43008180.66360577
2025-02-07 11:41:00+09:00,43008180.66360577
2025-02-07 11:42:00+09:00,43008180.66360577
2025-02-07 11:43:00+09:00,43008180.66360577
2025-02-07 11:44:00+09:00,43008180.66360577
2025-02-07 11:45:00+09:00,43008180.66360577
2025-02-07 11:46:00+09:00,43008180.66360577
2025-02-07 11:47:00+09:00,43008180.66360577
2025-02-07 11:48:00+09:00,43008180.66360577
2025-02-07 11:49:00+09:00,43008180.66360577
2025-02-07 11:50:00+09:00,43008180.66360577
2025-02-07 11:51:00+09:00,42990977.39134033
2025-02-07 11:52:00+09:00,42795650.54766581
2025-02-07 11:53:00+09:00,42795650.54766581
2025-02-07 11:54:00+09:00,42795650.54766581
2025-02-07 11:55:00+09:00,42795650.54766581
2025-02-07 11:56:00+09:00,42795650.54766581
2025-02-07 11:57:00+09:00,42795650.54766581
2025-02-07 11:58:00+09:00,42795650.54766581
2025-02-07 11:59:00+09:00,42795650.54766581
2025-02-07 12:00:00+09:00,42795650.54766581
2025-02-07 12:01:00+09:00,42795650.54766581
2025-02-07 12:02:00+09:00,42795650.54766581
2025-02-07 12:03:00+09:00,42795650.54766581
2025-02-07 12:04:00+09:00,42795650.54766581
2025-02-07 12:05:00+09:00,42795650.54766581
2025-02-07 12:06:00+09:00,42795650.54766581
2025-02-07 12:07:00+09:00,42795650.54766581
2025-02-07 12:08:00+09:00,42795650.54766581
2025-02-07 12:09:00+09:00,42795650.54766581
2025-02-07 12:10:00+09:00,42795650.54766581
2025-02-07 12:11:00+09:00,42795650.54766581
2025-02-07 12:12:00+09:00,42795650.54766581
2025-02-07 12:13:00+09:00,42795650.54766581
2025-02-07 12:14:00+09:00,42795650.54766581
2025-02-07 12:15:00+09:00,42795650.54766581
2025-02-07 12:16:00+09:00,42795650.54766581
2025-02-07 12:17:00+09:00,42795650.54766581
2025-02-07 12:18:00+09:00,42795650.54766581
2025-02-07 12:19:00+09:00,42795650.54766581
2025-02-07 12:20:00+09:00,42795650.54766581
2025-02-07 12:21:00+09:00,42795650.54766581
2025-02-07 12:22:00+09:00,42795650.54766581
2025-02-07 12:23:00+09:00,42795650.54766581
2025-02-07 12:24:00+09:00,42795650.54766581
2025-02-07 12:25:00+09:00,42795650.54766581
2025-02-07 12:26:00+09:00,42795650.54766581
2025-02-07 12:27:00+09:00,42795650.54766581
2025-02-07 12:28:00+09:00,42795650.54766581
2025-02-07 12:29:00+09:00,42795650.54766581
2025-02-07 12:30:00+09:00,42795650.54766581
2025-02-07 12:31:00+09:00,42795650.54766581
2025-02-07 12:32:00+09:00,42795650.54766581
2025-02-07 12:33:00+09:00,42795650.54766581
2025-02-07 12:34:00+09:00,42795650.54766581
2025-02-07 12:35:00+09:00,42795650.54766581
2025-02-07 12:36:00+09:00,42795650.54766581
2025-02-07 12:37:00+09:00,42795650.54766581
2025-02-07 12:38:00+09:00,42795650.54766581
2025-02-07 12:39:00+09:00,42795650.54766581
2025-02-07 12:40:00+09:00,42795650.54766581
2025-02-07 12:41:00+09:00,42795650.54766581
2025-02-07 12:42:00+09:00,42795650.54766581
2025-02-07 12:43:00+09:00,42795650.54766581
2025-02-07 12:44:00+09:00,42795650.54766581
2025-02-07 12:45:00+09:00,42795650.54766581
2025-02-07 12:46:00+09:00,42795650.54766581
2025-02-07 12:47:00+09:00,42795650.54766581
2025-02-07 12:48:00+09:00,42795650.54766581
2025-02-07 12:49:00+09:00,42795650.54766581
2025-02-07 12:50:00+09:00,42795650.54766581
2025-02-07 12:51:00+09:00,42795650.54766581
2025-02-07 12:52:00+09:00,42795650.54766581
2025-02-07 12:53:00+09:00,42795650.54766581
2025-02-07 12:54:00+09:00,42795650.54766581
2025-02-07 12:55:00+09:00,42795650.54766581
2025-02-07 12:56:00+09:00,42795650.54766581
2025-02-07 12:57:00+09:00,42795650.54766581
2025-02-07 12:58:00+09:00,42795650.54766581
2025-02-07 12:59:00+09:00,42795650.54766581
2025-02-07 13:00:00+09:00,42795650.54766581
2025-02-07 13:01:00+09:00,42795650.54766581
2025-02-07 13:02:00+09:00,42795650.54766581
2025-02-07 13:03:00+09:00,42795650.54766581
2025-02-07 13:04:00+09:00,42795650.54766581
2025-02-07 13:05:00+09:00,42795650.54766581
2025-02-07 13:06:00+09:00,42795650.54766581
2025-02-07 13:07:00+09:00,42795650.54766581
2025-02-07 13:08:00+09:00,42795650.54766581
2025-02-07 13:09:00+09:00,42795650.54766581
2025-02-07 13:10:00+09:00,42795650.54766581
2025-02-07 13:11:00+09:00,42795650.54766581
2025-02-07 13:12:00+09:00,42795650.54766581
2025-02-07 13:13:00+09:00,42795650.54766581
2025-02-07 13:14:00+09:00,42795650.54766581
2025-02-07 13:15:00+09:00,42778532.287446745
2025-02-07 13:16:00+09:00,42663030.250270635
2025-02-07 13:17:00+09:00,42663030.250270635
2025-02-07 13:18:00+09:00,42663030.250270635
2025-02-07 13:19:00+09:00,42663030.250270635
2025-02-07 13:20:00+09:00,42663030.250270635
2025-02-07 13:21:00+09:00,42663030.250270635
2025-02-07 13:22:00+09:00,42663030.250270635
2025-02-07 13:23:00+09:00,42663030.250270635
2025-02-07 13:24:00+09:00,42663030.250270635
2025-02-07 13:25:00+09:00,42663030.250270635
2025-02-07 13:26:00+09:00,42663030.250270635
2025-02-07 13:27:00+09:00,42663030.250270635
2025-02-07 13:28:00+09:00,42663030.250270635
2025-02-07 13:29:00+09:00,42645965.03817053
2025-02-07 13:30:00+09:00,42645965.03817053
2025-02-07 13:31:00+09:00,42566697.44516278
2025-02-07 13:32:00+09:00,42566697.44516278
2025-02-07 13:33:00+09:00,42530820.93256747
2025-02-07 13:34:00+09:00,42530820.93256747
2025-02-07 13:35:00+09:00,42530820.93256747
2025-02-07 13:36:00+09:00,42530820.93256747
2025-02-07 13:37:00+09:00,42530820.93256747
2025-02-07 13:38:00+09:00,42530820.93256747
2025-02-07 13:39:00+09:00,42530820.93256747
2025-02-07 13:40:00+09:00,42530820.93256747
2025-02-07 13:41:00+09:00,42530820.93256747
2025-02-07 13:42:00+09:00,42530820.93256747
2025-02-07 13:43:00+09:00,42530820.93256747
2025-02-07 13:44:00+09:00,42513808.60419445
2025-02-07 13:45:00+09:00,42399021.32096312
2025-02-07 13:46:00+09:00,42399021.32096312
2025-02-07 13:47:00+09:00,42399021.32096312
2025-02-07 13:48:00+09:00,42399021.32096312
2025-02-07 13:49:00+09:00,42399021.32096312
2025-02-07 13:50:00+09:00,42399021.32096312
2025-02-07 13:51:00+09:00,42399021.32096312
2025-02-07 13:52:00+09:00,42399021.32096312
2025-02-07 13:53:00+09:00,42399021.32096312
2025-02-07 13:54:00+09:00,42399021.32096312
2025-02-07 13:55:00+09:00,42399021.32096312
2025-02-07 13:56:00+09:00,42399021.32096312
2025-02-07 13:57:00+09:00,42399021.32096312
2025-02-07 13:58:00+09:00,42382061.71243474
2025-02-07 13:59:00+09:00,42382061.71243474
2025-02-07 14:00:00+09:00,42382061.71243474
2025-02-07 14:01:00+09:00,42303430.80016677
2025-02-07 14:02:00+09:00,42303430.80016677
2025-02-07 14:03:00+09:00,42346048.754616
2025-02-07 14:04:00+09:00,42346048.754616
2025-02-07 14:05:00+09:00,42346048.754616
2025-02-07 14:06:00+09:00,42346048.754616
2025-02-07 14:07:00+09:00,42346048.754616
2025-02-07 14:08:00+09:00,42346048.754616
2025-02-07 14:09:00+09:00,42346048.754616
2025-02-07 14:10:00+09:00,42346048.754616
2025-02-07 14:11:00+09:00,42346048.754616
2025-02-07 14:12:00+09:00,42346048.754616
2025-02-07 14:13:00+09:00,42346048.754616
2025-02-07 14:14:00+09:00,42329110.33511416
2025-02-07 14:15:00+09:00,42250577.66287833
2025-02-07 14:16:00+09:00,42329110.33511416
2025-02-07 14:17:00+09:00,42214821.73720935
2025-02-07 14:18:00+09:00,42214821.73720935
2025-02-07 14:19:00+09:00,42214821.73720935
2025-02-07 14:20:00+09:00,42214821.73720935
2025-02-07 14:21:00+09:00,42214821.73720935
2025-02-07 14:22:00+09:00,42214821.73720935
2025-02-07 14:23:00+09:00,42214821.73720935
2025-02-07 14:24:00+09:00,42214821.73720935
2025-02-07 14:25:00+09:00,42214821.73720935
2025-02-07 14:26:00+09:00,42214821.73720935
2025-02-07 14:27:00+09:00,42214821.73720935
2025-02-07 14:28:00+09:00,42197935.80851447
2025-02-07 14:29:00+09:00,42197935.80851447
2025-02-07 14:30:00+09:00,42119935.92716786
2025-02-07 14:31:00+09:00,42119935.92716786
2025-02-07 14:32:00+09:00,42197935.80851447
2025-02-07 14:33:00+09:00,42119935.92716786
2025-02-07 14:34:00+09:00,42197935.80851447
2025-02-07 14:35:00+09:00,42119935.92716786
2025-02-07 14:36:00+09:00,42119935.92716786
2025-02-07 14:37:00+09:00,42041936.04582126
2025-02-07 14:38:00+09:00,42119935.92716786
2025-02-07 14:39:00+09:00,41928422.81849754
2025-02-07 14:40:00+09:00,41928422.81849754
2025-02-07 14:41:00+09:00,41928422.81849754
2025-02-07 14:42:00+09:00,41928422.81849754
2025-02-07 14:43:00+09:00,41928422.81849754
2025-02-07 14:44:00+09:00,41928422.81849754
2025-02-07 14:45:00+09:00,41928422.81849754
2025-02-07 14:46:00+09:00,41928422.81849754
2025-02-07 14:47:00+09:00,41928422.81849754
2025-02-07 14:48:00+09:00,41928422.81849754
2025-02-07 14:49:00+09:00,41928422.81849754
2025-02-07 14:50:00+09:00,41928422.81849754
2025-02-07 14:51:00+09:00,41928422.81849754
2025-02-07 14:52:00+09:00,41928422.81849754
2025-02-07 14:53:00+09:00,41928422.81849754
2025-02-07 14:54:00+09:00,41928422.81849754
2025-02-07 14:55:00+09:00,41928422.81849754
2025-02-07 14:56:00+09:00,41928422.81849754
2025-02-07 14:57:00+09:00,41928422.81849754
2025-02-07 14:58:00+09:00,41928422.81849754
2025-02-07 14:59:00+09:00,41928422.81849754
2025-02-07 15:00:00+09:00,41928422.81849754
2025-02-07 15:01:00+09:00,41928422.81849754
2025-02-07 15:02:00+09:00,41928422.81849754
2025-02-07 15:03:00+09:00,41928422.81849754
2025-02-07 15:04:00+09:00,41928422.81849754
2025-02-07 15:05:00+09:00,41928422.81849754
2025-02-07 15:06:00+09:00,41928422.81849754
2025-02-07 15:07:00+09:00,41928422.81849754
2025-02-07 15:08:00+09:00,41928422.81849754
2025-02-07 15:09:00+09:00,41928422.81849754
2025-02-07 15:10:00+09:00,41928422.81849754
2025-02-07 15:11:00+09:00,41928422.81849754
2025-02-07 15:12:00+09:00,41928422.81849754
2025-02-07 15:13:00+09:00,41928422.81849754
2025-02-07 15:14:00+09:00,41928422.81849754
2025-02-07 15:15:00+09:00,41928422.81849754
2025-02-07 15:16:00+09:00,41928422.81849754
2025-02-07 15:17:00+09:00,41928422.81849754
2025-02-07 15:18:00+09:00,41928422.81849754
2025-02-07 15:19:00+09:00,41928422.81849754
2025-02-07 15:30:00+09:00,41928422.81849754
2025-02-07 15:35:00+09:00,41928422.81849754
2025-02-10 09:00:00+09:00,41928422.81849754
2025-02-10 09:01:00+09:00,41928422.81849754
2025-02-10 09:02:00+09:00,41928422.81849754
2025-02-10 09:03:00+09:00,41928422.81849754
2025-02-10 09:04:00+09:00,41928422.81849754
2025-02-10 09:05:00+09:00,41928422.81849754
2025-02-10 09:06:00+09:00,41928422.81849754
2025-02-10 09:07:00+09:00,41928422.81849754
2025-02-10 09:08:00+09:00,41928422.81849754
2025-02-10 09:09:00+09:00,41928422.81849754
2025-02-10 09:10:00+09:00,41928422.81849754
2025-02-10 09:11:00+09:00,41928422.81849754
2025-02-10 09:12:00+09:00,41928422.81849754
2025-02-10 09:13:00+09:00,41928422.81849754
2025-02-10 09:14:00+09:00,41928422.81849754
2025-02-10 09:15:00+09:00,41928422.81849754
2025-02-10 09:16:00+09:00,41928422.81849754
2025-02-10 09:17:00+09:00,41928422.81849754
2025-02-10 09:18:00+09:00,41928422.81849754
2025-02-10 09:19:00+09:00,41928422.81849754
2025-02-10 09:20:00+09:00,41928422.81849754
2025-02-10 09:21:00+09:00,41928422.81849754
2025-02-10 09:22:00+09:00,41928422.81849754
2025-02-10 09:23:00+09:00,41928422.81849754
2025-02-10 09:24:00+09:00,41928422.81849754
2025-02-10 09:25:00+09:00,41928422.81849754
2025-02-10 09:26:00+09:00,41928422.81849754
2025-02-10 09:27:00+09:00,41928422.81849754
2025-02-10 09:28:00+09:00,41928422.81849754
2025-02-10 09:29:00+09:00,41928422.81849754
2025-02-10 09:30:00+09:00,41928422.81849754
2025-02-10 09:31:00+09:00,41928422.81849754
2025-02-10 09:32:00+09:00,41928422.81849754
2025-02-10 09:33:00+09:00,41928422.81849754
2025-02-10 09:34:00+09:00,41928422.81849754
2025-02-10 09:35:00+09:00,41928422.81849754
2025-02-10 09:36:00+09:00,41928422.81849754
2025-02-10 09:37:00+09:00,41928422.81849754
2025-02-10 09:38:00+09:00,41928422.81849754
2025-02-10 09:39:00+09:00,41928422.81849754
2025-02-10 09:40:00+09:00,41928422.81849754
2025-02-10 09:41:00+09:00,41928422.81849754
2025-02-10 09:42:00+09:00,41928422.81849754
2025-02-10 09:43:00+09:00,41928422.81849754
2025-02-10 09:44:00+09:00,41928422.81849754
2025-02-10 09:45:00+09:00,41928422.81849754
2025-02-10 09:46:00+09:00,41928422.81849754
2025-02-10 09:47:00+09:00,41911651.44937014
2025-02-10 09:48:00+09:00,42067456.8450927
2025-02-10 09:49:00+09:00,41989554.147231415
2025-02-10 09:50:00+09:00,42067456.84509269
2025-02-10 09:51:00+09:00,42067456.84509269
2025-02-10 09:52:00+09:00,41833748.75150885
2025-02-10 09:53:00+09:00,41911651.44937013
2025-02-10 09:54:00+09:00,41833748.75150885
2025-02-10 09:55:00+09:00,41833748.75150885
2025-02-10 09:56:00+09:00,41911651.44937013
2025-02-10 09:57:00+09:00,41911651.44937013
2025-02-10 09:58:00+09:00,41833748.75150885
2025-02-10 09:59:00+09:00,41989554.147231415
2025-02-10 10:00:00+09:00,41911651.44937013
2025-02-10 10:01:00+09:00,41911651.44937013
2025-02-10 10:02:00+09:00,41911651.44937013
2025-02-10 10:03:00+09:00,41911651.44937013
2025-02-10 10:04:00+09:00,41911651.44937013
2025-02-10 10:05:00+09:00,41911651.44937013
2025-02-10 10:06:00+09:00,41911651.44937013
2025-02-10 10:07:00+09:00,41911651.44937013
2025-02-10 10:08:00+09:00,41911651.44937013
2025-02-10 10:09:00+09:00,41911651.44937013
2025-02-10 10:10:00+09:00,41989554.147231415
2025-02-10 10:11:00+09:00,42067456.84509269
2025-02-10 10:12:00+09:00,41989554.14723141
2025-02-10 10:13:00+09:00,42067456.845092684
2025-02-10 10:14:00+09:00,41989554.1472314
2025-02-10 10:15:00+09:00,41989554.1472314
2025-02-10 10:16:00+09:00,41911651.449370116
2025-02-10 10:17:00+09:00,41911651.449370116
2025-02-10 10:18:00+09:00,41989554.1472314
2025-02-10 10:19:00+09:00,41989554.1472314
2025-02-10 10:20:00+09:00,41911651.449370116
2025-02-10 10:21:00+09:00,41911651.449370116
2025-02-10 10:22:00+09:00,41833748.75150883
2025-02-10 10:23:00+09:00,41833748.75150883
2025-02-10 10:24:00+09:00,41833748.75150883
2025-02-10 10:25:00+09:00,41833748.75150883
2025-02-10 10:26:00+09:00,41833748.75150883
2025-02-10 10:27:00+09:00,41755846.05364755
2025-02-10 10:28:00+09:00,41833748.75150883
2025-02-10 10:29:00+09:00,41643105.269302696
2025-02-10 10:30:00+09:00,41643105.269302696
2025-02-10 10:31:00+09:00,41643105.269302696
2025-02-10 10:32:00+09:00,41643105.269302696
2025-02-10 10:33:00+09:00,41643105.269302696
2025-02-10 10:34:00+09:00,41643105.269302696
2025-02-10 10:35:00+09:00,41643105.269302696
2025-02-10 10:36:00+09:00,41643105.269302696
2025-02-10 10:37:00+09:00,41643105.269302696
2025-02-10 10:38:00+09:00,41643105.269302696
2025-02-10 10:39:00+09:00,41643105.269302696
2025-02-10 10:40:00+09:00,41643105.269302696
2025-02-10 10:41:00+09:00,41643105.269302696
2025-02-10 10:42:00+09:00,41643105.269302696
2025-02-10 10:43:00+09:00,41643105.269302696
2025-02-10 10:44:00+09:00,41643105.269302696
2025-02-10 10:45:00+09:00,41643105.269302696
2025-02-10 10:46:00+09:00,41643105.269302696
2025-02-10 10:47:00+09:00,41643105.269302696
2025-02-10 10:48:00+09:00,41643105.269302696
2025-02-10 10:49:00+09:00,41643105.269302696
2025-02-10 10:50:00+09:00,41643105.269302696
2025-02-10 10:51:00+09:00,41643105.269302696
2025-02-10 10:52:00+09:00,41643105.269302696
2025-02-10 10:53:00+09:00,41643105.269302696
2025-02-10 10:54:00+09:00,41643105.269302696
2025-02-10 10:55:00+09:00,41643105.269302696
2025-02-10 10:56:00+09:00,41643105.269302696
2025-02-10 10:57:00+09:00,41643105.269302696
2025-02-10 10:58:00+09:00,41643105.269302696
2025-02-10 10:59:00+09:00,41643105.269302696
2025-02-10 11:00:00+09:00,41643105.269302696
2025-02-10 11:01:00+09:00,41626448.02719498
2025-02-10 11:02:00+09:00,41626448.02719498
2025-02-10 11:03:00+09:00,41626448.02719498
2025-02-10 11:04:00+09:00,41626448.02719498
2025-02-10 11:05:00+09:00,41549362.0123298
2025-02-10 11:06:00+09:00,41626448.02719498
2025-02-10 11:07:00+09:00,41626448.02719498
2025-02-10 11:08:00+09:00,41549362.0123298
2025-02-10 11:09:00+09:00,41549362.0123298
2025-02-10 11:10:00+09:00,41549362.0123298
2025-02-10 11:11:00+09:00,41549362.0123298
2025-02-10 11:12:00+09:00,41549362.0123298
2025-02-10 11:13:00+09:00,41549362.0123298
2025-02-10 11:14:00+09:00,41626448.02719498
2025-02-10 11:15:00+09:00,41549362.0123298
2025-02-10 11:16:00+09:00,41626448.02719498
2025-02-10 11:17:00+09:00,41549362.0123298
2025-02-10 11:18:00+09:00,41626448.02719498
2025-02-10 11:19:00+09:00,41549362.0123298
2025-02-10 11:20:00+09:00,41549362.0123298
2025-02-10 11:21:00+09:00,41626448.02719498
2025-02-10 11:22:00+09:00,41549362.0123298
2025-02-10 11:23:00+09:00,41626448.02719498
2025-02-10 11:24:00+09:00,41549362.0123298
2025-02-10 11:25:00+09:00,41549362.0123298
2025-02-10 11:26:00+09:00,41549362.0123298
2025-02-10 11:27:00+09:00,41549362.0123298
2025-02-10 11:28:00+09:00,41626448.02719498
2025-02-10 11:29:00+09:00,41549362.0123298
2025-02-10 11:30:00+09:00,41626448.02719498
2025-02-10 11:31:00+09:00,41626448.02719498
2025-02-10 11:32:00+09:00,41626448.02719498
2025-02-10 11:33:00+09:00,41703534.04206015
2025-02-10 11:34:00+09:00,41626448.02719498
2025-02-10 11:35:00+09:00,41703534.04206015
2025-02-10 11:36:00+09:00,41626448.02719498
2025-02-10 11:37:00+09:00,41626448.02719498
2025-02-10 11:38:00+09:00,41626448.02719498
2025-02-10 11:39:00+09:00,41626448.02719498
2025-02-10 11:40:00+09:00,41626448.02719498
2025-02-10 11:41:00+09:00,41703534.04206015
2025-02-10 11:42:00+09:00,41626448.02719498
2025-02-10 11:43:00+09:00,41626448.02719498
2025-02-10 11:44:00+09:00,41703534.04206015
2025-02-10 11:45:00+09:00,41703534.04206015
2025-02-10 11:46:00+09:00,41703534.04206015
2025-02-10 11:47:00+09:00,41703534.04206015
2025-02-10 11:48:00+09:00,41703534.04206015
2025-02-10 11:49:00+09:00,41626448.02719498
2025-02-10 11:50:00+09:00,41703534.04206015
2025-02-10 11:51:00+09:00,41703534.04206015
2025-02-10 11:52:00+09:00,41703534.04206015
2025-02-10 11:53:00+09:00,41703534.04206015
2025-02-10 11:54:00+09:00,41703534.04206015
2025-02-10 11:55:00+09:00,41703534.04206015
2025-02-10 11:56:00+09:00,41626448.02719498
2025-02-10 11:57:00+09:00,41703534.04206015
2025-02-10 11:58:00+09:00,41703534.04206015
2025-02-10 11:59:00+09:00,41703534.04206015
2025-02-10 12:00:00+09:00,41703534.04206015
2025-02-10 12:01:00+09:00,41703534.04206015
2025-02-10 12:02:00+09:00,41703534.04206015
2025-02-10 12:03:00+09:00,41703534.04206015
2025-02-10 12:04:00+09:00,41703534.04206015
2025-02-10 12:05:00+09:00,41626448.02719498
2025-02-10 12:06:00+09:00,41626448.02719498
2025-02-10 12:07:00+09:00,41514056.61752155
2025-02-10 12:08:00+09:00,41514056.61752155
2025-02-10 12:09:00+09:00,41514056.61752155
2025-02-10 12:10:00+09:00,41514056.61752155
2025-02-10 12:11:00+09:00,41514056.61752155
2025-02-10 12:12:00+09:00,41514056.61752155
2025-02-10 12:13:00+09:00,41514056.61752155
2025-02-10 12:14:00+09:00,41514056.61752155
2025-02-10 12:15:00+09:00,41514056.61752155
2025-02-10 12:16:00+09:00,41514056.61752155
2025-02-10 12:17:00+09:00,41514056.61752155
2025-02-10 12:18:00+09:00,41514056.61752155
2025-02-10 12:19:00+09:00,41514056.61752155
2025-02-10 12:20:00+09:00,41514056.61752155
2025-02-10 12:21:00+09:00,41514056.61752155
2025-02-10 12:22:00+09:00,41514056.61752155
2025-02-10 12:23:00+09:00,41514056.61752155
2025-02-10 12:24:00+09:00,41514056.61752155
2025-02-10 12:25:00+09:00,41514056.61752155
2025-02-10 12:26:00+09:00,41514056.61752155
2025-02-10 12:27:00+09:00,41514056.61752155
2025-02-10 12:28:00+09:00,41514056.61752155
2025-02-10 12:29:00+09:00,41514056.61752155
2025-02-10 12:30:00+09:00,41514056.61752155
2025-02-10 12:31:00+09:00,41514056.61752155
2025-02-10 12:32:00+09:00,41514056.61752155
2025-02-10 12:33:00+09:00,41514056.61752155
2025-02-10 12:34:00+09:00,41514056.61752155
2025-02-10 12:35:00+09:00,41514056.61752155
2025-02-10 12:36:00+09:00,41514056.61752155
2025-02-10 12:37:00+09:00,41514056.61752155
2025-02-10 12:38:00+09:00,41514056.61752155
2025-02-10 12:39:00+09:00,41514056.61752155
2025-02-10 12:40:00+09:00,41514056.61752155
2025-02-10 12:41:00+09:00,41514056.61752155
2025-02-10 12:42:00+09:00,41514056.61752155
2025-02-10 12:43:00+09:00,41514056.61752155
2025-02-10 12:44:00+09:00,41514056.61752155
2025-02-10 12:45:00+09:00,41514056.61752155
2025-02-10 12:46:00+09:00,41514056.61752155
2025-02-10 12:47:00+09:00,41514056.61752155
2025-02-10 12:48:00+09:00,41514056.61752155
2025-02-10 12:49:00+09:00,41514056.61752155
2025-02-10 12:50:00+09:00,41514056.61752155
2025-02-10 12:51:00+09:00,41514056.61752155
2025-02-10 12:52:00+09:00,41514056.61752155
2025-02-10 12:53:00+09:00,41514056.61752155
2025-02-10 12:54:00+09:00,41514056.61752155
2025-02-10 12:55:00+09:00,41514056.61752155
2025-02-10 12:56:00+09:00,41514056.61752155
2025-02-10 12:57:00+09:00,41514056.61752155
2025-02-10 12:58:00+09:00,41514056.61752155
2025-02-10 12:59:00+09:00,41514056.61752155
2025-02-10 13:00:00+09:00,41514056.61752155
2025-02-10 13:01:00+09:00,41514056.61752155
2025-02-10 13:02:00+09:00,41514056.61752155
2025-02-10 13:03:00+09:00,41514056.61752155
2025-02-10 13:04:00+09:00,41514056.61752155
2025-02-10 13:05:00+09:00,41514056.61752155
2025-02-10 13:06:00+09:00,41514056.61752155
2025-02-10 13:07:00+09:00,41514056.61752155
2025-02-10 13:08:00+09:00,41514056.61752155
2025-02-10 13:09:00+09:00,41514056.61752155
2025-02-10 13:10:00+09:00,41514056.61752155
2025-02-10 13:11:00+09:00,41514056.61752155
2025-02-10 13:12:00+09:00,41514056.61752155
2025-02-10 13:13:00+09:00,41514056.61752155
2025-02-10 13:14:00+09:00,41514056.61752155
2025-02-10 13:15:00+09:00,41514056.61752155
2025-02-10 13:16:00+09:00,41497450.99487454
2025-02-10 13:17:00+09:00,41497450.99487454
2025-02-10 13:18:00+09:00,41497450.99487454
2025-02-10 13:19:00+09:00,41497450.99487454
2025-02-10 13:20:00+09:00,41497450.99487454
2025-02-10 13:21:00+09:00,41497450.99487454
2025-02-10 13:22:00+09:00,41574298.12634652
2025-02-10 13:23:00+09:00,41574298.12634652
2025-02-10 13:24:00+09:00,41497450.99487453
2025-02-10 13:25:00+09:00,41574298.12634651
2025-02-10 13:26:00+09:00,41574298.12634651
2025-02-10 13:27:00+09:00,41574298.12634651
2025-02-10 13:28:00+09:00,41574298.12634651
2025-02-10 13:29:00+09:00,41574298.12634651
2025-02-10 13:30:00+09:00,41574298.12634651
2025-02-10 13:31:00+09:00,41497450.99487452
2025-02-10 13:32:00+09:00,41497450.99487452
2025-02-10 13:33:00+09:00,41497450.99487452
2025-02-10 13:34:00+09:00,41574298.126346506
2025-02-10 13:35:00+09:00,41574298.126346506
2025-02-10 13:36:00+09:00,41497450.994874515
2025-02-10 13:37:00+09:00,41497450.994874515
2025-02-10 13:38:00+09:00,41574298.1263465
2025-02-10 13:39:00+09:00,41497450.99487451
2025-02-10 13:40:00+09:00,41497450.99487451
2025-02-10 13:41:00+09:00,41574298.12634649
2025-02-10 13:42:00+09:00,41574298.12634649
2025-02-10 13:43:00+09:00,41497450.9948745
2025-02-10 13:44:00+09:00,41574298.126346484
2025-02-10 13:45:00+09:00,41574298.126346484
2025-02-10 13:46:00+09:00,41497450.99487449
2025-02-10 13:47:00+09:00,41574298.12634648
2025-02-10 13:48:00+09:00,41574298.12634648
2025-02-10 13:49:00+09:00,41574298.12634648
2025-02-10 13:50:00+09:00,41574298.12634648
2025-02-10 13:51:00+09:00,41574298.12634648
2025-02-10 13:52:00+09:00,41574298.12634648
2025-02-10 13:53:00+09:00,41574298.12634648
2025-02-10 13:54:00+09:00,41574298.12634648
2025-02-10 13:55:00+09:00,41574298.12634648
2025-02-10 13:56:00+09:00,41574298.12634648
2025-02-10 13:57:00+09:00,41574298.12634648
2025-02-10 13:58:00+09:00,41651145.25781847
2025-02-10 13:59:00+09:00,41574298.12634648
2025-02-10 14:00:00+09:00,41651145.25781847
2025-02-10 14:01:00+09:00,41574298.12634648
2025-02-10 14:02:00+09:00,41574298.12634648
2025-02-10 14:03:00+09:00,41651145.25781847
2025-02-10 14:04:00+09:00,41574298.12634648
2025-02-10 14:05:00+09:00,41651145.25781847
2025-02-10 14:06:00+09:00,41727992.38929046
2025-02-10 14:07:00+09:00,41804839.52076245
2025-02-10 14:08:00+09:00,41804839.52076245
2025-02-10 14:09:00+09:00,41727992.38929046
2025-02-10 14:10:00+09:00,41804839.52076245
2025-02-10 14:11:00+09:00,41804839.52076245
2025-02-10 14:12:00+09:00,41804839.52076245
2025-02-10 14:13:00+09:00,41727992.38929046
2025-02-10 14:14:00+09:00,41727992.38929046
2025-02-10 14:15:00+09:00,41804839.52076245
2025-02-10 14:16:00+09:00,41881686.65223444
2025-02-10 14:17:00+09:00,41881686.65223444
2025-02-10 14:18:00+09:00,42112228.04665042
2025-02-10 14:19:00+09:00,42112228.04665042
2025-02-10 14:20:00+09:00,42035380.915178426
2025-02-10 14:21:00+09:00,42265922.3095944
2025-02-10 14:22:00+09:00,42265922.3095944
2025-02-10 14:23:00+09:00,42265922.3095944
2025-02-10 14:24:00+09:00,42342769.441066384
2025-02-10 14:25:00+09:00,42496463.70401037
2025-02-10 14:26:00+09:00,42419616.572538376
2025-02-10 14:27:00+09:00,42496463.70401036
2025-02-10 14:28:00+09:00,42496463.70401036
2025-02-10 14:29:00+09:00,42496463.70401036
2025-02-10 14:30:00+09:00,42496463.70401036
2025-02-10 14:31:00+09:00,42573310.83548235
2025-02-10 14:32:00+09:00,42650157.96695434
2025-02-10 14:33:00+09:00,42803852.22989832
2025-02-10 14:34:00+09:00,42573310.83548235
2025-02-10 14:35:00+09:00,42573310.83548235
2025-02-10 14:36:00+09:00,42496463.70401036
2025-02-10 14:37:00+09:00,42419616.57253837
2025-02-10 14:38:00+09:00,42419616.57253837
2025-02-10 14:39:00+09:00,42419616.57253837
2025-02-10 14:40:00+09:00,42573310.83548235
2025-02-10 14:41:00+09:00,42496463.70401036
2025-02-10 14:42:00+09:00,42496463.70401036
2025-02-10 14:43:00+09:00,42419616.57253837
2025-02-10 14:44:00+09:00,42496463.70401035
2025-02-10 14:45:00+09:00,42496463.70401035
2025-02-10 14:46:00+09:00,42419616.57253836
2025-02-10 14:47:00+09:00,42573310.835482344
2025-02-10 14:48:00+09:00,42496463.70401035
2025-02-10 14:49:00+09:00,42496463.70401035
2025-02-10 14:50:00+09:00,42573310.835482344
2025-02-10 14:51:00+09:00,42496463.70401035
2025-02-10 14:52:00+09:00,42650157.966954336
2025-02-10 14:53:00+09:00,42727005.09842633
2025-02-10 14:54:00+09:00,42727005.09842633
2025-02-10 14:55:00+09:00,42650157.966954336
2025-02-10 14:56:00+09:00,42727005.09842633
2025-02-10 14:57:00+09:00,42727005.09842633
2025-02-10 14:58:00+09:00,42880699.3613703
2025-02-10 14:59:00+09:00,42803852.22989831
2025-02-10 15:00:00+09:00,42727005.09842632
2025-02-10 15:01:00+09:00,42880699.361370295
2025-02-10 15:02:00+09:00,42803852.229898304
2025-02-10 15:03:00+09:00,42957546.49284228
2025-02-10 15:04:00+09:00,42803852.2298983
2025-02-10 15:05:00+09:00,42803852.2298983
2025-02-10 15:06:00+09:00,42803852.2298983
2025-02-10 15:07:00+09:00,42727005.098426305
2025-02-10 15:08:00+09:00,42803852.2298983
2025-02-10 15:09:00+09:00,42803852.2298983
2025-02-10 15:10:00+09:00,42880699.36137029
2025-02-10 15:11:00+09:00,42803852.2298983
2025-02-10 15:12:00+09:00,42880699.36137029
2025-02-10 15:13:00+09:00,42727005.098426305
2025-02-10 15:14:00+09:00,42803852.2298983
2025-02-10 15:15:00+09:00,42727005.098426305
2025-02-10 15:16:00+09:00,42880699.36137028
2025-02-10 15:17:00+09:00,42803852.22989829
2025-02-10 15:18:00+09:00,42880699.36137028
2025-02-10 15:19:00+09:00,42803852.22989829
2025-02-10 15:30:00+09:00,42727005.0984263
2025-02-10 15:35:00+09:00,42727005.0984263
2025-02-11 09:00:00+09:00,42803852.22989829
2025-02-11 09:01:00+09:00,42803852.22989829
2025-02-11 09:02:00+09:00,42650157.96695431
2025-02-11 09:03:00+09:00,42496463.70401034
2025-02-11 09:04:00+09:00,42458362.896226525
2025-02-11 09:05:00+09:00,42458362.896226525
2025-02-11 09:06:00+09:00,42458362.896226525
2025-02-11 09:07:00+09:00,42458362.896226525
2025-02-11 09:08:00+09:00,42458362.896226525
2025-02-11 09:09:00+09:00,42458362.896226525
2025-02-11 09:10:00+09:00,42458362.896226525
2025-02-11 09:11:00+09:00,42458362.896226525
2025-02-11 09:12:00+09:00,42458362.896226525
2025-02-11 09:13:00+09:00,42458362.896226525
2025-02-11 09:14:00+09:00,42458362.896226525
2025-02-11 09:15:00+09:00,42441379.55106804
2025-02-11 09:16:00+09:00,42288437.6427759
2025-02-11 09:17:00+09:00,42174258.86114041
2025-02-11 09:18:00+09:00,42174258.86114041
2025-02-11 09:19:00+09:00,42174258.86114041
2025-02-11 09:20:00+09:00,42174258.86114041
2025-02-11 09:21:00+09:00,42174258.86114041
2025-02-11 09:22:00+09:00,42174258.86114041
2025-02-11 09:23:00+09:00,42174258.86114041
2025-02-11 09:24:00+09:00,42174258.86114041
2025-02-11 09:25:00+09:00,42174258.86114041
2025-02-11 09:26:00+09:00,42174258.86114041
2025-02-11 09:27:00+09:00,42174258.86114041
2025-02-11 09:28:00+09:00,42174258.86114041
2025-02-11 09:29:00+09:00,42174258.86114041
2025-02-11 09:30:00+09:00,42174258.86114041
2025-02-11 09:31:00+09:00,42174258.86114041
2025-02-11 09:32:00+09:00,42174258.86114041
2025-02-11 09:33:00+09:00,42174258.86114041
2025-02-11 09:34:00+09:00,42174258.86114041
2025-02-11 09:35:00+09:00,42174258.86114041
2025-02-11 09:36:00+09:00,42174258.86114041
2025-02-11 09:37:00+09:00,42174258.86114041
2025-02-11 09:38:00+09:00,42174258.86114041
2025-02-11 09:39:00+09:00,42174258.86114041
2025-02-11 09:40:00+09:00,42174258.86114041
2025-02-11 09:41:00+09:00,42174258.86114041
2025-02-11 09:42:00+09:00,42174258.86114041
2025-02-11 09:43:00+09:00,42157389.157595955
2025-02-11 09:44:00+09:00,42233075.673139215
2025-02-11 09:45:00+09:00,42308762.188682474
2025-02-11 09:46:00+09:00,42233075.673139215
2025-02-11 09:47:00+09:00,42233075.673139215
2025-02-11 09:48:00+09:00,42233075.673139215
2025-02-11 09:49:00+09:00,42233075.673139215
2025-02-11 09:50:00+09:00,42233075.673139215
2025-02-11 09:51:00+09:00,42233075.673139215
2025-02-11 09:52:00+09:00,42308762.188682474
2025-02-11 09:53:00+09:00,42308762.188682474
2025-02-11 09:54:00+09:00,42308762.188682474
2025-02-11 09:55:00+09:00,42233075.673139215
2025-02-11 09:56:00+09:00,42308762.188682474
2025-02-11 09:57:00+09:00,42384448.704225734
2025-02-11 09:58:00+09:00,42460135.21976899
2025-02-11 09:59:00+09:00,42460135.21976899
2025-02-11 10:00:00+09:00,42384448.704225734
2025-02-11 10:01:00+09:00,42308762.188682474
2025-02-11 10:02:00+09:00,42233075.673139215
2025-02-11 10:03:00+09:00,42157389.157595955
2025-02-11 10:04:00+09:00,42157389.157595955
2025-02-11 10:05:00+09:00,42157389.157595955
2025-02-11 10:06:00+09:00,42157389.157595955
2025-02-11 10:07:00+09:00,42157389.157595955
2025-02-11 10:08:00+09:00,42233075.673139215
2025-02-11 10:09:00+09:00,42233075.673139215
2025-02-11 10:10:00+09:00,42233075.673139215
2025-02-11 10:11:00+09:00,42233075.673139215
2025-02-11 10:12:00+09:00,42157389.157595955
2025-02-11 10:13:00+09:00,42081702.642052695
2025-02-11 10:14:00+09:00,42157389.157595955
2025-02-11 10:15:00+09:00,42119046.36882174
2025-02-11 10:16:00+09:00,42119046.36882174
2025-02-11 10:17:00+09:00,42119046.36882174
2025-02-11 10:18:00+09:00,42119046.36882174
2025-02-11 10:19:00+09:00,42119046.36882174
2025-02-11 10:20:00+09:00,42119046.36882174
2025-02-11 10:21:00+09:00,42119046.36882174
2025-02-11 10:22:00+09:00,42119046.36882174
2025-02-11 10:23:00+09:00,42119046.36882174
2025-02-11 10:24:00+09:00,42119046.36882174
2025-02-11 10:25:00+09:00,42119046.36882174
2025-02-11 10:26:00+09:00,42119046.36882174
2025-02-11 10:27:00+09:00,42119046.36882174
2025-02-11 10:28:00+09:00,42119046.36882174
2025-02-11 10:29:00+09:00,42119046.36882174
2025-02-11 10:30:00+09:00,42119046.36882174
2025-02-11 10:31:00+09:00,42119046.36882174
2025-02-11 10:32:00+09:00,42119046.36882174
2025-02-11 10:33:00+09:00,42119046.36882174
2025-02-11 10:34:00+09:00,42119046.36882174
2025-02-11 10:35:00+09:00,42119046.36882174
2025-02-11 10:36:00+09:00,42119046.36882174
2025-02-11 10:37:00+09:00,42119046.36882174
2025-02-11 10:38:00+09:00,42119046.36882174
2025-02-11 10:39:00+09:00,42119046.36882174
2025-02-11 10:40:00+09:00,42119046.36882174
2025-02-11 10:41:00+09:00,42119046.36882174
2025-02-11 10:42:00+09:00,42119046.36882174
2025-02-11 10:43:00+09:00,42119046.36882174
2025-02-11 10:44:00+09:00,42119046.36882174
2025-02-11 10:45:00+09:00,42119046.36882174
2025-02-11 10:46:00+09:00,42119046.36882174
2025-02-11 10:47:00+09:00,42119046.36882174
2025-02-11 10:48:00+09:00,42119046.36882174
2025-02-11 10:49:00+09:00,42119046.36882174
2025-02-11 10:50:00+09:00,42119046.36882174
2025-02-11 10:51:00+09:00,42119046.36882174
2025-02-11 10:52:00+09:00,42119046.36882174
2025-02-11 10:53:00+09:00,42119046.36882174
2025-02-11 10:54:00+09:00,42119046.36882174
2025-02-11 10:55:00+09:00,42119046.36882174
2025-02-11 10:56:00+09:00,42119046.36882174
2025-02-11 10:57:00+09:00,42119046.36882174
2025-02-11 10:58:00+09:00,42119046.36882174
2025-02-11 10:59:00+09:00,42119046.36882174
2025-02-11 11:00:00+09:00,42119046.36882174
2025-02-11 11:01:00+09:00,42119046.36882174
2025-02-11 11:02:00+09:00,42119046.36882174
2025-02-11 11:03:00+09:00,42119046.36882174
2025-02-11 11:04:00+09:00,42119046.36882174
2025-02-11 11:05:00+09:00,42119046.36882174
2025-02-11 11:06:00+09:00,42119046.36882174
2025-02-11 11:07:00+09:00,42119046.36882174
2025-02-11 11:08:00+09:00,42119046.36882174
2025-02-11 11:09:00+09:00,42119046.36882174
2025-02-11 11:10:00+09:00,42119046.36882174
2025-02-11 11:11:00+09:00,42119046.36882174
2025-02-11 11:12:00+09:00,42102198.75027421
2025-02-11 11:13:00+09:00,42177786.180705585
2025-02-11 11:14:00+09:00,42177786.180705585
2025-02-11 11:15:00+09:00,42102198.75027421
2025-02-11 11:16:00+09:00,42177786.180705585
2025-02-11 11:17:00+09:00,42102198.75027421
2025-02-11 11:18:00+09:00,42026611.31984284
2025-02-11 11:19:00+09:00,42102198.75027421
2025-02-11 11:20:00+09:00,41988522.81364847
2025-02-11 11:21:00+09:00,41988522.81364847
2025-02-11 11:22:00+09:00,41988522.81364847
2025-02-11 11:23:00+09:00,41988522.81364847
2025-02-11 11:24:00+09:00,41988522.81364847
2025-02-11 11:25:00+09:00,41988522.81364847
2025-02-11 11:26:00+09:00,41988522.81364847
2025-02-11 11:27:00+09:00,41988522.81364847
2025-02-11 11:28:00+09:00,41988522.81364847
2025-02-11 11:29:00+09:00,41988522.81364847
2025-02-11 11:30:00+09:00,41988522.81364847
2025-02-11 11:31:00+09:00,41988522.81364847
2025-02-11 11:32:00+09:00,41971727.404523015
2025-02-11 11:33:00+09:00,41971727.404523015
2025-02-11 11:34:00+09:00,41971727.404523015
2025-02-11 11:35:00+09:00,41896509.255052544
2025-02-11 11:36:00+09:00,41896509.255052544
2025-02-11 11:37:00+09:00,41971727.404523015
2025-02-11 11:38:00+09:00,41896509.255052544
2025-02-11 11:39:00+09:00,41971727.404523015
2025-02-11 11:40:00+09:00,41896509.255052544
2025-02-11 11:41:00+09:00,41896509.255052544
2025-02-11 11:42:00+09:00,41896509.255052544
2025-02-11 11:43:00+09:00,41821291.10558207
2025-02-11 11:44:00+09:00,41821291.10558207
2025-02-11 11:45:00+09:00,41783388.6800639
2025-02-11 11:46:00+09:00,41783388.6800639
2025-02-11 11:47:00+09:00,41783388.6800639
2025-02-11 11:48:00+09:00,41783388.6800639
2025-02-11 11:49:00+09:00,41783388.6800639
2025-02-11 11:50:00+09:00,41783388.6800639
2025-02-11 11:51:00+09:00,41783388.6800639
2025-02-11 11:52:00+09:00,41783388.6800639
2025-02-11 11:53:00+09:00,41783388.6800639
2025-02-11 11:54:00+09:00,41783388.6800639
2025-02-11 11:55:00+09:00,41783388.6800639
2025-02-11 11:56:00+09:00,41783388.6800639
2025-02-11 11:57:00+09:00,41783388.6800639
2025-02-11 11:58:00+09:00,41783388.6800639
2025-02-11 11:59:00+09:00,41783388.6800639
2025-02-11 12:00:00+09:00,41783388.6800639
2025-02-11 12:01:00+09:00,41783388.6800639
2025-02-11 12:02:00+09:00,41783388.6800639
2025-02-11 12:03:00+09:00,41783388.6800639
2025-02-11 12:04:00+09:00,41783388.6800639
2025-02-11 12:05:00+09:00,41783388.6800639
2025-02-11 12:06:00+09:00,41783388.6800639
2025-02-11 12:07:00+09:00,41783388.6800639
2025-02-11 12:08:00+09:00,41783388.6800639
2025-02-11 12:09:00+09:00,41783388.6800639
2025-02-11 12:10:00+09:00,41783388.6800639
2025-02-11 12:11:00+09:00,41766675.32459188
2025-02-11 12:12:00+09:00,41653905.301215485
2025-02-11 12:13:00+09:00,41653905.301215485
2025-02-11 12:14:00+09:00,41653905.301215485
2025-02-11 12:15:00+09:00,41653905.301215485
2025-02-11 12:16:00+09:00,41653905.301215485
2025-02-11 12:17:00+09:00,41653905.301215485
2025-02-11 12:18:00+09:00,41653905.301215485
2025-02-11 12:19:00+09:00,41653905.301215485
2025-02-11 12:20:00+09:00,41653905.301215485
2025-02-11 12:21:00+09:00,41653905.301215485
2025-02-11 12:22:00+09:00,41653905.301215485
2025-02-11 12:23:00+09:00,41653905.301215485
2025-02-11 12:24:00+09:00,41653905.301215485
2025-02-11 12:25:00+09:00,41653905.301215485
2025-02-11 12:26:00+09:00,41653905.301215485
2025-02-11 12:27:00+09:00,41653905.301215485
2025-02-11 12:28:00+09:00,41653905.301215485
2025-02-11 12:29:00+09:00,41653905.301215485
2025-02-11 12:30:00+09:00,41653905.301215485
2025-02-11 12:31:00+09:00,41653905.301215485
2025-02-11 12:32:00+09:00,41653905.301215485
2025-02-11 12:33:00+09:00,41653905.301215485
2025-02-11 12:34:00+09:00,41653905.301215485
2025-02-11 12:35:00+09:00,41653905.301215485
2025-02-11 12:36:00+09:00,41653905.301215485
2025-02-11 12:37:00+09:00,41653905.301215485
2025-02-11 12:38:00+09:00,41653905.301215485
2025-02-11 12:39:00+09:00,41653905.301215485
2025-02-11 12:40:00+09:00,41653905.301215485
2025-02-11 12:41:00+09:00,41653905.301215485
2025-02-11 12:42:00+09:00,41653905.301215485
2025-02-11 12:43:00+09:00,41653905.301215485
2025-02-11 12:44:00+09:00,41653905.301215485
2025-02-11 12:45:00+09:00,41653905.301215485
2025-02-11 12:46:00+09:00,41653905.301215485
2025-02-11 12:47:00+09:00,41653905.301215485
2025-02-11 12:48:00+09:00,41637243.739095
2025-02-11 12:49:00+09:00,41637243.739095
2025-02-11 12:50:00+09:00,41637243.739095
2025-02-11 12:51:00+09:00,41637243.739095
2025-02-11 12:52:00+09:00,41637243.739095
2025-02-11 12:53:00+09:00,41562625.0227167
2025-02-11 12:54:00+09:00,41711862.45547331
2025-02-11 12:55:00+09:00,41711862.45547331
2025-02-11 12:56:00+09:00,41637243.739095
2025-02-11 12:57:00+09:00,41711862.45547331
2025-02-11 12:58:00+09:00,41711862.45547331
2025-02-11 12:59:00+09:00,41786481.17185161
2025-02-11 13:00:00+09:00,41786481.17185161
2025-02-11 13:01:00+09:00,41786481.17185161
2025-02-11 13:02:00+09:00,41786481.17185161
2025-02-11 13:03:00+09:00,41786481.17185161
2025-02-11 13:04:00+09:00,41786481.17185161
2025-02-11 13:05:00+09:00,41711862.455473304
2025-02-11 13:06:00+09:00,41786481.171851605
2025-02-11 13:07:00+09:00,41861099.888229914
2025-02-11 13:08:00+09:00,41786481.171851605
2025-02-11 13:09:00+09:00,41786481.171851605
2025-02-11 13:10:00+09:00,41786481.171851605
2025-02-11 13:11:00+09:00,41861099.888229914
2025-02-11 13:12:00+09:00,41935718.604608215
2025-02-11 13:13:00+09:00,41935718.604608215
2025-02-11 13:14:00+09:00,41935718.604608215
2025-02-11 13:15:00+09:00,41935718.604608215
2025-02-11 13:16:00+09:00,41935718.604608215
2025-02-11 13:17:00+09:00,41935718.604608215
2025-02-11 13:18:00+09:00,41861099.88822991
2025-02-11 13:19:00+09:00,41935718.60460821
2025-02-11 13:20:00+09:00,42010337.32098652
2025-02-11 13:21:00+09:00,41935718.604608215
2025-02-11 13:22:00+09:00,42010337.320986524
2025-02-11 13:23:00+09:00,41935718.60460822
2025-02-11 13:24:00+09:00,41935718.60460822
2025-02-11 13:25:00+09:00,41935718.60460822
2025-02-11 13:26:00+09:00,41935718.60460822
2025-02-11 13:27:00+09:00,42010337.32098653
2025-02-11 13:28:00+09:00,41935718.60460823
2025-02-11 13:29:00+09:00,42010337.32098654
2025-02-11 13:30:00+09:00,41935718.60460824
2025-02-11 13:31:00+09:00,41935718.60460824
2025-02-11 13:32:00+09:00,41935718.60460824
2025-02-11 13:33:00+09:00,41935718.60460824
2025-02-11 13:34:00+09:00,42010337.32098655
2025-02-11 13:35:00+09:00,41935718.604608245
2025-02-11 13:36:00+09:00,41935718.604608245
2025-02-11 13:37:00+09:00,41861099.88822994
2025-02-11 13:38:00+09:00,41861099.88822994
2025-02-11 13:39:00+09:00,41935718.60460824
2025-02-11 13:40:00+09:00,41935718.60460824
2025-02-11 13:41:00+09:00,41935718.60460824
2025-02-11 13:42:00+09:00,41935718.60460824
2025-02-11 13:43:00+09:00,41935718.60460824
2025-02-11 13:44:00+09:00,41861099.88822993
2025-02-11 13:45:00+09:00,41786481.17185162
2025-02-11 13:46:00+09:00,41786481.17185162
2025-02-11 13:47:00+09:00,41673657.67268762
2025-02-11 13:48:00+09:00,41673657.67268762
2025-02-11 13:49:00+09:00,41673657.67268762
2025-02-11 13:50:00+09:00,41673657.67268762
2025-02-11 13:51:00+09:00,41673657.67268762
2025-02-11 13:52:00+09:00,41673657.67268762
2025-02-11 13:53:00+09:00,41673657.67268762
2025-02-11 13:54:00+09:00,41673657.67268762
2025-02-11 13:55:00+09:00,41673657.67268762
2025-02-11 13:56:00+09:00,41673657.67268762
2025-02-11 13:57:00+09:00,41673657.67268762
2025-02-11 13:58:00+09:00,41673657.67268762
2025-02-11 13:59:00+09:00,41673657.67268762
2025-02-11 14:00:00+09:00,41673657.67268762
2025-02-11 14:01:00+09:00,41673657.67268762
2025-02-11 14:02:00+09:00,41673657.67268762
2025-02-11 14:03:00+09:00,41673657.67268762
2025-02-11 14:04:00+09:00,41673657.67268762
2025-02-11 14:05:00+09:00,41673657.67268762
2025-02-11 14:06:00+09:00,41673657.67268762
2025-02-11 14:07:00+09:00,41673657.67268762
2025-02-11 14:08:00+09:00,41673657.67268762
2025-02-11 14:09:00+09:00,41673657.67268762
2025-02-11 14:10:00+09:00,41673657.67268762
2025-02-11 14:11:00+09:00,41673657.67268762
2025-02-11 14:12:00+09:00,41673657.67268762
2025-02-11 14:13:00+09:00,41673657.67268762
2025-02-11 14:14:00+09:00,41673657.67268762
2025-02-11 14:15:00+09:00,41673657.67268762
2025-02-11 14:16:00+09:00,41673657.67268762
2025-02-11 14:17:00+09:00,41673657.67268762
2025-02-11 14:18:00+09:00,41673657.67268762
2025-02-11 14:19:00+09:00,41673657.67268762
2025-02-11 14:20:00+09:00,41673657.67268762
2025-02-11 14:21:00+09:00,41673657.67268762
2025-02-11 14:22:00+09:00,41673657.67268762
2025-02-11 14:23:00+09:00,41673657.67268762
2025-02-11 14:24:00+09:00,41673657.67268762
2025-02-11 14:25:00+09:00,41673657.67268762
2025-02-11 14:26:00+09:00,41673657.67268762
2025-02-11 14:27:00+09:00,41673657.67268762
2025-02-11 14:28:00+09:00,41673657.67268762
2025-02-11 14:29:00+09:00,41673657.67268762
2025-02-11 14:30:00+09:00,41673657.67268762
2025-02-11 14:31:00+09:00,41673657.67268762
2025-02-11 14:32:00+09:00,41673657.67268762
2025-02-11 14:33:00+09:00,41673657.67268762
2025-02-11 14:34:00+09:00,41673657.67268762
2025-02-11 14:35:00+09:00,41673657.67268762
2025-02-11 14:36:00+09:00,41673657.67268762
2025-02-11 14:37:00+09:00,41673657.67268762
2025-02-11 14:38:00+09:00,41673657.67268762
2025-02-11 14:39:00+09:00,41673657.67268762
2025-02-11 14:40:00+09:00,41673657.67268762
2025-02-11 14:41:00+09:00,41673657.67268762
2025-02-11 14:42:00+09:00,41673657.67268762
2025-02-11 14:43:00+09:00,41673657.67268762
2025-02-11 14:44:00+09:00,41673657.67268762
2025-02-11 14:45:00+09:00,41673657.67268762
2025-02-11 14:46:00+09:00,41673657.67268762
2025-02-11 14:47:00+09:00,41673657.67268762
2025-02-11 14:48:00+09:00,41673657.67268762
2025-02-11 14:49:00+09:00,41673657.67268762
2025-02-11 14:50:00+09:00,41673657.67268762
2025-02-11 14:51:00+09:00,41673657.67268762
2025-02-11 14:52:00+09:00,41673657.67268762
2025-02-11 14:53:00+09:00,41673657.67268762
2025-02-11 14:54:00+09:00,41673657.67268762
2025-02-11 14:55:00+09:00,41673657.67268762
2025-02-11 14:56:00+09:00,41673657.67268762
2025-02-11 14:57:00+09:00,41673657.67268762
2025-02-11 14:58:00+09:00,41673657.67268762
2025-02-11 14:59:00+09:00,41673657.67268762
2025-02-11 15:00:00+09:00,41673657.67268762
2025-02-11 15:01:00+09:00,41673657.67268762
2025-02-11 15:02:00+09:00,41673657.67268762
2025-02-11 15:03:00+09:00,41673657.67268762
2025-02-11 15:04:00+09:00,41673657.67268762
2025-02-11 15:05:00+09:00,41673657.67268762
2025-02-11 15:06:00+09:00,41673657.67268762
2025-02-11 15:07:00+09:00,41673657.67268762
2025-02-11 15:08:00+09:00,41673657.67268762
2025-02-11 15:09:00+09:00,41673657.67268762
2025-02-11 15:10:00+09:00,41673657.67268762
2025-02-11 15:11:00+09:00,41673657.67268762
2025-02-11 15:12:00+09:00,41673657.67268762
2025-02-11 15:13:00+09:00,41673657.67268762
2025-02-11 15:14:00+09:00,41673657.67268762
2025-02-11 15:15:00+09:00,41673657.67268762
2025-02-11 15:16:00+09:00,41673657.67268762
2025-02-11 15:17:00+09:00,41673657.67268762
2025-02-11 15:18:00+09:00,41673657.67268762
2025-02-11 15:19:00+09:00,41673657.67268762
2025-02-11 15:30:00+09:00,41673657.67268762
2025-02-11 15:35:00+09:00,41673657.67268762
2025-02-12 09:00:00+09:00,41673657.67268762
2025-02-12 09:01:00+09:00,41673657.67268762
2025-02-12 09:02:00+09:00,41673657.67268762
2025-02-12 09:03:00+09:00,41673657.67268762
2025-02-12 09:04:00+09:00,41673657.67268762
2025-02-12 09:05:00+09:00,41673657.67268762
2025-02-12 09:06:00+09:00,41673657.67268762
2025-02-12 09:07:00+09:00,41673657.67268762
2025-02-12 09:08:00+09:00,41673657.67268762
2025-02-12 09:09:00+09:00,41673657.67268762
2025-02-12 09:10:00+09:00,41673657.67268762
2025-02-12 09:11:00+09:00,41673657.67268762
2025-02-12 09:12:00+09:00,41673657.67268762
2025-02-12 09:13:00+09:00,41673657.67268762
2025-02-12 09:14:00+09:00,41673657.67268762
2025-02-12 09:15:00+09:00,41673657.67268762
2025-02-12 09:16:00+09:00,41673657.67268762
2025-02-12 09:17:00+09:00,41673657.67268762
2025-02-12 09:18:00+09:00,41673657.67268762
2025-02-12 09:19:00+09:00,41673657.67268762
2025-02-12 09:20:00+09:00,41673657.67268762
2025-02-12 09:21:00+09:00,41673657.67268762
2025-02-12 09:22:00+09:00,41673657.67268762
2025-02-12 09:23:00+09:00,41673657.67268762
2025-02-12 09:24:00+09:00,41673657.67268762
2025-02-12 09:25:00+09:00,41673657.67268762
2025-02-12 09:26:00+09:00,41673657.67268762
2025-02-12 09:27:00+09:00,41673657.67268762
2025-02-12 09:28:00+09:00,41673657.67268762
2025-02-12 09:29:00+09:00,41673657.67268762
2025-02-12 09:30:00+09:00,41673657.67268762
2025-02-12 09:31:00+09:00,41673657.67268762
2025-02-12 09:32:00+09:00,41673657.67268762
2025-02-12 09:33:00+09:00,41673657.67268762
2025-02-12 09:34:00+09:00,41673657.67268762
2025-02-12 09:35:00+09:00,41673657.67268762
2025-02-12 09:36:00+09:00,41673657.67268762
2025-02-12 09:37:00+09:00,41673657.67268762
2025-02-12 09:38:00+09:00,41673657.67268762
2025-02-12 09:39:00+09:00,41673657.67268762
2025-02-12 09:40:00+09:00,41673657.67268762
2025-02-12 09:41:00+09:00,41673657.67268762
2025-02-12 09:42:00+09:00,41673657.67268762
2025-02-12 09:43:00+09:00,41673657.67268762
2025-02-12 09:44:00+09:00,41673657.67268762
2025-02-12 09:45:00+09:00,41673657.67268762
2025-02-12 09:46:00+09:00,41673657.67268762
2025-02-12 09:47:00+09:00,41673657.67268762
2025-02-12 09:48:00+09:00,41673657.67268762
2025-02-12 09:49:00+09:00,41673657.67268762
2025-02-12 09:50:00+09:00,41673657.67268762
2025-02-12 09:51:00+09:00,41673657.67268762
2025-02-12 09:52:00+09:00,41673657.67268762
2025-02-12 09:53:00+09:00,41673657.67268762
2025-02-12 09:54:00+09:00,41673657.67268762
2025-02-12 09:55:00+09:00,41673657.67268762
2025-02-12 09:56:00+09:00,41673657.67268762
2025-02-12 09:57:00+09:00,41656988.209618546
2025-02-12 09:58:00+09:00,41581385.69018185
2025-02-12 09:59:00+09:00,41505783.17074516
2025-02-12 10:00:00+09:00,41505783.17074516
2025-02-12 10:01:00+09:00,41581385.69018185
2025-02-12 10:02:00+09:00,41581385.69018185
2025-02-12 10:03:00+09:00,41505783.17074516
2025-02-12 10:04:00+09:00,41505783.17074516
2025-02-12 10:05:00+09:00,41581385.69018185
2025-02-12 10:06:00+09:00,41505783.17074516
2025-02-12 10:07:00+09:00,41505783.17074516
2025-02-12 10:08:00+09:00,41505783.17074516
2025-02-12 10:09:00+09:00,41581385.69018185
2025-02-12 10:10:00+09:00,41581385.69018185
2025-02-12 10:11:00+09:00,41581385.69018185
2025-02-12 10:12:00+09:00,41505783.17074516
2025-02-12 10:13:00+09:00,41505783.17074516
2025-02-12 10:14:00+09:00,41581385.69018185
2025-02-12 10:15:00+09:00,41656988.20961854
2025-02-12 10:16:00+09:00,41581385.690181844
2025-02-12 10:17:00+09:00,41581385.690181844
2025-02-12 10:18:00+09:00,41656988.20961853
2025-02-12 10:19:00+09:00,41581385.69018184
2025-02-12 10:20:00+09:00,41656988.20961852
2025-02-12 10:21:00+09:00,41581385.69018183
2025-02-12 10:22:00+09:00,41505783.170745134
2025-02-12 10:23:00+09:00,41581385.69018183
2025-02-12 10:24:00+09:00,41469115.94881833
2025-02-12 10:25:00+09:00,41469115.94881833
2025-02-12 10:26:00+09:00,41469115.94881833
2025-02-12 10:27:00+09:00,41469115.94881833
2025-02-12 10:28:00+09:00,41469115.94881833
2025-02-12 10:29:00+09:00,41469115.94881833
2025-02-12 10:30:00+09:00,41469115.94881833
2025-02-12 10:31:00+09:00,41469115.94881833
2025-02-12 10:32:00+09:00,41469115.94881833
2025-02-12 10:33:00+09:00,41469115.94881833
2025-02-12 10:34:00+09:00,41469115.94881833
2025-02-12 10:35:00+09:00,41452528.30243881
2025-02-12 10:36:00+09:00,41527623.46240699
2025-02-12 10:37:00+09:00,41602718.62237518
2025-02-12 10:38:00+09:00,41527623.46240699
2025-02-12 10:39:00+09:00,41602718.62237518
2025-02-12 10:40:00+09:00,41602718.62237518
2025-02-12 10:41:00+09:00,41527623.46240699
2025-02-12 10:42:00+09:00,41527623.46240699
2025-02-12 10:43:00+09:00,41527623.46240699
2025-02-12 10:44:00+09:00,41602718.62237518
2025-02-12 10:45:00+09:00,41527623.46240699
2025-02-12 10:46:00+09:00,41527623.46240699
2025-02-12 10:47:00+09:00,41602718.62237518
2025-02-12 10:48:00+09:00,41527623.46240699
2025-02-12 10:49:00+09:00,41602718.62237518
2025-02-12 10:50:00+09:00,41677813.78234337
2025-02-12 10:51:00+09:00,41602718.62237519
2025-02-12 10:52:00+09:00,41527623.462407
2025-02-12 10:53:00+09:00,41602718.62237519
2025-02-12 10:54:00+09:00,41527623.462407
2025-02-12 10:55:00+09:00,41527623.462407
2025-02-12 10:56:00+09:00,41527623.462407
2025-02-12 10:57:00+09:00,41602718.62237519
2025-02-12 10:58:00+09:00,41602718.62237519
2025-02-12 10:59:00+09:00,41527623.462407
2025-02-12 11:00:00+09:00,41527623.462407
2025-02-12 11:01:00+09:00,41527623.462407
2025-02-12 11:02:00+09:00,41677813.78234337
2025-02-12 11:03:00+09:00,41602718.62237519
2025-02-12 11:04:00+09:00,41677813.78234338
2025-02-12 11:05:00+09:00,41677813.78234338
2025-02-12 11:06:00+09:00,41602718.6223752
2025-02-12 11:07:00+09:00,41602718.6223752
2025-02-12 11:08:00+09:00,41602718.6223752
2025-02-12 11:09:00+09:00,41602718.6223752
2025-02-12 11:10:00+09:00,41677813.78234339
2025-02-12 11:11:00+09:00,41677813.78234339
2025-02-12 11:12:00+09:00,41828004.10227976
2025-02-12 11:13:00+09:00,41752908.94231158
2025-02-12 11:14:00+09:00,41752908.94231158
2025-02-12 11:15:00+09:00,41752908.94231158
2025-02-12 11:16:00+09:00,41828004.10227976
2025-02-12 11:17:00+09:00,41752908.94231158
2025-02-12 11:18:00+09:00,41828004.10227976
2025-02-12 11:19:00+09:00,41828004.10227976
2025-02-12 11:20:00+09:00,41752908.94231158
2025-02-12 11:21:00+09:00,41903099.26224795
2025-02-12 11:22:00+09:00,41903099.26224795
2025-02-12 11:23:00+09:00,41903099.26224795
2025-02-12 11:24:00+09:00,41903099.26224795
2025-02-12 11:25:00+09:00,41903099.26224795
2025-02-12 11:26:00+09:00,41978194.42221614
2025-02-12 11:27:00+09:00,41828004.10227977
2025-02-12 11:28:00+09:00,41752908.942311585
2025-02-12 11:29:00+09:00,41828004.10227977
2025-02-12 11:30:00+09:00,41752908.942311585
2025-02-12 11:31:00+09:00,41828004.10227977
2025-02-12 11:32:00+09:00,41828004.10227977
2025-02-12 11:33:00+09:00,41752908.942311585
2025-02-12 11:34:00+09:00,41828004.10227977
2025-02-12 11:35:00+09:00,41752908.942311585
2025-02-12 11:36:00+09:00,41677813.7823434
2025-02-12 11:37:00+09:00,41677813.7823434
2025-02-12 11:38:00+09:00,41640176.08816734
2025-02-12 11:39:00+09:00,41640176.08816734
2025-02-12 11:40:00+09:00,41640176.08816734
2025-02-12 11:41:00+09:00,41640176.08816734
2025-02-12 11:42:00+09:00,41640176.08816734
2025-02-12 11:43:00+09:00,41640176.08816734
2025-02-12 11:44:00+09:00,41640176.08816734
2025-02-12 11:45:00+09:00,41640176.08816734
2025-02-12 11:46:00+09:00,41640176.08816734
2025-02-12 11:47:00+09:00,41640176.08816734
2025-02-12 11:48:00+09:00,41640176.08816734
2025-02-12 11:49:00+09:00,41640176.08816734
2025-02-12 11:50:00+09:00,41623520.01773208
2025-02-12 11:51:00+09:00,41623520.01773208
2025-02-12 11:52:00+09:00,41623520.01773208
2025-02-12 11:53:00+09:00,41698382.463807136
2025-02-12 11:54:00+09:00,41623520.01773208
2025-02-12 11:55:00+09:00,41698382.463807136
2025-02-12 11:56:00+09:00,41548657.571657024
2025-02-12 11:57:00+09:00,41548657.571657024
2025-02-12 11:58:00+09:00,41511136.513684206
2025-02-12 11:59:00+09:00,41511136.513684206
2025-02-12 12:00:00+09:00,41511136.513684206
2025-02-12 12:01:00+09:00,41511136.513684206
2025-02-12 12:02:00+09:00,41511136.513684206
2025-02-12 12:03:00+09:00,41511136.513684206
2025-02-12 12:04:00+09:00,41511136.513684206
2025-02-12 12:05:00+09:00,41511136.513684206
2025-02-12 12:06:00+09:00,41511136.513684206
2025-02-12 12:07:00+09:00,41511136.513684206
2025-02-12 12:08:00+09:00,41511136.513684206
2025-02-12 12:09:00+09:00,41511136.513684206
2025-02-12 12:10:00+09:00,41511136.513684206
2025-02-12 12:11:00+09:00,41511136.513684206
2025-02-12 12:12:00+09:00,41511136.513684206
2025-02-12 12:13:00+09:00,41511136.513684206
2025-02-12 12:14:00+09:00,41511136.513684206
2025-02-12 12:15:00+09:00,41511136.513684206
2025-02-12 12:16:00+09:00,41511136.513684206
2025-02-12 12:17:00+09:00,41511136.513684206
2025-02-12 12:18:00+09:00,41511136.513684206
2025-02-12 12:19:00+09:00,41511136.513684206
2025-02-12 12:20:00+09:00,41511136.513684206
2025-02-12 12:21:00+09:00,41511136.513684206
2025-02-12 12:22:00+09:00,41511136.513684206
2025-02-12 12:23:00+09:00,41511136.513684206
2025-02-12 12:24:00+09:00,41511136.513684206
2025-02-12 12:25:00+09:00,41511136.513684206
2025-02-12 12:26:00+09:00,41511136.513684206
2025-02-12 12:27:00+09:00,41511136.513684206
2025-02-12 12:28:00+09:00,41511136.513684206
2025-02-12 12:29:00+09:00,41511136.513684206
2025-02-12 12:30:00+09:00,41511136.513684206
2025-02-12 12:31:00+09:00,41511136.513684206
2025-02-12 12:32:00+09:00,41511136.513684206
2025-02-12 12:33:00+09:00,41511136.513684206
2025-02-12 12:34:00+09:00,41511136.513684206
2025-02-12 12:35:00+09:00,41511136.513684206
2025-02-12 12:36:00+09:00,41511136.513684206
2025-02-12 12:37:00+09:00,41511136.513684206
2025-02-12 12:38:00+09:00,41511136.513684206
2025-02-12 12:39:00+09:00,41511136.513684206
2025-02-12 12:40:00+09:00,41511136.513684206
2025-02-12 12:41:00+09:00,41511136.513684206
2025-02-12 12:42:00+09:00,41511136.513684206
2025-02-12 12:43:00+09:00,41511136.513684206
2025-02-12 12:44:00+09:00,41511136.513684206
2025-02-12 12:45:00+09:00,41511136.513684206
2025-02-12 12:46:00+09:00,41511136.513684206
2025-02-12 12:47:00+09:00,41511136.513684206
2025-02-12 12:48:00+09:00,41511136.513684206
2025-02-12 12:49:00+09:00,41511136.513684206
2025-02-12 12:50:00+09:00,41511136.513684206
2025-02-12 12:51:00+09:00,41511136.513684206
2025-02-12 12:52:00+09:00,41511136.513684206
2025-02-12 12:53:00+09:00,41511136.513684206
2025-02-12 12:54:00+09:00,41511136.513684206
2025-02-12 12:55:00+09:00,41511136.513684206
2025-02-12 12:56:00+09:00,41511136.513684206
2025-02-12 12:57:00+09:00,41511136.513684206
2025-02-12 12:58:00+09:00,41494532.05907873
2025-02-12 12:59:00+09:00,41233906.16965559
2025-02-12 13:00:00+09:00,41233906.16965559
2025-02-12 13:01:00+09:00,41233906.16965559
2025-02-12 13:02:00+09:00,41233906.16965559
2025-02-12 13:03:00+09:00,41233906.16965559
2025-02-12 13:04:00+09:00,41233906.16965559
2025-02-12 13:05:00+09:00,41233906.16965559
2025-02-12 13:06:00+09:00,41233906.16965559
2025-02-12 13:07:00+09:00,41233906.16965559
2025-02-12 13:08:00+09:00,41233906.16965559
2025-02-12 13:09:00+09:00,41233906.16965559
2025-02-12 13:10:00+09:00,41217412.60718773
2025-02-12 13:11:00+09:00,41217412.60718773
2025-02-12 13:12:00+09:00,41180190.68430715
2025-02-12 13:13:00+09:00,41180190.68430715
2025-02-12 13:14:00+09:00,41180190.68430715
2025-02-12 13:15:00+09:00,41180190.68430715
2025-02-12 13:16:00+09:00,41180190.68430715
2025-02-12 13:17:00+09:00,41180190.68430715
2025-02-12 13:18:00+09:00,41180190.68430715
2025-02-12 13:19:00+09:00,41180190.68430715
2025-02-12 13:20:00+09:00,41180190.68430715
2025-02-12 13:21:00+09:00,41180190.68430715
2025-02-12 13:22:00+09:00,41180190.68430715
2025-02-12 13:23:00+09:00,41180190.68430715
2025-02-12 13:24:00+09:00,41163718.608033426
2025-02-12 13:25:00+09:00,41052576.56779174
2025-02-12 13:26:00+09:00,41052576.56779174
2025-02-12 13:27:00+09:00,41052576.56779174
2025-02-12 13:28:00+09:00,41052576.56779174
2025-02-12 13:29:00+09:00,41052576.56779174
2025-02-12 13:30:00+09:00,41052576.56779174
2025-02-12 13:31:00+09:00,41052576.56779174
2025-02-12 13:32:00+09:00,41052576.56779174
2025-02-12 13:33:00+09:00,41052576.56779174
2025-02-12 13:34:00+09:00,41052576.56779174
2025-02-12 13:35:00+09:00,41052576.56779174
2025-02-12 13:36:00+09:00,41036155.53716462
2025-02-12 13:37:00+09:00,40925357.917214274
2025-02-12 13:38:00+09:00,40925357.917214274
2025-02-12 13:39:00+09:00,40925357.917214274
2025-02-12 13:40:00+09:00,40925357.917214274
2025-02-12 13:41:00+09:00,40925357.917214274
2025-02-12 13:42:00+09:00,40925357.917214274
2025-02-12 13:43:00+09:00,40925357.917214274
2025-02-12 13:44:00+09:00,40925357.917214274
2025-02-12 13:45:00+09:00,40925357.917214274
2025-02-12 13:46:00+09:00,40925357.917214274
2025-02-12 13:47:00+09:00,40925357.917214274
2025-02-12 13:48:00+09:00,40925357.917214274
2025-02-12 13:49:00+09:00,40925357.917214274
2025-02-12 13:50:00+09:00,40925357.917214274
2025-02-12 13:51:00+09:00,40908987.77404739
2025-02-12 13:52:00+09:00,40908987.77404739
2025-02-12 13:53:00+09:00,40908987.77404739
2025-02-12 13:54:00+09:00,40908987.77404739
2025-02-12 13:55:00+09:00,40835542.5536272
2025-02-12 13:56:00+09:00,40908987.77404739
2025-02-12 13:57:00+09:00,40835542.5536272
2025-02-12 13:58:00+09:00,40835542.5536272
2025-02-12 13:59:00+09:00,40908987.77404739
2025-02-12 14:00:00+09:00,40835542.5536272
2025-02-12 14:01:00+09:00,40835542.5536272
2025-02-12 14:02:00+09:00,40908987.77404739
2025-02-12 14:03:00+09:00,40908987.77404739
2025-02-12 14:04:00+09:00,40908987.77404739
2025-02-12 14:05:00+09:00,40762097.333207004
2025-02-12 14:06:00+09:00,40762097.333207004
2025-02-12 14:07:00+09:00,40652039.67040734
2025-02-12 14:08:00+09:00,40652039.67040734
2025-02-12 14:09:00+09:00,40652039.67040734
2025-02-12 14:10:00+09:00,40652039.67040734
2025-02-12 14:11:00+09:00,40652039.67040734
2025-02-12 14:12:00+09:00,40652039.67040734
2025-02-12 14:13:00+09:00,40652039.67040734
2025-02-12 14:14:00+09:00,40652039.67040734
2025-02-12 14:15:00+09:00,40652039.67040734
2025-02-12 14:16:00+09:00,40652039.67040734
2025-02-12 14:17:00+09:00,40652039.67040734
2025-02-12 14:18:00+09:00,40635778.85453918
2025-02-12 14:19:00+09:00,40562954.878097355
2025-02-12 14:20:00+09:00,40635778.85453918
2025-02-12 14:21:00+09:00,40635778.85453918
2025-02-12 14:22:00+09:00,40562954.878097355
2025-02-12 14:23:00+09:00,40635778.85453918
2025-02-12 14:24:00+09:00,40635778.85453918
2025-02-12 14:25:00+09:00,40635778.85453918
2025-02-12 14:26:00+09:00,40635778.85453918
2025-02-12 14:27:00+09:00,40562954.878097355
2025-02-12 14:28:00+09:00,40635778.85453918
2025-02-12 14:29:00+09:00,40562954.878097355
2025-02-12 14:30:00+09:00,40562954.878097355
2025-02-12 14:31:00+09:00,40635778.85453918
2025-02-12 14:32:00+09:00,40562954.878097355
2025-02-12 14:33:00+09:00,40635778.85453918
2025-02-12 14:34:00+09:00,40635778.85453918
2025-02-12 14:35:00+09:00,40635778.85453918
2025-02-12 14:36:00+09:00,40562954.878097355
2025-02-12 14:37:00+09:00,40635778.85453918
2025-02-12 14:38:00+09:00,40635778.85453918
2025-02-12 14:39:00+09:00,40562954.878097355
2025-02-12 14:40:00+09:00,40562954.878097355
2025-02-12 14:41:00+09:00,40562954.878097355
2025-02-12 14:42:00+09:00,40635778.85453918
2025-02-12 14:43:00+09:00,40635778.85453918
2025-02-12 14:44:00+09:00,40635778.85453918
2025-02-12 14:45:00+09:00,40635778.85453918
2025-02-12 14:46:00+09:00,40635778.85453918
2025-02-12 14:47:00+09:00,40635778.85453918
2025-02-12 14:48:00+09:00,40635778.85453918
2025-02-12 14:49:00+09:00,40635778.85453918
2025-02-12 14:50:00+09:00,40635778.85453918
2025-02-12 14:51:00+09:00,40635778.85453918
2025-02-12 14:52:00+09:00,40490130.901655525
2025-02-12 14:53:00+09:00,40417306.9252137
2025-02-12 14:54:00+09:00,40308180.19651563
2025-02-12 14:55:00+09:00,40308180.19651563
2025-02-12 14:56:00+09:00,40308180.19651563
2025-02-12 14:57:00+09:00,40308180.19651563
2025-02-12 14:58:00+09:00,40308180.19651563
2025-02-12 14:59:00+09:00,40308180.19651563
2025-02-12 15:00:00+09:00,40308180.19651563
2025-02-12 15:01:00+09:00,40308180.19651563
2025-02-12 15:02:00+09:00,40308180.19651563
2025-02-12 15:03:00+09:00,40308180.19651563
2025-02-12 15:04:00+09:00,40308180.19651563
2025-02-12 15:05:00+09:00,40308180.19651563
2025-02-12 15:06:00+09:00,40308180.19651563
2025-02-12 15:07:00+09:00,40308180.19651563
2025-02-12 15:08:00+09:00,40308180.19651563
2025-02-12 15:09:00+09:00,40308180.19651563
2025-02-12 15:10:00+09:00,40308180.19651563
2025-02-12 15:11:00+09:00,40308180.19651563
2025-02-12 15:12:00+09:00,40308180.19651563
2025-02-12 15:13:00+09:00,40308180.19651563
2025-02-12 15:14:00+09:00,40308180.19651563
2025-02-12 15:15:00+09:00,40308180.19651563
2025-02-12 15:16:00+09:00,40308180.19651563
2025-02-12 15:17:00+09:00,40308180.19651563
2025-02-12 15:18:00+09:00,40308180.19651563
2025-02-12 15:19:00+09:00,40308180.19651563
2025-02-12 15:30:00+09:00,40308180.19651563
2025-02-12 15:35:00+09:00,40308180.19651563
2025-02-13 09:00:00+09:00,40308180.19651563
2025-02-13 09:01:00+09:00,40308180.19651563
2025-02-13 09:02:00+09:00,40308180.19651563
2025-02-13 09:03:00+09:00,40308180.19651563
2025-02-13 09:04:00+09:00,40308180.19651563
2025-02-13 09:05:00+09:00,40308180.19651563
2025-02-13 09:06:00+09:00,40292056.92443702
2025-02-13 09:07:00+09:00,40292056.92443702
2025-02-13 09:08:00+09:00,40220235.076086864
2025-02-13 09:09:00+09:00,40292056.924437016
2025-02-13 09:10:00+09:00,40292056.924437016
2025-02-13 09:11:00+09:00,40292056.924437016
2025-02-13 09:12:00+09:00,40292056.924437016
2025-02-13 09:13:00+09:00,40435700.62113733
2025-02-13 09:14:00+09:00,40435700.62113733
2025-02-13 09:15:00+09:00,40507522.46948748
2025-02-13 09:16:00+09:00,40435700.62113733
2025-02-13 09:17:00+09:00,40435700.62113733
2025-02-13 09:18:00+09:00,40363878.772787176
2025-02-13 09:19:00+09:00,40363878.772787176
2025-02-13 09:20:00+09:00,40363878.772787176
2025-02-13 09:21:00+09:00,40363878.772787176
2025-02-13 09:22:00+09:00,40363878.772787176
2025-02-13 09:23:00+09:00,40363878.772787176
2025-02-13 09:24:00+09:00,40363878.772787176
2025-02-13 09:25:00+09:00,40220235.076086864
2025-02-13 09:26:00+09:00,40220235.076086864
2025-02-13 09:27:00+09:00,40292056.924437016
2025-02-13 09:28:00+09:00,40363878.77278717
2025-02-13 09:29:00+09:00,40292056.92443701
2025-02-13 09:30:00+09:00,40292056.92443701
2025-02-13 09:31:00+09:00,40363878.77278716
2025-02-13 09:32:00+09:00,40363878.77278716
2025-02-13 09:33:00+09:00,40363878.77278716
2025-02-13 09:34:00+09:00,40363878.77278716
2025-02-13 09:35:00+09:00,40363878.77278716
2025-02-13 09:36:00+09:00,40363878.77278716
2025-02-13 09:37:00+09:00,40292056.924437
2025-02-13 09:38:00+09:00,40220235.07608684
2025-02-13 09:39:00+09:00,40220235.07608684
2025-02-13 09:40:00+09:00,40220235.07608684
2025-02-13 09:41:00+09:00,40292056.924436994
2025-02-13 09:42:00+09:00,40292056.924436994
2025-02-13 09:43:00+09:00,40220235.076086834
2025-02-13 09:44:00+09:00,40363878.772787146
2025-02-13 09:45:00+09:00,40363878.772787146
2025-02-13 09:46:00+09:00,40292056.92443699
2025-02-13 09:47:00+09:00,40292056.92443699
2025-02-13 09:48:00+09:00,40292056.92443699
2025-02-13 09:49:00+09:00,40292056.92443699
2025-02-13 09:50:00+09:00,40220235.07608683
2025-02-13 09:51:00+09:00,40220235.07608683
2025-02-13 09:52:00+09:00,40183268.370740995
2025-02-13 09:53:00+09:00,40183268.370740995
2025-02-13 09:54:00+09:00,40183268.370740995
2025-02-13 09:55:00+09:00,40183268.370740995
2025-02-13 09:56:00+09:00,40183268.370740995
2025-02-13 09:57:00+09:00,40183268.370740995
2025-02-13 09:58:00+09:00,40183268.370740995
2025-02-13 09:59:00+09:00,40183268.370740995
2025-02-13 10:00:00+09:00,40183268.370740995
2025-02-13 10:01:00+09:00,40183268.370740995
2025-02-13 10:02:00+09:00,40183268.370740995
2025-02-13 10:03:00+09:00,40183268.370740995
2025-02-13 10:04:00+09:00,40183268.370740995
2025-02-13 10:05:00+09:00,40183268.370740995
2025-02-13 10:06:00+09:00,40183268.370740995
2025-02-13 10:07:00+09:00,40183268.370740995
2025-02-13 10:08:00+09:00,40183268.370740995
2025-02-13 10:09:00+09:00,40183268.370740995
2025-02-13 10:10:00+09:00,40183268.370740995
2025-02-13 10:11:00+09:00,40183268.370740995
2025-02-13 10:12:00+09:00,40183268.370740995
2025-02-13 10:13:00+09:00,40183268.370740995
2025-02-13 10:14:00+09:00,40183268.370740995
2025-02-13 10:15:00+09:00,40183268.370740995
2025-02-13 10:16:00+09:00,40183268.370740995
2025-02-13 10:17:00+09:00,40183268.370740995
2025-02-13 10:18:00+09:00,40167195.0633927
2025-02-13 10:19:00+09:00,40167195.0633927
2025-02-13 10:20:00+09:00,40167195.0633927
2025-02-13 10:21:00+09:00,40167195.0633927
2025-02-13 10:22:00+09:00,40238539.99245734
2025-02-13 10:23:00+09:00,40238539.99245734
2025-02-13 10:24:00+09:00,40238539.99245734
2025-02-13 10:25:00+09:00,40167195.0633927
2025-02-13 10:26:00+09:00,40095850.13432806
2025-02-13 10:27:00+09:00,40167195.063392706
2025-02-13 10:28:00+09:00,40167195.063392706
2025-02-13 10:29:00+09:00,40024505.20526342
2025-02-13 10:30:00+09:00,40095850.13432806
2025-02-13 10:31:00+09:00,39987591.33896537
2025-02-13 10:32:00+09:00,39987591.33896537
2025-02-13 10:33:00+09:00,39987591.33896537
2025-02-13 10:34:00+09:00,39987591.33896537
2025-02-13 10:35:00+09:00,39987591.33896537
2025-02-13 10:36:00+09:00,39987591.33896537
2025-02-13 10:37:00+09:00,39987591.33896537
2025-02-13 10:38:00+09:00,39987591.33896537
2025-02-13 10:39:00+09:00,39987591.33896537
2025-02-13 10:40:00+09:00,39987591.33896537
2025-02-13 10:41:00+09:00,39987591.33896537
2025-02-13 10:42:00+09:00,39987591.33896537
2025-02-13 10:43:00+09:00,39987591.33896537
2025-02-13 10:44:00+09:00,39987591.33896537
2025-02-13 10:45:00+09:00,39987591.33896537
2025-02-13 10:46:00+09:00,39987591.33896537
2025-02-13 10:47:00+09:00,39987591.33896537
2025-02-13 10:48:00+09:00,39971596.30242979
2025-02-13 10:49:00+09:00,39971596.30242979
2025-02-13 10:50:00+09:00,39863672.99241322
2025-02-13 10:51:00+09:00,39863672.99241322
2025-02-13 10:52:00+09:00,39863672.99241322
2025-02-13 10:53:00+09:00,39863672.99241322
2025-02-13 10:54:00+09:00,39863672.99241322
2025-02-13 10:55:00+09:00,39863672.99241322
2025-02-13 10:56:00+09:00,39863672.99241322
2025-02-13 10:57:00+09:00,39863672.99241322
2025-02-13 10:58:00+09:00,39863672.99241322
2025-02-13 10:59:00+09:00,39863672.99241322
2025-02-13 11:00:00+09:00,39863672.99241322
2025-02-13 11:01:00+09:00,39863672.99241322
2025-02-13 11:02:00+09:00,39863672.99241322
2025-02-13 11:03:00+09:00,39863672.99241322
2025-02-13 11:04:00+09:00,39863672.99241322
2025-02-13 11:05:00+09:00,39863672.99241322
2025-02-13 11:06:00+09:00,39863672.99241322
2025-02-13 11:07:00+09:00,39863672.99241322
2025-02-13 11:08:00+09:00,39863672.99241322
2025-02-13 11:09:00+09:00,39863672.99241322
2025-02-13 11:10:00+09:00,39863672.99241322
2025-02-13 11:11:00+09:00,39863672.99241322
2025-02-13 11:12:00+09:00,39863672.99241322
2025-02-13 11:13:00+09:00,39863672.99241322
2025-02-13 11:14:00+09:00,39863672.99241322
2025-02-13 11:15:00+09:00,39863672.99241322
2025-02-13 11:16:00+09:00,39863672.99241322
2025-02-13 11:17:00+09:00,39863672.99241322
2025-02-13 11:18:00+09:00,39863672.99241322
2025-02-13 11:19:00+09:00,39863672.99241322
2025-02-13 11:20:00+09:00,39863672.99241322
2025-02-13 11:21:00+09:00,39863672.99241322
2025-02-13 11:22:00+09:00,39863672.99241322
2025-02-13 11:23:00+09:00,39863672.99241322
2025-02-13 11:24:00+09:00,39863672.99241322
2025-02-13 11:25:00+09:00,39863672.99241322
2025-02-13 11:26:00+09:00,39863672.99241322
2025-02-13 11:27:00+09:00,39863672.99241322
2025-02-13 11:28:00+09:00,39863672.99241322
2025-02-13 11:29:00+09:00,39863672.99241322
2025-02-13 11:30:00+09:00,39863672.99241322
2025-02-13 11:31:00+09:00,39863672.99241322
2025-02-13 11:32:00+09:00,39863672.99241322
2025-02-13 11:33:00+09:00,39863672.99241322
2025-02-13 11:34:00+09:00,39863672.99241322
2025-02-13 11:35:00+09:00,39863672.99241322
2025-02-13 11:36:00+09:00,39863672.99241322
2025-02-13 11:37:00+09:00,39863672.99241322
2025-02-13 11:38:00+09:00,39863672.99241322
2025-02-13 11:39:00+09:00,39863672.99241322
2025-02-13 11:40:00+09:00,39863672.99241322
2025-02-13 11:41:00+09:00,39863672.99241322
2025-02-13 11:42:00+09:00,39863672.99241322
2025-02-13 11:43:00+09:00,39863672.99241322
2025-02-13 11:44:00+09:00,39863672.99241322
2025-02-13 11:45:00+09:00,39863672.99241322
2025-02-13 11:46:00+09:00,39863672.99241322
2025-02-13 11:47:00+09:00,39863672.99241322
2025-02-13 11:48:00+09:00,39863672.99241322
2025-02-13 11:49:00+09:00,39863672.99241322
2025-02-13 11:50:00+09:00,39863672.99241322
2025-02-13 11:51:00+09:00,39863672.99241322
2025-02-13 11:52:00+09:00,39863672.99241322
2025-02-13 11:53:00+09:00,39863672.99241322
2025-02-13 11:54:00+09:00,39863672.99241322
2025-02-13 11:55:00+09:00,39863672.99241322
2025-02-13 11:56:00+09:00,39863672.99241322
2025-02-13 11:57:00+09:00,39863672.99241322
2025-02-13 11:58:00+09:00,39863672.99241322
2025-02-13 11:59:00+09:00,39863672.99241322
2025-02-13 12:00:00+09:00,39863672.99241322
2025-02-13 12:01:00+09:00,39863672.99241322
2025-02-13 12:02:00+09:00,39863672.99241322
2025-02-13 12:03:00+09:00,39863672.99241322
2025-02-13 12:04:00+09:00,39863672.99241322
2025-02-13 12:05:00+09:00,39863672.99241322
2025-02-13 12:06:00+09:00,39863672.99241322
2025-02-13 12:07:00+09:00,39863672.99241322
2025-02-13 12:08:00+09:00,39863672.99241322
2025-02-13 12:09:00+09:00,39863672.99241322
2025-02-13 12:10:00+09:00,39863672.99241322
2025-02-13 12:11:00+09:00,39863672.99241322
2025-02-13 12:12:00+09:00,39863672.99241322
2025-02-13 12:13:00+09:00,39863672.99241322
2025-02-13 12:14:00+09:00,39863672.99241322
2025-02-13 12:15:00+09:00,39863672.99241322
2025-02-13 12:16:00+09:00,39863672.99241322
2025-02-13 12:17:00+09:00,39863672.99241322
2025-02-13 12:18:00+09:00,39863672.99241322
2025-02-13 12:19:00+09:00,39863672.99241322
2025-02-13 12:20:00+09:00,39863672.99241322
2025-02-13 12:21:00+09:00,39863672.99241322
2025-02-13 12:22:00+09:00,39863672.99241322
2025-02-13 12:23:00+09:00,39863672.99241322
2025-02-13 12:24:00+09:00,39863672.99241322
2025-02-13 12:25:00+09:00,39863672.99241322
2025-02-13 12:26:00+09:00,39863672.99241322
2025-02-13 12:27:00+09:00,39863672.99241322
2025-02-13 12:28:00+09:00,39863672.99241322
2025-02-13 12:29:00+09:00,39863672.99241322
2025-02-13 12:30:00+09:00,39863672.99241322
2025-02-13 12:31:00+09:00,39863672.99241322
2025-02-13 12:32:00+09:00,39863672.99241322
2025-02-13 12:33:00+09:00,39863672.99241322
2025-02-13 12:34:00+09:00,39863672.99241322
2025-02-13 12:35:00+09:00,39863672.99241322
2025-02-13 12:36:00+09:00,39863672.99241322
2025-02-13 12:37:00+09:00,39863672.99241322
2025-02-13 12:38:00+09:00,39863672.99241322
2025-02-13 12:39:00+09:00,39863672.99241322
2025-02-13 12:40:00+09:00,39863672.99241322
2025-02-13 12:41:00+09:00,39863672.99241322
2025-02-13 12:42:00+09:00,39863672.99241322
2025-02-13 12:43:00+09:00,39863672.99241322
2025-02-13 12:44:00+09:00,39863672.99241322
2025-02-13 12:45:00+09:00,39863672.99241322
2025-02-13 12:46:00+09:00,39863672.99241322
2025-02-13 12:47:00+09:00,39863672.99241322
2025-02-13 12:48:00+09:00,39863672.99241322
2025-02-13 12:49:00+09:00,39863672.99241322
2025-02-13 12:50:00+09:00,39863672.99241322
2025-02-13 12:51:00+09:00,39863672.99241322
2025-02-13 12:52:00+09:00,39863672.99241322
2025-02-13 12:53:00+09:00,39863672.99241322
2025-02-13 12:54:00+09:00,39847727.52321626
2025-02-13 12:55:00+09:00,39776570.86692481
2025-02-13 12:56:00+09:00,39847727.52321626
2025-02-13 12:57:00+09:00,39847727.52321626
2025-02-13 12:58:00+09:00,39847727.52321626
2025-02-13 12:59:00+09:00,39776570.86692481
2025-02-13 13:00:00+09:00,39776570.86692481
2025-02-13 13:01:00+09:00,39776570.86692481
2025-02-13 13:02:00+09:00,39705414.21063335
2025-02-13 13:03:00+09:00,39776570.866924815
2025-02-13 13:04:00+09:00,39598209.592264645
2025-02-13 13:05:00+09:00,39598209.592264645
2025-02-13 13:06:00+09:00,39598209.592264645
2025-02-13 13:07:00+09:00,39598209.592264645
2025-02-13 13:08:00+09:00,39598209.592264645
2025-02-13 13:09:00+09:00,39598209.592264645
2025-02-13 13:10:00+09:00,39598209.592264645
2025-02-13 13:11:00+09:00,39598209.592264645
2025-02-13 13:12:00+09:00,39598209.592264645
2025-02-13 13:13:00+09:00,39598209.592264645
2025-02-13 13:14:00+09:00,39598209.592264645
2025-02-13 13:15:00+09:00,39582370.30842774
2025-02-13 13:16:00+09:00,39582370.30842774
2025-02-13 13:17:00+09:00,39582370.30842774
2025-02-13 13:18:00+09:00,39653053.11254994
2025-02-13 13:19:00+09:00,39653053.11254994
2025-02-13 13:20:00+09:00,39653053.11254994
2025-02-13 13:21:00+09:00,39653053.11254994
2025-02-13 13:22:00+09:00,39653053.11254994
2025-02-13 13:23:00+09:00,39582370.30842774
2025-02-13 13:24:00+09:00,39653053.11254994
2025-02-13 13:25:00+09:00,39653053.11254994
2025-02-13 13:26:00+09:00,39653053.11254994
2025-02-13 13:27:00+09:00,39582370.30842774
2025-02-13 13:28:00+09:00,39582370.30842774
2025-02-13 13:29:00+09:00,39653053.11254994
2025-02-13 13:30:00+09:00,39653053.11254994
2025-02-13 13:31:00+09:00,39582370.30842774
2025-02-13 13:32:00+09:00,39582370.30842774
2025-02-13 13:33:00+09:00,39653053.11254994
2025-02-13 13:34:00+09:00,39582370.30842774
2025-02-13 13:35:00+09:00,39582370.30842774
2025-02-13 13:36:00+09:00,39582370.30842774
2025-02-13 13:37:00+09:00,39582370.30842774
2025-02-13 13:38:00+09:00,39653053.11254994
2025-02-13 13:39:00+09:00,39653053.11254994
2025-02-13 13:40:00+09:00,39582370.30842774
2025-02-13 13:41:00+09:00,39653053.11254994
2025-02-13 13:42:00+09:00,39582370.30842774
2025-02-13 13:43:00+09:00,39582370.30842774
2025-02-13 13:44:00+09:00,39582370.30842774
2025-02-13 13:45:00+09:00,39582370.30842774
2025-02-13 13:46:00+09:00,39582370.30842774
2025-02-13 13:47:00+09:00,39511687.50430555
2025-02-13 13:48:00+09:00,39511687.50430555
2025-02-13 13:49:00+09:00,39405005.94804392
2025-02-13 13:50:00+09:00,39405005.94804392
2025-02-13 13:51:00+09:00,39405005.94804392
2025-02-13 13:52:00+09:00,39405005.94804392
2025-02-13 13:53:00+09:00,39405005.94804392
2025-02-13 13:54:00+09:00,39405005.94804392
2025-02-13 13:55:00+09:00,39405005.94804392
2025-02-13 13:56:00+09:00,39405005.94804392
2025-02-13 13:57:00+09:00,39405005.94804392
2025-02-13 13:58:00+09:00,39405005.94804392
2025-02-13 13:59:00+09:00,39405005.94804392
2025-02-13 14:00:00+09:00,39405005.94804392
2025-02-13 14:01:00+09:00,39405005.94804392
2025-02-13 14:02:00+09:00,39405005.94804392
2025-02-13 14:03:00+09:00,39405005.94804392
2025-02-13 14:04:00+09:00,39405005.94804392
2025-02-13 14:05:00+09:00,39405005.94804392
2025-02-13 14:06:00+09:00,39405005.94804392
2025-02-13 14:07:00+09:00,39405005.94804392
2025-02-13 14:08:00+09:00,39405005.94804392
2025-02-13 14:09:00+09:00,39405005.94804392
2025-02-13 14:10:00+09:00,39405005.94804392
2025-02-13 14:11:00+09:00,39405005.94804392
2025-02-13 14:12:00+09:00,39405005.94804392
2025-02-13 14:13:00+09:00,39405005.94804392
2025-02-13 14:14:00+09:00,39389243.945664704
2025-02-13 14:15:00+09:00,39282892.98701141
2025-02-13 14:16:00+09:00,39282892.98701141
2025-02-13 14:17:00+09:00,39282892.98701141
2025-02-13 14:18:00+09:00,39282892.98701141
2025-02-13 14:19:00+09:00,39282892.98701141
2025-02-13 14:20:00+09:00,39282892.98701141
2025-02-13 14:21:00+09:00,39282892.98701141
2025-02-13 14:22:00+09:00,39282892.98701141
2025-02-13 14:23:00+09:00,39282892.98701141
2025-02-13 14:24:00+09:00,39282892.98701141
2025-02-13 14:25:00+09:00,39282892.98701141
2025-02-13 14:26:00+09:00,39282892.98701141
2025-02-13 14:27:00+09:00,39267179.82981661
2025-02-13 14:28:00+09:00,39161158.4442761
2025-02-13 14:29:00+09:00,39161158.4442761
2025-02-13 14:30:00+09:00,39161158.4442761
2025-02-13 14:31:00+09:00,39161158.4442761
2025-02-13 14:32:00+09:00,39161158.4442761
2025-02-13 14:33:00+09:00,39161158.4442761
2025-02-13 14:34:00+09:00,39161158.4442761
2025-02-13 14:35:00+09:00,39161158.4442761
2025-02-13 14:36:00+09:00,39161158.4442761
2025-02-13 14:37:00+09:00,39161158.4442761
2025-02-13 14:38:00+09:00,39161158.4442761
2025-02-13 14:39:00+09:00,39161158.4442761
2025-02-13 14:40:00+09:00,39161158.4442761
2025-02-13 14:41:00+09:00,39161158.4442761
2025-02-13 14:42:00+09:00,39161158.4442761
2025-02-13 14:43:00+09:00,39161158.4442761
2025-02-13 14:44:00+09:00,39145493.980898395
2025-02-13 14:45:00+09:00,39039801.147149965
2025-02-13 14:46:00+09:00,39039801.147149965
2025-02-13 14:47:00+09:00,39039801.147149965
2025-02-13 14:48:00+09:00,39039801.147149965
2025-02-13 14:49:00+09:00,39039801.147149965
2025-02-13 14:50:00+09:00,39039801.147149965
2025-02-13 14:51:00+09:00,39039801.147149965
2025-02-13 14:52:00+09:00,39039801.147149965
2025-02-13 14:53:00+09:00,39039801.147149965
2025-02-13 14:54:00+09:00,39039801.147149965
2025-02-13 14:55:00+09:00,39039801.147149965
2025-02-13 14:56:00+09:00,39024185.226691104
2025-02-13 14:57:00+09:00,38954747.17468631
2025-02-13 14:58:00+09:00,39024185.2266911
2025-02-13 14:59:00+09:00,38954747.174686305
2025-02-13 15:00:00+09:00,38885309.12268151
2025-02-13 15:01:00+09:00,38954747.174686305
2025-02-13 15:02:00+09:00,38780318.78805027
2025-02-13 15:03:00+09:00,38780318.78805027
2025-02-13 15:04:00+09:00,38780318.78805027
2025-02-13 15:05:00+09:00,38780318.78805027
2025-02-13 15:06:00+09:00,38780318.78805027
2025-02-13 15:07:00+09:00,38780318.78805027
2025-02-13 15:08:00+09:00,38780318.78805027
2025-02-13 15:09:00+09:00,38780318.78805027
2025-02-13 15:10:00+09:00,38780318.78805027
2025-02-13 15:11:00+09:00,38780318.78805027
2025-02-13 15:12:00+09:00,38780318.78805027
2025-02-13 15:13:00+09:00,38780318.78805027
2025-02-13 15:14:00+09:00,38780318.78805027
2025-02-13 15:15:00+09:00,38780318.78805027
2025-02-13 15:16:00+09:00,38780318.78805027
2025-02-13 15:17:00+09:00,38780318.78805027
2025-02-13 15:18:00+09:00,38780318.78805027
2025-02-13 15:19:00+09:00,38780318.78805027
2025-02-13 15:30:00+09:00,38780318.78805027
2025-02-13 15:35:00+09:00,38780318.78805027
2025-02-14 09:00:00+09:00,38780318.78805027
2025-02-14 09:01:00+09:00,38780318.78805027
2025-02-14 09:02:00+09:00,38780318.78805027
2025-02-14 09:03:00+09:00,38780318.78805027
2025-02-14 09:04:00+09:00,38780318.78805027
2025-02-14 09:05:00+09:00,38780318.78805027
2025-02-14 09:06:00+09:00,38780318.78805027
2025-02-14 09:07:00+09:00,38764806.66053505
2025-02-14 09:08:00+09:00,38764806.66053505
2025-02-14 09:09:00+09:00,38764806.66053505
2025-02-14 09:10:00+09:00,38833660.66881309
2025-02-14 09:11:00+09:00,38902514.67709112
2025-02-14 09:12:00+09:00,38833660.66881309
2025-02-14 09:13:00+09:00,38833660.66881309
2025-02-14 09:14:00+09:00,38764806.66053505
2025-02-14 09:15:00+09:00,38764806.66053505
2025-02-14 09:16:00+09:00,38833660.66881309
2025-02-14 09:17:00+09:00,38833660.66881309
2025-02-14 09:18:00+09:00,38764806.66053505
2025-02-14 09:19:00+09:00,38764806.66053505
2025-02-14 09:20:00+09:00,38695952.65225702
2025-02-14 09:21:00+09:00,38764806.66053506
2025-02-14 09:22:00+09:00,38764806.66053506
2025-02-14 09:23:00+09:00,38695952.652257025
2025-02-14 09:24:00+09:00,38695952.652257025
2025-02-14 09:25:00+09:00,38695952.652257025
2025-02-14 09:26:00+09:00,38627098.64397898
2025-02-14 09:27:00+09:00,38695952.65225702
2025-02-14 09:28:00+09:00,38522805.477640234
2025-02-14 09:29:00+09:00,38522805.477640234
2025-02-14 09:30:00+09:00,38522805.477640234
2025-02-14 09:31:00+09:00,38522805.477640234
2025-02-14 09:32:00+09:00,38522805.477640234
2025-02-14 09:33:00+09:00,38522805.477640234
2025-02-14 09:34:00+09:00,38522805.477640234
2025-02-14 09:35:00+09:00,38522805.477640234
2025-02-14 09:36:00+09:00,38522805.477640234
2025-02-14 09:37:00+09:00,38522805.477640234
2025-02-14 09:38:00+09:00,38522805.477640234
2025-02-14 09:39:00+09:00,38522805.477640234
2025-02-14 09:40:00+09:00,38507396.35544918
2025-02-14 09:41:00+09:00,38507396.35544918
2025-02-14 09:42:00+09:00,38575793.15181765
2025-02-14 09:43:00+09:00,38575793.15181765
2025-02-14 09:44:00+09:00,38575793.15181765
2025-02-14 09:45:00+09:00,38575793.15181765
2025-02-14 09:46:00+09:00,38575793.15181765
2025-02-14 09:47:00+09:00,38575793.15181765
2025-02-14 09:48:00+09:00,38575793.15181765
2025-02-14 09:49:00+09:00,38575793.15181765
2025-02-14 09:50:00+09:00,38644189.94818612
2025-02-14 09:51:00+09:00,38712586.744554594
2025-02-14 09:52:00+09:00,38780983.54092307
2025-02-14 09:53:00+09:00,38780983.54092307
2025-02-14 09:54:00+09:00,38917777.13366001
2025-02-14 09:55:00+09:00,38986173.93002848
2025-02-14 09:56:00+09:00,38917777.13366001
2025-02-14 09:57:00+09:00,38986173.93002848
2025-02-14 09:58:00+09:00,38917777.13366001
2025-02-14 09:59:00+09:00,39054570.726396956
2025-02-14 10:00:00+09:00,39122967.52276543
2025-02-14 10:01:00+09:00,39122967.52276543
2025-02-14 10:02:00+09:00,38986173.93002848
2025-02-14 10:03:00+09:00,39054570.726396956
2025-02-14 10:04:00+09:00,38986173.93002848
2025-02-14 10:05:00+09:00,38986173.93002848
2025-02-14 10:06:00+09:00,38986173.93002848
2025-02-14 10:07:00+09:00,38986173.93002848
2025-02-14 10:08:00+09:00,38917777.13366001
2025-02-14 10:09:00+09:00,38917777.13366001
2025-02-14 10:10:00+09:00,38986173.93002848
2025-02-14 10:11:00+09:00,38986173.93002848
2025-02-14 10:12:00+09:00,38986173.93002848
2025-02-14 10:13:00+09:00,38986173.93002848
2025-02-14 10:14:00+09:00,38986173.93002848
2025-02-14 10:15:00+09:00,38849380.33729154
2025-02-14 10:16:00+09:00,38917777.13366001
2025-02-14 10:17:00+09:00,38986173.93002848
2025-02-14 10:18:00+09:00,38917777.13366001
2025-02-14 10:19:00+09:00,38986173.93002848
2025-02-14 10:20:00+09:00,39054570.726396956
2025-02-14 10:21:00+09:00,38986173.93002848
2025-02-14 10:22:00+09:00,39054570.726396956
2025-02-14 10:23:00+09:00,39054570.726396956
2025-02-14 10:24:00+09:00,38917777.13366002
2025-02-14 10:25:00+09:00,38986173.93002849
2025-02-14 10:26:00+09:00,38986173.93002849
2025-02-14 10:27:00+09:00,38986173.93002849
2025-02-14 10:28:00+09:00,38917777.13366002
2025-02-14 10:29:00+09:00,38917777.13366002
2025-02-14 10:30:00+09:00,38849380.337291546
2025-02-14 10:31:00+09:00,38780983.540923074
2025-02-14 10:32:00+09:00,38849380.337291546
2025-02-14 10:33:00+09:00,38744487.01038086
2025-02-14 10:34:00+09:00,38744487.01038086
2025-02-14 10:35:00+09:00,38744487.01038086
2025-02-14 10:36:00+09:00,38744487.01038086
2025-02-14 10:37:00+09:00,38744487.01038086
2025-02-14 10:38:00+09:00,38744487.01038086
2025-02-14 10:39:00+09:00,38744487.01038086
2025-02-14 10:40:00+09:00,38744487.01038086
2025-02-14 10:41:00+09:00,38744487.01038086
2025-02-14 10:42:00+09:00,38744487.01038086
2025-02-14 10:43:00+09:00,38744487.01038086
2025-02-14 10:44:00+09:00,38744487.01038086
2025-02-14 10:45:00+09:00,38744487.01038086
2025-02-14 10:46:00+09:00,38744487.01038086
2025-02-14 10:47:00+09:00,38744487.01038086
2025-02-14 10:48:00+09:00,38744487.01038086
2025-02-14 10:49:00+09:00,38744487.01038086
2025-02-14 10:50:00+09:00,38744487.01038086
2025-02-14 10:51:00+09:00,38744487.01038086
2025-02-14 10:52:00+09:00,38744487.01038086
2025-02-14 10:53:00+09:00,38744487.01038086
2025-02-14 10:54:00+09:00,38744487.01038086
2025-02-14 10:55:00+09:00,38744487.01038086
2025-02-14 10:56:00+09:00,38744487.01038086
2025-02-14 10:57:00+09:00,38744487.01038086
2025-02-14 10:58:00+09:00,38744487.01038086
2025-02-14 10:59:00+09:00,38744487.01038086
2025-02-14 11:00:00+09:00,38744487.01038086
2025-02-14 11:01:00+09:00,38744487.01038086
2025-02-14 11:02:00+09:00,38744487.01038086
2025-02-14 11:03:00+09:00,38744487.01038086
2025-02-14 11:04:00+09:00,38744487.01038086
2025-02-14 11:05:00+09:00,38744487.01038086
2025-02-14 11:06:00+09:00,38744487.01038086
2025-02-14 11:07:00+09:00,38744487.01038086
2025-02-14 11:08:00+09:00,38744487.01038086
2025-02-14 11:09:00+09:00,38744487.01038086
2025-02-14 11:10:00+09:00,38744487.01038086
2025-02-14 11:11:00+09:00,38744487.01038086
2025-02-14 11:12:00+09:00,38744487.01038086
2025-02-14 11:13:00+09:00,38744487.01038086
2025-02-14 11:14:00+09:00,38744487.01038086
2025-02-14 11:15:00+09:00,38744487.01038086
2025-02-14 11:16:00+09:00,38744487.01038086
2025-02-14 11:17:00+09:00,38744487.01038086
2025-02-14 11:18:00+09:00,38744487.01038086
2025-02-14 11:19:00+09:00,38744487.01038086
2025-02-14 11:20:00+09:00,38744487.01038086
2025-02-14 11:21:00+09:00,38744487.01038086
2025-02-14 11:22:00+09:00,38744487.01038086
2025-02-14 11:23:00+09:00,38744487.01038086
2025-02-14 11:24:00+09:00,38744487.01038086
2025-02-14 11:25:00+09:00,38744487.01038086
2025-02-14 11:26:00+09:00,38744487.01038086
2025-02-14 11:27:00+09:00,38744487.01038086
2025-02-14 11:28:00+09:00,38744487.01038086
2025-02-14 11:29:00+09:00,38744487.01038086
2025-02-14 11:30:00+09:00,38744487.01038086
2025-02-14 11:31:00+09:00,38744487.01038086
2025-02-14 11:32:00+09:00,38744487.01038086
2025-02-14 11:33:00+09:00,38744487.01038086
2025-02-14 11:34:00+09:00,38744487.01038086
2025-02-14 11:35:00+09:00,38744487.01038086
2025-02-14 11:36:00+09:00,38744487.01038086
2025-02-14 11:37:00+09:00,38744487.01038086
2025-02-14 11:38:00+09:00,38744487.01038086
2025-02-14 11:39:00+09:00,38744487.01038086
2025-02-14 11:40:00+09:00,38744487.01038086
2025-02-14 11:41:00+09:00,38744487.01038086
2025-02-14 11:42:00+09:00,38744487.01038086
2025-02-14 11:43:00+09:00,38744487.01038086
2025-02-14 11:44:00+09:00,38744487.01038086
2025-02-14 11:45:00+09:00,38744487.01038086
2025-02-14 11:46:00+09:00,38744487.01038086
2025-02-14 11:47:00+09:00,38744487.01038086
2025-02-14 11:48:00+09:00,38744487.01038086
2025-02-14 11:49:00+09:00,38744487.01038086
2025-02-14 11:50:00+09:00,38744487.01038086
2025-02-14 11:51:00+09:00,38744487.01038086
2025-02-14 11:52:00+09:00,38728989.21557671
2025-02-14 11:53:00+09:00,38660442.332009315
2025-02-14 11:54:00+09:00,38660442.332009315
2025-02-14 11:55:00+09:00,38692782.75167641
2025-02-14 11:56:00+09:00,38692782.75167641
2025-02-14 11:57:00+09:00,38692782.75167641
2025-02-14 11:58:00+09:00,38692782.75167641
2025-02-14 11:59:00+09:00,38692782.75167641
2025-02-14 12:00:00+09:00,38692782.75167641
2025-02-14 12:01:00+09:00,38692782.75167641
2025-02-14 12:02:00+09:00,38692782.75167641
2025-02-14 12:03:00+09:00,38692782.75167641
2025-02-14 12:04:00+09:00,38692782.75167641
2025-02-14 12:05:00+09:00,38692782.75167641
2025-02-14 12:06:00+09:00,38677305.63857574
2025-02-14 12:07:00+09:00,38677305.63857574
2025-02-14 12:08:00+09:00,38677305.63857574
2025-02-14 12:09:00+09:00,38677305.63857574
2025-02-14 12:10:00+09:00,38540636.7140578
2025-02-14 12:11:00+09:00,38472302.25179884
2025-02-14 12:12:00+09:00,38368427.03571898
2025-02-14 12:13:00+09:00,38368427.03571898
2025-02-14 12:14:00+09:00,38368427.03571898
2025-02-14 12:15:00+09:00,38368427.03571898
2025-02-14 12:16:00+09:00,38368427.03571898
2025-02-14 12:17:00+09:00,38368427.03571898
2025-02-14 12:18:00+09:00,38368427.03571898
2025-02-14 12:19:00+09:00,38368427.03571898
2025-02-14 12:20:00+09:00,38368427.03571898
2025-02-14 12:21:00+09:00,38368427.03571898
2025-02-14 12:22:00+09:00,38368427.03571898
2025-02-14 12:23:00+09:00,38368427.03571898
2025-02-14 12:24:00+09:00,38368427.03571898
2025-02-14 12:25:00+09:00,38368427.03571898
2025-02-14 12:26:00+09:00,38368427.03571898
2025-02-14 12:27:00+09:00,38368427.03571898
2025-02-14 12:28:00+09:00,38368427.03571898
2025-02-14 12:29:00+09:00,38368427.03571898
2025-02-14 12:30:00+09:00,38368427.03571898
2025-02-14 12:31:00+09:00,38368427.03571898
2025-02-14 12:32:00+09:00,38368427.03571898
2025-02-14 12:33:00+09:00,38368427.03571898
2025-02-14 12:34:00+09:00,38368427.03571898
2025-02-14 12:35:00+09:00,38368427.03571898
2025-02-14 12:36:00+09:00,38368427.03571898
2025-02-14 12:37:00+09:00,38368427.03571898
2025-02-14 12:38:00+09:00,38368427.03571898
2025-02-14 12:39:00+09:00,38368427.03571898
2025-02-14 12:40:00+09:00,38368427.03571898
2025-02-14 12:41:00+09:00,38368427.03571898
2025-02-14 12:42:00+09:00,38368427.03571898
2025-02-14 12:43:00+09:00,38368427.03571898
2025-02-14 12:44:00+09:00,38368427.03571898
2025-02-14 12:45:00+09:00,38368427.03571898
2025-02-14 12:46:00+09:00,38368427.03571898
2025-02-14 12:47:00+09:00,38368427.03571898
2025-02-14 12:48:00+09:00,38368427.03571898
2025-02-14 12:49:00+09:00,38368427.03571898
2025-02-14 12:50:00+09:00,38368427.03571898
2025-02-14 12:51:00+09:00,38368427.03571898
2025-02-14 12:52:00+09:00,38368427.03571898
2025-02-14 12:53:00+09:00,38368427.03571898
2025-02-14 12:54:00+09:00,38368427.03571898
2025-02-14 12:55:00+09:00,38368427.03571898
2025-02-14 12:56:00+09:00,38368427.03571898
2025-02-14 12:57:00+09:00,38368427.03571898
2025-02-14 12:58:00+09:00,38368427.03571898
2025-02-14 12:59:00+09:00,38368427.03571898
2025-02-14 13:00:00+09:00,38368427.03571898
2025-02-14 13:01:00+09:00,38368427.03571898
2025-02-14 13:02:00+09:00,38368427.03571898
2025-02-14 13:03:00+09:00,38368427.03571898
2025-02-14 13:04:00+09:00,38368427.03571898
2025-02-14 13:05:00+09:00,38368427.03571898
2025-02-14 13:06:00+09:00,38368427.03571898
2025-02-14 13:07:00+09:00,38368427.03571898
2025-02-14 13:08:00+09:00,38368427.03571898
2025-02-14 13:09:00+09:00,38368427.03571898
2025-02-14 13:10:00+09:00,38353079.66490469
2025-02-14 13:11:00+09:00,38249526.349809445
2025-02-14 13:12:00+09:00,38249526.349809445
2025-02-14 13:13:00+09:00,38249526.349809445
2025-02-14 13:14:00+09:00,38249526.349809445
2025-02-14 13:15:00+09:00,38249526.349809445
2025-02-14 13:16:00+09:00,38249526.349809445
2025-02-14 13:17:00+09:00,38249526.349809445
2025-02-14 13:18:00+09:00,38249526.349809445
2025-02-14 13:19:00+09:00,38249526.349809445
2025-02-14 13:20:00+09:00,38249526.349809445
2025-02-14 13:21:00+09:00,38249526.349809445
2025-02-14 13:22:00+09:00,38234226.53926952
2025-02-14 13:23:00+09:00,38234226.53926952
2025-02-14 13:24:00+09:00,38166435.35746231
2025-02-14 13:25:00+09:00,38098644.1756551
2025-02-14 13:26:00+09:00,37928169.69076449
2025-02-14 13:27:00+09:00,37928169.69076449
2025-02-14 13:28:00+09:00,37928169.69076449
2025-02-14 13:29:00+09:00,37928169.69076449
2025-02-14 13:30:00+09:00,37928169.69076449
2025-02-14 13:31:00+09:00,37928169.69076449
2025-02-14 13:32:00+09:00,37928169.69076449
2025-02-14 13:33:00+09:00,37928169.69076449
2025-02-14 13:34:00+09:00,37928169.69076449
2025-02-14 13:35:00+09:00,37928169.69076449
2025-02-14 13:36:00+09:00,37928169.69076449
2025-02-14 13:37:00+09:00,37928169.69076449
2025-02-14 13:38:00+09:00,37928169.69076449
2025-02-14 13:39:00+09:00,37928169.69076449
2025-02-14 13:40:00+09:00,37928169.69076449
2025-02-14 13:41:00+09:00,37928169.69076449
2025-02-14 13:42:00+09:00,37928169.69076449
2025-02-14 13:43:00+09:00,37928169.69076449
2025-02-14 13:44:00+09:00,37928169.69076449
2025-02-14 13:45:00+09:00,37928169.69076449
2025-02-14 13:46:00+09:00,37928169.69076449
2025-02-14 13:47:00+09:00,37928169.69076449
2025-02-14 13:48:00+09:00,37928169.69076449
2025-02-14 13:49:00+09:00,37928169.69076449
2025-02-14 13:50:00+09:00,37928169.69076449
2025-02-14 13:51:00+09:00,37928169.69076449
2025-02-14 13:52:00+09:00,37928169.69076449
2025-02-14 13:53:00+09:00,37928169.69076449
2025-02-14 13:54:00+09:00,37928169.69076449
2025-02-14 13:55:00+09:00,37928169.69076449
2025-02-14 13:56:00+09:00,37928169.69076449
2025-02-14 13:57:00+09:00,37928169.69076449
2025-02-14 13:58:00+09:00,37928169.69076449
2025-02-14 13:59:00+09:00,37928169.69076449
2025-02-14 14:00:00+09:00,37928169.69076449
2025-02-14 14:01:00+09:00,37928169.69076449
2025-02-14 14:02:00+09:00,37928169.69076449
2025-02-14 14:03:00+09:00,37928169.69076449
2025-02-14 14:04:00+09:00,37928169.69076449
2025-02-14 14:05:00+09:00,37928169.69076449
2025-02-14 14:06:00+09:00,37928169.69076449
2025-02-14 14:07:00+09:00,37928169.69076449
2025-02-14 14:08:00+09:00,37928169.69076449
2025-02-14 14:09:00+09:00,37928169.69076449
2025-02-14 14:10:00+09:00,37928169.69076449
2025-02-14 14:11:00+09:00,37928169.69076449
2025-02-14 14:12:00+09:00,37928169.69076449
2025-02-14 14:13:00+09:00,37928169.69076449
2025-02-14 14:14:00+09:00,37912998.42288818
2025-02-14 14:15:00+09:00,37912998.42288818
2025-02-14 14:16:00+09:00,37845776.794478804
2025-02-14 14:17:00+09:00,37845776.794478804
2025-02-14 14:18:00+09:00,37845776.794478804
2025-02-14 14:19:00+09:00,37778555.166069426
2025-02-14 14:20:00+09:00,37778555.166069426
2025-02-14 14:21:00+09:00,37676553.06712104
2025-02-14 14:22:00+09:00,37676553.06712104
2025-02-14 14:23:00+09:00,37676553.06712104
2025-02-14 14:24:00+09:00,37676553.06712104
2025-02-14 14:25:00+09:00,37676553.06712104
2025-02-14 14:26:00+09:00,37676553.06712104
2025-02-14 14:27:00+09:00,37676553.06712104
2025-02-14 14:28:00+09:00,37676553.06712104
2025-02-14 14:29:00+09:00,37676553.06712104
2025-02-14 14:30:00+09:00,37676553.06712104
2025-02-14 14:31:00+09:00,37676553.06712104
2025-02-14 14:32:00+09:00,37676553.06712104
2025-02-14 14:33:00+09:00,37676553.06712104
2025-02-14 14:34:00+09:00,37676553.06712104
2025-02-14 14:35:00+09:00,37676553.06712104
2025-02-14 14:36:00+09:00,37676553.06712104
2025-02-14 14:37:00+09:00,37676553.06712104
2025-02-14 14:38:00+09:00,37676553.06712104
2025-02-14 14:39:00+09:00,37676553.06712104
2025-02-14 14:40:00+09:00,37676553.06712104
2025-02-14 14:41:00+09:00,37676553.06712104
2025-02-14 14:42:00+09:00,37676553.06712104
2025-02-14 14:43:00+09:00,37676553.06712104
2025-02-14 14:44:00+09:00,37676553.06712104
2025-02-14 14:45:00+09:00,37676553.06712104
2025-02-14 14:46:00+09:00,37676553.06712104
2025-02-14 14:47:00+09:00,37676553.06712104
2025-02-14 14:48:00+09:00,37676553.06712104
2025-02-14 14:49:00+09:00,37676553.06712104
2025-02-14 14:50:00+09:00,37676553.06712104
2025-02-14 14:51:00+09:00,37676553.06712104
2025-02-14 14:52:00+09:00,37676553.06712104
2025-02-14 14:53:00+09:00,37676553.06712104
2025-02-14 14:54:00+09:00,37676553.06712104
2025-02-14 14:55:00+09:00,37676553.06712104
2025-02-14 14:56:00+09:00,37676553.06712104
2025-02-14 14:57:00+09:00,37676553.06712104
2025-02-14 14:58:00+09:00,37676553.06712104
2025-02-14 14:59:00+09:00,37676553.06712104
2025-02-14 15:00:00+09:00,37676553.06712104
2025-02-14 15:01:00+09:00,37676553.06712104
2025-02-14 15:02:00+09:00,37676553.06712104
2025-02-14 15:03:00+09:00,37676553.06712104
2025-02-14 15:04:00+09:00,37676553.06712104
2025-02-14 15:05:00+09:00,37676553.06712104
2025-02-14 15:06:00+09:00,37676553.06712104
2025-02-14 15:07:00+09:00,37676553.06712104
2025-02-14 15:08:00+09:00,37676553.06712104
2025-02-14 15:09:00+09:00,37676553.06712104
2025-02-14 15:10:00+09:00,37676553.06712104
2025-02-14 15:11:00+09:00,37676553.06712104
2025-02-14 15:12:00+09:00,37676553.06712104
2025-02-14 15:13:00+09:00,37676553.06712104
2025-02-14 15:14:00+09:00,37676553.06712104
2025-02-14 15:15:00+09:00,37676553.06712104
2025-02-14 15:16:00+09:00,37676553.06712104
2025-02-14 15:17:00+09:00,37676553.06712104
2025-02-14 15:18:00+09:00,37676553.06712104
2025-02-14 15:19:00+09:00,37676553.06712104
2025-02-14 15:30:00+09:00,37676553.06712104
2025-02-14 15:35:00+09:00,37676553.06712104
2025-02-17 09:00:00+09:00,37676553.06712104
2025-02-17 09:01:00+09:00,37676553.06712104
2025-02-17 09:02:00+09:00,37676553.06712104
2025-02-17 09:03:00+09:00,37676553.06712104
2025-02-17 09:04:00+09:00,37676553.06712104
2025-02-17 09:05:00+09:00,37676553.06712104
2025-02-17 09:06:00+09:00,37676553.06712104
2025-02-17 09:07:00+09:00,37676553.06712104
2025-02-17 09:08:00+09:00,37661482.44589419
2025-02-17 09:09:00+09:00,37661482.44589419
2025-02-17 09:10:00+09:00,37527693.87592653
2025-02-17 09:11:00+09:00,37527693.87592653
2025-02-17 09:12:00+09:00,37359655.43204716
2025-02-17 09:13:00+09:00,37359655.43204716
2025-02-17 09:14:00+09:00,37359655.43204716
2025-02-17 09:15:00+09:00,37359655.43204716
2025-02-17 09:16:00+09:00,37359655.43204716
2025-02-17 09:17:00+09:00,37359655.43204716
2025-02-17 09:18:00+09:00,37359655.43204716
2025-02-17 09:19:00+09:00,37359655.43204716
2025-02-17 09:20:00+09:00,37359655.43204716
2025-02-17 09:21:00+09:00,37359655.43204716
2025-02-17 09:22:00+09:00,37359655.43204716
2025-02-17 09:23:00+09:00,37359655.43204716
2025-02-17 09:24:00+09:00,37359655.43204716
2025-02-17 09:25:00+09:00,37359655.43204716
2025-02-17 09:26:00+09:00,37359655.43204716
2025-02-17 09:27:00+09:00,37359655.43204716
2025-02-17 09:28:00+09:00,37359655.43204716
2025-02-17 09:29:00+09:00,37359655.43204716
2025-02-17 09:30:00+09:00,37359655.43204716
2025-02-17 09:31:00+09:00,37359655.43204716
2025-02-17 09:32:00+09:00,37359655.43204716
2025-02-17 09:33:00+09:00,37359655.43204716
2025-02-17 09:34:00+09:00,37359655.43204716
2025-02-17 09:35:00+09:00,37359655.43204716
2025-02-17 09:36:00+09:00,37359655.43204716
2025-02-17 09:37:00+09:00,37359655.43204716
2025-02-17 09:38:00+09:00,37359655.43204716
2025-02-17 09:39:00+09:00,37359655.43204716
2025-02-17 09:40:00+09:00,37359655.43204716
2025-02-17 09:41:00+09:00,37359655.43204716
2025-02-17 09:42:00+09:00,37359655.43204716
2025-02-17 09:43:00+09:00,37359655.43204716
2025-02-17 09:44:00+09:00,37359655.43204716
2025-02-17 09:45:00+09:00,37359655.43204716
2025-02-17 09:46:00+09:00,37359655.43204716
2025-02-17 09:47:00+09:00,37359655.43204716
2025-02-17 09:48:00+09:00,37359655.43204716
2025-02-17 09:49:00+09:00,37359655.43204716
2025-02-17 09:50:00+09:00,37359655.43204716
2025-02-17 09:51:00+09:00,37359655.43204716
2025-02-17 09:52:00+09:00,37359655.43204716
2025-02-17 09:53:00+09:00,37359655.43204716
2025-02-17 09:54:00+09:00,37359655.43204716
2025-02-17 09:55:00+09:00,37359655.43204716
2025-02-17 09:56:00+09:00,37359655.43204716
2025-02-17 09:57:00+09:00,37359655.43204716
2025-02-17 09:58:00+09:00,37359655.43204716
2025-02-17 09:59:00+09:00,37359655.43204716
2025-02-17 10:00:00+09:00,37359655.43204716
2025-02-17 10:01:00+09:00,37359655.43204716
2025-02-17 10:02:00+09:00,37359655.43204716
2025-02-17 10:03:00+09:00,37359655.43204716
2025-02-17 10:04:00+09:00,37359655.43204716
2025-02-17 10:05:00+09:00,37359655.43204716
2025-02-17 10:06:00+09:00,37359655.43204716
2025-02-17 10:07:00+09:00,37359655.43204716
2025-02-17 10:08:00+09:00,37359655.43204716
2025-02-17 10:09:00+09:00,37359655.43204716
2025-02-17 10:10:00+09:00,37359655.43204716
2025-02-17 10:11:00+09:00,37359655.43204716
2025-02-17 10:12:00+09:00,37359655.43204716
2025-02-17 10:13:00+09:00,37359655.43204716
2025-02-17 10:14:00+09:00,37359655.43204716
2025-02-17 10:15:00+09:00,37359655.43204716
2025-02-17 10:16:00+09:00,37359655.43204716
2025-02-17 10:17:00+09:00,37359655.43204716
2025-02-17 10:18:00+09:00,37344711.56987434
2025-02-17 10:19:00+09:00,37344711.56987434
2025-02-17 10:20:00+09:00,37211337.599981934
2025-02-17 10:21:00+09:00,37211337.599981934
2025-02-17 10:22:00+09:00,37110866.98846198
2025-02-17 10:23:00+09:00,37110866.98846198
2025-02-17 10:24:00+09:00,37110866.98846198
2025-02-17 10:25:00+09:00,37110866.98846198
2025-02-17 10:26:00+09:00,37110866.98846198
2025-02-17 10:27:00+09:00,37110866.98846198
2025-02-17 10:28:00+09:00,37110866.98846198
2025-02-17 10:29:00+09:00,37110866.98846198
2025-02-17 10:30:00+09:00,37110866.98846198
2025-02-17 10:31:00+09:00,37110866.98846198
2025-02-17 10:32:00+09:00,37110866.98846198
2025-02-17 10:33:00+09:00,37110866.98846198
2025-02-17 10:34:00+09:00,37110866.98846198
2025-02-17 10:35:00+09:00,37110866.98846198
2025-02-17 10:36:00+09:00,37110866.98846198
2025-02-17 10:37:00+09:00,37110866.98846198
2025-02-17 10:38:00+09:00,37110866.98846198
2025-02-17 10:39:00+09:00,37110866.98846198
2025-02-17 10:40:00+09:00,37110866.98846198
2025-02-17 10:41:00+09:00,37110866.98846198
2025-02-17 10:42:00+09:00,37110866.98846198
2025-02-17 10:43:00+09:00,37096022.6416666
2025-02-17 10:44:00+09:00,37096022.6416666
2025-02-17 10:45:00+09:00,37096022.6416666
2025-02-17 10:46:00+09:00,37029779.744092196
2025-02-17 10:47:00+09:00,37029779.744092196
2025-02-17 10:48:00+09:00,36995863.3805341
2025-02-17 10:49:00+09:00,36995863.3805341
2025-02-17 10:50:00+09:00,36995863.3805341
2025-02-17 10:51:00+09:00,36995863.3805341
2025-02-17 10:52:00+09:00,36995863.3805341
2025-02-17 10:53:00+09:00,36995863.3805341
2025-02-17 10:54:00+09:00,36995863.3805341
2025-02-17 10:55:00+09:00,36995863.3805341
2025-02-17 10:56:00+09:00,36995863.3805341
2025-02-17 10:57:00+09:00,36995863.3805341
2025-02-17 10:58:00+09:00,36995863.3805341
2025-02-17 10:59:00+09:00,36995863.3805341
2025-02-17 11:00:00+09:00,36995863.3805341
2025-02-17 11:01:00+09:00,36995863.3805341
2025-02-17 11:02:00+09:00,36995863.3805341
2025-02-17 11:03:00+09:00,36995863.3805341
2025-02-17 11:04:00+09:00,36995863.3805341
2025-02-17 11:05:00+09:00,36995863.3805341
2025-02-17 11:06:00+09:00,36995863.3805341
2025-02-17 11:07:00+09:00,36995863.3805341
2025-02-17 11:08:00+09:00,36995863.3805341
2025-02-17 11:09:00+09:00,36995863.3805341
2025-02-17 11:10:00+09:00,36995863.3805341
2025-02-17 11:11:00+09:00,36981065.03518189
2025-02-17 11:12:00+09:00,36915262.42835772
2025-02-17 11:13:00+09:00,36981065.03518189
2025-02-17 11:14:00+09:00,36981065.03518189
2025-02-17 11:15:00+09:00,36981065.03518189
2025-02-17 11:16:00+09:00,36981065.03518189
2025-02-17 11:17:00+09:00,36981065.03518189
2025-02-17 11:18:00+09:00,36981065.03518189
2025-02-17 11:19:00+09:00,36915262.42835772
2025-02-17 11:20:00+09:00,36981065.03518189
2025-02-17 11:21:00+09:00,36915262.42835772
2025-02-17 11:22:00+09:00,36981065.03518189
2025-02-17 11:23:00+09:00,36915262.42835772
2025-02-17 11:24:00+09:00,36915262.42835772
2025-02-17 11:25:00+09:00,36915262.42835772
2025-02-17 11:26:00+09:00,36849459.82153355
2025-02-17 11:27:00+09:00,36915262.42835772
2025-02-17 11:28:00+09:00,36749966.28001541
2025-02-17 11:29:00+09:00,36749966.28001541
2025-02-17 11:30:00+09:00,36749966.28001541
2025-02-17 11:31:00+09:00,36749966.28001541
2025-02-17 11:32:00+09:00,36749966.28001541
2025-02-17 11:33:00+09:00,36749966.28001541
2025-02-17 11:34:00+09:00,36749966.28001541
2025-02-17 11:35:00+09:00,36749966.28001541
2025-02-17 11:36:00+09:00,36749966.28001541
2025-02-17 11:37:00+09:00,36749966.28001541
2025-02-17 11:38:00+09:00,36749966.28001541
2025-02-17 11:39:00+09:00,36749966.28001541
2025-02-17 11:40:00+09:00,36749966.28001541
2025-02-17 11:41:00+09:00,36749966.28001541
2025-02-17 11:42:00+09:00,36749966.28001541
2025-02-17 11:43:00+09:00,36749966.28001541
2025-02-17 11:44:00+09:00,36749966.28001541
2025-02-17 11:45:00+09:00,36749966.28001541
2025-02-17 11:46:00+09:00,36749966.28001541
2025-02-17 11:47:00+09:00,36749966.28001541
2025-02-17 11:48:00+09:00,36749966.28001541
2025-02-17 11:49:00+09:00,36749966.28001541
2025-02-17 11:50:00+09:00,36749966.28001541
2025-02-17 11:51:00+09:00,36749966.28001541
2025-02-17 11:52:00+09:00,36749966.28001541
2025-02-17 11:53:00+09:00,36749966.28001541
2025-02-17 11:54:00+09:00,36749966.28001541
2025-02-17 11:55:00+09:00,36749966.28001541
2025-02-17 11:56:00+09:00,36749966.28001541
2025-02-17 11:57:00+09:00,36749966.28001541
2025-02-17 11:58:00+09:00,36749966.28001541
2025-02-17 11:59:00+09:00,36749966.28001541
2025-02-17 12:00:00+09:00,36749966.28001541
2025-02-17 12:01:00+09:00,36749966.28001541
2025-02-17 12:02:00+09:00,36749966.28001541
2025-02-17 12:03:00+09:00,36749966.28001541
2025-02-17 12:04:00+09:00,36749966.28001541
2025-02-17 12:05:00+09:00,36749966.28001541
2025-02-17 12:06:00+09:00,36749966.28001541
2025-02-17 12:07:00+09:00,36749966.28001541
2025-02-17 12:08:00+09:00,36749966.28001541
2025-02-17 12:09:00+09:00,36749966.28001541
2025-02-17 12:10:00+09:00,36749966.28001541
2025-02-17 12:11:00+09:00,36749966.28001541
2025-02-17 12:12:00+09:00,36749966.28001541
2025-02-17 12:13:00+09:00,36749966.28001541
2025-02-17 12:14:00+09:00,36749966.28001541
2025-02-17 12:15:00+09:00,36749966.28001541
2025-02-17 12:16:00+09:00,36749966.28001541
2025-02-17 12:17:00+09:00,36749966.28001541
2025-02-17 12:18:00+09:00,36749966.28001541
2025-02-17 12:19:00+09:00,36749966.28001541
2025-02-17 12:20:00+09:00,36749966.28001541
2025-02-17 12:21:00+09:00,36749966.28001541
2025-02-17 12:22:00+09:00,36749966.28001541
2025-02-17 12:23:00+09:00,36749966.28001541
2025-02-17 12:24:00+09:00,36749966.28001541
2025-02-17 12:25:00+09:00,36749966.28001541
2025-02-17 12:26:00+09:00,36749966.28001541
2025-02-17 12:27:00+09:00,36749966.28001541
2025-02-17 12:28:00+09:00,36749966.28001541
2025-02-17 12:29:00+09:00,36749966.28001541
2025-02-17 12:30:00+09:00,36749966.28001541
2025-02-17 12:31:00+09:00,36749966.28001541
2025-02-17 12:32:00+09:00,36749966.28001541
2025-02-17 12:33:00+09:00,36749966.28001541
2025-02-17 12:34:00+09:00,36749966.28001541
2025-02-17 12:35:00+09:00,36749966.28001541
2025-02-17 12:36:00+09:00,36749966.28001541
2025-02-17 12:37:00+09:00,36749966.28001541
2025-02-17 12:38:00+09:00,36749966.28001541
2025-02-17 12:39:00+09:00,36749966.28001541
2025-02-17 12:40:00+09:00,36749966.28001541
2025-02-17 12:41:00+09:00,36749966.28001541
2025-02-17 12:42:00+09:00,36749966.28001541
2025-02-17 12:43:00+09:00,36749966.28001541
2025-02-17 12:44:00+09:00,36749966.28001541
2025-02-17 12:45:00+09:00,36749966.28001541
2025-02-17 12:46:00+09:00,36749966.28001541
2025-02-17 12:47:00+09:00,36749966.28001541
2025-02-17 12:48:00+09:00,36749966.28001541
2025-02-17 12:49:00+09:00,36749966.28001541
2025-02-17 12:50:00+09:00,36749966.28001541
2025-02-17 12:51:00+09:00,36749966.28001541
2025-02-17 12:52:00+09:00,36749966.28001541
2025-02-17 12:53:00+09:00,36749966.28001541
2025-02-17 12:54:00+09:00,36749966.28001541
2025-02-17 12:55:00+09:00,36749966.28001541
2025-02-17 12:56:00+09:00,36749966.28001541
2025-02-17 12:57:00+09:00,36749966.28001541
2025-02-17 12:58:00+09:00,36749966.28001541
2025-02-17 12:59:00+09:00,36749966.28001541
2025-02-17 13:00:00+09:00,36749966.28001541
2025-02-17 13:01:00+09:00,36749966.28001541
2025-02-17 13:02:00+09:00,36749966.28001541
2025-02-17 13:03:00+09:00,36749966.28001541
2025-02-17 13:04:00+09:00,36749966.28001541
2025-02-17 13:05:00+09:00,36749966.28001541
2025-02-17 13:06:00+09:00,36749966.28001541
2025-02-17 13:07:00+09:00,36749966.28001541
2025-02-17 13:08:00+09:00,36749966.28001541
2025-02-17 13:09:00+09:00,36749966.28001541
2025-02-17 13:10:00+09:00,36749966.28001541
2025-02-17 13:11:00+09:00,36749966.28001541
2025-02-17 13:12:00+09:00,36749966.28001541
2025-02-17 13:13:00+09:00,36749966.28001541
2025-02-17 13:14:00+09:00,36749966.28001541
2025-02-17 13:15:00+09:00,36749966.28001541
2025-02-17 13:16:00+09:00,36749966.28001541
2025-02-17 13:17:00+09:00,36749966.28001541
2025-02-17 13:18:00+09:00,36749966.28001541
2025-02-17 13:19:00+09:00,36749966.28001541
2025-02-17 13:20:00+09:00,36749966.28001541
2025-02-17 13:21:00+09:00,36749966.28001541
2025-02-17 13:22:00+09:00,36749966.28001541
2025-02-17 13:23:00+09:00,36749966.28001541
2025-02-17 13:24:00+09:00,36749966.28001541
2025-02-17 13:25:00+09:00,36749966.28001541
2025-02-17 13:26:00+09:00,36749966.28001541
2025-02-17 13:27:00+09:00,36749966.28001541
2025-02-17 13:28:00+09:00,36749966.28001541
2025-02-17 13:29:00+09:00,36749966.28001541
2025-02-17 13:30:00+09:00,36749966.28001541
2025-02-17 13:31:00+09:00,36749966.28001541
2025-02-17 13:32:00+09:00,36749966.28001541
2025-02-17 13:33:00+09:00,36749966.28001541
2025-02-17 13:34:00+09:00,36749966.28001541
2025-02-17 13:35:00+09:00,36749966.28001541
2025-02-17 13:36:00+09:00,36749966.28001541
2025-02-17 13:37:00+09:00,36749966.28001541
2025-02-17 13:38:00+09:00,36749966.28001541
2025-02-17 13:39:00+09:00,36749966.28001541
2025-02-17 13:40:00+09:00,36749966.28001541
2025-02-17 13:41:00+09:00,36749966.28001541
2025-02-17 13:42:00+09:00,36749966.28001541
2025-02-17 13:43:00+09:00,36749966.28001541
2025-02-17 13:44:00+09:00,36749966.28001541
2025-02-17 13:45:00+09:00,36749966.28001541
2025-02-17 13:46:00+09:00,36749966.28001541
2025-02-17 13:47:00+09:00,36749966.28001541
2025-02-17 13:48:00+09:00,36749966.28001541
2025-02-17 13:49:00+09:00,36749966.28001541
2025-02-17 13:50:00+09:00,36749966.28001541
2025-02-17 13:51:00+09:00,36749966.28001541
2025-02-17 13:52:00+09:00,36749966.28001541
2025-02-17 13:53:00+09:00,36749966.28001541
2025-02-17 13:54:00+09:00,36749966.28001541
2025-02-17 13:55:00+09:00,36749966.28001541
2025-02-17 13:56:00+09:00,36735266.2935034
2025-02-17 13:57:00+09:00,36636081.07451095
2025-02-17 13:58:00+09:00,36636081.07451095
2025-02-17 13:59:00+09:00,36636081.07451095
2025-02-17 14:00:00+09:00,36636081.07451095
2025-02-17 14:01:00+09:00,36636081.07451095
2025-02-17 14:02:00+09:00,36636081.07451095
2025-02-17 14:03:00+09:00,36636081.07451095
2025-02-17 14:04:00+09:00,36636081.07451095
2025-02-17 14:05:00+09:00,36636081.07451095
2025-02-17 14:06:00+09:00,36636081.07451095
2025-02-17 14:07:00+09:00,36636081.07451095
2025-02-17 14:08:00+09:00,36621426.64208114
2025-02-17 14:09:00+09:00,36621426.64208114
2025-02-17 14:10:00+09:00,36686939.03321187
2025-02-17 14:11:00+09:00,36686939.03321187
2025-02-17 14:12:00+09:00,36686939.03321187
2025-02-17 14:13:00+09:00,36621426.642081134
2025-02-17 14:14:00+09:00,36621426.642081134
2025-02-17 14:15:00+09:00,36686939.033211865
2025-02-17 14:16:00+09:00,36621426.64208113
2025-02-17 14:17:00+09:00,36621426.64208113
2025-02-17 14:18:00+09:00,36686939.03321186
2025-02-17 14:19:00+09:00,36686939.03321186
2025-02-17 14:20:00+09:00,36686939.03321186
2025-02-17 14:21:00+09:00,36621426.64208112
2025-02-17 14:22:00+09:00,36686939.03321185
2025-02-17 14:23:00+09:00,36686939.03321185
2025-02-17 14:24:00+09:00,36686939.03321185
2025-02-17 14:25:00+09:00,36621426.64208111
2025-02-17 14:26:00+09:00,36621426.64208111
2025-02-17 14:27:00+09:00,36621426.64208111
2025-02-17 14:28:00+09:00,36686939.03321184
2025-02-17 14:29:00+09:00,36686939.03321184
2025-02-17 14:30:00+09:00,36621426.642081104
2025-02-17 14:31:00+09:00,36686939.033211835
2025-02-17 14:32:00+09:00,36621426.6420811
2025-02-17 14:33:00+09:00,36621426.6420811
2025-02-17 14:34:00+09:00,36522548.790147476
2025-02-17 14:35:00+09:00,36522548.790147476
2025-02-17 14:36:00+09:00,36522548.790147476
2025-02-17 14:37:00+09:00,36522548.790147476
2025-02-17 14:38:00+09:00,36522548.790147476
2025-02-17 14:39:00+09:00,36522548.790147476
2025-02-17 14:40:00+09:00,36522548.790147476
2025-02-17 14:41:00+09:00,36522548.790147476
2025-02-17 14:42:00+09:00,36522548.790147476
2025-02-17 14:43:00+09:00,36522548.790147476
2025-02-17 14:44:00+09:00,36522548.790147476
2025-02-17 14:45:00+09:00,36507939.77063142
2025-02-17 14:46:00+09:00,36507939.77063142
2025-02-17 14:47:00+09:00,36409368.33325071
2025-02-17 14:48:00+09:00,36409368.33325071
2025-02-17 14:49:00+09:00,36409368.33325071
2025-02-17 14:50:00+09:00,36409368.33325071
2025-02-17 14:51:00+09:00,36409368.33325071
2025-02-17 14:52:00+09:00,36409368.33325071
2025-02-17 14:53:00+09:00,36409368.33325071
2025-02-17 14:54:00+09:00,36409368.33325071
2025-02-17 14:55:00+09:00,36409368.33325071
2025-02-17 14:56:00+09:00,36409368.33325071
2025-02-17 14:57:00+09:00,36409368.33325071
2025-02-17 14:58:00+09:00,36409368.33325071
2025-02-17 14:59:00+09:00,36394804.58591741
2025-02-17 15:00:00+09:00,36329697.60096944
2025-02-17 15:01:00+09:00,36296538.61353544
2025-02-17 15:02:00+09:00,36296538.61353544
2025-02-17 15:03:00+09:00,36296538.61353544
2025-02-17 15:04:00+09:00,36296538.61353544
2025-02-17 15:05:00+09:00,36296538.61353544
2025-02-17 15:06:00+09:00,36296538.61353544
2025-02-17 15:07:00+09:00,36296538.61353544
2025-02-17 15:08:00+09:00,36296538.61353544
2025-02-17 15:09:00+09:00,36296538.61353544
2025-02-17 15:10:00+09:00,36296538.61353544
2025-02-17 15:11:00+09:00,36296538.61353544
2025-02-17 15:12:00+09:00,36296538.61353544
2025-02-17 15:13:00+09:00,36296538.61353544
2025-02-17 15:14:00+09:00,36296538.61353544
2025-02-17 15:15:00+09:00,36296538.61353544
2025-02-17 15:16:00+09:00,36296538.61353544
2025-02-17 15:17:00+09:00,36296538.61353544
2025-02-17 15:18:00+09:00,36296538.61353544
2025-02-17 15:19:00+09:00,36296538.61353544
2025-02-17 15:30:00+09:00,36296538.61353544
2025-02-17 15:35:00+09:00,36296538.61353544
2025-02-18 09:00:00+09:00,36296538.61353544
2025-02-18 09:01:00+09:00,36296538.61353544
2025-02-18 09:02:00+09:00,36296538.61353544
2025-02-18 09:03:00+09:00,36282019.99809003
2025-02-18 09:04:00+09:00,36411367.66296736
2025-02-18 09:05:00+09:00,36411367.66296736
2025-02-18 09:06:00+09:00,36476041.495406024
2025-02-18 09:07:00+09:00,36540715.32784469
2025-02-18 09:08:00+09:00,36476041.495406024
2025-02-18 09:09:00+09:00,36476041.495406024
2025-02-18 09:10:00+09:00,36476041.495406024
2025-02-18 09:11:00+09:00,36411367.66296736
2025-02-18 09:12:00+09:00,36411367.66296736
2025-02-18 09:13:00+09:00,36411367.66296736
2025-02-18 09:14:00+09:00,36476041.495406024
2025-02-18 09:15:00+09:00,36476041.495406024
2025-02-18 09:16:00+09:00,36411367.66296736
2025-02-18 09:17:00+09:00,36346693.8305287
2025-02-18 09:18:00+09:00,36411367.66296736
2025-02-18 09:19:00+09:00,36411367.66296736
2025-02-18 09:20:00+09:00,36282019.998090036
2025-02-18 09:21:00+09:00,36346693.8305287
2025-02-18 09:22:00+09:00,36346693.8305287
2025-02-18 09:23:00+09:00,36346693.8305287
2025-02-18 09:24:00+09:00,36282019.998090036
2025-02-18 09:25:00+09:00,36282019.998090036
2025-02-18 09:26:00+09:00,36217346.16565137
2025-02-18 09:27:00+09:00,36217346.16565137
2025-02-18 09:28:00+09:00,36119559.33100411
2025-02-18 09:29:00+09:00,36119559.33100411
2025-02-18 09:30:00+09:00,36119559.33100411
2025-02-18 09:31:00+09:00,36119559.33100411
2025-02-18 09:32:00+09:00,36119559.33100411
2025-02-18 09:33:00+09:00,36119559.33100411
2025-02-18 09:34:00+09:00,36119559.33100411
2025-02-18 09:35:00+09:00,36119559.33100411
2025-02-18 09:36:00+09:00,36119559.33100411
2025-02-18 09:37:00+09:00,36119559.33100411
2025-02-18 09:38:00+09:00,36119559.33100411
2025-02-18 09:39:00+09:00,36105111.507271715
2025-02-18 09:40:00+09:00,36105111.507271715
2025-02-18 09:41:00+09:00,36040867.5366182
2025-02-18 09:42:00+09:00,36040867.5366182
2025-02-18 09:43:00+09:00,36007627.706202075
2025-02-18 09:44:00+09:00,36007627.706202075
2025-02-18 09:45:00+09:00,36007627.706202075
2025-02-18 09:46:00+09:00,36007627.706202075
2025-02-18 09:47:00+09:00,36007627.706202075
2025-02-18 09:48:00+09:00,36007627.706202075
2025-02-18 09:49:00+09:00,36007627.706202075
2025-02-18 09:50:00+09:00,36007627.706202075
2025-02-18 09:51:00+09:00,36007627.706202075
2025-02-18 09:52:00+09:00,36007627.706202075
2025-02-18 09:53:00+09:00,36007627.706202075
2025-02-18 09:54:00+09:00,35993224.6551196
2025-02-18 09:55:00+09:00,35832170.98600887
2025-02-18 09:56:00+09:00,35832170.98600887
2025-02-18 09:57:00+09:00,35832170.98600887
2025-02-18 09:58:00+09:00,35832170.98600887
2025-02-18 09:59:00+09:00,35832170.98600887
2025-02-18 10:00:00+09:00,35832170.98600887
2025-02-18 10:01:00+09:00,35832170.98600887
2025-02-18 10:02:00+09:00,35832170.98600887
2025-02-18 10:03:00+09:00,35832170.98600887
2025-02-18 10:04:00+09:00,35832170.98600887
2025-02-18 10:05:00+09:00,35832170.98600887
2025-02-18 10:06:00+09:00,35832170.98600887
2025-02-18 10:07:00+09:00,35832170.98600887
2025-02-18 10:08:00+09:00,35832170.98600887
2025-02-18 10:09:00+09:00,35832170.98600887
2025-02-18 10:10:00+09:00,35832170.98600887
2025-02-18 10:11:00+09:00,35832170.98600887
2025-02-18 10:12:00+09:00,35832170.98600887
2025-02-18 10:13:00+09:00,35832170.98600887
2025-02-18 10:14:00+09:00,35832170.98600887
2025-02-18 10:15:00+09:00,35832170.98600887
2025-02-18 10:16:00+09:00,35832170.98600887
2025-02-18 10:17:00+09:00,35832170.98600887
2025-02-18 10:18:00+09:00,35832170.98600887
2025-02-18 10:19:00+09:00,35832170.98600887
2025-02-18 10:20:00+09:00,35832170.98600887
2025-02-18 10:21:00+09:00,35832170.98600887
2025-02-18 10:22:00+09:00,35832170.98600887
2025-02-18 10:23:00+09:00,35832170.98600887
2025-02-18 10:24:00+09:00,35832170.98600887
2025-02-18 10:25:00+09:00,35832170.98600887
2025-02-18 10:26:00+09:00,35832170.98600887
2025-02-18 10:27:00+09:00,35832170.98600887
2025-02-18 10:28:00+09:00,35832170.98600887
2025-02-18 10:29:00+09:00,35832170.98600887
2025-02-18 10:30:00+09:00,35832170.98600887
2025-02-18 10:31:00+09:00,35832170.98600887
2025-02-18 10:32:00+09:00,35832170.98600887
2025-02-18 10:33:00+09:00,35832170.98600887
2025-02-18 10:34:00+09:00,35832170.98600887
2025-02-18 10:35:00+09:00,35832170.98600887
2025-02-18 10:36:00+09:00,35832170.98600887
2025-02-18 10:37:00+09:00,35832170.98600887
2025-02-18 10:38:00+09:00,35832170.98600887
2025-02-18 10:39:00+09:00,35832170.98600887
2025-02-18 10:40:00+09:00,35832170.98600887
2025-02-18 10:41:00+09:00,35832170.98600887
2025-02-18 10:42:00+09:00,35817838.11761446
2025-02-18 10:43:00+09:00,35784917.68675886
2025-02-18 10:44:00+09:00,35784917.68675886
2025-02-18 10:45:00+09:00,35784917.68675886
2025-02-18 10:46:00+09:00,35784917.68675886
2025-02-18 10:47:00+09:00,35784917.68675886
2025-02-18 10:48:00+09:00,35784917.68675886
2025-02-18 10:49:00+09:00,35784917.68675886
2025-02-18 10:50:00+09:00,35784917.68675886
2025-02-18 10:51:00+09:00,35784917.68675886
2025-02-18 10:52:00+09:00,35784917.68675886
2025-02-18 10:53:00+09:00,35784917.68675886
2025-02-18 10:54:00+09:00,35770603.71968416
2025-02-18 10:55:00+09:00,35770603.71968416
2025-02-18 10:56:00+09:00,35770603.71968416
2025-02-18 10:57:00+09:00,35706841.50271503
2025-02-18 10:58:00+09:00,35770603.71968416
2025-02-18 10:59:00+09:00,35674023.08964101
2025-02-18 11:00:00+09:00,35674023.08964101
2025-02-18 11:01:00+09:00,35674023.08964101
2025-02-18 11:02:00+09:00,35674023.08964101
2025-02-18 11:03:00+09:00,35674023.08964101
2025-02-18 11:04:00+09:00,35674023.08964101
2025-02-18 11:05:00+09:00,35674023.08964101
2025-02-18 11:06:00+09:00,35674023.08964101
2025-02-18 11:07:00+09:00,35674023.08964101
2025-02-18 11:08:00+09:00,35674023.08964101
2025-02-18 11:09:00+09:00,35674023.08964101
2025-02-18 11:10:00+09:00,35659753.48040516
2025-02-18 11:11:00+09:00,35596414.664276555
2025-02-18 11:12:00+09:00,35659753.48040516
2025-02-18 11:13:00+09:00,35659753.48040516
2025-02-18 11:14:00+09:00,35723092.29653376
2025-02-18 11:15:00+09:00,35786431.11266237
2025-02-18 11:16:00+09:00,35849769.92879097
2025-02-18 11:17:00+09:00,35976447.56104819
2025-02-18 11:18:00+09:00,35976447.56104819
2025-02-18 11:19:00+09:00,36039786.3771768
2025-02-18 11:20:00+09:00,36103125.19330541
2025-02-18 11:21:00+09:00,36103125.19330541
2025-02-18 11:22:00+09:00,35913108.74491959
2025-02-18 11:23:00+09:00,35913108.74491959
2025-02-18 11:24:00+09:00,35913108.74491959
2025-02-18 11:25:00+09:00,35976447.561048195
2025-02-18 11:26:00+09:00,35913108.74491958
2025-02-18 11:27:00+09:00,35976447.56104819
2025-02-18 11:28:00+09:00,35913108.744919576
2025-02-18 11:29:00+09:00,35913108.744919576
2025-02-18 11:30:00+09:00,35976447.56104818
2025-02-18 11:31:00+09:00,35976447.56104818
2025-02-18 11:32:00+09:00,35976447.56104818
2025-02-18 11:33:00+09:00,35913108.74491957
2025-02-18 11:34:00+09:00,35913108.74491957
2025-02-18 11:35:00+09:00,35913108.74491957
2025-02-18 11:36:00+09:00,35913108.74491957
2025-02-18 11:37:00+09:00,35976447.56104817
2025-02-18 11:38:00+09:00,36039786.377176784
2025-02-18 11:39:00+09:00,36103125.193305396
2025-02-18 11:40:00+09:00,36103125.193305396
2025-02-18 11:41:00+09:00,36103125.193305396
2025-02-18 11:42:00+09:00,36103125.193305396
2025-02-18 11:43:00+09:00,36103125.193305396
2025-02-18 11:44:00+09:00,36166464.009434
2025-02-18 11:45:00+09:00,36103125.193305396
2025-02-18 11:46:00+09:00,36166464.009434
2025-02-18 11:47:00+09:00,36103125.193305396
2025-02-18 11:48:00+09:00,36166464.009434
2025-02-18 11:49:00+09:00,36103125.193305396
2025-02-18 11:50:00+09:00,36103125.193305396
2025-02-18 11:51:00+09:00,36039786.37717679
2025-02-18 11:52:00+09:00,36103125.1933054
2025-02-18 11:53:00+09:00,36103125.1933054
2025-02-18 11:54:00+09:00,36166464.00943401
2025-02-18 11:55:00+09:00,36166464.00943401
2025-02-18 11:56:00+09:00,36103125.1933054
2025-02-18 11:57:00+09:00,36103125.1933054
2025-02-18 11:58:00+09:00,36166464.00943401
2025-02-18 11:59:00+09:00,36103125.1933054
2025-02-18 12:00:00+09:00,36103125.1933054
2025-02-18 12:01:00+09:00,36166464.00943401
2025-02-18 12:02:00+09:00,36103125.1933054
2025-02-18 12:03:00+09:00,36103125.1933054
2025-02-18 12:04:00+09:00,36103125.1933054
2025-02-18 12:05:00+09:00,36166464.00943401
2025-02-18 12:06:00+09:00,36103125.1933054
2025-02-18 12:07:00+09:00,36103125.1933054
2025-02-18 12:08:00+09:00,36103125.1933054
2025-02-18 12:09:00+09:00,36166464.00943401
2025-02-18 12:10:00+09:00,36103125.1933054
2025-02-18 12:11:00+09:00,36166464.00943401
2025-02-18 12:12:00+09:00,36039786.3771768
2025-02-18 12:13:00+09:00,35976447.561048195
2025-02-18 12:14:00+09:00,35976447.561048195
2025-02-18 12:15:00+09:00,35879311.15263336
2025-02-18 12:16:00+09:00,35879311.15263336
2025-02-18 12:17:00+09:00,35879311.15263336
2025-02-18 12:18:00+09:00,35879311.15263336
2025-02-18 12:19:00+09:00,35879311.15263336
2025-02-18 12:20:00+09:00,35879311.15263336
2025-02-18 12:21:00+09:00,35879311.15263336
2025-02-18 12:22:00+09:00,35879311.15263336
2025-02-18 12:23:00+09:00,35879311.15263336
2025-02-18 12:24:00+09:00,35879311.15263336
2025-02-18 12:25:00+09:00,35879311.15263336
2025-02-18 12:26:00+09:00,35879311.15263336
2025-02-18 12:27:00+09:00,35879311.15263336
2025-02-18 12:28:00+09:00,35879311.15263336
2025-02-18 12:29:00+09:00,35879311.15263336
2025-02-18 12:30:00+09:00,35879311.15263336
2025-02-18 12:31:00+09:00,35879311.15263336
2025-02-18 12:32:00+09:00,35879311.15263336
2025-02-18 12:33:00+09:00,35879311.15263336
2025-02-18 12:34:00+09:00,35879311.15263336
2025-02-18 12:35:00+09:00,35879311.15263336
2025-02-18 12:36:00+09:00,35864959.42817231
2025-02-18 12:37:00+09:00,35864959.42817231
2025-02-18 12:38:00+09:00,35802258.45015103
2025-02-18 12:39:00+09:00,35864959.42817232
2025-02-18 12:40:00+09:00,35864959.42817232
2025-02-18 12:41:00+09:00,35864959.42817232
2025-02-18 12:42:00+09:00,35864959.42817232
2025-02-18 12:43:00+09:00,35802258.45015104
2025-02-18 12:44:00+09:00,35802258.45015104
2025-02-18 12:45:00+09:00,35864959.42817233
2025-02-18 12:46:00+09:00,35864959.42817233
2025-02-18 12:47:00+09:00,35802258.45015105
2025-02-18 12:48:00+09:00,35802258.45015105
2025-02-18 12:49:00+09:00,35802258.45015105
2025-02-18 12:50:00+09:00,35802258.45015105
2025-02-18 12:51:00+09:00,35802258.45015105
2025-02-18 12:52:00+09:00,35802258.45015105
2025-02-18 12:53:00+09:00,35802258.45015105
2025-02-18 12:54:00+09:00,35802258.45015105
2025-02-18 12:55:00+09:00,35739557.47212977
2025-02-18 12:56:00+09:00,35802258.45015105
2025-02-18 12:57:00+09:00,35705592.35233564
2025-02-18 12:58:00+09:00,35705592.35233564
2025-02-18 12:59:00+09:00,35705592.35233564
2025-02-18 13:00:00+09:00,35705592.35233564
2025-02-18 13:01:00+09:00,35705592.35233564
2025-02-18 13:02:00+09:00,35705592.35233564
2025-02-18 13:03:00+09:00,35705592.35233564
2025-02-18 13:04:00+09:00,35705592.35233564
2025-02-18 13:05:00+09:00,35705592.35233564
2025-02-18 13:06:00+09:00,35705592.35233564
2025-02-18 13:07:00+09:00,35705592.35233564
2025-02-18 13:08:00+09:00,35705592.35233564
2025-02-18 13:09:00+09:00,35691310.115394704
2025-02-18 13:10:00+09:00,35753926.44893049
2025-02-18 13:11:00+09:00,35657390.84751838
2025-02-18 13:12:00+09:00,35657390.84751838
2025-02-18 13:13:00+09:00,35657390.84751838
2025-02-18 13:14:00+09:00,35657390.84751838
2025-02-18 13:15:00+09:00,35657390.84751838
2025-02-18 13:16:00+09:00,35657390.84751838
2025-02-18 13:17:00+09:00,35657390.84751838
2025-02-18 13:18:00+09:00,35657390.84751838
2025-02-18 13:19:00+09:00,35657390.84751838
2025-02-18 13:20:00+09:00,35657390.84751838
2025-02-18 13:21:00+09:00,35657390.84751838
2025-02-18 13:22:00+09:00,35643127.89117937
2025-02-18 13:23:00+09:00,35643127.89117937
2025-02-18 13:24:00+09:00,35518501.569881536
2025-02-18 13:25:00+09:00,35580814.73053045
2025-02-18 13:26:00+09:00,35484746.530758016
2025-02-18 13:27:00+09:00,35484746.530758016
2025-02-18 13:28:00+09:00,35484746.530758016
2025-02-18 13:29:00+09:00,35484746.530758016
2025-02-18 13:30:00+09:00,35484746.530758016
2025-02-18 13:31:00+09:00,35484746.530758016
2025-02-18 13:32:00+09:00,35484746.530758016
2025-02-18 13:33:00+09:00,35484746.530758016
2025-02-18 13:34:00+09:00,35484746.530758016
2025-02-18 13:35:00+09:00,35484746.530758016
2025-02-18 13:36:00+09:00,35484746.530758016
2025-02-18 13:37:00+09:00,35484746.530758016
2025-02-18 13:38:00+09:00,35484746.530758016
2025-02-18 13:39:00+09:00,35484746.530758016
2025-02-18 13:40:00+09:00,35484746.530758016
2025-02-18 13:41:00+09:00,35484746.530758016
2025-02-18 13:42:00+09:00,35484746.530758016
2025-02-18 13:43:00+09:00,35484746.530758016
2025-02-18 13:44:00+09:00,35484746.530758016
2025-02-18 13:45:00+09:00,35484746.530758016
2025-02-18 13:46:00+09:00,35484746.530758016
2025-02-18 13:47:00+09:00,35484746.530758016
2025-02-18 13:48:00+09:00,35484746.530758016
2025-02-18 13:49:00+09:00,35484746.530758016
2025-02-18 13:50:00+09:00,35484746.530758016
2025-02-18 13:51:00+09:00,35484746.530758016
2025-02-18 13:52:00+09:00,35484746.530758016
2025-02-18 13:53:00+09:00,35484746.530758016
2025-02-18 13:54:00+09:00,35484746.530758016
2025-02-18 13:55:00+09:00,35484746.530758016
2025-02-18 13:56:00+09:00,35484746.530758016
2025-02-18 13:57:00+09:00,35484746.530758016
2025-02-18 13:58:00+09:00,35484746.530758016
2025-02-18 13:59:00+09:00,35484746.530758016
2025-02-18 14:00:00+09:00,35484746.530758016
2025-02-18 14:01:00+09:00,35484746.530758016
2025-02-18 14:02:00+09:00,35484746.530758016
2025-02-18 14:03:00+09:00,35484746.530758016
2025-02-18 14:04:00+09:00,35484746.530758016
2025-02-18 14:05:00+09:00,35484746.530758016
2025-02-18 14:06:00+09:00,35484746.530758016
2025-02-18 14:07:00+09:00,35484746.530758016
2025-02-18 14:08:00+09:00,35484746.530758016
2025-02-18 14:09:00+09:00,35470552.63214572
2025-02-18 14:10:00+09:00,35408541.17649511
2025-02-18 14:11:00+09:00,35408541.17649511
2025-02-18 14:12:00+09:00,35408541.17649511
2025-02-18 14:13:00+09:00,35470552.63214572
2025-02-18 14:14:00+09:00,35470552.63214572
2025-02-18 14:15:00+09:00,35408541.17649511
2025-02-18 14:16:00+09:00,35470552.63214572
2025-02-18 14:17:00+09:00,35408541.17649511
2025-02-18 14:18:00+09:00,35408541.17649511
2025-02-18 14:19:00+09:00,35408541.17649511
2025-02-18 14:20:00+09:00,35408541.17649511
2025-02-18 14:21:00+09:00,35408541.17649511
2025-02-18 14:22:00+09:00,35408541.17649511
2025-02-18 14:23:00+09:00,35408541.17649511
2025-02-18 14:24:00+09:00,35408541.17649511
2025-02-18 14:25:00+09:00,35408541.17649511
2025-02-18 14:26:00+09:00,35346529.72084451
2025-02-18 14:27:00+09:00,35346529.72084451
2025-02-18 14:28:00+09:00,35251094.090598226
2025-02-18 14:29:00+09:00,35251094.090598226
2025-02-18 14:30:00+09:00,35251094.090598226
2025-02-18 14:31:00+09:00,35251094.090598226
2025-02-18 14:32:00+09:00,35251094.090598226
2025-02-18 14:33:00+09:00,35251094.090598226
2025-02-18 14:34:00+09:00,35251094.090598226
2025-02-18 14:35:00+09:00,35251094.090598226
2025-02-18 14:36:00+09:00,35251094.090598226
2025-02-18 14:37:00+09:00,35251094.090598226
2025-02-18 14:38:00+09:00,35251094.090598226
2025-02-18 14:39:00+09:00,35251094.090598226
2025-02-18 14:40:00+09:00,35251094.090598226
2025-02-18 14:41:00+09:00,35251094.090598226
2025-02-18 14:42:00+09:00,35251094.090598226
2025-02-18 14:43:00+09:00,35251094.090598226
2025-02-18 14:44:00+09:00,35251094.090598226
2025-02-18 14:45:00+09:00,35251094.090598226
2025-02-18 14:46:00+09:00,35251094.090598226
2025-02-18 14:47:00+09:00,35251094.090598226
2025-02-18 14:48:00+09:00,35251094.090598226
2025-02-18 14:49:00+09:00,35251094.090598226
2025-02-18 14:50:00+09:00,35251094.090598226
2025-02-18 14:51:00+09:00,35251094.090598226
2025-02-18 14:52:00+09:00,35251094.090598226
2025-02-18 14:53:00+09:00,35251094.090598226
2025-02-18 14:54:00+09:00,35251094.090598226
2025-02-18 14:55:00+09:00,35251094.090598226
2025-02-18 14:56:00+09:00,35251094.090598226
2025-02-18 14:57:00+09:00,35251094.090598226
2025-02-18 14:58:00+09:00,35251094.090598226
2025-02-18 14:59:00+09:00,35251094.090598226
2025-02-18 15:00:00+09:00,35251094.090598226
2025-02-18 15:01:00+09:00,35251094.090598226
2025-02-18 15:02:00+09:00,35251094.090598226
2025-02-18 15:03:00+09:00,35251094.090598226
2025-02-18 15:04:00+09:00,35251094.090598226
2025-02-18 15:05:00+09:00,35251094.090598226
2025-02-18 15:06:00+09:00,35251094.090598226
2025-02-18 15:07:00+09:00,35251094.090598226
2025-02-18 15:08:00+09:00,35251094.090598226
2025-02-18 15:09:00+09:00,35251094.090598226
2025-02-18 15:10:00+09:00,35251094.090598226
2025-02-18 15:11:00+09:00,35251094.090598226
2025-02-18 15:12:00+09:00,35251094.090598226
2025-02-18 15:13:00+09:00,35251094.090598226
2025-02-18 15:14:00+09:00,35251094.090598226
2025-02-18 15:15:00+09:00,35251094.090598226
2025-02-18 15:16:00+09:00,35236993.652961984
2025-02-18 15:17:00+09:00,35236993.652961984
2025-02-18 15:18:00+09:00,35080201.39506372
2025-02-18 15:19:00+09:00,35080201.39506372
2025-02-18 15:30:00+09:00,35080201.39506372
2025-02-18 15:35:00+09:00,35080201.39506372
2025-02-19 09:00:00+09:00,35080201.39506372
2025-02-19 09:01:00+09:00,35080201.39506372
2025-02-19 09:02:00+09:00,35080201.39506372
2025-02-19 09:03:00+09:00,35080201.39506372
2025-02-19 09:04:00+09:00,35080201.39506372
2025-02-19 09:05:00+09:00,35080201.39506372
2025-02-19 09:06:00+09:00,35080201.39506372
2025-02-19 09:07:00+09:00,35066169.3145057
2025-02-19 09:08:00+09:00,35066169.3145057
2025-02-19 09:09:00+09:00,35126942.5715499
2025-02-19 09:10:00+09:00,35066169.3145057
2025-02-19 09:11:00+09:00,35126942.5715499
2025-02-19 09:12:00+09:00,35248489.08563831
2025-02-19 09:13:00+09:00,35187715.8285941
2025-02-19 09:14:00+09:00,35248489.08563831
2025-02-19 09:15:00+09:00,35248489.08563831
2025-02-19 09:16:00+09:00,35309262.34268251
2025-02-19 09:17:00+09:00,35430808.85677092
2025-02-19 09:18:00+09:00,35491582.11381512
2025-02-19 09:19:00+09:00,35430808.85677092
2025-02-19 09:20:00+09:00,35430808.85677092
2025-02-19 09:21:00+09:00,35430808.85677092
2025-02-19 09:22:00+09:00,35370035.599726714
2025-02-19 09:23:00+09:00,35370035.599726714
2025-02-19 09:24:00+09:00,35309262.34268251
2025-02-19 09:25:00+09:00,35309262.34268251
2025-02-19 09:26:00+09:00,35309262.34268251
2025-02-19 09:27:00+09:00,35309262.34268251
2025-02-19 09:28:00+09:00,35430808.85677092
2025-02-19 09:29:00+09:00,35430808.85677092
2025-02-19 09:30:00+09:00,35430808.85677092
2025-02-19 09:31:00+09:00,35430808.85677092
2025-02-19 09:32:00+09:00,35370035.599726714
2025-02-19 09:33:00+09:00,35370035.599726714
2025-02-19 09:34:00+09:00,35370035.599726714
2025-02-19 09:35:00+09:00,35370035.599726714
2025-02-19 09:36:00+09:00,35370035.599726714
2025-02-19 09:37:00+09:00,35370035.599726714
2025-02-19 09:38:00+09:00,35370035.599726714
2025-02-19 09:39:00+09:00,35309262.34268251
2025-02-19 09:40:00+09:00,35248489.08563831
2025-02-19 09:41:00+09:00,35248489.08563831
2025-02-19 09:42:00+09:00,35370035.599726714
2025-02-19 09:43:00+09:00,35309262.34268251
2025-02-19 09:44:00+09:00,35309262.34268251
2025-02-19 09:45:00+09:00,35309262.34268251
2025-02-19 09:46:00+09:00,35370035.599726714
2025-02-19 09:47:00+09:00,35309262.34268251
2025-02-19 09:48:00+09:00,35309262.34268251
2025-02-19 09:49:00+09:00,35309262.34268251
2025-02-19 09:50:00+09:00,35370035.599726714
2025-02-19 09:51:00+09:00,35309262.34268251
2025-02-19 09:52:00+09:00,35309262.34268251
2025-02-19 09:53:00+09:00,35370035.599726714
2025-02-19 09:54:00+09:00,35370035.599726714
2025-02-19 09:55:00+09:00,35370035.599726714
2025-02-19 09:56:00+09:00,35370035.599726714
2025-02-19 09:57:00+09:00,35370035.599726714
2025-02-19 09:58:00+09:00,35370035.599726714
2025-02-19 09:59:00+09:00,35309262.34268251
2025-02-19 10:00:00+09:00,35309262.34268251
2025-02-19 10:01:00+09:00,35309262.34268251
2025-02-19 10:02:00+09:00,35248489.08563831
2025-02-19 10:03:00+09:00,35309262.34268251
2025-02-19 10:04:00+09:00,35213927.33435727
2025-02-19 10:05:00+09:00,35213927.33435727
2025-02-19 10:06:00+09:00,35213927.33435727
2025-02-19 10:07:00+09:00,35213927.33435727
2025-02-19 10:08:00+09:00,35213927.33435727
2025-02-19 10:09:00+09:00,35213927.33435727
2025-02-19 10:10:00+09:00,35213927.33435727
2025-02-19 10:11:00+09:00,35213927.33435727
2025-02-19 10:12:00+09:00,35213927.33435727
2025-02-19 10:13:00+09:00,35213927.33435727
2025-02-19 10:14:00+09:00,35213927.33435727
2025-02-19 10:15:00+09:00,35213927.33435727
2025-02-19 10:16:00+09:00,35213927.33435727
2025-02-19 10:17:00+09:00,35213927.33435727
2025-02-19 10:18:00+09:00,35213927.33435727
2025-02-19 10:19:00+09:00,35213927.33435727
2025-02-19 10:20:00+09:00,35213927.33435727
2025-02-19 10:21:00+09:00,35213927.33435727
2025-02-19 10:22:00+09:00,35213927.33435727
2025-02-19 10:23:00+09:00,35213927.33435727
2025-02-19 10:24:00+09:00,35213927.33435727
2025-02-19 10:25:00+09:00,35199841.763423525
2025-02-19 10:26:00+09:00,35260426.689006016
2025-02-19 10:27:00+09:00,35104802.19066229
2025-02-19 10:28:00+09:00,35104802.19066229
2025-02-19 10:29:00+09:00,35104802.19066229
2025-02-19 10:30:00+09:00,35104802.19066229
2025-02-19 10:31:00+09:00,35104802.19066229
2025-02-19 10:32:00+09:00,35104802.19066229
2025-02-19 10:33:00+09:00,35104802.19066229
2025-02-19 10:34:00+09:00,35104802.19066229
2025-02-19 10:35:00+09:00,35104802.19066229
2025-02-19 10:36:00+09:00,35104802.19066229
2025-02-19 10:37:00+09:00,35104802.19066229
2025-02-19 10:38:00+09:00,35090760.26978602
2025-02-19 10:39:00+09:00,35030466.86726062
2025-02-19 10:40:00+09:00,35090760.26978603
2025-02-19 10:41:00+09:00,34996015.21705761
2025-02-19 10:42:00+09:00,34996015.21705761
2025-02-19 10:43:00+09:00,34996015.21705761
2025-02-19 10:44:00+09:00,34996015.21705761
2025-02-19 10:45:00+09:00,34996015.21705761
2025-02-19 10:46:00+09:00,34996015.21705761
2025-02-19 10:47:00+09:00,34996015.21705761
2025-02-19 10:48:00+09:00,34996015.21705761
2025-02-19 10:49:00+09:00,34996015.21705761
2025-02-19 10:50:00+09:00,34996015.21705761
2025-02-19 10:51:00+09:00,34996015.21705761
2025-02-19 10:52:00+09:00,34982016.81097078
2025-02-19 10:53:00+09:00,34922218.49163579
2025-02-19 10:54:00+09:00,34922218.49163579
2025-02-19 10:55:00+09:00,34982016.81097078
2025-02-19 10:56:00+09:00,34982016.81097078
2025-02-19 10:57:00+09:00,34922218.49163579
2025-02-19 10:58:00+09:00,34982016.81097078
2025-02-19 10:59:00+09:00,34922218.49163579
2025-02-19 11:00:00+09:00,34982016.81097078
2025-02-19 11:01:00+09:00,34922218.49163579
2025-02-19 11:02:00+09:00,34922218.49163579
2025-02-19 11:03:00+09:00,34982016.81097078
2025-02-19 11:04:00+09:00,34982016.81097078
2025-02-19 11:05:00+09:00,35041815.130305775
2025-02-19 11:06:00+09:00,34982016.81097078
2025-02-19 11:07:00+09:00,35041815.130305775
2025-02-19 11:08:00+09:00,34982016.81097078
2025-02-19 11:09:00+09:00,35041815.130305775
2025-02-19 11:10:00+09:00,35041815.130305775
2025-02-19 11:11:00+09:00,35101613.449640766
2025-02-19 11:12:00+09:00,35101613.449640766
2025-02-19 11:13:00+09:00,35101613.449640766
2025-02-19 11:14:00+09:00,35041815.130305775
2025-02-19 11:15:00+09:00,35041815.130305775
2025-02-19 11:16:00+09:00,35101613.449640766
2025-02-19 11:17:00+09:00,35041815.130305775
2025-02-19 11:18:00+09:00,35041815.130305775
2025-02-19 11:19:00+09:00,35101613.449640766
2025-02-19 11:20:00+09:00,34982016.81097078
2025-02-19 11:21:00+09:00,34922218.49163579
2025-02-19 11:22:00+09:00,34862420.1723008
2025-02-19 11:23:00+09:00,34922218.49163579
2025-02-19 11:24:00+09:00,34827928.50170837
2025-02-19 11:25:00+09:00,34827928.50170837
2025-02-19 11:26:00+09:00,34827928.50170837
2025-02-19 11:27:00+09:00,34827928.50170837
2025-02-19 11:28:00+09:00,34827928.50170837
2025-02-19 11:29:00+09:00,34827928.50170837
2025-02-19 11:30:00+09:00,34827928.50170837
2025-02-19 11:31:00+09:00,34827928.50170837
2025-02-19 11:32:00+09:00,34827928.50170837
2025-02-19 11:33:00+09:00,34827928.50170837
2025-02-19 11:34:00+09:00,34827928.50170837
2025-02-19 11:35:00+09:00,34827928.50170837
2025-02-19 11:36:00+09:00,34827928.50170837
2025-02-19 11:37:00+09:00,34827928.50170837
2025-02-19 11:38:00+09:00,34827928.50170837
2025-02-19 11:39:00+09:00,34827928.50170837
2025-02-19 11:40:00+09:00,34827928.50170837
2025-02-19 11:41:00+09:00,34827928.50170837
2025-02-19 11:42:00+09:00,34827928.50170837
2025-02-19 11:43:00+09:00,34827928.50170837
2025-02-19 11:44:00+09:00,34827928.50170837
2025-02-19 11:45:00+09:00,34827928.50170837
2025-02-19 11:46:00+09:00,34827928.50170837
2025-02-19 11:47:00+09:00,34827928.50170837
2025-02-19 11:48:00+09:00,34827928.50170837
2025-02-19 11:49:00+09:00,34827928.50170837
2025-02-19 11:50:00+09:00,34827928.50170837
2025-02-19 11:51:00+09:00,34827928.50170837
2025-02-19 11:52:00+09:00,34827928.50170837
2025-02-19 11:53:00+09:00,34827928.50170837
2025-02-19 11:54:00+09:00,34827928.50170837
2025-02-19 11:55:00+09:00,34827928.50170837
2025-02-19 11:56:00+09:00,34827928.50170837
2025-02-19 11:57:00+09:00,34827928.50170837
2025-02-19 11:58:00+09:00,34827928.50170837
2025-02-19 11:59:00+09:00,34827928.50170837
2025-02-19 12:00:00+09:00,34827928.50170837
2025-02-19 12:01:00+09:00,34827928.50170837
2025-02-19 12:02:00+09:00,34813997.33030769
2025-02-19 12:03:00+09:00,34754587.778549485
2025-02-19 12:04:00+09:00,34754587.778549485
2025-02-19 12:05:00+09:00,34813997.33030769
2025-02-19 12:06:00+09:00,34754587.778549485
2025-02-19 12:07:00+09:00,34813997.33030769
2025-02-19 12:08:00+09:00,34754587.778549485
2025-02-19 12:09:00+09:00,34813997.33030769
2025-02-19 12:10:00+09:00,34813997.33030769
2025-02-19 12:11:00+09:00,34813997.33030769
2025-02-19 12:12:00+09:00,34754587.778549485
2025-02-19 12:13:00+09:00,34754587.778549485
2025-02-19 12:14:00+09:00,34813997.33030769
2025-02-19 12:15:00+09:00,34813997.33030769
2025-02-19 12:16:00+09:00,34813997.33030769
2025-02-19 12:17:00+09:00,34754587.778549485
2025-02-19 12:18:00+09:00,34813997.33030769
2025-02-19 12:19:00+09:00,34813997.33030769
2025-02-19 12:20:00+09:00,34813997.33030769
2025-02-19 12:21:00+09:00,34873406.88206589
2025-02-19 12:22:00+09:00,34873406.88206589
2025-02-19 12:23:00+09:00,34813997.330307685
2025-02-19 12:24:00+09:00,34813997.330307685
2025-02-19 12:25:00+09:00,34873406.882065885
2025-02-19 12:26:00+09:00,34873406.882065885
2025-02-19 12:27:00+09:00,34873406.882065885
2025-02-19 12:28:00+09:00,34873406.882065885
2025-02-19 12:29:00+09:00,34873406.882065885
2025-02-19 12:30:00+09:00,34873406.882065885
2025-02-19 12:31:00+09:00,34813997.33030768
2025-02-19 12:32:00+09:00,34813997.33030768
2025-02-19 12:33:00+09:00,34873406.88206588
2025-02-19 12:34:00+09:00,34813997.33030767
2025-02-19 12:35:00+09:00,34873406.88206587
2025-02-19 12:36:00+09:00,34813997.33030766
2025-02-19 12:37:00+09:00,34873406.88206586
2025-02-19 12:38:00+09:00,34813997.330307655
2025-02-19 12:39:00+09:00,34873406.882065855
2025-02-19 12:40:00+09:00,34873406.882065855
2025-02-19 12:41:00+09:00,34932816.433824055
2025-02-19 12:42:00+09:00,34873406.882065855
2025-02-19 12:43:00+09:00,34873406.882065855
2025-02-19 12:44:00+09:00,34813997.33030765
2025-02-19 12:45:00+09:00,34873406.88206585
2025-02-19 12:46:00+09:00,34813997.33030764
2025-02-19 12:47:00+09:00,34873406.88206584
2025-02-19 12:48:00+09:00,34873406.88206584
2025-02-19 12:49:00+09:00,34813997.33030763
2025-02-19 12:50:00+09:00,34813997.33030763
2025-02-19 12:51:00+09:00,34719999.537515804
2025-02-19 12:52:00+09:00,34719999.537515804
2025-02-19 12:53:00+09:00,34719999.537515804
2025-02-19 12:54:00+09:00,34719999.537515804
2025-02-19 12:55:00+09:00,34719999.537515804
2025-02-19 12:56:00+09:00,34719999.537515804
2025-02-19 12:57:00+09:00,34719999.537515804
2025-02-19 12:58:00+09:00,34719999.537515804
2025-02-19 12:59:00+09:00,34719999.537515804
2025-02-19 13:00:00+09:00,34719999.537515804
2025-02-19 13:01:00+09:00,34719999.537515804
2025-02-19 13:02:00+09:00,34706111.5377008
2025-02-19 13:03:00+09:00,34706111.5377008
2025-02-19 13:04:00+09:00,34706111.5377008
2025-02-19 13:05:00+09:00,34706111.5377008
2025-02-19 13:06:00+09:00,34646986.98652925
2025-02-19 13:07:00+09:00,34646986.98652925
2025-02-19 13:08:00+09:00,34612405.03654901
2025-02-19 13:09:00+09:00,34612405.03654901
2025-02-19 13:10:00+09:00,34612405.03654901
2025-02-19 13:11:00+09:00,34612405.03654901
2025-02-19 13:12:00+09:00,34612405.03654901
2025-02-19 13:13:00+09:00,34612405.03654901
2025-02-19 13:14:00+09:00,34612405.03654901
2025-02-19 13:15:00+09:00,34612405.03654901
2025-02-19 13:16:00+09:00,34612405.03654901
2025-02-19 13:17:00+09:00,34612405.03654901
2025-02-19 13:18:00+09:00,34612405.03654901
2025-02-19 13:19:00+09:00,34598560.074534394
2025-02-19 13:20:00+09:00,34657501.40345182
2025-02-19 13:21:00+09:00,34598560.07453439
2025-02-19 13:22:00+09:00,34598560.07453439
2025-02-19 13:23:00+09:00,34598560.07453439
2025-02-19 13:24:00+09:00,34657501.403451815
2025-02-19 13:25:00+09:00,34657501.403451815
2025-02-19 13:26:00+09:00,34598560.07453438
2025-02-19 13:27:00+09:00,34657501.40345181
2025-02-19 13:28:00+09:00,34657501.40345181
2025-02-19 13:29:00+09:00,34598560.07453437
2025-02-19 13:30:00+09:00,34598560.07453437
2025-02-19 13:31:00+09:00,34598560.07453437
2025-02-19 13:32:00+09:00,34657501.4034518
2025-02-19 13:33:00+09:00,34657501.4034518
2025-02-19 13:34:00+09:00,34657501.4034518
2025-02-19 13:35:00+09:00,34598560.074534364
2025-02-19 13:36:00+09:00,34598560.074534364
2025-02-19 13:37:00+09:00,34657501.40345179
2025-02-19 13:38:00+09:00,34657501.40345179
2025-02-19 13:39:00+09:00,34598560.07453436
2025-02-19 13:40:00+09:00,34598560.07453436
2025-02-19 13:41:00+09:00,34657501.403451785
2025-02-19 13:42:00+09:00,34598560.07453435
2025-02-19 13:43:00+09:00,34598560.07453435
2025-02-19 13:44:00+09:00,34657501.40345178
2025-02-19 13:45:00+09:00,34716442.732369214
2025-02-19 13:46:00+09:00,34657501.40345178
2025-02-19 13:47:00+09:00,34657501.40345178
2025-02-19 13:48:00+09:00,34657501.40345178
2025-02-19 13:49:00+09:00,34657501.40345178
2025-02-19 13:50:00+09:00,34716442.732369214
2025-02-19 13:51:00+09:00,34657501.40345178
2025-02-19 13:52:00+09:00,34716442.732369214
2025-02-19 13:53:00+09:00,34716442.732369214
2025-02-19 13:54:00+09:00,34716442.732369214
2025-02-19 13:55:00+09:00,34657501.40345178
2025-02-19 13:56:00+09:00,34657501.40345178
2025-02-19 13:57:00+09:00,34657501.40345178
2025-02-19 13:58:00+09:00,34657501.40345178
2025-02-19 13:59:00+09:00,34598560.07453434
2025-02-19 14:00:00+09:00,34657501.40345177
2025-02-19 14:01:00+09:00,34563926.14966245
2025-02-19 14:02:00+09:00,34563926.14966245
2025-02-19 14:03:00+09:00,34563926.14966245
2025-02-19 14:04:00+09:00,34563926.14966245
2025-02-19 14:05:00+09:00,34563926.14966245
2025-02-19 14:06:00+09:00,34563926.14966245
2025-02-19 14:07:00+09:00,34563926.14966245
2025-02-19 14:08:00+09:00,34563926.14966245
2025-02-19 14:09:00+09:00,34563926.14966245
2025-02-19 14:10:00+09:00,34563926.14966245
2025-02-19 14:11:00+09:00,34563926.14966245
2025-02-19 14:12:00+09:00,34550100.579202585
2025-02-19 14:13:00+09:00,34608959.35361349
2025-02-19 14:14:00+09:00,34515515.16335873
2025-02-19 14:15:00+09:00,34515515.16335873
2025-02-19 14:16:00+09:00,34515515.16335873
2025-02-19 14:17:00+09:00,34515515.16335873
2025-02-19 14:18:00+09:00,34515515.16335873
2025-02-19 14:19:00+09:00,34515515.16335873
2025-02-19 14:20:00+09:00,34515515.16335873
2025-02-19 14:21:00+09:00,34515515.16335873
2025-02-19 14:22:00+09:00,34515515.16335873
2025-02-19 14:23:00+09:00,34515515.16335873
2025-02-19 14:24:00+09:00,34515515.16335873
2025-02-19 14:25:00+09:00,34515515.16335873
2025-02-19 14:26:00+09:00,34515515.16335873
2025-02-19 14:27:00+09:00,34515515.16335873
2025-02-19 14:28:00+09:00,34515515.16335873
2025-02-19 14:29:00+09:00,34515515.16335873
2025-02-19 14:30:00+09:00,34515515.16335873
2025-02-19 14:31:00+09:00,34515515.16335873
2025-02-19 14:32:00+09:00,34515515.16335873
2025-02-19 14:33:00+09:00,34515515.16335873
2025-02-19 14:34:00+09:00,34515515.16335873
2025-02-19 14:35:00+09:00,34515515.16335873
2025-02-19 14:36:00+09:00,34515515.16335873
2025-02-19 14:37:00+09:00,34515515.16335873
2025-02-19 14:38:00+09:00,34515515.16335873
2025-02-19 14:39:00+09:00,34515515.16335873
2025-02-19 14:40:00+09:00,34515515.16335873
2025-02-19 14:41:00+09:00,34515515.16335873
2025-02-19 14:42:00+09:00,34515515.16335873
2025-02-19 14:43:00+09:00,34515515.16335873
2025-02-19 14:44:00+09:00,34515515.16335873
2025-02-19 14:45:00+09:00,34515515.16335873
2025-02-19 14:46:00+09:00,34515515.16335873
2025-02-19 14:47:00+09:00,34515515.16335873
2025-02-19 14:48:00+09:00,34515515.16335873
2025-02-19 14:49:00+09:00,34515515.16335873
2025-02-19 14:50:00+09:00,34515515.16335873
2025-02-19 14:51:00+09:00,34515515.16335873
2025-02-19 14:52:00+09:00,34515515.16335873
2025-02-19 14:53:00+09:00,34515515.16335873
2025-02-19 14:54:00+09:00,34515515.16335873
2025-02-19 14:55:00+09:00,34501708.95729339
2025-02-19 14:56:00+09:00,34560385.333071105
2025-02-19 14:57:00+09:00,34560385.333071105
2025-02-19 14:58:00+09:00,34560385.333071105
2025-02-19 14:59:00+09:00,34560385.333071105
2025-02-19 15:00:00+09:00,34560385.333071105
2025-02-19 15:01:00+09:00,34501708.95729339
2025-02-19 15:02:00+09:00,34560385.333071105
2025-02-19 15:03:00+09:00,34501708.95729339
2025-02-19 15:04:00+09:00,34501708.95729339
2025-02-19 15:05:00+09:00,34501708.95729339
2025-02-19 15:06:00+09:00,34501708.95729339
2025-02-19 15:07:00+09:00,34443032.581515685
2025-02-19 15:08:00+09:00,34443032.581515685
2025-02-19 15:09:00+09:00,34350036.39354559
2025-02-19 15:10:00+09:00,34350036.39354559
2025-02-19 15:11:00+09:00,34350036.39354559
2025-02-19 15:12:00+09:00,34350036.39354559
2025-02-19 15:13:00+09:00,34350036.39354559
2025-02-19 15:14:00+09:00,34350036.39354559
2025-02-19 15:15:00+09:00,34350036.39354559
2025-02-19 15:16:00+09:00,34350036.39354559
2025-02-19 15:17:00+09:00,34350036.39354559
2025-02-19 15:18:00+09:00,34350036.39354559
2025-02-19 15:19:00+09:00,34350036.39354559
2025-02-19 15:30:00+09:00,34350036.39354559
2025-02-19 15:35:00+09:00,34350036.39354559
2025-02-20 09:00:00+09:00,34350036.39354559
2025-02-20 09:01:00+09:00,34350036.39354559
2025-02-20 09:02:00+09:00,34350036.39354559
2025-02-20 09:03:00+09:00,34350036.39354559
2025-02-20 09:04:00+09:00,34350036.39354559
2025-02-20 09:05:00+09:00,34350036.39354559
2025-02-20 09:06:00+09:00,34350036.39354559
2025-02-20 09:07:00+09:00,34350036.39354559
2025-02-20 09:08:00+09:00,34350036.39354559
2025-02-20 09:09:00+09:00,34350036.39354559
2025-02-20 09:10:00+09:00,34350036.39354559
2025-02-20 09:11:00+09:00,34350036.39354559
2025-02-20 09:12:00+09:00,34350036.39354559
2025-02-20 09:13:00+09:00,34350036.39354559
2025-02-20 09:14:00+09:00,34350036.39354559
2025-02-20 09:15:00+09:00,34350036.39354559
2025-02-20 09:16:00+09:00,34350036.39354559
2025-02-20 09:17:00+09:00,34350036.39354559
2025-02-20 09:18:00+09:00,34350036.39354559
2025-02-20 09:19:00+09:00,34350036.39354559
2025-02-20 09:20:00+09:00,34350036.39354559
2025-02-20 09:21:00+09:00,34350036.39354559
2025-02-20 09:22:00+09:00,34350036.39354559
2025-02-20 09:23:00+09:00,34350036.39354559
2025-02-20 09:24:00+09:00,34350036.39354559
2025-02-20 09:25:00+09:00,34350036.39354559
2025-02-20 09:26:00+09:00,34350036.39354559
2025-02-20 09:27:00+09:00,34350036.39354559
2025-02-20 09:28:00+09:00,34350036.39354559
2025-02-20 09:29:00+09:00,34350036.39354559
2025-02-20 09:30:00+09:00,34350036.39354559
2025-02-20 09:31:00+09:00,34350036.39354559
2025-02-20 09:32:00+09:00,34350036.39354559
2025-02-20 09:33:00+09:00,34350036.39354559
2025-02-20 09:34:00+09:00,34350036.39354559
2025-02-20 09:35:00+09:00,34350036.39354559
2025-02-20 09:36:00+09:00,34350036.39354559
2025-02-20 09:37:00+09:00,34350036.39354559
2025-02-20 09:38:00+09:00,34350036.39354559
2025-02-20 09:39:00+09:00,34336296.37898818
2025-02-20 09:40:00+09:00,34336296.37898818
2025-02-20 09:41:00+09:00,34278099.266481414
2025-02-20 09:42:00+09:00,34394493.49149493
2025-02-20 09:43:00+09:00,34394493.49149493
2025-02-20 09:44:00+09:00,34336296.37898817
2025-02-20 09:45:00+09:00,34278099.26648141
2025-02-20 09:46:00+09:00,34219902.153974645
2025-02-20 09:47:00+09:00,34161705.04146789
2025-02-20 09:48:00+09:00,34219902.153974645
2025-02-20 09:49:00+09:00,34127508.41815891
2025-02-20 09:50:00+09:00,34127508.41815891
2025-02-20 09:51:00+09:00,34127508.41815891
2025-02-20 09:52:00+09:00,34127508.41815891
2025-02-20 09:53:00+09:00,34127508.41815891
2025-02-20 09:54:00+09:00,34127508.41815891
2025-02-20 09:55:00+09:00,34127508.41815891
2025-02-20 09:56:00+09:00,34127508.41815891
2025-02-20 09:57:00+09:00,34127508.41815891
2025-02-20 09:58:00+09:00,34127508.41815891
2025-02-20 09:59:00+09:00,34127508.41815891
2025-02-20 10:00:00+09:00,34127508.41815891
2025-02-20 10:01:00+09:00,34127508.41815891
2025-02-20 10:02:00+09:00,34127508.41815891
2025-02-20 10:03:00+09:00,34127508.41815891
2025-02-20 10:04:00+09:00,34127508.41815891
2025-02-20 10:05:00+09:00,34127508.41815891
2025-02-20 10:06:00+09:00,34127508.41815891
2025-02-20 10:07:00+09:00,34127508.41815891
2025-02-20 10:08:00+09:00,34127508.41815891
2025-02-20 10:09:00+09:00,34127508.41815891
2025-02-20 10:10:00+09:00,34127508.41815891
2025-02-20 10:11:00+09:00,34127508.41815891
2025-02-20 10:12:00+09:00,34127508.41815891
2025-02-20 10:13:00+09:00,34127508.41815891
2025-02-20 10:14:00+09:00,34127508.41815891
2025-02-20 10:15:00+09:00,34127508.41815891
2025-02-20 10:16:00+09:00,34127508.41815891
2025-02-20 10:17:00+09:00,34127508.41815891
2025-02-20 10:18:00+09:00,34127508.41815891
2025-02-20 10:19:00+09:00,34127508.41815891
2025-02-20 10:20:00+09:00,34127508.41815891
2025-02-20 10:21:00+09:00,34127508.41815891
2025-02-20 10:22:00+09:00,34127508.41815891
2025-02-20 10:23:00+09:00,34127508.41815891
2025-02-20 10:24:00+09:00,34127508.41815891
2025-02-20 10:25:00+09:00,34127508.41815891
2025-02-20 10:26:00+09:00,34127508.41815891
2025-02-20 10:27:00+09:00,34127508.41815891
2025-02-20 10:28:00+09:00,34127508.41815891
2025-02-20 10:29:00+09:00,34127508.41815891
2025-02-20 10:30:00+09:00,34127508.41815891
2025-02-20 10:31:00+09:00,34127508.41815891
2025-02-20 10:32:00+09:00,34127508.41815891
2025-02-20 10:33:00+09:00,34127508.41815891
2025-02-20 10:34:00+09:00,34127508.41815891
2025-02-20 10:35:00+09:00,34127508.41815891
2025-02-20 10:36:00+09:00,34127508.41815891
2025-02-20 10:37:00+09:00,34127508.41815891
2025-02-20 10:38:00+09:00,34127508.41815891
2025-02-20 10:39:00+09:00,34127508.41815891
2025-02-20 10:40:00+09:00,34127508.41815891
2025-02-20 10:41:00+09:00,34113857.41479165
2025-02-20 10:42:00+09:00,34113857.41479165
2025-02-20 10:43:00+09:00,33997823.88616991
2025-02-20 10:44:00+09:00,34113857.41479165
2025-02-20 10:45:00+09:00,34055840.650480784
2025-02-20 10:46:00+09:00,34113857.41479165
2025-02-20 10:47:00+09:00,34113857.41479165
2025-02-20 10:48:00+09:00,34113857.41479165
2025-02-20 10:49:00+09:00,34055840.650480784
2025-02-20 10:50:00+09:00,34055840.650480784
2025-02-20 10:51:00+09:00,34113857.41479165
2025-02-20 10:52:00+09:00,34113857.41479165
2025-02-20 10:53:00+09:00,34055840.650480784
2025-02-20 10:54:00+09:00,34113857.41479165
2025-02-20 10:55:00+09:00,34055840.650480784
2025-02-20 10:56:00+09:00,34055840.650480784
2025-02-20 10:57:00+09:00,34055840.650480784
2025-02-20 10:58:00+09:00,34055840.650480784
2025-02-20 10:59:00+09:00,34055840.650480784
2025-02-20 11:00:00+09:00,33997823.88616992
2025-02-20 11:01:00+09:00,34055840.650480784
2025-02-20 11:02:00+09:00,33997823.88616992
2025-02-20 11:03:00+09:00,34055840.650480784
2025-02-20 11:04:00+09:00,33997823.88616992
2025-02-20 11:05:00+09:00,34055840.650480784
2025-02-20 11:06:00+09:00,34055840.650480784
2025-02-20 11:07:00+09:00,33997823.88616992
2025-02-20 11:08:00+09:00,34055840.650480784
2025-02-20 11:09:00+09:00,34055840.650480784
2025-02-20 11:10:00+09:00,34055840.650480784
2025-02-20 11:11:00+09:00,34055840.650480784
2025-02-20 11:12:00+09:00,33997823.88616992
2025-02-20 11:13:00+09:00,34055840.650480784
2025-02-20 11:14:00+09:00,33963889.88072448
2025-02-20 11:15:00+09:00,33963889.88072448
2025-02-20 11:16:00+09:00,33963889.88072448
2025-02-20 11:17:00+09:00,33963889.88072448
2025-02-20 11:18:00+09:00,33963889.88072448
2025-02-20 11:19:00+09:00,33963889.88072448
2025-02-20 11:20:00+09:00,33963889.88072448
2025-02-20 11:21:00+09:00,33963889.88072448
2025-02-20 11:22:00+09:00,33963889.88072448
2025-02-20 11:23:00+09:00,33963889.88072448
2025-02-20 11:24:00+09:00,33963889.88072448
2025-02-20 11:25:00+09:00,33963889.88072448
2025-02-20 11:26:00+09:00,33963889.88072448
2025-02-20 11:27:00+09:00,33963889.88072448
2025-02-20 11:28:00+09:00,33963889.88072448
2025-02-20 11:29:00+09:00,33963889.88072448
2025-02-20 11:30:00+09:00,33963889.88072448
2025-02-20 11:31:00+09:00,33963889.88072448
2025-02-20 11:32:00+09:00,33963889.88072448
2025-02-20 11:33:00+09:00,33963889.88072448
2025-02-20 11:34:00+09:00,33963889.88072448
2025-02-20 11:35:00+09:00,33963889.88072448
2025-02-20 11:36:00+09:00,33963889.88072448
2025-02-20 11:37:00+09:00,33963889.88072448
2025-02-20 11:38:00+09:00,33963889.88072448
2025-02-20 11:39:00+09:00,33963889.88072448
2025-02-20 11:40:00+09:00,33963889.88072448
2025-02-20 11:41:00+09:00,33963889.88072448
2025-02-20 11:42:00+09:00,33963889.88072448
2025-02-20 11:43:00+09:00,33963889.88072448
2025-02-20 11:44:00+09:00,33963889.88072448
2025-02-20 11:45:00+09:00,33963889.88072448
2025-02-20 11:46:00+09:00,33963889.88072448
2025-02-20 11:47:00+09:00,33963889.88072448
2025-02-20 11:48:00+09:00,33963889.88072448
2025-02-20 11:49:00+09:00,33963889.88072448
2025-02-20 11:50:00+09:00,33963889.88072448
2025-02-20 11:51:00+09:00,33963889.88072448
2025-02-20 11:52:00+09:00,33963889.88072448
2025-02-20 11:53:00+09:00,33963889.88072448
2025-02-20 11:54:00+09:00,33963889.88072448
2025-02-20 11:55:00+09:00,33963889.88072448
2025-02-20 11:56:00+09:00,33963889.88072448
2025-02-20 11:57:00+09:00,33963889.88072448
2025-02-20 11:58:00+09:00,33963889.88072448
2025-02-20 11:59:00+09:00,33963889.88072448
2025-02-20 12:00:00+09:00,33963889.88072448
2025-02-20 12:01:00+09:00,33963889.88072448
2025-02-20 12:02:00+09:00,33963889.88072448
2025-02-20 12:03:00+09:00,33963889.88072448
2025-02-20 12:04:00+09:00,33963889.88072448
2025-02-20 12:05:00+09:00,33950304.324772194
2025-02-20 12:06:00+09:00,33892467.34977258
2025-02-20 12:07:00+09:00,33892467.34977258
2025-02-20 12:08:00+09:00,33892467.34977258
2025-02-20 12:09:00+09:00,33892467.34977258
2025-02-20 12:10:00+09:00,33834630.374772966
2025-02-20 12:11:00+09:00,33950304.32477219
2025-02-20 12:12:00+09:00,33800957.687928185
2025-02-20 12:13:00+09:00,33800957.687928185
2025-02-20 12:14:00+09:00,33800957.687928185
2025-02-20 12:15:00+09:00,33800957.687928185
2025-02-20 12:16:00+09:00,33800957.687928185
2025-02-20 12:17:00+09:00,33800957.687928185
2025-02-20 12:18:00+09:00,33800957.687928185
2025-02-20 12:19:00+09:00,33800957.687928185
2025-02-20 12:20:00+09:00,33800957.687928185
2025-02-20 12:21:00+09:00,33800957.687928185
2025-02-20 12:22:00+09:00,33800957.687928185
2025-02-20 12:23:00+09:00,33787437.304853015
2025-02-20 12:24:00+09:00,33787437.304853015
2025-02-20 12:25:00+09:00,33787437.304853015
2025-02-20 12:26:00+09:00,33729975.67678354
2025-02-20 12:27:00+09:00,33729975.67678354
2025-02-20 12:28:00+09:00,33729975.67678354
2025-02-20 12:29:00+09:00,33672514.048714064
2025-02-20 12:30:00+09:00,33729975.67678354
2025-02-20 12:31:00+09:00,33729975.67678354
2025-02-20 12:32:00+09:00,33729975.67678354
2025-02-20 12:33:00+09:00,33729975.67678354
2025-02-20 12:34:00+09:00,33729975.67678354
2025-02-20 12:35:00+09:00,33729975.67678354
2025-02-20 12:36:00+09:00,33672514.048714064
2025-02-20 12:37:00+09:00,33672514.048714064
2025-02-20 12:38:00+09:00,33581598.26078253
2025-02-20 12:39:00+09:00,33581598.26078253
2025-02-20 12:40:00+09:00,33581598.26078253
2025-02-20 12:41:00+09:00,33581598.26078253
2025-02-20 12:42:00+09:00,33581598.26078253
2025-02-20 12:43:00+09:00,33581598.26078253
2025-02-20 12:44:00+09:00,33581598.26078253
2025-02-20 12:45:00+09:00,33581598.26078253
2025-02-20 12:46:00+09:00,33581598.26078253
2025-02-20 12:47:00+09:00,33581598.26078253
2025-02-20 12:48:00+09:00,33581598.26078253
2025-02-20 12:49:00+09:00,33581598.26078253
2025-02-20 12:50:00+09:00,33581598.26078253
2025-02-20 12:51:00+09:00,33581598.26078253
2025-02-20 12:52:00+09:00,33581598.26078253
2025-02-20 12:53:00+09:00,33581598.26078253
2025-02-20 12:54:00+09:00,33581598.26078253
2025-02-20 12:55:00+09:00,33581598.26078253
2025-02-20 12:56:00+09:00,33581598.26078253
2025-02-20 12:57:00+09:00,33581598.26078253
2025-02-20 12:58:00+09:00,33581598.26078253
2025-02-20 12:59:00+09:00,33581598.26078253
2025-02-20 13:00:00+09:00,33581598.26078253
2025-02-20 13:01:00+09:00,33581598.26078253
2025-02-20 13:02:00+09:00,33581598.26078253
2025-02-20 13:03:00+09:00,33581598.26078253
2025-02-20 13:04:00+09:00,33581598.26078253
2025-02-20 13:05:00+09:00,33581598.26078253
2025-02-20 13:06:00+09:00,33581598.26078253
2025-02-20 13:07:00+09:00,33581598.26078253
2025-02-20 13:08:00+09:00,33581598.26078253
2025-02-20 13:09:00+09:00,33581598.26078253
2025-02-20 13:10:00+09:00,33581598.26078253
2025-02-20 13:11:00+09:00,33581598.26078253
2025-02-20 13:12:00+09:00,33581598.26078253
2025-02-20 13:13:00+09:00,33581598.26078253
2025-02-20 13:14:00+09:00,33581598.26078253
2025-02-20 13:15:00+09:00,33581598.26078253
2025-02-20 13:16:00+09:00,33581598.26078253
2025-02-20 13:17:00+09:00,33581598.26078253
2025-02-20 13:18:00+09:00,33581598.26078253
2025-02-20 13:19:00+09:00,33581598.26078253
2025-02-20 13:20:00+09:00,33581598.26078253
2025-02-20 13:21:00+09:00,33581598.26078253
2025-02-20 13:22:00+09:00,33581598.26078253
2025-02-20 13:23:00+09:00,33581598.26078253
2025-02-20 13:24:00+09:00,33581598.26078253
2025-02-20 13:25:00+09:00,33581598.26078253
2025-02-20 13:26:00+09:00,33581598.26078253
2025-02-20 13:27:00+09:00,33581598.26078253
2025-02-20 13:28:00+09:00,33581598.26078253
2025-02-20 13:29:00+09:00,33581598.26078253
2025-02-20 13:30:00+09:00,33581598.26078253
2025-02-20 13:31:00+09:00,33581598.26078253
2025-02-20 13:32:00+09:00,33581598.26078253
2025-02-20 13:33:00+09:00,33581598.26078253
2025-02-20 13:34:00+09:00,33581598.26078253
2025-02-20 13:35:00+09:00,33581598.26078253
2025-02-20 13:36:00+09:00,33581598.26078253
2025-02-20 13:37:00+09:00,33581598.26078253
2025-02-20 13:38:00+09:00,33581598.26078253
2025-02-20 13:39:00+09:00,33581598.26078253
2025-02-20 13:40:00+09:00,33581598.26078253
2025-02-20 13:41:00+09:00,33581598.26078253
2025-02-20 13:42:00+09:00,33581598.26078253
2025-02-20 13:43:00+09:00,33581598.26078253
2025-02-20 13:44:00+09:00,33581598.26078253
2025-02-20 13:45:00+09:00,33581598.26078253
2025-02-20 13:46:00+09:00,33581598.26078253
2025-02-20 13:47:00+09:00,33581598.26078253
2025-02-20 13:48:00+09:00,33581598.26078253
2025-02-20 13:49:00+09:00,33581598.26078253
2025-02-20 13:50:00+09:00,33581598.26078253
2025-02-20 13:51:00+09:00,33581598.26078253
2025-02-20 13:52:00+09:00,33581598.26078253
2025-02-20 13:53:00+09:00,33581598.26078253
2025-02-20 13:54:00+09:00,33581598.26078253
2025-02-20 13:55:00+09:00,33581598.26078253
2025-02-20 13:56:00+09:00,33581598.26078253
2025-02-20 13:57:00+09:00,33581598.26078253
2025-02-20 13:58:00+09:00,33581598.26078253
2025-02-20 13:59:00+09:00,33581598.26078253
2025-02-20 14:00:00+09:00,33581598.26078253
2025-02-20 14:01:00+09:00,33581598.26078253
2025-02-20 14:02:00+09:00,33581598.26078253
2025-02-20 14:03:00+09:00,33581598.26078253
2025-02-20 14:04:00+09:00,33581598.26078253
2025-02-20 14:05:00+09:00,33581598.26078253
2025-02-20 14:06:00+09:00,33581598.26078253
2025-02-20 14:07:00+09:00,33581598.26078253
2025-02-20 14:08:00+09:00,33581598.26078253
2025-02-20 14:09:00+09:00,33581598.26078253
2025-02-20 14:10:00+09:00,33581598.26078253
2025-02-20 14:11:00+09:00,33581598.26078253
2025-02-20 14:12:00+09:00,33581598.26078253
2025-02-20 14:13:00+09:00,33581598.26078253
2025-02-20 14:14:00+09:00,33581598.26078253
2025-02-20 14:15:00+09:00,33581598.26078253
2025-02-20 14:16:00+09:00,33581598.26078253
2025-02-20 14:17:00+09:00,33581598.26078253
2025-02-20 14:18:00+09:00,33581598.26078253
2025-02-20 14:19:00+09:00,33581598.26078253
2025-02-20 14:20:00+09:00,33581598.26078253
2025-02-20 14:21:00+09:00,33581598.26078253
2025-02-20 14:22:00+09:00,33581598.26078253
2025-02-20 14:23:00+09:00,33581598.26078253
2025-02-20 14:24:00+09:00,33581598.26078253
2025-02-20 14:25:00+09:00,33581598.26078253
2025-02-20 14:26:00+09:00,33581598.26078253
2025-02-20 14:27:00+09:00,33581598.26078253
2025-02-20 14:28:00+09:00,33581598.26078253
2025-02-20 14:29:00+09:00,33581598.26078253
2025-02-20 14:30:00+09:00,33581598.26078253
2025-02-20 14:31:00+09:00,33581598.26078253
2025-02-20 14:32:00+09:00,33581598.26078253
2025-02-20 14:33:00+09:00,33581598.26078253
2025-02-20 14:34:00+09:00,33581598.26078253
2025-02-20 14:35:00+09:00,33581598.26078253
2025-02-20 14:36:00+09:00,33581598.26078253
2025-02-20 14:37:00+09:00,33581598.26078253
2025-02-20 14:38:00+09:00,33581598.26078253
2025-02-20 14:39:00+09:00,33581598.26078253
2025-02-20 14:40:00+09:00,33581598.26078253
2025-02-20 14:41:00+09:00,33568165.62147822
2025-02-20 14:42:00+09:00,33477531.57430023
2025-02-20 14:43:00+09:00,33477531.57430023
2025-02-20 14:44:00+09:00,33477531.57430023
2025-02-20 14:45:00+09:00,33477531.57430023
2025-02-20 14:46:00+09:00,33477531.57430023
2025-02-20 14:47:00+09:00,33477531.57430023
2025-02-20 14:48:00+09:00,33477531.57430023
2025-02-20 14:49:00+09:00,33477531.57430023
2025-02-20 14:50:00+09:00,33477531.57430023
2025-02-20 14:51:00+09:00,33477531.57430023
2025-02-20 14:52:00+09:00,33477531.57430023
2025-02-20 14:53:00+09:00,33464140.561670512
2025-02-20 14:54:00+09:00,33373787.382154
2025-02-20 14:55:00+09:00,33373787.382154
2025-02-20 14:56:00+09:00,33373787.382154
2025-02-20 14:57:00+09:00,33373787.382154
2025-02-20 14:58:00+09:00,33373787.382154
2025-02-20 14:59:00+09:00,33373787.382154
2025-02-20 15:00:00+09:00,33373787.382154
2025-02-20 15:01:00+09:00,33373787.382154
2025-02-20 15:02:00+09:00,33373787.382154
2025-02-20 15:03:00+09:00,33373787.382154
2025-02-20 15:04:00+09:00,33373787.382154
2025-02-20 15:05:00+09:00,33373787.382154
2025-02-20 15:06:00+09:00,33373787.382154
2025-02-20 15:07:00+09:00,33373787.382154
2025-02-20 15:08:00+09:00,33373787.382154
2025-02-20 15:09:00+09:00,33373787.382154
2025-02-20 15:10:00+09:00,33373787.382154
2025-02-20 15:11:00+09:00,33373787.382154
2025-02-20 15:12:00+09:00,33373787.382154
2025-02-20 15:13:00+09:00,33373787.382154
2025-02-20 15:14:00+09:00,33373787.382154
2025-02-20 15:15:00+09:00,33373787.382154
2025-02-20 15:16:00+09:00,33373787.382154
2025-02-20 15:17:00+09:00,33373787.382154
2025-02-20 15:18:00+09:00,33373787.382154
2025-02-20 15:19:00+09:00,33373787.382154
2025-02-20 15:30:00+09:00,33373787.382154
2025-02-20 15:35:00+09:00,33373787.382154
2025-02-21 09:00:00+09:00,33373787.382154
2025-02-21 09:01:00+09:00,33373787.382154
2025-02-21 09:02:00+09:00,33373787.382154
2025-02-21 09:03:00+09:00,33373787.382154
2025-02-21 09:04:00+09:00,33373787.382154
2025-02-21 09:05:00+09:00,33373787.382154
2025-02-21 09:06:00+09:00,33373787.382154
2025-02-21 09:07:00+09:00,33373787.382154
2025-02-21 09:08:00+09:00,33373787.382154
2025-02-21 09:09:00+09:00,33373787.382154
2025-02-21 09:10:00+09:00,33373787.382154
2025-02-21 09:11:00+09:00,33373787.382154
2025-02-21 09:12:00+09:00,33373787.382154
2025-02-21 09:13:00+09:00,33373787.382154
2025-02-21 09:14:00+09:00,33373787.382154
2025-02-21 09:15:00+09:00,33373787.382154
2025-02-21 09:16:00+09:00,33373787.382154
2025-02-21 09:17:00+09:00,33373787.382154
2025-02-21 09:18:00+09:00,33373787.382154
2025-02-21 09:19:00+09:00,33373787.382154
2025-02-21 09:20:00+09:00,33373787.382154
2025-02-21 09:21:00+09:00,33373787.382154
2025-02-21 09:22:00+09:00,33373787.382154
2025-02-21 09:23:00+09:00,33373787.382154
2025-02-21 09:24:00+09:00,33373787.382154
2025-02-21 09:25:00+09:00,33373787.382154
2025-02-21 09:26:00+09:00,33373787.382154
2025-02-21 09:27:00+09:00,33373787.382154
2025-02-21 09:28:00+09:00,33373787.382154
2025-02-21 09:29:00+09:00,33373787.382154
2025-02-21 09:30:00+09:00,33373787.382154
2025-02-21 09:31:00+09:00,33373787.382154
2025-02-21 09:32:00+09:00,33373787.382154
2025-02-21 09:33:00+09:00,33373787.382154
2025-02-21 09:34:00+09:00,33373787.382154
2025-02-21 09:35:00+09:00,33373787.382154
2025-02-21 09:36:00+09:00,33373787.382154
2025-02-21 09:37:00+09:00,33373787.382154
2025-02-21 09:38:00+09:00,33373787.382154
2025-02-21 09:39:00+09:00,33373787.382154
2025-02-21 09:40:00+09:00,33373787.382154
2025-02-21 09:41:00+09:00,33373787.382154
2025-02-21 09:42:00+09:00,33373787.382154
2025-02-21 09:43:00+09:00,33373787.382154
2025-02-21 09:44:00+09:00,33373787.382154
2025-02-21 09:45:00+09:00,33373787.382154
2025-02-21 09:46:00+09:00,33373787.382154
2025-02-21 09:47:00+09:00,33373787.382154
2025-02-21 09:48:00+09:00,33373787.382154
2025-02-21 09:49:00+09:00,33373787.382154
2025-02-21 09:50:00+09:00,33373787.382154
2025-02-21 09:51:00+09:00,33373787.382154
2025-02-21 09:52:00+09:00,33373787.382154
2025-02-21 09:53:00+09:00,33373787.382154
2025-02-21 09:54:00+09:00,33373787.382154
2025-02-21 09:55:00+09:00,33373787.382154
2025-02-21 09:56:00+09:00,33373787.382154
2025-02-21 09:57:00+09:00,33373787.382154
2025-02-21 09:58:00+09:00,33373787.382154
2025-02-21 09:59:00+09:00,33373787.382154
2025-02-21 10:00:00+09:00,33373787.382154
2025-02-21 10:01:00+09:00,33373787.382154
2025-02-21 10:02:00+09:00,33373787.382154
2025-02-21 10:03:00+09:00,33373787.382154
2025-02-21 10:04:00+09:00,33373787.382154
2025-02-21 10:05:00+09:00,33373787.382154
2025-02-21 10:06:00+09:00,33373787.382154
2025-02-21 10:07:00+09:00,33373787.382154
2025-02-21 10:08:00+09:00,33373787.382154
2025-02-21 10:09:00+09:00,33373787.382154
2025-02-21 10:10:00+09:00,33373787.382154
2025-02-21 10:11:00+09:00,33373787.382154
2025-02-21 10:12:00+09:00,33373787.382154
2025-02-21 10:13:00+09:00,33373787.382154
2025-02-21 10:14:00+09:00,33373787.382154
2025-02-21 10:15:00+09:00,33373787.382154
2025-02-21 10:16:00+09:00,33373787.382154
2025-02-21 10:17:00+09:00,33373787.382154
2025-02-21 10:18:00+09:00,33373787.382154
2025-02-21 10:19:00+09:00,33373787.382154
2025-02-21 10:20:00+09:00,33373787.382154
2025-02-21 10:21:00+09:00,33373787.382154
2025-02-21 10:22:00+09:00,33373787.382154
2025-02-21 10:23:00+09:00,33373787.382154
2025-02-21 10:24:00+09:00,33373787.382154
2025-02-21 10:25:00+09:00,33373787.382154
2025-02-21 10:26:00+09:00,33373787.382154
2025-02-21 10:27:00+09:00,33373787.382154
2025-02-21 10:28:00+09:00,33373787.382154
2025-02-21 10:29:00+09:00,33373787.382154
2025-02-21 10:30:00+09:00,33373787.382154
2025-02-21 10:31:00+09:00,33373787.382154
2025-02-21 10:32:00+09:00,33373787.382154
2025-02-21 10:33:00+09:00,33373787.382154
2025-02-21 10:34:00+09:00,33373787.382154
2025-02-21 10:35:00+09:00,33373787.382154
2025-02-21 10:36:00+09:00,33373787.382154
2025-02-21 10:37:00+09:00,33373787.382154
2025-02-21 10:38:00+09:00,33373787.382154
2025-02-21 10:39:00+09:00,33373787.382154
2025-02-21 10:40:00+09:00,33373787.382154
2025-02-21 10:41:00+09:00,33373787.382154
2025-02-21 10:42:00+09:00,33373787.382154
2025-02-21 10:43:00+09:00,33373787.382154
2025-02-21 10:44:00+09:00,33373787.382154
2025-02-21 10:45:00+09:00,33373787.382154
2025-02-21 10:46:00+09:00,33373787.382154
2025-02-21 10:47:00+09:00,33373787.382154
2025-02-21 10:48:00+09:00,33373787.382154
2025-02-21 10:49:00+09:00,33360437.86720114
2025-02-21 10:50:00+09:00,33360437.86720114
2025-02-21 10:51:00+09:00,33418557.09693494
2025-02-21 10:52:00+09:00,33418557.09693494
2025-02-21 10:53:00+09:00,33418557.09693494
2025-02-21 10:54:00+09:00,33360437.867201142
2025-02-21 10:55:00+09:00,33360437.867201142
2025-02-21 10:56:00+09:00,33418557.096934944
2025-02-21 10:57:00+09:00,33418557.096934944
2025-02-21 10:58:00+09:00,33418557.096934944
2025-02-21 10:59:00+09:00,33418557.096934944
2025-02-21 11:00:00+09:00,33418557.096934944
2025-02-21 11:01:00+09:00,33418557.096934944
2025-02-21 11:02:00+09:00,33418557.096934944
2025-02-21 11:03:00+09:00,33418557.096934944
2025-02-21 11:04:00+09:00,33360437.867201146
2025-02-21 11:05:00+09:00,33302318.637467347
2025-02-21 11:06:00+09:00,33360437.867201146
2025-02-21 11:07:00+09:00,33270364.684959702
2025-02-21 11:08:00+09:00,33270364.684959702
2025-02-21 11:09:00+09:00,33270364.684959702
2025-02-21 11:10:00+09:00,33270364.684959702
2025-02-21 11:11:00+09:00,33270364.684959702
2025-02-21 11:12:00+09:00,33270364.684959702
2025-02-21 11:13:00+09:00,33270364.684959702
2025-02-21 11:14:00+09:00,33270364.684959702
2025-02-21 11:15:00+09:00,33270364.684959702
2025-02-21 11:16:00+09:00,33270364.684959702
2025-02-21 11:17:00+09:00,33270364.684959702
2025-02-21 11:18:00+09:00,33270364.684959702
2025-02-21 11:19:00+09:00,33270364.684959702
2025-02-21 11:20:00+09:00,33257056.53908572
2025-02-21 11:21:00+09:00,33257056.53908572
2025-02-21 11:22:00+09:00,33167262.486430187
2025-02-21 11:23:00+09:00,33167262.486430187
2025-02-21 11:24:00+09:00,33167262.486430187
2025-02-21 11:25:00+09:00,33167262.486430187
2025-02-21 11:26:00+09:00,33167262.486430187
2025-02-21 11:27:00+09:00,33167262.486430187
2025-02-21 11:28:00+09:00,33167262.486430187
2025-02-21 11:29:00+09:00,33167262.486430187
2025-02-21 11:30:00+09:00,33167262.486430187
2025-02-21 11:31:00+09:00,33167262.486430187
2025-02-21 11:32:00+09:00,33167262.486430187
2025-02-21 11:33:00+09:00,33167262.486430187
2025-02-21 11:34:00+09:00,33167262.486430187
2025-02-21 11:35:00+09:00,33167262.486430187
2025-02-21 11:36:00+09:00,33167262.486430187
2025-02-21 11:37:00+09:00,33167262.486430187
2025-02-21 11:38:00+09:00,33167262.486430187
2025-02-21 11:39:00+09:00,33167262.486430187
2025-02-21 11:40:00+09:00,33167262.486430187
2025-02-21 11:41:00+09:00,33167262.486430187
2025-02-21 11:42:00+09:00,33167262.486430187
2025-02-21 11:43:00+09:00,33167262.486430187
2025-02-21 11:44:00+09:00,33167262.486430187
2025-02-21 11:45:00+09:00,33167262.486430187
2025-02-21 11:46:00+09:00,33167262.486430187
2025-02-21 11:47:00+09:00,33167262.486430187
2025-02-21 11:48:00+09:00,33167262.486430187
2025-02-21 11:49:00+09:00,33167262.486430187
2025-02-21 11:50:00+09:00,33167262.486430187
2025-02-21 11:51:00+09:00,33167262.486430187
2025-02-21 11:52:00+09:00,33167262.486430187
2025-02-21 11:53:00+09:00,33167262.486430187
2025-02-21 11:54:00+09:00,33167262.486430187
2025-02-21 11:55:00+09:00,33167262.486430187
2025-02-21 11:56:00+09:00,33167262.486430187
2025-02-21 11:57:00+09:00,33153995.581435617
2025-02-21 11:58:00+09:00,33064479.79336574
2025-02-21 11:59:00+09:00,33064479.79336574
2025-02-21 12:00:00+09:00,33064479.79336574
2025-02-21 12:01:00+09:00,33064479.79336574
2025-02-21 12:02:00+09:00,33064479.79336574
2025-02-21 12:03:00+09:00,33064479.79336574
2025-02-21 12:04:00+09:00,33064479.79336574
2025-02-21 12:05:00+09:00,33064479.79336574
2025-02-21 12:06:00+09:00,33064479.79336574
2025-02-21 12:07:00+09:00,33064479.79336574
2025-02-21 12:08:00+09:00,33064479.79336574
2025-02-21 12:09:00+09:00,33051254.001448393
2025-02-21 12:10:00+09:00,32993972.79867292
2025-02-21 12:11:00+09:00,33108535.204223868
2025-02-21 12:12:00+09:00,33108535.204223868
2025-02-21 12:13:00+09:00,33108535.204223868
2025-02-21 12:14:00+09:00,33051254.001448393
2025-02-21 12:15:00+09:00,33051254.001448393
2025-02-21 12:16:00+09:00,33051254.001448393
2025-02-21 12:17:00+09:00,33108535.204223868
2025-02-21 12:18:00+09:00,33108535.204223868
2025-02-21 12:19:00+09:00,33108535.204223868
2025-02-21 12:20:00+09:00,33108535.204223868
2025-02-21 12:21:00+09:00,33051254.001448393
2025-02-21 12:22:00+09:00,33108535.204223868
2025-02-21 12:23:00+09:00,33051254.001448393
2025-02-21 12:24:00+09:00,33108535.204223868
2025-02-21 12:25:00+09:00,33051254.001448393
2025-02-21 12:26:00+09:00,33108535.204223868
2025-02-21 12:27:00+09:00,33108535.204223868
2025-02-21 12:28:00+09:00,33108535.204223868
2025-02-21 12:29:00+09:00,33051254.001448393
2025-02-21 12:30:00+09:00,33051254.001448393
2025-02-21 12:31:00+09:00,33108535.204223868
2025-02-21 12:32:00+09:00,33051254.001448393
2025-02-21 12:33:00+09:00,33051254.001448393
2025-02-21 12:34:00+09:00,33108535.204223868
2025-02-21 12:35:00+09:00,33051254.001448393
2025-02-21 12:36:00+09:00,33051254.001448393
2025-02-21 12:37:00+09:00,33051254.001448393
2025-02-21 12:38:00+09:00,33051254.001448393
2025-02-21 12:39:00+09:00,33108535.204223868
2025-02-21 12:40:00+09:00,33051254.001448393
2025-02-21 12:41:00+09:00,33108535.204223868
2025-02-21 12:42:00+09:00,33051254.001448393
2025-02-21 12:43:00+09:00,33108535.204223868
2025-02-21 12:44:00+09:00,33051254.001448393
2025-02-21 12:45:00+09:00,33051254.001448393
2025-02-21 12:46:00+09:00,33051254.001448393
2025-02-21 12:47:00+09:00,33051254.001448393
2025-02-21 12:48:00+09:00,33108535.204223868
2025-02-21 12:49:00+09:00,33051254.001448393
2025-02-21 12:50:00+09:00,33051254.001448393
2025-02-21 12:51:00+09:00,33051254.001448393
2025-02-21 12:52:00+09:00,33051254.001448393
2025-02-21 12:53:00+09:00,33108535.204223868
2025-02-21 12:54:00+09:00,33051254.001448393
2025-02-21 12:55:00+09:00,32993972.79867292
2025-02-21 12:56:00+09:00,33051254.001448393
2025-02-21 12:57:00+09:00,32962015.61564448
2025-02-21 12:58:00+09:00,32962015.61564448
2025-02-21 12:59:00+09:00,32962015.61564448
2025-02-21 13:00:00+09:00,32962015.61564448
2025-02-21 13:01:00+09:00,32962015.61564448
2025-02-21 13:02:00+09:00,32962015.61564448
2025-02-21 13:03:00+09:00,32962015.61564448
2025-02-21 13:04:00+09:00,32962015.61564448
2025-02-21 13:05:00+09:00,32962015.61564448
2025-02-21 13:06:00+09:00,32962015.61564448
2025-02-21 13:07:00+09:00,32962015.61564448
2025-02-21 13:08:00+09:00,32962015.61564448
2025-02-21 13:09:00+09:00,32962015.61564448
2025-02-21 13:10:00+09:00,32962015.61564448
2025-02-21 13:11:00+09:00,32962015.61564448
2025-02-21 13:12:00+09:00,32962015.61564448
2025-02-21 13:13:00+09:00,32962015.61564448
2025-02-21 13:14:00+09:00,32962015.61564448
2025-02-21 13:15:00+09:00,32962015.61564448
2025-02-21 13:16:00+09:00,32962015.61564448
2025-02-21 13:17:00+09:00,32962015.61564448
2025-02-21 13:18:00+09:00,32962015.61564448
2025-02-21 13:19:00+09:00,32962015.61564448
2025-02-21 13:20:00+09:00,32962015.61564448
2025-02-21 13:21:00+09:00,32962015.61564448
2025-02-21 13:22:00+09:00,32962015.61564448
2025-02-21 13:23:00+09:00,32962015.61564448
2025-02-21 13:24:00+09:00,32962015.61564448
2025-02-21 13:25:00+09:00,32962015.61564448
2025-02-21 13:26:00+09:00,32962015.61564448
2025-02-21 13:27:00+09:00,32962015.61564448
2025-02-21 13:28:00+09:00,32962015.61564448
2025-02-21 13:29:00+09:00,32962015.61564448
2025-02-21 13:30:00+09:00,32962015.61564448
2025-02-21 13:31:00+09:00,32962015.61564448
2025-02-21 13:32:00+09:00,32962015.61564448
2025-02-21 13:33:00+09:00,32962015.61564448
2025-02-21 13:34:00+09:00,32962015.61564448
2025-02-21 13:35:00+09:00,32962015.61564448
2025-02-21 13:36:00+09:00,32962015.61564448
2025-02-21 13:37:00+09:00,32962015.61564448
2025-02-21 13:38:00+09:00,32962015.61564448
2025-02-21 13:39:00+09:00,32962015.61564448
2025-02-21 13:40:00+09:00,32962015.61564448
2025-02-21 13:41:00+09:00,32962015.61564448
2025-02-21 13:42:00+09:00,32962015.61564448
2025-02-21 13:43:00+09:00,32962015.61564448
2025-02-21 13:44:00+09:00,32962015.61564448
2025-02-21 13:45:00+09:00,32962015.61564448
2025-02-21 13:46:00+09:00,32962015.61564448
2025-02-21 13:47:00+09:00,32962015.61564448
2025-02-21 13:48:00+09:00,32962015.61564448
2025-02-21 13:49:00+09:00,32962015.61564448
2025-02-21 13:50:00+09:00,32962015.61564448
2025-02-21 13:51:00+09:00,32962015.61564448
2025-02-21 13:52:00+09:00,32962015.61564448
2025-02-21 13:53:00+09:00,32962015.61564448
2025-02-21 13:54:00+09:00,32962015.61564448
2025-02-21 13:55:00+09:00,32962015.61564448
2025-02-21 13:56:00+09:00,32962015.61564448
2025-02-21 13:57:00+09:00,32962015.61564448
2025-02-21 13:58:00+09:00,32962015.61564448
2025-02-21 13:59:00+09:00,32962015.61564448
2025-02-21 14:00:00+09:00,32962015.61564448
2025-02-21 14:01:00+09:00,32962015.61564448
2025-02-21 14:02:00+09:00,32962015.61564448
2025-02-21 14:03:00+09:00,32962015.61564448
2025-02-21 14:04:00+09:00,32962015.61564448
2025-02-21 14:05:00+09:00,32962015.61564448
2025-02-21 14:06:00+09:00,32962015.61564448
2025-02-21 14:07:00+09:00,32962015.61564448
2025-02-21 14:08:00+09:00,32962015.61564448
2025-02-21 14:09:00+09:00,32962015.61564448
2025-02-21 14:10:00+09:00,32962015.61564448
2025-02-21 14:11:00+09:00,32962015.61564448
2025-02-21 14:12:00+09:00,32962015.61564448
2025-02-21 14:13:00+09:00,32962015.61564448
2025-02-21 14:14:00+09:00,32962015.61564448
2025-02-21 14:15:00+09:00,32962015.61564448
2025-02-21 14:16:00+09:00,32962015.61564448
2025-02-21 14:17:00+09:00,32962015.61564448
2025-02-21 14:18:00+09:00,32962015.61564448
2025-02-21 14:19:00+09:00,32948830.809398226
2025-02-21 14:20:00+09:00,32948830.809398226
2025-02-21 14:21:00+09:00,32948830.809398226
2025-02-21 14:22:00+09:00,32948830.809398226
2025-02-21 14:23:00+09:00,32948830.809398226
2025-02-21 14:24:00+09:00,32892120.257230587
2025-02-21 14:25:00+09:00,32948830.809398223
2025-02-21 14:26:00+09:00,32948830.809398223
2025-02-21 14:27:00+09:00,32948830.809398223
2025-02-21 14:28:00+09:00,33005541.361565866
2025-02-21 14:29:00+09:00,33005541.361565866
2025-02-21 14:30:00+09:00,33005541.361565866
2025-02-21 14:31:00+09:00,32948830.809398226
2025-02-21 14:32:00+09:00,32892120.257230587
2025-02-21 14:33:00+09:00,32892120.257230587
2025-02-21 14:34:00+09:00,32892120.257230587
2025-02-21 14:35:00+09:00,32892120.257230587
2025-02-21 14:36:00+09:00,32892120.257230587
2025-02-21 14:37:00+09:00,32892120.257230587
2025-02-21 14:38:00+09:00,32892120.257230587
2025-02-21 14:39:00+09:00,32948830.809398223
2025-02-21 14:40:00+09:00,32948830.809398223
2025-02-21 14:41:00+09:00,32948830.809398223
2025-02-21 14:42:00+09:00,32948830.809398223
2025-02-21 14:43:00+09:00,32948830.809398223
2025-02-21 14:44:00+09:00,32948830.809398223
2025-02-21 14:45:00+09:00,32892120.257230584
2025-02-21 14:46:00+09:00,32948830.80939822
2025-02-21 14:47:00+09:00,32892120.25723058
2025-02-21 14:48:00+09:00,32948830.809398215
2025-02-21 14:49:00+09:00,32892120.257230576
2025-02-21 14:50:00+09:00,32892120.257230576
2025-02-21 14:51:00+09:00,32892120.257230576
2025-02-21 14:52:00+09:00,32948830.80939821
2025-02-21 14:53:00+09:00,33005541.361565854
2025-02-21 14:54:00+09:00,32948830.809398215
2025-02-21 14:55:00+09:00,32948830.809398215
2025-02-21 14:56:00+09:00,32948830.809398215
2025-02-21 14:57:00+09:00,33005541.361565858
2025-02-21 14:58:00+09:00,32948830.80939822
2025-02-21 14:59:00+09:00,32948830.80939822
2025-02-21 15:00:00+09:00,33005541.36156586
2025-02-21 15:01:00+09:00,32948830.809398223
2025-02-21 15:02:00+09:00,32948830.809398223
2025-02-21 15:03:00+09:00,32948830.809398223
2025-02-21 15:04:00+09:00,32948830.809398223
2025-02-21 15:05:00+09:00,32948830.809398223
2025-02-21 15:06:00+09:00,33005541.361565866
2025-02-21 15:07:00+09:00,33005541.361565866
2025-02-21 15:08:00+09:00,33005541.361565866
2025-02-21 15:09:00+09:00,33005541.361565866
2025-02-21 15:10:00+09:00,33005541.361565866
2025-02-21 15:11:00+09:00,33005541.361565866
2025-02-21 15:12:00+09:00,33005541.361565866
2025-02-21 15:13:00+09:00,32948830.809398226
2025-02-21 15:14:00+09:00,33005541.36156587
2025-02-21 15:15:00+09:00,32948830.80939823
2025-02-21 15:16:00+09:00,32948830.80939823
2025-02-21 15:17:00+09:00,32948830.80939823
2025-02-21 15:18:00+09:00,32948830.80939823
2025-02-21 15:19:00+09:00,32948830.80939823
2025-02-21 15:30:00+09:00,32916426.399889644
2025-02-21 15:35:00+09:00,32916426.399889644
2025-02-24 09:00:00+09:00,32916426.399889644
2025-02-24 09:01:00+09:00,32916426.399889644
2025-02-24 09:02:00+09:00,32916426.399889644
2025-02-24 09:03:00+09:00,32916426.399889644
2025-02-24 09:04:00+09:00,32916426.399889644
2025-02-24 09:05:00+09:00,32916426.399889644
2025-02-24 09:06:00+09:00,32916426.399889644
2025-02-24 09:07:00+09:00,32916426.399889644
2025-02-24 09:08:00+09:00,32916426.399889644
2025-02-24 09:09:00+09:00,32916426.399889644
2025-02-24 09:10:00+09:00,32916426.399889644
2025-02-24 09:11:00+09:00,32916426.399889644
2025-02-24 09:12:00+09:00,32916426.399889644
2025-02-24 09:13:00+09:00,32916426.399889644
