,equity
2025-12-04 12:21:00+09:00,100000000.0
2025-12-04 12:22:00+09:00,100000000.0
2025-12-04 12:23:00+09:00,100000000.0
2025-12-04 12:24:00+09:00,100000000.0
2025-12-04 12:25:00+09:00,100000000.0
2025-12-04 12:26:00+09:00,100000000.0
2025-12-04 12:27:00+09:00,100000000.0
2025-12-04 12:28:00+09:00,100000000.0
2025-12-04 12:29:00+09:00,100000000.0
2025-12-04 12:30:00+09:00,100000000.0
2025-12-04 12:31:00+09:00,100000000.0
2025-12-04 12:32:00+09:00,100000000.0
2025-12-04 12:33:00+09:00,100000000.0
2025-12-04 12:34:00+09:00,100000000.0
2025-12-04 12:35:00+09:00,100000000.0
2025-12-04 12:36:00+09:00,100000000.0
2025-12-04 12:37:00+09:00,100000000.0
2025-12-04 12:38:00+09:00,100000000.0
2025-12-04 12:39:00+09:00,100000000.0
2025-12-04 12:40:00+09:00,100000000.0
2025-12-04 12:41:00+09:00,100000000.0
2025-12-04 12:42:00+09:00,100000000.0
2025-12-04 12:43:00+09:00,100000000.0
2025-12-04 12:44:00+09:00,100000000.0
2025-12-04 12:45:00+09:00,100000000.0
2025-12-04 12:46:00+09:00,100000000.0
2025-12-04 12:47:00+09:00,100000000.0
2025-12-04 12:48:00+09:00,100000000.0
2025-12-04 12:49:00+09:00,100000000.0
2025-12-04 12:50:00+09:00,100000000.0
2025-12-04 12:51:00+09:00,100000000.0
2025-12-04 12:52:00+09:00,100000000.0
2025-12-04 12:53:00+09:00,100000000.0
2025-12-04 12:54:00+09:00,100000000.0
2025-12-04 12:55:00+09:00,100000000.0
2025-12-04 12:56:00+09:00,100000000.0
2025-12-04 12:57:00+09:00,100000000.0
2025-12-04 12:58:00+09:00,100000000.0
2025-12-04 12:59:00+09:00,100000000.0
2025-12-04 13:00:00+09:00,100000000.0
2025-12-04 13:01:00+09:00,100000000.0
2025-12-04 13:02:00+09:00,100000000.0
2025-12-04 13:03:00+09:00,100000000.0
2025-12-04 13:04:00+09:00,100000000.0
2025-12-04 13:05:00+09:00,100000000.0
2025-12-04 13:06:00+09:00,100000000.0
2025-12-04 13:07:00+09:00,100000000.0
2025-12-04 13:08:00+09:00,100000000.0
2025-12-04 13:09:00+09:00,100000000.0
2025-12-04 13:10:00+09:00,100000000.0
2025-12-04 13:11:00+09:00,100000000.0
2025-12-04 13:12:00+09:00,100000000.0
2025-12-04 13:13:00+09:00,100000000.0
2025-12-04 13:14:00+09:00,100000000.0
2025-12-04 13:15:00+09:00,100000000.0
2025-12-04 13:16:00+09:00,100000000.0
2025-12-04 13:17:00+09:00,100000000.0
2025-12-04 13:18:00+09:00,100000000.0
2025-12-04 13:19:00+09:00,100000000.0
2025-12-04 13:20:00+09:00,100000000.0
2025-12-04 13:21:00+09:00,100000000.0
2025-12-04 13:22:00+09:00,100000000.0
2025-12-04 13:23:00+09:00,100000000.0
2025-12-04 13:24:00+09:00,100000000.0
2025-12-04 13:25:00+09:00,100000000.0
2025-12-04 13:26:00+09:00,100000000.0
2025-12-04 13:27:00+09:00,100000000.0
2025-12-04 13:28:00+09:00,100000000.0
2025-12-04 13:29:00+09:00,100000000.0
2025-12-04 13:30:00+09:00,100000000.0
2025-12-04 13:31:00+09:00,100000000.0
2025-12-04 13:32:00+09:00,100000000.0
2025-12-04 13:33:00+09:00,100000000.0
2025-12-04 13:34:00+09:00,100000000.0
2025-12-04 13:35:00+09:00,100000000.0
2025-12-04 13:36:00+09:00,100000000.0
2025-12-04 13:37:00+09:00,100000000.0
2025-12-04 13:38:00+09:00,100000000.0
2025-12-04 13:39:00+09:00,100000000.0
2025-12-04 13:40:00+09:00,100000000.0
2025-12-04 13:41:00+09:00,100000000.0
2025-12-04 13:42:00+09:00,100000000.0
2025-12-04 13:43:00+09:00,100000000.0
2025-12-04 13:44:00+09:00,100000000.0
2025-12-04 13:45:00+09:00,100000000.0
2025-12-04 13:46:00+09:00,100000000.0
2025-12-04 13:47:00+09:00,100000000.0
2025-12-04 13:48:00+09:00,100000000.0
2025-12-04 13:49:00+09:00,100000000.0
2025-12-04 13:50:00+09:00,100000000.0
2025-12-04 13:51:00+09:00,100000000.0
2025-12-04 13:52:00+09:00,100000000.0
2025-12-04 13:53:00+09:00,100000000.0
2025-12-04 13:54:00+09:00,100000000.0
2025-12-04 13:55:00+09:00,100000000.0
2025-12-04 13:56:00+09:00,100000000.0
2025-12-04 13:57:00+09:00,100000000.0
2025-12-04 13:58:00+09:00,100000000.0
2025-12-04 13:59:00+09:00,100000000.0
2025-12-04 14:00:00+09:00,100000000.0
2025-12-04 14:01:00+09:00,100000000.0
2025-12-04 14:02:00+09:00,100000000.0
2025-12-04 14:03:00+09:00,100000000.0
2025-12-04 14:04:00+09:00,100000000.0
2025-12-04 14:05:00+09:00,100000000.0
2025-12-04 14:06:00+09:00,100000000.0
2025-12-04 14:07:00+09:00,100000000.0
2025-12-04 14:08:00+09:00,100000000.0
2025-12-04 14:09:00+09:00,100000000.0
2025-12-04 14:10:00+09:00,100000000.0
2025-12-04 14:11:00+09:00,100000000.0
2025-12-04 14:12:00+09:00,100000000.0
2025-12-04 14:13:00+09:00,100000000.0
2025-12-04 14:14:00+09:00,100000000.0
2025-12-04 14:15:00+09:00,100000000.0
2025-12-04 14:16:00+09:00,100000000.0
2025-12-04 14:17:00+09:00,100000000.0
2025-12-04 14:18:00+09:00,100000000.0
2025-12-04 14:19:00+09:00,100000000.0
2025-12-04 14:20:00+09:00,100000000.0
2025-12-04 14:21:00+09:00,100000000.0
2025-12-04 14:22:00+09:00,100000000.0
2025-12-04 14:23:00+09:00,100000000.0
2025-12-04 14:24:00+09:00,100000000.0
2025-12-04 14:25:00+09:00,100000000.0
2025-12-04 14:26:00+09:00,100000000.0
2025-12-04 14:27:00+09:00,100000000.0
2025-12-04 14:28:00+09:00,100000000.0
2025-12-04 14:29:00+09:00,100000000.0
2025-12-04 14:30:00+09:00,100000000.0
2025-12-04 14:31:00+09:00,100000000.0
2025-12-04 14:32:00+09:00,100000000.0
2025-12-04 14:33:00+09:00,100000000.0
2025-12-04 14:34:00+09:00,100000000.0
2025-12-04 14:35:00+09:00,100000000.0
2025-12-04 14:36:00+09:00,100000000.0
2025-12-04 14:37:00+09:00,100000000.0
2025-12-04 14:38:00+09:00,100000000.0
2025-12-04 14:39:00+09:00,100000000.0
2025-12-04 14:40:00+09:00,100000000.0
2025-12-04 14:41:00+09:00,100000000.0
2025-12-04 14:42:00+09:00,100000000.0
2025-12-04 14:43:00+09:00,100000000.0
2025-12-04 14:44:00+09:00,100000000.0
2025-12-04 14:45:00+09:00,100000000.0
2025-12-04 14:46:00+09:00,100000000.0
2025-12-04 14:47:00+09:00,100000000.0
2025-12-04 14:48:00+09:00,100000000.0
2025-12-04 14:49:00+09:00,100000000.0
2025-12-04 14:50:00+09:00,100000000.0
2025-12-04 14:51:00+09:00,100000000.0
2025-12-04 14:52:00+09:00,100000000.0
2025-12-04 14:53:00+09:00,100000000.0
2025-12-04 14:54:00+09:00,100000000.0
2025-12-04 14:55:00+09:00,100000000.0
2025-12-04 14:56:00+09:00,100000000.0
2025-12-04 14:57:00+09:00,100000000.0
2025-12-04 14:58:00+09:00,100000000.0
2025-12-04 14:59:00+09:00,100000000.0
2025-12-04 15:00:00+09:00,100000000.0
2025-12-04 15:01:00+09:00,100000000.0
2025-12-04 15:02:00+09:00,100000000.0
2025-12-04 15:03:00+09:00,100000000.0
2025-12-04 15:04:00+09:00,100000000.0
2025-12-04 15:05:00+09:00,100000000.0
2025-12-04 15:06:00+09:00,100000000.0
2025-12-04 15:07:00+09:00,100000000.0
2025-12-04 15:08:00+09:00,100000000.0
2025-12-04 15:09:00+09:00,100000000.0
2025-12-04 15:10:00+09:00,100000000.0
2025-12-04 15:11:00+09:00,100000000.0
2025-12-04 15:12:00+09:00,100000000.0
2025-12-04 15:13:00+09:00,100000000.0
2025-12-04 15:14:00+09:00,100000000.0
2025-12-04 15:15:00+09:00,100000000.0
2025-12-04 15:16:00+09:00,100000000.0
2025-12-04 15:17:00+09:00,100000000.0
2025-12-04 15:18:00+09:00,100000000.0
2025-12-04 15:19:00+09:00,100000000.0
2025-12-04 15:30:00+09:00,100000000.0
2025-12-04 15:35:00+09:00,100000000.0
2025-12-05 09:02:00+09:00,100000000.0
2025-12-05 09:03:00+09:00,100000000.0
2025-12-05 09:04:00+09:00,99960000.0
2025-12-05 09:05:00+09:00,99960000.0
2025-12-05 09:06:00+09:00,99960000.0
2025-12-05 09:07:00+09:00,99960000.0
2025-12-05 09:08:00+09:00,99960000.0
2025-12-05 09:09:00+09:00,99960000.0
2025-12-05 09:10:00+09:00,99960000.0
2025-12-05 09:11:00+09:00,99960000.0
2025-12-05 09:12:00+09:00,99960000.0
2025-12-05 09:13:00+09:00,99960000.0
2025-12-05 09:14:00+09:00,99960000.0
2025-12-05 09:15:00+09:00,99960000.0
2025-12-05 09:16:00+09:00,99960000.0
2025-12-05 09:17:00+09:00,99960000.0
2025-12-05 09:18:00+09:00,99960000.0
2025-12-05 09:19:00+09:00,99960000.0
2025-12-05 09:20:00+09:00,99960000.0
2025-12-05 09:21:00+09:00,99960000.0
2025-12-05 09:22:00+09:00,99960000.0
2025-12-05 09:23:00+09:00,99960000.0
2025-12-05 09:24:00+09:00,99960000.0
2025-12-05 09:25:00+09:00,99960000.0
2025-12-05 09:26:00+09:00,99960000.0
2025-12-05 09:27:00+09:00,99960000.0
2025-12-05 09:28:00+09:00,99960000.0
2025-12-05 09:29:00+09:00,99960000.0
2025-12-05 09:30:00+09:00,99960000.0
2025-12-05 09:31:00+09:00,99960000.0
2025-12-05 09:32:00+09:00,99960000.0
2025-12-05 09:33:00+09:00,99960000.0
2025-12-05 09:34:00+09:00,99960000.0
2025-12-05 09:35:00+09:00,99960000.0
2025-12-05 09:36:00+09:00,99960000.0
2025-12-05 09:37:00+09:00,99960000.0
2025-12-05 09:38:00+09:00,99960000.0
2025-12-05 09:39:00+09:00,99960000.0
2025-12-05 09:40:00+09:00,99960000.0
2025-12-05 09:41:00+09:00,99960000.0
2025-12-05 09:42:00+09:00,99960000.0
2025-12-05 09:43:00+09:00,99960000.0
2025-12-05 09:44:00+09:00,99960000.0
2025-12-05 09:45:00+09:00,99960000.0
2025-12-05 09:46:00+09:00,99960000.0
2025-12-05 09:47:00+09:00,99960000.0
2025-12-05 09:48:00+09:00,99960000.0
2025-12-05 09:49:00+09:00,99960000.0
2025-12-05 09:50:00+09:00,99960000.0
2025-12-05 09:51:00+09:00,99960000.0
2025-12-05 09:52:00+09:00,99960000.0
2025-12-05 09:53:00+09:00,99960000.0
2025-12-05 09:54:00+09:00,99960000.0
2025-12-05 09:55:00+09:00,99960000.0
2025-12-05 09:56:00+09:00,99960000.0
2025-12-05 09:57:00+09:00,99960000.0
2025-12-05 09:58:00+09:00,99960000.0
2025-12-05 09:59:00+09:00,99960000.0
2025-12-05 10:00:00+09:00,99960000.0
2025-12-05 10:01:00+09:00,99960000.0
2025-12-05 10:02:00+09:00,99960000.0
2025-12-05 10:03:00+09:00,99960000.0
2025-12-05 10:04:00+09:00,99960000.0
2025-12-05 10:05:00+09:00,99960000.0
2025-12-05 10:06:00+09:00,99960000.0
2025-12-05 10:07:00+09:00,99960000.0
2025-12-05 10:08:00+09:00,99960000.0
2025-12-05 10:09:00+09:00,99960000.0
2025-12-05 10:10:00+09:00,99960000.0
2025-12-05 10:11:00+09:00,99960000.0
2025-12-05 10:12:00+09:00,99960000.0
2025-12-05 10:13:00+09:00,99960000.0
2025-12-05 10:14:00+09:00,99960000.0
2025-12-05 10:15:00+09:00,99960000.0
2025-12-05 10:16:00+09:00,99960000.0
2025-12-05 10:17:00+09:00,99960000.0
2025-12-05 10:18:00+09:00,99960000.0
2025-12-05 10:19:00+09:00,99960000.0
2025-12-05 10:20:00+09:00,99960000.0
2025-12-05 10:21:00+09:00,99960000.0
2025-12-05 10:22:00+09:00,99960000.0
2025-12-05 10:23:00+09:00,99960000.0
2025-12-05 10:24:00+09:00,99960000.0
2025-12-05 10:25:00+09:00,99960000.0
2025-12-05 10:26:00+09:00,99960000.0
2025-12-05 10:27:00+09:00,99960000.0
2025-12-05 10:28:00+09:00,99960000.0
2025-12-05 10:29:00+09:00,99960000.0
2025-12-05 10:30:00+09:00,99960000.0
2025-12-05 10:31:00+09:00,99960000.0
2025-12-05 10:32:00+09:00,99960000.0
2025-12-05 10:33:00+09:00,99960000.0
2025-12-05 10:34:00+09:00,99960000.0
2025-12-05 10:35:00+09:00,99960000.0
2025-12-05 10:36:00+09:00,99960000.0
2025-12-05 10:37:00+09:00,99960000.0
2025-12-05 10:38:00+09:00,99960000.0
2025-12-05 10:39:00+09:00,99960000.0
2025-12-05 10:40:00+09:00,99960000.0
2025-12-05 10:41:00+09:00,99960000.0
2025-12-05 10:42:00+09:00,99960000.0
2025-12-05 10:43:00+09:00,99960000.0
2025-12-05 10:44:00+09:00,99960000.0
2025-12-05 10:45:00+09:00,99960000.0
2025-12-05 10:46:00+09:00,99960000.0
2025-12-05 10:47:00+09:00,99960000.0
2025-12-05 10:48:00+09:00,99960000.0
2025-12-05 10:49:00+09:00,99960000.0
2025-12-05 10:50:00+09:00,99960000.0
2025-12-05 10:51:00+09:00,99960000.0
2025-12-05 10:52:00+09:00,99960000.0
2025-12-05 10:53:00+09:00,99960000.0
2025-12-05 10:54:00+09:00,99960000.0
2025-12-05 10:55:00+09:00,99960000.0
2025-12-05 10:56:00+09:00,99960000.0
2025-12-05 10:57:00+09:00,99960000.0
2025-12-05 10:58:00+09:00,99960000.0
2025-12-05 10:59:00+09:00,99960000.0
2025-12-05 11:00:00+09:00,99960000.0
2025-12-05 11:01:00+09:00,99960000.0
2025-12-05 11:02:00+09:00,99960000.0
2025-12-05 11:03:00+09:00,99960000.0
2025-12-05 11:04:00+09:00,99960000.0
2025-12-05 11:05:00+09:00,99960000.0
2025-12-05 11:06:00+09:00,99960000.0
2025-12-05 11:07:00+09:00,99960000.0
2025-12-05 11:08:00+09:00,99960000.0
2025-12-05 11:09:00+09:00,99960000.0
2025-12-05 11:10:00+09:00,99960000.0
2025-12-05 11:11:00+09:00,99960000.0
2025-12-05 11:12:00+09:00,99960000.0
2025-12-05 11:13:00+09:00,99960000.0
2025-12-05 11:14:00+09:00,99960000.0
2025-12-05 11:15:00+09:00,99960000.0
2025-12-05 11:16:00+09:00,99960000.0
2025-12-05 11:17:00+09:00,99960000.0
2025-12-05 11:18:00+09:00,99960000.0
2025-12-05 11:19:00+09:00,99960000.0
2025-12-05 11:20:00+09:00,99960000.0
2025-12-05 11:21:00+09:00,99960000.0
2025-12-05 11:22:00+09:00,99960000.0
2025-12-05 11:23:00+09:00,99960000.0
2025-12-05 11:24:00+09:00,99960000.0
2025-12-05 11:25:00+09:00,99960000.0
2025-12-05 11:26:00+09:00,99960000.0
2025-12-05 11:27:00+09:00,99960000.0
2025-12-05 11:28:00+09:00,99960000.0
2025-12-05 11:29:00+09:00,99960000.0
2025-12-05 11:30:00+09:00,99960000.0
2025-12-05 11:31:00+09:00,99960000.0
2025-12-05 11:32:00+09:00,99960000.0
2025-12-05 11:33:00+09:00,99960000.0
2025-12-05 11:34:00+09:00,99960000.0
2025-12-05 11:35:00+09:00,99960000.0
2025-12-05 11:36:00+09:00,99960000.0
2025-12-05 11:37:00+09:00,99960000.0
2025-12-05 11:38:00+09:00,99960000.0
2025-12-05 11:39:00+09:00,99960000.0
2025-12-05 11:40:00+09:00,99960000.0
2025-12-05 11:41:00+09:00,99960000.0
2025-12-05 11:42:00+09:00,99960000.0
2025-12-05 11:43:00+09:00,99960000.0
2025-12-05 11:44:00+09:00,99960000.0
2025-12-05 11:45:00+09:00,99960000.0
2025-12-05 11:46:00+09:00,99960000.0
2025-12-05 11:47:00+09:00,99960000.0
2025-12-05 11:48:00+09:00,99960000.0
2025-12-05 11:49:00+09:00,99960000.0
2025-12-05 11:50:00+09:00,99960000.0
2025-12-05 11:51:00+09:00,99960000.0
2025-12-05 11:52:00+09:00,99960000.0
2025-12-05 11:53:00+09:00,99960000.0
2025-12-05 11:54:00+09:00,99960000.0
2025-12-05 11:55:00+09:00,99960000.0
2025-12-05 11:56:00+09:00,99960000.0
2025-12-05 11:57:00+09:00,99960000.0
2025-12-05 11:58:00+09:00,99960000.0
2025-12-05 11:59:00+09:00,99960000.0
2025-12-05 12:00:00+09:00,99960000.0
2025-12-05 12:01:00+09:00,99960000.0
2025-12-05 12:02:00+09:00,99960000.0
2025-12-05 12:03:00+09:00,99960000.0
2025-12-05 12:04:00+09:00,99960000.0
2025-12-05 12:05:00+09:00,99960000.0
2025-12-05 12:06:00+09:00,99960000.0
2025-12-05 12:07:00+09:00,99960000.0
2025-12-05 12:08:00+09:00,99960000.0
2025-12-05 12:09:00+09:00,99960000.0
2025-12-05 12:10:00+09:00,99960000.0
2025-12-05 12:11:00+09:00,99960000.0
2025-12-05 12:12:00+09:00,99960000.0
2025-12-05 12:13:00+09:00,99960000.0
2025-12-05 12:14:00+09:00,99960000.0
2025-12-05 12:15:00+09:00,99960000.0
2025-12-05 12:16:00+09:00,99960000.0
2025-12-05 12:17:00+09:00,99960000.0
2025-12-05 12:18:00+09:00,99960000.0
2025-12-05 12:19:00+09:00,99960000.0
2025-12-05 12:20:00+09:00,99960000.0
2025-12-05 12:21:00+09:00,99960000.0
2025-12-05 12:22:00+09:00,99960000.0
2025-12-05 12:23:00+09:00,99960000.0
2025-12-05 12:24:00+09:00,99960000.0
2025-12-05 12:25:00+09:00,99960000.0
2025-12-05 12:26:00+09:00,99960000.0
2025-12-05 12:27:00+09:00,99960000.0
2025-12-05 12:28:00+09:00,99960000.0
2025-12-05 12:29:00+09:00,99960000.0
2025-12-05 12:30:00+09:00,99960000.0
2025-12-05 12:31:00+09:00,99960000.0
2025-12-05 12:32:00+09:00,99960000.0
2025-12-05 12:33:00+09:00,99960000.0
2025-12-05 12:34:00+09:00,99960000.0
2025-12-05 12:35:00+09:00,99960000.0
2025-12-05 12:36:00+09:00,99960000.0
2025-12-05 12:37:00+09:00,99960000.0
2025-12-05 12:38:00+09:00,99960000.0
2025-12-05 12:39:00+09:00,99960000.0
2025-12-05 12:40:00+09:00,99960000.0
2025-12-05 12:41:00+09:00,99960000.0
2025-12-05 12:42:00+09:00,99960000.0
2025-12-05 12:43:00+09:00,99960000.0
2025-12-05 12:44:00+09:00,99960000.0
2025-12-05 12:45:00+09:00,99960000.0
2025-12-05 12:46:00+09:00,99960000.0
2025-12-05 12:47:00+09:00,99960000.0
2025-12-05 12:48:00+09:00,99960000.0
2025-12-05 12:49:00+09:00,99960000.0
2025-12-05 12:50:00+09:00,99960000.0
2025-12-05 12:51:00+09:00,99960000.0
2025-12-05 12:52:00+09:00,99960000.0
2025-12-05 12:53:00+09:00,99960000.0
2025-12-05 12:54:00+09:00,99960000.0
2025-12-05 12:55:00+09:00,99960000.0
2025-12-05 12:56:00+09:00,99960000.0
2025-12-05 12:57:00+09:00,99960000.0
2025-12-05 12:58:00+09:00,99960000.0
2025-12-05 12:59:00+09:00,99960000.0
2025-12-05 13:00:00+09:00,99960000.0
2025-12-05 13:01:00+09:00,99960000.0
2025-12-05 13:02:00+09:00,99960000.0
2025-12-05 13:03:00+09:00,99960000.0
2025-12-05 13:04:00+09:00,99960000.0
2025-12-05 13:05:00+09:00,99960000.0
2025-12-05 13:06:00+09:00,99960000.0
2025-12-05 13:07:00+09:00,99960000.0
2025-12-05 13:08:00+09:00,99960000.0
2025-12-05 13:09:00+09:00,99960000.0
2025-12-05 13:10:00+09:00,99960000.0
2025-12-05 13:11:00+09:00,99960000.0
2025-12-05 13:12:00+09:00,99960000.0
2025-12-05 13:13:00+09:00,99960000.0
2025-12-05 13:14:00+09:00,99960000.0
2025-12-05 13:15:00+09:00,99960000.0
2025-12-05 13:16:00+09:00,99960000.0
2025-12-05 13:17:00+09:00,99960000.0
2025-12-05 13:18:00+09:00,99960000.0
2025-12-05 13:19:00+09:00,99960000.0
2025-12-05 13:20:00+09:00,99960000.0
2025-12-05 13:21:00+09:00,99960000.0
2025-12-05 13:22:00+09:00,99960000.0
2025-12-05 13:23:00+09:00,99960000.0
2025-12-05 13:24:00+09:00,99960000.0
2025-12-05 13:25:00+09:00,99960000.0
2025-12-05 13:26:00+09:00,99960000.0
2025-12-05 13:27:00+09:00,99960000.0
2025-12-05 13:28:00+09:00,99960000.0
2025-12-05 13:29:00+09:00,99960000.0
2025-12-05 13:30:00+09:00,99960000.0
2025-12-05 13:31:00+09:00,99960000.0
2025-12-05 13:32:00+09:00,99960000.0
2025-12-05 13:33:00+09:00,99960000.0
2025-12-05 13:34:00+09:00,99960000.0
2025-12-05 13:35:00+09:00,99960000.0
2025-12-05 13:36:00+09:00,99960000.0
2025-12-05 13:37:00+09:00,99960000.0
2025-12-05 13:38:00+09:00,99960000.0
2025-12-05 13:39:00+09:00,99960000.0
2025-12-05 13:40:00+09:00,99960000.0
2025-12-05 13:41:00+09:00,99960000.0
2025-12-05 13:42:00+09:00,99960000.0
2025-12-05 13:43:00+09:00,99960000.0
2025-12-05 13:44:00+09:00,99960000.0
2025-12-05 13:45:00+09:00,99960000.0
2025-12-05 13:46:00+09:00,99960000.0
2025-12-05 13:47:00+09:00,99960000.0
2025-12-05 13:48:00+09:00,99960000.0
2025-12-05 13:49:00+09:00,99960000.0
2025-12-05 13:50:00+09:00,99960000.0
2025-12-05 13:51:00+09:00,99960000.0
2025-12-05 13:52:00+09:00,99960000.0
2025-12-05 13:53:00+09:00,99960000.0
2025-12-05 13:54:00+09:00,99960000.0
2025-12-05 13:55:00+09:00,99960000.0
2025-12-05 13:56:00+09:00,99960000.0
2025-12-05 13:57:00+09:00,99960000.0
2025-12-05 13:58:00+09:00,99960000.0
2025-12-05 13:59:00+09:00,99960000.0
2025-12-05 14:00:00+09:00,99960000.0
2025-12-05 14:01:00+09:00,99960000.0
2025-12-05 14:02:00+09:00,99960000.0
2025-12-05 14:03:00+09:00,99960000.0
2025-12-05 14:04:00+09:00,99960000.0
2025-12-05 14:05:00+09:00,99960000.0
2025-12-05 14:06:00+09:00,99960000.0
2025-12-05 14:07:00+09:00,99960000.0
2025-12-05 14:08:00+09:00,99960000.0
2025-12-05 14:09:00+09:00,99960000.0
2025-12-05 14:10:00+09:00,99960000.0
2025-12-05 14:11:00+09:00,99960000.0
2025-12-05 14:12:00+09:00,99960000.0
2025-12-05 14:13:00+09:00,99960000.0
2025-12-05 14:14:00+09:00,99960000.0
2025-12-05 14:15:00+09:00,99960000.0
2025-12-05 14:16:00+09:00,99960000.0
2025-12-05 14:17:00+09:00,99960000.0
2025-12-05 14:18:00+09:00,99960000.0
2025-12-05 14:19:00+09:00,99960000.0
2025-12-05 14:20:00+09:00,99960000.0
2025-12-05 14:21:00+09:00,99960000.0
2025-12-05 14:22:00+09:00,99960000.0
2025-12-05 14:23:00+09:00,99960000.0
2025-12-05 14:24:00+09:00,99960000.0
2025-12-05 14:25:00+09:00,99960000.0
2025-12-05 14:26:00+09:00,99960000.0
2025-12-05 14:27:00+09:00,99960000.0
2025-12-05 14:28:00+09:00,99960000.0
2025-12-05 14:29:00+09:00,99960000.0
2025-12-05 14:30:00+09:00,99960000.0
2025-12-05 14:31:00+09:00,99960000.0
2025-12-05 14:32:00+09:00,99960000.0
2025-12-05 14:33:00+09:00,99960000.0
2025-12-05 14:34:00+09:00,99960000.0
2025-12-05 14:35:00+09:00,99960000.0
2025-12-05 14:36:00+09:00,99960000.0
2025-12-05 14:37:00+09:00,99960000.0
2025-12-05 14:38:00+09:00,99960000.0
2025-12-05 14:39:00+09:00,99960000.0
2025-12-05 14:40:00+09:00,99960000.0
2025-12-05 14:41:00+09:00,99960000.0
2025-12-05 14:42:00+09:00,99960000.0
2025-12-05 14:43:00+09:00,99960000.0
2025-12-05 14:44:00+09:00,99960000.0
2025-12-05 14:45:00+09:00,99960000.0
2025-12-05 14:46:00+09:00,99960000.0
2025-12-05 14:47:00+09:00,99960000.0
2025-12-05 14:48:00+09:00,99960000.0
2025-12-05 14:49:00+09:00,99960000.0
2025-12-05 14:50:00+09:00,99960000.0
2025-12-05 14:51:00+09:00,99960000.0
2025-12-05 14:52:00+09:00,99960000.0
2025-12-05 14:53:00+09:00,99960000.0
2025-12-05 14:54:00+09:00,99960000.0
2025-12-05 14:55:00+09:00,99960000.0
2025-12-05 14:56:00+09:00,99960000.0
2025-12-05 14:57:00+09:00,99960000.0
2025-12-05 14:58:00+09:00,99960000.0
2025-12-05 14:59:00+09:00,99960000.0
2025-12-05 15:00:00+09:00,99960000.0
2025-12-05 15:01:00+09:00,99960000.0
2025-12-05 15:02:00+09:00,99960000.0
2025-12-05 15:03:00+09:00,99960000.0
2025-12-05 15:04:00+09:00,99960000.0
2025-12-05 15:05:00+09:00,99960000.0
2025-12-05 15:06:00+09:00,99960000.0
2025-12-05 15:07:00+09:00,99960000.0
2025-12-05 15:08:00+09:00,99960000.0
2025-12-05 15:09:00+09:00,99960000.0
2025-12-05 15:10:00+09:00,99960000.0
2025-12-05 15:11:00+09:00,99960000.0
2025-12-05 15:12:00+09:00,99960000.0
2025-12-05 15:13:00+09:00,99960000.0
2025-12-05 15:14:00+09:00,99960000.0
2025-12-05 15:15:00+09:00,99960000.0
2025-12-05 15:16:00+09:00,99960000.0
2025-12-05 15:17:00+09:00,99960000.0
2025-12-05 15:18:00+09:00,99960000.0
2025-12-05 15:19:00+09:00,99960000.0
2025-12-05 15:30:00+09:00,99960000.0
2025-12-05 15:35:00+09:00,99960000.0
2025-12-08 09:00:00+09:00,95416363.63636364
2025-12-08 09:01:00+09:00,89649440.55944057
2025-12-08 09:02:00+09:00,90627370.90909092
2025-12-08 09:03:00+09:00,90627370.90909092
2025-12-08 09:04:00+09:00,90627370.90909092
2025-12-08 09:05:00+09:00,90627370.90909092
2025-12-08 09:06:00+09:00,90627370.90909092
2025-12-08 09:07:00+09:00,90627370.90909092
2025-12-08 09:08:00+09:00,90627370.90909092
2025-12-08 09:09:00+09:00,90627370.90909092
2025-12-08 09:10:00+09:00,90627370.90909092
2025-12-08 09:11:00+09:00,90627370.90909092
2025-12-08 09:12:00+09:00,90627370.90909092
2025-12-08 09:13:00+09:00,90627370.90909092
2025-12-08 09:14:00+09:00,90627370.90909092
2025-12-08 09:15:00+09:00,90627370.90909092
2025-12-08 09:16:00+09:00,90627370.90909092
2025-12-08 09:17:00+09:00,90627370.90909092
2025-12-08 09:18:00+09:00,90627370.90909092
2025-12-08 09:19:00+09:00,90627370.90909092
2025-12-08 09:20:00+09:00,90627370.90909092
2025-12-08 09:21:00+09:00,90627370.90909092
2025-12-08 09:22:00+09:00,90627370.90909092
2025-12-08 09:23:00+09:00,90627370.90909092
2025-12-08 09:24:00+09:00,90627370.90909092
2025-12-08 09:25:00+09:00,90627370.90909092
2025-12-08 09:26:00+09:00,90627370.90909092
2025-12-08 09:27:00+09:00,90627370.90909092
2025-12-08 09:28:00+09:00,90627370.90909092
2025-12-08 09:29:00+09:00,90627370.90909092
2025-12-08 09:30:00+09:00,90627370.90909092
2025-12-08 09:31:00+09:00,90627370.90909092
2025-12-08 09:32:00+09:00,90627370.90909092
2025-12-08 09:33:00+09:00,90627370.90909092
2025-12-08 09:34:00+09:00,90627370.90909092
2025-12-08 09:35:00+09:00,90627370.90909092
2025-12-08 09:36:00+09:00,90627370.90909092
2025-12-08 09:37:00+09:00,90627370.90909092
2025-12-08 09:38:00+09:00,90627370.90909092
2025-12-08 09:39:00+09:00,90627370.90909092
2025-12-08 09:40:00+09:00,90627370.90909092
2025-12-08 09:41:00+09:00,90627370.90909092
2025-12-08 09:42:00+09:00,90591119.96072729
2025-12-08 09:43:00+09:00,89939385.28475083
2025-12-08 09:44:00+09:00,89124716.93978027
2025-12-08 09:45:00+09:00,89613517.9467626
2025-12-08 09:46:00+09:00,88559092.70786719
2025-12-08 09:47:00+09:00,88559092.70786719
2025-12-08 09:48:00+09:00,88559092.70786719
2025-12-08 09:49:00+09:00,88559092.70786719
2025-12-08 09:50:00+09:00,88559092.70786719
2025-12-08 09:51:00+09:00,88559092.70786719
2025-12-08 09:52:00+09:00,88559092.70786719
2025-12-08 09:53:00+09:00,88559092.70786719
2025-12-08 09:54:00+09:00,88559092.70786719
2025-12-08 09:55:00+09:00,88559092.70786719
2025-12-08 09:56:00+09:00,88559092.70786719
2025-12-08 09:57:00+09:00,88559092.70786719
2025-12-08 09:58:00+09:00,88559092.70786719
2025-12-08 09:59:00+09:00,88559092.70786719
2025-12-08 10:00:00+09:00,88559092.70786719
2025-12-08 10:01:00+09:00,88559092.70786719
2025-12-08 10:02:00+09:00,88559092.70786719
2025-12-08 10:03:00+09:00,88559092.70786719
2025-12-08 10:04:00+09:00,88559092.70786719
2025-12-08 10:05:00+09:00,88559092.70786719
2025-12-08 10:06:00+09:00,88559092.70786719
2025-12-08 10:07:00+09:00,88559092.70786719
2025-12-08 10:08:00+09:00,88559092.70786719
2025-12-08 10:09:00+09:00,88559092.70786719
2025-12-08 10:10:00+09:00,88559092.70786719
2025-12-08 10:11:00+09:00,88559092.70786719
2025-12-08 10:12:00+09:00,88559092.70786719
2025-12-08 10:13:00+09:00,88559092.70786719
2025-12-08 10:14:00+09:00,88559092.70786719
2025-12-08 10:15:00+09:00,88559092.70786719
2025-12-08 10:16:00+09:00,88559092.70786719
2025-12-08 10:17:00+09:00,88559092.70786719
2025-12-08 10:18:00+09:00,88559092.70786719
2025-12-08 10:19:00+09:00,88559092.70786719
2025-12-08 10:20:00+09:00,88559092.70786719
2025-12-08 10:21:00+09:00,88559092.70786719
2025-12-08 10:22:00+09:00,88559092.70786719
2025-12-08 10:23:00+09:00,88559092.70786719
2025-12-08 10:24:00+09:00,88559092.70786719
2025-12-08 10:25:00+09:00,88559092.70786719
2025-12-08 10:26:00+09:00,88559092.70786719
2025-12-08 10:27:00+09:00,88559092.70786719
2025-12-08 10:28:00+09:00,88559092.70786719
2025-12-08 10:29:00+09:00,88559092.70786719
2025-12-08 10:30:00+09:00,88559092.70786719
2025-12-08 10:31:00+09:00,88559092.70786719
2025-12-08 10:32:00+09:00,88559092.70786719
2025-12-08 10:33:00+09:00,88559092.70786719
2025-12-08 10:34:00+09:00,88559092.70786719
2025-12-08 10:35:00+09:00,88559092.70786719
2025-12-08 10:36:00+09:00,88559092.70786719
2025-12-08 10:37:00+09:00,88559092.70786719
2025-12-08 10:38:00+09:00,88559092.70786719
2025-12-08 10:39:00+09:00,88559092.70786719
2025-12-08 10:40:00+09:00,88559092.70786719
2025-12-08 10:41:00+09:00,88559092.70786719
2025-12-08 10:42:00+09:00,88559092.70786719
2025-12-08 10:43:00+09:00,88559092.70786719
2025-12-08 10:44:00+09:00,88559092.70786719
2025-12-08 10:45:00+09:00,88559092.70786719
2025-12-08 10:46:00+09:00,88559092.70786719
2025-12-08 10:47:00+09:00,88559092.70786719
2025-12-08 10:48:00+09:00,88559092.70786719
2025-12-08 10:49:00+09:00,88559092.70786719
2025-12-08 10:50:00+09:00,88559092.70786719
2025-12-08 10:51:00+09:00,88559092.70786719
2025-12-08 10:52:00+09:00,88559092.70786719
2025-12-08 10:53:00+09:00,88559092.70786719
2025-12-08 10:54:00+09:00,88559092.70786719
2025-12-08 10:55:00+09:00,88559092.70786719
2025-12-08 10:56:00+09:00,88523669.07078405
2025-12-08 10:57:00+09:00,88853981.26880936
2025-12-08 10:58:00+09:00,89019137.36782202
2025-12-08 10:59:00+09:00,90175230.06091061
2025-12-08 11:00:00+09:00,90010073.96189795
2025-12-08 11:01:00+09:00,90175230.06091061
2025-12-08 11:02:00+09:00,88853981.26880936
2025-12-08 11:03:00+09:00,88028200.77374609
2025-12-08 11:04:00+09:00,88193356.87275875
2025-12-08 11:05:00+09:00,88523669.07078406
2025-12-08 11:06:00+09:00,88358512.9717714
2025-12-08 11:07:00+09:00,87697888.57572077
2025-12-08 11:08:00+09:00,87863044.67473343
2025-12-08 11:09:00+09:00,87790524.63165697
2025-12-08 11:10:00+09:00,87790524.63165697
2025-12-08 11:11:00+09:00,87790524.63165697
2025-12-08 11:12:00+09:00,87790524.63165697
2025-12-08 11:13:00+09:00,87790524.63165697
2025-12-08 11:14:00+09:00,87790524.63165697
2025-12-08 11:15:00+09:00,87790524.63165697
2025-12-08 11:16:00+09:00,87790524.63165697
2025-12-08 11:17:00+09:00,87790524.63165697
2025-12-08 11:18:00+09:00,87790524.63165697
2025-12-08 11:19:00+09:00,87790524.63165697
2025-12-08 11:20:00+09:00,87790524.63165697
2025-12-08 11:21:00+09:00,87790524.63165697
2025-12-08 11:22:00+09:00,87790524.63165697
2025-12-08 11:23:00+09:00,87790524.63165697
2025-12-08 11:24:00+09:00,87790524.63165697
2025-12-08 11:25:00+09:00,87755408.42180431
2025-12-08 11:26:00+09:00,87591379.62101589
2025-12-08 11:27:00+09:00,87427350.82022747
2025-12-08 11:28:00+09:00,87099293.21865064
2025-12-08 11:29:00+09:00,87682054.74209175
2025-12-08 11:30:00+09:00,87682054.74209175
2025-12-08 11:31:00+09:00,87682054.74209175
2025-12-08 11:32:00+09:00,87682054.74209175
2025-12-08 11:33:00+09:00,87682054.74209175
2025-12-08 11:34:00+09:00,87682054.74209175
2025-12-08 11:35:00+09:00,87682054.74209175
2025-12-08 11:36:00+09:00,87682054.74209175
2025-12-08 11:37:00+09:00,87682054.74209175
2025-12-08 11:38:00+09:00,87682054.74209175
2025-12-08 11:39:00+09:00,87682054.74209175
2025-12-08 11:40:00+09:00,87646981.92019491
2025-12-08 11:41:00+09:00,87483155.78576463
2025-12-08 11:42:00+09:00,87246951.26514307
2025-12-08 11:43:00+09:00,87246951.26514307
2025-12-08 11:44:00+09:00,87246951.26514307
2025-12-08 11:45:00+09:00,87246951.26514307
2025-12-08 11:46:00+09:00,87246951.26514307
2025-12-08 11:47:00+09:00,87246951.26514307
2025-12-08 11:48:00+09:00,87246951.26514307
2025-12-08 11:49:00+09:00,87246951.26514307
2025-12-08 11:50:00+09:00,87246951.26514307
2025-12-08 11:51:00+09:00,87246951.26514307
2025-12-08 11:52:00+09:00,87246951.26514307
2025-12-08 11:53:00+09:00,87246951.26514307
2025-12-08 11:54:00+09:00,87246951.26514307
2025-12-08 11:55:00+09:00,87246951.26514307
2025-12-08 11:56:00+09:00,87246951.26514307
2025-12-08 11:57:00+09:00,87246951.26514307
2025-12-08 11:58:00+09:00,87246951.26514307
2025-12-08 11:59:00+09:00,87246951.26514307
2025-12-08 12:00:00+09:00,87246951.26514307
2025-12-08 12:01:00+09:00,87246951.26514307
2025-12-08 12:02:00+09:00,87246951.26514307
2025-12-08 12:03:00+09:00,87246951.26514307
2025-12-08 12:04:00+09:00,87246951.26514307
2025-12-08 12:05:00+09:00,87246951.26514307
2025-12-08 12:06:00+09:00,87246951.26514307
2025-12-08 12:07:00+09:00,87246951.26514307
2025-12-08 12:08:00+09:00,87246951.26514307
2025-12-08 12:09:00+09:00,87246951.26514307
2025-12-08 12:10:00+09:00,87246951.26514307
2025-12-08 12:11:00+09:00,87246951.26514307
2025-12-08 12:12:00+09:00,87246951.26514307
2025-12-08 12:13:00+09:00,87246951.26514307
2025-12-08 12:14:00+09:00,87246951.26514307
2025-12-08 12:15:00+09:00,87246951.26514307
2025-12-08 12:16:00+09:00,87246951.26514307
2025-12-08 12:17:00+09:00,87246951.26514307
2025-12-08 12:18:00+09:00,87246951.26514307
2025-12-08 12:19:00+09:00,87246951.26514307
2025-12-08 12:20:00+09:00,87246951.26514307
2025-12-08 12:21:00+09:00,87246951.26514307
2025-12-08 12:22:00+09:00,87246951.26514307
2025-12-08 12:23:00+09:00,87246951.26514307
2025-12-08 12:24:00+09:00,87246951.26514307
2025-12-08 12:25:00+09:00,87246951.26514307
2025-12-08 12:26:00+09:00,87246951.26514307
2025-12-08 12:27:00+09:00,87246951.26514307
2025-12-08 12:28:00+09:00,87246951.26514307
2025-12-08 12:29:00+09:00,87246951.26514307
2025-12-08 12:30:00+09:00,87246951.26514307
2025-12-08 12:31:00+09:00,87246951.26514307
2025-12-08 12:32:00+09:00,87246951.26514307
2025-12-08 12:33:00+09:00,87246951.26514307
2025-12-08 12:34:00+09:00,87246951.26514307
2025-12-08 12:35:00+09:00,87246951.26514307
2025-12-08 12:36:00+09:00,87246951.26514307
2025-12-08 12:37:00+09:00,87246951.26514307
2025-12-08 12:38:00+09:00,87246951.26514307
2025-12-08 12:39:00+09:00,87246951.26514307
2025-12-08 12:40:00+09:00,87246951.26514307
2025-12-08 12:41:00+09:00,87246951.26514307
2025-12-08 12:42:00+09:00,87246951.26514307
2025-12-08 12:43:00+09:00,87246951.26514307
2025-12-08 12:44:00+09:00,87246951.26514307
2025-12-08 12:45:00+09:00,87246951.26514307
2025-12-08 12:46:00+09:00,87246951.26514307
2025-12-08 12:47:00+09:00,87246951.26514307
2025-12-08 12:48:00+09:00,87246951.26514307
2025-12-08 12:49:00+09:00,87246951.26514307
2025-12-08 12:50:00+09:00,87246951.26514307
2025-12-08 12:51:00+09:00,87246951.26514307
2025-12-08 12:52:00+09:00,87246951.26514307
2025-12-08 12:53:00+09:00,87246951.26514307
2025-12-08 12:54:00+09:00,87246951.26514307
2025-12-08 12:55:00+09:00,87246951.26514307
2025-12-08 12:56:00+09:00,87246951.26514307
2025-12-08 12:57:00+09:00,87246951.26514307
2025-12-08 12:58:00+09:00,87246951.26514307
2025-12-08 12:59:00+09:00,87246951.26514307
2025-12-08 13:00:00+09:00,87246951.26514307
2025-12-08 13:01:00+09:00,87246951.26514307
2025-12-08 13:02:00+09:00,87246951.26514307
2025-12-08 13:03:00+09:00,87246951.26514307
2025-12-08 13:04:00+09:00,87246951.26514307
2025-12-08 13:05:00+09:00,87246951.26514307
2025-12-08 13:06:00+09:00,87246951.26514307
2025-12-08 13:07:00+09:00,87246951.26514307
2025-12-08 13:08:00+09:00,87246951.26514307
2025-12-08 13:09:00+09:00,87246951.26514307
2025-12-08 13:10:00+09:00,87246951.26514307
2025-12-08 13:11:00+09:00,87246951.26514307
2025-12-08 13:12:00+09:00,87246951.26514307
2025-12-08 13:13:00+09:00,87246951.26514307
2025-12-08 13:14:00+09:00,87246951.26514307
2025-12-08 13:15:00+09:00,87246951.26514307
2025-12-08 13:16:00+09:00,87246951.26514307
2025-12-08 13:17:00+09:00,87246951.26514307
2025-12-08 13:18:00+09:00,87246951.26514307
2025-12-08 13:19:00+09:00,87246951.26514307
2025-12-08 13:20:00+09:00,87246951.26514307
2025-12-08 13:21:00+09:00,87246951.26514307
2025-12-08 13:22:00+09:00,87246951.26514307
2025-12-08 13:23:00+09:00,87246951.26514307
2025-12-08 13:24:00+09:00,87246951.26514307
2025-12-08 13:25:00+09:00,87246951.26514307
2025-12-08 13:26:00+09:00,87246951.26514307
2025-12-08 13:27:00+09:00,87246951.26514307
2025-12-08 13:28:00+09:00,87246951.26514307
2025-12-08 13:29:00+09:00,87246951.26514307
2025-12-08 13:30:00+09:00,87246951.26514307
2025-12-08 13:31:00+09:00,87246951.26514307
2025-12-08 13:32:00+09:00,87246951.26514307
2025-12-08 13:33:00+09:00,87246951.26514307
2025-12-08 13:34:00+09:00,87246951.26514307
2025-12-08 13:35:00+09:00,87246951.26514307
2025-12-08 13:36:00+09:00,87246951.26514307
2025-12-08 13:37:00+09:00,87246951.26514307
2025-12-08 13:38:00+09:00,87246951.26514307
2025-12-08 13:39:00+09:00,87246951.26514307
2025-12-08 13:40:00+09:00,87246951.26514307
2025-12-08 13:41:00+09:00,87246951.26514307
2025-12-08 13:42:00+09:00,87246951.26514307
2025-12-08 13:43:00+09:00,87246951.26514307
2025-12-08 13:44:00+09:00,87246951.26514307
2025-12-08 13:45:00+09:00,87246951.26514307
2025-12-08 13:46:00+09:00,87246951.26514307
2025-12-08 13:47:00+09:00,87246951.26514307
2025-12-08 13:48:00+09:00,87246951.26514307
2025-12-08 13:49:00+09:00,87246951.26514307
2025-12-08 13:50:00+09:00,87246951.26514307
2025-12-08 13:51:00+09:00,87246951.26514307
2025-12-08 13:52:00+09:00,87246951.26514307
2025-12-08 13:53:00+09:00,87246951.26514307
2025-12-08 13:54:00+09:00,87246951.26514307
2025-12-08 13:55:00+09:00,87246951.26514307
2025-12-08 13:56:00+09:00,87246951.26514307
2025-12-08 13:57:00+09:00,87246951.26514307
2025-12-08 13:58:00+09:00,87246951.26514307
2025-12-08 13:59:00+09:00,87246951.26514307
2025-12-08 14:00:00+09:00,87246951.26514307
2025-12-08 14:01:00+09:00,87246951.26514307
2025-12-08 14:02:00+09:00,87246951.26514307
2025-12-08 14:03:00+09:00,87246951.26514307
2025-12-08 14:04:00+09:00,87246951.26514307
2025-12-08 14:05:00+09:00,87246951.26514307
2025-12-08 14:06:00+09:00,87246951.26514307
2025-12-08 14:07:00+09:00,87246951.26514307
2025-12-08 14:08:00+09:00,87246951.26514307
2025-12-08 14:09:00+09:00,87246951.26514307
2025-12-08 14:10:00+09:00,87246951.26514307
2025-12-08 14:11:00+09:00,87246951.26514307
2025-12-08 14:12:00+09:00,87246951.26514307
2025-12-08 14:13:00+09:00,87246951.26514307
2025-12-08 14:14:00+09:00,87246951.26514307
2025-12-08 14:15:00+09:00,87246951.26514307
2025-12-08 14:16:00+09:00,87246951.26514307
2025-12-08 14:17:00+09:00,87246951.26514307
2025-12-08 14:18:00+09:00,87246951.26514307
2025-12-08 14:19:00+09:00,87246951.26514307
2025-12-08 14:20:00+09:00,87246951.26514307
2025-12-08 14:21:00+09:00,87246951.26514307
2025-12-08 14:22:00+09:00,87246951.26514307
2025-12-08 14:23:00+09:00,87246951.26514307
2025-12-08 14:24:00+09:00,87246951.26514307
2025-12-08 14:25:00+09:00,87246951.26514307
2025-12-08 14:26:00+09:00,87246951.26514307
2025-12-08 14:27:00+09:00,87246951.26514307
2025-12-08 14:28:00+09:00,87246951.26514307
2025-12-08 14:29:00+09:00,87246951.26514307
2025-12-08 14:30:00+09:00,87246951.26514307
2025-12-08 14:31:00+09:00,87246951.26514307
2025-12-08 14:32:00+09:00,87246951.26514307
2025-12-08 14:33:00+09:00,87246951.26514307
2025-12-08 14:34:00+09:00,87246951.26514307
2025-12-08 14:35:00+09:00,87246951.26514307
2025-12-08 14:36:00+09:00,87246951.26514307
2025-12-08 14:38:00+09:00,87246951.26514307
2025-12-08 14:39:00+09:00,87246951.26514307
2025-12-08 14:40:00+09:00,87246951.26514307
2025-12-08 14:41:00+09:00,87246951.26514307
2025-12-08 14:42:00+09:00,87246951.26514307
2025-12-08 14:43:00+09:00,87246951.26514307
2025-12-08 14:44:00+09:00,87246951.26514307
2025-12-08 14:45:00+09:00,87246951.26514307
2025-12-08 14:46:00+09:00,87246951.26514307
2025-12-08 14:47:00+09:00,87246951.26514307
2025-12-08 14:48:00+09:00,87246951.26514307
2025-12-08 14:49:00+09:00,87246951.26514307
2025-12-08 14:50:00+09:00,87246951.26514307
2025-12-08 14:51:00+09:00,87246951.26514307
2025-12-08 14:52:00+09:00,87246951.26514307
2025-12-08 14:53:00+09:00,87246951.26514307
2025-12-08 14:54:00+09:00,87246951.26514307
2025-12-08 14:55:00+09:00,87246951.26514307
2025-12-08 14:56:00+09:00,87246951.26514307
2025-12-08 14:57:00+09:00,87246951.26514307
2025-12-08 14:58:00+09:00,87246951.26514307
2025-12-08 14:59:00+09:00,87246951.26514307
2025-12-08 15:00:00+09:00,87246951.26514307
2025-12-08 15:01:00+09:00,87246951.26514307
2025-12-08 15:02:00+09:00,87246951.26514307
2025-12-08 15:03:00+09:00,87246951.26514307
2025-12-08 15:04:00+09:00,87246951.26514307
2025-12-08 15:05:00+09:00,87246951.26514307
2025-12-08 15:06:00+09:00,87246951.26514307
2025-12-08 15:07:00+09:00,87246951.26514307
2025-12-08 15:08:00+09:00,87246951.26514307
2025-12-08 15:09:00+09:00,87246951.26514307
2025-12-08 15:10:00+09:00,87246951.26514307
2025-12-08 15:11:00+09:00,87246951.26514307
2025-12-08 15:12:00+09:00,87246951.26514307
2025-12-08 15:13:00+09:00,87246951.26514307
2025-12-08 15:14:00+09:00,87246951.26514307
2025-12-08 15:15:00+09:00,87246951.26514307
2025-12-08 15:16:00+09:00,87246951.26514307
2025-12-08 15:17:00+09:00,87246951.26514307
2025-12-08 15:18:00+09:00,87246951.26514307
2025-12-08 15:19:00+09:00,87246951.26514307
2025-12-08 15:30:00+09:00,87246951.26514307
2025-12-08 15:35:00+09:00,87246951.26514307
2025-12-09 09:00:00+09:00,87246951.26514307
2025-12-09 09:01:00+09:00,87246951.26514307
2025-12-09 09:02:00+09:00,87246951.26514307
2025-12-09 09:03:00+09:00,87246951.26514307
2025-12-09 09:04:00+09:00,87246951.26514307
2025-12-09 09:05:00+09:00,87246951.26514307
2025-12-09 09:06:00+09:00,87246951.26514307
2025-12-09 09:07:00+09:00,87246951.26514307
2025-12-09 09:08:00+09:00,87246951.26514307
2025-12-09 09:09:00+09:00,87212052.484637
2025-12-09 09:10:00+09:00,86341672.71932127
2025-12-09 09:11:00+09:00,85123141.04787923
2025-12-09 09:12:00+09:00,85384254.97747396
2025-12-09 09:13:00+09:00,84165723.30603193
2025-12-09 09:14:00+09:00,84949065.09481609
2025-12-09 09:15:00+09:00,84546096.6710702
2025-12-09 09:16:00+09:00,84546096.6710702
2025-12-09 09:17:00+09:00,84546096.6710702
2025-12-09 09:18:00+09:00,84546096.6710702
2025-12-09 09:19:00+09:00,84546096.6710702
2025-12-09 09:20:00+09:00,84546096.6710702
2025-12-09 09:21:00+09:00,84546096.6710702
2025-12-09 09:22:00+09:00,84546096.6710702
2025-12-09 09:23:00+09:00,84546096.6710702
2025-12-09 09:24:00+09:00,84546096.6710702
2025-12-09 09:25:00+09:00,84546096.6710702
2025-12-09 09:26:00+09:00,84546096.6710702
2025-12-09 09:27:00+09:00,84512278.23240177
2025-12-09 09:28:00+09:00,84349127.116123
2025-12-09 09:29:00+09:00,85001731.58123808
2025-12-09 09:30:00+09:00,84838580.46495931
2025-12-09 09:31:00+09:00,84349127.116123
2025-12-09 09:32:00+09:00,84022824.88356547
2025-12-09 09:33:00+09:00,83696522.65100794
2025-12-09 09:34:00+09:00,84185975.99984424
2025-12-09 09:35:00+09:00,84185975.99984424
2025-12-09 09:36:00+09:00,83696522.65100794
2025-12-09 09:37:00+09:00,83370220.4184504
2025-12-09 09:38:00+09:00,84022824.88356547
2025-12-09 09:39:00+09:00,84022824.88356547
2025-12-09 09:40:00+09:00,83533371.53472917
2025-12-09 09:41:00+09:00,83533371.53472917
2025-12-09 09:42:00+09:00,83533371.53472917
2025-12-09 09:43:00+09:00,83533371.53472917
2025-12-09 09:44:00+09:00,83207069.30217163
2025-12-09 09:45:00+09:00,82554464.83705656
2025-12-09 09:46:00+09:00,82554464.83705656
2025-12-09 09:47:00+09:00,82228162.60449903
2025-12-09 09:48:00+09:00,82391313.7207778
2025-12-09 09:49:00+09:00,83043918.18589287
2025-12-09 09:50:00+09:00,81738709.25566272
2025-12-09 09:51:00+09:00,82228162.60449903
2025-12-09 09:52:00+09:00,81330831.4649658
2025-12-09 09:53:00+09:00,80678226.99985074
2025-12-09 09:54:00+09:00,80704461.69934835
2025-12-09 09:55:00+09:00,80704461.69934835
2025-12-09 09:56:00+09:00,80704461.69934835
2025-12-09 09:57:00+09:00,80704461.69934835
2025-12-09 09:58:00+09:00,80704461.69934835
2025-12-09 09:59:00+09:00,80704461.69934835
2025-12-09 10:00:00+09:00,80704461.69934835
2025-12-09 10:01:00+09:00,80704461.69934835
2025-12-09 10:02:00+09:00,80704461.69934835
2025-12-09 10:03:00+09:00,80704461.69934835
2025-12-09 10:04:00+09:00,80704461.69934835
2025-12-09 10:05:00+09:00,80704461.69934835
2025-12-09 10:06:00+09:00,80704461.69934835
2025-12-09 10:07:00+09:00,80704461.69934835
2025-12-09 10:08:00+09:00,80704461.69934835
2025-12-09 10:09:00+09:00,80704461.69934835
2025-12-09 10:10:00+09:00,80704461.69934835
2025-12-09 10:11:00+09:00,80704461.69934835
2025-12-09 10:12:00+09:00,80704461.69934835
2025-12-09 10:13:00+09:00,80704461.69934835
2025-12-09 10:14:00+09:00,80704461.69934835
2025-12-09 10:15:00+09:00,80704461.69934835
2025-12-09 10:16:00+09:00,80704461.69934835
2025-12-09 10:17:00+09:00,80704461.69934835
2025-12-09 10:18:00+09:00,80704461.69934835
2025-12-09 10:19:00+09:00,80704461.69934835
2025-12-09 10:20:00+09:00,80704461.69934835
2025-12-09 10:21:00+09:00,80704461.69934835
2025-12-09 10:22:00+09:00,80704461.69934835
2025-12-09 10:23:00+09:00,80704461.69934835
2025-12-09 10:24:00+09:00,80704461.69934835
2025-12-09 10:25:00+09:00,80704461.69934835
2025-12-09 10:26:00+09:00,80704461.69934835
2025-12-09 10:27:00+09:00,80704461.69934835
2025-12-09 10:28:00+09:00,80704461.69934835
2025-12-09 10:29:00+09:00,80704461.69934835
2025-12-09 10:30:00+09:00,80704461.69934835
2025-12-09 10:31:00+09:00,80672179.9146686
2025-12-09 10:32:00+09:00,81152371.46177973
2025-12-09 10:33:00+09:00,80672179.9146686
2025-12-09 10:34:00+09:00,80832243.76370564
2025-12-09 10:35:00+09:00,80352052.21659452
2025-12-09 10:36:00+09:00,80992307.61274268
2025-12-09 10:37:00+09:00,80933260.0588329
2025-12-09 10:38:00+09:00,80933260.0588329
2025-12-09 10:39:00+09:00,80933260.0588329
2025-12-09 10:40:00+09:00,80933260.0588329
2025-12-09 10:41:00+09:00,80933260.0588329
2025-12-09 10:42:00+09:00,80933260.0588329
2025-12-09 10:43:00+09:00,80933260.0588329
2025-12-09 10:44:00+09:00,80933260.0588329
2025-12-09 10:45:00+09:00,80933260.0588329
2025-12-09 10:46:00+09:00,80933260.0588329
2025-12-09 10:47:00+09:00,80933260.0588329
2025-12-09 10:48:00+09:00,80900886.75480936
2025-12-09 10:49:00+09:00,80900886.75480936
2025-12-09 10:50:00+09:00,80900886.75480936
2025-12-09 10:51:00+09:00,81061086.53056146
2025-12-09 10:52:00+09:00,80900886.75480936
2025-12-09 10:53:00+09:00,80420287.42755307
2025-12-09 10:54:00+09:00,80580487.20330517
2025-12-09 10:55:00+09:00,80420287.42755307
2025-12-09 10:56:00+09:00,80260087.65180098
2025-12-09 10:57:00+09:00,79883618.17878354
2025-12-09 10:58:00+09:00,79883618.17878354
2025-12-09 10:59:00+09:00,79883618.17878354
2025-12-09 11:00:00+09:00,79883618.17878354
2025-12-09 11:01:00+09:00,79883618.17878354
2025-12-09 11:02:00+09:00,79883618.17878354
2025-12-09 11:03:00+09:00,79883618.17878354
2025-12-09 11:04:00+09:00,79883618.17878354
2025-12-09 11:05:00+09:00,79883618.17878354
2025-12-09 11:06:00+09:00,79883618.17878354
2025-12-09 11:07:00+09:00,79883618.17878354
2025-12-09 11:08:00+09:00,79883618.17878354
2025-12-09 11:09:00+09:00,79883618.17878354
2025-12-09 11:10:00+09:00,79883618.17878354
2025-12-09 11:11:00+09:00,79883618.17878354
2025-12-09 11:12:00+09:00,79883618.17878354
2025-12-09 11:13:00+09:00,79883618.17878354
2025-12-09 11:14:00+09:00,79883618.17878354
2025-12-09 11:15:00+09:00,79883618.17878354
2025-12-09 11:16:00+09:00,79883618.17878354
2025-12-09 11:17:00+09:00,79883618.17878354
2025-12-09 11:18:00+09:00,79883618.17878354
2025-12-09 11:19:00+09:00,79883618.17878354
2025-12-09 11:20:00+09:00,79883618.17878354
2025-12-09 11:21:00+09:00,79883618.17878354
2025-12-09 11:22:00+09:00,79883618.17878354
2025-12-09 11:23:00+09:00,79883618.17878354
2025-12-09 11:24:00+09:00,79883618.17878354
2025-12-09 11:25:00+09:00,79883618.17878354
2025-12-09 11:26:00+09:00,79883618.17878354
2025-12-09 11:27:00+09:00,79883618.17878354
2025-12-09 11:28:00+09:00,79883618.17878354
2025-12-09 11:29:00+09:00,79883618.17878354
2025-12-09 11:30:00+09:00,79883618.17878354
2025-12-09 11:31:00+09:00,79883618.17878354
2025-12-09 11:32:00+09:00,79883618.17878354
2025-12-09 11:33:00+09:00,79883618.17878354
2025-12-09 11:34:00+09:00,79883618.17878354
2025-12-09 11:35:00+09:00,79883618.17878354
2025-12-09 11:36:00+09:00,79883618.17878354
2025-12-09 11:37:00+09:00,79883618.17878354
2025-12-09 11:38:00+09:00,79883618.17878354
2025-12-09 11:39:00+09:00,79883618.17878354
2025-12-09 11:40:00+09:00,79883618.17878354
2025-12-09 11:41:00+09:00,79883618.17878354
2025-12-09 11:42:00+09:00,79883618.17878354
2025-12-09 11:43:00+09:00,79883618.17878354
2025-12-09 11:44:00+09:00,79883618.17878354
2025-12-09 11:45:00+09:00,79883618.17878354
2025-12-09 11:46:00+09:00,79883618.17878354
2025-12-09 11:47:00+09:00,79883618.17878354
2025-12-09 11:48:00+09:00,79883618.17878354
2025-12-09 11:49:00+09:00,79883618.17878354
2025-12-09 11:50:00+09:00,79883618.17878354
2025-12-09 11:51:00+09:00,79883618.17878354
2025-12-09 11:52:00+09:00,79883618.17878354
2025-12-09 11:53:00+09:00,79883618.17878354
2025-12-09 11:54:00+09:00,79883618.17878354
2025-12-09 11:55:00+09:00,79883618.17878354
2025-12-09 11:56:00+09:00,79883618.17878354
2025-12-09 11:57:00+09:00,79883618.17878354
2025-12-09 11:58:00+09:00,79883618.17878354
2025-12-09 11:59:00+09:00,79883618.17878354
2025-12-09 12:00:00+09:00,79883618.17878354
2025-12-09 12:01:00+09:00,79883618.17878354
2025-12-09 12:02:00+09:00,79883618.17878354
2025-12-09 12:03:00+09:00,79883618.17878354
2025-12-09 12:04:00+09:00,79883618.17878354
2025-12-09 12:05:00+09:00,79883618.17878354
2025-12-09 12:06:00+09:00,79883618.17878354
2025-12-09 12:07:00+09:00,79883618.17878354
2025-12-09 12:08:00+09:00,79883618.17878354
2025-12-09 12:09:00+09:00,79883618.17878354
2025-12-09 12:10:00+09:00,79883618.17878354
2025-12-09 12:11:00+09:00,79851664.73151202
2025-12-09 12:12:00+09:00,79692280.17116968
2025-12-09 12:13:00+09:00,79397633.90369281
2025-12-09 12:14:00+09:00,79397633.90369281
2025-12-09 12:15:00+09:00,79397633.90369281
2025-12-09 12:16:00+09:00,79397633.90369281
2025-12-09 12:17:00+09:00,79397633.90369281
2025-12-09 12:18:00+09:00,79397633.90369281
2025-12-09 12:19:00+09:00,79397633.90369281
2025-12-09 12:20:00+09:00,79397633.90369281
2025-12-09 12:21:00+09:00,79397633.90369281
2025-12-09 12:22:00+09:00,79397633.90369281
2025-12-09 12:23:00+09:00,79397633.90369281
2025-12-09 12:24:00+09:00,79397633.90369281
2025-12-09 12:25:00+09:00,79397633.90369281
2025-12-09 12:26:00+09:00,79397633.90369281
2025-12-09 12:27:00+09:00,79397633.90369281
2025-12-09 12:28:00+09:00,79397633.90369281
2025-12-09 12:29:00+09:00,79397633.90369281
2025-12-09 12:30:00+09:00,79397633.90369281
2025-12-09 12:31:00+09:00,79397633.90369281
2025-12-09 12:32:00+09:00,79397633.90369281
2025-12-09 12:33:00+09:00,79397633.90369281
2025-12-09 12:34:00+09:00,79397633.90369281
2025-12-09 12:35:00+09:00,79397633.90369281
2025-12-09 12:36:00+09:00,79397633.90369281
2025-12-09 12:37:00+09:00,79397633.90369281
2025-12-09 12:38:00+09:00,79397633.90369281
2025-12-09 12:39:00+09:00,79397633.90369281
2025-12-09 12:40:00+09:00,79397633.90369281
2025-12-09 12:41:00+09:00,79397633.90369281
2025-12-09 12:42:00+09:00,79397633.90369281
2025-12-09 12:43:00+09:00,79397633.90369281
2025-12-09 12:44:00+09:00,79397633.90369281
2025-12-09 12:45:00+09:00,79397633.90369281
2025-12-09 12:46:00+09:00,79397633.90369281
2025-12-09 12:47:00+09:00,79397633.90369281
2025-12-09 12:48:00+09:00,79397633.90369281
2025-12-09 12:49:00+09:00,79397633.90369281
2025-12-09 12:50:00+09:00,79397633.90369281
2025-12-09 12:51:00+09:00,79397633.90369281
2025-12-09 12:52:00+09:00,79397633.90369281
2025-12-09 12:53:00+09:00,79397633.90369281
2025-12-09 12:54:00+09:00,79397633.90369281
2025-12-09 12:55:00+09:00,79397633.90369281
2025-12-09 12:56:00+09:00,79397633.90369281
2025-12-09 12:57:00+09:00,79397633.90369281
2025-12-09 12:58:00+09:00,79397633.90369281
2025-12-09 12:59:00+09:00,79397633.90369281
2025-12-09 13:00:00+09:00,79397633.90369281
2025-12-09 13:01:00+09:00,79397633.90369281
2025-12-09 13:02:00+09:00,79397633.90369281
2025-12-09 13:03:00+09:00,79397633.90369281
2025-12-09 13:04:00+09:00,79397633.90369281
2025-12-09 13:05:00+09:00,79397633.90369281
2025-12-09 13:06:00+09:00,79397633.90369281
2025-12-09 13:07:00+09:00,79397633.90369281
2025-12-09 13:08:00+09:00,79397633.90369281
2025-12-09 13:09:00+09:00,79397633.90369281
2025-12-09 13:10:00+09:00,79397633.90369281
2025-12-09 13:11:00+09:00,79397633.90369281
2025-12-09 13:12:00+09:00,79397633.90369281
2025-12-09 13:13:00+09:00,79397633.90369281
2025-12-09 13:14:00+09:00,79397633.90369281
2025-12-09 13:15:00+09:00,79397633.90369281
2025-12-09 13:16:00+09:00,79397633.90369281
2025-12-09 13:17:00+09:00,79397633.90369281
2025-12-09 13:18:00+09:00,79397633.90369281
2025-12-09 13:19:00+09:00,79365874.85013133
2025-12-09 13:20:00+09:00,79603260.3182773
2025-12-09 13:21:00+09:00,79445003.33951333
2025-12-09 13:22:00+09:00,80552802.19086112
2025-12-09 13:23:00+09:00,80711059.16962509
2025-12-09 13:24:00+09:00,80236288.23333319
2025-12-09 13:25:00+09:00,79919774.27580523
2025-12-09 13:26:00+09:00,79761517.29704127
2025-12-09 13:27:00+09:00,79761517.29704127
2025-12-09 13:28:00+09:00,80078031.2545692
2025-12-09 13:29:00+09:00,79761517.29704127
2025-12-09 13:30:00+09:00,79761517.29704127
2025-12-09 13:31:00+09:00,79603260.3182773
2025-12-09 13:32:00+09:00,79445003.33951333
2025-12-09 13:33:00+09:00,79603260.3182773
2025-12-09 13:34:00+09:00,79761517.29704127
2025-12-09 13:35:00+09:00,79919774.27580523
2025-12-09 13:36:00+09:00,79761517.29704127
2025-12-09 13:37:00+09:00,79603260.3182773
2025-12-09 13:38:00+09:00,80078031.2545692
2025-12-09 13:39:00+09:00,80078031.2545692
2025-12-09 13:40:00+09:00,79761517.29704127
2025-12-09 13:41:00+09:00,79603260.3182773
2025-12-09 13:42:00+09:00,79603260.3182773
2025-12-09 13:43:00+09:00,79603260.3182773
2025-12-09 13:44:00+09:00,79603260.3182773
2025-12-09 13:45:00+09:00,79603260.3182773
2025-12-09 13:46:00+09:00,79761517.29704127
2025-12-09 13:47:00+09:00,79445003.33951333
2025-12-09 13:48:00+09:00,79128489.3819854
2025-12-09 13:49:00+09:00,79049360.89260341
2025-12-09 13:50:00+09:00,79072672.14557536
2025-12-09 13:51:00+09:00,79072672.14557536
2025-12-09 13:52:00+09:00,79072672.14557536
2025-12-09 13:53:00+09:00,79072672.14557536
2025-12-09 13:54:00+09:00,79072672.14557536
2025-12-09 13:55:00+09:00,79072672.14557536
2025-12-09 13:56:00+09:00,79072672.14557536
2025-12-09 13:57:00+09:00,79072672.14557536
2025-12-09 13:58:00+09:00,79072672.14557536
2025-12-09 13:59:00+09:00,79072672.14557536
2025-12-09 14:00:00+09:00,79072672.14557536
2025-12-09 14:01:00+09:00,79072672.14557536
2025-12-09 14:02:00+09:00,79072672.14557536
2025-12-09 14:03:00+09:00,79072672.14557536
2025-12-09 14:04:00+09:00,79072672.14557536
2025-12-09 14:05:00+09:00,79072672.14557536
2025-12-09 14:06:00+09:00,79072672.14557536
2025-12-09 14:07:00+09:00,79072672.14557536
2025-12-09 14:08:00+09:00,79072672.14557536
2025-12-09 14:09:00+09:00,79072672.14557536
2025-12-09 14:10:00+09:00,79072672.14557536
2025-12-09 14:11:00+09:00,79072672.14557536
2025-12-09 14:12:00+09:00,79072672.14557536
2025-12-09 14:13:00+09:00,79072672.14557536
2025-12-09 14:14:00+09:00,79072672.14557536
2025-12-09 14:15:00+09:00,79072672.14557536
2025-12-09 14:16:00+09:00,79072672.14557536
2025-12-09 14:17:00+09:00,79072672.14557536
2025-12-09 14:18:00+09:00,79072672.14557536
2025-12-09 14:19:00+09:00,79072672.14557536
2025-12-09 14:20:00+09:00,79072672.14557536
2025-12-09 14:21:00+09:00,79072672.14557536
2025-12-09 14:22:00+09:00,79072672.14557536
2025-12-09 14:23:00+09:00,79072672.14557536
2025-12-09 14:24:00+09:00,79072672.14557536
2025-12-09 14:25:00+09:00,79072672.14557536
2025-12-09 14:26:00+09:00,79072672.14557536
2025-12-09 14:27:00+09:00,79072672.14557536
2025-12-09 14:28:00+09:00,79072672.14557536
2025-12-09 14:29:00+09:00,79072672.14557536
2025-12-09 14:30:00+09:00,79072672.14557536
2025-12-09 14:31:00+09:00,79072672.14557536
2025-12-09 14:32:00+09:00,79072672.14557536
2025-12-09 14:33:00+09:00,79072672.14557536
2025-12-09 14:34:00+09:00,79072672.14557536
2025-12-09 14:35:00+09:00,79072672.14557536
2025-12-09 14:36:00+09:00,79072672.14557536
2025-12-09 14:37:00+09:00,79072672.14557536
2025-12-09 14:38:00+09:00,79072672.14557536
2025-12-09 14:39:00+09:00,79072672.14557536
2025-12-09 14:40:00+09:00,79072672.14557536
2025-12-09 14:41:00+09:00,79072672.14557536
2025-12-09 14:42:00+09:00,79072672.14557536
2025-12-09 14:43:00+09:00,79072672.14557536
2025-12-09 14:44:00+09:00,79072672.14557536
2025-12-09 14:45:00+09:00,79072672.14557536
2025-12-09 14:46:00+09:00,79072672.14557536
2025-12-09 14:47:00+09:00,79072672.14557536
2025-12-09 14:48:00+09:00,79072672.14557536
2025-12-09 14:49:00+09:00,79072672.14557536
2025-12-09 14:50:00+09:00,79072672.14557536
2025-12-09 14:51:00+09:00,79072672.14557536
2025-12-09 14:52:00+09:00,79072672.14557536
2025-12-09 14:53:00+09:00,79072672.14557536
2025-12-09 14:54:00+09:00,79072672.14557536
2025-12-09 14:55:00+09:00,79072672.14557536
2025-12-09 14:56:00+09:00,79072672.14557536
2025-12-09 14:57:00+09:00,79072672.14557536
2025-12-09 14:58:00+09:00,79072672.14557536
2025-12-09 14:59:00+09:00,79072672.14557536
2025-12-09 15:00:00+09:00,79072672.14557536
2025-12-09 15:01:00+09:00,79072672.14557536
2025-12-09 15:02:00+09:00,79072672.14557536
2025-12-09 15:03:00+09:00,79072672.14557536
2025-12-09 15:04:00+09:00,79072672.14557536
2025-12-09 15:05:00+09:00,79072672.14557536
2025-12-09 15:06:00+09:00,79072672.14557536
2025-12-09 15:07:00+09:00,79072672.14557536
2025-12-09 15:08:00+09:00,79041043.07671714
2025-12-09 15:09:00+09:00,79041043.07671714
2025-12-09 15:10:00+09:00,79198809.62976448
2025-12-09 15:11:00+09:00,79356576.18281183
2025-12-09 15:12:00+09:00,79356576.18281183
2025-12-09 15:13:00+09:00,79041043.07671714
2025-12-09 15:14:00+09:00,78883276.5236698
2025-12-09 15:15:00+09:00,78646626.69409879
2025-12-09 15:16:00+09:00,78804393.24714613
2025-12-09 15:17:00+09:00,78804393.24714613
2025-12-09 15:18:00+09:00,78883276.52366981
2025-12-09 15:19:00+09:00,78804393.24714614
2025-12-09 15:30:00+09:00,78883276.52366982
2025-12-09 15:35:00+09:00,78883276.52366982
2025-12-10 09:00:00+09:00,77778910.65233845
2025-12-10 09:01:00+09:00,76674544.78100707
2025-12-10 09:02:00+09:00,77254226.4268689
2025-12-10 09:03:00+09:00,77254226.4268689
2025-12-10 09:04:00+09:00,77254226.4268689
2025-12-10 09:05:00+09:00,77254226.4268689
2025-12-10 09:06:00+09:00,77254226.4268689
2025-12-10 09:07:00+09:00,77254226.4268689
2025-12-10 09:08:00+09:00,77254226.4268689
2025-12-10 09:09:00+09:00,77254226.4268689
2025-12-10 09:10:00+09:00,77254226.4268689
2025-12-10 09:11:00+09:00,77254226.4268689
2025-12-10 09:12:00+09:00,77254226.4268689
2025-12-10 09:13:00+09:00,77254226.4268689
2025-12-10 09:14:00+09:00,77254226.4268689
2025-12-10 09:15:00+09:00,77254226.4268689
2025-12-10 09:16:00+09:00,77254226.4268689
2025-12-10 09:17:00+09:00,77254226.4268689
2025-12-10 09:18:00+09:00,77254226.4268689
2025-12-10 09:19:00+09:00,77254226.4268689
2025-12-10 09:20:00+09:00,77254226.4268689
2025-12-10 09:21:00+09:00,77254226.4268689
2025-12-10 09:22:00+09:00,77254226.4268689
2025-12-10 09:23:00+09:00,77254226.4268689
2025-12-10 09:24:00+09:00,77254226.4268689
2025-12-10 09:25:00+09:00,77254226.4268689
2025-12-10 09:26:00+09:00,77254226.4268689
2025-12-10 09:27:00+09:00,77254226.4268689
2025-12-10 09:28:00+09:00,77254226.4268689
2025-12-10 09:29:00+09:00,77254226.4268689
2025-12-10 09:30:00+09:00,77254226.4268689
2025-12-10 09:31:00+09:00,77254226.4268689
2025-12-10 09:32:00+09:00,77254226.4268689
2025-12-10 09:33:00+09:00,77254226.4268689
2025-12-10 09:34:00+09:00,77254226.4268689
2025-12-10 09:35:00+09:00,77254226.4268689
2025-12-10 09:36:00+09:00,77254226.4268689
2025-12-10 09:37:00+09:00,77254226.4268689
2025-12-10 09:38:00+09:00,77254226.4268689
2025-12-10 09:39:00+09:00,77254226.4268689
2025-12-10 09:40:00+09:00,77254226.4268689
2025-12-10 09:41:00+09:00,77254226.4268689
2025-12-10 09:42:00+09:00,77254226.4268689
2025-12-10 09:43:00+09:00,77254226.4268689
2025-12-10 09:44:00+09:00,77254226.4268689
2025-12-10 09:45:00+09:00,77254226.4268689
2025-12-10 09:46:00+09:00,77254226.4268689
2025-12-10 09:47:00+09:00,77254226.4268689
2025-12-10 09:48:00+09:00,77254226.4268689
2025-12-10 09:49:00+09:00,77254226.4268689
2025-12-10 09:50:00+09:00,77254226.4268689
2025-12-10 09:51:00+09:00,77254226.4268689
2025-12-10 09:52:00+09:00,77254226.4268689
2025-12-10 09:53:00+09:00,77254226.4268689
2025-12-10 09:54:00+09:00,77254226.4268689
2025-12-10 09:55:00+09:00,77254226.4268689
2025-12-10 09:56:00+09:00,77254226.4268689
2025-12-10 09:57:00+09:00,77254226.4268689
2025-12-10 09:58:00+09:00,77254226.4268689
2025-12-10 09:59:00+09:00,77254226.4268689
2025-12-10 10:00:00+09:00,77254226.4268689
2025-12-10 10:01:00+09:00,77254226.4268689
2025-12-10 10:02:00+09:00,77254226.4268689
2025-12-10 10:03:00+09:00,77254226.4268689
2025-12-10 10:04:00+09:00,77254226.4268689
2025-12-10 10:05:00+09:00,77254226.4268689
2025-12-10 10:06:00+09:00,77254226.4268689
2025-12-10 10:07:00+09:00,77254226.4268689
2025-12-10 10:08:00+09:00,77254226.4268689
2025-12-10 10:09:00+09:00,77254226.4268689
2025-12-10 10:10:00+09:00,77254226.4268689
2025-12-10 10:11:00+09:00,77254226.4268689
2025-12-10 10:12:00+09:00,77254226.4268689
2025-12-10 10:13:00+09:00,77254226.4268689
2025-12-10 10:14:00+09:00,77254226.4268689
2025-12-10 10:15:00+09:00,77254226.4268689
2025-12-10 10:16:00+09:00,77254226.4268689
2025-12-10 10:17:00+09:00,77254226.4268689
2025-12-10 10:18:00+09:00,77254226.4268689
2025-12-10 10:19:00+09:00,77254226.4268689
2025-12-10 10:20:00+09:00,77254226.4268689
2025-12-10 10:21:00+09:00,77254226.4268689
2025-12-10 10:22:00+09:00,77254226.4268689
2025-12-10 10:23:00+09:00,77254226.4268689
2025-12-10 10:24:00+09:00,77254226.4268689
2025-12-10 10:25:00+09:00,77254226.4268689
2025-12-10 10:26:00+09:00,77254226.4268689
2025-12-10 10:27:00+09:00,77254226.4268689
2025-12-10 10:28:00+09:00,77254226.4268689
2025-12-10 10:29:00+09:00,77254226.4268689
2025-12-10 10:30:00+09:00,77254226.4268689
2025-12-10 10:31:00+09:00,77254226.4268689
2025-12-10 10:32:00+09:00,77254226.4268689
2025-12-10 10:33:00+09:00,77254226.4268689
2025-12-10 10:34:00+09:00,77254226.4268689
2025-12-10 10:35:00+09:00,77254226.4268689
2025-12-10 10:36:00+09:00,77254226.4268689
2025-12-10 10:37:00+09:00,77254226.4268689
2025-12-10 10:38:00+09:00,77254226.4268689
2025-12-10 10:39:00+09:00,77254226.4268689
2025-12-10 10:40:00+09:00,77254226.4268689
2025-12-10 10:41:00+09:00,77254226.4268689
2025-12-10 10:42:00+09:00,77254226.4268689
2025-12-10 10:43:00+09:00,77254226.4268689
2025-12-10 10:44:00+09:00,77254226.4268689
2025-12-10 10:45:00+09:00,77254226.4268689
2025-12-10 10:46:00+09:00,77254226.4268689
2025-12-10 10:47:00+09:00,77254226.4268689
2025-12-10 10:48:00+09:00,77254226.4268689
2025-12-10 10:49:00+09:00,77254226.4268689
2025-12-10 10:50:00+09:00,77254226.4268689
2025-12-10 10:51:00+09:00,77254226.4268689
2025-12-10 10:52:00+09:00,77254226.4268689
2025-12-10 10:53:00+09:00,77254226.4268689
2025-12-10 10:54:00+09:00,77254226.4268689
2025-12-10 10:55:00+09:00,77254226.4268689
2025-12-10 10:56:00+09:00,77254226.4268689
2025-12-10 10:57:00+09:00,77254226.4268689
2025-12-10 10:58:00+09:00,77254226.4268689
2025-12-10 10:59:00+09:00,77254226.4268689
2025-12-10 11:00:00+09:00,77254226.4268689
2025-12-10 11:01:00+09:00,77254226.4268689
2025-12-10 11:02:00+09:00,77254226.4268689
2025-12-10 11:03:00+09:00,77254226.4268689
2025-12-10 11:04:00+09:00,77254226.4268689
2025-12-10 11:05:00+09:00,77254226.4268689
2025-12-10 11:06:00+09:00,77254226.4268689
2025-12-10 11:07:00+09:00,77254226.4268689
2025-12-10 11:08:00+09:00,77254226.4268689
2025-12-10 11:09:00+09:00,77254226.4268689
2025-12-10 11:10:00+09:00,77254226.4268689
2025-12-10 11:11:00+09:00,77254226.4268689
2025-12-10 11:12:00+09:00,77254226.4268689
2025-12-10 11:13:00+09:00,77254226.4268689
2025-12-10 11:14:00+09:00,77254226.4268689
2025-12-10 11:15:00+09:00,77254226.4268689
2025-12-10 11:16:00+09:00,77254226.4268689
2025-12-10 11:17:00+09:00,77254226.4268689
2025-12-10 11:18:00+09:00,77254226.4268689
2025-12-10 11:19:00+09:00,77254226.4268689
2025-12-10 11:20:00+09:00,77254226.4268689
2025-12-10 11:21:00+09:00,77254226.4268689
2025-12-10 11:22:00+09:00,77254226.4268689
2025-12-10 11:23:00+09:00,77254226.4268689
2025-12-10 11:24:00+09:00,77254226.4268689
2025-12-10 11:25:00+09:00,77254226.4268689
2025-12-10 11:26:00+09:00,77254226.4268689
2025-12-10 11:27:00+09:00,77254226.4268689
2025-12-10 11:28:00+09:00,77254226.4268689
2025-12-10 11:29:00+09:00,77254226.4268689
2025-12-10 11:30:00+09:00,77254226.4268689
2025-12-10 11:31:00+09:00,77254226.4268689
2025-12-10 11:32:00+09:00,77254226.4268689
2025-12-10 11:33:00+09:00,77254226.4268689
2025-12-10 11:34:00+09:00,77254226.4268689
2025-12-10 11:35:00+09:00,77254226.4268689
2025-12-10 11:36:00+09:00,77254226.4268689
2025-12-10 11:37:00+09:00,77254226.4268689
2025-12-10 11:38:00+09:00,77254226.4268689
2025-12-10 11:39:00+09:00,77254226.4268689
2025-12-10 11:40:00+09:00,77254226.4268689
2025-12-10 11:41:00+09:00,77254226.4268689
2025-12-10 11:42:00+09:00,77254226.4268689
2025-12-10 11:43:00+09:00,77254226.4268689
2025-12-10 11:44:00+09:00,77254226.4268689
2025-12-10 11:45:00+09:00,77254226.4268689
2025-12-10 11:46:00+09:00,77254226.4268689
2025-12-10 11:47:00+09:00,77254226.4268689
2025-12-10 11:48:00+09:00,77254226.4268689
2025-12-10 11:49:00+09:00,77254226.4268689
2025-12-10 11:50:00+09:00,77254226.4268689
2025-12-10 11:51:00+09:00,77254226.4268689
2025-12-10 11:52:00+09:00,77254226.4268689
2025-12-10 11:53:00+09:00,77254226.4268689
2025-12-10 11:54:00+09:00,77254226.4268689
2025-12-10 11:55:00+09:00,77254226.4268689
2025-12-10 11:56:00+09:00,77254226.4268689
2025-12-10 11:57:00+09:00,77254226.4268689
2025-12-10 11:58:00+09:00,77254226.4268689
2025-12-10 11:59:00+09:00,77254226.4268689
2025-12-10 12:00:00+09:00,77254226.4268689
2025-12-10 12:01:00+09:00,77254226.4268689
2025-12-10 12:02:00+09:00,77254226.4268689
2025-12-10 12:03:00+09:00,77254226.4268689
2025-12-10 12:04:00+09:00,77254226.4268689
2025-12-10 12:05:00+09:00,77254226.4268689
2025-12-10 12:06:00+09:00,77254226.4268689
2025-12-10 12:07:00+09:00,77254226.4268689
2025-12-10 12:08:00+09:00,77254226.4268689
2025-12-10 12:09:00+09:00,77254226.4268689
2025-12-10 12:10:00+09:00,77254226.4268689
2025-12-10 12:11:00+09:00,77254226.4268689
2025-12-10 12:12:00+09:00,77254226.4268689
2025-12-10 12:13:00+09:00,77254226.4268689
2025-12-10 12:14:00+09:00,77254226.4268689
2025-12-10 12:15:00+09:00,77254226.4268689
2025-12-10 12:16:00+09:00,77254226.4268689
2025-12-10 12:17:00+09:00,77254226.4268689
2025-12-10 12:18:00+09:00,77254226.4268689
2025-12-10 12:19:00+09:00,77254226.4268689
2025-12-10 12:20:00+09:00,77254226.4268689
2025-12-10 12:21:00+09:00,77254226.4268689
2025-12-10 12:22:00+09:00,77254226.4268689
2025-12-10 12:23:00+09:00,77254226.4268689
2025-12-10 12:24:00+09:00,77254226.4268689
2025-12-10 12:25:00+09:00,77254226.4268689
2025-12-10 12:26:00+09:00,77254226.4268689
2025-12-10 12:27:00+09:00,77254226.4268689
2025-12-10 12:28:00+09:00,77254226.4268689
2025-12-10 12:29:00+09:00,77254226.4268689
2025-12-10 12:30:00+09:00,77254226.4268689
2025-12-10 12:31:00+09:00,77254226.4268689
2025-12-10 12:32:00+09:00,77254226.4268689
2025-12-10 12:33:00+09:00,77254226.4268689
2025-12-10 12:34:00+09:00,77254226.4268689
2025-12-10 12:35:00+09:00,77254226.4268689
2025-12-10 12:36:00+09:00,77254226.4268689
2025-12-10 12:37:00+09:00,77254226.4268689
2025-12-10 12:38:00+09:00,77254226.4268689
2025-12-10 12:39:00+09:00,77254226.4268689
2025-12-10 12:40:00+09:00,77254226.4268689
2025-12-10 12:41:00+09:00,77254226.4268689
2025-12-10 12:42:00+09:00,77254226.4268689
2025-12-10 12:43:00+09:00,77254226.4268689
2025-12-10 12:44:00+09:00,77254226.4268689
2025-12-10 12:45:00+09:00,77254226.4268689
2025-12-10 12:46:00+09:00,77254226.4268689
2025-12-10 12:47:00+09:00,77254226.4268689
2025-12-10 12:48:00+09:00,77254226.4268689
2025-12-10 12:49:00+09:00,77254226.4268689
2025-12-10 12:50:00+09:00,77254226.4268689
2025-12-10 12:51:00+09:00,77254226.4268689
2025-12-10 12:52:00+09:00,77254226.4268689
2025-12-10 12:53:00+09:00,77254226.4268689
2025-12-10 12:54:00+09:00,77254226.4268689
2025-12-10 12:55:00+09:00,77254226.4268689
2025-12-10 12:56:00+09:00,77254226.4268689
2025-12-10 12:57:00+09:00,77254226.4268689
2025-12-10 12:58:00+09:00,77254226.4268689
2025-12-10 12:59:00+09:00,77254226.4268689
2025-12-10 13:00:00+09:00,77254226.4268689
2025-12-10 13:01:00+09:00,77254226.4268689
2025-12-10 13:02:00+09:00,77254226.4268689
2025-12-10 13:03:00+09:00,77254226.4268689
2025-12-10 13:04:00+09:00,77254226.4268689
2025-12-10 13:05:00+09:00,77254226.4268689
2025-12-10 13:06:00+09:00,77254226.4268689
2025-12-10 13:07:00+09:00,77254226.4268689
2025-12-10 13:08:00+09:00,77254226.4268689
2025-12-10 13:09:00+09:00,77254226.4268689
2025-12-10 13:10:00+09:00,77254226.4268689
2025-12-10 13:11:00+09:00,77254226.4268689
2025-12-10 13:12:00+09:00,77254226.4268689
2025-12-10 13:13:00+09:00,77254226.4268689
2025-12-10 13:14:00+09:00,77254226.4268689
2025-12-10 13:15:00+09:00,77223324.73629816
2025-12-10 13:16:00+09:00,77141172.26317443
2025-12-10 13:17:00+09:00,77305477.20942187
2025-12-10 13:18:00+09:00,77469782.1556693
2025-12-10 13:19:00+09:00,77551934.62879303
2025-12-10 13:20:00+09:00,77962696.99441165
2025-12-10 13:21:00+09:00,77880544.52128793
2025-12-10 13:22:00+09:00,77634087.10191676
2025-12-10 13:23:00+09:00,77387629.6825456
2025-12-10 13:24:00+09:00,77387629.6825456
2025-12-10 13:25:00+09:00,77469782.15566933
2025-12-10 13:26:00+09:00,77469782.15566933
2025-12-10 13:27:00+09:00,77387629.68254562
2025-12-10 13:28:00+09:00,77469782.15566935
2025-12-10 13:29:00+09:00,77469782.15566935
2025-12-10 13:30:00+09:00,77551934.62879308
2025-12-10 13:31:00+09:00,77634087.1019168
2025-12-10 13:32:00+09:00,77880544.52128796
2025-12-10 13:33:00+09:00,78209154.41378285
2025-12-10 13:34:00+09:00,78127001.94065914
2025-12-10 13:35:00+09:00,78291306.88690658
2025-12-10 13:36:00+09:00,78127001.94065914
2025-12-10 13:37:00+09:00,77798392.04816425
2025-12-10 13:38:00+09:00,77716239.57504052
2025-12-10 13:39:00+09:00,77962696.99441168
2025-12-10 13:40:00+09:00,78209154.41378284
2025-12-10 13:41:00+09:00,78373459.36003028
2025-12-10 13:42:00+09:00,78332383.12346841
2025-12-10 13:43:00+09:00,78291306.88690655
2025-12-10 13:44:00+09:00,78127001.9406591
2025-12-10 13:45:00+09:00,77880544.52128795
2025-12-10 13:46:00+09:00,77551934.62879306
2025-12-10 13:47:00+09:00,77716239.57504052
2025-12-10 13:48:00+09:00,77634087.10191679
2025-12-10 13:49:00+09:00,77387629.68254563
2025-12-10 13:50:00+09:00,77305477.20942192
2025-12-10 13:51:00+09:00,77469782.15566935
2025-12-10 13:52:00+09:00,77260613.74384904
2025-12-10 13:53:00+09:00,77260613.74384904
2025-12-10 13:54:00+09:00,77260613.74384904
2025-12-10 13:55:00+09:00,77260613.74384904
2025-12-10 13:56:00+09:00,77260613.74384904
2025-12-10 13:57:00+09:00,77260613.74384904
2025-12-10 13:58:00+09:00,77260613.74384904
2025-12-10 13:59:00+09:00,77260613.74384904
2025-12-10 14:00:00+09:00,77260613.74384904
2025-12-10 14:01:00+09:00,77260613.74384904
2025-12-10 14:02:00+09:00,77260613.74384904
2025-12-10 14:03:00+09:00,77260613.74384904
2025-12-10 14:04:00+09:00,77260613.74384904
2025-12-10 14:05:00+09:00,77260613.74384904
2025-12-10 14:06:00+09:00,77229709.4983515
2025-12-10 14:07:00+09:00,77067291.60245591
2025-12-10 14:08:00+09:00,77148500.5504037
2025-12-10 14:09:00+09:00,77067291.6024559
2025-12-10 14:10:00+09:00,77148500.55040368
2025-12-10 14:11:00+09:00,77067291.60245588
2025-12-10 14:12:00+09:00,77067291.60245588
2025-12-10 14:13:00+09:00,77229709.49835147
2025-12-10 14:14:00+09:00,77473336.34219486
2025-12-10 14:15:00+09:00,77392127.39424707
2025-12-10 14:16:00+09:00,77473336.34219487
2025-12-10 14:17:00+09:00,77716963.18603826
2025-12-10 14:18:00+09:00,77798172.13398604
2025-12-10 14:19:00+09:00,77798172.13398604
2025-12-10 14:20:00+09:00,77716963.18603824
2025-12-10 14:21:00+09:00,77554545.29014266
2025-12-10 14:22:00+09:00,77554545.29014266
2025-12-10 14:23:00+09:00,77716963.18603824
2025-12-10 14:24:00+09:00,77798172.13398603
2025-12-10 14:25:00+09:00,77473336.34219486
2025-12-10 14:26:00+09:00,77392127.39424707
2025-12-10 14:27:00+09:00,77635754.23809046
2025-12-10 14:28:00+09:00,77513940.81616877
2025-12-10 14:29:00+09:00,77473336.34219487
2025-12-10 14:30:00+09:00,77392127.39424708
2025-12-10 14:31:00+09:00,77148500.5504037
2025-12-10 14:32:00+09:00,77148500.5504037
2025-12-10 14:33:00+09:00,77067291.6024559
2025-12-10 14:34:00+09:00,76986082.65450811
2025-12-10 14:35:00+09:00,76778220.23134094
2025-12-10 14:36:00+09:00,76778220.23134094
2025-12-10 14:37:00+09:00,76778220.23134094
2025-12-10 14:38:00+09:00,76778220.23134094
2025-12-10 14:39:00+09:00,76778220.23134094
2025-12-10 14:40:00+09:00,76778220.23134094
2025-12-10 14:41:00+09:00,76778220.23134094
2025-12-10 14:42:00+09:00,76778220.23134094
2025-12-10 14:43:00+09:00,76778220.23134094
2025-12-10 14:44:00+09:00,76778220.23134094
2025-12-10 14:45:00+09:00,76778220.23134094
2025-12-10 14:46:00+09:00,76778220.23134094
2025-12-10 14:47:00+09:00,76778220.23134094
2025-12-10 14:48:00+09:00,76778220.23134094
2025-12-10 14:49:00+09:00,76778220.23134094
2025-12-10 14:50:00+09:00,76778220.23134094
2025-12-10 14:51:00+09:00,76778220.23134094
2025-12-10 14:52:00+09:00,76778220.23134094
2025-12-10 14:53:00+09:00,76778220.23134094
2025-12-10 14:54:00+09:00,76778220.23134094
2025-12-10 14:55:00+09:00,76778220.23134094
2025-12-10 14:56:00+09:00,76778220.23134094
2025-12-10 14:57:00+09:00,76778220.23134094
2025-12-10 14:58:00+09:00,76778220.23134094
2025-12-10 14:59:00+09:00,76778220.23134094
2025-12-10 15:00:00+09:00,76778220.23134094
2025-12-10 15:01:00+09:00,76778220.23134094
2025-12-10 15:02:00+09:00,76778220.23134094
2025-12-10 15:03:00+09:00,76778220.23134094
2025-12-10 15:04:00+09:00,76778220.23134094
2025-12-10 15:05:00+09:00,76778220.23134094
2025-12-10 15:06:00+09:00,76778220.23134094
2025-12-10 15:07:00+09:00,76778220.23134094
2025-12-10 15:08:00+09:00,76778220.23134094
2025-12-10 15:09:00+09:00,76778220.23134094
2025-12-10 15:10:00+09:00,76778220.23134094
2025-12-10 15:11:00+09:00,76778220.23134094
2025-12-10 15:12:00+09:00,76778220.23134094
2025-12-10 15:13:00+09:00,76778220.23134094
2025-12-10 15:14:00+09:00,76778220.23134094
2025-12-10 15:15:00+09:00,76778220.23134094
2025-12-10 15:16:00+09:00,76778220.23134094
2025-12-10 15:17:00+09:00,76778220.23134094
2025-12-10 15:18:00+09:00,76778220.23134094
2025-12-10 15:19:00+09:00,76778220.23134094
2025-12-10 15:30:00+09:00,76778220.23134094
2025-12-10 15:35:00+09:00,76778220.23134094
2025-12-11 09:00:00+09:00,76778220.23134094
2025-12-11 09:01:00+09:00,76778220.23134094
2025-12-11 09:02:00+09:00,76778220.23134094
2025-12-11 09:03:00+09:00,76778220.23134094
2025-12-11 09:04:00+09:00,76778220.23134094
2025-12-11 09:05:00+09:00,76778220.23134094
2025-12-11 09:06:00+09:00,76778220.23134094
2025-12-11 09:07:00+09:00,76778220.23134094
2025-12-11 09:08:00+09:00,76778220.23134094
2025-12-11 09:09:00+09:00,76778220.23134094
2025-12-11 09:10:00+09:00,76778220.23134094
2025-12-11 09:11:00+09:00,76778220.23134094
2025-12-11 09:12:00+09:00,76778220.23134094
2025-12-11 09:13:00+09:00,76778220.23134094
2025-12-11 09:14:00+09:00,76778220.23134094
2025-12-11 09:15:00+09:00,76778220.23134094
2025-12-11 09:16:00+09:00,76778220.23134094
2025-12-11 09:17:00+09:00,76778220.23134094
2025-12-11 09:18:00+09:00,76778220.23134094
2025-12-11 09:19:00+09:00,76778220.23134094
2025-12-11 09:20:00+09:00,76778220.23134094
2025-12-11 09:21:00+09:00,76778220.23134094
2025-12-11 09:22:00+09:00,76778220.23134094
2025-12-11 09:23:00+09:00,76778220.23134094
2025-12-11 09:24:00+09:00,76778220.23134094
2025-12-11 09:25:00+09:00,76778220.23134094
2025-12-11 09:26:00+09:00,76778220.23134094
2025-12-11 09:27:00+09:00,76747508.9432484
2025-12-11 09:28:00+09:00,76827872.82695863
2025-12-11 09:29:00+09:00,76908236.71066883
2025-12-11 09:30:00+09:00,76024233.98985654
2025-12-11 09:31:00+09:00,76426053.40840757
2025-12-11 09:32:00+09:00,76667145.05953819
2025-12-11 09:33:00+09:00,76024233.98985653
2025-12-11 09:34:00+09:00,76184961.75727694
2025-12-11 09:35:00+09:00,75863506.22243612
2025-12-11 09:36:00+09:00,75863506.22243612
2025-12-11 09:37:00+09:00,75783142.33872591
2025-12-11 09:38:00+09:00,75622414.5713055
2025-12-11 09:39:00+09:00,75418234.05196297
2025-12-11 09:40:00+09:00,75418234.05196297
2025-12-11 09:41:00+09:00,75418234.05196297
2025-12-11 09:42:00+09:00,75418234.05196297
2025-12-11 09:43:00+09:00,75418234.05196297
2025-12-11 09:44:00+09:00,75418234.05196297
2025-12-11 09:45:00+09:00,75418234.05196297
2025-12-11 09:46:00+09:00,75418234.05196297
2025-12-11 09:47:00+09:00,75418234.05196297
2025-12-11 09:48:00+09:00,75418234.05196297
2025-12-11 09:49:00+09:00,75418234.05196297
2025-12-11 09:50:00+09:00,75418234.05196297
2025-12-11 09:51:00+09:00,75418234.05196297
2025-12-11 09:52:00+09:00,75418234.05196297
2025-12-11 09:53:00+09:00,75418234.05196297
2025-12-11 09:54:00+09:00,75418234.05196297
2025-12-11 09:55:00+09:00,75418234.05196297
2025-12-11 09:56:00+09:00,75418234.05196297
2025-12-11 09:57:00+09:00,75418234.05196297
2025-12-11 09:58:00+09:00,75418234.05196297
2025-12-11 09:59:00+09:00,75418234.05196297
2025-12-11 10:00:00+09:00,75418234.05196297
2025-12-11 10:01:00+09:00,75418234.05196297
2025-12-11 10:02:00+09:00,75388066.75834219
2025-12-11 10:03:00+09:00,75388066.75834219
2025-12-11 10:04:00+09:00,75184518.97809467
2025-12-11 10:05:00+09:00,75184518.97809467
2025-12-11 10:06:00+09:00,75184518.97809467
2025-12-11 10:07:00+09:00,75184518.97809467
2025-12-11 10:08:00+09:00,75184518.97809467
2025-12-11 10:09:00+09:00,75184518.97809467
2025-12-11 10:10:00+09:00,75184518.97809467
2025-12-11 10:11:00+09:00,75184518.97809467
2025-12-11 10:12:00+09:00,75184518.97809467
2025-12-11 10:13:00+09:00,75184518.97809467
2025-12-11 10:14:00+09:00,75184518.97809467
2025-12-11 10:15:00+09:00,75184518.97809467
2025-12-11 10:16:00+09:00,75184518.97809467
2025-12-11 10:17:00+09:00,75184518.97809467
2025-12-11 10:18:00+09:00,75184518.97809467
2025-12-11 10:19:00+09:00,75184518.97809467
2025-12-11 10:20:00+09:00,75184518.97809467
2025-12-11 10:21:00+09:00,75184518.97809467
2025-12-11 10:22:00+09:00,75184518.97809467
2025-12-11 10:23:00+09:00,75184518.97809467
2025-12-11 10:24:00+09:00,75184518.97809467
2025-12-11 10:25:00+09:00,75184518.97809467
2025-12-11 10:26:00+09:00,75184518.97809467
2025-12-11 10:27:00+09:00,75184518.97809467
2025-12-11 10:28:00+09:00,75184518.97809467
2025-12-11 10:29:00+09:00,75184518.97809467
2025-12-11 10:30:00+09:00,75184518.97809467
2025-12-11 10:31:00+09:00,75184518.97809467
2025-12-11 10:32:00+09:00,75184518.97809467
2025-12-11 10:33:00+09:00,75184518.97809467
2025-12-11 10:34:00+09:00,75184518.97809467
2025-12-11 10:35:00+09:00,75184518.97809467
2025-12-11 10:36:00+09:00,75184518.97809467
2025-12-11 10:37:00+09:00,75184518.97809467
2025-12-11 10:38:00+09:00,75184518.97809467
2025-12-11 10:39:00+09:00,75184518.97809467
2025-12-11 10:40:00+09:00,75184518.97809467
2025-12-11 10:41:00+09:00,75184518.97809467
2025-12-11 10:42:00+09:00,75184518.97809467
2025-12-11 10:43:00+09:00,75184518.97809467
2025-12-11 10:44:00+09:00,75184518.97809467
2025-12-11 10:45:00+09:00,75184518.97809467
2025-12-11 10:46:00+09:00,75184518.97809467
2025-12-11 10:47:00+09:00,75154445.17050344
2025-12-11 10:48:00+09:00,74917862.44698663
2025-12-11 10:49:00+09:00,74996723.35482557
2025-12-11 10:50:00+09:00,74917862.44698665
2025-12-11 10:51:00+09:00,74996723.35482559
2025-12-11 10:52:00+09:00,74681279.72346985
2025-12-11 10:53:00+09:00,74760140.63130878
2025-12-11 10:54:00+09:00,74917862.44698665
2025-12-11 10:55:00+09:00,75075584.26266451
2025-12-11 10:56:00+09:00,75075584.26266451
2025-12-11 10:57:00+09:00,75233306.07834238
2025-12-11 10:58:00+09:00,75154445.17050345
2025-12-11 10:59:00+09:00,74996723.35482559
2025-12-11 11:00:00+09:00,75469888.80185919
2025-12-11 11:01:00+09:00,75312166.98618132
2025-12-11 11:02:00+09:00,75391027.89402026
2025-12-11 11:03:00+09:00,75233306.0783424
2025-12-11 11:04:00+09:00,75391027.89402026
2025-12-11 11:05:00+09:00,75233306.0783424
2025-12-11 11:06:00+09:00,75075584.26266453
2025-12-11 11:07:00+09:00,75233306.0783424
2025-12-11 11:08:00+09:00,75312166.98618132
2025-12-11 11:09:00+09:00,75312166.98618132
2025-12-11 11:10:00+09:00,75233306.0783424
2025-12-11 11:11:00+09:00,75075584.26266453
2025-12-11 11:12:00+09:00,74917862.44698666
2025-12-11 11:13:00+09:00,75075584.26266454
2025-12-11 11:14:00+09:00,74917862.44698668
2025-12-11 11:15:00+09:00,74839001.53914773
2025-12-11 11:16:00+09:00,74760140.63130881
2025-12-11 11:17:00+09:00,74523557.907792
2025-12-11 11:18:00+09:00,74681279.72346987
2025-12-11 11:19:00+09:00,74400992.28482872
2025-12-11 11:20:00+09:00,74400992.28482872
2025-12-11 11:21:00+09:00,74400992.28482872
2025-12-11 11:22:00+09:00,74400992.28482872
2025-12-11 11:23:00+09:00,74400992.28482872
2025-12-11 11:24:00+09:00,74400992.28482872
2025-12-11 11:25:00+09:00,74400992.28482872
2025-12-11 11:26:00+09:00,74400992.28482872
2025-12-11 11:27:00+09:00,74400992.28482872
2025-12-11 11:28:00+09:00,74400992.28482872
2025-12-11 11:29:00+09:00,74400992.28482872
2025-12-11 11:30:00+09:00,74400992.28482872
2025-12-11 11:31:00+09:00,74400992.28482872
2025-12-11 11:32:00+09:00,74400992.28482872
2025-12-11 11:33:00+09:00,74400992.28482872
2025-12-11 11:34:00+09:00,74400992.28482872
2025-12-11 11:35:00+09:00,74400992.28482872
2025-12-11 11:36:00+09:00,74400992.28482872
2025-12-11 11:37:00+09:00,74400992.28482872
2025-12-11 11:38:00+09:00,74400992.28482872
2025-12-11 11:39:00+09:00,74400992.28482872
2025-12-11 11:40:00+09:00,74400992.28482872
2025-12-11 11:41:00+09:00,74400992.28482872
2025-12-11 11:42:00+09:00,74400992.28482872
2025-12-11 11:43:00+09:00,74400992.28482872
2025-12-11 11:44:00+09:00,74400992.28482872
2025-12-11 11:45:00+09:00,74400992.28482872
2025-12-11 11:46:00+09:00,74400992.28482872
2025-12-11 11:47:00+09:00,74400992.28482872
2025-12-11 11:48:00+09:00,74400992.28482872
2025-12-11 11:49:00+09:00,74400992.28482872
2025-12-11 11:50:00+09:00,74400992.28482872
2025-12-11 11:51:00+09:00,74400992.28482872
2025-12-11 11:52:00+09:00,74400992.28482872
2025-12-11 11:53:00+09:00,74400992.28482872
2025-12-11 11:54:00+09:00,74400992.28482872
2025-12-11 11:55:00+09:00,74400992.28482872
2025-12-11 11:56:00+09:00,74400992.28482872
2025-12-11 11:57:00+09:00,74400992.28482872
2025-12-11 11:58:00+09:00,74400992.28482872
2025-12-11 11:59:00+09:00,74400992.28482872
2025-12-11 12:00:00+09:00,74400992.28482872
2025-12-11 12:01:00+09:00,74400992.28482872
2025-12-11 12:02:00+09:00,74400992.28482872
2025-12-11 12:03:00+09:00,74400992.28482872
2025-12-11 12:04:00+09:00,74400992.28482872
2025-12-11 12:05:00+09:00,74400992.28482872
2025-12-11 12:06:00+09:00,74400992.28482872
2025-12-11 12:07:00+09:00,74400992.28482872
2025-12-11 12:08:00+09:00,74400992.28482872
2025-12-11 12:09:00+09:00,74400992.28482872
2025-12-11 12:10:00+09:00,74400992.28482872
2025-12-11 12:11:00+09:00,74400992.28482872
2025-12-11 12:12:00+09:00,74400992.28482872
2025-12-11 12:13:00+09:00,74400992.28482872
2025-12-11 12:14:00+09:00,74400992.28482872
2025-12-11 12:15:00+09:00,74400992.28482872
2025-12-11 12:16:00+09:00,74400992.28482872
2025-12-11 12:17:00+09:00,74400992.28482872
2025-12-11 12:18:00+09:00,74400992.28482872
2025-12-11 12:19:00+09:00,74400992.28482872
2025-12-11 12:20:00+09:00,74400992.28482872
2025-12-11 12:21:00+09:00,74400992.28482872
2025-12-11 12:22:00+09:00,74400992.28482872
2025-12-11 12:23:00+09:00,74400992.28482872
2025-12-11 12:24:00+09:00,74400992.28482872
2025-12-11 12:25:00+09:00,74400992.28482872
2025-12-11 12:26:00+09:00,74400992.28482872
2025-12-11 12:27:00+09:00,74400992.28482872
2025-12-11 12:28:00+09:00,74400992.28482872
2025-12-11 12:29:00+09:00,74400992.28482872
2025-12-11 12:30:00+09:00,74400992.28482872
2025-12-11 12:31:00+09:00,74400992.28482872
2025-12-11 12:32:00+09:00,74400992.28482872
2025-12-11 12:33:00+09:00,74400992.28482872
2025-12-11 12:34:00+09:00,74400992.28482872
2025-12-11 12:35:00+09:00,74400992.28482872
2025-12-11 12:36:00+09:00,74400992.28482872
2025-12-11 12:37:00+09:00,74400992.28482872
2025-12-11 12:38:00+09:00,74400992.28482872
2025-12-11 12:39:00+09:00,74400992.28482872
2025-12-11 12:40:00+09:00,74400992.28482872
2025-12-11 12:41:00+09:00,74400992.28482872
2025-12-11 12:42:00+09:00,74371231.88791479
2025-12-11 12:43:00+09:00,74371231.88791479
2025-12-11 12:44:00+09:00,74529805.9431129
2025-12-11 12:45:00+09:00,74529805.9431129
2025-12-11 12:46:00+09:00,74529805.9431129
2025-12-11 12:47:00+09:00,74609092.97071195
2025-12-11 12:48:00+09:00,74609092.97071195
2025-12-11 12:49:00+09:00,74529805.9431129
2025-12-11 12:50:00+09:00,74291944.86031573
2025-12-11 12:51:00+09:00,74371231.88791478
2025-12-11 12:52:00+09:00,74371231.88791478
2025-12-11 12:53:00+09:00,74371231.88791478
2025-12-11 12:54:00+09:00,74212657.83271666
2025-12-11 12:55:00+09:00,74371231.88791478
2025-12-11 12:56:00+09:00,74371231.88791478
2025-12-11 12:57:00+09:00,74410875.40171431
2025-12-11 12:58:00+09:00,74371231.88791478
2025-12-11 12:59:00+09:00,74450518.91551384
2025-12-11 13:00:00+09:00,74450518.91551384
2025-12-11 13:01:00+09:00,74529805.94311291
2025-12-11 13:02:00+09:00,74529805.94311291
2025-12-11 13:03:00+09:00,74529805.94311291
2025-12-11 13:04:00+09:00,74609092.97071196
2025-12-11 13:05:00+09:00,74529805.94311291
2025-12-11 13:06:00+09:00,74450518.91551386
2025-12-11 13:07:00+09:00,74371231.88791479
2025-12-11 13:08:00+09:00,74331588.37411526
2025-12-11 13:09:00+09:00,74291944.86031573
2025-12-11 13:10:00+09:00,74450518.91551383
2025-12-11 13:11:00+09:00,74371231.88791476
2025-12-11 13:12:00+09:00,74450518.91551383
2025-12-11 13:13:00+09:00,74529805.9431129
2025-12-11 13:14:00+09:00,74767667.02591006
2025-12-11 13:15:00+09:00,74767667.02591006
2025-12-11 13:16:00+09:00,74688379.99831101
2025-12-11 13:17:00+09:00,74688379.99831101
2025-12-11 13:18:00+09:00,74846954.05350913
2025-12-11 13:19:00+09:00,74846954.05350913
2025-12-11 13:20:00+09:00,74807310.5397096
2025-12-11 13:21:00+09:00,74926241.08110817
2025-12-11 13:22:00+09:00,75005528.10870722
2025-12-11 13:23:00+09:00,75005528.10870722
2025-12-11 13:24:00+09:00,75798398.38469778
2025-12-11 13:25:00+09:00,76036259.46749495
2025-12-11 13:26:00+09:00,75877685.41229683
2025-12-11 13:27:00+09:00,75401963.24670249
2025-12-11 13:28:00+09:00,75481250.27430154
2025-12-11 13:29:00+09:00,75560537.3019006
2025-12-11 13:30:00+09:00,75560537.3019006
2025-12-11 13:31:00+09:00,75164102.16390532
2025-12-11 13:32:00+09:00,75401963.24670249
2025-12-11 13:33:00+09:00,75005528.10870722
2025-12-11 13:34:00+09:00,74846954.0535091
2025-12-11 13:35:00+09:00,74846954.0535091
2025-12-11 13:36:00+09:00,74926241.08110817
2025-12-11 13:37:00+09:00,74926241.08110817
2025-12-11 13:38:00+09:00,74529805.94311288
2025-12-11 13:39:00+09:00,74846954.0535091
2025-12-11 13:40:00+09:00,74486721.37231554
2025-12-11 13:41:00+09:00,74486721.37231554
2025-12-11 13:42:00+09:00,74486721.37231554
2025-12-11 13:43:00+09:00,74486721.37231554
2025-12-11 13:44:00+09:00,74486721.37231554
2025-12-11 13:45:00+09:00,74486721.37231554
2025-12-11 13:46:00+09:00,74486721.37231554
2025-12-11 13:47:00+09:00,74486721.37231554
2025-12-11 13:48:00+09:00,74486721.37231554
2025-12-11 13:49:00+09:00,74486721.37231554
2025-12-11 13:50:00+09:00,74486721.37231554
2025-12-11 13:51:00+09:00,74486721.37231554
2025-12-11 13:52:00+09:00,74486721.37231554
2025-12-11 13:53:00+09:00,74486721.37231554
2025-12-11 13:54:00+09:00,74486721.37231554
2025-12-11 13:55:00+09:00,74456926.68376662
2025-12-11 13:56:00+09:00,74456926.68376662
2025-12-11 13:57:00+09:00,75086583.56904161
2025-12-11 13:58:00+09:00,74929169.34772286
2025-12-11 13:59:00+09:00,74929169.34772286
2025-12-11 14:00:00+09:00,74929169.34772286
2025-12-11 14:01:00+09:00,74850462.23706348
2025-12-11 14:02:00+09:00,74614340.90508537
2025-12-11 14:03:00+09:00,74456926.68376663
2025-12-11 14:04:00+09:00,74535633.794426
2025-12-11 14:05:00+09:00,74535633.794426
2025-12-11 14:06:00+09:00,74456926.68376662
2025-12-11 14:07:00+09:00,74614340.90508537
2025-12-11 14:08:00+09:00,74771755.12640412
2025-12-11 14:09:00+09:00,74693048.01574475
2025-12-11 14:10:00+09:00,74771755.12640412
2025-12-11 14:11:00+09:00,74771755.12640412
2025-12-11 14:12:00+09:00,75007876.45838223
2025-12-11 14:13:00+09:00,75165290.67970099
2025-12-11 14:14:00+09:00,74693048.01574475
2025-12-11 14:15:00+09:00,74614340.90508537
2025-12-11 14:16:00+09:00,74614340.90508537
2025-12-11 14:17:00+09:00,74535633.794426
2025-12-11 14:18:00+09:00,74456926.68376662
2025-12-11 14:19:00+09:00,74334387.58318102
2025-12-11 14:20:00+09:00,74334387.58318102
2025-12-11 14:21:00+09:00,74334387.58318102
2025-12-11 14:22:00+09:00,74334387.58318102
2025-12-11 14:23:00+09:00,74334387.58318102
2025-12-11 14:24:00+09:00,74334387.58318102
2025-12-11 14:25:00+09:00,74334387.58318102
2025-12-11 14:26:00+09:00,74334387.58318102
2025-12-11 14:27:00+09:00,74334387.58318102
2025-12-11 14:28:00+09:00,74334387.58318102
2025-12-11 14:29:00+09:00,74334387.58318102
2025-12-11 14:30:00+09:00,74334387.58318102
2025-12-11 14:31:00+09:00,74334387.58318102
2025-12-11 14:32:00+09:00,74334387.58318102
2025-12-11 14:33:00+09:00,74334387.58318102
2025-12-11 14:34:00+09:00,74334387.58318102
2025-12-11 14:35:00+09:00,74334387.58318102
2025-12-11 14:36:00+09:00,74334387.58318102
2025-12-11 14:37:00+09:00,74334387.58318102
2025-12-11 14:38:00+09:00,74334387.58318102
2025-12-11 14:39:00+09:00,74334387.58318102
2025-12-11 14:40:00+09:00,74334387.58318102
2025-12-11 14:41:00+09:00,74334387.58318102
2025-12-11 14:42:00+09:00,74334387.58318102
2025-12-11 14:43:00+09:00,74334387.58318102
2025-12-11 14:44:00+09:00,74334387.58318102
2025-12-11 14:45:00+09:00,74334387.58318102
2025-12-11 14:46:00+09:00,74334387.58318102
2025-12-11 14:47:00+09:00,74334387.58318102
2025-12-11 14:48:00+09:00,74334387.58318102
2025-12-11 14:49:00+09:00,74334387.58318102
2025-12-11 14:50:00+09:00,74334387.58318102
2025-12-11 14:51:00+09:00,74334387.58318102
2025-12-11 14:52:00+09:00,74334387.58318102
2025-12-11 14:53:00+09:00,74334387.58318102
2025-12-11 14:54:00+09:00,74334387.58318102
2025-12-11 14:55:00+09:00,74334387.58318102
2025-12-11 14:56:00+09:00,74334387.58318102
2025-12-11 14:57:00+09:00,74334387.58318102
2025-12-11 14:58:00+09:00,74334387.58318102
2025-12-11 14:59:00+09:00,74334387.58318102
2025-12-11 15:00:00+09:00,74334387.58318102
2025-12-11 15:01:00+09:00,74334387.58318102
2025-12-11 15:02:00+09:00,74334387.58318102
2025-12-11 15:03:00+09:00,74334387.58318102
2025-12-11 15:04:00+09:00,74334387.58318102
2025-12-11 15:05:00+09:00,74334387.58318102
2025-12-11 15:06:00+09:00,74334387.58318102
2025-12-11 15:07:00+09:00,74334387.58318102
2025-12-11 15:08:00+09:00,74334387.58318102
2025-12-11 15:09:00+09:00,74334387.58318102
2025-12-11 15:10:00+09:00,74334387.58318102
2025-12-11 15:11:00+09:00,74334387.58318102
2025-12-11 15:12:00+09:00,74334387.58318102
2025-12-11 15:13:00+09:00,74334387.58318102
2025-12-11 15:14:00+09:00,74334387.58318102
2025-12-11 15:15:00+09:00,74334387.58318102
2025-12-11 15:16:00+09:00,74334387.58318102
2025-12-11 15:17:00+09:00,74334387.58318102
2025-12-11 15:18:00+09:00,74334387.58318102
2025-12-11 15:19:00+09:00,74334387.58318102
2025-12-11 15:30:00+09:00,74334387.58318102
2025-12-11 15:35:00+09:00,74334387.58318102
2025-12-12 09:00:00+09:00,74334387.58318102
2025-12-12 09:01:00+09:00,74334387.58318102
2025-12-12 09:02:00+09:00,74334387.58318102
2025-12-12 09:03:00+09:00,74334387.58318102
2025-12-12 09:04:00+09:00,74334387.58318102
2025-12-12 09:05:00+09:00,74334387.58318102
2025-12-12 09:06:00+09:00,74334387.58318102
2025-12-12 09:07:00+09:00,74334387.58318102
2025-12-12 09:08:00+09:00,74334387.58318102
2025-12-12 09:09:00+09:00,74334387.58318102
2025-12-12 09:10:00+09:00,74334387.58318102
2025-12-12 09:11:00+09:00,74334387.58318102
2025-12-12 09:12:00+09:00,74334387.58318102
2025-12-12 09:13:00+09:00,74334387.58318102
2025-12-12 09:14:00+09:00,74334387.58318102
2025-12-12 09:15:00+09:00,74334387.58318102
2025-12-12 09:16:00+09:00,74334387.58318102
2025-12-12 09:17:00+09:00,74334387.58318102
2025-12-12 09:18:00+09:00,74334387.58318102
2025-12-12 09:19:00+09:00,74334387.58318102
2025-12-12 09:20:00+09:00,74334387.58318102
2025-12-12 09:21:00+09:00,74334387.58318102
2025-12-12 09:22:00+09:00,74334387.58318102
2025-12-12 09:23:00+09:00,74334387.58318102
2025-12-12 09:24:00+09:00,74334387.58318102
2025-12-12 09:25:00+09:00,74334387.58318102
2025-12-12 09:26:00+09:00,74334387.58318102
2025-12-12 09:27:00+09:00,74334387.58318102
2025-12-12 09:28:00+09:00,74334387.58318102
2025-12-12 09:29:00+09:00,74334387.58318102
2025-12-12 09:30:00+09:00,74334387.58318102
2025-12-12 09:31:00+09:00,74334387.58318102
2025-12-12 09:32:00+09:00,74334387.58318102
2025-12-12 09:33:00+09:00,74334387.58318102
2025-12-12 09:34:00+09:00,74334387.58318102
2025-12-12 09:35:00+09:00,74334387.58318102
2025-12-12 09:36:00+09:00,74304653.82814775
2025-12-12 09:37:00+09:00,73727754.34190437
2025-12-12 09:38:00+09:00,74381573.75964688
2025-12-12 09:39:00+09:00,75227693.00613718
2025-12-12 09:40:00+09:00,74920013.2801407
2025-12-12 09:41:00+09:00,75843052.45813012
2025-12-12 09:42:00+09:00,77689130.81410894
2025-12-12 09:43:00+09:00,79227529.44409129
2025-12-12 09:44:00+09:00,78766009.85509658
2025-12-12 09:45:00+09:00,77689130.81410892
2025-12-12 09:46:00+09:00,77381451.08811246
2025-12-12 09:47:00+09:00,76843011.56761864
2025-12-12 09:48:00+09:00,76073812.25262746
2025-12-12 09:49:00+09:00,76535331.84162217
2025-12-12 09:50:00+09:00,77073771.362116
2025-12-12 09:51:00+09:00,76535331.84162217
2025-12-12 09:52:00+09:00,76458411.91012305
2025-12-12 09:53:00+09:00,75535372.73213364
2025-12-12 09:54:00+09:00,75227693.00613718
2025-12-12 09:55:00+09:00,75843052.45813012
2025-12-12 09:56:00+09:00,75612292.66363277
2025-12-12 09:57:00+09:00,75919972.38962923
2025-12-12 09:58:00+09:00,75919972.38962923
2025-12-12 09:59:00+09:00,75766132.526631
2025-12-12 10:00:00+09:00,74996933.21163982
2025-12-12 10:01:00+09:00,75227693.00613716
2025-12-12 10:02:00+09:00,75535372.73213363
2025-12-12 10:03:00+09:00,75689212.59513186
2025-12-12 10:04:00+09:00,75919972.3896292
2025-12-12 10:05:00+09:00,75996892.32112831
2025-12-12 10:06:00+09:00,75766132.52663095
2025-12-12 10:07:00+09:00,75304612.93763624
2025-12-12 10:08:00+09:00,76304572.04712477
2025-12-12 10:09:00+09:00,75919972.38962919
2025-12-12 10:10:00+09:00,75996892.3211283
2025-12-12 10:11:00+09:00,75612292.6636327
2025-12-12 10:12:00+09:00,75535372.73213358
2025-12-12 10:13:00+09:00,75996892.3211283
2025-12-12 10:14:00+09:00,76227652.11562565
2025-12-12 10:15:00+09:00,76304572.04712476
2025-12-12 10:16:00+09:00,76843011.56761858
2025-12-12 10:17:00+09:00,77381451.0881124
2025-12-12 10:18:00+09:00,78150650.40310358
2025-12-12 10:19:00+09:00,78458330.12910004
2025-12-12 10:20:00+09:00,79073689.58109298
2025-12-12 10:21:00+09:00,78304490.2661018
2025-12-12 10:22:00+09:00,78458330.12910004
2025-12-12 10:23:00+09:00,78612169.99209827
2025-12-12 10:24:00+09:00,79381369.30708945
2025-12-12 10:25:00+09:00,80150568.62208062
2025-12-12 10:26:00+09:00,80304408.48507886
2025-12-12 10:29:00+09:00,80919767.9370718
2025-12-12 10:30:00+09:00,82919686.15604886
2025-12-12 10:31:00+09:00,83842725.33403827
2025-12-12 10:32:00+09:00,83381205.74504358
2025-12-12 10:33:00+09:00,85688803.6900171
2025-12-12 10:34:00+09:00,86304163.14201003
2025-12-12 10:35:00+09:00,85073444.23802415
2025-12-12 10:36:00+09:00,88611761.08698356
2025-12-12 10:38:00+09:00,87381042.18299769
2025-12-12 10:39:00+09:00,89227120.5389765
2025-12-12 10:40:00+09:00,90303999.57996416
2025-12-12 10:41:00+09:00,88765600.94998181
2025-12-12 10:42:00+09:00,88150241.49798886
2025-12-12 10:43:00+09:00,88919440.81298004
2025-12-12 10:44:00+09:00,89380960.40197474
2025-12-12 10:45:00+09:00,88611761.08698356
2025-12-12 10:46:00+09:00,87996401.63499062
2025-12-12 10:47:00+09:00,88765600.9499818
2025-12-12 10:48:00+09:00,87688721.90899414
2025-12-12 10:49:00+09:00,88457921.22398531
2025-12-12 10:50:00+09:00,87227202.31999944
2025-12-12 10:51:00+09:00,88150241.49798886
2025-12-12 10:52:00+09:00,88919440.81298004
2025-12-12 10:53:00+09:00,88457921.22398534
2025-12-12 10:54:00+09:00,87227202.31999947
2025-12-12 10:55:00+09:00,87227202.31999947
2025-12-12 10:56:00+09:00,87227202.31999947
2025-12-12 10:57:00+09:00,87842561.77199242
2025-12-12 10:58:00+09:00,87688721.90899418
2025-12-12 10:59:00+09:00,88150241.4979889
2025-12-12 11:00:00+09:00,87842561.77199243
2025-12-12 11:01:00+09:00,88919440.81298007
2025-12-12 11:02:00+09:00,89380960.40197477
2025-12-12 11:03:00+09:00,89227120.53897654
2025-12-12 11:04:00+09:00,88150241.4979889
2025-12-12 11:05:00+09:00,87534882.04599595
2025-12-12 11:06:00+09:00,88150241.4979889
2025-12-12 11:07:00+09:00,88304081.36098713
2025-12-12 11:08:00+09:00,88765600.94998184
2025-12-12 11:09:00+09:00,88150241.4979889
2025-12-12 11:10:00+09:00,88150241.4979889
2025-12-12 11:11:00+09:00,88457921.22398536
2025-12-12 11:12:00+09:00,89380960.40197477
2025-12-12 11:13:00+09:00,89227120.53897654
2025-12-12 11:14:00+09:00,88842520.88148095
2025-12-12 11:15:00+09:00,90150159.71696594
2025-12-12 11:16:00+09:00,89073280.6759783
2025-12-12 11:17:00+09:00,89227120.53897655
2025-12-12 11:18:00+09:00,88765600.94998185
2025-12-12 11:19:00+09:00,88611761.08698362
2025-12-12 11:20:00+09:00,88611761.08698362
2025-12-12 11:21:00+09:00,88150241.49798891
2025-12-12 11:22:00+09:00,88457921.22398537
2025-12-12 11:23:00+09:00,88457921.22398537
2025-12-12 11:24:00+09:00,88304081.36098714
2025-12-12 11:25:00+09:00,88150241.49798891
2025-12-12 11:26:00+09:00,88611761.0869836
2025-12-12 11:27:00+09:00,88611761.0869836
2025-12-12 11:28:00+09:00,87996401.63499066
2025-12-12 11:29:00+09:00,87842561.77199243
2025-12-12 11:30:00+09:00,88304081.36098714
2025-12-12 11:31:00+09:00,88525933.8274169
2025-12-12 11:32:00+09:00,88525933.8274169
2025-12-12 11:33:00+09:00,88525933.8274169
2025-12-12 11:34:00+09:00,88525933.8274169
2025-12-12 11:35:00+09:00,88525933.8274169
2025-12-12 11:36:00+09:00,88525933.8274169
2025-12-12 11:37:00+09:00,88525933.8274169
2025-12-12 11:38:00+09:00,88525933.8274169
2025-12-12 11:39:00+09:00,88525933.8274169
2025-12-12 11:40:00+09:00,88525933.8274169
2025-12-12 11:41:00+09:00,88525933.8274169
2025-12-12 11:42:00+09:00,88525933.8274169
2025-12-12 11:43:00+09:00,88525933.8274169
2025-12-12 11:44:00+09:00,88525933.8274169
2025-12-12 11:45:00+09:00,88525933.8274169
2025-12-12 11:46:00+09:00,88525933.8274169
2025-12-12 11:47:00+09:00,88525933.8274169
2025-12-12 11:48:00+09:00,88525933.8274169
2025-12-12 11:49:00+09:00,88525933.8274169
2025-12-12 11:50:00+09:00,88525933.8274169
2025-12-12 11:51:00+09:00,88525933.8274169
2025-12-12 11:52:00+09:00,88525933.8274169
2025-12-12 11:53:00+09:00,88525933.8274169
2025-12-12 11:54:00+09:00,88525933.8274169
2025-12-12 11:55:00+09:00,88525933.8274169
2025-12-12 11:56:00+09:00,88525933.8274169
2025-12-12 11:57:00+09:00,88525933.8274169
2025-12-12 11:58:00+09:00,88525933.8274169
2025-12-12 11:59:00+09:00,88525933.8274169
2025-12-12 12:00:00+09:00,88525933.8274169
2025-12-12 12:01:00+09:00,88525933.8274169
2025-12-12 12:02:00+09:00,88525933.8274169
2025-12-12 12:03:00+09:00,88525933.8274169
2025-12-12 12:04:00+09:00,88525933.8274169
2025-12-12 12:05:00+09:00,88490523.45388593
2025-12-12 12:06:00+09:00,88186953.90515906
2025-12-12 12:07:00+09:00,88338738.6795225
2025-12-12 12:08:00+09:00,87579814.8077053
2025-12-12 12:09:00+09:00,87428030.03334185
2025-12-12 12:10:00+09:00,87124460.48461497
2025-12-12 12:11:00+09:00,87276245.25897841
2025-12-12 12:12:00+09:00,87040599.39677916
2025-12-12 12:13:00+09:00,87040599.39677916
2025-12-12 12:14:00+09:00,87040599.39677916
2025-12-12 12:15:00+09:00,87040599.39677916
2025-12-12 12:16:00+09:00,87040599.39677916
2025-12-12 12:17:00+09:00,87040599.39677916
2025-12-12 12:18:00+09:00,87040599.39677916
2025-12-12 12:19:00+09:00,87040599.39677916
2025-12-12 12:20:00+09:00,87040599.39677916
2025-12-12 12:21:00+09:00,87040599.39677916
2025-12-12 12:22:00+09:00,87040599.39677916
2025-12-12 12:23:00+09:00,87040599.39677916
2025-12-12 12:24:00+09:00,87040599.39677916
2025-12-12 12:25:00+09:00,87040599.39677916
2025-12-12 12:26:00+09:00,87040599.39677916
2025-12-12 12:27:00+09:00,87040599.39677916
2025-12-12 12:28:00+09:00,87040599.39677916
2025-12-12 12:29:00+09:00,87040599.39677916
2025-12-12 12:30:00+09:00,87040599.39677916
2025-12-12 12:31:00+09:00,87040599.39677916
2025-12-12 12:32:00+09:00,87040599.39677916
2025-12-12 12:33:00+09:00,87040599.39677916
2025-12-12 12:34:00+09:00,87040599.39677916
2025-12-12 12:35:00+09:00,87040599.39677916
2025-12-12 12:36:00+09:00,87040599.39677916
2025-12-12 12:37:00+09:00,87040599.39677916
2025-12-12 12:38:00+09:00,87040599.39677916
2025-12-12 12:39:00+09:00,87040599.39677916
2025-12-12 12:40:00+09:00,87040599.39677916
2025-12-12 12:41:00+09:00,87040599.39677916
2025-12-12 12:42:00+09:00,87040599.39677916
2025-12-12 12:43:00+09:00,87040599.39677916
2025-12-12 12:44:00+09:00,87040599.39677916
2025-12-12 12:45:00+09:00,87040599.39677916
2025-12-12 12:46:00+09:00,87040599.39677916
2025-12-12 12:47:00+09:00,87040599.39677916
2025-12-12 12:48:00+09:00,87040599.39677916
2025-12-12 12:49:00+09:00,87040599.39677916
2025-12-12 12:50:00+09:00,87040599.39677916
2025-12-12 12:51:00+09:00,87040599.39677916
2025-12-12 12:52:00+09:00,87040599.39677916
2025-12-12 12:53:00+09:00,87040599.39677916
2025-12-12 12:54:00+09:00,87040599.39677916
2025-12-12 12:55:00+09:00,87040599.39677916
2025-12-12 12:56:00+09:00,87040599.39677916
2025-12-12 12:57:00+09:00,87040599.39677916
2025-12-12 12:58:00+09:00,87040599.39677916
2025-12-12 12:59:00+09:00,87040599.39677916
2025-12-12 13:00:00+09:00,87040599.39677916
2025-12-12 13:01:00+09:00,87040599.39677916
2025-12-12 13:02:00+09:00,87040599.39677916
2025-12-12 13:03:00+09:00,87040599.39677916
2025-12-12 13:04:00+09:00,87040599.39677916
2025-12-12 13:05:00+09:00,87040599.39677916
2025-12-12 13:06:00+09:00,87040599.39677916
2025-12-12 13:07:00+09:00,87040599.39677916
2025-12-12 13:08:00+09:00,87040599.39677916
2025-12-12 13:09:00+09:00,87040599.39677916
2025-12-12 13:10:00+09:00,87040599.39677916
2025-12-12 13:11:00+09:00,87040599.39677916
2025-12-12 13:12:00+09:00,87040599.39677916
2025-12-12 13:13:00+09:00,87040599.39677916
2025-12-12 13:14:00+09:00,87040599.39677916
2025-12-12 13:15:00+09:00,87040599.39677916
2025-12-12 13:16:00+09:00,87040599.39677916
2025-12-12 13:17:00+09:00,87040599.39677916
2025-12-12 13:18:00+09:00,87040599.39677916
2025-12-12 13:19:00+09:00,87040599.39677916
2025-12-12 13:20:00+09:00,87040599.39677916
2025-12-12 13:21:00+09:00,87040599.39677916
2025-12-12 13:22:00+09:00,87040599.39677916
2025-12-12 13:23:00+09:00,87040599.39677916
2025-12-12 13:24:00+09:00,87040599.39677916
2025-12-12 13:25:00+09:00,87040599.39677916
2025-12-12 13:26:00+09:00,87040599.39677916
2025-12-12 13:27:00+09:00,87040599.39677916
2025-12-12 13:28:00+09:00,87040599.39677916
2025-12-12 13:29:00+09:00,87040599.39677916
2025-12-12 13:30:00+09:00,87040599.39677916
2025-12-12 13:31:00+09:00,87040599.39677916
2025-12-12 13:32:00+09:00,87040599.39677916
2025-12-12 13:33:00+09:00,87040599.39677916
2025-12-12 13:34:00+09:00,87040599.39677916
2025-12-12 13:35:00+09:00,87040599.39677916
2025-12-12 13:36:00+09:00,87040599.39677916
2025-12-12 13:37:00+09:00,87040599.39677916
2025-12-12 13:38:00+09:00,87040599.39677916
2025-12-12 13:39:00+09:00,87040599.39677916
2025-12-12 13:40:00+09:00,87040599.39677916
2025-12-12 13:41:00+09:00,87040599.39677916
2025-12-12 13:42:00+09:00,87040599.39677916
2025-12-12 13:43:00+09:00,87040599.39677916
2025-12-12 13:44:00+09:00,87040599.39677916
2025-12-12 13:45:00+09:00,87040599.39677916
2025-12-12 13:46:00+09:00,87040599.39677916
2025-12-12 13:47:00+09:00,87040599.39677916
2025-12-12 13:48:00+09:00,87040599.39677916
2025-12-12 13:49:00+09:00,87040599.39677916
2025-12-12 13:50:00+09:00,87040599.39677916
2025-12-12 13:51:00+09:00,87040599.39677916
2025-12-12 13:52:00+09:00,87040599.39677916
2025-12-12 13:53:00+09:00,87040599.39677916
2025-12-12 13:54:00+09:00,87040599.39677916
2025-12-12 13:55:00+09:00,87040599.39677916
2025-12-12 13:56:00+09:00,87040599.39677916
2025-12-12 13:57:00+09:00,87040599.39677916
2025-12-12 13:58:00+09:00,87040599.39677916
2025-12-12 13:59:00+09:00,87040599.39677916
2025-12-12 14:00:00+09:00,87040599.39677916
2025-12-12 14:01:00+09:00,87040599.39677916
2025-12-12 14:02:00+09:00,87040599.39677916
2025-12-12 14:03:00+09:00,87040599.39677916
2025-12-12 14:04:00+09:00,87040599.39677916
2025-12-12 14:05:00+09:00,87040599.39677916
2025-12-12 14:06:00+09:00,87040599.39677916
2025-12-12 14:07:00+09:00,87005783.15702045
2025-12-12 14:08:00+09:00,86850137.74886836
2025-12-12 14:09:00+09:00,86850137.74886836
2025-12-12 14:10:00+09:00,86227556.11625999
2025-12-12 14:11:00+09:00,85760619.89180371
2025-12-12 14:12:00+09:00,85449329.07549952
2025-12-12 14:13:00+09:00,85604974.48365161
2025-12-12 14:14:00+09:00,85218615.88699567
2025-12-12 14:15:00+09:00,85218615.88699567
2025-12-12 14:16:00+09:00,85218615.88699567
2025-12-12 14:17:00+09:00,85218615.88699567
2025-12-12 14:18:00+09:00,85218615.88699567
2025-12-12 14:19:00+09:00,85218615.88699567
2025-12-12 14:20:00+09:00,85218615.88699567
2025-12-12 14:21:00+09:00,85218615.88699567
2025-12-12 14:22:00+09:00,85218615.88699567
2025-12-12 14:23:00+09:00,85218615.88699567
2025-12-12 14:24:00+09:00,85218615.88699567
2025-12-12 14:25:00+09:00,85218615.88699567
2025-12-12 14:26:00+09:00,85218615.88699567
2025-12-12 14:27:00+09:00,85218615.88699567
2025-12-12 14:28:00+09:00,85218615.88699567
2025-12-12 14:29:00+09:00,85218615.88699567
2025-12-12 14:30:00+09:00,85218615.88699567
2025-12-12 14:31:00+09:00,85218615.88699567
2025-12-12 14:32:00+09:00,85218615.88699567
2025-12-12 14:33:00+09:00,85218615.88699567
2025-12-12 14:34:00+09:00,85218615.88699567
2025-12-12 14:35:00+09:00,85218615.88699567
2025-12-12 14:36:00+09:00,85218615.88699567
2025-12-12 14:37:00+09:00,85218615.88699567
2025-12-12 14:38:00+09:00,85218615.88699567
2025-12-12 14:39:00+09:00,85218615.88699567
2025-12-12 14:40:00+09:00,85218615.88699567
2025-12-12 14:41:00+09:00,85218615.88699567
2025-12-12 14:42:00+09:00,85218615.88699567
2025-12-12 14:43:00+09:00,85218615.88699567
2025-12-12 14:44:00+09:00,85218615.88699567
2025-12-12 14:45:00+09:00,85218615.88699567
2025-12-12 14:46:00+09:00,85218615.88699567
2025-12-12 14:47:00+09:00,85218615.88699567
2025-12-12 14:48:00+09:00,85218615.88699567
2025-12-12 14:49:00+09:00,85218615.88699567
2025-12-12 14:50:00+09:00,85218615.88699567
2025-12-12 14:51:00+09:00,85218615.88699567
2025-12-12 14:52:00+09:00,85218615.88699567
2025-12-12 14:53:00+09:00,85218615.88699567
2025-12-12 14:54:00+09:00,85218615.88699567
2025-12-12 14:55:00+09:00,85218615.88699567
2025-12-12 14:56:00+09:00,85218615.88699567
2025-12-12 14:57:00+09:00,85218615.88699567
2025-12-12 14:58:00+09:00,85218615.88699567
2025-12-12 14:59:00+09:00,85218615.88699567
2025-12-12 15:00:00+09:00,85218615.88699567
2025-12-12 15:01:00+09:00,85218615.88699567
2025-12-12 15:02:00+09:00,85218615.88699567
2025-12-12 15:03:00+09:00,85218615.88699567
2025-12-12 15:04:00+09:00,85218615.88699567
2025-12-12 15:05:00+09:00,85218615.88699567
2025-12-12 15:06:00+09:00,85218615.88699567
2025-12-12 15:07:00+09:00,85218615.88699567
2025-12-12 15:08:00+09:00,85218615.88699567
2025-12-12 15:09:00+09:00,85218615.88699567
2025-12-12 15:10:00+09:00,85218615.88699567
2025-12-12 15:11:00+09:00,85218615.88699567
2025-12-12 15:12:00+09:00,85218615.88699567
2025-12-12 15:13:00+09:00,85218615.88699567
2025-12-12 15:14:00+09:00,85218615.88699567
2025-12-12 15:15:00+09:00,85184528.44064088
2025-12-12 15:16:00+09:00,85492609.91782223
2025-12-12 15:17:00+09:00,84876446.96345954
2025-12-12 15:18:00+09:00,84722406.22486886
2025-12-12 15:19:00+09:00,84876446.96345952
2025-12-12 15:30:00+09:00,86108772.87218489
2025-12-12 15:35:00+09:00,86108772.87218489
2025-12-15 09:00:00+09:00,86570895.08795689
2025-12-15 09:01:00+09:00,87803220.99668226
2025-12-15 09:02:00+09:00,87649180.25809158
2025-12-15 09:03:00+09:00,88727465.42822628
2025-12-15 09:04:00+09:00,88881506.16681695
2025-12-15 09:05:00+09:00,85338569.17923152
2025-12-15 09:06:00+09:00,84722406.22486885
2025-12-15 09:07:00+09:00,85184528.44064085
2025-12-15 09:08:00+09:00,85184528.44064085
2025-12-15 09:09:00+09:00,85954732.1335942
2025-12-15 09:10:00+09:00,85184528.44064085
2025-12-15 09:11:00+09:00,85492609.9178222
2025-12-15 09:12:00+09:00,86108772.87218487
2025-12-15 09:13:00+09:00,86108772.87218487
2025-12-15 09:14:00+09:00,86724935.82654756
2025-12-15 09:15:00+09:00,88265343.21245427
2025-12-15 09:16:00+09:00,88727465.42822628
2025-12-15 09:17:00+09:00,89651709.85977031
2025-12-15 09:18:00+09:00,87957261.73527293
2025-12-15 09:19:00+09:00,88265343.21245426
2025-12-15 09:20:00+09:00,87495139.51950091
2025-12-15 09:21:00+09:00,88573424.6896356
2025-12-15 09:22:00+09:00,88111302.47386359
2025-12-15 09:23:00+09:00,88419383.95104493
2025-12-15 09:24:00+09:00,88727465.42822628
2025-12-15 09:25:00+09:00,88727465.42822628
2025-12-15 09:26:00+09:00,87803220.99668226
2025-12-15 09:27:00+09:00,87110037.67302424
2025-12-15 09:28:00+09:00,86416854.34936622
2025-12-15 09:29:00+09:00,87187058.04231958
2025-12-15 09:30:00+09:00,86493874.71866156
2025-12-15 09:31:00+09:00,86262813.61077555
2025-12-15 09:32:00+09:00,86570895.08795689
2025-12-15 09:33:00+09:00,86724935.82654756
2025-12-15 09:34:00+09:00,87033017.3037289
2025-12-15 09:35:00+09:00,86724935.82654755
2025-12-15 09:36:00+09:00,86262813.61077553
2025-12-15 09:37:00+09:00,86262813.61077553
2025-12-15 09:38:00+09:00,86724935.82654753
2025-12-15 09:39:00+09:00,86570895.08795686
2025-12-15 09:40:00+09:00,86878976.5651382
2025-12-15 09:41:00+09:00,87033017.30372888
2025-12-15 09:42:00+09:00,87649180.25809157
2025-12-15 09:43:00+09:00,88265343.21245424
2025-12-15 09:44:00+09:00,87803220.99668224
2025-12-15 09:45:00+09:00,87649180.25809157
2025-12-15 09:46:00+09:00,87495139.5195009
2025-12-15 09:47:00+09:00,87187058.04231955
2025-12-15 09:48:00+09:00,86570895.08795686
2025-12-15 09:49:00+09:00,86724935.82654753
2025-12-15 09:50:00+09:00,86721215.74271056
2025-12-15 09:51:00+09:00,86721215.74271056
2025-12-15 09:52:00+09:00,86721215.74271056
2025-12-15 09:53:00+09:00,86721215.74271056
2025-12-15 09:54:00+09:00,86721215.74271056
2025-12-15 09:55:00+09:00,86721215.74271056
2025-12-15 09:56:00+09:00,86721215.74271056
2025-12-15 09:57:00+09:00,86721215.74271056
2025-12-15 09:58:00+09:00,86721215.74271056
2025-12-15 09:59:00+09:00,86721215.74271056
2025-12-15 10:00:00+09:00,86721215.74271056
2025-12-15 10:01:00+09:00,86721215.74271056
2025-12-15 10:02:00+09:00,86721215.74271056
2025-12-15 10:03:00+09:00,86721215.74271056
2025-12-15 10:04:00+09:00,86721215.74271056
2025-12-15 10:05:00+09:00,86721215.74271056
2025-12-15 10:06:00+09:00,86721215.74271056
2025-12-15 10:07:00+09:00,86721215.74271056
2025-12-15 10:08:00+09:00,86721215.74271056
2025-12-15 10:09:00+09:00,86721215.74271056
2025-12-15 10:10:00+09:00,86721215.74271056
2025-12-15 10:11:00+09:00,86721215.74271056
2025-12-15 10:12:00+09:00,86721215.74271056
2025-12-15 10:13:00+09:00,86721215.74271056
2025-12-15 10:14:00+09:00,86721215.74271056
2025-12-15 10:15:00+09:00,86721215.74271056
2025-12-15 10:16:00+09:00,86721215.74271056
2025-12-15 10:17:00+09:00,86721215.74271056
2025-12-15 10:18:00+09:00,86721215.74271056
2025-12-15 10:19:00+09:00,86721215.74271056
2025-12-15 10:20:00+09:00,86721215.74271056
2025-12-15 10:21:00+09:00,86721215.74271056
2025-12-15 10:22:00+09:00,86721215.74271056
2025-12-15 10:23:00+09:00,86721215.74271056
2025-12-15 10:24:00+09:00,86721215.74271056
2025-12-15 10:25:00+09:00,86721215.74271056
2025-12-15 10:26:00+09:00,86721215.74271056
2025-12-15 10:27:00+09:00,86721215.74271056
