,equity
2025-10-01 12:21:00+09:00,100000000.0
2025-10-01 12:22:00+09:00,99960000.0
2025-10-01 12:23:00+09:00,99659303.82466695
2025-10-01 12:24:00+09:00,99745217.01761924
2025-10-01 12:25:00+09:00,99788173.61409539
2025-10-01 12:26:00+09:00,100002956.59647612
2025-10-01 12:27:00+09:00,100002956.59647612
2025-10-01 12:28:00+09:00,100002956.59647612
2025-10-01 12:29:00+09:00,99831130.21057153
2025-10-01 12:30:00+09:00,99616347.22819078
2025-10-01 12:31:00+09:00,99401564.24581003
2025-10-01 12:32:00+09:00,99487477.43876232
2025-10-01 12:33:00+09:00,99659303.82466693
2025-10-01 12:34:00+09:00,99401564.24581003
2025-10-01 12:35:00+09:00,98971998.28104854
2025-10-01 12:36:00+09:00,99229737.85990544
2025-10-01 12:37:00+09:00,98961817.56768368
2025-10-01 12:38:00+09:00,98961817.56768368
2025-10-01 12:39:00+09:00,98961817.56768368
2025-10-01 12:40:00+09:00,98961817.56768368
2025-10-01 12:41:00+09:00,98961817.56768368
2025-10-01 12:42:00+09:00,98961817.56768368
2025-10-01 12:43:00+09:00,98961817.56768368
2025-10-01 12:44:00+09:00,98961817.56768368
2025-10-01 12:45:00+09:00,98961817.56768368
2025-10-01 12:46:00+09:00,98961817.56768368
2025-10-01 12:47:00+09:00,98961817.56768368
2025-10-01 12:48:00+09:00,98961817.56768368
2025-10-01 12:49:00+09:00,98961817.56768368
2025-10-01 12:50:00+09:00,98961817.56768368
2025-10-01 12:51:00+09:00,98961817.56768368
2025-10-01 12:52:00+09:00,98961817.56768368
2025-10-01 12:53:00+09:00,98961817.56768368
2025-10-01 12:54:00+09:00,98961817.56768368
2025-10-01 12:55:00+09:00,98961817.56768368
2025-10-01 12:56:00+09:00,98961817.56768368
2025-10-01 12:57:00+09:00,98961817.56768368
2025-10-01 12:58:00+09:00,98961817.56768368
2025-10-01 12:59:00+09:00,98961817.56768368
2025-10-01 13:00:00+09:00,98961817.56768368
2025-10-01 13:01:00+09:00,98961817.56768368
2025-10-01 13:02:00+09:00,98922232.84065661
2025-10-01 13:03:00+09:00,98583747.8694311
2025-10-01 13:04:00+09:00,98583747.8694311
2025-10-01 13:05:00+09:00,98922232.84065661
2025-10-01 13:06:00+09:00,98837611.59785023
2025-10-01 13:07:00+09:00,99006854.08346298
2025-10-01 13:08:00+09:00,99006854.08346298
2025-10-01 13:09:00+09:00,98837611.59785023
2025-10-01 13:10:00+09:00,98668369.11223748
2025-10-01 13:11:00+09:00,99091475.32626937
2025-10-01 13:12:00+09:00,99091475.32626937
2025-10-01 13:13:00+09:00,98752990.35504386
2025-10-01 13:14:00+09:00,99006854.08346298
2025-10-01 13:15:00+09:00,98837611.59785023
2025-10-01 13:16:00+09:00,98752990.35504386
2025-10-01 13:17:00+09:00,97737535.44136731
2025-10-01 13:18:00+09:00,97906777.92698008
2025-10-01 13:19:00+09:00,97811215.15747884
2025-10-01 13:20:00+09:00,97811215.15747884
2025-10-01 13:21:00+09:00,97811215.15747884
2025-10-01 13:22:00+09:00,97811215.15747884
2025-10-01 13:23:00+09:00,97811215.15747884
2025-10-01 13:24:00+09:00,97811215.15747884
2025-10-01 13:25:00+09:00,97811215.15747884
2025-10-01 13:26:00+09:00,97811215.15747884
2025-10-01 13:27:00+09:00,97811215.15747884
2025-10-01 13:28:00+09:00,97811215.15747884
2025-10-01 13:29:00+09:00,97811215.15747884
2025-10-01 13:30:00+09:00,97811215.15747884
2025-10-01 13:31:00+09:00,97811215.15747884
2025-10-01 13:32:00+09:00,97811215.15747884
2025-10-01 13:33:00+09:00,97811215.15747884
2025-10-01 13:34:00+09:00,97811215.15747884
2025-10-01 13:35:00+09:00,97811215.15747884
2025-10-01 13:36:00+09:00,97811215.15747884
2025-10-01 13:37:00+09:00,97811215.15747884
2025-10-01 13:38:00+09:00,97811215.15747884
2025-10-01 13:39:00+09:00,97811215.15747884
2025-10-01 13:40:00+09:00,97811215.15747884
2025-10-01 13:41:00+09:00,97811215.15747884
2025-10-01 13:42:00+09:00,97811215.15747884
2025-10-01 13:43:00+09:00,97811215.15747884
2025-10-01 13:44:00+09:00,97811215.15747884
2025-10-01 13:45:00+09:00,97811215.15747884
2025-10-01 13:46:00+09:00,97811215.15747884
2025-10-01 13:47:00+09:00,97811215.15747884
2025-10-01 13:48:00+09:00,97811215.15747884
2025-10-01 13:49:00+09:00,97811215.15747884
2025-10-01 13:50:00+09:00,97811215.15747884
2025-10-01 13:51:00+09:00,97811215.15747884
2025-10-01 13:52:00+09:00,97811215.15747884
2025-10-01 13:53:00+09:00,97811215.15747884
2025-10-01 13:54:00+09:00,97811215.15747884
2025-10-01 13:55:00+09:00,97811215.15747884
2025-10-01 13:56:00+09:00,97811215.15747884
2025-10-01 13:57:00+09:00,97811215.15747884
2025-10-01 13:58:00+09:00,97811215.15747884
2025-10-01 13:59:00+09:00,97811215.15747884
2025-10-01 14:00:00+09:00,97811215.15747884
2025-10-01 14:01:00+09:00,97811215.15747884
2025-10-01 14:02:00+09:00,97811215.15747884
2025-10-01 14:03:00+09:00,97811215.15747884
2025-10-01 14:04:00+09:00,97811215.15747884
2025-10-01 14:05:00+09:00,97811215.15747884
2025-10-01 14:06:00+09:00,97811215.15747884
2025-10-01 14:07:00+09:00,97811215.15747884
2025-10-01 14:08:00+09:00,97811215.15747884
2025-10-01 14:09:00+09:00,97811215.15747884
2025-10-01 14:10:00+09:00,97811215.15747884
2025-10-01 14:11:00+09:00,97811215.15747884
2025-10-01 14:12:00+09:00,97811215.15747884
2025-10-01 14:13:00+09:00,97811215.15747884
2025-10-01 14:14:00+09:00,97811215.15747884
2025-10-01 14:15:00+09:00,97811215.15747884
2025-10-01 14:16:00+09:00,97811215.15747884
2025-10-01 14:17:00+09:00,97811215.15747884
2025-10-01 14:18:00+09:00,97811215.15747884
2025-10-01 14:19:00+09:00,97811215.15747884
2025-10-01 14:20:00+09:00,97811215.15747884
2025-10-01 14:21:00+09:00,97811215.15747884
2025-10-01 14:22:00+09:00,97811215.15747884
2025-10-01 14:23:00+09:00,97811215.15747884
2025-10-01 14:24:00+09:00,97811215.15747884
2025-10-01 14:25:00+09:00,97811215.15747884
2025-10-01 14:26:00+09:00,97811215.15747884
2025-10-01 14:27:00+09:00,97811215.15747884
2025-10-01 14:28:00+09:00,97811215.15747884
2025-10-01 14:29:00+09:00,97811215.15747884
2025-10-01 14:30:00+09:00,97811215.15747884
2025-10-01 14:31:00+09:00,97811215.15747884
2025-10-01 14:32:00+09:00,97811215.15747884
2025-10-01 14:33:00+09:00,97811215.15747884
2025-10-01 14:34:00+09:00,97811215.15747884
2025-10-01 14:35:00+09:00,97811215.15747884
2025-10-01 14:36:00+09:00,97811215.15747884
2025-10-01 14:37:00+09:00,97811215.15747884
2025-10-01 14:38:00+09:00,97811215.15747884
2025-10-01 14:39:00+09:00,97811215.15747884
2025-10-01 14:40:00+09:00,97811215.15747884
2025-10-01 14:41:00+09:00,97811215.15747884
2025-10-01 14:42:00+09:00,97811215.15747884
2025-10-01 14:43:00+09:00,97811215.15747884
2025-10-01 14:44:00+09:00,97811215.15747884
2025-10-01 14:45:00+09:00,97772090.67141585
2025-10-01 14:46:00+09:00,97603663.29730488
2025-10-01 14:47:00+09:00,97687876.98436038
2025-10-01 14:48:00+09:00,97940518.04552682
2025-10-01 14:49:00+09:00,97687876.98436037
2025-10-01 14:50:00+09:00,98866868.60313714
2025-10-01 14:51:00+09:00,99372150.72547002
2025-10-01 14:52:00+09:00,99119509.66430357
2025-10-01 14:53:00+09:00,99203723.35135905
2025-10-01 14:54:00+09:00,99203723.35135905
2025-10-01 14:55:00+09:00,98698441.22902615
2025-10-01 14:56:00+09:00,98108945.41963777
2025-10-01 14:57:00+09:00,97856304.35847132
2025-10-01 14:58:00+09:00,98530013.85491517
2025-10-01 14:59:00+09:00,98445800.16785969
2025-10-01 15:00:00+09:00,98866868.6031371
2025-10-01 15:01:00+09:00,98614227.54197066
2025-10-01 15:02:00+09:00,98277372.79374872
2025-10-01 15:03:00+09:00,98361586.4808042
2025-10-01 15:04:00+09:00,98530013.85491517
2025-10-01 15:05:00+09:00,98614227.54197066
2025-10-01 15:06:00+09:00,98445800.16785969
2025-10-01 15:07:00+09:00,98193159.10669324
2025-10-01 15:08:00+09:00,99119509.66430356
2025-10-01 15:09:00+09:00,98782654.91608162
2025-10-01 15:10:00+09:00,99624791.78663646
2025-10-01 15:11:00+09:00,100298501.28308031
2025-10-01 15:12:00+09:00,100214287.59602483
2025-10-01 15:13:00+09:00,100045860.22191386
2025-10-01 15:14:00+09:00,101393279.21480158
2025-10-01 15:15:00+09:00,102951232.42532802
2025-10-01 15:16:00+09:00,101561706.58891255
2025-10-01 15:17:00+09:00,101898561.33713448
2025-10-01 15:18:00+09:00,101982775.02418996
2025-10-01 15:19:00+09:00,102656484.52063383
2025-10-01 15:30:00+09:00,102656484.52063383
2025-10-01 15:35:00+09:00,102656484.52063383
2025-10-02 09:00:00+09:00,109983075.29446086
2025-10-02 09:01:00+09:00,107119809.93457444
2025-10-02 09:02:00+09:00,105688177.25463124
2025-10-02 09:03:00+09:00,105688177.25463124
2025-10-02 09:04:00+09:00,106782955.1863525
2025-10-02 09:05:00+09:00,106782955.1863525
2025-10-02 09:06:00+09:00,106867168.87340799
2025-10-02 09:07:00+09:00,106698741.49929702
2025-10-02 09:08:00+09:00,106614527.81224154
2025-10-02 09:09:00+09:00,108635656.30157313
2025-10-02 09:10:00+09:00,109477793.17212796
2025-10-02 09:11:00+09:00,110404143.72973828
2025-10-02 09:12:00+09:00,110740998.47796021
2025-10-02 09:13:00+09:00,109983075.29446086
2025-10-02 09:14:00+09:00,109140938.42390603
2025-10-02 09:15:00+09:00,109309365.79801698
2025-10-02 09:16:00+09:00,110235716.3556273
2025-10-02 09:17:00+09:00,109983075.29446085
2025-10-02 09:18:00+09:00,110993639.53912665
2025-10-02 09:19:00+09:00,109940968.45093311
2025-10-02 09:20:00+09:00,110235716.3556273
2025-10-02 09:21:00+09:00,110404143.72973827
2025-10-02 09:22:00+09:00,110909425.85207117
2025-10-02 09:23:00+09:00,111035746.38265438
2025-10-02 09:24:00+09:00,110825212.16501568
2025-10-02 09:25:00+09:00,110109395.82504408
2025-10-02 09:26:00+09:00,110572571.10384925
2025-10-02 09:27:00+09:00,110404143.72973828
2025-10-02 09:28:00+09:00,109562006.85918345
2025-10-02 09:29:00+09:00,109730434.23329441
2025-10-02 09:30:00+09:00,107414557.83926862
2025-10-02 09:31:00+09:00,107877733.11807378
2025-10-02 09:32:00+09:00,108130374.17924023
2025-10-02 09:33:00+09:00,107540878.36985184
2025-10-02 09:34:00+09:00,106951382.56046346
2025-10-02 09:35:00+09:00,105772390.9416867
2025-10-02 09:36:00+09:00,105351322.50640929
2025-10-02 09:37:00+09:00,105182895.13229832
2025-10-02 09:38:00+09:00,106326668.58714847
2025-10-02 09:39:00+09:00,106326668.58714847
2025-10-02 09:40:00+09:00,106326668.58714847
2025-10-02 09:41:00+09:00,106326668.58714847
2025-10-02 09:42:00+09:00,106326668.58714847
2025-10-02 09:43:00+09:00,106326668.58714847
2025-10-02 09:44:00+09:00,106326668.58714847
2025-10-02 09:45:00+09:00,106326668.58714847
2025-10-02 09:46:00+09:00,106326668.58714847
2025-10-02 09:47:00+09:00,106326668.58714847
2025-10-02 09:48:00+09:00,106326668.58714847
2025-10-02 09:49:00+09:00,106326668.58714847
2025-10-02 09:50:00+09:00,106326668.58714847
2025-10-02 09:51:00+09:00,106326668.58714847
2025-10-02 09:52:00+09:00,106326668.58714847
2025-10-02 09:53:00+09:00,106326668.58714847
2025-10-02 09:54:00+09:00,106326668.58714847
2025-10-02 09:55:00+09:00,106326668.58714847
2025-10-02 09:56:00+09:00,106326668.58714847
2025-10-02 09:57:00+09:00,106326668.58714847
2025-10-02 09:58:00+09:00,106326668.58714847
2025-10-02 09:59:00+09:00,106326668.58714847
2025-10-02 10:00:00+09:00,106326668.58714847
2025-10-02 10:01:00+09:00,106326668.58714847
2025-10-02 10:02:00+09:00,106326668.58714847
2025-10-02 10:03:00+09:00,106326668.58714847
2025-10-02 10:04:00+09:00,106326668.58714847
2025-10-02 10:05:00+09:00,106326668.58714847
2025-10-02 10:06:00+09:00,106326668.58714847
2025-10-02 10:07:00+09:00,106326668.58714847
2025-10-02 10:08:00+09:00,106326668.58714847
2025-10-02 10:09:00+09:00,106326668.58714847
2025-10-02 10:10:00+09:00,106326668.58714847
2025-10-02 10:11:00+09:00,106326668.58714847
2025-10-02 10:12:00+09:00,106326668.58714847
2025-10-02 10:13:00+09:00,106326668.58714847
2025-10-02 10:14:00+09:00,106326668.58714847
2025-10-02 10:15:00+09:00,106326668.58714847
2025-10-02 10:16:00+09:00,106326668.58714847
2025-10-02 10:17:00+09:00,106326668.58714847
2025-10-02 10:18:00+09:00,106326668.58714847
2025-10-02 10:19:00+09:00,106326668.58714847
2025-10-02 10:20:00+09:00,106326668.58714847
2025-10-02 10:21:00+09:00,106326668.58714847
2025-10-02 10:22:00+09:00,106326668.58714847
2025-10-02 10:23:00+09:00,106326668.58714847
2025-10-02 10:24:00+09:00,106326668.58714847
2025-10-02 10:25:00+09:00,106326668.58714847
2025-10-02 10:26:00+09:00,106326668.58714847
2025-10-02 10:27:00+09:00,106326668.58714847
2025-10-02 10:28:00+09:00,106326668.58714847
2025-10-02 10:29:00+09:00,106326668.58714847
2025-10-02 10:30:00+09:00,106326668.58714847
2025-10-02 10:31:00+09:00,106326668.58714847
2025-10-02 10:32:00+09:00,106326668.58714847
2025-10-02 10:33:00+09:00,106326668.58714847
2025-10-02 10:34:00+09:00,106326668.58714847
2025-10-02 10:35:00+09:00,106326668.58714847
2025-10-02 10:36:00+09:00,106326668.58714847
2025-10-02 10:37:00+09:00,106326668.58714847
2025-10-02 10:38:00+09:00,106326668.58714847
2025-10-02 10:39:00+09:00,106326668.58714847
2025-10-02 10:40:00+09:00,106326668.58714847
2025-10-02 10:41:00+09:00,106326668.58714847
2025-10-02 10:42:00+09:00,106326668.58714847
2025-10-02 10:43:00+09:00,106326668.58714847
2025-10-02 10:44:00+09:00,106326668.58714847
2025-10-02 10:45:00+09:00,106326668.58714847
2025-10-02 10:46:00+09:00,106326668.58714847
2025-10-02 10:47:00+09:00,106326668.58714847
2025-10-02 10:48:00+09:00,106326668.58714847
2025-10-02 10:49:00+09:00,106326668.58714847
2025-10-02 10:50:00+09:00,106326668.58714847
2025-10-02 10:51:00+09:00,106326668.58714847
2025-10-02 10:52:00+09:00,106326668.58714847
2025-10-02 10:53:00+09:00,106326668.58714847
2025-10-02 10:54:00+09:00,106326668.58714847
2025-10-02 10:55:00+09:00,106326668.58714847
2025-10-02 10:56:00+09:00,106326668.58714847
2025-10-02 10:57:00+09:00,106326668.58714847
2025-10-02 10:58:00+09:00,106326668.58714847
2025-10-02 10:59:00+09:00,106326668.58714847
2025-10-02 11:00:00+09:00,106326668.58714847
2025-10-02 11:01:00+09:00,106326668.58714847
2025-10-02 11:02:00+09:00,106326668.58714847
2025-10-02 11:03:00+09:00,106326668.58714847
2025-10-02 11:04:00+09:00,106326668.58714847
2025-10-02 11:05:00+09:00,106326668.58714847
2025-10-02 11:06:00+09:00,106326668.58714847
2025-10-02 11:07:00+09:00,106326668.58714847
2025-10-02 11:08:00+09:00,106326668.58714847
2025-10-02 11:09:00+09:00,106326668.58714847
2025-10-02 11:10:00+09:00,106326668.58714847
2025-10-02 11:11:00+09:00,106326668.58714847
2025-10-02 11:12:00+09:00,106326668.58714847
2025-10-02 11:13:00+09:00,106326668.58714847
2025-10-02 11:14:00+09:00,106326668.58714847
2025-10-02 11:15:00+09:00,106326668.58714847
2025-10-02 11:16:00+09:00,106326668.58714847
2025-10-02 11:17:00+09:00,106326668.58714847
2025-10-02 11:18:00+09:00,106326668.58714847
2025-10-02 11:19:00+09:00,106326668.58714847
2025-10-02 11:20:00+09:00,106326668.58714847
2025-10-02 11:21:00+09:00,106326668.58714847
2025-10-02 11:22:00+09:00,106326668.58714847
2025-10-02 11:23:00+09:00,106326668.58714847
2025-10-02 11:24:00+09:00,106326668.58714847
2025-10-02 11:25:00+09:00,106326668.58714847
2025-10-02 11:26:00+09:00,106326668.58714847
2025-10-02 11:27:00+09:00,106326668.58714847
2025-10-02 11:28:00+09:00,106326668.58714847
2025-10-02 11:29:00+09:00,106326668.58714847
2025-10-02 11:30:00+09:00,106326668.58714847
2025-10-02 11:31:00+09:00,106326668.58714847
2025-10-02 11:32:00+09:00,106326668.58714847
2025-10-02 11:33:00+09:00,106326668.58714847
2025-10-02 11:34:00+09:00,106326668.58714847
2025-10-02 11:35:00+09:00,106326668.58714847
2025-10-02 11:36:00+09:00,106326668.58714847
2025-10-02 11:37:00+09:00,106326668.58714847
2025-10-02 11:38:00+09:00,106326668.58714847
2025-10-02 11:39:00+09:00,106326668.58714847
2025-10-02 11:40:00+09:00,106326668.58714847
2025-10-02 11:41:00+09:00,106326668.58714847
2025-10-02 11:42:00+09:00,106326668.58714847
2025-10-02 11:43:00+09:00,106326668.58714847
2025-10-02 11:44:00+09:00,106326668.58714847
2025-10-02 11:45:00+09:00,106326668.58714847
2025-10-02 11:46:00+09:00,106326668.58714847
2025-10-02 11:47:00+09:00,106326668.58714847
2025-10-02 11:48:00+09:00,106326668.58714847
2025-10-02 11:49:00+09:00,106326668.58714847
2025-10-02 11:50:00+09:00,106326668.58714847
2025-10-02 11:51:00+09:00,106326668.58714847
2025-10-02 11:52:00+09:00,106284137.91971362
2025-10-02 11:53:00+09:00,106284137.91971362
2025-10-02 11:54:00+09:00,106109758.6942506
2025-10-02 11:55:00+09:00,106545706.75790817
2025-10-02 11:56:00+09:00,107243223.65976028
2025-10-02 11:57:00+09:00,107156034.04702877
2025-10-02 11:58:00+09:00,107243223.65976027
2025-10-02 11:59:00+09:00,107591982.1106863
2025-10-02 12:00:00+09:00,108376688.6252699
2025-10-02 12:01:00+09:00,109597343.20351107
2025-10-02 12:02:00+09:00,109684532.81624258
2025-10-02 12:03:00+09:00,109422963.97804804
2025-10-02 12:04:00+09:00,109684532.81624258
2025-10-02 12:05:00+09:00,108987015.91439047
2025-10-02 12:06:00+09:00,109422963.97804804
2025-10-02 12:07:00+09:00,109728127.62260832
2025-10-02 12:08:00+09:00,109858912.0417056
2025-10-02 12:09:00+09:00,109161395.13985349
2025-10-02 12:10:00+09:00,109074205.52712198
2025-10-02 12:11:00+09:00,109510153.59077953
2025-10-02 12:12:00+09:00,109684532.81624256
2025-10-02 12:13:00+09:00,110033291.26716861
2025-10-02 12:14:00+09:00,109771722.42897406
2025-10-02 12:15:00+09:00,109858912.04170558
2025-10-02 12:16:00+09:00,110643618.55628918
2025-10-02 12:17:00+09:00,110992377.00721523
2025-10-02 12:18:00+09:00,110382049.71809465
2025-10-02 12:19:00+09:00,109946101.65443708
2025-10-02 12:20:00+09:00,109858912.04170556
2025-10-02 12:21:00+09:00,109858912.04170556
2025-10-02 12:22:00+09:00,109771722.42897405
2025-10-02 12:23:00+09:00,109422963.978048
2025-10-02 12:24:00+09:00,108463878.23800136
2025-10-02 12:25:00+09:00,108987015.91439044
2025-10-02 12:26:00+09:00,109248584.75258498
2025-10-02 12:27:00+09:00,109335774.3653165
2025-10-02 12:28:00+09:00,109074205.52712196
2025-10-02 12:29:00+09:00,108638257.4634644
2025-10-02 12:30:00+09:00,109074205.52712196
2025-10-02 12:31:00+09:00,110033291.26716861
2025-10-02 12:32:00+09:00,109510153.59077954
2025-10-02 12:33:00+09:00,109422963.97804803
2025-10-02 12:34:00+09:00,109510153.59077953
2025-10-02 12:35:00+09:00,109771722.42897406
2025-10-02 12:36:00+09:00,109248584.75258498
2025-10-02 12:37:00+09:00,109597343.20351103
2025-10-02 12:38:00+09:00,109422963.978048
2025-10-02 12:39:00+09:00,108812636.68892741
2025-10-02 12:40:00+09:00,109161395.13985346
2025-10-02 12:41:00+09:00,109248584.75258498
2025-10-02 12:42:00+09:00,108987015.91439044
2025-10-02 12:43:00+09:00,108202309.39980684
2025-10-02 12:44:00+09:00,107679171.72341776
2025-10-02 12:45:00+09:00,107910163.16442734
2025-10-02 12:46:00+09:00,107910163.16442734
2025-10-02 12:47:00+09:00,107910163.16442734
2025-10-02 12:48:00+09:00,107910163.16442734
2025-10-02 12:49:00+09:00,107910163.16442734
2025-10-02 12:50:00+09:00,107910163.16442734
2025-10-02 12:51:00+09:00,107910163.16442734
2025-10-02 12:52:00+09:00,107910163.16442734
2025-10-02 12:53:00+09:00,107910163.16442734
2025-10-02 12:54:00+09:00,107910163.16442734
2025-10-02 12:55:00+09:00,107910163.16442734
2025-10-02 12:56:00+09:00,107910163.16442734
2025-10-02 12:57:00+09:00,107910163.16442734
2025-10-02 12:58:00+09:00,107910163.16442734
2025-10-02 12:59:00+09:00,107910163.16442734
2025-10-02 13:00:00+09:00,107910163.16442734
2025-10-02 13:01:00+09:00,107910163.16442734
2025-10-02 13:02:00+09:00,107910163.16442734
2025-10-02 13:03:00+09:00,107910163.16442734
2025-10-02 13:04:00+09:00,107910163.16442734
2025-10-02 13:05:00+09:00,107910163.16442734
2025-10-02 13:06:00+09:00,107910163.16442734
2025-10-02 13:07:00+09:00,107910163.16442734
2025-10-02 13:08:00+09:00,107910163.16442734
2025-10-02 13:09:00+09:00,107910163.16442734
2025-10-02 13:10:00+09:00,107910163.16442734
2025-10-02 13:11:00+09:00,107910163.16442734
2025-10-02 13:12:00+09:00,107910163.16442734
2025-10-02 13:13:00+09:00,107910163.16442734
2025-10-02 13:14:00+09:00,107910163.16442734
2025-10-02 13:15:00+09:00,107910163.16442734
2025-10-02 13:16:00+09:00,107910163.16442734
2025-10-02 13:17:00+09:00,107910163.16442734
2025-10-02 13:18:00+09:00,107910163.16442734
2025-10-02 13:19:00+09:00,107910163.16442734
2025-10-02 13:20:00+09:00,107910163.16442734
2025-10-02 13:21:00+09:00,107910163.16442734
2025-10-02 13:22:00+09:00,107910163.16442734
2025-10-02 13:23:00+09:00,107910163.16442734
2025-10-02 13:24:00+09:00,107910163.16442734
2025-10-02 13:25:00+09:00,107910163.16442734
2025-10-02 13:26:00+09:00,107910163.16442734
2025-10-02 13:27:00+09:00,107910163.16442734
2025-10-02 13:28:00+09:00,107910163.16442734
2025-10-02 13:29:00+09:00,107910163.16442734
2025-10-02 13:30:00+09:00,107910163.16442734
2025-10-02 13:31:00+09:00,107910163.16442734
2025-10-02 13:32:00+09:00,107910163.16442734
2025-10-02 13:33:00+09:00,107910163.16442734
2025-10-02 13:34:00+09:00,107910163.16442734
2025-10-02 13:35:00+09:00,107910163.16442734
2025-10-02 13:36:00+09:00,107910163.16442734
2025-10-02 13:37:00+09:00,107910163.16442734
2025-10-02 13:38:00+09:00,107910163.16442734
2025-10-02 13:39:00+09:00,107910163.16442734
2025-10-02 13:40:00+09:00,107910163.16442734
2025-10-02 13:41:00+09:00,107910163.16442734
2025-10-02 13:42:00+09:00,107910163.16442734
2025-10-02 13:43:00+09:00,107910163.16442734
2025-10-02 13:44:00+09:00,107910163.16442734
2025-10-02 13:45:00+09:00,107910163.16442734
2025-10-02 13:46:00+09:00,107910163.16442734
2025-10-02 13:47:00+09:00,107910163.16442734
2025-10-02 13:48:00+09:00,107910163.16442734
2025-10-02 13:49:00+09:00,107910163.16442734
2025-10-02 13:50:00+09:00,107910163.16442734
2025-10-02 13:51:00+09:00,107910163.16442734
2025-10-02 13:52:00+09:00,107910163.16442734
2025-10-02 13:53:00+09:00,107910163.16442734
2025-10-02 13:54:00+09:00,107910163.16442734
2025-10-02 13:55:00+09:00,107910163.16442734
2025-10-02 13:56:00+09:00,107910163.16442734
2025-10-02 13:57:00+09:00,107910163.16442734
2025-10-02 13:58:00+09:00,107910163.16442734
2025-10-02 13:59:00+09:00,107910163.16442734
2025-10-02 14:00:00+09:00,107910163.16442734
2025-10-02 14:01:00+09:00,107910163.16442734
2025-10-02 14:02:00+09:00,107910163.16442734
2025-10-02 14:03:00+09:00,107910163.16442734
2025-10-02 14:04:00+09:00,107910163.16442734
2025-10-02 14:05:00+09:00,107910163.16442734
2025-10-02 14:06:00+09:00,107910163.16442734
2025-10-02 14:07:00+09:00,107910163.16442734
2025-10-02 14:08:00+09:00,107910163.16442734
2025-10-02 14:09:00+09:00,107910163.16442734
2025-10-02 14:10:00+09:00,107910163.16442734
2025-10-02 14:11:00+09:00,107910163.16442734
2025-10-02 14:12:00+09:00,107910163.16442734
2025-10-02 14:13:00+09:00,107910163.16442734
2025-10-02 14:14:00+09:00,107910163.16442734
2025-10-02 14:15:00+09:00,107910163.16442734
2025-10-02 14:16:00+09:00,107910163.16442734
2025-10-02 14:17:00+09:00,107910163.16442734
2025-10-02 14:18:00+09:00,107910163.16442734
2025-10-02 14:19:00+09:00,107910163.16442734
2025-10-02 14:20:00+09:00,107910163.16442734
2025-10-02 14:21:00+09:00,107910163.16442734
2025-10-02 14:22:00+09:00,107910163.16442734
2025-10-02 14:23:00+09:00,107910163.16442734
2025-10-02 14:24:00+09:00,107910163.16442734
2025-10-02 14:25:00+09:00,107910163.16442734
2025-10-02 14:26:00+09:00,107910163.16442734
2025-10-02 14:27:00+09:00,107910163.16442734
2025-10-02 14:28:00+09:00,107910163.16442734
2025-10-02 14:29:00+09:00,107910163.16442734
2025-10-02 14:30:00+09:00,107910163.16442734
2025-10-02 14:31:00+09:00,107910163.16442734
2025-10-02 14:32:00+09:00,107910163.16442734
2025-10-02 14:33:00+09:00,107910163.16442734
2025-10-02 14:34:00+09:00,107910163.16442734
2025-10-02 14:35:00+09:00,107910163.16442734
2025-10-02 14:36:00+09:00,107910163.16442734
2025-10-02 14:37:00+09:00,107910163.16442734
2025-10-02 14:38:00+09:00,107910163.16442734
2025-10-02 14:39:00+09:00,107910163.16442734
2025-10-02 14:40:00+09:00,107910163.16442734
2025-10-02 14:41:00+09:00,107910163.16442734
2025-10-02 14:42:00+09:00,107910163.16442734
2025-10-02 14:43:00+09:00,107910163.16442734
2025-10-02 14:44:00+09:00,107910163.16442734
2025-10-02 14:45:00+09:00,107910163.16442734
2025-10-02 14:46:00+09:00,107910163.16442734
2025-10-02 14:47:00+09:00,107910163.16442734
2025-10-02 14:48:00+09:00,107910163.16442734
2025-10-02 14:49:00+09:00,107910163.16442734
2025-10-02 14:50:00+09:00,107910163.16442734
2025-10-02 14:51:00+09:00,107910163.16442734
2025-10-02 14:52:00+09:00,107910163.16442734
2025-10-02 14:53:00+09:00,107910163.16442734
2025-10-02 14:54:00+09:00,107910163.16442734
2025-10-02 14:55:00+09:00,107910163.16442734
2025-10-02 14:56:00+09:00,107910163.16442734
2025-10-02 14:57:00+09:00,107910163.16442734
2025-10-02 14:58:00+09:00,107910163.16442734
2025-10-02 14:59:00+09:00,107910163.16442734
2025-10-02 15:00:00+09:00,107910163.16442734
2025-10-02 15:01:00+09:00,107910163.16442734
2025-10-02 15:02:00+09:00,107910163.16442734
2025-10-02 15:03:00+09:00,107910163.16442734
2025-10-02 15:04:00+09:00,107910163.16442734
2025-10-02 15:05:00+09:00,107910163.16442734
2025-10-02 15:06:00+09:00,107910163.16442734
2025-10-02 15:07:00+09:00,107910163.16442734
2025-10-02 15:08:00+09:00,107910163.16442734
2025-10-02 15:09:00+09:00,107910163.16442734
2025-10-02 15:10:00+09:00,107910163.16442734
2025-10-02 15:11:00+09:00,107910163.16442734
2025-10-02 15:12:00+09:00,107910163.16442734
2025-10-02 15:13:00+09:00,107910163.16442734
2025-10-02 15:14:00+09:00,107910163.16442734
2025-10-02 15:15:00+09:00,107910163.16442734
2025-10-02 15:16:00+09:00,107910163.16442734
2025-10-02 15:17:00+09:00,107910163.16442734
2025-10-02 15:18:00+09:00,107910163.16442734
2025-10-02 15:19:00+09:00,107910163.16442734
2025-10-02 15:30:00+09:00,107910163.16442734
2025-10-02 15:35:00+09:00,107910163.16442734
2025-10-10 09:00:00+09:00,107910163.16442734
2025-10-10 09:01:00+09:00,107910163.16442734
2025-10-10 09:02:00+09:00,107910163.16442734
2025-10-10 09:03:00+09:00,107910163.16442734
2025-10-10 09:04:00+09:00,107910163.16442734
2025-10-10 09:05:00+09:00,107910163.16442734
2025-10-10 09:06:00+09:00,107910163.16442734
2025-10-10 09:07:00+09:00,107910163.16442734
2025-10-10 09:08:00+09:00,107910163.16442734
2025-10-10 09:09:00+09:00,107910163.16442734
2025-10-10 09:10:00+09:00,107910163.16442734
2025-10-10 09:11:00+09:00,107910163.16442734
2025-10-10 09:12:00+09:00,107910163.16442734
2025-10-10 09:13:00+09:00,107910163.16442734
2025-10-10 09:14:00+09:00,107910163.16442734
2025-10-10 09:15:00+09:00,107910163.16442734
2025-10-10 09:16:00+09:00,107910163.16442734
2025-10-10 09:17:00+09:00,107910163.16442734
2025-10-10 09:18:00+09:00,107910163.16442734
2025-10-10 09:19:00+09:00,107910163.16442734
2025-10-10 09:20:00+09:00,107910163.16442734
2025-10-10 09:21:00+09:00,107910163.16442734
2025-10-10 09:22:00+09:00,107910163.16442734
2025-10-10 09:23:00+09:00,107910163.16442734
2025-10-10 09:24:00+09:00,107910163.16442734
2025-10-10 09:25:00+09:00,107910163.16442734
2025-10-10 09:26:00+09:00,107910163.16442734
2025-10-10 09:27:00+09:00,107910163.16442734
2025-10-10 09:28:00+09:00,107910163.16442734
2025-10-10 09:29:00+09:00,107910163.16442734
2025-10-10 09:30:00+09:00,107910163.16442734
2025-10-10 09:31:00+09:00,107910163.16442734
2025-10-10 09:32:00+09:00,107910163.16442734
2025-10-10 09:33:00+09:00,107910163.16442734
2025-10-10 09:34:00+09:00,107910163.16442734
2025-10-10 09:35:00+09:00,107910163.16442734
2025-10-10 09:36:00+09:00,107910163.16442734
2025-10-10 09:37:00+09:00,107910163.16442734
2025-10-10 09:38:00+09:00,107910163.16442734
2025-10-10 09:39:00+09:00,107910163.16442734
2025-10-10 09:40:00+09:00,107910163.16442734
2025-10-10 09:41:00+09:00,107910163.16442734
2025-10-10 09:42:00+09:00,107910163.16442734
2025-10-10 09:43:00+09:00,107910163.16442734
2025-10-10 09:44:00+09:00,107910163.16442734
2025-10-10 09:45:00+09:00,107910163.16442734
2025-10-10 09:46:00+09:00,107910163.16442734
2025-10-10 09:47:00+09:00,107910163.16442734
2025-10-10 09:48:00+09:00,107866999.09916158
2025-10-10 09:49:00+09:00,108051861.13703504
2025-10-10 09:50:00+09:00,107035119.92873104
2025-10-10 09:51:00+09:00,107774568.08022487
2025-10-10 09:52:00+09:00,108236723.1749085
2025-10-10 09:53:00+09:00,107866999.0991616
2025-10-10 09:54:00+09:00,107866999.0991616
2025-10-10 09:55:00+09:00,108051861.13703506
2025-10-10 09:56:00+09:00,108051861.13703506
2025-10-10 09:57:00+09:00,108236723.1749085
2025-10-10 09:58:00+09:00,107774568.08022487
2025-10-10 09:59:00+09:00,107404844.00447796
2025-10-10 10:00:00+09:00,107219981.96660452
2025-10-10 10:01:00+09:00,107312412.98554124
2025-10-10 10:02:00+09:00,107404844.00447796
2025-10-10 10:03:00+09:00,107589706.04235142
2025-10-10 10:04:00+09:00,107497275.0234147
2025-10-10 10:05:00+09:00,107219981.96660452
2025-10-10 10:06:00+09:00,107219981.96660452
2025-10-10 10:07:00+09:00,106110809.73936377
2025-10-10 10:08:00+09:00,105833516.68255359
2025-10-10 10:09:00+09:00,106572964.83404742
2025-10-10 10:10:00+09:00,106572964.83404742
2025-10-10 10:11:00+09:00,106480533.8151107
2025-10-10 10:12:00+09:00,106572964.83404742
2025-10-10 10:13:00+09:00,105833516.68255359
2025-10-10 10:14:00+09:00,106018378.72042704
2025-10-10 10:15:00+09:00,106388102.79617395
2025-10-10 10:16:00+09:00,106388102.79617395
2025-10-10 10:17:00+09:00,106480533.81511068
2025-10-10 10:18:00+09:00,106572964.8340474
2025-10-10 10:19:00+09:00,107497275.02341469
2025-10-10 10:20:00+09:00,107497275.02341469
2025-10-10 10:21:00+09:00,108329154.19384523
2025-10-10 10:22:00+09:00,109345895.40214925
2025-10-10 10:23:00+09:00,108976171.32640234
2025-10-10 10:24:00+09:00,107543490.53288305
2025-10-10 10:25:00+09:00,107127550.94766778
2025-10-10 10:26:00+09:00,107404844.00447796
2025-10-10 10:27:00+09:00,107404844.00447796
2025-10-10 10:28:00+09:00,107497275.0234147
2025-10-10 10:29:00+09:00,107682137.06128816
2025-10-10 10:30:00+09:00,107497275.0234147
2025-10-10 10:31:00+09:00,107589706.04235142
2025-10-10 10:32:00+09:00,107127550.94766779
2025-10-10 10:33:00+09:00,106942688.90979433
2025-10-10 10:34:00+09:00,107312412.98554125
2025-10-10 10:35:00+09:00,107035119.92873107
2025-10-10 10:36:00+09:00,106850257.89085762
2025-10-10 10:37:00+09:00,106572964.83404744
2025-10-10 10:38:00+09:00,106193036.3738099
2025-10-10 10:39:00+09:00,106193036.3738099
2025-10-10 10:40:00+09:00,106193036.3738099
2025-10-10 10:41:00+09:00,106193036.3738099
2025-10-10 10:42:00+09:00,106193036.3738099
2025-10-10 10:43:00+09:00,106193036.3738099
2025-10-10 10:44:00+09:00,106193036.3738099
2025-10-10 10:45:00+09:00,106193036.3738099
2025-10-10 10:46:00+09:00,106193036.3738099
2025-10-10 10:47:00+09:00,106193036.3738099
2025-10-10 10:48:00+09:00,106193036.3738099
2025-10-10 10:49:00+09:00,106193036.3738099
2025-10-10 10:50:00+09:00,106193036.3738099
2025-10-10 10:51:00+09:00,106193036.3738099
2025-10-10 10:52:00+09:00,106193036.3738099
2025-10-10 10:53:00+09:00,106193036.3738099
2025-10-10 10:54:00+09:00,106193036.3738099
2025-10-10 10:55:00+09:00,106193036.3738099
2025-10-10 10:56:00+09:00,106193036.3738099
2025-10-10 10:57:00+09:00,106193036.3738099
2025-10-10 10:58:00+09:00,106193036.3738099
2025-10-10 10:59:00+09:00,106193036.3738099
2025-10-10 11:00:00+09:00,106193036.3738099
2025-10-10 11:01:00+09:00,106193036.3738099
2025-10-10 11:02:00+09:00,106193036.3738099
2025-10-10 11:03:00+09:00,106193036.3738099
2025-10-10 11:04:00+09:00,106193036.3738099
2025-10-10 11:05:00+09:00,106193036.3738099
2025-10-10 11:06:00+09:00,106193036.3738099
2025-10-10 11:07:00+09:00,106193036.3738099
2025-10-10 11:08:00+09:00,106193036.3738099
2025-10-10 11:09:00+09:00,106193036.3738099
2025-10-10 11:10:00+09:00,106193036.3738099
2025-10-10 11:11:00+09:00,106193036.3738099
2025-10-10 11:12:00+09:00,106193036.3738099
2025-10-10 11:13:00+09:00,106193036.3738099
2025-10-10 11:14:00+09:00,106193036.3738099
2025-10-10 11:15:00+09:00,106193036.3738099
2025-10-10 11:16:00+09:00,106193036.3738099
2025-10-10 11:17:00+09:00,106193036.3738099
2025-10-10 11:18:00+09:00,106193036.3738099
2025-10-10 11:19:00+09:00,106193036.3738099
2025-10-10 11:20:00+09:00,106193036.3738099
2025-10-10 11:21:00+09:00,106193036.3738099
2025-10-10 11:22:00+09:00,106193036.3738099
2025-10-10 11:23:00+09:00,106193036.3738099
2025-10-10 11:24:00+09:00,106193036.3738099
2025-10-10 11:25:00+09:00,106193036.3738099
2025-10-10 11:26:00+09:00,106193036.3738099
2025-10-10 11:27:00+09:00,106193036.3738099
2025-10-10 11:28:00+09:00,106193036.3738099
2025-10-10 11:29:00+09:00,106193036.3738099
2025-10-10 11:30:00+09:00,106193036.3738099
2025-10-10 11:31:00+09:00,106193036.3738099
2025-10-10 11:32:00+09:00,106193036.3738099
2025-10-10 11:33:00+09:00,106193036.3738099
2025-10-10 11:34:00+09:00,106193036.3738099
2025-10-10 11:35:00+09:00,106193036.3738099
2025-10-10 11:36:00+09:00,106193036.3738099
2025-10-10 11:37:00+09:00,106193036.3738099
2025-10-10 11:38:00+09:00,106193036.3738099
2025-10-10 11:39:00+09:00,106193036.3738099
2025-10-10 11:40:00+09:00,106193036.3738099
2025-10-10 11:41:00+09:00,106193036.3738099
2025-10-10 11:42:00+09:00,106193036.3738099
2025-10-10 11:43:00+09:00,106193036.3738099
2025-10-10 11:44:00+09:00,106193036.3738099
2025-10-10 11:45:00+09:00,106193036.3738099
2025-10-10 11:46:00+09:00,106193036.3738099
2025-10-10 11:47:00+09:00,106193036.3738099
2025-10-10 11:48:00+09:00,106193036.3738099
2025-10-10 11:49:00+09:00,106193036.3738099
2025-10-10 11:50:00+09:00,106193036.3738099
2025-10-10 11:51:00+09:00,106193036.3738099
2025-10-10 11:52:00+09:00,106193036.3738099
2025-10-10 11:53:00+09:00,106193036.3738099
2025-10-10 11:54:00+09:00,106193036.3738099
2025-10-10 11:55:00+09:00,106193036.3738099
2025-10-10 11:56:00+09:00,106193036.3738099
2025-10-10 11:57:00+09:00,106193036.3738099
2025-10-10 11:58:00+09:00,106193036.3738099
2025-10-10 11:59:00+09:00,106193036.3738099
2025-10-10 12:00:00+09:00,106193036.3738099
2025-10-10 12:01:00+09:00,106193036.3738099
2025-10-10 12:02:00+09:00,106193036.3738099
2025-10-10 12:03:00+09:00,106193036.3738099
2025-10-10 12:04:00+09:00,106193036.3738099
2025-10-10 12:05:00+09:00,106193036.3738099
2025-10-10 12:06:00+09:00,106193036.3738099
2025-10-10 12:07:00+09:00,106193036.3738099
2025-10-10 12:08:00+09:00,106193036.3738099
2025-10-10 12:09:00+09:00,106193036.3738099
2025-10-10 12:10:00+09:00,106193036.3738099
2025-10-10 12:11:00+09:00,106193036.3738099
2025-10-10 12:12:00+09:00,106193036.3738099
2025-10-10 12:13:00+09:00,106193036.3738099
2025-10-10 12:14:00+09:00,106193036.3738099
2025-10-10 12:15:00+09:00,106193036.3738099
2025-10-10 12:16:00+09:00,106193036.3738099
2025-10-10 12:17:00+09:00,106193036.3738099
2025-10-10 12:18:00+09:00,106193036.3738099
2025-10-10 12:19:00+09:00,106193036.3738099
2025-10-10 12:20:00+09:00,106193036.3738099
2025-10-10 12:21:00+09:00,106193036.3738099
2025-10-10 12:22:00+09:00,106193036.3738099
2025-10-10 12:23:00+09:00,106193036.3738099
2025-10-10 12:24:00+09:00,106193036.3738099
2025-10-10 12:25:00+09:00,106193036.3738099
2025-10-10 12:26:00+09:00,106193036.3738099
2025-10-10 12:27:00+09:00,106193036.3738099
2025-10-10 12:28:00+09:00,106193036.3738099
2025-10-10 12:29:00+09:00,106193036.3738099
2025-10-10 12:30:00+09:00,106193036.3738099
2025-10-10 12:31:00+09:00,106193036.3738099
2025-10-10 12:32:00+09:00,106193036.3738099
2025-10-10 12:33:00+09:00,106193036.3738099
2025-10-10 12:34:00+09:00,106193036.3738099
2025-10-10 12:35:00+09:00,106193036.3738099
2025-10-10 12:36:00+09:00,106193036.3738099
2025-10-10 12:37:00+09:00,106193036.3738099
2025-10-10 12:38:00+09:00,106193036.3738099
2025-10-10 12:39:00+09:00,106193036.3738099
2025-10-10 12:40:00+09:00,106193036.3738099
2025-10-10 12:41:00+09:00,106193036.3738099
2025-10-10 12:42:00+09:00,106193036.3738099
2025-10-10 12:43:00+09:00,106193036.3738099
2025-10-10 12:44:00+09:00,106193036.3738099
2025-10-10 12:45:00+09:00,106193036.3738099
2025-10-10 12:46:00+09:00,106193036.3738099
2025-10-10 12:47:00+09:00,106193036.3738099
2025-10-10 12:48:00+09:00,106193036.3738099
2025-10-10 12:49:00+09:00,106193036.3738099
2025-10-10 12:50:00+09:00,106193036.3738099
2025-10-10 12:51:00+09:00,106193036.3738099
2025-10-10 12:52:00+09:00,106193036.3738099
2025-10-10 12:53:00+09:00,106193036.3738099
2025-10-10 12:54:00+09:00,106193036.3738099
2025-10-10 12:55:00+09:00,106193036.3738099
2025-10-10 12:56:00+09:00,106193036.3738099
2025-10-10 12:57:00+09:00,106193036.3738099
2025-10-10 12:58:00+09:00,106193036.3738099
2025-10-10 12:59:00+09:00,106193036.3738099
2025-10-10 13:00:00+09:00,106193036.3738099
2025-10-10 13:01:00+09:00,106150559.15926038
2025-10-10 13:02:00+09:00,106246362.91301422
2025-10-10 13:03:00+09:00,106150559.15926038
2025-10-10 13:04:00+09:00,106246362.91301422
2025-10-10 13:05:00+09:00,106342166.66676807
2025-10-10 13:06:00+09:00,106246362.91301423
2025-10-10 13:07:00+09:00,105958951.6517527
2025-10-10 13:08:00+09:00,105863147.89799885
2025-10-10 13:09:00+09:00,105863147.89799885
2025-10-10 13:10:00+09:00,105575736.63673732
2025-10-10 13:11:00+09:00,105288325.37547578
2025-10-10 13:12:00+09:00,105575736.63673732
2025-10-10 13:13:00+09:00,105479932.88298348
2025-10-10 13:14:00+09:00,105671540.39049117
2025-10-10 13:15:00+09:00,105767344.14424501
2025-10-10 13:16:00+09:00,105671540.39049117
2025-10-10 13:17:00+09:00,105479932.88298348
2025-10-10 13:18:00+09:00,105479932.88298348
2025-10-10 13:19:00+09:00,105192521.62172194
2025-10-10 13:20:00+09:00,105192521.62172194
2025-10-10 13:21:00+09:00,104812956.72972459
2025-10-10 13:22:00+09:00,104812956.72972459
2025-10-10 13:23:00+09:00,104812956.72972459
2025-10-10 13:24:00+09:00,104812956.72972459
2025-10-10 13:25:00+09:00,104812956.72972459
2025-10-10 13:26:00+09:00,104812956.72972459
2025-10-10 13:27:00+09:00,104812956.72972459
2025-10-10 13:28:00+09:00,104812956.72972459
2025-10-10 13:29:00+09:00,104812956.72972459
2025-10-10 13:30:00+09:00,104812956.72972459
2025-10-10 13:31:00+09:00,104812956.72972459
2025-10-10 13:32:00+09:00,104812956.72972459
2025-10-10 13:33:00+09:00,104812956.72972459
2025-10-10 13:34:00+09:00,104812956.72972459
2025-10-10 13:35:00+09:00,104812956.72972459
2025-10-10 13:36:00+09:00,104812956.72972459
2025-10-10 13:37:00+09:00,104812956.72972459
2025-10-10 13:38:00+09:00,104812956.72972459
2025-10-10 13:39:00+09:00,104812956.72972459
2025-10-10 13:40:00+09:00,104812956.72972459
2025-10-10 13:41:00+09:00,104812956.72972459
2025-10-10 13:42:00+09:00,104812956.72972459
2025-10-10 13:43:00+09:00,104812956.72972459
2025-10-10 13:44:00+09:00,104812956.72972459
2025-10-10 13:45:00+09:00,104812956.72972459
2025-10-10 13:46:00+09:00,104812956.72972459
2025-10-10 13:47:00+09:00,104812956.72972459
2025-10-10 13:48:00+09:00,104771031.5470327
2025-10-10 13:49:00+09:00,104676472.85430072
2025-10-10 13:50:00+09:00,104676472.85430072
2025-10-10 13:51:00+09:00,104676472.85430072
2025-10-10 13:52:00+09:00,104676472.85430072
2025-10-10 13:53:00+09:00,104771031.5470327
2025-10-10 13:54:00+09:00,104676472.85430072
2025-10-10 13:55:00+09:00,104581914.16156875
2025-10-10 13:56:00+09:00,104581914.16156875
2025-10-10 13:57:00+09:00,104676472.85430072
2025-10-10 13:58:00+09:00,104487355.46883677
2025-10-10 13:59:00+09:00,104203679.39064084
2025-10-10 14:00:00+09:00,103825444.61971292
2025-10-10 14:01:00+09:00,104016632.84054771
2025-10-10 14:02:00+09:00,104016632.84054771
2025-10-10 14:03:00+09:00,104016632.84054771
2025-10-10 14:04:00+09:00,104016632.84054771
2025-10-10 14:05:00+09:00,104016632.84054771
2025-10-10 14:06:00+09:00,104016632.84054771
2025-10-10 14:07:00+09:00,104016632.84054771
2025-10-10 14:08:00+09:00,104016632.84054771
2025-10-10 14:09:00+09:00,104016632.84054771
2025-10-10 14:10:00+09:00,104016632.84054771
2025-10-10 14:11:00+09:00,104016632.84054771
2025-10-10 14:12:00+09:00,104016632.84054771
2025-10-10 14:13:00+09:00,104016632.84054771
2025-10-10 14:14:00+09:00,104016632.84054771
2025-10-10 14:15:00+09:00,104016632.84054771
2025-10-10 14:16:00+09:00,104016632.84054771
2025-10-10 14:17:00+09:00,104016632.84054771
2025-10-10 14:18:00+09:00,104016632.84054771
2025-10-10 14:19:00+09:00,104016632.84054771
2025-10-10 14:20:00+09:00,104016632.84054771
2025-10-10 14:21:00+09:00,104016632.84054771
2025-10-10 14:22:00+09:00,104016632.84054771
2025-10-10 14:23:00+09:00,104016632.84054771
2025-10-10 14:24:00+09:00,104016632.84054771
2025-10-10 14:25:00+09:00,104016632.84054771
2025-10-10 14:26:00+09:00,104016632.84054771
2025-10-10 14:27:00+09:00,104016632.84054771
2025-10-10 14:28:00+09:00,104016632.84054771
2025-10-10 14:29:00+09:00,104016632.84054771
2025-10-10 14:30:00+09:00,104016632.84054771
2025-10-10 14:31:00+09:00,104016632.84054771
2025-10-10 14:32:00+09:00,104016632.84054771
2025-10-10 14:33:00+09:00,104016632.84054771
2025-10-10 14:34:00+09:00,104016632.84054771
2025-10-10 14:35:00+09:00,104016632.84054771
2025-10-10 14:36:00+09:00,104016632.84054771
2025-10-10 14:37:00+09:00,104016632.84054771
2025-10-10 14:38:00+09:00,104016632.84054771
2025-10-10 14:39:00+09:00,104016632.84054771
2025-10-10 14:40:00+09:00,104016632.84054771
2025-10-10 14:41:00+09:00,104016632.84054771
2025-10-10 14:42:00+09:00,104016632.84054771
2025-10-10 14:43:00+09:00,104016632.84054771
2025-10-10 14:44:00+09:00,104016632.84054771
2025-10-10 14:45:00+09:00,104016632.84054771
2025-10-10 14:46:00+09:00,104016632.84054771
2025-10-10 14:47:00+09:00,104016632.84054771
2025-10-10 14:48:00+09:00,104016632.84054771
2025-10-10 14:49:00+09:00,104016632.84054771
2025-10-10 14:50:00+09:00,104016632.84054771
2025-10-10 14:51:00+09:00,104016632.84054771
2025-10-10 14:52:00+09:00,104016632.84054771
2025-10-10 14:53:00+09:00,104016632.84054771
2025-10-10 14:54:00+09:00,104016632.84054771
2025-10-10 14:55:00+09:00,104016632.84054771
2025-10-10 14:56:00+09:00,104016632.84054771
2025-10-10 14:57:00+09:00,104016632.84054771
2025-10-10 14:58:00+09:00,104016632.84054771
2025-10-10 14:59:00+09:00,104016632.84054771
2025-10-10 15:00:00+09:00,104016632.84054771
2025-10-10 15:01:00+09:00,104016632.84054771
2025-10-10 15:02:00+09:00,104016632.84054771
2025-10-10 15:03:00+09:00,104016632.84054771
2025-10-10 15:04:00+09:00,104016632.84054771
2025-10-10 15:05:00+09:00,104016632.84054771
2025-10-10 15:06:00+09:00,104016632.84054771
2025-10-10 15:07:00+09:00,104016632.84054771
2025-10-10 15:08:00+09:00,104016632.84054771
2025-10-10 15:09:00+09:00,104016632.84054771
2025-10-10 15:10:00+09:00,104016632.84054771
2025-10-10 15:11:00+09:00,104016632.84054771
2025-10-10 15:12:00+09:00,104016632.84054771
2025-10-10 15:13:00+09:00,104016632.84054771
2025-10-10 15:14:00+09:00,104016632.84054771
2025-10-10 15:15:00+09:00,104016632.84054771
2025-10-10 15:16:00+09:00,104016632.84054771
2025-10-10 15:17:00+09:00,104016632.84054771
2025-10-10 15:18:00+09:00,104016632.84054771
2025-10-10 15:19:00+09:00,104016632.84054771
2025-10-10 15:30:00+09:00,104016632.84054771
2025-10-10 15:35:00+09:00,104016632.84054771
2025-10-13 09:00:00+09:00,104016632.84054771
2025-10-13 09:01:00+09:00,104016632.84054771
2025-10-13 09:02:00+09:00,104016632.84054771
2025-10-13 09:03:00+09:00,104016632.84054771
2025-10-13 09:04:00+09:00,104016632.84054771
2025-10-13 09:05:00+09:00,104016632.84054771
2025-10-13 09:06:00+09:00,104016632.84054771
2025-10-13 09:07:00+09:00,104016632.84054771
2025-10-13 09:08:00+09:00,104016632.84054771
2025-10-13 09:09:00+09:00,104016632.84054771
2025-10-13 09:10:00+09:00,104016632.84054771
2025-10-13 09:11:00+09:00,104016632.84054771
2025-10-13 09:12:00+09:00,104016632.84054771
2025-10-13 09:13:00+09:00,104016632.84054771
2025-10-13 09:14:00+09:00,104016632.84054771
2025-10-13 09:15:00+09:00,104016632.84054771
2025-10-13 09:16:00+09:00,104016632.84054771
2025-10-13 09:17:00+09:00,104016632.84054771
2025-10-13 09:18:00+09:00,104016632.84054771
2025-10-13 09:19:00+09:00,104016632.84054771
2025-10-13 09:20:00+09:00,104016632.84054771
2025-10-13 09:21:00+09:00,104016632.84054771
2025-10-13 09:22:00+09:00,104016632.84054771
2025-10-13 09:23:00+09:00,104016632.84054771
2025-10-13 09:24:00+09:00,104016632.84054771
2025-10-13 09:25:00+09:00,104016632.84054771
2025-10-13 09:26:00+09:00,104016632.84054771
2025-10-13 09:27:00+09:00,104016632.84054771
2025-10-13 09:28:00+09:00,104016632.84054771
2025-10-13 09:29:00+09:00,104016632.84054771
2025-10-13 09:30:00+09:00,104016632.84054771
2025-10-13 09:31:00+09:00,104016632.84054771
2025-10-13 09:32:00+09:00,104016632.84054771
2025-10-13 09:33:00+09:00,104016632.84054771
2025-10-13 09:34:00+09:00,104016632.84054771
2025-10-13 09:35:00+09:00,104016632.84054771
2025-10-13 09:36:00+09:00,104016632.84054771
2025-10-13 09:37:00+09:00,104016632.84054771
2025-10-13 09:38:00+09:00,104016632.84054771
2025-10-13 09:39:00+09:00,104016632.84054771
2025-10-13 09:40:00+09:00,104016632.84054771
2025-10-13 09:41:00+09:00,104016632.84054771
2025-10-13 09:42:00+09:00,104016632.84054771
2025-10-13 09:43:00+09:00,104016632.84054771
2025-10-13 09:44:00+09:00,104016632.84054771
2025-10-13 09:45:00+09:00,104016632.84054771
2025-10-13 09:46:00+09:00,104016632.84054771
2025-10-13 09:47:00+09:00,104016632.84054771
2025-10-13 09:48:00+09:00,104016632.84054771
2025-10-13 09:49:00+09:00,104016632.84054771
2025-10-13 09:50:00+09:00,103975026.1874115
2025-10-13 09:51:00+09:00,103875907.95463037
2025-10-13 09:52:00+09:00,103479435.02350584
2025-10-13 09:53:00+09:00,103380316.7907247
2025-10-13 09:54:00+09:00,103200040.54894237
2025-10-13 09:55:00+09:00,103200040.54894237
2025-10-13 09:56:00+09:00,103200040.54894237
2025-10-13 09:57:00+09:00,103200040.54894237
2025-10-13 09:58:00+09:00,103200040.54894237
2025-10-13 09:59:00+09:00,103200040.54894237
2025-10-13 10:00:00+09:00,103200040.54894237
2025-10-13 10:01:00+09:00,103200040.54894237
2025-10-13 10:02:00+09:00,103200040.54894237
2025-10-13 10:03:00+09:00,103200040.54894237
2025-10-13 10:04:00+09:00,103200040.54894237
2025-10-13 10:05:00+09:00,103200040.54894237
2025-10-13 10:06:00+09:00,103200040.54894237
2025-10-13 10:07:00+09:00,103200040.54894237
2025-10-13 10:08:00+09:00,103200040.54894237
2025-10-13 10:09:00+09:00,103200040.54894237
2025-10-13 10:10:00+09:00,103200040.54894237
2025-10-13 10:11:00+09:00,103200040.54894237
2025-10-13 10:12:00+09:00,103200040.54894237
2025-10-13 10:13:00+09:00,103200040.54894237
2025-10-13 10:14:00+09:00,103200040.54894237
2025-10-13 10:15:00+09:00,103200040.54894237
2025-10-13 10:16:00+09:00,103200040.54894237
2025-10-13 10:17:00+09:00,103200040.54894237
2025-10-13 10:18:00+09:00,103200040.54894237
2025-10-13 10:19:00+09:00,103200040.54894237
2025-10-13 10:20:00+09:00,103200040.54894237
2025-10-13 10:21:00+09:00,103200040.54894237
2025-10-13 10:22:00+09:00,103200040.54894237
2025-10-13 10:23:00+09:00,103200040.54894237
2025-10-13 10:24:00+09:00,103200040.54894237
2025-10-13 10:25:00+09:00,103200040.54894237
2025-10-13 10:26:00+09:00,103200040.54894237
2025-10-13 10:27:00+09:00,103200040.54894237
2025-10-13 10:28:00+09:00,103200040.54894237
2025-10-13 10:29:00+09:00,103200040.54894237
2025-10-13 10:30:00+09:00,103200040.54894237
2025-10-13 10:31:00+09:00,103200040.54894237
2025-10-13 10:32:00+09:00,103200040.54894237
2025-10-13 10:33:00+09:00,103200040.54894237
2025-10-13 10:34:00+09:00,103200040.54894237
2025-10-13 10:35:00+09:00,103200040.54894237
2025-10-13 10:36:00+09:00,103200040.54894237
2025-10-13 10:37:00+09:00,103200040.54894237
2025-10-13 10:38:00+09:00,103200040.54894237
2025-10-13 10:39:00+09:00,103200040.54894237
2025-10-13 10:40:00+09:00,103200040.54894237
2025-10-13 10:41:00+09:00,103200040.54894237
2025-10-13 10:42:00+09:00,103200040.54894237
2025-10-13 10:43:00+09:00,103200040.54894237
2025-10-13 10:44:00+09:00,103200040.54894237
2025-10-13 10:45:00+09:00,103200040.54894237
2025-10-13 10:46:00+09:00,103200040.54894237
2025-10-13 10:47:00+09:00,103200040.54894237
2025-10-13 10:48:00+09:00,103200040.54894237
2025-10-13 10:49:00+09:00,103200040.54894237
2025-10-13 10:50:00+09:00,103200040.54894237
2025-10-13 10:51:00+09:00,103200040.54894237
2025-10-13 10:52:00+09:00,103200040.54894237
2025-10-13 10:53:00+09:00,103200040.54894237
2025-10-13 10:54:00+09:00,103200040.54894237
2025-10-13 10:55:00+09:00,103200040.54894237
2025-10-13 10:56:00+09:00,103200040.54894237
2025-10-13 10:57:00+09:00,103200040.54894237
2025-10-13 10:58:00+09:00,103200040.54894237
2025-10-13 10:59:00+09:00,103200040.54894237
2025-10-13 11:00:00+09:00,103200040.54894237
2025-10-13 11:01:00+09:00,103200040.54894237
2025-10-13 11:02:00+09:00,103200040.54894237
2025-10-13 11:03:00+09:00,103200040.54894237
2025-10-13 11:04:00+09:00,103200040.54894237
2025-10-13 11:05:00+09:00,103200040.54894237
2025-10-13 11:06:00+09:00,103200040.54894237
2025-10-13 11:07:00+09:00,103200040.54894237
2025-10-13 11:08:00+09:00,103200040.54894237
2025-10-13 11:09:00+09:00,103200040.54894237
2025-10-13 11:10:00+09:00,103200040.54894237
2025-10-13 11:11:00+09:00,103200040.54894237
2025-10-13 11:12:00+09:00,103200040.54894237
2025-10-13 11:13:00+09:00,103200040.54894237
2025-10-13 11:14:00+09:00,103200040.54894237
2025-10-13 11:15:00+09:00,103200040.54894237
2025-10-13 11:16:00+09:00,103200040.54894237
2025-10-13 11:17:00+09:00,103200040.54894237
2025-10-13 11:18:00+09:00,103200040.54894237
2025-10-13 11:19:00+09:00,103200040.54894237
2025-10-13 11:20:00+09:00,103200040.54894237
2025-10-13 11:21:00+09:00,103200040.54894237
2025-10-13 11:22:00+09:00,103200040.54894237
2025-10-13 11:23:00+09:00,103200040.54894237
2025-10-13 11:24:00+09:00,103200040.54894237
2025-10-13 11:25:00+09:00,103200040.54894237
2025-10-13 11:26:00+09:00,103200040.54894237
2025-10-13 11:27:00+09:00,103200040.54894237
2025-10-13 11:28:00+09:00,103200040.54894237
2025-10-13 11:29:00+09:00,103200040.54894237
2025-10-13 11:30:00+09:00,103200040.54894237
2025-10-13 11:31:00+09:00,103200040.54894237
2025-10-13 11:32:00+09:00,103200040.54894237
2025-10-13 11:33:00+09:00,103200040.54894237
2025-10-13 11:34:00+09:00,103200040.54894237
2025-10-13 11:35:00+09:00,103200040.54894237
2025-10-13 11:36:00+09:00,103200040.54894237
2025-10-13 11:37:00+09:00,103200040.54894237
2025-10-13 11:38:00+09:00,103200040.54894237
2025-10-13 11:39:00+09:00,103200040.54894237
2025-10-13 11:40:00+09:00,103200040.54894237
2025-10-13 11:41:00+09:00,103200040.54894237
2025-10-13 11:42:00+09:00,103200040.54894237
2025-10-13 11:43:00+09:00,103200040.54894237
2025-10-13 11:44:00+09:00,103200040.54894237
2025-10-13 11:45:00+09:00,103200040.54894237
2025-10-13 11:46:00+09:00,103200040.54894237
2025-10-13 11:47:00+09:00,103200040.54894237
2025-10-13 11:48:00+09:00,103200040.54894237
2025-10-13 11:49:00+09:00,103200040.54894237
2025-10-13 11:50:00+09:00,103200040.54894237
2025-10-13 11:51:00+09:00,103200040.54894237
2025-10-13 11:52:00+09:00,103200040.54894237
2025-10-13 11:53:00+09:00,103200040.54894237
2025-10-13 11:54:00+09:00,103200040.54894237
2025-10-13 11:55:00+09:00,103200040.54894237
2025-10-13 11:56:00+09:00,103200040.54894237
2025-10-13 11:57:00+09:00,103200040.54894237
2025-10-13 11:58:00+09:00,103200040.54894237
2025-10-13 11:59:00+09:00,103200040.54894237
2025-10-13 12:00:00+09:00,103200040.54894237
2025-10-13 12:01:00+09:00,103200040.54894237
2025-10-13 12:02:00+09:00,103200040.54894237
2025-10-13 12:03:00+09:00,103200040.54894237
2025-10-13 12:04:00+09:00,103200040.54894237
2025-10-13 12:05:00+09:00,103200040.54894237
2025-10-13 12:06:00+09:00,103200040.54894237
2025-10-13 12:07:00+09:00,103200040.54894237
2025-10-13 12:08:00+09:00,103200040.54894237
2025-10-13 12:09:00+09:00,103200040.54894237
2025-10-13 12:10:00+09:00,103200040.54894237
2025-10-13 12:11:00+09:00,103200040.54894237
2025-10-13 12:12:00+09:00,103200040.54894237
2025-10-13 12:13:00+09:00,103200040.54894237
2025-10-13 12:14:00+09:00,103200040.54894237
2025-10-13 12:15:00+09:00,103200040.54894237
2025-10-13 12:16:00+09:00,103200040.54894237
2025-10-13 12:17:00+09:00,103200040.54894237
2025-10-13 12:18:00+09:00,103200040.54894237
2025-10-13 12:19:00+09:00,103200040.54894237
2025-10-13 12:20:00+09:00,103200040.54894237
2025-10-13 12:21:00+09:00,103200040.54894237
2025-10-13 12:22:00+09:00,103200040.54894237
2025-10-13 12:23:00+09:00,103200040.54894237
2025-10-13 12:24:00+09:00,103200040.54894237
2025-10-13 12:25:00+09:00,103200040.54894237
2025-10-13 12:26:00+09:00,103200040.54894237
2025-10-13 12:27:00+09:00,103200040.54894237
2025-10-13 12:28:00+09:00,103200040.54894237
2025-10-13 12:29:00+09:00,103200040.54894237
2025-10-13 12:30:00+09:00,103200040.54894237
2025-10-13 12:31:00+09:00,103200040.54894237
2025-10-13 12:32:00+09:00,103200040.54894237
2025-10-13 12:33:00+09:00,103200040.54894237
2025-10-13 12:34:00+09:00,103200040.54894237
2025-10-13 12:35:00+09:00,103200040.54894237
2025-10-13 12:36:00+09:00,103200040.54894237
2025-10-13 12:37:00+09:00,103200040.54894237
2025-10-13 12:38:00+09:00,103200040.54894237
2025-10-13 12:39:00+09:00,103200040.54894237
2025-10-13 12:40:00+09:00,103200040.54894237
2025-10-13 12:41:00+09:00,103200040.54894237
2025-10-13 12:42:00+09:00,103200040.54894237
2025-10-13 12:43:00+09:00,103200040.54894237
2025-10-13 12:44:00+09:00,103200040.54894237
2025-10-13 12:45:00+09:00,103200040.54894237
2025-10-13 12:46:00+09:00,103200040.54894237
2025-10-13 12:47:00+09:00,103200040.54894237
2025-10-13 12:48:00+09:00,103200040.54894237
2025-10-13 12:49:00+09:00,103200040.54894237
2025-10-13 12:50:00+09:00,103200040.54894237
2025-10-13 12:51:00+09:00,103200040.54894237
2025-10-13 12:52:00+09:00,103200040.54894237
2025-10-13 12:53:00+09:00,103200040.54894237
2025-10-13 12:54:00+09:00,103200040.54894237
2025-10-13 12:55:00+09:00,103200040.54894237
2025-10-13 12:56:00+09:00,103200040.54894237
2025-10-13 12:57:00+09:00,103200040.54894237
2025-10-13 12:58:00+09:00,103200040.54894237
2025-10-13 12:59:00+09:00,103200040.54894237
2025-10-13 13:00:00+09:00,103200040.54894237
2025-10-13 13:01:00+09:00,103200040.54894237
2025-10-13 13:02:00+09:00,103200040.54894237
2025-10-13 13:03:00+09:00,103200040.54894237
2025-10-13 13:04:00+09:00,103200040.54894237
2025-10-13 13:05:00+09:00,103200040.54894237
2025-10-13 13:06:00+09:00,103200040.54894237
2025-10-13 13:07:00+09:00,103200040.54894237
2025-10-13 13:08:00+09:00,103200040.54894237
2025-10-13 13:09:00+09:00,103200040.54894237
2025-10-13 13:10:00+09:00,103200040.54894237
2025-10-13 13:11:00+09:00,103200040.54894237
2025-10-13 13:12:00+09:00,103200040.54894237
2025-10-13 13:13:00+09:00,103200040.54894237
2025-10-13 13:14:00+09:00,103200040.54894237
2025-10-13 13:15:00+09:00,103200040.54894237
2025-10-13 13:16:00+09:00,103200040.54894237
2025-10-13 13:17:00+09:00,103200040.54894237
2025-10-13 13:18:00+09:00,103200040.54894237
2025-10-13 13:19:00+09:00,103200040.54894237
2025-10-13 13:20:00+09:00,103200040.54894237
2025-10-13 13:21:00+09:00,103200040.54894237
2025-10-13 13:22:00+09:00,103200040.54894237
2025-10-13 13:23:00+09:00,103200040.54894237
2025-10-13 13:24:00+09:00,103200040.54894237
2025-10-13 13:25:00+09:00,103200040.54894237
2025-10-13 13:26:00+09:00,103200040.54894237
2025-10-13 13:27:00+09:00,103200040.54894237
2025-10-13 13:28:00+09:00,103200040.54894237
2025-10-13 13:29:00+09:00,103200040.54894237
2025-10-13 13:30:00+09:00,103200040.54894237
2025-10-13 13:31:00+09:00,103200040.54894237
2025-10-13 13:32:00+09:00,103200040.54894237
2025-10-13 13:33:00+09:00,103200040.54894237
2025-10-13 13:34:00+09:00,103200040.54894237
2025-10-13 13:35:00+09:00,103200040.54894237
2025-10-13 13:36:00+09:00,103200040.54894237
2025-10-13 13:37:00+09:00,103200040.54894237
2025-10-13 13:38:00+09:00,103200040.54894237
2025-10-13 13:39:00+09:00,103200040.54894237
2025-10-13 13:40:00+09:00,103200040.54894237
2025-10-13 13:41:00+09:00,103200040.54894237
2025-10-13 13:42:00+09:00,103200040.54894237
2025-10-13 13:43:00+09:00,103200040.54894237
2025-10-13 13:44:00+09:00,103200040.54894237
2025-10-13 13:45:00+09:00,103200040.54894237
2025-10-13 13:46:00+09:00,103200040.54894237
2025-10-13 13:47:00+09:00,103200040.54894237
2025-10-13 13:48:00+09:00,103200040.54894237
2025-10-13 13:49:00+09:00,103200040.54894237
2025-10-13 13:50:00+09:00,103158760.5327228
2025-10-13 13:51:00+09:00,103054874.5704542
2025-10-13 13:52:00+09:00,103054874.5704542
2025-10-13 13:53:00+09:00,103158760.5327228
2025-10-13 13:54:00+09:00,102950988.6081856
2025-10-13 13:55:00+09:00,102847102.64591701
2025-10-13 13:56:00+09:00,102950988.6081856
2025-10-13 13:57:00+09:00,102847102.64591701
2025-10-13 13:58:00+09:00,102431558.7968426
2025-10-13 13:59:00+09:00,102119900.9100368
2025-10-13 14:00:00+09:00,102223786.8723054
2025-10-13 14:01:00+09:00,102310401.79334685
2025-10-13 14:02:00+09:00,102310401.79334685
2025-10-13 14:03:00+09:00,102310401.79334685
2025-10-13 14:04:00+09:00,102310401.79334685
2025-10-13 14:05:00+09:00,102310401.79334685
2025-10-13 14:06:00+09:00,102310401.79334685
2025-10-13 14:07:00+09:00,102310401.79334685
2025-10-13 14:08:00+09:00,102310401.79334685
2025-10-13 14:09:00+09:00,102310401.79334685
2025-10-13 14:10:00+09:00,102310401.79334685
2025-10-13 14:11:00+09:00,102310401.79334685
2025-10-13 14:12:00+09:00,102310401.79334685
2025-10-13 14:13:00+09:00,102310401.79334685
2025-10-13 14:14:00+09:00,102310401.79334685
2025-10-13 14:15:00+09:00,102310401.79334685
2025-10-13 14:16:00+09:00,102310401.79334685
2025-10-13 14:17:00+09:00,102310401.79334685
2025-10-13 14:18:00+09:00,102310401.79334685
2025-10-13 14:19:00+09:00,102310401.79334685
2025-10-13 14:20:00+09:00,102310401.79334685
2025-10-13 14:21:00+09:00,102310401.79334685
2025-10-13 14:22:00+09:00,102310401.79334685
2025-10-13 14:23:00+09:00,102310401.79334685
2025-10-13 14:24:00+09:00,102310401.79334685
2025-10-13 14:25:00+09:00,102310401.79334685
2025-10-13 14:26:00+09:00,102310401.79334685
2025-10-13 14:27:00+09:00,102310401.79334685
2025-10-13 14:28:00+09:00,102310401.79334685
2025-10-13 14:29:00+09:00,102310401.79334685
2025-10-13 14:30:00+09:00,102310401.79334685
2025-10-13 14:31:00+09:00,102310401.79334685
2025-10-13 14:32:00+09:00,102310401.79334685
2025-10-13 14:33:00+09:00,102310401.79334685
2025-10-13 14:34:00+09:00,102310401.79334685
2025-10-13 14:35:00+09:00,102310401.79334685
2025-10-13 14:36:00+09:00,102310401.79334685
2025-10-13 14:37:00+09:00,102310401.79334685
2025-10-13 14:38:00+09:00,102310401.79334685
2025-10-13 14:39:00+09:00,102310401.79334685
2025-10-13 14:40:00+09:00,102310401.79334685
2025-10-13 14:41:00+09:00,102310401.79334685
2025-10-13 14:42:00+09:00,102310401.79334685
2025-10-13 14:43:00+09:00,102310401.79334685
2025-10-13 14:44:00+09:00,102310401.79334685
2025-10-13 14:45:00+09:00,102310401.79334685
2025-10-13 14:46:00+09:00,102310401.79334685
2025-10-13 14:47:00+09:00,102310401.79334685
2025-10-13 14:48:00+09:00,102310401.79334685
2025-10-13 14:49:00+09:00,102310401.79334685
2025-10-13 14:50:00+09:00,102310401.79334685
2025-10-13 14:51:00+09:00,102310401.79334685
2025-10-13 14:52:00+09:00,102310401.79334685
2025-10-13 14:53:00+09:00,102310401.79334685
2025-10-13 14:54:00+09:00,102310401.79334685
2025-10-13 14:55:00+09:00,102310401.79334685
2025-10-13 14:56:00+09:00,102310401.79334685
2025-10-13 14:57:00+09:00,102310401.79334685
2025-10-13 14:58:00+09:00,102310401.79334685
2025-10-13 14:59:00+09:00,102310401.79334685
2025-10-13 15:00:00+09:00,102310401.79334685
2025-10-13 15:01:00+09:00,102310401.79334685
2025-10-13 15:02:00+09:00,102310401.79334685
2025-10-13 15:03:00+09:00,102310401.79334685
2025-10-13 15:04:00+09:00,102310401.79334685
2025-10-13 15:05:00+09:00,102310401.79334685
2025-10-13 15:06:00+09:00,102310401.79334685
2025-10-13 15:07:00+09:00,102310401.79334685
2025-10-13 15:08:00+09:00,102310401.79334685
2025-10-13 15:09:00+09:00,102310401.79334685
2025-10-13 15:10:00+09:00,102310401.79334685
2025-10-13 15:11:00+09:00,102310401.79334685
2025-10-13 15:12:00+09:00,102310401.79334685
2025-10-13 15:13:00+09:00,102310401.79334685
2025-10-13 15:14:00+09:00,102310401.79334685
2025-10-13 15:15:00+09:00,102310401.79334685
2025-10-13 15:16:00+09:00,102310401.79334685
2025-10-13 15:17:00+09:00,102310401.79334685
2025-10-13 15:18:00+09:00,102310401.79334685
2025-10-13 15:19:00+09:00,102310401.79334685
2025-10-13 15:30:00+09:00,102310401.79334685
2025-10-13 15:35:00+09:00,102310401.79334685
2025-10-14 09:00:00+09:00,102310401.79334685
2025-10-14 09:01:00+09:00,102310401.79334685
2025-10-14 09:02:00+09:00,102310401.79334685
2025-10-14 09:03:00+09:00,102269477.63262951
2025-10-14 09:04:00+09:00,103785329.57382461
2025-10-14 09:05:00+09:00,103785329.57382461
2025-10-14 09:06:00+09:00,103280045.59342624
2025-10-14 09:07:00+09:00,103684272.77774495
2025-10-14 09:08:00+09:00,104290613.55422299
2025-10-14 09:09:00+09:00,102875818.40910755
2025-10-14 09:10:00+09:00,103178988.79734658
2025-10-14 09:11:00+09:00,102168420.83654985
2025-10-14 09:12:00+09:00,102673704.81694822
2025-10-14 09:13:00+09:00,103482159.1855856
2025-10-14 09:14:00+09:00,102976875.20518723
2025-10-14 09:15:00+09:00,102572648.02086854
2025-10-14 09:16:00+09:00,102269477.63262953
2025-10-14 09:17:00+09:00,102168420.83654986
2025-10-14 09:18:00+09:00,102370534.42870921
2025-10-14 09:19:00+09:00,102471591.22478889
2025-10-14 09:20:00+09:00,101764193.65223117
2025-10-14 09:21:00+09:00,101359966.46791248
2025-10-14 09:22:00+09:00,101056796.07967347
2025-10-14 09:23:00+09:00,101359966.46791248
2025-10-14 09:24:00+09:00,101056796.07967347
2025-10-14 09:25:00+09:00,101157852.87575313
2025-10-14 09:26:00+09:00,101056796.07967347
2025-10-14 09:27:00+09:00,101157852.87575313
2025-10-14 09:28:00+09:00,101359966.46791248
2025-10-14 09:29:00+09:00,101663136.8561515
2025-10-14 09:30:00+09:00,101865250.44831084
2025-10-14 09:31:00+09:00,101865250.44831084
2025-10-14 09:32:00+09:00,101359966.46791247
2025-10-14 09:33:00+09:00,101461023.26399215
2025-10-14 09:34:00+09:00,101562080.06007183
2025-10-14 09:35:00+09:00,100955739.28359379
2025-10-14 09:36:00+09:00,101157852.87575313
2025-10-14 09:37:00+09:00,101056796.07967347
2025-10-14 09:38:00+09:00,100854682.48751412
2025-10-14 09:39:00+09:00,100955739.2835938
2025-10-14 09:40:00+09:00,100985510.61571887
2025-10-14 09:41:00+09:00,100985510.61571887
2025-10-14 09:42:00+09:00,100985510.61571887
2025-10-14 09:43:00+09:00,100985510.61571887
2025-10-14 09:44:00+09:00,100985510.61571887
2025-10-14 09:45:00+09:00,100985510.61571887
2025-10-14 09:46:00+09:00,100985510.61571887
2025-10-14 09:47:00+09:00,100985510.61571887
2025-10-14 09:48:00+09:00,100985510.61571887
2025-10-14 09:49:00+09:00,100985510.61571887
2025-10-14 09:50:00+09:00,100985510.61571887
2025-10-14 09:51:00+09:00,100985510.61571887
2025-10-14 09:52:00+09:00,100985510.61571887
2025-10-14 09:53:00+09:00,100985510.61571887
2025-10-14 09:54:00+09:00,100985510.61571887
2025-10-14 09:55:00+09:00,100985510.61571887
2025-10-14 09:56:00+09:00,100985510.61571887
2025-10-14 09:57:00+09:00,100985510.61571887
2025-10-14 09:58:00+09:00,100945116.41147259
2025-10-14 09:59:00+09:00,100380651.64123136
2025-10-14 10:00:00+09:00,101509581.18171382
2025-10-14 10:01:00+09:00,103861517.72438559
2025-10-14 10:02:00+09:00,104049672.64779933
2025-10-14 10:04:00+09:00,104614137.41804054
2025-10-14 10:05:00+09:00,103673362.80097182
2025-10-14 10:06:00+09:00,102356278.33707564
2025-10-14 10:07:00+09:00,101133271.33488631
2025-10-14 10:08:00+09:00,100756961.48805882
2025-10-14 10:09:00+09:00,101227348.79659317
2025-10-14 10:10:00+09:00,99910264.33269699
2025-10-14 10:11:00+09:00,99345799.56245577
2025-10-14 10:12:00+09:00,100474729.10293823
2025-10-14 10:13:00+09:00,99628031.9475764
2025-10-14 10:14:00+09:00,100098419.25611074
2025-10-14 10:15:00+09:00,99816186.87099013
2025-10-14 10:16:00+09:00,99533954.48586951
2025-10-14 10:17:00+09:00,100004341.79440387
2025-10-14 10:18:00+09:00,99533954.48586951
2025-10-14 10:19:00+09:00,99910264.332697
2025-10-14 10:20:00+09:00,100851038.94976573
2025-10-14 10:21:00+09:00,100380651.64123137
2025-10-14 10:22:00+09:00,99157644.63904205
2025-10-14 10:23:00+09:00,99157644.63904205
2025-10-14 10:24:00+09:00,97746482.71343897
2025-10-14 10:25:00+09:00,97934637.63685271
2025-10-14 10:26:00+09:00,98216870.02197333
2025-10-14 10:27:00+09:00,97934637.63685271
2025-10-14 10:28:00+09:00,97182017.94319774
2025-10-14 10:29:00+09:00,97652405.2517321
2025-10-14 10:30:00+09:00,98233154.83059476
2025-10-14 10:31:00+09:00,98233154.83059476
2025-10-14 10:32:00+09:00,98233154.83059476
2025-10-14 10:33:00+09:00,98233154.83059476
2025-10-14 10:34:00+09:00,98233154.83059476
2025-10-14 10:35:00+09:00,98233154.83059476
2025-10-14 10:36:00+09:00,98233154.83059476
2025-10-14 10:37:00+09:00,98233154.83059476
2025-10-14 10:38:00+09:00,98233154.83059476
2025-10-14 10:39:00+09:00,98233154.83059476
2025-10-14 10:40:00+09:00,98233154.83059476
2025-10-14 10:41:00+09:00,98233154.83059476
2025-10-14 10:42:00+09:00,98233154.83059476
2025-10-14 10:43:00+09:00,98233154.83059476
2025-10-14 10:44:00+09:00,98233154.83059476
2025-10-14 10:45:00+09:00,98233154.83059476
2025-10-14 10:46:00+09:00,98233154.83059476
2025-10-14 10:47:00+09:00,98233154.83059476
2025-10-14 10:48:00+09:00,98233154.83059476
2025-10-14 10:49:00+09:00,98233154.83059476
2025-10-14 10:50:00+09:00,98233154.83059476
2025-10-14 10:51:00+09:00,98233154.83059476
2025-10-14 10:52:00+09:00,98233154.83059476
2025-10-14 10:53:00+09:00,98233154.83059476
2025-10-14 10:54:00+09:00,98233154.83059476
2025-10-14 10:55:00+09:00,98233154.83059476
2025-10-14 10:56:00+09:00,98233154.83059476
2025-10-14 10:57:00+09:00,98233154.83059476
2025-10-14 10:58:00+09:00,98233154.83059476
2025-10-14 10:59:00+09:00,98233154.83059476
2025-10-14 11:00:00+09:00,98233154.83059476
2025-10-14 11:01:00+09:00,98233154.83059476
2025-10-14 11:02:00+09:00,98233154.83059476
2025-10-14 11:03:00+09:00,98233154.83059476
2025-10-14 11:04:00+09:00,98233154.83059476
2025-10-14 11:05:00+09:00,98233154.83059476
2025-10-14 11:06:00+09:00,98233154.83059476
2025-10-14 11:07:00+09:00,98233154.83059476
2025-10-14 11:08:00+09:00,98233154.83059476
2025-10-14 11:09:00+09:00,98233154.83059476
2025-10-14 11:10:00+09:00,98233154.83059476
2025-10-14 11:11:00+09:00,98233154.83059476
2025-10-14 11:12:00+09:00,98233154.83059476
2025-10-14 11:13:00+09:00,98233154.83059476
2025-10-14 11:14:00+09:00,98233154.83059476
2025-10-14 11:15:00+09:00,98233154.83059476
2025-10-14 11:16:00+09:00,98233154.83059476
2025-10-14 11:17:00+09:00,98233154.83059476
2025-10-14 11:18:00+09:00,98233154.83059476
2025-10-14 11:19:00+09:00,98233154.83059476
2025-10-14 11:20:00+09:00,98233154.83059476
2025-10-14 11:21:00+09:00,98233154.83059476
2025-10-14 11:22:00+09:00,98233154.83059476
2025-10-14 11:23:00+09:00,98233154.83059476
2025-10-14 11:24:00+09:00,98233154.83059476
2025-10-14 11:25:00+09:00,98233154.83059476
2025-10-14 11:26:00+09:00,98233154.83059476
2025-10-14 11:27:00+09:00,98233154.83059476
2025-10-14 11:28:00+09:00,98233154.83059476
2025-10-14 11:29:00+09:00,98233154.83059476
2025-10-14 11:30:00+09:00,98233154.83059476
2025-10-14 11:31:00+09:00,98233154.83059476
2025-10-14 11:32:00+09:00,98233154.83059476
2025-10-14 11:33:00+09:00,98233154.83059476
2025-10-14 11:34:00+09:00,98233154.83059476
2025-10-14 11:35:00+09:00,98233154.83059476
2025-10-14 11:36:00+09:00,98233154.83059476
2025-10-14 11:37:00+09:00,98233154.83059476
2025-10-14 11:38:00+09:00,98233154.83059476
2025-10-14 11:39:00+09:00,98233154.83059476
2025-10-14 11:40:00+09:00,98233154.83059476
2025-10-14 11:41:00+09:00,98233154.83059476
2025-10-14 11:42:00+09:00,98233154.83059476
2025-10-14 11:43:00+09:00,98233154.83059476
2025-10-14 11:44:00+09:00,98233154.83059476
2025-10-14 11:45:00+09:00,98233154.83059476
2025-10-14 11:46:00+09:00,98233154.83059476
2025-10-14 11:47:00+09:00,98233154.83059476
2025-10-14 11:48:00+09:00,98233154.83059476
2025-10-14 11:49:00+09:00,98233154.83059476
2025-10-14 11:50:00+09:00,98193861.56866252
2025-10-14 11:51:00+09:00,98193861.56866252
2025-10-14 11:52:00+09:00,98003931.46891655
2025-10-14 11:53:00+09:00,97908966.41904357
2025-10-14 11:54:00+09:00,98003931.46891655
2025-10-14 11:55:00+09:00,97455194.9212355
2025-10-14 11:56:00+09:00,97455194.9212355
2025-10-14 11:57:00+09:00,97455194.9212355
2025-10-14 11:58:00+09:00,97455194.9212355
2025-10-14 11:59:00+09:00,97455194.9212355
2025-10-14 12:00:00+09:00,97455194.9212355
2025-10-14 12:01:00+09:00,97455194.9212355
2025-10-14 12:02:00+09:00,97455194.9212355
2025-10-14 12:03:00+09:00,97455194.9212355
2025-10-14 12:04:00+09:00,97455194.9212355
2025-10-14 12:05:00+09:00,97455194.9212355
2025-10-14 12:06:00+09:00,97416212.84326701
2025-10-14 12:07:00+09:00,96952326.11544193
2025-10-14 12:08:00+09:00,96859548.76987691
2025-10-14 12:09:00+09:00,96859548.76987691
2025-10-14 12:10:00+09:00,97508990.18883201
2025-10-14 12:11:00+09:00,97601767.53439704
2025-10-14 12:12:00+09:00,98251208.95335214
2025-10-14 12:13:00+09:00,99550091.79126236
2025-10-14 12:14:00+09:00,99178982.4090023
2025-10-14 12:15:00+09:00,98529540.99004719
2025-10-14 12:16:00+09:00,98807873.02674222
2025-10-14 12:17:00+09:00,98715095.6811772
2025-10-14 12:18:00+09:00,100199533.21021746
2025-10-14 12:19:00+09:00,102333412.15821284
2025-10-14 12:20:00+09:00,103353962.95942803
2025-10-14 12:21:00+09:00,103446740.30499305
2025-10-14 12:22:00+09:00,101962302.77595279
2025-10-14 12:23:00+09:00,102890076.23160295
2025-10-14 12:24:00+09:00,101683970.73925774
2025-10-14 12:25:00+09:00,101869525.43038778
2025-10-14 12:26:00+09:00,101220084.01143266
2025-10-14 12:27:00+09:00,100199533.21021749
2025-10-14 12:28:00+09:00,99735646.4823924
2025-10-14 12:29:00+09:00,99735646.4823924
2025-10-14 12:30:00+09:00,99271759.75456733
2025-10-14 12:31:00+09:00,99225371.08178481
2025-10-14 12:32:00+09:00,99178982.4090023
2025-10-14 12:33:00+09:00,99364537.10013235
2025-10-14 12:34:00+09:00,99364537.10013235
2025-10-14 12:35:00+09:00,98993427.71787228
2025-10-14 12:36:00+09:00,99086205.0634373
2025-10-14 12:37:00+09:00,99642869.13682738
2025-10-14 12:38:00+09:00,98993427.71787226
2025-10-14 12:39:00+09:00,99735646.48239239
2025-10-14 12:40:00+09:00,99457314.44569734
2025-10-14 12:41:00+09:00,100013978.51908745
2025-10-14 12:42:00+09:00,99457314.44569735
2025-10-14 12:43:00+09:00,99178982.4090023
2025-10-14 12:44:00+09:00,98993427.71787226
2025-10-14 12:45:00+09:00,98807873.02674223
2025-10-14 12:46:00+09:00,100570642.59247753
2025-10-14 12:47:00+09:00,102147857.4670828
2025-10-14 12:48:00+09:00,102426189.50377785
2025-10-14 12:49:00+09:00,102750910.2132554
2025-10-14 12:50:00+09:00,102426189.50377785
2025-10-14 12:51:00+09:00,101776748.08482273
2025-10-14 12:52:00+09:00,103539517.65055802
2025-10-14 12:53:00+09:00,102518966.84934285
2025-10-14 12:54:00+09:00,102982853.57716793
2025-10-14 12:55:00+09:00,103168408.26829796
2025-10-14 12:56:00+09:00,103446740.30499302
2025-10-14 12:57:00+09:00,104374513.76064318
2025-10-14 12:58:00+09:00,104745623.14290325
2025-10-14 12:59:00+09:00,105766173.94411843
2025-10-14 13:00:00+09:00,106415615.36307353
2025-10-14 13:01:00+09:00,106044505.98081346
2025-10-14 13:02:00+09:00,105302287.21629333
2025-10-14 13:03:00+09:00,105858951.28968342
2025-10-14 13:04:00+09:00,106415615.36307351
2025-10-14 13:05:00+09:00,107436166.16428868
2025-10-14 13:06:00+09:00,107065056.78202862
2025-10-14 13:07:00+09:00,107807275.54654874
2025-10-14 13:08:00+09:00,109198935.73002398
2025-10-14 13:09:00+09:00,109662822.45784906
2025-10-14 13:10:00+09:00,108920603.69332893
2025-10-14 13:11:00+09:00,108735049.0021989
2025-10-14 13:12:00+09:00,107250611.47315864
2025-10-14 13:13:00+09:00,106879502.09089857
2025-10-14 13:14:00+09:00,107621720.8554187
2025-10-14 13:15:00+09:00,106044505.98081343
2025-10-14 13:16:00+09:00,106786724.74533355
2025-10-14 13:17:00+09:00,107065056.7820286
2025-10-14 13:18:00+09:00,108549494.31106886
2025-10-14 13:19:00+09:00,108735049.00219889
2025-10-14 13:20:00+09:00,108271162.27437381
2025-10-14 13:21:00+09:00,108642271.65663387
2025-10-14 13:22:00+09:00,107807275.54654872
2025-10-14 13:23:00+09:00,107621720.8554187
2025-10-14 13:24:00+09:00,107436166.16428867
2025-10-14 13:25:00+09:00,106230060.67194347
2025-10-14 13:26:00+09:00,107157834.12759364
2025-10-14 13:27:00+09:00,106601170.05420354
2025-10-14 13:28:00+09:00,107621720.85541873
2025-10-14 13:29:00+09:00,106322838.0175085
2025-10-14 13:30:00+09:00,106693947.39976856
2025-10-14 13:31:00+09:00,106972279.4364636
2025-10-14 13:32:00+09:00,106508392.70863852
2025-10-14 13:33:00+09:00,105116732.52516328
2025-10-14 13:34:00+09:00,105673396.59855337
2025-10-14 13:35:00+09:00,105395064.56185833
2025-10-14 13:36:00+09:00,105766173.9441184
2025-10-14 13:37:00+09:00,105209509.8707283
2025-10-14 13:38:00+09:00,105302287.2162933
2025-10-14 13:39:00+09:00,105951728.63524842
2025-10-14 13:40:00+09:00,107528943.5098537
2025-10-14 13:41:00+09:00,108178384.92880881
2025-10-14 13:42:00+09:00,108085607.5832438
2025-10-14 13:43:00+09:00,107436166.16428868
2025-10-14 13:44:00+09:00,108178384.92880882
2025-10-14 13:45:00+09:00,107436166.1642887
2025-10-14 13:46:00+09:00,106786724.7453336
2025-10-14 13:47:00+09:00,106693947.39976859
2025-10-14 13:48:00+09:00,107250611.47315869
2025-10-14 13:49:00+09:00,108085607.58324385
2025-10-14 13:50:00+09:00,107250611.4731587
2025-10-14 13:51:00+09:00,106044505.98081349
2025-10-14 13:52:00+09:00,106508392.70863856
2025-10-14 13:53:00+09:00,106220820.04832524
2025-10-14 13:54:00+09:00,106220820.04832524
2025-10-14 13:55:00+09:00,106220820.04832524
2025-10-14 13:56:00+09:00,106220820.04832524
2025-10-14 13:57:00+09:00,106220820.04832524
2025-10-14 13:58:00+09:00,106220820.04832524
2025-10-14 13:59:00+09:00,106220820.04832524
2025-10-14 14:00:00+09:00,106220820.04832524
2025-10-14 14:01:00+09:00,106220820.04832524
2025-10-14 14:02:00+09:00,106220820.04832524
2025-10-14 14:03:00+09:00,106220820.04832524
2025-10-14 14:04:00+09:00,106220820.04832524
2025-10-14 14:05:00+09:00,106220820.04832524
2025-10-14 14:06:00+09:00,106220820.04832524
2025-10-14 14:07:00+09:00,106220820.04832524
2025-10-14 14:08:00+09:00,106220820.04832524
2025-10-14 14:09:00+09:00,106220820.04832524
2025-10-14 14:10:00+09:00,106220820.04832524
2025-10-14 14:11:00+09:00,106220820.04832524
2025-10-14 14:12:00+09:00,106220820.04832524
2025-10-14 14:13:00+09:00,106220820.04832524
2025-10-14 14:14:00+09:00,106220820.04832524
2025-10-14 14:15:00+09:00,106220820.04832524
2025-10-14 14:16:00+09:00,106220820.04832524
2025-10-14 14:17:00+09:00,106220820.04832524
2025-10-14 14:18:00+09:00,106220820.04832524
2025-10-14 14:19:00+09:00,106220820.04832524
2025-10-14 14:20:00+09:00,106220820.04832524
2025-10-14 14:21:00+09:00,106220820.04832524
2025-10-14 14:22:00+09:00,106220820.04832524
2025-10-14 14:23:00+09:00,106220820.04832524
2025-10-14 14:24:00+09:00,106220820.04832524
2025-10-14 14:25:00+09:00,106220820.04832524
2025-10-14 14:26:00+09:00,106220820.04832524
2025-10-14 14:27:00+09:00,106220820.04832524
2025-10-14 14:28:00+09:00,106220820.04832524
2025-10-14 14:29:00+09:00,106220820.04832524
2025-10-14 14:30:00+09:00,106220820.04832524
2025-10-14 14:31:00+09:00,106220820.04832524
2025-10-14 14:32:00+09:00,106220820.04832524
2025-10-14 14:33:00+09:00,106220820.04832524
2025-10-14 14:34:00+09:00,106220820.04832524
2025-10-14 14:35:00+09:00,106220820.04832524
2025-10-14 14:36:00+09:00,106220820.04832524
2025-10-14 14:37:00+09:00,106220820.04832524
2025-10-14 14:38:00+09:00,106220820.04832524
2025-10-14 14:39:00+09:00,106220820.04832524
2025-10-14 14:40:00+09:00,106220820.04832524
2025-10-14 14:41:00+09:00,106220820.04832524
2025-10-14 14:42:00+09:00,106220820.04832524
2025-10-14 14:43:00+09:00,106220820.04832524
2025-10-14 14:44:00+09:00,106220820.04832524
2025-10-14 14:45:00+09:00,106220820.04832524
2025-10-14 14:46:00+09:00,106220820.04832524
2025-10-14 14:47:00+09:00,106220820.04832524
2025-10-14 14:48:00+09:00,106220820.04832524
2025-10-14 14:49:00+09:00,106220820.04832524
2025-10-14 14:50:00+09:00,106220820.04832524
2025-10-14 14:51:00+09:00,106220820.04832524
2025-10-14 14:52:00+09:00,106220820.04832524
2025-10-14 14:53:00+09:00,106220820.04832524
2025-10-14 14:54:00+09:00,106220820.04832524
2025-10-14 14:55:00+09:00,106220820.04832524
2025-10-14 14:56:00+09:00,106220820.04832524
2025-10-14 14:57:00+09:00,106220820.04832524
2025-10-14 14:58:00+09:00,106220820.04832524
2025-10-14 14:59:00+09:00,106220820.04832524
2025-10-14 15:00:00+09:00,106220820.04832524
2025-10-14 15:01:00+09:00,106220820.04832524
2025-10-14 15:02:00+09:00,106220820.04832524
2025-10-14 15:03:00+09:00,106220820.04832524
2025-10-14 15:04:00+09:00,106220820.04832524
2025-10-14 15:05:00+09:00,106220820.04832524
2025-10-14 15:06:00+09:00,106220820.04832524
2025-10-14 15:07:00+09:00,106220820.04832524
2025-10-14 15:08:00+09:00,106220820.04832524
2025-10-14 15:09:00+09:00,106220820.04832524
2025-10-14 15:10:00+09:00,106220820.04832524
2025-10-14 15:11:00+09:00,106220820.04832524
2025-10-14 15:12:00+09:00,106220820.04832524
2025-10-14 15:13:00+09:00,106220820.04832524
2025-10-14 15:14:00+09:00,106220820.04832524
2025-10-14 15:15:00+09:00,106178331.72030592
2025-10-14 15:16:00+09:00,105692167.19777705
2025-10-14 15:17:00+09:00,105789400.10228284
2025-10-14 15:18:00+09:00,105886633.00678861
2025-10-14 15:19:00+09:00,105400468.48425974
2025-10-14 15:30:00+09:00,106664496.2428348
2025-10-14 15:35:00+09:00,106664496.2428348
2025-10-15 09:00:00+09:00,108220222.71492721
2025-10-15 09:01:00+09:00,107345126.57437524
2025-10-15 09:02:00+09:00,106567263.33832905
2025-10-15 09:03:00+09:00,107247893.66986948
2025-10-15 09:04:00+09:00,110456579.51856005
2025-10-15 09:05:00+09:00,109970414.99603118
2025-10-15 09:06:00+09:00,109289784.66449076
2025-10-15 09:07:00+09:00,109873182.0915254
2025-10-15 09:08:00+09:00,109581483.37800808
2025-10-15 09:09:00+09:00,109775949.18701965
2025-10-15 09:10:00+09:00,110067647.90053698
2025-10-15 09:11:00+09:00,109775949.18701966
2025-10-15 09:12:00+09:00,109387017.56899656
2025-10-15 09:13:00+09:00,109775949.18701966
2025-10-15 09:14:00+09:00,109678716.28251389
2025-10-15 09:15:00+09:00,109192551.75998501
2025-10-15 09:16:00+09:00,110164880.80504276
2025-10-15 09:17:00+09:00,109678716.28251389
2025-10-15 09:18:00+09:00,109775949.18701966
2025-10-15 09:19:00+09:00,109970414.99603121
2025-10-15 09:20:00+09:00,109678716.28251389
2025-10-15 09:21:00+09:00,108609154.33295037
2025-10-15 09:22:00+09:00,108803620.1419619
2025-10-15 09:23:00+09:00,109095318.85547923
2025-10-15 09:24:00+09:00,109095318.85547923
2025-10-15 09:25:00+09:00,108414688.5239388
2025-10-15 09:26:00+09:00,107150660.76536374
2025-10-15 09:27:00+09:00,106470030.43382332
2025-10-15 09:28:00+09:00,106279531.7273156
2025-10-15 09:29:00+09:00,106279531.7273156
2025-10-15 09:30:00+09:00,106279531.7273156
2025-10-15 09:31:00+09:00,106279531.7273156
2025-10-15 09:32:00+09:00,106279531.7273156
2025-10-15 09:33:00+09:00,106279531.7273156
2025-10-15 09:34:00+09:00,106279531.7273156
2025-10-15 09:35:00+09:00,106279531.7273156
2025-10-15 09:36:00+09:00,106279531.7273156
2025-10-15 09:37:00+09:00,106279531.7273156
2025-10-15 09:38:00+09:00,106279531.7273156
2025-10-15 09:39:00+09:00,106279531.7273156
2025-10-15 09:40:00+09:00,106279531.7273156
2025-10-15 09:41:00+09:00,106279531.7273156
2025-10-15 09:42:00+09:00,106279531.7273156
2025-10-15 09:43:00+09:00,106279531.7273156
2025-10-15 09:44:00+09:00,106279531.7273156
2025-10-15 09:45:00+09:00,106279531.7273156
2025-10-15 09:46:00+09:00,106279531.7273156
2025-10-15 09:47:00+09:00,106279531.7273156
2025-10-15 09:48:00+09:00,106279531.7273156
2025-10-15 09:49:00+09:00,106279531.7273156
2025-10-15 09:50:00+09:00,106279531.7273156
2025-10-15 09:51:00+09:00,106279531.7273156
2025-10-15 09:52:00+09:00,106279531.7273156
2025-10-15 09:53:00+09:00,106279531.7273156
2025-10-15 09:54:00+09:00,106279531.7273156
2025-10-15 09:55:00+09:00,106279531.7273156
2025-10-15 09:56:00+09:00,106279531.7273156
2025-10-15 09:57:00+09:00,106279531.7273156
2025-10-15 09:58:00+09:00,106279531.7273156
2025-10-15 09:59:00+09:00,106279531.7273156
2025-10-15 10:00:00+09:00,106279531.7273156
2025-10-15 10:01:00+09:00,106279531.7273156
2025-10-15 10:02:00+09:00,106279531.7273156
2025-10-15 10:03:00+09:00,106279531.7273156
2025-10-15 10:04:00+09:00,106279531.7273156
2025-10-15 10:05:00+09:00,106279531.7273156
2025-10-15 10:06:00+09:00,106279531.7273156
2025-10-15 10:07:00+09:00,106279531.7273156
2025-10-15 10:08:00+09:00,106279531.7273156
2025-10-15 10:09:00+09:00,106279531.7273156
2025-10-15 10:10:00+09:00,106279531.7273156
2025-10-15 10:11:00+09:00,106279531.7273156
2025-10-15 10:12:00+09:00,106279531.7273156
2025-10-15 10:13:00+09:00,106279531.7273156
2025-10-15 10:14:00+09:00,106279531.7273156
2025-10-15 10:15:00+09:00,106279531.7273156
2025-10-15 10:16:00+09:00,106279531.7273156
2025-10-15 10:17:00+09:00,106279531.7273156
2025-10-15 10:18:00+09:00,106279531.7273156
2025-10-15 10:19:00+09:00,106279531.7273156
2025-10-15 10:20:00+09:00,106279531.7273156
2025-10-15 10:21:00+09:00,106279531.7273156
2025-10-15 10:22:00+09:00,106279531.7273156
2025-10-15 10:23:00+09:00,106279531.7273156
2025-10-15 10:24:00+09:00,106279531.7273156
2025-10-15 10:25:00+09:00,106279531.7273156
2025-10-15 10:26:00+09:00,106279531.7273156
2025-10-15 10:27:00+09:00,106279531.7273156
2025-10-15 10:28:00+09:00,106279531.7273156
2025-10-15 10:29:00+09:00,106279531.7273156
2025-10-15 10:30:00+09:00,106279531.7273156
2025-10-15 10:31:00+09:00,106279531.7273156
2025-10-15 10:32:00+09:00,106279531.7273156
2025-10-15 10:33:00+09:00,106279531.7273156
2025-10-15 10:34:00+09:00,106279531.7273156
2025-10-15 10:35:00+09:00,106279531.7273156
2025-10-15 10:36:00+09:00,106279531.7273156
2025-10-15 10:37:00+09:00,106279531.7273156
2025-10-15 10:38:00+09:00,106279531.7273156
2025-10-15 10:39:00+09:00,106279531.7273156
2025-10-15 10:40:00+09:00,106279531.7273156
2025-10-15 10:41:00+09:00,106279531.7273156
2025-10-15 10:42:00+09:00,106279531.7273156
2025-10-15 10:43:00+09:00,106279531.7273156
2025-10-15 10:44:00+09:00,106279531.7273156
2025-10-15 10:45:00+09:00,106279531.7273156
2025-10-15 10:46:00+09:00,106279531.7273156
2025-10-15 10:47:00+09:00,106279531.7273156
2025-10-15 10:48:00+09:00,106279531.7273156
2025-10-15 10:49:00+09:00,106279531.7273156
2025-10-15 10:50:00+09:00,106279531.7273156
2025-10-15 10:51:00+09:00,106279531.7273156
2025-10-15 10:52:00+09:00,106279531.7273156
2025-10-15 10:53:00+09:00,106279531.7273156
2025-10-15 10:54:00+09:00,106279531.7273156
2025-10-15 10:55:00+09:00,106279531.7273156
2025-10-15 10:56:00+09:00,106279531.7273156
2025-10-15 10:57:00+09:00,106279531.7273156
2025-10-15 10:58:00+09:00,106279531.7273156
2025-10-15 10:59:00+09:00,106279531.7273156
2025-10-15 11:00:00+09:00,106279531.7273156
2025-10-15 11:01:00+09:00,106279531.7273156
2025-10-15 11:02:00+09:00,106279531.7273156
2025-10-15 11:03:00+09:00,106279531.7273156
2025-10-15 11:04:00+09:00,106279531.7273156
2025-10-15 11:05:00+09:00,106279531.7273156
2025-10-15 11:06:00+09:00,106279531.7273156
2025-10-15 11:07:00+09:00,106279531.7273156
2025-10-15 11:08:00+09:00,106279531.7273156
2025-10-15 11:09:00+09:00,106279531.7273156
2025-10-15 11:10:00+09:00,106279531.7273156
2025-10-15 11:11:00+09:00,106279531.7273156
2025-10-15 11:12:00+09:00,106279531.7273156
2025-10-15 11:13:00+09:00,106279531.7273156
2025-10-15 11:14:00+09:00,106279531.7273156
2025-10-15 11:15:00+09:00,106279531.7273156
2025-10-15 11:16:00+09:00,106279531.7273156
2025-10-15 11:17:00+09:00,106279531.7273156
2025-10-15 11:18:00+09:00,106279531.7273156
2025-10-15 11:19:00+09:00,106279531.7273156
2025-10-15 11:20:00+09:00,106279531.7273156
2025-10-15 11:21:00+09:00,106279531.7273156
2025-10-15 11:22:00+09:00,106279531.7273156
2025-10-15 11:23:00+09:00,106279531.7273156
2025-10-15 11:24:00+09:00,106279531.7273156
2025-10-15 11:25:00+09:00,106279531.7273156
2025-10-15 11:26:00+09:00,106279531.7273156
2025-10-15 11:27:00+09:00,106279531.7273156
2025-10-15 11:28:00+09:00,106279531.7273156
2025-10-15 11:29:00+09:00,106279531.7273156
2025-10-15 11:30:00+09:00,106279531.7273156
2025-10-15 11:31:00+09:00,106279531.7273156
2025-10-15 11:32:00+09:00,106279531.7273156
2025-10-15 11:33:00+09:00,106279531.7273156
2025-10-15 11:34:00+09:00,106279531.7273156
2025-10-15 11:35:00+09:00,106279531.7273156
2025-10-15 11:36:00+09:00,106279531.7273156
2025-10-15 11:37:00+09:00,106279531.7273156
2025-10-15 11:38:00+09:00,106279531.7273156
2025-10-15 11:39:00+09:00,106279531.7273156
2025-10-15 11:40:00+09:00,106279531.7273156
2025-10-15 11:41:00+09:00,106279531.7273156
2025-10-15 11:42:00+09:00,106279531.7273156
2025-10-15 11:43:00+09:00,106279531.7273156
2025-10-15 11:44:00+09:00,106279531.7273156
2025-10-15 11:45:00+09:00,106279531.7273156
2025-10-15 11:46:00+09:00,106279531.7273156
2025-10-15 11:47:00+09:00,106279531.7273156
2025-10-15 11:48:00+09:00,106279531.7273156
2025-10-15 11:49:00+09:00,106279531.7273156
2025-10-15 11:50:00+09:00,106279531.7273156
2025-10-15 11:51:00+09:00,106279531.7273156
2025-10-15 11:52:00+09:00,106279531.7273156
2025-10-15 11:53:00+09:00,106279531.7273156
2025-10-15 11:54:00+09:00,106279531.7273156
2025-10-15 11:55:00+09:00,106279531.7273156
2025-10-15 11:56:00+09:00,106279531.7273156
2025-10-15 11:57:00+09:00,106279531.7273156
2025-10-15 11:58:00+09:00,106279531.7273156
2025-10-15 11:59:00+09:00,106279531.7273156
2025-10-15 12:00:00+09:00,106279531.7273156
2025-10-15 12:01:00+09:00,106279531.7273156
2025-10-15 12:02:00+09:00,106279531.7273156
2025-10-15 12:03:00+09:00,106279531.7273156
2025-10-15 12:04:00+09:00,106279531.7273156
2025-10-15 12:05:00+09:00,106279531.7273156
2025-10-15 12:06:00+09:00,106279531.7273156
2025-10-15 12:07:00+09:00,106279531.7273156
2025-10-15 12:08:00+09:00,106279531.7273156
2025-10-15 12:09:00+09:00,106279531.7273156
2025-10-15 12:10:00+09:00,106279531.7273156
2025-10-15 12:11:00+09:00,106279531.7273156
2025-10-15 12:12:00+09:00,106279531.7273156
2025-10-15 12:13:00+09:00,106279531.7273156
2025-10-15 12:14:00+09:00,106279531.7273156
2025-10-15 12:15:00+09:00,106279531.7273156
2025-10-15 12:16:00+09:00,106279531.7273156
2025-10-15 12:17:00+09:00,106279531.7273156
2025-10-15 12:18:00+09:00,106279531.7273156
2025-10-15 12:19:00+09:00,106279531.7273156
2025-10-15 12:20:00+09:00,106279531.7273156
2025-10-15 12:21:00+09:00,106279531.7273156
2025-10-15 12:22:00+09:00,106279531.7273156
2025-10-15 12:23:00+09:00,106279531.7273156
2025-10-15 12:24:00+09:00,106279531.7273156
2025-10-15 12:25:00+09:00,106279531.7273156
2025-10-15 12:26:00+09:00,106279531.7273156
2025-10-15 12:27:00+09:00,106279531.7273156
2025-10-15 12:28:00+09:00,106279531.7273156
2025-10-15 12:29:00+09:00,106279531.7273156
2025-10-15 12:30:00+09:00,106279531.7273156
2025-10-15 12:31:00+09:00,106279531.7273156
2025-10-15 12:32:00+09:00,106279531.7273156
2025-10-15 12:33:00+09:00,106279531.7273156
2025-10-15 12:34:00+09:00,106279531.7273156
2025-10-15 12:35:00+09:00,106279531.7273156
2025-10-15 12:36:00+09:00,106279531.7273156
2025-10-15 12:37:00+09:00,106279531.7273156
2025-10-15 12:38:00+09:00,106279531.7273156
2025-10-15 12:39:00+09:00,106279531.7273156
2025-10-15 12:40:00+09:00,106279531.7273156
2025-10-15 12:41:00+09:00,106279531.7273156
2025-10-15 12:42:00+09:00,106279531.7273156
2025-10-15 12:43:00+09:00,106279531.7273156
2025-10-15 12:44:00+09:00,106279531.7273156
2025-10-15 12:45:00+09:00,106279531.7273156
2025-10-15 12:46:00+09:00,106279531.7273156
2025-10-15 12:47:00+09:00,106279531.7273156
2025-10-15 12:48:00+09:00,106279531.7273156
2025-10-15 12:49:00+09:00,106279531.7273156
2025-10-15 12:50:00+09:00,106279531.7273156
2025-10-15 12:51:00+09:00,106279531.7273156
2025-10-15 12:52:00+09:00,106279531.7273156
2025-10-15 12:53:00+09:00,106279531.7273156
2025-10-15 12:54:00+09:00,106279531.7273156
2025-10-15 12:55:00+09:00,106279531.7273156
2025-10-15 12:56:00+09:00,106279531.7273156
2025-10-15 12:57:00+09:00,106279531.7273156
2025-10-15 12:58:00+09:00,106279531.7273156
2025-10-15 12:59:00+09:00,106279531.7273156
2025-10-15 13:00:00+09:00,106279531.7273156
2025-10-15 13:01:00+09:00,106279531.7273156
2025-10-15 13:02:00+09:00,106279531.7273156
2025-10-15 13:03:00+09:00,106279531.7273156
2025-10-15 13:04:00+09:00,106279531.7273156
2025-10-15 13:05:00+09:00,106279531.7273156
2025-10-15 13:06:00+09:00,106279531.7273156
2025-10-15 13:07:00+09:00,106279531.7273156
2025-10-15 13:08:00+09:00,106279531.7273156
2025-10-15 13:09:00+09:00,106279531.7273156
2025-10-15 13:10:00+09:00,106279531.7273156
2025-10-15 13:11:00+09:00,106279531.7273156
2025-10-15 13:12:00+09:00,106279531.7273156
2025-10-15 13:13:00+09:00,106279531.7273156
2025-10-15 13:14:00+09:00,106279531.7273156
2025-10-15 13:15:00+09:00,106279531.7273156
2025-10-15 13:16:00+09:00,106279531.7273156
2025-10-15 13:17:00+09:00,106279531.7273156
2025-10-15 13:18:00+09:00,106279531.7273156
2025-10-15 13:19:00+09:00,106279531.7273156
2025-10-15 13:20:00+09:00,106279531.7273156
2025-10-15 13:21:00+09:00,106279531.7273156
2025-10-15 13:22:00+09:00,106279531.7273156
2025-10-15 13:23:00+09:00,106279531.7273156
2025-10-15 13:24:00+09:00,106279531.7273156
2025-10-15 13:25:00+09:00,106279531.7273156
2025-10-15 13:26:00+09:00,106279531.7273156
2025-10-15 13:27:00+09:00,106279531.7273156
2025-10-15 13:28:00+09:00,106279531.7273156
2025-10-15 13:29:00+09:00,106279531.7273156
2025-10-15 13:30:00+09:00,106279531.7273156
2025-10-15 13:31:00+09:00,106279531.7273156
2025-10-15 13:32:00+09:00,106279531.7273156
2025-10-15 13:33:00+09:00,106279531.7273156
2025-10-15 13:34:00+09:00,106279531.7273156
2025-10-15 13:35:00+09:00,106279531.7273156
2025-10-15 13:36:00+09:00,106279531.7273156
2025-10-15 13:37:00+09:00,106279531.7273156
2025-10-15 13:38:00+09:00,106279531.7273156
2025-10-15 13:39:00+09:00,106279531.7273156
2025-10-15 13:40:00+09:00,106279531.7273156
2025-10-15 13:41:00+09:00,106279531.7273156
2025-10-15 13:42:00+09:00,106279531.7273156
2025-10-15 13:43:00+09:00,106279531.7273156
2025-10-15 13:44:00+09:00,106279531.7273156
2025-10-15 13:45:00+09:00,106279531.7273156
2025-10-15 13:46:00+09:00,106279531.7273156
2025-10-15 13:47:00+09:00,106279531.7273156
2025-10-15 13:48:00+09:00,106279531.7273156
2025-10-15 13:49:00+09:00,106279531.7273156
2025-10-15 13:50:00+09:00,106279531.7273156
2025-10-15 13:51:00+09:00,106279531.7273156
2025-10-15 13:52:00+09:00,106279531.7273156
2025-10-15 13:53:00+09:00,106279531.7273156
2025-10-15 13:54:00+09:00,106279531.7273156
2025-10-15 13:55:00+09:00,106279531.7273156
2025-10-15 13:56:00+09:00,106279531.7273156
2025-10-15 13:57:00+09:00,106279531.7273156
2025-10-15 13:58:00+09:00,106279531.7273156
2025-10-15 13:59:00+09:00,106279531.7273156
2025-10-15 14:00:00+09:00,106279531.7273156
2025-10-15 14:01:00+09:00,106279531.7273156
2025-10-15 14:02:00+09:00,106279531.7273156
2025-10-15 14:03:00+09:00,106279531.7273156
2025-10-15 14:04:00+09:00,106279531.7273156
2025-10-15 14:05:00+09:00,106279531.7273156
2025-10-15 14:06:00+09:00,106279531.7273156
2025-10-15 14:07:00+09:00,106279531.7273156
2025-10-15 14:08:00+09:00,106279531.7273156
2025-10-15 14:09:00+09:00,106279531.7273156
2025-10-15 14:10:00+09:00,106279531.7273156
2025-10-15 14:11:00+09:00,106279531.7273156
2025-10-15 14:12:00+09:00,106279531.7273156
2025-10-15 14:13:00+09:00,106279531.7273156
2025-10-15 14:14:00+09:00,106279531.7273156
2025-10-15 14:15:00+09:00,106279531.7273156
2025-10-15 14:16:00+09:00,106279531.7273156
2025-10-15 14:17:00+09:00,106279531.7273156
2025-10-15 14:18:00+09:00,106279531.7273156
2025-10-15 14:19:00+09:00,106279531.7273156
2025-10-15 14:20:00+09:00,106279531.7273156
2025-10-15 14:21:00+09:00,106279531.7273156
2025-10-15 14:22:00+09:00,106279531.7273156
2025-10-15 14:23:00+09:00,106279531.7273156
2025-10-15 14:24:00+09:00,106279531.7273156
2025-10-15 14:25:00+09:00,106279531.7273156
2025-10-15 14:26:00+09:00,106279531.7273156
2025-10-15 14:27:00+09:00,106279531.7273156
2025-10-15 14:28:00+09:00,106279531.7273156
2025-10-15 14:29:00+09:00,106279531.7273156
2025-10-15 14:30:00+09:00,106279531.7273156
2025-10-15 14:31:00+09:00,106279531.7273156
2025-10-15 14:32:00+09:00,106279531.7273156
2025-10-15 14:33:00+09:00,106279531.7273156
2025-10-15 14:34:00+09:00,106279531.7273156
2025-10-15 14:35:00+09:00,106279531.7273156
2025-10-15 14:36:00+09:00,106279531.7273156
2025-10-15 14:37:00+09:00,106279531.7273156
2025-10-15 14:38:00+09:00,106279531.7273156
2025-10-15 14:39:00+09:00,106279531.7273156
2025-10-15 14:40:00+09:00,106279531.7273156
2025-10-15 14:41:00+09:00,106279531.7273156
2025-10-15 14:42:00+09:00,106279531.7273156
2025-10-15 14:43:00+09:00,106279531.7273156
2025-10-15 14:44:00+09:00,106279531.7273156
2025-10-15 14:45:00+09:00,106279531.7273156
2025-10-15 14:46:00+09:00,106279531.7273156
2025-10-15 14:47:00+09:00,106279531.7273156
2025-10-15 14:48:00+09:00,106279531.7273156
2025-10-15 14:49:00+09:00,106279531.7273156
2025-10-15 14:50:00+09:00,106279531.7273156
2025-10-15 14:51:00+09:00,106279531.7273156
2025-10-15 14:52:00+09:00,106279531.7273156
2025-10-15 14:53:00+09:00,106279531.7273156
2025-10-15 14:54:00+09:00,106279531.7273156
2025-10-15 14:55:00+09:00,106279531.7273156
2025-10-15 14:56:00+09:00,106279531.7273156
2025-10-15 14:57:00+09:00,106279531.7273156
2025-10-15 14:58:00+09:00,106279531.7273156
2025-10-15 14:59:00+09:00,106279531.7273156
2025-10-15 15:00:00+09:00,106279531.7273156
2025-10-15 15:01:00+09:00,106279531.7273156
2025-10-15 15:02:00+09:00,106279531.7273156
2025-10-15 15:03:00+09:00,106279531.7273156
2025-10-15 15:04:00+09:00,106279531.7273156
2025-10-15 15:05:00+09:00,106279531.7273156
2025-10-15 15:06:00+09:00,106279531.7273156
2025-10-15 15:07:00+09:00,106279531.7273156
2025-10-15 15:08:00+09:00,106279531.7273156
2025-10-15 15:09:00+09:00,106279531.7273156
2025-10-15 15:10:00+09:00,106279531.7273156
2025-10-15 15:11:00+09:00,106279531.7273156
2025-10-15 15:12:00+09:00,106279531.7273156
2025-10-15 15:13:00+09:00,106279531.7273156
2025-10-15 15:14:00+09:00,106279531.7273156
2025-10-15 15:15:00+09:00,106279531.7273156
2025-10-15 15:16:00+09:00,106279531.7273156
2025-10-15 15:17:00+09:00,106279531.7273156
2025-10-15 15:18:00+09:00,106279531.7273156
2025-10-15 15:19:00+09:00,106279531.7273156
2025-10-15 15:30:00+09:00,106279531.7273156
2025-10-15 15:35:00+09:00,106279531.7273156
2025-10-16 09:00:00+09:00,106279531.7273156
2025-10-16 09:01:00+09:00,106279531.7273156
2025-10-16 09:02:00+09:00,106279531.7273156
2025-10-16 09:03:00+09:00,106279531.7273156
2025-10-16 09:04:00+09:00,106279531.7273156
2025-10-16 09:05:00+09:00,106279531.7273156
2025-10-16 09:06:00+09:00,106279531.7273156
2025-10-16 09:07:00+09:00,106279531.7273156
2025-10-16 09:08:00+09:00,106279531.7273156
2025-10-16 09:09:00+09:00,106279531.7273156
2025-10-16 09:10:00+09:00,106279531.7273156
2025-10-16 09:11:00+09:00,106279531.7273156
2025-10-16 09:12:00+09:00,106279531.7273156
2025-10-16 09:13:00+09:00,106279531.7273156
2025-10-16 09:14:00+09:00,106279531.7273156
2025-10-16 09:15:00+09:00,106279531.7273156
2025-10-16 09:16:00+09:00,106279531.7273156
2025-10-16 09:17:00+09:00,106279531.7273156
2025-10-16 09:18:00+09:00,106279531.7273156
2025-10-16 09:19:00+09:00,106279531.7273156
2025-10-16 09:20:00+09:00,106279531.7273156
2025-10-16 09:21:00+09:00,106279531.7273156
2025-10-16 09:22:00+09:00,106279531.7273156
2025-10-16 09:23:00+09:00,106279531.7273156
2025-10-16 09:24:00+09:00,106279531.7273156
2025-10-16 09:25:00+09:00,106279531.7273156
2025-10-16 09:26:00+09:00,106279531.7273156
2025-10-16 09:27:00+09:00,106279531.7273156
2025-10-16 09:28:00+09:00,106279531.7273156
2025-10-16 09:29:00+09:00,106279531.7273156
2025-10-16 09:30:00+09:00,106279531.7273156
2025-10-16 09:31:00+09:00,106279531.7273156
2025-10-16 09:32:00+09:00,106279531.7273156
2025-10-16 09:33:00+09:00,106279531.7273156
2025-10-16 09:34:00+09:00,106279531.7273156
2025-10-16 09:35:00+09:00,106279531.7273156
2025-10-16 09:36:00+09:00,106279531.7273156
2025-10-16 09:37:00+09:00,106279531.7273156
2025-10-16 09:38:00+09:00,106279531.7273156
2025-10-16 09:39:00+09:00,106279531.7273156
2025-10-16 09:40:00+09:00,106279531.7273156
2025-10-16 09:41:00+09:00,106279531.7273156
2025-10-16 09:42:00+09:00,106279531.7273156
2025-10-16 09:43:00+09:00,106279531.7273156
2025-10-16 09:44:00+09:00,106279531.7273156
2025-10-16 09:45:00+09:00,106279531.7273156
2025-10-16 09:46:00+09:00,106279531.7273156
2025-10-16 09:47:00+09:00,106279531.7273156
2025-10-16 09:48:00+09:00,106279531.7273156
2025-10-16 09:49:00+09:00,106279531.7273156
2025-10-16 09:50:00+09:00,106279531.7273156
2025-10-16 09:51:00+09:00,106279531.7273156
2025-10-16 09:52:00+09:00,106279531.7273156
2025-10-16 09:53:00+09:00,106279531.7273156
2025-10-16 09:54:00+09:00,106279531.7273156
2025-10-16 09:55:00+09:00,106279531.7273156
2025-10-16 09:56:00+09:00,106279531.7273156
2025-10-16 09:57:00+09:00,106279531.7273156
2025-10-16 09:58:00+09:00,106279531.7273156
2025-10-16 09:59:00+09:00,106279531.7273156
2025-10-16 10:00:00+09:00,106279531.7273156
2025-10-16 10:01:00+09:00,106279531.7273156
2025-10-16 10:02:00+09:00,106279531.7273156
2025-10-16 10:03:00+09:00,106279531.7273156
2025-10-16 10:04:00+09:00,106279531.7273156
2025-10-16 10:05:00+09:00,106279531.7273156
2025-10-16 10:06:00+09:00,106279531.7273156
2025-10-16 10:07:00+09:00,106279531.7273156
2025-10-16 10:08:00+09:00,106279531.7273156
2025-10-16 10:09:00+09:00,106279531.7273156
2025-10-16 10:10:00+09:00,106279531.7273156
2025-10-16 10:11:00+09:00,106279531.7273156
2025-10-16 10:12:00+09:00,106279531.7273156
2025-10-16 10:13:00+09:00,106279531.7273156
2025-10-16 10:14:00+09:00,106279531.7273156
2025-10-16 10:15:00+09:00,106279531.7273156
2025-10-16 10:16:00+09:00,106279531.7273156
2025-10-16 10:17:00+09:00,106279531.7273156
2025-10-16 10:18:00+09:00,106279531.7273156
2025-10-16 10:19:00+09:00,106279531.7273156
2025-10-16 10:20:00+09:00,106279531.7273156
2025-10-16 10:21:00+09:00,106279531.7273156
2025-10-16 10:22:00+09:00,106279531.7273156
2025-10-16 10:23:00+09:00,106279531.7273156
2025-10-16 10:24:00+09:00,106279531.7273156
2025-10-16 10:25:00+09:00,106279531.7273156
2025-10-16 10:26:00+09:00,106279531.7273156
2025-10-16 10:27:00+09:00,106279531.7273156
2025-10-16 10:28:00+09:00,106279531.7273156
2025-10-16 10:29:00+09:00,106279531.7273156
2025-10-16 10:30:00+09:00,106279531.7273156
2025-10-16 10:31:00+09:00,106279531.7273156
2025-10-16 10:32:00+09:00,106279531.7273156
2025-10-16 10:33:00+09:00,106279531.7273156
2025-10-16 10:34:00+09:00,106279531.7273156
2025-10-16 10:35:00+09:00,106279531.7273156
2025-10-16 10:36:00+09:00,106279531.7273156
2025-10-16 10:37:00+09:00,106279531.7273156
2025-10-16 10:38:00+09:00,106279531.7273156
2025-10-16 10:39:00+09:00,106279531.7273156
2025-10-16 10:40:00+09:00,106279531.7273156
2025-10-16 10:41:00+09:00,106279531.7273156
2025-10-16 10:42:00+09:00,106279531.7273156
2025-10-16 10:43:00+09:00,106279531.7273156
2025-10-16 10:44:00+09:00,106279531.7273156
2025-10-16 10:45:00+09:00,106279531.7273156
2025-10-16 10:46:00+09:00,106279531.7273156
2025-10-16 10:47:00+09:00,106279531.7273156
2025-10-16 10:48:00+09:00,106279531.7273156
2025-10-16 10:49:00+09:00,106279531.7273156
2025-10-16 10:50:00+09:00,106279531.7273156
2025-10-16 10:51:00+09:00,106279531.7273156
2025-10-16 10:52:00+09:00,106279531.7273156
2025-10-16 10:53:00+09:00,106279531.7273156
2025-10-16 10:54:00+09:00,106279531.7273156
2025-10-16 10:55:00+09:00,106279531.7273156
2025-10-16 10:56:00+09:00,106279531.7273156
2025-10-16 10:57:00+09:00,106279531.7273156
2025-10-16 10:58:00+09:00,106279531.7273156
2025-10-16 10:59:00+09:00,106279531.7273156
2025-10-16 11:00:00+09:00,106279531.7273156
2025-10-16 11:01:00+09:00,106279531.7273156
2025-10-16 11:02:00+09:00,106279531.7273156
2025-10-16 11:03:00+09:00,106279531.7273156
2025-10-16 11:04:00+09:00,106279531.7273156
2025-10-16 11:05:00+09:00,106279531.7273156
2025-10-16 11:06:00+09:00,106279531.7273156
2025-10-16 11:07:00+09:00,106279531.7273156
2025-10-16 11:08:00+09:00,106279531.7273156
2025-10-16 11:09:00+09:00,106279531.7273156
2025-10-16 11:10:00+09:00,106279531.7273156
2025-10-16 11:11:00+09:00,106279531.7273156
2025-10-16 11:12:00+09:00,106279531.7273156
2025-10-16 11:13:00+09:00,106279531.7273156
2025-10-16 11:14:00+09:00,106279531.7273156
2025-10-16 11:15:00+09:00,106279531.7273156
2025-10-16 11:16:00+09:00,106279531.7273156
2025-10-16 11:17:00+09:00,106279531.7273156
2025-10-16 11:18:00+09:00,106279531.7273156
2025-10-16 11:19:00+09:00,106279531.7273156
2025-10-16 11:20:00+09:00,106279531.7273156
2025-10-16 11:21:00+09:00,106279531.7273156
2025-10-16 11:22:00+09:00,106279531.7273156
2025-10-16 11:23:00+09:00,106279531.7273156
2025-10-16 11:24:00+09:00,106279531.7273156
2025-10-16 11:25:00+09:00,106279531.7273156
2025-10-16 11:26:00+09:00,106279531.7273156
2025-10-16 11:27:00+09:00,106279531.7273156
2025-10-16 11:28:00+09:00,106279531.7273156
2025-10-16 11:29:00+09:00,106279531.7273156
2025-10-16 11:30:00+09:00,106279531.7273156
2025-10-16 11:31:00+09:00,106279531.7273156
2025-10-16 11:32:00+09:00,106279531.7273156
2025-10-16 11:33:00+09:00,106279531.7273156
2025-10-16 11:34:00+09:00,106279531.7273156
2025-10-16 11:35:00+09:00,106279531.7273156
2025-10-16 11:36:00+09:00,106279531.7273156
2025-10-16 11:37:00+09:00,106279531.7273156
2025-10-16 11:38:00+09:00,106279531.7273156
2025-10-16 11:39:00+09:00,106279531.7273156
2025-10-16 11:40:00+09:00,106279531.7273156
2025-10-16 11:41:00+09:00,106279531.7273156
2025-10-16 11:42:00+09:00,106279531.7273156
2025-10-16 11:43:00+09:00,106279531.7273156
2025-10-16 11:44:00+09:00,106279531.7273156
2025-10-16 11:45:00+09:00,106279531.7273156
2025-10-16 11:46:00+09:00,106279531.7273156
2025-10-16 11:47:00+09:00,106279531.7273156
2025-10-16 11:48:00+09:00,106279531.7273156
2025-10-16 11:49:00+09:00,106279531.7273156
2025-10-16 11:50:00+09:00,106279531.7273156
2025-10-16 11:51:00+09:00,106279531.7273156
2025-10-16 11:52:00+09:00,106279531.7273156
2025-10-16 11:53:00+09:00,106279531.7273156
2025-10-16 11:54:00+09:00,106279531.7273156
2025-10-16 11:55:00+09:00,106279531.7273156
2025-10-16 11:56:00+09:00,106279531.7273156
2025-10-16 11:57:00+09:00,106279531.7273156
2025-10-16 11:58:00+09:00,106279531.7273156
2025-10-16 11:59:00+09:00,106237019.91462468
2025-10-16 12:00:00+09:00,106237019.91462468
2025-10-16 12:01:00+09:00,106345757.90839604
2025-10-16 12:02:00+09:00,106345757.90839604
2025-10-16 12:03:00+09:00,106237019.91462466
2025-10-16 12:04:00+09:00,106128281.9208533
2025-10-16 12:05:00+09:00,106237019.91462468
2025-10-16 12:06:00+09:00,106237019.91462468
2025-10-16 12:07:00+09:00,106345757.90839604
2025-10-16 12:08:00+09:00,106454495.9021674
2025-10-16 12:09:00+09:00,106345757.90839602
2025-10-16 12:10:00+09:00,106671971.88971011
2025-10-16 12:11:00+09:00,107106923.86479557
2025-10-16 12:12:00+09:00,106889447.87725283
2025-10-16 12:13:00+09:00,106780709.88348146
2025-10-16 12:14:00+09:00,106671971.8897101
2025-10-16 12:15:00+09:00,106671971.8897101
2025-10-16 12:16:00+09:00,106237019.91462465
2025-10-16 12:17:00+09:00,106345757.908396
2025-10-16 12:18:00+09:00,106563233.89593874
2025-10-16 12:19:00+09:00,106563233.89593874
2025-10-16 12:20:00+09:00,106454495.90216736
2025-10-16 12:21:00+09:00,106454495.90216736
2025-10-16 12:22:00+09:00,106563233.89593872
2025-10-16 12:23:00+09:00,106237019.91462462
2025-10-16 12:24:00+09:00,106128281.92085326
2025-10-16 12:25:00+09:00,106128281.92085326
2025-10-16 12:26:00+09:00,106019543.9270819
2025-10-16 12:27:00+09:00,106019543.9270819
2025-10-16 12:28:00+09:00,105733291.15847877
2025-10-16 12:29:00+09:00,105733291.15847877
2025-10-16 12:30:00+09:00,105733291.15847877
2025-10-16 12:31:00+09:00,105733291.15847877
2025-10-16 12:32:00+09:00,105733291.15847877
2025-10-16 12:33:00+09:00,105733291.15847877
2025-10-16 12:34:00+09:00,105733291.15847877
2025-10-16 12:35:00+09:00,105733291.15847877
2025-10-16 12:36:00+09:00,105733291.15847877
2025-10-16 12:37:00+09:00,105733291.15847877
2025-10-16 12:38:00+09:00,105733291.15847877
2025-10-16 12:39:00+09:00,105690997.84201539
2025-10-16 12:40:00+09:00,105799066.34696631
2025-10-16 12:41:00+09:00,106015203.3568682
2025-10-16 12:42:00+09:00,106123271.86181913
2025-10-16 12:43:00+09:00,106123271.86181913
2025-10-16 12:44:00+09:00,106015203.35686821
2025-10-16 12:45:00+09:00,105907134.85191727
2025-10-16 12:46:00+09:00,105690997.84201539
2025-10-16 12:47:00+09:00,105690997.84201539
2025-10-16 12:48:00+09:00,105690997.84201539
2025-10-16 12:49:00+09:00,105690997.84201539
2025-10-16 12:50:00+09:00,105799066.34696631
2025-10-16 12:51:00+09:00,105474860.8321135
2025-10-16 12:52:00+09:00,105582929.33706445
2025-10-16 12:53:00+09:00,105190078.70786679
2025-10-16 12:54:00+09:00,105190078.70786679
2025-10-16 12:55:00+09:00,105190078.70786679
2025-10-16 12:56:00+09:00,105190078.70786679
2025-10-16 12:57:00+09:00,105190078.70786679
2025-10-16 12:58:00+09:00,105190078.70786679
2025-10-16 12:59:00+09:00,105190078.70786679
2025-10-16 13:00:00+09:00,105190078.70786679
2025-10-16 13:01:00+09:00,105190078.70786679
2025-10-16 13:02:00+09:00,105190078.70786679
2025-10-16 13:03:00+09:00,105190078.70786679
2025-10-16 13:04:00+09:00,105190078.70786679
2025-10-16 13:05:00+09:00,105190078.70786679
2025-10-16 13:06:00+09:00,105190078.70786679
2025-10-16 13:07:00+09:00,105190078.70786679
2025-10-16 13:08:00+09:00,105190078.70786679
2025-10-16 13:09:00+09:00,105190078.70786679
2025-10-16 13:10:00+09:00,105190078.70786679
2025-10-16 13:11:00+09:00,105190078.70786679
2025-10-16 13:12:00+09:00,105190078.70786679
2025-10-16 13:13:00+09:00,105190078.70786679
2025-10-16 13:14:00+09:00,105190078.70786679
2025-10-16 13:15:00+09:00,105190078.70786679
2025-10-16 13:16:00+09:00,105190078.70786679
2025-10-16 13:17:00+09:00,105190078.70786679
2025-10-16 13:18:00+09:00,105190078.70786679
2025-10-16 13:19:00+09:00,105190078.70786679
2025-10-16 13:20:00+09:00,105190078.70786679
2025-10-16 13:21:00+09:00,105190078.70786679
2025-10-16 13:22:00+09:00,105190078.70786679
2025-10-16 13:23:00+09:00,105190078.70786679
2025-10-16 13:24:00+09:00,105190078.70786679
2025-10-16 13:25:00+09:00,105190078.70786679
2025-10-16 13:26:00+09:00,105190078.70786679
2025-10-16 13:27:00+09:00,105190078.70786679
2025-10-16 13:28:00+09:00,105190078.70786679
2025-10-16 13:29:00+09:00,105190078.70786679
2025-10-16 13:30:00+09:00,105190078.70786679
2025-10-16 13:31:00+09:00,105190078.70786679
2025-10-16 13:32:00+09:00,105190078.70786679
2025-10-16 13:33:00+09:00,105190078.70786679
2025-10-16 13:34:00+09:00,105190078.70786679
2025-10-16 13:35:00+09:00,105190078.70786679
2025-10-16 13:36:00+09:00,105190078.70786679
2025-10-16 13:37:00+09:00,105190078.70786679
2025-10-16 13:38:00+09:00,105190078.70786679
2025-10-16 13:39:00+09:00,105190078.70786679
2025-10-16 13:40:00+09:00,105190078.70786679
2025-10-16 13:41:00+09:00,105190078.70786679
2025-10-16 13:42:00+09:00,105190078.70786679
2025-10-16 13:43:00+09:00,105190078.70786679
2025-10-16 13:44:00+09:00,105190078.70786679
2025-10-16 13:45:00+09:00,105190078.70786679
2025-10-16 13:46:00+09:00,105190078.70786679
2025-10-16 13:47:00+09:00,105190078.70786679
2025-10-16 13:48:00+09:00,105190078.70786679
2025-10-16 13:49:00+09:00,105190078.70786679
2025-10-16 13:50:00+09:00,105190078.70786679
2025-10-16 13:51:00+09:00,105190078.70786679
2025-10-16 13:52:00+09:00,105190078.70786679
2025-10-16 13:53:00+09:00,105190078.70786679
2025-10-16 13:54:00+09:00,105190078.70786679
2025-10-16 13:55:00+09:00,105190078.70786679
2025-10-16 13:56:00+09:00,105190078.70786679
2025-10-16 13:57:00+09:00,105190078.70786679
2025-10-16 13:58:00+09:00,105190078.70786679
2025-10-16 13:59:00+09:00,105190078.70786679
2025-10-16 14:00:00+09:00,105190078.70786679
2025-10-16 14:01:00+09:00,105190078.70786679
2025-10-16 14:02:00+09:00,105190078.70786679
2025-10-16 14:03:00+09:00,105190078.70786679
2025-10-16 14:04:00+09:00,105190078.70786679
2025-10-16 14:05:00+09:00,105190078.70786679
2025-10-16 14:06:00+09:00,105190078.70786679
2025-10-16 14:07:00+09:00,105190078.70786679
2025-10-16 14:08:00+09:00,105190078.70786679
2025-10-16 14:09:00+09:00,105190078.70786679
2025-10-16 14:10:00+09:00,105190078.70786679
2025-10-16 14:11:00+09:00,105190078.70786679
2025-10-16 14:12:00+09:00,105190078.70786679
2025-10-16 14:13:00+09:00,105190078.70786679
2025-10-16 14:14:00+09:00,105190078.70786679
2025-10-16 14:15:00+09:00,105190078.70786679
2025-10-16 14:16:00+09:00,105190078.70786679
2025-10-16 14:17:00+09:00,105190078.70786679
2025-10-16 14:18:00+09:00,105190078.70786679
2025-10-16 14:19:00+09:00,105190078.70786679
2025-10-16 14:20:00+09:00,105190078.70786679
2025-10-16 14:21:00+09:00,105190078.70786679
2025-10-16 14:22:00+09:00,105190078.70786679
2025-10-16 14:23:00+09:00,105190078.70786679
2025-10-16 14:24:00+09:00,105190078.70786679
2025-10-16 14:25:00+09:00,105190078.70786679
2025-10-16 14:26:00+09:00,105190078.70786679
2025-10-16 14:27:00+09:00,105190078.70786679
2025-10-16 14:28:00+09:00,105190078.70786679
2025-10-16 14:29:00+09:00,105190078.70786679
2025-10-16 14:30:00+09:00,105190078.70786679
2025-10-16 14:31:00+09:00,105190078.70786679
2025-10-16 14:32:00+09:00,105190078.70786679
2025-10-16 14:33:00+09:00,105190078.70786679
2025-10-16 14:34:00+09:00,105190078.70786679
2025-10-16 14:35:00+09:00,105190078.70786679
2025-10-16 14:36:00+09:00,105190078.70786679
2025-10-16 14:37:00+09:00,105190078.70786679
2025-10-16 14:38:00+09:00,105190078.70786679
2025-10-16 14:39:00+09:00,105190078.70786679
2025-10-16 14:40:00+09:00,105190078.70786679
2025-10-16 14:41:00+09:00,105190078.70786679
2025-10-16 14:42:00+09:00,105190078.70786679
2025-10-16 14:43:00+09:00,105190078.70786679
2025-10-16 14:44:00+09:00,105190078.70786679
2025-10-16 14:45:00+09:00,105190078.70786679
2025-10-16 14:46:00+09:00,105190078.70786679
2025-10-16 14:47:00+09:00,105190078.70786679
2025-10-16 14:48:00+09:00,105190078.70786679
2025-10-16 14:49:00+09:00,105190078.70786679
2025-10-16 14:50:00+09:00,105190078.70786679
2025-10-16 14:51:00+09:00,105190078.70786679
2025-10-16 14:52:00+09:00,105190078.70786679
2025-10-16 14:53:00+09:00,105190078.70786679
2025-10-16 14:54:00+09:00,105190078.70786679
2025-10-16 14:55:00+09:00,105190078.70786679
2025-10-16 14:56:00+09:00,105190078.70786679
2025-10-16 14:57:00+09:00,105190078.70786679
2025-10-16 14:58:00+09:00,105190078.70786679
2025-10-16 14:59:00+09:00,105190078.70786679
2025-10-16 15:00:00+09:00,105190078.70786679
2025-10-16 15:01:00+09:00,105190078.70786679
2025-10-16 15:02:00+09:00,105190078.70786679
2025-10-16 15:03:00+09:00,105190078.70786679
2025-10-16 15:04:00+09:00,105190078.70786679
2025-10-16 15:05:00+09:00,105190078.70786679
2025-10-16 15:06:00+09:00,105190078.70786679
2025-10-16 15:07:00+09:00,105190078.70786679
2025-10-16 15:08:00+09:00,105190078.70786679
2025-10-16 15:09:00+09:00,105190078.70786679
2025-10-16 15:10:00+09:00,105190078.70786679
2025-10-16 15:11:00+09:00,105190078.70786679
2025-10-16 15:12:00+09:00,105190078.70786679
2025-10-16 15:13:00+09:00,105190078.70786679
2025-10-16 15:14:00+09:00,105190078.70786679
2025-10-16 15:15:00+09:00,105190078.70786679
2025-10-16 15:16:00+09:00,105190078.70786679
2025-10-16 15:17:00+09:00,105190078.70786679
2025-10-16 15:18:00+09:00,105190078.70786679
2025-10-16 15:19:00+09:00,105190078.70786679
2025-10-16 15:30:00+09:00,105190078.70786679
2025-10-16 15:35:00+09:00,105190078.70786679
2025-10-17 09:00:00+09:00,105190078.70786679
2025-10-17 09:01:00+09:00,105190078.70786679
2025-10-17 09:02:00+09:00,105148002.67638364
2025-10-17 09:03:00+09:00,105793742.71329081
2025-10-17 09:04:00+09:00,105686119.37380628
2025-10-17 09:05:00+09:00,105148002.67638364
2025-10-17 09:06:00+09:00,104287015.96050742
2025-10-17 09:07:00+09:00,103748899.26308478
2025-10-17 09:08:00+09:00,103210782.56566215
2025-10-17 09:09:00+09:00,102180784.15745942
2025-10-17 09:10:00+09:00,102180784.15745942
2025-10-17 09:11:00+09:00,102180784.15745942
2025-10-17 09:12:00+09:00,102180784.15745942
2025-10-17 09:13:00+09:00,102180784.15745942
2025-10-17 09:14:00+09:00,102180784.15745942
2025-10-17 09:15:00+09:00,102180784.15745942
2025-10-17 09:16:00+09:00,102180784.15745942
2025-10-17 09:17:00+09:00,102180784.15745942
2025-10-17 09:18:00+09:00,102180784.15745942
2025-10-17 09:19:00+09:00,102180784.15745942
2025-10-17 09:20:00+09:00,102180784.15745942
2025-10-17 09:21:00+09:00,102180784.15745942
2025-10-17 09:22:00+09:00,102180784.15745942
2025-10-17 09:23:00+09:00,102180784.15745942
2025-10-17 09:24:00+09:00,102180784.15745942
2025-10-17 09:25:00+09:00,102180784.15745942
2025-10-17 09:26:00+09:00,102180784.15745942
2025-10-17 09:27:00+09:00,102180784.15745942
2025-10-17 09:28:00+09:00,102180784.15745942
2025-10-17 09:29:00+09:00,102180784.15745942
2025-10-17 09:30:00+09:00,102180784.15745942
2025-10-17 09:31:00+09:00,102180784.15745942
2025-10-17 09:32:00+09:00,102180784.15745942
2025-10-17 09:33:00+09:00,102180784.15745942
2025-10-17 09:34:00+09:00,102180784.15745942
2025-10-17 09:35:00+09:00,102180784.15745942
2025-10-17 09:36:00+09:00,102180784.15745942
2025-10-17 09:37:00+09:00,102180784.15745942
2025-10-17 09:38:00+09:00,102180784.15745942
2025-10-17 09:39:00+09:00,102180784.15745942
2025-10-17 09:40:00+09:00,102180784.15745942
2025-10-17 09:41:00+09:00,102180784.15745942
2025-10-17 09:42:00+09:00,102180784.15745942
2025-10-17 09:43:00+09:00,102180784.15745942
2025-10-17 09:44:00+09:00,102180784.15745942
2025-10-17 09:45:00+09:00,102180784.15745942
2025-10-17 09:46:00+09:00,102180784.15745942
2025-10-17 09:47:00+09:00,102180784.15745942
2025-10-17 09:48:00+09:00,102180784.15745942
2025-10-17 09:49:00+09:00,102180784.15745942
2025-10-17 09:50:00+09:00,102180784.15745942
2025-10-17 09:51:00+09:00,102180784.15745942
2025-10-17 09:52:00+09:00,102180784.15745942
2025-10-17 09:53:00+09:00,102180784.15745942
2025-10-17 09:54:00+09:00,102180784.15745942
2025-10-17 09:55:00+09:00,102139911.84379645
2025-10-17 09:56:00+09:00,101928442.0470184
2025-10-17 09:57:00+09:00,101716972.25024034
2025-10-17 09:58:00+09:00,101505502.4534623
2025-10-17 09:59:00+09:00,101082562.85990621
2025-10-17 10:00:00+09:00,101505502.4534623
2025-10-17 10:01:00+09:00,101231437.59683795
2025-10-17 10:02:00+09:00,101231437.59683795
2025-10-17 10:03:00+09:00,101231437.59683795
2025-10-17 10:04:00+09:00,101231437.59683795
2025-10-17 10:05:00+09:00,101231437.59683795
2025-10-17 10:06:00+09:00,101231437.59683795
2025-10-17 10:07:00+09:00,101231437.59683795
2025-10-17 10:08:00+09:00,101231437.59683795
2025-10-17 10:09:00+09:00,101231437.59683795
2025-10-17 10:10:00+09:00,101231437.59683795
2025-10-17 10:11:00+09:00,101231437.59683795
2025-10-17 10:12:00+09:00,101231437.59683795
2025-10-17 10:13:00+09:00,101231437.59683795
2025-10-17 10:14:00+09:00,101231437.59683795
2025-10-17 10:15:00+09:00,101231437.59683795
2025-10-17 10:16:00+09:00,101231437.59683795
2025-10-17 10:17:00+09:00,101231437.59683795
2025-10-17 10:18:00+09:00,101231437.59683795
2025-10-17 10:19:00+09:00,101231437.59683795
2025-10-17 10:20:00+09:00,101231437.59683795
2025-10-17 10:21:00+09:00,101231437.59683795
2025-10-17 10:22:00+09:00,101231437.59683795
2025-10-17 10:23:00+09:00,101231437.59683795
2025-10-17 10:24:00+09:00,101231437.59683795
2025-10-17 10:25:00+09:00,101231437.59683795
2025-10-17 10:26:00+09:00,101231437.59683795
2025-10-17 10:27:00+09:00,101231437.59683795
2025-10-17 10:28:00+09:00,101231437.59683795
2025-10-17 10:29:00+09:00,101231437.59683795
2025-10-17 10:30:00+09:00,101231437.59683795
2025-10-17 10:31:00+09:00,101231437.59683795
2025-10-17 10:32:00+09:00,101231437.59683795
2025-10-17 10:33:00+09:00,101231437.59683795
2025-10-17 10:34:00+09:00,101231437.59683795
2025-10-17 10:35:00+09:00,101231437.59683795
2025-10-17 10:36:00+09:00,101231437.59683795
2025-10-17 10:37:00+09:00,101231437.59683795
2025-10-17 10:38:00+09:00,101231437.59683795
2025-10-17 10:39:00+09:00,101231437.59683795
2025-10-17 10:40:00+09:00,101231437.59683795
2025-10-17 10:41:00+09:00,101231437.59683795
2025-10-17 10:42:00+09:00,101231437.59683795
2025-10-17 10:43:00+09:00,101231437.59683795
2025-10-17 10:44:00+09:00,101231437.59683795
2025-10-17 10:45:00+09:00,101231437.59683795
2025-10-17 10:46:00+09:00,101231437.59683795
2025-10-17 10:47:00+09:00,101231437.59683795
2025-10-17 10:48:00+09:00,101231437.59683795
2025-10-17 10:49:00+09:00,101231437.59683795
2025-10-17 10:50:00+09:00,101231437.59683795
2025-10-17 10:51:00+09:00,101231437.59683795
2025-10-17 10:52:00+09:00,101231437.59683795
2025-10-17 10:53:00+09:00,101231437.59683795
2025-10-17 10:54:00+09:00,101231437.59683795
2025-10-17 10:55:00+09:00,101231437.59683795
2025-10-17 10:56:00+09:00,101231437.59683795
2025-10-17 10:57:00+09:00,101231437.59683795
2025-10-17 10:58:00+09:00,101231437.59683795
2025-10-17 10:59:00+09:00,101231437.59683795
2025-10-17 11:00:00+09:00,101231437.59683795
2025-10-17 11:01:00+09:00,101231437.59683795
2025-10-17 11:02:00+09:00,101231437.59683795
2025-10-17 11:03:00+09:00,101231437.59683795
2025-10-17 11:04:00+09:00,101231437.59683795
2025-10-17 11:05:00+09:00,101231437.59683795
2025-10-17 11:06:00+09:00,101231437.59683795
2025-10-17 11:07:00+09:00,101231437.59683795
2025-10-17 11:08:00+09:00,101231437.59683795
2025-10-17 11:09:00+09:00,101231437.59683795
2025-10-17 11:10:00+09:00,101231437.59683795
2025-10-17 11:11:00+09:00,101231437.59683795
2025-10-17 11:12:00+09:00,101231437.59683795
2025-10-17 11:13:00+09:00,101231437.59683795
2025-10-17 11:14:00+09:00,101231437.59683795
2025-10-17 11:15:00+09:00,101231437.59683795
2025-10-17 11:16:00+09:00,101231437.59683795
2025-10-17 11:17:00+09:00,101231437.59683795
2025-10-17 11:18:00+09:00,101231437.59683795
2025-10-17 11:19:00+09:00,101231437.59683795
2025-10-17 11:20:00+09:00,101231437.59683795
2025-10-17 11:21:00+09:00,101231437.59683795
2025-10-17 11:22:00+09:00,101231437.59683795
2025-10-17 11:23:00+09:00,101231437.59683795
2025-10-17 11:24:00+09:00,101231437.59683795
2025-10-17 11:25:00+09:00,101231437.59683795
2025-10-17 11:26:00+09:00,101231437.59683795
2025-10-17 11:27:00+09:00,101231437.59683795
2025-10-17 11:28:00+09:00,101231437.59683795
2025-10-17 11:29:00+09:00,101231437.59683795
2025-10-17 11:30:00+09:00,101231437.59683795
2025-10-17 11:31:00+09:00,101231437.59683795
2025-10-17 11:32:00+09:00,101231437.59683795
2025-10-17 11:33:00+09:00,101231437.59683795
2025-10-17 11:34:00+09:00,101231437.59683795
2025-10-17 11:35:00+09:00,101231437.59683795
2025-10-17 11:36:00+09:00,101231437.59683795
2025-10-17 11:37:00+09:00,101231437.59683795
2025-10-17 11:38:00+09:00,101231437.59683795
2025-10-17 11:39:00+09:00,101231437.59683795
2025-10-17 11:40:00+09:00,101231437.59683795
2025-10-17 11:41:00+09:00,101231437.59683795
2025-10-17 11:42:00+09:00,101231437.59683795
2025-10-17 11:43:00+09:00,101231437.59683795
2025-10-17 11:44:00+09:00,101231437.59683795
2025-10-17 11:45:00+09:00,101231437.59683795
2025-10-17 11:46:00+09:00,101231437.59683795
2025-10-17 11:47:00+09:00,101231437.59683795
2025-10-17 11:48:00+09:00,101231437.59683795
2025-10-17 11:49:00+09:00,101231437.59683795
2025-10-17 11:50:00+09:00,101231437.59683795
2025-10-17 11:51:00+09:00,101231437.59683795
2025-10-17 11:52:00+09:00,101231437.59683795
2025-10-17 11:53:00+09:00,101231437.59683795
2025-10-17 11:54:00+09:00,101231437.59683795
2025-10-17 11:55:00+09:00,101231437.59683795
2025-10-17 11:56:00+09:00,101231437.59683795
2025-10-17 11:57:00+09:00,101231437.59683795
2025-10-17 11:58:00+09:00,101231437.59683795
2025-10-17 11:59:00+09:00,101231437.59683795
2025-10-17 12:00:00+09:00,101231437.59683795
2025-10-17 12:01:00+09:00,101231437.59683795
2025-10-17 12:02:00+09:00,101231437.59683795
2025-10-17 12:03:00+09:00,101231437.59683795
2025-10-17 12:04:00+09:00,101231437.59683795
2025-10-17 12:05:00+09:00,101231437.59683795
2025-10-17 12:06:00+09:00,101231437.59683795
2025-10-17 12:07:00+09:00,101231437.59683795
2025-10-17 12:08:00+09:00,101231437.59683795
2025-10-17 12:09:00+09:00,101231437.59683795
2025-10-17 12:10:00+09:00,101231437.59683795
2025-10-17 12:11:00+09:00,101231437.59683795
2025-10-17 12:12:00+09:00,101231437.59683795
2025-10-17 12:13:00+09:00,101231437.59683795
2025-10-17 12:14:00+09:00,101231437.59683795
2025-10-17 12:15:00+09:00,101231437.59683795
2025-10-17 12:16:00+09:00,101231437.59683795
2025-10-17 12:17:00+09:00,101231437.59683795
2025-10-17 12:18:00+09:00,101231437.59683795
2025-10-17 12:19:00+09:00,101231437.59683795
2025-10-17 12:20:00+09:00,101231437.59683795
2025-10-17 12:21:00+09:00,101231437.59683795
2025-10-17 12:22:00+09:00,101231437.59683795
2025-10-17 12:23:00+09:00,101231437.59683795
2025-10-17 12:24:00+09:00,101231437.59683795
2025-10-17 12:25:00+09:00,101231437.59683795
2025-10-17 12:26:00+09:00,101231437.59683795
2025-10-17 12:27:00+09:00,101231437.59683795
2025-10-17 12:28:00+09:00,101231437.59683795
2025-10-17 12:29:00+09:00,101231437.59683795
2025-10-17 12:30:00+09:00,101231437.59683795
2025-10-17 12:31:00+09:00,101231437.59683795
2025-10-17 12:32:00+09:00,101231437.59683795
2025-10-17 12:33:00+09:00,101231437.59683795
2025-10-17 12:34:00+09:00,101231437.59683795
2025-10-17 12:35:00+09:00,101231437.59683795
2025-10-17 12:36:00+09:00,101231437.59683795
2025-10-17 12:37:00+09:00,101231437.59683795
2025-10-17 12:38:00+09:00,101231437.59683795
2025-10-17 12:39:00+09:00,101231437.59683795
2025-10-17 12:40:00+09:00,101231437.59683795
2025-10-17 12:41:00+09:00,101231437.59683795
2025-10-17 12:42:00+09:00,101231437.59683795
2025-10-17 12:43:00+09:00,101231437.59683795
2025-10-17 12:44:00+09:00,101231437.59683795
2025-10-17 12:45:00+09:00,101231437.59683795
2025-10-17 12:46:00+09:00,101231437.59683795
2025-10-17 12:47:00+09:00,101231437.59683795
2025-10-17 12:48:00+09:00,101190945.02179922
2025-10-17 12:49:00+09:00,101190945.02179922
2025-10-17 12:50:00+09:00,101190945.02179922
2025-10-17 12:51:00+09:00,101410210.34145643
2025-10-17 12:52:00+09:00,101300577.68162782
2025-10-17 12:53:00+09:00,101300577.68162782
2025-10-17 12:54:00+09:00,101300577.68162782
2025-10-17 12:55:00+09:00,101190945.02179922
2025-10-17 12:56:00+09:00,101081312.36197062
2025-10-17 12:57:00+09:00,101081312.36197062
2025-10-17 12:58:00+09:00,100808392.8185933
2025-10-17 12:59:00+09:00,100808392.8185933
2025-10-17 13:00:00+09:00,100808392.8185933
2025-10-17 13:01:00+09:00,100808392.8185933
2025-10-17 13:02:00+09:00,100808392.8185933
2025-10-17 13:03:00+09:00,100808392.8185933
2025-10-17 13:04:00+09:00,100808392.8185933
2025-10-17 13:05:00+09:00,100808392.8185933
2025-10-17 13:06:00+09:00,100808392.8185933
2025-10-17 13:07:00+09:00,100808392.8185933
2025-10-17 13:08:00+09:00,100808392.8185933
2025-10-17 13:09:00+09:00,100768069.46146587
2025-10-17 13:10:00+09:00,100768069.46146587
2025-10-17 13:11:00+09:00,100768069.46146587
2025-10-17 13:12:00+09:00,100768069.46146587
2025-10-17 13:13:00+09:00,100768069.46146587
2025-10-17 13:14:00+09:00,100658894.95500708
2025-10-17 13:15:00+09:00,100768069.46146587
2025-10-17 13:16:00+09:00,100278236.20333719
2025-10-17 13:17:00+09:00,100278236.20333719
2025-10-17 13:18:00+09:00,100278236.20333719
2025-10-17 13:19:00+09:00,100278236.20333719
2025-10-17 13:20:00+09:00,100278236.20333719
2025-10-17 13:21:00+09:00,100278236.20333719
2025-10-17 13:22:00+09:00,100278236.20333719
2025-10-17 13:23:00+09:00,100278236.20333719
2025-10-17 13:24:00+09:00,100278236.20333719
2025-10-17 13:25:00+09:00,100278236.20333719
2025-10-17 13:26:00+09:00,100278236.20333719
2025-10-17 13:27:00+09:00,100278236.20333719
2025-10-17 13:28:00+09:00,100278236.20333719
2025-10-17 13:29:00+09:00,100278236.20333719
2025-10-17 13:30:00+09:00,100278236.20333719
2025-10-17 13:31:00+09:00,100278236.20333719
2025-10-17 13:32:00+09:00,100278236.20333719
2025-10-17 13:33:00+09:00,100278236.20333719
2025-10-17 13:34:00+09:00,100278236.20333719
2025-10-17 13:35:00+09:00,100278236.20333719
2025-10-17 13:36:00+09:00,100278236.20333719
2025-10-17 13:37:00+09:00,100278236.20333719
2025-10-17 13:38:00+09:00,100278236.20333719
2025-10-17 13:39:00+09:00,100278236.20333719
2025-10-17 13:40:00+09:00,100278236.20333719
2025-10-17 13:41:00+09:00,100278236.20333719
2025-10-17 13:42:00+09:00,100278236.20333719
2025-10-17 13:43:00+09:00,100278236.20333719
2025-10-17 13:44:00+09:00,100278236.20333719
2025-10-17 13:45:00+09:00,100278236.20333719
2025-10-17 13:46:00+09:00,100278236.20333719
2025-10-17 13:47:00+09:00,100278236.20333719
2025-10-17 13:48:00+09:00,100278236.20333719
2025-10-17 13:49:00+09:00,100278236.20333719
2025-10-17 13:50:00+09:00,100278236.20333719
2025-10-17 13:51:00+09:00,100278236.20333719
2025-10-17 13:52:00+09:00,100278236.20333719
2025-10-17 13:53:00+09:00,100278236.20333719
2025-10-17 13:54:00+09:00,100278236.20333719
2025-10-17 13:55:00+09:00,100278236.20333719
2025-10-17 13:56:00+09:00,100278236.20333719
2025-10-17 13:57:00+09:00,100278236.20333719
2025-10-17 13:58:00+09:00,100278236.20333719
2025-10-17 13:59:00+09:00,100278236.20333719
2025-10-17 14:00:00+09:00,100278236.20333719
2025-10-17 14:01:00+09:00,100278236.20333719
2025-10-17 14:02:00+09:00,100278236.20333719
2025-10-17 14:03:00+09:00,100278236.20333719
2025-10-17 14:04:00+09:00,100278236.20333719
2025-10-17 14:05:00+09:00,100278236.20333719
2025-10-17 14:06:00+09:00,100278236.20333719
2025-10-17 14:07:00+09:00,100278236.20333719
2025-10-17 14:08:00+09:00,100278236.20333719
2025-10-17 14:09:00+09:00,100278236.20333719
2025-10-17 14:10:00+09:00,100278236.20333719
2025-10-17 14:11:00+09:00,100278236.20333719
2025-10-17 14:12:00+09:00,100278236.20333719
2025-10-17 14:13:00+09:00,100278236.20333719
2025-10-17 14:14:00+09:00,100278236.20333719
2025-10-17 14:15:00+09:00,100278236.20333719
2025-10-17 14:16:00+09:00,100278236.20333719
2025-10-17 14:17:00+09:00,100278236.20333719
2025-10-17 14:18:00+09:00,100278236.20333719
2025-10-17 14:19:00+09:00,100278236.20333719
2025-10-17 14:20:00+09:00,100278236.20333719
2025-10-17 14:21:00+09:00,100278236.20333719
2025-10-17 14:22:00+09:00,100278236.20333719
2025-10-17 14:23:00+09:00,100278236.20333719
2025-10-17 14:24:00+09:00,100278236.20333719
2025-10-17 14:25:00+09:00,100278236.20333719
2025-10-17 14:26:00+09:00,100278236.20333719
2025-10-17 14:27:00+09:00,100278236.20333719
2025-10-17 14:28:00+09:00,100278236.20333719
2025-10-17 14:29:00+09:00,100278236.20333719
2025-10-17 14:30:00+09:00,100278236.20333719
2025-10-17 14:31:00+09:00,100278236.20333719
2025-10-17 14:32:00+09:00,100278236.20333719
2025-10-17 14:33:00+09:00,100278236.20333719
2025-10-17 14:34:00+09:00,100278236.20333719
2025-10-17 14:35:00+09:00,100278236.20333719
2025-10-17 14:36:00+09:00,100278236.20333719
2025-10-17 14:37:00+09:00,100278236.20333719
2025-10-17 14:38:00+09:00,100278236.20333719
2025-10-17 14:39:00+09:00,100278236.20333719
2025-10-17 14:40:00+09:00,100278236.20333719
2025-10-17 14:41:00+09:00,100278236.20333719
2025-10-17 14:42:00+09:00,100278236.20333719
2025-10-17 14:43:00+09:00,100278236.20333719
2025-10-17 14:44:00+09:00,100278236.20333719
2025-10-17 14:45:00+09:00,100278236.20333719
2025-10-17 14:46:00+09:00,100278236.20333719
2025-10-17 14:47:00+09:00,100278236.20333719
2025-10-17 14:48:00+09:00,100278236.20333719
2025-10-17 14:49:00+09:00,100278236.20333719
2025-10-17 14:50:00+09:00,100278236.20333719
2025-10-17 14:51:00+09:00,100278236.20333719
2025-10-17 14:52:00+09:00,100278236.20333719
2025-10-17 14:53:00+09:00,100278236.20333719
2025-10-17 14:54:00+09:00,100278236.20333719
2025-10-17 14:55:00+09:00,100278236.20333719
2025-10-17 14:56:00+09:00,100278236.20333719
2025-10-17 14:57:00+09:00,100278236.20333719
2025-10-17 14:58:00+09:00,100278236.20333719
2025-10-17 14:59:00+09:00,100278236.20333719
2025-10-17 15:00:00+09:00,100278236.20333719
2025-10-17 15:01:00+09:00,100278236.20333719
2025-10-17 15:02:00+09:00,100278236.20333719
2025-10-17 15:03:00+09:00,100278236.20333719
2025-10-17 15:04:00+09:00,100278236.20333719
2025-10-17 15:05:00+09:00,100278236.20333719
2025-10-17 15:06:00+09:00,100278236.20333719
2025-10-17 15:07:00+09:00,100278236.20333719
2025-10-17 15:08:00+09:00,100278236.20333719
2025-10-17 15:09:00+09:00,100278236.20333719
2025-10-17 15:10:00+09:00,100278236.20333719
2025-10-17 15:11:00+09:00,100278236.20333719
2025-10-17 15:12:00+09:00,100278236.20333719
2025-10-17 15:13:00+09:00,100278236.20333719
2025-10-17 15:14:00+09:00,100238124.90885586
2025-10-17 15:15:00+09:00,99800403.83938487
2025-10-17 15:16:00+09:00,99800403.83938487
2025-10-17 15:17:00+09:00,99581543.30464938
2025-10-17 15:18:00+09:00,99362682.7699139
2025-10-17 15:19:00+09:00,99800403.83938488
2025-10-17 15:30:00+09:00,99530942.74901854
2025-10-17 15:35:00+09:00,99530942.74901854
2025-10-20 09:00:00+09:00,99530942.74901854
2025-10-20 09:01:00+09:00,99530942.74901854
2025-10-20 09:02:00+09:00,99530942.74901854
2025-10-20 09:03:00+09:00,99530942.74901854
2025-10-20 09:04:00+09:00,99530942.74901854
2025-10-20 09:05:00+09:00,99530942.74901854
2025-10-20 09:06:00+09:00,99530942.74901854
2025-10-20 09:07:00+09:00,99530942.74901854
2025-10-20 09:08:00+09:00,99530942.74901854
2025-10-20 09:09:00+09:00,99491130.37191893
2025-10-20 09:10:00+09:00,99491130.37191893
2025-10-20 09:11:00+09:00,99177278.22563528
2025-10-20 09:12:00+09:00,99909599.90029714
2025-10-20 09:13:00+09:00,100014217.2823917
2025-10-20 09:14:00+09:00,100955773.72124265
2025-10-20 09:15:00+09:00,100223452.04658079
2025-10-20 09:16:00+09:00,100118834.66448624
2025-10-20 09:17:00+09:00,99804982.51820259
2025-10-20 09:18:00+09:00,101269625.86752631
2025-10-20 09:19:00+09:00,101478860.6317154
2025-10-20 09:20:00+09:00,100851156.33914809
2025-10-20 09:21:00+09:00,100223452.04658078
2025-10-20 09:22:00+09:00,100432686.81076989
2025-10-20 09:23:00+09:00,100851156.33914809
2025-10-20 09:24:00+09:00,100432686.81076989
2025-10-20 09:25:00+09:00,100328069.42867532
2025-10-20 09:26:00+09:00,100223452.04658078
2025-10-20 09:27:00+09:00,100328069.42867532
2025-10-20 09:28:00+09:00,99909599.90029712
2025-10-20 09:29:00+09:00,99386512.98982437
2025-10-20 09:30:00+09:00,99177278.22563526
2025-10-20 09:31:00+09:00,99386512.98982437
2025-10-20 09:32:00+09:00,99595747.75401348
2025-10-20 09:33:00+09:00,99491130.37191893
2025-10-20 09:34:00+09:00,99177278.22563528
2025-10-20 09:35:00+09:00,99177278.22563528
2025-10-20 09:36:00+09:00,98968043.46144618
2025-10-20 09:37:00+09:00,98915734.77039891
2025-10-20 09:38:00+09:00,99386512.98982438
2025-10-20 09:39:00+09:00,99595747.7540135
2025-10-20 09:40:00+09:00,99491130.37191895
2025-10-20 09:41:00+09:00,98863426.07935163
2025-10-20 09:42:00+09:00,98863426.07935163
2025-10-20 09:43:00+09:00,98863426.07935163
2025-10-20 09:44:00+09:00,98654191.31516254
2025-10-20 09:45:00+09:00,98863426.07935163
2025-10-20 09:46:00+09:00,98654191.31516254
2025-10-20 09:47:00+09:00,98968043.4614462
2025-10-20 09:48:00+09:00,98968043.4614462
2025-10-20 09:49:00+09:00,99072660.84354074
2025-10-20 09:50:00+09:00,99020352.15249348
2025-10-20 09:51:00+09:00,99281895.60772987
2025-10-20 09:52:00+09:00,99386512.98982441
2025-10-20 09:53:00+09:00,99595747.75401352
2025-10-20 09:54:00+09:00,99491130.37191898
2025-10-20 09:55:00+09:00,98968043.46144623
2025-10-20 09:56:00+09:00,98968043.46144623
2025-10-20 09:57:00+09:00,99013834.48958899
2025-10-20 09:58:00+09:00,99013834.48958899
2025-10-20 09:59:00+09:00,99013834.48958899
2025-10-20 10:00:00+09:00,99013834.48958899
2025-10-20 10:01:00+09:00,99013834.48958899
2025-10-20 10:02:00+09:00,99013834.48958899
2025-10-20 10:03:00+09:00,99013834.48958899
2025-10-20 10:04:00+09:00,99013834.48958899
2025-10-20 10:05:00+09:00,99013834.48958899
2025-10-20 10:06:00+09:00,99013834.48958899
2025-10-20 10:07:00+09:00,99013834.48958899
2025-10-20 10:08:00+09:00,99013834.48958899
2025-10-20 10:09:00+09:00,99013834.48958899
2025-10-20 10:10:00+09:00,99013834.48958899
2025-10-20 10:11:00+09:00,99013834.48958899
2025-10-20 10:12:00+09:00,99013834.48958899
2025-10-20 10:13:00+09:00,99013834.48958899
2025-10-20 10:14:00+09:00,99013834.48958899
2025-10-20 10:15:00+09:00,99013834.48958899
2025-10-20 10:16:00+09:00,99013834.48958899
2025-10-20 10:17:00+09:00,99013834.48958899
2025-10-20 10:18:00+09:00,99013834.48958899
2025-10-20 10:19:00+09:00,99013834.48958899
2025-10-20 10:20:00+09:00,99013834.48958899
2025-10-20 10:21:00+09:00,99013834.48958899
2025-10-20 10:22:00+09:00,99013834.48958899
2025-10-20 10:23:00+09:00,99013834.48958899
2025-10-20 10:24:00+09:00,99013834.48958899
2025-10-20 10:25:00+09:00,99013834.48958899
2025-10-20 10:26:00+09:00,99013834.48958899
2025-10-20 10:27:00+09:00,99013834.48958899
2025-10-20 10:28:00+09:00,99013834.48958899
2025-10-20 10:29:00+09:00,99013834.48958899
2025-10-20 10:30:00+09:00,99013834.48958899
2025-10-20 10:31:00+09:00,99013834.48958899
2025-10-20 10:32:00+09:00,99013834.48958899
2025-10-20 10:33:00+09:00,99013834.48958899
2025-10-20 10:34:00+09:00,99013834.48958899
2025-10-20 10:35:00+09:00,99013834.48958899
2025-10-20 10:36:00+09:00,99013834.48958899
2025-10-20 10:37:00+09:00,99013834.48958899
2025-10-20 10:38:00+09:00,99013834.48958899
2025-10-20 10:39:00+09:00,99013834.48958899
2025-10-20 10:40:00+09:00,99013834.48958899
2025-10-20 10:41:00+09:00,99013834.48958899
2025-10-20 10:42:00+09:00,99013834.48958899
2025-10-20 10:43:00+09:00,99013834.48958899
2025-10-20 10:44:00+09:00,99013834.48958899
2025-10-20 10:45:00+09:00,99013834.48958899
2025-10-20 10:46:00+09:00,99013834.48958899
2025-10-20 10:47:00+09:00,99013834.48958899
2025-10-20 10:48:00+09:00,99013834.48958899
2025-10-20 10:49:00+09:00,99013834.48958899
2025-10-20 10:50:00+09:00,99013834.48958899
2025-10-20 10:51:00+09:00,99013834.48958899
2025-10-20 10:52:00+09:00,99013834.48958899
2025-10-20 10:53:00+09:00,99013834.48958899
2025-10-20 10:54:00+09:00,99013834.48958899
2025-10-20 10:55:00+09:00,99013834.48958899
2025-10-20 10:56:00+09:00,99013834.48958899
2025-10-20 10:57:00+09:00,99013834.48958899
2025-10-20 10:58:00+09:00,99013834.48958899
2025-10-20 10:59:00+09:00,99013834.48958899
2025-10-20 11:00:00+09:00,99013834.48958899
2025-10-20 11:01:00+09:00,99013834.48958899
2025-10-20 11:02:00+09:00,99013834.48958899
2025-10-20 11:03:00+09:00,99013834.48958899
2025-10-20 11:04:00+09:00,99013834.48958899
2025-10-20 11:05:00+09:00,99013834.48958899
2025-10-20 11:06:00+09:00,99013834.48958899
2025-10-20 11:07:00+09:00,99013834.48958899
2025-10-20 11:08:00+09:00,99013834.48958899
2025-10-20 11:09:00+09:00,99013834.48958899
2025-10-20 11:10:00+09:00,99013834.48958899
2025-10-20 11:11:00+09:00,99013834.48958899
2025-10-20 11:12:00+09:00,99013834.48958899
2025-10-20 11:13:00+09:00,99013834.48958899
2025-10-20 11:14:00+09:00,99013834.48958899
2025-10-20 11:15:00+09:00,99013834.48958899
2025-10-20 11:16:00+09:00,99013834.48958899
2025-10-20 11:17:00+09:00,99013834.48958899
2025-10-20 11:18:00+09:00,99013834.48958899
2025-10-20 11:19:00+09:00,99013834.48958899
2025-10-20 11:20:00+09:00,99013834.48958899
2025-10-20 11:21:00+09:00,99013834.48958899
2025-10-20 11:22:00+09:00,99013834.48958899
2025-10-20 11:23:00+09:00,99013834.48958899
2025-10-20 11:24:00+09:00,98974228.95579316
2025-10-20 11:25:00+09:00,98869160.77218828
2025-10-20 11:26:00+09:00,98869160.77218828
2025-10-20 11:27:00+09:00,98764092.58858341
2025-10-20 11:28:00+09:00,98764092.58858341
2025-10-20 11:29:00+09:00,98764092.58858341
2025-10-20 11:30:00+09:00,98869160.77218829
2025-10-20 11:31:00+09:00,98869160.77218829
2025-10-20 11:32:00+09:00,98659024.40497854
2025-10-20 11:33:00+09:00,98659024.40497854
2025-10-20 11:34:00+09:00,98659024.40497854
2025-10-20 11:35:00+09:00,98659024.40497854
2025-10-20 11:36:00+09:00,98869160.7721883
2025-10-20 11:37:00+09:00,98869160.7721883
2025-10-20 11:38:00+09:00,98869160.7721883
2025-10-20 11:39:00+09:00,98764092.58858344
2025-10-20 11:40:00+09:00,98869160.77218832
2025-10-20 11:41:00+09:00,98659024.40497857
2025-10-20 11:42:00+09:00,98764092.58858345
2025-10-20 11:43:00+09:00,98659024.40497857
2025-10-20 11:44:00+09:00,98553956.22137369
2025-10-20 11:45:00+09:00,98553956.22137369
2025-10-20 11:46:00+09:00,98287860.53957598
2025-10-20 11:47:00+09:00,98287860.53957598
2025-10-20 11:48:00+09:00,98287860.53957598
2025-10-20 11:49:00+09:00,98287860.53957598
2025-10-20 11:50:00+09:00,98287860.53957598
2025-10-20 11:51:00+09:00,98287860.53957598
2025-10-20 11:52:00+09:00,98287860.53957598
2025-10-20 11:53:00+09:00,98287860.53957598
2025-10-20 11:54:00+09:00,98287860.53957598
2025-10-20 11:55:00+09:00,98287860.53957598
2025-10-20 11:56:00+09:00,98287860.53957598
2025-10-20 11:57:00+09:00,98287860.53957598
2025-10-20 11:58:00+09:00,98287860.53957598
2025-10-20 11:59:00+09:00,98287860.53957598
2025-10-20 12:00:00+09:00,98287860.53957598
2025-10-20 12:01:00+09:00,98287860.53957598
2025-10-20 12:02:00+09:00,98287860.53957598
2025-10-20 12:03:00+09:00,98287860.53957598
2025-10-20 12:04:00+09:00,98287860.53957598
2025-10-20 12:05:00+09:00,98287860.53957598
2025-10-20 12:06:00+09:00,98287860.53957598
2025-10-20 12:07:00+09:00,98287860.53957598
2025-10-20 12:08:00+09:00,98287860.53957598
2025-10-20 12:09:00+09:00,98248545.39536016
2025-10-20 12:10:00+09:00,98248545.39536016
2025-10-20 12:11:00+09:00,97834867.30948496
2025-10-20 12:12:00+09:00,97524608.74507855
2025-10-20 12:13:00+09:00,97628028.26654735
2025-10-20 12:14:00+09:00,97524608.74507855
2025-10-20 12:15:00+09:00,97421189.22360976
2025-10-20 12:16:00+09:00,97421189.22360976
2025-10-20 12:17:00+09:00,97524608.74507858
2025-10-20 12:18:00+09:00,97421189.22360979
2025-10-20 12:19:00+09:00,97421189.22360979
2025-10-20 12:20:00+09:00,97421189.22360979
2025-10-20 12:21:00+09:00,97421189.22360979
2025-10-20 12:22:00+09:00,97421189.22360979
2025-10-20 12:23:00+09:00,97421189.22360979
2025-10-20 12:24:00+09:00,97421189.22360979
2025-10-20 12:25:00+09:00,97524608.74507861
2025-10-20 12:26:00+09:00,97989996.59168822
2025-10-20 12:27:00+09:00,97834867.30948502
2025-10-20 12:28:00+09:00,97834867.30948502
2025-10-20 12:29:00+09:00,97628028.26654741
2025-10-20 12:30:00+09:00,97524608.74507861
2025-10-20 12:31:00+09:00,97628028.26654741
2025-10-20 12:32:00+09:00,97731447.78801621
2025-10-20 12:33:00+09:00,97628028.26654741
2025-10-20 12:34:00+09:00,97628028.26654741
2025-10-20 12:35:00+09:00,97628028.26654741
2025-10-20 12:36:00+09:00,97628028.26654741
2025-10-20 12:37:00+09:00,97628028.26654741
2025-10-20 12:38:00+09:00,97628028.26654741
2025-10-20 12:39:00+09:00,97628028.26654741
2025-10-20 12:40:00+09:00,97628028.26654741
2025-10-20 12:41:00+09:00,97524608.74507861
2025-10-20 12:42:00+09:00,97524608.74507861
2025-10-20 12:43:00+09:00,97524608.74507861
2025-10-20 12:44:00+09:00,97524608.74507861
2025-10-20 12:45:00+09:00,97524608.74507861
2025-10-20 12:46:00+09:00,97524608.74507861
2025-10-20 12:47:00+09:00,97524608.74507861
2025-10-20 12:48:00+09:00,97524608.74507861
2025-10-20 12:49:00+09:00,97628028.26654741
2025-10-20 12:50:00+09:00,97524608.74507861
2025-10-20 12:51:00+09:00,97628028.26654741
2025-10-20 12:52:00+09:00,97834867.30948502
2025-10-20 12:53:00+09:00,98041706.35242262
2025-10-20 12:54:00+09:00,97938286.83095382
2025-10-20 12:55:00+09:00,97938286.83095382
2025-10-20 12:56:00+09:00,97421189.22360982
2025-10-20 12:57:00+09:00,97421189.22360982
2025-10-20 12:58:00+09:00,97158152.01270607
2025-10-20 12:59:00+09:00,97158152.01270607
2025-10-20 13:00:00+09:00,97158152.01270607
2025-10-20 13:01:00+09:00,97158152.01270607
2025-10-20 13:02:00+09:00,97158152.01270607
2025-10-20 13:03:00+09:00,97158152.01270607
2025-10-20 13:04:00+09:00,97158152.01270607
2025-10-20 13:05:00+09:00,97158152.01270607
2025-10-20 13:06:00+09:00,97158152.01270607
2025-10-20 13:07:00+09:00,97158152.01270607
2025-10-20 13:08:00+09:00,97158152.01270607
2025-10-20 13:09:00+09:00,97158152.01270607
2025-10-20 13:10:00+09:00,97158152.01270607
2025-10-20 13:11:00+09:00,97158152.01270607
2025-10-20 13:12:00+09:00,97158152.01270607
2025-10-20 13:13:00+09:00,97158152.01270607
2025-10-20 13:14:00+09:00,97158152.01270607
2025-10-20 13:15:00+09:00,97158152.01270607
2025-10-20 13:16:00+09:00,97158152.01270607
2025-10-20 13:17:00+09:00,97158152.01270607
2025-10-20 13:18:00+09:00,97158152.01270607
2025-10-20 13:19:00+09:00,97158152.01270607
2025-10-20 13:20:00+09:00,97158152.01270607
2025-10-20 13:21:00+09:00,97158152.01270607
2025-10-20 13:22:00+09:00,97158152.01270607
2025-10-20 13:23:00+09:00,97158152.01270607
2025-10-20 13:24:00+09:00,97158152.01270607
2025-10-20 13:25:00+09:00,97158152.01270607
2025-10-20 13:26:00+09:00,97158152.01270607
2025-10-20 13:27:00+09:00,97158152.01270607
2025-10-20 13:28:00+09:00,97158152.01270607
2025-10-20 13:29:00+09:00,97158152.01270607
2025-10-20 13:30:00+09:00,97158152.01270607
2025-10-20 13:31:00+09:00,97158152.01270607
2025-10-20 13:32:00+09:00,97158152.01270607
2025-10-20 13:33:00+09:00,97158152.01270607
2025-10-20 13:34:00+09:00,97158152.01270607
2025-10-20 13:35:00+09:00,97158152.01270607
2025-10-20 13:36:00+09:00,97158152.01270607
2025-10-20 13:37:00+09:00,97158152.01270607
2025-10-20 13:38:00+09:00,97158152.01270607
2025-10-20 13:39:00+09:00,97158152.01270607
2025-10-20 13:40:00+09:00,97158152.01270607
2025-10-20 13:41:00+09:00,97158152.01270607
2025-10-20 13:42:00+09:00,97158152.01270607
2025-10-20 13:43:00+09:00,97158152.01270607
2025-10-20 13:44:00+09:00,97158152.01270607
2025-10-20 13:45:00+09:00,97158152.01270607
2025-10-20 13:46:00+09:00,97158152.01270607
2025-10-20 13:47:00+09:00,97158152.01270607
2025-10-20 13:48:00+09:00,97158152.01270607
2025-10-20 13:49:00+09:00,97158152.01270607
2025-10-20 13:50:00+09:00,97158152.01270607
2025-10-20 13:51:00+09:00,97158152.01270607
2025-10-20 13:52:00+09:00,97158152.01270607
2025-10-20 13:53:00+09:00,97158152.01270607
2025-10-20 13:54:00+09:00,97158152.01270607
2025-10-20 13:55:00+09:00,97158152.01270607
2025-10-20 13:56:00+09:00,97158152.01270607
2025-10-20 13:57:00+09:00,97158152.01270607
2025-10-20 13:58:00+09:00,97158152.01270607
2025-10-20 13:59:00+09:00,97158152.01270607
2025-10-20 14:00:00+09:00,97158152.01270607
2025-10-20 14:01:00+09:00,97158152.01270607
2025-10-20 14:02:00+09:00,97158152.01270607
2025-10-20 14:03:00+09:00,97158152.01270607
2025-10-20 14:04:00+09:00,97158152.01270607
2025-10-20 14:05:00+09:00,97158152.01270607
2025-10-20 14:06:00+09:00,97158152.01270607
2025-10-20 14:07:00+09:00,97158152.01270607
2025-10-20 14:08:00+09:00,97158152.01270607
2025-10-20 14:09:00+09:00,97158152.01270607
2025-10-20 14:10:00+09:00,97119288.75190099
2025-10-20 14:11:00+09:00,97016950.19684103
2025-10-20 14:12:00+09:00,96812273.08672112
2025-10-20 14:13:00+09:00,96607595.9766012
2025-10-20 14:14:00+09:00,96505257.42154123
2025-10-20 14:15:00+09:00,96505257.42154123
2025-10-20 14:16:00+09:00,96505257.42154123
2025-10-20 14:17:00+09:00,96505257.42154123
2025-10-20 14:18:00+09:00,96709934.53166114
2025-10-20 14:19:00+09:00,96709934.53166114
2025-10-20 14:20:00+09:00,96812273.08672109
2025-10-20 14:21:00+09:00,96914611.64178105
2025-10-20 14:22:00+09:00,97016950.196841
2025-10-20 14:23:00+09:00,96914611.64178103
2025-10-20 14:24:00+09:00,96812273.08672108
2025-10-20 14:25:00+09:00,96709934.53166112
2025-10-20 14:26:00+09:00,96709934.53166112
2025-10-20 14:27:00+09:00,96607595.97660115
2025-10-20 14:28:00+09:00,96607595.97660115
2025-10-20 14:29:00+09:00,96607595.97660115
2025-10-20 14:30:00+09:00,96505257.42154118
2025-10-20 14:31:00+09:00,96505257.42154118
2025-10-20 14:32:00+09:00,96505257.42154118
2025-10-20 14:33:00+09:00,96505257.42154118
2025-10-20 14:34:00+09:00,96607595.97660115
2025-10-20 14:35:00+09:00,96402918.86648123
2025-10-20 14:36:00+09:00,96505257.4215412
2025-10-20 14:37:00+09:00,96402918.86648124
2025-10-20 14:38:00+09:00,96402918.86648124
2025-10-20 14:39:00+09:00,96505257.42154121
2025-10-20 14:40:00+09:00,96505257.42154121
2025-10-20 14:41:00+09:00,96402918.86648126
2025-10-20 14:42:00+09:00,96198241.75636134
2025-10-20 14:43:00+09:00,96505257.42154121
2025-10-20 14:44:00+09:00,96142630.98554176
2025-10-20 14:45:00+09:00,96142630.98554176
2025-10-20 14:46:00+09:00,96142630.98554176
2025-10-20 14:47:00+09:00,96142630.98554176
2025-10-20 14:48:00+09:00,96142630.98554176
2025-10-20 14:49:00+09:00,96142630.98554176
2025-10-20 14:50:00+09:00,96142630.98554176
2025-10-20 14:51:00+09:00,96142630.98554176
2025-10-20 14:52:00+09:00,96142630.98554176
2025-10-20 14:53:00+09:00,96142630.98554176
2025-10-20 14:54:00+09:00,96142630.98554176
2025-10-20 14:55:00+09:00,96142630.98554176
2025-10-20 14:56:00+09:00,96142630.98554176
2025-10-20 14:57:00+09:00,96142630.98554176
2025-10-20 14:58:00+09:00,96142630.98554176
2025-10-20 14:59:00+09:00,96142630.98554176
2025-10-20 15:00:00+09:00,96142630.98554176
2025-10-20 15:01:00+09:00,96142630.98554176
2025-10-20 15:02:00+09:00,96142630.98554176
2025-10-20 15:03:00+09:00,96142630.98554176
2025-10-20 15:04:00+09:00,96142630.98554176
2025-10-20 15:05:00+09:00,96142630.98554176
2025-10-20 15:06:00+09:00,96142630.98554176
2025-10-20 15:07:00+09:00,96142630.98554176
2025-10-20 15:08:00+09:00,96142630.98554176
2025-10-20 15:09:00+09:00,96142630.98554176
2025-10-20 15:10:00+09:00,96142630.98554176
2025-10-20 15:11:00+09:00,96142630.98554176
2025-10-20 15:12:00+09:00,96142630.98554176
2025-10-20 15:13:00+09:00,96142630.98554176
2025-10-20 15:14:00+09:00,96142630.98554176
2025-10-20 15:15:00+09:00,96142630.98554176
2025-10-20 15:16:00+09:00,96142630.98554176
2025-10-20 15:17:00+09:00,96142630.98554176
2025-10-20 15:18:00+09:00,96142630.98554176
2025-10-20 15:19:00+09:00,96142630.98554176
2025-10-20 15:30:00+09:00,96142630.98554176
2025-10-20 15:35:00+09:00,96142630.98554176
2025-10-21 09:00:00+09:00,96142630.98554176
2025-10-21 09:01:00+09:00,96142630.98554176
2025-10-21 09:02:00+09:00,96142630.98554176
2025-10-21 09:03:00+09:00,96142630.98554176
2025-10-21 09:04:00+09:00,96142630.98554176
2025-10-21 09:05:00+09:00,96142630.98554176
2025-10-21 09:06:00+09:00,96142630.98554176
2025-10-21 09:07:00+09:00,96142630.98554176
2025-10-21 09:08:00+09:00,96142630.98554176
2025-10-21 09:09:00+09:00,96142630.98554176
2025-10-21 09:10:00+09:00,96142630.98554176
2025-10-21 09:11:00+09:00,96142630.98554176
2025-10-21 09:12:00+09:00,96142630.98554176
2025-10-21 09:13:00+09:00,96142630.98554176
2025-10-21 09:14:00+09:00,96142630.98554176
2025-10-21 09:15:00+09:00,96142630.98554176
2025-10-21 09:16:00+09:00,96142630.98554176
2025-10-21 09:17:00+09:00,96142630.98554176
2025-10-21 09:18:00+09:00,96142630.98554176
2025-10-21 09:19:00+09:00,96142630.98554176
2025-10-21 09:20:00+09:00,96142630.98554176
2025-10-21 09:21:00+09:00,96142630.98554176
2025-10-21 09:22:00+09:00,96142630.98554176
2025-10-21 09:23:00+09:00,96142630.98554176
2025-10-21 09:24:00+09:00,96142630.98554176
2025-10-21 09:25:00+09:00,96142630.98554176
2025-10-21 09:26:00+09:00,96142630.98554176
2025-10-21 09:27:00+09:00,96142630.98554176
2025-10-21 09:28:00+09:00,96142630.98554176
2025-10-21 09:29:00+09:00,96142630.98554176
2025-10-21 09:30:00+09:00,96142630.98554176
2025-10-21 09:31:00+09:00,96142630.98554176
2025-10-21 09:32:00+09:00,96142630.98554176
2025-10-21 09:33:00+09:00,96142630.98554176
2025-10-21 09:34:00+09:00,96142630.98554176
2025-10-21 09:35:00+09:00,96142630.98554176
2025-10-21 09:36:00+09:00,96142630.98554176
2025-10-21 09:37:00+09:00,96142630.98554176
2025-10-21 09:38:00+09:00,96142630.98554176
2025-10-21 09:39:00+09:00,96142630.98554176
2025-10-21 09:40:00+09:00,96142630.98554176
2025-10-21 09:41:00+09:00,96142630.98554176
2025-10-21 09:42:00+09:00,96142630.98554176
2025-10-21 09:43:00+09:00,96142630.98554176
2025-10-21 09:44:00+09:00,96142630.98554176
2025-10-21 09:45:00+09:00,96142630.98554176
2025-10-21 09:46:00+09:00,96142630.98554176
2025-10-21 09:47:00+09:00,96142630.98554176
2025-10-21 09:48:00+09:00,96142630.98554176
2025-10-21 09:49:00+09:00,96142630.98554176
2025-10-21 09:50:00+09:00,96142630.98554176
2025-10-21 09:51:00+09:00,96142630.98554176
2025-10-21 09:52:00+09:00,96142630.98554176
2025-10-21 09:53:00+09:00,96142630.98554176
2025-10-21 09:54:00+09:00,96142630.98554176
2025-10-21 09:55:00+09:00,96142630.98554176
2025-10-21 09:56:00+09:00,96142630.98554176
2025-10-21 09:57:00+09:00,96142630.98554176
2025-10-21 09:58:00+09:00,96142630.98554176
2025-10-21 09:59:00+09:00,96142630.98554176
2025-10-21 10:00:00+09:00,96142630.98554176
2025-10-21 10:01:00+09:00,96142630.98554176
2025-10-21 10:02:00+09:00,96142630.98554176
2025-10-21 10:03:00+09:00,96142630.98554176
2025-10-21 10:04:00+09:00,96142630.98554176
2025-10-21 10:05:00+09:00,96142630.98554176
2025-10-21 10:06:00+09:00,96142630.98554176
2025-10-21 10:07:00+09:00,96142630.98554176
2025-10-21 10:08:00+09:00,96142630.98554176
2025-10-21 10:09:00+09:00,96142630.98554176
2025-10-21 10:10:00+09:00,96142630.98554176
2025-10-21 10:11:00+09:00,96142630.98554176
2025-10-21 10:12:00+09:00,96142630.98554176
2025-10-21 10:13:00+09:00,96142630.98554176
2025-10-21 10:14:00+09:00,96142630.98554176
2025-10-21 10:15:00+09:00,96142630.98554176
2025-10-21 10:16:00+09:00,96142630.98554176
2025-10-21 10:17:00+09:00,96142630.98554176
2025-10-21 10:18:00+09:00,96142630.98554176
2025-10-21 10:19:00+09:00,96142630.98554176
2025-10-21 10:20:00+09:00,96142630.98554176
2025-10-21 10:21:00+09:00,96142630.98554176
2025-10-21 10:22:00+09:00,96142630.98554176
2025-10-21 10:23:00+09:00,96142630.98554176
2025-10-21 10:24:00+09:00,96142630.98554176
2025-10-21 10:25:00+09:00,96142630.98554176
2025-10-21 10:26:00+09:00,96142630.98554176
2025-10-21 10:27:00+09:00,96142630.98554176
2025-10-21 10:28:00+09:00,96142630.98554176
2025-10-21 10:29:00+09:00,96142630.98554176
2025-10-21 10:30:00+09:00,96142630.98554176
2025-10-21 10:31:00+09:00,96142630.98554176
2025-10-21 10:32:00+09:00,96142630.98554176
2025-10-21 10:33:00+09:00,96142630.98554176
2025-10-21 10:34:00+09:00,96142630.98554176
2025-10-21 10:35:00+09:00,96142630.98554176
2025-10-21 10:36:00+09:00,96142630.98554176
2025-10-21 10:37:00+09:00,96142630.98554176
2025-10-21 10:38:00+09:00,96142630.98554176
2025-10-21 10:39:00+09:00,96142630.98554176
2025-10-21 10:40:00+09:00,96142630.98554176
2025-10-21 10:41:00+09:00,96142630.98554176
2025-10-21 10:42:00+09:00,96142630.98554176
2025-10-21 10:43:00+09:00,96142630.98554176
2025-10-21 10:44:00+09:00,96142630.98554176
2025-10-21 10:45:00+09:00,96142630.98554176
2025-10-21 10:46:00+09:00,96142630.98554176
2025-10-21 10:47:00+09:00,96142630.98554176
2025-10-21 10:48:00+09:00,96142630.98554176
2025-10-21 10:49:00+09:00,96142630.98554176
2025-10-21 10:50:00+09:00,96142630.98554176
2025-10-21 10:51:00+09:00,96142630.98554176
2025-10-21 10:52:00+09:00,96142630.98554176
2025-10-21 10:53:00+09:00,96142630.98554176
2025-10-21 10:54:00+09:00,96142630.98554176
2025-10-21 10:55:00+09:00,96142630.98554176
2025-10-21 10:56:00+09:00,96142630.98554176
2025-10-21 10:57:00+09:00,96142630.98554176
2025-10-21 10:58:00+09:00,96142630.98554176
2025-10-21 10:59:00+09:00,96142630.98554176
2025-10-21 11:00:00+09:00,96142630.98554176
2025-10-21 11:01:00+09:00,96142630.98554176
2025-10-21 11:02:00+09:00,96142630.98554176
2025-10-21 11:03:00+09:00,96142630.98554176
2025-10-21 11:04:00+09:00,96142630.98554176
2025-10-21 11:05:00+09:00,96142630.98554176
2025-10-21 11:06:00+09:00,96142630.98554176
2025-10-21 11:07:00+09:00,96142630.98554176
2025-10-21 11:08:00+09:00,96142630.98554176
2025-10-21 11:09:00+09:00,96142630.98554176
2025-10-21 11:10:00+09:00,96142630.98554176
2025-10-21 11:11:00+09:00,96142630.98554176
2025-10-21 11:12:00+09:00,96142630.98554176
2025-10-21 11:13:00+09:00,96142630.98554176
2025-10-21 11:14:00+09:00,96142630.98554176
2025-10-21 11:15:00+09:00,96142630.98554176
2025-10-21 11:16:00+09:00,96142630.98554176
2025-10-21 11:17:00+09:00,96142630.98554176
2025-10-21 11:18:00+09:00,96142630.98554176
2025-10-21 11:19:00+09:00,96142630.98554176
2025-10-21 11:20:00+09:00,96142630.98554176
2025-10-21 11:21:00+09:00,96142630.98554176
2025-10-21 11:22:00+09:00,96142630.98554176
2025-10-21 11:23:00+09:00,96142630.98554176
2025-10-21 11:24:00+09:00,96142630.98554176
2025-10-21 11:25:00+09:00,96142630.98554176
2025-10-21 11:26:00+09:00,96142630.98554176
2025-10-21 11:27:00+09:00,96142630.98554176
2025-10-21 11:28:00+09:00,96142630.98554176
2025-10-21 11:29:00+09:00,96142630.98554176
2025-10-21 11:30:00+09:00,96142630.98554176
2025-10-21 11:31:00+09:00,96142630.98554176
2025-10-21 11:32:00+09:00,96142630.98554176
2025-10-21 11:33:00+09:00,96142630.98554176
2025-10-21 11:34:00+09:00,96142630.98554176
2025-10-21 11:35:00+09:00,96142630.98554176
2025-10-21 11:36:00+09:00,96142630.98554176
2025-10-21 11:37:00+09:00,96142630.98554176
2025-10-21 11:38:00+09:00,96142630.98554176
2025-10-21 11:39:00+09:00,96142630.98554176
2025-10-21 11:40:00+09:00,96142630.98554176
2025-10-21 11:41:00+09:00,96142630.98554176
2025-10-21 11:42:00+09:00,96142630.98554176
2025-10-21 11:43:00+09:00,96142630.98554176
2025-10-21 11:44:00+09:00,96142630.98554176
2025-10-21 11:45:00+09:00,96142630.98554176
2025-10-21 11:46:00+09:00,96142630.98554176
2025-10-21 11:47:00+09:00,96142630.98554176
2025-10-21 11:48:00+09:00,96142630.98554176
2025-10-21 11:49:00+09:00,96142630.98554176
2025-10-21 11:50:00+09:00,96142630.98554176
2025-10-21 11:51:00+09:00,96142630.98554176
2025-10-21 11:52:00+09:00,96142630.98554176
2025-10-21 11:53:00+09:00,96142630.98554176
2025-10-21 11:54:00+09:00,96142630.98554176
2025-10-21 11:55:00+09:00,96142630.98554176
2025-10-21 11:56:00+09:00,96142630.98554176
2025-10-21 11:57:00+09:00,96104173.93314755
2025-10-21 11:58:00+09:00,96104173.93314755
2025-10-21 11:59:00+09:00,96424521.17959139
2025-10-21 12:00:00+09:00,96477912.38733204
2025-10-21 12:01:00+09:00,96424521.1795914
2025-10-21 12:02:00+09:00,96531303.59507267
2025-10-21 12:03:00+09:00,96104173.93314756
2025-10-21 12:04:00+09:00,96210956.34862883
2025-10-21 12:05:00+09:00,96104173.93314756
2025-10-21 12:06:00+09:00,96104173.93314756
2025-10-21 12:07:00+09:00,96104173.93314756
2025-10-21 12:08:00+09:00,96104173.93314756
2025-10-21 12:09:00+09:00,96104173.93314756
2025-10-21 12:10:00+09:00,96104173.93314756
2025-10-21 12:11:00+09:00,96210956.34862883
2025-10-21 12:12:00+09:00,96104173.93314756
2025-10-21 12:13:00+09:00,96104173.93314756
2025-10-21 12:14:00+09:00,96317738.7641101
2025-10-21 12:15:00+09:00,96371129.97185074
2025-10-21 12:16:00+09:00,95890609.102185
2025-10-21 12:17:00+09:00,95997391.51766627
2025-10-21 12:18:00+09:00,95631704.45760907
2025-10-21 12:19:00+09:00,95631704.45760907
2025-10-21 12:20:00+09:00,95631704.45760907
2025-10-21 12:21:00+09:00,95631704.45760907
2025-10-21 12:22:00+09:00,95631704.45760907
2025-10-21 12:23:00+09:00,95631704.45760907
2025-10-21 12:24:00+09:00,95631704.45760907
2025-10-21 12:25:00+09:00,95631704.45760907
2025-10-21 12:26:00+09:00,95631704.45760907
2025-10-21 12:27:00+09:00,95631704.45760907
2025-10-21 12:28:00+09:00,95631704.45760907
2025-10-21 12:29:00+09:00,95631704.45760907
2025-10-21 12:30:00+09:00,95631704.45760907
2025-10-21 12:31:00+09:00,95631704.45760907
2025-10-21 12:32:00+09:00,95631704.45760907
2025-10-21 12:33:00+09:00,95631704.45760907
2025-10-21 12:34:00+09:00,95631704.45760907
2025-10-21 12:35:00+09:00,95631704.45760907
2025-10-21 12:36:00+09:00,95631704.45760907
2025-10-21 12:37:00+09:00,95631704.45760907
2025-10-21 12:38:00+09:00,95631704.45760907
2025-10-21 12:39:00+09:00,95631704.45760907
2025-10-21 12:40:00+09:00,95631704.45760907
2025-10-21 12:41:00+09:00,95631704.45760907
2025-10-21 12:42:00+09:00,95631704.45760907
2025-10-21 12:43:00+09:00,95631704.45760907
2025-10-21 12:44:00+09:00,95631704.45760907
2025-10-21 12:45:00+09:00,95631704.45760907
2025-10-21 12:46:00+09:00,95631704.45760907
2025-10-21 12:47:00+09:00,95631704.45760907
2025-10-21 12:48:00+09:00,95631704.45760907
2025-10-21 12:49:00+09:00,95631704.45760907
2025-10-21 12:50:00+09:00,95631704.45760907
2025-10-21 12:51:00+09:00,95631704.45760907
2025-10-21 12:52:00+09:00,95631704.45760907
2025-10-21 12:53:00+09:00,95631704.45760907
2025-10-21 12:54:00+09:00,95631704.45760907
2025-10-21 12:55:00+09:00,95631704.45760907
2025-10-21 12:56:00+09:00,95631704.45760907
2025-10-21 12:57:00+09:00,95631704.45760907
2025-10-21 12:58:00+09:00,95631704.45760907
2025-10-21 12:59:00+09:00,95631704.45760907
2025-10-21 13:00:00+09:00,95631704.45760907
2025-10-21 13:01:00+09:00,95631704.45760907
2025-10-21 13:02:00+09:00,95631704.45760907
2025-10-21 13:03:00+09:00,95631704.45760907
2025-10-21 13:04:00+09:00,95631704.45760907
2025-10-21 13:05:00+09:00,95631704.45760907
2025-10-21 13:06:00+09:00,95631704.45760907
2025-10-21 13:07:00+09:00,95631704.45760907
2025-10-21 13:08:00+09:00,95631704.45760907
2025-10-21 13:09:00+09:00,95631704.45760907
2025-10-21 13:10:00+09:00,95631704.45760907
2025-10-21 13:11:00+09:00,95631704.45760907
2025-10-21 13:12:00+09:00,95631704.45760907
2025-10-21 13:13:00+09:00,95631704.45760907
2025-10-21 13:14:00+09:00,95631704.45760907
2025-10-21 13:15:00+09:00,95631704.45760907
2025-10-21 13:16:00+09:00,95631704.45760907
2025-10-21 13:17:00+09:00,95593451.77582604
2025-10-21 13:18:00+09:00,95335349.45603131
2025-10-21 13:19:00+09:00,95335349.45603131
2025-10-21 13:20:00+09:00,95335349.45603131
2025-10-21 13:21:00+09:00,95335349.45603131
2025-10-21 13:22:00+09:00,95335349.45603131
2025-10-21 13:23:00+09:00,95335349.45603131
2025-10-21 13:24:00+09:00,95335349.45603131
2025-10-21 13:25:00+09:00,95335349.45603131
2025-10-21 13:26:00+09:00,95335349.45603131
2025-10-21 13:27:00+09:00,95335349.45603131
2025-10-21 13:28:00+09:00,95335349.45603131
2025-10-21 13:29:00+09:00,95335349.45603131
2025-10-21 13:30:00+09:00,95335349.45603131
2025-10-21 13:31:00+09:00,95335349.45603131
2025-10-21 13:32:00+09:00,95335349.45603131
2025-10-21 13:33:00+09:00,95335349.45603131
2025-10-21 13:34:00+09:00,95335349.45603131
2025-10-21 13:35:00+09:00,95335349.45603131
2025-10-21 13:36:00+09:00,95335349.45603131
2025-10-21 13:37:00+09:00,95335349.45603131
2025-10-21 13:38:00+09:00,95335349.45603131
2025-10-21 13:39:00+09:00,95335349.45603131
2025-10-21 13:40:00+09:00,95335349.45603131
2025-10-21 13:41:00+09:00,95335349.45603131
2025-10-21 13:42:00+09:00,95335349.45603131
2025-10-21 13:43:00+09:00,95335349.45603131
2025-10-21 13:44:00+09:00,95335349.45603131
2025-10-21 13:45:00+09:00,95335349.45603131
2025-10-21 13:46:00+09:00,95335349.45603131
2025-10-21 13:47:00+09:00,95335349.45603131
2025-10-21 13:48:00+09:00,95335349.45603131
2025-10-21 13:49:00+09:00,95335349.45603131
2025-10-21 13:50:00+09:00,95335349.45603131
2025-10-21 13:51:00+09:00,95335349.45603131
2025-10-21 13:52:00+09:00,95335349.45603131
2025-10-21 13:53:00+09:00,95335349.45603131
2025-10-21 13:54:00+09:00,95335349.45603131
2025-10-21 13:55:00+09:00,95335349.45603131
2025-10-21 13:56:00+09:00,95335349.45603131
2025-10-21 13:57:00+09:00,95335349.45603131
2025-10-21 13:58:00+09:00,95335349.45603131
2025-10-21 13:59:00+09:00,95335349.45603131
2025-10-21 14:00:00+09:00,95335349.45603131
2025-10-21 14:01:00+09:00,95297215.3162489
2025-10-21 14:02:00+09:00,95145747.92713878
2025-10-21 14:03:00+09:00,95145747.92713878
2025-10-21 14:04:00+09:00,95145747.92713878
2025-10-21 14:05:00+09:00,95145747.92713878
2025-10-21 14:06:00+09:00,95145747.92713878
2025-10-21 14:07:00+09:00,95145747.92713878
2025-10-21 14:08:00+09:00,95145747.92713878
2025-10-21 14:09:00+09:00,95145747.92713878
2025-10-21 14:10:00+09:00,95145747.92713878
2025-10-21 14:11:00+09:00,95145747.92713878
2025-10-21 14:12:00+09:00,95145747.92713878
2025-10-21 14:13:00+09:00,95145747.92713878
2025-10-21 14:14:00+09:00,95145747.92713878
2025-10-21 14:15:00+09:00,95145747.92713878
2025-10-21 14:16:00+09:00,95145747.92713878
2025-10-21 14:17:00+09:00,95145747.92713878
2025-10-21 14:18:00+09:00,95145747.92713878
2025-10-21 14:19:00+09:00,95145747.92713878
2025-10-21 14:20:00+09:00,95145747.92713878
2025-10-21 14:21:00+09:00,95145747.92713878
2025-10-21 14:22:00+09:00,95145747.92713878
2025-10-21 14:23:00+09:00,95145747.92713878
2025-10-21 14:24:00+09:00,95145747.92713878
2025-10-21 14:25:00+09:00,95145747.92713878
2025-10-21 14:26:00+09:00,95145747.92713878
2025-10-21 14:27:00+09:00,95145747.92713878
2025-10-21 14:28:00+09:00,95145747.92713878
2025-10-21 14:29:00+09:00,95145747.92713878
2025-10-21 14:30:00+09:00,95145747.92713878
2025-10-21 14:31:00+09:00,95145747.92713878
2025-10-21 14:32:00+09:00,95145747.92713878
2025-10-21 14:33:00+09:00,95145747.92713878
2025-10-21 14:34:00+09:00,95145747.92713878
2025-10-21 14:35:00+09:00,95145747.92713878
2025-10-21 14:36:00+09:00,95145747.92713878
2025-10-21 14:37:00+09:00,95145747.92713878
2025-10-21 14:38:00+09:00,95145747.92713878
2025-10-21 14:39:00+09:00,95145747.92713878
2025-10-21 14:40:00+09:00,95145747.92713878
2025-10-21 14:41:00+09:00,95145747.92713878
2025-10-21 14:42:00+09:00,95145747.92713878
2025-10-21 14:43:00+09:00,95107689.62796792
2025-10-21 14:44:00+09:00,95107689.62796792
2025-10-21 14:45:00+09:00,95319275.14438166
2025-10-21 14:46:00+09:00,95319275.14438166
2025-10-21 14:47:00+09:00,95213482.3861748
2025-10-21 14:48:00+09:00,95319275.14438166
2025-10-21 14:49:00+09:00,95213482.3861748
2025-10-21 14:50:00+09:00,95213482.3861748
2025-10-21 14:51:00+09:00,95213482.3861748
2025-10-21 14:52:00+09:00,95107689.62796794
2025-10-21 14:53:00+09:00,95107689.62796794
2025-10-21 14:54:00+09:00,95107689.62796794
2025-10-21 14:55:00+09:00,95107689.62796794
2025-10-21 14:56:00+09:00,95107689.62796794
2025-10-21 14:57:00+09:00,95107689.62796794
2025-10-21 14:58:00+09:00,95213482.3861748
2025-10-21 14:59:00+09:00,95107689.62796794
2025-10-21 15:00:00+09:00,95213482.3861748
2025-10-21 15:01:00+09:00,95107689.62796794
2025-10-21 15:02:00+09:00,95213482.3861748
2025-10-21 15:03:00+09:00,95213482.3861748
2025-10-21 15:04:00+09:00,95107689.62796794
2025-10-21 15:05:00+09:00,95213482.3861748
2025-10-21 15:06:00+09:00,95319275.14438166
2025-10-21 15:07:00+09:00,95319275.14438166
2025-10-21 15:08:00+09:00,95319275.14438166
2025-10-21 15:09:00+09:00,95213482.3861748
2025-10-21 15:10:00+09:00,95213482.3861748
2025-10-21 15:11:00+09:00,95213482.3861748
2025-10-21 15:12:00+09:00,95107689.62796794
2025-10-21 15:13:00+09:00,95107689.62796794
2025-10-21 15:14:00+09:00,95107689.62796794
2025-10-21 15:15:00+09:00,95107689.62796794
2025-10-21 15:16:00+09:00,95107689.62796794
2025-10-21 15:17:00+09:00,95213482.3861748
2025-10-21 15:18:00+09:00,95107689.62796794
2025-10-21 15:19:00+09:00,95213482.3861748
2025-10-21 15:30:00+09:00,95213482.3861748
2025-10-21 15:35:00+09:00,95213482.3861748
2025-10-22 09:00:00+09:00,96377202.72645026
2025-10-22 09:01:00+09:00,95954031.69362283
2025-10-22 09:02:00+09:00,95742446.17720911
2025-10-22 09:03:00+09:00,95319275.14438167
2025-10-22 09:04:00+09:00,95530860.66079539
2025-10-22 09:05:00+09:00,95425067.90258853
2025-10-22 09:06:00+09:00,93943969.28769249
2025-10-22 09:07:00+09:00,93838176.52948563
2025-10-22 09:08:00+09:00,93584813.45285602
2025-10-22 09:09:00+09:00,93584813.45285602
2025-10-22 09:10:00+09:00,93584813.45285602
2025-10-22 09:11:00+09:00,93584813.45285602
2025-10-22 09:12:00+09:00,93584813.45285602
2025-10-22 09:13:00+09:00,93584813.45285602
2025-10-22 09:14:00+09:00,93584813.45285602
2025-10-22 09:15:00+09:00,93584813.45285602
2025-10-22 09:16:00+09:00,93584813.45285602
2025-10-22 09:17:00+09:00,93584813.45285602
2025-10-22 09:18:00+09:00,93584813.45285602
2025-10-22 09:19:00+09:00,93547379.52747488
2025-10-22 09:20:00+09:00,93956329.82049118
2025-10-22 09:21:00+09:00,93854092.24723712
2025-10-22 09:22:00+09:00,94160804.96699932
2025-10-22 09:23:00+09:00,94058567.39374526
2025-10-22 09:24:00+09:00,93854092.24723712
2025-10-22 09:25:00+09:00,94467517.68676154
2025-10-22 09:26:00+09:00,94876467.97977783
2025-10-22 09:27:00+09:00,95796606.13906446
2025-10-22 09:28:00+09:00,95336537.05942114
2025-10-22 09:29:00+09:00,95489893.41930225
2025-10-22 09:30:00+09:00,96001081.28557262
2025-10-22 09:31:00+09:00,95489893.41930225
2025-10-22 09:32:00+09:00,94774230.40652376
2025-10-22 09:33:00+09:00,94569755.26001562
2025-10-22 09:34:00+09:00,95387655.84604818
2025-10-22 09:35:00+09:00,95285418.27279411
2025-10-22 09:36:00+09:00,95183180.69954005
2025-10-22 09:37:00+09:00,94671992.83326969
2025-10-22 09:38:00+09:00,94160804.96699934
2025-10-22 09:39:00+09:00,94263042.5402534
2025-10-22 09:40:00+09:00,94876467.97977784
2025-10-22 09:41:00+09:00,95080943.12628599
2025-10-22 09:42:00+09:00,95898843.71231855
2025-10-22 09:43:00+09:00,95387655.8460482
2025-10-22 09:44:00+09:00,94774230.40652378
2025-10-22 09:45:00+09:00,94774230.40652378
2025-10-22 09:46:00+09:00,94876467.97977786
2025-10-22 09:47:00+09:00,94876467.97977786
2025-10-22 09:48:00+09:00,94774230.40652378
2025-10-22 09:49:00+09:00,94263042.54025343
2025-10-22 09:50:00+09:00,94058567.39374529
2025-10-22 09:51:00+09:00,93854092.24723715
2025-10-22 09:52:00+09:00,93751854.67398308
2025-10-22 09:53:00+09:00,93649617.10072902
2025-10-22 09:54:00+09:00,93342904.3809668
2025-10-22 09:55:00+09:00,93396763.13455705
2025-10-22 09:56:00+09:00,93396763.13455705
2025-10-22 09:57:00+09:00,93396763.13455705
2025-10-22 09:58:00+09:00,93396763.13455705
2025-10-22 09:59:00+09:00,93396763.13455705
2025-10-22 10:00:00+09:00,93396763.13455705
2025-10-22 10:01:00+09:00,93396763.13455705
2025-10-22 10:02:00+09:00,93396763.13455705
2025-10-22 10:03:00+09:00,93396763.13455705
2025-10-22 10:04:00+09:00,93396763.13455705
2025-10-22 10:05:00+09:00,93396763.13455705
2025-10-22 10:06:00+09:00,93396763.13455705
2025-10-22 10:07:00+09:00,93396763.13455705
2025-10-22 10:08:00+09:00,93396763.13455705
2025-10-22 10:09:00+09:00,93396763.13455705
2025-10-22 10:10:00+09:00,93396763.13455705
2025-10-22 10:11:00+09:00,93396763.13455705
2025-10-22 10:12:00+09:00,93396763.13455705
2025-10-22 10:13:00+09:00,93396763.13455705
2025-10-22 10:14:00+09:00,93396763.13455705
2025-10-22 10:15:00+09:00,93396763.13455705
2025-10-22 10:16:00+09:00,93396763.13455705
2025-10-22 10:17:00+09:00,93396763.13455705
2025-10-22 10:18:00+09:00,93396763.13455705
2025-10-22 10:19:00+09:00,93396763.13455705
2025-10-22 10:20:00+09:00,93396763.13455705
2025-10-22 10:21:00+09:00,93396763.13455705
2025-10-22 10:22:00+09:00,93396763.13455705
2025-10-22 10:23:00+09:00,93396763.13455705
2025-10-22 10:24:00+09:00,93396763.13455705
2025-10-22 10:25:00+09:00,93396763.13455705
2025-10-22 10:26:00+09:00,93396763.13455705
2025-10-22 10:27:00+09:00,93396763.13455705
2025-10-22 10:28:00+09:00,93396763.13455705
2025-10-22 10:29:00+09:00,93396763.13455705
2025-10-22 10:30:00+09:00,93396763.13455705
2025-10-22 10:31:00+09:00,93396763.13455705
2025-10-22 10:32:00+09:00,93396763.13455705
2025-10-22 10:33:00+09:00,93396763.13455705
2025-10-22 10:34:00+09:00,93396763.13455705
2025-10-22 10:35:00+09:00,93396763.13455705
2025-10-22 10:36:00+09:00,93396763.13455705
2025-10-22 10:37:00+09:00,93396763.13455705
2025-10-22 10:38:00+09:00,93396763.13455705
2025-10-22 10:39:00+09:00,93396763.13455705
2025-10-22 10:40:00+09:00,93396763.13455705
2025-10-22 10:41:00+09:00,93396763.13455705
2025-10-22 10:42:00+09:00,93396763.13455705
2025-10-22 10:43:00+09:00,93396763.13455705
2025-10-22 10:44:00+09:00,93396763.13455705
2025-10-22 10:45:00+09:00,93396763.13455705
2025-10-22 10:46:00+09:00,93396763.13455705
2025-10-22 10:47:00+09:00,93396763.13455705
2025-10-22 10:48:00+09:00,93396763.13455705
2025-10-22 10:49:00+09:00,93396763.13455705
2025-10-22 10:50:00+09:00,93396763.13455705
2025-10-22 10:51:00+09:00,93396763.13455705
2025-10-22 10:52:00+09:00,93396763.13455705
2025-10-22 10:53:00+09:00,93396763.13455705
2025-10-22 10:54:00+09:00,93396763.13455705
2025-10-22 10:55:00+09:00,93396763.13455705
2025-10-22 10:56:00+09:00,93396763.13455705
2025-10-22 10:57:00+09:00,93396763.13455705
2025-10-22 10:58:00+09:00,93396763.13455705
2025-10-22 10:59:00+09:00,93396763.13455705
2025-10-22 11:00:00+09:00,93396763.13455705
2025-10-22 11:01:00+09:00,93396763.13455705
2025-10-22 11:02:00+09:00,93396763.13455705
2025-10-22 11:03:00+09:00,93396763.13455705
2025-10-22 11:04:00+09:00,93396763.13455705
2025-10-22 11:05:00+09:00,93396763.13455705
2025-10-22 11:06:00+09:00,93396763.13455705
2025-10-22 11:07:00+09:00,93396763.13455705
2025-10-22 11:08:00+09:00,93396763.13455705
2025-10-22 11:09:00+09:00,93396763.13455705
2025-10-22 11:10:00+09:00,93396763.13455705
2025-10-22 11:11:00+09:00,93396763.13455705
2025-10-22 11:12:00+09:00,93396763.13455705
2025-10-22 11:13:00+09:00,93396763.13455705
2025-10-22 11:14:00+09:00,93396763.13455705
2025-10-22 11:15:00+09:00,93396763.13455705
2025-10-22 11:16:00+09:00,93396763.13455705
2025-10-22 11:17:00+09:00,93396763.13455705
2025-10-22 11:18:00+09:00,93396763.13455705
2025-10-22 11:19:00+09:00,93396763.13455705
2025-10-22 11:20:00+09:00,93396763.13455705
2025-10-22 11:21:00+09:00,93396763.13455705
2025-10-22 11:22:00+09:00,93396763.13455705
2025-10-22 11:23:00+09:00,93396763.13455705
2025-10-22 11:24:00+09:00,93396763.13455705
2025-10-22 11:25:00+09:00,93396763.13455705
2025-10-22 11:26:00+09:00,93396763.13455705
2025-10-22 11:27:00+09:00,93396763.13455705
2025-10-22 11:28:00+09:00,93396763.13455705
2025-10-22 11:29:00+09:00,93396763.13455705
2025-10-22 11:30:00+09:00,93396763.13455705
2025-10-22 11:31:00+09:00,93396763.13455705
2025-10-22 11:32:00+09:00,93396763.13455705
2025-10-22 11:33:00+09:00,93396763.13455705
2025-10-22 11:34:00+09:00,93396763.13455705
2025-10-22 11:35:00+09:00,93396763.13455705
2025-10-22 11:36:00+09:00,93396763.13455705
2025-10-22 11:37:00+09:00,93396763.13455705
2025-10-22 11:38:00+09:00,93396763.13455705
2025-10-22 11:39:00+09:00,93396763.13455705
2025-10-22 11:40:00+09:00,93396763.13455705
2025-10-22 11:41:00+09:00,93396763.13455705
2025-10-22 11:42:00+09:00,93396763.13455705
2025-10-22 11:43:00+09:00,93396763.13455705
2025-10-22 11:44:00+09:00,93396763.13455705
2025-10-22 11:45:00+09:00,93396763.13455705
2025-10-22 11:46:00+09:00,93396763.13455705
2025-10-22 11:47:00+09:00,93396763.13455705
2025-10-22 11:48:00+09:00,93396763.13455705
2025-10-22 11:49:00+09:00,93396763.13455705
2025-10-22 11:50:00+09:00,93396763.13455705
2025-10-22 11:51:00+09:00,93396763.13455705
2025-10-22 11:52:00+09:00,93396763.13455705
2025-10-22 11:53:00+09:00,93396763.13455705
2025-10-22 11:54:00+09:00,93396763.13455705
2025-10-22 11:55:00+09:00,93396763.13455705
2025-10-22 11:56:00+09:00,93396763.13455705
2025-10-22 11:57:00+09:00,93396763.13455705
2025-10-22 11:58:00+09:00,93396763.13455705
2025-10-22 11:59:00+09:00,93396763.13455705
2025-10-22 12:00:00+09:00,93396763.13455705
2025-10-22 12:01:00+09:00,93396763.13455705
2025-10-22 12:02:00+09:00,93396763.13455705
2025-10-22 12:03:00+09:00,93396763.13455705
2025-10-22 12:04:00+09:00,93396763.13455705
2025-10-22 12:05:00+09:00,93396763.13455705
2025-10-22 12:06:00+09:00,93396763.13455705
2025-10-22 12:07:00+09:00,93396763.13455705
2025-10-22 12:08:00+09:00,93396763.13455705
2025-10-22 12:09:00+09:00,93396763.13455705
2025-10-22 12:10:00+09:00,93396763.13455705
2025-10-22 12:11:00+09:00,93396763.13455705
2025-10-22 12:12:00+09:00,93396763.13455705
2025-10-22 12:13:00+09:00,93396763.13455705
2025-10-22 12:14:00+09:00,93396763.13455705
2025-10-22 12:15:00+09:00,93396763.13455705
2025-10-22 12:16:00+09:00,93396763.13455705
2025-10-22 12:17:00+09:00,93396763.13455705
2025-10-22 12:18:00+09:00,93396763.13455705
2025-10-22 12:19:00+09:00,93396763.13455705
2025-10-22 12:20:00+09:00,93396763.13455705
2025-10-22 12:21:00+09:00,93396763.13455705
2025-10-22 12:22:00+09:00,93396763.13455705
2025-10-22 12:23:00+09:00,93396763.13455705
2025-10-22 12:24:00+09:00,93396763.13455705
2025-10-22 12:25:00+09:00,93396763.13455705
2025-10-22 12:26:00+09:00,93396763.13455705
2025-10-22 12:27:00+09:00,93396763.13455705
2025-10-22 12:28:00+09:00,93396763.13455705
2025-10-22 12:29:00+09:00,93396763.13455705
2025-10-22 12:30:00+09:00,93396763.13455705
2025-10-22 12:31:00+09:00,93396763.13455705
2025-10-22 12:32:00+09:00,93396763.13455705
2025-10-22 12:33:00+09:00,93396763.13455705
2025-10-22 12:34:00+09:00,93396763.13455705
2025-10-22 12:35:00+09:00,93396763.13455705
2025-10-22 12:36:00+09:00,93396763.13455705
2025-10-22 12:37:00+09:00,93396763.13455705
2025-10-22 12:38:00+09:00,93396763.13455705
2025-10-22 12:39:00+09:00,93396763.13455705
2025-10-22 12:40:00+09:00,93396763.13455705
2025-10-22 12:41:00+09:00,93396763.13455705
2025-10-22 12:42:00+09:00,93396763.13455705
2025-10-22 12:43:00+09:00,93396763.13455705
2025-10-22 12:44:00+09:00,93396763.13455705
2025-10-22 12:45:00+09:00,93396763.13455705
2025-10-22 12:46:00+09:00,93396763.13455705
2025-10-22 12:47:00+09:00,93396763.13455705
2025-10-22 12:48:00+09:00,93396763.13455705
2025-10-22 12:49:00+09:00,93396763.13455705
2025-10-22 12:50:00+09:00,93396763.13455705
2025-10-22 12:51:00+09:00,93396763.13455705
2025-10-22 12:52:00+09:00,93396763.13455705
2025-10-22 12:53:00+09:00,93359404.42930323
2025-10-22 12:54:00+09:00,93359404.42930323
2025-10-22 12:55:00+09:00,93107334.03734411
2025-10-22 12:56:00+09:00,93107334.03734411
2025-10-22 12:57:00+09:00,93107334.03734411
2025-10-22 12:58:00+09:00,93107334.03734411
2025-10-22 12:59:00+09:00,93107334.03734411
2025-10-22 13:00:00+09:00,93107334.03734411
2025-10-22 13:01:00+09:00,93107334.03734411
2025-10-22 13:02:00+09:00,93107334.03734411
2025-10-22 13:03:00+09:00,93107334.03734411
2025-10-22 13:04:00+09:00,93107334.03734411
2025-10-22 13:05:00+09:00,93107334.03734411
2025-10-22 13:06:00+09:00,93070091.10372917
2025-10-22 13:07:00+09:00,93172930.9834018
2025-10-22 13:08:00+09:00,93070091.10372917
2025-10-22 13:09:00+09:00,93070091.10372917
2025-10-22 13:10:00+09:00,93172930.9834018
2025-10-22 13:11:00+09:00,93275770.86307442
2025-10-22 13:12:00+09:00,93275770.86307442
2025-10-22 13:13:00+09:00,93378610.74274705
2025-10-22 13:14:00+09:00,93481450.62241969
2025-10-22 13:15:00+09:00,93481450.62241969
2025-10-22 13:16:00+09:00,93172930.98340179
2025-10-22 13:17:00+09:00,93070091.10372916
2025-10-22 13:18:00+09:00,93070091.10372916
2025-10-22 13:19:00+09:00,93172930.98340179
2025-10-22 13:20:00+09:00,93275770.8630744
2025-10-22 13:21:00+09:00,93275770.8630744
2025-10-22 13:22:00+09:00,93070091.10372916
2025-10-22 13:23:00+09:00,92967251.22405653
2025-10-22 13:24:00+09:00,92967251.22405653
2025-10-22 13:25:00+09:00,92967251.22405653
2025-10-22 13:26:00+09:00,92967251.22405653
2025-10-22 13:27:00+09:00,92864411.3443839
2025-10-22 13:28:00+09:00,92864411.3443839
2025-10-22 13:29:00+09:00,92613677.43375406
2025-10-22 13:30:00+09:00,92613677.43375406
2025-10-22 13:31:00+09:00,92613677.43375406
2025-10-22 13:32:00+09:00,92613677.43375406
2025-10-22 13:33:00+09:00,92613677.43375406
2025-10-22 13:34:00+09:00,92613677.43375406
2025-10-22 13:35:00+09:00,92613677.43375406
2025-10-22 13:36:00+09:00,92613677.43375406
2025-10-22 13:37:00+09:00,92613677.43375406
2025-10-22 13:38:00+09:00,92613677.43375406
2025-10-22 13:39:00+09:00,92613677.43375406
2025-10-22 13:40:00+09:00,92576631.96278057
2025-10-22 13:41:00+09:00,92474562.90879734
2025-10-22 13:42:00+09:00,92474562.90879734
2025-10-22 13:43:00+09:00,92474562.90879734
2025-10-22 13:44:00+09:00,92372493.85481411
2025-10-22 13:45:00+09:00,92372493.85481411
2025-10-22 13:46:00+09:00,92372493.85481411
2025-10-22 13:47:00+09:00,92372493.85481411
2025-10-22 13:48:00+09:00,92474562.90879734
2025-10-22 13:49:00+09:00,92474562.90879734
2025-10-22 13:50:00+09:00,92474562.90879734
2025-10-22 13:51:00+09:00,92474562.90879734
2025-10-22 13:52:00+09:00,92372493.85481411
2025-10-22 13:53:00+09:00,92321459.3278225
2025-10-22 13:54:00+09:00,92372493.85481413
2025-10-22 13:55:00+09:00,92021294.65386866
2025-10-22 13:56:00+09:00,92021294.65386866
2025-10-22 13:57:00+09:00,92021294.65386866
2025-10-22 13:58:00+09:00,92021294.65386866
2025-10-22 13:59:00+09:00,92021294.65386866
2025-10-22 14:00:00+09:00,92021294.65386866
2025-10-22 14:01:00+09:00,92021294.65386866
2025-10-22 14:02:00+09:00,92021294.65386866
2025-10-22 14:03:00+09:00,92021294.65386866
2025-10-22 14:04:00+09:00,92021294.65386866
2025-10-22 14:05:00+09:00,92021294.65386866
2025-10-22 14:06:00+09:00,92021294.65386866
2025-10-22 14:07:00+09:00,91984486.13600712
2025-10-22 14:08:00+09:00,91984486.13600712
2025-10-22 14:09:00+09:00,91837493.91075861
2025-10-22 14:10:00+09:00,91837493.91075861
2025-10-22 14:11:00+09:00,91837493.91075861
2025-10-22 14:12:00+09:00,91837493.91075861
2025-10-22 14:13:00+09:00,91837493.91075861
2025-10-22 14:14:00+09:00,91837493.91075861
2025-10-22 14:15:00+09:00,91837493.91075861
2025-10-22 14:16:00+09:00,91837493.91075861
2025-10-22 14:17:00+09:00,91837493.91075861
2025-10-22 14:18:00+09:00,91837493.91075861
2025-10-22 14:19:00+09:00,91837493.91075861
2025-10-22 14:20:00+09:00,91800758.91319431
2025-10-22 14:21:00+09:00,91552896.86412868
2025-10-22 14:22:00+09:00,91552896.86412868
2025-10-22 14:23:00+09:00,91552896.86412868
2025-10-22 14:24:00+09:00,91552896.86412868
2025-10-22 14:25:00+09:00,91552896.86412868
2025-10-22 14:26:00+09:00,91552896.86412868
2025-10-22 14:27:00+09:00,91552896.86412868
2025-10-22 14:28:00+09:00,91552896.86412868
2025-10-22 14:29:00+09:00,91552896.86412868
2025-10-22 14:30:00+09:00,91552896.86412868
2025-10-22 14:31:00+09:00,91552896.86412868
2025-10-22 14:32:00+09:00,91516275.70538303
2025-10-22 14:33:00+09:00,91415597.73431
2025-10-22 14:34:00+09:00,91214241.79216394
2025-10-22 14:35:00+09:00,91214241.79216394
2025-10-22 14:36:00+09:00,91214241.79216394
2025-10-22 14:37:00+09:00,91314919.76323695
2025-10-22 14:38:00+09:00,90967963.33932507
2025-10-22 14:39:00+09:00,90967963.33932507
2025-10-22 14:40:00+09:00,90967963.33932507
2025-10-22 14:41:00+09:00,90967963.33932507
2025-10-22 14:42:00+09:00,90967963.33932507
2025-10-22 14:43:00+09:00,90967963.33932507
2025-10-22 14:44:00+09:00,90967963.33932507
2025-10-22 14:45:00+09:00,90967963.33932507
2025-10-22 14:46:00+09:00,90967963.33932507
2025-10-22 14:47:00+09:00,90967963.33932507
2025-10-22 14:48:00+09:00,90967963.33932507
2025-10-22 14:49:00+09:00,90967963.33932507
2025-10-22 14:50:00+09:00,90967963.33932507
2025-10-22 14:51:00+09:00,90967963.33932507
2025-10-22 14:52:00+09:00,90967963.33932507
2025-10-22 14:53:00+09:00,90967963.33932507
2025-10-22 14:54:00+09:00,90967963.33932507
2025-10-22 14:55:00+09:00,90967963.33932507
2025-10-22 14:56:00+09:00,90967963.33932507
2025-10-22 14:57:00+09:00,90967963.33932507
2025-10-22 14:58:00+09:00,90967963.33932507
2025-10-22 14:59:00+09:00,90967963.33932507
2025-10-22 15:00:00+09:00,90967963.33932507
2025-10-22 15:01:00+09:00,90967963.33932507
2025-10-22 15:02:00+09:00,90967963.33932507
2025-10-22 15:03:00+09:00,90967963.33932507
2025-10-22 15:04:00+09:00,90967963.33932507
2025-10-22 15:05:00+09:00,90967963.33932507
2025-10-22 15:06:00+09:00,90967963.33932507
2025-10-22 15:07:00+09:00,90967963.33932507
2025-10-22 15:08:00+09:00,90967963.33932507
2025-10-22 15:09:00+09:00,90967963.33932507
2025-10-22 15:10:00+09:00,90967963.33932507
2025-10-22 15:11:00+09:00,90967963.33932507
2025-10-22 15:12:00+09:00,90967963.33932507
2025-10-22 15:13:00+09:00,90967963.33932507
2025-10-22 15:14:00+09:00,90967963.33932507
2025-10-22 15:15:00+09:00,90967963.33932507
2025-10-22 15:16:00+09:00,90967963.33932507
2025-10-22 15:17:00+09:00,90967963.33932507
2025-10-22 15:18:00+09:00,90967963.33932507
2025-10-22 15:19:00+09:00,90967963.33932507
2025-10-22 15:30:00+09:00,90967963.33932507
2025-10-22 15:35:00+09:00,90967963.33932507
2025-10-23 09:00:00+09:00,90967963.33932507
2025-10-23 09:01:00+09:00,90967963.33932507
2025-10-23 09:02:00+09:00,90967963.33932507
2025-10-23 09:03:00+09:00,90931576.15398934
2025-10-23 09:04:00+09:00,91613806.6288853
2025-10-23 09:05:00+09:00,93075729.07509091
2025-10-23 09:06:00+09:00,93368113.56433204
2025-10-23 09:07:00+09:00,93075729.07509091
2025-10-23 09:08:00+09:00,93173190.57150462
2025-10-23 09:09:00+09:00,92783344.58584979
2025-10-23 09:10:00+09:00,93173190.57150462
2025-10-23 09:11:00+09:00,92783344.58584979
2025-10-23 09:12:00+09:00,92588421.59302238
2025-10-23 09:13:00+09:00,92783344.5858498
2025-10-23 09:14:00+09:00,92198575.60736756
2025-10-23 09:15:00+09:00,92101114.11095385
2025-10-23 09:16:00+09:00,92393498.60019498
2025-10-23 09:17:00+09:00,91808729.62171273
2025-10-23 09:18:00+09:00,92003652.61454014
2025-10-23 09:19:00+09:00,92296037.10378127
2025-10-23 09:20:00+09:00,91906191.11812644
2025-10-23 09:21:00+09:00,92198575.60736756
2025-10-23 09:22:00+09:00,91613806.62888531
2025-10-23 09:23:00+09:00,91516345.1324716
2025-10-23 09:24:00+09:00,91418883.6360579
2025-10-23 09:25:00+09:00,91321422.13964419
2025-10-23 09:26:00+09:00,91321422.13964419
2025-10-23 09:27:00+09:00,91126499.14681678
2025-10-23 09:28:00+09:00,90931576.15398936
2025-10-23 09:29:00+09:00,91516345.1324716
2025-10-23 09:30:00+09:00,91418883.6360579
2025-10-23 09:31:00+09:00,91418883.6360579
2025-10-23 09:32:00+09:00,91126499.14681678
2025-10-23 09:33:00+09:00,91223960.64323047
2025-10-23 09:34:00+09:00,91711268.125299
2025-10-23 09:35:00+09:00,92198575.60736755
2025-10-23 09:36:00+09:00,92588421.59302238
2025-10-23 09:37:00+09:00,92490960.09660867
2025-10-23 09:38:00+09:00,92003652.61454013
2025-10-23 09:39:00+09:00,91613806.6288853
2025-10-23 09:40:00+09:00,91711268.125299
2025-10-23 09:41:00+09:00,92101114.11095384
2025-10-23 09:42:00+09:00,91613806.6288853
2025-10-23 09:43:00+09:00,91613806.6288853
2025-10-23 09:44:00+09:00,91613806.6288853
2025-10-23 09:45:00+09:00,91321422.13964418
2025-10-23 09:46:00+09:00,91321422.13964418
2025-10-23 09:47:00+09:00,91711268.125299
2025-10-23 09:48:00+09:00,91808729.62171271
2025-10-23 09:49:00+09:00,91711268.125299
2025-10-23 09:50:00+09:00,92101114.11095384
2025-10-23 09:51:00+09:00,92198575.60736755
2025-10-23 09:52:00+09:00,92003652.61454013
2025-10-23 09:53:00+09:00,91711268.125299
2025-10-23 09:54:00+09:00,91613806.6288853
2025-10-23 09:55:00+09:00,91906191.11812644
2025-10-23 09:56:00+09:00,92101114.11095384
2025-10-23 09:57:00+09:00,91711268.125299
2025-10-23 09:58:00+09:00,91808729.62171271
2025-10-23 09:59:00+09:00,91463647.7013607
2025-10-23 10:00:00+09:00,91463647.7013607
2025-10-23 10:01:00+09:00,91463647.7013607
2025-10-23 10:02:00+09:00,91463647.7013607
2025-10-23 10:03:00+09:00,91463647.7013607
2025-10-23 10:04:00+09:00,91463647.7013607
2025-10-23 10:05:00+09:00,91463647.7013607
2025-10-23 10:06:00+09:00,91463647.7013607
2025-10-23 10:07:00+09:00,91463647.7013607
2025-10-23 10:08:00+09:00,91463647.7013607
2025-10-23 10:09:00+09:00,91463647.7013607
2025-10-23 10:10:00+09:00,91463647.7013607
2025-10-23 10:11:00+09:00,91463647.7013607
2025-10-23 10:12:00+09:00,91463647.7013607
2025-10-23 10:13:00+09:00,91463647.7013607
2025-10-23 10:14:00+09:00,91463647.7013607
2025-10-23 10:15:00+09:00,91463647.7013607
2025-10-23 10:16:00+09:00,91463647.7013607
2025-10-23 10:17:00+09:00,91463647.7013607
2025-10-23 10:18:00+09:00,91463647.7013607
2025-10-23 10:19:00+09:00,91463647.7013607
2025-10-23 10:20:00+09:00,91463647.7013607
2025-10-23 10:21:00+09:00,91463647.7013607
2025-10-23 10:22:00+09:00,91463647.7013607
2025-10-23 10:23:00+09:00,91463647.7013607
2025-10-23 10:24:00+09:00,91463647.7013607
2025-10-23 10:25:00+09:00,91463647.7013607
2025-10-23 10:26:00+09:00,91463647.7013607
2025-10-23 10:27:00+09:00,91463647.7013607
2025-10-23 10:28:00+09:00,91463647.7013607
2025-10-23 10:29:00+09:00,91463647.7013607
2025-10-23 10:30:00+09:00,91463647.7013607
2025-10-23 10:31:00+09:00,91463647.7013607
2025-10-23 10:32:00+09:00,91463647.7013607
2025-10-23 10:33:00+09:00,91463647.7013607
2025-10-23 10:34:00+09:00,91463647.7013607
2025-10-23 10:35:00+09:00,91463647.7013607
2025-10-23 10:36:00+09:00,91463647.7013607
2025-10-23 10:37:00+09:00,91463647.7013607
2025-10-23 10:38:00+09:00,91463647.7013607
2025-10-23 10:39:00+09:00,91463647.7013607
2025-10-23 10:40:00+09:00,91463647.7013607
2025-10-23 10:41:00+09:00,91463647.7013607
2025-10-23 10:42:00+09:00,91463647.7013607
2025-10-23 10:43:00+09:00,91463647.7013607
2025-10-23 10:44:00+09:00,91463647.7013607
2025-10-23 10:45:00+09:00,91463647.7013607
2025-10-23 10:46:00+09:00,91463647.7013607
2025-10-23 10:47:00+09:00,91463647.7013607
2025-10-23 10:48:00+09:00,91463647.7013607
2025-10-23 10:49:00+09:00,91463647.7013607
2025-10-23 10:50:00+09:00,91463647.7013607
2025-10-23 10:51:00+09:00,91463647.7013607
2025-10-23 10:52:00+09:00,91463647.7013607
2025-10-23 10:53:00+09:00,91463647.7013607
2025-10-23 10:54:00+09:00,91463647.7013607
2025-10-23 10:55:00+09:00,91463647.7013607
2025-10-23 10:56:00+09:00,91463647.7013607
2025-10-23 10:57:00+09:00,91463647.7013607
2025-10-23 10:58:00+09:00,91463647.7013607
2025-10-23 10:59:00+09:00,91427062.24228016
2025-10-23 11:00:00+09:00,91329279.28801033
2025-10-23 11:01:00+09:00,91231496.3337405
2025-10-23 11:02:00+09:00,91329279.28801033
2025-10-23 11:03:00+09:00,90938147.47093105
2025-10-23 11:04:00+09:00,90840364.51666123
2025-10-23 11:05:00+09:00,90595095.53246623
2025-10-23 11:06:00+09:00,90595095.53246623
2025-10-23 11:07:00+09:00,90595095.53246623
2025-10-23 11:08:00+09:00,90595095.53246623
2025-10-23 11:09:00+09:00,90595095.53246623
2025-10-23 11:10:00+09:00,90595095.53246623
2025-10-23 11:11:00+09:00,90595095.53246623
2025-10-23 11:12:00+09:00,90595095.53246623
2025-10-23 11:13:00+09:00,90595095.53246623
2025-10-23 11:14:00+09:00,90595095.53246623
2025-10-23 11:15:00+09:00,90595095.53246623
2025-10-23 11:16:00+09:00,90595095.53246623
2025-10-23 11:17:00+09:00,90595095.53246623
2025-10-23 11:18:00+09:00,90595095.53246623
2025-10-23 11:19:00+09:00,90595095.53246623
2025-10-23 11:20:00+09:00,90595095.53246623
2025-10-23 11:21:00+09:00,90595095.53246623
2025-10-23 11:22:00+09:00,90595095.53246623
2025-10-23 11:23:00+09:00,90595095.53246623
2025-10-23 11:24:00+09:00,90595095.53246623
2025-10-23 11:25:00+09:00,90595095.53246623
2025-10-23 11:26:00+09:00,90595095.53246623
2025-10-23 11:27:00+09:00,90595095.53246623
2025-10-23 11:28:00+09:00,90595095.53246623
2025-10-23 11:29:00+09:00,90595095.53246623
2025-10-23 11:30:00+09:00,90595095.53246623
2025-10-23 11:31:00+09:00,90595095.53246623
2025-10-23 11:32:00+09:00,90595095.53246623
2025-10-23 11:33:00+09:00,90595095.53246623
2025-10-23 11:34:00+09:00,90595095.53246623
2025-10-23 11:36:00+09:00,90595095.53246623
2025-10-23 11:37:00+09:00,90595095.53246623
2025-10-23 11:38:00+09:00,90595095.53246623
2025-10-23 11:39:00+09:00,90595095.53246623
2025-10-23 11:40:00+09:00,90595095.53246623
2025-10-23 11:41:00+09:00,90595095.53246623
2025-10-23 11:42:00+09:00,90595095.53246623
2025-10-23 11:43:00+09:00,90595095.53246623
2025-10-23 11:44:00+09:00,90595095.53246623
2025-10-23 11:45:00+09:00,90595095.53246623
2025-10-23 11:46:00+09:00,90595095.53246623
2025-10-23 11:47:00+09:00,90595095.53246623
2025-10-23 11:48:00+09:00,90595095.53246623
2025-10-23 11:49:00+09:00,90595095.53246623
2025-10-23 11:50:00+09:00,90595095.53246623
2025-10-23 11:51:00+09:00,90595095.53246623
2025-10-23 11:52:00+09:00,90595095.53246623
2025-10-23 11:53:00+09:00,90595095.53246623
2025-10-23 11:54:00+09:00,90595095.53246623
2025-10-23 11:55:00+09:00,90558857.49425325
2025-10-23 11:56:00+09:00,90656023.65036297
2025-10-23 11:57:00+09:00,90656023.65036297
2025-10-23 11:58:00+09:00,90656023.65036297
2025-10-23 11:59:00+09:00,90656023.65036297
2025-10-23 12:00:00+09:00,90753189.80647269
2025-10-23 12:01:00+09:00,90753189.80647269
2025-10-23 12:02:00+09:00,90947522.11869211
2025-10-23 12:03:00+09:00,90947522.11869211
2025-10-23 12:04:00+09:00,91044688.27480184
2025-10-23 12:05:00+09:00,90850355.96258241
2025-10-23 12:06:00+09:00,90850355.96258241
2025-10-23 12:07:00+09:00,90850355.96258241
2025-10-23 12:08:00+09:00,90850355.96258241
2025-10-23 12:09:00+09:00,90850355.96258241
2025-10-23 12:10:00+09:00,90947522.11869211
2025-10-23 12:11:00+09:00,91044688.27480184
2025-10-23 12:12:00+09:00,91044688.27480184
2025-10-23 12:13:00+09:00,91044688.27480184
2025-10-23 12:14:00+09:00,91044688.27480184
2025-10-23 12:15:00+09:00,91141854.43091154
2025-10-23 12:16:00+09:00,91044688.27480184
2025-10-23 12:17:00+09:00,91239020.58702126
2025-10-23 12:18:00+09:00,91141854.43091154
2025-10-23 12:19:00+09:00,91530519.05535041
2025-10-23 12:20:00+09:00,91530519.05535041
2025-10-23 12:21:00+09:00,91433352.89924069
2025-10-23 12:22:00+09:00,91239020.58702126
2025-10-23 12:23:00+09:00,91044688.27480184
2025-10-23 12:24:00+09:00,91239020.58702126
2025-10-23 12:25:00+09:00,91044688.27480184
2025-10-23 12:26:00+09:00,91044688.27480184
2025-10-23 12:27:00+09:00,91141854.43091154
2025-10-23 12:28:00+09:00,90947522.11869211
2025-10-23 12:29:00+09:00,90996105.19674698
2025-10-23 12:30:00+09:00,91044688.27480182
2025-10-23 12:31:00+09:00,91044688.27480182
2025-10-23 12:32:00+09:00,90947522.11869211
2025-10-23 12:33:00+09:00,91141854.43091154
2025-10-23 12:34:00+09:00,91239020.58702126
2025-10-23 12:35:00+09:00,91239020.58702126
2025-10-23 12:36:00+09:00,91141854.43091154
2025-10-23 12:37:00+09:00,91044688.27480184
2025-10-23 12:38:00+09:00,91433352.8992407
2025-10-23 12:39:00+09:00,91530519.05535041
2025-10-23 12:40:00+09:00,91433352.89924069
2025-10-23 12:41:00+09:00,91433352.89924069
2025-10-23 12:42:00+09:00,91919183.67978925
2025-10-23 12:43:00+09:00,91870600.6017344
2025-10-23 12:44:00+09:00,91870600.6017344
2025-10-23 12:45:00+09:00,91822017.52367955
2025-10-23 12:46:00+09:00,91530519.05535041
2025-10-23 12:47:00+09:00,91433352.89924069
2025-10-23 12:48:00+09:00,91530519.0553504
2025-10-23 12:49:00+09:00,91336186.74313097
2025-10-23 12:50:00+09:00,91141854.43091154
2025-10-23 12:51:00+09:00,91044688.27480184
2025-10-23 12:52:00+09:00,90947522.11869213
2025-10-23 12:53:00+09:00,90895771.4239481
2025-10-23 12:54:00+09:00,90895771.4239481
2025-10-23 12:55:00+09:00,90895771.4239481
2025-10-23 12:56:00+09:00,90895771.4239481
2025-10-23 12:57:00+09:00,90895771.4239481
2025-10-23 12:58:00+09:00,90895771.4239481
2025-10-23 12:59:00+09:00,90895771.4239481
2025-10-23 13:00:00+09:00,90895771.4239481
2025-10-23 13:01:00+09:00,90895771.4239481
2025-10-23 13:02:00+09:00,90895771.4239481
2025-10-23 13:03:00+09:00,90895771.4239481
2025-10-23 13:04:00+09:00,90895771.4239481
2025-10-23 13:05:00+09:00,90895771.4239481
2025-10-23 13:06:00+09:00,90895771.4239481
2025-10-23 13:07:00+09:00,90895771.4239481
2025-10-23 13:08:00+09:00,90895771.4239481
2025-10-23 13:09:00+09:00,90895771.4239481
2025-10-23 13:10:00+09:00,90895771.4239481
2025-10-23 13:11:00+09:00,90895771.4239481
2025-10-23 13:12:00+09:00,90895771.4239481
2025-10-23 13:13:00+09:00,90895771.4239481
2025-10-23 13:14:00+09:00,90895771.4239481
2025-10-23 13:15:00+09:00,90895771.4239481
2025-10-23 13:16:00+09:00,90895771.4239481
2025-10-23 13:17:00+09:00,90895771.4239481
2025-10-23 13:18:00+09:00,90895771.4239481
2025-10-23 13:19:00+09:00,90895771.4239481
2025-10-23 13:20:00+09:00,90895771.4239481
2025-10-23 13:21:00+09:00,90895771.4239481
2025-10-23 13:22:00+09:00,90895771.4239481
2025-10-23 13:23:00+09:00,90895771.4239481
2025-10-23 13:24:00+09:00,90895771.4239481
2025-10-23 13:25:00+09:00,90895771.4239481
2025-10-23 13:26:00+09:00,90895771.4239481
2025-10-23 13:27:00+09:00,90895771.4239481
2025-10-23 13:28:00+09:00,90895771.4239481
2025-10-23 13:29:00+09:00,90895771.4239481
2025-10-23 13:30:00+09:00,90895771.4239481
2025-10-23 13:31:00+09:00,90895771.4239481
2025-10-23 13:32:00+09:00,90895771.4239481
2025-10-23 13:33:00+09:00,90895771.4239481
2025-10-23 13:34:00+09:00,90895771.4239481
2025-10-23 13:35:00+09:00,90895771.4239481
2025-10-23 13:36:00+09:00,90895771.4239481
2025-10-23 13:37:00+09:00,90895771.4239481
2025-10-23 13:38:00+09:00,90895771.4239481
2025-10-23 13:39:00+09:00,90895771.4239481
2025-10-23 13:40:00+09:00,90895771.4239481
2025-10-23 13:41:00+09:00,90895771.4239481
2025-10-23 13:42:00+09:00,90895771.4239481
2025-10-23 13:43:00+09:00,90895771.4239481
2025-10-23 13:44:00+09:00,90895771.4239481
2025-10-23 13:45:00+09:00,90895771.4239481
2025-10-23 13:46:00+09:00,90895771.4239481
2025-10-23 13:47:00+09:00,90895771.4239481
2025-10-23 13:48:00+09:00,90895771.4239481
2025-10-23 13:49:00+09:00,90895771.4239481
2025-10-23 13:50:00+09:00,90895771.4239481
2025-10-23 13:51:00+09:00,90895771.4239481
2025-10-23 13:52:00+09:00,90895771.4239481
2025-10-23 13:53:00+09:00,90895771.4239481
2025-10-23 13:54:00+09:00,90895771.4239481
2025-10-23 13:55:00+09:00,90895771.4239481
2025-10-23 13:56:00+09:00,90895771.4239481
2025-10-23 13:57:00+09:00,90895771.4239481
2025-10-23 13:58:00+09:00,90895771.4239481
2025-10-23 13:59:00+09:00,90895771.4239481
2025-10-23 14:00:00+09:00,90895771.4239481
2025-10-23 14:01:00+09:00,90895771.4239481
2025-10-23 14:02:00+09:00,90895771.4239481
2025-10-23 14:03:00+09:00,90895771.4239481
2025-10-23 14:04:00+09:00,90859413.11537851
2025-10-23 14:05:00+09:00,90859413.11537851
2025-10-23 14:06:00+09:00,90859413.11537851
2025-10-23 14:07:00+09:00,90664435.83401504
2025-10-23 14:08:00+09:00,90664435.83401504
2025-10-23 14:09:00+09:00,90322416.4359113
2025-10-23 14:10:00+09:00,90322416.4359113
2025-10-23 14:11:00+09:00,90322416.4359113
2025-10-23 14:12:00+09:00,90322416.4359113
2025-10-23 14:13:00+09:00,90322416.4359113
2025-10-23 14:14:00+09:00,90322416.4359113
2025-10-23 14:15:00+09:00,90322416.4359113
2025-10-23 14:16:00+09:00,90322416.4359113
2025-10-23 14:17:00+09:00,90322416.4359113
2025-10-23 14:18:00+09:00,90322416.4359113
2025-10-23 14:19:00+09:00,90322416.4359113
2025-10-23 14:20:00+09:00,90322416.4359113
2025-10-23 14:21:00+09:00,90322416.4359113
2025-10-23 14:22:00+09:00,90322416.4359113
2025-10-23 14:23:00+09:00,90322416.4359113
2025-10-23 14:24:00+09:00,90322416.4359113
2025-10-23 14:25:00+09:00,90322416.4359113
2025-10-23 14:26:00+09:00,90322416.4359113
2025-10-23 14:27:00+09:00,90322416.4359113
2025-10-23 14:28:00+09:00,90322416.4359113
2025-10-23 14:29:00+09:00,90322416.4359113
2025-10-23 14:30:00+09:00,90322416.4359113
2025-10-23 14:31:00+09:00,90322416.4359113
2025-10-23 14:32:00+09:00,90322416.4359113
2025-10-23 14:33:00+09:00,90322416.4359113
2025-10-23 14:34:00+09:00,90322416.4359113
2025-10-23 14:35:00+09:00,90322416.4359113
2025-10-23 14:36:00+09:00,90322416.4359113
2025-10-23 14:37:00+09:00,90322416.4359113
2025-10-23 14:38:00+09:00,90286287.46933694
2025-10-23 14:39:00+09:00,90189413.77033551
2025-10-23 14:40:00+09:00,90189413.77033551
2025-10-23 14:41:00+09:00,90092540.07133408
2025-10-23 14:42:00+09:00,90189413.77033551
2025-10-23 14:43:00+09:00,89945902.3531556
2025-10-23 14:44:00+09:00,89945902.3531556
2025-10-23 14:45:00+09:00,89945902.3531556
2025-10-23 14:46:00+09:00,89945902.3531556
2025-10-23 14:47:00+09:00,89945902.3531556
2025-10-23 14:48:00+09:00,89945902.3531556
2025-10-23 14:49:00+09:00,89945902.3531556
2025-10-23 14:50:00+09:00,89945902.3531556
2025-10-23 14:51:00+09:00,89945902.3531556
2025-10-23 14:52:00+09:00,89945902.3531556
2025-10-23 14:53:00+09:00,89945902.3531556
2025-10-23 14:54:00+09:00,89945902.3531556
2025-10-23 14:55:00+09:00,89945902.3531556
2025-10-23 14:56:00+09:00,89945902.3531556
2025-10-23 14:57:00+09:00,89945902.3531556
2025-10-23 14:58:00+09:00,89945902.3531556
2025-10-23 14:59:00+09:00,89945902.3531556
2025-10-23 15:00:00+09:00,89945902.3531556
2025-10-23 15:01:00+09:00,89945902.3531556
2025-10-23 15:02:00+09:00,89945902.3531556
2025-10-23 15:03:00+09:00,89945902.3531556
2025-10-23 15:04:00+09:00,89945902.3531556
2025-10-23 15:05:00+09:00,89945902.3531556
2025-10-23 15:06:00+09:00,89945902.3531556
2025-10-23 15:07:00+09:00,89945902.3531556
2025-10-23 15:08:00+09:00,89945902.3531556
2025-10-23 15:09:00+09:00,89945902.3531556
2025-10-23 15:10:00+09:00,89945902.3531556
2025-10-23 15:11:00+09:00,89909923.99221434
2025-10-23 15:12:00+09:00,90006187.2941332
2025-10-23 15:13:00+09:00,90102450.59605205
2025-10-23 15:14:00+09:00,90102450.59605205
2025-10-23 15:15:00+09:00,90006187.29413319
2025-10-23 15:16:00+09:00,89813660.69029546
2025-10-23 15:17:00+09:00,90006187.29413317
2025-10-23 15:18:00+09:00,89909923.9922143
2025-10-23 15:19:00+09:00,89909923.9922143
2025-10-23 15:30:00+09:00,89909923.9922143
2025-10-23 15:35:00+09:00,89909923.9922143
2025-10-24 09:00:00+09:00,89236080.8787823
2025-10-24 09:01:00+09:00,90006187.29413317
2025-10-24 09:02:00+09:00,89283153.63342062
2025-10-24 09:03:00+09:00,89283153.63342062
2025-10-24 09:04:00+09:00,89283153.63342062
2025-10-24 09:05:00+09:00,89283153.63342062
2025-10-24 09:06:00+09:00,89283153.63342062
2025-10-24 09:07:00+09:00,89283153.63342062
2025-10-24 09:08:00+09:00,89283153.63342062
2025-10-24 09:09:00+09:00,89283153.63342062
2025-10-24 09:10:00+09:00,89283153.63342062
2025-10-24 09:11:00+09:00,89283153.63342062
2025-10-24 09:12:00+09:00,89283153.63342062
2025-10-24 09:13:00+09:00,89283153.63342062
2025-10-24 09:14:00+09:00,89283153.63342062
2025-10-24 09:15:00+09:00,89283153.63342062
2025-10-24 09:16:00+09:00,89283153.63342062
2025-10-24 09:17:00+09:00,89283153.63342062
2025-10-24 09:18:00+09:00,89283153.63342062
2025-10-24 09:19:00+09:00,89283153.63342062
2025-10-24 09:20:00+09:00,89283153.63342062
2025-10-24 09:21:00+09:00,89283153.63342062
2025-10-24 09:22:00+09:00,89283153.63342062
2025-10-24 09:23:00+09:00,89283153.63342062
2025-10-24 09:24:00+09:00,89283153.63342062
2025-10-24 09:25:00+09:00,89283153.63342062
2025-10-24 09:26:00+09:00,89283153.63342062
2025-10-24 09:27:00+09:00,89283153.63342062
2025-10-24 09:28:00+09:00,89283153.63342062
2025-10-24 09:29:00+09:00,89283153.63342062
2025-10-24 09:30:00+09:00,89283153.63342062
2025-10-24 09:31:00+09:00,89283153.63342062
2025-10-24 09:32:00+09:00,89283153.63342062
2025-10-24 09:33:00+09:00,89283153.63342062
2025-10-24 09:34:00+09:00,89283153.63342062
2025-10-24 09:35:00+09:00,89283153.63342062
2025-10-24 09:36:00+09:00,89283153.63342062
2025-10-24 09:37:00+09:00,89283153.63342062
2025-10-24 09:38:00+09:00,89283153.63342062
2025-10-24 09:39:00+09:00,89283153.63342062
2025-10-24 09:40:00+09:00,89283153.63342062
2025-10-24 09:41:00+09:00,89283153.63342062
2025-10-24 09:42:00+09:00,89283153.63342062
2025-10-24 09:43:00+09:00,89283153.63342062
2025-10-24 09:44:00+09:00,89283153.63342062
2025-10-24 09:45:00+09:00,89283153.63342062
2025-10-24 09:46:00+09:00,89283153.63342062
2025-10-24 09:47:00+09:00,89283153.63342062
2025-10-24 09:48:00+09:00,89283153.63342062
2025-10-24 09:49:00+09:00,89283153.63342062
2025-10-24 09:50:00+09:00,89283153.63342062
2025-10-24 09:51:00+09:00,89283153.63342062
2025-10-24 09:52:00+09:00,89283153.63342062
2025-10-24 09:53:00+09:00,89283153.63342062
2025-10-24 09:54:00+09:00,89283153.63342062
2025-10-24 09:55:00+09:00,89283153.63342062
2025-10-24 09:56:00+09:00,89283153.63342062
2025-10-24 09:57:00+09:00,89283153.63342062
2025-10-24 09:58:00+09:00,89283153.63342062
2025-10-24 09:59:00+09:00,89283153.63342062
2025-10-24 10:00:00+09:00,89283153.63342062
2025-10-24 10:01:00+09:00,89283153.63342062
2025-10-24 10:02:00+09:00,89283153.63342062
2025-10-24 10:03:00+09:00,89283153.63342062
2025-10-24 10:04:00+09:00,89283153.63342062
2025-10-24 10:05:00+09:00,89283153.63342062
2025-10-24 10:06:00+09:00,89283153.63342062
2025-10-24 10:07:00+09:00,89283153.63342062
2025-10-24 10:08:00+09:00,89283153.63342062
2025-10-24 10:09:00+09:00,89283153.63342062
2025-10-24 10:10:00+09:00,89283153.63342062
2025-10-24 10:11:00+09:00,89283153.63342062
2025-10-24 10:12:00+09:00,89283153.63342062
2025-10-24 10:13:00+09:00,89283153.63342062
2025-10-24 10:14:00+09:00,89283153.63342062
2025-10-24 10:15:00+09:00,89283153.63342062
2025-10-24 10:16:00+09:00,89283153.63342062
2025-10-24 10:17:00+09:00,89283153.63342062
2025-10-24 10:18:00+09:00,89283153.63342062
2025-10-24 10:19:00+09:00,89283153.63342062
2025-10-24 10:20:00+09:00,89283153.63342062
2025-10-24 10:21:00+09:00,89283153.63342062
2025-10-24 10:22:00+09:00,89283153.63342062
2025-10-24 10:23:00+09:00,89283153.63342062
2025-10-24 10:24:00+09:00,89283153.63342062
2025-10-24 10:25:00+09:00,89283153.63342062
2025-10-24 10:26:00+09:00,89283153.63342062
2025-10-24 10:27:00+09:00,89283153.63342062
2025-10-24 10:28:00+09:00,89283153.63342062
2025-10-24 10:29:00+09:00,89283153.63342062
2025-10-24 10:30:00+09:00,89283153.63342062
2025-10-24 10:31:00+09:00,89283153.63342062
2025-10-24 10:32:00+09:00,89283153.63342062
2025-10-24 10:33:00+09:00,89283153.63342062
2025-10-24 10:34:00+09:00,89283153.63342062
2025-10-24 10:35:00+09:00,89283153.63342062
2025-10-24 10:36:00+09:00,89283153.63342062
2025-10-24 10:37:00+09:00,89283153.63342062
2025-10-24 10:38:00+09:00,89283153.63342062
2025-10-24 10:39:00+09:00,89283153.63342062
2025-10-24 10:40:00+09:00,89283153.63342062
2025-10-24 10:41:00+09:00,89283153.63342062
2025-10-24 10:42:00+09:00,89283153.63342062
2025-10-24 10:43:00+09:00,89283153.63342062
2025-10-24 10:44:00+09:00,89283153.63342062
2025-10-24 10:45:00+09:00,89283153.63342062
2025-10-24 10:46:00+09:00,89283153.63342062
2025-10-24 10:47:00+09:00,89283153.63342062
2025-10-24 10:48:00+09:00,89283153.63342062
2025-10-24 10:49:00+09:00,89283153.63342062
2025-10-24 10:50:00+09:00,89283153.63342062
2025-10-24 10:51:00+09:00,89283153.63342062
2025-10-24 10:52:00+09:00,89283153.63342062
2025-10-24 10:53:00+09:00,89283153.63342062
2025-10-24 10:54:00+09:00,89283153.63342062
2025-10-24 10:55:00+09:00,89283153.63342062
2025-10-24 10:56:00+09:00,89283153.63342062
2025-10-24 10:57:00+09:00,89283153.63342062
2025-10-24 10:58:00+09:00,89283153.63342062
2025-10-24 10:59:00+09:00,89283153.63342062
2025-10-24 11:00:00+09:00,89283153.63342062
2025-10-24 11:01:00+09:00,89283153.63342062
2025-10-24 11:02:00+09:00,89283153.63342062
2025-10-24 11:03:00+09:00,89283153.63342062
2025-10-24 11:04:00+09:00,89283153.63342062
2025-10-24 11:05:00+09:00,89283153.63342062
2025-10-24 11:06:00+09:00,89283153.63342062
2025-10-24 11:07:00+09:00,89283153.63342062
2025-10-24 11:08:00+09:00,89283153.63342062
2025-10-24 11:09:00+09:00,89283153.63342062
2025-10-24 11:10:00+09:00,89283153.63342062
2025-10-24 11:11:00+09:00,89283153.63342062
2025-10-24 11:12:00+09:00,89283153.63342062
2025-10-24 11:13:00+09:00,89283153.63342062
2025-10-24 11:14:00+09:00,89283153.63342062
2025-10-24 11:15:00+09:00,89247440.37196726
2025-10-24 11:16:00+09:00,89006472.28296295
2025-10-24 11:17:00+09:00,89006472.28296295
2025-10-24 11:18:00+09:00,89006472.28296295
2025-10-24 11:19:00+09:00,89006472.28296295
2025-10-24 11:20:00+09:00,89006472.28296295
2025-10-24 11:21:00+09:00,89006472.28296295
2025-10-24 11:22:00+09:00,89006472.28296295
2025-10-24 11:23:00+09:00,89006472.28296295
2025-10-24 11:24:00+09:00,89006472.28296295
2025-10-24 11:25:00+09:00,89006472.28296295
2025-10-24 11:26:00+09:00,89006472.28296295
2025-10-24 11:27:00+09:00,89006472.28296295
2025-10-24 11:28:00+09:00,89006472.28296295
2025-10-24 11:29:00+09:00,89006472.28296295
2025-10-24 11:30:00+09:00,89006472.28296295
2025-10-24 11:31:00+09:00,89006472.28296295
2025-10-24 11:32:00+09:00,89006472.28296295
2025-10-24 11:33:00+09:00,89006472.28296295
2025-10-24 11:34:00+09:00,89006472.28296295
2025-10-24 11:35:00+09:00,89006472.28296295
2025-10-24 11:36:00+09:00,89006472.28296295
2025-10-24 11:37:00+09:00,89006472.28296295
2025-10-24 11:38:00+09:00,89006472.28296295
2025-10-24 11:39:00+09:00,89006472.28296295
2025-10-24 11:40:00+09:00,89006472.28296295
2025-10-24 11:41:00+09:00,89006472.28296295
2025-10-24 11:42:00+09:00,89006472.28296295
2025-10-24 11:43:00+09:00,89006472.28296295
2025-10-24 11:44:00+09:00,89006472.28296295
2025-10-24 11:45:00+09:00,89006472.28296295
2025-10-24 11:46:00+09:00,89006472.28296295
2025-10-24 11:47:00+09:00,89006472.28296295
2025-10-24 11:48:00+09:00,89006472.28296295
2025-10-24 11:49:00+09:00,89006472.28296295
2025-10-24 11:50:00+09:00,89006472.28296295
2025-10-24 11:51:00+09:00,89006472.28296295
2025-10-24 11:52:00+09:00,89006472.28296295
2025-10-24 11:53:00+09:00,89006472.28296295
2025-10-24 11:54:00+09:00,89006472.28296295
2025-10-24 11:55:00+09:00,89006472.28296295
2025-10-24 11:56:00+09:00,89006472.28296295
2025-10-24 11:57:00+09:00,89006472.28296295
2025-10-24 11:58:00+09:00,89006472.28296295
2025-10-24 11:59:00+09:00,89006472.28296295
2025-10-24 12:00:00+09:00,89006472.28296295
2025-10-24 12:01:00+09:00,89006472.28296295
2025-10-24 12:02:00+09:00,89006472.28296295
2025-10-24 12:03:00+09:00,89006472.28296295
2025-10-24 12:04:00+09:00,89006472.28296295
2025-10-24 12:05:00+09:00,89006472.28296295
2025-10-24 12:06:00+09:00,89006472.28296295
2025-10-24 12:07:00+09:00,89006472.28296295
2025-10-24 12:08:00+09:00,88970869.69404976
2025-10-24 12:09:00+09:00,88970869.69404976
2025-10-24 12:10:00+09:00,88970869.69404976
2025-10-24 12:11:00+09:00,88970869.69404976
2025-10-24 12:12:00+09:00,88970869.69404976
2025-10-24 12:13:00+09:00,89068639.88052674
2025-10-24 12:14:00+09:00,88970869.69404976
2025-10-24 12:15:00+09:00,88970869.69404976
2025-10-24 12:16:00+09:00,88873099.50757279
2025-10-24 12:17:00+09:00,89068639.88052674
2025-10-24 12:18:00+09:00,88730648.34587583
2025-10-24 12:19:00+09:00,88730648.34587583
2025-10-24 12:20:00+09:00,88730648.34587583
2025-10-24 12:21:00+09:00,88730648.34587583
2025-10-24 12:22:00+09:00,88730648.34587583
2025-10-24 12:23:00+09:00,88730648.34587583
2025-10-24 12:24:00+09:00,88730648.34587583
2025-10-24 12:25:00+09:00,88730648.34587583
2025-10-24 12:26:00+09:00,88730648.34587583
2025-10-24 12:27:00+09:00,88730648.34587583
2025-10-24 12:28:00+09:00,88730648.34587583
2025-10-24 12:29:00+09:00,88695156.08653748
2025-10-24 12:30:00+09:00,88792516.30178067
2025-10-24 12:31:00+09:00,88792516.30178067
2025-10-24 12:32:00+09:00,88597795.87129432
2025-10-24 12:33:00+09:00,88792516.30178069
2025-10-24 12:34:00+09:00,88500435.65605114
2025-10-24 12:35:00+09:00,88500435.65605114
2025-10-24 12:36:00+09:00,88358581.82244182
2025-10-24 12:37:00+09:00,88358581.82244182
2025-10-24 12:38:00+09:00,88358581.82244182
2025-10-24 12:39:00+09:00,88358581.82244182
2025-10-24 12:40:00+09:00,88358581.82244182
2025-10-24 12:41:00+09:00,88358581.82244182
2025-10-24 12:42:00+09:00,88358581.82244182
2025-10-24 12:43:00+09:00,88358581.82244182
2025-10-24 12:44:00+09:00,88358581.82244182
2025-10-24 12:45:00+09:00,88358581.82244182
2025-10-24 12:46:00+09:00,88358581.82244182
2025-10-24 12:47:00+09:00,88323238.38971284
2025-10-24 12:48:00+09:00,87988075.45325485
2025-10-24 12:49:00+09:00,87988075.45325485
2025-10-24 12:50:00+09:00,87988075.45325485
2025-10-24 12:51:00+09:00,87988075.45325485
2025-10-24 12:52:00+09:00,87988075.45325485
2025-10-24 12:53:00+09:00,87988075.45325485
2025-10-24 12:54:00+09:00,87988075.45325485
2025-10-24 12:55:00+09:00,87988075.45325485
2025-10-24 12:56:00+09:00,87988075.45325485
2025-10-24 12:57:00+09:00,87988075.45325485
2025-10-24 12:58:00+09:00,87988075.45325485
2025-10-24 12:59:00+09:00,87952880.22307356
2025-10-24 13:00:00+09:00,87952880.22307356
2025-10-24 13:01:00+09:00,87811798.00410475
2025-10-24 13:02:00+09:00,87811798.00410475
2025-10-24 13:03:00+09:00,87811798.00410475
2025-10-24 13:04:00+09:00,87811798.00410475
2025-10-24 13:05:00+09:00,87811798.00410475
2025-10-24 13:06:00+09:00,87811798.00410475
2025-10-24 13:07:00+09:00,87811798.00410475
2025-10-24 13:08:00+09:00,87811798.00410475
2025-10-24 13:09:00+09:00,87811798.00410475
2025-10-24 13:10:00+09:00,87811798.00410475
2025-10-24 13:11:00+09:00,87811798.00410475
2025-10-24 13:12:00+09:00,87811798.00410475
2025-10-24 13:13:00+09:00,87776673.28490311
2025-10-24 13:14:00+09:00,87776673.28490311
2025-10-24 13:15:00+09:00,87635873.71348116
2025-10-24 13:16:00+09:00,87635873.71348116
2025-10-24 13:17:00+09:00,87635873.71348116
2025-10-24 13:18:00+09:00,87635873.71348116
2025-10-24 13:19:00+09:00,87635873.71348116
2025-10-24 13:20:00+09:00,87635873.71348116
2025-10-24 13:21:00+09:00,87635873.71348116
2025-10-24 13:22:00+09:00,87635873.71348116
2025-10-24 13:23:00+09:00,87635873.71348116
2025-10-24 13:24:00+09:00,87635873.71348116
2025-10-24 13:25:00+09:00,87635873.71348116
2025-10-24 13:26:00+09:00,87635873.71348116
2025-10-24 13:27:00+09:00,87600819.36399578
2025-10-24 13:28:00+09:00,87648898.84773013
2025-10-24 13:29:00+09:00,87600819.36399578
2025-10-24 13:30:00+09:00,87600819.36399578
2025-10-24 13:31:00+09:00,87600819.36399578
2025-10-24 13:32:00+09:00,87504660.39652707
2025-10-24 13:33:00+09:00,87504660.39652707
2025-10-24 13:34:00+09:00,87268397.81345645
2025-10-24 13:35:00+09:00,87268397.81345645
2025-10-24 13:36:00+09:00,87268397.81345645
2025-10-24 13:37:00+09:00,87268397.81345645
2025-10-24 13:38:00+09:00,87268397.81345645
2025-10-24 13:39:00+09:00,87268397.81345645
2025-10-24 13:40:00+09:00,87268397.81345645
2025-10-24 13:41:00+09:00,87268397.81345645
2025-10-24 13:42:00+09:00,87268397.81345645
2025-10-24 13:43:00+09:00,87268397.81345645
2025-10-24 13:44:00+09:00,87268397.81345645
2025-10-24 13:45:00+09:00,87268397.81345645
2025-10-24 13:46:00+09:00,87268397.81345645
2025-10-24 13:47:00+09:00,87268397.81345645
2025-10-24 13:48:00+09:00,87268397.81345645
2025-10-24 13:49:00+09:00,87268397.81345645
2025-10-24 13:50:00+09:00,87268397.81345645
2025-10-24 13:51:00+09:00,87268397.81345645
2025-10-24 13:52:00+09:00,87268397.81345645
2025-10-24 13:53:00+09:00,87268397.81345645
2025-10-24 13:54:00+09:00,87268397.81345645
2025-10-24 13:55:00+09:00,87268397.81345645
2025-10-24 13:56:00+09:00,87268397.81345645
2025-10-24 13:57:00+09:00,87268397.81345645
2025-10-24 13:58:00+09:00,87268397.81345645
2025-10-24 13:59:00+09:00,87268397.81345645
2025-10-24 14:00:00+09:00,87268397.81345645
2025-10-24 14:01:00+09:00,87268397.81345645
2025-10-24 14:02:00+09:00,87268397.81345645
2025-10-24 14:03:00+09:00,87268397.81345645
2025-10-24 14:04:00+09:00,87268397.81345645
2025-10-24 14:05:00+09:00,87268397.81345645
2025-10-24 14:06:00+09:00,87268397.81345645
2025-10-24 14:07:00+09:00,87268397.81345645
2025-10-24 14:08:00+09:00,87268397.81345645
2025-10-24 14:09:00+09:00,87268397.81345645
2025-10-24 14:10:00+09:00,87268397.81345645
2025-10-24 14:11:00+09:00,87268397.81345645
2025-10-24 14:12:00+09:00,87268397.81345645
2025-10-24 14:13:00+09:00,87268397.81345645
2025-10-24 14:14:00+09:00,87268397.81345645
2025-10-24 14:15:00+09:00,87268397.81345645
2025-10-24 14:16:00+09:00,87268397.81345645
2025-10-24 14:17:00+09:00,87268397.81345645
2025-10-24 14:18:00+09:00,87268397.81345645
2025-10-24 14:19:00+09:00,87268397.81345645
2025-10-24 14:20:00+09:00,87268397.81345645
2025-10-24 14:21:00+09:00,87268397.81345645
2025-10-24 14:22:00+09:00,87268397.81345645
2025-10-24 14:23:00+09:00,87268397.81345645
2025-10-24 14:24:00+09:00,87268397.81345645
2025-10-24 14:25:00+09:00,87268397.81345645
2025-10-24 14:26:00+09:00,87268397.81345645
2025-10-24 14:27:00+09:00,87268397.81345645
2025-10-24 14:28:00+09:00,87268397.81345645
2025-10-24 14:29:00+09:00,87268397.81345645
2025-10-24 14:30:00+09:00,87268397.81345645
2025-10-24 14:31:00+09:00,87268397.81345645
2025-10-24 14:32:00+09:00,87268397.81345645
2025-10-24 14:33:00+09:00,87268397.81345645
2025-10-24 14:34:00+09:00,87268397.81345645
2025-10-24 14:35:00+09:00,87268397.81345645
2025-10-24 14:36:00+09:00,87268397.81345645
2025-10-24 14:37:00+09:00,87268397.81345645
2025-10-24 14:38:00+09:00,87268397.81345645
2025-10-24 14:39:00+09:00,87268397.81345645
2025-10-24 14:40:00+09:00,87268397.81345645
2025-10-24 14:41:00+09:00,87268397.81345645
2025-10-24 14:42:00+09:00,87268397.81345645
2025-10-24 14:43:00+09:00,87268397.81345645
2025-10-24 14:44:00+09:00,87268397.81345645
2025-10-24 14:45:00+09:00,87268397.81345645
2025-10-24 14:46:00+09:00,87268397.81345645
2025-10-24 14:47:00+09:00,87268397.81345645
2025-10-24 14:48:00+09:00,87268397.81345645
2025-10-24 14:49:00+09:00,87268397.81345645
2025-10-24 14:50:00+09:00,87268397.81345645
2025-10-24 14:51:00+09:00,87268397.81345645
2025-10-24 14:52:00+09:00,87268397.81345645
2025-10-24 14:53:00+09:00,87268397.81345645
2025-10-24 14:54:00+09:00,87268397.81345645
2025-10-24 14:55:00+09:00,87268397.81345645
2025-10-24 14:56:00+09:00,87268397.81345645
2025-10-24 14:57:00+09:00,87268397.81345645
2025-10-24 14:58:00+09:00,87268397.81345645
2025-10-24 14:59:00+09:00,87268397.81345645
2025-10-24 15:00:00+09:00,87268397.81345645
2025-10-24 15:01:00+09:00,87268397.81345645
2025-10-24 15:02:00+09:00,87268397.81345645
2025-10-24 15:03:00+09:00,87268397.81345645
2025-10-24 15:04:00+09:00,87268397.81345645
2025-10-24 15:05:00+09:00,87268397.81345645
2025-10-24 15:06:00+09:00,87268397.81345645
2025-10-24 15:07:00+09:00,87268397.81345645
2025-10-24 15:08:00+09:00,87268397.81345645
2025-10-24 15:09:00+09:00,87268397.81345645
2025-10-24 15:10:00+09:00,87268397.81345645
2025-10-24 15:11:00+09:00,87268397.81345645
2025-10-24 15:12:00+09:00,87268397.81345645
2025-10-24 15:13:00+09:00,87268397.81345645
2025-10-24 15:14:00+09:00,87268397.81345645
2025-10-24 15:15:00+09:00,87268397.81345645
2025-10-24 15:16:00+09:00,87233490.45433107
2025-10-24 15:17:00+09:00,86902357.87622514
2025-10-24 15:18:00+09:00,86902357.87622514
2025-10-24 15:19:00+09:00,86902357.87622514
2025-10-24 15:30:00+09:00,86902357.87622514
2025-10-24 15:35:00+09:00,86902357.87622514
2025-10-27 09:00:00+09:00,86902357.87622514
2025-10-27 09:01:00+09:00,86902357.87622514
2025-10-27 09:02:00+09:00,86902357.87622514
2025-10-27 09:03:00+09:00,86902357.87622514
2025-10-27 09:04:00+09:00,86902357.87622514
2025-10-27 09:05:00+09:00,86902357.87622514
2025-10-27 09:06:00+09:00,86902357.87622514
2025-10-27 09:07:00+09:00,86902357.87622514
2025-10-27 09:08:00+09:00,86902357.87622514
2025-10-27 09:09:00+09:00,86902357.87622514
2025-10-27 09:10:00+09:00,86902357.87622514
2025-10-27 09:11:00+09:00,86902357.87622514
2025-10-27 09:12:00+09:00,86902357.87622514
2025-10-27 09:13:00+09:00,86902357.87622514
2025-10-27 09:14:00+09:00,86902357.87622514
2025-10-27 09:15:00+09:00,86902357.87622514
2025-10-27 09:16:00+09:00,86902357.87622514
2025-10-27 09:17:00+09:00,86902357.87622514
2025-10-27 09:18:00+09:00,86902357.87622514
2025-10-27 09:19:00+09:00,86902357.87622514
2025-10-27 09:20:00+09:00,86902357.87622514
2025-10-27 09:21:00+09:00,86902357.87622514
2025-10-27 09:22:00+09:00,86902357.87622514
2025-10-27 09:23:00+09:00,86902357.87622514
2025-10-27 09:24:00+09:00,86902357.87622514
2025-10-27 09:25:00+09:00,86902357.87622514
2025-10-27 09:26:00+09:00,86902357.87622514
2025-10-27 09:27:00+09:00,86902357.87622514
2025-10-27 09:28:00+09:00,86902357.87622514
2025-10-27 09:29:00+09:00,86902357.87622514
2025-10-27 09:30:00+09:00,86902357.87622514
2025-10-27 09:31:00+09:00,86902357.87622514
2025-10-27 09:32:00+09:00,86902357.87622514
2025-10-27 09:33:00+09:00,86902357.87622514
2025-10-27 09:34:00+09:00,86902357.87622514
2025-10-27 09:35:00+09:00,86867596.93307465
2025-10-27 09:36:00+09:00,87058305.15905286
2025-10-27 09:37:00+09:00,87439721.61100927
2025-10-27 09:38:00+09:00,87535075.72399837
2025-10-27 09:39:00+09:00,87344367.49802016
2025-10-27 09:40:00+09:00,87439721.61100926
2025-10-27 09:41:00+09:00,87249013.38503104
2025-10-27 09:42:00+09:00,87058305.15905283
2025-10-27 09:43:00+09:00,87153659.27204195
2025-10-27 09:44:00+09:00,86867596.93307464
2025-10-27 09:45:00+09:00,87153659.27204196
2025-10-27 09:46:00+09:00,86962951.04606375
2025-10-27 09:47:00+09:00,87010628.1025583
2025-10-27 09:48:00+09:00,86962951.04606375
2025-10-27 09:49:00+09:00,87439721.61100927
2025-10-27 09:50:00+09:00,87153659.27204196
2025-10-27 09:51:00+09:00,86962951.04606375
2025-10-27 09:52:00+09:00,86867596.93307464
2025-10-27 09:53:00+09:00,86867596.93307464
2025-10-27 09:54:00+09:00,86867596.93307464
2025-10-27 09:55:00+09:00,87249013.38503107
2025-10-27 09:56:00+09:00,87153659.27204196
2025-10-27 09:57:00+09:00,87153659.27204196
2025-10-27 09:58:00+09:00,87821138.0629657
2025-10-27 09:59:00+09:00,87725783.94997661
2025-10-27 10:00:00+09:00,87344367.49802019
2025-10-27 10:01:00+09:00,87249013.38503109
2025-10-27 10:02:00+09:00,87249013.38503109
2025-10-27 10:03:00+09:00,87344367.49802019
2025-10-27 10:04:00+09:00,87439721.61100928
2025-10-27 10:05:00+09:00,87725783.9499766
2025-10-27 10:06:00+09:00,87725783.9499766
2025-10-27 10:07:00+09:00,87725783.9499766
2025-10-27 10:08:00+09:00,87535075.72399838
2025-10-27 10:09:00+09:00,87344367.49802017
2025-10-27 10:10:00+09:00,87058305.15905285
2025-10-27 10:11:00+09:00,86962951.04606374
2025-10-27 10:12:00+09:00,87058305.15905285
2025-10-27 10:13:00+09:00,87058305.15905285
2025-10-27 10:14:00+09:00,87058305.15905285
2025-10-27 10:15:00+09:00,87439721.61100926
2025-10-27 10:16:00+09:00,87058305.15905283
2025-10-27 10:17:00+09:00,87153659.27204195
2025-10-27 10:18:00+09:00,87058305.15905285
2025-10-27 10:19:00+09:00,87153659.27204196
2025-10-27 10:20:00+09:00,86918344.39200744
2025-10-27 10:21:00+09:00,86918344.39200744
2025-10-27 10:22:00+09:00,86918344.39200744
2025-10-27 10:23:00+09:00,86918344.39200744
2025-10-27 10:24:00+09:00,86918344.39200744
2025-10-27 10:25:00+09:00,86918344.39200744
2025-10-27 10:26:00+09:00,86918344.39200744
2025-10-27 10:27:00+09:00,86918344.39200744
2025-10-27 10:28:00+09:00,86918344.39200744
2025-10-27 10:29:00+09:00,86918344.39200744
2025-10-27 10:30:00+09:00,86918344.39200744
2025-10-27 10:31:00+09:00,86918344.39200744
2025-10-27 10:32:00+09:00,86918344.39200744
2025-10-27 10:33:00+09:00,86918344.39200744
2025-10-27 10:34:00+09:00,86918344.39200744
2025-10-27 10:35:00+09:00,86918344.39200744
2025-10-27 10:36:00+09:00,86918344.39200744
2025-10-27 10:37:00+09:00,86918344.39200744
2025-10-27 10:38:00+09:00,86918344.39200744
2025-10-27 10:39:00+09:00,86918344.39200744
2025-10-27 10:40:00+09:00,86918344.39200744
2025-10-27 10:41:00+09:00,86918344.39200744
2025-10-27 10:42:00+09:00,86918344.39200744
2025-10-27 10:43:00+09:00,86918344.39200744
2025-10-27 10:44:00+09:00,86918344.39200744
2025-10-27 10:45:00+09:00,86918344.39200744
2025-10-27 10:46:00+09:00,86918344.39200744
2025-10-27 10:47:00+09:00,86918344.39200744
2025-10-27 10:48:00+09:00,86918344.39200744
2025-10-27 10:49:00+09:00,86918344.39200744
2025-10-27 10:50:00+09:00,86918344.39200744
2025-10-27 10:51:00+09:00,86918344.39200744
2025-10-27 10:52:00+09:00,86918344.39200744
2025-10-27 10:53:00+09:00,86918344.39200744
2025-10-27 10:54:00+09:00,86918344.39200744
2025-10-27 10:55:00+09:00,86918344.39200744
2025-10-27 10:56:00+09:00,86918344.39200744
2025-10-27 10:57:00+09:00,86918344.39200744
2025-10-27 10:58:00+09:00,86918344.39200744
2025-10-27 10:59:00+09:00,86918344.39200744
2025-10-27 11:00:00+09:00,86918344.39200744
2025-10-27 11:01:00+09:00,86918344.39200744
2025-10-27 11:02:00+09:00,86918344.39200744
2025-10-27 11:03:00+09:00,86918344.39200744
2025-10-27 11:04:00+09:00,86918344.39200744
2025-10-27 11:05:00+09:00,86918344.39200744
2025-10-27 11:06:00+09:00,86918344.39200744
2025-10-27 11:07:00+09:00,86918344.39200744
2025-10-27 11:08:00+09:00,86918344.39200744
2025-10-27 11:09:00+09:00,86918344.39200744
2025-10-27 11:10:00+09:00,86918344.39200744
2025-10-27 11:11:00+09:00,86918344.39200744
2025-10-27 11:12:00+09:00,86918344.39200744
2025-10-27 11:13:00+09:00,86918344.39200744
2025-10-27 11:14:00+09:00,86918344.39200744
2025-10-27 11:15:00+09:00,86918344.39200744
2025-10-27 11:16:00+09:00,86918344.39200744
2025-10-27 11:17:00+09:00,86918344.39200744
2025-10-27 11:18:00+09:00,86918344.39200744
2025-10-27 11:19:00+09:00,86918344.39200744
2025-10-27 11:20:00+09:00,86918344.39200744
2025-10-27 11:21:00+09:00,86918344.39200744
2025-10-27 11:22:00+09:00,86918344.39200744
2025-10-27 11:23:00+09:00,86918344.39200744
2025-10-27 11:24:00+09:00,86918344.39200744
2025-10-27 11:25:00+09:00,86918344.39200744
2025-10-27 11:26:00+09:00,86918344.39200744
2025-10-27 11:27:00+09:00,86918344.39200744
2025-10-27 11:28:00+09:00,86918344.39200744
2025-10-27 11:29:00+09:00,86918344.39200744
2025-10-27 11:30:00+09:00,86918344.39200744
2025-10-27 11:31:00+09:00,86918344.39200744
2025-10-27 11:32:00+09:00,86918344.39200744
2025-10-27 11:33:00+09:00,86918344.39200744
2025-10-27 11:34:00+09:00,86918344.39200744
2025-10-27 11:35:00+09:00,86918344.39200744
2025-10-27 11:36:00+09:00,86918344.39200744
2025-10-27 11:37:00+09:00,86918344.39200744
2025-10-27 11:38:00+09:00,86918344.39200744
2025-10-27 11:39:00+09:00,86918344.39200744
2025-10-27 11:40:00+09:00,86918344.39200744
2025-10-27 11:41:00+09:00,86918344.39200744
2025-10-27 11:42:00+09:00,86918344.39200744
2025-10-27 11:43:00+09:00,86918344.39200744
2025-10-27 11:44:00+09:00,86918344.39200744
2025-10-27 11:45:00+09:00,86918344.39200744
2025-10-27 11:46:00+09:00,86918344.39200744
2025-10-27 11:47:00+09:00,86918344.39200744
2025-10-27 11:48:00+09:00,86918344.39200744
2025-10-27 11:49:00+09:00,86918344.39200744
2025-10-27 11:50:00+09:00,86918344.39200744
2025-10-27 11:51:00+09:00,86918344.39200744
2025-10-27 11:52:00+09:00,86918344.39200744
2025-10-27 11:53:00+09:00,86918344.39200744
2025-10-27 11:54:00+09:00,86918344.39200744
2025-10-27 11:55:00+09:00,86918344.39200744
2025-10-27 11:56:00+09:00,86918344.39200744
2025-10-27 11:57:00+09:00,86918344.39200744
2025-10-27 11:58:00+09:00,86918344.39200744
2025-10-27 11:59:00+09:00,86918344.39200744
2025-10-27 12:00:00+09:00,86918344.39200744
2025-10-27 12:01:00+09:00,86918344.39200744
2025-10-27 12:02:00+09:00,86918344.39200744
2025-10-27 12:03:00+09:00,86918344.39200744
2025-10-27 12:04:00+09:00,86918344.39200744
2025-10-27 12:05:00+09:00,86918344.39200744
2025-10-27 12:06:00+09:00,86883577.05425064
2025-10-27 12:07:00+09:00,87027503.46571544
2025-10-27 12:08:00+09:00,86696837.33292212
2025-10-27 12:09:00+09:00,86696837.33292212
2025-10-27 12:10:00+09:00,86696837.33292212
2025-10-27 12:11:00+09:00,86696837.33292212
2025-10-27 12:12:00+09:00,86696837.33292212
2025-10-27 12:13:00+09:00,86696837.33292212
2025-10-27 12:14:00+09:00,86696837.33292212
2025-10-27 12:15:00+09:00,86696837.33292212
2025-10-27 12:16:00+09:00,86696837.33292212
2025-10-27 12:17:00+09:00,86696837.33292212
2025-10-27 12:18:00+09:00,86696837.33292212
2025-10-27 12:19:00+09:00,86696837.33292212
2025-10-27 12:20:00+09:00,86696837.33292212
2025-10-27 12:21:00+09:00,86696837.33292212
2025-10-27 12:22:00+09:00,86696837.33292212
2025-10-27 12:23:00+09:00,86696837.33292212
2025-10-27 12:24:00+09:00,86696837.33292212
2025-10-27 12:25:00+09:00,86696837.33292212
2025-10-27 12:26:00+09:00,86696837.33292212
2025-10-27 12:27:00+09:00,86696837.33292212
2025-10-27 12:28:00+09:00,86696837.33292212
2025-10-27 12:29:00+09:00,86696837.33292212
2025-10-27 12:30:00+09:00,86696837.33292212
2025-10-27 12:31:00+09:00,86696837.33292212
2025-10-27 12:32:00+09:00,86696837.33292212
2025-10-27 12:33:00+09:00,86696837.33292212
2025-10-27 12:34:00+09:00,86696837.33292212
2025-10-27 12:35:00+09:00,86696837.33292212
2025-10-27 12:36:00+09:00,86696837.33292212
2025-10-27 12:37:00+09:00,86696837.33292212
2025-10-27 12:38:00+09:00,86696837.33292212
2025-10-27 12:39:00+09:00,86696837.33292212
2025-10-27 12:40:00+09:00,86696837.33292212
2025-10-27 12:41:00+09:00,86696837.33292212
2025-10-27 12:42:00+09:00,86696837.33292212
2025-10-27 12:43:00+09:00,86696837.33292212
2025-10-27 12:44:00+09:00,86696837.33292212
2025-10-27 12:45:00+09:00,86696837.33292212
2025-10-27 12:46:00+09:00,86696837.33292212
2025-10-27 12:47:00+09:00,86662158.59798895
2025-10-27 12:48:00+09:00,86566505.00130242
2025-10-27 12:49:00+09:00,86662158.59798895
2025-10-27 12:50:00+09:00,86523566.10174984
2025-10-27 12:51:00+09:00,86523566.10174984
2025-10-27 12:52:00+09:00,86523566.10174984
2025-10-27 12:53:00+09:00,86523566.10174984
2025-10-27 12:54:00+09:00,86523566.10174984
2025-10-27 12:55:00+09:00,86523566.10174984
2025-10-27 12:56:00+09:00,86523566.10174984
2025-10-27 12:57:00+09:00,86523566.10174984
2025-10-27 12:58:00+09:00,86523566.10174984
2025-10-27 12:59:00+09:00,86523566.10174984
2025-10-27 13:00:00+09:00,86523566.10174984
2025-10-27 13:01:00+09:00,86488956.67530914
2025-10-27 13:02:00+09:00,86393494.2507227
2025-10-27 13:03:00+09:00,86393494.2507227
2025-10-27 13:04:00+09:00,86065027.14020571
2025-10-27 13:05:00+09:00,86065027.14020571
2025-10-27 13:06:00+09:00,86065027.14020571
2025-10-27 13:07:00+09:00,86065027.14020571
2025-10-27 13:08:00+09:00,86065027.14020571
2025-10-27 13:09:00+09:00,86065027.14020571
2025-10-27 13:10:00+09:00,86065027.14020571
2025-10-27 13:11:00+09:00,86065027.14020571
2025-10-27 13:12:00+09:00,86065027.14020571
2025-10-27 13:13:00+09:00,86065027.14020571
2025-10-27 13:14:00+09:00,86065027.14020571
2025-10-27 13:15:00+09:00,86065027.14020571
2025-10-27 13:16:00+09:00,86065027.14020571
2025-10-27 13:17:00+09:00,86065027.14020571
2025-10-27 13:18:00+09:00,86065027.14020571
2025-10-27 13:19:00+09:00,86065027.14020571
2025-10-27 13:20:00+09:00,86065027.14020571
2025-10-27 13:21:00+09:00,86065027.14020571
2025-10-27 13:22:00+09:00,86065027.14020571
2025-10-27 13:23:00+09:00,86065027.14020571
2025-10-27 13:24:00+09:00,86065027.14020571
2025-10-27 13:25:00+09:00,86065027.14020571
2025-10-27 13:26:00+09:00,86065027.14020571
2025-10-27 13:27:00+09:00,86065027.14020571
2025-10-27 13:28:00+09:00,86065027.14020571
2025-10-27 13:29:00+09:00,86065027.14020571
2025-10-27 13:30:00+09:00,86065027.14020571
2025-10-27 13:31:00+09:00,86065027.14020571
2025-10-27 13:32:00+09:00,86065027.14020571
2025-10-27 13:33:00+09:00,86065027.14020571
2025-10-27 13:34:00+09:00,86065027.14020571
2025-10-27 13:35:00+09:00,86065027.14020571
2025-10-27 13:36:00+09:00,86065027.14020571
2025-10-27 13:37:00+09:00,86065027.14020571
2025-10-27 13:38:00+09:00,86065027.14020571
2025-10-27 13:39:00+09:00,86065027.14020571
2025-10-27 13:40:00+09:00,86065027.14020571
2025-10-27 13:41:00+09:00,86065027.14020571
2025-10-27 13:42:00+09:00,86065027.14020571
2025-10-27 13:43:00+09:00,86065027.14020571
2025-10-27 13:44:00+09:00,86065027.14020571
2025-10-27 13:45:00+09:00,86065027.14020571
2025-10-27 13:46:00+09:00,86065027.14020571
2025-10-27 13:47:00+09:00,86065027.14020571
2025-10-27 13:48:00+09:00,86065027.14020571
2025-10-27 13:49:00+09:00,86030601.12934963
2025-10-27 13:50:00+09:00,85936062.00722948
2025-10-27 13:51:00+09:00,86030601.12934963
2025-10-27 13:52:00+09:00,86030601.12934963
2025-10-27 13:53:00+09:00,86030601.12934963
2025-10-27 13:54:00+09:00,86030601.12934963
2025-10-27 13:55:00+09:00,85936062.00722948
2025-10-27 13:56:00+09:00,85936062.00722948
2025-10-27 13:57:00+09:00,85936062.00722948
2025-10-27 13:58:00+09:00,86030601.12934963
2025-10-27 13:59:00+09:00,86030601.12934963
2025-10-27 14:00:00+09:00,85936062.00722948
2025-10-27 14:01:00+09:00,85936062.00722948
2025-10-27 14:02:00+09:00,85936062.00722948
2025-10-27 14:03:00+09:00,85936062.00722948
2025-10-27 14:04:00+09:00,85841522.88510932
2025-10-27 14:05:00+09:00,85841522.88510932
2025-10-27 14:06:00+09:00,85841522.88510932
2025-10-27 14:07:00+09:00,85936062.00722948
2025-10-27 14:08:00+09:00,85936062.00722948
2025-10-27 14:09:00+09:00,85841522.88510932
2025-10-27 14:10:00+09:00,85746983.76298916
2025-10-27 14:11:00+09:00,85841522.88510934
2025-10-27 14:12:00+09:00,85746983.76298918
2025-10-27 14:13:00+09:00,85746983.76298918
2025-10-27 14:14:00+09:00,85746983.76298918
2025-10-27 14:15:00+09:00,85515466.9068291
2025-10-27 14:16:00+09:00,85515466.9068291
2025-10-27 14:17:00+09:00,85515466.9068291
2025-10-27 14:18:00+09:00,85515466.9068291
2025-10-27 14:19:00+09:00,85515466.9068291
2025-10-27 14:20:00+09:00,85515466.9068291
2025-10-27 14:21:00+09:00,85515466.9068291
2025-10-27 14:22:00+09:00,85515466.9068291
2025-10-27 14:23:00+09:00,85515466.9068291
2025-10-27 14:24:00+09:00,85515466.9068291
2025-10-27 14:25:00+09:00,85515466.9068291
2025-10-27 14:26:00+09:00,85515466.9068291
2025-10-27 14:27:00+09:00,85515466.9068291
2025-10-27 14:28:00+09:00,85515466.9068291
2025-10-27 14:29:00+09:00,85515466.9068291
2025-10-27 14:30:00+09:00,85515466.9068291
2025-10-27 14:31:00+09:00,85515466.9068291
2025-10-27 14:32:00+09:00,85515466.9068291
2025-10-27 14:33:00+09:00,85515466.9068291
2025-10-27 14:34:00+09:00,85515466.9068291
2025-10-27 14:35:00+09:00,85515466.9068291
2025-10-27 14:36:00+09:00,85515466.9068291
2025-10-27 14:37:00+09:00,85515466.9068291
2025-10-27 14:38:00+09:00,85515466.9068291
2025-10-27 14:39:00+09:00,85515466.9068291
2025-10-27 14:40:00+09:00,85515466.9068291
2025-10-27 14:41:00+09:00,85515466.9068291
2025-10-27 14:42:00+09:00,85515466.9068291
2025-10-27 14:43:00+09:00,85515466.9068291
2025-10-27 14:44:00+09:00,85515466.9068291
2025-10-27 14:45:00+09:00,85515466.9068291
2025-10-27 14:46:00+09:00,85515466.9068291
2025-10-27 14:47:00+09:00,85515466.9068291
2025-10-27 14:48:00+09:00,85515466.9068291
2025-10-27 14:49:00+09:00,85515466.9068291
2025-10-27 14:50:00+09:00,85515466.9068291
2025-10-27 14:51:00+09:00,85515466.9068291
2025-10-27 14:52:00+09:00,85481260.72006637
2025-10-27 14:53:00+09:00,85481260.72006637
2025-10-27 14:54:00+09:00,85481260.72006637
2025-10-27 14:55:00+09:00,85481260.72006637
2025-10-27 14:56:00+09:00,85481260.72006637
2025-10-27 14:57:00+09:00,85387428.38118595
2025-10-27 14:58:00+09:00,85387428.38118595
2025-10-27 14:59:00+09:00,85387428.38118595
2025-10-27 15:00:00+09:00,85387428.38118595
2025-10-27 15:01:00+09:00,85387428.38118595
2025-10-27 15:02:00+09:00,85293596.04230553
2025-10-27 15:03:00+09:00,85293596.04230553
2025-10-27 15:04:00+09:00,85481260.72006637
2025-10-27 15:05:00+09:00,85293596.04230551
2025-10-27 15:06:00+09:00,85293596.04230551
2025-10-27 15:07:00+09:00,85387428.38118593
2025-10-27 15:08:00+09:00,85387428.38118593
2025-10-27 15:09:00+09:00,85387428.38118593
2025-10-27 15:10:00+09:00,85481260.72006635
2025-10-27 15:11:00+09:00,85434344.55062614
2025-10-27 15:12:00+09:00,85387428.38118593
2025-10-27 15:13:00+09:00,85387428.38118593
2025-10-27 15:14:00+09:00,85387428.38118593
2025-10-27 15:15:00+09:00,85387428.38118593
2025-10-27 15:16:00+09:00,85481260.72006635
2025-10-27 15:17:00+09:00,85481260.72006635
2025-10-27 15:18:00+09:00,85387428.38118593
2025-10-27 15:19:00+09:00,85481260.72006635
2025-10-27 15:30:00+09:00,85387428.38118593
2025-10-27 15:35:00+09:00,85387428.38118593
2025-10-28 09:00:00+09:00,85481260.72006635
2025-10-28 09:01:00+09:00,85575093.05894679
2025-10-28 09:02:00+09:00,85105931.36454466
2025-10-28 09:03:00+09:00,85012099.02566423
2025-10-28 09:04:00+09:00,84408250.39203314
2025-10-28 09:05:00+09:00,84408250.39203314
2025-10-28 09:06:00+09:00,84408250.39203314
2025-10-28 09:07:00+09:00,84408250.39203314
2025-10-28 09:08:00+09:00,84408250.39203314
2025-10-28 09:09:00+09:00,84408250.39203314
2025-10-28 09:10:00+09:00,84408250.39203314
2025-10-28 09:11:00+09:00,84408250.39203314
2025-10-28 09:12:00+09:00,84408250.39203314
2025-10-28 09:13:00+09:00,84408250.39203314
2025-10-28 09:14:00+09:00,84408250.39203314
2025-10-28 09:15:00+09:00,84408250.39203314
2025-10-28 09:16:00+09:00,84408250.39203314
2025-10-28 09:17:00+09:00,84408250.39203314
2025-10-28 09:18:00+09:00,84374487.09187633
2025-10-28 09:19:00+09:00,84189657.98543191
2025-10-28 09:20:00+09:00,84282072.53865412
2025-10-28 09:21:00+09:00,84282072.53865412
2025-10-28 09:22:00+09:00,84097243.4322097
2025-10-28 09:23:00+09:00,84189657.98543191
2025-10-28 09:24:00+09:00,83778015.84101422
2025-10-28 09:25:00+09:00,83778015.84101422
2025-10-28 09:26:00+09:00,83778015.84101422
2025-10-28 09:27:00+09:00,83778015.84101422
2025-10-28 09:28:00+09:00,83778015.84101422
2025-10-28 09:29:00+09:00,83778015.84101422
2025-10-28 09:30:00+09:00,83778015.84101422
2025-10-28 09:31:00+09:00,83778015.84101422
2025-10-28 09:32:00+09:00,83778015.84101422
2025-10-28 09:33:00+09:00,83778015.84101422
2025-10-28 09:34:00+09:00,83778015.84101422
2025-10-28 09:35:00+09:00,83778015.84101422
2025-10-28 09:36:00+09:00,83778015.84101422
2025-10-28 09:37:00+09:00,83778015.84101422
2025-10-28 09:38:00+09:00,83778015.84101422
2025-10-28 09:39:00+09:00,83778015.84101422
2025-10-28 09:40:00+09:00,83778015.84101422
2025-10-28 09:41:00+09:00,83778015.84101422
2025-10-28 09:42:00+09:00,83778015.84101422
2025-10-28 09:43:00+09:00,83778015.84101422
2025-10-28 09:44:00+09:00,83778015.84101422
2025-10-28 09:45:00+09:00,83778015.84101422
2025-10-28 09:46:00+09:00,83778015.84101422
2025-10-28 09:47:00+09:00,83778015.84101422
2025-10-28 09:48:00+09:00,83778015.84101422
2025-10-28 09:49:00+09:00,83778015.84101422
2025-10-28 09:50:00+09:00,83778015.84101422
2025-10-28 09:51:00+09:00,83778015.84101422
2025-10-28 09:52:00+09:00,83778015.84101422
2025-10-28 09:53:00+09:00,83778015.84101422
2025-10-28 09:54:00+09:00,83778015.84101422
2025-10-28 09:55:00+09:00,83778015.84101422
2025-10-28 09:56:00+09:00,83778015.84101422
2025-10-28 09:57:00+09:00,83778015.84101422
2025-10-28 09:58:00+09:00,83778015.84101422
2025-10-28 09:59:00+09:00,83778015.84101422
2025-10-28 10:00:00+09:00,83778015.84101422
2025-10-28 10:01:00+09:00,83778015.84101422
2025-10-28 10:02:00+09:00,83778015.84101422
2025-10-28 10:03:00+09:00,83778015.84101422
2025-10-28 10:04:00+09:00,83778015.84101422
2025-10-28 10:05:00+09:00,83778015.84101422
2025-10-28 10:06:00+09:00,83778015.84101422
2025-10-28 10:07:00+09:00,83778015.84101422
2025-10-28 10:08:00+09:00,83778015.84101422
2025-10-28 10:09:00+09:00,83778015.84101422
2025-10-28 10:10:00+09:00,83778015.84101422
2025-10-28 10:11:00+09:00,83778015.84101422
2025-10-28 10:12:00+09:00,83778015.84101422
2025-10-28 10:13:00+09:00,83778015.84101422
2025-10-28 10:14:00+09:00,83778015.84101422
2025-10-28 10:15:00+09:00,83778015.84101422
2025-10-28 10:16:00+09:00,83778015.84101422
2025-10-28 10:17:00+09:00,83778015.84101422
2025-10-28 10:18:00+09:00,83778015.84101422
2025-10-28 10:19:00+09:00,83778015.84101422
2025-10-28 10:20:00+09:00,83778015.84101422
2025-10-28 10:21:00+09:00,83778015.84101422
2025-10-28 10:22:00+09:00,83778015.84101422
2025-10-28 10:23:00+09:00,83778015.84101422
2025-10-28 10:24:00+09:00,83778015.84101422
2025-10-28 10:25:00+09:00,83778015.84101422
2025-10-28 10:26:00+09:00,83778015.84101422
2025-10-28 10:27:00+09:00,83778015.84101422
2025-10-28 10:28:00+09:00,83778015.84101422
2025-10-28 10:29:00+09:00,83778015.84101422
2025-10-28 10:30:00+09:00,83778015.84101422
2025-10-28 10:31:00+09:00,83778015.84101422
2025-10-28 10:32:00+09:00,83778015.84101422
2025-10-28 10:33:00+09:00,83778015.84101422
2025-10-28 10:34:00+09:00,83778015.84101422
2025-10-28 10:35:00+09:00,83778015.84101422
2025-10-28 10:36:00+09:00,83778015.84101422
2025-10-28 10:37:00+09:00,83778015.84101422
2025-10-28 10:38:00+09:00,83778015.84101422
2025-10-28 10:39:00+09:00,83778015.84101422
2025-10-28 10:40:00+09:00,83778015.84101422
2025-10-28 10:41:00+09:00,83778015.84101422
2025-10-28 10:42:00+09:00,83778015.84101422
2025-10-28 10:43:00+09:00,83778015.84101422
2025-10-28 10:44:00+09:00,83778015.84101422
2025-10-28 10:45:00+09:00,83778015.84101422
2025-10-28 10:46:00+09:00,83778015.84101422
2025-10-28 10:47:00+09:00,83778015.84101422
2025-10-28 10:48:00+09:00,83778015.84101422
2025-10-28 10:49:00+09:00,83778015.84101422
2025-10-28 10:50:00+09:00,83778015.84101422
2025-10-28 10:51:00+09:00,83778015.84101422
2025-10-28 10:52:00+09:00,83778015.84101422
2025-10-28 10:53:00+09:00,83778015.84101422
2025-10-28 10:54:00+09:00,83778015.84101422
2025-10-28 10:55:00+09:00,83778015.84101422
2025-10-28 10:56:00+09:00,83778015.84101422
2025-10-28 10:57:00+09:00,83778015.84101422
2025-10-28 10:58:00+09:00,83778015.84101422
2025-10-28 10:59:00+09:00,83778015.84101422
2025-10-28 11:00:00+09:00,83778015.84101422
2025-10-28 11:01:00+09:00,83778015.84101422
2025-10-28 11:02:00+09:00,83778015.84101422
2025-10-28 11:03:00+09:00,83778015.84101422
2025-10-28 11:04:00+09:00,83778015.84101422
2025-10-28 11:05:00+09:00,83778015.84101422
2025-10-28 11:06:00+09:00,83778015.84101422
2025-10-28 11:07:00+09:00,83744504.63467781
2025-10-28 11:08:00+09:00,83559024.00425771
2025-10-28 11:09:00+09:00,83559024.00425771
2025-10-28 11:10:00+09:00,83651764.31946777
2025-10-28 11:11:00+09:00,83744504.63467783
2025-10-28 11:12:00+09:00,83651764.31946778
2025-10-28 11:13:00+09:00,83744504.63467784
2025-10-28 11:14:00+09:00,83559024.00425774
2025-10-28 11:15:00+09:00,83559024.00425774
2025-10-28 11:16:00+09:00,83466283.68904768
2025-10-28 11:17:00+09:00,83466283.68904768
2025-10-28 11:18:00+09:00,83240924.72308725
2025-10-28 11:19:00+09:00,83240924.72308725
2025-10-28 11:20:00+09:00,83240924.72308725
2025-10-28 11:21:00+09:00,83240924.72308725
2025-10-28 11:22:00+09:00,83240924.72308725
2025-10-28 11:23:00+09:00,83240924.72308725
2025-10-28 11:24:00+09:00,83240924.72308725
2025-10-28 11:25:00+09:00,83240924.72308725
2025-10-28 11:26:00+09:00,83240924.72308725
2025-10-28 11:27:00+09:00,83240924.72308725
2025-10-28 11:28:00+09:00,83240924.72308725
2025-10-28 11:29:00+09:00,83240924.72308725
2025-10-28 11:30:00+09:00,83240924.72308725
2025-10-28 11:31:00+09:00,83240924.72308725
2025-10-28 11:32:00+09:00,83240924.72308725
2025-10-28 11:33:00+09:00,83240924.72308725
2025-10-28 11:34:00+09:00,83240924.72308725
2025-10-28 11:35:00+09:00,83240924.72308725
2025-10-28 11:36:00+09:00,83240924.72308725
2025-10-28 11:37:00+09:00,83240924.72308725
2025-10-28 11:38:00+09:00,83240924.72308725
2025-10-28 11:39:00+09:00,83240924.72308725
2025-10-28 11:40:00+09:00,83240924.72308725
2025-10-28 11:41:00+09:00,83240924.72308725
2025-10-28 11:42:00+09:00,83240924.72308725
2025-10-28 11:43:00+09:00,83240924.72308725
2025-10-28 11:44:00+09:00,83240924.72308725
2025-10-28 11:45:00+09:00,83240924.72308725
2025-10-28 11:46:00+09:00,83240924.72308725
2025-10-28 11:47:00+09:00,83240924.72308725
2025-10-28 11:48:00+09:00,83240924.72308725
2025-10-28 11:49:00+09:00,83240924.72308725
2025-10-28 11:50:00+09:00,83207628.35319802
2025-10-28 11:51:00+09:00,82982967.75664438
2025-10-28 11:52:00+09:00,82982967.75664438
2025-10-28 11:53:00+09:00,82982967.75664438
2025-10-28 11:54:00+09:00,82982967.75664438
2025-10-28 11:55:00+09:00,82982967.75664438
2025-10-28 11:56:00+09:00,82982967.75664438
2025-10-28 11:57:00+09:00,82982967.75664438
2025-10-28 11:58:00+09:00,82982967.75664438
2025-10-28 11:59:00+09:00,82982967.75664438
2025-10-28 12:00:00+09:00,82982967.75664438
2025-10-28 12:01:00+09:00,82982967.75664438
2025-10-28 12:02:00+09:00,82982967.75664438
2025-10-28 12:03:00+09:00,82982967.75664438
2025-10-28 12:04:00+09:00,82982967.75664438
2025-10-28 12:05:00+09:00,82982967.75664438
2025-10-28 12:06:00+09:00,82982967.75664438
2025-10-28 12:07:00+09:00,82982967.75664438
2025-10-28 12:08:00+09:00,82982967.75664438
2025-10-28 12:09:00+09:00,82982967.75664438
2025-10-28 12:10:00+09:00,82982967.75664438
2025-10-28 12:11:00+09:00,82982967.75664438
2025-10-28 12:12:00+09:00,82982967.75664438
2025-10-28 12:13:00+09:00,82949774.56954172
2025-10-28 12:14:00+09:00,82633892.61133929
2025-10-28 12:15:00+09:00,82633892.61133929
2025-10-28 12:16:00+09:00,82633892.61133929
2025-10-28 12:17:00+09:00,82633892.61133929
2025-10-28 12:18:00+09:00,82633892.61133929
2025-10-28 12:19:00+09:00,82633892.61133929
2025-10-28 12:20:00+09:00,82633892.61133929
2025-10-28 12:21:00+09:00,82633892.61133929
2025-10-28 12:22:00+09:00,82633892.61133929
2025-10-28 12:23:00+09:00,82633892.61133929
2025-10-28 12:24:00+09:00,82633892.61133929
2025-10-28 12:25:00+09:00,82633892.61133929
2025-10-28 12:26:00+09:00,82633892.61133929
2025-10-28 12:27:00+09:00,82633892.61133929
2025-10-28 12:28:00+09:00,82633892.61133929
2025-10-28 12:29:00+09:00,82633892.61133929
2025-10-28 12:30:00+09:00,82633892.61133929
2025-10-28 12:31:00+09:00,82633892.61133929
2025-10-28 12:32:00+09:00,82633892.61133929
2025-10-28 12:33:00+09:00,82633892.61133929
2025-10-28 12:34:00+09:00,82633892.61133929
2025-10-28 12:35:00+09:00,82633892.61133929
2025-10-28 12:36:00+09:00,82633892.61133929
2025-10-28 12:37:00+09:00,82600839.05429475
2025-10-28 12:38:00+09:00,82692617.76435508
2025-10-28 12:39:00+09:00,82469347.69639131
2025-10-28 12:40:00+09:00,82469347.69639131
2025-10-28 12:41:00+09:00,82469347.69639131
2025-10-28 12:42:00+09:00,82469347.69639131
2025-10-28 12:43:00+09:00,82469347.69639131
2025-10-28 12:44:00+09:00,82469347.69639131
2025-10-28 12:45:00+09:00,82469347.69639131
2025-10-28 12:46:00+09:00,82469347.69639131
2025-10-28 12:47:00+09:00,82469347.69639131
2025-10-28 12:48:00+09:00,82469347.69639131
2025-10-28 12:49:00+09:00,82469347.69639131
2025-10-28 12:50:00+09:00,82469347.69639131
2025-10-28 12:51:00+09:00,82469347.69639131
2025-10-28 12:52:00+09:00,82436359.95731276
2025-10-28 12:53:00+09:00,82436359.95731276
2025-10-28 12:54:00+09:00,82436359.95731276
2025-10-28 12:55:00+09:00,82436359.95731276
2025-10-28 12:56:00+09:00,82344967.09704967
2025-10-28 12:57:00+09:00,82436359.95731276
2025-10-28 12:58:00+09:00,82436359.95731276
2025-10-28 12:59:00+09:00,82482056.3874443
2025-10-28 13:00:00+09:00,82436359.95731276
2025-10-28 13:01:00+09:00,82436359.95731276
2025-10-28 13:02:00+09:00,82436359.95731276
2025-10-28 13:04:00+09:00,82436359.95731276
2025-10-28 13:05:00+09:00,82436359.95731276
2025-10-28 13:06:00+09:00,82344967.09704967
2025-10-28 13:07:00+09:00,82436359.95731276
2025-10-28 13:08:00+09:00,82436359.95731276
2025-10-28 13:09:00+09:00,82436359.95731276
2025-10-28 13:10:00+09:00,82344967.09704967
2025-10-28 13:11:00+09:00,82253574.23678657
2025-10-28 13:12:00+09:00,82122635.68588763
2025-10-28 13:13:00+09:00,82122635.68588763
2025-10-28 13:14:00+09:00,82122635.68588763
2025-10-28 13:15:00+09:00,82122635.68588763
2025-10-28 13:16:00+09:00,82122635.68588763
2025-10-28 13:17:00+09:00,82122635.68588763
2025-10-28 13:18:00+09:00,82122635.68588763
2025-10-28 13:19:00+09:00,82122635.68588763
2025-10-28 13:20:00+09:00,82122635.68588763
2025-10-28 13:21:00+09:00,82122635.68588763
2025-10-28 13:22:00+09:00,82122635.68588763
2025-10-28 13:23:00+09:00,82122635.68588763
2025-10-28 13:24:00+09:00,82122635.68588763
2025-10-28 13:25:00+09:00,82122635.68588763
2025-10-28 13:26:00+09:00,82122635.68588763
2025-10-28 13:27:00+09:00,82122635.68588763
2025-10-28 13:28:00+09:00,82122635.68588763
2025-10-28 13:29:00+09:00,82122635.68588763
2025-10-28 13:30:00+09:00,82122635.68588763
2025-10-28 13:31:00+09:00,82122635.68588763
2025-10-28 13:32:00+09:00,82122635.68588763
2025-10-28 13:33:00+09:00,82122635.68588763
2025-10-28 13:34:00+09:00,82122635.68588763
2025-10-28 13:35:00+09:00,82122635.68588763
2025-10-28 13:36:00+09:00,82122635.68588763
2025-10-28 13:37:00+09:00,82122635.68588763
2025-10-28 13:38:00+09:00,82122635.68588763
2025-10-28 13:39:00+09:00,82122635.68588763
2025-10-28 13:40:00+09:00,82122635.68588763
2025-10-28 13:41:00+09:00,82122635.68588763
2025-10-28 13:42:00+09:00,82122635.68588763
2025-10-28 13:43:00+09:00,82122635.68588763
2025-10-28 13:44:00+09:00,82122635.68588763
2025-10-28 13:45:00+09:00,82122635.68588763
2025-10-28 13:46:00+09:00,82122635.68588763
2025-10-28 13:47:00+09:00,82122635.68588763
2025-10-28 13:48:00+09:00,82122635.68588763
2025-10-28 13:49:00+09:00,82122635.68588763
2025-10-28 13:50:00+09:00,82122635.68588763
2025-10-28 13:51:00+09:00,82122635.68588763
2025-10-28 13:53:00+09:00,82122635.68588763
2025-10-28 13:54:00+09:00,82122635.68588763
2025-10-28 13:55:00+09:00,82122635.68588763
2025-10-28 13:56:00+09:00,82122635.68588763
2025-10-28 13:57:00+09:00,82122635.68588763
2025-10-28 13:58:00+09:00,82122635.68588763
2025-10-28 13:59:00+09:00,82122635.68588763
2025-10-28 14:00:00+09:00,82122635.68588763
2025-10-28 14:01:00+09:00,82122635.68588763
2025-10-28 14:02:00+09:00,82122635.68588763
2025-10-28 14:03:00+09:00,82122635.68588763
2025-10-28 14:04:00+09:00,82122635.68588763
2025-10-28 14:05:00+09:00,82122635.68588763
2025-10-28 14:06:00+09:00,82122635.68588763
2025-10-28 14:07:00+09:00,82122635.68588763
2025-10-28 14:08:00+09:00,82122635.68588763
2025-10-28 14:09:00+09:00,82122635.68588763
2025-10-28 14:10:00+09:00,82122635.68588763
2025-10-28 14:11:00+09:00,82122635.68588763
2025-10-28 14:12:00+09:00,82122635.68588763
2025-10-28 14:13:00+09:00,82122635.68588763
2025-10-28 14:14:00+09:00,82122635.68588763
2025-10-28 14:15:00+09:00,82122635.68588763
2025-10-28 14:16:00+09:00,82122635.68588763
2025-10-28 14:17:00+09:00,82122635.68588763
2025-10-28 14:18:00+09:00,82122635.68588763
2025-10-28 14:19:00+09:00,82089786.63161328
2025-10-28 14:20:00+09:00,81868144.20770793
2025-10-28 14:21:00+09:00,81868144.20770793
2025-10-28 14:22:00+09:00,81868144.20770793
2025-10-28 14:23:00+09:00,81868144.20770793
2025-10-28 14:24:00+09:00,81868144.20770793
2025-10-28 14:25:00+09:00,81868144.20770793
2025-10-28 14:26:00+09:00,81868144.20770793
2025-10-28 14:27:00+09:00,81868144.20770793
2025-10-28 14:28:00+09:00,81868144.20770793
2025-10-28 14:29:00+09:00,81868144.20770793
2025-10-28 14:30:00+09:00,81868144.20770793
2025-10-28 14:31:00+09:00,81868144.20770793
2025-10-28 14:32:00+09:00,81868144.20770793
2025-10-28 14:33:00+09:00,81868144.20770793
2025-10-28 14:34:00+09:00,81868144.20770793
2025-10-28 14:35:00+09:00,81868144.20770793
2025-10-28 14:36:00+09:00,81868144.20770793
2025-10-28 14:37:00+09:00,81868144.20770793
2025-10-28 14:38:00+09:00,81868144.20770793
2025-10-28 14:39:00+09:00,81868144.20770793
2025-10-28 14:40:00+09:00,81868144.20770793
2025-10-28 14:41:00+09:00,81868144.20770793
2025-10-28 14:42:00+09:00,81868144.20770793
2025-10-28 14:43:00+09:00,81868144.20770793
2025-10-28 14:44:00+09:00,81868144.20770793
2025-10-28 14:45:00+09:00,81868144.20770793
2025-10-28 14:46:00+09:00,81868144.20770793
2025-10-28 14:47:00+09:00,81868144.20770793
2025-10-28 14:48:00+09:00,81868144.20770793
2025-10-28 14:49:00+09:00,81868144.20770793
2025-10-28 14:50:00+09:00,81868144.20770793
2025-10-28 14:51:00+09:00,81868144.20770793
2025-10-28 14:52:00+09:00,81868144.20770793
2025-10-28 14:53:00+09:00,81868144.20770793
2025-10-28 14:54:00+09:00,81868144.20770793
2025-10-28 14:55:00+09:00,81868144.20770793
2025-10-28 14:56:00+09:00,81868144.20770793
2025-10-28 14:57:00+09:00,81868144.20770793
2025-10-28 14:58:00+09:00,81868144.20770793
2025-10-28 14:59:00+09:00,81868144.20770793
2025-10-28 15:00:00+09:00,81868144.20770793
2025-10-28 15:01:00+09:00,81868144.20770793
2025-10-28 15:02:00+09:00,81868144.20770793
2025-10-28 15:03:00+09:00,81868144.20770793
2025-10-28 15:04:00+09:00,81868144.20770793
2025-10-28 15:05:00+09:00,81868144.20770793
2025-10-28 15:06:00+09:00,81868144.20770793
2025-10-28 15:07:00+09:00,81868144.20770793
2025-10-28 15:08:00+09:00,81868144.20770793
2025-10-28 15:09:00+09:00,81868144.20770793
2025-10-28 15:10:00+09:00,81868144.20770793
2025-10-28 15:11:00+09:00,81868144.20770793
2025-10-28 15:12:00+09:00,81868144.20770793
2025-10-28 15:13:00+09:00,81868144.20770793
2025-10-28 15:14:00+09:00,81868144.20770793
2025-10-28 15:15:00+09:00,81868144.20770793
2025-10-28 15:16:00+09:00,81868144.20770793
2025-10-28 15:17:00+09:00,81868144.20770793
2025-10-28 15:18:00+09:00,81868144.20770793
2025-10-28 15:19:00+09:00,81868144.20770793
2025-10-28 15:30:00+09:00,81868144.20770793
2025-10-28 15:35:00+09:00,81868144.20770793
2025-10-29 09:00:00+09:00,81868144.20770793
2025-10-29 09:01:00+09:00,81868144.20770793
2025-10-29 09:02:00+09:00,81835396.95002484
2025-10-29 09:03:00+09:00,81380250.1371771
2025-10-29 09:04:00+09:00,81107162.04946844
2025-10-29 09:05:00+09:00,80978956.29522549
2025-10-29 09:06:00+09:00,80978956.29522549
2025-10-29 09:07:00+09:00,80978956.29522549
2025-10-29 09:08:00+09:00,80978956.29522549
2025-10-29 09:09:00+09:00,80978956.29522549
2025-10-29 09:10:00+09:00,80978956.29522549
2025-10-29 09:11:00+09:00,80978956.29522549
2025-10-29 09:12:00+09:00,80978956.29522549
2025-10-29 09:13:00+09:00,80978956.29522549
2025-10-29 09:14:00+09:00,80978956.29522549
2025-10-29 09:15:00+09:00,80978956.29522549
2025-10-29 09:16:00+09:00,80978956.29522549
2025-10-29 09:17:00+09:00,80978956.29522549
2025-10-29 09:18:00+09:00,80978956.29522549
2025-10-29 09:19:00+09:00,80978956.29522549
2025-10-29 09:20:00+09:00,80978956.29522549
2025-10-29 09:21:00+09:00,80978956.29522549
2025-10-29 09:22:00+09:00,80978956.29522549
2025-10-29 09:23:00+09:00,80978956.29522549
2025-10-29 09:24:00+09:00,80978956.29522549
2025-10-29 09:25:00+09:00,80978956.29522549
2025-10-29 09:26:00+09:00,80978956.29522549
2025-10-29 09:27:00+09:00,80978956.29522549
2025-10-29 09:28:00+09:00,80978956.29522549
2025-10-29 09:29:00+09:00,80978956.29522549
2025-10-29 09:30:00+09:00,80978956.29522549
2025-10-29 09:31:00+09:00,80978956.29522549
2025-10-29 09:32:00+09:00,80978956.29522549
2025-10-29 09:33:00+09:00,80978956.29522549
2025-10-29 09:34:00+09:00,80978956.29522549
2025-10-29 09:35:00+09:00,80978956.29522549
2025-10-29 09:36:00+09:00,80978956.29522549
2025-10-29 09:37:00+09:00,80978956.29522549
2025-10-29 09:38:00+09:00,80978956.29522549
2025-10-29 09:39:00+09:00,80978956.29522549
2025-10-29 09:40:00+09:00,80978956.29522549
2025-10-29 09:41:00+09:00,80978956.29522549
2025-10-29 09:42:00+09:00,80978956.29522549
2025-10-29 09:43:00+09:00,80978956.29522549
2025-10-29 09:44:00+09:00,80978956.29522549
2025-10-29 09:45:00+09:00,80978956.29522549
2025-10-29 09:46:00+09:00,80978956.29522549
2025-10-29 09:47:00+09:00,80978956.29522549
2025-10-29 09:48:00+09:00,80978956.29522549
2025-10-29 09:49:00+09:00,80978956.29522549
2025-10-29 09:50:00+09:00,80978956.29522549
2025-10-29 09:51:00+09:00,80978956.29522549
2025-10-29 09:52:00+09:00,80978956.29522549
2025-10-29 09:53:00+09:00,80978956.29522549
2025-10-29 09:54:00+09:00,80978956.29522549
2025-10-29 09:55:00+09:00,80978956.29522549
2025-10-29 09:56:00+09:00,80978956.29522549
2025-10-29 09:57:00+09:00,80978956.29522549
2025-10-29 09:58:00+09:00,80978956.29522549
2025-10-29 09:59:00+09:00,80978956.29522549
2025-10-29 10:00:00+09:00,80978956.29522549
2025-10-29 10:01:00+09:00,80978956.29522549
2025-10-29 10:02:00+09:00,80978956.29522549
2025-10-29 10:03:00+09:00,80978956.29522549
2025-10-29 10:04:00+09:00,80978956.29522549
2025-10-29 10:05:00+09:00,80978956.29522549
2025-10-29 10:06:00+09:00,80978956.29522549
2025-10-29 10:07:00+09:00,80978956.29522549
2025-10-29 10:08:00+09:00,80978956.29522549
2025-10-29 10:09:00+09:00,80978956.29522549
2025-10-29 10:10:00+09:00,80978956.29522549
2025-10-29 10:11:00+09:00,80978956.29522549
2025-10-29 10:12:00+09:00,80978956.29522549
2025-10-29 10:13:00+09:00,80978956.29522549
2025-10-29 10:14:00+09:00,80978956.29522549
2025-10-29 10:15:00+09:00,80978956.29522549
2025-10-29 10:16:00+09:00,80978956.29522549
2025-10-29 10:17:00+09:00,80978956.29522549
2025-10-29 10:18:00+09:00,80978956.29522549
2025-10-29 10:19:00+09:00,80978956.29522549
2025-10-29 10:20:00+09:00,80978956.29522549
2025-10-29 10:21:00+09:00,80978956.29522549
2025-10-29 10:22:00+09:00,80978956.29522549
2025-10-29 10:23:00+09:00,80978956.29522549
2025-10-29 10:24:00+09:00,80978956.29522549
2025-10-29 10:25:00+09:00,80978956.29522549
2025-10-29 10:26:00+09:00,80978956.29522549
2025-10-29 10:27:00+09:00,80978956.29522549
2025-10-29 10:28:00+09:00,80978956.29522549
2025-10-29 10:29:00+09:00,80978956.29522549
2025-10-29 10:30:00+09:00,80978956.29522549
2025-10-29 10:31:00+09:00,80978956.29522549
2025-10-29 10:32:00+09:00,80978956.29522549
2025-10-29 10:33:00+09:00,80978956.29522549
2025-10-29 10:34:00+09:00,80978956.29522549
2025-10-29 10:35:00+09:00,80978956.29522549
2025-10-29 10:36:00+09:00,80978956.29522549
2025-10-29 10:37:00+09:00,80978956.29522549
2025-10-29 10:38:00+09:00,80978956.29522549
2025-10-29 10:39:00+09:00,80978956.29522549
2025-10-29 10:40:00+09:00,80978956.29522549
2025-10-29 10:41:00+09:00,80978956.29522549
2025-10-29 10:42:00+09:00,80978956.29522549
2025-10-29 10:43:00+09:00,80978956.29522549
2025-10-29 10:44:00+09:00,80978956.29522549
2025-10-29 10:45:00+09:00,80978956.29522549
2025-10-29 10:46:00+09:00,80978956.29522549
2025-10-29 10:47:00+09:00,80978956.29522549
2025-10-29 10:48:00+09:00,80978956.29522549
2025-10-29 10:49:00+09:00,80978956.29522549
2025-10-29 10:50:00+09:00,80978956.29522549
2025-10-29 10:51:00+09:00,80978956.29522549
2025-10-29 10:52:00+09:00,80978956.29522549
2025-10-29 10:53:00+09:00,80978956.29522549
2025-10-29 10:54:00+09:00,80978956.29522549
2025-10-29 10:55:00+09:00,80978956.29522549
2025-10-29 10:56:00+09:00,80978956.29522549
2025-10-29 10:57:00+09:00,80978956.29522549
2025-10-29 10:58:00+09:00,80978956.29522549
2025-10-29 10:59:00+09:00,80978956.29522549
2025-10-29 11:00:00+09:00,80978956.29522549
2025-10-29 11:01:00+09:00,80978956.29522549
2025-10-29 11:02:00+09:00,80978956.29522549
2025-10-29 11:03:00+09:00,80978956.29522549
2025-10-29 11:04:00+09:00,80978956.29522549
2025-10-29 11:05:00+09:00,80978956.29522549
2025-10-29 11:06:00+09:00,80978956.29522549
2025-10-29 11:07:00+09:00,80978956.29522549
2025-10-29 11:08:00+09:00,80978956.29522549
2025-10-29 11:09:00+09:00,80978956.29522549
2025-10-29 11:10:00+09:00,80978956.29522549
2025-10-29 11:11:00+09:00,80978956.29522549
2025-10-29 11:12:00+09:00,80978956.29522549
2025-10-29 11:13:00+09:00,80978956.29522549
2025-10-29 11:14:00+09:00,80978956.29522549
2025-10-29 11:15:00+09:00,80978956.29522549
2025-10-29 11:16:00+09:00,80978956.29522549
2025-10-29 11:17:00+09:00,80978956.29522549
2025-10-29 11:18:00+09:00,80978956.29522549
2025-10-29 11:19:00+09:00,80978956.29522549
2025-10-29 11:20:00+09:00,80978956.29522549
2025-10-29 11:21:00+09:00,80978956.29522549
2025-10-29 11:22:00+09:00,80978956.29522549
2025-10-29 11:23:00+09:00,80978956.29522549
2025-10-29 11:24:00+09:00,80978956.29522549
2025-10-29 11:25:00+09:00,80978956.29522549
2025-10-29 11:26:00+09:00,80978956.29522549
2025-10-29 11:27:00+09:00,80978956.29522549
2025-10-29 11:28:00+09:00,80978956.29522549
2025-10-29 11:29:00+09:00,80978956.29522549
2025-10-29 11:30:00+09:00,80978956.29522549
2025-10-29 11:31:00+09:00,80978956.29522549
2025-10-29 11:32:00+09:00,80978956.29522549
2025-10-29 11:33:00+09:00,80978956.29522549
2025-10-29 11:34:00+09:00,80978956.29522549
2025-10-29 11:35:00+09:00,80978956.29522549
2025-10-29 11:36:00+09:00,80978956.29522549
2025-10-29 11:37:00+09:00,80978956.29522549
2025-10-29 11:38:00+09:00,80978956.29522549
2025-10-29 11:39:00+09:00,80978956.29522549
2025-10-29 11:40:00+09:00,80978956.29522549
2025-10-29 11:41:00+09:00,80978956.29522549
2025-10-29 11:42:00+09:00,80978956.29522549
2025-10-29 11:43:00+09:00,80978956.29522549
2025-10-29 11:44:00+09:00,80978956.29522549
2025-10-29 11:45:00+09:00,80978956.29522549
2025-10-29 11:46:00+09:00,80978956.29522549
2025-10-29 11:47:00+09:00,80978956.29522549
2025-10-29 11:48:00+09:00,80978956.29522549
2025-10-29 11:49:00+09:00,80978956.29522549
2025-10-29 11:50:00+09:00,80978956.29522549
2025-10-29 11:51:00+09:00,80978956.29522549
2025-10-29 11:52:00+09:00,80978956.29522549
2025-10-29 11:53:00+09:00,80978956.29522549
2025-10-29 11:54:00+09:00,80978956.29522549
2025-10-29 11:55:00+09:00,80978956.29522549
2025-10-29 11:56:00+09:00,80978956.29522549
2025-10-29 11:57:00+09:00,80978956.29522549
2025-10-29 11:58:00+09:00,80978956.29522549
2025-10-29 11:59:00+09:00,80978956.29522549
2025-10-29 12:00:00+09:00,80978956.29522549
2025-10-29 12:01:00+09:00,80978956.29522549
2025-10-29 12:02:00+09:00,80978956.29522549
2025-10-29 12:03:00+09:00,80978956.29522549
2025-10-29 12:04:00+09:00,80978956.29522549
2025-10-29 12:05:00+09:00,80978956.29522549
2025-10-29 12:06:00+09:00,80978956.29522549
2025-10-29 12:07:00+09:00,80978956.29522549
2025-10-29 12:08:00+09:00,80978956.29522549
2025-10-29 12:09:00+09:00,80978956.29522549
2025-10-29 12:10:00+09:00,80978956.29522549
2025-10-29 12:11:00+09:00,80978956.29522549
2025-10-29 12:12:00+09:00,80978956.29522549
2025-10-29 12:13:00+09:00,80978956.29522549
2025-10-29 12:14:00+09:00,80978956.29522549
2025-10-29 12:15:00+09:00,80978956.29522549
2025-10-29 12:16:00+09:00,80978956.29522549
2025-10-29 12:17:00+09:00,80978956.29522549
2025-10-29 12:18:00+09:00,80978956.29522549
2025-10-29 12:19:00+09:00,80978956.29522549
2025-10-29 12:20:00+09:00,80978956.29522549
2025-10-29 12:21:00+09:00,80978956.29522549
2025-10-29 12:22:00+09:00,80946564.7127074
2025-10-29 12:23:00+09:00,80853415.61637518
2025-10-29 12:24:00+09:00,80853415.61637518
2025-10-29 12:25:00+09:00,80899990.16454129
2025-10-29 12:26:00+09:00,80853415.61637518
2025-10-29 12:27:00+09:00,80853415.61637518
2025-10-29 12:28:00+09:00,80946564.7127074
2025-10-29 12:29:00+09:00,80946564.7127074
2025-10-29 12:30:00+09:00,80853415.61637518
2025-10-29 12:31:00+09:00,80946564.7127074
2025-10-29 12:32:00+09:00,80853415.61637518
2025-10-29 12:33:00+09:00,80853415.61637518
2025-10-29 12:34:00+09:00,80853415.61637518
2025-10-29 12:35:00+09:00,80853415.61637518
2025-10-29 12:36:00+09:00,80853415.61637518
2025-10-29 12:37:00+09:00,80760266.52004296
2025-10-29 12:38:00+09:00,80853415.61637518
2025-10-29 12:39:00+09:00,80635111.39421096
2025-10-29 12:40:00+09:00,80635111.39421096
2025-10-29 12:41:00+09:00,80635111.39421096
2025-10-29 12:42:00+09:00,80635111.39421096
2025-10-29 12:43:00+09:00,80635111.39421096
2025-10-29 12:44:00+09:00,80635111.39421096
2025-10-29 12:45:00+09:00,80635111.39421096
2025-10-29 12:46:00+09:00,80635111.39421096
2025-10-29 12:47:00+09:00,80635111.39421096
2025-10-29 12:48:00+09:00,80635111.39421096
2025-10-29 12:49:00+09:00,80635111.39421096
2025-10-29 12:50:00+09:00,80635111.39421096
2025-10-29 12:51:00+09:00,80635111.39421096
2025-10-29 12:52:00+09:00,80635111.39421096
2025-10-29 12:53:00+09:00,80635111.39421096
2025-10-29 12:54:00+09:00,80635111.39421096
2025-10-29 12:55:00+09:00,80635111.39421096
2025-10-29 12:56:00+09:00,80635111.39421096
2025-10-29 12:57:00+09:00,80635111.39421096
2025-10-29 12:58:00+09:00,80635111.39421096
2025-10-29 12:59:00+09:00,80635111.39421096
2025-10-29 13:00:00+09:00,80635111.39421096
2025-10-29 13:01:00+09:00,80635111.39421096
2025-10-29 13:02:00+09:00,80635111.39421096
2025-10-29 13:03:00+09:00,80635111.39421096
2025-10-29 13:04:00+09:00,80635111.39421096
2025-10-29 13:05:00+09:00,80635111.39421096
2025-10-29 13:06:00+09:00,80635111.39421096
2025-10-29 13:07:00+09:00,80635111.39421096
2025-10-29 13:08:00+09:00,80635111.39421096
2025-10-29 13:09:00+09:00,80635111.39421096
2025-10-29 13:10:00+09:00,80635111.39421096
2025-10-29 13:11:00+09:00,80635111.39421096
2025-10-29 13:12:00+09:00,80635111.39421096
2025-10-29 13:13:00+09:00,80635111.39421096
2025-10-29 13:14:00+09:00,80635111.39421096
2025-10-29 13:15:00+09:00,80635111.39421096
2025-10-29 13:16:00+09:00,80635111.39421096
2025-10-29 13:17:00+09:00,80635111.39421096
2025-10-29 13:18:00+09:00,80635111.39421096
2025-10-29 13:19:00+09:00,80635111.39421096
2025-10-29 13:20:00+09:00,80635111.39421096
2025-10-29 13:21:00+09:00,80635111.39421096
2025-10-29 13:22:00+09:00,80635111.39421096
2025-10-29 13:23:00+09:00,80635111.39421096
2025-10-29 13:24:00+09:00,80635111.39421096
2025-10-29 13:25:00+09:00,80635111.39421096
2025-10-29 13:26:00+09:00,80635111.39421096
2025-10-29 13:27:00+09:00,80635111.39421096
2025-10-29 13:28:00+09:00,80635111.39421096
2025-10-29 13:29:00+09:00,80635111.39421096
2025-10-29 13:30:00+09:00,80635111.39421096
2025-10-29 13:31:00+09:00,80635111.39421096
2025-10-29 13:32:00+09:00,80635111.39421096
2025-10-29 13:33:00+09:00,80635111.39421096
2025-10-29 13:34:00+09:00,80635111.39421096
2025-10-29 13:35:00+09:00,80635111.39421096
2025-10-29 13:36:00+09:00,80635111.39421096
2025-10-29 13:37:00+09:00,80635111.39421096
2025-10-29 13:38:00+09:00,80635111.39421096
2025-10-29 13:39:00+09:00,80635111.39421096
2025-10-29 13:40:00+09:00,80635111.39421096
2025-10-29 13:41:00+09:00,80635111.39421096
2025-10-29 13:42:00+09:00,80635111.39421096
2025-10-29 13:43:00+09:00,80635111.39421096
2025-10-29 13:44:00+09:00,80635111.39421096
2025-10-29 13:45:00+09:00,80635111.39421096
2025-10-29 13:46:00+09:00,80635111.39421096
2025-10-29 13:47:00+09:00,80635111.39421096
2025-10-29 13:48:00+09:00,80635111.39421096
2025-10-29 13:49:00+09:00,80635111.39421096
2025-10-29 13:50:00+09:00,80602857.34965329
2025-10-29 13:51:00+09:00,80695824.88984896
2025-10-29 13:52:00+09:00,80602857.34965329
2025-10-29 13:53:00+09:00,80742308.6599468
2025-10-29 13:54:00+09:00,80695824.88984896
2025-10-29 13:55:00+09:00,80695824.88984896
2025-10-29 13:56:00+09:00,80695824.88984896
2025-10-29 13:57:00+09:00,80602857.34965329
2025-10-29 13:58:00+09:00,80602857.34965329
2025-10-29 13:59:00+09:00,80602857.34965329
2025-10-29 14:00:00+09:00,80602857.34965329
2025-10-29 14:01:00+09:00,80695824.88984896
2025-10-29 14:02:00+09:00,80602857.34965329
2025-10-29 14:03:00+09:00,80695824.88984896
2025-10-29 14:04:00+09:00,80695824.88984896
2025-10-29 14:05:00+09:00,80602857.34965329
2025-10-29 14:06:00+09:00,80695824.88984896
2025-10-29 14:07:00+09:00,80695824.88984896
2025-10-29 14:08:00+09:00,80695824.88984896
2025-10-29 14:09:00+09:00,80695824.88984896
2025-10-29 14:10:00+09:00,80695824.88984896
2025-10-29 14:11:00+09:00,80602857.34965329
2025-10-29 14:12:00+09:00,80602857.34965329
2025-10-29 14:13:00+09:00,80602857.34965329
2025-10-29 14:14:00+09:00,80602857.34965329
2025-10-29 14:15:00+09:00,80602857.34965329
2025-10-29 14:16:00+09:00,80602857.34965329
2025-10-29 14:17:00+09:00,80602857.34965329
2025-10-29 14:18:00+09:00,80385229.63480923
2025-10-29 14:19:00+09:00,80385229.63480923
2025-10-29 14:20:00+09:00,80385229.63480923
2025-10-29 14:21:00+09:00,80385229.63480923
2025-10-29 14:22:00+09:00,80385229.63480923
2025-10-29 14:23:00+09:00,80385229.63480923
2025-10-29 14:24:00+09:00,80385229.63480923
2025-10-29 14:25:00+09:00,80385229.63480923
2025-10-29 14:26:00+09:00,80385229.63480923
2025-10-29 14:27:00+09:00,80385229.63480923
2025-10-29 14:28:00+09:00,80385229.63480923
2025-10-29 14:29:00+09:00,80385229.63480923
2025-10-29 14:30:00+09:00,80385229.63480923
2025-10-29 14:31:00+09:00,80385229.63480923
2025-10-29 14:32:00+09:00,80385229.63480923
2025-10-29 14:33:00+09:00,80385229.63480923
2025-10-29 14:34:00+09:00,80385229.63480923
2025-10-29 14:35:00+09:00,80385229.63480923
2025-10-29 14:36:00+09:00,80385229.63480923
2025-10-29 14:37:00+09:00,80385229.63480923
2025-10-29 14:38:00+09:00,80385229.63480923
2025-10-29 14:39:00+09:00,80385229.63480923
2025-10-29 14:40:00+09:00,80385229.63480923
2025-10-29 14:41:00+09:00,80385229.63480923
2025-10-29 14:42:00+09:00,80385229.63480923
2025-10-29 14:43:00+09:00,80385229.63480923
2025-10-29 14:44:00+09:00,80385229.63480923
2025-10-29 14:45:00+09:00,80385229.63480923
2025-10-29 14:46:00+09:00,80385229.63480923
2025-10-29 14:47:00+09:00,80385229.63480923
2025-10-29 14:48:00+09:00,80385229.63480923
2025-10-29 14:49:00+09:00,80385229.63480923
2025-10-29 14:50:00+09:00,80385229.63480923
2025-10-29 14:51:00+09:00,80385229.63480923
2025-10-29 14:52:00+09:00,80385229.63480923
2025-10-29 14:53:00+09:00,80385229.63480923
2025-10-29 14:54:00+09:00,80385229.63480923
2025-10-29 14:55:00+09:00,80385229.63480923
2025-10-29 14:56:00+09:00,80385229.63480923
2025-10-29 14:57:00+09:00,80385229.63480923
2025-10-29 14:58:00+09:00,80385229.63480923
2025-10-29 14:59:00+09:00,80385229.63480923
2025-10-29 15:00:00+09:00,80385229.63480923
2025-10-29 15:01:00+09:00,80385229.63480923
2025-10-29 15:02:00+09:00,80385229.63480923
2025-10-29 15:03:00+09:00,80385229.63480923
2025-10-29 15:04:00+09:00,80385229.63480923
2025-10-29 15:05:00+09:00,80385229.63480923
2025-10-29 15:06:00+09:00,80385229.63480923
2025-10-29 15:07:00+09:00,80385229.63480923
2025-10-29 15:08:00+09:00,80385229.63480923
2025-10-29 15:09:00+09:00,80385229.63480923
2025-10-29 15:10:00+09:00,80385229.63480923
2025-10-29 15:11:00+09:00,80385229.63480923
2025-10-29 15:12:00+09:00,80385229.63480923
2025-10-29 15:13:00+09:00,80385229.63480923
2025-10-29 15:14:00+09:00,80385229.63480923
2025-10-29 15:15:00+09:00,80385229.63480923
2025-10-29 15:16:00+09:00,80385229.63480923
2025-10-29 15:17:00+09:00,80385229.63480923
2025-10-29 15:18:00+09:00,80385229.63480923
2025-10-29 15:19:00+09:00,80385229.63480923
2025-10-29 15:30:00+09:00,80353075.54295531
2025-10-29 15:35:00+09:00,80353075.54295531
2025-10-30 09:00:00+09:00,80353075.54295531
2025-10-30 09:01:00+09:00,80167930.20760287
2025-10-30 09:02:00+09:00,79890212.20457423
2025-10-30 09:03:00+09:00,79397540.46720141
2025-10-30 09:04:00+09:00,79397540.46720141
2025-10-30 09:05:00+09:00,79397540.46720141
2025-10-30 09:06:00+09:00,79397540.46720141
2025-10-30 09:07:00+09:00,79397540.46720141
2025-10-30 09:08:00+09:00,79397540.46720141
2025-10-30 09:09:00+09:00,79397540.46720141
2025-10-30 09:10:00+09:00,79397540.46720141
2025-10-30 09:11:00+09:00,79397540.46720141
2025-10-30 09:12:00+09:00,79397540.46720141
2025-10-30 09:13:00+09:00,79397540.46720141
2025-10-30 09:14:00+09:00,79397540.46720141
2025-10-30 09:15:00+09:00,79397540.46720141
2025-10-30 09:16:00+09:00,79397540.46720141
2025-10-30 09:17:00+09:00,79397540.46720141
2025-10-30 09:18:00+09:00,79397540.46720141
2025-10-30 09:19:00+09:00,79397540.46720141
2025-10-30 09:20:00+09:00,79397540.46720141
2025-10-30 09:21:00+09:00,79397540.46720141
2025-10-30 09:22:00+09:00,79397540.46720141
2025-10-30 09:23:00+09:00,79397540.46720141
2025-10-30 09:24:00+09:00,79397540.46720141
2025-10-30 09:25:00+09:00,79397540.46720141
2025-10-30 09:26:00+09:00,79397540.46720141
2025-10-30 09:27:00+09:00,79397540.46720141
2025-10-30 09:28:00+09:00,79397540.46720141
2025-10-30 09:29:00+09:00,79397540.46720141
2025-10-30 09:30:00+09:00,79397540.46720141
2025-10-30 09:31:00+09:00,79397540.46720141
2025-10-30 09:32:00+09:00,79397540.46720141
2025-10-30 09:33:00+09:00,79397540.46720141
2025-10-30 09:34:00+09:00,79397540.46720141
2025-10-30 09:35:00+09:00,79397540.46720141
2025-10-30 09:36:00+09:00,79397540.46720141
2025-10-30 09:37:00+09:00,79397540.46720141
2025-10-30 09:38:00+09:00,79397540.46720141
2025-10-30 09:39:00+09:00,79397540.46720141
2025-10-30 09:40:00+09:00,79397540.46720141
2025-10-30 09:41:00+09:00,79397540.46720141
2025-10-30 09:42:00+09:00,79397540.46720141
2025-10-30 09:43:00+09:00,79397540.46720141
2025-10-30 09:44:00+09:00,79397540.46720141
2025-10-30 09:45:00+09:00,79397540.46720141
2025-10-30 09:46:00+09:00,79397540.46720141
2025-10-30 09:47:00+09:00,79397540.46720141
2025-10-30 09:48:00+09:00,79397540.46720141
2025-10-30 09:49:00+09:00,79397540.46720141
2025-10-30 09:50:00+09:00,79397540.46720141
2025-10-30 09:51:00+09:00,79397540.46720141
2025-10-30 09:52:00+09:00,79397540.46720141
2025-10-30 09:53:00+09:00,79397540.46720141
2025-10-30 09:54:00+09:00,79397540.46720141
2025-10-30 09:55:00+09:00,79397540.46720141
2025-10-30 09:56:00+09:00,79397540.46720141
2025-10-30 09:57:00+09:00,79397540.46720141
2025-10-30 09:58:00+09:00,79397540.46720141
2025-10-30 09:59:00+09:00,79397540.46720141
2025-10-30 10:00:00+09:00,79397540.46720141
2025-10-30 10:01:00+09:00,79397540.46720141
2025-10-30 10:02:00+09:00,79397540.46720141
2025-10-30 10:03:00+09:00,79397540.46720141
2025-10-30 10:04:00+09:00,79397540.46720141
2025-10-30 10:05:00+09:00,79397540.46720141
2025-10-30 10:06:00+09:00,79397540.46720141
2025-10-30 10:07:00+09:00,79397540.46720141
2025-10-30 10:08:00+09:00,79397540.46720141
2025-10-30 10:09:00+09:00,79397540.46720141
2025-10-30 10:10:00+09:00,79397540.46720141
2025-10-30 10:11:00+09:00,79397540.46720141
2025-10-30 10:12:00+09:00,79397540.46720141
2025-10-30 10:13:00+09:00,79397540.46720141
2025-10-30 10:14:00+09:00,79397540.46720141
2025-10-30 10:15:00+09:00,79397540.46720141
2025-10-30 10:16:00+09:00,79397540.46720141
2025-10-30 10:17:00+09:00,79397540.46720141
2025-10-30 10:18:00+09:00,79397540.46720141
2025-10-30 10:19:00+09:00,79397540.46720141
2025-10-30 10:20:00+09:00,79397540.46720141
2025-10-30 10:21:00+09:00,79397540.46720141
2025-10-30 10:22:00+09:00,79397540.46720141
2025-10-30 10:23:00+09:00,79397540.46720141
2025-10-30 10:24:00+09:00,79397540.46720141
2025-10-30 10:25:00+09:00,79397540.46720141
2025-10-30 10:26:00+09:00,79397540.46720141
2025-10-30 10:27:00+09:00,79397540.46720141
2025-10-30 10:28:00+09:00,79397540.46720141
2025-10-30 10:29:00+09:00,79397540.46720141
2025-10-30 10:30:00+09:00,79397540.46720141
2025-10-30 10:31:00+09:00,79397540.46720141
2025-10-30 10:32:00+09:00,79397540.46720141
2025-10-30 10:33:00+09:00,79397540.46720141
2025-10-30 10:34:00+09:00,79397540.46720141
2025-10-30 10:35:00+09:00,79397540.46720141
2025-10-30 10:36:00+09:00,79397540.46720141
2025-10-30 10:37:00+09:00,79397540.46720141
2025-10-30 10:38:00+09:00,79397540.46720141
2025-10-30 10:39:00+09:00,79397540.46720141
2025-10-30 10:40:00+09:00,79397540.46720141
2025-10-30 10:41:00+09:00,79397540.46720141
2025-10-30 10:42:00+09:00,79397540.46720141
2025-10-30 10:43:00+09:00,79397540.46720141
2025-10-30 10:44:00+09:00,79397540.46720141
2025-10-30 10:45:00+09:00,79397540.46720141
2025-10-30 10:46:00+09:00,79397540.46720141
2025-10-30 10:47:00+09:00,79397540.46720141
2025-10-30 10:48:00+09:00,79397540.46720141
2025-10-30 10:49:00+09:00,79397540.46720141
2025-10-30 10:50:00+09:00,79397540.46720141
2025-10-30 10:51:00+09:00,79397540.46720141
2025-10-30 10:52:00+09:00,79397540.46720141
2025-10-30 10:53:00+09:00,79397540.46720141
2025-10-30 10:54:00+09:00,79397540.46720141
2025-10-30 10:55:00+09:00,79397540.46720141
2025-10-30 10:56:00+09:00,79397540.46720141
2025-10-30 10:57:00+09:00,79397540.46720141
2025-10-30 10:58:00+09:00,79397540.46720141
2025-10-30 10:59:00+09:00,79397540.46720141
2025-10-30 11:00:00+09:00,79365781.45101453
2025-10-30 11:01:00+09:00,79413022.98759252
2025-10-30 11:02:00+09:00,79413022.98759252
2025-10-30 11:03:00+09:00,79365781.45101453
2025-10-30 11:04:00+09:00,79413022.98759252
2025-10-30 11:05:00+09:00,79365781.45101453
2025-10-30 11:06:00+09:00,79365781.45101453
2025-10-30 11:07:00+09:00,79365781.45101453
2025-10-30 11:08:00+09:00,79365781.45101453
2025-10-30 11:09:00+09:00,79365781.45101453
2025-10-30 11:10:00+09:00,79460264.5241705
2025-10-30 11:11:00+09:00,79554747.59732647
2025-10-30 11:12:00+09:00,79743713.74363841
2025-10-30 11:13:00+09:00,79838196.81679438
2025-10-30 11:14:00+09:00,79838196.81679438
2025-10-30 11:15:00+09:00,79743713.74363841
2025-10-30 11:16:00+09:00,79838196.81679438
2025-10-30 11:17:00+09:00,79743713.74363841
2025-10-30 11:18:00+09:00,79838196.81679438
2025-10-30 11:19:00+09:00,79743713.74363841
2025-10-30 11:20:00+09:00,79838196.81679438
2025-10-30 11:21:00+09:00,79838196.81679438
2025-10-30 11:22:00+09:00,79743713.74363841
2025-10-30 11:23:00+09:00,79649230.67048244
2025-10-30 11:24:00+09:00,79649230.67048244
2025-10-30 11:25:00+09:00,79554747.59732647
2025-10-30 11:26:00+09:00,79649230.67048243
2025-10-30 11:27:00+09:00,79365781.45101452
2025-10-30 11:28:00+09:00,79460264.52417049
2025-10-30 11:29:00+09:00,79365781.45101452
2025-10-30 11:30:00+09:00,79460264.52417049
2025-10-30 11:31:00+09:00,79460264.52417049
2025-10-30 11:32:00+09:00,79365781.45101452
2025-10-30 11:33:00+09:00,79365781.45101452
2025-10-30 11:34:00+09:00,79176815.30470258
2025-10-30 11:35:00+09:00,78987849.15839064
2025-10-30 11:36:00+09:00,78868809.93452144
2025-10-30 11:37:00+09:00,78868809.93452144
2025-10-30 11:38:00+09:00,78868809.93452144
2025-10-30 11:39:00+09:00,78868809.93452144
2025-10-30 11:40:00+09:00,78868809.93452144
2025-10-30 11:41:00+09:00,78868809.93452144
2025-10-30 11:42:00+09:00,78868809.93452144
2025-10-30 11:43:00+09:00,78868809.93452144
2025-10-30 11:44:00+09:00,78868809.93452144
2025-10-30 11:45:00+09:00,78868809.93452144
2025-10-30 11:46:00+09:00,78868809.93452144
2025-10-30 11:47:00+09:00,78868809.93452144
2025-10-30 11:48:00+09:00,78868809.93452144
2025-10-30 11:49:00+09:00,78868809.93452144
2025-10-30 11:50:00+09:00,78868809.93452144
2025-10-30 11:51:00+09:00,78868809.93452144
2025-10-30 11:52:00+09:00,78868809.93452144
2025-10-30 11:53:00+09:00,78868809.93452144
2025-10-30 11:54:00+09:00,78868809.93452144
2025-10-30 11:55:00+09:00,78868809.93452144
2025-10-30 11:56:00+09:00,78868809.93452144
2025-10-30 11:57:00+09:00,78868809.93452144
2025-10-30 11:58:00+09:00,78868809.93452144
2025-10-30 11:59:00+09:00,78868809.93452144
2025-10-30 12:00:00+09:00,78868809.93452144
2025-10-30 12:01:00+09:00,78868809.93452144
2025-10-30 12:02:00+09:00,78868809.93452144
2025-10-30 12:03:00+09:00,78868809.93452144
2025-10-30 12:04:00+09:00,78868809.93452144
2025-10-30 12:05:00+09:00,78868809.93452144
2025-10-30 12:06:00+09:00,78868809.93452144
2025-10-30 12:07:00+09:00,78868809.93452144
2025-10-30 12:08:00+09:00,78868809.93452144
2025-10-30 12:09:00+09:00,78868809.93452144
2025-10-30 12:10:00+09:00,78868809.93452144
2025-10-30 12:11:00+09:00,78868809.93452144
2025-10-30 12:12:00+09:00,78868809.93452144
2025-10-30 12:13:00+09:00,78868809.93452144
2025-10-30 12:14:00+09:00,78868809.93452144
2025-10-30 12:15:00+09:00,78868809.93452144
2025-10-30 12:16:00+09:00,78868809.93452144
2025-10-30 12:17:00+09:00,78868809.93452144
2025-10-30 12:18:00+09:00,78868809.93452144
2025-10-30 12:19:00+09:00,78868809.93452144
2025-10-30 12:20:00+09:00,78868809.93452144
2025-10-30 12:21:00+09:00,78868809.93452144
2025-10-30 12:22:00+09:00,78868809.93452144
2025-10-30 12:23:00+09:00,78868809.93452144
2025-10-30 12:24:00+09:00,78868809.93452144
2025-10-30 12:25:00+09:00,78868809.93452144
2025-10-30 12:26:00+09:00,78868809.93452144
2025-10-30 12:27:00+09:00,78868809.93452144
2025-10-30 12:28:00+09:00,78868809.93452144
2025-10-30 12:29:00+09:00,78868809.93452144
2025-10-30 12:30:00+09:00,78868809.93452144
2025-10-30 12:31:00+09:00,78868809.93452144
2025-10-30 12:32:00+09:00,78868809.93452144
2025-10-30 12:33:00+09:00,78868809.93452144
2025-10-30 12:34:00+09:00,78868809.93452144
2025-10-30 12:35:00+09:00,78868809.93452144
2025-10-30 12:36:00+09:00,78868809.93452144
2025-10-30 12:37:00+09:00,78868809.93452144
2025-10-30 12:38:00+09:00,78868809.93452144
2025-10-30 12:39:00+09:00,78868809.93452144
2025-10-30 12:40:00+09:00,78868809.93452144
2025-10-30 12:41:00+09:00,78868809.93452144
2025-10-30 12:42:00+09:00,78868809.93452144
2025-10-30 12:43:00+09:00,78868809.93452144
2025-10-30 12:44:00+09:00,78868809.93452144
2025-10-30 12:45:00+09:00,78868809.93452144
2025-10-30 12:46:00+09:00,78868809.93452144
2025-10-30 12:47:00+09:00,78868809.93452144
2025-10-30 12:48:00+09:00,78868809.93452144
2025-10-30 12:49:00+09:00,78868809.93452144
2025-10-30 12:50:00+09:00,78868809.93452144
2025-10-30 12:51:00+09:00,78868809.93452144
2025-10-30 12:52:00+09:00,78868809.93452144
2025-10-30 12:53:00+09:00,78868809.93452144
2025-10-30 12:54:00+09:00,78868809.93452144
2025-10-30 12:55:00+09:00,78868809.93452144
2025-10-30 12:56:00+09:00,78868809.93452144
2025-10-30 12:57:00+09:00,78868809.93452144
2025-10-30 12:58:00+09:00,78868809.93452144
2025-10-30 12:59:00+09:00,78868809.93452144
2025-10-30 13:00:00+09:00,78868809.93452144
2025-10-30 13:01:00+09:00,78868809.93452144
2025-10-30 13:02:00+09:00,78868809.93452144
2025-10-30 13:03:00+09:00,78868809.93452144
2025-10-30 13:04:00+09:00,78868809.93452144
2025-10-30 13:05:00+09:00,78868809.93452144
2025-10-30 13:06:00+09:00,78868809.93452144
2025-10-30 13:07:00+09:00,78868809.93452144
2025-10-30 13:08:00+09:00,78868809.93452144
2025-10-30 13:09:00+09:00,78868809.93452144
2025-10-30 13:10:00+09:00,78868809.93452144
2025-10-30 13:11:00+09:00,78868809.93452144
2025-10-30 13:12:00+09:00,78868809.93452144
2025-10-30 13:13:00+09:00,78868809.93452144
2025-10-30 13:14:00+09:00,78868809.93452144
2025-10-30 13:15:00+09:00,78868809.93452144
2025-10-30 13:16:00+09:00,78868809.93452144
2025-10-30 13:17:00+09:00,78868809.93452144
2025-10-30 13:18:00+09:00,78868809.93452144
2025-10-30 13:19:00+09:00,78868809.93452144
2025-10-30 13:20:00+09:00,78868809.93452144
2025-10-30 13:21:00+09:00,78868809.93452144
2025-10-30 13:22:00+09:00,78868809.93452144
2025-10-30 13:23:00+09:00,78868809.93452144
2025-10-30 13:24:00+09:00,78868809.93452144
2025-10-30 13:25:00+09:00,78868809.93452144
2025-10-30 13:26:00+09:00,78868809.93452144
2025-10-30 13:27:00+09:00,78868809.93452144
2025-10-30 13:28:00+09:00,78868809.93452144
2025-10-30 13:29:00+09:00,78868809.93452144
2025-10-30 13:30:00+09:00,78868809.93452144
2025-10-30 13:31:00+09:00,78868809.93452144
2025-10-30 13:32:00+09:00,78868809.93452144
2025-10-30 13:33:00+09:00,78868809.93452144
2025-10-30 13:34:00+09:00,78868809.93452144
2025-10-30 13:35:00+09:00,78868809.93452144
2025-10-30 13:36:00+09:00,78868809.93452144
2025-10-30 13:37:00+09:00,78868809.93452144
2025-10-30 13:38:00+09:00,78868809.93452144
2025-10-30 13:39:00+09:00,78868809.93452144
2025-10-30 13:40:00+09:00,78868809.93452144
2025-10-30 13:41:00+09:00,78868809.93452144
2025-10-30 13:42:00+09:00,78868809.93452144
2025-10-30 13:43:00+09:00,78868809.93452144
2025-10-30 13:44:00+09:00,78868809.93452144
2025-10-30 13:45:00+09:00,78868809.93452144
2025-10-30 13:46:00+09:00,78868809.93452144
2025-10-30 13:47:00+09:00,78868809.93452144
2025-10-30 13:48:00+09:00,78868809.93452144
2025-10-30 13:49:00+09:00,78868809.93452144
2025-10-30 13:50:00+09:00,78868809.93452144
2025-10-30 13:51:00+09:00,78868809.93452144
2025-10-30 13:52:00+09:00,78868809.93452144
2025-10-30 13:53:00+09:00,78868809.93452144
2025-10-30 13:54:00+09:00,78868809.93452144
2025-10-30 13:55:00+09:00,78868809.93452144
2025-10-30 13:56:00+09:00,78868809.93452144
2025-10-30 13:57:00+09:00,78868809.93452144
2025-10-30 13:58:00+09:00,78868809.93452144
2025-10-30 13:59:00+09:00,78868809.93452144
2025-10-30 14:00:00+09:00,78868809.93452144
2025-10-30 14:01:00+09:00,78868809.93452144
2025-10-30 14:02:00+09:00,78868809.93452144
2025-10-30 14:03:00+09:00,78868809.93452144
2025-10-30 14:04:00+09:00,78868809.93452144
2025-10-30 14:05:00+09:00,78868809.93452144
2025-10-30 14:06:00+09:00,78868809.93452144
2025-10-30 14:07:00+09:00,78868809.93452144
2025-10-30 14:08:00+09:00,78868809.93452144
2025-10-30 14:09:00+09:00,78868809.93452144
2025-10-30 14:10:00+09:00,78868809.93452144
2025-10-30 14:11:00+09:00,78868809.93452144
2025-10-30 14:12:00+09:00,78868809.93452144
2025-10-30 14:13:00+09:00,78868809.93452144
2025-10-30 14:14:00+09:00,78868809.93452144
2025-10-30 14:15:00+09:00,78868809.93452144
2025-10-30 14:16:00+09:00,78868809.93452144
2025-10-30 14:17:00+09:00,78868809.93452144
2025-10-30 14:18:00+09:00,78868809.93452144
2025-10-30 14:19:00+09:00,78868809.93452144
2025-10-30 14:20:00+09:00,78868809.93452144
2025-10-30 14:21:00+09:00,78868809.93452144
2025-10-30 14:22:00+09:00,78868809.93452144
2025-10-30 14:23:00+09:00,78868809.93452144
2025-10-30 14:24:00+09:00,78868809.93452144
2025-10-30 14:25:00+09:00,78868809.93452144
2025-10-30 14:26:00+09:00,78868809.93452144
2025-10-30 14:27:00+09:00,78868809.93452144
2025-10-30 14:28:00+09:00,78868809.93452144
2025-10-30 14:29:00+09:00,78868809.93452144
2025-10-30 14:30:00+09:00,78868809.93452144
2025-10-30 14:31:00+09:00,78868809.93452144
2025-10-30 14:32:00+09:00,78868809.93452144
2025-10-30 14:33:00+09:00,78868809.93452144
2025-10-30 14:34:00+09:00,78868809.93452144
2025-10-30 14:35:00+09:00,78868809.93452144
2025-10-30 14:36:00+09:00,78868809.93452144
2025-10-30 14:37:00+09:00,78868809.93452144
2025-10-30 14:38:00+09:00,78868809.93452144
2025-10-30 14:39:00+09:00,78868809.93452144
2025-10-30 14:40:00+09:00,78868809.93452144
2025-10-30 14:41:00+09:00,78868809.93452144
2025-10-30 14:42:00+09:00,78868809.93452144
2025-10-30 14:43:00+09:00,78868809.93452144
2025-10-30 14:44:00+09:00,78868809.93452144
2025-10-30 14:45:00+09:00,78868809.93452144
2025-10-30 14:46:00+09:00,78868809.93452144
2025-10-30 14:47:00+09:00,78837262.41054763
2025-10-30 14:48:00+09:00,78742506.08553495
2025-10-30 14:49:00+09:00,78742506.08553495
2025-10-30 14:50:00+09:00,78435400.83616887
2025-10-30 14:51:00+09:00,78435400.83616887
2025-10-30 14:52:00+09:00,78435400.83616887
2025-10-30 14:53:00+09:00,78435400.83616887
2025-10-30 14:54:00+09:00,78435400.83616887
2025-10-30 14:55:00+09:00,78435400.83616887
2025-10-30 14:56:00+09:00,78435400.83616887
2025-10-30 14:57:00+09:00,78435400.83616887
2025-10-30 14:58:00+09:00,78435400.83616887
2025-10-30 14:59:00+09:00,78435400.83616887
2025-10-30 15:00:00+09:00,78435400.83616887
2025-10-30 15:01:00+09:00,78435400.83616887
2025-10-30 15:02:00+09:00,78435400.83616887
2025-10-30 15:03:00+09:00,78435400.83616887
2025-10-30 15:04:00+09:00,78435400.83616887
2025-10-30 15:05:00+09:00,78435400.83616887
2025-10-30 15:06:00+09:00,78435400.83616887
2025-10-30 15:07:00+09:00,78435400.83616887
2025-10-30 15:08:00+09:00,78435400.83616887
2025-10-30 15:09:00+09:00,78435400.83616887
2025-10-30 15:10:00+09:00,78435400.83616887
2025-10-30 15:11:00+09:00,78435400.83616887
2025-10-30 15:12:00+09:00,78435400.83616887
2025-10-30 15:13:00+09:00,78435400.83616887
2025-10-30 15:14:00+09:00,78435400.83616887
2025-10-30 15:15:00+09:00,78435400.83616887
2025-10-30 15:16:00+09:00,78435400.83616887
2025-10-30 15:17:00+09:00,78435400.83616887
2025-10-30 15:18:00+09:00,78435400.83616887
2025-10-30 15:19:00+09:00,78435400.83616887
2025-10-30 15:30:00+09:00,78435400.83616887
2025-10-30 15:35:00+09:00,78435400.83616887
2025-10-31 09:00:00+09:00,78435400.83616887
2025-10-31 09:01:00+09:00,78435400.83616887
2025-10-31 09:02:00+09:00,78435400.83616887
2025-10-31 09:03:00+09:00,78435400.83616887
2025-10-31 09:04:00+09:00,78435400.83616887
2025-10-31 09:05:00+09:00,78435400.83616887
2025-10-31 09:06:00+09:00,78435400.83616887
2025-10-31 09:07:00+09:00,78435400.83616887
2025-10-31 09:08:00+09:00,78435400.83616887
2025-10-31 09:09:00+09:00,78435400.83616887
2025-10-31 09:10:00+09:00,78435400.83616887
2025-10-31 09:11:00+09:00,78435400.83616887
2025-10-31 09:12:00+09:00,78435400.83616887
2025-10-31 09:13:00+09:00,78435400.83616887
2025-10-31 09:14:00+09:00,78435400.83616887
2025-10-31 09:15:00+09:00,78435400.83616887
2025-10-31 09:16:00+09:00,78435400.83616887
2025-10-31 09:17:00+09:00,78435400.83616887
2025-10-31 09:18:00+09:00,78435400.83616887
2025-10-31 09:19:00+09:00,78435400.83616887
2025-10-31 09:20:00+09:00,78435400.83616887
2025-10-31 09:21:00+09:00,78435400.83616887
2025-10-31 09:22:00+09:00,78435400.83616887
2025-10-31 09:23:00+09:00,78435400.83616887
2025-10-31 09:24:00+09:00,78435400.83616887
2025-10-31 09:25:00+09:00,78435400.83616887
2025-10-31 09:26:00+09:00,78435400.83616887
2025-10-31 09:27:00+09:00,78404026.6758344
2025-10-31 09:28:00+09:00,78216904.89379184
2025-10-31 09:29:00+09:00,77936222.220728
2025-10-31 09:30:00+09:00,78216904.89379185
2025-10-31 09:31:00+09:00,78123344.00277057
2025-10-31 09:32:00+09:00,78123344.00277057
2025-10-31 09:33:00+09:00,78216904.89379185
2025-10-31 09:34:00+09:00,78123344.00277057
2025-10-31 09:35:00+09:00,78123344.00277057
2025-10-31 09:36:00+09:00,78123344.00277057
2025-10-31 09:37:00+09:00,77936222.22072801
2025-10-31 09:38:00+09:00,78029783.11174929
2025-10-31 09:39:00+09:00,78123344.00277057
2025-10-31 09:40:00+09:00,78123344.00277057
2025-10-31 09:41:00+09:00,78123344.00277057
2025-10-31 09:42:00+09:00,78216904.89379185
2025-10-31 09:43:00+09:00,78123344.00277057
2025-10-31 09:44:00+09:00,78216904.89379185
2025-10-31 09:45:00+09:00,78216904.89379185
2025-10-31 09:46:00+09:00,78123344.00277057
2025-10-31 09:47:00+09:00,78029783.11174929
2025-10-31 09:48:00+09:00,77655539.54766417
2025-10-31 09:49:00+09:00,77655539.54766417
2025-10-31 09:50:00+09:00,77352561.31426995
2025-10-31 09:51:00+09:00,77352561.31426995
2025-10-31 09:52:00+09:00,77352561.31426995
2025-10-31 09:53:00+09:00,77352561.31426995
2025-10-31 09:54:00+09:00,77352561.31426995
2025-10-31 09:55:00+09:00,77352561.31426995
2025-10-31 09:56:00+09:00,77352561.31426995
2025-10-31 09:57:00+09:00,77352561.31426995
2025-10-31 09:58:00+09:00,77352561.31426995
2025-10-31 09:59:00+09:00,77352561.31426995
2025-10-31 10:00:00+09:00,77352561.31426995
2025-10-31 10:01:00+09:00,77352561.31426995
2025-10-31 10:02:00+09:00,77352561.31426995
2025-10-31 10:03:00+09:00,77352561.31426995
2025-10-31 10:04:00+09:00,77352561.31426995
2025-10-31 10:05:00+09:00,77352561.31426995
2025-10-31 10:06:00+09:00,77352561.31426995
2025-10-31 10:07:00+09:00,77352561.31426995
2025-10-31 10:08:00+09:00,77352561.31426995
2025-10-31 10:09:00+09:00,77352561.31426995
2025-10-31 10:10:00+09:00,77352561.31426995
2025-10-31 10:11:00+09:00,77352561.31426995
2025-10-31 10:12:00+09:00,77352561.31426995
2025-10-31 10:13:00+09:00,77352561.31426995
2025-10-31 10:14:00+09:00,77352561.31426995
2025-10-31 10:15:00+09:00,77352561.31426995
2025-10-31 10:16:00+09:00,77352561.31426995
2025-10-31 10:17:00+09:00,77352561.31426995
2025-10-31 10:18:00+09:00,77352561.31426995
2025-10-31 10:19:00+09:00,77352561.31426995
2025-10-31 10:20:00+09:00,77352561.31426995
2025-10-31 10:21:00+09:00,77352561.31426995
2025-10-31 10:22:00+09:00,77352561.31426995
2025-10-31 10:23:00+09:00,77352561.31426995
2025-10-31 10:24:00+09:00,77352561.31426995
2025-10-31 10:25:00+09:00,77352561.31426995
2025-10-31 10:26:00+09:00,77352561.31426995
2025-10-31 10:27:00+09:00,77352561.31426995
2025-10-31 10:28:00+09:00,77352561.31426995
2025-10-31 10:29:00+09:00,77352561.31426995
2025-10-31 10:30:00+09:00,77352561.31426995
2025-10-31 10:31:00+09:00,77352561.31426995
2025-10-31 10:32:00+09:00,77352561.31426995
2025-10-31 10:33:00+09:00,77352561.31426995
2025-10-31 10:34:00+09:00,77352561.31426995
2025-10-31 10:35:00+09:00,77352561.31426995
2025-10-31 10:36:00+09:00,77352561.31426995
2025-10-31 10:37:00+09:00,77352561.31426995
2025-10-31 10:38:00+09:00,77352561.31426995
2025-10-31 10:39:00+09:00,77352561.31426995
2025-10-31 10:40:00+09:00,77352561.31426995
2025-10-31 10:41:00+09:00,77352561.31426995
2025-10-31 10:42:00+09:00,77352561.31426995
2025-10-31 10:43:00+09:00,77352561.31426995
2025-10-31 10:44:00+09:00,77352561.31426995
2025-10-31 10:45:00+09:00,77352561.31426995
2025-10-31 10:46:00+09:00,77352561.31426995
2025-10-31 10:47:00+09:00,77352561.31426995
2025-10-31 10:48:00+09:00,77352561.31426995
2025-10-31 10:49:00+09:00,77352561.31426995
2025-10-31 10:50:00+09:00,77352561.31426995
2025-10-31 10:51:00+09:00,77352561.31426995
2025-10-31 10:52:00+09:00,77352561.31426995
2025-10-31 10:53:00+09:00,77352561.31426995
2025-10-31 10:54:00+09:00,77352561.31426995
2025-10-31 10:55:00+09:00,77352561.31426995
2025-10-31 10:56:00+09:00,77352561.31426995
2025-10-31 10:57:00+09:00,77352561.31426995
2025-10-31 10:58:00+09:00,77352561.31426995
2025-10-31 10:59:00+09:00,77352561.31426995
2025-10-31 11:00:00+09:00,77352561.31426995
2025-10-31 11:01:00+09:00,77352561.31426995
2025-10-31 11:02:00+09:00,77352561.31426995
2025-10-31 11:03:00+09:00,77352561.31426995
2025-10-31 11:04:00+09:00,77352561.31426995
2025-10-31 11:05:00+09:00,77352561.31426995
2025-10-31 11:06:00+09:00,77352561.31426995
2025-10-31 11:07:00+09:00,77352561.31426995
2025-10-31 11:08:00+09:00,77352561.31426995
2025-10-31 11:09:00+09:00,77352561.31426995
2025-10-31 11:10:00+09:00,77352561.31426995
2025-10-31 11:11:00+09:00,77352561.31426995
2025-10-31 11:12:00+09:00,77352561.31426995
2025-10-31 11:13:00+09:00,77352561.31426995
2025-10-31 11:14:00+09:00,77352561.31426995
2025-10-31 11:15:00+09:00,77352561.31426995
2025-10-31 11:16:00+09:00,77321620.28974424
2025-10-31 11:17:00+09:00,77045142.50563312
2025-10-31 11:18:00+09:00,77045142.50563312
2025-10-31 11:19:00+09:00,76952983.24426274
2025-10-31 11:20:00+09:00,76952983.24426274
2025-10-31 11:21:00+09:00,76860823.98289236
2025-10-31 11:22:00+09:00,76492186.93741086
2025-10-31 11:23:00+09:00,76584346.19878124
2025-10-31 11:24:00+09:00,76561389.32677388
2025-10-31 11:25:00+09:00,76561389.32677388
2025-10-31 11:26:00+09:00,76561389.32677388
2025-10-31 11:27:00+09:00,76561389.32677388
2025-10-31 11:28:00+09:00,76561389.32677388
2025-10-31 11:29:00+09:00,76561389.32677388
2025-10-31 11:30:00+09:00,76561389.32677388
2025-10-31 11:31:00+09:00,76561389.32677388
2025-10-31 11:32:00+09:00,76561389.32677388
2025-10-31 11:33:00+09:00,76561389.32677388
2025-10-31 11:34:00+09:00,76561389.32677388
2025-10-31 11:35:00+09:00,76561389.32677388
2025-10-31 11:36:00+09:00,76561389.32677388
2025-10-31 11:37:00+09:00,76561389.32677388
2025-10-31 11:38:00+09:00,76561389.32677388
2025-10-31 11:39:00+09:00,76561389.32677388
2025-10-31 11:40:00+09:00,76561389.32677388
2025-10-31 11:41:00+09:00,76561389.32677388
2025-10-31 11:42:00+09:00,76561389.32677388
2025-10-31 11:43:00+09:00,76561389.32677388
2025-10-31 11:44:00+09:00,76561389.32677388
2025-10-31 11:45:00+09:00,76561389.32677388
2025-10-31 11:46:00+09:00,76561389.32677388
2025-10-31 11:47:00+09:00,76561389.32677388
2025-10-31 11:48:00+09:00,76561389.32677388
2025-10-31 11:49:00+09:00,76561389.32677388
2025-10-31 11:50:00+09:00,76561389.32677388
2025-10-31 11:51:00+09:00,76561389.32677388
2025-10-31 11:52:00+09:00,76561389.32677388
2025-10-31 11:53:00+09:00,76561389.32677388
2025-10-31 11:54:00+09:00,76561389.32677388
2025-10-31 11:55:00+09:00,76561389.32677388
2025-10-31 11:56:00+09:00,76561389.32677388
2025-10-31 11:57:00+09:00,76561389.32677388
2025-10-31 11:58:00+09:00,76561389.32677388
2025-10-31 11:59:00+09:00,76561389.32677388
2025-10-31 12:00:00+09:00,76561389.32677388
2025-10-31 12:01:00+09:00,76561389.32677388
2025-10-31 12:02:00+09:00,76561389.32677388
2025-10-31 12:03:00+09:00,76561389.32677388
2025-10-31 12:04:00+09:00,76561389.32677388
2025-10-31 12:05:00+09:00,76561389.32677388
2025-10-31 12:06:00+09:00,76561389.32677388
2025-10-31 12:07:00+09:00,76561389.32677388
2025-10-31 12:08:00+09:00,76561389.32677388
2025-10-31 12:09:00+09:00,76561389.32677388
2025-10-31 12:10:00+09:00,76561389.32677388
2025-10-31 12:11:00+09:00,76561389.32677388
2025-10-31 12:12:00+09:00,76561389.32677388
2025-10-31 12:13:00+09:00,76561389.32677388
2025-10-31 12:14:00+09:00,76561389.32677388
2025-10-31 12:15:00+09:00,76561389.32677388
2025-10-31 12:16:00+09:00,76561389.32677388
2025-10-31 12:17:00+09:00,76561389.32677388
2025-10-31 12:18:00+09:00,76561389.32677388
2025-10-31 12:19:00+09:00,76561389.32677388
2025-10-31 12:20:00+09:00,76561389.32677388
2025-10-31 12:21:00+09:00,76561389.32677388
2025-10-31 12:22:00+09:00,76561389.32677388
2025-10-31 12:23:00+09:00,76561389.32677388
2025-10-31 12:24:00+09:00,76561389.32677388
2025-10-31 12:25:00+09:00,76561389.32677388
2025-10-31 12:26:00+09:00,76561389.32677388
2025-10-31 12:27:00+09:00,76561389.32677388
2025-10-31 12:28:00+09:00,76561389.32677388
2025-10-31 12:29:00+09:00,76561389.32677388
2025-10-31 12:30:00+09:00,76561389.32677388
2025-10-31 12:31:00+09:00,76561389.32677388
2025-10-31 12:32:00+09:00,76561389.32677388
2025-10-31 12:33:00+09:00,76561389.32677388
2025-10-31 12:34:00+09:00,76561389.32677388
2025-10-31 12:35:00+09:00,76561389.32677388
2025-10-31 12:36:00+09:00,76561389.32677388
2025-10-31 12:37:00+09:00,76561389.32677388
2025-10-31 12:38:00+09:00,76530764.77104318
2025-10-31 12:39:00+09:00,76530764.77104318
2025-10-31 12:40:00+09:00,76622528.2779629
2025-10-31 12:41:00+09:00,76622528.2779629
2025-10-31 12:42:00+09:00,76622528.2779629
2025-10-31 12:43:00+09:00,76622528.2779629
2025-10-31 12:44:00+09:00,76622528.2779629
2025-10-31 12:45:00+09:00,76714291.7848826
2025-10-31 12:46:00+09:00,76989582.30564176
2025-10-31 12:47:00+09:00,76989582.30564176
2025-10-31 12:48:00+09:00,76897818.79872204
2025-10-31 12:49:00+09:00,76897818.79872204
2025-10-31 12:50:00+09:00,76989582.30564176
2025-10-31 12:51:00+09:00,76897818.79872204
2025-10-31 12:52:00+09:00,76897818.79872204
2025-10-31 12:53:00+09:00,76897818.79872204
2025-10-31 12:54:00+09:00,76806055.29180233
2025-10-31 12:55:00+09:00,76897818.79872206
2025-10-31 12:56:00+09:00,76806055.29180235
2025-10-31 12:57:00+09:00,76897818.79872207
2025-10-31 12:58:00+09:00,76897818.79872207
2025-10-31 12:59:00+09:00,76806055.29180236
2025-10-31 13:00:00+09:00,76806055.29180236
2025-10-31 13:01:00+09:00,76714291.78488263
2025-10-31 13:02:00+09:00,76714291.78488263
2025-10-31 13:03:00+09:00,76622528.27796292
2025-10-31 13:04:00+09:00,76714291.78488263
2025-10-31 13:05:00+09:00,76714291.78488263
2025-10-31 13:06:00+09:00,76714291.78488263
2025-10-31 13:07:00+09:00,76714291.78488263
2025-10-31 13:08:00+09:00,76622528.27796292
2025-10-31 13:09:00+09:00,76622528.27796292
2025-10-31 13:10:00+09:00,76622528.27796292
2025-10-31 13:11:00+09:00,76622528.27796292
2025-10-31 13:12:00+09:00,76622528.27796292
2025-10-31 13:13:00+09:00,76622528.27796292
2025-10-31 13:14:00+09:00,76530764.77104321
2025-10-31 13:15:00+09:00,76530764.77104321
2025-10-31 13:16:00+09:00,76324131.7061614
2025-10-31 13:17:00+09:00,76324131.7061614
2025-10-31 13:18:00+09:00,76324131.7061614
2025-10-31 13:19:00+09:00,76324131.7061614
2025-10-31 13:20:00+09:00,76324131.7061614
2025-10-31 13:21:00+09:00,76324131.7061614
2025-10-31 13:22:00+09:00,76324131.7061614
2025-10-31 13:23:00+09:00,76324131.7061614
2025-10-31 13:24:00+09:00,76324131.7061614
2025-10-31 13:25:00+09:00,76324131.7061614
2025-10-31 13:26:00+09:00,76324131.7061614
2025-10-31 13:27:00+09:00,76324131.7061614
2025-10-31 13:28:00+09:00,76324131.7061614
2025-10-31 13:29:00+09:00,76324131.7061614
2025-10-31 13:30:00+09:00,76324131.7061614
2025-10-31 13:31:00+09:00,76324131.7061614
2025-10-31 13:32:00+09:00,76324131.7061614
2025-10-31 13:33:00+09:00,76324131.7061614
2025-10-31 13:34:00+09:00,76324131.7061614
2025-10-31 13:35:00+09:00,76324131.7061614
2025-10-31 13:36:00+09:00,76324131.7061614
2025-10-31 13:37:00+09:00,76324131.7061614
2025-10-31 13:38:00+09:00,76324131.7061614
2025-10-31 13:40:00+09:00,76324131.7061614
2025-10-31 13:41:00+09:00,76324131.7061614
2025-10-31 13:42:00+09:00,76324131.7061614
2025-10-31 13:43:00+09:00,76324131.7061614
2025-10-31 13:44:00+09:00,76324131.7061614
2025-10-31 13:45:00+09:00,76324131.7061614
2025-10-31 13:46:00+09:00,76324131.7061614
2025-10-31 13:47:00+09:00,76324131.7061614
2025-10-31 13:48:00+09:00,76324131.7061614
2025-10-31 13:49:00+09:00,76324131.7061614
2025-10-31 13:50:00+09:00,76324131.7061614
2025-10-31 13:51:00+09:00,76324131.7061614
2025-10-31 13:52:00+09:00,76324131.7061614
2025-10-31 13:53:00+09:00,76324131.7061614
2025-10-31 13:54:00+09:00,76324131.7061614
2025-10-31 13:55:00+09:00,76324131.7061614
2025-10-31 13:56:00+09:00,76324131.7061614
2025-10-31 13:57:00+09:00,76324131.7061614
2025-10-31 13:58:00+09:00,76324131.7061614
2025-10-31 13:59:00+09:00,76324131.7061614
2025-10-31 14:00:00+09:00,76324131.7061614
2025-10-31 14:01:00+09:00,76324131.7061614
2025-10-31 14:02:00+09:00,76324131.7061614
2025-10-31 14:03:00+09:00,76324131.7061614
2025-10-31 14:04:00+09:00,76324131.7061614
2025-10-31 14:05:00+09:00,76324131.7061614
2025-10-31 14:06:00+09:00,76324131.7061614
2025-10-31 14:07:00+09:00,76324131.7061614
2025-10-31 14:08:00+09:00,76324131.7061614
2025-10-31 14:09:00+09:00,76324131.7061614
2025-10-31 14:11:00+09:00,76324131.7061614
2025-10-31 14:12:00+09:00,76324131.7061614
2025-10-31 14:13:00+09:00,76324131.7061614
2025-10-31 14:14:00+09:00,76324131.7061614
2025-10-31 14:15:00+09:00,76324131.7061614
2025-10-31 14:16:00+09:00,76324131.7061614
2025-10-31 14:17:00+09:00,76324131.7061614
2025-10-31 14:18:00+09:00,76324131.7061614
2025-10-31 14:19:00+09:00,76324131.7061614
2025-10-31 14:20:00+09:00,76324131.7061614
2025-10-31 14:21:00+09:00,76324131.7061614
2025-10-31 14:22:00+09:00,76324131.7061614
2025-10-31 14:23:00+09:00,76324131.7061614
2025-10-31 14:24:00+09:00,76324131.7061614
2025-10-31 14:25:00+09:00,76324131.7061614
2025-10-31 14:26:00+09:00,76324131.7061614
2025-10-31 14:27:00+09:00,76324131.7061614
2025-10-31 14:28:00+09:00,76324131.7061614
2025-10-31 14:29:00+09:00,76324131.7061614
2025-10-31 14:30:00+09:00,76324131.7061614
2025-10-31 14:31:00+09:00,76324131.7061614
2025-10-31 14:32:00+09:00,76324131.7061614
2025-10-31 14:33:00+09:00,76324131.7061614
2025-10-31 14:34:00+09:00,76324131.7061614
2025-10-31 14:35:00+09:00,76324131.7061614
2025-10-31 14:36:00+09:00,76324131.7061614
2025-10-31 14:37:00+09:00,76324131.7061614
2025-10-31 14:38:00+09:00,76324131.7061614
2025-10-31 14:39:00+09:00,76324131.7061614
2025-10-31 14:40:00+09:00,76324131.7061614
2025-10-31 14:41:00+09:00,76324131.7061614
2025-10-31 14:42:00+09:00,76324131.7061614
2025-10-31 14:43:00+09:00,76324131.7061614
2025-10-31 14:44:00+09:00,76324131.7061614
2025-10-31 14:45:00+09:00,76324131.7061614
2025-10-31 14:46:00+09:00,76324131.7061614
2025-10-31 14:47:00+09:00,76324131.7061614
2025-10-31 14:48:00+09:00,76324131.7061614
2025-10-31 14:49:00+09:00,76324131.7061614
2025-10-31 14:50:00+09:00,76324131.7061614
2025-10-31 14:51:00+09:00,76324131.7061614
2025-10-31 14:52:00+09:00,76324131.7061614
2025-10-31 14:53:00+09:00,76324131.7061614
2025-10-31 14:54:00+09:00,76324131.7061614
2025-10-31 14:55:00+09:00,76324131.7061614
2025-10-31 14:56:00+09:00,76324131.7061614
2025-10-31 14:57:00+09:00,76324131.7061614
2025-10-31 14:58:00+09:00,76324131.7061614
2025-10-31 14:59:00+09:00,76324131.7061614
2025-10-31 15:00:00+09:00,76324131.7061614
2025-10-31 15:01:00+09:00,76324131.7061614
2025-10-31 15:02:00+09:00,76324131.7061614
2025-10-31 15:03:00+09:00,76324131.7061614
2025-10-31 15:04:00+09:00,76324131.7061614
2025-10-31 15:05:00+09:00,76324131.7061614
2025-10-31 15:06:00+09:00,76324131.7061614
2025-10-31 15:07:00+09:00,76324131.7061614
2025-10-31 15:08:00+09:00,76324131.7061614
2025-10-31 15:09:00+09:00,76324131.7061614
2025-10-31 15:10:00+09:00,76324131.7061614
2025-10-31 15:11:00+09:00,76324131.7061614
2025-10-31 15:12:00+09:00,76324131.7061614
2025-10-31 15:13:00+09:00,76324131.7061614
2025-10-31 15:14:00+09:00,76324131.7061614
2025-10-31 15:15:00+09:00,76324131.7061614
2025-10-31 15:16:00+09:00,76324131.7061614
2025-10-31 15:17:00+09:00,76324131.7061614
2025-10-31 15:18:00+09:00,76324131.7061614
2025-10-31 15:19:00+09:00,76324131.7061614
2025-10-31 15:30:00+09:00,76324131.7061614
2025-10-31 15:35:00+09:00,76324131.7061614
2025-11-03 09:02:00+09:00,76324131.7061614
2025-11-03 09:03:00+09:00,76324131.7061614
2025-11-03 09:04:00+09:00,76324131.7061614
2025-11-03 09:05:00+09:00,76324131.7061614
2025-11-03 09:06:00+09:00,76324131.7061614
2025-11-03 09:07:00+09:00,76324131.7061614
2025-11-03 09:08:00+09:00,76324131.7061614
2025-11-03 09:09:00+09:00,76324131.7061614
2025-11-03 09:10:00+09:00,76324131.7061614
2025-11-03 09:11:00+09:00,76324131.7061614
2025-11-03 09:12:00+09:00,76324131.7061614
2025-11-03 09:13:00+09:00,76324131.7061614
2025-11-03 09:14:00+09:00,76324131.7061614
2025-11-03 09:15:00+09:00,76324131.7061614
2025-11-03 09:16:00+09:00,76324131.7061614
2025-11-03 09:17:00+09:00,76324131.7061614
2025-11-03 09:18:00+09:00,76324131.7061614
2025-11-03 09:19:00+09:00,76324131.7061614
2025-11-03 09:20:00+09:00,76324131.7061614
2025-11-03 09:21:00+09:00,76324131.7061614
2025-11-03 09:22:00+09:00,76324131.7061614
2025-11-03 09:23:00+09:00,76324131.7061614
2025-11-03 09:24:00+09:00,76324131.7061614
2025-11-03 09:25:00+09:00,76324131.7061614
2025-11-03 09:26:00+09:00,76324131.7061614
2025-11-03 09:27:00+09:00,76324131.7061614
2025-11-03 09:28:00+09:00,76324131.7061614
2025-11-03 09:29:00+09:00,76324131.7061614
2025-11-03 09:30:00+09:00,76324131.7061614
2025-11-03 09:31:00+09:00,76324131.7061614
2025-11-03 09:32:00+09:00,76324131.7061614
2025-11-03 09:33:00+09:00,76324131.7061614
2025-11-03 09:34:00+09:00,76324131.7061614
2025-11-03 09:35:00+09:00,76324131.7061614
2025-11-03 09:36:00+09:00,76324131.7061614
2025-11-03 09:37:00+09:00,76324131.7061614
2025-11-03 09:38:00+09:00,76324131.7061614
2025-11-03 09:39:00+09:00,76324131.7061614
2025-11-03 09:40:00+09:00,76324131.7061614
2025-11-03 09:41:00+09:00,76324131.7061614
2025-11-03 09:42:00+09:00,76324131.7061614
2025-11-03 09:43:00+09:00,76324131.7061614
2025-11-03 09:44:00+09:00,76324131.7061614
2025-11-03 09:45:00+09:00,76324131.7061614
2025-11-03 09:46:00+09:00,76324131.7061614
2025-11-03 09:47:00+09:00,76324131.7061614
2025-11-03 09:48:00+09:00,76324131.7061614
2025-11-03 09:49:00+09:00,76324131.7061614
2025-11-03 09:50:00+09:00,76324131.7061614
2025-11-03 09:51:00+09:00,76324131.7061614
2025-11-03 09:52:00+09:00,76324131.7061614
2025-11-03 09:53:00+09:00,76324131.7061614
2025-11-03 09:54:00+09:00,76324131.7061614
2025-11-03 09:55:00+09:00,76324131.7061614
2025-11-03 09:56:00+09:00,76324131.7061614
2025-11-03 09:57:00+09:00,76324131.7061614
2025-11-03 09:58:00+09:00,76324131.7061614
2025-11-03 09:59:00+09:00,76324131.7061614
2025-11-03 10:00:00+09:00,76324131.7061614
2025-11-03 10:01:00+09:00,76324131.7061614
2025-11-03 10:02:00+09:00,76324131.7061614
2025-11-03 10:03:00+09:00,76324131.7061614
2025-11-03 10:04:00+09:00,76324131.7061614
2025-11-03 10:05:00+09:00,76324131.7061614
2025-11-03 10:06:00+09:00,76324131.7061614
2025-11-03 10:07:00+09:00,76324131.7061614
2025-11-03 10:08:00+09:00,76324131.7061614
2025-11-03 10:09:00+09:00,76324131.7061614
2025-11-03 10:10:00+09:00,76324131.7061614
2025-11-03 10:11:00+09:00,76324131.7061614
2025-11-03 10:12:00+09:00,76324131.7061614
2025-11-03 10:13:00+09:00,76324131.7061614
2025-11-03 10:14:00+09:00,76324131.7061614
2025-11-03 10:15:00+09:00,76324131.7061614
2025-11-03 10:16:00+09:00,76324131.7061614
2025-11-03 10:17:00+09:00,76324131.7061614
2025-11-03 10:18:00+09:00,76324131.7061614
2025-11-03 10:19:00+09:00,76324131.7061614
2025-11-03 10:20:00+09:00,76324131.7061614
2025-11-03 10:21:00+09:00,76324131.7061614
2025-11-03 10:22:00+09:00,76324131.7061614
2025-11-03 10:23:00+09:00,76324131.7061614
2025-11-03 10:24:00+09:00,76324131.7061614
2025-11-03 10:25:00+09:00,76324131.7061614
2025-11-03 10:26:00+09:00,76324131.7061614
2025-11-03 10:27:00+09:00,76324131.7061614
2025-11-03 10:28:00+09:00,76324131.7061614
2025-11-03 10:29:00+09:00,76324131.7061614
2025-11-03 10:30:00+09:00,76324131.7061614
2025-11-03 10:31:00+09:00,76324131.7061614
2025-11-03 10:32:00+09:00,76324131.7061614
2025-11-03 10:33:00+09:00,76324131.7061614
2025-11-03 10:34:00+09:00,76324131.7061614
2025-11-03 10:35:00+09:00,76324131.7061614
2025-11-03 10:36:00+09:00,76324131.7061614
2025-11-03 10:37:00+09:00,76324131.7061614
2025-11-03 10:38:00+09:00,76324131.7061614
2025-11-03 10:39:00+09:00,76324131.7061614
2025-11-03 10:40:00+09:00,76324131.7061614
2025-11-03 10:41:00+09:00,76324131.7061614
2025-11-03 10:42:00+09:00,76324131.7061614
2025-11-03 10:43:00+09:00,76324131.7061614
2025-11-03 10:44:00+09:00,76324131.7061614
2025-11-03 10:45:00+09:00,76324131.7061614
2025-11-03 10:46:00+09:00,76324131.7061614
2025-11-03 10:47:00+09:00,76324131.7061614
2025-11-03 10:48:00+09:00,76324131.7061614
2025-11-03 10:49:00+09:00,76324131.7061614
2025-11-03 10:50:00+09:00,76324131.7061614
2025-11-03 10:51:00+09:00,76324131.7061614
2025-11-03 10:52:00+09:00,76324131.7061614
2025-11-03 10:53:00+09:00,76324131.7061614
2025-11-03 10:54:00+09:00,76324131.7061614
2025-11-03 10:55:00+09:00,76324131.7061614
2025-11-03 10:56:00+09:00,76324131.7061614
2025-11-03 10:57:00+09:00,76324131.7061614
2025-11-03 10:58:00+09:00,76324131.7061614
2025-11-03 10:59:00+09:00,76324131.7061614
2025-11-03 11:00:00+09:00,76324131.7061614
2025-11-03 11:01:00+09:00,76324131.7061614
2025-11-03 11:02:00+09:00,76324131.7061614
2025-11-03 11:03:00+09:00,76324131.7061614
2025-11-03 11:04:00+09:00,76324131.7061614
2025-11-03 11:05:00+09:00,76324131.7061614
2025-11-03 11:06:00+09:00,76324131.7061614
2025-11-03 11:07:00+09:00,76324131.7061614
2025-11-03 11:08:00+09:00,76324131.7061614
2025-11-03 11:09:00+09:00,76324131.7061614
2025-11-03 11:10:00+09:00,76324131.7061614
2025-11-03 11:11:00+09:00,76324131.7061614
2025-11-03 11:12:00+09:00,76324131.7061614
2025-11-03 11:13:00+09:00,76324131.7061614
2025-11-03 11:14:00+09:00,76324131.7061614
2025-11-03 11:15:00+09:00,76324131.7061614
2025-11-03 11:16:00+09:00,76324131.7061614
2025-11-03 11:17:00+09:00,76293602.05347893
2025-11-03 11:18:00+09:00,76293602.05347893
2025-11-03 11:19:00+09:00,76597560.62739716
2025-11-03 11:20:00+09:00,76293602.05347893
2025-11-03 11:21:00+09:00,76293602.05347893
2025-11-03 11:22:00+09:00,76192282.52883951
2025-11-03 11:23:00+09:00,76192282.52883951
2025-11-03 11:24:00+09:00,76293602.05347893
2025-11-03 11:25:00+09:00,76192282.52883951
2025-11-03 11:26:00+09:00,76394921.57811834
2025-11-03 11:27:00+09:00,76293602.05347893
2025-11-03 11:28:00+09:00,76394921.57811834
2025-11-03 11:29:00+09:00,76496241.10275777
2025-11-03 11:30:00+09:00,76394921.57811835
2025-11-03 11:31:00+09:00,76394921.57811835
2025-11-03 11:32:00+09:00,76394921.57811835
2025-11-03 11:33:00+09:00,76192282.52883953
2025-11-03 11:34:00+09:00,76192282.52883953
2025-11-03 11:35:00+09:00,76192282.52883953
2025-11-03 11:36:00+09:00,76090963.00420012
2025-11-03 11:37:00+09:00,75989643.4795607
2025-11-03 11:38:00+09:00,76090963.00420012
2025-11-03 11:39:00+09:00,75885517.40408877
2025-11-03 11:40:00+09:00,75885517.40408877
2025-11-03 11:41:00+09:00,75885517.40408877
2025-11-03 11:42:00+09:00,75885517.40408877
2025-11-03 11:43:00+09:00,75885517.40408877
2025-11-03 11:44:00+09:00,75885517.40408877
2025-11-03 11:45:00+09:00,75885517.40408877
2025-11-03 11:46:00+09:00,75885517.40408877
2025-11-03 11:47:00+09:00,75885517.40408877
2025-11-03 11:48:00+09:00,75885517.40408877
2025-11-03 11:49:00+09:00,75885517.40408877
2025-11-03 11:50:00+09:00,75885517.40408877
2025-11-03 11:51:00+09:00,75885517.40408877
2025-11-03 11:52:00+09:00,75885517.40408877
2025-11-03 11:53:00+09:00,75885517.40408877
2025-11-03 11:54:00+09:00,75885517.40408877
2025-11-03 11:55:00+09:00,75855163.19712713
2025-11-03 11:56:00+09:00,75650354.2564949
2025-11-03 11:57:00+09:00,75650354.2564949
2025-11-03 11:58:00+09:00,75650354.2564949
2025-11-03 11:59:00+09:00,75650354.2564949
2025-11-03 12:00:00+09:00,75650354.2564949
2025-11-03 12:01:00+09:00,75650354.2564949
2025-11-03 12:02:00+09:00,75650354.2564949
2025-11-03 12:03:00+09:00,75650354.2564949
2025-11-03 12:04:00+09:00,75650354.2564949
2025-11-03 12:05:00+09:00,75650354.2564949
2025-11-03 12:06:00+09:00,75650354.2564949
2025-11-03 12:07:00+09:00,75650354.2564949
2025-11-03 12:08:00+09:00,75650354.2564949
2025-11-03 12:09:00+09:00,75650354.2564949
2025-11-03 12:10:00+09:00,75650354.2564949
2025-11-03 12:11:00+09:00,75650354.2564949
2025-11-03 12:12:00+09:00,75650354.2564949
2025-11-03 12:13:00+09:00,75650354.2564949
2025-11-03 12:14:00+09:00,75650354.2564949
2025-11-03 12:15:00+09:00,75650354.2564949
2025-11-03 12:16:00+09:00,75650354.2564949
2025-11-03 12:17:00+09:00,75650354.2564949
2025-11-03 12:18:00+09:00,75650354.2564949
2025-11-03 12:19:00+09:00,75650354.2564949
2025-11-03 12:20:00+09:00,75650354.2564949
2025-11-03 12:21:00+09:00,75650354.2564949
2025-11-03 12:22:00+09:00,75650354.2564949
2025-11-03 12:23:00+09:00,75650354.2564949
2025-11-03 12:24:00+09:00,75650354.2564949
2025-11-03 12:25:00+09:00,75650354.2564949
2025-11-03 12:26:00+09:00,75650354.2564949
2025-11-03 12:27:00+09:00,75650354.2564949
2025-11-03 12:28:00+09:00,75650354.2564949
2025-11-03 12:29:00+09:00,75650354.2564949
2025-11-03 12:30:00+09:00,75650354.2564949
2025-11-03 12:31:00+09:00,75650354.2564949
2025-11-03 12:32:00+09:00,75650354.2564949
2025-11-03 12:33:00+09:00,75650354.2564949
2025-11-03 12:34:00+09:00,75650354.2564949
2025-11-03 12:35:00+09:00,75650354.2564949
2025-11-03 12:36:00+09:00,75650354.2564949
2025-11-03 12:37:00+09:00,75650354.2564949
2025-11-03 12:38:00+09:00,75650354.2564949
2025-11-03 12:39:00+09:00,75650354.2564949
2025-11-03 12:40:00+09:00,75650354.2564949
2025-11-03 12:41:00+09:00,75650354.2564949
2025-11-03 12:42:00+09:00,75650354.2564949
2025-11-03 12:43:00+09:00,75650354.2564949
2025-11-03 12:44:00+09:00,75650354.2564949
2025-11-03 12:45:00+09:00,75650354.2564949
2025-11-03 12:46:00+09:00,75650354.2564949
2025-11-03 12:47:00+09:00,75650354.2564949
2025-11-03 12:48:00+09:00,75650354.2564949
2025-11-03 12:49:00+09:00,75650354.2564949
2025-11-03 12:50:00+09:00,75650354.2564949
2025-11-03 12:51:00+09:00,75650354.2564949
2025-11-03 12:52:00+09:00,75650354.2564949
2025-11-03 12:53:00+09:00,75650354.2564949
2025-11-03 12:54:00+09:00,75650354.2564949
2025-11-03 12:55:00+09:00,75650354.2564949
2025-11-03 12:56:00+09:00,75650354.2564949
2025-11-03 12:57:00+09:00,75650354.2564949
2025-11-03 12:58:00+09:00,75650354.2564949
2025-11-03 12:59:00+09:00,75650354.2564949
2025-11-03 13:00:00+09:00,75650354.2564949
2025-11-03 13:01:00+09:00,75650354.2564949
2025-11-03 13:02:00+09:00,75650354.2564949
2025-11-03 13:03:00+09:00,75650354.2564949
2025-11-03 13:04:00+09:00,75650354.2564949
2025-11-03 13:05:00+09:00,75650354.2564949
2025-11-03 13:06:00+09:00,75650354.2564949
2025-11-03 13:07:00+09:00,75650354.2564949
2025-11-03 13:08:00+09:00,75650354.2564949
2025-11-03 13:09:00+09:00,75650354.2564949
2025-11-03 13:10:00+09:00,75650354.2564949
2025-11-03 13:11:00+09:00,75650354.2564949
2025-11-03 13:12:00+09:00,75650354.2564949
2025-11-03 13:13:00+09:00,75650354.2564949
2025-11-03 13:14:00+09:00,75650354.2564949
2025-11-03 13:15:00+09:00,75650354.2564949
2025-11-03 13:16:00+09:00,75650354.2564949
2025-11-03 13:17:00+09:00,75650354.2564949
2025-11-03 13:18:00+09:00,75650354.2564949
2025-11-03 13:19:00+09:00,75650354.2564949
2025-11-03 13:20:00+09:00,75650354.2564949
2025-11-03 13:21:00+09:00,75650354.2564949
2025-11-03 13:22:00+09:00,75650354.2564949
2025-11-03 13:23:00+09:00,75650354.2564949
2025-11-03 13:24:00+09:00,75650354.2564949
2025-11-03 13:25:00+09:00,75650354.2564949
2025-11-03 13:26:00+09:00,75650354.2564949
2025-11-03 13:27:00+09:00,75650354.2564949
2025-11-03 13:28:00+09:00,75650354.2564949
2025-11-03 13:29:00+09:00,75650354.2564949
2025-11-03 13:30:00+09:00,75650354.2564949
2025-11-03 13:31:00+09:00,75650354.2564949
2025-11-03 13:32:00+09:00,75650354.2564949
2025-11-03 13:33:00+09:00,75650354.2564949
2025-11-03 13:34:00+09:00,75650354.2564949
2025-11-03 13:35:00+09:00,75650354.2564949
2025-11-03 13:36:00+09:00,75650354.2564949
2025-11-03 13:37:00+09:00,75650354.2564949
2025-11-03 13:38:00+09:00,75650354.2564949
2025-11-03 13:39:00+09:00,75650354.2564949
2025-11-03 13:40:00+09:00,75650354.2564949
2025-11-03 13:41:00+09:00,75650354.2564949
2025-11-03 13:42:00+09:00,75650354.2564949
2025-11-03 13:43:00+09:00,75650354.2564949
2025-11-03 13:44:00+09:00,75650354.2564949
2025-11-03 13:45:00+09:00,75650354.2564949
2025-11-03 13:46:00+09:00,75650354.2564949
2025-11-03 13:47:00+09:00,75650354.2564949
2025-11-03 13:48:00+09:00,75650354.2564949
2025-11-03 13:49:00+09:00,75650354.2564949
2025-11-03 13:50:00+09:00,75650354.2564949
2025-11-03 13:51:00+09:00,75650354.2564949
2025-11-03 13:52:00+09:00,75650354.2564949
2025-11-03 13:53:00+09:00,75650354.2564949
2025-11-03 13:54:00+09:00,75650354.2564949
2025-11-03 13:55:00+09:00,75650354.2564949
2025-11-03 13:56:00+09:00,75650354.2564949
2025-11-03 13:57:00+09:00,75650354.2564949
2025-11-03 13:58:00+09:00,75650354.2564949
2025-11-03 13:59:00+09:00,75650354.2564949
2025-11-03 14:00:00+09:00,75650354.2564949
2025-11-03 14:01:00+09:00,75650354.2564949
2025-11-03 14:02:00+09:00,75650354.2564949
2025-11-03 14:03:00+09:00,75650354.2564949
2025-11-03 14:04:00+09:00,75650354.2564949
2025-11-03 14:05:00+09:00,75650354.2564949
2025-11-03 14:06:00+09:00,75650354.2564949
2025-11-03 14:07:00+09:00,75650354.2564949
2025-11-03 14:08:00+09:00,75650354.2564949
2025-11-03 14:09:00+09:00,75650354.2564949
2025-11-03 14:10:00+09:00,75650354.2564949
2025-11-03 14:11:00+09:00,75650354.2564949
2025-11-03 14:12:00+09:00,75650354.2564949
2025-11-03 14:13:00+09:00,75650354.2564949
2025-11-03 14:14:00+09:00,75650354.2564949
2025-11-03 14:15:00+09:00,75650354.2564949
2025-11-03 14:16:00+09:00,75650354.2564949
2025-11-03 14:17:00+09:00,75650354.2564949
2025-11-03 14:18:00+09:00,75650354.2564949
2025-11-03 14:19:00+09:00,75650354.2564949
2025-11-03 14:20:00+09:00,75650354.2564949
2025-11-03 14:21:00+09:00,75650354.2564949
2025-11-03 14:22:00+09:00,75650354.2564949
2025-11-03 14:23:00+09:00,75650354.2564949
2025-11-03 14:24:00+09:00,75650354.2564949
2025-11-03 14:25:00+09:00,75650354.2564949
2025-11-03 14:26:00+09:00,75650354.2564949
2025-11-03 14:27:00+09:00,75650354.2564949
2025-11-03 14:28:00+09:00,75650354.2564949
2025-11-03 14:29:00+09:00,75650354.2564949
2025-11-03 14:30:00+09:00,75650354.2564949
2025-11-03 14:31:00+09:00,75650354.2564949
2025-11-03 14:32:00+09:00,75650354.2564949
2025-11-03 14:33:00+09:00,75650354.2564949
2025-11-03 14:34:00+09:00,75650354.2564949
2025-11-03 14:35:00+09:00,75650354.2564949
2025-11-03 14:36:00+09:00,75650354.2564949
2025-11-03 14:37:00+09:00,75650354.2564949
2025-11-03 14:38:00+09:00,75650354.2564949
2025-11-03 14:39:00+09:00,75650354.2564949
2025-11-03 14:40:00+09:00,75650354.2564949
2025-11-03 14:41:00+09:00,75650354.2564949
2025-11-03 14:42:00+09:00,75650354.2564949
2025-11-03 14:43:00+09:00,75650354.2564949
2025-11-03 14:44:00+09:00,75650354.2564949
2025-11-03 14:45:00+09:00,75650354.2564949
2025-11-03 14:46:00+09:00,75650354.2564949
2025-11-03 14:47:00+09:00,75620094.1147923
2025-11-03 14:48:00+09:00,75823101.07885885
2025-11-03 14:49:00+09:00,75721597.59682557
2025-11-03 14:50:00+09:00,75721597.59682557
2025-11-03 14:51:00+09:00,75823101.07885884
2025-11-03 14:52:00+09:00,75823101.07885884
2025-11-03 14:53:00+09:00,75823101.07885884
2025-11-03 14:54:00+09:00,75823101.07885884
2025-11-03 14:55:00+09:00,75924604.56089212
2025-11-03 14:56:00+09:00,75721597.59682557
2025-11-03 14:57:00+09:00,75721597.59682557
2025-11-03 14:58:00+09:00,75620094.11479229
2025-11-03 14:59:00+09:00,75620094.11479229
2025-11-03 15:00:00+09:00,75315583.66869245
2025-11-03 15:01:00+09:00,75315583.66869245
2025-11-03 15:02:00+09:00,75315583.66869245
2025-11-03 15:03:00+09:00,75315583.66869245
2025-11-03 15:04:00+09:00,75315583.66869245
2025-11-03 15:05:00+09:00,75214080.18665917
2025-11-03 15:06:00+09:00,75315583.66869244
2025-11-03 15:07:00+09:00,75315583.66869244
2025-11-03 15:08:00+09:00,75214080.18665916
2025-11-03 15:09:00+09:00,75214080.18665916
2025-11-03 15:10:00+09:00,75214080.18665916
2025-11-03 15:11:00+09:00,75214080.18665916
2025-11-03 15:12:00+09:00,75011073.22259259
2025-11-03 15:13:00+09:00,75315583.66869242
2025-11-03 15:14:00+09:00,74909772.74752337
2025-11-03 15:15:00+09:00,74909772.74752337
2025-11-03 15:16:00+09:00,74909772.74752337
2025-11-03 15:17:00+09:00,74909772.74752337
2025-11-03 15:18:00+09:00,74909772.74752337
2025-11-03 15:19:00+09:00,74909772.74752337
2025-11-03 15:30:00+09:00,74909772.74752337
2025-11-03 15:35:00+09:00,74909772.74752337
2025-11-04 09:00:00+09:00,74909772.74752337
2025-11-04 09:01:00+09:00,74909772.74752337
2025-11-04 09:02:00+09:00,74909772.74752337
2025-11-04 09:03:00+09:00,74909772.74752337
2025-11-04 09:04:00+09:00,74909772.74752337
2025-11-04 09:05:00+09:00,74909772.74752337
2025-11-04 09:06:00+09:00,74909772.74752337
2025-11-04 09:07:00+09:00,74909772.74752337
2025-11-04 09:08:00+09:00,74909772.74752337
2025-11-04 09:09:00+09:00,74909772.74752337
2025-11-04 09:10:00+09:00,74909772.74752337
2025-11-04 09:11:00+09:00,74909772.74752337
2025-11-04 09:12:00+09:00,74909772.74752337
2025-11-04 09:13:00+09:00,74909772.74752337
2025-11-04 09:14:00+09:00,74909772.74752337
2025-11-04 09:15:00+09:00,74909772.74752337
2025-11-04 09:16:00+09:00,74909772.74752337
2025-11-04 09:17:00+09:00,74909772.74752337
2025-11-04 09:18:00+09:00,74909772.74752337
2025-11-04 09:19:00+09:00,74909772.74752337
2025-11-04 09:20:00+09:00,74909772.74752337
2025-11-04 09:21:00+09:00,74909772.74752337
2025-11-04 09:22:00+09:00,74909772.74752337
2025-11-04 09:23:00+09:00,74909772.74752337
2025-11-04 09:24:00+09:00,74909772.74752337
2025-11-04 09:25:00+09:00,74909772.74752337
2025-11-04 09:26:00+09:00,74909772.74752337
2025-11-04 09:27:00+09:00,74909772.74752337
2025-11-04 09:28:00+09:00,74879808.83842435
2025-11-04 09:29:00+09:00,74979250.81563342
2025-11-04 09:30:00+09:00,74780366.8612153
2025-11-04 09:31:00+09:00,74581482.90679717
2025-11-04 09:32:00+09:00,74680924.88400623
2025-11-04 09:33:00+09:00,74581482.90679717
2025-11-04 09:34:00+09:00,74183714.99796093
2025-11-04 09:35:00+09:00,74183714.99796093
2025-11-04 09:36:00+09:00,74382598.95237905
2025-11-04 09:37:00+09:00,74482040.92958811
2025-11-04 09:38:00+09:00,74283156.97516999
2025-11-04 09:39:00+09:00,74283156.97516999
2025-11-04 09:40:00+09:00,74183714.99796093
2025-11-04 09:41:00+09:00,74482040.92958811
2025-11-04 09:42:00+09:00,74581482.90679717
2025-11-04 09:43:00+09:00,74482040.92958811
2025-11-04 09:44:00+09:00,74482040.92958811
2025-11-04 09:45:00+09:00,74581482.90679717
2025-11-04 09:46:00+09:00,74382598.95237905
2025-11-04 09:47:00+09:00,74680924.88400623
2025-11-04 09:48:00+09:00,74680924.88400623
2025-11-04 09:49:00+09:00,74979250.81563343
2025-11-04 09:50:00+09:00,74979250.81563343
2025-11-04 09:51:00+09:00,75078692.7928425
2025-11-04 09:52:00+09:00,75078692.7928425
2025-11-04 09:53:00+09:00,75028971.80423798
2025-11-04 09:54:00+09:00,75078692.7928425
2025-11-04 09:55:00+09:00,75078692.7928425
2025-11-04 09:56:00+09:00,74979250.81563345
2025-11-04 09:57:00+09:00,74680924.88400626
2025-11-04 09:58:00+09:00,75476460.70167877
2025-11-04 09:59:00+09:00,75377018.7244697
2025-11-04 10:00:00+09:00,75476460.70167877
2025-11-04 10:01:00+09:00,75377018.7244697
2025-11-04 10:02:00+09:00,75377018.7244697
2025-11-04 10:03:00+09:00,75377018.7244697
2025-11-04 10:04:00+09:00,75476460.70167877
2025-11-04 10:05:00+09:00,76271996.51935127
2025-11-04 10:06:00+09:00,76470880.4737694
2025-11-04 10:07:00+09:00,76371438.49656034
2025-11-04 10:08:00+09:00,76172554.54214221
2025-11-04 10:09:00+09:00,75874228.61051503
2025-11-04 10:10:00+09:00,75675344.6560969
2025-11-04 10:11:00+09:00,75178134.77005158
2025-11-04 10:12:00+09:00,75078692.79284252
2025-11-04 10:13:00+09:00,75178134.77005158
2025-11-04 10:14:00+09:00,75178134.77005158
2025-11-04 10:15:00+09:00,75178134.77005158
2025-11-04 10:16:00+09:00,75078692.79284252
2025-11-04 10:17:00+09:00,74879808.8384244
2025-11-04 10:18:00+09:00,75178134.77005158
2025-11-04 10:19:00+09:00,74875980.32230185
2025-11-04 10:20:00+09:00,74875980.32230185
2025-11-04 10:21:00+09:00,74875980.32230185
2025-11-04 10:22:00+09:00,74875980.32230185
2025-11-04 10:23:00+09:00,74875980.32230185
2025-11-04 10:24:00+09:00,74875980.32230185
2025-11-04 10:25:00+09:00,74875980.32230185
2025-11-04 10:26:00+09:00,74875980.32230185
2025-11-04 10:27:00+09:00,74875980.32230185
2025-11-04 10:28:00+09:00,74875980.32230185
2025-11-04 10:29:00+09:00,74875980.32230185
2025-11-04 10:30:00+09:00,74875980.32230185
2025-11-04 10:31:00+09:00,74875980.32230185
2025-11-04 10:32:00+09:00,74875980.32230185
2025-11-04 10:33:00+09:00,74875980.32230185
2025-11-04 10:34:00+09:00,74875980.32230185
2025-11-04 10:35:00+09:00,74846029.93017294
2025-11-04 10:36:00+09:00,74944641.30030492
2025-11-04 10:37:00+09:00,74747418.56004097
2025-11-04 10:38:00+09:00,74747418.56004097
2025-11-04 10:39:00+09:00,74648807.18990898
2025-11-04 10:40:00+09:00,74648807.18990898
2025-11-04 10:41:00+09:00,74550195.819777
2025-11-04 10:42:00+09:00,74747418.56004095
2025-11-04 10:43:00+09:00,74545600.52992883
2025-11-04 10:44:00+09:00,74545600.52992883
2025-11-04 10:45:00+09:00,74545600.52992883
2025-11-04 10:46:00+09:00,74545600.52992883
2025-11-04 10:47:00+09:00,74545600.52992883
2025-11-04 10:48:00+09:00,74545600.52992883
2025-11-04 10:49:00+09:00,74545600.52992883
2025-11-04 10:50:00+09:00,74545600.52992883
2025-11-04 10:51:00+09:00,74545600.52992883
2025-11-04 10:52:00+09:00,74545600.52992883
2025-11-04 10:53:00+09:00,74545600.52992883
2025-11-04 10:54:00+09:00,74545600.52992883
2025-11-04 10:55:00+09:00,74545600.52992883
2025-11-04 10:56:00+09:00,74545600.52992883
2025-11-04 10:57:00+09:00,74545600.52992883
2025-11-04 10:58:00+09:00,74545600.52992883
2025-11-04 10:59:00+09:00,74545600.52992883
2025-11-04 11:00:00+09:00,74545600.52992883
2025-11-04 11:01:00+09:00,74545600.52992883
2025-11-04 11:02:00+09:00,74545600.52992883
2025-11-04 11:03:00+09:00,74545600.52992883
2025-11-04 11:04:00+09:00,74545600.52992883
2025-11-04 11:05:00+09:00,74545600.52992883
2025-11-04 11:06:00+09:00,74545600.52992883
2025-11-04 11:07:00+09:00,74545600.52992883
2025-11-04 11:08:00+09:00,74545600.52992883
2025-11-04 11:09:00+09:00,74545600.52992883
2025-11-04 11:10:00+09:00,74545600.52992883
2025-11-04 11:11:00+09:00,74545600.52992883
2025-11-04 11:12:00+09:00,74545600.52992883
2025-11-04 11:13:00+09:00,74545600.52992883
2025-11-04 11:14:00+09:00,74545600.52992883
2025-11-04 11:15:00+09:00,74545600.52992883
2025-11-04 11:16:00+09:00,74545600.52992883
2025-11-04 11:17:00+09:00,74545600.52992883
2025-11-04 11:18:00+09:00,74545600.52992883
2025-11-04 11:19:00+09:00,74545600.52992883
2025-11-04 11:20:00+09:00,74545600.52992883
2025-11-04 11:21:00+09:00,74545600.52992883
2025-11-04 11:22:00+09:00,74545600.52992883
2025-11-04 11:23:00+09:00,74545600.52992883
2025-11-04 11:24:00+09:00,74545600.52992883
2025-11-04 11:25:00+09:00,74545600.52992883
2025-11-04 11:26:00+09:00,74545600.52992883
2025-11-04 11:27:00+09:00,74545600.52992883
2025-11-04 11:28:00+09:00,74545600.52992883
2025-11-04 11:29:00+09:00,74545600.52992883
2025-11-04 11:30:00+09:00,74545600.52992883
2025-11-04 11:31:00+09:00,74545600.52992883
2025-11-04 11:32:00+09:00,74545600.52992883
2025-11-04 11:33:00+09:00,74545600.52992883
2025-11-04 11:34:00+09:00,74545600.52992883
2025-11-04 11:35:00+09:00,74545600.52992883
2025-11-04 11:36:00+09:00,74545600.52992883
2025-11-04 11:37:00+09:00,74545600.52992883
2025-11-04 11:38:00+09:00,74545600.52992883
2025-11-04 11:39:00+09:00,74545600.52992883
2025-11-04 11:40:00+09:00,74545600.52992883
2025-11-04 11:41:00+09:00,74545600.52992883
2025-11-04 11:42:00+09:00,74545600.52992883
2025-11-04 11:43:00+09:00,74545600.52992883
2025-11-04 11:44:00+09:00,74545600.52992883
2025-11-04 11:45:00+09:00,74545600.52992883
2025-11-04 11:46:00+09:00,74545600.52992883
2025-11-04 11:47:00+09:00,74545600.52992883
2025-11-04 11:48:00+09:00,74545600.52992883
2025-11-04 11:49:00+09:00,74545600.52992883
2025-11-04 11:50:00+09:00,74545600.52992883
2025-11-04 11:51:00+09:00,74515782.28971687
2025-11-04 11:52:00+09:00,74615402.31951594
2025-11-04 11:53:00+09:00,74314589.67753461
2025-11-04 11:54:00+09:00,74314589.67753461
2025-11-04 11:55:00+09:00,74314589.67753461
2025-11-04 11:56:00+09:00,74314589.67753461
2025-11-04 11:57:00+09:00,74314589.67753461
2025-11-04 11:58:00+09:00,74314589.67753461
2025-11-04 11:59:00+09:00,74314589.67753461
2025-11-04 12:00:00+09:00,74314589.67753461
2025-11-04 12:01:00+09:00,74314589.67753461
2025-11-04 12:02:00+09:00,74314589.67753461
2025-11-04 12:03:00+09:00,74314589.67753461
2025-11-04 12:04:00+09:00,74314589.67753461
2025-11-04 12:05:00+09:00,74314589.67753461
2025-11-04 12:06:00+09:00,74314589.67753461
2025-11-04 12:07:00+09:00,74314589.67753461
2025-11-04 12:08:00+09:00,74314589.67753461
2025-11-04 12:09:00+09:00,74314589.67753461
2025-11-04 12:10:00+09:00,74314589.67753461
2025-11-04 12:11:00+09:00,74314589.67753461
2025-11-04 12:12:00+09:00,74314589.67753461
2025-11-04 12:13:00+09:00,74314589.67753461
2025-11-04 12:14:00+09:00,74314589.67753461
2025-11-04 12:15:00+09:00,74314589.67753461
2025-11-04 12:16:00+09:00,74314589.67753461
2025-11-04 12:17:00+09:00,74314589.67753461
2025-11-04 12:18:00+09:00,74314589.67753461
2025-11-04 12:19:00+09:00,74314589.67753461
2025-11-04 12:20:00+09:00,74314589.67753461
2025-11-04 12:21:00+09:00,74314589.67753461
2025-11-04 12:22:00+09:00,74314589.67753461
2025-11-04 12:23:00+09:00,74314589.67753461
2025-11-04 12:24:00+09:00,74314589.67753461
2025-11-04 12:25:00+09:00,74314589.67753461
2025-11-04 12:26:00+09:00,74314589.67753461
2025-11-04 12:27:00+09:00,74314589.67753461
2025-11-04 12:28:00+09:00,74314589.67753461
2025-11-04 12:29:00+09:00,74314589.67753461
2025-11-04 12:30:00+09:00,74314589.67753461
2025-11-04 12:31:00+09:00,74314589.67753461
2025-11-04 12:32:00+09:00,74314589.67753461
2025-11-04 12:33:00+09:00,74314589.67753461
2025-11-04 12:34:00+09:00,74284863.8416636
2025-11-04 12:35:00+09:00,74334354.09072533
2025-11-04 12:36:00+09:00,74433334.58884881
2025-11-04 12:37:00+09:00,74433334.58884881
2025-11-04 12:38:00+09:00,74235373.59260188
2025-11-04 12:39:00+09:00,74235373.59260188
2025-11-04 12:40:00+09:00,74136393.09447841
2025-11-04 12:41:00+09:00,74235373.59260188
2025-11-04 12:42:00+09:00,74136393.09447841
2025-11-04 12:43:00+09:00,74136393.09447841
2025-11-04 12:44:00+09:00,74037412.59635495
2025-11-04 12:45:00+09:00,73938432.09823148
2025-11-04 12:46:00+09:00,73938432.09823148
2025-11-04 12:47:00+09:00,73640085.08078772
2025-11-04 12:48:00+09:00,73640085.08078772
2025-11-04 12:49:00+09:00,73640085.08078772
2025-11-04 12:50:00+09:00,73640085.08078772
2025-11-04 12:51:00+09:00,73640085.08078772
2025-11-04 12:52:00+09:00,73640085.08078772
2025-11-04 12:53:00+09:00,73640085.08078772
2025-11-04 12:54:00+09:00,73640085.08078772
2025-11-04 12:55:00+09:00,73640085.08078772
2025-11-04 12:56:00+09:00,73640085.08078772
2025-11-04 12:57:00+09:00,73640085.08078772
2025-11-04 12:58:00+09:00,73640085.08078772
2025-11-04 12:59:00+09:00,73640085.08078772
2025-11-04 13:00:00+09:00,73640085.08078772
2025-11-04 13:01:00+09:00,73640085.08078772
2025-11-04 13:02:00+09:00,73640085.08078772
2025-11-04 13:03:00+09:00,73640085.08078772
2025-11-04 13:04:00+09:00,73640085.08078772
2025-11-04 13:05:00+09:00,73640085.08078772
2025-11-04 13:06:00+09:00,73640085.08078772
2025-11-04 13:07:00+09:00,73640085.08078772
2025-11-04 13:08:00+09:00,73640085.08078772
2025-11-04 13:09:00+09:00,73640085.08078772
2025-11-04 13:10:00+09:00,73640085.08078772
2025-11-04 13:11:00+09:00,73640085.08078772
2025-11-04 13:12:00+09:00,73640085.08078772
2025-11-04 13:13:00+09:00,73640085.08078772
2025-11-04 13:14:00+09:00,73640085.08078772
2025-11-04 13:15:00+09:00,73640085.08078772
2025-11-04 13:16:00+09:00,73640085.08078772
2025-11-04 13:17:00+09:00,73640085.08078772
2025-11-04 13:18:00+09:00,73640085.08078772
2025-11-04 13:19:00+09:00,73640085.08078772
2025-11-04 13:20:00+09:00,73640085.08078772
2025-11-04 13:21:00+09:00,73640085.08078772
2025-11-04 13:22:00+09:00,73640085.08078772
2025-11-04 13:23:00+09:00,73640085.08078772
2025-11-04 13:24:00+09:00,73640085.08078772
2025-11-04 13:25:00+09:00,73640085.08078772
2025-11-04 13:26:00+09:00,73640085.08078772
2025-11-04 13:27:00+09:00,73640085.08078772
2025-11-04 13:28:00+09:00,73640085.08078772
2025-11-04 13:29:00+09:00,73640085.08078772
2025-11-04 13:30:00+09:00,73640085.08078772
2025-11-04 13:31:00+09:00,73640085.08078772
2025-11-04 13:32:00+09:00,73640085.08078772
2025-11-04 13:33:00+09:00,73640085.08078772
2025-11-04 13:34:00+09:00,73640085.08078772
2025-11-04 13:35:00+09:00,73640085.08078772
2025-11-04 13:36:00+09:00,73640085.08078772
2025-11-04 13:37:00+09:00,73640085.08078772
2025-11-04 13:38:00+09:00,73640085.08078772
2025-11-04 13:39:00+09:00,73640085.08078772
2025-11-04 13:40:00+09:00,73640085.08078772
2025-11-04 13:41:00+09:00,73640085.08078772
2025-11-04 13:42:00+09:00,73640085.08078772
2025-11-04 13:43:00+09:00,73640085.08078772
2025-11-04 13:44:00+09:00,73640085.08078772
2025-11-04 13:45:00+09:00,73610629.0467554
2025-11-04 13:46:00+09:00,73709435.26024097
2025-11-04 13:47:00+09:00,73411880.34832914
2025-11-04 13:48:00+09:00,73411880.34832914
2025-11-04 13:49:00+09:00,73411880.34832914
2025-11-04 13:50:00+09:00,73411880.34832914
2025-11-04 13:51:00+09:00,73411880.34832914
2025-11-04 13:52:00+09:00,73411880.34832914
2025-11-04 13:53:00+09:00,73411880.34832914
2025-11-04 13:54:00+09:00,73411880.34832914
2025-11-04 13:55:00+09:00,73411880.34832914
2025-11-04 13:56:00+09:00,73411880.34832914
2025-11-04 13:57:00+09:00,73411880.34832914
2025-11-04 13:58:00+09:00,73382515.59618981
2025-11-04 13:59:00+09:00,73284410.62881522
2025-11-04 14:00:00+09:00,73186305.66144063
2025-11-04 14:01:00+09:00,73186305.66144063
2025-11-04 14:02:00+09:00,73186305.66144063
2025-11-04 14:03:00+09:00,73088200.69406605
2025-11-04 14:04:00+09:00,73284410.62881522
2025-11-04 14:05:00+09:00,73676830.49831356
2025-11-04 14:06:00+09:00,73676830.49831356
2025-11-04 14:07:00+09:00,73676830.49831356
2025-11-04 14:08:00+09:00,73676830.49831356
2025-11-04 14:09:00+09:00,73676830.49831356
2025-11-04 14:10:00+09:00,73676830.49831356
2025-11-04 14:11:00+09:00,73578725.53093898
2025-11-04 14:12:00+09:00,73382515.59618981
2025-11-04 14:13:00+09:00,73676830.49831356
2025-11-04 14:14:00+09:00,73774935.46568815
2025-11-04 14:15:00+09:00,73971145.40043733
2025-11-04 14:16:00+09:00,73971145.40043733
2025-11-04 14:17:00+09:00,73873040.43306275
2025-11-04 14:18:00+09:00,73873040.43306275
2025-11-04 14:19:00+09:00,73873040.43306275
2025-11-04 14:20:00+09:00,73676830.49831358
2025-11-04 14:21:00+09:00,73676830.49831358
2025-11-04 14:22:00+09:00,73774935.46568817
2025-11-04 14:23:00+09:00,73774935.46568817
2025-11-04 14:24:00+09:00,73578725.530939
2025-11-04 14:25:00+09:00,73578725.530939
2025-11-04 14:26:00+09:00,73578725.530939
2025-11-04 14:27:00+09:00,73578725.530939
2025-11-04 14:28:00+09:00,73873040.43306275
2025-11-04 14:29:00+09:00,74069250.36781192
2025-11-04 14:30:00+09:00,74069250.36781192
2025-11-04 14:31:00+09:00,73971145.40043733
2025-11-04 14:32:00+09:00,73971145.40043733
2025-11-04 14:33:00+09:00,73971145.40043733
2025-11-04 14:34:00+09:00,74265460.30256109
2025-11-04 14:35:00+09:00,74265460.30256109
2025-11-04 14:36:00+09:00,74167355.3351865
2025-11-04 14:37:00+09:00,74167355.3351865
2025-11-04 14:38:00+09:00,74265460.30256109
2025-11-04 14:39:00+09:00,74559775.20468485
2025-11-04 14:40:00+09:00,74461670.23731028
2025-11-04 14:41:00+09:00,74167355.33518653
2025-11-04 14:42:00+09:00,74069250.36781195
2025-11-04 14:43:00+09:00,73873040.43306278
2025-11-04 14:44:00+09:00,73774935.4656882
2025-11-04 14:45:00+09:00,73676830.49831362
2025-11-04 14:46:00+09:00,73578725.53093904
2025-11-04 14:47:00+09:00,73774935.46568821
2025-11-04 14:48:00+09:00,73575743.13993086
2025-11-04 14:49:00+09:00,73575743.13993086
2025-11-04 14:50:00+09:00,73575743.13993086
2025-11-04 14:51:00+09:00,73575743.13993086
2025-11-04 14:52:00+09:00,73575743.13993086
2025-11-04 14:53:00+09:00,73575743.13993086
2025-11-04 14:54:00+09:00,73575743.13993086
2025-11-04 14:55:00+09:00,73575743.13993086
2025-11-04 14:56:00+09:00,73575743.13993086
2025-11-04 14:57:00+09:00,73575743.13993086
2025-11-04 14:58:00+09:00,73575743.13993086
2025-11-04 14:59:00+09:00,73575743.13993086
2025-11-04 15:00:00+09:00,73575743.13993086
2025-11-04 15:01:00+09:00,73575743.13993086
2025-11-04 15:02:00+09:00,73575743.13993086
2025-11-04 15:03:00+09:00,73575743.13993086
2025-11-04 15:04:00+09:00,73575743.13993086
2025-11-04 15:05:00+09:00,73575743.13993086
2025-11-04 15:06:00+09:00,73575743.13993086
2025-11-04 15:07:00+09:00,73575743.13993086
2025-11-04 15:08:00+09:00,73575743.13993086
2025-11-04 15:09:00+09:00,73575743.13993086
2025-11-04 15:10:00+09:00,73575743.13993086
2025-11-04 15:11:00+09:00,73575743.13993086
2025-11-04 15:12:00+09:00,73575743.13993086
2025-11-04 15:13:00+09:00,73575743.13993086
2025-11-04 15:14:00+09:00,73575743.13993086
2025-11-04 15:15:00+09:00,73575743.13993086
2025-11-04 15:16:00+09:00,73575743.13993086
2025-11-04 15:17:00+09:00,73575743.13993086
2025-11-04 15:18:00+09:00,73575743.13993086
2025-11-04 15:19:00+09:00,73575743.13993086
2025-11-04 15:30:00+09:00,73575743.13993086
2025-11-04 15:35:00+09:00,73575743.13993086
2025-11-05 09:00:00+09:00,73575743.13993086
2025-11-05 09:01:00+09:00,73575743.13993086
2025-11-05 09:02:00+09:00,73575743.13993086
2025-11-05 09:03:00+09:00,73575743.13993086
2025-11-05 09:04:00+09:00,73546312.8426749
2025-11-05 09:05:00+09:00,73546312.8426749
2025-11-05 09:06:00+09:00,74676345.81849064
2025-11-05 09:07:00+09:00,74299668.15988539
2025-11-05 09:08:00+09:00,73452143.42802358
2025-11-05 09:09:00+09:00,73075465.76941833
2025-11-05 09:10:00+09:00,72510449.28151046
2025-11-05 09:11:00+09:00,72604618.69616178
2025-11-05 09:12:00+09:00,72510449.28151046
2025-11-05 09:13:00+09:00,72604618.69616178
2025-11-05 09:14:00+09:00,72416279.86685915
2025-11-05 09:15:00+09:00,72604618.69616178
2025-11-05 09:16:00+09:00,72416279.86685915
2025-11-05 09:17:00+09:00,72322110.45220785
2025-11-05 09:18:00+09:00,72416279.86685915
2025-11-05 09:19:00+09:00,72322110.45220785
2025-11-05 09:20:00+09:00,72133771.62290522
2025-11-05 09:21:00+09:00,72227941.03755654
2025-11-05 09:22:00+09:00,72126840.7539869
2025-11-05 09:23:00+09:00,72126840.7539869
2025-11-05 09:24:00+09:00,72126840.7539869
2025-11-05 09:25:00+09:00,72126840.7539869
2025-11-05 09:26:00+09:00,72126840.7539869
2025-11-05 09:27:00+09:00,72126840.7539869
2025-11-05 09:28:00+09:00,72126840.7539869
2025-11-05 09:29:00+09:00,72126840.7539869
2025-11-05 09:30:00+09:00,72126840.7539869
2025-11-05 09:31:00+09:00,72126840.7539869
2025-11-05 09:32:00+09:00,72126840.7539869
2025-11-05 09:33:00+09:00,72126840.7539869
2025-11-05 09:34:00+09:00,72126840.7539869
2025-11-05 09:35:00+09:00,72126840.7539869
2025-11-05 09:36:00+09:00,72126840.7539869
2025-11-05 09:37:00+09:00,72126840.7539869
2025-11-05 09:38:00+09:00,72126840.7539869
2025-11-05 09:39:00+09:00,72126840.7539869
2025-11-05 09:40:00+09:00,72126840.7539869
2025-11-05 09:41:00+09:00,72126840.7539869
2025-11-05 09:42:00+09:00,72126840.7539869
2025-11-05 09:43:00+09:00,72126840.7539869
2025-11-05 09:44:00+09:00,72126840.7539869
2025-11-05 09:45:00+09:00,72126840.7539869
2025-11-05 09:46:00+09:00,72126840.7539869
2025-11-05 09:47:00+09:00,72126840.7539869
2025-11-05 09:48:00+09:00,72126840.7539869
2025-11-05 09:49:00+09:00,72126840.7539869
2025-11-05 09:50:00+09:00,72126840.7539869
2025-11-05 09:51:00+09:00,72126840.7539869
2025-11-05 09:52:00+09:00,72126840.7539869
2025-11-05 09:53:00+09:00,72126840.7539869
2025-11-05 09:54:00+09:00,72126840.7539869
2025-11-05 09:55:00+09:00,72126840.7539869
2025-11-05 09:56:00+09:00,72126840.7539869
2025-11-05 09:57:00+09:00,72126840.7539869
2025-11-05 09:58:00+09:00,72126840.7539869
2025-11-05 09:59:00+09:00,72126840.7539869
2025-11-05 10:00:00+09:00,72126840.7539869
2025-11-05 10:01:00+09:00,72126840.7539869
2025-11-05 10:02:00+09:00,72126840.7539869
2025-11-05 10:03:00+09:00,72126840.7539869
2025-11-05 10:04:00+09:00,72126840.7539869
2025-11-05 10:05:00+09:00,72126840.7539869
2025-11-05 10:06:00+09:00,72126840.7539869
2025-11-05 10:07:00+09:00,72126840.7539869
2025-11-05 10:08:00+09:00,72126840.7539869
2025-11-05 10:09:00+09:00,72126840.7539869
2025-11-05 10:10:00+09:00,72126840.7539869
2025-11-05 10:11:00+09:00,72126840.7539869
2025-11-05 10:12:00+09:00,72126840.7539869
2025-11-05 10:13:00+09:00,72126840.7539869
2025-11-05 10:14:00+09:00,72126840.7539869
2025-11-05 10:15:00+09:00,72126840.7539869
2025-11-05 10:16:00+09:00,72126840.7539869
2025-11-05 10:17:00+09:00,72126840.7539869
2025-11-05 10:18:00+09:00,72126840.7539869
2025-11-05 10:19:00+09:00,72126840.7539869
2025-11-05 10:20:00+09:00,72126840.7539869
2025-11-05 10:21:00+09:00,72126840.7539869
2025-11-05 10:22:00+09:00,72126840.7539869
2025-11-05 10:23:00+09:00,72126840.7539869
2025-11-05 10:24:00+09:00,72126840.7539869
2025-11-05 10:25:00+09:00,72126840.7539869
2025-11-05 10:26:00+09:00,72126840.7539869
2025-11-05 10:27:00+09:00,72126840.7539869
2025-11-05 10:28:00+09:00,72126840.7539869
2025-11-05 10:29:00+09:00,72126840.7539869
2025-11-05 10:30:00+09:00,72126840.7539869
2025-11-05 10:31:00+09:00,72126840.7539869
2025-11-05 10:32:00+09:00,72126840.7539869
2025-11-05 10:33:00+09:00,72126840.7539869
2025-11-05 10:34:00+09:00,72126840.7539869
2025-11-05 10:35:00+09:00,72126840.7539869
2025-11-05 10:36:00+09:00,72126840.7539869
2025-11-05 10:37:00+09:00,72126840.7539869
2025-11-05 10:38:00+09:00,72126840.7539869
2025-11-05 10:39:00+09:00,72126840.7539869
2025-11-05 10:40:00+09:00,72126840.7539869
2025-11-05 10:41:00+09:00,72126840.7539869
2025-11-05 10:42:00+09:00,72126840.7539869
2025-11-05 10:43:00+09:00,72126840.7539869
2025-11-05 10:44:00+09:00,72126840.7539869
2025-11-05 10:45:00+09:00,72126840.7539869
2025-11-05 10:46:00+09:00,72126840.7539869
2025-11-05 10:47:00+09:00,72126840.7539869
2025-11-05 10:48:00+09:00,72126840.7539869
2025-11-05 10:49:00+09:00,72126840.7539869
2025-11-05 10:50:00+09:00,72126840.7539869
2025-11-05 10:51:00+09:00,72126840.7539869
2025-11-05 10:52:00+09:00,72126840.7539869
2025-11-05 10:53:00+09:00,72126840.7539869
2025-11-05 10:54:00+09:00,72126840.7539869
2025-11-05 10:55:00+09:00,72126840.7539869
2025-11-05 10:56:00+09:00,72126840.7539869
2025-11-05 10:57:00+09:00,72126840.7539869
2025-11-05 10:58:00+09:00,72126840.7539869
2025-11-05 10:59:00+09:00,72126840.7539869
2025-11-05 11:00:00+09:00,72126840.7539869
2025-11-05 11:01:00+09:00,72126840.7539869
2025-11-05 11:02:00+09:00,72126840.7539869
2025-11-05 11:03:00+09:00,72126840.7539869
2025-11-05 11:04:00+09:00,72126840.7539869
2025-11-05 11:05:00+09:00,72126840.7539869
2025-11-05 11:06:00+09:00,72126840.7539869
2025-11-05 11:07:00+09:00,72126840.7539869
2025-11-05 11:08:00+09:00,72126840.7539869
2025-11-05 11:09:00+09:00,72126840.7539869
2025-11-05 11:10:00+09:00,72097990.01768531
2025-11-05 11:11:00+09:00,71810365.05750836
2025-11-05 11:12:00+09:00,71714490.07078272
2025-11-05 11:13:00+09:00,71906240.04423401
2025-11-05 11:14:00+09:00,71810365.05750836
2025-11-05 11:15:00+09:00,71906240.04423401
2025-11-05 11:16:00+09:00,71810365.05750836
2025-11-05 11:17:00+09:00,71810365.05750836
2025-11-05 11:18:00+09:00,71906240.04423401
2025-11-05 11:19:00+09:00,72002115.03095967
2025-11-05 11:20:00+09:00,72050052.5243225
2025-11-05 11:21:00+09:00,72385614.97786225
2025-11-05 11:22:00+09:00,72289739.99113661
2025-11-05 11:23:00+09:00,72097990.01768531
2025-11-05 11:24:00+09:00,72385614.97786224
2025-11-05 11:25:00+09:00,72385614.97786224
2025-11-05 11:26:00+09:00,72864989.91149047
2025-11-05 11:27:00+09:00,72673239.93803918
2025-11-05 11:28:00+09:00,72673239.93803918
2025-11-05 11:29:00+09:00,72769114.92476483
2025-11-05 11:30:00+09:00,72673239.93803918
2025-11-05 11:31:00+09:00,72577364.95131354
2025-11-05 11:32:00+09:00,72385614.97786225
2025-11-05 11:33:00+09:00,72193865.00441097
2025-11-05 11:34:00+09:00,72289739.99113661
2025-11-05 11:35:00+09:00,72577364.95131356
2025-11-05 11:36:00+09:00,72577364.95131356
2025-11-05 11:37:00+09:00,72481489.96458791
2025-11-05 11:38:00+09:00,72385614.97786227
2025-11-05 11:39:00+09:00,72481489.96458791
2025-11-05 11:40:00+09:00,72385614.97786227
2025-11-05 11:41:00+09:00,72385614.97786227
2025-11-05 11:42:00+09:00,72385614.97786227
2025-11-05 11:43:00+09:00,72289739.99113663
2025-11-05 11:44:00+09:00,72481489.96458791
2025-11-05 11:45:00+09:00,72577364.95131356
2025-11-05 11:46:00+09:00,72673239.9380392
2025-11-05 11:47:00+09:00,72481489.96458791
2025-11-05 11:48:00+09:00,72481489.96458791
2025-11-05 11:49:00+09:00,72481489.96458791
2025-11-05 11:50:00+09:00,72577364.95131356
2025-11-05 11:51:00+09:00,72673239.9380392
2025-11-05 11:52:00+09:00,72577364.95131356
2025-11-05 11:53:00+09:00,72577364.95131356
2025-11-05 11:54:00+09:00,72769114.92476486
2025-11-05 11:55:00+09:00,72673239.93803921
2025-11-05 11:56:00+09:00,72673239.93803921
2025-11-05 11:57:00+09:00,72769114.92476486
2025-11-05 11:58:00+09:00,72864989.9114905
2025-11-05 11:59:00+09:00,72864989.9114905
2025-11-05 12:00:00+09:00,73392302.33848155
2025-11-05 12:01:00+09:00,73440239.83184436
2025-11-05 12:02:00+09:00,73440239.83184436
2025-11-05 12:03:00+09:00,73536114.81857
2025-11-05 12:04:00+09:00,73584052.31193282
2025-11-05 12:05:00+09:00,73631989.80529565
2025-11-05 12:06:00+09:00,74015489.75219822
2025-11-05 12:07:00+09:00,74207239.7256495
2025-11-05 12:08:00+09:00,74207239.7256495
2025-11-05 12:09:00+09:00,74303114.71237515
2025-11-05 12:10:00+09:00,74398989.69910079
2025-11-05 12:11:00+09:00,74111364.73892386
2025-11-05 12:12:00+09:00,73871677.27210975
2025-11-05 12:13:00+09:00,73631989.80529563
2025-11-05 12:14:00+09:00,73440239.83184434
2025-11-05 12:15:00+09:00,73248489.85839306
2025-11-05 12:16:00+09:00,73152614.87166741
2025-11-05 12:17:00+09:00,73152614.87166741
2025-11-05 12:18:00+09:00,73056739.88494177
2025-11-05 12:19:00+09:00,73296427.35175587
2025-11-05 12:20:00+09:00,73248489.85839304
2025-11-05 12:21:00+09:00,73152614.8716674
2025-11-05 12:22:00+09:00,73248489.85839304
2025-11-05 12:23:00+09:00,73440239.83184434
2025-11-05 12:24:00+09:00,73344364.8451187
2025-11-05 12:25:00+09:00,73344364.8451187
2025-11-05 12:26:00+09:00,73344364.8451187
2025-11-05 12:27:00+09:00,73536114.81856999
2025-11-05 12:28:00+09:00,73152614.8716674
2025-11-05 12:29:00+09:00,73200552.36503023
2025-11-05 12:30:00+09:00,72960864.89821611
2025-11-05 12:31:00+09:00,72960864.89821611
2025-11-05 12:32:00+09:00,72668254.43872945
2025-11-05 12:33:00+09:00,72668254.43872945
2025-11-05 12:34:00+09:00,72668254.43872945
2025-11-05 12:35:00+09:00,72668254.43872945
2025-11-05 12:36:00+09:00,72668254.43872945
2025-11-05 12:37:00+09:00,72668254.43872945
2025-11-05 12:38:00+09:00,72668254.43872945
2025-11-05 12:39:00+09:00,72668254.43872945
2025-11-05 12:40:00+09:00,72668254.43872945
2025-11-05 12:41:00+09:00,72668254.43872945
2025-11-05 12:42:00+09:00,72668254.43872945
2025-11-05 12:43:00+09:00,72668254.43872945
2025-11-05 12:44:00+09:00,72668254.43872945
2025-11-05 12:45:00+09:00,72668254.43872945
2025-11-05 12:46:00+09:00,72668254.43872945
2025-11-05 12:47:00+09:00,72668254.43872945
2025-11-05 12:48:00+09:00,72668254.43872945
2025-11-05 12:49:00+09:00,72668254.43872945
2025-11-05 12:50:00+09:00,72668254.43872945
2025-11-05 12:51:00+09:00,72668254.43872945
2025-11-05 12:52:00+09:00,72668254.43872945
2025-11-05 12:53:00+09:00,72668254.43872945
2025-11-05 12:54:00+09:00,72668254.43872945
2025-11-05 12:55:00+09:00,72668254.43872945
2025-11-05 12:56:00+09:00,72668254.43872945
2025-11-05 12:57:00+09:00,72668254.43872945
2025-11-05 12:58:00+09:00,72668254.43872945
2025-11-05 12:59:00+09:00,72668254.43872945
2025-11-05 13:00:00+09:00,72668254.43872945
2025-11-05 13:01:00+09:00,72668254.43872945
2025-11-05 13:02:00+09:00,72668254.43872945
2025-11-05 13:03:00+09:00,72668254.43872945
2025-11-05 13:04:00+09:00,72668254.43872945
2025-11-05 13:05:00+09:00,72668254.43872945
2025-11-05 13:06:00+09:00,72668254.43872945
2025-11-05 13:07:00+09:00,72668254.43872945
2025-11-05 13:08:00+09:00,72668254.43872945
2025-11-05 13:09:00+09:00,72668254.43872945
2025-11-05 13:10:00+09:00,72668254.43872945
2025-11-05 13:11:00+09:00,72668254.43872945
2025-11-05 13:12:00+09:00,72668254.43872945
2025-11-05 13:13:00+09:00,72668254.43872945
2025-11-05 13:14:00+09:00,72668254.43872945
2025-11-05 13:15:00+09:00,72668254.43872945
2025-11-05 13:16:00+09:00,72668254.43872945
2025-11-05 13:17:00+09:00,72668254.43872945
2025-11-05 13:18:00+09:00,72668254.43872945
2025-11-05 13:19:00+09:00,72668254.43872945
2025-11-05 13:20:00+09:00,72668254.43872945
2025-11-05 13:21:00+09:00,72668254.43872945
2025-11-05 13:22:00+09:00,72668254.43872945
2025-11-05 13:23:00+09:00,72668254.43872945
2025-11-05 13:24:00+09:00,72668254.43872945
2025-11-05 13:25:00+09:00,72668254.43872945
2025-11-05 13:26:00+09:00,72668254.43872945
2025-11-05 13:27:00+09:00,72639187.13695396
2025-11-05 13:28:00+09:00,72639187.13695396
2025-11-05 13:29:00+09:00,72734514.15419406
2025-11-05 13:30:00+09:00,72829841.17143415
2025-11-05 13:31:00+09:00,72829841.17143415
2025-11-05 13:32:00+09:00,72829841.17143415
2025-11-05 13:33:00+09:00,72734514.15419404
2025-11-05 13:34:00+09:00,72734514.15419404
2025-11-05 13:35:00+09:00,72639187.13695395
2025-11-05 13:36:00+09:00,72543860.11971386
2025-11-05 13:37:00+09:00,72639187.13695395
2025-11-05 13:38:00+09:00,72543860.11971386
2025-11-05 13:39:00+09:00,72543860.11971386
2025-11-05 13:40:00+09:00,72543860.11971386
2025-11-05 13:41:00+09:00,72829841.17143415
2025-11-05 13:42:00+09:00,72734514.15419404
2025-11-05 13:43:00+09:00,72734514.15419404
2025-11-05 13:44:00+09:00,72639187.13695395
2025-11-05 13:45:00+09:00,72639187.13695395
2025-11-05 13:46:00+09:00,72543860.11971386
2025-11-05 13:47:00+09:00,72543860.11971386
2025-11-05 13:48:00+09:00,72543860.11971386
2025-11-05 13:49:00+09:00,72543860.11971386
2025-11-05 13:50:00+09:00,72353206.08523366
2025-11-05 13:51:00+09:00,72448533.10247377
2025-11-05 13:52:00+09:00,72252922.06309709
2025-11-05 13:53:00+09:00,72252922.06309709
2025-11-05 13:54:00+09:00,72252922.06309709
2025-11-05 13:55:00+09:00,72252922.06309709
2025-11-05 13:56:00+09:00,72252922.06309709
2025-11-05 13:57:00+09:00,72252922.06309709
2025-11-05 13:58:00+09:00,72252922.06309709
2025-11-05 13:59:00+09:00,72252922.06309709
2025-11-05 14:00:00+09:00,72252922.06309709
2025-11-05 14:01:00+09:00,72252922.06309709
2025-11-05 14:02:00+09:00,72252922.06309709
2025-11-05 14:03:00+09:00,72224020.89427185
2025-11-05 14:04:00+09:00,72224020.89427185
2025-11-05 14:05:00+09:00,72787537.31217255
2025-11-05 14:06:00+09:00,73351053.73007324
2025-11-05 14:07:00+09:00,74665925.37184152
2025-11-05 14:08:00+09:00,75511199.99869256
2025-11-05 14:09:00+09:00,75135522.38675876
2025-11-05 14:10:00+09:00,75417280.5957091
2025-11-05 14:11:00+09:00,74478086.5658746
2025-11-05 14:12:00+09:00,74665925.3718415
2025-11-05 14:13:00+09:00,74196328.35692427
2025-11-05 14:14:00+09:00,74759844.77482496
2025-11-05 14:15:00+09:00,74853764.1778084
2025-11-05 14:16:00+09:00,74947683.58079185
2025-11-05 14:17:00+09:00,74478086.5658746
2025-11-05 14:18:00+09:00,74384167.16289115
2025-11-05 14:19:00+09:00,74196328.35692425
2025-11-05 14:20:00+09:00,74196328.35692425
2025-11-05 14:21:00+09:00,73820650.74499045
2025-11-05 14:22:00+09:00,73632811.93902355
2025-11-05 14:23:00+09:00,74196328.35692425
2025-11-05 14:24:00+09:00,74478086.56587459
2025-11-05 14:25:00+09:00,74572005.96885805
2025-11-05 14:26:00+09:00,74290247.75990771
2025-11-05 14:27:00+09:00,74102408.95394081
2025-11-05 14:28:00+09:00,74102408.95394081
2025-11-05 14:29:00+09:00,74008489.55095735
2025-11-05 14:30:00+09:00,73632811.93902355
2025-11-05 14:31:00+09:00,73726731.342007
2025-11-05 14:32:00+09:00,73726731.342007
2025-11-05 14:33:00+09:00,73632811.93902355
2025-11-05 14:34:00+09:00,73820650.74499045
2025-11-05 14:35:00+09:00,73820650.74499045
2025-11-05 14:36:00+09:00,73914570.1479739
2025-11-05 14:37:00+09:00,74008489.55095735
2025-11-05 14:38:00+09:00,73914570.1479739
2025-11-05 14:39:00+09:00,74102408.9539408
2025-11-05 14:40:00+09:00,73820650.74499045
2025-11-05 14:41:00+09:00,74384167.16289113
2025-11-05 14:42:00+09:00,74384167.16289113
2025-11-05 14:43:00+09:00,74665925.37184149
2025-11-05 14:44:00+09:00,74665925.37184149
2025-11-05 14:45:00+09:00,74572005.96885805
2025-11-05 14:46:00+09:00,74478086.56587459
2025-11-05 14:47:00+09:00,74478086.56587459
2025-11-05 14:48:00+09:00,74290247.7599077
2025-11-05 14:49:00+09:00,74478086.56587459
2025-11-05 14:50:00+09:00,74384167.16289113
2025-11-05 14:51:00+09:00,74384167.16289113
2025-11-05 14:52:00+09:00,74853764.17780837
2025-11-05 14:53:00+09:00,75511199.99869251
2025-11-05 14:54:00+09:00,75417280.59570906
2025-11-05 14:55:00+09:00,75417280.59570906
2025-11-05 14:56:00+09:00,75088562.68526699
2025-11-05 14:57:00+09:00,74947683.58079182
2025-11-05 14:58:00+09:00,75041602.98377526
2025-11-05 14:59:00+09:00,74853764.17780836
2025-11-05 15:00:00+09:00,74853764.17780836
2025-11-05 15:01:00+09:00,74853764.17780836
2025-11-05 15:02:00+09:00,74853764.17780836
2025-11-05 15:03:00+09:00,74947683.5807918
2025-11-05 15:04:00+09:00,74478086.56587456
2025-11-05 15:05:00+09:00,74384167.1628911
2025-11-05 15:06:00+09:00,74196328.3569242
2025-11-05 15:07:00+09:00,73621334.98797894
2025-11-05 15:08:00+09:00,73621334.98797894
2025-11-05 15:09:00+09:00,73621334.98797894
2025-11-05 15:10:00+09:00,73621334.98797894
2025-11-05 15:11:00+09:00,73621334.98797894
2025-11-05 15:12:00+09:00,73621334.98797894
2025-11-05 15:13:00+09:00,73621334.98797894
2025-11-05 15:14:00+09:00,73621334.98797894
2025-11-05 15:15:00+09:00,73621334.98797894
2025-11-05 15:16:00+09:00,73621334.98797894
2025-11-05 15:17:00+09:00,73621334.98797894
2025-11-05 15:18:00+09:00,73621334.98797894
2025-11-05 15:19:00+09:00,73621334.98797894
2025-11-05 15:30:00+09:00,73621334.98797894
2025-11-05 15:35:00+09:00,73621334.98797894
2025-11-06 09:00:00+09:00,73621334.98797894
2025-11-06 09:01:00+09:00,73621334.98797894
2025-11-06 09:02:00+09:00,73621334.98797894
2025-11-06 09:03:00+09:00,73621334.98797894
2025-11-06 09:04:00+09:00,73621334.98797894
2025-11-06 09:05:00+09:00,73621334.98797894
2025-11-06 09:06:00+09:00,73621334.98797894
2025-11-06 09:07:00+09:00,73621334.98797894
2025-11-06 09:08:00+09:00,73621334.98797894
2025-11-06 09:09:00+09:00,73621334.98797894
2025-11-06 09:10:00+09:00,73621334.98797894
2025-11-06 09:11:00+09:00,73621334.98797894
2025-11-06 09:12:00+09:00,73621334.98797894
2025-11-06 09:13:00+09:00,73621334.98797894
2025-11-06 09:14:00+09:00,73621334.98797894
2025-11-06 09:15:00+09:00,73621334.98797894
2025-11-06 09:16:00+09:00,73621334.98797894
2025-11-06 09:17:00+09:00,73621334.98797894
2025-11-06 09:18:00+09:00,73621334.98797894
2025-11-06 09:19:00+09:00,73621334.98797894
2025-11-06 09:20:00+09:00,73621334.98797894
2025-11-06 09:21:00+09:00,73621334.98797894
2025-11-06 09:22:00+09:00,73621334.98797894
2025-11-06 09:23:00+09:00,73621334.98797894
2025-11-06 09:24:00+09:00,73621334.98797894
2025-11-06 09:25:00+09:00,73621334.98797894
2025-11-06 09:26:00+09:00,73621334.98797894
2025-11-06 09:27:00+09:00,73621334.98797894
2025-11-06 09:28:00+09:00,73621334.98797894
2025-11-06 09:29:00+09:00,73621334.98797894
2025-11-06 09:30:00+09:00,73621334.98797894
2025-11-06 09:31:00+09:00,73621334.98797894
2025-11-06 09:32:00+09:00,73621334.98797894
2025-11-06 09:33:00+09:00,73621334.98797894
2025-11-06 09:34:00+09:00,73621334.98797894
2025-11-06 09:35:00+09:00,73621334.98797894
2025-11-06 09:36:00+09:00,73621334.98797894
2025-11-06 09:37:00+09:00,73621334.98797894
2025-11-06 09:38:00+09:00,73621334.98797894
2025-11-06 09:39:00+09:00,73621334.98797894
2025-11-06 09:40:00+09:00,73621334.98797894
2025-11-06 09:41:00+09:00,73621334.98797894
2025-11-06 09:42:00+09:00,73621334.98797894
2025-11-06 09:43:00+09:00,73621334.98797894
2025-11-06 09:44:00+09:00,73621334.98797894
2025-11-06 09:45:00+09:00,73621334.98797894
2025-11-06 09:46:00+09:00,73621334.98797894
2025-11-06 09:47:00+09:00,73621334.98797894
2025-11-06 09:48:00+09:00,73621334.98797894
2025-11-06 09:49:00+09:00,73621334.98797894
2025-11-06 09:50:00+09:00,73621334.98797894
2025-11-06 09:51:00+09:00,73621334.98797894
2025-11-06 09:52:00+09:00,73621334.98797894
2025-11-06 09:53:00+09:00,73621334.98797894
2025-11-06 09:54:00+09:00,73621334.98797894
2025-11-06 09:55:00+09:00,73621334.98797894
2025-11-06 09:56:00+09:00,73621334.98797894
2025-11-06 09:57:00+09:00,73621334.98797894
2025-11-06 09:58:00+09:00,73621334.98797894
2025-11-06 09:59:00+09:00,73621334.98797894
2025-11-06 10:00:00+09:00,73621334.98797894
2025-11-06 10:01:00+09:00,73621334.98797894
2025-11-06 10:02:00+09:00,73621334.98797894
2025-11-06 10:03:00+09:00,73621334.98797894
2025-11-06 10:04:00+09:00,73621334.98797894
2025-11-06 10:05:00+09:00,73621334.98797894
2025-11-06 10:06:00+09:00,73621334.98797894
2025-11-06 10:07:00+09:00,73621334.98797894
2025-11-06 10:08:00+09:00,73621334.98797894
2025-11-06 10:09:00+09:00,73621334.98797894
2025-11-06 10:10:00+09:00,73621334.98797894
2025-11-06 10:11:00+09:00,73621334.98797894
2025-11-06 10:12:00+09:00,73621334.98797894
2025-11-06 10:13:00+09:00,73621334.98797894
2025-11-06 10:14:00+09:00,73621334.98797894
2025-11-06 10:15:00+09:00,73621334.98797894
2025-11-06 10:16:00+09:00,73621334.98797894
2025-11-06 10:17:00+09:00,73621334.98797894
2025-11-06 10:18:00+09:00,73621334.98797894
2025-11-06 10:19:00+09:00,73621334.98797894
2025-11-06 10:20:00+09:00,73621334.98797894
2025-11-06 10:21:00+09:00,73621334.98797894
2025-11-06 10:22:00+09:00,73621334.98797894
2025-11-06 10:23:00+09:00,73621334.98797894
2025-11-06 10:24:00+09:00,73621334.98797894
2025-11-06 10:25:00+09:00,73621334.98797894
2025-11-06 10:26:00+09:00,73621334.98797894
2025-11-06 10:27:00+09:00,73621334.98797894
2025-11-06 10:28:00+09:00,73621334.98797894
2025-11-06 10:29:00+09:00,73621334.98797894
2025-11-06 10:30:00+09:00,73621334.98797894
2025-11-06 10:31:00+09:00,73621334.98797894
2025-11-06 10:32:00+09:00,73621334.98797894
2025-11-06 10:33:00+09:00,73621334.98797894
2025-11-06 10:34:00+09:00,73621334.98797894
2025-11-06 10:35:00+09:00,73621334.98797894
2025-11-06 10:36:00+09:00,73621334.98797894
2025-11-06 10:37:00+09:00,73621334.98797894
2025-11-06 10:38:00+09:00,73621334.98797894
2025-11-06 10:39:00+09:00,73621334.98797894
2025-11-06 10:40:00+09:00,73621334.98797894
2025-11-06 10:41:00+09:00,73621334.98797894
2025-11-06 10:42:00+09:00,73621334.98797894
2025-11-06 10:43:00+09:00,73621334.98797894
2025-11-06 10:44:00+09:00,73621334.98797894
2025-11-06 10:45:00+09:00,73621334.98797894
2025-11-06 10:46:00+09:00,73621334.98797894
2025-11-06 10:47:00+09:00,73621334.98797894
2025-11-06 10:48:00+09:00,73621334.98797894
2025-11-06 10:49:00+09:00,73621334.98797894
2025-11-06 10:50:00+09:00,73621334.98797894
2025-11-06 10:51:00+09:00,73621334.98797894
2025-11-06 10:52:00+09:00,73621334.98797894
2025-11-06 10:53:00+09:00,73621334.98797894
2025-11-06 10:54:00+09:00,73621334.98797894
2025-11-06 10:55:00+09:00,73621334.98797894
2025-11-06 10:56:00+09:00,73621334.98797894
2025-11-06 10:57:00+09:00,73621334.98797894
2025-11-06 10:58:00+09:00,73621334.98797894
2025-11-06 10:59:00+09:00,73621334.98797894
2025-11-06 11:00:00+09:00,73621334.98797894
2025-11-06 11:01:00+09:00,73621334.98797894
2025-11-06 11:02:00+09:00,73621334.98797894
2025-11-06 11:03:00+09:00,73621334.98797894
2025-11-06 11:04:00+09:00,73621334.98797894
2025-11-06 11:05:00+09:00,73621334.98797894
2025-11-06 11:06:00+09:00,73621334.98797894
2025-11-06 11:07:00+09:00,73621334.98797894
2025-11-06 11:08:00+09:00,73621334.98797894
2025-11-06 11:09:00+09:00,73621334.98797894
2025-11-06 11:10:00+09:00,73621334.98797894
2025-11-06 11:11:00+09:00,73621334.98797894
2025-11-06 11:12:00+09:00,73621334.98797894
2025-11-06 11:13:00+09:00,73621334.98797894
2025-11-06 11:14:00+09:00,73621334.98797894
2025-11-06 11:15:00+09:00,73621334.98797894
2025-11-06 11:16:00+09:00,73621334.98797894
2025-11-06 11:17:00+09:00,73621334.98797894
2025-11-06 11:18:00+09:00,73621334.98797894
2025-11-06 11:19:00+09:00,73621334.98797894
2025-11-06 11:20:00+09:00,73621334.98797894
2025-11-06 11:21:00+09:00,73621334.98797894
2025-11-06 11:22:00+09:00,73621334.98797894
2025-11-06 11:23:00+09:00,73621334.98797894
2025-11-06 11:24:00+09:00,73621334.98797894
2025-11-06 11:25:00+09:00,73621334.98797894
2025-11-06 11:26:00+09:00,73621334.98797894
2025-11-06 11:27:00+09:00,73621334.98797894
2025-11-06 11:28:00+09:00,73621334.98797894
2025-11-06 11:29:00+09:00,73621334.98797894
2025-11-06 11:30:00+09:00,73621334.98797894
2025-11-06 11:31:00+09:00,73621334.98797894
2025-11-06 11:32:00+09:00,73621334.98797894
2025-11-06 11:33:00+09:00,73621334.98797894
2025-11-06 11:34:00+09:00,73621334.98797894
2025-11-06 11:35:00+09:00,73621334.98797894
2025-11-06 11:36:00+09:00,73621334.98797894
2025-11-06 11:37:00+09:00,73621334.98797894
2025-11-06 11:38:00+09:00,73621334.98797894
2025-11-06 11:39:00+09:00,73621334.98797894
2025-11-06 11:40:00+09:00,73621334.98797894
2025-11-06 11:41:00+09:00,73621334.98797894
2025-11-06 11:42:00+09:00,73621334.98797894
2025-11-06 11:43:00+09:00,73621334.98797894
2025-11-06 11:44:00+09:00,73621334.98797894
2025-11-06 11:45:00+09:00,73591886.45398375
2025-11-06 11:46:00+09:00,73788656.20386072
2025-11-06 11:47:00+09:00,73887041.0787992
2025-11-06 11:48:00+09:00,73788656.20386073
2025-11-06 11:49:00+09:00,73985425.95373769
2025-11-06 11:50:00+09:00,73985425.95373769
2025-11-06 11:51:00+09:00,74083810.82867616
2025-11-06 11:52:00+09:00,74182195.70361465
2025-11-06 11:53:00+09:00,73788656.20386073
2025-11-06 11:54:00+09:00,73887041.07879922
2025-11-06 11:55:00+09:00,73985425.9537377
2025-11-06 11:56:00+09:00,74083810.82867618
2025-11-06 11:57:00+09:00,74182195.70361467
2025-11-06 11:58:00+09:00,74083810.8286762
2025-11-06 11:59:00+09:00,73985425.9537377
2025-11-06 12:00:00+09:00,73985425.9537377
2025-11-06 12:01:00+09:00,74182195.70361467
2025-11-06 12:02:00+09:00,74182195.70361467
2025-11-06 12:03:00+09:00,73887041.07879922
2025-11-06 12:04:00+09:00,73788656.20386074
2025-11-06 12:05:00+09:00,73591886.45398378
2025-11-06 12:06:00+09:00,73690271.32892226
2025-11-06 12:07:00+09:00,73491307.59633416
2025-11-06 12:08:00+09:00,73491307.59633416
2025-11-06 12:09:00+09:00,73491307.59633416
2025-11-06 12:10:00+09:00,73491307.59633416
2025-11-06 12:11:00+09:00,73491307.59633416
2025-11-06 12:12:00+09:00,73491307.59633416
2025-11-06 12:13:00+09:00,73491307.59633416
2025-11-06 12:14:00+09:00,73491307.59633416
2025-11-06 12:15:00+09:00,73491307.59633416
2025-11-06 12:16:00+09:00,73491307.59633416
2025-11-06 12:17:00+09:00,73491307.59633416
2025-11-06 12:18:00+09:00,73461911.07329562
2025-11-06 12:19:00+09:00,73170780.64632086
2025-11-06 12:20:00+09:00,73267824.12197912
2025-11-06 12:21:00+09:00,73267824.12197912
2025-11-06 12:22:00+09:00,73267824.12197912
2025-11-06 12:23:00+09:00,73364867.59763737
2025-11-06 12:24:00+09:00,73461911.07329562
2025-11-06 12:25:00+09:00,73364867.59763737
2025-11-06 12:26:00+09:00,73267824.12197912
2025-11-06 12:27:00+09:00,73170780.64632086
2025-11-06 12:28:00+09:00,73073737.17066261
2025-11-06 12:29:00+09:00,73073737.17066261
2025-11-06 12:30:00+09:00,73170780.64632086
2025-11-06 12:31:00+09:00,73073737.17066261
2025-11-06 12:32:00+09:00,73073737.17066261
2025-11-06 12:33:00+09:00,73267824.12197912
2025-11-06 12:34:00+09:00,73267824.12197912
2025-11-06 12:35:00+09:00,73364867.59763737
2025-11-06 12:36:00+09:00,73364867.59763737
2025-11-06 12:37:00+09:00,72976693.69500436
2025-11-06 12:38:00+09:00,73073737.17066261
2025-11-06 12:39:00+09:00,72973219.5385758
2025-11-06 12:40:00+09:00,72973219.5385758
2025-11-06 12:41:00+09:00,72973219.5385758
2025-11-06 12:42:00+09:00,72973219.5385758
2025-11-06 12:43:00+09:00,72973219.5385758
2025-11-06 12:44:00+09:00,72973219.5385758
2025-11-06 12:45:00+09:00,72973219.5385758
2025-11-06 12:46:00+09:00,72973219.5385758
2025-11-06 12:47:00+09:00,72973219.5385758
2025-11-06 12:48:00+09:00,72973219.5385758
2025-11-06 12:49:00+09:00,72973219.5385758
2025-11-06 12:50:00+09:00,72973219.5385758
2025-11-06 12:51:00+09:00,72973219.5385758
2025-11-06 12:52:00+09:00,72973219.5385758
2025-11-06 12:53:00+09:00,72973219.5385758
2025-11-06 12:54:00+09:00,72973219.5385758
2025-11-06 12:55:00+09:00,72973219.5385758
2025-11-06 12:56:00+09:00,72973219.5385758
2025-11-06 12:57:00+09:00,72973219.5385758
2025-11-06 12:58:00+09:00,72973219.5385758
2025-11-06 12:59:00+09:00,72973219.5385758
2025-11-06 13:00:00+09:00,72973219.5385758
2025-11-06 13:01:00+09:00,72973219.5385758
2025-11-06 13:02:00+09:00,72973219.5385758
2025-11-06 13:03:00+09:00,72973219.5385758
2025-11-06 13:04:00+09:00,72973219.5385758
2025-11-06 13:05:00+09:00,72973219.5385758
2025-11-06 13:06:00+09:00,72973219.5385758
2025-11-06 13:07:00+09:00,72973219.5385758
2025-11-06 13:08:00+09:00,72973219.5385758
2025-11-06 13:09:00+09:00,72973219.5385758
2025-11-06 13:10:00+09:00,72973219.5385758
2025-11-06 13:11:00+09:00,72973219.5385758
2025-11-06 13:12:00+09:00,72973219.5385758
2025-11-06 13:13:00+09:00,72973219.5385758
2025-11-06 13:14:00+09:00,72973219.5385758
2025-11-06 13:15:00+09:00,72973219.5385758
2025-11-06 13:16:00+09:00,72973219.5385758
2025-11-06 13:17:00+09:00,72973219.5385758
2025-11-06 13:18:00+09:00,72973219.5385758
2025-11-06 13:19:00+09:00,72973219.5385758
2025-11-06 13:20:00+09:00,72973219.5385758
2025-11-06 13:21:00+09:00,72973219.5385758
2025-11-06 13:22:00+09:00,72973219.5385758
2025-11-06 13:23:00+09:00,72973219.5385758
2025-11-06 13:24:00+09:00,72973219.5385758
2025-11-06 13:25:00+09:00,72973219.5385758
2025-11-06 13:26:00+09:00,72973219.5385758
2025-11-06 13:27:00+09:00,72973219.5385758
2025-11-06 13:28:00+09:00,72973219.5385758
2025-11-06 13:29:00+09:00,72973219.5385758
2025-11-06 13:30:00+09:00,72973219.5385758
2025-11-06 13:31:00+09:00,72973219.5385758
2025-11-06 13:32:00+09:00,72973219.5385758
2025-11-06 13:33:00+09:00,72973219.5385758
2025-11-06 13:34:00+09:00,72973219.5385758
2025-11-06 13:35:00+09:00,72973219.5385758
2025-11-06 13:36:00+09:00,72973219.5385758
2025-11-06 13:37:00+09:00,72973219.5385758
2025-11-06 13:38:00+09:00,72973219.5385758
2025-11-06 13:39:00+09:00,72973219.5385758
2025-11-06 13:40:00+09:00,72973219.5385758
2025-11-06 13:41:00+09:00,72973219.5385758
2025-11-06 13:42:00+09:00,72973219.5385758
2025-11-06 13:43:00+09:00,72973219.5385758
2025-11-06 13:44:00+09:00,72973219.5385758
2025-11-06 13:45:00+09:00,72973219.5385758
2025-11-06 13:46:00+09:00,72973219.5385758
2025-11-06 13:47:00+09:00,72973219.5385758
2025-11-06 13:48:00+09:00,72973219.5385758
2025-11-06 13:49:00+09:00,72973219.5385758
2025-11-06 13:50:00+09:00,72973219.5385758
2025-11-06 13:51:00+09:00,72973219.5385758
2025-11-06 13:52:00+09:00,72973219.5385758
2025-11-06 13:53:00+09:00,72973219.5385758
2025-11-06 13:54:00+09:00,72973219.5385758
2025-11-06 13:55:00+09:00,72973219.5385758
2025-11-06 13:56:00+09:00,72973219.5385758
2025-11-06 13:57:00+09:00,72973219.5385758
2025-11-06 13:58:00+09:00,72973219.5385758
2025-11-06 13:59:00+09:00,72973219.5385758
2025-11-06 14:00:00+09:00,72973219.5385758
2025-11-06 14:01:00+09:00,72973219.5385758
2025-11-06 14:02:00+09:00,72973219.5385758
2025-11-06 14:03:00+09:00,72973219.5385758
2025-11-06 14:04:00+09:00,72973219.5385758
2025-11-06 14:05:00+09:00,72973219.5385758
2025-11-06 14:06:00+09:00,72973219.5385758
2025-11-06 14:07:00+09:00,72973219.5385758
2025-11-06 14:08:00+09:00,72973219.5385758
2025-11-06 14:09:00+09:00,72973219.5385758
2025-11-06 14:10:00+09:00,72973219.5385758
2025-11-06 14:11:00+09:00,72973219.5385758
2025-11-06 14:12:00+09:00,72973219.5385758
2025-11-06 14:13:00+09:00,72973219.5385758
2025-11-06 14:14:00+09:00,72973219.5385758
2025-11-06 14:15:00+09:00,72973219.5385758
2025-11-06 14:16:00+09:00,72973219.5385758
2025-11-06 14:17:00+09:00,72973219.5385758
2025-11-06 14:18:00+09:00,72973219.5385758
2025-11-06 14:19:00+09:00,72973219.5385758
2025-11-06 14:20:00+09:00,72973219.5385758
2025-11-06 14:21:00+09:00,72973219.5385758
2025-11-06 14:22:00+09:00,72973219.5385758
2025-11-06 14:23:00+09:00,72973219.5385758
2025-11-06 14:24:00+09:00,72973219.5385758
2025-11-06 14:25:00+09:00,72973219.5385758
2025-11-06 14:26:00+09:00,72973219.5385758
2025-11-06 14:27:00+09:00,72973219.5385758
2025-11-06 14:28:00+09:00,72973219.5385758
2025-11-06 14:29:00+09:00,72973219.5385758
2025-11-06 14:30:00+09:00,72973219.5385758
2025-11-06 14:31:00+09:00,72973219.5385758
2025-11-06 14:32:00+09:00,72973219.5385758
2025-11-06 14:33:00+09:00,72973219.5385758
2025-11-06 14:34:00+09:00,72973219.5385758
2025-11-06 14:35:00+09:00,72973219.5385758
2025-11-06 14:36:00+09:00,72973219.5385758
2025-11-06 14:37:00+09:00,72973219.5385758
2025-11-06 14:38:00+09:00,72973219.5385758
2025-11-06 14:39:00+09:00,72973219.5385758
2025-11-06 14:40:00+09:00,72973219.5385758
2025-11-06 14:41:00+09:00,72973219.5385758
2025-11-06 14:42:00+09:00,72973219.5385758
2025-11-06 14:43:00+09:00,72973219.5385758
2025-11-06 14:44:00+09:00,72973219.5385758
2025-11-06 14:45:00+09:00,72973219.5385758
2025-11-06 14:46:00+09:00,72973219.5385758
2025-11-06 14:47:00+09:00,72973219.5385758
2025-11-06 14:48:00+09:00,72973219.5385758
2025-11-06 14:49:00+09:00,72973219.5385758
2025-11-06 14:50:00+09:00,72973219.5385758
2025-11-06 14:51:00+09:00,72973219.5385758
2025-11-06 14:52:00+09:00,72973219.5385758
2025-11-06 14:53:00+09:00,72973219.5385758
2025-11-06 14:54:00+09:00,72973219.5385758
2025-11-06 14:55:00+09:00,72973219.5385758
2025-11-06 14:56:00+09:00,72973219.5385758
2025-11-06 14:57:00+09:00,72973219.5385758
2025-11-06 14:58:00+09:00,72973219.5385758
2025-11-06 14:59:00+09:00,72973219.5385758
2025-11-06 15:00:00+09:00,72973219.5385758
2025-11-06 15:01:00+09:00,72973219.5385758
2025-11-06 15:02:00+09:00,72973219.5385758
2025-11-06 15:03:00+09:00,72973219.5385758
2025-11-06 15:04:00+09:00,72973219.5385758
2025-11-06 15:05:00+09:00,72973219.5385758
2025-11-06 15:06:00+09:00,72973219.5385758
2025-11-06 15:07:00+09:00,72973219.5385758
2025-11-06 15:08:00+09:00,72973219.5385758
2025-11-06 15:09:00+09:00,72973219.5385758
2025-11-06 15:10:00+09:00,72973219.5385758
2025-11-06 15:11:00+09:00,72973219.5385758
2025-11-06 15:12:00+09:00,72973219.5385758
2025-11-06 15:13:00+09:00,72973219.5385758
2025-11-06 15:14:00+09:00,72973219.5385758
2025-11-06 15:15:00+09:00,72973219.5385758
2025-11-06 15:16:00+09:00,72973219.5385758
2025-11-06 15:17:00+09:00,72973219.5385758
2025-11-06 15:18:00+09:00,72973219.5385758
2025-11-06 15:19:00+09:00,72973219.5385758
2025-11-06 15:30:00+09:00,72973219.5385758
2025-11-06 15:35:00+09:00,72973219.5385758
2025-11-07 09:00:00+09:00,72973219.5385758
2025-11-07 09:01:00+09:00,72973219.5385758
2025-11-07 09:02:00+09:00,72973219.5385758
2025-11-07 09:03:00+09:00,72973219.5385758
2025-11-07 09:04:00+09:00,72973219.5385758
2025-11-07 09:05:00+09:00,72973219.5385758
2025-11-07 09:06:00+09:00,72973219.5385758
2025-11-07 09:07:00+09:00,72973219.5385758
2025-11-07 09:08:00+09:00,72973219.5385758
2025-11-07 09:09:00+09:00,72973219.5385758
2025-11-07 09:10:00+09:00,72973219.5385758
2025-11-07 09:11:00+09:00,72973219.5385758
2025-11-07 09:12:00+09:00,72973219.5385758
2025-11-07 09:13:00+09:00,72973219.5385758
2025-11-07 09:14:00+09:00,72973219.5385758
2025-11-07 09:15:00+09:00,72973219.5385758
2025-11-07 09:16:00+09:00,72973219.5385758
2025-11-07 09:17:00+09:00,72973219.5385758
2025-11-07 09:18:00+09:00,72973219.5385758
2025-11-07 09:19:00+09:00,72973219.5385758
2025-11-07 09:20:00+09:00,72973219.5385758
2025-11-07 09:21:00+09:00,72973219.5385758
2025-11-07 09:22:00+09:00,72973219.5385758
2025-11-07 09:23:00+09:00,72973219.5385758
2025-11-07 09:24:00+09:00,72973219.5385758
2025-11-07 09:25:00+09:00,72973219.5385758
2025-11-07 09:26:00+09:00,72973219.5385758
2025-11-07 09:27:00+09:00,72973219.5385758
2025-11-07 09:28:00+09:00,72973219.5385758
2025-11-07 09:29:00+09:00,72973219.5385758
2025-11-07 09:30:00+09:00,72944030.25076038
2025-11-07 09:31:00+09:00,72944030.25076038
2025-11-07 09:32:00+09:00,73043409.03856796
2025-11-07 09:33:00+09:00,73242166.61418311
2025-11-07 09:34:00+09:00,73242166.61418311
2025-11-07 09:35:00+09:00,73242166.61418311
2025-11-07 09:36:00+09:00,73242166.61418311
2025-11-07 09:37:00+09:00,73341545.4019907
2025-11-07 09:38:00+09:00,73440924.18979827
2025-11-07 09:39:00+09:00,73540302.97760585
2025-11-07 09:40:00+09:00,73639681.76541343
2025-11-07 09:41:00+09:00,73639681.76541343
2025-11-07 09:42:00+09:00,73341545.4019907
2025-11-07 09:43:00+09:00,73440924.18979827
2025-11-07 09:44:00+09:00,73440924.18979827
2025-11-07 09:45:00+09:00,73341545.4019907
2025-11-07 09:46:00+09:00,73341545.4019907
2025-11-07 09:47:00+09:00,73242166.61418313
2025-11-07 09:48:00+09:00,73043409.03856798
2025-11-07 09:49:00+09:00,72844651.46295282
2025-11-07 09:50:00+09:00,72546515.0995301
2025-11-07 09:51:00+09:00,72745272.67514525
2025-11-07 09:52:00+09:00,72745272.67514525
2025-11-07 09:53:00+09:00,72745272.67514525
2025-11-07 09:54:00+09:00,72745272.67514525
2025-11-07 09:55:00+09:00,72546515.0995301
2025-11-07 09:56:00+09:00,72645893.88733768
2025-11-07 09:57:00+09:00,72350639.50876136
2025-11-07 09:58:00+09:00,72350639.50876136
2025-11-07 09:59:00+09:00,72350639.50876136
2025-11-07 10:00:00+09:00,72350639.50876136
2025-11-07 10:01:00+09:00,72350639.50876136
2025-11-07 10:02:00+09:00,72350639.50876136
2025-11-07 10:03:00+09:00,72350639.50876136
2025-11-07 10:04:00+09:00,72350639.50876136
2025-11-07 10:05:00+09:00,72350639.50876136
2025-11-07 10:06:00+09:00,72350639.50876136
2025-11-07 10:07:00+09:00,72350639.50876136
2025-11-07 10:08:00+09:00,72350639.50876136
2025-11-07 10:09:00+09:00,72350639.50876136
2025-11-07 10:10:00+09:00,72350639.50876136
2025-11-07 10:11:00+09:00,72350639.50876136
2025-11-07 10:12:00+09:00,72350639.50876136
2025-11-07 10:13:00+09:00,72350639.50876136
2025-11-07 10:14:00+09:00,72350639.50876136
2025-11-07 10:15:00+09:00,72350639.50876136
2025-11-07 10:16:00+09:00,72350639.50876136
2025-11-07 10:17:00+09:00,72350639.50876136
2025-11-07 10:18:00+09:00,72350639.50876136
2025-11-07 10:19:00+09:00,72350639.50876136
2025-11-07 10:20:00+09:00,72350639.50876136
2025-11-07 10:21:00+09:00,72350639.50876136
2025-11-07 10:22:00+09:00,72350639.50876136
2025-11-07 10:23:00+09:00,72350639.50876136
2025-11-07 10:24:00+09:00,72350639.50876136
2025-11-07 10:25:00+09:00,72350639.50876136
2025-11-07 10:26:00+09:00,72350639.50876136
2025-11-07 10:27:00+09:00,72350639.50876136
2025-11-07 10:28:00+09:00,72350639.50876136
2025-11-07 10:29:00+09:00,72321699.25295787
2025-11-07 10:30:00+09:00,72028898.85112402
2025-11-07 10:31:00+09:00,71931298.7171794
2025-11-07 10:32:00+09:00,71638498.31534557
2025-11-07 10:33:00+09:00,71443298.04745634
2025-11-07 10:34:00+09:00,71055727.91556227
2025-11-07 10:35:00+09:00,71055727.91556227
2025-11-07 10:36:00+09:00,71055727.91556227
2025-11-07 10:37:00+09:00,71055727.91556227
2025-11-07 10:38:00+09:00,71055727.91556227
2025-11-07 10:39:00+09:00,71055727.91556227
2025-11-07 10:40:00+09:00,71055727.91556227
2025-11-07 10:41:00+09:00,71055727.91556227
2025-11-07 10:42:00+09:00,71055727.91556227
2025-11-07 10:43:00+09:00,71055727.91556227
2025-11-07 10:44:00+09:00,71055727.91556227
2025-11-07 10:45:00+09:00,71055727.91556227
2025-11-07 10:46:00+09:00,71055727.91556227
2025-11-07 10:47:00+09:00,71055727.91556227
2025-11-07 10:48:00+09:00,71055727.91556227
2025-11-07 10:49:00+09:00,71055727.91556227
2025-11-07 10:50:00+09:00,71055727.91556227
2025-11-07 10:51:00+09:00,71055727.91556227
2025-11-07 10:52:00+09:00,71055727.91556227
2025-11-07 10:53:00+09:00,71055727.91556227
2025-11-07 10:54:00+09:00,71055727.91556227
2025-11-07 10:55:00+09:00,71055727.91556227
2025-11-07 10:56:00+09:00,71055727.91556227
2025-11-07 10:57:00+09:00,71055727.91556227
2025-11-07 10:58:00+09:00,71055727.91556227
2025-11-07 10:59:00+09:00,71055727.91556227
2025-11-07 11:00:00+09:00,71055727.91556227
2025-11-07 11:01:00+09:00,71055727.91556227
2025-11-07 11:02:00+09:00,71055727.91556227
2025-11-07 11:03:00+09:00,71027305.62439606
2025-11-07 11:04:00+09:00,70549971.58122136
2025-11-07 11:05:00+09:00,70645438.38985631
2025-11-07 11:06:00+09:00,70263571.15531655
2025-11-07 11:07:00+09:00,70454504.77258644
2025-11-07 11:08:00+09:00,70263571.15531655
2025-11-07 11:09:00+09:00,70263571.15531655
2025-11-07 11:10:00+09:00,70263571.15531655
2025-11-07 11:11:00+09:00,70359037.96395148
2025-11-07 11:12:00+09:00,70263571.15531655
2025-11-07 11:13:00+09:00,70263571.15531655
2025-11-07 11:14:00+09:00,69881703.92077678
2025-11-07 11:15:00+09:00,69977170.72941174
2025-11-07 11:16:00+09:00,69883441.41669394
2025-11-07 11:17:00+09:00,69883441.41669394
2025-11-07 11:18:00+09:00,69883441.41669394
2025-11-07 11:19:00+09:00,69883441.41669394
2025-11-07 11:20:00+09:00,69883441.41669394
2025-11-07 11:21:00+09:00,69883441.41669394
2025-11-07 11:22:00+09:00,69883441.41669394
2025-11-07 11:23:00+09:00,69883441.41669394
2025-11-07 11:24:00+09:00,69883441.41669394
2025-11-07 11:25:00+09:00,69883441.41669394
2025-11-07 11:26:00+09:00,69883441.41669394
2025-11-07 11:27:00+09:00,69883441.41669394
2025-11-07 11:28:00+09:00,69883441.41669394
2025-11-07 11:29:00+09:00,69883441.41669394
2025-11-07 11:30:00+09:00,69883441.41669394
2025-11-07 11:31:00+09:00,69883441.41669394
2025-11-07 11:32:00+09:00,69883441.41669394
2025-11-07 11:33:00+09:00,69883441.41669394
2025-11-07 11:34:00+09:00,69883441.41669394
2025-11-07 11:35:00+09:00,69883441.41669394
2025-11-07 11:36:00+09:00,69883441.41669394
2025-11-07 11:37:00+09:00,69883441.41669394
2025-11-07 11:38:00+09:00,69883441.41669394
2025-11-07 11:39:00+09:00,69883441.41669394
2025-11-07 11:40:00+09:00,69883441.41669394
2025-11-07 11:41:00+09:00,69883441.41669394
2025-11-07 11:42:00+09:00,69883441.41669394
2025-11-07 11:43:00+09:00,69883441.41669394
2025-11-07 11:44:00+09:00,69883441.41669394
2025-11-07 11:45:00+09:00,69883441.41669394
2025-11-07 11:46:00+09:00,69883441.41669394
2025-11-07 11:47:00+09:00,69883441.41669394
2025-11-07 11:48:00+09:00,69883441.41669394
2025-11-07 11:49:00+09:00,69883441.41669394
2025-11-07 11:50:00+09:00,69883441.41669394
2025-11-07 11:51:00+09:00,69883441.41669394
2025-11-07 11:52:00+09:00,69883441.41669394
2025-11-07 11:53:00+09:00,69883441.41669394
2025-11-07 11:54:00+09:00,69883441.41669394
2025-11-07 11:55:00+09:00,69883441.41669394
2025-11-07 11:56:00+09:00,69883441.41669394
2025-11-07 11:57:00+09:00,69883441.41669394
2025-11-07 11:58:00+09:00,69883441.41669394
2025-11-07 11:59:00+09:00,69883441.41669394
2025-11-07 12:00:00+09:00,69883441.41669394
2025-11-07 12:01:00+09:00,69883441.41669394
2025-11-07 12:02:00+09:00,69883441.41669394
2025-11-07 12:03:00+09:00,69883441.41669394
2025-11-07 12:04:00+09:00,69883441.41669394
2025-11-07 12:05:00+09:00,69883441.41669394
2025-11-07 12:06:00+09:00,69883441.41669394
2025-11-07 12:07:00+09:00,69883441.41669394
2025-11-07 12:08:00+09:00,69883441.41669394
2025-11-07 12:09:00+09:00,69883441.41669394
2025-11-07 12:10:00+09:00,69883441.41669394
2025-11-07 12:11:00+09:00,69883441.41669394
2025-11-07 12:12:00+09:00,69883441.41669394
2025-11-07 12:13:00+09:00,69883441.41669394
2025-11-07 12:14:00+09:00,69883441.41669394
2025-11-07 12:15:00+09:00,69883441.41669394
2025-11-07 12:16:00+09:00,69883441.41669394
2025-11-07 12:17:00+09:00,69883441.41669394
2025-11-07 12:18:00+09:00,69883441.41669394
2025-11-07 12:19:00+09:00,69883441.41669394
2025-11-07 12:20:00+09:00,69883441.41669394
2025-11-07 12:21:00+09:00,69883441.41669394
2025-11-07 12:22:00+09:00,69883441.41669394
2025-11-07 12:23:00+09:00,69883441.41669394
2025-11-07 12:24:00+09:00,69883441.41669394
2025-11-07 12:25:00+09:00,69883441.41669394
2025-11-07 12:26:00+09:00,69883441.41669394
2025-11-07 12:27:00+09:00,69883441.41669394
2025-11-07 12:28:00+09:00,69883441.41669394
2025-11-07 12:29:00+09:00,69883441.41669394
2025-11-07 12:30:00+09:00,69883441.41669394
2025-11-07 12:31:00+09:00,69883441.41669394
2025-11-07 12:32:00+09:00,69883441.41669394
2025-11-07 12:33:00+09:00,69883441.41669394
2025-11-07 12:34:00+09:00,69883441.41669394
2025-11-07 12:35:00+09:00,69883441.41669394
2025-11-07 12:36:00+09:00,69883441.41669394
2025-11-07 12:37:00+09:00,69883441.41669394
2025-11-07 12:38:00+09:00,69883441.41669394
2025-11-07 12:39:00+09:00,69883441.41669394
2025-11-07 12:40:00+09:00,69883441.41669394
2025-11-07 12:41:00+09:00,69883441.41669394
2025-11-07 12:42:00+09:00,69883441.41669394
2025-11-07 12:43:00+09:00,69883441.41669394
2025-11-07 12:44:00+09:00,69883441.41669394
2025-11-07 12:46:00+09:00,69883441.41669394
2025-11-07 12:47:00+09:00,69883441.41669394
2025-11-07 12:48:00+09:00,69883441.41669394
2025-11-07 12:49:00+09:00,69883441.41669394
2025-11-07 12:50:00+09:00,69883441.41669394
2025-11-07 12:51:00+09:00,69883441.41669394
2025-11-07 12:52:00+09:00,69883441.41669394
2025-11-07 12:53:00+09:00,69883441.41669394
2025-11-07 12:54:00+09:00,69883441.41669394
2025-11-07 12:55:00+09:00,69883441.41669394
2025-11-07 12:56:00+09:00,69883441.41669394
2025-11-07 12:57:00+09:00,69883441.41669394
2025-11-07 12:58:00+09:00,69883441.41669394
2025-11-07 12:59:00+09:00,69883441.41669394
2025-11-07 13:00:00+09:00,69883441.41669394
2025-11-07 13:01:00+09:00,69883441.41669394
2025-11-07 13:02:00+09:00,69883441.41669394
2025-11-07 13:03:00+09:00,69883441.41669394
2025-11-07 13:04:00+09:00,69883441.41669394
2025-11-07 13:05:00+09:00,69883441.41669394
2025-11-07 13:06:00+09:00,69883441.41669394
2025-11-07 13:07:00+09:00,69883441.41669394
2025-11-07 13:08:00+09:00,69883441.41669394
2025-11-07 13:09:00+09:00,69883441.41669394
2025-11-07 13:10:00+09:00,69883441.41669394
2025-11-07 13:11:00+09:00,69883441.41669394
2025-11-07 13:12:00+09:00,69883441.41669394
2025-11-07 13:13:00+09:00,69883441.41669394
2025-11-07 13:14:00+09:00,69883441.41669394
2025-11-07 13:15:00+09:00,69883441.41669394
2025-11-07 13:16:00+09:00,69883441.41669394
2025-11-07 13:17:00+09:00,69883441.41669394
2025-11-07 13:18:00+09:00,69883441.41669394
2025-11-07 13:19:00+09:00,69883441.41669394
2025-11-07 13:20:00+09:00,69883441.41669394
2025-11-07 13:21:00+09:00,69883441.41669394
2025-11-07 13:22:00+09:00,69883441.41669394
2025-11-07 13:23:00+09:00,69883441.41669394
2025-11-07 13:24:00+09:00,69883441.41669394
2025-11-07 13:25:00+09:00,69883441.41669394
2025-11-07 13:26:00+09:00,69883441.41669394
2025-11-07 13:27:00+09:00,69883441.41669394
2025-11-07 13:28:00+09:00,69883441.41669394
2025-11-07 13:29:00+09:00,69883441.41669394
2025-11-07 13:30:00+09:00,69883441.41669394
2025-11-07 13:31:00+09:00,69883441.41669394
2025-11-07 13:32:00+09:00,69883441.41669394
2025-11-07 13:33:00+09:00,69883441.41669394
2025-11-07 13:34:00+09:00,69883441.41669394
2025-11-07 13:35:00+09:00,69883441.41669394
2025-11-07 13:36:00+09:00,69883441.41669394
2025-11-07 13:37:00+09:00,69883441.41669394
2025-11-07 13:38:00+09:00,69883441.41669394
2025-11-07 13:39:00+09:00,69883441.41669394
2025-11-07 13:40:00+09:00,69883441.41669394
2025-11-07 13:41:00+09:00,69883441.41669394
2025-11-07 13:42:00+09:00,69883441.41669394
2025-11-07 13:43:00+09:00,69883441.41669394
2025-11-07 13:44:00+09:00,69883441.41669394
2025-11-07 13:45:00+09:00,69883441.41669394
2025-11-07 13:46:00+09:00,69883441.41669394
2025-11-07 13:47:00+09:00,69883441.41669394
2025-11-07 13:48:00+09:00,69883441.41669394
2025-11-07 13:49:00+09:00,69883441.41669394
2025-11-07 13:50:00+09:00,69883441.41669394
2025-11-07 13:51:00+09:00,69883441.41669394
2025-11-07 13:52:00+09:00,69883441.41669394
2025-11-07 13:53:00+09:00,69883441.41669394
2025-11-07 13:54:00+09:00,69883441.41669394
2025-11-07 13:55:00+09:00,69883441.41669394
2025-11-07 13:56:00+09:00,69883441.41669394
2025-11-07 13:57:00+09:00,69883441.41669394
2025-11-07 13:58:00+09:00,69883441.41669394
2025-11-07 13:59:00+09:00,69855488.04012726
2025-11-07 14:00:00+09:00,69757514.00360534
2025-11-07 14:01:00+09:00,69757514.00360534
2025-11-07 14:02:00+09:00,69855488.04012725
2025-11-07 14:03:00+09:00,70149410.14969301
2025-11-07 14:04:00+09:00,70051436.1131711
2025-11-07 14:05:00+09:00,70345358.22273685
2025-11-07 14:06:00+09:00,70247384.18621494
2025-11-07 14:07:00+09:00,70541306.29578069
2025-11-07 14:08:00+09:00,70443332.25925878
2025-11-07 14:09:00+09:00,70541306.29578069
2025-11-07 14:10:00+09:00,70443332.25925878
2025-11-07 14:11:00+09:00,70443332.25925878
2025-11-07 14:12:00+09:00,70541306.29578069
2025-11-07 14:13:00+09:00,70639280.3323026
2025-11-07 14:14:00+09:00,70541306.29578069
2025-11-07 14:15:00+09:00,70345358.22273685
2025-11-07 14:16:00+09:00,70345358.22273685
2025-11-07 14:17:00+09:00,70247384.18621494
2025-11-07 14:18:00+09:00,70443332.25925876
2025-11-07 14:19:00+09:00,70737254.36882451
2025-11-07 14:20:00+09:00,70737254.36882451
2025-11-07 14:21:00+09:00,70639280.3323026
2025-11-07 14:22:00+09:00,70639280.3323026
2025-11-07 14:23:00+09:00,70541306.29578069
2025-11-07 14:24:00+09:00,70443332.25925878
2025-11-07 14:25:00+09:00,70443332.25925878
2025-11-07 14:26:00+09:00,70443332.25925878
2025-11-07 14:27:00+09:00,70345358.22273687
2025-11-07 14:28:00+09:00,70345358.22273687
2025-11-07 14:29:00+09:00,70345358.22273687
2025-11-07 14:30:00+09:00,70345358.22273687
2025-11-07 14:31:00+09:00,70345358.22273687
2025-11-07 14:32:00+09:00,70443332.25925878
2025-11-07 14:33:00+09:00,70541306.29578069
2025-11-07 14:34:00+09:00,70737254.36882453
2025-11-07 14:35:00+09:00,70737254.36882453
2025-11-07 14:36:00+09:00,70835228.40534645
2025-11-07 14:37:00+09:00,71031176.47839029
2025-11-07 14:38:00+09:00,71129150.51491222
2025-11-07 14:39:00+09:00,71031176.4783903
2025-11-07 14:40:00+09:00,71031176.4783903
2025-11-07 14:41:00+09:00,71031176.4783903
2025-11-07 14:42:00+09:00,71031176.4783903
2025-11-07 14:43:00+09:00,71129150.51491223
2025-11-07 14:44:00+09:00,70933202.4418684
2025-11-07 14:45:00+09:00,71129150.51491223
2025-11-07 14:46:00+09:00,71129150.51491223
2025-11-07 14:47:00+09:00,71031176.47839032
2025-11-07 14:48:00+09:00,71129150.51491225
2025-11-07 14:49:00+09:00,71227124.55143416
2025-11-07 14:50:00+09:00,71129150.51491225
2025-11-07 14:51:00+09:00,71031176.47839034
2025-11-07 14:52:00+09:00,71031176.47839034
2025-11-07 14:53:00+09:00,70835228.4053465
2025-11-07 14:54:00+09:00,70835228.4053465
2025-11-07 14:55:00+09:00,70835228.4053465
2025-11-07 14:56:00+09:00,70835228.4053465
2025-11-07 14:57:00+09:00,70639280.33230266
2025-11-07 14:58:00+09:00,70541306.29578075
2025-11-07 14:59:00+09:00,70835228.4053465
2025-11-07 15:00:00+09:00,70546263.78202876
2025-11-07 15:01:00+09:00,70546263.78202876
2025-11-07 15:02:00+09:00,70546263.78202876
2025-11-07 15:03:00+09:00,70546263.78202876
2025-11-07 15:04:00+09:00,70546263.78202876
2025-11-07 15:05:00+09:00,70546263.78202876
2025-11-07 15:06:00+09:00,70546263.78202876
2025-11-07 15:07:00+09:00,70546263.78202876
2025-11-07 15:08:00+09:00,70546263.78202876
2025-11-07 15:09:00+09:00,70546263.78202876
2025-11-07 15:10:00+09:00,70546263.78202876
2025-11-07 15:11:00+09:00,70546263.78202876
2025-11-07 15:12:00+09:00,70546263.78202876
2025-11-07 15:13:00+09:00,70546263.78202876
2025-11-07 15:14:00+09:00,70546263.78202876
2025-11-07 15:15:00+09:00,70546263.78202876
2025-11-07 15:16:00+09:00,70546263.78202876
2025-11-07 15:17:00+09:00,70546263.78202876
2025-11-07 15:18:00+09:00,70546263.78202876
2025-11-07 15:19:00+09:00,70546263.78202876
2025-11-07 15:30:00+09:00,70546263.78202876
2025-11-07 15:35:00+09:00,70546263.78202876
2025-11-10 09:00:00+09:00,70546263.78202876
2025-11-10 09:01:00+09:00,70546263.78202876
2025-11-10 09:02:00+09:00,70518045.27651596
2025-11-10 09:03:00+09:00,70321889.37866752
2025-11-10 09:04:00+09:00,70425459.6927315
2025-11-10 09:05:00+09:00,70425459.6927315
2025-11-10 09:06:00+09:00,70425459.6927315
2025-11-10 09:07:00+09:00,70425459.6927315
2025-11-10 09:08:00+09:00,70425459.6927315
2025-11-10 09:09:00+09:00,70425459.6927315
2025-11-10 09:10:00+09:00,70425459.6927315
2025-11-10 09:11:00+09:00,70425459.6927315
2025-11-10 09:12:00+09:00,70425459.6927315
2025-11-10 09:13:00+09:00,70425459.6927315
2025-11-10 09:14:00+09:00,70425459.6927315
2025-11-10 09:15:00+09:00,70425459.6927315
2025-11-10 09:16:00+09:00,70397289.5088544
2025-11-10 09:17:00+09:00,70301249.55045214
2025-11-10 09:18:00+09:00,70397289.5088544
2025-11-10 09:19:00+09:00,70493329.46725667
2025-11-10 09:20:00+09:00,70301249.55045214
2025-11-10 09:21:00+09:00,70397289.5088544
2025-11-10 09:22:00+09:00,70589369.42565893
2025-11-10 09:23:00+09:00,71069569.21767022
2025-11-10 09:24:00+09:00,71165609.17607248
2025-11-10 09:25:00+09:00,71069569.21767022
2025-11-10 09:26:00+09:00,70685409.38406119
2025-11-10 09:27:00+09:00,70877489.30086571
2025-11-10 09:28:00+09:00,70877489.30086571
2025-11-10 09:29:00+09:00,70973529.25926796
2025-11-10 09:30:00+09:00,70973529.25926796
2025-11-10 09:31:00+09:00,70781449.34246345
2025-11-10 09:32:00+09:00,70877489.30086571
2025-11-10 09:33:00+09:00,70877489.30086571
2025-11-10 09:34:00+09:00,70877489.30086571
2025-11-10 09:35:00+09:00,70685409.38406119
2025-11-10 09:36:00+09:00,70685409.38406119
2025-11-10 09:37:00+09:00,70877489.30086571
2025-11-10 09:38:00+09:00,70781449.34246346
2025-11-10 09:39:00+09:00,70589369.42565896
2025-11-10 09:40:00+09:00,70589369.42565896
2025-11-10 09:41:00+09:00,70685409.38406122
2025-11-10 09:42:00+09:00,70589369.42565896
2025-11-10 09:43:00+09:00,70589369.42565896
2025-11-10 09:44:00+09:00,70493329.4672567
2025-11-10 09:45:00+09:00,70301249.55045217
2025-11-10 09:46:00+09:00,70109169.63364767
2025-11-10 09:47:00+09:00,70397289.50885443
2025-11-10 09:48:00+09:00,70207216.82718052
2025-11-10 09:49:00+09:00,70207216.82718052
2025-11-10 09:50:00+09:00,70207216.82718052
2025-11-10 09:51:00+09:00,70207216.82718052
2025-11-10 09:52:00+09:00,70207216.82718052
2025-11-10 09:53:00+09:00,70207216.82718052
2025-11-10 09:54:00+09:00,70207216.82718052
2025-11-10 09:55:00+09:00,70207216.82718052
2025-11-10 09:56:00+09:00,70207216.82718052
2025-11-10 09:57:00+09:00,70207216.82718052
2025-11-10 09:58:00+09:00,70207216.82718052
2025-11-10 09:59:00+09:00,70207216.82718052
2025-11-10 10:00:00+09:00,70207216.82718052
2025-11-10 10:01:00+09:00,70179133.94044966
2025-11-10 10:02:00+09:00,70179133.94044966
2025-11-10 10:03:00+09:00,70179133.94044966
2025-11-10 10:04:00+09:00,70274486.02460787
2025-11-10 10:05:00+09:00,70179133.94044966
2025-11-10 10:06:00+09:00,69988429.77213322
2025-11-10 10:07:00+09:00,70274486.02460788
2025-11-10 10:08:00+09:00,69989650.27881046
2025-11-10 10:09:00+09:00,69989650.27881046
2025-11-10 10:10:00+09:00,69989650.27881046
2025-11-10 10:11:00+09:00,69989650.27881046
2025-11-10 10:12:00+09:00,69989650.27881046
2025-11-10 10:13:00+09:00,69989650.27881046
2025-11-10 10:14:00+09:00,69989650.27881046
2025-11-10 10:15:00+09:00,69989650.27881046
2025-11-10 10:16:00+09:00,69989650.27881046
2025-11-10 10:17:00+09:00,69989650.27881046
2025-11-10 10:18:00+09:00,69989650.27881046
2025-11-10 10:19:00+09:00,69989650.27881046
2025-11-10 10:20:00+09:00,69989650.27881046
2025-11-10 10:22:00+09:00,69989650.27881046
2025-11-10 10:23:00+09:00,69989650.27881046
2025-11-10 10:24:00+09:00,69989650.27881046
2025-11-10 10:25:00+09:00,69989650.27881046
2025-11-10 10:26:00+09:00,69989650.27881046
2025-11-10 10:27:00+09:00,69989650.27881046
2025-11-10 10:28:00+09:00,69989650.27881046
2025-11-10 10:29:00+09:00,69989650.27881046
2025-11-10 10:30:00+09:00,69989650.27881046
2025-11-10 10:31:00+09:00,69989650.27881046
2025-11-10 10:32:00+09:00,69989650.27881046
2025-11-10 10:33:00+09:00,69989650.27881046
2025-11-10 10:34:00+09:00,69989650.27881046
2025-11-10 10:35:00+09:00,69989650.27881046
2025-11-10 10:36:00+09:00,69989650.27881046
2025-11-10 10:37:00+09:00,69961654.41869894
2025-11-10 10:38:00+09:00,69676871.56489147
2025-11-10 10:39:00+09:00,69676871.56489147
2025-11-10 10:40:00+09:00,69488744.01166627
2025-11-10 10:41:00+09:00,69488744.01166627
2025-11-10 10:42:00+09:00,69488744.01166627
2025-11-10 10:43:00+09:00,69488744.01166627
2025-11-10 10:44:00+09:00,69488744.01166627
2025-11-10 10:45:00+09:00,69488744.01166627
2025-11-10 10:46:00+09:00,69488744.01166627
2025-11-10 10:47:00+09:00,69488744.01166627
2025-11-10 10:48:00+09:00,69488744.01166627
2025-11-10 10:49:00+09:00,69488744.01166627
2025-11-10 10:50:00+09:00,69488744.01166627
2025-11-10 10:51:00+09:00,69488744.01166627
2025-11-10 10:52:00+09:00,69488744.01166627
2025-11-10 10:53:00+09:00,69488744.01166627
2025-11-10 10:54:00+09:00,69488744.01166627
2025-11-10 10:55:00+09:00,69488744.01166627
2025-11-10 10:56:00+09:00,69488744.01166627
2025-11-10 10:57:00+09:00,69488744.01166627
2025-11-10 10:58:00+09:00,69488744.01166627
2025-11-10 10:59:00+09:00,69488744.01166627
2025-11-10 11:00:00+09:00,69488744.01166627
2025-11-10 11:01:00+09:00,69488744.01166627
2025-11-10 11:02:00+09:00,69488744.01166627
2025-11-10 11:03:00+09:00,69488744.01166627
2025-11-10 11:04:00+09:00,69488744.01166627
2025-11-10 11:05:00+09:00,69488744.01166627
2025-11-10 11:06:00+09:00,69488744.01166627
2025-11-10 11:07:00+09:00,69488744.01166627
2025-11-10 11:08:00+09:00,69488744.01166627
2025-11-10 11:09:00+09:00,69488744.01166627
2025-11-10 11:10:00+09:00,69488744.01166627
2025-11-10 11:11:00+09:00,69488744.01166627
2025-11-10 11:12:00+09:00,69488744.01166627
2025-11-10 11:13:00+09:00,69488744.01166627
2025-11-10 11:14:00+09:00,69488744.01166627
2025-11-10 11:15:00+09:00,69488744.01166627
2025-11-10 11:16:00+09:00,69488744.01166627
2025-11-10 11:17:00+09:00,69488744.01166627
2025-11-10 11:18:00+09:00,69488744.01166627
2025-11-10 11:19:00+09:00,69488744.01166627
2025-11-10 11:20:00+09:00,69488744.01166627
2025-11-10 11:21:00+09:00,69488744.01166627
2025-11-10 11:22:00+09:00,69488744.01166627
2025-11-10 11:23:00+09:00,69488744.01166627
2025-11-10 11:24:00+09:00,69488744.01166627
2025-11-10 11:25:00+09:00,69488744.01166627
2025-11-10 11:26:00+09:00,69488744.01166627
2025-11-10 11:27:00+09:00,69488744.01166627
2025-11-10 11:28:00+09:00,69488744.01166627
2025-11-10 11:29:00+09:00,69488744.01166627
2025-11-10 11:30:00+09:00,69488744.01166627
2025-11-10 11:31:00+09:00,69488744.01166627
2025-11-10 11:32:00+09:00,69488744.01166627
2025-11-10 11:33:00+09:00,69488744.01166627
2025-11-10 11:34:00+09:00,69488744.01166627
2025-11-10 11:35:00+09:00,69488744.01166627
2025-11-10 11:36:00+09:00,69488744.01166627
2025-11-10 11:37:00+09:00,69488744.01166627
2025-11-10 11:38:00+09:00,69488744.01166627
2025-11-10 11:39:00+09:00,69488744.01166627
2025-11-10 11:40:00+09:00,69488744.01166627
2025-11-10 11:41:00+09:00,69488744.01166627
2025-11-10 11:42:00+09:00,69488744.01166627
2025-11-10 11:43:00+09:00,69488744.01166627
2025-11-10 11:44:00+09:00,69488744.01166627
2025-11-10 11:45:00+09:00,69488744.01166627
2025-11-10 11:46:00+09:00,69488744.01166627
2025-11-10 11:47:00+09:00,69488744.01166627
2025-11-10 11:48:00+09:00,69488744.01166627
2025-11-10 11:49:00+09:00,69488744.01166627
2025-11-10 11:50:00+09:00,69488744.01166627
2025-11-10 11:51:00+09:00,69488744.01166627
2025-11-10 11:52:00+09:00,69488744.01166627
2025-11-10 11:53:00+09:00,69488744.01166627
2025-11-10 11:54:00+09:00,69488744.01166627
2025-11-10 11:55:00+09:00,69488744.01166627
2025-11-10 11:56:00+09:00,69488744.01166627
2025-11-10 11:57:00+09:00,69488744.01166627
2025-11-10 11:58:00+09:00,69488744.01166627
2025-11-10 11:59:00+09:00,69488744.01166627
2025-11-10 12:00:00+09:00,69488744.01166627
2025-11-10 12:01:00+09:00,69460948.5140616
2025-11-10 12:02:00+09:00,69651252.48259328
2025-11-10 12:03:00+09:00,69556100.49832745
2025-11-10 12:04:00+09:00,69460948.51406161
2025-11-10 12:05:00+09:00,69460948.51406161
2025-11-10 12:06:00+09:00,69556100.49832745
2025-11-10 12:07:00+09:00,69460948.51406161
2025-11-10 12:08:00+09:00,69460948.51406161
2025-11-10 12:09:00+09:00,69460948.51406161
2025-11-10 12:10:00+09:00,69460948.51406161
2025-11-10 12:11:00+09:00,69365796.52979578
2025-11-10 12:12:00+09:00,69365796.52979578
2025-11-10 12:13:00+09:00,69178508.87916534
2025-11-10 12:14:00+09:00,69178508.87916534
2025-11-10 12:15:00+09:00,69178508.87916534
2025-11-10 12:16:00+09:00,69178508.87916534
2025-11-10 12:17:00+09:00,69178508.87916534
2025-11-10 12:18:00+09:00,69178508.87916534
2025-11-10 12:19:00+09:00,69178508.87916534
2025-11-10 12:20:00+09:00,69178508.87916534
2025-11-10 12:21:00+09:00,69178508.87916534
2025-11-10 12:22:00+09:00,69178508.87916534
2025-11-10 12:23:00+09:00,69178508.87916534
2025-11-10 12:24:00+09:00,69178508.87916534
2025-11-10 12:25:00+09:00,69178508.87916534
2025-11-10 12:26:00+09:00,69178508.87916534
2025-11-10 12:27:00+09:00,69178508.87916534
2025-11-10 12:28:00+09:00,69178508.87916534
2025-11-10 12:29:00+09:00,69178508.87916534
2025-11-10 12:30:00+09:00,69178508.87916534
2025-11-10 12:31:00+09:00,69178508.87916534
2025-11-10 12:32:00+09:00,69178508.87916534
2025-11-10 12:33:00+09:00,69178508.87916534
2025-11-10 12:34:00+09:00,69178508.87916534
2025-11-10 12:35:00+09:00,69178508.87916534
2025-11-10 12:36:00+09:00,69178508.87916534
2025-11-10 12:37:00+09:00,69178508.87916534
2025-11-10 12:38:00+09:00,69178508.87916534
2025-11-10 12:39:00+09:00,69178508.87916534
2025-11-10 12:40:00+09:00,69178508.87916534
2025-11-10 12:41:00+09:00,69178508.87916534
2025-11-10 12:42:00+09:00,69178508.87916534
2025-11-10 12:43:00+09:00,69178508.87916534
2025-11-10 12:44:00+09:00,69178508.87916534
2025-11-10 12:45:00+09:00,69178508.87916534
2025-11-10 12:46:00+09:00,69178508.87916534
2025-11-10 12:48:00+09:00,69178508.87916534
2025-11-10 12:49:00+09:00,69178508.87916534
2025-11-10 12:50:00+09:00,69178508.87916534
2025-11-10 12:51:00+09:00,69178508.87916534
2025-11-10 12:52:00+09:00,69178508.87916534
2025-11-10 12:53:00+09:00,69178508.87916534
2025-11-10 12:54:00+09:00,69178508.87916534
2025-11-10 12:55:00+09:00,69178508.87916534
2025-11-10 12:56:00+09:00,69178508.87916534
2025-11-10 12:57:00+09:00,69178508.87916534
2025-11-10 12:58:00+09:00,69178508.87916534
2025-11-10 12:59:00+09:00,69178508.87916534
2025-11-10 13:00:00+09:00,69178508.87916534
2025-11-10 13:01:00+09:00,69178508.87916534
2025-11-10 13:02:00+09:00,69178508.87916534
2025-11-10 13:03:00+09:00,69178508.87916534
2025-11-10 13:04:00+09:00,69178508.87916534
2025-11-10 13:05:00+09:00,69178508.87916534
2025-11-10 13:06:00+09:00,69178508.87916534
2025-11-10 13:07:00+09:00,69150837.47561367
2025-11-10 13:08:00+09:00,69340291.82486193
2025-11-10 13:09:00+09:00,69340291.82486193
2025-11-10 13:10:00+09:00,69435018.99948606
2025-11-10 13:11:00+09:00,69435018.99948606
2025-11-10 13:12:00+09:00,69529746.17411019
2025-11-10 13:13:00+09:00,69435018.99948606
2025-11-10 13:15:00+09:00,69529746.17411019
2025-11-10 13:16:00+09:00,69624473.34873432
2025-11-10 13:17:00+09:00,69813927.69798258
2025-11-10 13:18:00+09:00,69813927.69798258
2025-11-10 13:19:00+09:00,69624473.34873432
2025-11-10 13:20:00+09:00,69529746.17411019
2025-11-10 13:21:00+09:00,69624473.34873432
2025-11-10 13:22:00+09:00,69624473.34873432
2025-11-10 13:23:00+09:00,69719200.52335845
2025-11-10 13:24:00+09:00,69813927.69798258
2025-11-10 13:25:00+09:00,69908654.87260671
2025-11-10 13:26:00+09:00,70003382.04723084
2025-11-10 13:27:00+09:00,69908654.87260671
2025-11-10 13:28:00+09:00,69908654.87260671
2025-11-10 13:29:00+09:00,70003382.04723084
2025-11-10 13:30:00+09:00,69908654.87260671
2025-11-10 13:31:00+09:00,69908654.87260671
2025-11-10 13:32:00+09:00,69813927.69798258
2025-11-10 13:33:00+09:00,69908654.87260671
2025-11-10 13:34:00+09:00,69908654.87260671
2025-11-10 13:35:00+09:00,69813927.69798258
2025-11-10 13:36:00+09:00,69813927.69798258
2025-11-10 13:37:00+09:00,69813927.69798258
2025-11-10 13:38:00+09:00,69908654.87260671
2025-11-10 13:39:00+09:00,69908654.87260671
2025-11-10 13:40:00+09:00,70003382.04723084
2025-11-10 13:41:00+09:00,70003382.04723084
2025-11-10 13:42:00+09:00,69908654.87260671
2025-11-10 13:43:00+09:00,69908654.87260671
2025-11-10 13:44:00+09:00,69719200.52335845
2025-11-10 13:45:00+09:00,69813927.69798258
2025-11-10 13:46:00+09:00,69813927.69798258
2025-11-10 13:47:00+09:00,69813927.69798258
2025-11-10 13:48:00+09:00,69529746.17411019
2025-11-10 13:49:00+09:00,69719200.52335843
2025-11-10 13:50:00+09:00,69529746.17411017
2025-11-10 13:51:00+09:00,69624473.3487343
2025-11-10 13:52:00+09:00,69719200.52335843
2025-11-10 13:53:00+09:00,69908654.8726067
2025-11-10 13:54:00+09:00,69624473.34873432
2025-11-10 13:55:00+09:00,69719200.52335845
2025-11-10 13:56:00+09:00,69813927.69798258
2025-11-10 13:57:00+09:00,69624473.34873432
2025-11-10 13:59:00+09:00,69813927.69798258
2025-11-10 14:00:00+09:00,70382290.74572735
2025-11-10 14:01:00+09:00,70477017.92035146
2025-11-10 14:02:00+09:00,70382290.74572733
2025-11-10 14:03:00+09:00,70382290.74572733
2025-11-10 14:04:00+09:00,70382290.74572733
2025-11-10 14:05:00+09:00,70287563.5711032
2025-11-10 14:06:00+09:00,70192836.39647907
2025-11-10 14:07:00+09:00,70098109.22185494
2025-11-10 14:08:00+09:00,70098109.22185494
2025-11-10 14:09:00+09:00,70098109.22185494
2025-11-10 14:10:00+09:00,70192836.39647907
2025-11-10 14:11:00+09:00,70192836.39647907
2025-11-10 14:12:00+09:00,70192836.39647907
2025-11-10 14:13:00+09:00,70192836.39647907
2025-11-10 14:14:00+09:00,70098109.22185494
2025-11-10 14:15:00+09:00,70192836.39647907
2025-11-10 14:16:00+09:00,70192836.39647907
2025-11-10 14:17:00+09:00,70003382.04723081
2025-11-10 14:18:00+09:00,70003382.04723081
2025-11-10 14:19:00+09:00,70003382.04723081
2025-11-10 14:20:00+09:00,70003382.04723081
2025-11-10 14:21:00+09:00,69908654.87260668
2025-11-10 14:22:00+09:00,70003382.04723081
2025-11-10 14:23:00+09:00,69719901.50445063
2025-11-10 14:24:00+09:00,69719901.50445063
2025-11-10 14:25:00+09:00,69719901.50445063
2025-11-10 14:26:00+09:00,69719901.50445063
2025-11-10 14:27:00+09:00,69719901.50445063
2025-11-10 14:28:00+09:00,69719901.50445063
2025-11-10 14:29:00+09:00,69719901.50445063
2025-11-10 14:30:00+09:00,69719901.50445063
2025-11-10 14:31:00+09:00,69719901.50445063
2025-11-10 14:32:00+09:00,69719901.50445063
2025-11-10 14:33:00+09:00,69719901.50445063
2025-11-10 14:34:00+09:00,69719901.50445063
2025-11-10 14:35:00+09:00,69719901.50445063
2025-11-10 14:36:00+09:00,69719901.50445063
2025-11-10 14:37:00+09:00,69719901.50445063
2025-11-10 14:38:00+09:00,69719901.50445063
2025-11-10 14:39:00+09:00,69719901.50445063
2025-11-10 14:40:00+09:00,69719901.50445063
2025-11-10 14:41:00+09:00,69719901.50445063
2025-11-10 14:42:00+09:00,69719901.50445063
2025-11-10 14:43:00+09:00,69719901.50445063
2025-11-10 14:44:00+09:00,69719901.50445063
2025-11-10 14:45:00+09:00,69719901.50445063
2025-11-10 14:46:00+09:00,69719901.50445063
2025-11-10 14:47:00+09:00,69719901.50445063
2025-11-10 14:48:00+09:00,69719901.50445063
2025-11-10 14:49:00+09:00,69719901.50445063
2025-11-10 14:50:00+09:00,69719901.50445063
2025-11-10 14:51:00+09:00,69719901.50445063
2025-11-10 14:52:00+09:00,69719901.50445063
2025-11-10 14:53:00+09:00,69719901.50445063
2025-11-10 14:54:00+09:00,69719901.50445063
2025-11-10 14:55:00+09:00,69719901.50445063
2025-11-10 14:56:00+09:00,69719901.50445063
2025-11-10 14:57:00+09:00,69719901.50445063
2025-11-10 14:58:00+09:00,69719901.50445063
2025-11-10 14:59:00+09:00,69719901.50445063
2025-11-10 15:00:00+09:00,69719901.50445063
2025-11-10 15:01:00+09:00,69719901.50445063
2025-11-10 15:02:00+09:00,69719901.50445063
2025-11-10 15:03:00+09:00,69719901.50445063
2025-11-10 15:04:00+09:00,69719901.50445063
2025-11-10 15:05:00+09:00,69719901.50445063
2025-11-10 15:06:00+09:00,69719901.50445063
2025-11-10 15:07:00+09:00,69719901.50445063
2025-11-10 15:08:00+09:00,69719901.50445063
2025-11-10 15:09:00+09:00,69719901.50445063
2025-11-10 15:10:00+09:00,69719901.50445063
2025-11-10 15:11:00+09:00,69719901.50445063
2025-11-10 15:12:00+09:00,69719901.50445063
2025-11-10 15:13:00+09:00,69719901.50445063
2025-11-10 15:14:00+09:00,69719901.50445063
2025-11-10 15:15:00+09:00,69719901.50445063
2025-11-10 15:16:00+09:00,69719901.50445063
2025-11-10 15:17:00+09:00,69719901.50445063
2025-11-10 15:18:00+09:00,69719901.50445063
2025-11-10 15:19:00+09:00,69692013.54384886
2025-11-10 15:30:00+09:00,69692013.54384886
2025-11-10 15:35:00+09:00,69692013.54384886
2025-11-11 09:00:00+09:00,69220484.35884312
2025-11-11 09:01:00+09:00,69220484.35884312
2025-11-11 09:02:00+09:00,68845486.62859175
2025-11-11 09:03:00+09:00,68845486.62859175
2025-11-11 09:04:00+09:00,68845486.62859175
2025-11-11 09:05:00+09:00,68845486.62859175
2025-11-11 09:06:00+09:00,68845486.62859175
2025-11-11 09:07:00+09:00,68845486.62859175
2025-11-11 09:08:00+09:00,68845486.62859175
2025-11-11 09:09:00+09:00,68845486.62859175
2025-11-11 09:10:00+09:00,68845486.62859175
2025-11-11 09:11:00+09:00,68845486.62859175
2025-11-11 09:12:00+09:00,68845486.62859175
2025-11-11 09:13:00+09:00,68845486.62859175
2025-11-11 09:14:00+09:00,68845486.62859175
2025-11-11 09:15:00+09:00,68845486.62859175
2025-11-11 09:16:00+09:00,68845486.62859175
2025-11-11 09:17:00+09:00,68845486.62859175
2025-11-11 09:18:00+09:00,68845486.62859175
2025-11-11 09:19:00+09:00,68845486.62859175
2025-11-11 09:20:00+09:00,68845486.62859175
2025-11-11 09:21:00+09:00,68845486.62859175
2025-11-11 09:22:00+09:00,68845486.62859175
2025-11-11 09:23:00+09:00,68845486.62859175
2025-11-11 09:24:00+09:00,68845486.62859175
2025-11-11 09:25:00+09:00,68845486.62859175
2025-11-11 09:26:00+09:00,68845486.62859175
2025-11-11 09:27:00+09:00,68845486.62859175
2025-11-11 09:28:00+09:00,68845486.62859175
2025-11-11 09:29:00+09:00,68845486.62859175
2025-11-11 09:30:00+09:00,68845486.62859175
2025-11-11 09:31:00+09:00,68845486.62859175
2025-11-11 09:32:00+09:00,68845486.62859175
2025-11-11 09:33:00+09:00,68845486.62859175
2025-11-11 09:34:00+09:00,68845486.62859175
2025-11-11 09:35:00+09:00,68845486.62859175
2025-11-11 09:36:00+09:00,68845486.62859175
2025-11-11 09:37:00+09:00,68845486.62859175
2025-11-11 09:38:00+09:00,68845486.62859175
2025-11-11 09:39:00+09:00,68845486.62859175
2025-11-11 09:40:00+09:00,68845486.62859175
2025-11-11 09:41:00+09:00,68845486.62859175
2025-11-11 09:42:00+09:00,68845486.62859175
2025-11-11 09:43:00+09:00,68845486.62859175
2025-11-11 09:44:00+09:00,68845486.62859175
2025-11-11 09:45:00+09:00,68845486.62859175
2025-11-11 09:46:00+09:00,68845486.62859175
2025-11-11 09:47:00+09:00,68845486.62859175
2025-11-11 09:48:00+09:00,68845486.62859175
2025-11-11 09:49:00+09:00,68845486.62859175
2025-11-11 09:50:00+09:00,68845486.62859175
2025-11-11 09:51:00+09:00,68845486.62859175
2025-11-11 09:52:00+09:00,68845486.62859175
2025-11-11 09:53:00+09:00,68845486.62859175
2025-11-11 09:54:00+09:00,68845486.62859175
2025-11-11 09:55:00+09:00,68845486.62859175
2025-11-11 09:56:00+09:00,68845486.62859175
2025-11-11 09:57:00+09:00,68845486.62859175
2025-11-11 09:58:00+09:00,68845486.62859175
2025-11-11 09:59:00+09:00,68845486.62859175
2025-11-11 10:00:00+09:00,68845486.62859175
2025-11-11 10:01:00+09:00,68845486.62859175
2025-11-11 10:02:00+09:00,68845486.62859175
2025-11-11 10:03:00+09:00,68845486.62859175
2025-11-11 10:04:00+09:00,68845486.62859175
2025-11-11 10:05:00+09:00,68817948.4339403
2025-11-11 10:06:00+09:00,68533184.50938606
2025-11-11 10:07:00+09:00,68533184.50938606
2025-11-11 10:08:00+09:00,68533184.50938606
2025-11-11 10:09:00+09:00,68533184.50938606
2025-11-11 10:10:00+09:00,68533184.50938606
2025-11-11 10:11:00+09:00,68533184.50938606
2025-11-11 10:12:00+09:00,68533184.50938606
2025-11-11 10:13:00+09:00,68628105.81757082
2025-11-11 10:14:00+09:00,68628105.81757082
2025-11-11 10:15:00+09:00,68533184.50938608
2025-11-11 10:16:00+09:00,68628105.81757084
2025-11-11 10:17:00+09:00,68723027.12575558
2025-11-11 10:18:00+09:00,68723027.12575558
2025-11-11 10:19:00+09:00,68912869.74212506
2025-11-11 10:20:00+09:00,68817948.43394032
2025-11-11 10:21:00+09:00,68723027.12575558
2025-11-11 10:22:00+09:00,68723027.12575558
2025-11-11 10:23:00+09:00,68628105.81757084
2025-11-11 10:24:00+09:00,68628105.81757084
2025-11-11 10:25:00+09:00,68628105.81757084
2025-11-11 10:26:00+09:00,68533184.50938609
2025-11-11 10:27:00+09:00,68628105.81757085
2025-11-11 10:28:00+09:00,68628105.81757085
2025-11-11 10:29:00+09:00,68723027.1257556
2025-11-11 10:30:00+09:00,68628105.81757085
2025-11-11 10:31:00+09:00,68628105.81757085
2025-11-11 10:32:00+09:00,68723027.1257556
2025-11-11 10:33:00+09:00,68723027.1257556
2025-11-11 10:34:00+09:00,68817948.43394035
2025-11-11 10:35:00+09:00,68723027.12575561
2025-11-11 10:36:00+09:00,68628105.81757087
2025-11-11 10:37:00+09:00,68628105.81757087
2025-11-11 10:38:00+09:00,68533184.50938612
2025-11-11 10:39:00+09:00,68628105.81757088
2025-11-11 10:40:00+09:00,68632139.97316873
2025-11-11 10:41:00+09:00,68632139.97316873
2025-11-11 10:42:00+09:00,68632139.97316873
2025-11-11 10:43:00+09:00,68632139.97316873
2025-11-11 10:44:00+09:00,68632139.97316873
2025-11-11 10:45:00+09:00,68632139.97316873
2025-11-11 10:46:00+09:00,68632139.97316873
2025-11-11 10:47:00+09:00,68632139.97316873
2025-11-11 10:48:00+09:00,68632139.97316873
2025-11-11 10:49:00+09:00,68632139.97316873
2025-11-11 10:50:00+09:00,68632139.97316873
2025-11-11 10:51:00+09:00,68632139.97316873
2025-11-11 10:52:00+09:00,68632139.97316873
2025-11-11 10:53:00+09:00,68604687.11717947
2025-11-11 10:54:00+09:00,68509929.26204525
2025-11-11 10:55:00+09:00,68604687.11717947
2025-11-11 10:56:00+09:00,68419454.46196309
2025-11-11 10:57:00+09:00,68419454.46196309
2025-11-11 10:58:00+09:00,68419454.46196309
2025-11-11 10:59:00+09:00,68419454.46196309
2025-11-11 11:00:00+09:00,68419454.46196309
2025-11-11 11:01:00+09:00,68419454.46196309
2025-11-11 11:02:00+09:00,68419454.46196309
2025-11-11 11:03:00+09:00,68419454.46196309
2025-11-11 11:04:00+09:00,68419454.46196309
2025-11-11 11:05:00+09:00,68419454.46196309
2025-11-11 11:06:00+09:00,68419454.46196309
2025-11-11 11:07:00+09:00,68419454.46196309
2025-11-11 11:08:00+09:00,68392086.6801783
2025-11-11 11:09:00+09:00,68392086.6801783
2025-11-11 11:10:00+09:00,68392086.6801783
2025-11-11 11:11:00+09:00,68297622.47205651
2025-11-11 11:12:00+09:00,68297622.47205651
2025-11-11 11:13:00+09:00,68113218.89138195
2025-11-11 11:14:00+09:00,68113218.89138195
2025-11-11 11:15:00+09:00,68113218.89138195
2025-11-11 11:16:00+09:00,68113218.89138195
2025-11-11 11:17:00+09:00,68113218.89138195
2025-11-11 11:18:00+09:00,68113218.89138195
2025-11-11 11:19:00+09:00,68113218.89138195
2025-11-11 11:20:00+09:00,68113218.89138195
2025-11-11 11:21:00+09:00,68113218.89138195
2025-11-11 11:22:00+09:00,68113218.89138195
2025-11-11 11:23:00+09:00,68113218.89138195
2025-11-11 11:24:00+09:00,68113218.89138195
2025-11-11 11:25:00+09:00,68113218.89138195
2025-11-11 11:26:00+09:00,68113218.89138195
2025-11-11 11:27:00+09:00,68113218.89138195
2025-11-11 11:28:00+09:00,68113218.89138195
2025-11-11 11:29:00+09:00,68113218.89138195
2025-11-11 11:30:00+09:00,68113218.89138195
2025-11-11 11:31:00+09:00,68113218.89138195
2025-11-11 11:32:00+09:00,68113218.89138195
2025-11-11 11:33:00+09:00,68113218.89138195
2025-11-11 11:34:00+09:00,68113218.89138195
2025-11-11 11:35:00+09:00,68113218.89138195
2025-11-11 11:36:00+09:00,68113218.89138195
2025-11-11 11:37:00+09:00,68113218.89138195
2025-11-11 11:38:00+09:00,68113218.89138195
2025-11-11 11:39:00+09:00,68113218.89138195
2025-11-11 11:40:00+09:00,68113218.89138195
2025-11-11 11:41:00+09:00,68113218.89138195
2025-11-11 11:42:00+09:00,68113218.89138195
2025-11-11 11:43:00+09:00,68113218.89138195
2025-11-11 11:44:00+09:00,68113218.89138195
2025-11-11 11:45:00+09:00,68113218.89138195
2025-11-11 11:46:00+09:00,68113218.89138195
2025-11-11 11:47:00+09:00,68113218.89138195
2025-11-11 11:48:00+09:00,68113218.89138195
2025-11-11 11:49:00+09:00,68113218.89138195
2025-11-11 11:50:00+09:00,68113218.89138195
2025-11-11 11:51:00+09:00,68113218.89138195
2025-11-11 11:52:00+09:00,68113218.89138195
2025-11-11 11:53:00+09:00,68113218.89138195
2025-11-11 11:54:00+09:00,68113218.89138195
2025-11-11 11:55:00+09:00,68113218.89138195
2025-11-11 11:56:00+09:00,68113218.89138195
2025-11-11 11:58:00+09:00,68113218.89138195
2025-11-11 11:59:00+09:00,68113218.89138195
2025-11-11 12:00:00+09:00,68113218.89138195
2025-11-11 12:01:00+09:00,68113218.89138195
2025-11-11 12:02:00+09:00,68113218.89138195
2025-11-11 12:03:00+09:00,68113218.89138195
2025-11-11 12:04:00+09:00,68113218.89138195
2025-11-11 12:05:00+09:00,68113218.89138195
2025-11-11 12:06:00+09:00,68113218.89138195
2025-11-11 12:07:00+09:00,68113218.89138195
2025-11-11 12:08:00+09:00,68113218.89138195
2025-11-11 12:09:00+09:00,68113218.89138195
2025-11-11 12:10:00+09:00,68113218.89138195
2025-11-11 12:11:00+09:00,68113218.89138195
2025-11-11 12:12:00+09:00,68113218.89138195
2025-11-11 12:13:00+09:00,68113218.89138195
2025-11-11 12:14:00+09:00,68113218.89138195
2025-11-11 12:15:00+09:00,68113218.89138195
2025-11-11 12:16:00+09:00,68113218.89138195
2025-11-11 12:17:00+09:00,68113218.89138195
2025-11-11 12:18:00+09:00,68113218.89138195
2025-11-11 12:19:00+09:00,68113218.89138195
2025-11-11 12:20:00+09:00,68113218.89138195
2025-11-11 12:21:00+09:00,68113218.89138195
2025-11-11 12:22:00+09:00,68113218.89138195
2025-11-11 12:23:00+09:00,68113218.89138195
2025-11-11 12:24:00+09:00,68113218.89138195
2025-11-11 12:25:00+09:00,68113218.89138195
2025-11-11 12:26:00+09:00,68113218.89138195
2025-11-11 12:27:00+09:00,68113218.89138195
2025-11-11 12:28:00+09:00,68113218.89138195
2025-11-11 12:29:00+09:00,68113218.89138195
2025-11-11 12:30:00+09:00,68113218.89138195
2025-11-11 12:31:00+09:00,68113218.89138195
2025-11-11 12:32:00+09:00,68113218.89138195
2025-11-11 12:33:00+09:00,68113218.89138195
2025-11-11 12:34:00+09:00,68113218.89138195
2025-11-11 12:35:00+09:00,68113218.89138195
2025-11-11 12:36:00+09:00,68113218.89138195
2025-11-11 12:37:00+09:00,68113218.89138195
2025-11-11 12:38:00+09:00,68113218.89138195
2025-11-11 12:39:00+09:00,68113218.89138195
2025-11-11 12:40:00+09:00,68113218.89138195
2025-11-11 12:41:00+09:00,68113218.89138195
2025-11-11 12:42:00+09:00,68113218.89138195
2025-11-11 12:43:00+09:00,68113218.89138195
2025-11-11 12:44:00+09:00,68113218.89138195
2025-11-11 12:45:00+09:00,68113218.89138195
2025-11-11 12:46:00+09:00,68113218.89138195
2025-11-11 12:47:00+09:00,68113218.89138195
2025-11-11 12:48:00+09:00,68113218.89138195
2025-11-11 12:49:00+09:00,68113218.89138195
2025-11-11 12:50:00+09:00,68113218.89138195
2025-11-11 12:51:00+09:00,68113218.89138195
2025-11-11 12:52:00+09:00,68113218.89138195
2025-11-11 12:53:00+09:00,68113218.89138195
2025-11-11 12:54:00+09:00,68113218.89138195
2025-11-11 12:55:00+09:00,68113218.89138195
2025-11-11 12:56:00+09:00,68113218.89138195
2025-11-11 12:57:00+09:00,68085973.6038254
2025-11-11 12:58:00+09:00,67897108.21241397
2025-11-11 13:00:00+09:00,67991540.9081197
2025-11-11 13:01:00+09:00,67902141.4750951
2025-11-11 13:02:00+09:00,67902141.4750951
2025-11-11 13:03:00+09:00,67902141.4750951
2025-11-11 13:04:00+09:00,67902141.4750951
2025-11-11 13:05:00+09:00,67902141.4750951
2025-11-11 13:06:00+09:00,67902141.4750951
2025-11-11 13:07:00+09:00,67902141.4750951
2025-11-11 13:08:00+09:00,67902141.4750951
2025-11-11 13:09:00+09:00,67902141.4750951
2025-11-11 13:10:00+09:00,67902141.4750951
2025-11-11 13:11:00+09:00,67902141.4750951
2025-11-11 13:12:00+09:00,67902141.4750951
2025-11-11 13:13:00+09:00,67874980.61850506
2025-11-11 13:14:00+09:00,67874980.61850506
2025-11-11 13:15:00+09:00,67691718.1708351
2025-11-11 13:16:00+09:00,67691718.1708351
2025-11-11 13:17:00+09:00,67691718.1708351
2025-11-11 13:18:00+09:00,67691718.1708351
2025-11-11 13:19:00+09:00,67691718.1708351
2025-11-11 13:20:00+09:00,67691718.1708351
2025-11-11 13:21:00+09:00,67691718.1708351
2025-11-11 13:22:00+09:00,67691718.1708351
2025-11-11 13:23:00+09:00,67691718.1708351
2025-11-11 13:24:00+09:00,67691718.1708351
2025-11-11 13:25:00+09:00,67691718.1708351
2025-11-11 13:26:00+09:00,67691718.1708351
2025-11-11 13:27:00+09:00,67691718.1708351
2025-11-11 13:28:00+09:00,67691718.1708351
2025-11-11 13:29:00+09:00,67691718.1708351
2025-11-11 13:30:00+09:00,67691718.1708351
2025-11-11 13:31:00+09:00,67691718.1708351
2025-11-11 13:32:00+09:00,67691718.1708351
2025-11-11 13:33:00+09:00,67691718.1708351
2025-11-11 13:34:00+09:00,67691718.1708351
2025-11-11 13:35:00+09:00,67691718.1708351
2025-11-11 13:36:00+09:00,67691718.1708351
2025-11-11 13:37:00+09:00,67691718.1708351
2025-11-11 13:38:00+09:00,67691718.1708351
2025-11-11 13:39:00+09:00,67691718.1708351
2025-11-11 13:40:00+09:00,67691718.1708351
2025-11-11 13:41:00+09:00,67691718.1708351
2025-11-11 13:42:00+09:00,67691718.1708351
2025-11-11 13:43:00+09:00,67691718.1708351
2025-11-11 13:44:00+09:00,67691718.1708351
2025-11-11 13:45:00+09:00,67691718.1708351
2025-11-11 13:46:00+09:00,67691718.1708351
2025-11-11 13:47:00+09:00,67691718.1708351
2025-11-11 13:48:00+09:00,67691718.1708351
2025-11-11 13:49:00+09:00,67691718.1708351
2025-11-11 13:50:00+09:00,67691718.1708351
2025-11-11 13:51:00+09:00,67691718.1708351
2025-11-11 13:52:00+09:00,67691718.1708351
2025-11-11 13:53:00+09:00,67691718.1708351
2025-11-11 13:54:00+09:00,67691718.1708351
2025-11-11 13:55:00+09:00,67691718.1708351
2025-11-11 13:56:00+09:00,67691718.1708351
2025-11-11 13:57:00+09:00,67691718.1708351
2025-11-11 13:58:00+09:00,67691718.1708351
2025-11-11 13:59:00+09:00,67691718.1708351
2025-11-11 14:00:00+09:00,67691718.1708351
2025-11-11 14:01:00+09:00,67691718.1708351
2025-11-11 14:02:00+09:00,67691718.1708351
2025-11-11 14:03:00+09:00,67691718.1708351
2025-11-11 14:04:00+09:00,67691718.1708351
2025-11-11 14:05:00+09:00,67691718.1708351
2025-11-11 14:06:00+09:00,67691718.1708351
2025-11-11 14:07:00+09:00,67691718.1708351
2025-11-11 14:08:00+09:00,67691718.1708351
2025-11-11 14:09:00+09:00,67691718.1708351
2025-11-11 14:10:00+09:00,67691718.1708351
2025-11-11 14:11:00+09:00,67691718.1708351
2025-11-11 14:12:00+09:00,67691718.1708351
2025-11-11 14:13:00+09:00,67691718.1708351
2025-11-11 14:14:00+09:00,67691718.1708351
2025-11-11 14:15:00+09:00,67691718.1708351
2025-11-11 14:16:00+09:00,67691718.1708351
2025-11-11 14:17:00+09:00,67691718.1708351
2025-11-11 14:18:00+09:00,67691718.1708351
2025-11-11 14:19:00+09:00,67691718.1708351
2025-11-11 14:20:00+09:00,67691718.1708351
2025-11-11 14:21:00+09:00,67691718.1708351
2025-11-11 14:22:00+09:00,67691718.1708351
2025-11-11 14:23:00+09:00,67691718.1708351
2025-11-11 14:24:00+09:00,67691718.1708351
2025-11-11 14:25:00+09:00,67691718.1708351
2025-11-11 14:26:00+09:00,67691718.1708351
2025-11-11 14:27:00+09:00,67691718.1708351
2025-11-11 14:28:00+09:00,67691718.1708351
2025-11-11 14:29:00+09:00,67691718.1708351
2025-11-11 14:30:00+09:00,67691718.1708351
2025-11-11 14:31:00+09:00,67691718.1708351
2025-11-11 14:32:00+09:00,67691718.1708351
2025-11-11 14:33:00+09:00,67691718.1708351
2025-11-11 14:34:00+09:00,67691718.1708351
2025-11-11 14:35:00+09:00,67691718.1708351
2025-11-11 14:36:00+09:00,67691718.1708351
2025-11-11 14:37:00+09:00,67691718.1708351
2025-11-11 14:38:00+09:00,67691718.1708351
2025-11-11 14:39:00+09:00,67691718.1708351
2025-11-11 14:40:00+09:00,67691718.1708351
2025-11-11 14:41:00+09:00,67691718.1708351
2025-11-11 14:42:00+09:00,67691718.1708351
2025-11-11 14:43:00+09:00,67691718.1708351
2025-11-11 14:44:00+09:00,67691718.1708351
2025-11-11 14:45:00+09:00,67691718.1708351
2025-11-11 14:46:00+09:00,67691718.1708351
2025-11-11 14:47:00+09:00,67691718.1708351
2025-11-11 14:48:00+09:00,67691718.1708351
2025-11-11 14:49:00+09:00,67691718.1708351
2025-11-11 14:50:00+09:00,67691718.1708351
2025-11-11 14:51:00+09:00,67691718.1708351
2025-11-11 14:52:00+09:00,67691718.1708351
2025-11-11 14:53:00+09:00,67691718.1708351
2025-11-11 14:54:00+09:00,67691718.1708351
2025-11-11 14:55:00+09:00,67691718.1708351
2025-11-11 14:56:00+09:00,67691718.1708351
2025-11-11 14:57:00+09:00,67691718.1708351
2025-11-11 14:58:00+09:00,67691718.1708351
2025-11-11 14:59:00+09:00,67691718.1708351
2025-11-11 15:00:00+09:00,67691718.1708351
2025-11-11 15:01:00+09:00,67691718.1708351
2025-11-11 15:02:00+09:00,67691718.1708351
2025-11-11 15:03:00+09:00,67691718.1708351
2025-11-11 15:04:00+09:00,67691718.1708351
2025-11-11 15:05:00+09:00,67691718.1708351
2025-11-11 15:06:00+09:00,67691718.1708351
2025-11-11 15:07:00+09:00,67691718.1708351
2025-11-11 15:08:00+09:00,67691718.1708351
2025-11-11 15:09:00+09:00,67691718.1708351
2025-11-11 15:10:00+09:00,67691718.1708351
2025-11-11 15:11:00+09:00,67691718.1708351
2025-11-11 15:12:00+09:00,67691718.1708351
2025-11-11 15:13:00+09:00,67691718.1708351
2025-11-11 15:14:00+09:00,67691718.1708351
2025-11-11 15:15:00+09:00,67691718.1708351
2025-11-11 15:16:00+09:00,67691718.1708351
2025-11-11 15:17:00+09:00,67691718.1708351
2025-11-11 15:18:00+09:00,67691718.1708351
2025-11-11 15:19:00+09:00,67691718.1708351
2025-11-11 15:30:00+09:00,67691718.1708351
2025-11-11 15:35:00+09:00,67691718.1708351
2025-11-12 09:00:00+09:00,67664641.48356676
2025-11-12 09:01:00+09:00,68415428.07423046
2025-11-12 09:02:00+09:00,68321579.7503975
2025-11-12 09:03:00+09:00,68040034.77889861
2025-11-12 09:04:00+09:00,67852338.13123268
2025-11-12 09:05:00+09:00,67852338.13123268
2025-11-12 09:06:00+09:00,68040034.77889861
2025-11-12 09:07:00+09:00,68509276.39806344
2025-11-12 09:08:00+09:00,68227731.42656454
2025-11-12 09:09:00+09:00,68227731.42656454
2025-11-12 09:10:00+09:00,68133883.10273159
2025-11-12 09:11:00+09:00,68040034.77889863
2025-11-12 09:12:00+09:00,68227731.42656456
2025-11-12 09:13:00+09:00,68227731.42656456
2025-11-12 09:14:00+09:00,68227731.42656456
2025-11-12 09:15:00+09:00,68040034.77889863
2025-11-12 09:16:00+09:00,68040034.77889863
2025-11-12 09:17:00+09:00,68040034.77889863
2025-11-12 09:18:00+09:00,68227731.42656456
2025-11-12 09:19:00+09:00,68133883.1027316
2025-11-12 09:20:00+09:00,68040034.77889864
2025-11-12 09:21:00+09:00,68040034.77889864
2025-11-12 09:22:00+09:00,68040034.77889864
2025-11-12 09:23:00+09:00,67946186.45506567
2025-11-12 09:24:00+09:00,68227731.42656456
2025-11-12 09:25:00+09:00,68696973.04572938
2025-11-12 09:26:00+09:00,68321579.75039753
2025-11-12 09:27:00+09:00,68321579.75039753
2025-11-12 09:28:00+09:00,68321579.75039753
2025-11-12 09:29:00+09:00,68133883.1027316
2025-11-12 09:30:00+09:00,68133883.1027316
2025-11-12 09:31:00+09:00,68227731.42656456
2025-11-12 09:32:00+09:00,68227731.42656456
2025-11-12 09:33:00+09:00,68040034.77889863
2025-11-12 09:34:00+09:00,68040034.77889863
2025-11-12 09:35:00+09:00,68227731.42656456
2025-11-12 09:36:00+09:00,68321579.75039752
2025-11-12 09:37:00+09:00,68603124.72189641
2025-11-12 09:38:00+09:00,68603124.72189641
2025-11-12 09:39:00+09:00,68415428.07423048
2025-11-12 09:40:00+09:00,68509276.39806344
2025-11-12 09:41:00+09:00,68227731.42656454
2025-11-12 09:42:00+09:00,68227731.42656454
2025-11-12 09:43:00+09:00,68133883.10273159
2025-11-12 09:44:00+09:00,68133883.10273159
2025-11-12 09:45:00+09:00,67758489.80739973
2025-11-12 09:46:00+09:00,67852338.13123271
2025-11-12 09:47:00+09:00,67669136.81827837
2025-11-12 09:48:00+09:00,67669136.81827837
2025-11-12 09:49:00+09:00,67669136.81827837
2025-11-12 09:50:00+09:00,67669136.81827837
2025-11-12 09:51:00+09:00,67669136.81827837
2025-11-12 09:52:00+09:00,67669136.81827837
2025-11-12 09:53:00+09:00,67669136.81827837
2025-11-12 09:54:00+09:00,67669136.81827837
2025-11-12 09:55:00+09:00,67669136.81827837
2025-11-12 09:56:00+09:00,67669136.81827837
2025-11-12 09:57:00+09:00,67669136.81827837
2025-11-12 09:58:00+09:00,67669136.81827837
2025-11-12 09:59:00+09:00,67669136.81827837
2025-11-12 10:00:00+09:00,67669136.81827837
2025-11-12 10:01:00+09:00,67669136.81827837
2025-11-12 10:02:00+09:00,67669136.81827837
2025-11-12 10:03:00+09:00,67669136.81827837
2025-11-12 10:04:00+09:00,67669136.81827837
2025-11-12 10:05:00+09:00,67669136.81827837
2025-11-12 10:06:00+09:00,67669136.81827837
2025-11-12 10:07:00+09:00,67669136.81827837
2025-11-12 10:08:00+09:00,67669136.81827837
2025-11-12 10:09:00+09:00,67669136.81827837
2025-11-12 10:10:00+09:00,67669136.81827837
2025-11-12 10:11:00+09:00,67669136.81827837
2025-11-12 10:12:00+09:00,67669136.81827837
2025-11-12 10:13:00+09:00,67669136.81827837
2025-11-12 10:14:00+09:00,67669136.81827837
2025-11-12 10:15:00+09:00,67669136.81827837
2025-11-12 10:16:00+09:00,67669136.81827837
2025-11-12 10:17:00+09:00,67669136.81827837
2025-11-12 10:18:00+09:00,67669136.81827837
2025-11-12 10:19:00+09:00,67669136.81827837
2025-11-12 10:20:00+09:00,67669136.81827837
2025-11-12 10:21:00+09:00,67669136.81827837
2025-11-12 10:22:00+09:00,67669136.81827837
2025-11-12 10:23:00+09:00,67669136.81827837
2025-11-12 10:24:00+09:00,67669136.81827837
2025-11-12 10:25:00+09:00,67669136.81827837
2025-11-12 10:26:00+09:00,67669136.81827837
2025-11-12 10:27:00+09:00,67669136.81827837
2025-11-12 10:28:00+09:00,67642069.16355106
2025-11-12 10:29:00+09:00,67826631.42593457
2025-11-12 10:30:00+09:00,67734350.29474282
2025-11-12 10:31:00+09:00,67918912.55712631
2025-11-12 10:32:00+09:00,67826631.42593457
2025-11-12 10:33:00+09:00,67826631.42593457
2025-11-12 10:34:00+09:00,67826631.42593457
2025-11-12 10:35:00+09:00,67688209.72914694
2025-11-12 10:36:00+09:00,67642069.16355106
2025-11-12 10:37:00+09:00,67642069.16355106
2025-11-12 10:38:00+09:00,67642069.16355106
2025-11-12 10:39:00+09:00,67642069.16355106
2025-11-12 10:40:00+09:00,67734350.29474281
2025-11-12 10:41:00+09:00,67826631.42593455
2025-11-12 10:42:00+09:00,67734350.29474281
2025-11-12 10:43:00+09:00,67734350.29474281
2025-11-12 10:44:00+09:00,67642069.16355106
2025-11-12 10:45:00+09:00,67549788.03235932
2025-11-12 10:46:00+09:00,67457506.90116757
2025-11-12 10:47:00+09:00,67549788.03235932
2025-11-12 10:48:00+09:00,67457506.90116757
2025-11-12 10:49:00+09:00,67365225.76997583
2025-11-12 10:50:00+09:00,67272944.63878408
2025-11-12 10:51:00+09:00,67180663.50759234
2025-11-12 10:52:00+09:00,67272944.63878408
2025-11-12 10:53:00+09:00,67091307.68825936
2025-11-12 10:54:00+09:00,67091307.68825936
2025-11-12 10:55:00+09:00,67091307.68825936
2025-11-12 10:56:00+09:00,67091307.68825936
2025-11-12 10:57:00+09:00,67091307.68825936
2025-11-12 10:58:00+09:00,67091307.68825936
2025-11-12 10:59:00+09:00,67091307.68825936
2025-11-12 11:00:00+09:00,67091307.68825936
2025-11-12 11:01:00+09:00,67091307.68825936
2025-11-12 11:02:00+09:00,67091307.68825936
2025-11-12 11:03:00+09:00,67091307.68825936
2025-11-12 11:04:00+09:00,67091307.68825936
2025-11-12 11:05:00+09:00,67064471.165184066
2025-11-12 11:06:00+09:00,66973102.67585821
2025-11-12 11:07:00+09:00,66973102.67585821
2025-11-12 11:08:00+09:00,66881734.18653234
2025-11-12 11:09:00+09:00,66790365.69720648
2025-11-12 11:10:00+09:00,66881734.18653235
2025-11-12 11:11:00+09:00,66790365.69720649
2025-11-12 11:12:00+09:00,66973102.67585822
2025-11-12 11:13:00+09:00,66973102.67585822
2025-11-12 11:14:00+09:00,67155839.65450996
2025-11-12 11:15:00+09:00,67155839.65450996
2025-11-12 11:16:00+09:00,67704050.59046516
2025-11-12 11:17:00+09:00,67795419.07979101
2025-11-12 11:18:00+09:00,67795419.07979101
2025-11-12 11:19:00+09:00,67612682.10113928
2025-11-12 11:20:00+09:00,67429945.12248755
2025-11-12 11:21:00+09:00,67338576.63316168
2025-11-12 11:22:00+09:00,67429945.12248755
2025-11-12 11:23:00+09:00,67155839.65450996
2025-11-12 11:24:00+09:00,67155839.65450996
2025-11-12 11:25:00+09:00,66881734.18653236
2025-11-12 11:26:00+09:00,67064471.16518408
2025-11-12 11:27:00+09:00,67247884.27065682
2025-11-12 11:28:00+09:00,67247884.27065682
2025-11-12 11:29:00+09:00,67247884.27065682
2025-11-12 11:30:00+09:00,67247884.27065682
2025-11-12 11:31:00+09:00,67247884.27065682
2025-11-12 11:32:00+09:00,67247884.27065682
2025-11-12 11:33:00+09:00,67247884.27065682
2025-11-12 11:34:00+09:00,67247884.27065682
2025-11-12 11:35:00+09:00,67247884.27065682
2025-11-12 11:36:00+09:00,67247884.27065682
2025-11-12 11:37:00+09:00,67247884.27065682
2025-11-12 11:38:00+09:00,67220985.11694856
2025-11-12 11:39:00+09:00,67040283.54405354
2025-11-12 11:40:00+09:00,67130634.33050105
2025-11-12 11:41:00+09:00,67130634.33050105
2025-11-12 11:42:00+09:00,66949932.75760602
2025-11-12 11:43:00+09:00,66859581.97115851
2025-11-12 11:44:00+09:00,67040283.54405353
2025-11-12 11:45:00+09:00,67040283.54405353
2025-11-12 11:46:00+09:00,67130634.33050105
2025-11-12 11:47:00+09:00,67130634.33050105
2025-11-12 11:48:00+09:00,66949932.75760602
2025-11-12 11:49:00+09:00,67220985.11694854
2025-11-12 11:50:00+09:00,67220985.11694854
2025-11-12 11:51:00+09:00,67220985.11694854
2025-11-12 11:52:00+09:00,67401686.68984357
2025-11-12 11:53:00+09:00,67763089.8356336
2025-11-12 11:54:00+09:00,67672739.0491861
2025-11-12 11:55:00+09:00,67763089.8356336
2025-11-12 11:56:00+09:00,67627563.65596233
2025-11-12 11:57:00+09:00,67582388.26273857
2025-11-12 11:58:00+09:00,67492037.47629106
2025-11-12 11:59:00+09:00,67401686.68984355
2025-11-12 12:00:00+09:00,67492037.47629106
2025-11-12 12:01:00+09:00,67492037.47629106
2025-11-12 12:02:00+09:00,67582388.26273857
2025-11-12 12:03:00+09:00,67672739.04918608
2025-11-12 12:04:00+09:00,68214843.76787116
2025-11-12 12:05:00+09:00,68214843.76787116
2025-11-12 12:06:00+09:00,67582388.26273857
2025-11-12 12:07:00+09:00,67582388.26273857
2025-11-12 12:08:00+09:00,67672739.04918608
2025-11-12 12:09:00+09:00,67492037.47629106
2025-11-12 12:10:00+09:00,67492037.47629106
2025-11-12 12:11:00+09:00,67492037.47629106
2025-11-12 12:12:00+09:00,67401686.68984355
2025-11-12 12:13:00+09:00,67311335.90339604
2025-11-12 12:14:00+09:00,67401686.68984355
2025-11-12 12:15:00+09:00,67401686.68984355
2025-11-12 12:16:00+09:00,67401686.68984355
2025-11-12 12:17:00+09:00,67311335.90339604
2025-11-12 12:18:00+09:00,67311335.90339604
2025-11-12 12:19:00+09:00,67401686.68984355
2025-11-12 12:20:00+09:00,67492037.47629106
2025-11-12 12:21:00+09:00,67311335.90339604
2025-11-12 12:22:00+09:00,67311335.90339604
2025-11-12 12:23:00+09:00,67311335.90339604
2025-11-12 12:24:00+09:00,67220985.11694853
2025-11-12 12:25:00+09:00,67220985.11694853
2025-11-12 12:26:00+09:00,67039488.457132764
2025-11-12 12:27:00+09:00,67039488.457132764
2025-11-12 12:28:00+09:00,67039488.457132764
2025-11-12 12:29:00+09:00,67039488.457132764
2025-11-12 12:30:00+09:00,67039488.457132764
2025-11-12 12:31:00+09:00,67039488.457132764
2025-11-12 12:32:00+09:00,67039488.457132764
2025-11-12 12:33:00+09:00,67039488.457132764
2025-11-12 12:34:00+09:00,67039488.457132764
2025-11-12 12:35:00+09:00,67039488.457132764
2025-11-12 12:36:00+09:00,67039488.457132764
2025-11-12 12:37:00+09:00,67039488.457132764
2025-11-12 12:38:00+09:00,67039488.457132764
2025-11-12 12:39:00+09:00,67039488.457132764
2025-11-12 12:40:00+09:00,67039488.457132764
2025-11-12 12:41:00+09:00,67039488.457132764
2025-11-12 12:42:00+09:00,67039488.457132764
2025-11-12 12:43:00+09:00,67039488.457132764
2025-11-12 12:44:00+09:00,67039488.457132764
2025-11-12 12:45:00+09:00,67039488.457132764
2025-11-12 12:46:00+09:00,67039488.457132764
2025-11-12 12:47:00+09:00,67039488.457132764
2025-11-12 12:48:00+09:00,67039488.457132764
2025-11-12 12:49:00+09:00,67039488.457132764
2025-11-12 12:50:00+09:00,67039488.457132764
2025-11-12 12:51:00+09:00,67039488.457132764
2025-11-12 12:52:00+09:00,67039488.457132764
2025-11-12 12:53:00+09:00,67039488.457132764
2025-11-12 12:54:00+09:00,67039488.457132764
2025-11-12 12:55:00+09:00,67039488.457132764
2025-11-12 12:56:00+09:00,67039488.457132764
2025-11-12 12:57:00+09:00,67039488.457132764
2025-11-12 12:58:00+09:00,67039488.457132764
2025-11-12 12:59:00+09:00,67039488.457132764
2025-11-12 13:00:00+09:00,67039488.457132764
2025-11-12 13:01:00+09:00,67039488.457132764
2025-11-12 13:02:00+09:00,67039488.457132764
2025-11-12 13:03:00+09:00,67039488.457132764
2025-11-12 13:04:00+09:00,67039488.457132764
2025-11-12 13:05:00+09:00,67039488.457132764
2025-11-12 13:06:00+09:00,67039488.457132764
2025-11-12 13:07:00+09:00,67039488.457132764
2025-11-12 13:08:00+09:00,67039488.457132764
2025-11-12 13:09:00+09:00,67039488.457132764
2025-11-12 13:10:00+09:00,67039488.457132764
2025-11-12 13:11:00+09:00,67039488.457132764
2025-11-12 13:12:00+09:00,67039488.457132764
2025-11-12 13:13:00+09:00,67039488.457132764
2025-11-12 13:14:00+09:00,67039488.457132764
2025-11-12 13:15:00+09:00,67039488.457132764
2025-11-12 13:16:00+09:00,67039488.457132764
2025-11-12 13:17:00+09:00,67039488.457132764
2025-11-12 13:18:00+09:00,67039488.457132764
2025-11-12 13:19:00+09:00,67039488.457132764
2025-11-12 13:20:00+09:00,67039488.457132764
2025-11-12 13:21:00+09:00,67039488.457132764
2025-11-12 13:22:00+09:00,67039488.457132764
2025-11-12 13:23:00+09:00,67039488.457132764
2025-11-12 13:24:00+09:00,67012672.661749914
2025-11-12 13:25:00+09:00,67012672.661749914
2025-11-12 13:26:00+09:00,66921686.9495276
2025-11-12 13:27:00+09:00,66921686.9495276
2025-11-12 13:28:00+09:00,66921686.9495276
2025-11-12 13:29:00+09:00,66921686.9495276
2025-11-12 13:30:00+09:00,66921686.9495276
2025-11-12 13:31:00+09:00,66921686.9495276
2025-11-12 13:32:00+09:00,66921686.9495276
2025-11-12 13:33:00+09:00,66921686.9495276
2025-11-12 13:34:00+09:00,66921686.9495276
2025-11-12 13:35:00+09:00,66921686.9495276
2025-11-12 13:36:00+09:00,66921686.9495276
2025-11-12 13:37:00+09:00,66921686.9495276
2025-11-12 13:38:00+09:00,66894918.27474779
2025-11-12 13:39:00+09:00,66714301.995405965
2025-11-12 13:40:00+09:00,66714301.995405965
2025-11-12 13:41:00+09:00,66714301.995405965
2025-11-12 13:42:00+09:00,66714301.995405965
2025-11-12 13:43:00+09:00,66714301.995405965
2025-11-12 13:44:00+09:00,66714301.995405965
2025-11-12 13:45:00+09:00,66714301.995405965
2025-11-12 13:46:00+09:00,66714301.995405965
2025-11-12 13:47:00+09:00,66714301.995405965
2025-11-12 13:48:00+09:00,66714301.995405965
2025-11-12 13:49:00+09:00,66714301.995405965
2025-11-12 13:50:00+09:00,66714301.995405965
2025-11-12 13:51:00+09:00,66714301.995405965
2025-11-12 13:52:00+09:00,66714301.995405965
2025-11-12 13:53:00+09:00,66714301.995405965
2025-11-12 13:54:00+09:00,66714301.995405965
2025-11-12 13:55:00+09:00,66714301.995405965
2025-11-12 13:56:00+09:00,66714301.995405965
2025-11-12 13:57:00+09:00,66714301.995405965
2025-11-12 13:58:00+09:00,66714301.995405965
2025-11-12 13:59:00+09:00,66714301.995405965
2025-11-12 14:00:00+09:00,66714301.995405965
2025-11-12 14:01:00+09:00,66714301.995405965
2025-11-12 14:02:00+09:00,66714301.995405965
2025-11-12 14:03:00+09:00,66714301.995405965
2025-11-12 14:04:00+09:00,66714301.995405965
2025-11-12 14:05:00+09:00,66714301.995405965
2025-11-12 14:06:00+09:00,66714301.995405965
2025-11-12 14:07:00+09:00,66714301.995405965
2025-11-12 14:08:00+09:00,66714301.995405965
2025-11-12 14:09:00+09:00,66714301.995405965
2025-11-12 14:10:00+09:00,66714301.995405965
2025-11-12 14:11:00+09:00,66714301.995405965
2025-11-12 14:12:00+09:00,66714301.995405965
2025-11-12 14:13:00+09:00,66714301.995405965
2025-11-12 14:14:00+09:00,66714301.995405965
2025-11-12 14:15:00+09:00,66714301.995405965
2025-11-12 14:16:00+09:00,66714301.995405965
2025-11-12 14:18:00+09:00,66714301.995405965
2025-11-12 14:19:00+09:00,66714301.995405965
2025-11-12 14:20:00+09:00,66687616.27460781
2025-11-12 14:21:00+09:00,66687616.27460781
2025-11-12 14:22:00+09:00,66687616.27460781
2025-11-12 14:23:00+09:00,66777009.86210728
2025-11-12 14:24:00+09:00,66866403.449606754
2025-11-12 14:25:00+09:00,66777009.86210728
2025-11-12 14:26:00+09:00,66866403.449606754
2025-11-12 14:27:00+09:00,66777009.86210728
2025-11-12 14:28:00+09:00,66687616.2746078
2025-11-12 14:29:00+09:00,66777009.86210727
2025-11-12 14:30:00+09:00,66777009.86210727
2025-11-12 14:31:00+09:00,66598222.687108316
2025-11-12 14:32:00+09:00,66687616.274607785
2025-11-12 14:33:00+09:00,66596711.93547956
2025-11-12 14:34:00+09:00,66596711.93547956
2025-11-12 14:35:00+09:00,66596711.93547956
2025-11-12 14:36:00+09:00,66596711.93547956
2025-11-12 14:37:00+09:00,66596711.93547956
2025-11-12 14:38:00+09:00,66596711.93547956
2025-11-12 14:39:00+09:00,66596711.93547956
2025-11-12 14:40:00+09:00,66596711.93547956
2025-11-12 14:41:00+09:00,66596711.93547956
2025-11-12 14:42:00+09:00,66596711.93547956
2025-11-12 14:43:00+09:00,66596711.93547956
2025-11-12 14:44:00+09:00,66596711.93547956
2025-11-12 14:45:00+09:00,66596711.93547956
2025-11-12 14:46:00+09:00,66596711.93547956
2025-11-12 14:47:00+09:00,66596711.93547956
2025-11-12 14:48:00+09:00,66596711.93547956
2025-11-12 14:49:00+09:00,66596711.93547956
2025-11-12 14:50:00+09:00,66570073.25070537
2025-11-12 14:51:00+09:00,66481194.648234464
2025-11-12 14:52:00+09:00,66481194.648234464
2025-11-12 14:53:00+09:00,66392316.04576356
2025-11-12 14:54:00+09:00,66303437.443292655
2025-11-12 14:55:00+09:00,66303437.443292655
2025-11-12 14:56:00+09:00,66392316.04576355
2025-11-12 14:57:00+09:00,66481194.64823446
2025-11-12 14:58:00+09:00,66658951.85317626
2025-11-12 14:59:00+09:00,66481194.64823445
2025-11-12 15:00:00+09:00,66303437.44329265
2025-11-12 15:01:00+09:00,66392316.045763545
2025-11-12 15:02:00+09:00,66213056.79243998
2025-11-12 15:03:00+09:00,66213056.79243998
2025-11-12 15:04:00+09:00,66213056.79243998
2025-11-12 15:05:00+09:00,66213056.79243998
2025-11-12 15:06:00+09:00,66213056.79243998
2025-11-12 15:07:00+09:00,66213056.79243998
2025-11-12 15:08:00+09:00,66213056.79243998
2025-11-12 15:09:00+09:00,66213056.79243998
2025-11-12 15:10:00+09:00,66213056.79243998
2025-11-12 15:11:00+09:00,66213056.79243998
2025-11-12 15:12:00+09:00,66213056.79243998
2025-11-12 15:13:00+09:00,66213056.79243998
2025-11-12 15:14:00+09:00,66213056.79243998
2025-11-12 15:15:00+09:00,66186571.56972301
2025-11-12 15:16:00+09:00,66096231.77270495
2025-11-12 15:17:00+09:00,66096231.77270495
2025-11-12 15:18:00+09:00,66096231.77270495
2025-11-12 15:19:00+09:00,66096231.77270495
2025-11-12 15:30:00+09:00,66096231.77270495
2025-11-12 15:35:00+09:00,66096231.77270495
2025-11-13 10:00:00+09:00,66096231.77270495
2025-11-13 10:01:00+09:00,66096231.77270495
2025-11-13 10:02:00+09:00,66096231.77270495
2025-11-13 10:03:00+09:00,66096231.77270495
2025-11-13 10:04:00+09:00,66096231.77270495
2025-11-13 10:05:00+09:00,66096231.77270495
2025-11-13 10:06:00+09:00,66096231.77270495
2025-11-13 10:07:00+09:00,66096231.77270495
2025-11-13 10:08:00+09:00,66096231.77270495
2025-11-13 10:09:00+09:00,66096231.77270495
2025-11-13 10:10:00+09:00,66096231.77270495
2025-11-13 10:11:00+09:00,66096231.77270495
2025-11-13 10:12:00+09:00,66096231.77270495
2025-11-13 10:13:00+09:00,66096231.77270495
2025-11-13 10:14:00+09:00,66096231.77270495
2025-11-13 10:15:00+09:00,66096231.77270495
2025-11-13 10:16:00+09:00,66096231.77270495
2025-11-13 10:17:00+09:00,66096231.77270495
2025-11-13 10:18:00+09:00,66096231.77270495
2025-11-13 10:19:00+09:00,66096231.77270495
2025-11-13 10:20:00+09:00,66096231.77270495
2025-11-13 10:21:00+09:00,66096231.77270495
2025-11-13 10:22:00+09:00,66096231.77270495
2025-11-13 10:23:00+09:00,66096231.77270495
2025-11-13 10:24:00+09:00,66069793.27999587
2025-11-13 10:25:00+09:00,65938528.79003562
2025-11-13 10:26:00+09:00,65982283.62002238
2025-11-13 10:27:00+09:00,65894773.96004888
2025-11-13 10:28:00+09:00,65894773.96004888
2025-11-13 10:29:00+09:00,65632244.98012836
2025-11-13 10:30:00+09:00,65544735.32015486
2025-11-13 10:31:00+09:00,66069793.279995896
2025-11-13 10:32:00+09:00,65894773.960048884
2025-11-13 10:33:00+09:00,66332322.25991641
2025-11-13 10:34:00+09:00,66419831.91988991
2025-11-13 10:35:00+09:00,66419831.91988991
2025-11-13 10:36:00+09:00,66332322.25991641
2025-11-13 10:37:00+09:00,66857380.21975744
2025-11-13 10:38:00+09:00,67557457.49954547
2025-11-13 10:39:00+09:00,67644967.15951897
2025-11-13 10:40:00+09:00,67294928.51962496
2025-11-13 10:41:00+09:00,67557457.49954548
2025-11-13 10:42:00+09:00,67907496.13943951
2025-11-13 10:43:00+09:00,68520063.75925404
2025-11-13 10:44:00+09:00,68082515.45938651
2025-11-13 10:45:00+09:00,67382438.17959848
2025-11-13 10:46:00+09:00,67119909.19967797
2025-11-13 10:47:00+09:00,67382438.1795985
2025-11-13 10:48:00+09:00,67644967.159519
2025-11-13 10:49:00+09:00,67294928.519625
2025-11-13 10:50:00+09:00,66857380.21975747
2025-11-13 10:51:00+09:00,66944889.87973098
2025-11-13 10:52:00+09:00,67032399.53970448
2025-11-13 10:53:00+09:00,67032399.53970448
2025-11-13 10:54:00+09:00,66944889.87973098
2025-11-13 10:55:00+09:00,67032399.53970448
2025-11-13 10:56:00+09:00,67032399.53970448
2025-11-13 10:57:00+09:00,66944889.87973098
2025-11-13 10:58:00+09:00,67294928.519625
2025-11-13 10:59:00+09:00,67032399.53970448
2025-11-13 11:00:00+09:00,67382438.1795985
2025-11-13 11:01:00+09:00,67557457.4995455
2025-11-13 11:02:00+09:00,67557457.4995455
2025-11-13 11:03:00+09:00,67469947.839572
2025-11-13 11:04:00+09:00,67294928.519625
2025-11-13 11:05:00+09:00,67557457.49954551
2025-11-13 11:06:00+09:00,67294928.519625
2025-11-13 11:07:00+09:00,67557457.49954551
2025-11-13 11:08:00+09:00,67207418.85965149
2025-11-13 11:09:00+09:00,67119909.19967799
2025-11-13 11:10:00+09:00,67119909.19967799
2025-11-13 11:11:00+09:00,67119909.19967799
2025-11-13 11:12:00+09:00,67207418.8596515
2025-11-13 11:13:00+09:00,67032399.5397045
2025-11-13 11:14:00+09:00,67032399.5397045
2025-11-13 11:15:00+09:00,66682360.89981048
2025-11-13 11:16:00+09:00,67032399.539704494
2025-11-13 11:17:00+09:00,66764138.67705572
2025-11-13 11:18:00+09:00,66764138.67705572
2025-11-13 11:19:00+09:00,66764138.67705572
2025-11-13 11:20:00+09:00,66764138.67705572
2025-11-13 11:21:00+09:00,66764138.67705572
2025-11-13 11:22:00+09:00,66764138.67705572
2025-11-13 11:23:00+09:00,66764138.67705572
2025-11-13 11:24:00+09:00,66764138.67705572
2025-11-13 11:25:00+09:00,66764138.67705572
2025-11-13 11:26:00+09:00,66764138.67705572
2025-11-13 11:27:00+09:00,66764138.67705572
2025-11-13 11:28:00+09:00,66764138.67705572
2025-11-13 11:29:00+09:00,66764138.67705572
2025-11-13 11:30:00+09:00,66764138.67705572
2025-11-13 11:31:00+09:00,66764138.67705572
2025-11-13 11:32:00+09:00,66764138.67705572
2025-11-13 11:33:00+09:00,66764138.67705572
2025-11-13 11:34:00+09:00,66764138.67705572
2025-11-13 11:35:00+09:00,66764138.67705572
2025-11-13 11:36:00+09:00,66764138.67705572
2025-11-13 11:37:00+09:00,66764138.67705572
2025-11-13 11:38:00+09:00,66764138.67705572
2025-11-13 11:39:00+09:00,66764138.67705572
2025-11-13 11:40:00+09:00,66764138.67705572
2025-11-13 11:41:00+09:00,66764138.67705572
2025-11-13 11:42:00+09:00,66764138.67705572
2025-11-13 11:43:00+09:00,66764138.67705572
2025-11-13 11:44:00+09:00,66737433.0215849
2025-11-13 11:45:00+09:00,66650761.03064778
2025-11-13 11:46:00+09:00,66824105.01252202
2025-11-13 11:47:00+09:00,66910777.00345914
2025-11-13 11:48:00+09:00,67170792.97627051
2025-11-13 11:49:00+09:00,66997448.99439627
2025-11-13 11:50:00+09:00,67084120.98533339
2025-11-13 11:51:00+09:00,67170792.97627051
2025-11-13 11:52:00+09:00,66997448.99439627
2025-11-13 11:53:00+09:00,66650761.03064778
2025-11-13 11:54:00+09:00,66564089.039710656
2025-11-13 11:55:00+09:00,66650761.03064778
2025-11-13 11:56:00+09:00,66384365.99930344
2025-11-13 11:57:00+09:00,66384365.99930344
2025-11-13 11:58:00+09:00,66384365.99930344
2025-11-13 11:59:00+09:00,66384365.99930344
2025-11-13 12:00:00+09:00,66384365.99930344
2025-11-13 12:01:00+09:00,66384365.99930344
2025-11-13 12:02:00+09:00,66384365.99930344
2025-11-13 12:03:00+09:00,66384365.99930344
2025-11-13 12:04:00+09:00,66384365.99930344
2025-11-13 12:05:00+09:00,66384365.99930344
2025-11-13 12:06:00+09:00,66384365.99930344
2025-11-13 12:07:00+09:00,66384365.99930344
2025-11-13 12:08:00+09:00,66357812.25290372
2025-11-13 12:09:00+09:00,66271633.2759519
2025-11-13 12:10:00+09:00,66185454.29900008
2025-11-13 12:11:00+09:00,66357812.25290373
2025-11-13 12:12:00+09:00,66178646.159820884
2025-11-13 12:13:00+09:00,66178646.159820884
2025-11-13 12:14:00+09:00,66178646.159820884
2025-11-13 12:15:00+09:00,66178646.159820884
2025-11-13 12:16:00+09:00,66178646.159820884
2025-11-13 12:17:00+09:00,66178646.159820884
2025-11-13 12:18:00+09:00,66178646.159820884
2025-11-13 12:19:00+09:00,66178646.159820884
2025-11-13 12:20:00+09:00,66178646.159820884
2025-11-13 12:21:00+09:00,66178646.159820884
2025-11-13 12:22:00+09:00,66178646.159820884
2025-11-13 12:23:00+09:00,66178646.159820884
2025-11-13 12:24:00+09:00,66178646.159820884
2025-11-13 12:25:00+09:00,66178646.159820884
2025-11-13 12:26:00+09:00,66178646.159820884
2025-11-13 12:27:00+09:00,66178646.159820884
2025-11-13 12:28:00+09:00,66178646.159820884
2025-11-13 12:29:00+09:00,66178646.159820884
2025-11-13 12:30:00+09:00,66178646.159820884
2025-11-13 12:31:00+09:00,66178646.159820884
2025-11-13 12:32:00+09:00,66178646.159820884
2025-11-13 12:33:00+09:00,66178646.159820884
2025-11-13 12:34:00+09:00,66178646.159820884
2025-11-13 12:35:00+09:00,66178646.159820884
2025-11-13 12:36:00+09:00,66178646.159820884
2025-11-13 12:37:00+09:00,66178646.159820884
2025-11-13 12:38:00+09:00,66178646.159820884
2025-11-13 12:39:00+09:00,66178646.159820884
2025-11-13 12:40:00+09:00,66178646.159820884
2025-11-13 12:41:00+09:00,66178646.159820884
2025-11-13 12:42:00+09:00,66178646.159820884
2025-11-13 12:43:00+09:00,66178646.159820884
2025-11-13 12:44:00+09:00,66178646.159820884
2025-11-13 12:45:00+09:00,66178646.159820884
2025-11-13 12:46:00+09:00,66178646.159820884
2025-11-13 12:47:00+09:00,66178646.159820884
2025-11-13 12:48:00+09:00,66178646.159820884
2025-11-13 12:49:00+09:00,66178646.159820884
2025-11-13 12:50:00+09:00,66178646.159820884
2025-11-13 12:51:00+09:00,66178646.159820884
2025-11-13 12:52:00+09:00,66178646.159820884
2025-11-13 12:53:00+09:00,66178646.159820884
2025-11-13 12:54:00+09:00,66178646.159820884
2025-11-13 12:55:00+09:00,66178646.159820884
2025-11-13 12:56:00+09:00,66178646.159820884
2025-11-13 12:57:00+09:00,66178646.159820884
2025-11-13 12:58:00+09:00,66178646.159820884
2025-11-13 12:59:00+09:00,66178646.159820884
2025-11-13 13:00:00+09:00,66178646.159820884
2025-11-13 13:01:00+09:00,66178646.159820884
2025-11-13 13:02:00+09:00,66178646.159820884
2025-11-13 13:03:00+09:00,66178646.159820884
2025-11-13 13:04:00+09:00,66178646.159820884
2025-11-13 13:05:00+09:00,66178646.159820884
2025-11-13 13:06:00+09:00,66178646.159820884
2025-11-13 13:07:00+09:00,66178646.159820884
2025-11-13 13:08:00+09:00,66178646.159820884
2025-11-13 13:09:00+09:00,66178646.159820884
2025-11-13 13:10:00+09:00,66178646.159820884
2025-11-13 13:11:00+09:00,66178646.159820884
2025-11-13 13:12:00+09:00,66178646.159820884
2025-11-13 13:13:00+09:00,66178646.159820884
2025-11-13 13:14:00+09:00,66178646.159820884
2025-11-13 13:15:00+09:00,66178646.159820884
2025-11-13 13:16:00+09:00,66178646.159820884
2025-11-13 13:17:00+09:00,66178646.159820884
2025-11-13 13:18:00+09:00,66178646.159820884
2025-11-13 13:19:00+09:00,66178646.159820884
2025-11-13 13:20:00+09:00,66178646.159820884
2025-11-13 13:21:00+09:00,66178646.159820884
2025-11-13 13:22:00+09:00,66178646.159820884
2025-11-13 13:23:00+09:00,66178646.159820884
2025-11-13 13:24:00+09:00,66178646.159820884
2025-11-13 13:25:00+09:00,66178646.159820884
2025-11-13 13:26:00+09:00,66178646.159820884
2025-11-13 13:27:00+09:00,66178646.159820884
2025-11-13 13:28:00+09:00,66178646.159820884
2025-11-13 13:29:00+09:00,66178646.159820884
2025-11-13 13:30:00+09:00,66178646.159820884
2025-11-13 13:31:00+09:00,66178646.159820884
2025-11-13 13:32:00+09:00,66178646.159820884
2025-11-13 13:33:00+09:00,66178646.159820884
2025-11-13 13:34:00+09:00,66178646.159820884
2025-11-13 13:35:00+09:00,66178646.159820884
2025-11-13 13:36:00+09:00,66178646.159820884
2025-11-13 13:37:00+09:00,66178646.159820884
2025-11-13 13:38:00+09:00,66178646.159820884
2025-11-13 13:39:00+09:00,66178646.159820884
2025-11-13 13:40:00+09:00,66178646.159820884
2025-11-13 13:41:00+09:00,66178646.159820884
2025-11-13 13:42:00+09:00,66178646.159820884
2025-11-13 13:43:00+09:00,66178646.159820884
2025-11-13 13:44:00+09:00,66178646.159820884
2025-11-13 13:45:00+09:00,66178646.159820884
2025-11-13 13:46:00+09:00,66178646.159820884
2025-11-13 13:47:00+09:00,66178646.159820884
2025-11-13 13:48:00+09:00,66178646.159820884
2025-11-13 13:49:00+09:00,66178646.159820884
2025-11-13 13:50:00+09:00,66178646.159820884
2025-11-13 13:51:00+09:00,66178646.159820884
2025-11-13 13:52:00+09:00,66178646.159820884
2025-11-13 13:53:00+09:00,66178646.159820884
2025-11-13 13:54:00+09:00,66178646.159820884
2025-11-13 13:55:00+09:00,66178646.159820884
2025-11-13 13:56:00+09:00,66178646.159820884
2025-11-13 13:57:00+09:00,66178646.159820884
2025-11-13 13:58:00+09:00,66178646.159820884
2025-11-13 13:59:00+09:00,66178646.159820884
2025-11-13 14:00:00+09:00,66178646.159820884
2025-11-13 14:01:00+09:00,66178646.159820884
2025-11-13 14:02:00+09:00,66178646.159820884
2025-11-13 14:03:00+09:00,66178646.159820884
2025-11-13 14:04:00+09:00,66178646.159820884
2025-11-13 14:05:00+09:00,66178646.159820884
2025-11-13 14:06:00+09:00,66178646.159820884
2025-11-13 14:07:00+09:00,66178646.159820884
2025-11-13 14:08:00+09:00,66178646.159820884
2025-11-13 14:09:00+09:00,66178646.159820884
2025-11-13 14:10:00+09:00,66178646.159820884
2025-11-13 14:11:00+09:00,66178646.159820884
2025-11-13 14:12:00+09:00,66178646.159820884
2025-11-13 14:13:00+09:00,66178646.159820884
2025-11-13 14:14:00+09:00,66178646.159820884
2025-11-13 14:15:00+09:00,66178646.159820884
2025-11-13 14:16:00+09:00,66178646.159820884
2025-11-13 14:17:00+09:00,66178646.159820884
2025-11-13 14:18:00+09:00,66178646.159820884
2025-11-13 14:19:00+09:00,66178646.159820884
2025-11-13 14:20:00+09:00,66178646.159820884
2025-11-13 14:21:00+09:00,66178646.159820884
2025-11-13 14:22:00+09:00,66178646.159820884
2025-11-13 14:23:00+09:00,66178646.159820884
2025-11-13 14:24:00+09:00,66178646.159820884
2025-11-13 14:25:00+09:00,66178646.159820884
2025-11-13 14:26:00+09:00,66178646.159820884
2025-11-13 14:27:00+09:00,66178646.159820884
2025-11-13 14:28:00+09:00,66178646.159820884
2025-11-13 14:29:00+09:00,66178646.159820884
2025-11-13 14:30:00+09:00,66178646.159820884
2025-11-13 14:31:00+09:00,66178646.159820884
2025-11-13 14:32:00+09:00,66178646.159820884
2025-11-13 14:33:00+09:00,66178646.159820884
2025-11-13 14:34:00+09:00,66178646.159820884
2025-11-13 14:35:00+09:00,66178646.159820884
2025-11-13 14:36:00+09:00,66178646.159820884
2025-11-13 14:37:00+09:00,66178646.159820884
2025-11-13 14:38:00+09:00,66178646.159820884
2025-11-13 14:39:00+09:00,66178646.159820884
2025-11-13 14:40:00+09:00,66178646.159820884
2025-11-13 14:41:00+09:00,66178646.159820884
2025-11-13 14:42:00+09:00,66178646.159820884
2025-11-13 14:43:00+09:00,66178646.159820884
2025-11-13 14:44:00+09:00,66178646.159820884
2025-11-13 14:45:00+09:00,66178646.159820884
2025-11-13 14:46:00+09:00,66178646.159820884
2025-11-13 14:47:00+09:00,66178646.159820884
2025-11-13 14:48:00+09:00,66178646.159820884
2025-11-13 14:49:00+09:00,66178646.159820884
2025-11-13 14:50:00+09:00,66178646.159820884
2025-11-13 14:51:00+09:00,66178646.159820884
2025-11-13 14:52:00+09:00,66178646.159820884
2025-11-13 14:53:00+09:00,66178646.159820884
2025-11-13 14:54:00+09:00,66178646.159820884
2025-11-13 14:55:00+09:00,66178646.159820884
2025-11-13 14:56:00+09:00,66178646.159820884
2025-11-13 14:57:00+09:00,66178646.159820884
2025-11-13 14:58:00+09:00,66178646.159820884
2025-11-13 14:59:00+09:00,66178646.159820884
2025-11-13 15:00:00+09:00,66178646.159820884
2025-11-13 15:01:00+09:00,66178646.159820884
2025-11-13 15:02:00+09:00,66178646.159820884
2025-11-13 15:03:00+09:00,66178646.159820884
2025-11-13 15:04:00+09:00,66178646.159820884
2025-11-13 15:05:00+09:00,66178646.159820884
2025-11-13 15:06:00+09:00,66178646.159820884
2025-11-13 15:07:00+09:00,66178646.159820884
2025-11-13 15:08:00+09:00,66178646.159820884
2025-11-13 15:09:00+09:00,66178646.159820884
2025-11-13 15:10:00+09:00,66178646.159820884
2025-11-13 15:11:00+09:00,66178646.159820884
2025-11-13 15:12:00+09:00,66178646.159820884
2025-11-13 15:13:00+09:00,66178646.159820884
2025-11-13 15:14:00+09:00,66178646.159820884
2025-11-13 15:15:00+09:00,66178646.159820884
2025-11-13 15:16:00+09:00,66178646.159820884
2025-11-13 15:17:00+09:00,66178646.159820884
2025-11-13 15:18:00+09:00,66178646.159820884
2025-11-13 15:19:00+09:00,66178646.159820884
2025-11-13 15:20:00+09:00,66178646.159820884
2025-11-13 15:21:00+09:00,66178646.159820884
2025-11-13 15:22:00+09:00,66178646.159820884
2025-11-13 15:23:00+09:00,66178646.159820884
2025-11-13 15:24:00+09:00,66178646.159820884
2025-11-13 15:25:00+09:00,66178646.159820884
2025-11-13 15:26:00+09:00,66178646.159820884
2025-11-13 15:27:00+09:00,66152174.70135696
2025-11-13 15:28:00+09:00,66064089.24902493
2025-11-13 15:29:00+09:00,66064089.24902493
2025-11-13 15:30:00+09:00,66152174.70135696
2025-11-13 15:31:00+09:00,66240260.153689004
2025-11-13 15:32:00+09:00,66416431.05835307
2025-11-13 15:33:00+09:00,66416431.05835307
2025-11-13 15:34:00+09:00,66416431.05835307
2025-11-13 15:35:00+09:00,66416431.05835307
2025-11-13 15:36:00+09:00,66328345.60602103
2025-11-13 15:37:00+09:00,66328345.60602103
2025-11-13 15:38:00+09:00,66240260.153689
2025-11-13 15:39:00+09:00,66152174.70135696
2025-11-13 15:40:00+09:00,66240260.153689004
2025-11-13 15:41:00+09:00,66152174.70135697
2025-11-13 15:42:00+09:00,65976003.79669291
2025-11-13 15:43:00+09:00,65976003.79669291
2025-11-13 15:44:00+09:00,65973563.829663314
2025-11-13 15:45:00+09:00,65973563.829663314
2025-11-13 15:46:00+09:00,65973563.829663314
2025-11-13 15:47:00+09:00,65973563.829663314
2025-11-13 15:48:00+09:00,65973563.829663314
2025-11-13 15:49:00+09:00,65973563.829663314
2025-11-13 15:50:00+09:00,65973563.829663314
2025-11-13 15:51:00+09:00,65973563.829663314
2025-11-13 15:52:00+09:00,65973563.829663314
2025-11-13 15:53:00+09:00,65973563.829663314
2025-11-13 15:54:00+09:00,65973563.829663314
2025-11-13 15:55:00+09:00,65973563.829663314
2025-11-13 15:56:00+09:00,65973563.829663314
2025-11-13 15:57:00+09:00,65973563.829663314
2025-11-13 15:58:00+09:00,65973563.829663314
2025-11-13 15:59:00+09:00,65973563.829663314
2025-11-13 16:00:00+09:00,65973563.829663314
2025-11-13 16:01:00+09:00,65973563.829663314
2025-11-13 16:03:00+09:00,65973563.829663314
2025-11-13 16:04:00+09:00,65973563.829663314
2025-11-13 16:05:00+09:00,65973563.829663314
2025-11-13 16:06:00+09:00,65973563.829663314
2025-11-13 16:07:00+09:00,65973563.829663314
2025-11-13 16:08:00+09:00,65973563.829663314
2025-11-13 16:09:00+09:00,65973563.829663314
2025-11-13 16:10:00+09:00,65973563.829663314
2025-11-13 16:11:00+09:00,65973563.829663314
2025-11-13 16:12:00+09:00,65973563.829663314
2025-11-13 16:13:00+09:00,65973563.829663314
2025-11-13 16:14:00+09:00,65973563.829663314
2025-11-13 16:15:00+09:00,65973563.829663314
2025-11-13 16:16:00+09:00,65973563.829663314
2025-11-13 16:17:00+09:00,65973563.829663314
2025-11-13 16:18:00+09:00,65973563.829663314
2025-11-13 16:19:00+09:00,65973563.829663314
2025-11-13 16:30:00+09:00,65973563.829663314
2025-11-13 16:35:00+09:00,65973563.829663314
2025-11-14 09:00:00+09:00,65973563.829663314
2025-11-14 09:01:00+09:00,65973563.829663314
2025-11-14 09:02:00+09:00,65973563.829663314
2025-11-14 09:03:00+09:00,65973563.829663314
2025-11-14 09:04:00+09:00,65973563.829663314
2025-11-14 09:05:00+09:00,65973563.829663314
2025-11-14 09:06:00+09:00,65973563.829663314
2025-11-14 09:07:00+09:00,65973563.829663314
2025-11-14 09:08:00+09:00,65973563.829663314
2025-11-14 09:09:00+09:00,65973563.829663314
2025-11-14 09:10:00+09:00,65973563.829663314
2025-11-14 09:11:00+09:00,65973563.829663314
2025-11-14 09:12:00+09:00,65973563.829663314
2025-11-14 09:13:00+09:00,65973563.829663314
2025-11-14 09:14:00+09:00,65973563.829663314
2025-11-14 09:15:00+09:00,65973563.829663314
2025-11-14 09:16:00+09:00,65973563.829663314
2025-11-14 09:17:00+09:00,65973563.829663314
2025-11-14 09:18:00+09:00,65973563.829663314
2025-11-14 09:19:00+09:00,65973563.829663314
2025-11-14 09:20:00+09:00,65973563.829663314
2025-11-14 09:21:00+09:00,65973563.829663314
2025-11-14 09:22:00+09:00,65973563.829663314
2025-11-14 09:23:00+09:00,65973563.829663314
2025-11-14 09:24:00+09:00,65973563.829663314
2025-11-14 09:25:00+09:00,65973563.829663314
2025-11-14 09:26:00+09:00,65973563.829663314
2025-11-14 09:27:00+09:00,65973563.829663314
2025-11-14 09:28:00+09:00,65973563.829663314
2025-11-14 09:29:00+09:00,65973563.829663314
2025-11-14 09:30:00+09:00,65973563.829663314
2025-11-14 09:31:00+09:00,65973563.829663314
2025-11-14 09:32:00+09:00,65973563.829663314
2025-11-14 09:33:00+09:00,65973563.829663314
2025-11-14 09:34:00+09:00,65973563.829663314
2025-11-14 09:35:00+09:00,65973563.829663314
2025-11-14 09:36:00+09:00,65973563.829663314
2025-11-14 09:37:00+09:00,65973563.829663314
2025-11-14 09:38:00+09:00,65973563.829663314
2025-11-14 09:39:00+09:00,65973563.829663314
2025-11-14 09:40:00+09:00,65947174.40413145
2025-11-14 09:41:00+09:00,66035339.07579472
2025-11-14 09:42:00+09:00,66035339.07579472
2025-11-14 09:43:00+09:00,66211668.41912127
2025-11-14 09:44:00+09:00,66211668.41912127
2025-11-14 09:45:00+09:00,65947174.404131435
2025-11-14 09:46:00+09:00,65947174.404131435
2025-11-14 09:47:00+09:00,66476162.4341111
2025-11-14 09:48:00+09:00,66299833.09078454
2025-11-14 09:49:00+09:00,66211668.419121265
2025-11-14 09:50:00+09:00,66123503.74745799
2025-11-14 09:51:00+09:00,65947174.404131435
2025-11-14 09:52:00+09:00,65947174.404131435
2025-11-14 09:53:00+09:00,65903092.0682998
2025-11-14 09:54:00+09:00,65770845.06080489
2025-11-14 09:55:00+09:00,65682680.38914161
2025-11-14 09:56:00+09:00,65593263.77914071
2025-11-14 09:57:00+09:00,65593263.77914071
2025-11-14 09:58:00+09:00,65593263.77914071
2025-11-14 09:59:00+09:00,65593263.77914071
2025-11-14 10:00:00+09:00,65593263.77914071
2025-11-14 10:01:00+09:00,65593263.77914071
2025-11-14 10:02:00+09:00,65593263.77914071
2025-11-14 10:03:00+09:00,65593263.77914071
2025-11-14 10:04:00+09:00,65593263.77914071
2025-11-14 10:05:00+09:00,65593263.77914071
2025-11-14 10:06:00+09:00,65593263.77914071
2025-11-14 10:07:00+09:00,65593263.77914071
2025-11-14 10:08:00+09:00,65593263.77914071
2025-11-14 10:09:00+09:00,65593263.77914071
2025-11-14 10:10:00+09:00,65593263.77914071
2025-11-14 10:11:00+09:00,65593263.77914071
2025-11-14 10:12:00+09:00,65593263.77914071
2025-11-14 10:13:00+09:00,65593263.77914071
2025-11-14 10:14:00+09:00,65593263.77914071
2025-11-14 10:15:00+09:00,65593263.77914071
2025-11-14 10:16:00+09:00,65593263.77914071
2025-11-14 10:17:00+09:00,65593263.77914071
2025-11-14 10:18:00+09:00,65593263.77914071
2025-11-14 10:19:00+09:00,65593263.77914071
2025-11-14 10:20:00+09:00,65593263.77914071
2025-11-14 10:21:00+09:00,65593263.77914071
2025-11-14 10:22:00+09:00,65593263.77914071
2025-11-14 10:23:00+09:00,65593263.77914071
2025-11-14 10:24:00+09:00,65593263.77914071
2025-11-14 10:25:00+09:00,65593263.77914071
2025-11-14 10:26:00+09:00,65593263.77914071
2025-11-14 10:27:00+09:00,65593263.77914071
2025-11-14 10:28:00+09:00,65593263.77914071
2025-11-14 10:29:00+09:00,65593263.77914071
2025-11-14 10:30:00+09:00,65593263.77914071
2025-11-14 10:31:00+09:00,65593263.77914071
2025-11-14 10:32:00+09:00,65593263.77914071
2025-11-14 10:33:00+09:00,65593263.77914071
2025-11-14 10:34:00+09:00,65593263.77914071
2025-11-14 10:35:00+09:00,65593263.77914071
2025-11-14 10:36:00+09:00,65593263.77914071
2025-11-14 10:37:00+09:00,65593263.77914071
2025-11-14 10:38:00+09:00,65593263.77914071
2025-11-14 10:39:00+09:00,65593263.77914071
2025-11-14 10:40:00+09:00,65593263.77914071
2025-11-14 10:41:00+09:00,65593263.77914071
2025-11-14 10:42:00+09:00,65593263.77914071
2025-11-14 10:43:00+09:00,65593263.77914071
2025-11-14 10:44:00+09:00,65593263.77914071
2025-11-14 10:45:00+09:00,65593263.77914071
2025-11-14 10:46:00+09:00,65593263.77914071
2025-11-14 10:47:00+09:00,65593263.77914071
2025-11-14 10:48:00+09:00,65593263.77914071
2025-11-14 10:49:00+09:00,65593263.77914071
2025-11-14 10:50:00+09:00,65593263.77914071
2025-11-14 10:51:00+09:00,65593263.77914071
2025-11-14 10:52:00+09:00,65593263.77914071
2025-11-14 10:53:00+09:00,65593263.77914071
2025-11-14 10:54:00+09:00,65593263.77914071
2025-11-14 10:55:00+09:00,65593263.77914071
2025-11-14 10:56:00+09:00,65593263.77914071
2025-11-14 10:57:00+09:00,65593263.77914071
2025-11-14 10:58:00+09:00,65593263.77914071
2025-11-14 10:59:00+09:00,65593263.77914071
2025-11-14 11:00:00+09:00,65567026.47362906
2025-11-14 11:01:00+09:00,65567026.47362906
2025-11-14 11:02:00+09:00,65567026.47362906
2025-11-14 11:03:00+09:00,65479252.67647561
2025-11-14 11:04:00+09:00,65479252.67647561
2025-11-14 11:05:00+09:00,65479252.67647561
2025-11-14 11:06:00+09:00,65567026.47362905
2025-11-14 11:07:00+09:00,65479252.6764756
2025-11-14 11:08:00+09:00,65479252.6764756
2025-11-14 11:09:00+09:00,65567026.47362904
2025-11-14 11:10:00+09:00,65567026.47362904
2025-11-14 11:11:00+09:00,65479252.67647559
2025-11-14 11:12:00+09:00,65567026.473629035
2025-11-14 11:13:00+09:00,65389995.50215024
2025-11-14 11:14:00+09:00,65389995.50215024
2025-11-14 11:15:00+09:00,65389995.50215024
2025-11-14 11:16:00+09:00,65389995.50215024
2025-11-14 11:17:00+09:00,65389995.50215024
2025-11-14 11:18:00+09:00,65389995.50215024
2025-11-14 11:19:00+09:00,65389995.50215024
2025-11-14 11:20:00+09:00,65389995.50215024
2025-11-14 11:21:00+09:00,65389995.50215024
2025-11-14 11:22:00+09:00,65389995.50215024
2025-11-14 11:23:00+09:00,65389995.50215024
2025-11-14 11:24:00+09:00,65389995.50215024
2025-11-14 11:25:00+09:00,65389995.50215024
2025-11-14 11:26:00+09:00,65389995.50215024
2025-11-14 11:27:00+09:00,65389995.50215024
2025-11-14 11:28:00+09:00,65389995.50215024
2025-11-14 11:29:00+09:00,65389995.50215024
2025-11-14 11:30:00+09:00,65389995.50215024
2025-11-14 11:31:00+09:00,65389995.50215024
2025-11-14 11:32:00+09:00,65389995.50215024
2025-11-14 11:33:00+09:00,65389995.50215024
2025-11-14 11:34:00+09:00,65389995.50215024
2025-11-14 11:35:00+09:00,65389995.50215024
2025-11-14 11:36:00+09:00,65389995.50215024
2025-11-14 11:37:00+09:00,65389995.50215024
2025-11-14 11:38:00+09:00,65389995.50215024
2025-11-14 11:39:00+09:00,65389995.50215024
2025-11-14 11:40:00+09:00,65389995.50215024
2025-11-14 11:41:00+09:00,65389995.50215024
2025-11-14 11:42:00+09:00,65389995.50215024
2025-11-14 11:43:00+09:00,65389995.50215024
2025-11-14 11:44:00+09:00,65389995.50215024
2025-11-14 11:45:00+09:00,65389995.50215024
2025-11-14 11:46:00+09:00,65389995.50215024
2025-11-14 11:47:00+09:00,65389995.50215024
2025-11-14 11:48:00+09:00,65389995.50215024
2025-11-14 11:49:00+09:00,65389995.50215024
2025-11-14 11:50:00+09:00,65389995.50215024
2025-11-14 11:51:00+09:00,65389995.50215024
2025-11-14 11:52:00+09:00,65389995.50215024
2025-11-14 11:53:00+09:00,65389995.50215024
2025-11-14 11:54:00+09:00,65389995.50215024
2025-11-14 11:56:00+09:00,65389995.50215024
2025-11-14 11:57:00+09:00,65389995.50215024
2025-11-14 11:58:00+09:00,65389995.50215024
2025-11-14 11:59:00+09:00,65389995.50215024
2025-11-14 12:00:00+09:00,65389995.50215024
2025-11-14 12:01:00+09:00,65363839.50394938
2025-11-14 12:02:00+09:00,65363839.50394938
2025-11-14 12:03:00+09:00,65276220.41614248
2025-11-14 12:05:00+09:00,65188601.328335576
2025-11-14 12:06:00+09:00,65012592.10474907
2025-11-14 12:07:00+09:00,65012592.10474907
2025-11-14 12:08:00+09:00,65012592.10474907
2025-11-14 12:09:00+09:00,65012592.10474907
2025-11-14 12:10:00+09:00,65012592.10474907
2025-11-14 12:11:00+09:00,65012592.10474907
2025-11-14 12:12:00+09:00,65012592.10474907
2025-11-14 12:13:00+09:00,65012592.10474907
2025-11-14 12:14:00+09:00,65012592.10474907
2025-11-14 12:15:00+09:00,65012592.10474907
2025-11-14 12:17:00+09:00,65012592.10474907
2025-11-14 12:18:00+09:00,64986587.06790717
2025-11-14 12:19:00+09:00,64986587.06790717
2025-11-14 12:20:00+09:00,64986587.06790717
2025-11-14 12:22:00+09:00,65073467.53190169
2025-11-14 12:23:00+09:00,65073467.53190169
2025-11-14 12:24:00+09:00,65073467.53190169
2025-11-14 12:25:00+09:00,65160347.99589622
2025-11-14 12:26:00+09:00,65247228.45989075
2025-11-14 12:27:00+09:00,65334108.923885286
2025-11-14 12:28:00+09:00,65594750.31586887
2025-11-14 12:29:00+09:00,65768511.243857935
2025-11-14 12:30:00+09:00,65768511.243857935
2025-11-14 12:31:00+09:00,65768511.243857935
2025-11-14 12:32:00+09:00,65855391.70785246
2025-11-14 12:33:00+09:00,65942272.171846986
2025-11-14 12:34:00+09:00,65942272.171846986
2025-11-14 12:35:00+09:00,65768511.24385793
2025-11-14 12:36:00+09:00,65855391.70785245
2025-11-14 12:37:00+09:00,65768511.24385793
2025-11-14 12:38:00+09:00,65768511.24385793
2025-11-14 12:39:00+09:00,65768511.24385793
2025-11-14 12:40:00+09:00,65594750.31586887
2025-11-14 12:41:00+09:00,65681630.7798634
2025-11-14 12:42:00+09:00,65681630.7798634
2025-11-14 12:43:00+09:00,65594750.31586888
2025-11-14 12:44:00+09:00,65681630.77986341
2025-11-14 12:45:00+09:00,65681630.77986341
2025-11-14 12:46:00+09:00,65681630.77986341
2025-11-14 12:47:00+09:00,65507869.85187435
2025-11-14 12:48:00+09:00,65594750.315868884
2025-11-14 12:49:00+09:00,65507869.85187435
2025-11-14 12:50:00+09:00,65507869.85187435
2025-11-14 12:52:00+09:00,65507869.85187435
2025-11-14 12:53:00+09:00,65507869.85187435
2025-11-14 12:54:00+09:00,65507869.85187435
2025-11-14 12:55:00+09:00,65507869.85187435
2025-11-14 12:56:00+09:00,65507869.85187435
2025-11-14 12:57:00+09:00,65507869.85187435
2025-11-14 12:58:00+09:00,65420989.387879826
2025-11-14 12:59:00+09:00,65420989.387879826
2025-11-14 13:00:00+09:00,65420989.387879826
2025-11-14 13:01:00+09:00,65334108.9238853
2025-11-14 13:02:00+09:00,65420989.387879826
2025-11-14 13:03:00+09:00,65247228.45989077
2025-11-14 13:04:00+09:00,65247228.45989077
2025-11-14 13:05:00+09:00,65071060.94304906
2025-11-14 13:06:00+09:00,65071060.94304906
2025-11-14 13:07:00+09:00,65071060.94304906
2025-11-14 13:08:00+09:00,65071060.94304906
2025-11-14 13:09:00+09:00,65071060.94304906
2025-11-14 13:10:00+09:00,65071060.94304906
2025-11-14 13:11:00+09:00,65071060.94304906
2025-11-14 13:12:00+09:00,65071060.94304906
2025-11-14 13:13:00+09:00,65071060.94304906
2025-11-14 13:14:00+09:00,65071060.94304906
2025-11-14 13:15:00+09:00,65071060.94304906
2025-11-14 13:16:00+09:00,65071060.94304906
2025-11-14 13:17:00+09:00,65071060.94304906
2025-11-14 13:18:00+09:00,65071060.94304906
2025-11-14 13:19:00+09:00,65071060.94304906
2025-11-14 13:20:00+09:00,65071060.94304906
2025-11-14 13:21:00+09:00,65071060.94304906
2025-11-14 13:22:00+09:00,65071060.94304906
2025-11-14 13:23:00+09:00,65071060.94304906
2025-11-14 13:24:00+09:00,65071060.94304906
2025-11-14 13:25:00+09:00,65071060.94304906
2025-11-14 13:26:00+09:00,65071060.94304906
2025-11-14 13:27:00+09:00,65071060.94304906
2025-11-14 13:28:00+09:00,65071060.94304906
2025-11-14 13:29:00+09:00,65071060.94304906
2025-11-14 13:30:00+09:00,65071060.94304906
2025-11-14 13:31:00+09:00,65071060.94304906
2025-11-14 13:32:00+09:00,65071060.94304906
2025-11-14 13:33:00+09:00,65071060.94304906
2025-11-14 13:34:00+09:00,65071060.94304906
2025-11-14 13:35:00+09:00,65071060.94304906
2025-11-14 13:36:00+09:00,65071060.94304906
2025-11-14 13:37:00+09:00,65071060.94304906
2025-11-14 13:38:00+09:00,65071060.94304906
2025-11-14 13:39:00+09:00,65071060.94304906
2025-11-14 13:40:00+09:00,65071060.94304906
2025-11-14 13:41:00+09:00,65071060.94304906
2025-11-14 13:42:00+09:00,65071060.94304906
2025-11-14 13:43:00+09:00,65071060.94304906
2025-11-14 13:44:00+09:00,65071060.94304906
2025-11-14 13:45:00+09:00,65071060.94304906
2025-11-14 13:46:00+09:00,65071060.94304906
2025-11-14 13:47:00+09:00,65071060.94304906
2025-11-14 13:48:00+09:00,65071060.94304906
2025-11-14 13:49:00+09:00,65071060.94304906
2025-11-14 13:50:00+09:00,65071060.94304906
2025-11-14 13:51:00+09:00,65071060.94304906
2025-11-14 13:52:00+09:00,65071060.94304906
2025-11-14 13:53:00+09:00,65071060.94304906
2025-11-14 13:54:00+09:00,65071060.94304906
2025-11-14 13:55:00+09:00,65071060.94304906
2025-11-14 13:56:00+09:00,65071060.94304906
2025-11-14 13:57:00+09:00,65071060.94304906
2025-11-14 13:58:00+09:00,65071060.94304906
2025-11-14 13:59:00+09:00,65071060.94304906
2025-11-14 14:00:00+09:00,65071060.94304906
2025-11-14 14:01:00+09:00,65071060.94304906
2025-11-14 14:03:00+09:00,65071060.94304906
2025-11-14 14:04:00+09:00,65071060.94304906
2025-11-14 14:05:00+09:00,65071060.94304906
2025-11-14 14:06:00+09:00,65071060.94304906
2025-11-14 14:07:00+09:00,65071060.94304906
2025-11-14 14:08:00+09:00,65071060.94304906
2025-11-14 14:09:00+09:00,65071060.94304906
2025-11-14 14:10:00+09:00,65071060.94304906
2025-11-14 14:11:00+09:00,65071060.94304906
2025-11-14 14:12:00+09:00,65071060.94304906
2025-11-14 14:13:00+09:00,65071060.94304906
2025-11-14 14:14:00+09:00,65071060.94304906
2025-11-14 14:15:00+09:00,65071060.94304906
2025-11-14 14:16:00+09:00,65071060.94304906
2025-11-14 14:17:00+09:00,65071060.94304906
2025-11-14 14:18:00+09:00,65071060.94304906
2025-11-14 14:19:00+09:00,65071060.94304906
2025-11-14 14:20:00+09:00,65071060.94304906
2025-11-14 14:21:00+09:00,65071060.94304906
2025-11-14 14:22:00+09:00,65071060.94304906
2025-11-14 14:23:00+09:00,65071060.94304906
2025-11-14 14:24:00+09:00,65071060.94304906
2025-11-14 14:25:00+09:00,65071060.94304906
2025-11-14 14:26:00+09:00,65071060.94304906
2025-11-14 14:27:00+09:00,65071060.94304906
2025-11-14 14:28:00+09:00,65071060.94304906
2025-11-14 14:29:00+09:00,65071060.94304906
2025-11-14 14:30:00+09:00,65071060.94304906
2025-11-14 14:31:00+09:00,65071060.94304906
2025-11-14 14:32:00+09:00,65071060.94304906
2025-11-14 14:33:00+09:00,65071060.94304906
2025-11-14 14:34:00+09:00,65071060.94304906
2025-11-14 14:35:00+09:00,65071060.94304906
2025-11-14 14:36:00+09:00,65071060.94304906
2025-11-14 14:37:00+09:00,65071060.94304906
2025-11-14 14:38:00+09:00,65071060.94304906
2025-11-14 14:39:00+09:00,65071060.94304906
2025-11-14 14:40:00+09:00,65071060.94304906
2025-11-14 14:41:00+09:00,65071060.94304906
2025-11-14 14:42:00+09:00,65071060.94304906
2025-11-14 14:43:00+09:00,65071060.94304906
2025-11-14 14:44:00+09:00,65071060.94304906
2025-11-14 14:45:00+09:00,65071060.94304906
2025-11-14 14:46:00+09:00,65071060.94304906
2025-11-14 14:47:00+09:00,65071060.94304906
2025-11-14 14:48:00+09:00,65071060.94304906
2025-11-14 14:49:00+09:00,65071060.94304906
2025-11-14 14:50:00+09:00,65071060.94304906
2025-11-14 14:51:00+09:00,65071060.94304906
2025-11-14 14:52:00+09:00,65071060.94304906
2025-11-14 14:53:00+09:00,65071060.94304906
2025-11-14 14:54:00+09:00,65071060.94304906
2025-11-14 14:55:00+09:00,65071060.94304906
2025-11-14 14:56:00+09:00,65071060.94304906
2025-11-14 14:57:00+09:00,65045032.51867184
2025-11-14 14:58:00+09:00,64869410.93087143
2025-11-14 14:59:00+09:00,64869410.93087143
2025-11-14 15:00:00+09:00,64869410.93087143
2025-11-14 15:01:00+09:00,64869410.93087143
2025-11-14 15:02:00+09:00,64869410.93087143
2025-11-14 15:03:00+09:00,64869410.93087143
2025-11-14 15:04:00+09:00,64869410.93087143
2025-11-14 15:05:00+09:00,64869410.93087143
2025-11-14 15:06:00+09:00,64869410.93087143
2025-11-14 15:07:00+09:00,64869410.93087143
2025-11-14 15:08:00+09:00,64869410.93087143
2025-11-14 15:09:00+09:00,64869410.93087143
2025-11-14 15:10:00+09:00,64869410.93087143
2025-11-14 15:11:00+09:00,64869410.93087143
2025-11-14 15:12:00+09:00,64869410.93087143
2025-11-14 15:13:00+09:00,64869410.93087143
2025-11-14 15:14:00+09:00,64869410.93087143
2025-11-14 15:15:00+09:00,64869410.93087143
2025-11-14 15:16:00+09:00,64869410.93087143
2025-11-14 15:17:00+09:00,64869410.93087143
2025-11-14 15:18:00+09:00,64869410.93087143
2025-11-14 15:19:00+09:00,64869410.93087143
2025-11-14 15:30:00+09:00,64869410.93087143
2025-11-14 15:35:00+09:00,64869410.93087143
2025-11-17 09:00:00+09:00,64869410.93087143
2025-11-17 09:01:00+09:00,64869410.93087143
2025-11-17 09:02:00+09:00,64869410.93087143
2025-11-17 09:03:00+09:00,64869410.93087143
2025-11-17 09:04:00+09:00,64869410.93087143
2025-11-17 09:05:00+09:00,64869410.93087143
2025-11-17 09:06:00+09:00,64869410.93087143
2025-11-17 09:07:00+09:00,64869410.93087143
2025-11-17 09:08:00+09:00,64869410.93087143
2025-11-17 09:09:00+09:00,64869410.93087143
2025-11-17 09:10:00+09:00,64869410.93087143
2025-11-17 09:11:00+09:00,64869410.93087143
2025-11-17 09:12:00+09:00,64869410.93087143
2025-11-17 09:13:00+09:00,64869410.93087143
2025-11-17 09:14:00+09:00,64869410.93087143
2025-11-17 09:15:00+09:00,64869410.93087143
2025-11-17 09:16:00+09:00,64869410.93087143
2025-11-17 09:17:00+09:00,64869410.93087143
2025-11-17 09:18:00+09:00,64869410.93087143
2025-11-17 09:19:00+09:00,64869410.93087143
2025-11-17 09:20:00+09:00,64869410.93087143
2025-11-17 09:21:00+09:00,64869410.93087143
2025-11-17 09:22:00+09:00,64869410.93087143
2025-11-17 09:23:00+09:00,64869410.93087143
2025-11-17 09:24:00+09:00,64869410.93087143
2025-11-17 09:25:00+09:00,64869410.93087143
2025-11-17 09:26:00+09:00,64869410.93087143
2025-11-17 09:27:00+09:00,64869410.93087143
2025-11-17 09:28:00+09:00,64869410.93087143
2025-11-17 09:29:00+09:00,64869410.93087143
2025-11-17 09:30:00+09:00,64869410.93087143
2025-11-17 09:31:00+09:00,64869410.93087143
2025-11-17 09:32:00+09:00,64869410.93087143
2025-11-17 09:33:00+09:00,64869410.93087143
2025-11-17 09:34:00+09:00,64869410.93087143
2025-11-17 09:35:00+09:00,64869410.93087143
2025-11-17 09:36:00+09:00,64869410.93087143
2025-11-17 09:37:00+09:00,64869410.93087143
2025-11-17 09:38:00+09:00,64869410.93087143
2025-11-17 09:39:00+09:00,64869410.93087143
2025-11-17 09:40:00+09:00,64869410.93087143
2025-11-17 09:41:00+09:00,64869410.93087143
2025-11-17 09:42:00+09:00,64869410.93087143
2025-11-17 09:43:00+09:00,64869410.93087143
2025-11-17 09:44:00+09:00,64869410.93087143
2025-11-17 09:45:00+09:00,64869410.93087143
2025-11-17 09:46:00+09:00,64869410.93087143
2025-11-17 09:47:00+09:00,64869410.93087143
2025-11-17 09:48:00+09:00,64869410.93087143
2025-11-17 09:49:00+09:00,64869410.93087143
2025-11-17 09:50:00+09:00,64869410.93087143
2025-11-17 09:51:00+09:00,64869410.93087143
2025-11-17 09:52:00+09:00,64869410.93087143
2025-11-17 09:53:00+09:00,64869410.93087143
2025-11-17 09:54:00+09:00,64869410.93087143
2025-11-17 09:55:00+09:00,64869410.93087143
2025-11-17 09:56:00+09:00,64869410.93087143
2025-11-17 09:57:00+09:00,64869410.93087143
2025-11-17 09:58:00+09:00,64869410.93087143
2025-11-17 09:59:00+09:00,64869410.93087143
2025-11-17 10:00:00+09:00,64869410.93087143
2025-11-17 10:01:00+09:00,64869410.93087143
2025-11-17 10:02:00+09:00,64869410.93087143
2025-11-17 10:03:00+09:00,64869410.93087143
2025-11-17 10:04:00+09:00,64869410.93087143
2025-11-17 10:05:00+09:00,64869410.93087143
2025-11-17 10:06:00+09:00,64869410.93087143
2025-11-17 10:07:00+09:00,64869410.93087143
2025-11-17 10:08:00+09:00,64869410.93087143
2025-11-17 10:09:00+09:00,64869410.93087143
2025-11-17 10:10:00+09:00,64869410.93087143
2025-11-17 10:11:00+09:00,64869410.93087143
2025-11-17 10:12:00+09:00,64869410.93087143
2025-11-17 10:13:00+09:00,64869410.93087143
2025-11-17 10:14:00+09:00,64869410.93087143
2025-11-17 10:15:00+09:00,64869410.93087143
2025-11-17 10:16:00+09:00,64869410.93087143
2025-11-17 10:17:00+09:00,64869410.93087143
2025-11-17 10:18:00+09:00,64869410.93087143
2025-11-17 10:19:00+09:00,64869410.93087143
2025-11-17 10:20:00+09:00,64869410.93087143
2025-11-17 10:21:00+09:00,64869410.93087143
2025-11-17 10:22:00+09:00,64869410.93087143
2025-11-17 10:23:00+09:00,64843463.16649908
2025-11-17 10:24:00+09:00,64663592.256189786
2025-11-17 10:25:00+09:00,64663592.256189786
2025-11-17 10:26:00+09:00,64753527.71134443
2025-11-17 10:27:00+09:00,64753527.71134443
2025-11-17 10:28:00+09:00,64663592.256189786
2025-11-17 10:29:00+09:00,64663592.256189786
2025-11-17 10:30:00+09:00,64753527.71134443
2025-11-17 10:31:00+09:00,64573656.801035136
2025-11-17 10:32:00+09:00,64753527.71134442
2025-11-17 10:33:00+09:00,64663592.25618978
2025-11-17 10:34:00+09:00,64663592.25618978
2025-11-17 10:35:00+09:00,64663592.25618978
2025-11-17 10:36:00+09:00,64933398.62165371
2025-11-17 10:37:00+09:00,64843463.16649907
2025-11-17 10:38:00+09:00,64933398.62165371
2025-11-17 10:39:00+09:00,64843463.16649907
2025-11-17 10:40:00+09:00,64753527.71134443
2025-11-17 10:41:00+09:00,64753527.71134443
2025-11-17 10:42:00+09:00,64753527.71134443
2025-11-17 10:43:00+09:00,64753527.71134443
2025-11-17 10:44:00+09:00,64753527.71134443
2025-11-17 10:45:00+09:00,64663592.256189786
2025-11-17 10:46:00+09:00,64663592.256189786
2025-11-17 10:47:00+09:00,64753527.71134443
2025-11-17 10:48:00+09:00,65023334.07680836
2025-11-17 10:49:00+09:00,64933398.62165372
2025-11-17 10:50:00+09:00,64843463.16649908
2025-11-17 10:51:00+09:00,64843463.16649908
2025-11-17 10:52:00+09:00,64843463.16649908
2025-11-17 10:53:00+09:00,64753527.711344436
2025-11-17 10:54:00+09:00,64663592.25618979
2025-11-17 10:55:00+09:00,64663592.25618979
2025-11-17 10:56:00+09:00,64753527.711344436
2025-11-17 10:57:00+09:00,64753527.711344436
2025-11-17 10:58:00+09:00,64753527.711344436
2025-11-17 10:59:00+09:00,64663592.25618979
2025-11-17 11:01:00+09:00,64663592.25618979
2025-11-17 11:02:00+09:00,64489000.557098076
2025-11-17 11:03:00+09:00,64489000.557098076
2025-11-17 11:04:00+09:00,64489000.557098076
2025-11-17 11:05:00+09:00,64489000.557098076
2025-11-17 11:06:00+09:00,64489000.557098076
2025-11-17 11:07:00+09:00,64489000.557098076
2025-11-17 11:08:00+09:00,64489000.557098076
2025-11-17 11:09:00+09:00,64489000.557098076
2025-11-17 11:10:00+09:00,64489000.557098076
2025-11-17 11:11:00+09:00,64489000.557098076
2025-11-17 11:12:00+09:00,64489000.557098076
2025-11-17 11:13:00+09:00,64489000.557098076
2025-11-17 11:15:00+09:00,64489000.557098076
2025-11-17 11:17:00+09:00,64489000.557098076
2025-11-17 11:18:00+09:00,64489000.557098076
2025-11-17 11:19:00+09:00,64489000.557098076
2025-11-17 11:20:00+09:00,64489000.557098076
2025-11-17 11:21:00+09:00,64489000.557098076
2025-11-17 11:22:00+09:00,64489000.557098076
2025-11-17 11:23:00+09:00,64489000.557098076
2025-11-17 11:24:00+09:00,64489000.557098076
2025-11-17 11:25:00+09:00,64489000.557098076
2025-11-17 11:26:00+09:00,64489000.557098076
2025-11-17 11:27:00+09:00,64489000.557098076
2025-11-17 11:28:00+09:00,64489000.557098076
2025-11-17 11:29:00+09:00,64489000.557098076
2025-11-17 11:30:00+09:00,64463204.95687524
2025-11-17 11:31:00+09:00,64463204.95687524
2025-11-17 11:32:00+09:00,64552737.18598201
2025-11-17 11:33:00+09:00,64552737.18598201
2025-11-17 11:35:00+09:00,64552737.18598201
2025-11-17 11:36:00+09:00,64552737.18598201
2025-11-17 11:37:00+09:00,64642269.41508878
2025-11-17 11:38:00+09:00,64642269.41508878
2025-11-17 11:39:00+09:00,64552737.18598201
2025-11-17 11:40:00+09:00,64552737.18598201
2025-11-17 11:41:00+09:00,64552737.18598201
2025-11-17 11:42:00+09:00,64552737.18598201
2025-11-17 11:43:00+09:00,64463204.95687524
2025-11-17 11:44:00+09:00,64463204.95687524
2025-11-17 11:45:00+09:00,64378444.79557986
2025-11-17 11:46:00+09:00,64378444.79557986
2025-11-17 11:47:00+09:00,64378444.79557986
2025-11-17 11:48:00+09:00,64378444.79557986
2025-11-17 11:49:00+09:00,64378444.79557986
2025-11-17 11:50:00+09:00,64378444.79557986
2025-11-17 11:51:00+09:00,64378444.79557986
2025-11-17 11:52:00+09:00,64378444.79557986
2025-11-17 11:53:00+09:00,64378444.79557986
2025-11-17 11:55:00+09:00,64378444.79557986
2025-11-17 11:56:00+09:00,64378444.79557986
2025-11-17 11:57:00+09:00,64378444.79557986
2025-11-17 11:58:00+09:00,64378444.79557986
2025-11-17 11:59:00+09:00,64378444.79557986
2025-11-17 12:00:00+09:00,64378444.79557986
2025-11-17 12:03:00+09:00,64378444.79557986
2025-11-17 12:04:00+09:00,64378444.79557986
2025-11-17 12:05:00+09:00,64378444.79557986
2025-11-17 12:06:00+09:00,64378444.79557986
2025-11-17 12:07:00+09:00,64378444.79557986
2025-11-17 12:08:00+09:00,64378444.79557986
2025-11-17 12:09:00+09:00,64378444.79557986
2025-11-17 12:10:00+09:00,64378444.79557986
2025-11-17 12:12:00+09:00,64378444.79557986
2025-11-17 12:13:00+09:00,64378444.79557986
2025-11-17 12:14:00+09:00,64378444.79557986
2025-11-17 12:15:00+09:00,64378444.79557986
2025-11-17 12:16:00+09:00,64378444.79557986
2025-11-17 12:17:00+09:00,64378444.79557986
2025-11-17 12:18:00+09:00,64378444.79557986
2025-11-17 12:19:00+09:00,64378444.79557986
2025-11-17 12:20:00+09:00,64378444.79557986
2025-11-17 12:21:00+09:00,64378444.79557986
2025-11-17 12:22:00+09:00,64378444.79557986
2025-11-17 12:23:00+09:00,64378444.79557986
2025-11-17 12:24:00+09:00,64378444.79557986
2025-11-17 12:25:00+09:00,64378444.79557986
2025-11-17 12:26:00+09:00,64378444.79557986
2025-11-17 12:27:00+09:00,64378444.79557986
2025-11-17 12:28:00+09:00,64378444.79557986
2025-11-17 12:29:00+09:00,64378444.79557986
2025-11-17 12:30:00+09:00,64378444.79557986
2025-11-17 12:31:00+09:00,64378444.79557986
2025-11-17 12:32:00+09:00,64378444.79557986
2025-11-17 12:34:00+09:00,64378444.79557986
2025-11-17 12:35:00+09:00,64378444.79557986
2025-11-17 12:36:00+09:00,64378444.79557986
2025-11-17 12:37:00+09:00,64378444.79557986
2025-11-17 12:38:00+09:00,64378444.79557986
2025-11-17 12:39:00+09:00,64378444.79557986
2025-11-17 12:40:00+09:00,64378444.79557986
2025-11-17 12:41:00+09:00,64378444.79557986
2025-11-17 12:42:00+09:00,64378444.79557986
2025-11-17 12:43:00+09:00,64378444.79557986
2025-11-17 12:44:00+09:00,64378444.79557986
2025-11-17 12:45:00+09:00,64378444.79557986
2025-11-17 12:46:00+09:00,64378444.79557986
2025-11-17 12:47:00+09:00,64378444.79557986
2025-11-17 12:48:00+09:00,64352693.41766163
2025-11-17 12:49:00+09:00,64352693.41766163
2025-11-17 12:50:00+09:00,64352693.41766163
2025-11-17 12:51:00+09:00,64352693.41766163
2025-11-17 12:52:00+09:00,64352693.41766163
2025-11-17 12:53:00+09:00,64352693.41766163
2025-11-17 12:54:00+09:00,64352693.41766163
2025-11-17 12:55:00+09:00,64352693.41766163
2025-11-17 12:56:00+09:00,64174183.86587893
2025-11-17 12:57:00+09:00,64263438.64177028
2025-11-17 12:58:00+09:00,64000913.56944106
2025-11-17 12:59:00+09:00,64000913.56944106
2025-11-17 13:00:00+09:00,64000913.56944106
2025-11-17 13:01:00+09:00,64000913.56944106
2025-11-17 13:02:00+09:00,64000913.56944106
2025-11-17 13:03:00+09:00,64000913.56944106
2025-11-17 13:04:00+09:00,64000913.56944106
2025-11-17 13:05:00+09:00,64000913.56944106
2025-11-17 13:06:00+09:00,64000913.56944106
2025-11-17 13:07:00+09:00,64000913.56944106
2025-11-17 13:08:00+09:00,64000913.56944106
2025-11-17 13:09:00+09:00,64000913.56944106
2025-11-17 13:10:00+09:00,64000913.56944106
2025-11-17 13:11:00+09:00,64000913.56944106
2025-11-17 13:12:00+09:00,64000913.56944106
2025-11-17 13:13:00+09:00,64000913.56944106
2025-11-17 13:14:00+09:00,64000913.56944106
2025-11-17 13:15:00+09:00,64000913.56944106
2025-11-17 13:16:00+09:00,64000913.56944106
2025-11-17 13:17:00+09:00,64000913.56944106
2025-11-17 13:18:00+09:00,64000913.56944106
2025-11-17 13:19:00+09:00,64000913.56944106
2025-11-17 13:20:00+09:00,64000913.56944106
2025-11-17 13:21:00+09:00,64000913.56944106
2025-11-17 13:22:00+09:00,64000913.56944106
2025-11-17 13:23:00+09:00,64000913.56944106
2025-11-17 13:24:00+09:00,64000913.56944106
2025-11-17 13:25:00+09:00,64000913.56944106
2025-11-17 13:26:00+09:00,64000913.56944106
2025-11-17 13:27:00+09:00,64000913.56944106
2025-11-17 13:28:00+09:00,64000913.56944106
2025-11-17 13:29:00+09:00,64000913.56944106
2025-11-17 13:30:00+09:00,64000913.56944106
2025-11-17 13:31:00+09:00,64000913.56944106
2025-11-17 13:32:00+09:00,64000913.56944106
2025-11-17 13:33:00+09:00,64000913.56944106
2025-11-17 13:35:00+09:00,64000913.56944106
2025-11-17 13:36:00+09:00,64000913.56944106
2025-11-17 13:37:00+09:00,64000913.56944106
2025-11-17 13:38:00+09:00,64000913.56944106
2025-11-17 13:39:00+09:00,64000913.56944106
2025-11-17 13:40:00+09:00,64000913.56944106
2025-11-17 13:41:00+09:00,64000913.56944106
2025-11-17 13:42:00+09:00,64000913.56944106
2025-11-17 13:43:00+09:00,64000913.56944106
2025-11-17 13:44:00+09:00,64000913.56944106
2025-11-17 13:45:00+09:00,64000913.56944106
2025-11-17 13:46:00+09:00,64000913.56944106
2025-11-17 13:47:00+09:00,64000913.56944106
2025-11-17 13:48:00+09:00,64000913.56944106
2025-11-17 13:49:00+09:00,64000913.56944106
2025-11-17 13:50:00+09:00,64000913.56944106
2025-11-17 13:51:00+09:00,64000913.56944106
2025-11-17 13:52:00+09:00,64000913.56944106
2025-11-17 13:53:00+09:00,64000913.56944106
2025-11-17 13:54:00+09:00,64000913.56944106
2025-11-17 13:55:00+09:00,64000913.56944106
2025-11-17 13:56:00+09:00,64000913.56944106
2025-11-17 13:59:00+09:00,64000913.56944106
2025-11-17 14:00:00+09:00,64000913.56944106
2025-11-17 14:01:00+09:00,64000913.56944106
2025-11-17 14:02:00+09:00,64000913.56944106
2025-11-17 14:03:00+09:00,64000913.56944106
2025-11-17 14:04:00+09:00,64000913.56944106
2025-11-17 14:05:00+09:00,64000913.56944106
2025-11-17 14:06:00+09:00,64000913.56944106
2025-11-17 14:07:00+09:00,64000913.56944106
2025-11-17 14:08:00+09:00,64000913.56944106
2025-11-17 14:09:00+09:00,64000913.56944106
2025-11-17 14:10:00+09:00,64000913.56944106
2025-11-17 14:11:00+09:00,63975313.20401328
2025-11-17 14:12:00+09:00,63980550.792416446
2025-11-17 14:13:00+09:00,63980550.792416446
2025-11-17 14:14:00+09:00,63980550.792416446
2025-11-17 14:15:00+09:00,63980550.792416446
2025-11-17 14:16:00+09:00,63980550.792416446
2025-11-17 14:17:00+09:00,63980550.792416446
2025-11-17 14:18:00+09:00,63980550.792416446
2025-11-17 14:19:00+09:00,63980550.792416446
2025-11-17 14:20:00+09:00,63980550.792416446
2025-11-17 14:21:00+09:00,63980550.792416446
2025-11-17 14:22:00+09:00,63980550.792416446
2025-11-17 14:23:00+09:00,63954958.572099485
2025-11-17 14:24:00+09:00,63954958.572099485
2025-11-17 14:25:00+09:00,63866008.69925929
2025-11-17 14:26:00+09:00,63954958.572099485
2025-11-17 14:27:00+09:00,63777058.8264191
2025-11-17 14:28:00+09:00,63866008.699259296
2025-11-17 14:30:00+09:00,63693570.47577129
2025-11-17 14:31:00+09:00,63693570.47577129
2025-11-17 14:32:00+09:00,63693570.47577129
2025-11-17 14:33:00+09:00,63693570.47577129
2025-11-17 14:34:00+09:00,63693570.47577129
2025-11-17 14:35:00+09:00,63693570.47577129
2025-11-17 14:36:00+09:00,63693570.47577129
2025-11-17 14:37:00+09:00,63693570.47577129
2025-11-17 14:38:00+09:00,63693570.47577129
2025-11-17 14:39:00+09:00,63693570.47577129
2025-11-17 14:40:00+09:00,63693570.47577129
2025-11-17 14:41:00+09:00,63693570.47577129
2025-11-17 14:42:00+09:00,63693570.47577129
2025-11-17 14:43:00+09:00,63693570.47577129
2025-11-17 14:44:00+09:00,63693570.47577129
2025-11-17 14:45:00+09:00,63693570.47577129
2025-11-17 14:46:00+09:00,63693570.47577129
2025-11-17 14:47:00+09:00,63693570.47577129
2025-11-17 14:48:00+09:00,63693570.47577129
2025-11-17 14:49:00+09:00,63693570.47577129
2025-11-17 14:50:00+09:00,63693570.47577129
2025-11-17 14:51:00+09:00,63693570.47577129
2025-11-17 14:52:00+09:00,63693570.47577129
2025-11-17 14:53:00+09:00,63693570.47577129
2025-11-17 14:54:00+09:00,63693570.47577129
2025-11-17 14:55:00+09:00,63693570.47577129
2025-11-17 14:56:00+09:00,63693570.47577129
2025-11-17 14:57:00+09:00,63693570.47577129
2025-11-17 14:58:00+09:00,63693570.47577129
2025-11-17 14:59:00+09:00,63693570.47577129
2025-11-17 15:00:00+09:00,63693570.47577129
2025-11-17 15:01:00+09:00,63693570.47577129
2025-11-17 15:02:00+09:00,63693570.47577129
2025-11-17 15:03:00+09:00,63693570.47577129
2025-11-17 15:04:00+09:00,63693570.47577129
2025-11-17 15:05:00+09:00,63693570.47577129
2025-11-17 15:06:00+09:00,63693570.47577129
2025-11-17 15:07:00+09:00,63693570.47577129
2025-11-17 15:08:00+09:00,63693570.47577129
2025-11-17 15:09:00+09:00,63693570.47577129
2025-11-17 15:10:00+09:00,63693570.47577129
2025-11-17 15:11:00+09:00,63693570.47577129
2025-11-17 15:12:00+09:00,63693570.47577129
2025-11-17 15:13:00+09:00,63693570.47577129
2025-11-17 15:14:00+09:00,63693570.47577129
2025-11-17 15:15:00+09:00,63693570.47577129
2025-11-17 15:16:00+09:00,63693570.47577129
2025-11-17 15:17:00+09:00,63693570.47577129
2025-11-17 15:18:00+09:00,63693570.47577129
2025-11-17 15:19:00+09:00,63693570.47577129
2025-11-17 15:30:00+09:00,63693570.47577129
2025-11-17 15:35:00+09:00,63693570.47577129
2025-11-18 09:00:00+09:00,63693570.47577129
2025-11-18 09:01:00+09:00,63693570.47577129
2025-11-18 09:02:00+09:00,63693570.47577129
2025-11-18 09:03:00+09:00,63693570.47577129
2025-11-18 09:04:00+09:00,63693570.47577129
2025-11-18 09:05:00+09:00,63693570.47577129
2025-11-18 09:06:00+09:00,63693570.47577129
2025-11-18 09:07:00+09:00,63693570.47577129
2025-11-18 09:08:00+09:00,63693570.47577129
2025-11-18 09:09:00+09:00,63693570.47577129
2025-11-18 09:10:00+09:00,63693570.47577129
2025-11-18 09:11:00+09:00,63693570.47577129
2025-11-18 09:12:00+09:00,63693570.47577129
2025-11-18 09:13:00+09:00,63693570.47577129
2025-11-18 09:14:00+09:00,63693570.47577129
2025-11-18 09:15:00+09:00,63693570.47577129
2025-11-18 09:16:00+09:00,63693570.47577129
2025-11-18 09:17:00+09:00,63693570.47577129
2025-11-18 09:18:00+09:00,63693570.47577129
2025-11-18 09:19:00+09:00,63693570.47577129
2025-11-18 09:20:00+09:00,63693570.47577129
2025-11-18 09:21:00+09:00,63693570.47577129
2025-11-18 09:22:00+09:00,63693570.47577129
2025-11-18 09:23:00+09:00,63693570.47577129
2025-11-18 09:24:00+09:00,63693570.47577129
2025-11-18 09:25:00+09:00,63693570.47577129
2025-11-18 09:26:00+09:00,63693570.47577129
2025-11-18 09:27:00+09:00,63693570.47577129
2025-11-18 09:28:00+09:00,63693570.47577129
2025-11-18 09:29:00+09:00,63693570.47577129
2025-11-18 09:30:00+09:00,63693570.47577129
2025-11-18 09:31:00+09:00,63693570.47577129
2025-11-18 09:32:00+09:00,63693570.47577129
2025-11-18 09:33:00+09:00,63693570.47577129
2025-11-18 09:34:00+09:00,63693570.47577129
2025-11-18 09:35:00+09:00,63693570.47577129
2025-11-18 09:36:00+09:00,63693570.47577129
2025-11-18 09:37:00+09:00,63693570.47577129
2025-11-18 09:38:00+09:00,63693570.47577129
2025-11-18 09:39:00+09:00,63693570.47577129
2025-11-18 09:40:00+09:00,63693570.47577129
2025-11-18 09:41:00+09:00,63693570.47577129
2025-11-18 09:42:00+09:00,63693570.47577129
2025-11-18 09:43:00+09:00,63693570.47577129
2025-11-18 09:44:00+09:00,63693570.47577129
2025-11-18 09:45:00+09:00,63693570.47577129
2025-11-18 09:46:00+09:00,63693570.47577129
2025-11-18 09:47:00+09:00,63693570.47577129
2025-11-18 09:48:00+09:00,63693570.47577129
2025-11-18 09:49:00+09:00,63693570.47577129
2025-11-18 09:50:00+09:00,63693570.47577129
2025-11-18 09:51:00+09:00,63693570.47577129
2025-11-18 09:52:00+09:00,63693570.47577129
2025-11-18 09:53:00+09:00,63693570.47577129
2025-11-18 09:54:00+09:00,63693570.47577129
2025-11-18 09:55:00+09:00,63693570.47577129
2025-11-18 09:56:00+09:00,63693570.47577129
2025-11-18 09:57:00+09:00,63693570.47577129
2025-11-18 09:58:00+09:00,63693570.47577129
2025-11-18 09:59:00+09:00,63693570.47577129
2025-11-18 10:00:00+09:00,63693570.47577129
2025-11-18 10:01:00+09:00,63693570.47577129
2025-11-18 10:02:00+09:00,63693570.47577129
2025-11-18 10:03:00+09:00,63693570.47577129
2025-11-18 10:04:00+09:00,63693570.47577129
2025-11-18 10:05:00+09:00,63693570.47577129
2025-11-18 10:06:00+09:00,63693570.47577129
2025-11-18 10:07:00+09:00,63693570.47577129
2025-11-18 10:08:00+09:00,63693570.47577129
2025-11-18 10:09:00+09:00,63693570.47577129
2025-11-18 10:10:00+09:00,63693570.47577129
2025-11-18 10:11:00+09:00,63693570.47577129
2025-11-18 10:12:00+09:00,63693570.47577129
2025-11-18 10:13:00+09:00,63693570.47577129
2025-11-18 10:14:00+09:00,63693570.47577129
2025-11-18 10:15:00+09:00,63693570.47577129
2025-11-18 10:16:00+09:00,63693570.47577129
2025-11-18 10:17:00+09:00,63693570.47577129
2025-11-18 10:18:00+09:00,63693570.47577129
2025-11-18 10:19:00+09:00,63693570.47577129
2025-11-18 10:20:00+09:00,63693570.47577129
2025-11-18 10:21:00+09:00,63693570.47577129
2025-11-18 10:22:00+09:00,63693570.47577129
2025-11-18 10:23:00+09:00,63693570.47577129
2025-11-18 10:24:00+09:00,63693570.47577129
2025-11-18 10:25:00+09:00,63693570.47577129
2025-11-18 10:26:00+09:00,63693570.47577129
2025-11-18 10:27:00+09:00,63693570.47577129
2025-11-18 10:28:00+09:00,63693570.47577129
2025-11-18 10:29:00+09:00,63693570.47577129
2025-11-18 10:30:00+09:00,63693570.47577129
2025-11-18 10:31:00+09:00,63693570.47577129
2025-11-18 10:32:00+09:00,63693570.47577129
2025-11-18 10:33:00+09:00,63693570.47577129
2025-11-18 10:34:00+09:00,63693570.47577129
2025-11-18 10:35:00+09:00,63693570.47577129
2025-11-18 10:36:00+09:00,63693570.47577129
2025-11-18 10:37:00+09:00,63693570.47577129
2025-11-18 10:38:00+09:00,63693570.47577129
2025-11-18 10:39:00+09:00,63693570.47577129
2025-11-18 10:40:00+09:00,63693570.47577129
2025-11-18 10:41:00+09:00,63693570.47577129
2025-11-18 10:42:00+09:00,63693570.47577129
2025-11-18 10:43:00+09:00,63693570.47577129
2025-11-18 10:44:00+09:00,63693570.47577129
2025-11-18 10:45:00+09:00,63693570.47577129
2025-11-18 10:46:00+09:00,63693570.47577129
2025-11-18 10:47:00+09:00,63693570.47577129
2025-11-18 10:48:00+09:00,63693570.47577129
2025-11-18 10:49:00+09:00,63693570.47577129
2025-11-18 10:50:00+09:00,63693570.47577129
2025-11-18 10:51:00+09:00,63693570.47577129
2025-11-18 10:52:00+09:00,63693570.47577129
2025-11-18 10:53:00+09:00,63693570.47577129
2025-11-18 10:54:00+09:00,63693570.47577129
2025-11-18 10:55:00+09:00,63693570.47577129
2025-11-18 10:56:00+09:00,63693570.47577129
2025-11-18 10:57:00+09:00,63693570.47577129
2025-11-18 10:58:00+09:00,63693570.47577129
2025-11-18 10:59:00+09:00,63693570.47577129
2025-11-18 11:00:00+09:00,63693570.47577129
2025-11-18 11:01:00+09:00,63693570.47577129
2025-11-18 11:02:00+09:00,63693570.47577129
2025-11-18 11:03:00+09:00,63693570.47577129
2025-11-18 11:04:00+09:00,63693570.47577129
2025-11-18 11:05:00+09:00,63693570.47577129
2025-11-18 11:06:00+09:00,63693570.47577129
2025-11-18 11:07:00+09:00,63693570.47577129
2025-11-18 11:08:00+09:00,63693570.47577129
2025-11-18 11:09:00+09:00,63693570.47577129
2025-11-18 11:10:00+09:00,63693570.47577129
2025-11-18 11:11:00+09:00,63693570.47577129
2025-11-18 11:12:00+09:00,63693570.47577129
2025-11-18 11:13:00+09:00,63693570.47577129
2025-11-18 11:14:00+09:00,63693570.47577129
2025-11-18 11:15:00+09:00,63693570.47577129
2025-11-18 11:16:00+09:00,63693570.47577129
2025-11-18 11:17:00+09:00,63693570.47577129
2025-11-18 11:18:00+09:00,63693570.47577129
2025-11-18 11:19:00+09:00,63693570.47577129
2025-11-18 11:20:00+09:00,63693570.47577129
2025-11-18 11:21:00+09:00,63693570.47577129
2025-11-18 11:22:00+09:00,63693570.47577129
2025-11-18 11:23:00+09:00,63693570.47577129
2025-11-18 11:24:00+09:00,63693570.47577129
2025-11-18 11:25:00+09:00,63693570.47577129
2025-11-18 11:26:00+09:00,63693570.47577129
2025-11-18 11:27:00+09:00,63693570.47577129
2025-11-18 11:28:00+09:00,63693570.47577129
2025-11-18 11:29:00+09:00,63693570.47577129
2025-11-18 11:30:00+09:00,63693570.47577129
2025-11-18 11:31:00+09:00,63693570.47577129
2025-11-18 11:32:00+09:00,63693570.47577129
2025-11-18 11:33:00+09:00,63693570.47577129
2025-11-18 11:34:00+09:00,63693570.47577129
2025-11-18 11:35:00+09:00,63693570.47577129
2025-11-18 11:36:00+09:00,63693570.47577129
2025-11-18 11:37:00+09:00,63693570.47577129
2025-11-18 11:38:00+09:00,63693570.47577129
2025-11-18 11:39:00+09:00,63693570.47577129
2025-11-18 11:40:00+09:00,63693570.47577129
2025-11-18 11:41:00+09:00,63693570.47577129
2025-11-18 11:42:00+09:00,63693570.47577129
2025-11-18 11:43:00+09:00,63693570.47577129
2025-11-18 11:44:00+09:00,63693570.47577129
2025-11-18 11:45:00+09:00,63693570.47577129
2025-11-18 11:46:00+09:00,63693570.47577129
2025-11-18 11:47:00+09:00,63693570.47577129
2025-11-18 11:48:00+09:00,63693570.47577129
2025-11-18 11:49:00+09:00,63693570.47577129
2025-11-18 11:50:00+09:00,63693570.47577129
2025-11-18 11:51:00+09:00,63693570.47577129
2025-11-18 11:52:00+09:00,63693570.47577129
2025-11-18 11:53:00+09:00,63693570.47577129
2025-11-18 11:54:00+09:00,63693570.47577129
2025-11-18 11:55:00+09:00,63693570.47577129
2025-11-18 11:56:00+09:00,63693570.47577129
2025-11-18 11:57:00+09:00,63693570.47577129
2025-11-18 11:58:00+09:00,63693570.47577129
2025-11-18 11:59:00+09:00,63693570.47577129
2025-11-18 12:00:00+09:00,63693570.47577129
2025-11-18 12:01:00+09:00,63693570.47577129
2025-11-18 12:02:00+09:00,63693570.47577129
2025-11-18 12:03:00+09:00,63693570.47577129
2025-11-18 12:04:00+09:00,63693570.47577129
2025-11-18 12:05:00+09:00,63693570.47577129
2025-11-18 12:06:00+09:00,63693570.47577129
2025-11-18 12:07:00+09:00,63693570.47577129
2025-11-18 12:08:00+09:00,63693570.47577129
2025-11-18 12:09:00+09:00,63693570.47577129
2025-11-18 12:10:00+09:00,63693570.47577129
2025-11-18 12:11:00+09:00,63693570.47577129
2025-11-18 12:12:00+09:00,63693570.47577129
2025-11-18 12:13:00+09:00,63693570.47577129
2025-11-18 12:14:00+09:00,63693570.47577129
2025-11-18 12:15:00+09:00,63693570.47577129
2025-11-18 12:16:00+09:00,63693570.47577129
2025-11-18 12:17:00+09:00,63693570.47577129
2025-11-18 12:18:00+09:00,63693570.47577129
2025-11-18 12:19:00+09:00,63693570.47577129
2025-11-18 12:20:00+09:00,63693570.47577129
2025-11-18 12:21:00+09:00,63693570.47577129
2025-11-18 12:22:00+09:00,63693570.47577129
2025-11-18 12:23:00+09:00,63693570.47577129
2025-11-18 12:24:00+09:00,63693570.47577129
2025-11-18 12:25:00+09:00,63693570.47577129
2025-11-18 12:26:00+09:00,63693570.47577129
2025-11-18 12:27:00+09:00,63693570.47577129
2025-11-18 12:28:00+09:00,63693570.47577129
2025-11-18 12:29:00+09:00,63693570.47577129
2025-11-18 12:30:00+09:00,63693570.47577129
2025-11-18 12:31:00+09:00,63693570.47577129
2025-11-18 12:32:00+09:00,63693570.47577129
2025-11-18 12:33:00+09:00,63693570.47577129
2025-11-18 12:34:00+09:00,63693570.47577129
2025-11-18 12:35:00+09:00,63693570.47577129
2025-11-18 12:36:00+09:00,63693570.47577129
2025-11-18 12:37:00+09:00,63693570.47577129
2025-11-18 12:38:00+09:00,63693570.47577129
2025-11-18 12:39:00+09:00,63693570.47577129
2025-11-18 12:40:00+09:00,63693570.47577129
2025-11-18 12:41:00+09:00,63693570.47577129
2025-11-18 12:42:00+09:00,63693570.47577129
2025-11-18 12:43:00+09:00,63693570.47577129
2025-11-18 12:44:00+09:00,63693570.47577129
2025-11-18 12:45:00+09:00,63693570.47577129
2025-11-18 12:46:00+09:00,63693570.47577129
2025-11-18 12:47:00+09:00,63693570.47577129
2025-11-18 12:48:00+09:00,63693570.47577129
2025-11-18 12:49:00+09:00,63693570.47577129
2025-11-18 12:50:00+09:00,63693570.47577129
2025-11-18 12:51:00+09:00,63693570.47577129
2025-11-18 12:52:00+09:00,63693570.47577129
2025-11-18 12:53:00+09:00,63693570.47577129
2025-11-18 12:54:00+09:00,63693570.47577129
2025-11-18 12:55:00+09:00,63693570.47577129
2025-11-18 12:56:00+09:00,63693570.47577129
2025-11-18 12:57:00+09:00,63693570.47577129
2025-11-18 12:58:00+09:00,63693570.47577129
2025-11-18 12:59:00+09:00,63693570.47577129
2025-11-18 13:00:00+09:00,63693570.47577129
2025-11-18 13:01:00+09:00,63693570.47577129
2025-11-18 13:02:00+09:00,63693570.47577129
2025-11-18 13:03:00+09:00,63693570.47577129
2025-11-18 13:04:00+09:00,63693570.47577129
2025-11-18 13:05:00+09:00,63693570.47577129
2025-11-18 13:07:00+09:00,63693570.47577129
2025-11-18 13:08:00+09:00,63693570.47577129
2025-11-18 13:09:00+09:00,63693570.47577129
2025-11-18 13:10:00+09:00,63693570.47577129
2025-11-18 13:11:00+09:00,63693570.47577129
2025-11-18 13:12:00+09:00,63693570.47577129
2025-11-18 13:13:00+09:00,63693570.47577129
2025-11-18 13:14:00+09:00,63693570.47577129
2025-11-18 13:15:00+09:00,63693570.47577129
2025-11-18 13:16:00+09:00,63693570.47577129
2025-11-18 13:17:00+09:00,63693570.47577129
2025-11-18 13:18:00+09:00,63693570.47577129
2025-11-18 13:19:00+09:00,63693570.47577129
2025-11-18 13:20:00+09:00,63693570.47577129
2025-11-18 13:21:00+09:00,63693570.47577129
2025-11-18 13:22:00+09:00,63693570.47577129
2025-11-18 13:23:00+09:00,63693570.47577129
2025-11-18 13:24:00+09:00,63693570.47577129
2025-11-18 13:25:00+09:00,63693570.47577129
2025-11-18 13:26:00+09:00,63693570.47577129
2025-11-18 13:27:00+09:00,63693570.47577129
2025-11-18 13:28:00+09:00,63693570.47577129
2025-11-18 13:29:00+09:00,63693570.47577129
2025-11-18 13:30:00+09:00,63693570.47577129
2025-11-18 13:31:00+09:00,63693570.47577129
2025-11-18 13:32:00+09:00,63668093.04758099
2025-11-18 13:33:00+09:00,63683493.589262106
2025-11-18 13:34:00+09:00,63683493.589262106
2025-11-18 13:35:00+09:00,63683493.589262106
2025-11-18 13:36:00+09:00,63683493.589262106
2025-11-18 13:37:00+09:00,63683493.589262106
2025-11-18 13:38:00+09:00,63683493.589262106
2025-11-18 13:39:00+09:00,63683493.589262106
2025-11-18 13:40:00+09:00,63683493.589262106
2025-11-18 13:41:00+09:00,63683493.589262106
2025-11-18 13:42:00+09:00,63683493.589262106
2025-11-18 13:43:00+09:00,63683493.589262106
2025-11-18 13:44:00+09:00,63683493.589262106
2025-11-18 13:45:00+09:00,63683493.589262106
2025-11-18 13:46:00+09:00,63683493.589262106
2025-11-18 13:47:00+09:00,63683493.589262106
2025-11-18 13:48:00+09:00,63683493.589262106
2025-11-18 13:49:00+09:00,63683493.589262106
2025-11-18 13:50:00+09:00,63683493.589262106
2025-11-18 13:51:00+09:00,63683493.589262106
2025-11-18 13:52:00+09:00,63683493.589262106
2025-11-18 13:53:00+09:00,63683493.589262106
2025-11-18 13:54:00+09:00,63683493.589262106
2025-11-18 13:55:00+09:00,63683493.589262106
2025-11-18 13:56:00+09:00,63683493.589262106
2025-11-18 13:57:00+09:00,63683493.589262106
2025-11-18 13:58:00+09:00,63683493.589262106
2025-11-18 13:59:00+09:00,63683493.589262106
2025-11-18 14:00:00+09:00,63683493.589262106
2025-11-18 14:01:00+09:00,63683493.589262106
2025-11-18 14:02:00+09:00,63683493.589262106
2025-11-18 14:03:00+09:00,63683493.589262106
2025-11-18 14:04:00+09:00,63683493.589262106
2025-11-18 14:05:00+09:00,63683493.589262106
2025-11-18 14:06:00+09:00,63683493.589262106
2025-11-18 14:07:00+09:00,63683493.589262106
2025-11-18 14:08:00+09:00,63683493.589262106
2025-11-18 14:09:00+09:00,63683493.589262106
2025-11-18 14:10:00+09:00,63683493.589262106
2025-11-18 14:11:00+09:00,63683493.589262106
2025-11-18 14:12:00+09:00,63683493.589262106
2025-11-18 14:13:00+09:00,63683493.589262106
2025-11-18 14:14:00+09:00,63683493.589262106
2025-11-18 14:15:00+09:00,63683493.589262106
2025-11-18 14:16:00+09:00,63683493.589262106
2025-11-18 14:17:00+09:00,63683493.589262106
2025-11-18 14:18:00+09:00,63658020.1918264
2025-11-18 14:19:00+09:00,63658020.1918264
2025-11-18 14:20:00+09:00,63658020.1918264
2025-11-18 14:21:00+09:00,63658020.1918264
2025-11-18 14:22:00+09:00,63658020.1918264
2025-11-18 14:23:00+09:00,63751634.927402616
2025-11-18 14:24:00+09:00,63751634.927402616
2025-11-18 14:25:00+09:00,63751634.927402616
2025-11-18 14:26:00+09:00,63938864.39855505
2025-11-18 14:27:00+09:00,63845249.66297883
2025-11-18 14:28:00+09:00,63938864.39855504
2025-11-18 14:29:00+09:00,63938864.39855504
2025-11-18 14:30:00+09:00,63938864.39855504
2025-11-18 14:31:00+09:00,63938864.39855504
2025-11-18 14:32:00+09:00,63845249.66297882
2025-11-18 14:33:00+09:00,63938864.39855503
2025-11-18 14:34:00+09:00,63938864.39855503
2025-11-18 14:35:00+09:00,63845249.66297881
2025-11-18 14:37:00+09:00,63845249.66297881
2025-11-18 14:38:00+09:00,63845249.66297881
2025-11-18 14:39:00+09:00,63938864.398555025
2025-11-18 14:40:00+09:00,63938864.398555025
2025-11-18 14:41:00+09:00,63938864.398555025
2025-11-18 14:42:00+09:00,63845249.662978806
2025-11-18 14:43:00+09:00,63845249.662978806
2025-11-18 14:44:00+09:00,63938864.39855502
2025-11-18 14:45:00+09:00,63938864.39855502
2025-11-18 14:46:00+09:00,64032479.13413123
2025-11-18 14:47:00+09:00,63938864.39855501
2025-11-18 14:48:00+09:00,63938864.39855501
2025-11-18 14:49:00+09:00,63938864.39855501
2025-11-18 14:50:00+09:00,64032479.13413122
2025-11-18 14:51:00+09:00,64032479.13413122
2025-11-18 14:52:00+09:00,63938864.398555
2025-11-18 14:53:00+09:00,63938864.398555
2025-11-18 14:54:00+09:00,63938864.398555
2025-11-18 14:55:00+09:00,63938864.398555
2025-11-18 14:56:00+09:00,63845249.66297878
2025-11-18 14:57:00+09:00,63845249.66297878
2025-11-18 14:58:00+09:00,63845249.66297878
2025-11-18 14:59:00+09:00,63845249.66297878
2025-11-18 15:00:00+09:00,63751634.92740257
2025-11-18 15:01:00+09:00,63658020.19182636
2025-11-18 15:02:00+09:00,63486143.537308425
2025-11-18 15:03:00+09:00,63486143.537308425
2025-11-18 15:04:00+09:00,63486143.537308425
2025-11-18 15:05:00+09:00,63486143.537308425
2025-11-18 15:06:00+09:00,63486143.537308425
2025-11-18 15:07:00+09:00,63486143.537308425
2025-11-18 15:08:00+09:00,63486143.537308425
2025-11-18 15:09:00+09:00,63486143.537308425
2025-11-18 15:10:00+09:00,63486143.537308425
2025-11-18 15:11:00+09:00,63486143.537308425
2025-11-18 15:12:00+09:00,63486143.537308425
2025-11-18 15:13:00+09:00,63486143.537308425
2025-11-18 15:14:00+09:00,63486143.537308425
2025-11-18 15:15:00+09:00,63486143.537308425
2025-11-18 15:16:00+09:00,63486143.537308425
2025-11-18 15:17:00+09:00,63486143.537308425
2025-11-18 15:18:00+09:00,63486143.537308425
2025-11-18 15:19:00+09:00,63486143.537308425
2025-11-18 15:30:00+09:00,63486143.537308425
2025-11-18 15:35:00+09:00,63486143.537308425
2025-11-19 09:00:00+09:00,63486143.537308425
2025-11-19 09:01:00+09:00,63486143.537308425
2025-11-19 09:02:00+09:00,63486143.537308425
2025-11-19 09:03:00+09:00,63486143.537308425
2025-11-19 09:04:00+09:00,63486143.537308425
2025-11-19 09:05:00+09:00,63486143.537308425
2025-11-19 09:06:00+09:00,63486143.537308425
2025-11-19 09:07:00+09:00,63486143.537308425
2025-11-19 09:08:00+09:00,63486143.537308425
2025-11-19 09:09:00+09:00,63486143.537308425
2025-11-19 09:10:00+09:00,63486143.537308425
2025-11-19 09:11:00+09:00,63486143.537308425
2025-11-19 09:12:00+09:00,63486143.537308425
2025-11-19 09:13:00+09:00,63486143.537308425
2025-11-19 09:14:00+09:00,63486143.537308425
2025-11-19 09:15:00+09:00,63486143.537308425
2025-11-19 09:16:00+09:00,63486143.537308425
2025-11-19 09:17:00+09:00,63486143.537308425
2025-11-19 09:18:00+09:00,63486143.537308425
2025-11-19 09:19:00+09:00,63486143.537308425
2025-11-19 09:20:00+09:00,63486143.537308425
2025-11-19 09:21:00+09:00,63486143.537308425
2025-11-19 09:22:00+09:00,63486143.537308425
2025-11-19 09:23:00+09:00,63486143.537308425
2025-11-19 09:24:00+09:00,63486143.537308425
2025-11-19 09:25:00+09:00,63486143.537308425
2025-11-19 09:26:00+09:00,63486143.537308425
2025-11-19 09:27:00+09:00,63486143.537308425
2025-11-19 09:28:00+09:00,63486143.537308425
2025-11-19 09:29:00+09:00,63486143.537308425
2025-11-19 09:30:00+09:00,63486143.537308425
2025-11-19 09:31:00+09:00,63486143.537308425
2025-11-19 09:32:00+09:00,63486143.537308425
2025-11-19 09:33:00+09:00,63486143.537308425
2025-11-19 09:34:00+09:00,63486143.537308425
2025-11-19 09:35:00+09:00,63486143.537308425
2025-11-19 09:36:00+09:00,63486143.537308425
2025-11-19 09:37:00+09:00,63486143.537308425
2025-11-19 09:38:00+09:00,63486143.537308425
2025-11-19 09:39:00+09:00,63486143.537308425
2025-11-19 09:40:00+09:00,63486143.537308425
2025-11-19 09:41:00+09:00,63486143.537308425
2025-11-19 09:42:00+09:00,63486143.537308425
2025-11-19 09:43:00+09:00,63486143.537308425
2025-11-19 09:44:00+09:00,63486143.537308425
2025-11-19 09:45:00+09:00,63486143.537308425
2025-11-19 09:46:00+09:00,63486143.537308425
2025-11-19 09:47:00+09:00,63486143.537308425
2025-11-19 09:48:00+09:00,63486143.537308425
2025-11-19 09:49:00+09:00,63486143.537308425
2025-11-19 09:50:00+09:00,63486143.537308425
2025-11-19 09:51:00+09:00,63486143.537308425
2025-11-19 09:52:00+09:00,63486143.537308425
2025-11-19 09:53:00+09:00,63486143.537308425
2025-11-19 09:54:00+09:00,63486143.537308425
2025-11-19 09:55:00+09:00,63486143.537308425
2025-11-19 09:56:00+09:00,63486143.537308425
2025-11-19 09:57:00+09:00,63486143.537308425
2025-11-19 09:58:00+09:00,63486143.537308425
2025-11-19 09:59:00+09:00,63486143.537308425
2025-11-19 10:00:00+09:00,63460749.07989351
2025-11-19 10:01:00+09:00,63737467.46250931
2025-11-19 10:02:00+09:00,63460749.07989349
2025-11-19 10:03:00+09:00,64014185.845125124
2025-11-19 10:04:00+09:00,63552988.540765435
2025-11-19 10:05:00+09:00,63645228.00163737
2025-11-19 10:06:00+09:00,63737467.462509304
2025-11-19 10:07:00+09:00,63737467.462509304
2025-11-19 10:08:00+09:00,63368509.61902156
2025-11-19 10:09:00+09:00,62999551.7755338
2025-11-19 10:10:00+09:00,63137910.96684171
2025-11-19 10:11:00+09:00,63276270.158149615
2025-11-19 10:12:00+09:00,63368509.61902156
2025-11-19 10:13:00+09:00,63091791.236405745
2025-11-19 10:14:00+09:00,63276270.15814963
2025-11-19 10:15:00+09:00,63184030.69727769
2025-11-19 10:16:00+09:00,63184030.69727769
2025-11-19 10:17:00+09:00,63368509.61902157
2025-11-19 10:18:00+09:00,63368509.61902157
2025-11-19 10:19:00+09:00,63460749.079893515
2025-11-19 10:20:00+09:00,63552988.54076545
2025-11-19 10:21:00+09:00,63552988.54076545
2025-11-19 10:22:00+09:00,63460749.079893515
2025-11-19 10:23:00+09:00,63645228.00163739
2025-11-19 10:24:00+09:00,63460749.07989352
2025-11-19 10:25:00+09:00,63599108.271201424
2025-11-19 10:26:00+09:00,63460749.07989352
2025-11-19 10:27:00+09:00,63276270.158149645
2025-11-19 10:28:00+09:00,63276270.158149645
2025-11-19 10:29:00+09:00,63091791.23640577
2025-11-19 10:30:00+09:00,63091791.23640577
2025-11-19 10:31:00+09:00,63091791.23640577
2025-11-19 10:32:00+09:00,63184030.69727771
2025-11-19 10:33:00+09:00,63276270.158149645
2025-11-19 10:34:00+09:00,63276270.158149645
2025-11-19 10:35:00+09:00,63368509.61902159
2025-11-19 10:36:00+09:00,63276270.158149645
2025-11-19 10:37:00+09:00,63368509.61902159
2025-11-19 10:38:00+09:00,63368509.61902159
2025-11-19 10:39:00+09:00,63368509.61902159
2025-11-19 10:40:00+09:00,63368509.61902159
2025-11-19 10:41:00+09:00,63552988.54076547
2025-11-19 10:42:00+09:00,63645228.00163741
2025-11-19 10:43:00+09:00,63737467.46250934
2025-11-19 10:44:00+09:00,63645228.0016374
2025-11-19 10:45:00+09:00,63645228.0016374
2025-11-19 10:46:00+09:00,63921946.38425321
2025-11-19 10:47:00+09:00,63645228.0016374
2025-11-19 10:48:00+09:00,63737467.462509334
2025-11-19 10:49:00+09:00,63737467.462509334
2025-11-19 10:50:00+09:00,63552988.54076546
2025-11-19 10:51:00+09:00,63552988.54076546
2025-11-19 10:52:00+09:00,63737467.46250933
2025-11-19 10:53:00+09:00,63645228.001637384
2025-11-19 10:54:00+09:00,63737467.46250932
2025-11-19 10:55:00+09:00,63737467.46250932
2025-11-19 10:56:00+09:00,63645228.00163738
2025-11-19 10:57:00+09:00,63737467.46250931
2025-11-19 10:58:00+09:00,63645228.00163737
2025-11-19 10:59:00+09:00,63645228.00163737
2025-11-19 11:00:00+09:00,63737467.462509304
2025-11-19 11:01:00+09:00,63645228.00163736
2025-11-19 11:02:00+09:00,63645228.00163736
2025-11-19 11:03:00+09:00,63552988.54076542
2025-11-19 11:04:00+09:00,63552988.54076542
2025-11-19 11:05:00+09:00,63829706.923381224
2025-11-19 11:06:00+09:00,63552988.54076541
2025-11-19 11:07:00+09:00,63552988.54076541
2025-11-19 11:08:00+09:00,63552988.54076541
2025-11-19 11:09:00+09:00,63552988.54076541
2025-11-19 11:10:00+09:00,63737467.46250928
2025-11-19 11:11:00+09:00,63645228.00163734
2025-11-19 11:13:00+09:00,63645228.00163734
2025-11-19 11:15:00+09:00,63552988.5407654
2025-11-19 11:16:00+09:00,63552988.5407654
2025-11-19 11:17:00+09:00,63552988.5407654
2025-11-19 11:18:00+09:00,63737467.46250927
2025-11-19 11:19:00+09:00,63645228.001637325
2025-11-19 11:20:00+09:00,63552988.54076538
2025-11-19 11:21:00+09:00,63368509.619021505
2025-11-19 11:22:00+09:00,63552988.54076539
2025-11-19 11:23:00+09:00,63381395.47170532
2025-11-19 11:24:00+09:00,63381395.47170532
2025-11-19 11:25:00+09:00,63381395.47170532
2025-11-19 11:26:00+09:00,63381395.47170532
2025-11-19 11:27:00+09:00,63381395.47170532
2025-11-19 11:28:00+09:00,63381395.47170532
2025-11-19 11:29:00+09:00,63381395.47170532
2025-11-19 11:31:00+09:00,63381395.47170532
2025-11-19 11:32:00+09:00,63381395.47170532
2025-11-19 11:33:00+09:00,63381395.47170532
2025-11-19 11:34:00+09:00,63381395.47170532
2025-11-19 11:36:00+09:00,63381395.47170532
2025-11-19 11:37:00+09:00,63381395.47170532
2025-11-19 11:38:00+09:00,63381395.47170532
2025-11-19 11:40:00+09:00,63381395.47170532
2025-11-19 11:43:00+09:00,63381395.47170532
2025-11-19 11:45:00+09:00,63381395.47170532
2025-11-19 11:47:00+09:00,63381395.47170532
2025-11-19 11:48:00+09:00,63381395.47170532
2025-11-19 11:49:00+09:00,63381395.47170532
2025-11-19 11:50:00+09:00,63381395.47170532
2025-11-19 11:51:00+09:00,63381395.47170532
2025-11-19 11:52:00+09:00,63381395.47170532
2025-11-19 11:53:00+09:00,63381395.47170532
2025-11-19 11:54:00+09:00,63381395.47170532
2025-11-19 11:56:00+09:00,63381395.47170532
2025-11-19 11:57:00+09:00,63381395.47170532
2025-11-19 11:58:00+09:00,63381395.47170532
2025-11-19 11:59:00+09:00,63381395.47170532
2025-11-19 12:00:00+09:00,63381395.47170532
2025-11-19 12:01:00+09:00,63381395.47170532
2025-11-19 12:02:00+09:00,63381395.47170532
2025-11-19 12:03:00+09:00,63381395.47170532
2025-11-19 12:04:00+09:00,63381395.47170532
2025-11-19 12:05:00+09:00,63381395.47170532
2025-11-19 12:06:00+09:00,63381395.47170532
2025-11-19 12:07:00+09:00,63356042.91351664
2025-11-19 12:08:00+09:00,63356042.91351664
2025-11-19 12:09:00+09:00,63447863.26556521
2025-11-19 12:10:00+09:00,63447863.26556521
2025-11-19 12:11:00+09:00,63356042.91351663
2025-11-19 12:13:00+09:00,63356042.91351663
2025-11-19 12:14:00+09:00,63356042.91351663
2025-11-19 12:15:00+09:00,63356042.91351663
2025-11-19 12:16:00+09:00,63356042.91351663
2025-11-19 12:17:00+09:00,63356042.91351663
2025-11-19 12:18:00+09:00,63264222.56146806
2025-11-19 12:19:00+09:00,63172402.20941948
2025-11-19 12:20:00+09:00,63264222.56146805
2025-11-19 12:21:00+09:00,63093409.160552084
2025-11-19 12:22:00+09:00,63093409.160552084
2025-11-19 12:23:00+09:00,63093409.160552084
2025-11-19 12:24:00+09:00,63093409.160552084
2025-11-19 12:25:00+09:00,63093409.160552084
2025-11-19 12:26:00+09:00,63093409.160552084
2025-11-19 12:28:00+09:00,63093409.160552084
2025-11-19 12:29:00+09:00,63093409.160552084
2025-11-19 12:30:00+09:00,63093409.160552084
2025-11-19 12:31:00+09:00,63093409.160552084
2025-11-19 12:32:00+09:00,63093409.160552084
2025-11-19 12:33:00+09:00,63093409.160552084
2025-11-19 12:35:00+09:00,63093409.160552084
2025-11-19 12:36:00+09:00,63093409.160552084
2025-11-19 12:37:00+09:00,63093409.160552084
2025-11-19 12:38:00+09:00,63093409.160552084
2025-11-19 12:39:00+09:00,63093409.160552084
2025-11-19 12:40:00+09:00,63093409.160552084
2025-11-19 12:41:00+09:00,63093409.160552084
2025-11-19 12:42:00+09:00,63093409.160552084
2025-11-19 12:43:00+09:00,63093409.160552084
2025-11-19 12:45:00+09:00,63093409.160552084
2025-11-19 12:46:00+09:00,63093409.160552084
2025-11-19 12:47:00+09:00,63093409.160552084
2025-11-19 12:48:00+09:00,63093409.160552084
2025-11-19 12:49:00+09:00,63093409.160552084
2025-11-19 12:50:00+09:00,63093409.160552084
2025-11-19 12:51:00+09:00,63093409.160552084
2025-11-19 12:52:00+09:00,63093409.160552084
2025-11-19 12:53:00+09:00,63093409.160552084
2025-11-19 12:54:00+09:00,63093409.160552084
2025-11-19 12:55:00+09:00,63093409.160552084
2025-11-19 12:56:00+09:00,63093409.160552084
2025-11-19 12:57:00+09:00,63093409.160552084
2025-11-19 12:58:00+09:00,63093409.160552084
2025-11-19 13:00:00+09:00,63093409.160552084
2025-11-19 13:01:00+09:00,63093409.160552084
2025-11-19 13:02:00+09:00,63093409.160552084
2025-11-19 13:03:00+09:00,63093409.160552084
2025-11-19 13:04:00+09:00,63093409.160552084
2025-11-19 13:05:00+09:00,63093409.160552084
2025-11-19 13:09:00+09:00,63093409.160552084
2025-11-19 13:10:00+09:00,63093409.160552084
2025-11-19 13:12:00+09:00,63093409.160552084
2025-11-19 13:14:00+09:00,63093409.160552084
2025-11-19 13:15:00+09:00,63093409.160552084
2025-11-19 13:16:00+09:00,63093409.160552084
2025-11-19 13:17:00+09:00,63093409.160552084
2025-11-19 13:20:00+09:00,63093409.160552084
2025-11-19 13:21:00+09:00,63093409.160552084
2025-11-19 13:22:00+09:00,63093409.160552084
2025-11-19 13:24:00+09:00,63093409.160552084
2025-11-19 13:25:00+09:00,63093409.160552084
2025-11-19 13:26:00+09:00,63093409.160552084
2025-11-19 13:27:00+09:00,63093409.160552084
2025-11-19 13:28:00+09:00,63093409.160552084
2025-11-19 13:30:00+09:00,63093409.160552084
2025-11-19 13:31:00+09:00,63093409.160552084
2025-11-19 13:32:00+09:00,63093409.160552084
2025-11-19 13:33:00+09:00,63068171.79688787
2025-11-19 13:34:00+09:00,63068171.79688787
2025-11-19 13:35:00+09:00,63068171.79688787
2025-11-19 13:36:00+09:00,63159974.08480182
2025-11-19 13:37:00+09:00,63159974.08480182
2025-11-19 13:38:00+09:00,63159974.08480182
2025-11-19 13:39:00+09:00,63527183.236457646
2025-11-19 13:40:00+09:00,63894392.38811348
2025-11-19 13:41:00+09:00,63802590.10019952
2025-11-19 13:42:00+09:00,63710787.812285565
2025-11-19 13:43:00+09:00,63710787.812285565
2025-11-19 13:44:00+09:00,63802590.10019951
2025-11-19 13:45:00+09:00,63710787.81228556
2025-11-19 13:46:00+09:00,63710787.81228556
2025-11-19 13:47:00+09:00,63618985.5243716
2025-11-19 13:48:00+09:00,63710787.81228555
2025-11-19 13:49:00+09:00,63802590.1001995
2025-11-19 13:50:00+09:00,63802590.1001995
2025-11-19 13:51:00+09:00,63710787.81228554
2025-11-19 13:52:00+09:00,63710787.81228554
2025-11-19 13:53:00+09:00,63710787.81228554
2025-11-19 13:54:00+09:00,63802590.10019949
2025-11-19 13:55:00+09:00,63756688.95624252
2025-11-19 13:56:00+09:00,63618985.52437158
2025-11-19 13:57:00+09:00,63527183.23645762
2025-11-19 13:58:00+09:00,63618985.52437158
2025-11-19 13:59:00+09:00,63527183.23645762
2025-11-19 14:00:00+09:00,63435380.94854367
2025-11-19 14:01:00+09:00,63435380.94854367
2025-11-19 14:02:00+09:00,63527183.23645762
2025-11-19 14:04:00+09:00,63527183.23645762
2025-11-19 14:05:00+09:00,63618985.52437158
2025-11-19 14:06:00+09:00,63710787.81228553
2025-11-19 14:07:00+09:00,63802590.100199476
2025-11-19 14:08:00+09:00,63802590.100199476
2025-11-19 14:09:00+09:00,63802590.100199476
2025-11-19 14:10:00+09:00,63802590.100199476
2025-11-19 14:11:00+09:00,63710787.81228552
2025-11-19 14:12:00+09:00,63527183.2364576
2025-11-19 14:13:00+09:00,63710787.812285505
2025-11-19 14:14:00+09:00,63527183.23645759
2025-11-19 14:15:00+09:00,63527183.23645759
2025-11-19 14:16:00+09:00,63435380.94854363
2025-11-19 14:17:00+09:00,63435380.94854363
2025-11-19 14:18:00+09:00,63435380.94854363
2025-11-19 14:19:00+09:00,63435380.94854363
2025-11-19 14:20:00+09:00,63264105.41998256
2025-11-19 14:21:00+09:00,63264105.41998256
2025-11-19 14:22:00+09:00,63264105.41998256
2025-11-19 14:23:00+09:00,63264105.41998256
2025-11-19 14:25:00+09:00,63264105.41998256
2025-11-19 14:26:00+09:00,63264105.41998256
2025-11-19 14:27:00+09:00,63264105.41998256
2025-11-19 14:28:00+09:00,63264105.41998256
2025-11-19 14:29:00+09:00,63264105.41998256
2025-11-19 14:30:00+09:00,63264105.41998256
2025-11-19 14:31:00+09:00,63264105.41998256
2025-11-19 14:32:00+09:00,63264105.41998256
2025-11-19 14:33:00+09:00,63264105.41998256
2025-11-19 14:34:00+09:00,63264105.41998256
2025-11-19 14:35:00+09:00,63264105.41998256
2025-11-19 14:37:00+09:00,63264105.41998256
2025-11-19 14:38:00+09:00,63264105.41998256
2025-11-19 14:39:00+09:00,63264105.41998256
2025-11-19 14:40:00+09:00,63264105.41998256
2025-11-19 14:41:00+09:00,63264105.41998256
2025-11-19 14:42:00+09:00,63264105.41998256
2025-11-19 14:43:00+09:00,63264105.41998256
2025-11-19 14:44:00+09:00,63264105.41998256
2025-11-19 14:45:00+09:00,63264105.41998256
2025-11-19 14:48:00+09:00,63264105.41998256
2025-11-19 14:49:00+09:00,63264105.41998256
2025-11-19 14:50:00+09:00,63264105.41998256
2025-11-19 14:51:00+09:00,63264105.41998256
2025-11-19 14:54:00+09:00,63264105.41998256
2025-11-19 14:55:00+09:00,63264105.41998256
2025-11-19 14:56:00+09:00,63264105.41998256
2025-11-19 14:57:00+09:00,63264105.41998256
2025-11-19 14:58:00+09:00,63264105.41998256
2025-11-19 14:59:00+09:00,63264105.41998256
2025-11-19 15:00:00+09:00,63264105.41998256
2025-11-19 15:01:00+09:00,63264105.41998256
2025-11-19 15:02:00+09:00,63264105.41998256
2025-11-19 15:03:00+09:00,63264105.41998256
2025-11-19 15:04:00+09:00,63264105.41998256
2025-11-19 15:05:00+09:00,63264105.41998256
2025-11-19 15:06:00+09:00,63264105.41998256
2025-11-19 15:07:00+09:00,63264105.41998256
2025-11-19 15:08:00+09:00,63264105.41998256
2025-11-19 15:09:00+09:00,63264105.41998256
2025-11-19 15:10:00+09:00,63264105.41998256
2025-11-19 15:11:00+09:00,63264105.41998256
2025-11-19 15:12:00+09:00,63264105.41998256
2025-11-19 15:13:00+09:00,63264105.41998256
2025-11-19 15:14:00+09:00,63264105.41998256
2025-11-19 15:15:00+09:00,63264105.41998256
2025-11-19 15:16:00+09:00,63264105.41998256
2025-11-19 15:17:00+09:00,63264105.41998256
2025-11-19 15:18:00+09:00,63264105.41998256
2025-11-19 15:19:00+09:00,63264105.41998256
2025-11-19 15:30:00+09:00,63264105.41998256
2025-11-19 15:35:00+09:00,63264105.41998256
2025-11-20 09:00:00+09:00,63264105.41998256
2025-11-20 09:01:00+09:00,63264105.41998256
2025-11-20 09:02:00+09:00,63264105.41998256
2025-11-20 09:03:00+09:00,63264105.41998256
2025-11-20 09:04:00+09:00,63264105.41998256
2025-11-20 09:05:00+09:00,63264105.41998256
2025-11-20 09:06:00+09:00,63238799.77781457
2025-11-20 09:07:00+09:00,63147546.0984815
2025-11-20 09:08:00+09:00,63238799.77781456
2025-11-20 09:09:00+09:00,63238799.77781456
2025-11-20 09:10:00+09:00,63421307.1364807
2025-11-20 09:11:00+09:00,63421307.1364807
2025-11-20 09:12:00+09:00,63330053.45714763
2025-11-20 09:13:00+09:00,63330053.45714763
2025-11-20 09:14:00+09:00,63330053.45714763
2025-11-20 09:15:00+09:00,63330053.45714763
2025-11-20 09:16:00+09:00,63330053.45714763
2025-11-20 09:17:00+09:00,63238799.77781456
2025-11-20 09:18:00+09:00,63147546.09848149
2025-11-20 09:19:00+09:00,63147546.09848149
2025-11-20 09:20:00+09:00,63330053.45714762
2025-11-20 09:21:00+09:00,63238799.77781455
2025-11-20 09:22:00+09:00,63147546.098481484
2025-11-20 09:23:00+09:00,63330053.45714761
2025-11-20 09:24:00+09:00,63421307.136480674
2025-11-20 09:25:00+09:00,63603814.4951468
2025-11-20 09:26:00+09:00,63603814.4951468
2025-11-20 09:27:00+09:00,63877575.53314601
2025-11-20 09:28:00+09:00,63786321.85381294
2025-11-20 09:29:00+09:00,63786321.85381294
2025-11-20 09:30:00+09:00,63877575.533146
2025-11-20 09:31:00+09:00,63512560.81581374
2025-11-20 09:32:00+09:00,63603814.4951468
2025-11-20 09:33:00+09:00,63603814.4951468
2025-11-20 09:34:00+09:00,63603814.4951468
2025-11-20 09:35:00+09:00,63603814.4951468
2025-11-20 09:36:00+09:00,63695068.17447987
2025-11-20 09:37:00+09:00,63603814.4951468
2025-11-20 09:38:00+09:00,63238799.77781454
2025-11-20 09:39:00+09:00,63603814.4951468
2025-11-20 09:40:00+09:00,63695068.17447987
2025-11-20 09:41:00+09:00,63786321.85381295
2025-11-20 09:42:00+09:00,63421307.13648068
2025-11-20 09:43:00+09:00,63421307.13648068
2025-11-20 09:44:00+09:00,63603814.49514682
2025-11-20 09:45:00+09:00,63603814.49514682
2025-11-20 09:46:00+09:00,63238799.77781455
2025-11-20 09:47:00+09:00,63603814.49514682
2025-11-20 09:48:00+09:00,63432084.19600992
2025-11-20 09:49:00+09:00,63432084.19600992
2025-11-20 09:50:00+09:00,63432084.19600992
2025-11-20 09:51:00+09:00,63432084.19600992
2025-11-20 09:52:00+09:00,63432084.19600992
2025-11-20 09:53:00+09:00,63432084.19600992
2025-11-20 09:54:00+09:00,63432084.19600992
2025-11-20 09:55:00+09:00,63432084.19600992
2025-11-20 09:56:00+09:00,63432084.19600992
2025-11-20 09:57:00+09:00,63432084.19600992
2025-11-20 09:58:00+09:00,63432084.19600992
2025-11-20 09:59:00+09:00,63432084.19600992
2025-11-20 10:00:00+09:00,63432084.19600992
2025-11-20 10:01:00+09:00,63432084.19600992
2025-11-20 10:02:00+09:00,63432084.19600992
2025-11-20 10:03:00+09:00,63432084.19600992
2025-11-20 10:04:00+09:00,63432084.19600992
2025-11-20 10:05:00+09:00,63432084.19600992
2025-11-20 10:06:00+09:00,63432084.19600992
2025-11-20 10:07:00+09:00,63432084.19600992
2025-11-20 10:08:00+09:00,63432084.19600992
2025-11-20 10:09:00+09:00,63432084.19600992
2025-11-20 10:10:00+09:00,63432084.19600992
2025-11-20 10:11:00+09:00,63432084.19600992
2025-11-20 10:12:00+09:00,63432084.19600992
2025-11-20 10:13:00+09:00,63432084.19600992
2025-11-20 10:14:00+09:00,63432084.19600992
2025-11-20 10:15:00+09:00,63432084.19600992
2025-11-20 10:16:00+09:00,63432084.19600992
2025-11-20 10:17:00+09:00,63432084.19600992
2025-11-20 10:18:00+09:00,63432084.19600992
2025-11-20 10:19:00+09:00,63432084.19600992
2025-11-20 10:20:00+09:00,63432084.19600992
2025-11-20 10:21:00+09:00,63432084.19600992
2025-11-20 10:22:00+09:00,63406711.36233152
2025-11-20 10:23:00+09:00,63316259.562955864
2025-11-20 10:24:00+09:00,63406711.36233151
2025-11-20 10:25:00+09:00,63406711.36233151
2025-11-20 10:26:00+09:00,63768518.55983411
2025-11-20 10:27:00+09:00,64039873.95796105
2025-11-20 10:28:00+09:00,64582584.75421496
2025-11-20 10:29:00+09:00,64944391.95171756
2025-11-20 10:30:00+09:00,65396650.948595814
2025-11-20 10:31:00+09:00,65034843.75109321
2025-11-20 10:32:00+09:00,65034843.75109321
2025-11-20 10:33:00+09:00,65125295.55046886
2025-11-20 10:34:00+09:00,65034843.75109321
2025-11-20 10:35:00+09:00,64763488.35296626
2025-11-20 10:36:00+09:00,64582584.75421495
2025-11-20 10:37:00+09:00,64492132.9548393
2025-11-20 10:38:00+09:00,64401681.15546364
2025-11-20 10:39:00+09:00,64492132.95483929
2025-11-20 10:40:00+09:00,64492132.95483929
2025-11-20 10:41:00+09:00,64582584.75421494
2025-11-20 10:42:00+09:00,64492132.95483929
2025-11-20 10:43:00+09:00,64492132.95483929
2025-11-20 10:44:00+09:00,64492132.95483929
2025-11-20 10:45:00+09:00,64311229.35608798
2025-11-20 10:46:00+09:00,64582584.754214935
2025-11-20 10:47:00+09:00,64492132.95483928
2025-11-20 10:48:00+09:00,64492132.95483928
2025-11-20 10:49:00+09:00,64492132.95483928
2025-11-20 10:50:00+09:00,64401681.15546363
2025-11-20 10:51:00+09:00,64492132.954839274
2025-11-20 10:52:00+09:00,64492132.954839274
2025-11-20 10:53:00+09:00,64492132.954839274
2025-11-20 10:54:00+09:00,64492132.954839274
2025-11-20 10:55:00+09:00,64220777.55671232
2025-11-20 10:56:00+09:00,63949422.15858537
2025-11-20 10:57:00+09:00,63949422.15858537
2025-11-20 10:58:00+09:00,63949422.15858537
2025-11-20 10:59:00+09:00,64220777.55671232
2025-11-20 11:00:00+09:00,64311229.356087975
2025-11-20 11:01:00+09:00,64311229.356087975
2025-11-20 11:02:00+09:00,64492132.95483927
2025-11-20 11:03:00+09:00,64492132.95483927
2025-11-20 11:04:00+09:00,64492132.95483927
2025-11-20 11:05:00+09:00,64492132.95483927
2025-11-20 11:06:00+09:00,64492132.95483927
2025-11-20 11:07:00+09:00,64401681.15546361
2025-11-20 11:08:00+09:00,64401681.15546361
2025-11-20 11:09:00+09:00,64401681.15546361
2025-11-20 11:10:00+09:00,64401681.15546361
2025-11-20 11:11:00+09:00,64311229.35608796
2025-11-20 11:12:00+09:00,64130325.75733666
2025-11-20 11:13:00+09:00,64220777.556712314
2025-11-20 11:14:00+09:00,64227796.616343856
2025-11-20 11:15:00+09:00,64227796.616343856
2025-11-20 11:16:00+09:00,64227796.616343856
2025-11-20 11:17:00+09:00,64227796.616343856
2025-11-20 11:18:00+09:00,64227796.616343856
2025-11-20 11:19:00+09:00,64227796.616343856
2025-11-20 11:20:00+09:00,64227796.616343856
2025-11-20 11:21:00+09:00,64227796.616343856
2025-11-20 11:22:00+09:00,64227796.616343856
2025-11-20 11:23:00+09:00,64227796.616343856
2025-11-20 11:24:00+09:00,64227796.616343856
2025-11-20 11:25:00+09:00,64202105.49769732
2025-11-20 11:26:00+09:00,64291399.10756895
2025-11-20 11:27:00+09:00,64380692.717440575
2025-11-20 11:28:00+09:00,64380692.717440575
2025-11-20 11:29:00+09:00,64380692.717440575
2025-11-20 11:30:00+09:00,64380692.717440575
2025-11-20 11:31:00+09:00,64112811.887825705
2025-11-20 11:32:00+09:00,64023518.27795408
2025-11-20 11:33:00+09:00,63844931.058210835
2025-11-20 11:34:00+09:00,63844931.058210835
2025-11-20 11:35:00+09:00,63934224.66808245
2025-11-20 11:36:00+09:00,63934224.66808245
2025-11-20 11:37:00+09:00,64023518.27795408
2025-11-20 11:38:00+09:00,64023518.27795408
2025-11-20 11:39:00+09:00,64112811.887825705
2025-11-20 11:40:00+09:00,64023518.27795408
2025-11-20 11:41:00+09:00,63844931.058210835
2025-11-20 11:42:00+09:00,63844931.058210835
2025-11-20 11:43:00+09:00,63934224.66808245
2025-11-20 11:44:00+09:00,64023518.27795408
2025-11-20 11:45:00+09:00,64023518.27795408
2025-11-20 11:46:00+09:00,63755637.44833921
2025-11-20 11:47:00+09:00,64023518.27795408
2025-11-20 11:48:00+09:00,63850654.7786036
2025-11-20 11:49:00+09:00,63850654.7786036
2025-11-20 11:50:00+09:00,63850654.7786036
2025-11-20 11:51:00+09:00,63850654.7786036
2025-11-20 11:52:00+09:00,63850654.7786036
2025-11-20 11:53:00+09:00,63850654.7786036
2025-11-20 11:54:00+09:00,63850654.7786036
2025-11-20 11:55:00+09:00,63850654.7786036
2025-11-20 11:56:00+09:00,63850654.7786036
2025-11-20 11:57:00+09:00,63850654.7786036
2025-11-20 11:58:00+09:00,63850654.7786036
2025-11-20 11:59:00+09:00,63825114.51669216
2025-11-20 12:00:00+09:00,63736591.47297969
2025-11-20 12:01:00+09:00,63736591.47297969
2025-11-20 12:02:00+09:00,63736591.47297969
2025-11-20 12:03:00+09:00,64179206.691542044
2025-11-20 12:04:00+09:00,64356252.77896699
2025-11-20 12:05:00+09:00,64267729.735254526
2025-11-20 12:06:00+09:00,64356252.77896699
2025-11-20 12:07:00+09:00,64267729.735254526
2025-11-20 12:08:00+09:00,64002160.60411711
2025-11-20 12:09:00+09:00,64090683.647829585
2025-11-20 12:10:00+09:00,64090683.647829585
2025-11-20 12:11:00+09:00,64090683.647829585
2025-11-20 12:12:00+09:00,64002160.60411712
2025-11-20 12:13:00+09:00,64002160.60411712
2025-11-20 12:14:00+09:00,64002160.60411712
2025-11-20 12:15:00+09:00,64002160.60411712
2025-11-20 12:16:00+09:00,63913637.56040464
2025-11-20 12:17:00+09:00,63913637.56040464
2025-11-20 12:18:00+09:00,64002160.60411712
2025-11-20 12:19:00+09:00,63913637.56040464
2025-11-20 12:20:00+09:00,63913637.56040464
2025-11-20 12:21:00+09:00,63913637.56040464
2025-11-20 12:22:00+09:00,64002160.60411712
2025-11-20 12:23:00+09:00,63825114.51669218
2025-11-20 12:24:00+09:00,63825114.51669218
2025-11-20 12:25:00+09:00,63825114.51669218
2025-11-20 12:26:00+09:00,63559545.38555476
2025-11-20 12:27:00+09:00,63559545.38555476
2025-11-20 12:28:00+09:00,63564502.67600265
2025-11-20 12:29:00+09:00,63564502.67600265
2025-11-20 12:30:00+09:00,63564502.67600265
2025-11-20 12:31:00+09:00,63564502.67600265
2025-11-20 12:32:00+09:00,63564502.67600265
2025-11-20 12:33:00+09:00,63564502.67600265
2025-11-20 12:34:00+09:00,63564502.67600265
2025-11-20 12:35:00+09:00,63564502.67600265
2025-11-20 12:36:00+09:00,63564502.67600265
2025-11-20 12:37:00+09:00,63564502.67600265
2025-11-20 12:38:00+09:00,63564502.67600265
2025-11-20 12:39:00+09:00,63564502.67600265
2025-11-20 12:40:00+09:00,63564502.67600265
2025-11-20 12:41:00+09:00,63564502.67600265
2025-11-20 12:42:00+09:00,63539076.87493225
2025-11-20 12:43:00+09:00,63451194.33430302
2025-11-20 12:44:00+09:00,63451194.33430302
2025-11-20 12:45:00+09:00,63451194.33430302
2025-11-20 12:46:00+09:00,63451194.33430302
2025-11-20 12:48:00+09:00,63363311.79367379
2025-11-20 12:49:00+09:00,63451194.33430302
2025-11-20 12:50:00+09:00,63279876.1096004
2025-11-20 12:51:00+09:00,63279876.1096004
2025-11-20 12:52:00+09:00,63279876.1096004
2025-11-20 12:53:00+09:00,63279876.1096004
2025-11-20 12:54:00+09:00,63279876.1096004
2025-11-20 12:55:00+09:00,63279876.1096004
2025-11-20 12:56:00+09:00,63279876.1096004
2025-11-20 12:58:00+09:00,63279876.1096004
2025-11-20 12:59:00+09:00,63279876.1096004
2025-11-20 13:00:00+09:00,63279876.1096004
2025-11-20 13:01:00+09:00,63279876.1096004
2025-11-20 13:02:00+09:00,63279876.1096004
2025-11-20 13:03:00+09:00,63279876.1096004
2025-11-20 13:04:00+09:00,63279876.1096004
2025-11-20 13:05:00+09:00,63279876.1096004
2025-11-20 13:06:00+09:00,63279876.1096004
2025-11-20 13:07:00+09:00,63279876.1096004
2025-11-20 13:08:00+09:00,63279876.1096004
2025-11-20 13:09:00+09:00,63279876.1096004
2025-11-20 13:10:00+09:00,63279876.1096004
2025-11-20 13:11:00+09:00,63279876.1096004
2025-11-20 13:12:00+09:00,63279876.1096004
2025-11-20 13:13:00+09:00,63279876.1096004
2025-11-20 13:14:00+09:00,63279876.1096004
2025-11-20 13:15:00+09:00,63279876.1096004
2025-11-20 13:17:00+09:00,63279876.1096004
2025-11-20 13:18:00+09:00,63279876.1096004
2025-11-20 13:19:00+09:00,63279876.1096004
2025-11-20 13:20:00+09:00,63279876.1096004
2025-11-20 13:21:00+09:00,63279876.1096004
2025-11-20 13:22:00+09:00,63279876.1096004
2025-11-20 13:23:00+09:00,63279876.1096004
2025-11-20 13:24:00+09:00,63279876.1096004
2025-11-20 13:25:00+09:00,63279876.1096004
2025-11-20 13:26:00+09:00,63279876.1096004
2025-11-20 13:27:00+09:00,63279876.1096004
2025-11-20 13:28:00+09:00,63279876.1096004
2025-11-20 13:29:00+09:00,63279876.1096004
2025-11-20 13:30:00+09:00,63279876.1096004
2025-11-20 13:31:00+09:00,63254564.15915657
2025-11-20 13:32:00+09:00,63518858.99547616
2025-11-20 13:34:00+09:00,63347358.07618837
2025-11-20 13:35:00+09:00,63347358.07618837
2025-11-20 13:36:00+09:00,63347358.07618837
2025-11-20 13:37:00+09:00,63347358.07618837
2025-11-20 13:38:00+09:00,63347358.07618837
2025-11-20 13:39:00+09:00,63347358.07618837
2025-11-20 13:40:00+09:00,63347358.07618837
2025-11-20 13:41:00+09:00,63347358.07618837
2025-11-20 13:42:00+09:00,63347358.07618837
2025-11-20 13:43:00+09:00,63347358.07618837
2025-11-20 13:44:00+09:00,63347358.07618837
2025-11-20 13:45:00+09:00,63347358.07618837
2025-11-20 13:46:00+09:00,63347358.07618837
2025-11-20 13:47:00+09:00,63322019.1329579
2025-11-20 13:48:00+09:00,63235157.65266578
2025-11-20 13:49:00+09:00,63235157.65266578
2025-11-20 13:50:00+09:00,63235157.65266578
2025-11-20 13:51:00+09:00,63278588.39281184
2025-11-20 13:52:00+09:00,63148296.17237366
2025-11-20 13:53:00+09:00,63235157.65266578
2025-11-20 13:54:00+09:00,63235157.65266578
2025-11-20 13:55:00+09:00,63235157.65266578
2025-11-20 13:56:00+09:00,63235157.65266578
2025-11-20 13:57:00+09:00,63495742.09354215
2025-11-20 13:58:00+09:00,63582603.57383428
2025-11-20 13:59:00+09:00,63582603.57383428
2025-11-20 14:00:00+09:00,63408880.61325003
2025-11-20 14:01:00+09:00,63235157.65266579
2025-11-20 14:02:00+09:00,63148296.17237366
2025-11-20 14:03:00+09:00,63322019.1329579
2025-11-20 14:04:00+09:00,63408880.61325002
2025-11-20 14:05:00+09:00,63322019.13295789
2025-11-20 14:06:00+09:00,63365449.873103954
2025-11-20 14:07:00+09:00,63756326.534418516
2025-11-20 14:08:00+09:00,63495742.09354214
2025-11-20 14:09:00+09:00,63582603.57383427
2025-11-20 14:10:00+09:00,63495742.09354215
2025-11-20 14:11:00+09:00,63322019.132957906
2025-11-20 14:12:00+09:00,63148296.17237366
2025-11-20 14:13:00+09:00,63235157.65266578
2025-11-20 14:14:00+09:00,63322019.132957906
2025-11-20 14:15:00+09:00,63322019.132957906
2025-11-20 14:16:00+09:00,63408880.613250025
2025-11-20 14:17:00+09:00,63408880.613250025
2025-11-20 14:18:00+09:00,63235157.65266578
2025-11-20 14:19:00+09:00,63235157.65266578
2025-11-20 14:20:00+09:00,63322019.132957906
2025-11-20 14:21:00+09:00,63408880.613250025
2025-11-20 14:22:00+09:00,63235157.65266578
2025-11-20 14:23:00+09:00,63408880.613250025
2025-11-20 14:24:00+09:00,63322019.1329579
2025-11-20 14:25:00+09:00,63495742.093542136
2025-11-20 14:26:00+09:00,63495742.093542136
2025-11-20 14:27:00+09:00,63582603.57383426
2025-11-20 14:28:00+09:00,63495742.09354214
2025-11-20 14:29:00+09:00,63582603.57383427
2025-11-20 14:30:00+09:00,63495742.09354215
2025-11-20 14:31:00+09:00,63582603.57383428
2025-11-20 14:32:00+09:00,63495742.09354216
2025-11-20 14:33:00+09:00,63495742.09354216
2025-11-20 14:34:00+09:00,63408880.61325003
2025-11-20 14:35:00+09:00,63148296.17237366
2025-11-20 14:36:00+09:00,63235157.65266578
2025-11-20 14:37:00+09:00,63064422.72700358
2025-11-20 14:38:00+09:00,63064422.72700358
2025-11-20 14:39:00+09:00,63064422.72700358
2025-11-20 14:40:00+09:00,63064422.72700358
2025-11-20 14:41:00+09:00,63064422.72700358
2025-11-20 14:42:00+09:00,63064422.72700358
2025-11-20 14:43:00+09:00,63064422.72700358
2025-11-20 14:44:00+09:00,63064422.72700358
2025-11-20 14:45:00+09:00,63064422.72700358
2025-11-20 14:46:00+09:00,63064422.72700358
2025-11-20 14:47:00+09:00,63064422.72700358
2025-11-20 14:48:00+09:00,63064422.72700358
2025-11-20 14:49:00+09:00,63064422.72700358
2025-11-20 14:50:00+09:00,63064422.72700358
2025-11-20 14:51:00+09:00,63064422.72700358
2025-11-20 14:52:00+09:00,63064422.72700358
2025-11-20 14:53:00+09:00,63064422.72700358
2025-11-20 14:54:00+09:00,63064422.72700358
2025-11-20 14:55:00+09:00,63064422.72700358
2025-11-20 14:56:00+09:00,63064422.72700358
2025-11-20 14:57:00+09:00,63064422.72700358
2025-11-20 14:58:00+09:00,63064422.72700358
2025-11-20 14:59:00+09:00,63064422.72700358
2025-11-20 15:00:00+09:00,63064422.72700358
2025-11-20 15:01:00+09:00,63064422.72700358
2025-11-20 15:02:00+09:00,63064422.72700358
2025-11-20 15:03:00+09:00,63064422.72700358
2025-11-20 15:04:00+09:00,63064422.72700358
2025-11-20 15:05:00+09:00,63064422.72700358
2025-11-20 15:06:00+09:00,63064422.72700358
2025-11-20 15:07:00+09:00,63039196.95791278
2025-11-20 15:08:00+09:00,63039196.95791278
2025-11-20 15:09:00+09:00,63039196.95791278
2025-11-20 15:10:00+09:00,63039196.95791278
2025-11-20 15:11:00+09:00,63039196.95791278
2025-11-20 15:12:00+09:00,63125552.022238694
2025-11-20 15:13:00+09:00,63211907.08656461
2025-11-20 15:14:00+09:00,63125552.0222387
2025-11-20 15:15:00+09:00,62952841.89358689
2025-11-20 15:16:00+09:00,63039196.957912795
2025-11-20 15:17:00+09:00,62782869.22047419
2025-11-20 15:18:00+09:00,62782869.22047419
2025-11-20 15:19:00+09:00,62782869.22047419
2025-11-20 15:30:00+09:00,62782869.22047419
2025-11-20 15:35:00+09:00,62782869.22047419
2025-11-21 09:00:00+09:00,62782869.22047419
2025-11-21 09:01:00+09:00,62782869.22047419
2025-11-21 09:02:00+09:00,62782869.22047419
2025-11-21 09:03:00+09:00,62782869.22047419
2025-11-21 09:04:00+09:00,62782869.22047419
2025-11-21 09:05:00+09:00,62782869.22047419
2025-11-21 09:06:00+09:00,62782869.22047419
2025-11-21 09:07:00+09:00,62782869.22047419
2025-11-21 09:08:00+09:00,62782869.22047419
2025-11-21 09:09:00+09:00,62782869.22047419
2025-11-21 09:10:00+09:00,62782869.22047419
2025-11-21 09:11:00+09:00,62782869.22047419
2025-11-21 09:12:00+09:00,62782869.22047419
2025-11-21 09:13:00+09:00,62782869.22047419
2025-11-21 09:14:00+09:00,62782869.22047419
2025-11-21 09:15:00+09:00,62782869.22047419
2025-11-21 09:16:00+09:00,62782869.22047419
2025-11-21 09:17:00+09:00,62782869.22047419
2025-11-21 09:18:00+09:00,62782869.22047419
2025-11-21 09:19:00+09:00,62782869.22047419
2025-11-21 09:20:00+09:00,62782869.22047419
2025-11-21 09:21:00+09:00,62782869.22047419
2025-11-21 09:22:00+09:00,62782869.22047419
2025-11-21 09:23:00+09:00,62782869.22047419
2025-11-21 09:24:00+09:00,62782869.22047419
2025-11-21 09:25:00+09:00,62782869.22047419
2025-11-21 09:26:00+09:00,62782869.22047419
2025-11-21 09:27:00+09:00,62782869.22047419
2025-11-21 09:28:00+09:00,62782869.22047419
2025-11-21 09:29:00+09:00,62782869.22047419
2025-11-21 09:30:00+09:00,62782869.22047419
2025-11-21 09:31:00+09:00,62782869.22047419
2025-11-21 09:32:00+09:00,62782869.22047419
2025-11-21 09:33:00+09:00,62782869.22047419
2025-11-21 09:34:00+09:00,62782869.22047419
2025-11-21 09:35:00+09:00,62782869.22047419
2025-11-21 09:36:00+09:00,62782869.22047419
2025-11-21 09:37:00+09:00,62782869.22047419
2025-11-21 09:38:00+09:00,62782869.22047419
2025-11-21 09:39:00+09:00,62782869.22047419
2025-11-21 09:40:00+09:00,62782869.22047419
2025-11-21 09:41:00+09:00,62782869.22047419
2025-11-21 09:42:00+09:00,62782869.22047419
2025-11-21 09:43:00+09:00,62782869.22047419
2025-11-21 09:44:00+09:00,62782869.22047419
2025-11-21 09:45:00+09:00,62782869.22047419
2025-11-21 09:46:00+09:00,62782869.22047419
2025-11-21 09:47:00+09:00,62782869.22047419
2025-11-21 09:48:00+09:00,62782869.22047419
2025-11-21 09:49:00+09:00,62782869.22047419
2025-11-21 09:50:00+09:00,62782869.22047419
2025-11-21 09:51:00+09:00,62782869.22047419
2025-11-21 09:52:00+09:00,62782869.22047419
2025-11-21 09:53:00+09:00,62782869.22047419
2025-11-21 09:54:00+09:00,62782869.22047419
2025-11-21 09:55:00+09:00,62782869.22047419
2025-11-21 09:56:00+09:00,62782869.22047419
2025-11-21 09:57:00+09:00,62782869.22047419
2025-11-21 09:58:00+09:00,62782869.22047419
2025-11-21 09:59:00+09:00,62782869.22047419
2025-11-21 10:00:00+09:00,62782869.22047419
2025-11-21 10:01:00+09:00,62782869.22047419
2025-11-21 10:02:00+09:00,62782869.22047419
2025-11-21 10:03:00+09:00,62782869.22047419
2025-11-21 10:04:00+09:00,62782869.22047419
2025-11-21 10:05:00+09:00,62782869.22047419
2025-11-21 10:06:00+09:00,62782869.22047419
2025-11-21 10:07:00+09:00,62782869.22047419
2025-11-21 10:08:00+09:00,62782869.22047419
2025-11-21 10:09:00+09:00,62782869.22047419
2025-11-21 10:10:00+09:00,62782869.22047419
2025-11-21 10:11:00+09:00,62782869.22047419
2025-11-21 10:12:00+09:00,62782869.22047419
2025-11-21 10:13:00+09:00,62782869.22047419
2025-11-21 10:14:00+09:00,62782869.22047419
2025-11-21 10:15:00+09:00,62782869.22047419
2025-11-21 10:16:00+09:00,62782869.22047419
2025-11-21 10:17:00+09:00,62782869.22047419
2025-11-21 10:18:00+09:00,62782869.22047419
2025-11-21 10:19:00+09:00,62782869.22047419
2025-11-21 10:20:00+09:00,62782869.22047419
2025-11-21 10:21:00+09:00,62782869.22047419
2025-11-21 10:22:00+09:00,62782869.22047419
2025-11-21 10:23:00+09:00,62782869.22047419
2025-11-21 10:24:00+09:00,62782869.22047419
2025-11-21 10:25:00+09:00,62782869.22047419
2025-11-21 10:26:00+09:00,62782869.22047419
2025-11-21 10:27:00+09:00,62782869.22047419
2025-11-21 10:28:00+09:00,62782869.22047419
2025-11-21 10:29:00+09:00,62782869.22047419
2025-11-21 10:30:00+09:00,62782869.22047419
2025-11-21 10:31:00+09:00,62782869.22047419
2025-11-21 10:32:00+09:00,62782869.22047419
2025-11-21 10:33:00+09:00,62782869.22047419
2025-11-21 10:34:00+09:00,62782869.22047419
2025-11-21 10:35:00+09:00,62782869.22047419
2025-11-21 10:36:00+09:00,62782869.22047419
2025-11-21 10:37:00+09:00,62782869.22047419
2025-11-21 10:38:00+09:00,62782869.22047419
2025-11-21 10:39:00+09:00,62782869.22047419
2025-11-21 10:40:00+09:00,62782869.22047419
2025-11-21 10:41:00+09:00,62782869.22047419
2025-11-21 10:42:00+09:00,62782869.22047419
2025-11-21 10:43:00+09:00,62782869.22047419
2025-11-21 10:44:00+09:00,62782869.22047419
2025-11-21 10:45:00+09:00,62782869.22047419
2025-11-21 10:46:00+09:00,62782869.22047419
2025-11-21 10:47:00+09:00,62782869.22047419
2025-11-21 10:48:00+09:00,62782869.22047419
2025-11-21 10:49:00+09:00,62782869.22047419
2025-11-21 10:50:00+09:00,62782869.22047419
2025-11-21 10:51:00+09:00,62782869.22047419
2025-11-21 10:52:00+09:00,62782869.22047419
2025-11-21 10:53:00+09:00,62782869.22047419
2025-11-21 10:54:00+09:00,62782869.22047419
2025-11-21 10:55:00+09:00,62782869.22047419
2025-11-21 10:56:00+09:00,62782869.22047419
2025-11-21 10:57:00+09:00,62782869.22047419
2025-11-21 10:58:00+09:00,62782869.22047419
2025-11-21 10:59:00+09:00,62782869.22047419
2025-11-21 11:00:00+09:00,62782869.22047419
2025-11-21 11:01:00+09:00,62782869.22047419
2025-11-21 11:02:00+09:00,62782869.22047419
2025-11-21 11:03:00+09:00,62782869.22047419
2025-11-21 11:04:00+09:00,62782869.22047419
2025-11-21 11:05:00+09:00,62782869.22047419
2025-11-21 11:06:00+09:00,62782869.22047419
2025-11-21 11:07:00+09:00,62782869.22047419
2025-11-21 11:08:00+09:00,62782869.22047419
2025-11-21 11:09:00+09:00,62782869.22047419
2025-11-21 11:10:00+09:00,62782869.22047419
2025-11-21 11:11:00+09:00,62782869.22047419
2025-11-21 11:12:00+09:00,62782869.22047419
2025-11-21 11:13:00+09:00,62782869.22047419
2025-11-21 11:14:00+09:00,62782869.22047419
2025-11-21 11:15:00+09:00,62782869.22047419
2025-11-21 11:16:00+09:00,62782869.22047419
2025-11-21 11:17:00+09:00,62782869.22047419
2025-11-21 11:18:00+09:00,62782869.22047419
2025-11-21 11:19:00+09:00,62782869.22047419
2025-11-21 11:20:00+09:00,62782869.22047419
2025-11-21 11:21:00+09:00,62782869.22047419
2025-11-21 11:22:00+09:00,62782869.22047419
2025-11-21 11:23:00+09:00,62782869.22047419
2025-11-21 11:24:00+09:00,62782869.22047419
2025-11-21 11:25:00+09:00,62782869.22047419
2025-11-21 11:26:00+09:00,62782869.22047419
2025-11-21 11:27:00+09:00,62782869.22047419
2025-11-21 11:28:00+09:00,62782869.22047419
2025-11-21 11:29:00+09:00,62782869.22047419
2025-11-21 11:30:00+09:00,62782869.22047419
2025-11-21 11:31:00+09:00,62782869.22047419
2025-11-21 11:32:00+09:00,62782869.22047419
2025-11-21 11:33:00+09:00,62782869.22047419
2025-11-21 11:34:00+09:00,62782869.22047419
2025-11-21 11:35:00+09:00,62782869.22047419
2025-11-21 11:36:00+09:00,62782869.22047419
2025-11-21 11:37:00+09:00,62782869.22047419
2025-11-21 11:38:00+09:00,62782869.22047419
2025-11-21 11:39:00+09:00,62782869.22047419
2025-11-21 11:41:00+09:00,62782869.22047419
2025-11-21 11:42:00+09:00,62782869.22047419
2025-11-21 11:43:00+09:00,62782869.22047419
2025-11-21 11:44:00+09:00,62782869.22047419
2025-11-21 11:45:00+09:00,62782869.22047419
2025-11-21 11:46:00+09:00,62782869.22047419
2025-11-21 11:47:00+09:00,62782869.22047419
2025-11-21 11:48:00+09:00,62782869.22047419
2025-11-21 11:49:00+09:00,62782869.22047419
2025-11-21 11:50:00+09:00,62782869.22047419
2025-11-21 11:51:00+09:00,62782869.22047419
2025-11-21 11:52:00+09:00,62782869.22047419
2025-11-21 11:53:00+09:00,62782869.22047419
2025-11-21 11:54:00+09:00,62782869.22047419
2025-11-21 11:55:00+09:00,62782869.22047419
2025-11-21 11:56:00+09:00,62782869.22047419
2025-11-21 11:57:00+09:00,62782869.22047419
2025-11-21 11:58:00+09:00,62782869.22047419
2025-11-21 11:59:00+09:00,62782869.22047419
2025-11-21 12:00:00+09:00,62782869.22047419
2025-11-21 12:01:00+09:00,62782869.22047419
2025-11-21 12:02:00+09:00,62782869.22047419
2025-11-21 12:03:00+09:00,62782869.22047419
2025-11-21 12:04:00+09:00,62782869.22047419
2025-11-21 12:05:00+09:00,62782869.22047419
2025-11-21 12:06:00+09:00,62782869.22047419
2025-11-21 12:07:00+09:00,62782869.22047419
2025-11-21 12:08:00+09:00,62782869.22047419
2025-11-21 12:09:00+09:00,62782869.22047419
2025-11-21 12:10:00+09:00,62782869.22047419
2025-11-21 12:11:00+09:00,62782869.22047419
2025-11-21 12:12:00+09:00,62782869.22047419
2025-11-21 12:13:00+09:00,62782869.22047419
2025-11-21 12:14:00+09:00,62782869.22047419
2025-11-21 12:15:00+09:00,62782869.22047419
2025-11-21 12:16:00+09:00,62782869.22047419
2025-11-21 12:17:00+09:00,62782869.22047419
2025-11-21 12:18:00+09:00,62782869.22047419
2025-11-21 12:19:00+09:00,62782869.22047419
2025-11-21 12:20:00+09:00,62782869.22047419
2025-11-21 12:21:00+09:00,62782869.22047419
2025-11-21 12:22:00+09:00,62782869.22047419
2025-11-21 12:23:00+09:00,62782869.22047419
2025-11-21 12:24:00+09:00,62782869.22047419
2025-11-21 12:25:00+09:00,62782869.22047419
2025-11-21 12:26:00+09:00,62782869.22047419
2025-11-21 12:27:00+09:00,62782869.22047419
2025-11-21 12:28:00+09:00,62782869.22047419
2025-11-21 12:29:00+09:00,62782869.22047419
2025-11-21 12:30:00+09:00,62782869.22047419
2025-11-21 12:31:00+09:00,62782869.22047419
2025-11-21 12:32:00+09:00,62782869.22047419
2025-11-21 12:33:00+09:00,62782869.22047419
2025-11-21 12:34:00+09:00,62782869.22047419
2025-11-21 12:35:00+09:00,62782869.22047419
2025-11-21 12:36:00+09:00,62782869.22047419
2025-11-21 12:37:00+09:00,62757756.072786
2025-11-21 12:38:00+09:00,62939926.62742399
2025-11-21 12:39:00+09:00,62860828.17260018
2025-11-21 12:40:00+09:00,62860828.17260018
2025-11-21 12:41:00+09:00,62860828.17260018
2025-11-21 12:42:00+09:00,62860828.17260018
2025-11-21 12:43:00+09:00,62860828.17260018
2025-11-21 12:44:00+09:00,62860828.17260018
2025-11-21 12:45:00+09:00,62860828.17260018
2025-11-21 12:46:00+09:00,62860828.17260018
2025-11-21 12:47:00+09:00,62860828.17260018
2025-11-21 12:48:00+09:00,62860828.17260018
2025-11-21 12:49:00+09:00,62860828.17260018
2025-11-21 12:50:00+09:00,62835683.84133114
2025-11-21 12:51:00+09:00,62654601.17896419
2025-11-21 12:52:00+09:00,62654601.17896419
2025-11-21 12:53:00+09:00,62654601.17896419
2025-11-21 12:54:00+09:00,62835683.84133113
2025-11-21 12:55:00+09:00,62564059.84778071
2025-11-21 12:56:00+09:00,62654601.17896419
2025-11-21 12:57:00+09:00,62654601.17896419
2025-11-21 12:58:00+09:00,62654601.17896419
2025-11-21 12:59:00+09:00,62654601.17896419
2025-11-21 13:00:00+09:00,62564059.84778072
2025-11-21 13:01:00+09:00,62564059.84778072
2025-11-21 13:02:00+09:00,62564059.84778072
2025-11-21 13:03:00+09:00,62382977.18541377
2025-11-21 13:04:00+09:00,62382977.18541377
2025-11-21 13:06:00+09:00,62214543.14701315
2025-11-21 13:07:00+09:00,62214543.14701315
2025-11-21 13:08:00+09:00,62214543.14701315
2025-11-21 13:09:00+09:00,62214543.14701315
2025-11-21 13:10:00+09:00,62214543.14701315
2025-11-21 13:11:00+09:00,62214543.14701315
2025-11-21 13:12:00+09:00,62214543.14701315
2025-11-21 13:13:00+09:00,62214543.14701315
2025-11-21 13:14:00+09:00,62214543.14701315
2025-11-21 13:15:00+09:00,62214543.14701315
2025-11-21 13:16:00+09:00,62214543.14701315
2025-11-21 13:17:00+09:00,62214543.14701315
2025-11-21 13:18:00+09:00,62214543.14701315
2025-11-21 13:19:00+09:00,62214543.14701315
2025-11-21 13:20:00+09:00,62214543.14701315
2025-11-21 13:21:00+09:00,62214543.14701315
2025-11-21 13:22:00+09:00,62214543.14701315
2025-11-21 13:23:00+09:00,62214543.14701315
2025-11-21 13:24:00+09:00,62214543.14701315
2025-11-21 13:25:00+09:00,62214543.14701315
2025-11-21 13:26:00+09:00,62214543.14701315
2025-11-21 13:27:00+09:00,62214543.14701315
2025-11-21 13:28:00+09:00,62214543.14701315
2025-11-21 13:29:00+09:00,62214543.14701315
2025-11-21 13:30:00+09:00,62214543.14701315
2025-11-21 13:31:00+09:00,62214543.14701315
2025-11-21 13:32:00+09:00,62214543.14701315
2025-11-21 13:33:00+09:00,62214543.14701315
2025-11-21 13:34:00+09:00,62214543.14701315
2025-11-21 13:35:00+09:00,62214543.14701315
2025-11-21 13:36:00+09:00,62214543.14701315
2025-11-21 13:37:00+09:00,62214543.14701315
2025-11-21 13:38:00+09:00,62214543.14701315
2025-11-21 13:39:00+09:00,62214543.14701315
2025-11-21 13:40:00+09:00,62214543.14701315
2025-11-21 13:41:00+09:00,62214543.14701315
2025-11-21 13:42:00+09:00,62214543.14701315
2025-11-21 13:43:00+09:00,62214543.14701315
2025-11-21 13:44:00+09:00,62214543.14701315
2025-11-21 13:45:00+09:00,62214543.14701315
2025-11-21 13:46:00+09:00,62214543.14701315
2025-11-21 13:47:00+09:00,62214543.14701315
2025-11-21 13:48:00+09:00,62214543.14701315
2025-11-21 13:49:00+09:00,62214543.14701315
2025-11-21 13:50:00+09:00,62214543.14701315
2025-11-21 13:51:00+09:00,62214543.14701315
2025-11-21 13:52:00+09:00,62214543.14701315
2025-11-21 13:53:00+09:00,62214543.14701315
2025-11-21 13:54:00+09:00,62214543.14701315
2025-11-21 13:55:00+09:00,62214543.14701315
2025-11-21 13:56:00+09:00,62214543.14701315
2025-11-21 13:57:00+09:00,62214543.14701315
2025-11-21 13:58:00+09:00,62214543.14701315
2025-11-21 13:59:00+09:00,62214543.14701315
2025-11-21 14:00:00+09:00,62214543.14701315
2025-11-21 14:01:00+09:00,62189657.329754345
2025-11-21 14:02:00+09:00,62189657.329754345
2025-11-21 14:03:00+09:00,62189657.329754345
2025-11-21 14:04:00+09:00,62189657.329754345
2025-11-21 14:05:00+09:00,62099787.88274603
2025-11-21 14:06:00+09:00,62009918.435737714
2025-11-21 14:07:00+09:00,62009918.435737714
2025-11-21 14:08:00+09:00,61830179.54172108
2025-11-21 14:09:00+09:00,61920048.988729395
2025-11-21 14:10:00+09:00,62009918.43573771
2025-11-21 14:11:00+09:00,61830179.541721076
2025-11-21 14:12:00+09:00,62099787.88274602
2025-11-21 14:13:00+09:00,62189657.32975434
2025-11-21 14:15:00+09:00,62009918.43573771
2025-11-21 14:16:00+09:00,62009918.43573771
2025-11-21 14:17:00+09:00,62009918.43573771
2025-11-21 14:18:00+09:00,61920048.98872939
2025-11-21 14:19:00+09:00,61920048.98872939
2025-11-21 14:20:00+09:00,61875114.26522523
2025-11-21 14:21:00+09:00,61830179.541721076
2025-11-21 14:22:00+09:00,61740310.09471276
2025-11-21 14:23:00+09:00,61560571.200696126
2025-11-21 14:24:00+09:00,61394357.65845425
2025-11-21 14:25:00+09:00,61394357.65845425
2025-11-21 14:26:00+09:00,61394357.65845425
2025-11-21 14:27:00+09:00,61394357.65845425
2025-11-21 14:28:00+09:00,61394357.65845425
2025-11-21 14:29:00+09:00,61394357.65845425
2025-11-21 14:30:00+09:00,61394357.65845425
2025-11-21 14:31:00+09:00,61394357.65845425
2025-11-21 14:32:00+09:00,61394357.65845425
2025-11-21 14:33:00+09:00,61394357.65845425
2025-11-21 14:34:00+09:00,61394357.65845425
2025-11-21 14:35:00+09:00,61394357.65845425
2025-11-21 14:36:00+09:00,61394357.65845425
2025-11-21 14:37:00+09:00,61394357.65845425
2025-11-21 14:38:00+09:00,61394357.65845425
2025-11-21 14:39:00+09:00,61394357.65845425
2025-11-21 14:40:00+09:00,61394357.65845425
2025-11-21 14:41:00+09:00,61394357.65845425
2025-11-21 14:42:00+09:00,61394357.65845425
2025-11-21 14:43:00+09:00,61394357.65845425
2025-11-21 14:44:00+09:00,61394357.65845425
2025-11-21 14:45:00+09:00,61394357.65845425
2025-11-21 14:46:00+09:00,61394357.65845425
2025-11-21 14:47:00+09:00,61394357.65845425
2025-11-21 14:48:00+09:00,61394357.65845425
2025-11-21 14:49:00+09:00,61394357.65845425
2025-11-21 14:50:00+09:00,61394357.65845425
2025-11-21 14:51:00+09:00,61394357.65845425
2025-11-21 14:52:00+09:00,61394357.65845425
2025-11-21 14:53:00+09:00,61394357.65845425
2025-11-21 14:54:00+09:00,61394357.65845425
2025-11-21 14:55:00+09:00,61394357.65845425
2025-11-21 14:56:00+09:00,61394357.65845425
2025-11-21 14:57:00+09:00,61394357.65845425
2025-11-21 14:58:00+09:00,61394357.65845425
2025-11-21 14:59:00+09:00,61394357.65845425
2025-11-21 15:00:00+09:00,61394357.65845425
2025-11-21 15:01:00+09:00,61394357.65845425
2025-11-21 15:02:00+09:00,61394357.65845425
2025-11-21 15:03:00+09:00,61394357.65845425
2025-11-21 15:04:00+09:00,61394357.65845425
2025-11-21 15:05:00+09:00,61394357.65845425
2025-11-21 15:06:00+09:00,61394357.65845425
2025-11-21 15:07:00+09:00,61394357.65845425
2025-11-21 15:08:00+09:00,61394357.65845425
2025-11-21 15:09:00+09:00,61394357.65845425
2025-11-21 15:10:00+09:00,61394357.65845425
2025-11-21 15:11:00+09:00,61394357.65845425
2025-11-21 15:12:00+09:00,61394357.65845425
2025-11-21 15:13:00+09:00,61369799.91539087
2025-11-21 15:14:00+09:00,61281624.91551244
2025-11-21 15:15:00+09:00,61193449.915634006
2025-11-21 15:16:00+09:00,61193449.915634006
2025-11-21 15:17:00+09:00,61457974.91526931
2025-11-21 15:18:00+09:00,61546149.915147744
2025-11-21 15:19:00+09:00,61898849.91466148
2025-11-21 15:30:00+09:00,62516074.91381052
2025-11-21 15:35:00+09:00,62516074.91381052
2025-11-24 09:00:00+09:00,64103224.91162235
2025-11-24 09:01:00+09:00,64544099.91101453
2025-11-24 09:02:00+09:00,64720449.91077139
2025-11-24 09:03:00+09:00,64103224.911622345
2025-11-24 09:04:00+09:00,64279574.91137921
2025-11-24 09:05:00+09:00,64103224.91162234
2025-11-24 09:06:00+09:00,63926874.911865465
2025-11-24 09:07:00+09:00,63662349.91223016
2025-11-24 09:08:00+09:00,63309649.91271642
2025-11-24 09:09:00+09:00,63309649.91271642
2025-11-24 09:10:00+09:00,63309649.91271642
2025-11-24 09:11:00+09:00,64015049.9117439
2025-11-24 09:12:00+09:00,64103224.91162233
2025-11-24 09:13:00+09:00,64015049.9117439
2025-11-24 09:14:00+09:00,63574174.91235173
2025-11-24 09:15:00+09:00,63574174.91235173
2025-11-24 09:16:00+09:00,63662349.912230164
2025-11-24 09:17:00+09:00,63662349.912230164
2025-11-24 09:18:00+09:00,63397824.91259486
2025-11-24 09:19:00+09:00,63397824.91259486
2025-11-24 09:20:00+09:00,63750524.9121086
2025-11-24 09:21:00+09:00,64015049.9117439
2025-11-24 09:22:00+09:00,63838699.91198703
2025-11-24 09:23:00+09:00,63485999.91247329
2025-11-24 09:24:00+09:00,63309649.91271642
2025-11-24 09:25:00+09:00,63309649.91271642
2025-11-24 09:26:00+09:00,63397824.912594855
2025-11-24 09:27:00+09:00,63309649.91271642
2025-11-24 09:28:00+09:00,63485999.91247328
2025-11-24 09:29:00+09:00,62780599.91344581
2025-11-24 09:30:00+09:00,62868774.91332424
2025-11-24 09:31:00+09:00,62956949.91320267
2025-11-24 09:32:00+09:00,63133299.912959546
2025-11-24 09:33:00+09:00,63133299.912959546
2025-11-24 09:34:00+09:00,63045124.91308111
2025-11-24 09:35:00+09:00,63045124.91308111
2025-11-24 09:36:00+09:00,63309649.91271641
2025-11-24 09:37:00+09:00,63662349.91223015
2025-11-24 09:38:00+09:00,63662349.91223015
2025-11-24 09:39:00+09:00,63485999.91247328
2025-11-24 09:40:00+09:00,63221474.91283798
2025-11-24 09:41:00+09:00,63397824.91259485
2025-11-24 09:42:00+09:00,63397824.91259485
2025-11-24 09:43:00+09:00,63750524.912108585
2025-11-24 09:44:00+09:00,63133299.91295954
2025-11-24 09:45:00+09:00,63397824.91259485
2025-11-24 09:46:00+09:00,63177387.412898764
2025-11-24 09:47:00+09:00,63309649.912716426
2025-11-24 09:48:00+09:00,63221474.91283799
2025-11-24 09:49:00+09:00,63221474.91283799
2025-11-24 09:50:00+09:00,63133299.91295956
2025-11-24 09:51:00+09:00,63133299.91295956
2025-11-24 09:52:00+09:00,62962840.00319457
2025-11-24 09:53:00+09:00,62962840.00319457
2025-11-24 09:54:00+09:00,62962840.00319457
2025-11-24 09:55:00+09:00,62962840.00319457
2025-11-24 09:56:00+09:00,62962840.00319457
2025-11-24 09:57:00+09:00,62962840.00319457
2025-11-24 09:58:00+09:00,62962840.00319457
2025-11-24 09:59:00+09:00,62962840.00319457
2025-11-24 10:00:00+09:00,62962840.00319457
2025-11-24 10:01:00+09:00,62962840.00319457
2025-11-24 10:02:00+09:00,62962840.00319457
2025-11-24 10:03:00+09:00,62962840.00319457
2025-11-24 10:04:00+09:00,62962840.00319457
2025-11-24 10:05:00+09:00,62962840.00319457
2025-11-24 10:06:00+09:00,62962840.00319457
2025-11-24 10:07:00+09:00,62962840.00319457
2025-11-24 10:08:00+09:00,62962840.00319457
2025-11-24 10:09:00+09:00,62962840.00319457
2025-11-24 10:10:00+09:00,62962840.00319457
2025-11-24 10:11:00+09:00,62962840.00319457
2025-11-24 10:12:00+09:00,62962840.00319457
2025-11-24 10:13:00+09:00,62962840.00319457
2025-11-24 10:14:00+09:00,62962840.00319457
2025-11-24 10:15:00+09:00,62962840.00319457
2025-11-24 10:16:00+09:00,62962840.00319457
2025-11-24 10:17:00+09:00,62962840.00319457
2025-11-24 10:18:00+09:00,62962840.00319457
2025-11-24 10:19:00+09:00,62962840.00319457
2025-11-24 10:20:00+09:00,62962840.00319457
2025-11-24 10:21:00+09:00,62962840.00319457
2025-11-24 10:22:00+09:00,62962840.00319457
2025-11-24 10:23:00+09:00,62962840.00319457
2025-11-24 10:24:00+09:00,62962840.00319457
2025-11-24 10:25:00+09:00,62962840.00319457
2025-11-24 10:26:00+09:00,62962840.00319457
2025-11-24 10:27:00+09:00,62962840.00319457
2025-11-24 10:28:00+09:00,62962840.00319457
2025-11-24 10:29:00+09:00,62962840.00319457
2025-11-24 10:30:00+09:00,62962840.00319457
2025-11-24 10:31:00+09:00,62962840.00319457
2025-11-24 10:32:00+09:00,62962840.00319457
2025-11-24 10:33:00+09:00,62962840.00319457
2025-11-24 10:34:00+09:00,62962840.00319457
2025-11-24 10:35:00+09:00,62962840.00319457
2025-11-24 10:36:00+09:00,62962840.00319457
2025-11-24 10:37:00+09:00,62962840.00319457
2025-11-24 10:38:00+09:00,62962840.00319457
2025-11-24 10:39:00+09:00,62962840.00319457
2025-11-24 10:40:00+09:00,62962840.00319457
2025-11-24 10:41:00+09:00,62962840.00319457
2025-11-24 10:42:00+09:00,62962840.00319457
2025-11-24 10:43:00+09:00,62962840.00319457
2025-11-24 10:44:00+09:00,62962840.00319457
2025-11-24 10:45:00+09:00,62962840.00319457
2025-11-24 10:46:00+09:00,62962840.00319457
2025-11-24 10:47:00+09:00,62962840.00319457
2025-11-24 10:48:00+09:00,62962840.00319457
2025-11-24 10:49:00+09:00,62962840.00319457
2025-11-24 10:50:00+09:00,62962840.00319457
2025-11-24 10:51:00+09:00,62962840.00319457
2025-11-24 10:52:00+09:00,62962840.00319457
2025-11-24 10:53:00+09:00,62962840.00319457
2025-11-24 10:54:00+09:00,62962840.00319457
2025-11-24 10:55:00+09:00,62962840.00319457
2025-11-24 10:56:00+09:00,62962840.00319457
2025-11-24 10:57:00+09:00,62962840.00319457
2025-11-24 10:58:00+09:00,62962840.00319457
2025-11-24 10:59:00+09:00,62962840.00319457
2025-11-24 11:00:00+09:00,62962840.00319457
2025-11-24 11:01:00+09:00,62962840.00319457
2025-11-24 11:02:00+09:00,62962840.00319457
2025-11-24 11:04:00+09:00,62962840.00319457
2025-11-24 11:05:00+09:00,62962840.00319457
2025-11-24 11:06:00+09:00,62962840.00319457
2025-11-24 11:07:00+09:00,62962840.00319457
2025-11-24 11:08:00+09:00,62962840.00319457
2025-11-24 11:09:00+09:00,62962840.00319457
2025-11-24 11:10:00+09:00,62962840.00319457
2025-11-24 11:11:00+09:00,62962840.00319457
2025-11-24 11:12:00+09:00,62962840.00319457
2025-11-24 11:13:00+09:00,62962840.00319457
2025-11-24 11:14:00+09:00,62962840.00319457
2025-11-24 11:15:00+09:00,62962840.00319457
2025-11-24 11:16:00+09:00,62962840.00319457
2025-11-24 11:17:00+09:00,62962840.00319457
2025-11-24 11:18:00+09:00,62962840.00319457
2025-11-24 11:19:00+09:00,62962840.00319457
2025-11-24 11:20:00+09:00,62962840.00319457
2025-11-24 11:21:00+09:00,62962840.00319457
2025-11-24 11:22:00+09:00,62962840.00319457
2025-11-24 11:23:00+09:00,62962840.00319457
2025-11-24 11:24:00+09:00,62962840.00319457
2025-11-24 11:25:00+09:00,62962840.00319457
2025-11-24 11:26:00+09:00,62962840.00319457
2025-11-24 11:27:00+09:00,62962840.00319457
2025-11-24 11:28:00+09:00,62962840.00319457
2025-11-24 11:29:00+09:00,62962840.00319457
2025-11-24 11:30:00+09:00,62962840.00319457
2025-11-24 11:31:00+09:00,62962840.00319457
2025-11-24 11:32:00+09:00,62962840.00319457
2025-11-24 11:33:00+09:00,62962840.00319457
2025-11-24 11:34:00+09:00,62962840.00319457
2025-11-24 11:35:00+09:00,62962840.00319457
2025-11-24 11:36:00+09:00,62962840.00319457
2025-11-24 11:37:00+09:00,62962840.00319457
2025-11-24 11:38:00+09:00,62962840.00319457
2025-11-24 11:39:00+09:00,62962840.00319457
2025-11-24 11:40:00+09:00,62962840.00319457
2025-11-24 11:41:00+09:00,62962840.00319457
2025-11-24 11:42:00+09:00,62937654.8671933
2025-11-24 11:43:00+09:00,62937654.8671933
2025-11-24 11:44:00+09:00,62848127.61987154
2025-11-24 11:45:00+09:00,62937654.86719329
2025-11-24 11:46:00+09:00,62678437.67529788
2025-11-24 11:47:00+09:00,62678437.67529788
2025-11-24 11:49:00+09:00,62678437.67529788
2025-11-24 11:50:00+09:00,62678437.67529788
2025-11-24 11:51:00+09:00,62678437.67529788
2025-11-24 11:52:00+09:00,62678437.67529788
2025-11-24 11:53:00+09:00,62678437.67529788
2025-11-24 11:54:00+09:00,62678437.67529788
2025-11-24 11:55:00+09:00,62678437.67529788
2025-11-24 11:56:00+09:00,62678437.67529788
2025-11-24 11:57:00+09:00,62678437.67529788
2025-11-24 11:58:00+09:00,62678437.67529788
2025-11-24 11:59:00+09:00,62678437.67529788
2025-11-24 12:00:00+09:00,62678437.67529788
2025-11-24 12:01:00+09:00,62678437.67529788
2025-11-24 12:02:00+09:00,62653366.30022776
2025-11-24 12:03:00+09:00,62742616.10977224
2025-11-24 12:04:00+09:00,62653366.30022776
2025-11-24 12:05:00+09:00,62653366.30022776
2025-11-24 12:06:00+09:00,62564116.49068327
2025-11-24 12:07:00+09:00,62564116.49068327
2025-11-24 12:08:00+09:00,62484202.211217135
2025-11-24 12:09:00+09:00,62484202.211217135
2025-11-24 12:10:00+09:00,62484202.211217135
2025-11-24 12:11:00+09:00,62484202.211217135
2025-11-24 12:12:00+09:00,62484202.211217135
2025-11-24 12:13:00+09:00,62484202.211217135
2025-11-24 12:14:00+09:00,62484202.211217135
2025-11-24 12:15:00+09:00,62484202.211217135
2025-11-24 12:16:00+09:00,62484202.211217135
2025-11-24 12:17:00+09:00,62484202.211217135
2025-11-24 12:18:00+09:00,62484202.211217135
2025-11-24 12:19:00+09:00,62484202.211217135
2025-11-24 12:20:00+09:00,62484202.211217135
2025-11-24 12:21:00+09:00,62484202.211217135
2025-11-24 12:22:00+09:00,62484202.211217135
2025-11-24 12:23:00+09:00,62484202.211217135
2025-11-24 12:24:00+09:00,62484202.211217135
2025-11-24 12:25:00+09:00,62484202.211217135
2025-11-24 12:26:00+09:00,62484202.211217135
2025-11-24 12:27:00+09:00,62484202.211217135
2025-11-24 12:28:00+09:00,62484202.211217135
2025-11-24 12:29:00+09:00,62484202.211217135
2025-11-24 12:30:00+09:00,62484202.211217135
2025-11-24 12:31:00+09:00,62484202.211217135
2025-11-24 12:32:00+09:00,62484202.211217135
2025-11-24 12:33:00+09:00,62484202.211217135
2025-11-24 12:34:00+09:00,62484202.211217135
2025-11-24 12:35:00+09:00,62484202.211217135
2025-11-24 12:36:00+09:00,62484202.211217135
2025-11-24 12:37:00+09:00,62484202.211217135
2025-11-24 12:38:00+09:00,62484202.211217135
2025-11-24 12:39:00+09:00,62484202.211217135
2025-11-24 12:40:00+09:00,62484202.211217135
2025-11-24 12:41:00+09:00,62484202.211217135
2025-11-24 12:42:00+09:00,62484202.211217135
2025-11-24 12:43:00+09:00,62484202.211217135
2025-11-24 12:44:00+09:00,62484202.211217135
2025-11-24 12:45:00+09:00,62484202.211217135
2025-11-24 12:46:00+09:00,62484202.211217135
2025-11-24 12:47:00+09:00,62484202.211217135
2025-11-24 12:48:00+09:00,62484202.211217135
2025-11-24 12:49:00+09:00,62484202.211217135
2025-11-24 12:50:00+09:00,62484202.211217135
2025-11-24 12:51:00+09:00,62484202.211217135
2025-11-24 12:52:00+09:00,62484202.211217135
2025-11-24 12:53:00+09:00,62484202.211217135
2025-11-24 12:54:00+09:00,62484202.211217135
2025-11-24 12:55:00+09:00,62484202.211217135
2025-11-24 12:56:00+09:00,62484202.211217135
2025-11-24 12:57:00+09:00,62484202.211217135
2025-11-24 12:58:00+09:00,62484202.211217135
2025-11-24 12:59:00+09:00,62484202.211217135
2025-11-24 13:00:00+09:00,62484202.211217135
2025-11-24 13:01:00+09:00,62484202.211217135
2025-11-24 13:02:00+09:00,62484202.211217135
2025-11-24 13:03:00+09:00,62484202.211217135
2025-11-24 13:04:00+09:00,62484202.211217135
2025-11-24 13:06:00+09:00,62484202.211217135
2025-11-24 13:07:00+09:00,62484202.211217135
2025-11-24 13:08:00+09:00,62484202.211217135
2025-11-24 13:09:00+09:00,62484202.211217135
2025-11-24 13:10:00+09:00,62484202.211217135
2025-11-24 13:11:00+09:00,62484202.211217135
2025-11-24 13:12:00+09:00,62484202.211217135
2025-11-24 13:13:00+09:00,62484202.211217135
2025-11-24 13:14:00+09:00,62484202.211217135
2025-11-24 13:15:00+09:00,62484202.211217135
2025-11-24 13:16:00+09:00,62484202.211217135
2025-11-24 13:17:00+09:00,62484202.211217135
2025-11-24 13:18:00+09:00,62484202.211217135
2025-11-24 13:19:00+09:00,62484202.211217135
2025-11-24 13:20:00+09:00,62484202.211217135
2025-11-24 13:21:00+09:00,62484202.211217135
2025-11-24 13:22:00+09:00,62484202.211217135
2025-11-24 13:23:00+09:00,62484202.211217135
2025-11-24 13:24:00+09:00,62484202.211217135
2025-11-24 13:25:00+09:00,62484202.211217135
2025-11-24 13:26:00+09:00,62484202.211217135
2025-11-24 13:27:00+09:00,62484202.211217135
2025-11-24 13:28:00+09:00,62484202.211217135
2025-11-24 13:29:00+09:00,62484202.211217135
2025-11-24 13:30:00+09:00,62484202.211217135
2025-11-24 13:31:00+09:00,62484202.211217135
2025-11-24 13:32:00+09:00,62484202.211217135
2025-11-24 13:33:00+09:00,62484202.211217135
2025-11-24 13:34:00+09:00,62484202.211217135
2025-11-24 13:35:00+09:00,62484202.211217135
2025-11-24 13:36:00+09:00,62484202.211217135
2025-11-24 13:37:00+09:00,62484202.211217135
2025-11-24 13:38:00+09:00,62484202.211217135
2025-11-24 13:39:00+09:00,62484202.211217135
2025-11-24 13:40:00+09:00,62484202.211217135
2025-11-24 13:41:00+09:00,62484202.211217135
2025-11-24 13:42:00+09:00,62484202.211217135
2025-11-24 13:43:00+09:00,62484202.211217135
2025-11-24 13:44:00+09:00,62484202.211217135
2025-11-24 13:45:00+09:00,62484202.211217135
2025-11-24 13:46:00+09:00,62484202.211217135
2025-11-24 13:47:00+09:00,62484202.211217135
2025-11-24 13:48:00+09:00,62484202.211217135
2025-11-24 13:49:00+09:00,62484202.211217135
2025-11-24 13:50:00+09:00,62484202.211217135
2025-11-24 13:51:00+09:00,62484202.211217135
2025-11-24 13:52:00+09:00,62484202.211217135
2025-11-24 13:53:00+09:00,62484202.211217135
2025-11-24 13:54:00+09:00,62484202.211217135
2025-11-24 13:55:00+09:00,62484202.211217135
2025-11-24 13:56:00+09:00,62484202.211217135
2025-11-24 13:57:00+09:00,62484202.211217135
2025-11-24 13:58:00+09:00,62484202.211217135
2025-11-24 13:59:00+09:00,62484202.211217135
2025-11-24 14:00:00+09:00,62484202.211217135
2025-11-24 14:01:00+09:00,62484202.211217135
2025-11-24 14:02:00+09:00,62484202.211217135
2025-11-24 14:03:00+09:00,62484202.211217135
2025-11-24 14:04:00+09:00,62484202.211217135
2025-11-24 14:05:00+09:00,62484202.211217135
2025-11-24 14:06:00+09:00,62484202.211217135
2025-11-24 14:07:00+09:00,62484202.211217135
2025-11-24 14:08:00+09:00,62484202.211217135
2025-11-24 14:09:00+09:00,62484202.211217135
2025-11-24 14:10:00+09:00,62484202.211217135
2025-11-24 14:11:00+09:00,62484202.211217135
2025-11-24 14:12:00+09:00,62484202.211217135
2025-11-24 14:13:00+09:00,62484202.211217135
2025-11-24 14:14:00+09:00,62484202.211217135
2025-11-24 14:15:00+09:00,62484202.211217135
2025-11-24 14:16:00+09:00,62484202.211217135
2025-11-24 14:17:00+09:00,62484202.211217135
2025-11-24 14:18:00+09:00,62484202.211217135
2025-11-24 14:19:00+09:00,62484202.211217135
2025-11-24 14:20:00+09:00,62484202.211217135
2025-11-24 14:21:00+09:00,62484202.211217135
2025-11-24 14:22:00+09:00,62484202.211217135
2025-11-24 14:23:00+09:00,62484202.211217135
2025-11-24 14:24:00+09:00,62484202.211217135
2025-11-24 14:25:00+09:00,62484202.211217135
2025-11-24 14:26:00+09:00,62484202.211217135
2025-11-24 14:27:00+09:00,62484202.211217135
2025-11-24 14:28:00+09:00,62484202.211217135
2025-11-24 14:29:00+09:00,62484202.211217135
2025-11-24 14:30:00+09:00,62484202.211217135
2025-11-24 14:31:00+09:00,62484202.211217135
2025-11-24 14:32:00+09:00,62484202.211217135
2025-11-24 14:33:00+09:00,62484202.211217135
2025-11-24 14:34:00+09:00,62484202.211217135
2025-11-24 14:35:00+09:00,62484202.211217135
2025-11-24 14:36:00+09:00,62484202.211217135
2025-11-24 14:37:00+09:00,62484202.211217135
2025-11-24 14:38:00+09:00,62484202.211217135
2025-11-24 14:39:00+09:00,62484202.211217135
2025-11-24 14:40:00+09:00,62484202.211217135
2025-11-24 14:41:00+09:00,62484202.211217135
2025-11-24 14:42:00+09:00,62459208.530332655
2025-11-24 14:43:00+09:00,62369209.67077886
2025-11-24 14:44:00+09:00,62459208.530332655
2025-11-24 14:45:00+09:00,62459208.530332655
2025-11-24 14:46:00+09:00,62459208.530332655
2025-11-24 14:47:00+09:00,62549207.38988645
2025-11-24 14:48:00+09:00,62459208.530332655
2025-11-24 14:49:00+09:00,62459208.530332655
2025-11-24 14:50:00+09:00,62639206.249440245
2025-11-24 14:51:00+09:00,62639206.249440245
2025-11-24 14:52:00+09:00,62639206.249440245
2025-11-24 14:53:00+09:00,62549207.389886454
2025-11-24 14:54:00+09:00,62639206.24944024
2025-11-24 14:55:00+09:00,62729205.10899403
2025-11-24 14:56:00+09:00,62549207.38988644
2025-11-24 14:57:00+09:00,62639206.24944022
2025-11-24 14:58:00+09:00,62639206.24944022
2025-11-24 14:59:00+09:00,62549207.38988643
2025-11-24 15:00:00+09:00,62459208.53033264
2025-11-24 15:01:00+09:00,62459208.53033264
2025-11-24 15:02:00+09:00,62729205.108994015
2025-11-24 15:03:00+09:00,62549207.389886424
2025-11-24 15:04:00+09:00,62549207.389886424
2025-11-24 15:05:00+09:00,62549207.389886424
2025-11-24 15:06:00+09:00,62639206.24944021
2025-11-24 15:07:00+09:00,62459208.53033262
2025-11-24 15:08:00+09:00,62639206.24944021
2025-11-24 15:09:00+09:00,62459208.53033262
2025-11-24 15:10:00+09:00,62459208.53033262
2025-11-24 15:11:00+09:00,62639206.24944021
2025-11-24 15:12:00+09:00,62459208.53033262
2025-11-24 15:13:00+09:00,62549207.38988641
2025-11-24 15:14:00+09:00,62639206.24944019
2025-11-24 15:15:00+09:00,62459208.5303326
2025-11-24 15:16:00+09:00,62549207.389886394
2025-11-24 15:17:00+09:00,62459208.5303326
2025-11-24 15:18:00+09:00,62549207.389886394
2025-11-24 15:19:00+09:00,62369209.6707788
2025-11-24 15:30:00+09:00,62369209.6707788
2025-11-24 15:35:00+09:00,62200812.8046677
2025-11-25 09:00:00+09:00,62200812.8046677
2025-11-25 09:01:00+09:00,62200812.8046677
2025-11-25 09:02:00+09:00,62200812.8046677
2025-11-25 09:03:00+09:00,62200812.8046677
2025-11-25 09:04:00+09:00,62200812.8046677
2025-11-25 09:05:00+09:00,62200812.8046677
2025-11-25 09:06:00+09:00,62200812.8046677
2025-11-25 09:07:00+09:00,62200812.8046677
2025-11-25 09:08:00+09:00,62200812.8046677
2025-11-25 09:09:00+09:00,62200812.8046677
2025-11-25 09:10:00+09:00,62200812.8046677
2025-11-25 09:11:00+09:00,62200812.8046677
2025-11-25 09:12:00+09:00,62200812.8046677
2025-11-25 09:13:00+09:00,62200812.8046677
2025-11-25 09:14:00+09:00,62200812.8046677
2025-11-25 09:15:00+09:00,62200812.8046677
2025-11-25 09:16:00+09:00,62200812.8046677
2025-11-25 09:17:00+09:00,62200812.8046677
2025-11-25 09:18:00+09:00,62200812.8046677
2025-11-25 09:19:00+09:00,62200812.8046677
2025-11-25 09:20:00+09:00,62200812.8046677
2025-11-25 09:21:00+09:00,62200812.8046677
2025-11-25 09:22:00+09:00,62200812.8046677
2025-11-25 09:23:00+09:00,62200812.8046677
2025-11-25 09:24:00+09:00,62200812.8046677
2025-11-25 09:25:00+09:00,62200812.8046677
2025-11-25 09:26:00+09:00,62200812.8046677
2025-11-25 09:27:00+09:00,62200812.8046677
2025-11-25 09:28:00+09:00,62200812.8046677
2025-11-25 09:29:00+09:00,62200812.8046677
2025-11-25 09:30:00+09:00,62200812.8046677
2025-11-25 09:31:00+09:00,62200812.8046677
2025-11-25 09:32:00+09:00,62200812.8046677
2025-11-25 09:33:00+09:00,62200812.8046677
2025-11-25 09:34:00+09:00,62200812.8046677
2025-11-25 09:35:00+09:00,62200812.8046677
2025-11-25 09:36:00+09:00,62200812.8046677
2025-11-25 09:37:00+09:00,62200812.8046677
2025-11-25 09:38:00+09:00,62200812.8046677
2025-11-25 09:39:00+09:00,62200812.8046677
2025-11-25 09:40:00+09:00,62200812.8046677
2025-11-25 09:41:00+09:00,62200812.8046677
2025-11-25 09:42:00+09:00,62200812.8046677
2025-11-25 09:43:00+09:00,62200812.8046677
2025-11-25 09:44:00+09:00,62200812.8046677
2025-11-25 09:45:00+09:00,62200812.8046677
2025-11-25 09:46:00+09:00,62200812.8046677
2025-11-25 09:47:00+09:00,62200812.8046677
2025-11-25 09:48:00+09:00,62200812.8046677
2025-11-25 09:50:00+09:00,62200812.8046677
2025-11-25 09:51:00+09:00,62200812.8046677
2025-11-25 09:52:00+09:00,62200812.8046677
2025-11-25 09:53:00+09:00,62200812.8046677
2025-11-25 09:54:00+09:00,62200812.8046677
2025-11-25 09:55:00+09:00,62200812.8046677
2025-11-25 09:56:00+09:00,62200812.8046677
2025-11-25 09:57:00+09:00,62200812.8046677
2025-11-25 09:58:00+09:00,62200812.8046677
2025-11-25 09:59:00+09:00,62200812.8046677
2025-11-25 10:00:00+09:00,62200812.8046677
2025-11-25 10:01:00+09:00,62200812.8046677
2025-11-25 10:02:00+09:00,62200812.8046677
2025-11-25 10:03:00+09:00,62200812.8046677
2025-11-25 10:04:00+09:00,62200812.8046677
2025-11-25 10:05:00+09:00,62200812.8046677
2025-11-25 10:06:00+09:00,62200812.8046677
2025-11-25 10:07:00+09:00,62200812.8046677
2025-11-25 10:08:00+09:00,62200812.8046677
2025-11-25 10:09:00+09:00,62200812.8046677
2025-11-25 10:10:00+09:00,62200812.8046677
2025-11-25 10:11:00+09:00,62200812.8046677
2025-11-25 10:12:00+09:00,62200812.8046677
2025-11-25 10:13:00+09:00,62200812.8046677
2025-11-25 10:14:00+09:00,62200812.8046677
2025-11-25 10:15:00+09:00,62200812.8046677
2025-11-25 10:16:00+09:00,62200812.8046677
2025-11-25 10:17:00+09:00,62200812.8046677
2025-11-25 10:18:00+09:00,62200812.8046677
2025-11-25 10:19:00+09:00,62200812.8046677
2025-11-25 10:20:00+09:00,62200812.8046677
2025-11-25 10:21:00+09:00,62200812.8046677
2025-11-25 10:22:00+09:00,62200812.8046677
2025-11-25 10:23:00+09:00,62200812.8046677
2025-11-25 10:24:00+09:00,62200812.8046677
2025-11-25 10:25:00+09:00,62200812.8046677
2025-11-25 10:26:00+09:00,62200812.8046677
2025-11-25 10:27:00+09:00,62200812.8046677
2025-11-25 10:28:00+09:00,62200812.8046677
2025-11-25 10:29:00+09:00,62200812.8046677
2025-11-25 10:30:00+09:00,62200812.8046677
2025-11-25 10:31:00+09:00,62200812.8046677
2025-11-25 10:32:00+09:00,62200812.8046677
2025-11-25 10:33:00+09:00,62200812.8046677
2025-11-25 10:34:00+09:00,62200812.8046677
2025-11-25 10:35:00+09:00,62200812.8046677
2025-11-25 10:36:00+09:00,62200812.8046677
2025-11-25 10:37:00+09:00,62200812.8046677
2025-11-25 10:38:00+09:00,62200812.8046677
2025-11-25 10:39:00+09:00,62200812.8046677
2025-11-25 10:40:00+09:00,62200812.8046677
2025-11-25 10:41:00+09:00,62200812.8046677
2025-11-25 10:42:00+09:00,62200812.8046677
2025-11-25 10:43:00+09:00,62200812.8046677
2025-11-25 10:44:00+09:00,62200812.8046677
2025-11-25 10:46:00+09:00,62200812.8046677
2025-11-25 10:47:00+09:00,62200812.8046677
2025-11-25 10:48:00+09:00,62200812.8046677
2025-11-25 10:49:00+09:00,62200812.8046677
2025-11-25 10:50:00+09:00,62200812.8046677
2025-11-25 10:51:00+09:00,62200812.8046677
2025-11-25 10:52:00+09:00,62200812.8046677
2025-11-25 10:53:00+09:00,62200812.8046677
2025-11-25 10:54:00+09:00,62200812.8046677
2025-11-25 10:55:00+09:00,62200812.8046677
2025-11-25 10:56:00+09:00,62200812.8046677
2025-11-25 10:57:00+09:00,62200812.8046677
2025-11-25 10:58:00+09:00,62200812.8046677
2025-11-25 10:59:00+09:00,62200812.8046677
2025-11-25 11:00:00+09:00,62200812.8046677
2025-11-25 11:01:00+09:00,62200812.8046677
2025-11-25 11:02:00+09:00,62200812.8046677
2025-11-25 11:03:00+09:00,62200812.8046677
2025-11-25 11:04:00+09:00,62200812.8046677
2025-11-25 11:05:00+09:00,62200812.8046677
2025-11-25 11:06:00+09:00,62200812.8046677
2025-11-25 11:07:00+09:00,62200812.8046677
2025-11-25 11:08:00+09:00,62200812.8046677
2025-11-25 11:09:00+09:00,62200812.8046677
2025-11-25 11:10:00+09:00,62200812.8046677
2025-11-25 11:11:00+09:00,62200812.8046677
2025-11-25 11:12:00+09:00,62200812.8046677
2025-11-25 11:13:00+09:00,62200812.8046677
2025-11-25 11:14:00+09:00,62200812.8046677
2025-11-25 11:15:00+09:00,62200812.8046677
2025-11-25 11:16:00+09:00,62200812.8046677
2025-11-25 11:17:00+09:00,62200812.8046677
2025-11-25 11:19:00+09:00,62200812.8046677
2025-11-25 11:20:00+09:00,62200812.8046677
2025-11-25 11:21:00+09:00,62200812.8046677
2025-11-25 11:22:00+09:00,62200812.8046677
2025-11-25 11:23:00+09:00,62200812.8046677
2025-11-25 11:24:00+09:00,62200812.8046677
2025-11-25 11:25:00+09:00,62200812.8046677
2025-11-25 11:26:00+09:00,62200812.8046677
2025-11-25 11:27:00+09:00,62200812.8046677
2025-11-25 11:28:00+09:00,62200812.8046677
2025-11-25 11:29:00+09:00,62200812.8046677
2025-11-25 11:30:00+09:00,62200812.8046677
2025-11-25 11:31:00+09:00,62200812.8046677
2025-11-25 11:32:00+09:00,62200812.8046677
2025-11-25 11:33:00+09:00,62200812.8046677
2025-11-25 11:34:00+09:00,62200812.8046677
2025-11-25 11:35:00+09:00,62175932.47954583
2025-11-25 11:36:00+09:00,62267502.33592219
2025-11-25 11:37:00+09:00,62359072.19229855
2025-11-25 11:38:00+09:00,62313287.26411037
2025-11-25 11:39:00+09:00,62542211.90505126
2025-11-25 11:40:00+09:00,62633781.76142761
2025-11-25 11:41:00+09:00,62633781.76142761
2025-11-25 11:42:00+09:00,62725351.61780397
2025-11-25 11:43:00+09:00,62816921.47418032
2025-11-25 11:44:00+09:00,62816921.47418032
2025-11-25 11:45:00+09:00,62816921.47418032
2025-11-25 11:46:00+09:00,62725351.61780396
2025-11-25 11:47:00+09:00,62725351.61780396
2025-11-25 11:48:00+09:00,62725351.61780396
2025-11-25 11:49:00+09:00,62725351.61780396
2025-11-25 11:50:00+09:00,62816921.47418031
2025-11-25 11:51:00+09:00,62542211.90505124
2025-11-25 11:52:00+09:00,62450642.04867488
2025-11-25 11:53:00+09:00,62542211.90505124
2025-11-25 11:54:00+09:00,62450642.04867488
2025-11-25 11:56:00+09:00,62450642.04867488
2025-11-25 11:57:00+09:00,62404857.12048671
2025-11-25 11:59:00+09:00,62404857.12048671
2025-11-25 12:00:00+09:00,62542211.90505125
2025-11-25 12:01:00+09:00,62359072.19229854
2025-11-25 12:02:00+09:00,62404857.120486714
2025-11-25 12:03:00+09:00,62359072.19229854
2025-11-25 12:04:00+09:00,62267502.33592218
2025-11-25 12:05:00+09:00,62267502.33592218
2025-11-25 12:06:00+09:00,62099380.07961519
2025-11-25 12:07:00+09:00,62099380.07961519
2025-11-25 12:08:00+09:00,62099380.07961519
2025-11-25 12:09:00+09:00,62099380.07961519
2025-11-25 12:10:00+09:00,62099380.07961519
2025-11-25 12:11:00+09:00,62099380.07961519
2025-11-25 12:12:00+09:00,62099380.07961519
2025-11-25 12:13:00+09:00,62099380.07961519
2025-11-25 12:14:00+09:00,62099380.07961519
2025-11-25 12:15:00+09:00,62099380.07961519
2025-11-25 12:16:00+09:00,62099380.07961519
2025-11-25 12:17:00+09:00,62099380.07961519
2025-11-25 12:18:00+09:00,62099380.07961519
2025-11-25 12:20:00+09:00,62099380.07961519
2025-11-25 12:21:00+09:00,62099380.07961519
2025-11-25 12:22:00+09:00,62099380.07961519
2025-11-25 12:23:00+09:00,62099380.07961519
2025-11-25 12:24:00+09:00,62099380.07961519
2025-11-25 12:25:00+09:00,62099380.07961519
2025-11-25 12:26:00+09:00,62099380.07961519
2025-11-25 12:27:00+09:00,62099380.07961519
2025-11-25 12:28:00+09:00,62099380.07961519
2025-11-25 12:29:00+09:00,62099380.07961519
2025-11-25 12:31:00+09:00,62099380.07961519
2025-11-25 12:32:00+09:00,62099380.07961519
2025-11-25 12:33:00+09:00,62099380.07961519
2025-11-25 12:34:00+09:00,62099380.07961519
2025-11-25 12:35:00+09:00,62099380.07961519
2025-11-25 12:36:00+09:00,62099380.07961519
2025-11-25 12:37:00+09:00,62099380.07961519
2025-11-25 12:38:00+09:00,62099380.07961519
2025-11-25 12:39:00+09:00,62099380.07961519
2025-11-25 12:40:00+09:00,62099380.07961519
2025-11-25 12:41:00+09:00,62099380.07961519
2025-11-25 12:42:00+09:00,62099380.07961519
2025-11-25 12:43:00+09:00,62099380.07961519
2025-11-25 12:44:00+09:00,62099380.07961519
2025-11-25 12:45:00+09:00,62099380.07961519
2025-11-25 12:46:00+09:00,62099380.07961519
2025-11-25 12:47:00+09:00,62099380.07961519
2025-11-25 12:48:00+09:00,62099380.07961519
2025-11-25 12:49:00+09:00,62099380.07961519
2025-11-25 12:50:00+09:00,62099380.07961519
2025-11-25 12:51:00+09:00,62099380.07961519
2025-11-25 12:52:00+09:00,62099380.07961519
2025-11-25 12:53:00+09:00,62099380.07961519
2025-11-25 12:54:00+09:00,62099380.07961519
2025-11-25 12:55:00+09:00,62099380.07961519
2025-11-25 12:56:00+09:00,62099380.07961519
2025-11-25 12:57:00+09:00,62099380.07961519
2025-11-25 12:58:00+09:00,62099380.07961519
2025-11-25 12:59:00+09:00,62099380.07961519
2025-11-25 13:00:00+09:00,62099380.07961519
2025-11-25 13:01:00+09:00,62099380.07961519
2025-11-25 13:02:00+09:00,62099380.07961519
2025-11-25 13:03:00+09:00,62099380.07961519
2025-11-25 13:04:00+09:00,62099380.07961519
2025-11-25 13:05:00+09:00,62099380.07961519
2025-11-25 13:06:00+09:00,62099380.07961519
2025-11-25 13:07:00+09:00,62099380.07961519
2025-11-25 13:08:00+09:00,62099380.07961519
2025-11-25 13:09:00+09:00,62099380.07961519
2025-11-25 13:10:00+09:00,62099380.07961519
2025-11-25 13:11:00+09:00,62099380.07961519
2025-11-25 13:12:00+09:00,62099380.07961519
2025-11-25 13:13:00+09:00,62099380.07961519
2025-11-25 13:14:00+09:00,62099380.07961519
2025-11-25 13:15:00+09:00,62099380.07961519
2025-11-25 13:16:00+09:00,62099380.07961519
2025-11-25 13:17:00+09:00,62099380.07961519
2025-11-25 13:18:00+09:00,62099380.07961519
2025-11-25 13:19:00+09:00,62099380.07961519
2025-11-25 13:20:00+09:00,62099380.07961519
2025-11-25 13:21:00+09:00,62099380.07961519
2025-11-25 13:22:00+09:00,62099380.07961519
2025-11-25 13:23:00+09:00,62099380.07961519
2025-11-25 13:24:00+09:00,62099380.07961519
2025-11-25 13:25:00+09:00,62099380.07961519
2025-11-25 13:26:00+09:00,62099380.07961519
2025-11-25 13:28:00+09:00,62099380.07961519
2025-11-25 13:30:00+09:00,62099380.07961519
2025-11-25 13:31:00+09:00,62099380.07961519
2025-11-25 13:32:00+09:00,62099380.07961519
2025-11-25 13:35:00+09:00,62099380.07961519
2025-11-25 13:36:00+09:00,62099380.07961519
2025-11-25 13:37:00+09:00,62099380.07961519
2025-11-25 13:38:00+09:00,62099380.07961519
2025-11-25 13:39:00+09:00,62099380.07961519
2025-11-25 13:40:00+09:00,62099380.07961519
2025-11-25 13:41:00+09:00,62099380.07961519
2025-11-25 13:42:00+09:00,62099380.07961519
2025-11-25 13:43:00+09:00,62099380.07961519
2025-11-25 13:44:00+09:00,62099380.07961519
2025-11-25 13:45:00+09:00,62099380.07961519
2025-11-25 13:46:00+09:00,62099380.07961519
2025-11-25 13:47:00+09:00,62099380.07961519
2025-11-25 13:48:00+09:00,62099380.07961519
2025-11-25 13:50:00+09:00,62099380.07961519
2025-11-25 13:51:00+09:00,62099380.07961519
2025-11-25 13:52:00+09:00,62099380.07961519
2025-11-25 13:54:00+09:00,62099380.07961519
2025-11-25 13:55:00+09:00,62099380.07961519
2025-11-25 13:56:00+09:00,62099380.07961519
2025-11-25 13:57:00+09:00,62099380.07961519
2025-11-25 13:58:00+09:00,62099380.07961519
2025-11-25 13:59:00+09:00,62099380.07961519
2025-11-25 14:00:00+09:00,62099380.07961519
2025-11-25 14:01:00+09:00,62099380.07961519
2025-11-25 14:02:00+09:00,62099380.07961519
2025-11-25 14:03:00+09:00,62099380.07961519
2025-11-25 14:04:00+09:00,62099380.07961519
2025-11-25 14:05:00+09:00,62099380.07961519
2025-11-25 14:06:00+09:00,62099380.07961519
2025-11-25 14:08:00+09:00,62074540.32758335
2025-11-25 14:09:00+09:00,62074540.32758335
2025-11-25 14:10:00+09:00,62074540.32758335
2025-11-25 14:11:00+09:00,62074540.32758335
2025-11-25 14:12:00+09:00,62074540.32758335
2025-11-25 14:13:00+09:00,61982984.95836863
2025-11-25 14:14:00+09:00,62074540.32758336
2025-11-25 14:15:00+09:00,61906939.06869888
2025-11-25 14:17:00+09:00,61906939.06869888
2025-11-25 14:18:00+09:00,61906939.06869888
2025-11-25 14:19:00+09:00,61906939.06869888
2025-11-25 14:20:00+09:00,61906939.06869888
2025-11-25 14:21:00+09:00,61906939.06869888
2025-11-25 14:22:00+09:00,61906939.06869888
2025-11-25 14:23:00+09:00,61906939.06869888
2025-11-25 14:24:00+09:00,61906939.06869888
2025-11-25 14:25:00+09:00,61906939.06869888
2025-11-25 14:26:00+09:00,61906939.06869888
2025-11-25 14:28:00+09:00,61906939.06869888
2025-11-25 14:29:00+09:00,61906939.06869888
2025-11-25 14:30:00+09:00,61882176.293071404
2025-11-25 14:32:00+09:00,61882176.293071404
2025-11-25 14:33:00+09:00,61790904.64662145
2025-11-25 14:34:00+09:00,61882176.29307141
2025-11-25 14:35:00+09:00,61669581.81057785
2025-11-25 14:36:00+09:00,61669581.81057785
2025-11-25 14:37:00+09:00,61669581.81057785
2025-11-25 14:38:00+09:00,61669581.81057785
2025-11-25 14:39:00+09:00,61669581.81057785
2025-11-25 14:40:00+09:00,61669581.81057785
2025-11-25 14:41:00+09:00,61669581.81057785
2025-11-25 14:42:00+09:00,61669581.81057785
2025-11-25 14:43:00+09:00,61669581.81057785
2025-11-25 14:44:00+09:00,61669581.81057785
2025-11-25 14:45:00+09:00,61669581.81057785
2025-11-25 14:46:00+09:00,61669581.81057785
2025-11-25 14:47:00+09:00,61669581.81057785
2025-11-25 14:48:00+09:00,61644913.97785362
2025-11-25 14:49:00+09:00,61735835.67988585
2025-11-25 14:50:00+09:00,61735835.67988585
2025-11-25 14:51:00+09:00,61735835.67988585
2025-11-25 14:52:00+09:00,61644913.97785362
2025-11-25 14:53:00+09:00,61644913.97785362
2025-11-25 14:54:00+09:00,61644913.97785362
2025-11-25 14:55:00+09:00,61690374.82886974
2025-11-25 14:56:00+09:00,61644913.977853626
2025-11-25 14:57:00+09:00,61644913.977853626
2025-11-25 14:58:00+09:00,61644913.977853626
2025-11-25 14:59:00+09:00,61599453.126837514
2025-11-25 15:00:00+09:00,61553992.275821395
2025-11-25 15:01:00+09:00,61387796.496676676
2025-11-25 15:02:00+09:00,61387796.496676676
2025-11-25 15:03:00+09:00,61387796.496676676
2025-11-25 15:04:00+09:00,61387796.496676676
2025-11-25 15:05:00+09:00,61387796.496676676
2025-11-25 15:06:00+09:00,61387796.496676676
2025-11-25 15:07:00+09:00,61387796.496676676
2025-11-25 15:08:00+09:00,61387796.496676676
2025-11-25 15:09:00+09:00,61387796.496676676
2025-11-25 15:10:00+09:00,61387796.496676676
2025-11-25 15:11:00+09:00,61387796.496676676
2025-11-25 15:12:00+09:00,61387796.496676676
2025-11-25 15:13:00+09:00,61387796.496676676
2025-11-25 15:14:00+09:00,61387796.496676676
2025-11-25 15:15:00+09:00,61387796.496676676
2025-11-25 15:16:00+09:00,61387796.496676676
2025-11-25 15:17:00+09:00,61387796.496676676
2025-11-25 15:18:00+09:00,61387796.496676676
2025-11-25 15:19:00+09:00,61387796.496676676
2025-11-25 15:30:00+09:00,61387796.496676676
2025-11-25 15:35:00+09:00,61387796.496676676
2025-11-26 09:00:00+09:00,61387796.496676676
2025-11-26 09:01:00+09:00,61387796.496676676
2025-11-26 09:02:00+09:00,61387796.496676676
2025-11-26 09:03:00+09:00,61387796.496676676
2025-11-26 09:04:00+09:00,61363241.378078006
2025-11-26 09:05:00+09:00,61991227.76645015
2025-11-26 09:06:00+09:00,62619214.1548223
2025-11-26 09:07:00+09:00,61991227.76645015
2025-11-26 09:08:00+09:00,62529501.813626274
2025-11-26 09:09:00+09:00,62708926.49601832
2025-11-26 09:10:00+09:00,62978063.51960639
2025-11-26 09:11:00+09:00,63067775.860802405
2025-11-26 09:12:00+09:00,62798638.83721434
2025-11-26 09:13:00+09:00,62978063.51960639
2025-11-26 09:14:00+09:00,63067775.860802405
2025-11-26 09:15:00+09:00,62888351.178410366
2025-11-26 09:16:00+09:00,62888351.178410366
2025-11-26 09:17:00+09:00,62619214.154822305
2025-11-26 09:18:00+09:00,62619214.154822305
2025-11-26 09:19:00+09:00,62978063.51960639
2025-11-26 09:20:00+09:00,62888351.178410366
2025-11-26 09:21:00+09:00,63606049.90797853
2025-11-26 09:22:00+09:00,63336912.884390466
2025-11-26 09:23:00+09:00,63516337.566782504
2025-11-26 09:24:00+09:00,63695762.24917454
2025-11-26 09:25:00+09:00,63785474.590370566
2025-11-26 09:26:00+09:00,64234036.29635067
2025-11-26 09:27:00+09:00,63785474.59037057
2025-11-26 09:28:00+09:00,63785474.59037057
2025-11-26 09:29:00+09:00,64144323.95515466
2025-11-26 09:30:00+09:00,64323748.637546696
2025-11-26 09:31:00+09:00,64682598.00233078
2025-11-26 09:32:00+09:00,64413460.97874272
2025-11-26 09:33:00+09:00,64234036.29635068
2025-11-26 09:34:00+09:00,64413460.978742726
2025-11-26 09:35:00+09:00,64951735.025918856
2025-11-26 09:36:00+09:00,64951735.025918856
2025-11-26 09:37:00+09:00,64682598.002330795
2025-11-26 09:38:00+09:00,65131159.708310895
2025-11-26 09:39:00+09:00,65310584.39070293
2025-11-26 09:40:00+09:00,65220872.04950691
2025-11-26 09:41:00+09:00,65041447.367114864
2025-11-26 09:42:00+09:00,64772310.3435268
2025-11-26 09:43:00+09:00,64682598.00233078
2025-11-26 09:44:00+09:00,64682598.00233078
2025-11-26 09:45:00+09:00,64592885.66113476
2025-11-26 09:46:00+09:00,64682598.00233078
2025-11-26 09:47:00+09:00,64682598.00233078
2025-11-26 09:48:00+09:00,64906878.85532083
2025-11-26 09:49:00+09:00,65131159.70831089
2025-11-26 09:50:00+09:00,65131159.70831089
2025-11-26 09:51:00+09:00,65131159.70831089
2025-11-26 09:52:00+09:00,64862022.684722826
2025-11-26 09:53:00+09:00,64862022.684722826
2025-11-26 09:54:00+09:00,64862022.684722826
2025-11-26 09:55:00+09:00,65041447.367114864
2025-11-26 09:56:00+09:00,65310584.39070292
2025-11-26 09:57:00+09:00,65310584.39070292
2025-11-26 09:58:00+09:00,65220872.049506895
2025-11-26 09:59:00+09:00,65220872.049506895
2025-11-26 10:00:00+09:00,65131159.70831088
2025-11-26 10:01:00+09:00,65131159.70831088
2025-11-26 10:02:00+09:00,64951735.025918834
2025-11-26 10:03:00+09:00,64862022.68472282
2025-11-26 10:04:00+09:00,64951735.02591884
2025-11-26 10:05:00+09:00,64862022.684722826
2025-11-26 10:06:00+09:00,64862022.684722826
2025-11-26 10:07:00+09:00,64682598.00233079
2025-11-26 10:08:00+09:00,64772310.34352681
2025-11-26 10:09:00+09:00,64682598.00233079
2025-11-26 10:10:00+09:00,64592885.661134765
2025-11-26 10:11:00+09:00,64682598.00233079
2025-11-26 10:12:00+09:00,64862022.684722826
2025-11-26 10:13:00+09:00,64951735.02591885
2025-11-26 10:14:00+09:00,64951735.02591885
2025-11-26 10:15:00+09:00,64951735.02591885
2025-11-26 10:16:00+09:00,65400296.73189895
2025-11-26 10:17:00+09:00,65400296.73189895
2025-11-26 10:18:00+09:00,65220872.0495069
2025-11-26 10:19:00+09:00,64951735.02591884
2025-11-26 10:20:00+09:00,64951735.02591884
2025-11-26 10:21:00+09:00,64772310.343526796
2025-11-26 10:22:00+09:00,64682598.00233077
2025-11-26 10:23:00+09:00,64682598.00233077
2025-11-26 10:24:00+09:00,64418484.86984968
2025-11-26 10:25:00+09:00,64418484.86984968
2025-11-26 10:26:00+09:00,64418484.86984968
2025-11-26 10:27:00+09:00,64418484.86984968
2025-11-26 10:28:00+09:00,64418484.86984968
2025-11-26 10:29:00+09:00,64418484.86984968
2025-11-26 10:30:00+09:00,64418484.86984968
2025-11-26 10:31:00+09:00,64418484.86984968
2025-11-26 10:32:00+09:00,64418484.86984968
2025-11-26 10:33:00+09:00,64418484.86984968
2025-11-26 10:34:00+09:00,64418484.86984968
2025-11-26 10:35:00+09:00,64418484.86984968
2025-11-26 10:36:00+09:00,64418484.86984968
2025-11-26 10:37:00+09:00,64418484.86984968
2025-11-26 10:38:00+09:00,64418484.86984968
2025-11-26 10:39:00+09:00,64418484.86984968
2025-11-26 10:40:00+09:00,64418484.86984968
2025-11-26 10:41:00+09:00,64418484.86984968
2025-11-26 10:42:00+09:00,64418484.86984968
2025-11-26 10:43:00+09:00,64418484.86984968
2025-11-26 10:44:00+09:00,64418484.86984968
2025-11-26 10:45:00+09:00,64418484.86984968
2025-11-26 10:46:00+09:00,64418484.86984968
2025-11-26 10:47:00+09:00,64418484.86984968
2025-11-26 10:48:00+09:00,64418484.86984968
2025-11-26 10:49:00+09:00,64418484.86984968
2025-11-26 10:50:00+09:00,64418484.86984968
2025-11-26 10:51:00+09:00,64418484.86984968
2025-11-26 10:52:00+09:00,64418484.86984968
2025-11-26 10:53:00+09:00,64418484.86984968
2025-11-26 10:54:00+09:00,64418484.86984968
2025-11-26 10:55:00+09:00,64418484.86984968
2025-11-26 10:56:00+09:00,64418484.86984968
2025-11-26 10:57:00+09:00,64418484.86984968
2025-11-26 10:58:00+09:00,64418484.86984968
2025-11-26 10:59:00+09:00,64418484.86984968
2025-11-26 11:00:00+09:00,64418484.86984968
2025-11-26 11:01:00+09:00,64418484.86984968
2025-11-26 11:02:00+09:00,64418484.86984968
2025-11-26 11:03:00+09:00,64418484.86984968
2025-11-26 11:04:00+09:00,64418484.86984968
2025-11-26 11:05:00+09:00,64418484.86984968
2025-11-26 11:06:00+09:00,64418484.86984968
2025-11-26 11:07:00+09:00,64418484.86984968
2025-11-26 11:08:00+09:00,64418484.86984968
2025-11-26 11:09:00+09:00,64418484.86984968
2025-11-26 11:10:00+09:00,64418484.86984968
2025-11-26 11:11:00+09:00,64418484.86984968
2025-11-26 11:12:00+09:00,64418484.86984968
2025-11-26 11:13:00+09:00,64418484.86984968
2025-11-26 11:14:00+09:00,64418484.86984968
2025-11-26 11:15:00+09:00,64418484.86984968
2025-11-26 11:16:00+09:00,64418484.86984968
2025-11-26 11:17:00+09:00,64392717.475901745
2025-11-26 11:18:00+09:00,64481657.693409905
2025-11-26 11:19:00+09:00,64481657.693409905
2025-11-26 11:20:00+09:00,64392717.47590175
2025-11-26 11:21:00+09:00,64392717.47590175
2025-11-26 11:22:00+09:00,64303777.2583936
2025-11-26 11:23:00+09:00,64303777.2583936
2025-11-26 11:24:00+09:00,64214837.04088545
2025-11-26 11:25:00+09:00,64392717.47590175
2025-11-26 11:26:00+09:00,64748478.34593437
2025-11-26 11:27:00+09:00,64303777.258393615
2025-11-26 11:28:00+09:00,64659538.128426224
2025-11-26 11:29:00+09:00,64392717.47590177
2025-11-26 11:30:00+09:00,64303777.258393615
2025-11-26 11:31:00+09:00,64125896.82337731
2025-11-26 11:32:00+09:00,64125896.82337731
2025-11-26 11:33:00+09:00,64125896.82337731
2025-11-26 11:34:00+09:00,64214837.04088546
2025-11-26 11:35:00+09:00,64303777.25839362
2025-11-26 11:36:00+09:00,64036956.60586917
2025-11-26 11:37:00+09:00,64036956.60586917
2025-11-26 11:38:00+09:00,64125896.82337732
2025-11-26 11:39:00+09:00,64214837.04088547
2025-11-26 11:40:00+09:00,64125896.82337732
2025-11-26 11:41:00+09:00,64214837.04088547
2025-11-26 11:42:00+09:00,64214837.04088547
2025-11-26 11:43:00+09:00,64481657.69340993
2025-11-26 11:44:00+09:00,64392717.475901775
2025-11-26 11:45:00+09:00,64392717.475901775
2025-11-26 11:46:00+09:00,64303777.25839362
2025-11-26 11:47:00+09:00,64392717.475901775
2025-11-26 11:48:00+09:00,64303777.25839362
2025-11-26 11:49:00+09:00,64303777.25839362
2025-11-26 11:50:00+09:00,64214837.04088547
2025-11-26 11:51:00+09:00,64392717.475901775
2025-11-26 11:52:00+09:00,64214837.04088547
2025-11-26 11:53:00+09:00,64214837.04088547
2025-11-26 11:54:00+09:00,64303777.25839363
2025-11-26 11:55:00+09:00,64259307.149639554
2025-11-26 11:56:00+09:00,64214837.04088548
2025-11-26 11:57:00+09:00,64303777.25839364
2025-11-26 11:58:00+09:00,64303777.25839364
2025-11-26 11:59:00+09:00,64125896.82337733
2025-11-26 12:00:00+09:00,64214837.040885486
2025-11-26 12:01:00+09:00,64130157.05979598
2025-11-26 12:02:00+09:00,64130157.05979598
2025-11-26 12:03:00+09:00,64130157.05979598
2025-11-26 12:04:00+09:00,64130157.05979598
2025-11-26 12:05:00+09:00,64130157.05979598
2025-11-26 12:06:00+09:00,64130157.05979598
2025-11-26 12:07:00+09:00,64130157.05979598
2025-11-26 12:08:00+09:00,64130157.05979598
2025-11-26 12:09:00+09:00,64130157.05979598
2025-11-26 12:10:00+09:00,64130157.05979598
2025-11-26 12:11:00+09:00,64130157.05979598
2025-11-26 12:12:00+09:00,64130157.05979598
2025-11-26 12:13:00+09:00,64130157.05979598
2025-11-26 12:14:00+09:00,64130157.05979598
2025-11-26 12:15:00+09:00,64130157.05979598
2025-11-26 12:16:00+09:00,64104504.99697207
2025-11-26 12:17:00+09:00,64104504.99697207
2025-11-26 12:18:00+09:00,64104504.99697207
2025-11-26 12:19:00+09:00,64104504.99697207
2025-11-26 12:20:00+09:00,64104504.99697207
2025-11-26 12:21:00+09:00,64104504.99697207
2025-11-26 12:22:00+09:00,64192803.21322134
2025-11-26 12:23:00+09:00,64104504.99697207
2025-11-26 12:24:00+09:00,64104504.99697207
2025-11-26 12:25:00+09:00,64104504.99697207
2025-11-26 12:26:00+09:00,64104504.99697207
2025-11-26 12:27:00+09:00,64104504.99697207
2025-11-26 12:28:00+09:00,64016206.7807228
2025-11-26 12:29:00+09:00,63927908.564473525
2025-11-26 12:30:00+09:00,64016206.780722804
2025-11-26 12:31:00+09:00,63931422.83348025
2025-11-26 12:32:00+09:00,63931422.83348025
2025-11-26 12:33:00+09:00,63931422.83348025
2025-11-26 12:34:00+09:00,63931422.83348025
2025-11-26 12:35:00+09:00,63931422.83348025
2025-11-26 12:36:00+09:00,63931422.83348025
2025-11-26 12:37:00+09:00,63931422.83348025
2025-11-26 12:38:00+09:00,63931422.83348025
2025-11-26 12:39:00+09:00,63931422.83348025
2025-11-26 12:40:00+09:00,63931422.83348025
2025-11-26 12:41:00+09:00,63931422.83348025
2025-11-26 12:42:00+09:00,63931422.83348025
2025-11-26 12:43:00+09:00,63931422.83348025
2025-11-26 12:44:00+09:00,63931422.83348025
2025-11-26 12:45:00+09:00,63931422.83348025
2025-11-26 12:46:00+09:00,63931422.83348025
2025-11-26 12:47:00+09:00,63931422.83348025
2025-11-26 12:48:00+09:00,63931422.83348025
2025-11-26 12:50:00+09:00,63931422.83348025
2025-11-26 12:51:00+09:00,63931422.83348025
2025-11-26 12:52:00+09:00,63931422.83348025
2025-11-26 12:54:00+09:00,63931422.83348025
2025-11-26 12:55:00+09:00,63931422.83348025
2025-11-26 12:56:00+09:00,63931422.83348025
2025-11-26 12:57:00+09:00,63931422.83348025
2025-11-26 12:58:00+09:00,63931422.83348025
2025-11-26 12:59:00+09:00,63931422.83348025
2025-11-26 13:00:00+09:00,63931422.83348025
2025-11-26 13:01:00+09:00,63931422.83348025
2025-11-26 13:02:00+09:00,63931422.83348025
2025-11-26 13:03:00+09:00,63931422.83348025
2025-11-26 13:04:00+09:00,63931422.83348025
2025-11-26 13:05:00+09:00,63931422.83348025
2025-11-26 13:06:00+09:00,63931422.83348025
2025-11-26 13:07:00+09:00,63931422.83348025
2025-11-26 13:08:00+09:00,63931422.83348025
2025-11-26 13:09:00+09:00,63931422.83348025
2025-11-26 13:11:00+09:00,63931422.83348025
2025-11-26 13:12:00+09:00,63931422.83348025
2025-11-26 13:13:00+09:00,63931422.83348025
2025-11-26 13:14:00+09:00,63931422.83348025
2025-11-26 13:15:00+09:00,63931422.83348025
2025-11-26 13:16:00+09:00,63931422.83348025
2025-11-26 13:17:00+09:00,63931422.83348025
2025-11-26 13:18:00+09:00,63931422.83348025
2025-11-26 13:19:00+09:00,63931422.83348025
2025-11-26 13:20:00+09:00,63931422.83348025
2025-11-26 13:21:00+09:00,63931422.83348025
2025-11-26 13:22:00+09:00,63931422.83348025
2025-11-26 13:23:00+09:00,63931422.83348025
2025-11-26 13:24:00+09:00,63931422.83348025
2025-11-26 13:25:00+09:00,63931422.83348025
2025-11-26 13:26:00+09:00,63931422.83348025
2025-11-26 13:27:00+09:00,63931422.83348025
2025-11-26 13:28:00+09:00,63931422.83348025
2025-11-26 13:29:00+09:00,63931422.83348025
2025-11-26 13:30:00+09:00,63931422.83348025
2025-11-26 13:31:00+09:00,63931422.83348025
2025-11-26 13:32:00+09:00,63931422.83348025
2025-11-26 13:33:00+09:00,63931422.83348025
2025-11-26 13:34:00+09:00,63905850.26434686
2025-11-26 13:35:00+09:00,63993996.26471148
2025-11-26 13:36:00+09:00,63993996.26471148
2025-11-26 13:37:00+09:00,64434726.26653456
2025-11-26 13:38:00+09:00,64611018.2672638
2025-11-26 13:39:00+09:00,64434726.26653457
2025-11-26 13:40:00+09:00,64434726.26653457
2025-11-26 13:41:00+09:00,64434726.26653457
2025-11-26 13:42:00+09:00,64346580.26616995
2025-11-26 13:43:00+09:00,64082142.2650761
2025-11-26 13:44:00+09:00,64258434.26580533
2025-11-26 13:45:00+09:00,64258434.26580533
2025-11-26 13:46:00+09:00,64346580.26616994
2025-11-26 13:47:00+09:00,64082142.26507609
2025-11-26 13:48:00+09:00,64170288.26544071
2025-11-26 13:49:00+09:00,64170288.26544071
2025-11-26 13:50:00+09:00,64082142.26507609
2025-11-26 13:51:00+09:00,64082142.26507609
2025-11-26 13:52:00+09:00,64082142.26507609
2025-11-26 13:53:00+09:00,64170288.26544071
2025-11-26 13:54:00+09:00,64258434.26580533
2025-11-26 13:55:00+09:00,64346580.26616994
2025-11-26 13:56:00+09:00,64346580.26616994
2025-11-26 13:57:00+09:00,64346580.26616994
2025-11-26 13:58:00+09:00,64346580.26616994
2025-11-26 13:59:00+09:00,64170288.26544071
2025-11-26 14:00:00+09:00,64170288.26544071
2025-11-26 14:01:00+09:00,64258434.26580533
2025-11-26 14:02:00+09:00,64258434.26580533
2025-11-26 14:03:00+09:00,64258434.26580533
2025-11-26 14:04:00+09:00,64875456.268357635
2025-11-26 14:05:00+09:00,64875456.268357635
2025-11-26 14:06:00+09:00,64963602.26872224
2025-11-26 14:07:00+09:00,64963602.26872224
2025-11-26 14:08:00+09:00,65051748.26908687
2025-11-26 14:09:00+09:00,65316186.270180725
2025-11-26 14:10:00+09:00,65228040.26981611
2025-11-26 14:11:00+09:00,65051748.269086875
2025-11-26 14:12:00+09:00,64963602.26872226
2025-11-26 14:13:00+09:00,64346580.26616995
2025-11-26 14:14:00+09:00,64258434.265805334
2025-11-26 14:15:00+09:00,64611018.2672638
2025-11-26 14:16:00+09:00,64699164.26762842
2025-11-26 14:17:00+09:00,64787310.26799304
2025-11-26 14:18:00+09:00,64831383.26817534
2025-11-26 14:19:00+09:00,64699164.26762842
2025-11-26 14:20:00+09:00,64699164.26762842
2025-11-26 14:21:00+09:00,64611018.2672638
2025-11-26 14:22:00+09:00,64699164.26762842
2025-11-26 14:23:00+09:00,64699164.26762842
2025-11-26 14:24:00+09:00,64787310.26799304
2025-11-26 14:25:00+09:00,64875456.268357664
2025-11-26 14:26:00+09:00,64963602.26872227
2025-11-26 14:27:00+09:00,64875456.26835766
2025-11-26 14:28:00+09:00,64963602.268722266
2025-11-26 14:29:00+09:00,64875456.26835765
2025-11-26 14:30:00+09:00,64875456.26835765
2025-11-26 14:31:00+09:00,64875456.26835765
2025-11-26 14:32:00+09:00,64963602.26872226
2025-11-26 14:33:00+09:00,64963602.26872226
2025-11-26 14:34:00+09:00,65051748.26908688
2025-11-26 14:35:00+09:00,64963602.268722266
2025-11-26 14:36:00+09:00,64963602.268722266
2025-11-26 14:37:00+09:00,64875456.26835765
2025-11-26 14:38:00+09:00,64699164.26762842
2025-11-26 14:39:00+09:00,64611018.2672638
2025-11-26 14:40:00+09:00,64875456.26835766
2025-11-26 14:41:00+09:00,64699164.267628424
2025-11-26 14:42:00+09:00,64787310.26799305
2025-11-26 14:43:00+09:00,64787310.26799305
2025-11-26 14:44:00+09:00,64699164.26762843
2025-11-26 14:45:00+09:00,64699164.26762843
2025-11-26 14:46:00+09:00,64611018.267263815
2025-11-26 14:47:00+09:00,64522872.2668992
2025-11-26 14:48:00+09:00,64348660.51177857
2025-11-26 14:49:00+09:00,64348660.51177857
2025-11-26 14:50:00+09:00,64348660.51177857
2025-11-26 14:51:00+09:00,64348660.51177857
2025-11-26 14:52:00+09:00,64348660.51177857
2025-11-26 14:53:00+09:00,64348660.51177857
2025-11-26 14:54:00+09:00,64348660.51177857
2025-11-26 14:55:00+09:00,64348660.51177857
2025-11-26 14:56:00+09:00,64348660.51177857
2025-11-26 14:57:00+09:00,64348660.51177857
2025-11-26 14:58:00+09:00,64348660.51177857
2025-11-26 14:59:00+09:00,64348660.51177857
2025-11-26 15:00:00+09:00,64348660.51177857
2025-11-26 15:01:00+09:00,64348660.51177857
2025-11-26 15:02:00+09:00,64348660.51177857
2025-11-26 15:03:00+09:00,64348660.51177857
2025-11-26 15:04:00+09:00,64348660.51177857
2025-11-26 15:05:00+09:00,64348660.51177857
2025-11-26 15:06:00+09:00,64348660.51177857
2025-11-26 15:07:00+09:00,64348660.51177857
2025-11-26 15:08:00+09:00,64348660.51177857
2025-11-26 15:09:00+09:00,64348660.51177857
2025-11-26 15:10:00+09:00,64348660.51177857
2025-11-26 15:11:00+09:00,64348660.51177857
2025-11-26 15:12:00+09:00,64348660.51177857
2025-11-26 15:13:00+09:00,64348660.51177857
2025-11-26 15:14:00+09:00,64348660.51177857
2025-11-26 15:15:00+09:00,64348660.51177857
2025-11-26 15:16:00+09:00,64348660.51177857
2025-11-26 15:17:00+09:00,64348660.51177857
2025-11-26 15:18:00+09:00,64348660.51177857
2025-11-26 15:19:00+09:00,64348660.51177857
2025-11-26 15:30:00+09:00,64348660.51177857
2025-11-26 15:35:00+09:00,64348660.51177857
2025-11-27 09:00:00+09:00,64348660.51177857
2025-11-27 09:01:00+09:00,64348660.51177857
2025-11-27 09:02:00+09:00,64348660.51177857
2025-11-27 09:03:00+09:00,64348660.51177857
2025-11-27 09:04:00+09:00,64348660.51177857
2025-11-27 09:05:00+09:00,64348660.51177857
2025-11-27 09:06:00+09:00,64348660.51177857
2025-11-27 09:07:00+09:00,64348660.51177857
2025-11-27 09:08:00+09:00,64348660.51177857
2025-11-27 09:09:00+09:00,64348660.51177857
2025-11-27 09:10:00+09:00,64348660.51177857
2025-11-27 09:11:00+09:00,64348660.51177857
2025-11-27 09:12:00+09:00,64348660.51177857
2025-11-27 09:13:00+09:00,64348660.51177857
2025-11-27 09:14:00+09:00,64348660.51177857
2025-11-27 09:15:00+09:00,64348660.51177857
2025-11-27 09:16:00+09:00,64348660.51177857
2025-11-27 09:17:00+09:00,64348660.51177857
2025-11-27 09:18:00+09:00,64348660.51177857
2025-11-27 09:19:00+09:00,64348660.51177857
2025-11-27 09:20:00+09:00,64348660.51177857
2025-11-27 09:21:00+09:00,64348660.51177857
2025-11-27 09:22:00+09:00,64348660.51177857
2025-11-27 09:23:00+09:00,64348660.51177857
2025-11-27 09:24:00+09:00,64348660.51177857
2025-11-27 09:25:00+09:00,64348660.51177857
2025-11-27 09:26:00+09:00,64348660.51177857
2025-11-27 09:27:00+09:00,64348660.51177857
2025-11-27 09:28:00+09:00,64348660.51177857
2025-11-27 09:29:00+09:00,64348660.51177857
2025-11-27 09:30:00+09:00,64348660.51177857
2025-11-27 09:31:00+09:00,64348660.51177857
2025-11-27 09:32:00+09:00,64348660.51177857
2025-11-27 09:33:00+09:00,64348660.51177857
2025-11-27 09:34:00+09:00,64348660.51177857
2025-11-27 09:35:00+09:00,64348660.51177857
2025-11-27 09:36:00+09:00,64348660.51177857
2025-11-27 09:37:00+09:00,64348660.51177857
2025-11-27 09:38:00+09:00,64348660.51177857
2025-11-27 09:39:00+09:00,64348660.51177857
2025-11-27 09:40:00+09:00,64348660.51177857
2025-11-27 09:41:00+09:00,64348660.51177857
2025-11-27 09:42:00+09:00,64348660.51177857
2025-11-27 09:43:00+09:00,64348660.51177857
2025-11-27 09:44:00+09:00,64348660.51177857
2025-11-27 09:45:00+09:00,64348660.51177857
2025-11-27 09:46:00+09:00,64348660.51177857
2025-11-27 09:47:00+09:00,64348660.51177857
2025-11-27 09:48:00+09:00,64348660.51177857
2025-11-27 09:49:00+09:00,64348660.51177857
2025-11-27 09:50:00+09:00,64348660.51177857
2025-11-27 09:51:00+09:00,64348660.51177857
2025-11-27 09:52:00+09:00,64348660.51177857
2025-11-27 09:53:00+09:00,64348660.51177857
2025-11-27 09:54:00+09:00,64348660.51177857
2025-11-27 09:55:00+09:00,64348660.51177857
2025-11-27 09:56:00+09:00,64348660.51177857
2025-11-27 09:57:00+09:00,64348660.51177857
2025-11-27 09:58:00+09:00,64348660.51177857
2025-11-27 09:59:00+09:00,64348660.51177857
2025-11-27 10:00:00+09:00,64348660.51177857
2025-11-27 10:01:00+09:00,64348660.51177857
2025-11-27 10:02:00+09:00,64348660.51177857
2025-11-27 10:03:00+09:00,64348660.51177857
2025-11-27 10:04:00+09:00,64348660.51177857
2025-11-27 10:05:00+09:00,64348660.51177857
2025-11-27 10:06:00+09:00,64348660.51177857
2025-11-27 10:07:00+09:00,64348660.51177857
2025-11-27 10:08:00+09:00,64348660.51177857
2025-11-27 10:09:00+09:00,64348660.51177857
2025-11-27 10:10:00+09:00,64348660.51177857
2025-11-27 10:11:00+09:00,64348660.51177857
2025-11-27 10:12:00+09:00,64348660.51177857
2025-11-27 10:13:00+09:00,64348660.51177857
2025-11-27 10:14:00+09:00,64348660.51177857
2025-11-27 10:15:00+09:00,64348660.51177857
2025-11-27 10:16:00+09:00,64348660.51177857
2025-11-27 10:17:00+09:00,64322921.047573864
2025-11-27 10:18:00+09:00,64322921.047573864
2025-11-27 10:19:00+09:00,64234321.98277005
2025-11-27 10:20:00+09:00,64190022.450368136
2025-11-27 10:21:00+09:00,64322921.04757387
2025-11-27 10:22:00+09:00,64322921.04757387
2025-11-27 10:23:00+09:00,64278621.51517196
2025-11-27 10:24:00+09:00,64278621.51517196
2025-11-27 10:25:00+09:00,64322921.04757387
2025-11-27 10:26:00+09:00,64411520.11237769
2025-11-27 10:27:00+09:00,64411520.11237769
2025-11-27 10:28:00+09:00,64145722.917966224
2025-11-27 10:29:00+09:00,64322921.047573864
2025-11-27 10:30:00+09:00,64411520.11237768
2025-11-27 10:31:00+09:00,64322921.047573864
2025-11-27 10:32:00+09:00,64145722.917966224
2025-11-27 10:33:00+09:00,64234321.98277005
2025-11-27 10:34:00+09:00,64234321.98277005
2025-11-27 10:35:00+09:00,64234321.98277005
2025-11-27 10:36:00+09:00,64145722.917966224
2025-11-27 10:37:00+09:00,64234321.98277005
2025-11-27 10:38:00+09:00,64190022.450368136
2025-11-27 10:39:00+09:00,64145722.917966224
2025-11-27 10:40:00+09:00,64057123.85316241
2025-11-27 10:41:00+09:00,64057123.85316241
2025-11-27 10:42:00+09:00,63884169.618758865
2025-11-27 10:43:00+09:00,63884169.618758865
2025-11-27 10:44:00+09:00,63884169.618758865
2025-11-27 10:45:00+09:00,63884169.618758865
2025-11-27 10:46:00+09:00,63884169.618758865
2025-11-27 10:47:00+09:00,63884169.618758865
2025-11-27 10:48:00+09:00,63884169.618758865
2025-11-27 10:49:00+09:00,63884169.618758865
2025-11-27 10:50:00+09:00,63884169.618758865
2025-11-27 10:51:00+09:00,63884169.618758865
2025-11-27 10:52:00+09:00,63884169.618758865
2025-11-27 10:53:00+09:00,63884169.618758865
2025-11-27 10:54:00+09:00,63884169.618758865
2025-11-27 10:55:00+09:00,63884169.618758865
2025-11-27 10:56:00+09:00,63884169.618758865
2025-11-27 10:57:00+09:00,63884169.618758865
2025-11-27 10:58:00+09:00,63884169.618758865
2025-11-27 10:59:00+09:00,63884169.618758865
2025-11-27 11:00:00+09:00,63884169.618758865
2025-11-27 11:01:00+09:00,63884169.618758865
2025-11-27 11:02:00+09:00,63884169.618758865
2025-11-27 11:03:00+09:00,63884169.618758865
2025-11-27 11:04:00+09:00,63884169.618758865
2025-11-27 11:05:00+09:00,63884169.618758865
2025-11-27 11:06:00+09:00,63884169.618758865
2025-11-27 11:07:00+09:00,63884169.618758865
2025-11-27 11:09:00+09:00,63884169.618758865
2025-11-27 11:10:00+09:00,63884169.618758865
2025-11-27 11:11:00+09:00,63884169.618758865
2025-11-27 11:12:00+09:00,63884169.618758865
2025-11-27 11:13:00+09:00,63884169.618758865
2025-11-27 11:14:00+09:00,63884169.618758865
2025-11-27 11:15:00+09:00,63884169.618758865
2025-11-27 11:16:00+09:00,63884169.618758865
2025-11-27 11:18:00+09:00,63884169.618758865
2025-11-27 11:19:00+09:00,63858615.950911365
2025-11-27 11:20:00+09:00,63946940.45430128
2025-11-27 11:21:00+09:00,63686197.687843904
2025-11-27 11:22:00+09:00,63686197.687843904
2025-11-27 11:23:00+09:00,63686197.687843904
2025-11-27 11:24:00+09:00,63686197.687843904
2025-11-27 11:25:00+09:00,63686197.687843904
2025-11-27 11:26:00+09:00,63686197.687843904
2025-11-27 11:27:00+09:00,63686197.687843904
2025-11-27 11:28:00+09:00,63686197.687843904
2025-11-27 11:29:00+09:00,63686197.687843904
2025-11-27 11:30:00+09:00,63686197.687843904
2025-11-27 11:31:00+09:00,63686197.687843904
2025-11-27 11:32:00+09:00,63660723.20876877
2025-11-27 11:33:00+09:00,63660723.20876877
2025-11-27 11:34:00+09:00,64274531.83474863
2025-11-27 11:35:00+09:00,64449905.727885745
2025-11-27 11:36:00+09:00,64449905.727885745
2025-11-27 11:37:00+09:00,64186844.888180085
2025-11-27 11:38:00+09:00,64362218.78131718
2025-11-27 11:39:00+09:00,64186844.88818008
2025-11-27 11:40:00+09:00,64274531.83474863
2025-11-27 11:41:00+09:00,64186844.88818008
2025-11-27 11:42:00+09:00,64274531.83474863
2025-11-27 11:43:00+09:00,64099157.94161153
2025-11-27 11:44:00+09:00,63923784.04847442
2025-11-27 11:45:00+09:00,63836097.101905875
2025-11-27 11:46:00+09:00,63836097.101905875
2025-11-27 11:47:00+09:00,63923784.04847442
2025-11-27 11:48:00+09:00,63836097.101905875
2025-11-27 11:49:00+09:00,63836097.101905875
2025-11-27 11:50:00+09:00,63836097.101905875
2025-11-27 11:51:00+09:00,63836097.101905875
2025-11-27 11:52:00+09:00,63748410.155337326
2025-11-27 11:54:00+09:00,63836097.101905875
2025-11-27 11:55:00+09:00,63748410.155337326
2025-11-27 11:56:00+09:00,63836097.101905875
2025-11-27 11:57:00+09:00,63748410.155337326
2025-11-27 11:58:00+09:00,63836097.101905875
2025-11-27 11:59:00+09:00,63748410.155337326
2025-11-27 12:00:00+09:00,63748410.155337326
2025-11-27 12:01:00+09:00,63660723.20876878
2025-11-27 12:02:00+09:00,63748410.155337326
2025-11-27 12:03:00+09:00,63663739.63973073
2025-11-27 12:04:00+09:00,63663739.63973073
2025-11-27 12:06:00+09:00,63663739.63973073
2025-11-27 12:07:00+09:00,63663739.63973073
2025-11-27 12:08:00+09:00,63663739.63973073
2025-11-27 12:09:00+09:00,63663739.63973073
2025-11-27 12:10:00+09:00,63663739.63973073
2025-11-27 12:11:00+09:00,63663739.63973073
2025-11-27 12:12:00+09:00,63663739.63973073
2025-11-27 12:13:00+09:00,63663739.63973073
2025-11-27 12:14:00+09:00,63663739.63973073
2025-11-27 12:15:00+09:00,63663739.63973073
2025-11-27 12:16:00+09:00,63663739.63973073
2025-11-27 12:17:00+09:00,63663739.63973073
2025-11-27 12:18:00+09:00,63663739.63973073
2025-11-27 12:19:00+09:00,63663739.63973073
2025-11-27 12:20:00+09:00,63663739.63973073
2025-11-27 12:21:00+09:00,63663739.63973073
2025-11-27 12:22:00+09:00,63663739.63973073
2025-11-27 12:23:00+09:00,63663739.63973073
2025-11-27 12:24:00+09:00,63663739.63973073
2025-11-27 12:25:00+09:00,63663739.63973073
2025-11-27 12:26:00+09:00,63663739.63973073
2025-11-27 12:27:00+09:00,63663739.63973073
2025-11-27 12:28:00+09:00,63663739.63973073
2025-11-27 12:29:00+09:00,63663739.63973073
2025-11-27 12:30:00+09:00,63663739.63973073
2025-11-27 12:31:00+09:00,63663739.63973073
2025-11-27 12:33:00+09:00,63663739.63973073
2025-11-27 12:35:00+09:00,63663739.63973073
2025-11-27 12:36:00+09:00,63663739.63973073
2025-11-27 12:37:00+09:00,63663739.63973073
2025-11-27 12:38:00+09:00,63663739.63973073
2025-11-27 12:39:00+09:00,63663739.63973073
2025-11-27 12:40:00+09:00,63663739.63973073
2025-11-27 12:41:00+09:00,63663739.63973073
2025-11-27 12:42:00+09:00,63663739.63973073
2025-11-27 12:43:00+09:00,63663739.63973073
2025-11-27 12:44:00+09:00,63663739.63973073
2025-11-27 12:45:00+09:00,63663739.63973073
2025-11-27 12:46:00+09:00,63663739.63973073
2025-11-27 12:47:00+09:00,63663739.63973073
2025-11-27 12:48:00+09:00,63663739.63973073
2025-11-27 12:49:00+09:00,63663739.63973073
2025-11-27 12:50:00+09:00,63663739.63973073
2025-11-27 12:51:00+09:00,63663739.63973073
2025-11-27 12:52:00+09:00,63663739.63973073
2025-11-27 12:54:00+09:00,63663739.63973073
2025-11-27 12:56:00+09:00,63663739.63973073
2025-11-27 12:57:00+09:00,63663739.63973073
2025-11-27 12:58:00+09:00,63663739.63973073
2025-11-27 12:59:00+09:00,63663739.63973073
2025-11-27 13:00:00+09:00,63663739.63973073
2025-11-27 13:01:00+09:00,63663739.63973073
2025-11-27 13:02:00+09:00,63663739.63973073
2025-11-27 13:03:00+09:00,63663739.63973073
2025-11-27 13:04:00+09:00,63663739.63973073
2025-11-27 13:05:00+09:00,63663739.63973073
2025-11-27 13:06:00+09:00,63663739.63973073
2025-11-27 13:07:00+09:00,63663739.63973073
2025-11-27 13:08:00+09:00,63663739.63973073
2025-11-27 13:09:00+09:00,63663739.63973073
2025-11-27 13:10:00+09:00,63638274.14387484
2025-11-27 13:11:00+09:00,63550858.93213875
2025-11-27 13:12:00+09:00,63463443.72040266
2025-11-27 13:13:00+09:00,63463443.72040266
2025-11-27 13:14:00+09:00,63463443.72040266
2025-11-27 13:15:00+09:00,63463443.72040266
2025-11-27 13:16:00+09:00,63463443.72040266
2025-11-27 13:17:00+09:00,63463443.72040266
2025-11-27 13:18:00+09:00,63463443.72040266
2025-11-27 13:19:00+09:00,63376028.50866657
2025-11-27 13:20:00+09:00,63376028.50866657
2025-11-27 13:21:00+09:00,63117734.04102875
2025-11-27 13:22:00+09:00,63117734.04102875
2025-11-27 13:23:00+09:00,63117734.04102875
2025-11-27 13:24:00+09:00,63117734.04102875
2025-11-27 13:26:00+09:00,63117734.04102875
2025-11-27 13:27:00+09:00,63117734.04102875
2025-11-27 13:28:00+09:00,63117734.04102875
2025-11-27 13:29:00+09:00,63117734.04102875
2025-11-27 13:30:00+09:00,63117734.04102875
2025-11-27 13:31:00+09:00,63117734.04102875
2025-11-27 13:33:00+09:00,63117734.04102875
2025-11-27 13:34:00+09:00,63117734.04102875
2025-11-27 13:36:00+09:00,63117734.04102875
2025-11-27 13:37:00+09:00,63092486.94741234
2025-11-27 13:38:00+09:00,63179391.19940602
2025-11-27 13:39:00+09:00,63179391.19940602
2025-11-27 13:40:00+09:00,63179391.19940602
2025-11-27 13:41:00+09:00,63179391.19940602
2025-11-27 13:43:00+09:00,63005582.695418656
2025-11-27 13:44:00+09:00,63179391.19940602
2025-11-27 13:46:00+09:00,62835467.622141026
2025-11-27 13:47:00+09:00,62835467.622141026
2025-11-27 13:48:00+09:00,62835467.622141026
2025-11-27 13:49:00+09:00,62835467.622141026
2025-11-27 13:51:00+09:00,62835467.622141026
2025-11-27 13:52:00+09:00,62835467.622141026
2025-11-27 13:54:00+09:00,62835467.622141026
2025-11-27 13:55:00+09:00,62835467.622141026
2025-11-27 13:56:00+09:00,62835467.622141026
2025-11-27 13:58:00+09:00,62835467.622141026
2025-11-27 13:59:00+09:00,62835467.622141026
2025-11-27 14:00:00+09:00,62835467.622141026
2025-11-27 14:01:00+09:00,62835467.622141026
2025-11-27 14:02:00+09:00,62835467.622141026
2025-11-27 14:03:00+09:00,62835467.622141026
2025-11-27 14:04:00+09:00,62835467.622141026
2025-11-27 14:05:00+09:00,62835467.622141026
2025-11-27 14:06:00+09:00,62835467.622141026
2025-11-27 14:07:00+09:00,62835467.622141026
2025-11-27 14:08:00+09:00,62835467.622141026
2025-11-27 14:09:00+09:00,62835467.622141026
2025-11-27 14:10:00+09:00,62835467.622141026
2025-11-27 14:11:00+09:00,62835467.622141026
2025-11-27 14:12:00+09:00,62835467.622141026
2025-11-27 14:13:00+09:00,62835467.622141026
2025-11-27 14:14:00+09:00,62835467.622141026
2025-11-27 14:15:00+09:00,62835467.622141026
2025-11-27 14:16:00+09:00,62835467.622141026
2025-11-27 14:18:00+09:00,62835467.622141026
2025-11-27 14:19:00+09:00,62835467.622141026
2025-11-27 14:20:00+09:00,62835467.622141026
2025-11-27 14:21:00+09:00,62835467.622141026
2025-11-27 14:22:00+09:00,62835467.622141026
2025-11-27 14:23:00+09:00,62835467.622141026
2025-11-27 14:24:00+09:00,62835467.622141026
2025-11-27 14:25:00+09:00,62835467.622141026
2025-11-27 14:26:00+09:00,62810333.43509217
2025-11-27 14:27:00+09:00,62810333.43509217
2025-11-27 14:29:00+09:00,62896730.042293124
2025-11-27 14:30:00+09:00,62896730.042293124
2025-11-27 14:31:00+09:00,63155919.86389598
2025-11-27 14:32:00+09:00,63242316.47109694
2025-11-27 14:33:00+09:00,63242316.47109694
2025-11-27 14:34:00+09:00,63328713.0782979
2025-11-27 14:35:00+09:00,63328713.0782979
2025-11-27 14:36:00+09:00,63328713.0782979
2025-11-27 14:37:00+09:00,63242316.47109694
2025-11-27 14:38:00+09:00,63242316.47109694
2025-11-27 14:39:00+09:00,63328713.0782979
2025-11-27 14:40:00+09:00,63328713.0782979
2025-11-27 14:41:00+09:00,63242316.47109694
2025-11-27 14:42:00+09:00,63069523.25669504
2025-11-27 14:43:00+09:00,63155919.863896
2025-11-27 14:44:00+09:00,63242316.471096955
2025-11-27 14:45:00+09:00,63415109.685498856
2025-11-27 14:46:00+09:00,63415109.685498856
2025-11-27 14:47:00+09:00,63242316.47109695
2025-11-27 14:48:00+09:00,63155919.863896
2025-11-27 14:49:00+09:00,63155919.863896
2025-11-27 14:50:00+09:00,62983126.6494941
2025-11-27 14:51:00+09:00,63069523.25669505
2025-11-27 14:52:00+09:00,63069523.25669505
2025-11-27 14:53:00+09:00,63026324.95309457
2025-11-27 14:54:00+09:00,63069523.25669505
2025-11-27 14:55:00+09:00,63069523.25669505
2025-11-27 14:56:00+09:00,63155919.863896005
2025-11-27 14:57:00+09:00,63155919.863896005
2025-11-27 14:58:00+09:00,63069523.25669505
2025-11-27 14:59:00+09:00,63069523.25669505
2025-11-27 15:00:00+09:00,63069523.25669505
2025-11-27 15:01:00+09:00,63069523.25669505
2025-11-27 15:02:00+09:00,63155919.863896005
2025-11-27 15:03:00+09:00,63155919.863896005
2025-11-27 15:04:00+09:00,63069523.25669505
2025-11-27 15:05:00+09:00,63069523.25669505
2025-11-27 15:06:00+09:00,63069523.25669505
2025-11-27 15:07:00+09:00,63069523.25669505
2025-11-27 15:08:00+09:00,62896730.042293146
2025-11-27 15:09:00+09:00,62896730.042293146
2025-11-27 15:10:00+09:00,62640745.53481744
2025-11-27 15:11:00+09:00,62640745.53481744
2025-11-27 15:12:00+09:00,62640745.53481744
2025-11-27 15:13:00+09:00,62640745.53481744
2025-11-27 15:14:00+09:00,62640745.53481744
2025-11-27 15:15:00+09:00,62640745.53481744
2025-11-27 15:16:00+09:00,62640745.53481744
2025-11-27 15:17:00+09:00,62640745.53481744
2025-11-27 15:18:00+09:00,62640745.53481744
2025-11-27 15:19:00+09:00,62640745.53481744
2025-11-27 15:30:00+09:00,62640745.53481744
2025-11-27 15:35:00+09:00,62640745.53481744
2025-11-28 09:00:00+09:00,62640745.53481744
2025-11-28 09:01:00+09:00,62640745.53481744
2025-11-28 09:02:00+09:00,62640745.53481744
2025-11-28 09:03:00+09:00,62640745.53481744
2025-11-28 09:04:00+09:00,62640745.53481744
2025-11-28 09:05:00+09:00,62640745.53481744
2025-11-28 09:06:00+09:00,62640745.53481744
2025-11-28 09:07:00+09:00,62640745.53481744
2025-11-28 09:08:00+09:00,62615689.23660352
2025-11-28 09:09:00+09:00,62658111.790286854
2025-11-28 09:10:00+09:00,63039914.773436874
2025-11-28 09:11:00+09:00,62530844.12923685
2025-11-28 09:12:00+09:00,62361153.91450351
2025-11-28 09:13:00+09:00,62361153.91450351
2025-11-28 09:14:00+09:00,62530844.12923685
2025-11-28 09:15:00+09:00,62615689.23660353
2025-11-28 09:16:00+09:00,62785379.45133687
2025-11-28 09:17:00+09:00,62870224.55870355
2025-11-28 09:18:00+09:00,62700534.3439702
2025-11-28 09:19:00+09:00,62615689.23660353
2025-11-28 09:20:00+09:00,62700534.343970194
2025-11-28 09:21:00+09:00,62700534.343970194
2025-11-28 09:22:00+09:00,62785379.45133687
2025-11-28 09:23:00+09:00,63209604.98817023
2025-11-28 09:24:00+09:00,63124759.88080356
2025-11-28 09:25:00+09:00,63379295.20290358
2025-11-28 09:26:00+09:00,63548985.41763693
2025-11-28 09:27:00+09:00,63718675.63237028
2025-11-28 09:28:00+09:00,63718675.63237028
2025-11-28 09:29:00+09:00,63973210.9544703
2025-11-28 09:30:00+09:00,64482281.59867033
2025-11-28 09:31:00+09:00,64397436.49130367
2025-11-28 09:32:00+09:00,64482281.59867034
2025-11-28 09:33:00+09:00,64567126.70603701
2025-11-28 09:34:00+09:00,64397436.49130366
2025-11-28 09:35:00+09:00,64142901.16920365
2025-11-28 09:36:00+09:00,63973210.9544703
2025-11-28 09:37:00+09:00,63888365.84710363
2025-11-28 09:38:00+09:00,64058056.06183697
2025-11-28 09:39:00+09:00,64227746.27657032
2025-11-28 09:40:00+09:00,64142901.16920365
2025-11-28 09:41:00+09:00,63718675.632370286
2025-11-28 09:42:00+09:00,63718675.632370286
2025-11-28 09:43:00+09:00,63888365.847103626
2025-11-28 09:44:00+09:00,63803520.73973695
2025-11-28 09:45:00+09:00,63464140.310270265
2025-11-28 09:46:00+09:00,63548985.41763693
2025-11-28 09:47:00+09:00,63633830.525003605
2025-11-28 09:48:00+09:00,63803520.739736944
2025-11-28 09:49:00+09:00,63633830.525003605
2025-11-28 09:50:00+09:00,63633830.525003605
2025-11-28 09:51:00+09:00,63718675.63237028
2025-11-28 09:52:00+09:00,63718675.63237028
2025-11-28 09:53:00+09:00,63718675.63237028
2025-11-28 09:54:00+09:00,63973210.9544703
2025-11-28 09:55:00+09:00,63973210.9544703
2025-11-28 09:56:00+09:00,63973210.9544703
2025-11-28 09:57:00+09:00,63973210.9544703
2025-11-28 09:58:00+09:00,63888365.84710363
2025-11-28 09:59:00+09:00,63803520.73973696
2025-11-28 10:00:00+09:00,63633830.52500362
2025-11-28 10:01:00+09:00,63718675.63237029
2025-11-28 10:02:00+09:00,63973210.954470314
2025-11-28 10:03:00+09:00,63803520.73973697
2025-11-28 10:04:00+09:00,63718675.63237029
2025-11-28 10:05:00+09:00,63633830.52500362
2025-11-28 10:06:00+09:00,63718675.63237029
2025-11-28 10:07:00+09:00,63718675.63237029
2025-11-28 10:08:00+09:00,63803520.73973697
2025-11-28 10:09:00+09:00,63888365.84710364
2025-11-28 10:10:00+09:00,63803520.73973697
2025-11-28 10:11:00+09:00,63803520.73973697
2025-11-28 10:12:00+09:00,63718675.63237029
2025-11-28 10:13:00+09:00,63633830.52500362
2025-11-28 10:14:00+09:00,63633830.52500362
2025-11-28 10:15:00+09:00,63462019.18258611
2025-11-28 10:16:00+09:00,63462019.18258611
2025-11-28 10:17:00+09:00,63462019.18258611
2025-11-28 10:18:00+09:00,63462019.18258611
2025-11-28 10:19:00+09:00,63462019.18258611
2025-11-28 10:20:00+09:00,63462019.18258611
2025-11-28 10:21:00+09:00,63462019.18258611
2025-11-28 10:22:00+09:00,63462019.18258611
2025-11-28 10:23:00+09:00,63462019.18258611
2025-11-28 10:24:00+09:00,63462019.18258611
2025-11-28 10:25:00+09:00,63462019.18258611
2025-11-28 10:26:00+09:00,63462019.18258611
2025-11-28 10:27:00+09:00,63462019.18258611
2025-11-28 10:28:00+09:00,63462019.18258611
2025-11-28 10:29:00+09:00,63462019.18258611
2025-11-28 10:30:00+09:00,63462019.18258611
2025-11-28 10:31:00+09:00,63462019.18258611
2025-11-28 10:32:00+09:00,63462019.18258611
2025-11-28 10:33:00+09:00,63462019.18258611
2025-11-28 10:34:00+09:00,63462019.18258611
2025-11-28 10:35:00+09:00,63462019.18258611
2025-11-28 10:36:00+09:00,63462019.18258611
2025-11-28 10:37:00+09:00,63462019.18258611
2025-11-28 10:38:00+09:00,63462019.18258611
2025-11-28 10:39:00+09:00,63462019.18258611
2025-11-28 10:40:00+09:00,63462019.18258611
2025-11-28 10:41:00+09:00,63462019.18258611
2025-11-28 10:42:00+09:00,63462019.18258611
2025-11-28 10:43:00+09:00,63462019.18258611
2025-11-28 10:44:00+09:00,63462019.18258611
2025-11-28 10:45:00+09:00,63462019.18258611
2025-11-28 10:46:00+09:00,63462019.18258611
2025-11-28 10:47:00+09:00,63462019.18258611
2025-11-28 10:48:00+09:00,63462019.18258611
2025-11-28 10:49:00+09:00,63462019.18258611
2025-11-28 10:50:00+09:00,63462019.18258611
2025-11-28 10:51:00+09:00,63462019.18258611
2025-11-28 10:52:00+09:00,63462019.18258611
2025-11-28 10:53:00+09:00,63462019.18258611
2025-11-28 10:54:00+09:00,63462019.18258611
2025-11-28 10:55:00+09:00,63462019.18258611
2025-11-28 10:56:00+09:00,63462019.18258611
2025-11-28 10:57:00+09:00,63462019.18258611
2025-11-28 10:58:00+09:00,63462019.18258611
2025-11-28 10:59:00+09:00,63462019.18258611
2025-11-28 11:00:00+09:00,63462019.18258611
2025-11-28 11:01:00+09:00,63462019.18258611
2025-11-28 11:02:00+09:00,63462019.18258611
2025-11-28 11:03:00+09:00,63462019.18258611
2025-11-28 11:04:00+09:00,63462019.18258611
2025-11-28 11:05:00+09:00,63462019.18258611
2025-11-28 11:06:00+09:00,63462019.18258611
2025-11-28 11:07:00+09:00,63462019.18258611
2025-11-28 11:08:00+09:00,63462019.18258611
2025-11-28 11:09:00+09:00,63462019.18258611
2025-11-28 11:10:00+09:00,63462019.18258611
2025-11-28 11:11:00+09:00,63462019.18258611
2025-11-28 11:12:00+09:00,63462019.18258611
2025-11-28 11:13:00+09:00,63462019.18258611
2025-11-28 11:14:00+09:00,63462019.18258611
2025-11-28 11:15:00+09:00,63462019.18258611
2025-11-28 11:16:00+09:00,63462019.18258611
2025-11-28 11:17:00+09:00,63462019.18258611
2025-11-28 11:18:00+09:00,63462019.18258611
2025-11-28 11:19:00+09:00,63462019.18258611
2025-11-28 11:20:00+09:00,63462019.18258611
2025-11-28 11:21:00+09:00,63462019.18258611
2025-11-28 11:22:00+09:00,63462019.18258611
2025-11-28 11:23:00+09:00,63462019.18258611
2025-11-28 11:24:00+09:00,63462019.18258611
2025-11-28 11:25:00+09:00,63462019.18258611
2025-11-28 11:26:00+09:00,63462019.18258611
2025-11-28 11:27:00+09:00,63462019.18258611
2025-11-28 11:28:00+09:00,63462019.18258611
2025-11-28 11:29:00+09:00,63462019.18258611
2025-11-28 11:30:00+09:00,63462019.18258611
2025-11-28 11:31:00+09:00,63462019.18258611
2025-11-28 11:32:00+09:00,63462019.18258611
2025-11-28 11:33:00+09:00,63462019.18258611
2025-11-28 11:34:00+09:00,63462019.18258611
2025-11-28 11:35:00+09:00,63462019.18258611
2025-11-28 11:36:00+09:00,63462019.18258611
2025-11-28 11:37:00+09:00,63462019.18258611
2025-11-28 11:38:00+09:00,63462019.18258611
2025-11-28 11:39:00+09:00,63462019.18258611
2025-11-28 11:40:00+09:00,63462019.18258611
2025-11-28 11:41:00+09:00,63462019.18258611
2025-11-28 11:42:00+09:00,63462019.18258611
2025-11-28 11:43:00+09:00,63462019.18258611
2025-11-28 11:44:00+09:00,63462019.18258611
2025-11-28 11:45:00+09:00,63436634.37491308
2025-11-28 11:46:00+09:00,63521670.077828504
2025-11-28 11:47:00+09:00,63351598.67199764
2025-11-28 11:48:00+09:00,63266562.96908221
2025-11-28 11:49:00+09:00,63180549.35558325
2025-11-28 11:50:00+09:00,63180549.35558325
2025-11-28 11:51:00+09:00,63180549.35558325
2025-11-28 11:52:00+09:00,63180549.35558325
2025-11-28 11:53:00+09:00,63180549.35558325
2025-11-28 11:54:00+09:00,63180549.35558325
2025-11-28 11:55:00+09:00,63180549.35558325
2025-11-28 11:56:00+09:00,63180549.35558325
2025-11-28 11:57:00+09:00,63180549.35558325
2025-11-28 11:58:00+09:00,63180549.35558325
2025-11-28 12:00:00+09:00,63180549.35558325
2025-11-28 12:01:00+09:00,63180549.35558325
2025-11-28 12:02:00+09:00,63155277.13584102
2025-11-28 12:03:00+09:00,63240049.31991597
2025-11-28 12:04:00+09:00,63155277.13584102
2025-11-28 12:05:00+09:00,63155277.13584102
2025-11-28 12:06:00+09:00,63155277.13584102
2025-11-28 12:07:00+09:00,63155277.13584102
2025-11-28 12:08:00+09:00,62985732.76769111
2025-11-28 12:09:00+09:00,62985732.76769111
2025-11-28 12:10:00+09:00,62815671.289218344
2025-11-28 12:11:00+09:00,62815671.289218344
2025-11-28 12:12:00+09:00,62815671.289218344
2025-11-28 12:13:00+09:00,62815671.289218344
2025-11-28 12:14:00+09:00,62815671.289218344
2025-11-28 12:15:00+09:00,62815671.289218344
2025-11-28 12:16:00+09:00,62815671.289218344
2025-11-28 12:17:00+09:00,62815671.289218344
2025-11-28 12:18:00+09:00,62815671.289218344
2025-11-28 12:19:00+09:00,62815671.289218344
2025-11-28 12:20:00+09:00,62815671.289218344
2025-11-28 12:21:00+09:00,62815671.289218344
2025-11-28 12:22:00+09:00,62815671.289218344
2025-11-28 12:23:00+09:00,62815671.289218344
2025-11-28 12:24:00+09:00,62815671.289218344
2025-11-28 12:25:00+09:00,62815671.289218344
2025-11-28 12:26:00+09:00,62815671.289218344
2025-11-28 12:27:00+09:00,62815671.289218344
2025-11-28 12:28:00+09:00,62815671.289218344
2025-11-28 12:29:00+09:00,62815671.289218344
2025-11-28 12:30:00+09:00,62815671.289218344
2025-11-28 12:31:00+09:00,62790545.02070266
2025-11-28 12:32:00+09:00,62623548.89032845
2025-11-28 12:33:00+09:00,62707046.95551556
2025-11-28 12:34:00+09:00,62623548.89032846
2025-11-28 12:35:00+09:00,62623548.89032846
2025-11-28 12:36:00+09:00,62707046.95551557
2025-11-28 12:37:00+09:00,62707046.95551557
2025-11-28 12:38:00+09:00,62540050.82514136
2025-11-28 12:39:00+09:00,62540050.82514136
2025-11-28 12:40:00+09:00,62456552.75995426
2025-11-28 12:41:00+09:00,62456552.75995426
2025-11-28 12:42:00+09:00,62456552.75995426
2025-11-28 12:43:00+09:00,62456552.75995426
2025-11-28 12:44:00+09:00,62540050.825141355
2025-11-28 12:46:00+09:00,62456552.75995425
2025-11-28 12:47:00+09:00,62456552.75995425
2025-11-28 12:48:00+09:00,62456552.75995425
2025-11-28 12:49:00+09:00,62540050.82514135
2025-11-28 12:50:00+09:00,62540050.82514135
2025-11-28 12:51:00+09:00,62540050.82514135
2025-11-28 12:52:00+09:00,62456552.759954244
2025-11-28 12:53:00+09:00,62540050.82514134
2025-11-28 12:54:00+09:00,62540050.82514134
2025-11-28 12:55:00+09:00,62456552.75995424
2025-11-28 12:56:00+09:00,62456552.75995424
2025-11-28 12:57:00+09:00,62456552.75995424
2025-11-28 12:58:00+09:00,62540050.82514133
2025-11-28 13:01:00+09:00,62540050.82514133
2025-11-28 13:02:00+09:00,62456552.75995423
2025-11-28 13:03:00+09:00,62456552.75995423
2025-11-28 13:04:00+09:00,62373054.694767125
2025-11-28 13:05:00+09:00,62289556.62958002
2025-11-28 13:06:00+09:00,62121374.82668015
2025-11-28 13:07:00+09:00,62121374.82668015
2025-11-28 13:08:00+09:00,62121374.82668015
2025-11-28 13:09:00+09:00,62121374.82668015
2025-11-28 13:10:00+09:00,62121374.82668015
2025-11-28 13:11:00+09:00,62121374.82668015
2025-11-28 13:12:00+09:00,62121374.82668015
2025-11-28 13:13:00+09:00,62121374.82668015
2025-11-28 13:15:00+09:00,62121374.82668015
2025-11-28 13:16:00+09:00,62121374.82668015
2025-11-28 13:17:00+09:00,62121374.82668015
2025-11-28 13:18:00+09:00,62121374.82668015
2025-11-28 13:19:00+09:00,62121374.82668015
2025-11-28 13:20:00+09:00,62121374.82668015
2025-11-28 13:21:00+09:00,62121374.82668015
2025-11-28 13:22:00+09:00,62121374.82668015
2025-11-28 13:23:00+09:00,62121374.82668015
2025-11-28 13:24:00+09:00,62121374.82668015
2025-11-28 13:25:00+09:00,62121374.82668015
2025-11-28 13:26:00+09:00,62121374.82668015
2025-11-28 13:27:00+09:00,62121374.82668015
2025-11-28 13:28:00+09:00,62121374.82668015
2025-11-28 13:29:00+09:00,62121374.82668015
2025-11-28 13:30:00+09:00,62121374.82668015
2025-11-28 13:31:00+09:00,62121374.82668015
2025-11-28 13:32:00+09:00,62096526.276749484
2025-11-28 13:33:00+09:00,62093789.399226494
2025-11-28 13:34:00+09:00,62093789.399226494
2025-11-28 13:35:00+09:00,62093789.399226494
2025-11-28 13:36:00+09:00,62093789.399226494
2025-11-28 13:37:00+09:00,62093789.399226494
2025-11-28 13:38:00+09:00,62093789.399226494
2025-11-28 13:39:00+09:00,62093789.399226494
2025-11-28 13:40:00+09:00,62093789.399226494
2025-11-28 13:41:00+09:00,62093789.399226494
2025-11-28 13:42:00+09:00,62093789.399226494
2025-11-28 13:43:00+09:00,62093789.399226494
2025-11-28 13:44:00+09:00,62093789.399226494
2025-11-28 13:45:00+09:00,62093789.399226494
2025-11-28 13:46:00+09:00,62093789.399226494
2025-11-28 13:47:00+09:00,62093789.399226494
2025-11-28 13:48:00+09:00,62093789.399226494
2025-11-28 13:49:00+09:00,62093789.399226494
2025-11-28 13:50:00+09:00,62093789.399226494
2025-11-28 13:51:00+09:00,62093789.399226494
2025-11-28 13:52:00+09:00,62093789.399226494
2025-11-28 13:53:00+09:00,62093789.399226494
2025-11-28 13:54:00+09:00,62093789.399226494
2025-11-28 13:55:00+09:00,62093789.399226494
2025-11-28 13:57:00+09:00,62093789.399226494
2025-11-28 13:58:00+09:00,62093789.399226494
2025-11-28 13:59:00+09:00,62093789.399226494
2025-11-28 14:00:00+09:00,62093789.399226494
2025-11-28 14:01:00+09:00,62093789.399226494
2025-11-28 14:02:00+09:00,62093789.399226494
2025-11-28 14:03:00+09:00,62093789.399226494
2025-11-28 14:04:00+09:00,62093789.399226494
2025-11-28 14:05:00+09:00,62093789.399226494
2025-11-28 14:06:00+09:00,62093789.399226494
2025-11-28 14:07:00+09:00,62093789.399226494
2025-11-28 14:08:00+09:00,62093789.399226494
2025-11-28 14:09:00+09:00,62093789.399226494
2025-11-28 14:10:00+09:00,62093789.399226494
2025-11-28 14:11:00+09:00,62093789.399226494
2025-11-28 14:12:00+09:00,62093789.399226494
2025-11-28 14:14:00+09:00,62093789.399226494
2025-11-28 14:15:00+09:00,62093789.399226494
2025-11-28 14:16:00+09:00,62093789.399226494
2025-11-28 14:17:00+09:00,62093789.399226494
2025-11-28 14:18:00+09:00,62093789.399226494
2025-11-28 14:19:00+09:00,62093789.399226494
2025-11-28 14:20:00+09:00,62093789.399226494
2025-11-28 14:21:00+09:00,62093789.399226494
2025-11-28 14:22:00+09:00,62093789.399226494
2025-11-28 14:23:00+09:00,62093789.399226494
2025-11-28 14:24:00+09:00,62093789.399226494
2025-11-28 14:26:00+09:00,62093789.399226494
2025-11-28 14:27:00+09:00,62093789.399226494
2025-11-28 14:28:00+09:00,62093789.399226494
2025-11-28 14:29:00+09:00,62093789.399226494
2025-11-28 14:30:00+09:00,62093789.399226494
2025-11-28 14:31:00+09:00,62093789.399226494
2025-11-28 14:32:00+09:00,62093789.399226494
2025-11-28 14:33:00+09:00,62093789.399226494
2025-11-28 14:34:00+09:00,62093789.399226494
2025-11-28 14:35:00+09:00,62093789.399226494
2025-11-28 14:36:00+09:00,62093789.399226494
2025-11-28 14:37:00+09:00,62093789.399226494
2025-11-28 14:38:00+09:00,62093789.399226494
2025-11-28 14:39:00+09:00,62093789.399226494
2025-11-28 14:40:00+09:00,62093789.399226494
2025-11-28 14:41:00+09:00,62093789.399226494
2025-11-28 14:42:00+09:00,62093789.399226494
2025-11-28 14:43:00+09:00,62093789.399226494
2025-11-28 14:44:00+09:00,62093789.399226494
2025-11-28 14:45:00+09:00,62093789.399226494
2025-11-28 14:46:00+09:00,62093789.399226494
2025-11-28 14:47:00+09:00,62093789.399226494
2025-11-28 14:48:00+09:00,62093789.399226494
2025-11-28 14:49:00+09:00,62093789.399226494
2025-11-28 14:50:00+09:00,62068951.88346681
2025-11-28 14:51:00+09:00,62068951.88346681
2025-11-28 14:52:00+09:00,62068951.88346681
2025-11-28 14:53:00+09:00,62068951.88346681
2025-11-28 14:54:00+09:00,61986303.47882837
2025-11-28 14:55:00+09:00,61986303.47882837
2025-11-28 14:56:00+09:00,62151600.28810524
2025-11-28 14:57:00+09:00,61986303.47882837
2025-11-28 14:58:00+09:00,61903655.07418994
2025-11-28 14:59:00+09:00,62151600.28810526
2025-11-28 15:00:00+09:00,61818940.459435545
2025-11-28 15:01:00+09:00,61818940.459435545
2025-11-28 15:02:00+09:00,61818940.459435545
2025-11-28 15:03:00+09:00,61818940.459435545
2025-11-28 15:04:00+09:00,61818940.459435545
2025-11-28 15:05:00+09:00,61818940.459435545
2025-11-28 15:06:00+09:00,61818940.459435545
2025-11-28 15:07:00+09:00,61818940.459435545
2025-11-28 15:08:00+09:00,61818940.459435545
2025-11-28 15:09:00+09:00,61818940.459435545
2025-11-28 15:10:00+09:00,61818940.459435545
2025-11-28 15:11:00+09:00,61818940.459435545
2025-11-28 15:12:00+09:00,61818940.459435545
2025-11-28 15:13:00+09:00,61818940.459435545
2025-11-28 15:14:00+09:00,61818940.459435545
2025-11-28 15:15:00+09:00,61818940.459435545
2025-11-28 15:16:00+09:00,61794212.88325177
2025-11-28 15:17:00+09:00,62041389.73478478
2025-11-28 15:18:00+09:00,62123782.01862912
2025-11-28 15:19:00+09:00,62041389.73478478
2025-11-28 15:30:00+09:00,62123782.01862912
2025-11-28 15:35:00+09:00,62123782.01862912
2025-12-01 09:00:00+09:00,61711820.59940744
2025-12-01 09:01:00+09:00,62041389.73478479
2025-12-01 09:02:00+09:00,62366896.930568606
2025-12-01 09:03:00+09:00,62366896.930568606
2025-12-01 09:04:00+09:00,62366896.930568606
2025-12-01 09:05:00+09:00,62366896.930568606
2025-12-01 09:06:00+09:00,62366896.930568606
2025-12-01 09:07:00+09:00,62366896.930568606
2025-12-01 09:08:00+09:00,62366896.930568606
2025-12-01 09:09:00+09:00,62366896.930568606
2025-12-01 09:10:00+09:00,62366896.930568606
2025-12-01 09:11:00+09:00,62366896.930568606
2025-12-01 09:12:00+09:00,62366896.930568606
2025-12-01 09:13:00+09:00,62366896.930568606
2025-12-01 09:14:00+09:00,62366896.930568606
2025-12-01 09:15:00+09:00,62366896.930568606
2025-12-01 09:16:00+09:00,62366896.930568606
2025-12-01 09:17:00+09:00,62366896.930568606
2025-12-01 09:18:00+09:00,62366896.930568606
2025-12-01 09:19:00+09:00,62366896.930568606
2025-12-01 09:20:00+09:00,62366896.930568606
2025-12-01 09:21:00+09:00,62366896.930568606
2025-12-01 09:22:00+09:00,62366896.930568606
2025-12-01 09:23:00+09:00,62366896.930568606
2025-12-01 09:24:00+09:00,62366896.930568606
2025-12-01 09:25:00+09:00,62366896.930568606
2025-12-01 09:26:00+09:00,62366896.930568606
2025-12-01 09:27:00+09:00,62366896.930568606
2025-12-01 09:28:00+09:00,62366896.930568606
2025-12-01 09:29:00+09:00,62366896.930568606
2025-12-01 09:30:00+09:00,62366896.930568606
2025-12-01 09:31:00+09:00,62366896.930568606
2025-12-01 09:32:00+09:00,62366896.930568606
2025-12-01 09:33:00+09:00,62366896.930568606
2025-12-01 09:34:00+09:00,62366896.930568606
2025-12-01 09:35:00+09:00,62366896.930568606
2025-12-01 09:36:00+09:00,62366896.930568606
2025-12-01 09:37:00+09:00,62366896.930568606
2025-12-01 09:38:00+09:00,62366896.930568606
2025-12-01 09:39:00+09:00,62366896.930568606
2025-12-01 09:40:00+09:00,62366896.930568606
2025-12-01 09:41:00+09:00,62366896.930568606
2025-12-01 09:42:00+09:00,62366896.930568606
2025-12-01 09:43:00+09:00,62366896.930568606
2025-12-01 09:44:00+09:00,62366896.930568606
2025-12-01 09:45:00+09:00,62366896.930568606
2025-12-01 09:46:00+09:00,62366896.930568606
2025-12-01 09:47:00+09:00,62366896.930568606
2025-12-01 09:48:00+09:00,62366896.930568606
2025-12-01 09:49:00+09:00,62366896.930568606
2025-12-01 09:50:00+09:00,62366896.930568606
2025-12-01 09:51:00+09:00,62366896.930568606
2025-12-01 09:52:00+09:00,62366896.930568606
2025-12-01 09:53:00+09:00,62366896.930568606
2025-12-01 09:54:00+09:00,62366896.930568606
2025-12-01 09:55:00+09:00,62366896.930568606
2025-12-01 09:56:00+09:00,62366896.930568606
2025-12-01 09:57:00+09:00,62366896.930568606
2025-12-01 09:58:00+09:00,62366896.930568606
2025-12-01 09:59:00+09:00,62366896.930568606
2025-12-01 10:00:00+09:00,62366896.930568606
2025-12-01 10:01:00+09:00,62366896.930568606
2025-12-01 10:02:00+09:00,62366896.930568606
2025-12-01 10:03:00+09:00,62366896.930568606
2025-12-01 10:04:00+09:00,62366896.930568606
2025-12-01 10:05:00+09:00,62366896.930568606
2025-12-01 10:06:00+09:00,62366896.930568606
2025-12-01 10:07:00+09:00,62366896.930568606
2025-12-01 10:08:00+09:00,62366896.930568606
2025-12-01 10:09:00+09:00,62366896.930568606
2025-12-01 10:10:00+09:00,62366896.930568606
2025-12-01 10:11:00+09:00,62366896.930568606
2025-12-01 10:12:00+09:00,62366896.930568606
2025-12-01 10:13:00+09:00,62366896.930568606
2025-12-01 10:14:00+09:00,62366896.930568606
2025-12-01 10:15:00+09:00,62366896.930568606
2025-12-01 10:16:00+09:00,62366896.930568606
2025-12-01 10:17:00+09:00,62366896.930568606
2025-12-01 10:18:00+09:00,62366896.930568606
2025-12-01 10:19:00+09:00,62366896.930568606
2025-12-01 10:20:00+09:00,62366896.930568606
2025-12-01 10:21:00+09:00,62366896.930568606
2025-12-01 10:22:00+09:00,62366896.930568606
2025-12-01 10:23:00+09:00,62366896.930568606
2025-12-01 10:24:00+09:00,62366896.930568606
2025-12-01 10:25:00+09:00,62366896.930568606
2025-12-01 10:26:00+09:00,62366896.930568606
2025-12-01 10:27:00+09:00,62366896.930568606
2025-12-01 10:28:00+09:00,62366896.930568606
2025-12-01 10:29:00+09:00,62366896.930568606
2025-12-01 10:30:00+09:00,62366896.930568606
2025-12-01 10:31:00+09:00,62366896.930568606
2025-12-01 10:32:00+09:00,62366896.930568606
2025-12-01 10:33:00+09:00,62366896.930568606
2025-12-01 10:34:00+09:00,62366896.930568606
2025-12-01 10:35:00+09:00,62366896.930568606
2025-12-01 10:36:00+09:00,62366896.930568606
2025-12-01 10:37:00+09:00,62366896.930568606
2025-12-01 10:38:00+09:00,62366896.930568606
2025-12-01 10:39:00+09:00,62366896.930568606
2025-12-01 10:40:00+09:00,62366896.930568606
2025-12-01 10:41:00+09:00,62366896.930568606
2025-12-01 10:42:00+09:00,62366896.930568606
2025-12-01 10:43:00+09:00,62366896.930568606
2025-12-01 10:44:00+09:00,62366896.930568606
2025-12-01 10:45:00+09:00,62366896.930568606
2025-12-01 10:46:00+09:00,62366896.930568606
2025-12-01 10:47:00+09:00,62366896.930568606
2025-12-01 10:48:00+09:00,62366896.930568606
2025-12-01 10:49:00+09:00,62366896.930568606
2025-12-01 10:51:00+09:00,62366896.930568606
2025-12-01 10:52:00+09:00,62366896.930568606
2025-12-01 10:53:00+09:00,62366896.930568606
2025-12-01 10:54:00+09:00,62366896.930568606
2025-12-01 10:55:00+09:00,62366896.930568606
2025-12-01 10:56:00+09:00,62366896.930568606
2025-12-01 10:57:00+09:00,62366896.930568606
2025-12-01 10:58:00+09:00,62366896.930568606
2025-12-01 10:59:00+09:00,62366896.930568606
2025-12-01 11:00:00+09:00,62366896.930568606
2025-12-01 11:01:00+09:00,62366896.930568606
2025-12-01 11:02:00+09:00,62366896.930568606
2025-12-01 11:03:00+09:00,62366896.930568606
2025-12-01 11:04:00+09:00,62366896.930568606
2025-12-01 11:05:00+09:00,62366896.930568606
2025-12-01 11:06:00+09:00,62366896.930568606
2025-12-01 11:07:00+09:00,62341950.17179638
2025-12-01 11:08:00+09:00,62257590.29335011
2025-12-01 11:09:00+09:00,62257590.29335011
2025-12-01 11:10:00+09:00,62173230.414903834
2025-12-01 11:11:00+09:00,62257590.293350115
2025-12-01 11:12:00+09:00,62089494.799558066
2025-12-01 11:13:00+09:00,62089494.799558066
2025-12-01 11:14:00+09:00,62089494.799558066
2025-12-01 11:15:00+09:00,62089494.799558066
2025-12-01 11:16:00+09:00,62089494.799558066
2025-12-01 11:17:00+09:00,62089494.799558066
2025-12-01 11:18:00+09:00,62089494.799558066
2025-12-01 11:19:00+09:00,62089494.799558066
2025-12-01 11:20:00+09:00,62089494.799558066
2025-12-01 11:21:00+09:00,62089494.799558066
2025-12-01 11:22:00+09:00,62089494.799558066
2025-12-01 11:23:00+09:00,62089494.799558066
2025-12-01 11:24:00+09:00,62089494.799558066
2025-12-01 11:25:00+09:00,62089494.799558066
2025-12-01 11:26:00+09:00,62089494.799558066
2025-12-01 11:27:00+09:00,62089494.799558066
2025-12-01 11:28:00+09:00,62089494.799558066
2025-12-01 11:29:00+09:00,62089494.799558066
2025-12-01 11:30:00+09:00,62089494.799558066
2025-12-01 11:31:00+09:00,62089494.799558066
2025-12-01 11:32:00+09:00,62089494.799558066
2025-12-01 11:33:00+09:00,62089494.799558066
2025-12-01 11:34:00+09:00,62089494.799558066
2025-12-01 11:35:00+09:00,62089494.799558066
2025-12-01 11:36:00+09:00,62089494.799558066
2025-12-01 11:37:00+09:00,62089494.799558066
2025-12-01 11:39:00+09:00,62089494.799558066
2025-12-01 11:40:00+09:00,62089494.799558066
2025-12-01 11:42:00+09:00,62089494.799558066
2025-12-01 11:43:00+09:00,62089494.799558066
2025-12-01 11:44:00+09:00,62089494.799558066
2025-12-01 11:45:00+09:00,62089494.799558066
2025-12-01 11:46:00+09:00,62089494.799558066
2025-12-01 11:47:00+09:00,62089494.799558066
2025-12-01 11:48:00+09:00,62089494.799558066
2025-12-01 11:49:00+09:00,62089494.799558066
2025-12-01 11:51:00+09:00,62089494.799558066
2025-12-01 11:52:00+09:00,62089494.799558066
2025-12-01 11:53:00+09:00,62089494.799558066
2025-12-01 11:54:00+09:00,62089494.799558066
2025-12-01 11:55:00+09:00,62089494.799558066
2025-12-01 11:56:00+09:00,62089494.799558066
2025-12-01 11:57:00+09:00,62089494.799558066
2025-12-01 11:58:00+09:00,62089494.799558066
2025-12-01 11:59:00+09:00,62089494.799558066
2025-12-01 12:00:00+09:00,62089494.799558066
2025-12-01 12:01:00+09:00,62089494.799558066
2025-12-01 12:02:00+09:00,62089494.799558066
2025-12-01 12:03:00+09:00,62089494.799558066
2025-12-01 12:04:00+09:00,62089494.799558066
2025-12-01 12:05:00+09:00,62089494.799558066
2025-12-01 12:06:00+09:00,62089494.799558066
2025-12-01 12:07:00+09:00,62089494.799558066
2025-12-01 12:08:00+09:00,62089494.799558066
2025-12-01 12:09:00+09:00,62089494.799558066
2025-12-01 12:10:00+09:00,62089494.799558066
2025-12-01 12:11:00+09:00,62089494.799558066
2025-12-01 12:12:00+09:00,62089494.799558066
2025-12-01 12:13:00+09:00,62089494.799558066
2025-12-01 12:14:00+09:00,62089494.799558066
2025-12-01 12:15:00+09:00,62089494.799558066
2025-12-01 12:16:00+09:00,62089494.799558066
2025-12-01 12:17:00+09:00,62089494.799558066
2025-12-01 12:18:00+09:00,62089494.799558066
2025-12-01 12:19:00+09:00,62089494.799558066
2025-12-01 12:20:00+09:00,62089494.799558066
2025-12-01 12:21:00+09:00,62089494.799558066
2025-12-01 12:22:00+09:00,62089494.799558066
2025-12-01 12:23:00+09:00,62089494.799558066
2025-12-01 12:24:00+09:00,62089494.799558066
2025-12-01 12:25:00+09:00,62089494.799558066
2025-12-01 12:26:00+09:00,62089494.799558066
2025-12-01 12:28:00+09:00,62089494.799558066
2025-12-01 12:29:00+09:00,62089494.799558066
2025-12-01 12:30:00+09:00,62089494.799558066
2025-12-01 12:31:00+09:00,62089494.799558066
2025-12-01 12:32:00+09:00,62089494.799558066
2025-12-01 12:33:00+09:00,62089494.799558066
2025-12-01 12:34:00+09:00,62089494.799558066
2025-12-01 12:35:00+09:00,62089494.799558066
2025-12-01 12:36:00+09:00,62089494.799558066
2025-12-01 12:37:00+09:00,62089494.799558066
2025-12-01 12:38:00+09:00,62089494.799558066
2025-12-01 12:39:00+09:00,62089494.799558066
2025-12-01 12:40:00+09:00,62089494.799558066
2025-12-01 12:42:00+09:00,62089494.799558066
2025-12-01 12:43:00+09:00,62089494.799558066
2025-12-01 12:44:00+09:00,62089494.799558066
2025-12-01 12:45:00+09:00,62089494.799558066
2025-12-01 12:46:00+09:00,62089494.799558066
2025-12-01 12:47:00+09:00,62089494.799558066
2025-12-01 12:48:00+09:00,62089494.799558066
2025-12-01 12:49:00+09:00,62089494.799558066
2025-12-01 12:50:00+09:00,62089494.799558066
2025-12-01 12:51:00+09:00,62089494.799558066
2025-12-01 12:53:00+09:00,62089494.799558066
2025-12-01 12:54:00+09:00,62089494.799558066
2025-12-01 12:55:00+09:00,62089494.799558066
2025-12-01 12:56:00+09:00,62089494.799558066
2025-12-01 12:57:00+09:00,62089494.799558066
2025-12-01 12:58:00+09:00,62089494.799558066
2025-12-01 12:59:00+09:00,62089494.799558066
2025-12-01 13:00:00+09:00,62089494.799558066
2025-12-01 13:01:00+09:00,62089494.799558066
2025-12-01 13:02:00+09:00,62089494.799558066
2025-12-01 13:03:00+09:00,62089494.799558066
2025-12-01 13:04:00+09:00,62089494.799558066
2025-12-01 13:05:00+09:00,62089494.799558066
2025-12-01 13:06:00+09:00,62089494.799558066
2025-12-01 13:07:00+09:00,62089494.799558066
2025-12-01 13:08:00+09:00,62089494.799558066
2025-12-01 13:09:00+09:00,62089494.799558066
2025-12-01 13:10:00+09:00,62089494.799558066
2025-12-01 13:11:00+09:00,62089494.799558066
2025-12-01 13:12:00+09:00,62089494.799558066
2025-12-01 13:13:00+09:00,62089494.799558066
2025-12-01 13:14:00+09:00,62089494.799558066
2025-12-01 13:15:00+09:00,62089494.799558066
2025-12-01 13:16:00+09:00,62089494.799558066
2025-12-01 13:17:00+09:00,62089494.799558066
2025-12-01 13:18:00+09:00,62089494.799558066
2025-12-01 13:19:00+09:00,62089494.799558066
2025-12-01 13:20:00+09:00,62089494.799558066
2025-12-01 13:21:00+09:00,62089494.799558066
2025-12-01 13:22:00+09:00,62089494.799558066
2025-12-01 13:23:00+09:00,62089494.799558066
2025-12-01 13:24:00+09:00,62089494.799558066
2025-12-01 13:25:00+09:00,62089494.799558066
2025-12-01 13:26:00+09:00,62089494.799558066
2025-12-01 13:27:00+09:00,62089494.799558066
2025-12-01 13:28:00+09:00,62089494.799558066
2025-12-01 13:29:00+09:00,62089494.799558066
2025-12-01 13:30:00+09:00,62089494.799558066
2025-12-01 13:31:00+09:00,62089494.799558066
2025-12-01 13:32:00+09:00,62064659.00163825
2025-12-01 13:33:00+09:00,62149331.114873774
2025-12-01 13:34:00+09:00,62149331.114873774
2025-12-01 13:35:00+09:00,61979986.88840272
2025-12-01 13:36:00+09:00,61979986.88840272
2025-12-01 13:37:00+09:00,61979986.88840272
2025-12-01 13:38:00+09:00,62064659.00163825
2025-12-01 13:39:00+09:00,62064659.00163825
2025-12-01 13:41:00+09:00,61979986.88840272
2025-12-01 13:42:00+09:00,61979986.88840272
2025-12-01 13:43:00+09:00,61937650.831784956
2025-12-01 13:44:00+09:00,62064659.00163824
2025-12-01 13:45:00+09:00,62064659.00163824
2025-12-01 13:46:00+09:00,62488019.567815855
2025-12-01 13:47:00+09:00,62403347.45458034
2025-12-01 13:48:00+09:00,62403347.45458034
2025-12-01 13:49:00+09:00,61979986.88840272
2025-12-01 13:51:00+09:00,62064659.00163825
2025-12-01 13:52:00+09:00,62318675.341344826
2025-12-01 13:53:00+09:00,62403347.454580344
2025-12-01 13:54:00+09:00,62318675.34134482
2025-12-01 13:55:00+09:00,62403347.45458034
2025-12-01 13:56:00+09:00,62403347.45458034
2025-12-01 13:58:00+09:00,62318675.34134481
2025-12-01 13:59:00+09:00,62318675.34134481
2025-12-01 14:00:00+09:00,62318675.34134481
2025-12-01 14:01:00+09:00,62318675.34134481
2025-12-01 14:02:00+09:00,62318675.34134481
2025-12-01 14:03:00+09:00,62234003.228109285
2025-12-01 14:04:00+09:00,62149331.11487377
2025-12-01 14:05:00+09:00,62064659.00163825
2025-12-01 14:06:00+09:00,62064659.00163825
2025-12-01 14:08:00+09:00,61979986.88840272
2025-12-01 14:09:00+09:00,61979986.88840272
2025-12-01 14:10:00+09:00,61812640.92380403
2025-12-01 14:11:00+09:00,61812640.92380403
2025-12-01 14:12:00+09:00,61812640.92380403
2025-12-01 14:13:00+09:00,61812640.92380403
2025-12-01 14:14:00+09:00,61812640.92380403
2025-12-01 14:15:00+09:00,61812640.92380403
2025-12-01 14:16:00+09:00,61812640.92380403
2025-12-01 14:17:00+09:00,61812640.92380403
2025-12-01 14:18:00+09:00,61812640.92380403
2025-12-01 14:19:00+09:00,61812640.92380403
2025-12-01 14:20:00+09:00,61812640.92380403
2025-12-01 14:21:00+09:00,61812640.92380403
2025-12-01 14:22:00+09:00,61812640.92380403
2025-12-01 14:23:00+09:00,61812640.92380403
2025-12-01 14:24:00+09:00,61812640.92380403
2025-12-01 14:25:00+09:00,61812640.92380403
2025-12-01 14:26:00+09:00,61812640.92380403
2025-12-01 14:27:00+09:00,61812640.92380403
2025-12-01 14:28:00+09:00,61812640.92380403
2025-12-01 14:29:00+09:00,61812640.92380403
2025-12-01 14:30:00+09:00,61812640.92380403
2025-12-01 14:31:00+09:00,61812640.92380403
2025-12-01 14:32:00+09:00,61812640.92380403
2025-12-01 14:33:00+09:00,61812640.92380403
2025-12-01 14:34:00+09:00,61812640.92380403
2025-12-01 14:35:00+09:00,61812640.92380403
2025-12-01 14:36:00+09:00,61812640.92380403
2025-12-01 14:37:00+09:00,61812640.92380403
2025-12-01 14:38:00+09:00,61812640.92380403
2025-12-01 14:39:00+09:00,61812640.92380403
2025-12-01 14:40:00+09:00,61812640.92380403
2025-12-01 14:41:00+09:00,61812640.92380403
2025-12-01 14:42:00+09:00,61812640.92380403
2025-12-01 14:43:00+09:00,61812640.92380403
2025-12-01 14:44:00+09:00,61812640.92380403
2025-12-01 14:45:00+09:00,61812640.92380403
2025-12-01 14:46:00+09:00,61812640.92380403
2025-12-01 14:47:00+09:00,61812640.92380403
2025-12-01 14:48:00+09:00,61812640.92380403
2025-12-01 14:49:00+09:00,61812640.92380403
2025-12-01 14:50:00+09:00,61812640.92380403
2025-12-01 14:51:00+09:00,61812640.92380403
2025-12-01 14:52:00+09:00,61812640.92380403
2025-12-01 14:53:00+09:00,61812640.92380403
2025-12-01 14:54:00+09:00,61812640.92380403
2025-12-01 14:55:00+09:00,61812640.92380403
2025-12-01 14:56:00+09:00,61812640.92380403
2025-12-01 14:57:00+09:00,61812640.92380403
2025-12-01 14:58:00+09:00,61812640.92380403
2025-12-01 14:59:00+09:00,61812640.92380403
2025-12-01 15:00:00+09:00,61812640.92380403
2025-12-01 15:01:00+09:00,61812640.92380403
2025-12-01 15:02:00+09:00,61812640.92380403
2025-12-01 15:03:00+09:00,61812640.92380403
2025-12-01 15:04:00+09:00,61812640.92380403
2025-12-01 15:05:00+09:00,61812640.92380403
2025-12-01 15:06:00+09:00,61812640.92380403
2025-12-01 15:07:00+09:00,61812640.92380403
2025-12-01 15:08:00+09:00,61812640.92380403
2025-12-01 15:09:00+09:00,61812640.92380403
2025-12-01 15:10:00+09:00,61812640.92380403
2025-12-01 15:11:00+09:00,61812640.92380403
2025-12-01 15:12:00+09:00,61812640.92380403
2025-12-01 15:13:00+09:00,61812640.92380403
2025-12-01 15:14:00+09:00,61812640.92380403
2025-12-01 15:15:00+09:00,61812640.92380403
2025-12-01 15:16:00+09:00,61812640.92380403
2025-12-01 15:17:00+09:00,61812640.92380403
2025-12-01 15:18:00+09:00,61812640.92380403
2025-12-01 15:19:00+09:00,61812640.92380403
2025-12-01 15:30:00+09:00,61812640.92380403
2025-12-01 15:35:00+09:00,61812640.92380403
2025-12-02 09:00:00+09:00,61812640.92380403
2025-12-02 09:01:00+09:00,61812640.92380403
2025-12-02 09:02:00+09:00,61812640.92380403
2025-12-02 09:03:00+09:00,61812640.92380403
2025-12-02 09:04:00+09:00,61812640.92380403
2025-12-02 09:05:00+09:00,61812640.92380403
2025-12-02 09:06:00+09:00,61812640.92380403
2025-12-02 09:07:00+09:00,61812640.92380403
2025-12-02 09:08:00+09:00,61812640.92380403
2025-12-02 09:09:00+09:00,61812640.92380403
2025-12-02 09:10:00+09:00,61812640.92380403
2025-12-02 09:11:00+09:00,61812640.92380403
2025-12-02 09:12:00+09:00,61812640.92380403
2025-12-02 09:13:00+09:00,61812640.92380403
2025-12-02 09:14:00+09:00,61812640.92380403
2025-12-02 09:15:00+09:00,61812640.92380403
2025-12-02 09:16:00+09:00,61812640.92380403
2025-12-02 09:17:00+09:00,61812640.92380403
2025-12-02 09:18:00+09:00,61812640.92380403
2025-12-02 09:19:00+09:00,61812640.92380403
2025-12-02 09:20:00+09:00,61812640.92380403
2025-12-02 09:21:00+09:00,61812640.92380403
2025-12-02 09:22:00+09:00,61812640.92380403
2025-12-02 09:23:00+09:00,61812640.92380403
2025-12-02 09:24:00+09:00,61812640.92380403
2025-12-02 09:25:00+09:00,61812640.92380403
2025-12-02 09:26:00+09:00,61812640.92380403
2025-12-02 09:27:00+09:00,61812640.92380403
2025-12-02 09:28:00+09:00,61812640.92380403
2025-12-02 09:29:00+09:00,61812640.92380403
2025-12-02 09:30:00+09:00,61812640.92380403
2025-12-02 09:31:00+09:00,61812640.92380403
2025-12-02 09:32:00+09:00,61812640.92380403
2025-12-02 09:33:00+09:00,61812640.92380403
2025-12-02 09:34:00+09:00,61812640.92380403
2025-12-02 09:35:00+09:00,61812640.92380403
2025-12-02 09:36:00+09:00,61812640.92380403
2025-12-02 09:37:00+09:00,61812640.92380403
2025-12-02 09:38:00+09:00,61812640.92380403
2025-12-02 09:39:00+09:00,61812640.92380403
2025-12-02 09:40:00+09:00,61812640.92380403
2025-12-02 09:41:00+09:00,61812640.92380403
2025-12-02 09:42:00+09:00,61812640.92380403
2025-12-02 09:43:00+09:00,61812640.92380403
2025-12-02 09:44:00+09:00,61812640.92380403
2025-12-02 09:45:00+09:00,61812640.92380403
2025-12-02 09:46:00+09:00,61812640.92380403
2025-12-02 09:47:00+09:00,61812640.92380403
2025-12-02 09:48:00+09:00,61812640.92380403
2025-12-02 09:49:00+09:00,61812640.92380403
2025-12-02 09:50:00+09:00,61812640.92380403
2025-12-02 09:51:00+09:00,61812640.92380403
2025-12-02 09:52:00+09:00,61812640.92380403
2025-12-02 09:53:00+09:00,61812640.92380403
2025-12-02 09:54:00+09:00,61812640.92380403
2025-12-02 09:55:00+09:00,61812640.92380403
2025-12-02 09:56:00+09:00,61812640.92380403
2025-12-02 09:57:00+09:00,61812640.92380403
2025-12-02 09:58:00+09:00,61812640.92380403
2025-12-02 09:59:00+09:00,61812640.92380403
2025-12-02 10:00:00+09:00,61812640.92380403
2025-12-02 10:01:00+09:00,61812640.92380403
2025-12-02 10:02:00+09:00,61812640.92380403
2025-12-02 10:03:00+09:00,61812640.92380403
2025-12-02 10:04:00+09:00,61812640.92380403
2025-12-02 10:05:00+09:00,61812640.92380403
2025-12-02 10:06:00+09:00,61812640.92380403
2025-12-02 10:07:00+09:00,61812640.92380403
2025-12-02 10:08:00+09:00,61812640.92380403
2025-12-02 10:09:00+09:00,61812640.92380403
2025-12-02 10:10:00+09:00,61812640.92380403
2025-12-02 10:11:00+09:00,61812640.92380403
2025-12-02 10:12:00+09:00,61812640.92380403
2025-12-02 10:13:00+09:00,61812640.92380403
2025-12-02 10:14:00+09:00,61812640.92380403
2025-12-02 10:15:00+09:00,61812640.92380403
2025-12-02 10:16:00+09:00,61812640.92380403
2025-12-02 10:17:00+09:00,61787915.86743451
2025-12-02 10:18:00+09:00,61614840.47284786
2025-12-02 10:19:00+09:00,61614840.47284786
2025-12-02 10:20:00+09:00,61701378.170141175
2025-12-02 10:21:00+09:00,61701378.170141175
2025-12-02 10:22:00+09:00,61701378.170141175
2025-12-02 10:23:00+09:00,61701378.170141175
2025-12-02 10:24:00+09:00,61787915.8674345
2025-12-02 10:25:00+09:00,61701378.170141175
2025-12-02 10:26:00+09:00,61701378.170141175
2025-12-02 10:27:00+09:00,61701378.170141175
2025-12-02 10:28:00+09:00,61701378.170141175
2025-12-02 10:29:00+09:00,61701378.170141175
2025-12-02 10:30:00+09:00,61787915.8674345
2025-12-02 10:31:00+09:00,61614840.47284785
2025-12-02 10:32:00+09:00,61787915.8674345
2025-12-02 10:33:00+09:00,61701378.170141175
2025-12-02 10:34:00+09:00,61614840.47284785
2025-12-02 10:35:00+09:00,61701378.17014117
2025-12-02 10:36:00+09:00,61701378.17014117
2025-12-02 10:37:00+09:00,61701378.17014117
2025-12-02 10:38:00+09:00,61701378.17014117
2025-12-02 10:39:00+09:00,61787915.867434494
2025-12-02 10:40:00+09:00,61701378.17014117
2025-12-02 10:41:00+09:00,61701378.17014117
2025-12-02 10:42:00+09:00,61701378.17014117
2025-12-02 10:43:00+09:00,61701378.17014117
2025-12-02 10:44:00+09:00,61701378.17014117
2025-12-02 10:45:00+09:00,61701378.17014117
2025-12-02 10:46:00+09:00,61614840.47284784
2025-12-02 10:47:00+09:00,61787915.867434494
2025-12-02 10:48:00+09:00,61701378.17014117
2025-12-02 10:49:00+09:00,61528302.775554515
2025-12-02 10:50:00+09:00,61528302.775554515
2025-12-02 10:51:00+09:00,61448480.40357115
2025-12-02 10:52:00+09:00,61448480.40357115
2025-12-02 10:53:00+09:00,61448480.40357115
2025-12-02 10:54:00+09:00,61448480.40357115
2025-12-02 10:55:00+09:00,61448480.40357115
2025-12-02 10:56:00+09:00,61448480.40357115
2025-12-02 10:57:00+09:00,61448480.40357115
2025-12-02 10:58:00+09:00,61448480.40357115
2025-12-02 10:59:00+09:00,61448480.40357115
2025-12-02 11:00:00+09:00,61448480.40357115
2025-12-02 11:01:00+09:00,61448480.40357115
2025-12-02 11:02:00+09:00,61448480.40357115
2025-12-02 11:03:00+09:00,61448480.40357115
2025-12-02 11:04:00+09:00,61448480.40357115
2025-12-02 11:05:00+09:00,61448480.40357115
2025-12-02 11:06:00+09:00,61448480.40357115
2025-12-02 11:07:00+09:00,61448480.40357115
2025-12-02 11:08:00+09:00,61448480.40357115
2025-12-02 11:09:00+09:00,61448480.40357115
2025-12-02 11:10:00+09:00,61448480.40357115
2025-12-02 11:11:00+09:00,61448480.40357115
2025-12-02 11:12:00+09:00,61448480.40357115
2025-12-02 11:13:00+09:00,61448480.40357115
2025-12-02 11:14:00+09:00,61448480.40357115
2025-12-02 11:15:00+09:00,61448480.40357115
2025-12-02 11:16:00+09:00,61448480.40357115
2025-12-02 11:17:00+09:00,61448480.40357115
2025-12-02 11:18:00+09:00,61448480.40357115
2025-12-02 11:19:00+09:00,61448480.40357115
2025-12-02 11:20:00+09:00,61448480.40357115
2025-12-02 11:21:00+09:00,61448480.40357115
2025-12-02 11:22:00+09:00,61448480.40357115
2025-12-02 11:23:00+09:00,61448480.40357115
2025-12-02 11:24:00+09:00,61448480.40357115
2025-12-02 11:25:00+09:00,61448480.40357115
2025-12-02 11:26:00+09:00,61423901.01140972
2025-12-02 11:27:00+09:00,61423901.01140972
2025-12-02 11:28:00+09:00,61423901.01140972
2025-12-02 11:29:00+09:00,61423901.01140972
2025-12-02 11:30:00+09:00,61423901.01140972
2025-12-02 11:31:00+09:00,61423901.01140972
2025-12-02 11:32:00+09:00,61509808.56527183
2025-12-02 11:33:00+09:00,61509808.56527183
2025-12-02 11:34:00+09:00,61423901.01140972
2025-12-02 11:35:00+09:00,61681623.67299605
2025-12-02 11:36:00+09:00,61509808.56527183
2025-12-02 11:37:00+09:00,61509808.56527183
2025-12-02 11:38:00+09:00,61509808.56527183
2025-12-02 11:39:00+09:00,61595716.11913394
2025-12-02 11:40:00+09:00,61595716.11913394
2025-12-02 11:41:00+09:00,61595716.11913394
2025-12-02 11:42:00+09:00,61681623.67299606
2025-12-02 11:43:00+09:00,61939346.33458239
2025-12-02 11:44:00+09:00,61939346.33458239
2025-12-02 11:45:00+09:00,62025253.8884445
2025-12-02 11:46:00+09:00,61939346.33458239
2025-12-02 11:47:00+09:00,62111161.44230661
2025-12-02 11:48:00+09:00,62197068.99616872
2025-12-02 11:49:00+09:00,62025253.88844449
2025-12-02 11:50:00+09:00,61939346.33458238
2025-12-02 11:51:00+09:00,61939346.33458238
2025-12-02 11:52:00+09:00,61853438.78072027
2025-12-02 11:53:00+09:00,61853438.78072027
2025-12-02 11:54:00+09:00,61767531.22685816
2025-12-02 11:55:00+09:00,61853438.78072027
2025-12-02 11:56:00+09:00,61853438.78072027
2025-12-02 11:57:00+09:00,61853438.78072027
2025-12-02 11:58:00+09:00,61853438.78072027
2025-12-02 11:59:00+09:00,61853438.78072027
2025-12-02 12:00:00+09:00,61767531.22685816
2025-12-02 12:01:00+09:00,61767531.22685816
2025-12-02 12:02:00+09:00,61767531.22685816
2025-12-02 12:03:00+09:00,61767531.22685816
2025-12-02 12:04:00+09:00,61767531.22685816
2025-12-02 12:05:00+09:00,61767531.22685816
2025-12-02 12:06:00+09:00,61767531.22685816
2025-12-02 12:07:00+09:00,61767531.22685816
2025-12-02 12:08:00+09:00,61767531.22685816
2025-12-02 12:09:00+09:00,61767531.22685816
2025-12-02 12:10:00+09:00,61767531.22685816
2025-12-02 12:11:00+09:00,61939346.33458238
2025-12-02 12:12:00+09:00,61767531.22685816
2025-12-02 12:14:00+09:00,61767531.22685816
2025-12-02 12:15:00+09:00,61767531.22685816
2025-12-02 12:16:00+09:00,61853438.78072027
2025-12-02 12:17:00+09:00,61767531.22685816
2025-12-02 12:18:00+09:00,61767531.22685816
2025-12-02 12:19:00+09:00,61853438.78072027
2025-12-02 12:20:00+09:00,61767531.22685816
2025-12-02 12:21:00+09:00,61767531.22685816
2025-12-02 12:22:00+09:00,61767531.22685816
2025-12-02 12:23:00+09:00,61853438.78072027
2025-12-02 12:24:00+09:00,61853438.78072027
2025-12-02 12:25:00+09:00,61853438.78072027
2025-12-02 12:26:00+09:00,61681623.67299605
2025-12-02 12:27:00+09:00,61853438.78072027
2025-12-02 12:28:00+09:00,61600758.89254564
2025-12-02 12:29:00+09:00,61600758.89254564
2025-12-02 12:30:00+09:00,61600758.89254564
2025-12-02 12:31:00+09:00,61600758.89254564
2025-12-02 12:32:00+09:00,61600758.89254564
2025-12-02 12:33:00+09:00,61600758.89254564
2025-12-02 12:34:00+09:00,61600758.89254564
2025-12-02 12:35:00+09:00,61600758.89254564
2025-12-02 12:36:00+09:00,61600758.89254564
2025-12-02 12:37:00+09:00,61600758.89254564
2025-12-02 12:38:00+09:00,61600758.89254564
2025-12-02 12:39:00+09:00,61600758.89254564
2025-12-02 12:40:00+09:00,61600758.89254564
2025-12-02 12:41:00+09:00,61600758.89254564
2025-12-02 12:42:00+09:00,61600758.89254564
2025-12-02 12:43:00+09:00,61600758.89254564
2025-12-02 12:44:00+09:00,61600758.89254564
2025-12-02 12:45:00+09:00,61600758.89254564
2025-12-02 12:46:00+09:00,61600758.89254564
2025-12-02 12:47:00+09:00,61600758.89254564
2025-12-02 12:48:00+09:00,61600758.89254564
2025-12-02 12:49:00+09:00,61600758.89254564
2025-12-02 12:50:00+09:00,61600758.89254564
2025-12-02 12:51:00+09:00,61600758.89254564
2025-12-02 12:52:00+09:00,61576118.588988625
2025-12-02 12:53:00+09:00,61409863.068798356
2025-12-02 12:54:00+09:00,61409863.068798356
2025-12-02 12:55:00+09:00,61409863.068798356
2025-12-02 12:56:00+09:00,61409863.068798356
2025-12-02 12:57:00+09:00,61409863.068798356
2025-12-02 12:58:00+09:00,61409863.068798356
2025-12-02 12:59:00+09:00,61409863.068798356
2025-12-02 13:00:00+09:00,61409863.068798356
2025-12-02 13:01:00+09:00,61409863.068798356
2025-12-02 13:02:00+09:00,61409863.068798356
2025-12-02 13:03:00+09:00,61409863.068798356
2025-12-02 13:04:00+09:00,61385299.12357084
2025-12-02 13:05:00+09:00,61385299.12357084
2025-12-02 13:06:00+09:00,61300512.79881453
2025-12-02 13:07:00+09:00,61385299.12357084
2025-12-02 13:08:00+09:00,61385299.12357084
2025-12-02 13:09:00+09:00,61300512.79881453
2025-12-02 13:10:00+09:00,61300512.79881453
2025-12-02 13:11:00+09:00,61300512.79881453
2025-12-02 13:12:00+09:00,61470085.448327154
2025-12-02 13:13:00+09:00,61639658.09783979
2025-12-02 13:14:00+09:00,61639658.09783979
2025-12-02 13:15:00+09:00,61639658.09783979
2025-12-02 13:16:00+09:00,61639658.09783979
2025-12-02 13:17:00+09:00,61639658.09783979
2025-12-02 13:18:00+09:00,61724444.4225961
2025-12-02 13:19:00+09:00,61809230.74735241
2025-12-02 13:20:00+09:00,61724444.4225961
2025-12-02 13:21:00+09:00,61809230.74735241
2025-12-02 13:22:00+09:00,61809230.74735241
2025-12-02 13:23:00+09:00,61809230.74735241
2025-12-02 13:24:00+09:00,61724444.4225961
2025-12-02 13:25:00+09:00,61639658.09783979
2025-12-02 13:26:00+09:00,61724444.4225961
2025-12-02 13:27:00+09:00,61724444.4225961
2025-12-02 13:28:00+09:00,61639658.09783979
2025-12-02 13:29:00+09:00,61639658.09783979
2025-12-02 13:30:00+09:00,61639658.09783979
2025-12-02 13:31:00+09:00,61724444.4225961
2025-12-02 13:32:00+09:00,61724444.4225961
2025-12-02 13:33:00+09:00,61639658.09783979
2025-12-02 13:34:00+09:00,61639658.09783979
2025-12-02 13:35:00+09:00,61639658.09783979
2025-12-02 13:36:00+09:00,61724444.4225961
2025-12-02 13:37:00+09:00,61639658.09783979
2025-12-02 13:38:00+09:00,61639658.09783979
2025-12-02 13:39:00+09:00,61639658.09783979
2025-12-02 13:40:00+09:00,61470085.44832716
2025-12-02 13:41:00+09:00,61470085.44832716
2025-12-02 13:42:00+09:00,61470085.44832716
2025-12-02 13:43:00+09:00,61554871.77308348
2025-12-02 13:44:00+09:00,61470085.44832717
2025-12-02 13:45:00+09:00,61554871.773083486
2025-12-02 13:46:00+09:00,61554871.773083486
2025-12-02 13:47:00+09:00,61554871.773083486
2025-12-02 13:48:00+09:00,61470085.448327176
2025-12-02 13:49:00+09:00,61470085.448327176
2025-12-02 13:50:00+09:00,61470085.448327176
2025-12-02 13:51:00+09:00,61304116.21761669
2025-12-02 13:52:00+09:00,61304116.21761669
2025-12-02 13:53:00+09:00,61304116.21761669
2025-12-02 13:55:00+09:00,61304116.21761669
2025-12-02 13:56:00+09:00,61304116.21761669
2025-12-02 13:57:00+09:00,61304116.21761669
2025-12-02 13:59:00+09:00,61304116.21761669
2025-12-02 14:00:00+09:00,61304116.21761669
2025-12-02 14:01:00+09:00,61304116.21761669
2025-12-02 14:02:00+09:00,61304116.21761669
2025-12-02 14:03:00+09:00,61304116.21761669
2025-12-02 14:04:00+09:00,61304116.21761669
2025-12-02 14:05:00+09:00,61304116.21761669
2025-12-02 14:06:00+09:00,61304116.21761669
2025-12-02 14:07:00+09:00,61304116.21761669
2025-12-02 14:08:00+09:00,61304116.21761669
2025-12-02 14:09:00+09:00,61304116.21761669
2025-12-02 14:10:00+09:00,61304116.21761669
2025-12-02 14:11:00+09:00,61304116.21761669
2025-12-02 14:12:00+09:00,61304116.21761669
2025-12-02 14:13:00+09:00,61304116.21761669
2025-12-02 14:14:00+09:00,61304116.21761669
2025-12-02 14:15:00+09:00,61304116.21761669
2025-12-02 14:16:00+09:00,61304116.21761669
2025-12-02 14:17:00+09:00,61304116.21761669
2025-12-02 14:18:00+09:00,61304116.21761669
2025-12-02 14:19:00+09:00,61304116.21761669
2025-12-02 14:20:00+09:00,61304116.21761669
2025-12-02 14:21:00+09:00,61304116.21761669
2025-12-02 14:22:00+09:00,61304116.21761669
2025-12-02 14:23:00+09:00,61304116.21761669
2025-12-02 14:24:00+09:00,61304116.21761669
2025-12-02 14:25:00+09:00,61304116.21761669
2025-12-02 14:26:00+09:00,61304116.21761669
2025-12-02 14:27:00+09:00,61304116.21761669
2025-12-02 14:28:00+09:00,61304116.21761669
2025-12-02 14:29:00+09:00,61304116.21761669
2025-12-02 14:30:00+09:00,61304116.21761669
2025-12-02 14:31:00+09:00,61304116.21761669
2025-12-02 14:32:00+09:00,61279594.57112965
2025-12-02 14:33:00+09:00,61363654.371638745
2025-12-02 14:34:00+09:00,61363654.371638745
2025-12-02 14:35:00+09:00,61363654.371638745
2025-12-02 14:36:00+09:00,61279594.57112965
2025-12-02 14:37:00+09:00,61279594.57112965
2025-12-02 14:38:00+09:00,61363654.371638745
2025-12-02 14:39:00+09:00,61447714.17214784
2025-12-02 14:40:00+09:00,61531773.972656935
2025-12-02 14:41:00+09:00,61531773.972656935
2025-12-02 14:42:00+09:00,61615833.77316603
2025-12-02 14:43:00+09:00,61615833.77316603
2025-12-02 14:44:00+09:00,61699893.573675126
2025-12-02 14:45:00+09:00,61699893.573675126
2025-12-02 14:46:00+09:00,61615833.77316603
2025-12-02 14:47:00+09:00,61783953.37418422
2025-12-02 14:48:00+09:00,61699893.573675126
2025-12-02 14:49:00+09:00,61783953.37418422
2025-12-02 14:50:00+09:00,61868013.17469332
2025-12-02 14:51:00+09:00,61952072.97520241
2025-12-02 14:52:00+09:00,62036132.775711514
2025-12-02 14:53:00+09:00,61952072.97520243
2025-12-02 14:54:00+09:00,61868013.17469333
2025-12-02 14:55:00+09:00,61868013.17469333
2025-12-02 14:56:00+09:00,61952072.97520242
2025-12-02 14:57:00+09:00,61868013.17469332
2025-12-02 14:58:00+09:00,61868013.17469332
2025-12-02 14:59:00+09:00,61868013.17469332
2025-12-02 15:00:00+09:00,61952072.97520241
2025-12-02 15:01:00+09:00,61868013.174693316
2025-12-02 15:02:00+09:00,61783953.37418422
2025-12-02 15:03:00+09:00,61868013.17469332
2025-12-02 15:04:00+09:00,62204252.3767297
2025-12-02 15:05:00+09:00,61952072.97520242
2025-12-02 15:06:00+09:00,62036132.77571152
2025-12-02 15:07:00+09:00,62120192.57622061
2025-12-02 15:08:00+09:00,62120192.57622061
2025-12-02 15:09:00+09:00,62036132.775711514
2025-12-02 15:10:00+09:00,62036132.775711514
2025-12-02 15:11:00+09:00,62036132.775711514
2025-12-02 15:12:00+09:00,61868013.17469332
2025-12-02 15:13:00+09:00,61868013.17469332
2025-12-02 15:14:00+09:00,61952072.97520241
2025-12-02 15:15:00+09:00,61952072.97520241
2025-12-02 15:16:00+09:00,61868013.174693316
2025-12-02 15:17:00+09:00,61868013.174693316
2025-12-02 15:18:00+09:00,61783953.37418422
2025-12-02 15:19:00+09:00,61699893.573675126
2025-12-02 15:30:00+09:00,61868013.17469331
2025-12-02 15:35:00+09:00,61868013.17469331
2025-12-03 09:00:00+09:00,62372371.97774787
2025-12-03 09:01:00+09:00,62456431.778256975
2025-12-03 09:02:00+09:00,62792670.980293356
2025-12-03 09:03:00+09:00,62624551.379275165
2025-12-03 09:04:00+09:00,62540491.57876607
2025-12-03 09:05:00+09:00,62372371.97774788
2025-12-03 09:06:00+09:00,62288312.177238785
2025-12-03 09:07:00+09:00,62204252.37672969
2025-12-03 09:08:00+09:00,62120192.576220594
2025-12-03 09:09:00+09:00,62624551.379275165
2025-12-03 09:10:00+09:00,62288312.177238785
2025-12-03 09:11:00+09:00,62288312.177238785
2025-12-03 09:12:00+09:00,62036132.7757115
2025-12-03 09:13:00+09:00,62288312.177238785
2025-12-03 09:14:00+09:00,62288312.177238785
2025-12-03 09:15:00+09:00,62120192.576220594
2025-12-03 09:16:00+09:00,62036132.7757115
2025-12-03 09:17:00+09:00,62036132.7757115
2025-12-03 09:18:00+09:00,62078162.67596605
2025-12-03 09:19:00+09:00,62120192.576220594
2025-12-03 09:20:00+09:00,62120192.576220594
2025-12-03 09:21:00+09:00,62204252.3767297
2025-12-03 09:22:00+09:00,62120192.5762206
2025-12-03 09:23:00+09:00,62036132.77571151
2025-12-03 09:24:00+09:00,62036132.77571151
2025-12-03 09:25:00+09:00,61868635.21721708
2025-12-03 09:26:00+09:00,61868635.21721708
2025-12-03 09:27:00+09:00,61868635.21721708
2025-12-03 09:28:00+09:00,61868635.21721708
2025-12-03 09:29:00+09:00,61868635.21721708
2025-12-03 09:30:00+09:00,61868635.21721708
2025-12-03 09:31:00+09:00,61868635.21721708
2025-12-03 09:32:00+09:00,61868635.21721708
2025-12-03 09:33:00+09:00,61868635.21721708
2025-12-03 09:34:00+09:00,61868635.21721708
2025-12-03 09:35:00+09:00,61868635.21721708
2025-12-03 09:36:00+09:00,61868635.21721708
2025-12-03 09:37:00+09:00,61868635.21721708
2025-12-03 09:38:00+09:00,61868635.21721708
2025-12-03 09:39:00+09:00,61868635.21721708
2025-12-03 09:40:00+09:00,61868635.21721708
2025-12-03 09:41:00+09:00,61868635.21721708
2025-12-03 09:42:00+09:00,61868635.21721708
2025-12-03 09:43:00+09:00,61868635.21721708
2025-12-03 09:44:00+09:00,61868635.21721708
2025-12-03 09:45:00+09:00,61868635.21721708
2025-12-03 09:46:00+09:00,61868635.21721708
2025-12-03 09:47:00+09:00,61868635.21721708
2025-12-03 09:48:00+09:00,61868635.21721708
2025-12-03 09:49:00+09:00,61868635.21721708
2025-12-03 09:50:00+09:00,61868635.21721708
2025-12-03 09:51:00+09:00,61868635.21721708
2025-12-03 09:52:00+09:00,61868635.21721708
2025-12-03 09:53:00+09:00,61868635.21721708
2025-12-03 09:54:00+09:00,61868635.21721708
2025-12-03 09:55:00+09:00,61868635.21721708
2025-12-03 09:56:00+09:00,61868635.21721708
2025-12-03 09:57:00+09:00,61868635.21721708
2025-12-03 09:58:00+09:00,61868635.21721708
2025-12-03 09:59:00+09:00,61868635.21721708
2025-12-03 10:00:00+09:00,61868635.21721708
2025-12-03 10:01:00+09:00,61868635.21721708
2025-12-03 10:02:00+09:00,61868635.21721708
2025-12-03 10:03:00+09:00,61868635.21721708
2025-12-03 10:04:00+09:00,61868635.21721708
2025-12-03 10:05:00+09:00,61868635.21721708
2025-12-03 10:06:00+09:00,61868635.21721708
2025-12-03 10:07:00+09:00,61843887.763130195
2025-12-03 10:08:00+09:00,62011713.78148333
2025-12-03 10:09:00+09:00,61760595.71022153
2025-12-03 10:10:00+09:00,61760595.71022153
2025-12-03 10:11:00+09:00,61760595.71022153
2025-12-03 10:12:00+09:00,61760595.71022153
2025-12-03 10:13:00+09:00,61760595.71022153
2025-12-03 10:14:00+09:00,61760595.71022153
2025-12-03 10:15:00+09:00,61760595.71022153
2025-12-03 10:16:00+09:00,61760595.71022153
2025-12-03 10:17:00+09:00,61760595.71022153
2025-12-03 10:18:00+09:00,61760595.71022153
2025-12-03 10:19:00+09:00,61760595.71022153
2025-12-03 10:20:00+09:00,61735891.47193744
2025-12-03 10:21:00+09:00,61818758.44035615
2025-12-03 10:22:00+09:00,61735891.47193744
2025-12-03 10:23:00+09:00,61735891.47193744
2025-12-03 10:24:00+09:00,61735891.47193744
2025-12-03 10:25:00+09:00,61735891.47193744
2025-12-03 10:26:00+09:00,61777324.9561468
2025-12-03 10:27:00+09:00,61777324.9561468
2025-12-03 10:28:00+09:00,61735891.47193744
2025-12-03 10:29:00+09:00,61735891.47193744
2025-12-03 10:30:00+09:00,61653024.50351873
2025-12-03 10:31:00+09:00,61570157.53510002
2025-12-03 10:32:00+09:00,61570157.53510002
2025-12-03 10:33:00+09:00,61487290.56668131
2025-12-03 10:34:00+09:00,61487290.56668131
2025-12-03 10:35:00+09:00,61487290.56668131
2025-12-03 10:36:00+09:00,61404423.59826261
2025-12-03 10:37:00+09:00,61570157.53510003
2025-12-03 10:38:00+09:00,61404423.59826261
2025-12-03 10:39:00+09:00,61321556.6298439
2025-12-03 10:40:00+09:00,61321556.6298439
2025-12-03 10:41:00+09:00,61238631.654547304
2025-12-03 10:42:00+09:00,61238631.654547304
2025-12-03 10:43:00+09:00,61238631.654547304
2025-12-03 10:44:00+09:00,61238631.654547304
2025-12-03 10:45:00+09:00,61238631.654547304
2025-12-03 10:46:00+09:00,61238631.654547304
2025-12-03 10:47:00+09:00,61238631.654547304
2025-12-03 10:48:00+09:00,61238631.654547304
2025-12-03 10:49:00+09:00,61238631.654547304
2025-12-03 10:50:00+09:00,61238631.654547304
2025-12-03 10:52:00+09:00,61238631.654547304
2025-12-03 10:53:00+09:00,61238631.654547304
2025-12-03 10:54:00+09:00,61238631.654547304
2025-12-03 10:55:00+09:00,61238631.654547304
2025-12-03 10:57:00+09:00,61238631.654547304
2025-12-03 10:58:00+09:00,61238631.654547304
2025-12-03 10:59:00+09:00,61238631.654547304
2025-12-03 11:00:00+09:00,61238631.654547304
2025-12-03 11:01:00+09:00,61238631.654547304
2025-12-03 11:02:00+09:00,61238631.654547304
2025-12-03 11:03:00+09:00,61238631.654547304
2025-12-03 11:04:00+09:00,61238631.654547304
2025-12-03 11:05:00+09:00,61238631.654547304
2025-12-03 11:06:00+09:00,61238631.654547304
2025-12-03 11:07:00+09:00,61238631.654547304
2025-12-03 11:08:00+09:00,61238631.654547304
2025-12-03 11:09:00+09:00,61238631.654547304
2025-12-03 11:10:00+09:00,61238631.654547304
2025-12-03 11:11:00+09:00,61238631.654547304
2025-12-03 11:12:00+09:00,61238631.654547304
2025-12-03 11:13:00+09:00,61238631.654547304
2025-12-03 11:14:00+09:00,61238631.654547304
2025-12-03 11:15:00+09:00,61238631.654547304
2025-12-03 11:16:00+09:00,61238631.654547304
2025-12-03 11:17:00+09:00,61238631.654547304
2025-12-03 11:18:00+09:00,61238631.654547304
2025-12-03 11:19:00+09:00,61238631.654547304
2025-12-03 11:20:00+09:00,61238631.654547304
2025-12-03 11:21:00+09:00,61238631.654547304
2025-12-03 11:22:00+09:00,61238631.654547304
2025-12-03 11:23:00+09:00,61238631.654547304
2025-12-03 11:24:00+09:00,61238631.654547304
2025-12-03 11:25:00+09:00,61238631.654547304
2025-12-03 11:26:00+09:00,61238631.654547304
2025-12-03 11:27:00+09:00,61238631.654547304
2025-12-03 11:28:00+09:00,61238631.654547304
2025-12-03 11:29:00+09:00,61214136.201885484
2025-12-03 11:30:00+09:00,61131969.576111145
2025-12-03 11:31:00+09:00,61131969.576111145
2025-12-03 11:32:00+09:00,61131969.576111145
2025-12-03 11:33:00+09:00,61131969.576111145
2025-12-03 11:34:00+09:00,61131969.576111145
2025-12-03 11:35:00+09:00,61131969.576111145
2025-12-03 11:37:00+09:00,61131969.576111145
2025-12-03 11:38:00+09:00,61214136.20188549
2025-12-03 11:39:00+09:00,61131969.57611115
2025-12-03 11:40:00+09:00,61131969.57611115
2025-12-03 11:41:00+09:00,61131969.57611115
2025-12-03 11:42:00+09:00,61131969.57611115
2025-12-03 11:43:00+09:00,61131969.57611115
2025-12-03 11:44:00+09:00,61131969.57611115
2025-12-03 11:45:00+09:00,61131969.57611115
2025-12-03 11:46:00+09:00,61049802.95033681
2025-12-03 11:47:00+09:00,61131969.576111145
2025-12-03 11:48:00+09:00,61296302.82765983
2025-12-03 11:49:00+09:00,61378469.45343417
2025-12-03 11:50:00+09:00,61378469.45343417
2025-12-03 11:51:00+09:00,61378469.45343417
2025-12-03 11:52:00+09:00,61296302.82765982
2025-12-03 11:53:00+09:00,61378469.45343416
2025-12-03 11:54:00+09:00,61624969.33075719
2025-12-03 11:55:00+09:00,61542802.704982854
2025-12-03 11:56:00+09:00,61542802.704982854
2025-12-03 11:57:00+09:00,61542802.704982854
2025-12-03 11:58:00+09:00,61542802.704982854
2025-12-03 11:59:00+09:00,61583886.017870024
2025-12-03 12:00:00+09:00,61542802.70498285
2025-12-03 12:01:00+09:00,61542802.70498285
2025-12-03 12:02:00+09:00,61460636.0792085
2025-12-03 12:03:00+09:00,61460636.0792085
2025-12-03 12:04:00+09:00,61378469.453434154
2025-12-03 12:05:00+09:00,61378469.453434154
2025-12-03 12:06:00+09:00,61296302.82765981
2025-12-03 12:07:00+09:00,61214136.20188546
2025-12-03 12:08:00+09:00,61296302.8276598
2025-12-03 12:09:00+09:00,61296302.8276598
2025-12-03 12:10:00+09:00,61214136.201885454
2025-12-03 12:11:00+09:00,61214136.201885454
2025-12-03 12:12:00+09:00,61296302.82765979
2025-12-03 12:14:00+09:00,61296302.82765979
2025-12-03 12:15:00+09:00,61214136.20188545
2025-12-03 12:16:00+09:00,61296302.827659786
2025-12-03 12:17:00+09:00,61296302.827659786
2025-12-03 12:18:00+09:00,61214136.20188544
2025-12-03 12:19:00+09:00,61214136.20188544
2025-12-03 12:20:00+09:00,61130802.810025096
2025-12-03 12:21:00+09:00,61130802.810025096
2025-12-03 12:22:00+09:00,61130802.810025096
2025-12-03 12:23:00+09:00,61130802.810025096
2025-12-03 12:24:00+09:00,61130802.810025096
2025-12-03 12:25:00+09:00,61130802.810025096
2025-12-03 12:26:00+09:00,61130802.810025096
2025-12-03 12:28:00+09:00,61130802.810025096
2025-12-03 12:29:00+09:00,61130802.810025096
2025-12-03 12:30:00+09:00,61130802.810025096
2025-12-03 12:31:00+09:00,61130802.810025096
2025-12-03 12:32:00+09:00,61130802.810025096
2025-12-03 12:33:00+09:00,61130802.810025096
2025-12-03 12:34:00+09:00,61130802.810025096
2025-12-03 12:35:00+09:00,61130802.810025096
2025-12-03 12:36:00+09:00,61130802.810025096
2025-12-03 12:37:00+09:00,61130802.810025096
2025-12-03 12:38:00+09:00,61130802.810025096
2025-12-03 12:39:00+09:00,61130802.810025096
2025-12-03 12:40:00+09:00,61130802.810025096
2025-12-03 12:41:00+09:00,61130802.810025096
2025-12-03 12:42:00+09:00,61130802.810025096
2025-12-03 12:43:00+09:00,61130802.810025096
2025-12-03 12:44:00+09:00,61130802.810025096
2025-12-03 12:45:00+09:00,61130802.810025096
2025-12-03 12:46:00+09:00,61130802.810025096
2025-12-03 12:47:00+09:00,61130802.810025096
2025-12-03 12:48:00+09:00,61106350.488901086
2025-12-03 12:49:00+09:00,61106350.488901086
2025-12-03 12:50:00+09:00,61106350.488901086
2025-12-03 12:51:00+09:00,61188152.83225972
2025-12-03 12:52:00+09:00,61188152.83225972
2025-12-03 12:53:00+09:00,61188152.83225972
2025-12-03 12:54:00+09:00,60942745.802183814
2025-12-03 12:55:00+09:00,60942745.802183814
2025-12-03 12:56:00+09:00,60778200.388517916
2025-12-03 12:57:00+09:00,60778200.388517916
2025-12-03 12:58:00+09:00,60778200.388517916
2025-12-03 12:59:00+09:00,60778200.388517916
2025-12-03 13:00:00+09:00,60778200.388517916
2025-12-03 13:01:00+09:00,60778200.388517916
2025-12-03 13:02:00+09:00,60778200.388517916
2025-12-03 13:03:00+09:00,60778200.388517916
2025-12-03 13:04:00+09:00,60778200.388517916
2025-12-03 13:05:00+09:00,60778200.388517916
2025-12-03 13:06:00+09:00,60778200.388517916
2025-12-03 13:07:00+09:00,60778200.388517916
2025-12-03 13:08:00+09:00,60778200.388517916
2025-12-03 13:09:00+09:00,60778200.388517916
2025-12-03 13:10:00+09:00,60778200.388517916
2025-12-03 13:11:00+09:00,60778200.388517916
2025-12-03 13:12:00+09:00,60778200.388517916
2025-12-03 13:13:00+09:00,60778200.388517916
2025-12-03 13:14:00+09:00,60778200.388517916
2025-12-03 13:15:00+09:00,60778200.388517916
2025-12-03 13:16:00+09:00,60778200.388517916
2025-12-03 13:17:00+09:00,60778200.388517916
2025-12-03 13:18:00+09:00,60778200.388517916
2025-12-03 13:19:00+09:00,60778200.388517916
2025-12-03 13:20:00+09:00,60778200.388517916
2025-12-03 13:21:00+09:00,60778200.388517916
2025-12-03 13:22:00+09:00,60778200.388517916
2025-12-03 13:23:00+09:00,60778200.388517916
2025-12-03 13:24:00+09:00,60778200.388517916
2025-12-03 13:25:00+09:00,60778200.388517916
2025-12-03 13:26:00+09:00,60778200.388517916
2025-12-03 13:27:00+09:00,60778200.388517916
2025-12-03 13:28:00+09:00,60778200.388517916
2025-12-03 13:29:00+09:00,60778200.388517916
2025-12-03 13:30:00+09:00,60778200.388517916
2025-12-03 13:31:00+09:00,60778200.388517916
2025-12-03 13:32:00+09:00,60778200.388517916
2025-12-03 13:33:00+09:00,60778200.388517916
2025-12-03 13:34:00+09:00,60778200.388517916
2025-12-03 13:35:00+09:00,60778200.388517916
2025-12-03 13:36:00+09:00,60778200.388517916
2025-12-03 13:37:00+09:00,60778200.388517916
2025-12-03 13:38:00+09:00,60778200.388517916
2025-12-03 13:39:00+09:00,60778200.388517916
2025-12-03 13:40:00+09:00,60778200.388517916
2025-12-03 13:41:00+09:00,60778200.388517916
2025-12-03 13:42:00+09:00,60778200.388517916
2025-12-03 13:43:00+09:00,60778200.388517916
2025-12-03 13:44:00+09:00,60778200.388517916
2025-12-03 13:45:00+09:00,60753889.10836251
2025-12-03 13:46:00+09:00,60753889.10836251
2025-12-03 13:47:00+09:00,60672558.600854665
2025-12-03 13:48:00+09:00,60672558.600854665
2025-12-03 13:49:00+09:00,60672558.600854665
2025-12-03 13:50:00+09:00,60672558.600854665
2025-12-03 13:51:00+09:00,60672558.600854665
2025-12-03 13:52:00+09:00,60672558.600854665
2025-12-03 13:53:00+09:00,60753889.1083625
2025-12-03 13:54:00+09:00,60753889.1083625
2025-12-03 13:55:00+09:00,60591228.093346804
2025-12-03 13:56:00+09:00,60672558.60085465
2025-12-03 13:57:00+09:00,60672558.60085465
2025-12-03 13:58:00+09:00,60672558.60085465
2025-12-03 13:59:00+09:00,60672558.60085465
2025-12-03 14:00:00+09:00,60672558.60085465
2025-12-03 14:01:00+09:00,60672558.60085465
2025-12-03 14:02:00+09:00,60753889.10836249
2025-12-03 14:03:00+09:00,60753889.10836249
2025-12-03 14:04:00+09:00,60835219.615870334
2025-12-03 14:05:00+09:00,60835219.615870334
2025-12-03 14:06:00+09:00,60997880.63088603
2025-12-03 14:07:00+09:00,60997880.63088603
2025-12-03 14:08:00+09:00,61160541.645901725
2025-12-03 14:09:00+09:00,61079211.13839388
2025-12-03 14:10:00+09:00,60997880.63088603
2025-12-03 14:11:00+09:00,61079211.13839389
2025-12-03 14:12:00+09:00,61079211.13839389
2025-12-03 14:13:00+09:00,60997880.63088604
2025-12-03 14:14:00+09:00,60916550.123378195
2025-12-03 14:15:00+09:00,60916550.123378195
2025-12-03 14:16:00+09:00,60916550.123378195
2025-12-03 14:17:00+09:00,60753889.108362496
2025-12-03 14:18:00+09:00,60672558.60085465
2025-12-03 14:19:00+09:00,60753889.10836249
2025-12-03 14:20:00+09:00,60589853.60776991
2025-12-03 14:21:00+09:00,60589853.60776991
2025-12-03 14:22:00+09:00,60589853.60776991
2025-12-03 14:23:00+09:00,60589853.60776991
2025-12-03 14:24:00+09:00,60589853.60776991
2025-12-03 14:25:00+09:00,60589853.60776991
2025-12-03 14:26:00+09:00,60589853.60776991
2025-12-03 14:27:00+09:00,60589853.60776991
2025-12-03 14:28:00+09:00,60589853.60776991
2025-12-03 14:29:00+09:00,60589853.60776991
2025-12-03 14:30:00+09:00,60589853.60776991
2025-12-03 14:31:00+09:00,60589853.60776991
2025-12-03 14:32:00+09:00,60589853.60776991
2025-12-03 14:33:00+09:00,60589853.60776991
2025-12-03 14:34:00+09:00,60589853.60776991
2025-12-03 14:35:00+09:00,60589853.60776991
2025-12-03 14:36:00+09:00,60589853.60776991
2025-12-03 14:37:00+09:00,60589853.60776991
2025-12-03 14:38:00+09:00,60589853.60776991
2025-12-03 14:39:00+09:00,60589853.60776991
2025-12-03 14:40:00+09:00,60589853.60776991
2025-12-03 14:41:00+09:00,60589853.60776991
2025-12-03 14:42:00+09:00,60589853.60776991
2025-12-03 14:44:00+09:00,60589853.60776991
2025-12-03 14:45:00+09:00,60589853.60776991
2025-12-03 14:46:00+09:00,60589853.60776991
2025-12-03 14:47:00+09:00,60589853.60776991
2025-12-03 14:48:00+09:00,60589853.60776991
2025-12-03 14:49:00+09:00,60589853.60776991
2025-12-03 14:50:00+09:00,60589853.60776991
2025-12-03 14:51:00+09:00,60589853.60776991
2025-12-03 14:52:00+09:00,60589853.60776991
2025-12-03 14:53:00+09:00,60589853.60776991
2025-12-03 14:54:00+09:00,60589853.60776991
2025-12-03 14:55:00+09:00,60589853.60776991
2025-12-03 14:56:00+09:00,60589853.60776991
2025-12-03 14:57:00+09:00,60589853.60776991
2025-12-03 14:58:00+09:00,60589853.60776991
2025-12-03 14:59:00+09:00,60589853.60776991
2025-12-03 15:00:00+09:00,60589853.60776991
2025-12-03 15:01:00+09:00,60589853.60776991
2025-12-03 15:02:00+09:00,60589853.60776991
2025-12-03 15:03:00+09:00,60589853.60776991
2025-12-03 15:04:00+09:00,60589853.60776991
2025-12-03 15:05:00+09:00,60589853.60776991
2025-12-03 15:06:00+09:00,60589853.60776991
2025-12-03 15:07:00+09:00,60589853.60776991
2025-12-03 15:08:00+09:00,60589853.60776991
2025-12-03 15:09:00+09:00,60589853.60776991
2025-12-03 15:10:00+09:00,60589853.60776991
2025-12-03 15:11:00+09:00,60589853.60776991
2025-12-03 15:12:00+09:00,60589853.60776991
2025-12-03 15:13:00+09:00,60589853.60776991
2025-12-03 15:14:00+09:00,60589853.60776991
2025-12-03 15:15:00+09:00,60589853.60776991
2025-12-03 15:16:00+09:00,60589853.60776991
2025-12-03 15:17:00+09:00,60589853.60776991
2025-12-03 15:18:00+09:00,60589853.60776991
2025-12-03 15:19:00+09:00,60589853.60776991
2025-12-03 15:30:00+09:00,60589853.60776991
2025-12-03 15:35:00+09:00,60589853.60776991
2025-12-04 09:00:00+09:00,60589853.60776991
2025-12-04 09:01:00+09:00,60589853.60776991
2025-12-04 09:02:00+09:00,60589853.60776991
2025-12-04 09:03:00+09:00,60589853.60776991
2025-12-04 09:04:00+09:00,60589853.60776991
2025-12-04 09:05:00+09:00,60589853.60776991
2025-12-04 09:06:00+09:00,60589853.60776991
2025-12-04 09:07:00+09:00,60589853.60776991
2025-12-04 09:08:00+09:00,60589853.60776991
2025-12-04 09:09:00+09:00,60589853.60776991
2025-12-04 09:10:00+09:00,60589853.60776991
2025-12-04 09:11:00+09:00,60589853.60776991
2025-12-04 09:12:00+09:00,60589853.60776991
2025-12-04 09:13:00+09:00,60589853.60776991
2025-12-04 09:14:00+09:00,60589853.60776991
2025-12-04 09:15:00+09:00,60589853.60776991
2025-12-04 09:16:00+09:00,60589853.60776991
2025-12-04 09:17:00+09:00,60589853.60776991
2025-12-04 09:18:00+09:00,60589853.60776991
2025-12-04 09:19:00+09:00,60589853.60776991
2025-12-04 09:20:00+09:00,60589853.60776991
2025-12-04 09:21:00+09:00,60589853.60776991
2025-12-04 09:22:00+09:00,60589853.60776991
2025-12-04 09:23:00+09:00,60589853.60776991
2025-12-04 09:24:00+09:00,60589853.60776991
2025-12-04 09:25:00+09:00,60589853.60776991
2025-12-04 09:26:00+09:00,60589853.60776991
2025-12-04 09:27:00+09:00,60589853.60776991
2025-12-04 09:28:00+09:00,60589853.60776991
2025-12-04 09:29:00+09:00,60589853.60776991
2025-12-04 09:30:00+09:00,60589853.60776991
2025-12-04 09:31:00+09:00,60589853.60776991
2025-12-04 09:32:00+09:00,60589853.60776991
2025-12-04 09:33:00+09:00,60589853.60776991
2025-12-04 09:34:00+09:00,60589853.60776991
2025-12-04 09:35:00+09:00,60589853.60776991
2025-12-04 09:36:00+09:00,60589853.60776991
2025-12-04 09:37:00+09:00,60589853.60776991
2025-12-04 09:38:00+09:00,60589853.60776991
2025-12-04 09:39:00+09:00,60589853.60776991
2025-12-04 09:40:00+09:00,60565617.6663268
2025-12-04 09:41:00+09:00,60646696.13709832
2025-12-04 09:42:00+09:00,60727774.60786983
2025-12-04 09:43:00+09:00,60565617.66632679
2025-12-04 09:44:00+09:00,60646696.13709831
2025-12-04 09:45:00+09:00,60322382.25401223
2025-12-04 09:46:00+09:00,60484539.19555527
2025-12-04 09:47:00+09:00,60079146.84169766
2025-12-04 09:48:00+09:00,59998068.37092614
2025-12-04 09:49:00+09:00,59754832.95861158
2025-12-04 09:50:00+09:00,59755214.0274242
2025-12-04 09:51:00+09:00,59755214.0274242
2025-12-04 09:52:00+09:00,59755214.0274242
2025-12-04 09:53:00+09:00,59755214.0274242
2025-12-04 09:54:00+09:00,59755214.0274242
2025-12-04 09:55:00+09:00,59755214.0274242
2025-12-04 09:56:00+09:00,59755214.0274242
2025-12-04 09:57:00+09:00,59755214.0274242
2025-12-04 09:58:00+09:00,59755214.0274242
2025-12-04 09:59:00+09:00,59755214.0274242
2025-12-04 10:00:00+09:00,59755214.0274242
2025-12-04 10:01:00+09:00,59755214.0274242
2025-12-04 10:02:00+09:00,59755214.0274242
2025-12-04 10:03:00+09:00,59755214.0274242
2025-12-04 10:04:00+09:00,59755214.0274242
2025-12-04 10:05:00+09:00,59755214.0274242
2025-12-04 10:06:00+09:00,59755214.0274242
2025-12-04 10:07:00+09:00,59731311.94181324
2025-12-04 10:08:00+09:00,59811273.53745154
2025-12-04 10:09:00+09:00,59651350.34617493
2025-12-04 10:10:00+09:00,59811273.53745154
2025-12-04 10:11:00+09:00,59811273.53745154
2025-12-04 10:12:00+09:00,59571388.75053663
2025-12-04 10:13:00+09:00,59491427.15489832
2025-12-04 10:14:00+09:00,59491427.15489832
2025-12-04 10:15:00+09:00,59411465.55926002
2025-12-04 10:16:00+09:00,59331503.96362171
2025-12-04 10:17:00+09:00,59331503.96362171
2025-12-04 10:18:00+09:00,59251054.602250025
2025-12-04 10:19:00+09:00,59251054.602250025
2025-12-04 10:20:00+09:00,59251054.602250025
2025-12-04 10:21:00+09:00,59251054.602250025
2025-12-04 10:22:00+09:00,59251054.602250025
2025-12-04 10:23:00+09:00,59251054.602250025
2025-12-04 10:24:00+09:00,59251054.602250025
2025-12-04 10:25:00+09:00,59251054.602250025
2025-12-04 10:26:00+09:00,59251054.602250025
2025-12-04 10:27:00+09:00,59251054.602250025
2025-12-04 10:28:00+09:00,59251054.602250025
2025-12-04 10:29:00+09:00,59251054.602250025
2025-12-04 10:30:00+09:00,59251054.602250025
2025-12-04 10:31:00+09:00,59251054.602250025
2025-12-04 10:32:00+09:00,59251054.602250025
2025-12-04 10:33:00+09:00,59251054.602250025
2025-12-04 10:34:00+09:00,59251054.602250025
2025-12-04 10:35:00+09:00,59251054.602250025
2025-12-04 10:36:00+09:00,59251054.602250025
2025-12-04 10:37:00+09:00,59251054.602250025
2025-12-04 10:38:00+09:00,59251054.602250025
2025-12-04 10:39:00+09:00,59251054.602250025
2025-12-04 10:40:00+09:00,59251054.602250025
2025-12-04 10:41:00+09:00,59251054.602250025
2025-12-04 10:42:00+09:00,59251054.602250025
2025-12-04 10:43:00+09:00,59251054.602250025
2025-12-04 10:44:00+09:00,59251054.602250025
2025-12-04 10:45:00+09:00,59251054.602250025
2025-12-04 10:46:00+09:00,59251054.602250025
2025-12-04 10:47:00+09:00,59251054.602250025
2025-12-04 10:48:00+09:00,59251054.602250025
2025-12-04 10:49:00+09:00,59251054.602250025
2025-12-04 10:50:00+09:00,59251054.602250025
2025-12-04 10:51:00+09:00,59251054.602250025
2025-12-04 10:52:00+09:00,59251054.602250025
2025-12-04 10:53:00+09:00,59251054.602250025
2025-12-04 10:54:00+09:00,59251054.602250025
2025-12-04 10:55:00+09:00,59251054.602250025
2025-12-04 10:56:00+09:00,59251054.602250025
2025-12-04 10:57:00+09:00,59251054.602250025
2025-12-04 10:58:00+09:00,59251054.602250025
2025-12-04 10:59:00+09:00,59251054.602250025
2025-12-04 11:00:00+09:00,59251054.602250025
2025-12-04 11:01:00+09:00,59251054.602250025
2025-12-04 11:02:00+09:00,59251054.602250025
2025-12-04 11:03:00+09:00,59251054.602250025
2025-12-04 11:04:00+09:00,59251054.602250025
2025-12-04 11:05:00+09:00,59251054.602250025
2025-12-04 11:06:00+09:00,59251054.602250025
2025-12-04 11:07:00+09:00,59251054.602250025
2025-12-04 11:08:00+09:00,59251054.602250025
2025-12-04 11:09:00+09:00,59251054.602250025
2025-12-04 11:10:00+09:00,59251054.602250025
2025-12-04 11:11:00+09:00,59251054.602250025
2025-12-04 11:12:00+09:00,59251054.602250025
2025-12-04 11:13:00+09:00,59251054.602250025
2025-12-04 11:14:00+09:00,59251054.602250025
2025-12-04 11:15:00+09:00,59251054.602250025
2025-12-04 11:16:00+09:00,59251054.602250025
2025-12-04 11:17:00+09:00,59251054.602250025
2025-12-04 11:18:00+09:00,59251054.602250025
2025-12-04 11:19:00+09:00,59251054.602250025
2025-12-04 11:20:00+09:00,59251054.602250025
2025-12-04 11:21:00+09:00,59251054.602250025
2025-12-04 11:22:00+09:00,59251054.602250025
2025-12-04 11:23:00+09:00,59251054.602250025
2025-12-04 11:24:00+09:00,59251054.602250025
2025-12-04 11:25:00+09:00,59251054.602250025
2025-12-04 11:26:00+09:00,59251054.602250025
2025-12-04 11:28:00+09:00,59251054.602250025
2025-12-04 11:29:00+09:00,59251054.602250025
2025-12-04 11:31:00+09:00,59251054.602250025
2025-12-04 11:32:00+09:00,59251054.602250025
2025-12-04 11:33:00+09:00,59251054.602250025
2025-12-04 11:34:00+09:00,59251054.602250025
2025-12-04 11:36:00+09:00,59251054.602250025
2025-12-04 11:37:00+09:00,59251054.602250025
2025-12-04 11:38:00+09:00,59251054.602250025
2025-12-04 11:40:00+09:00,59251054.602250025
2025-12-04 11:41:00+09:00,59227354.180409126
2025-12-04 11:44:00+09:00,59307391.1455178
2025-12-04 11:45:00+09:00,59227354.18040913
2025-12-04 11:46:00+09:00,59307391.145517804
2025-12-04 11:47:00+09:00,59227354.18040914
2025-12-04 11:48:00+09:00,59227354.18040914
2025-12-04 11:49:00+09:00,59227354.18040914
2025-12-04 11:50:00+09:00,59227354.18040914
2025-12-04 11:51:00+09:00,59227354.18040914
2025-12-04 11:53:00+09:00,59227354.18040914
2025-12-04 11:54:00+09:00,59227354.18040914
2025-12-04 11:55:00+09:00,59227354.18040914
2025-12-04 11:56:00+09:00,59307391.14551781
2025-12-04 11:58:00+09:00,59307391.14551781
2025-12-04 11:59:00+09:00,59307391.14551781
2025-12-04 12:00:00+09:00,59307391.14551781
2025-12-04 12:01:00+09:00,59307391.14551781
2025-12-04 12:02:00+09:00,59307391.14551781
2025-12-04 12:03:00+09:00,59227354.18040915
2025-12-04 12:04:00+09:00,59227354.18040915
2025-12-04 12:05:00+09:00,59227354.18040915
2025-12-04 12:06:00+09:00,59307391.14551782
2025-12-04 12:07:00+09:00,59307391.14551782
2025-12-04 12:10:00+09:00,59227354.180409156
2025-12-04 12:11:00+09:00,59227354.180409156
2025-12-04 12:12:00+09:00,59227354.180409156
2025-12-04 12:13:00+09:00,59227354.180409156
2025-12-04 12:14:00+09:00,59227354.180409156
2025-12-04 12:15:00+09:00,59227354.180409156
2025-12-04 12:16:00+09:00,59227354.180409156
2025-12-04 12:17:00+09:00,59147317.21530049
2025-12-04 12:18:00+09:00,59147317.21530049
2025-12-04 12:19:00+09:00,59067440.32412205
2025-12-04 12:20:00+09:00,59067440.32412205
2025-12-04 12:22:00+09:00,59067440.32412205
2025-12-04 12:23:00+09:00,59067440.32412205
2025-12-04 12:24:00+09:00,59067440.32412205
2025-12-04 12:27:00+09:00,59067440.32412205
2025-12-04 12:28:00+09:00,59067440.32412205
2025-12-04 12:29:00+09:00,59067440.32412205
2025-12-04 12:30:00+09:00,59067440.32412205
2025-12-04 12:31:00+09:00,59067440.32412205
2025-12-04 12:32:00+09:00,59067440.32412205
2025-12-04 12:33:00+09:00,59067440.32412205
2025-12-04 12:34:00+09:00,59067440.32412205
2025-12-04 12:35:00+09:00,59067440.32412205
2025-12-04 12:36:00+09:00,59067440.32412205
2025-12-04 12:37:00+09:00,59067440.32412205
2025-12-04 12:38:00+09:00,59067440.32412205
2025-12-04 12:39:00+09:00,59067440.32412205
2025-12-04 12:40:00+09:00,59067440.32412205
2025-12-04 12:41:00+09:00,59067440.32412205
2025-12-04 12:42:00+09:00,59067440.32412205
2025-12-04 12:43:00+09:00,59067440.32412205
2025-12-04 12:44:00+09:00,59067440.32412205
2025-12-04 12:45:00+09:00,59067440.32412205
2025-12-04 12:46:00+09:00,59067440.32412205
2025-12-04 12:47:00+09:00,59067440.32412205
2025-12-04 12:48:00+09:00,59067440.32412205
2025-12-04 12:49:00+09:00,59067440.32412205
2025-12-04 12:50:00+09:00,59067440.32412205
2025-12-04 12:51:00+09:00,59067440.32412205
2025-12-04 12:53:00+09:00,59067440.32412205
2025-12-04 12:54:00+09:00,59067440.32412205
2025-12-04 12:55:00+09:00,59067440.32412205
2025-12-04 12:56:00+09:00,59067440.32412205
2025-12-04 12:57:00+09:00,59067440.32412205
2025-12-04 12:58:00+09:00,59067440.32412205
2025-12-04 12:59:00+09:00,59067440.32412205
2025-12-04 13:00:00+09:00,59067440.32412205
2025-12-04 13:01:00+09:00,59067440.32412205
2025-12-04 13:02:00+09:00,59067440.32412205
2025-12-04 13:03:00+09:00,59067440.32412205
2025-12-04 13:05:00+09:00,59067440.32412205
2025-12-04 13:06:00+09:00,59067440.32412205
2025-12-04 13:07:00+09:00,59067440.32412205
2025-12-04 13:08:00+09:00,59067440.32412205
2025-12-04 13:10:00+09:00,59067440.32412205
2025-12-04 13:11:00+09:00,59067440.32412205
2025-12-04 13:12:00+09:00,59067440.32412205
2025-12-04 13:13:00+09:00,59067440.32412205
2025-12-04 13:14:00+09:00,59067440.32412205
2025-12-04 13:16:00+09:00,59067440.32412205
2025-12-04 13:17:00+09:00,59067440.32412205
2025-12-04 13:18:00+09:00,59067440.32412205
2025-12-04 13:19:00+09:00,59067440.32412205
2025-12-04 13:20:00+09:00,59067440.32412205
2025-12-04 13:21:00+09:00,59067440.32412205
2025-12-04 13:22:00+09:00,59067440.32412205
2025-12-04 13:23:00+09:00,59067440.32412205
2025-12-04 13:24:00+09:00,59067440.32412205
2025-12-04 13:25:00+09:00,59067440.32412205
2025-12-04 13:26:00+09:00,59067440.32412205
2025-12-04 13:27:00+09:00,59067440.32412205
2025-12-04 13:28:00+09:00,59067440.32412205
2025-12-04 13:29:00+09:00,59067440.32412205
2025-12-04 13:30:00+09:00,59067440.32412205
2025-12-04 13:31:00+09:00,59067440.32412205
2025-12-04 13:32:00+09:00,59067440.32412205
2025-12-04 13:33:00+09:00,59067440.32412205
2025-12-04 13:34:00+09:00,59067440.32412205
2025-12-04 13:35:00+09:00,59067440.32412205
2025-12-04 13:36:00+09:00,59067440.32412205
2025-12-04 13:37:00+09:00,59067440.32412205
2025-12-04 13:38:00+09:00,59067440.32412205
2025-12-04 13:39:00+09:00,59067440.32412205
2025-12-04 13:40:00+09:00,59067440.32412205
2025-12-04 13:41:00+09:00,59067440.32412205
2025-12-04 13:42:00+09:00,59067440.32412205
2025-12-04 13:43:00+09:00,59067440.32412205
2025-12-04 13:44:00+09:00,59067440.32412205
2025-12-04 13:45:00+09:00,59067440.32412205
2025-12-04 13:46:00+09:00,59067440.32412205
2025-12-04 13:47:00+09:00,59067440.32412205
2025-12-04 13:48:00+09:00,59067440.32412205
2025-12-04 13:49:00+09:00,59067440.32412205
2025-12-04 13:50:00+09:00,59067440.32412205
2025-12-04 13:51:00+09:00,59067440.32412205
2025-12-04 13:52:00+09:00,59067440.32412205
2025-12-04 13:53:00+09:00,59067440.32412205
2025-12-04 13:54:00+09:00,59067440.32412205
2025-12-04 13:55:00+09:00,59067440.32412205
2025-12-04 13:56:00+09:00,59067440.32412205
2025-12-04 13:57:00+09:00,59067440.32412205
2025-12-04 13:58:00+09:00,59067440.32412205
2025-12-04 13:59:00+09:00,59067440.32412205
2025-12-04 14:00:00+09:00,59067440.32412205
2025-12-04 14:01:00+09:00,59067440.32412205
2025-12-04 14:02:00+09:00,59067440.32412205
2025-12-04 14:03:00+09:00,59067440.32412205
2025-12-04 14:04:00+09:00,59067440.32412205
2025-12-04 14:05:00+09:00,59067440.32412205
2025-12-04 14:06:00+09:00,59067440.32412205
2025-12-04 14:07:00+09:00,59067440.32412205
2025-12-04 14:08:00+09:00,59067440.32412205
2025-12-04 14:09:00+09:00,59067440.32412205
2025-12-04 14:10:00+09:00,59067440.32412205
2025-12-04 14:11:00+09:00,59067440.32412205
2025-12-04 14:12:00+09:00,59067440.32412205
2025-12-04 14:13:00+09:00,59067440.32412205
2025-12-04 14:14:00+09:00,59067440.32412205
2025-12-04 14:15:00+09:00,59067440.32412205
2025-12-04 14:16:00+09:00,59067440.32412205
2025-12-04 14:17:00+09:00,59067440.32412205
2025-12-04 14:18:00+09:00,59067440.32412205
2025-12-04 14:19:00+09:00,59067440.32412205
2025-12-04 14:20:00+09:00,59067440.32412205
2025-12-04 14:21:00+09:00,59067440.32412205
2025-12-04 14:22:00+09:00,59067440.32412205
2025-12-04 14:23:00+09:00,59067440.32412205
2025-12-04 14:24:00+09:00,59067440.32412205
2025-12-04 14:25:00+09:00,59067440.32412205
2025-12-04 14:26:00+09:00,59067440.32412205
2025-12-04 14:27:00+09:00,59067440.32412205
2025-12-04 14:28:00+09:00,59067440.32412205
2025-12-04 14:29:00+09:00,59067440.32412205
2025-12-04 14:30:00+09:00,59067440.32412205
2025-12-04 14:31:00+09:00,59067440.32412205
2025-12-04 14:32:00+09:00,59067440.32412205
2025-12-04 14:33:00+09:00,59067440.32412205
2025-12-04 14:34:00+09:00,59067440.32412205
2025-12-04 14:35:00+09:00,59067440.32412205
2025-12-04 14:36:00+09:00,59067440.32412205
2025-12-04 14:37:00+09:00,59067440.32412205
2025-12-04 14:38:00+09:00,59067440.32412205
2025-12-04 14:39:00+09:00,59067440.32412205
2025-12-04 14:40:00+09:00,59067440.32412205
2025-12-04 14:41:00+09:00,59067440.32412205
2025-12-04 14:42:00+09:00,59067440.32412205
2025-12-04 14:43:00+09:00,59067440.32412205
2025-12-04 14:44:00+09:00,59067440.32412205
2025-12-04 14:45:00+09:00,59067440.32412205
2025-12-04 14:46:00+09:00,59067440.32412205
2025-12-04 14:47:00+09:00,59067440.32412205
2025-12-04 14:48:00+09:00,59067440.32412205
2025-12-04 14:49:00+09:00,59067440.32412205
2025-12-04 14:50:00+09:00,59067440.32412205
2025-12-04 14:51:00+09:00,59067440.32412205
2025-12-04 14:52:00+09:00,59067440.32412205
2025-12-04 14:53:00+09:00,59067440.32412205
2025-12-04 14:54:00+09:00,59067440.32412205
2025-12-04 14:55:00+09:00,59067440.32412205
2025-12-04 14:56:00+09:00,59067440.32412205
2025-12-04 14:57:00+09:00,59067440.32412205
2025-12-04 14:58:00+09:00,59067440.32412205
2025-12-04 14:59:00+09:00,59067440.32412205
2025-12-04 15:00:00+09:00,59067440.32412205
2025-12-04 15:01:00+09:00,59067440.32412205
2025-12-04 15:02:00+09:00,59067440.32412205
2025-12-04 15:03:00+09:00,59067440.32412205
2025-12-04 15:04:00+09:00,59067440.32412205
2025-12-04 15:05:00+09:00,59067440.32412205
2025-12-04 15:06:00+09:00,59067440.32412205
2025-12-04 15:07:00+09:00,59067440.32412205
2025-12-04 15:08:00+09:00,59043813.347992405
2025-12-04 15:09:00+09:00,59124035.92047609
2025-12-04 15:10:00+09:00,59043813.3479924
2025-12-04 15:11:00+09:00,58963590.77550871
2025-12-04 15:12:00+09:00,58963590.77550871
2025-12-04 15:13:00+09:00,58963590.77550871
2025-12-04 15:14:00+09:00,59043813.3479924
2025-12-04 15:15:00+09:00,58963590.77550871
2025-12-04 15:16:00+09:00,59043813.3479924
2025-12-04 15:17:00+09:00,59043813.3479924
2025-12-04 15:18:00+09:00,59043813.3479924
2025-12-04 15:19:00+09:00,59043813.3479924
2025-12-04 15:30:00+09:00,59124035.92047608
2025-12-04 15:35:00+09:00,59124035.92047608
2025-12-05 09:00:00+09:00,58562477.91309028
2025-12-05 09:01:00+09:00,58883368.20302502
2025-12-05 09:02:00+09:00,58724383.108876854
2025-12-05 09:03:00+09:00,58724383.108876854
2025-12-05 09:04:00+09:00,58724383.108876854
2025-12-05 09:05:00+09:00,58724383.108876854
2025-12-05 09:06:00+09:00,58724383.108876854
2025-12-05 09:07:00+09:00,58724383.108876854
2025-12-05 09:08:00+09:00,58724383.108876854
2025-12-05 09:09:00+09:00,58724383.108876854
2025-12-05 09:10:00+09:00,58724383.108876854
2025-12-05 09:11:00+09:00,58724383.108876854
2025-12-05 09:12:00+09:00,58724383.108876854
2025-12-05 09:13:00+09:00,58700893.3556333
2025-12-05 09:14:00+09:00,58383591.22938664
2025-12-05 09:15:00+09:00,58621567.82407164
2025-12-05 09:16:00+09:00,58621567.82407164
2025-12-05 09:17:00+09:00,57986963.57157831
2025-12-05 09:18:00+09:00,57828312.50845498
2025-12-05 09:19:00+09:00,57593064.7120557
2025-12-05 09:20:00+09:00,57593064.7120557
2025-12-05 09:21:00+09:00,57593064.7120557
2025-12-05 09:22:00+09:00,57593064.7120557
2025-12-05 09:23:00+09:00,57593064.7120557
2025-12-05 09:24:00+09:00,57593064.7120557
2025-12-05 09:25:00+09:00,57593064.7120557
2025-12-05 09:26:00+09:00,57593064.7120557
2025-12-05 09:27:00+09:00,57593064.7120557
2025-12-05 09:28:00+09:00,57593064.7120557
2025-12-05 09:29:00+09:00,57593064.7120557
2025-12-05 09:30:00+09:00,57593064.7120557
2025-12-05 09:31:00+09:00,57593064.7120557
2025-12-05 09:32:00+09:00,57593064.7120557
2025-12-05 09:33:00+09:00,57593064.7120557
2025-12-05 09:34:00+09:00,57593064.7120557
2025-12-05 09:35:00+09:00,57593064.7120557
2025-12-05 09:36:00+09:00,57570027.48617088
2025-12-05 09:37:00+09:00,57570027.48617088
2025-12-05 09:38:00+09:00,57648247.63221187
2025-12-05 09:39:00+09:00,57570027.48617088
2025-12-05 09:40:00+09:00,57491807.34012988
2025-12-05 09:41:00+09:00,57491807.34012988
2025-12-05 09:42:00+09:00,57414588.41195822
2025-12-05 09:43:00+09:00,57414588.41195822
2025-12-05 09:44:00+09:00,57414588.41195822
2025-12-05 09:45:00+09:00,57414588.41195822
2025-12-05 09:46:00+09:00,57414588.41195822
2025-12-05 09:47:00+09:00,57414588.41195822
2025-12-05 09:48:00+09:00,57414588.41195822
2025-12-05 09:49:00+09:00,57414588.41195822
2025-12-05 09:50:00+09:00,57414588.41195822
2025-12-05 09:51:00+09:00,57414588.41195822
2025-12-05 09:52:00+09:00,57414588.41195822
2025-12-05 09:53:00+09:00,57391622.57659344
2025-12-05 09:54:00+09:00,57470026.432572395
2025-12-05 09:55:00+09:00,57627626.02347568
2025-12-05 09:56:00+09:00,57627626.02347568
2025-12-05 09:57:00+09:00,57627626.02347568
2025-12-05 09:58:00+09:00,57627626.02347568
2025-12-05 09:59:00+09:00,57627626.02347568
2025-12-05 10:00:00+09:00,57627626.02347568
2025-12-05 10:01:00+09:00,57627626.02347568
2025-12-05 10:02:00+09:00,57627626.02347568
2025-12-05 10:03:00+09:00,57627626.02347568
2025-12-05 10:04:00+09:00,57627626.02347568
2025-12-05 10:05:00+09:00,57627626.02347568
2025-12-05 10:06:00+09:00,57627626.02347568
2025-12-05 10:07:00+09:00,57627626.02347568
2025-12-05 10:08:00+09:00,57627626.02347568
2025-12-05 10:09:00+09:00,57627626.02347568
2025-12-05 10:10:00+09:00,57627626.02347568
2025-12-05 10:11:00+09:00,57627626.02347568
2025-12-05 10:12:00+09:00,57627626.02347568
2025-12-05 10:13:00+09:00,57627626.02347568
2025-12-05 10:14:00+09:00,57627626.02347568
2025-12-05 10:15:00+09:00,57627626.02347568
2025-12-05 10:16:00+09:00,57627626.02347568
2025-12-05 10:17:00+09:00,57627626.02347568
2025-12-05 10:18:00+09:00,57627626.02347568
2025-12-05 10:19:00+09:00,57627626.02347568
2025-12-05 10:20:00+09:00,57627626.02347568
2025-12-05 10:21:00+09:00,57627626.02347568
2025-12-05 10:22:00+09:00,57627626.02347568
2025-12-05 10:23:00+09:00,57627626.02347568
2025-12-05 10:24:00+09:00,57627626.02347568
2025-12-05 10:25:00+09:00,57627626.02347568
2025-12-05 10:26:00+09:00,57627626.02347568
2025-12-05 10:27:00+09:00,57627626.02347568
2025-12-05 10:29:00+09:00,57627626.02347568
2025-12-05 10:30:00+09:00,57627626.02347568
2025-12-05 10:31:00+09:00,57627626.02347568
2025-12-05 10:32:00+09:00,57627626.02347568
2025-12-05 10:33:00+09:00,57627626.02347568
2025-12-05 10:34:00+09:00,57627626.02347568
2025-12-05 10:35:00+09:00,57627626.02347568
2025-12-05 10:36:00+09:00,57627626.02347568
2025-12-05 10:37:00+09:00,57627626.02347568
2025-12-05 10:38:00+09:00,57627626.02347568
2025-12-05 10:39:00+09:00,57627626.02347568
2025-12-05 10:40:00+09:00,57627626.02347568
2025-12-05 10:41:00+09:00,57627626.02347568
2025-12-05 10:42:00+09:00,57627626.02347568
2025-12-05 10:43:00+09:00,57627626.02347568
2025-12-05 10:44:00+09:00,57627626.02347568
2025-12-05 10:45:00+09:00,57627626.02347568
2025-12-05 10:46:00+09:00,57627626.02347568
2025-12-05 10:48:00+09:00,57627626.02347568
2025-12-05 10:49:00+09:00,57627626.02347568
2025-12-05 10:50:00+09:00,57627626.02347568
2025-12-05 10:51:00+09:00,57627626.02347568
2025-12-05 10:52:00+09:00,57627626.02347568
2025-12-05 10:53:00+09:00,57627626.02347568
2025-12-05 10:54:00+09:00,57627626.02347568
2025-12-05 10:55:00+09:00,57627626.02347568
2025-12-05 10:56:00+09:00,57627626.02347568
2025-12-05 10:57:00+09:00,57627626.02347568
2025-12-05 10:58:00+09:00,57627626.02347568
2025-12-05 10:59:00+09:00,57627626.02347568
2025-12-05 11:00:00+09:00,57627626.02347568
2025-12-05 11:01:00+09:00,57627626.02347568
2025-12-05 11:02:00+09:00,57627626.02347568
2025-12-05 11:03:00+09:00,57627626.02347568
2025-12-05 11:04:00+09:00,57627626.02347568
2025-12-05 11:05:00+09:00,57627626.02347568
2025-12-05 11:06:00+09:00,57627626.02347568
2025-12-05 11:07:00+09:00,57627626.02347568
2025-12-05 11:08:00+09:00,57627626.02347568
2025-12-05 11:09:00+09:00,57627626.02347568
2025-12-05 11:10:00+09:00,57627626.02347568
2025-12-05 11:11:00+09:00,57627626.02347568
2025-12-05 11:12:00+09:00,57627626.02347568
2025-12-05 11:13:00+09:00,57627626.02347568
2025-12-05 11:14:00+09:00,57627626.02347568
2025-12-05 11:15:00+09:00,57627626.02347568
2025-12-05 11:16:00+09:00,57627626.02347568
2025-12-05 11:17:00+09:00,57627626.02347568
2025-12-05 11:18:00+09:00,57627626.02347568
2025-12-05 11:19:00+09:00,57627626.02347568
2025-12-05 11:20:00+09:00,57627626.02347568
2025-12-05 11:21:00+09:00,57627626.02347568
2025-12-05 11:23:00+09:00,57627626.02347568
2025-12-05 11:24:00+09:00,57627626.02347568
2025-12-05 11:25:00+09:00,57627626.02347568
2025-12-05 11:26:00+09:00,57627626.02347568
2025-12-05 11:27:00+09:00,57627626.02347568
2025-12-05 11:28:00+09:00,57627626.02347568
2025-12-05 11:29:00+09:00,57627626.02347568
2025-12-05 11:30:00+09:00,57627626.02347568
2025-12-05 11:31:00+09:00,57627626.02347568
2025-12-05 11:32:00+09:00,57627626.02347568
2025-12-05 11:33:00+09:00,57627626.02347568
2025-12-05 11:34:00+09:00,57627626.02347568
2025-12-05 11:35:00+09:00,57627626.02347568
2025-12-05 11:36:00+09:00,57627626.02347568
2025-12-05 11:37:00+09:00,57627626.02347568
2025-12-05 11:38:00+09:00,57627626.02347568
2025-12-05 11:39:00+09:00,57627626.02347568
2025-12-05 11:40:00+09:00,57627626.02347568
2025-12-05 11:41:00+09:00,57627626.02347568
2025-12-05 11:42:00+09:00,57627626.02347568
2025-12-05 11:43:00+09:00,57627626.02347568
2025-12-05 11:44:00+09:00,57627626.02347568
2025-12-05 11:45:00+09:00,57627626.02347568
2025-12-05 11:46:00+09:00,57627626.02347568
2025-12-05 11:47:00+09:00,57627626.02347568
2025-12-05 11:48:00+09:00,57627626.02347568
2025-12-05 11:49:00+09:00,57627626.02347568
2025-12-05 11:50:00+09:00,57627626.02347568
2025-12-05 11:51:00+09:00,57627626.02347568
2025-12-05 11:52:00+09:00,57627626.02347568
2025-12-05 11:53:00+09:00,57627626.02347568
2025-12-05 11:54:00+09:00,57627626.02347568
2025-12-05 11:55:00+09:00,57627626.02347568
2025-12-05 11:56:00+09:00,57627626.02347568
2025-12-05 11:57:00+09:00,57627626.02347568
2025-12-05 11:58:00+09:00,57627626.02347568
2025-12-05 11:59:00+09:00,57627626.02347568
2025-12-05 12:00:00+09:00,57627626.02347568
2025-12-05 12:01:00+09:00,57627626.02347568
2025-12-05 12:02:00+09:00,57627626.02347568
2025-12-05 12:03:00+09:00,57627626.02347568
2025-12-05 12:04:00+09:00,57627626.02347568
2025-12-05 12:05:00+09:00,57627626.02347568
2025-12-05 12:06:00+09:00,57627626.02347568
2025-12-05 12:07:00+09:00,57627626.02347568
2025-12-05 12:08:00+09:00,57627626.02347568
2025-12-05 12:09:00+09:00,57627626.02347568
2025-12-05 12:10:00+09:00,57627626.02347568
2025-12-05 12:11:00+09:00,57627626.02347568
2025-12-05 12:12:00+09:00,57627626.02347568
2025-12-05 12:13:00+09:00,57627626.02347568
2025-12-05 12:14:00+09:00,57627626.02347568
2025-12-05 12:15:00+09:00,57627626.02347568
2025-12-05 12:16:00+09:00,57627626.02347568
2025-12-05 12:17:00+09:00,57627626.02347568
2025-12-05 12:18:00+09:00,57627626.02347568
2025-12-05 12:19:00+09:00,57627626.02347568
2025-12-05 12:20:00+09:00,57627626.02347568
2025-12-05 12:21:00+09:00,57627626.02347568
2025-12-05 12:22:00+09:00,57627626.02347568
2025-12-05 12:23:00+09:00,57627626.02347568
2025-12-05 12:24:00+09:00,57627626.02347568
2025-12-05 12:25:00+09:00,57627626.02347568
2025-12-05 12:27:00+09:00,57627626.02347568
2025-12-05 12:28:00+09:00,57627626.02347568
2025-12-05 12:29:00+09:00,57627626.02347568
2025-12-05 12:30:00+09:00,57627626.02347568
2025-12-05 12:31:00+09:00,57627626.02347568
2025-12-05 12:32:00+09:00,57627626.02347568
2025-12-05 12:33:00+09:00,57627626.02347568
2025-12-05 12:34:00+09:00,57627626.02347568
2025-12-05 12:36:00+09:00,57627626.02347568
2025-12-05 12:37:00+09:00,57627626.02347568
2025-12-05 12:38:00+09:00,57627626.02347568
2025-12-05 12:39:00+09:00,57627626.02347568
2025-12-05 12:40:00+09:00,57627626.02347568
2025-12-05 12:41:00+09:00,57627626.02347568
2025-12-05 12:42:00+09:00,57627626.02347568
2025-12-05 12:43:00+09:00,57627626.02347568
2025-12-05 12:44:00+09:00,57627626.02347568
2025-12-05 12:45:00+09:00,57627626.02347568
2025-12-05 12:46:00+09:00,57627626.02347568
2025-12-05 12:47:00+09:00,57627626.02347568
2025-12-05 12:48:00+09:00,57627626.02347568
2025-12-05 12:49:00+09:00,57604574.97306629
2025-12-05 12:50:00+09:00,57604574.97306629
2025-12-05 12:51:00+09:00,57604574.97306629
2025-12-05 12:53:00+09:00,57604574.97306629
2025-12-05 12:54:00+09:00,57604574.97306629
2025-12-05 12:55:00+09:00,57604574.97306629
2025-12-05 12:56:00+09:00,57604574.97306629
2025-12-05 12:57:00+09:00,57604574.97306629
2025-12-05 12:59:00+09:00,57525229.8284753
2025-12-05 13:00:00+09:00,57604574.9730663
2025-12-05 13:01:00+09:00,57604574.9730663
2025-12-05 13:02:00+09:00,57604574.9730663
2025-12-05 13:03:00+09:00,57604574.9730663
2025-12-05 13:04:00+09:00,57604574.9730663
2025-12-05 13:05:00+09:00,57525229.828475304
2025-12-05 13:06:00+09:00,57604574.97306631
2025-12-05 13:07:00+09:00,57604574.97306631
2025-12-05 13:08:00+09:00,57604574.97306631
2025-12-05 13:10:00+09:00,57604574.97306631
2025-12-05 13:11:00+09:00,57604574.97306631
2025-12-05 13:12:00+09:00,57604574.97306631
2025-12-05 13:13:00+09:00,57604574.97306631
2025-12-05 13:14:00+09:00,57604574.97306631
2025-12-05 13:16:00+09:00,57604574.97306631
2025-12-05 13:17:00+09:00,57683920.117657304
2025-12-05 13:18:00+09:00,57683920.117657304
2025-12-05 13:19:00+09:00,57604574.97306631
2025-12-05 13:20:00+09:00,57683920.117657304
2025-12-05 13:21:00+09:00,57683920.117657304
2025-12-05 13:22:00+09:00,57842610.4068393
2025-12-05 13:23:00+09:00,57842610.4068393
2025-12-05 13:24:00+09:00,57604574.9730663
2025-12-05 13:25:00+09:00,57763265.26224829
2025-12-05 13:26:00+09:00,57842610.406839296
2025-12-05 13:27:00+09:00,57842610.406839296
2025-12-05 13:28:00+09:00,57842610.406839296
2025-12-05 13:29:00+09:00,57763265.2622483
2025-12-05 13:30:00+09:00,57763265.2622483
2025-12-05 13:31:00+09:00,57763265.2622483
2025-12-05 13:32:00+09:00,57763265.2622483
2025-12-05 13:33:00+09:00,57842610.4068393
2025-12-05 13:34:00+09:00,57842610.4068393
2025-12-05 13:35:00+09:00,57921955.5514303
2025-12-05 13:36:00+09:00,57842610.406839296
2025-12-05 13:37:00+09:00,57921955.55143029
2025-12-05 13:38:00+09:00,57921955.55143029
2025-12-05 13:39:00+09:00,57921955.55143029
2025-12-05 13:40:00+09:00,57842610.40683929
2025-12-05 13:41:00+09:00,57842610.40683929
2025-12-05 13:42:00+09:00,57763265.26224829
2025-12-05 13:43:00+09:00,57842610.406839296
2025-12-05 13:44:00+09:00,57842610.406839296
2025-12-05 13:45:00+09:00,57842610.406839296
2025-12-05 13:46:00+09:00,57763265.2622483
2025-12-05 13:47:00+09:00,57842610.4068393
2025-12-05 13:48:00+09:00,57763265.26224831
2025-12-05 13:50:00+09:00,57842610.40683931
2025-12-05 13:51:00+09:00,57842610.40683931
2025-12-05 13:52:00+09:00,57842610.40683931
2025-12-05 13:53:00+09:00,57921955.55143031
2025-12-05 13:54:00+09:00,57842610.4068393
2025-12-05 13:55:00+09:00,57842610.4068393
2025-12-05 13:56:00+09:00,57921955.5514303
2025-12-05 13:57:00+09:00,57921955.5514303
2025-12-05 13:58:00+09:00,57921955.5514303
2025-12-05 13:59:00+09:00,57921955.5514303
2025-12-05 14:00:00+09:00,57842610.406839296
2025-12-05 14:01:00+09:00,57842610.406839296
2025-12-05 14:02:00+09:00,57842610.406839296
2025-12-05 14:03:00+09:00,57842610.406839296
2025-12-05 14:04:00+09:00,57921955.55143029
2025-12-05 14:05:00+09:00,57921955.55143029
2025-12-05 14:06:00+09:00,57921955.55143029
2025-12-05 14:07:00+09:00,57921955.55143029
2025-12-05 14:08:00+09:00,57921955.55143029
2025-12-05 14:09:00+09:00,57842610.40683929
2025-12-05 14:10:00+09:00,57842610.40683929
2025-12-05 14:12:00+09:00,57842610.40683929
2025-12-05 14:13:00+09:00,57842610.40683929
2025-12-05 14:14:00+09:00,57763265.26224829
2025-12-05 14:15:00+09:00,57842610.406839296
2025-12-05 14:16:00+09:00,57607304.44604023
2025-12-05 14:17:00+09:00,57607304.44604023
2025-12-05 14:18:00+09:00,57607304.44604023
2025-12-05 14:19:00+09:00,57607304.44604023
2025-12-05 14:20:00+09:00,57607304.44604023
2025-12-05 14:21:00+09:00,57607304.44604023
2025-12-05 14:22:00+09:00,57607304.44604023
2025-12-05 14:23:00+09:00,57607304.44604023
2025-12-05 14:24:00+09:00,57607304.44604023
2025-12-05 14:25:00+09:00,57607304.44604023
2025-12-05 14:26:00+09:00,57607304.44604023
2025-12-05 14:27:00+09:00,57607304.44604023
2025-12-05 14:28:00+09:00,57607304.44604023
2025-12-05 14:29:00+09:00,57607304.44604023
2025-12-05 14:30:00+09:00,57607304.44604023
2025-12-05 14:31:00+09:00,57607304.44604023
2025-12-05 14:32:00+09:00,57607304.44604023
2025-12-05 14:33:00+09:00,57607304.44604023
2025-12-05 14:34:00+09:00,57607304.44604023
2025-12-05 14:35:00+09:00,57607304.44604023
2025-12-05 14:36:00+09:00,57607304.44604023
2025-12-05 14:37:00+09:00,57607304.44604023
2025-12-05 14:38:00+09:00,57607304.44604023
2025-12-05 14:39:00+09:00,57607304.44604023
2025-12-05 14:40:00+09:00,57607304.44604023
2025-12-05 14:41:00+09:00,57607304.44604023
2025-12-05 14:42:00+09:00,57607304.44604023
2025-12-05 14:44:00+09:00,57607304.44604023
2025-12-05 14:46:00+09:00,57607304.44604023
2025-12-05 14:47:00+09:00,57607304.44604023
2025-12-05 14:48:00+09:00,57607304.44604023
2025-12-05 14:49:00+09:00,57607304.44604023
2025-12-05 14:50:00+09:00,57607304.44604023
2025-12-05 14:51:00+09:00,57607304.44604023
2025-12-05 14:52:00+09:00,57607304.44604023
2025-12-05 14:53:00+09:00,57607304.44604023
2025-12-05 14:54:00+09:00,57607304.44604023
2025-12-05 14:55:00+09:00,57607304.44604023
2025-12-05 14:56:00+09:00,57607304.44604023
2025-12-05 14:57:00+09:00,57607304.44604023
2025-12-05 14:58:00+09:00,57607304.44604023
2025-12-05 14:59:00+09:00,57607304.44604023
2025-12-05 15:00:00+09:00,57607304.44604023
2025-12-05 15:01:00+09:00,57607304.44604023
2025-12-05 15:02:00+09:00,57607304.44604023
2025-12-05 15:03:00+09:00,57607304.44604023
2025-12-05 15:04:00+09:00,57607304.44604023
2025-12-05 15:05:00+09:00,57607304.44604023
2025-12-05 15:06:00+09:00,57607304.44604023
2025-12-05 15:07:00+09:00,57607304.44604023
2025-12-05 15:08:00+09:00,57607304.44604023
2025-12-05 15:09:00+09:00,57607304.44604023
2025-12-05 15:10:00+09:00,57607304.44604023
2025-12-05 15:12:00+09:00,57607304.44604023
2025-12-05 15:13:00+09:00,57607304.44604023
2025-12-05 15:14:00+09:00,57607304.44604023
2025-12-05 15:15:00+09:00,57607304.44604023
2025-12-05 15:16:00+09:00,57607304.44604023
2025-12-05 15:17:00+09:00,57607304.44604023
2025-12-05 15:18:00+09:00,57607304.44604023
2025-12-05 15:19:00+09:00,57607304.44604023
2025-12-05 15:30:00+09:00,57607304.44604023
2025-12-05 15:35:00+09:00,57607304.44604023
2025-12-08 09:00:00+09:00,57607304.44604023
2025-12-08 09:01:00+09:00,57607304.44604023
2025-12-08 09:02:00+09:00,57584261.52426182
2025-12-08 09:03:00+09:00,57350811.81537968
2025-12-08 09:04:00+09:00,57350811.81537968
2025-12-08 09:05:00+09:00,57039545.53687016
2025-12-08 09:06:00+09:00,57428628.38500706
2025-12-08 09:07:00+09:00,57895527.802771345
2025-12-08 09:08:00+09:00,57739894.66351658
2025-12-08 09:09:00+09:00,58051160.94202611
2025-12-08 09:10:00+09:00,57739894.66351659
2025-12-08 09:11:00+09:00,58440243.79016302
2025-12-08 09:12:00+09:00,57973344.372398734
2025-12-08 09:13:00+09:00,57817711.23314398
2025-12-08 09:14:00+09:00,58051160.942026116
2025-12-08 09:15:00+09:00,57973344.372398734
2025-12-08 09:16:00+09:00,58128977.51165349
2025-12-08 09:17:00+09:00,57895527.802771345
2025-12-08 09:18:00+09:00,57506444.95463444
2025-12-08 09:19:00+09:00,57895527.802771345
2025-12-08 09:20:00+09:00,57739894.66351658
2025-12-08 09:21:00+09:00,57895527.80277134
2025-12-08 09:22:00+09:00,58206794.08128086
2025-12-08 09:23:00+09:00,58206794.08128086
2025-12-08 09:24:00+09:00,58206794.08128086
2025-12-08 09:25:00+09:00,58128977.511653475
2025-12-08 09:26:00+09:00,58128977.511653475
2025-12-08 09:27:00+09:00,58128977.511653475
2025-12-08 09:28:00+09:00,58362427.22053562
2025-12-08 09:29:00+09:00,58284610.65090824
2025-12-08 09:30:00+09:00,58128977.511653475
2025-12-08 09:31:00+09:00,58206794.08128086
2025-12-08 09:32:00+09:00,58206794.08128086
2025-12-08 09:33:00+09:00,57973344.37239871
2025-12-08 09:34:00+09:00,57973344.37239871
2025-12-08 09:35:00+09:00,57973344.37239871
2025-12-08 09:36:00+09:00,57973344.37239871
2025-12-08 09:37:00+09:00,57895527.80277133
2025-12-08 09:38:00+09:00,58051160.94202609
2025-12-08 09:39:00+09:00,58051160.94202609
2025-12-08 09:40:00+09:00,57817711.23314395
2025-12-08 09:41:00+09:00,57895527.80277132
2025-12-08 09:42:00+09:00,58051160.942026086
2025-12-08 09:43:00+09:00,57895527.80277132
2025-12-08 09:44:00+09:00,58051160.942026086
2025-12-08 09:45:00+09:00,57973344.372398704
2025-12-08 09:46:00+09:00,58284610.650908224
2025-12-08 09:47:00+09:00,58206794.08128084
2025-12-08 09:48:00+09:00,58362427.220535606
2025-12-08 09:49:00+09:00,58362427.220535606
2025-12-08 09:50:00+09:00,58284610.650908224
2025-12-08 09:51:00+09:00,58284610.650908224
2025-12-08 09:52:00+09:00,58206794.08128084
2025-12-08 09:53:00+09:00,58284610.65090822
2025-12-08 09:54:00+09:00,58518060.35979036
2025-12-08 09:55:00+09:00,58362427.220535606
2025-12-08 09:56:00+09:00,58051160.942026086
2025-12-08 09:57:00+09:00,58051160.942026086
2025-12-08 09:58:00+09:00,58051160.942026086
2025-12-08 09:59:00+09:00,58051160.942026086
2025-12-08 10:00:00+09:00,58206794.08128085
2025-12-08 10:01:00+09:00,58206794.08128085
2025-12-08 10:02:00+09:00,58206794.08128085
2025-12-08 10:03:00+09:00,58284610.650908224
2025-12-08 10:04:00+09:00,58440243.79016299
2025-12-08 10:05:00+09:00,58595876.929417744
2025-12-08 10:06:00+09:00,58440243.79016298
2025-12-08 10:07:00+09:00,58128977.51165345
2025-12-08 10:08:00+09:00,58362427.2205356
2025-12-08 10:09:00+09:00,58206794.081280835
2025-12-08 10:10:00+09:00,58206794.081280835
2025-12-08 10:11:00+09:00,58051160.94202607
2025-12-08 10:12:00+09:00,58284610.65090821
2025-12-08 10:13:00+09:00,57972029.27237198
2025-12-08 10:14:00+09:00,57972029.27237198
2025-12-08 10:15:00+09:00,57972029.27237198
2025-12-08 10:16:00+09:00,57972029.27237198
2025-12-08 10:17:00+09:00,57972029.27237198
2025-12-08 10:18:00+09:00,57972029.27237198
2025-12-08 10:19:00+09:00,57972029.27237198
2025-12-08 10:20:00+09:00,57972029.27237198
2025-12-08 10:21:00+09:00,57972029.27237198
2025-12-08 10:22:00+09:00,57972029.27237198
2025-12-08 10:23:00+09:00,57972029.27237198
2025-12-08 10:24:00+09:00,57948840.46066303
2025-12-08 10:25:00+09:00,57948840.46066303
2025-12-08 10:26:00+09:00,57948840.46066303
2025-12-08 10:27:00+09:00,58026208.73898167
2025-12-08 10:28:00+09:00,57948840.46066303
2025-12-08 10:29:00+09:00,57948840.46066303
2025-12-08 10:30:00+09:00,57948840.46066303
2025-12-08 10:31:00+09:00,57871472.182344384
2025-12-08 10:32:00+09:00,57794103.90402574
2025-12-08 10:33:00+09:00,57948840.46066303
2025-12-08 10:34:00+09:00,57715219.20745205
2025-12-08 10:35:00+09:00,57715219.20745205
2025-12-08 10:36:00+09:00,57715219.20745205
2025-12-08 10:37:00+09:00,57715219.20745205
2025-12-08 10:38:00+09:00,57715219.20745205
2025-12-08 10:39:00+09:00,57715219.20745205
2025-12-08 10:40:00+09:00,57715219.20745205
2025-12-08 10:41:00+09:00,57715219.20745205
2025-12-08 10:42:00+09:00,57715219.20745205
2025-12-08 10:43:00+09:00,57715219.20745205
2025-12-08 10:44:00+09:00,57715219.20745205
2025-12-08 10:45:00+09:00,57715219.20745205
2025-12-08 10:46:00+09:00,57692133.119769074
2025-12-08 10:47:00+09:00,57615107.574882865
2025-12-08 10:48:00+09:00,57615107.574882865
2025-12-08 10:49:00+09:00,57459546.78443068
2025-12-08 10:50:00+09:00,57459546.78443068
2025-12-08 10:51:00+09:00,57459546.78443068
2025-12-08 10:52:00+09:00,57459546.78443068
2025-12-08 10:53:00+09:00,57459546.78443068
2025-12-08 10:54:00+09:00,57459546.78443068
2025-12-08 10:55:00+09:00,57459546.78443068
2025-12-08 10:56:00+09:00,57459546.78443068
2025-12-08 10:57:00+09:00,57459546.78443068
2025-12-08 10:58:00+09:00,57459546.78443068
2025-12-08 10:59:00+09:00,57459546.78443068
2025-12-08 11:00:00+09:00,57459546.78443068
2025-12-08 11:01:00+09:00,57459546.78443068
2025-12-08 11:02:00+09:00,57459546.78443068
2025-12-08 11:03:00+09:00,57459546.78443068
2025-12-08 11:04:00+09:00,57459546.78443068
2025-12-08 11:05:00+09:00,57459546.78443068
2025-12-08 11:06:00+09:00,57459546.78443068
2025-12-08 11:07:00+09:00,57459546.78443068
2025-12-08 11:08:00+09:00,57459546.78443068
2025-12-08 11:09:00+09:00,57459546.78443068
2025-12-08 11:10:00+09:00,57459546.78443068
2025-12-08 11:11:00+09:00,57459546.78443068
2025-12-08 11:12:00+09:00,57459546.78443068
2025-12-08 11:13:00+09:00,57459546.78443068
2025-12-08 11:14:00+09:00,57459546.78443068
2025-12-08 11:15:00+09:00,57459546.78443068
2025-12-08 11:16:00+09:00,57459546.78443068
2025-12-08 11:17:00+09:00,57459546.78443068
2025-12-08 11:18:00+09:00,57459546.78443068
2025-12-08 11:19:00+09:00,57459546.78443068
2025-12-08 11:20:00+09:00,57459546.78443068
2025-12-08 11:21:00+09:00,57459546.78443068
2025-12-08 11:22:00+09:00,57459546.78443068
2025-12-08 11:23:00+09:00,57459546.78443068
2025-12-08 11:24:00+09:00,57459546.78443068
2025-12-08 11:25:00+09:00,57459546.78443068
2025-12-08 11:26:00+09:00,57459546.78443068
2025-12-08 11:27:00+09:00,57459546.78443068
2025-12-08 11:28:00+09:00,57459546.78443068
2025-12-08 11:29:00+09:00,57459546.78443068
2025-12-08 11:30:00+09:00,57459546.78443068
2025-12-08 11:31:00+09:00,57459546.78443068
2025-12-08 11:33:00+09:00,57459546.78443068
2025-12-08 11:34:00+09:00,57459546.78443068
2025-12-08 11:35:00+09:00,57459546.78443068
2025-12-08 11:36:00+09:00,57459546.78443068
2025-12-08 11:37:00+09:00,57459546.78443068
2025-12-08 11:38:00+09:00,57459546.78443068
2025-12-08 11:39:00+09:00,57459546.78443068
2025-12-08 11:40:00+09:00,57459546.78443068
2025-12-08 11:41:00+09:00,57459546.78443068
2025-12-08 11:42:00+09:00,57459546.78443068
2025-12-08 11:43:00+09:00,57459546.78443068
2025-12-08 11:44:00+09:00,57459546.78443068
2025-12-08 11:45:00+09:00,57459546.78443068
2025-12-08 11:46:00+09:00,57459546.78443068
2025-12-08 11:47:00+09:00,57459546.78443068
2025-12-08 11:48:00+09:00,57459546.78443068
2025-12-08 11:49:00+09:00,57459546.78443068
2025-12-08 11:50:00+09:00,57459546.78443068
2025-12-08 11:51:00+09:00,57459546.78443068
2025-12-08 11:52:00+09:00,57459546.78443068
2025-12-08 11:53:00+09:00,57459546.78443068
2025-12-08 11:54:00+09:00,57459546.78443068
2025-12-08 11:55:00+09:00,57459546.78443068
2025-12-08 11:56:00+09:00,57459546.78443068
2025-12-08 11:58:00+09:00,57459546.78443068
2025-12-08 12:00:00+09:00,57459546.78443068
2025-12-08 12:01:00+09:00,57459546.78443068
2025-12-08 12:02:00+09:00,57459546.78443068
2025-12-08 12:03:00+09:00,57459546.78443068
2025-12-08 12:04:00+09:00,57459546.78443068
2025-12-08 12:05:00+09:00,57459546.78443068
2025-12-08 12:06:00+09:00,57459546.78443068
2025-12-08 12:07:00+09:00,57459546.78443068
2025-12-08 12:08:00+09:00,57459546.78443068
2025-12-08 12:09:00+09:00,57459546.78443068
2025-12-08 12:10:00+09:00,57436562.96571691
2025-12-08 12:11:00+09:00,57281484.24570948
2025-12-08 12:12:00+09:00,57281484.24570948
2025-12-08 12:13:00+09:00,57281484.24570948
2025-12-08 12:14:00+09:00,57281484.24570948
2025-12-08 12:15:00+09:00,57281484.24570948
2025-12-08 12:17:00+09:00,57281484.24570948
2025-12-08 12:18:00+09:00,57281484.24570948
2025-12-08 12:19:00+09:00,57281484.24570948
2025-12-08 12:20:00+09:00,57281484.24570948
2025-12-08 12:21:00+09:00,57281484.24570948
2025-12-08 12:22:00+09:00,57281484.24570948
2025-12-08 12:23:00+09:00,57281484.24570948
2025-12-08 12:24:00+09:00,57258571.6520112
2025-12-08 12:25:00+09:00,57181507.625561655
2025-12-08 12:26:00+09:00,57181507.625561655
2025-12-08 12:27:00+09:00,57258571.6520112
2025-12-08 12:28:00+09:00,57258571.6520112
2025-12-08 12:30:00+09:00,57335635.67846074
2025-12-08 12:32:00+09:00,57258571.65201119
2025-12-08 12:33:00+09:00,57335635.67846073
2025-12-08 12:34:00+09:00,57335635.67846073
2025-12-08 12:35:00+09:00,57335635.67846073
2025-12-08 12:36:00+09:00,57335635.67846073
2025-12-08 12:37:00+09:00,57335635.67846073
2025-12-08 12:38:00+09:00,57412699.704910286
2025-12-08 12:39:00+09:00,57335635.67846074
2025-12-08 12:40:00+09:00,57335635.67846074
2025-12-08 12:41:00+09:00,57335635.67846074
2025-12-08 12:42:00+09:00,57335635.67846074
2025-12-08 12:43:00+09:00,57335635.67846074
2025-12-08 12:44:00+09:00,57335635.67846074
2025-12-08 12:45:00+09:00,57335635.67846074
2025-12-08 12:46:00+09:00,57335635.67846074
2025-12-08 12:47:00+09:00,57335635.67846074
2025-12-08 12:48:00+09:00,57335635.67846074
2025-12-08 12:49:00+09:00,57875083.863607556
2025-12-08 12:50:00+09:00,57798019.83715801
2025-12-08 12:51:00+09:00,57952147.890057094
2025-12-08 12:52:00+09:00,57798019.83715801
2025-12-08 12:53:00+09:00,57720955.81070847
2025-12-08 12:54:00+09:00,57720955.81070847
2025-12-08 12:55:00+09:00,57643891.784258924
2025-12-08 12:56:00+09:00,57643891.784258924
2025-12-08 12:57:00+09:00,57720955.81070846
2025-12-08 12:58:00+09:00,57566827.75780937
2025-12-08 12:59:00+09:00,57720955.81070846
2025-12-08 13:00:00+09:00,57720955.81070846
2025-12-08 13:01:00+09:00,57643891.78425892
2025-12-08 13:02:00+09:00,57489763.73135983
2025-12-08 13:03:00+09:00,57412699.704910286
2025-12-08 13:04:00+09:00,57489763.73135983
2025-12-08 13:06:00+09:00,57643891.78425892
2025-12-08 13:07:00+09:00,57566827.75780937
2025-12-08 13:08:00+09:00,57566827.75780937
2025-12-08 13:09:00+09:00,57489763.731359825
2025-12-08 13:10:00+09:00,57489763.731359825
2025-12-08 13:11:00+09:00,57489763.731359825
2025-12-08 13:12:00+09:00,57412699.70491028
2025-12-08 13:13:00+09:00,57489763.731359825
2025-12-08 13:14:00+09:00,57334541.36928515
2025-12-08 13:15:00+09:00,57334541.36928515
2025-12-08 13:16:00+09:00,57334541.36928515
2025-12-08 13:17:00+09:00,57334541.36928515
2025-12-08 13:18:00+09:00,57334541.36928515
2025-12-08 13:19:00+09:00,57334541.36928515
2025-12-08 13:20:00+09:00,57334541.36928515
2025-12-08 13:21:00+09:00,57334541.36928515
2025-12-08 13:22:00+09:00,57334541.36928515
2025-12-08 13:23:00+09:00,57334541.36928515
2025-12-08 13:24:00+09:00,57334541.36928515
2025-12-08 13:25:00+09:00,57334541.36928515
2025-12-08 13:26:00+09:00,57334541.36928515
2025-12-08 13:27:00+09:00,57334541.36928515
2025-12-08 13:28:00+09:00,57334541.36928515
2025-12-08 13:29:00+09:00,57334541.36928515
2025-12-08 13:30:00+09:00,57334541.36928515
2025-12-08 13:31:00+09:00,57334541.36928515
2025-12-08 13:32:00+09:00,57334541.36928515
2025-12-08 13:33:00+09:00,57334541.36928515
2025-12-08 13:34:00+09:00,57334541.36928515
2025-12-08 13:35:00+09:00,57334541.36928515
2025-12-08 13:36:00+09:00,57334541.36928515
2025-12-08 13:37:00+09:00,57334541.36928515
2025-12-08 13:38:00+09:00,57334541.36928515
2025-12-08 13:39:00+09:00,57311607.55273744
2025-12-08 13:40:00+09:00,57465052.28514102
2025-12-08 13:41:00+09:00,57388329.91893923
2025-12-08 13:42:00+09:00,57388329.91893923
2025-12-08 13:43:00+09:00,57388329.91893923
2025-12-08 13:44:00+09:00,57311607.552737445
2025-12-08 13:45:00+09:00,57465052.28514103
2025-12-08 13:46:00+09:00,57465052.28514103
2025-12-08 13:47:00+09:00,57465052.28514103
2025-12-08 13:48:00+09:00,57465052.28514103
2025-12-08 13:49:00+09:00,57541774.65134282
2025-12-08 13:50:00+09:00,57541774.65134282
2025-12-08 13:51:00+09:00,57465052.28514103
2025-12-08 13:52:00+09:00,57465052.28514103
2025-12-08 13:53:00+09:00,57388329.91893924
2025-12-08 13:54:00+09:00,57388329.91893924
2025-12-08 13:55:00+09:00,57388329.91893924
2025-12-08 13:56:00+09:00,57465052.28514102
2025-12-08 13:57:00+09:00,57388329.91893923
2025-12-08 13:58:00+09:00,57388329.91893923
2025-12-08 13:59:00+09:00,57234885.18653565
2025-12-08 14:00:00+09:00,57158162.82033386
2025-12-08 14:01:00+09:00,57003835.78071896
2025-12-08 14:02:00+09:00,57003835.78071896
2025-12-08 14:03:00+09:00,57003835.78071896
2025-12-08 14:04:00+09:00,57003835.78071896
2025-12-08 14:05:00+09:00,57003835.78071896
2025-12-08 14:06:00+09:00,57003835.78071896
2025-12-08 14:07:00+09:00,57003835.78071896
2025-12-08 14:08:00+09:00,57003835.78071896
2025-12-08 14:09:00+09:00,57003835.78071896
2025-12-08 14:10:00+09:00,57003835.78071896
2025-12-08 14:11:00+09:00,57003835.78071896
2025-12-08 14:12:00+09:00,57003835.78071896
2025-12-08 14:13:00+09:00,57003835.78071896
2025-12-08 14:14:00+09:00,57003835.78071896
2025-12-08 14:15:00+09:00,57003835.78071896
2025-12-08 14:16:00+09:00,57003835.78071896
2025-12-08 14:17:00+09:00,57003835.78071896
2025-12-08 14:18:00+09:00,57003835.78071896
2025-12-08 14:19:00+09:00,57003835.78071896
2025-12-08 14:20:00+09:00,57003835.78071896
2025-12-08 14:21:00+09:00,56981034.246406674
2025-12-08 14:22:00+09:00,56981034.246406674
2025-12-08 14:23:00+09:00,57056907.79400509
2025-12-08 14:24:00+09:00,57208654.88920191
2025-12-08 14:25:00+09:00,57208654.88920191
2025-12-08 14:26:00+09:00,57132781.3416035
2025-12-08 14:27:00+09:00,57208654.88920192
2025-12-08 14:28:00+09:00,57208654.88920192
2025-12-08 14:29:00+09:00,57132781.34160351
2025-12-08 14:30:00+09:00,57132781.34160351
2025-12-08 14:31:00+09:00,57132781.34160351
2025-12-08 14:32:00+09:00,57132781.34160351
2025-12-08 14:33:00+09:00,57132781.34160351
2025-12-08 14:34:00+09:00,56981034.24640669
2025-12-08 14:35:00+09:00,56981034.24640669
2025-12-08 14:36:00+09:00,57056907.7940051
2025-12-08 14:37:00+09:00,57056907.7940051
2025-12-08 14:38:00+09:00,57056907.7940051
2025-12-08 14:39:00+09:00,56981034.2464067
2025-12-08 14:40:00+09:00,57056907.79400511
2025-12-08 14:41:00+09:00,57056907.79400511
2025-12-08 14:42:00+09:00,57056907.79400511
2025-12-08 14:43:00+09:00,57132781.34160352
2025-12-08 14:44:00+09:00,57056907.7940051
2025-12-08 14:45:00+09:00,57132781.34160351
2025-12-08 14:46:00+09:00,57132781.34160351
2025-12-08 14:47:00+09:00,57056907.794005096
2025-12-08 14:48:00+09:00,57056907.794005096
2025-12-08 14:49:00+09:00,57132781.3416035
2025-12-08 14:50:00+09:00,57132781.3416035
2025-12-08 14:51:00+09:00,57056907.79400509
2025-12-08 14:52:00+09:00,56981034.24640668
2025-12-08 14:53:00+09:00,56981034.24640668
2025-12-08 14:54:00+09:00,56902854.14296128
2025-12-08 14:55:00+09:00,56902854.14296128
2025-12-08 14:56:00+09:00,56902854.14296128
2025-12-08 14:57:00+09:00,56902854.14296128
2025-12-08 14:58:00+09:00,56902854.14296128
2025-12-08 14:59:00+09:00,56902854.14296128
2025-12-08 15:00:00+09:00,56902854.14296128
2025-12-08 15:01:00+09:00,56902854.14296128
2025-12-08 15:02:00+09:00,56902854.14296128
2025-12-08 15:03:00+09:00,56902854.14296128
2025-12-08 15:04:00+09:00,56902854.14296128
2025-12-08 15:05:00+09:00,56902854.14296128
2025-12-08 15:06:00+09:00,56902854.14296128
2025-12-08 15:07:00+09:00,56902854.14296128
2025-12-08 15:08:00+09:00,56902854.14296128
2025-12-08 15:09:00+09:00,56902854.14296128
2025-12-08 15:10:00+09:00,56880093.0013041
2025-12-08 15:11:00+09:00,56726516.75020058
2025-12-08 15:12:00+09:00,56726516.75020058
2025-12-08 15:13:00+09:00,56726516.75020058
2025-12-08 15:14:00+09:00,56726516.75020058
2025-12-08 15:15:00+09:00,56726516.75020058
2025-12-08 15:16:00+09:00,56726516.75020058
2025-12-08 15:17:00+09:00,56726516.75020058
2025-12-08 15:18:00+09:00,56726516.75020058
2025-12-08 15:19:00+09:00,56726516.75020058
2025-12-08 15:30:00+09:00,56726516.75020058
2025-12-08 15:35:00+09:00,56726516.75020058
2025-12-09 09:00:00+09:00,56726516.75020058
2025-12-09 09:01:00+09:00,56726516.75020058
2025-12-09 09:02:00+09:00,56726516.75020058
2025-12-09 09:03:00+09:00,56726516.75020058
2025-12-09 09:04:00+09:00,56726516.75020058
2025-12-09 09:05:00+09:00,56726516.75020058
2025-12-09 09:06:00+09:00,56726516.75020058
2025-12-09 09:07:00+09:00,56726516.75020058
2025-12-09 09:08:00+09:00,56726516.75020058
2025-12-09 09:09:00+09:00,56726516.75020058
2025-12-09 09:10:00+09:00,56726516.75020058
2025-12-09 09:11:00+09:00,56726516.75020058
2025-12-09 09:12:00+09:00,56726516.75020058
2025-12-09 09:13:00+09:00,56726516.75020058
2025-12-09 09:14:00+09:00,56726516.75020058
2025-12-09 09:15:00+09:00,56726516.75020058
2025-12-09 09:16:00+09:00,56726516.75020058
2025-12-09 09:17:00+09:00,56726516.75020058
2025-12-09 09:18:00+09:00,56726516.75020058
2025-12-09 09:19:00+09:00,56726516.75020058
2025-12-09 09:20:00+09:00,56726516.75020058
2025-12-09 09:21:00+09:00,56726516.75020058
2025-12-09 09:22:00+09:00,56726516.75020058
2025-12-09 09:23:00+09:00,56726516.75020058
2025-12-09 09:24:00+09:00,56726516.75020058
2025-12-09 09:25:00+09:00,56726516.75020058
2025-12-09 09:26:00+09:00,56726516.75020058
2025-12-09 09:27:00+09:00,56726516.75020058
2025-12-09 09:28:00+09:00,56726516.75020058
2025-12-09 09:29:00+09:00,56726516.75020058
2025-12-09 09:30:00+09:00,56726516.75020058
2025-12-09 09:31:00+09:00,56726516.75020058
2025-12-09 09:32:00+09:00,56726516.75020058
2025-12-09 09:33:00+09:00,56726516.75020058
2025-12-09 09:34:00+09:00,56726516.75020058
2025-12-09 09:35:00+09:00,56726516.75020058
2025-12-09 09:36:00+09:00,56726516.75020058
2025-12-09 09:37:00+09:00,56726516.75020058
2025-12-09 09:38:00+09:00,56726516.75020058
2025-12-09 09:39:00+09:00,56726516.75020058
2025-12-09 09:40:00+09:00,56726516.75020058
2025-12-09 09:41:00+09:00,56726516.75020058
2025-12-09 09:42:00+09:00,56726516.75020058
2025-12-09 09:43:00+09:00,56726516.75020058
2025-12-09 09:44:00+09:00,56726516.75020058
2025-12-09 09:45:00+09:00,56726516.75020058
2025-12-09 09:46:00+09:00,56726516.75020058
2025-12-09 09:47:00+09:00,56726516.75020058
2025-12-09 09:48:00+09:00,56726516.75020058
2025-12-09 09:49:00+09:00,56726516.75020058
2025-12-09 09:50:00+09:00,56726516.75020058
2025-12-09 09:51:00+09:00,56726516.75020058
2025-12-09 09:52:00+09:00,56726516.75020058
2025-12-09 09:53:00+09:00,56726516.75020058
2025-12-09 09:54:00+09:00,56726516.75020058
2025-12-09 09:55:00+09:00,56726516.75020058
2025-12-09 09:56:00+09:00,56726516.75020058
2025-12-09 09:57:00+09:00,56726516.75020058
2025-12-09 09:58:00+09:00,56726516.75020058
2025-12-09 09:59:00+09:00,56726516.75020058
2025-12-09 10:00:00+09:00,56726516.75020058
2025-12-09 10:01:00+09:00,56726516.75020058
2025-12-09 10:02:00+09:00,56726516.75020058
2025-12-09 10:03:00+09:00,56726516.75020058
2025-12-09 10:04:00+09:00,56726516.75020058
2025-12-09 10:05:00+09:00,56726516.75020058
2025-12-09 10:06:00+09:00,56726516.75020058
2025-12-09 10:07:00+09:00,56726516.75020058
2025-12-09 10:08:00+09:00,56726516.75020058
2025-12-09 10:09:00+09:00,56726516.75020058
2025-12-09 10:10:00+09:00,56726516.75020058
2025-12-09 10:11:00+09:00,56726516.75020058
2025-12-09 10:12:00+09:00,56726516.75020058
2025-12-09 10:13:00+09:00,56726516.75020058
2025-12-09 10:14:00+09:00,56726516.75020058
2025-12-09 10:15:00+09:00,56726516.75020058
2025-12-09 10:16:00+09:00,56726516.75020058
2025-12-09 10:17:00+09:00,56726516.75020058
2025-12-09 10:18:00+09:00,56726516.75020058
2025-12-09 10:19:00+09:00,56726516.75020058
2025-12-09 10:20:00+09:00,56726516.75020058
2025-12-09 10:21:00+09:00,56726516.75020058
2025-12-09 10:23:00+09:00,56726516.75020058
2025-12-09 10:24:00+09:00,56726516.75020058
2025-12-09 10:25:00+09:00,56726516.75020058
2025-12-09 10:26:00+09:00,56726516.75020058
2025-12-09 10:27:00+09:00,56726516.75020058
2025-12-09 10:28:00+09:00,56726516.75020058
2025-12-09 10:29:00+09:00,56726516.75020058
2025-12-09 10:30:00+09:00,56726516.75020058
2025-12-09 10:31:00+09:00,56726516.75020058
2025-12-09 10:32:00+09:00,56726516.75020058
2025-12-09 10:33:00+09:00,56726516.75020058
2025-12-09 10:34:00+09:00,56726516.75020058
2025-12-09 10:35:00+09:00,56726516.75020058
2025-12-09 10:36:00+09:00,56726516.75020058
2025-12-09 10:37:00+09:00,56726516.75020058
2025-12-09 10:38:00+09:00,56726516.75020058
2025-12-09 10:39:00+09:00,56726516.75020058
2025-12-09 10:40:00+09:00,56726516.75020058
2025-12-09 10:41:00+09:00,56726516.75020058
2025-12-09 10:42:00+09:00,56726516.75020058
2025-12-09 10:43:00+09:00,56726516.75020058
2025-12-09 10:44:00+09:00,56726516.75020058
2025-12-09 10:45:00+09:00,56726516.75020058
2025-12-09 10:46:00+09:00,56726516.75020058
2025-12-09 10:47:00+09:00,56726516.75020058
2025-12-09 10:48:00+09:00,56726516.75020058
2025-12-09 10:49:00+09:00,56726516.75020058
2025-12-09 10:50:00+09:00,56726516.75020058
2025-12-09 10:51:00+09:00,56726516.75020058
2025-12-09 10:52:00+09:00,56726516.75020058
2025-12-09 10:53:00+09:00,56726516.75020058
2025-12-09 10:54:00+09:00,56726516.75020058
2025-12-09 10:55:00+09:00,56726516.75020058
2025-12-09 10:56:00+09:00,56726516.75020058
2025-12-09 10:57:00+09:00,56726516.75020058
2025-12-09 10:58:00+09:00,56726516.75020058
2025-12-09 10:59:00+09:00,56726516.75020058
2025-12-09 11:00:00+09:00,56726516.75020058
2025-12-09 11:01:00+09:00,56726516.75020058
2025-12-09 11:02:00+09:00,56726516.75020058
2025-12-09 11:03:00+09:00,56726516.75020058
2025-12-09 11:04:00+09:00,56726516.75020058
2025-12-09 11:05:00+09:00,56726516.75020058
2025-12-09 11:06:00+09:00,56726516.75020058
2025-12-09 11:07:00+09:00,56726516.75020058
2025-12-09 11:08:00+09:00,56726516.75020058
2025-12-09 11:09:00+09:00,56726516.75020058
2025-12-09 11:10:00+09:00,56726516.75020058
2025-12-09 11:11:00+09:00,56726516.75020058
2025-12-09 11:12:00+09:00,56726516.75020058
2025-12-09 11:13:00+09:00,56726516.75020058
2025-12-09 11:14:00+09:00,56726516.75020058
2025-12-09 11:15:00+09:00,56726516.75020058
2025-12-09 11:16:00+09:00,56726516.75020058
2025-12-09 11:17:00+09:00,56726516.75020058
2025-12-09 11:18:00+09:00,56726516.75020058
2025-12-09 11:19:00+09:00,56726516.75020058
2025-12-09 11:20:00+09:00,56726516.75020058
2025-12-09 11:21:00+09:00,56726516.75020058
2025-12-09 11:22:00+09:00,56726516.75020058
2025-12-09 11:23:00+09:00,56726516.75020058
2025-12-09 11:24:00+09:00,56726516.75020058
2025-12-09 11:25:00+09:00,56726516.75020058
2025-12-09 11:26:00+09:00,56726516.75020058
2025-12-09 11:27:00+09:00,56726516.75020058
2025-12-09 11:28:00+09:00,56726516.75020058
2025-12-09 11:29:00+09:00,56726516.75020058
2025-12-09 11:30:00+09:00,56726516.75020058
2025-12-09 11:31:00+09:00,56726516.75020058
2025-12-09 11:32:00+09:00,56726516.75020058
2025-12-09 11:33:00+09:00,56726516.75020058
2025-12-09 11:34:00+09:00,56726516.75020058
2025-12-09 11:35:00+09:00,56726516.75020058
2025-12-09 11:36:00+09:00,56726516.75020058
2025-12-09 11:37:00+09:00,56726516.75020058
2025-12-09 11:38:00+09:00,56726516.75020058
2025-12-09 11:39:00+09:00,56726516.75020058
2025-12-09 11:40:00+09:00,56726516.75020058
2025-12-09 11:41:00+09:00,56726516.75020058
2025-12-09 11:42:00+09:00,56726516.75020058
2025-12-09 11:43:00+09:00,56726516.75020058
2025-12-09 11:44:00+09:00,56726516.75020058
2025-12-09 11:45:00+09:00,56726516.75020058
2025-12-09 11:46:00+09:00,56726516.75020058
2025-12-09 11:47:00+09:00,56726516.75020058
2025-12-09 11:48:00+09:00,56726516.75020058
2025-12-09 11:49:00+09:00,56726516.75020058
2025-12-09 11:50:00+09:00,56726516.75020058
2025-12-09 11:51:00+09:00,56726516.75020058
2025-12-09 11:52:00+09:00,56726516.75020058
2025-12-09 11:53:00+09:00,56726516.75020058
2025-12-09 11:54:00+09:00,56726516.75020058
2025-12-09 11:55:00+09:00,56726516.75020058
2025-12-09 11:56:00+09:00,56726516.75020058
2025-12-09 11:57:00+09:00,56726516.75020058
2025-12-09 11:58:00+09:00,56726516.75020058
2025-12-09 11:59:00+09:00,56726516.75020058
2025-12-09 12:00:00+09:00,56726516.75020058
2025-12-09 12:01:00+09:00,56726516.75020058
2025-12-09 12:02:00+09:00,56726516.75020058
2025-12-09 12:03:00+09:00,56726516.75020058
2025-12-09 12:04:00+09:00,56726516.75020058
2025-12-09 12:05:00+09:00,56726516.75020058
2025-12-09 12:06:00+09:00,56726516.75020058
2025-12-09 12:07:00+09:00,56726516.75020058
2025-12-09 12:08:00+09:00,56726516.75020058
2025-12-09 12:09:00+09:00,56726516.75020058
2025-12-09 12:10:00+09:00,56726516.75020058
2025-12-09 12:11:00+09:00,56726516.75020058
2025-12-09 12:12:00+09:00,56726516.75020058
2025-12-09 12:13:00+09:00,56726516.75020058
2025-12-09 12:14:00+09:00,56726516.75020058
2025-12-09 12:15:00+09:00,56726516.75020058
2025-12-09 12:16:00+09:00,56726516.75020058
2025-12-09 12:17:00+09:00,56726516.75020058
2025-12-09 12:18:00+09:00,56726516.75020058
2025-12-09 12:19:00+09:00,56726516.75020058
2025-12-09 12:20:00+09:00,56726516.75020058
2025-12-09 12:21:00+09:00,56726516.75020058
2025-12-09 12:22:00+09:00,56726516.75020058
2025-12-09 12:23:00+09:00,56726516.75020058
2025-12-09 12:24:00+09:00,56726516.75020058
2025-12-09 12:25:00+09:00,56726516.75020058
2025-12-09 12:26:00+09:00,56726516.75020058
2025-12-09 12:27:00+09:00,56726516.75020058
2025-12-09 12:28:00+09:00,56726516.75020058
2025-12-09 12:29:00+09:00,56726516.75020058
2025-12-09 12:30:00+09:00,56726516.75020058
2025-12-09 12:31:00+09:00,56726516.75020058
2025-12-09 12:32:00+09:00,56726516.75020058
2025-12-09 12:33:00+09:00,56726516.75020058
2025-12-09 12:34:00+09:00,56726516.75020058
2025-12-09 12:35:00+09:00,56726516.75020058
2025-12-09 12:36:00+09:00,56726516.75020058
2025-12-09 12:37:00+09:00,56726516.75020058
2025-12-09 12:38:00+09:00,56726516.75020058
2025-12-09 12:39:00+09:00,56726516.75020058
2025-12-09 12:40:00+09:00,56726516.75020058
2025-12-09 12:41:00+09:00,56726516.75020058
2025-12-09 12:42:00+09:00,56726516.75020058
2025-12-09 12:43:00+09:00,56726516.75020058
2025-12-09 12:44:00+09:00,56726516.75020058
2025-12-09 12:45:00+09:00,56726516.75020058
2025-12-09 12:46:00+09:00,56726516.75020058
2025-12-09 12:47:00+09:00,56726516.75020058
2025-12-09 12:48:00+09:00,56726516.75020058
2025-12-09 12:49:00+09:00,56726516.75020058
2025-12-09 12:50:00+09:00,56726516.75020058
2025-12-09 12:51:00+09:00,56726516.75020058
2025-12-09 12:52:00+09:00,56726516.75020058
2025-12-09 12:53:00+09:00,56726516.75020058
2025-12-09 12:54:00+09:00,56726516.75020058
2025-12-09 12:55:00+09:00,56726516.75020058
2025-12-09 12:56:00+09:00,56726516.75020058
2025-12-09 12:57:00+09:00,56726516.75020058
2025-12-09 12:58:00+09:00,56726516.75020058
2025-12-09 12:59:00+09:00,56726516.75020058
2025-12-09 13:00:00+09:00,56726516.75020058
2025-12-09 13:01:00+09:00,56703826.1435005
2025-12-09 13:02:00+09:00,56781716.01457673
2025-12-09 13:03:00+09:00,56781716.01457673
2025-12-09 13:04:00+09:00,56703826.1435005
2025-12-09 13:06:00+09:00,56781716.01457673
2025-12-09 13:07:00+09:00,56859605.88565297
2025-12-09 13:08:00+09:00,56937495.75672921
2025-12-09 13:09:00+09:00,56937495.75672921
2025-12-09 13:10:00+09:00,56859605.88565297
2025-12-09 13:11:00+09:00,56781716.014576726
2025-12-09 13:12:00+09:00,56703826.14350049
2025-12-09 13:13:00+09:00,56703826.14350049
2025-12-09 13:14:00+09:00,56703826.14350049
2025-12-09 13:15:00+09:00,56703826.14350049
2025-12-09 13:16:00+09:00,56703826.14350049
2025-12-09 13:17:00+09:00,56703826.14350049
2025-12-09 13:18:00+09:00,56703826.14350049
2025-12-09 13:19:00+09:00,56781716.014576726
2025-12-09 13:20:00+09:00,56703826.14350049
2025-12-09 13:21:00+09:00,56703826.14350049
2025-12-09 13:22:00+09:00,56703826.14350049
2025-12-09 13:23:00+09:00,56781716.014576726
2025-12-09 13:24:00+09:00,56781716.014576726
2025-12-09 13:25:00+09:00,56781716.014576726
2025-12-09 13:26:00+09:00,56859605.88565296
2025-12-09 13:27:00+09:00,56859605.88565296
2025-12-09 13:28:00+09:00,56859605.88565296
2025-12-09 13:29:00+09:00,56781716.01457672
2025-12-09 13:30:00+09:00,56781716.01457672
2025-12-09 13:31:00+09:00,56859605.88565295
2025-12-09 13:32:00+09:00,56859605.88565295
2025-12-09 13:33:00+09:00,56937495.75672919
2025-12-09 13:34:00+09:00,56937495.75672919
2025-12-09 13:35:00+09:00,56859605.88565295
2025-12-09 13:36:00+09:00,56859605.88565295
2025-12-09 13:37:00+09:00,56859605.88565295
2025-12-09 13:38:00+09:00,56859605.88565295
2025-12-09 13:39:00+09:00,56781716.01457671
2025-12-09 13:40:00+09:00,56859605.885652944
2025-12-09 13:41:00+09:00,56859605.885652944
2025-12-09 13:42:00+09:00,56781716.0145767
2025-12-09 13:43:00+09:00,56781716.0145767
2025-12-09 13:44:00+09:00,56781716.0145767
2025-12-09 13:45:00+09:00,56781716.0145767
2025-12-09 13:46:00+09:00,56781716.0145767
2025-12-09 13:47:00+09:00,56781716.0145767
2025-12-09 13:48:00+09:00,56781716.0145767
2025-12-09 13:49:00+09:00,56781716.0145767
2025-12-09 13:50:00+09:00,56781716.0145767
2025-12-09 13:51:00+09:00,56781716.0145767
2025-12-09 13:52:00+09:00,56859605.88565294
2025-12-09 13:53:00+09:00,56781716.014576696
2025-12-09 13:54:00+09:00,56703826.14350046
2025-12-09 13:55:00+09:00,56781716.014576696
2025-12-09 13:56:00+09:00,56550725.81291301
2025-12-09 13:57:00+09:00,56550725.81291301
2025-12-09 13:58:00+09:00,56550725.81291301
2025-12-09 13:59:00+09:00,56550725.81291301
2025-12-09 14:00:00+09:00,56550725.81291301
2025-12-09 14:01:00+09:00,56550725.81291301
2025-12-09 14:02:00+09:00,56550725.81291301
2025-12-09 14:03:00+09:00,56550725.81291301
2025-12-09 14:04:00+09:00,56550725.81291301
2025-12-09 14:05:00+09:00,56550725.81291301
2025-12-09 14:06:00+09:00,56550725.81291301
2025-12-09 14:07:00+09:00,56550725.81291301
2025-12-09 14:08:00+09:00,56550725.81291301
2025-12-09 14:09:00+09:00,56550725.81291301
2025-12-09 14:10:00+09:00,56550725.81291301
2025-12-09 14:11:00+09:00,56550725.81291301
2025-12-09 14:12:00+09:00,56550725.81291301
2025-12-09 14:13:00+09:00,56550725.81291301
2025-12-09 14:14:00+09:00,56550725.81291301
2025-12-09 14:16:00+09:00,56550725.81291301
2025-12-09 14:17:00+09:00,56550725.81291301
2025-12-09 14:18:00+09:00,56550725.81291301
2025-12-09 14:19:00+09:00,56550725.81291301
2025-12-09 14:20:00+09:00,56550725.81291301
2025-12-09 14:21:00+09:00,56550725.81291301
2025-12-09 14:23:00+09:00,56550725.81291301
2025-12-09 14:24:00+09:00,56550725.81291301
2025-12-09 14:25:00+09:00,56550725.81291301
2025-12-09 14:26:00+09:00,56550725.81291301
2025-12-09 14:27:00+09:00,56550725.81291301
2025-12-09 14:28:00+09:00,56550725.81291301
2025-12-09 14:29:00+09:00,56550725.81291301
2025-12-09 14:30:00+09:00,56550725.81291301
2025-12-09 14:31:00+09:00,56550725.81291301
2025-12-09 14:32:00+09:00,56550725.81291301
2025-12-09 14:33:00+09:00,56550725.81291301
2025-12-09 14:34:00+09:00,56550725.81291301
2025-12-09 14:35:00+09:00,56550725.81291301
2025-12-09 14:36:00+09:00,56550725.81291301
2025-12-09 14:37:00+09:00,56550725.81291301
2025-12-09 14:38:00+09:00,56550725.81291301
2025-12-09 14:39:00+09:00,56528105.52258784
2025-12-09 14:40:00+09:00,56528105.52258784
2025-12-09 14:41:00+09:00,56450669.76159799
2025-12-09 14:42:00+09:00,56450669.76159799
2025-12-09 14:44:00+09:00,56450669.76159799
2025-12-09 14:45:00+09:00,56528105.522587836
2025-12-09 14:46:00+09:00,56605541.28357769
2025-12-09 14:47:00+09:00,56528105.522587836
2025-12-09 14:48:00+09:00,56605541.28357769
2025-12-09 14:49:00+09:00,56605541.28357769
2025-12-09 14:50:00+09:00,56528105.522587836
2025-12-09 14:51:00+09:00,56528105.522587836
2025-12-09 14:52:00+09:00,56528105.522587836
2025-12-09 14:53:00+09:00,56528105.522587836
2025-12-09 14:54:00+09:00,56528105.522587836
2025-12-09 14:55:00+09:00,56605541.28357769
2025-12-09 14:56:00+09:00,56528105.522587836
2025-12-09 14:57:00+09:00,56528105.522587836
2025-12-09 14:58:00+09:00,56528105.522587836
2025-12-09 14:59:00+09:00,56528105.522587836
2025-12-09 15:00:00+09:00,56528105.522587836
2025-12-09 15:01:00+09:00,56605541.28357769
2025-12-09 15:02:00+09:00,56528105.522587836
2025-12-09 15:03:00+09:00,56605541.28357769
2025-12-09 15:04:00+09:00,56605541.28357769
2025-12-09 15:05:00+09:00,56605541.28357769
2025-12-09 15:06:00+09:00,56528105.522587836
2025-12-09 15:07:00+09:00,56605541.28357769
2025-12-09 15:08:00+09:00,56605541.28357769
2025-12-09 15:09:00+09:00,56605541.28357769
2025-12-09 15:10:00+09:00,56605541.28357769
2025-12-09 15:11:00+09:00,56605541.28357769
2025-12-09 15:12:00+09:00,56605541.28357769
2025-12-09 15:13:00+09:00,56528105.522587836
2025-12-09 15:14:00+09:00,56605541.28357769
2025-12-09 15:15:00+09:00,56605541.28357769
2025-12-09 15:16:00+09:00,56605541.28357769
2025-12-09 15:17:00+09:00,56605541.28357769
2025-12-09 15:18:00+09:00,56682977.04456754
2025-12-09 15:19:00+09:00,56760412.80555739
2025-12-09 15:30:00+09:00,56760412.80555739
2025-12-09 15:35:00+09:00,56760412.80555739
2025-12-10 09:00:00+09:00,56528105.52258785
2025-12-10 09:01:00+09:00,55908619.434669085
2025-12-10 09:02:00+09:00,55834892.846630655
2025-12-10 09:03:00+09:00,55834892.846630655
2025-12-10 09:04:00+09:00,55834892.846630655
2025-12-10 09:05:00+09:00,55834892.846630655
2025-12-10 09:06:00+09:00,55834892.846630655
2025-12-10 09:07:00+09:00,55834892.846630655
2025-12-10 09:08:00+09:00,55834892.846630655
2025-12-10 09:09:00+09:00,55834892.846630655
2025-12-10 09:10:00+09:00,55834892.846630655
2025-12-10 09:11:00+09:00,55834892.846630655
2025-12-10 09:12:00+09:00,55834892.846630655
2025-12-10 09:13:00+09:00,55834892.846630655
2025-12-10 09:14:00+09:00,55834892.846630655
2025-12-10 09:15:00+09:00,55834892.846630655
2025-12-10 09:16:00+09:00,55834892.846630655
2025-12-10 09:17:00+09:00,55834892.846630655
2025-12-10 09:18:00+09:00,55834892.846630655
2025-12-10 09:19:00+09:00,55834892.846630655
2025-12-10 09:20:00+09:00,55834892.846630655
2025-12-10 09:21:00+09:00,55834892.846630655
2025-12-10 09:22:00+09:00,55834892.846630655
2025-12-10 09:23:00+09:00,55834892.846630655
2025-12-10 09:24:00+09:00,55834892.846630655
2025-12-10 09:25:00+09:00,55834892.846630655
2025-12-10 09:26:00+09:00,55834892.846630655
2025-12-10 09:27:00+09:00,55834892.846630655
2025-12-10 09:28:00+09:00,55834892.846630655
2025-12-10 09:29:00+09:00,55834892.846630655
2025-12-10 09:30:00+09:00,55834892.846630655
2025-12-10 09:31:00+09:00,55834892.846630655
2025-12-10 09:32:00+09:00,55834892.846630655
2025-12-10 09:33:00+09:00,55834892.846630655
2025-12-10 09:34:00+09:00,55834892.846630655
2025-12-10 09:35:00+09:00,55834892.846630655
2025-12-10 09:36:00+09:00,55834892.846630655
2025-12-10 09:37:00+09:00,55834892.846630655
2025-12-10 09:38:00+09:00,55834892.846630655
2025-12-10 09:39:00+09:00,55834892.846630655
2025-12-10 09:40:00+09:00,55834892.846630655
2025-12-10 09:41:00+09:00,55834892.846630655
2025-12-10 09:42:00+09:00,55834892.846630655
2025-12-10 09:43:00+09:00,55834892.846630655
2025-12-10 09:44:00+09:00,55834892.846630655
2025-12-10 09:45:00+09:00,55834892.846630655
2025-12-10 09:46:00+09:00,55834892.846630655
2025-12-10 09:47:00+09:00,55834892.846630655
2025-12-10 09:48:00+09:00,55834892.846630655
2025-12-10 09:49:00+09:00,55834892.846630655
2025-12-10 09:50:00+09:00,55834892.846630655
2025-12-10 09:51:00+09:00,55834892.846630655
2025-12-10 09:52:00+09:00,55834892.846630655
2025-12-10 09:53:00+09:00,55834892.846630655
2025-12-10 09:54:00+09:00,55834892.846630655
2025-12-10 09:55:00+09:00,55834892.846630655
2025-12-10 09:56:00+09:00,55834892.846630655
2025-12-10 09:57:00+09:00,55834892.846630655
2025-12-10 09:58:00+09:00,55834892.846630655
2025-12-10 09:59:00+09:00,55834892.846630655
2025-12-10 10:00:00+09:00,55834892.846630655
2025-12-10 10:01:00+09:00,55834892.846630655
2025-12-10 10:02:00+09:00,55834892.846630655
2025-12-10 10:03:00+09:00,55834892.846630655
2025-12-10 10:04:00+09:00,55834892.846630655
2025-12-10 10:05:00+09:00,55834892.846630655
2025-12-10 10:06:00+09:00,55834892.846630655
2025-12-10 10:07:00+09:00,55834892.846630655
2025-12-10 10:08:00+09:00,55834892.846630655
2025-12-10 10:09:00+09:00,55834892.846630655
2025-12-10 10:10:00+09:00,55834892.846630655
2025-12-10 10:11:00+09:00,55834892.846630655
2025-12-10 10:12:00+09:00,55834892.846630655
2025-12-10 10:13:00+09:00,55834892.846630655
2025-12-10 10:14:00+09:00,55834892.846630655
2025-12-10 10:15:00+09:00,55834892.846630655
2025-12-10 10:16:00+09:00,55834892.846630655
2025-12-10 10:17:00+09:00,55834892.846630655
2025-12-10 10:18:00+09:00,55834892.846630655
2025-12-10 10:19:00+09:00,55834892.846630655
2025-12-10 10:20:00+09:00,55834892.846630655
2025-12-10 10:21:00+09:00,55834892.846630655
2025-12-10 10:22:00+09:00,55834892.846630655
2025-12-10 10:23:00+09:00,55834892.846630655
2025-12-10 10:24:00+09:00,55834892.846630655
2025-12-10 10:25:00+09:00,55834892.846630655
2025-12-10 10:26:00+09:00,55834892.846630655
2025-12-10 10:27:00+09:00,55834892.846630655
2025-12-10 10:28:00+09:00,55834892.846630655
2025-12-10 10:29:00+09:00,55834892.846630655
2025-12-10 10:30:00+09:00,55834892.846630655
2025-12-10 10:31:00+09:00,55834892.846630655
2025-12-10 10:32:00+09:00,55834892.846630655
2025-12-10 10:33:00+09:00,55834892.846630655
2025-12-10 10:34:00+09:00,55834892.846630655
2025-12-10 10:35:00+09:00,55834892.846630655
2025-12-10 10:36:00+09:00,55834892.846630655
2025-12-10 10:37:00+09:00,55834892.846630655
2025-12-10 10:38:00+09:00,55834892.846630655
2025-12-10 10:39:00+09:00,55834892.846630655
2025-12-10 10:40:00+09:00,55834892.846630655
2025-12-10 10:41:00+09:00,55834892.846630655
2025-12-10 10:42:00+09:00,55834892.846630655
2025-12-10 10:43:00+09:00,55834892.846630655
2025-12-10 10:44:00+09:00,55834892.846630655
2025-12-10 10:45:00+09:00,55834892.846630655
2025-12-10 10:46:00+09:00,55834892.846630655
2025-12-10 10:47:00+09:00,55834892.846630655
2025-12-10 10:48:00+09:00,55834892.846630655
2025-12-10 10:49:00+09:00,55834892.846630655
2025-12-10 10:50:00+09:00,55834892.846630655
2025-12-10 10:51:00+09:00,55834892.846630655
2025-12-10 10:52:00+09:00,55834892.846630655
2025-12-10 10:53:00+09:00,55834892.846630655
2025-12-10 10:54:00+09:00,55834892.846630655
2025-12-10 10:55:00+09:00,55834892.846630655
2025-12-10 10:56:00+09:00,55834892.846630655
2025-12-10 10:57:00+09:00,55834892.846630655
2025-12-10 10:58:00+09:00,55834892.846630655
2025-12-10 10:59:00+09:00,55834892.846630655
2025-12-10 11:00:00+09:00,55834892.846630655
2025-12-10 11:01:00+09:00,55834892.846630655
2025-12-10 11:03:00+09:00,55834892.846630655
2025-12-10 11:04:00+09:00,55834892.846630655
2025-12-10 11:05:00+09:00,55834892.846630655
2025-12-10 11:06:00+09:00,55834892.846630655
2025-12-10 11:07:00+09:00,55834892.846630655
2025-12-10 11:08:00+09:00,55834892.846630655
2025-12-10 11:09:00+09:00,55834892.846630655
2025-12-10 11:10:00+09:00,55834892.846630655
2025-12-10 11:11:00+09:00,55834892.846630655
2025-12-10 11:12:00+09:00,55834892.846630655
2025-12-10 11:13:00+09:00,55834892.846630655
2025-12-10 11:14:00+09:00,55834892.846630655
2025-12-10 11:15:00+09:00,55834892.846630655
2025-12-10 11:16:00+09:00,55834892.846630655
2025-12-10 11:17:00+09:00,55834892.846630655
2025-12-10 11:18:00+09:00,55834892.846630655
2025-12-10 11:19:00+09:00,55834892.846630655
2025-12-10 11:20:00+09:00,55834892.846630655
2025-12-10 11:21:00+09:00,55834892.846630655
2025-12-10 11:22:00+09:00,55834892.846630655
2025-12-10 11:23:00+09:00,55834892.846630655
2025-12-10 11:24:00+09:00,55834892.846630655
2025-12-10 11:25:00+09:00,55834892.846630655
2025-12-10 11:26:00+09:00,55834892.846630655
2025-12-10 11:27:00+09:00,55834892.846630655
2025-12-10 11:28:00+09:00,55834892.846630655
2025-12-10 11:29:00+09:00,55834892.846630655
2025-12-10 11:30:00+09:00,55834892.846630655
2025-12-10 11:31:00+09:00,55834892.846630655
2025-12-10 11:32:00+09:00,55834892.846630655
2025-12-10 11:33:00+09:00,55834892.846630655
2025-12-10 11:34:00+09:00,55834892.846630655
2025-12-10 11:35:00+09:00,55834892.846630655
2025-12-10 11:36:00+09:00,55834892.846630655
2025-12-10 11:37:00+09:00,55834892.846630655
2025-12-10 11:38:00+09:00,55812558.889492005
2025-12-10 11:39:00+09:00,55812558.889492005
2025-12-10 11:40:00+09:00,55734608.388249695
2025-12-10 11:41:00+09:00,55812558.889492
2025-12-10 11:42:00+09:00,55661864.980490364
2025-12-10 11:43:00+09:00,55661864.980490364
2025-12-10 11:44:00+09:00,55661864.980490364
2025-12-10 11:45:00+09:00,55661864.980490364
2025-12-10 11:46:00+09:00,55661864.980490364
2025-12-10 11:47:00+09:00,55661864.980490364
2025-12-10 11:48:00+09:00,55661864.980490364
2025-12-10 11:49:00+09:00,55661864.980490364
2025-12-10 11:50:00+09:00,55661864.980490364
2025-12-10 11:51:00+09:00,55661864.980490364
2025-12-10 11:52:00+09:00,55661864.980490364
2025-12-10 11:53:00+09:00,55661864.980490364
2025-12-10 11:54:00+09:00,55661864.980490364
2025-12-10 11:55:00+09:00,55661864.980490364
2025-12-10 11:56:00+09:00,55639600.23449817
2025-12-10 11:57:00+09:00,55639600.23449817
2025-12-10 11:58:00+09:00,55639600.23449817
2025-12-10 11:59:00+09:00,55639600.23449817
2025-12-10 12:00:00+09:00,55639600.23449817
2025-12-10 12:01:00+09:00,55639600.23449817
2025-12-10 12:02:00+09:00,55639600.23449817
2025-12-10 12:03:00+09:00,55639600.23449817
2025-12-10 12:04:00+09:00,55639600.23449817
2025-12-10 12:05:00+09:00,55639600.23449817
2025-12-10 12:06:00+09:00,55639600.23449817
2025-12-10 12:07:00+09:00,55639600.23449817
2025-12-10 12:08:00+09:00,55639600.23449817
2025-12-10 12:09:00+09:00,55639600.23449817
2025-12-10 12:10:00+09:00,55639600.23449817
2025-12-10 12:11:00+09:00,55639600.23449817
2025-12-10 12:12:00+09:00,55639600.23449817
2025-12-10 12:13:00+09:00,55639600.23449817
2025-12-10 12:14:00+09:00,55717309.17337317
2025-12-10 12:15:00+09:00,55639600.23449817
2025-12-10 12:16:00+09:00,55639600.23449817
2025-12-10 12:17:00+09:00,55678454.703935675
2025-12-10 12:18:00+09:00,55639600.23449818
2025-12-10 12:19:00+09:00,55717309.17337318
2025-12-10 12:20:00+09:00,55639600.23449818
2025-12-10 12:21:00+09:00,55639600.23449818
2025-12-10 12:22:00+09:00,55717309.17337318
2025-12-10 12:23:00+09:00,55717309.17337318
2025-12-10 12:24:00+09:00,55717309.17337318
2025-12-10 12:25:00+09:00,55639600.23449818
2025-12-10 12:26:00+09:00,55639600.23449818
2025-12-10 12:27:00+09:00,55795018.112248175
2025-12-10 12:28:00+09:00,55717309.17337318
2025-12-10 12:29:00+09:00,55639600.23449818
2025-12-10 12:30:00+09:00,55717309.17337318
2025-12-10 12:31:00+09:00,55717309.17337318
2025-12-10 12:32:00+09:00,55872727.051123165
2025-12-10 12:33:00+09:00,55717309.17337317
2025-12-10 12:34:00+09:00,55717309.17337317
2025-12-10 12:35:00+09:00,55717309.17337317
2025-12-10 12:36:00+09:00,55639600.23449817
2025-12-10 12:37:00+09:00,55639600.23449817
2025-12-10 12:38:00+09:00,55489373.31386503
2025-12-10 12:39:00+09:00,55489373.31386503
2025-12-10 12:40:00+09:00,55489373.31386503
2025-12-10 12:41:00+09:00,55489373.31386503
2025-12-10 12:42:00+09:00,55489373.31386503
2025-12-10 12:43:00+09:00,55489373.31386503
2025-12-10 12:44:00+09:00,55489373.31386503
2025-12-10 12:45:00+09:00,55489373.31386503
2025-12-10 12:46:00+09:00,55489373.31386503
2025-12-10 12:47:00+09:00,55489373.31386503
2025-12-10 12:48:00+09:00,55489373.31386503
2025-12-10 12:49:00+09:00,55489373.31386503
2025-12-10 12:50:00+09:00,55467177.564539485
2025-12-10 12:51:00+09:00,55467177.564539485
2025-12-10 12:52:00+09:00,55317416.185115226
2025-12-10 12:53:00+09:00,55317416.185115226
2025-12-10 12:54:00+09:00,55317416.185115226
2025-12-10 12:55:00+09:00,55317416.185115226
2025-12-10 12:56:00+09:00,55317416.185115226
2025-12-10 12:57:00+09:00,55317416.185115226
2025-12-10 12:58:00+09:00,55317416.185115226
2025-12-10 12:59:00+09:00,55317416.185115226
2025-12-10 13:00:00+09:00,55317416.185115226
2025-12-10 13:01:00+09:00,55317416.185115226
2025-12-10 13:02:00+09:00,55317416.185115226
2025-12-10 13:03:00+09:00,55295289.218641184
2025-12-10 13:04:00+09:00,55145991.93775085
2025-12-10 13:05:00+09:00,55145991.93775085
2025-12-10 13:06:00+09:00,55145991.93775085
2025-12-10 13:07:00+09:00,55145991.93775085
2025-12-10 13:08:00+09:00,55145991.93775085
2025-12-10 13:09:00+09:00,55145991.93775085
2025-12-10 13:10:00+09:00,55145991.93775085
2025-12-10 13:11:00+09:00,55145991.93775085
2025-12-10 13:12:00+09:00,55145991.93775085
2025-12-10 13:13:00+09:00,55145991.93775085
2025-12-10 13:14:00+09:00,55145991.93775085
2025-12-10 13:15:00+09:00,55145991.93775085
2025-12-10 13:16:00+09:00,55145991.93775085
2025-12-10 13:17:00+09:00,55145991.93775085
2025-12-10 13:18:00+09:00,55145991.93775085
2025-12-10 13:19:00+09:00,55145991.93775085
2025-12-10 13:20:00+09:00,55145991.93775085
2025-12-10 13:21:00+09:00,55145991.93775085
2025-12-10 13:22:00+09:00,55145991.93775085
2025-12-10 13:23:00+09:00,55145991.93775085
2025-12-10 13:24:00+09:00,55145991.93775085
2025-12-10 13:25:00+09:00,55145991.93775085
2025-12-10 13:26:00+09:00,55145991.93775085
2025-12-10 13:27:00+09:00,55145991.93775085
2025-12-10 13:28:00+09:00,55145991.93775085
2025-12-10 13:29:00+09:00,55145991.93775085
2025-12-10 13:30:00+09:00,55145991.93775085
2025-12-10 13:31:00+09:00,55145991.93775085
2025-12-10 13:32:00+09:00,55123933.54097576
2025-12-10 13:33:00+09:00,55123933.54097576
2025-12-10 13:34:00+09:00,55051879.78482911
2025-12-10 13:35:00+09:00,55051879.78482911
2025-12-10 13:36:00+09:00,55051879.78482911
2025-12-10 13:37:00+09:00,55051879.78482911
2025-12-10 13:38:00+09:00,55051879.78482911
2025-12-10 13:39:00+09:00,55051879.78482911
2025-12-10 13:40:00+09:00,55051879.78482911
2025-12-10 13:41:00+09:00,55051879.78482911
2025-12-10 13:42:00+09:00,55051879.78482911
2025-12-10 13:43:00+09:00,55051879.78482911
2025-12-10 13:44:00+09:00,55051879.78482911
2025-12-10 13:45:00+09:00,55051879.78482911
2025-12-10 13:46:00+09:00,55029859.03291518
2025-12-10 13:47:00+09:00,54953108.88084696
2025-12-10 13:48:00+09:00,54953108.88084696
2025-12-10 13:49:00+09:00,54881278.41352631
2025-12-10 13:50:00+09:00,54881278.41352631
2025-12-10 13:51:00+09:00,54881278.41352631
2025-12-10 13:52:00+09:00,54881278.41352631
2025-12-10 13:53:00+09:00,54881278.41352631
2025-12-10 13:54:00+09:00,54881278.41352631
2025-12-10 13:55:00+09:00,54881278.41352631
2025-12-10 13:56:00+09:00,54881278.41352631
2025-12-10 13:57:00+09:00,54881278.41352631
2025-12-10 13:58:00+09:00,54881278.41352631
2025-12-10 13:59:00+09:00,54881278.41352631
2025-12-10 14:00:00+09:00,54881278.41352631
2025-12-10 14:01:00+09:00,54881278.41352631
2025-12-10 14:02:00+09:00,54881278.41352631
2025-12-10 14:03:00+09:00,54881278.41352631
2025-12-10 14:04:00+09:00,54881278.41352631
2025-12-10 14:05:00+09:00,54881278.41352631
2025-12-10 14:06:00+09:00,54881278.41352631
2025-12-10 14:07:00+09:00,54881278.41352631
2025-12-10 14:08:00+09:00,54881278.41352631
2025-12-10 14:09:00+09:00,54881278.41352631
2025-12-10 14:10:00+09:00,54881278.41352631
2025-12-10 14:11:00+09:00,54881278.41352631
2025-12-10 14:12:00+09:00,54881278.41352631
2025-12-10 14:13:00+09:00,54881278.41352631
2025-12-10 14:14:00+09:00,54881278.41352631
2025-12-10 14:15:00+09:00,54881278.41352631
2025-12-10 14:16:00+09:00,54881278.41352631
2025-12-10 14:17:00+09:00,54881278.41352631
2025-12-10 14:18:00+09:00,54881278.41352631
2025-12-10 14:19:00+09:00,54881278.41352631
2025-12-10 14:20:00+09:00,54881278.41352631
2025-12-10 14:22:00+09:00,54881278.41352631
2025-12-10 14:23:00+09:00,54881278.41352631
2025-12-10 14:24:00+09:00,54881278.41352631
2025-12-10 14:25:00+09:00,54859325.902160905
2025-12-10 14:26:00+09:00,54935945.07241532
2025-12-10 14:27:00+09:00,54711205.72222508
2025-12-10 14:28:00+09:00,54711205.72222508
2025-12-10 14:29:00+09:00,54711205.72222508
2025-12-10 14:30:00+09:00,54711205.72222508
2025-12-10 14:31:00+09:00,54711205.72222508
2025-12-10 14:32:00+09:00,54711205.72222508
2025-12-10 14:33:00+09:00,54711205.72222508
2025-12-10 14:34:00+09:00,54711205.72222508
2025-12-10 14:35:00+09:00,54711205.72222508
2025-12-10 14:36:00+09:00,54711205.72222508
2025-12-10 14:37:00+09:00,54711205.72222508
2025-12-10 14:38:00+09:00,54711205.72222508
2025-12-10 14:39:00+09:00,54711205.72222508
2025-12-10 14:40:00+09:00,54711205.72222508
2025-12-10 14:41:00+09:00,54711205.72222508
2025-12-10 14:42:00+09:00,54711205.72222508
2025-12-10 14:43:00+09:00,54689321.23993619
2025-12-10 14:44:00+09:00,54765702.97351152
2025-12-10 14:45:00+09:00,54541660.07258836
2025-12-10 14:46:00+09:00,54541660.07258836
2025-12-10 14:47:00+09:00,54541660.07258836
2025-12-10 14:48:00+09:00,54541660.07258836
2025-12-10 14:49:00+09:00,54541660.07258836
2025-12-10 14:50:00+09:00,54541660.07258836
2025-12-10 14:51:00+09:00,54541660.07258836
2025-12-10 14:52:00+09:00,54541660.07258836
2025-12-10 14:53:00+09:00,54541660.07258836
2025-12-10 14:54:00+09:00,54541660.07258836
2025-12-10 14:55:00+09:00,54541660.07258836
2025-12-10 14:56:00+09:00,54541660.07258836
2025-12-10 14:57:00+09:00,54541660.07258836
2025-12-10 14:58:00+09:00,54541660.07258836
2025-12-10 14:59:00+09:00,54541660.07258836
2025-12-10 15:00:00+09:00,54541660.07258836
2025-12-10 15:01:00+09:00,54541660.07258836
2025-12-10 15:02:00+09:00,54541660.07258836
2025-12-10 15:03:00+09:00,54541660.07258836
2025-12-10 15:04:00+09:00,54541660.07258836
2025-12-10 15:05:00+09:00,54541660.07258836
2025-12-10 15:06:00+09:00,54541660.07258836
2025-12-10 15:07:00+09:00,54541660.07258836
2025-12-10 15:08:00+09:00,54541660.07258836
2025-12-10 15:09:00+09:00,54541660.07258836
2025-12-10 15:10:00+09:00,54541660.07258836
2025-12-10 15:11:00+09:00,54541660.07258836
2025-12-10 15:12:00+09:00,54541660.07258836
2025-12-10 15:13:00+09:00,54541660.07258836
2025-12-10 15:14:00+09:00,54541660.07258836
2025-12-10 15:15:00+09:00,54541660.07258836
2025-12-10 15:16:00+09:00,54541660.07258836
2025-12-10 15:17:00+09:00,54541660.07258836
2025-12-10 15:18:00+09:00,54541660.07258836
2025-12-10 15:19:00+09:00,54541660.07258836
2025-12-10 15:30:00+09:00,54541660.07258836
2025-12-10 15:35:00+09:00,54541660.07258836
2025-12-11 09:00:00+09:00,54541660.07258836
2025-12-11 09:01:00+09:00,54541660.07258836
2025-12-11 09:02:00+09:00,54541660.07258836
2025-12-11 09:03:00+09:00,54541660.07258836
2025-12-11 09:04:00+09:00,54519843.40855933
2025-12-11 09:05:00+09:00,54444331.16007102
2025-12-11 09:06:00+09:00,54444331.16007102
2025-12-11 09:07:00+09:00,54293306.6630944
2025-12-11 09:08:00+09:00,54368818.91158271
2025-12-11 09:09:00+09:00,54368818.91158271
2025-12-11 09:10:00+09:00,54595355.65704764
2025-12-11 09:11:00+09:00,54670867.905535944
2025-12-11 09:12:00+09:00,54519843.40855932
2025-12-11 09:13:00+09:00,54444331.160071015
2025-12-11 09:14:00+09:00,54444331.160071015
2025-12-11 09:15:00+09:00,54293306.663094394
2025-12-11 09:16:00+09:00,54293306.663094394
2025-12-11 09:17:00+09:00,54293306.663094394
2025-12-11 09:18:00+09:00,54368818.9115827
2025-12-11 09:19:00+09:00,54293306.663094394
2025-12-11 09:20:00+09:00,54293306.663094394
2025-12-11 09:21:00+09:00,54217794.41460609
2025-12-11 09:22:00+09:00,54217794.41460609
2025-12-11 09:23:00+09:00,54217794.41460609
2025-12-11 09:24:00+09:00,54142282.16611778
2025-12-11 09:25:00+09:00,54142282.16611778
2025-12-11 09:26:00+09:00,54071406.369686656
2025-12-11 09:27:00+09:00,54071406.369686656
2025-12-11 09:28:00+09:00,54071406.369686656
2025-12-11 09:29:00+09:00,54071406.369686656
2025-12-11 09:30:00+09:00,54071406.369686656
2025-12-11 09:31:00+09:00,54071406.369686656
2025-12-11 09:32:00+09:00,54071406.369686656
2025-12-11 09:33:00+09:00,54071406.369686656
2025-12-11 09:34:00+09:00,54071406.369686656
2025-12-11 09:35:00+09:00,54071406.369686656
2025-12-11 09:36:00+09:00,54071406.369686656
2025-12-11 09:37:00+09:00,54049777.807138786
2025-12-11 09:38:00+09:00,53974812.78937577
2025-12-11 09:39:00+09:00,54199707.84266483
2025-12-11 09:40:00+09:00,54199707.84266483
2025-12-11 09:41:00+09:00,54199707.84266483
2025-12-11 09:42:00+09:00,54274672.86042785
2025-12-11 09:43:00+09:00,54274672.86042785
2025-12-11 09:44:00+09:00,54349637.878190875
2025-12-11 09:45:00+09:00,54424602.8959539
2025-12-11 09:46:00+09:00,54649497.94924297
2025-12-11 09:47:00+09:00,54499567.91371693
2025-12-11 09:48:00+09:00,54724462.967006
2025-12-11 09:49:00+09:00,54686980.45812449
2025-12-11 09:50:00+09:00,54724462.967006
2025-12-11 09:51:00+09:00,54649497.94924297
2025-12-11 09:52:00+09:00,54574532.93147995
2025-12-11 09:53:00+09:00,54649497.94924297
2025-12-11 09:54:00+09:00,54574532.93147995
2025-12-11 09:55:00+09:00,54499567.913716935
2025-12-11 09:56:00+09:00,54424602.895953916
2025-12-11 09:57:00+09:00,54424602.895953916
2025-12-11 09:58:00+09:00,54349637.8781909
2025-12-11 09:59:00+09:00,54424602.89595392
2025-12-11 10:00:00+09:00,54349637.878190905
2025-12-11 10:01:00+09:00,54424602.89595393
2025-12-11 10:02:00+09:00,54424602.89595393
2025-12-11 10:03:00+09:00,54349637.87819091
2025-12-11 10:04:00+09:00,54424602.89595394
2025-12-11 10:05:00+09:00,54274672.86042789
2025-12-11 10:06:00+09:00,54274672.86042789
2025-12-11 10:07:00+09:00,54349637.87819092
2025-12-11 10:08:00+09:00,54274672.86042789
2025-12-11 10:09:00+09:00,54274672.86042789
2025-12-11 10:10:00+09:00,54274672.86042789
2025-12-11 10:11:00+09:00,54199707.842664875
2025-12-11 10:12:00+09:00,54199707.842664875
2025-12-11 10:13:00+09:00,54124742.82490186
2025-12-11 10:14:00+09:00,54124742.82490186
2025-12-11 10:15:00+09:00,53978606.01927462
2025-12-11 10:16:00+09:00,53978606.01927462
2025-12-11 10:20:00+09:00,53978606.01927462
2025-12-11 10:21:00+09:00,53978606.01927462
2025-12-11 10:22:00+09:00,53978606.01927462
2025-12-11 10:23:00+09:00,53978606.01927462
2025-12-11 10:24:00+09:00,53978606.01927462
2025-12-11 10:26:00+09:00,53978606.01927462
2025-12-11 10:27:00+09:00,53978606.01927462
2025-12-11 10:28:00+09:00,53978606.01927462
2025-12-11 10:29:00+09:00,53978606.01927462
2025-12-11 10:30:00+09:00,53978606.01927462
2025-12-11 10:31:00+09:00,53978606.01927462
2025-12-11 10:32:00+09:00,53978606.01927462
2025-12-11 10:33:00+09:00,53978606.01927462
2025-12-11 10:34:00+09:00,53978606.01927462
2025-12-11 10:35:00+09:00,53978606.01927462
2025-12-11 10:36:00+09:00,53978606.01927462
2025-12-11 10:37:00+09:00,53978606.01927462
2025-12-11 10:38:00+09:00,53978606.01927462
2025-12-11 10:39:00+09:00,53957014.57686692
2025-12-11 10:40:00+09:00,53957014.57686692
2025-12-11 10:42:00+09:00,54031233.303932756
2025-12-11 10:43:00+09:00,54031233.303932756
2025-12-11 10:44:00+09:00,53957014.57686692
2025-12-11 10:45:00+09:00,53882795.84980108
2025-12-11 10:46:00+09:00,53808577.12273524
2025-12-11 10:47:00+09:00,54031233.30393276
2025-12-11 10:48:00+09:00,53811330.63750938
2025-12-11 10:49:00+09:00,53811330.63750938
2025-12-11 10:50:00+09:00,53811330.63750938
2025-12-11 10:51:00+09:00,53811330.63750938
2025-12-11 10:52:00+09:00,53811330.63750938
2025-12-11 10:53:00+09:00,53811330.63750938
2025-12-11 10:54:00+09:00,53811330.63750938
2025-12-11 10:55:00+09:00,53811330.63750938
2025-12-11 10:57:00+09:00,53811330.63750938
2025-12-11 10:58:00+09:00,53811330.63750938
2025-12-11 10:59:00+09:00,53811330.63750938
2025-12-11 11:00:00+09:00,53811330.63750938
2025-12-11 11:01:00+09:00,53811330.63750938
2025-12-11 11:02:00+09:00,53811330.63750938
2025-12-11 11:03:00+09:00,53811330.63750938
2025-12-11 11:04:00+09:00,53811330.63750938
2025-12-11 11:05:00+09:00,53811330.63750938
2025-12-11 11:06:00+09:00,53811330.63750938
2025-12-11 11:07:00+09:00,53811330.63750938
2025-12-11 11:08:00+09:00,53811330.63750938
2025-12-11 11:09:00+09:00,53789806.10525438
2025-12-11 11:10:00+09:00,53789806.10525438
2025-12-11 11:11:00+09:00,53789806.10525438
2025-12-11 11:12:00+09:00,53789806.10525438
2025-12-11 11:13:00+09:00,53789806.10525438
2025-12-11 11:14:00+09:00,53789806.10525438
2025-12-11 11:15:00+09:00,53937783.563590705
2025-12-11 11:16:00+09:00,53937783.563590705
2025-12-11 11:17:00+09:00,53937783.563590705
2025-12-11 11:18:00+09:00,53863794.83442254
2025-12-11 11:19:00+09:00,53863794.83442254
2025-12-11 11:20:00+09:00,53863794.83442254
2025-12-11 11:21:00+09:00,53863794.83442254
2025-12-11 11:22:00+09:00,53789806.10525438
2025-12-11 11:23:00+09:00,53641828.64691805
2025-12-11 11:24:00+09:00,53641828.64691805
2025-12-11 11:26:00+09:00,53570784.669170775
2025-12-11 11:27:00+09:00,53570784.669170775
2025-12-11 11:28:00+09:00,53570784.669170775
2025-12-11 11:29:00+09:00,53570784.669170775
2025-12-11 11:30:00+09:00,53570784.669170775
2025-12-11 11:31:00+09:00,53570784.669170775
2025-12-11 11:32:00+09:00,53570784.669170775
2025-12-11 11:34:00+09:00,53570784.669170775
2025-12-11 11:35:00+09:00,53570784.669170775
2025-12-11 11:36:00+09:00,53570784.669170775
2025-12-11 11:37:00+09:00,53570784.669170775
2025-12-11 11:38:00+09:00,53570784.669170775
2025-12-11 11:39:00+09:00,53570784.669170775
2025-12-11 11:40:00+09:00,53570784.669170775
2025-12-11 11:41:00+09:00,53570784.669170775
2025-12-11 11:42:00+09:00,53570784.669170775
2025-12-11 11:43:00+09:00,53570784.669170775
2025-12-11 11:44:00+09:00,53570784.669170775
2025-12-11 11:46:00+09:00,53570784.669170775
2025-12-11 11:48:00+09:00,53570784.669170775
2025-12-11 11:49:00+09:00,53570784.669170775
2025-12-11 11:50:00+09:00,53570784.669170775
2025-12-11 11:51:00+09:00,53570784.669170775
2025-12-11 11:52:00+09:00,53570784.669170775
2025-12-11 11:53:00+09:00,53570784.669170775
2025-12-11 11:54:00+09:00,53570784.669170775
2025-12-11 11:55:00+09:00,53570784.669170775
2025-12-11 11:56:00+09:00,53570784.669170775
2025-12-11 11:57:00+09:00,53570784.669170775
2025-12-11 11:58:00+09:00,53570784.669170775
2025-12-11 11:59:00+09:00,53570784.669170775
2025-12-11 12:00:00+09:00,53570784.669170775
2025-12-11 12:01:00+09:00,53570784.669170775
2025-12-11 12:02:00+09:00,53570784.669170775
2025-12-11 12:03:00+09:00,53570784.669170775
2025-12-11 12:04:00+09:00,53570784.669170775
2025-12-11 12:05:00+09:00,53570784.669170775
2025-12-11 12:06:00+09:00,53570784.669170775
2025-12-11 12:07:00+09:00,53570784.669170775
2025-12-11 12:08:00+09:00,53570784.669170775
2025-12-11 12:09:00+09:00,53570784.669170775
2025-12-11 12:11:00+09:00,53570784.669170775
2025-12-11 12:12:00+09:00,53570784.669170775
2025-12-11 12:13:00+09:00,53570784.669170775
2025-12-11 12:15:00+09:00,53570784.669170775
2025-12-11 12:16:00+09:00,53570784.669170775
2025-12-11 12:18:00+09:00,53570784.669170775
2025-12-11 12:19:00+09:00,53570784.669170775
2025-12-11 12:20:00+09:00,53570784.669170775
2025-12-11 12:21:00+09:00,53570784.669170775
2025-12-11 12:22:00+09:00,53570784.669170775
2025-12-11 12:24:00+09:00,53570784.669170775
2025-12-11 12:25:00+09:00,53570784.669170775
2025-12-11 12:26:00+09:00,53570784.669170775
2025-12-11 12:27:00+09:00,53570784.669170775
2025-12-11 12:29:00+09:00,53570784.669170775
2025-12-11 12:30:00+09:00,53570784.669170775
2025-12-11 12:32:00+09:00,53570784.669170775
2025-12-11 12:33:00+09:00,53570784.669170775
2025-12-11 12:34:00+09:00,53570784.669170775
2025-12-11 12:35:00+09:00,53570784.669170775
2025-12-11 12:36:00+09:00,53570784.669170775
2025-12-11 12:39:00+09:00,53570784.669170775
2025-12-11 12:40:00+09:00,53570784.669170775
2025-12-11 12:41:00+09:00,53570784.669170775
2025-12-11 12:42:00+09:00,53570784.669170775
2025-12-11 12:45:00+09:00,53570784.669170775
2025-12-11 12:48:00+09:00,53570784.669170775
2025-12-11 12:49:00+09:00,53570784.669170775
2025-12-11 12:50:00+09:00,53570784.669170775
2025-12-11 12:51:00+09:00,53570784.669170775
2025-12-11 12:52:00+09:00,53570784.669170775
2025-12-11 12:54:00+09:00,53570784.669170775
2025-12-11 12:55:00+09:00,53570784.669170775
2025-12-11 12:56:00+09:00,53570784.669170775
2025-12-11 12:57:00+09:00,53570784.669170775
2025-12-11 12:58:00+09:00,53570784.669170775
2025-12-11 12:59:00+09:00,53570784.669170775
2025-12-11 13:00:00+09:00,53570784.669170775
2025-12-11 13:02:00+09:00,53570784.669170775
2025-12-11 13:03:00+09:00,53570784.669170775
2025-12-11 13:04:00+09:00,53549356.35530311
2025-12-11 13:05:00+09:00,53549356.35530311
2025-12-11 13:06:00+09:00,53549356.35530311
2025-12-11 13:07:00+09:00,53475393.15591733
2025-12-11 13:08:00+09:00,53549356.35530311
2025-12-11 13:11:00+09:00,53549356.35530311
2025-12-11 13:12:00+09:00,53697282.75407466
2025-12-11 13:13:00+09:00,53697282.75407466
2025-12-11 13:14:00+09:00,53623319.554688886
2025-12-11 13:15:00+09:00,53697282.75407466
2025-12-11 13:16:00+09:00,53697282.75407466
2025-12-11 13:17:00+09:00,53623319.554688886
2025-12-11 13:18:00+09:00,53697282.75407466
2025-12-11 13:20:00+09:00,53771245.95346044
2025-12-11 13:21:00+09:00,53623319.554688886
2025-12-11 13:22:00+09:00,53697282.75407466
2025-12-11 13:23:00+09:00,53919172.352232
2025-12-11 13:24:00+09:00,53919172.352232
2025-12-11 13:25:00+09:00,54067098.751003556
2025-12-11 13:26:00+09:00,54067098.751003556
2025-12-11 13:27:00+09:00,54141061.95038933
2025-12-11 13:28:00+09:00,54067098.751003556
2025-12-11 13:29:00+09:00,54067098.751003556
2025-12-11 13:30:00+09:00,53993135.55161778
2025-12-11 13:31:00+09:00,53993135.55161778
2025-12-11 13:32:00+09:00,53919172.352232
2025-12-11 13:33:00+09:00,53993135.55161778
2025-12-11 13:34:00+09:00,53993135.55161778
2025-12-11 13:35:00+09:00,53993135.55161778
2025-12-11 13:36:00+09:00,54067098.751003556
2025-12-11 13:37:00+09:00,53993135.55161778
2025-12-11 13:38:00+09:00,53993135.55161778
2025-12-11 13:39:00+09:00,54215025.14977511
2025-12-11 13:40:00+09:00,53993135.55161778
2025-12-11 13:41:00+09:00,54067098.751003556
2025-12-11 13:42:00+09:00,54067098.751003556
2025-12-11 13:43:00+09:00,53993135.55161778
2025-12-11 13:44:00+09:00,53993135.55161778
2025-12-11 13:45:00+09:00,53919172.352232
2025-12-11 13:46:00+09:00,53919172.352232
2025-12-11 13:47:00+09:00,53845209.152846225
2025-12-11 13:48:00+09:00,53845209.152846225
2025-12-11 13:49:00+09:00,53845209.152846225
2025-12-11 13:50:00+09:00,53771245.95346045
2025-12-11 13:51:00+09:00,53845209.152846225
2025-12-11 13:52:00+09:00,53771245.95346045
2025-12-11 13:53:00+09:00,53919172.352232
2025-12-11 13:56:00+09:00,53771245.95346045
2025-12-11 13:57:00+09:00,53919172.352232
2025-12-11 13:58:00+09:00,53845209.152846225
2025-12-11 13:59:00+09:00,53845209.152846225
2025-12-11 14:00:00+09:00,53845209.152846225
2025-12-11 14:01:00+09:00,53771245.95346045
2025-12-11 14:02:00+09:00,53771245.95346045
2025-12-11 14:03:00+09:00,53552300.09063867
2025-12-11 14:04:00+09:00,53552300.09063867
2025-12-11 14:05:00+09:00,53552300.09063867
2025-12-11 14:06:00+09:00,53552300.09063867
2025-12-11 14:07:00+09:00,53552300.09063867
2025-12-11 14:08:00+09:00,53552300.09063867
2025-12-11 14:09:00+09:00,53552300.09063867
2025-12-11 14:10:00+09:00,53552300.09063867
2025-12-11 14:11:00+09:00,53552300.09063867
2025-12-11 14:12:00+09:00,53552300.09063867
2025-12-11 14:13:00+09:00,53552300.09063867
2025-12-11 14:14:00+09:00,53552300.09063867
2025-12-11 14:15:00+09:00,53552300.09063867
2025-12-11 14:16:00+09:00,53552300.09063867
2025-12-11 14:17:00+09:00,53552300.09063867
2025-12-11 14:18:00+09:00,53552300.09063867
2025-12-11 14:19:00+09:00,53552300.09063867
2025-12-11 14:20:00+09:00,53552300.09063867
2025-12-11 14:21:00+09:00,53552300.09063867
2025-12-11 14:22:00+09:00,53552300.09063867
2025-12-11 14:25:00+09:00,53552300.09063867
2025-12-11 14:26:00+09:00,53552300.09063867
2025-12-11 14:27:00+09:00,53552300.09063867
2025-12-11 14:28:00+09:00,53552300.09063867
2025-12-11 14:29:00+09:00,53552300.09063867
2025-12-11 14:30:00+09:00,53552300.09063867
2025-12-11 14:31:00+09:00,53552300.09063867
2025-12-11 14:33:00+09:00,53552300.09063867
2025-12-11 14:34:00+09:00,53552300.09063867
2025-12-11 14:35:00+09:00,53552300.09063867
2025-12-11 14:36:00+09:00,53552300.09063867
2025-12-11 14:37:00+09:00,53552300.09063867
2025-12-11 14:38:00+09:00,53552300.09063867
2025-12-11 14:41:00+09:00,53552300.09063867
2025-12-11 14:43:00+09:00,53552300.09063867
2025-12-11 14:45:00+09:00,53552300.09063867
2025-12-11 14:46:00+09:00,53552300.09063867
2025-12-11 14:48:00+09:00,53552300.09063867
2025-12-11 14:49:00+09:00,53552300.09063867
2025-12-11 14:50:00+09:00,53552300.09063867
2025-12-11 14:51:00+09:00,53552300.09063867
2025-12-11 14:52:00+09:00,53552300.09063867
2025-12-11 14:53:00+09:00,53552300.09063867
2025-12-11 14:54:00+09:00,53552300.09063867
2025-12-11 14:55:00+09:00,53552300.09063867
2025-12-11 14:56:00+09:00,53552300.09063867
2025-12-11 14:57:00+09:00,53552300.09063867
2025-12-11 14:58:00+09:00,53552300.09063867
2025-12-11 14:59:00+09:00,53552300.09063867
2025-12-11 15:00:00+09:00,53552300.09063867
2025-12-11 15:01:00+09:00,53552300.09063867
2025-12-11 15:02:00+09:00,53552300.09063867
2025-12-11 15:03:00+09:00,53552300.09063867
2025-12-11 15:04:00+09:00,53552300.09063867
2025-12-11 15:05:00+09:00,53552300.09063867
2025-12-11 15:06:00+09:00,53552300.09063867
2025-12-11 15:07:00+09:00,53552300.09063867
2025-12-11 15:08:00+09:00,53552300.09063867
2025-12-11 15:09:00+09:00,53552300.09063867
2025-12-11 15:10:00+09:00,53552300.09063867
2025-12-11 15:11:00+09:00,53552300.09063867
2025-12-11 15:12:00+09:00,53552300.09063867
2025-12-11 15:13:00+09:00,53552300.09063867
2025-12-11 15:14:00+09:00,53552300.09063867
2025-12-11 15:15:00+09:00,53552300.09063867
2025-12-11 15:16:00+09:00,53552300.09063867
2025-12-11 15:17:00+09:00,53552300.09063867
2025-12-11 15:18:00+09:00,53552300.09063867
2025-12-11 15:19:00+09:00,53552300.09063867
2025-12-11 15:30:00+09:00,53552300.09063867
2025-12-11 15:35:00+09:00,53552300.09063867
2025-12-12 09:00:00+09:00,53552300.09063867
2025-12-12 09:01:00+09:00,53552300.09063867
2025-12-12 09:02:00+09:00,53552300.09063867
2025-12-12 09:03:00+09:00,53552300.09063867
2025-12-12 09:04:00+09:00,53552300.09063867
2025-12-12 09:05:00+09:00,53552300.09063867
2025-12-12 09:06:00+09:00,53552300.09063867
2025-12-12 09:07:00+09:00,53552300.09063867
2025-12-12 09:08:00+09:00,53552300.09063867
2025-12-12 09:09:00+09:00,53552300.09063867
2025-12-12 09:10:00+09:00,53552300.09063867
2025-12-12 09:11:00+09:00,53552300.09063867
2025-12-12 09:12:00+09:00,53552300.09063867
2025-12-12 09:13:00+09:00,53552300.09063867
2025-12-12 09:14:00+09:00,53552300.09063867
2025-12-12 09:15:00+09:00,53552300.09063867
2025-12-12 09:16:00+09:00,53552300.09063867
2025-12-12 09:17:00+09:00,53552300.09063867
2025-12-12 09:18:00+09:00,53552300.09063867
2025-12-12 09:19:00+09:00,53552300.09063867
2025-12-12 09:20:00+09:00,53552300.09063867
2025-12-12 09:21:00+09:00,53552300.09063867
2025-12-12 09:22:00+09:00,53552300.09063867
2025-12-12 09:23:00+09:00,53552300.09063867
2025-12-12 09:24:00+09:00,53552300.09063867
2025-12-12 09:25:00+09:00,53552300.09063867
2025-12-12 09:26:00+09:00,53552300.09063867
2025-12-12 09:27:00+09:00,53552300.09063867
2025-12-12 09:28:00+09:00,53552300.09063867
2025-12-12 09:29:00+09:00,53552300.09063867
2025-12-12 09:30:00+09:00,53552300.09063867
2025-12-12 09:31:00+09:00,53552300.09063867
2025-12-12 09:32:00+09:00,53552300.09063867
2025-12-12 09:33:00+09:00,53552300.09063867
2025-12-12 09:34:00+09:00,53552300.09063867
2025-12-12 09:35:00+09:00,53552300.09063867
2025-12-12 09:36:00+09:00,53552300.09063867
2025-12-12 09:37:00+09:00,53552300.09063867
2025-12-12 09:38:00+09:00,53552300.09063867
2025-12-12 09:39:00+09:00,53552300.09063867
2025-12-12 09:40:00+09:00,53552300.09063867
2025-12-12 09:41:00+09:00,53552300.09063867
2025-12-12 09:42:00+09:00,53552300.09063867
2025-12-12 09:43:00+09:00,53552300.09063867
2025-12-12 09:44:00+09:00,53552300.09063867
2025-12-12 09:45:00+09:00,53552300.09063867
2025-12-12 09:46:00+09:00,53552300.09063867
2025-12-12 09:47:00+09:00,53552300.09063867
2025-12-12 09:48:00+09:00,53552300.09063867
2025-12-12 09:49:00+09:00,53552300.09063867
2025-12-12 09:50:00+09:00,53552300.09063867
2025-12-12 09:51:00+09:00,53552300.09063867
2025-12-12 09:52:00+09:00,53552300.09063867
2025-12-12 09:53:00+09:00,53552300.09063867
2025-12-12 09:54:00+09:00,53552300.09063867
2025-12-12 09:55:00+09:00,53552300.09063867
2025-12-12 09:56:00+09:00,53552300.09063867
2025-12-12 09:57:00+09:00,53530879.17060241
2025-12-12 09:58:00+09:00,53605227.61389492
2025-12-12 09:59:00+09:00,53605227.61389492
2025-12-12 10:00:00+09:00,53753924.50047992
2025-12-12 10:01:00+09:00,53828272.94377243
2025-12-12 10:02:00+09:00,53976969.83035743
2025-12-12 10:03:00+09:00,53976969.83035743
2025-12-12 10:04:00+09:00,53902621.387064934
2025-12-12 10:05:00+09:00,53976969.83035744
2025-12-12 10:06:00+09:00,53976969.83035744
2025-12-12 10:07:00+09:00,53976969.83035744
2025-12-12 10:08:00+09:00,53902621.38706494
2025-12-12 10:09:00+09:00,53902621.38706494
2025-12-12 10:10:00+09:00,53902621.38706494
2025-12-12 10:11:00+09:00,53902621.38706494
2025-12-12 10:12:00+09:00,53902621.38706494
2025-12-12 10:13:00+09:00,53976969.83035745
2025-12-12 10:14:00+09:00,53976969.83035745
2025-12-12 10:15:00+09:00,53976969.83035745
2025-12-12 10:16:00+09:00,53976969.83035745
2025-12-12 10:17:00+09:00,54051318.273649946
2025-12-12 10:18:00+09:00,54051318.273649946
2025-12-12 10:19:00+09:00,54051318.273649946
2025-12-12 10:20:00+09:00,54051318.273649946
2025-12-12 10:21:00+09:00,54051318.273649946
2025-12-12 10:22:00+09:00,54051318.273649946
2025-12-12 10:23:00+09:00,53976969.83035745
2025-12-12 10:24:00+09:00,54051318.273649946
2025-12-12 10:25:00+09:00,54051318.273649946
2025-12-12 10:26:00+09:00,53976969.83035745
2025-12-12 10:27:00+09:00,54051318.273649946
2025-12-12 10:28:00+09:00,54051318.273649946
2025-12-12 10:29:00+09:00,54051318.273649946
2025-12-12 10:30:00+09:00,53976969.83035745
2025-12-12 10:31:00+09:00,54051318.273649946
2025-12-12 10:32:00+09:00,54051318.273649946
2025-12-12 10:33:00+09:00,54125666.716942444
2025-12-12 10:34:00+09:00,54125666.716942444
2025-12-12 10:35:00+09:00,54051318.27364994
2025-12-12 10:36:00+09:00,54051318.27364994
2025-12-12 10:38:00+09:00,54125666.71694244
2025-12-12 10:39:00+09:00,54051318.27364993
2025-12-12 10:40:00+09:00,54051318.27364993
2025-12-12 10:41:00+09:00,54051318.27364993
2025-12-12 10:42:00+09:00,54051318.27364993
2025-12-12 10:43:00+09:00,53976969.83035743
2025-12-12 10:44:00+09:00,53976969.83035743
2025-12-12 10:45:00+09:00,54051318.27364993
2025-12-12 10:46:00+09:00,54125666.71694243
2025-12-12 10:47:00+09:00,54125666.71694243
2025-12-12 10:48:00+09:00,54051318.27364992
2025-12-12 10:49:00+09:00,54051318.27364992
2025-12-12 10:50:00+09:00,54051318.27364992
2025-12-12 10:51:00+09:00,54274363.60352744
2025-12-12 10:52:00+09:00,54348712.04681995
2025-12-12 10:53:00+09:00,54497408.93340496
2025-12-12 10:54:00+09:00,54423060.49011245
2025-12-12 10:55:00+09:00,54571757.37669745
2025-12-12 10:56:00+09:00,54794802.70657496
2025-12-12 10:57:00+09:00,54794802.70657496
2025-12-12 10:58:00+09:00,54720454.263282456
2025-12-12 10:59:00+09:00,54646105.81998995
2025-12-12 11:00:00+09:00,54571757.37669745
2025-12-12 11:01:00+09:00,54571757.37669745
2025-12-12 11:02:00+09:00,54571757.37669745
2025-12-12 11:03:00+09:00,54571757.37669745
2025-12-12 11:04:00+09:00,54571757.37669745
2025-12-12 11:05:00+09:00,54571757.37669745
2025-12-12 11:06:00+09:00,54571757.37669745
2025-12-12 11:07:00+09:00,54571757.37669745
2025-12-12 11:08:00+09:00,54571757.37669745
2025-12-12 11:09:00+09:00,54571757.37669745
2025-12-12 11:10:00+09:00,54646105.81998996
2025-12-12 11:11:00+09:00,54646105.81998996
2025-12-12 11:12:00+09:00,54646105.81998996
2025-12-12 11:13:00+09:00,54646105.81998996
2025-12-12 11:14:00+09:00,54720454.26328246
2025-12-12 11:15:00+09:00,54720454.26328246
2025-12-12 11:16:00+09:00,54720454.26328246
2025-12-12 11:17:00+09:00,54646105.81998996
2025-12-12 11:18:00+09:00,54720454.26328246
2025-12-12 11:19:00+09:00,54720454.26328246
2025-12-12 11:20:00+09:00,54720454.26328246
2025-12-12 11:21:00+09:00,54646105.81998996
2025-12-12 11:22:00+09:00,54646105.81998996
2025-12-12 11:23:00+09:00,54794802.70657496
2025-12-12 11:24:00+09:00,54869151.14986747
2025-12-12 11:25:00+09:00,54943499.593159966
2025-12-12 11:26:00+09:00,55017848.03645247
2025-12-12 11:27:00+09:00,55092196.47974498
2025-12-12 11:28:00+09:00,55017848.03645247
2025-12-12 11:29:00+09:00,55315241.80962248
2025-12-12 11:30:00+09:00,55761332.4693775
2025-12-12 11:31:00+09:00,55686984.026085004
2025-12-12 11:32:00+09:00,55835680.91267002
2025-12-12 11:33:00+09:00,55835680.91267002
2025-12-12 11:34:00+09:00,55984377.79925502
2025-12-12 11:35:00+09:00,56430468.45901004
2025-12-12 11:36:00+09:00,56356120.01571754
2025-12-12 11:37:00+09:00,56207423.12913253
2025-12-12 11:38:00+09:00,56504816.90230255
2025-12-12 11:39:00+09:00,56504816.90230255
2025-12-12 11:40:00+09:00,56504816.90230255
2025-12-12 11:41:00+09:00,56207423.12913253
2025-12-12 11:42:00+09:00,56133074.68584003
2025-12-12 11:43:00+09:00,56133074.68584003
2025-12-12 11:44:00+09:00,56058726.24254753
2025-12-12 11:45:00+09:00,56281771.57242504
2025-12-12 11:46:00+09:00,56281771.57242504
2025-12-12 11:47:00+09:00,56430468.45901005
2025-12-12 11:48:00+09:00,56430468.45901005
2025-12-12 11:49:00+09:00,56356120.01571755
2025-12-12 11:50:00+09:00,56356120.01571755
2025-12-12 11:51:00+09:00,56133074.68584004
2025-12-12 11:52:00+09:00,56430468.45901005
2025-12-12 11:53:00+09:00,56281771.572425045
2025-12-12 11:54:00+09:00,56430468.45901006
2025-12-12 11:55:00+09:00,56430468.45901006
2025-12-12 11:56:00+09:00,56356120.01571756
2025-12-12 11:57:00+09:00,56356120.01571756
2025-12-12 11:58:00+09:00,56356120.01571756
2025-12-12 11:59:00+09:00,56430468.45901006
2025-12-12 12:00:00+09:00,56727862.232180074
2025-12-12 12:01:00+09:00,56727862.232180074
2025-12-12 12:02:00+09:00,56727862.232180074
2025-12-12 12:03:00+09:00,56504816.90230256
2025-12-12 12:04:00+09:00,56653513.78888757
2025-12-12 12:05:00+09:00,56579165.34559506
2025-12-12 12:06:00+09:00,56579165.34559506
2025-12-12 12:07:00+09:00,56653513.78888756
2025-12-12 12:08:00+09:00,56876559.11876507
2025-12-12 12:09:00+09:00,57136778.67028883
2025-12-12 12:10:00+09:00,57099604.44864258
2025-12-12 12:11:00+09:00,57099604.44864258
2025-12-12 12:12:00+09:00,56802210.675472565
2025-12-12 12:13:00+09:00,56950907.56205758
2025-12-12 12:14:00+09:00,56950907.56205758
2025-12-12 12:15:00+09:00,56950907.56205758
2025-12-12 12:16:00+09:00,56950907.56205758
2025-12-12 12:17:00+09:00,57025256.00535008
2025-12-12 12:18:00+09:00,57099604.44864259
2025-12-12 12:19:00+09:00,57099604.44864259
2025-12-12 12:20:00+09:00,57545695.10839761
2025-12-12 12:21:00+09:00,57248301.335227594
2025-12-12 12:22:00+09:00,57025256.00535008
2025-12-12 12:23:00+09:00,57322649.7785201
2025-12-12 12:24:00+09:00,57173952.891935095
2025-12-12 12:25:00+09:00,57322649.7785201
2025-12-12 12:26:00+09:00,57694391.994982615
2025-12-12 12:27:00+09:00,57694391.994982615
2025-12-12 12:28:00+09:00,57471346.665105104
2025-12-12 12:29:00+09:00,57322649.77852009
2025-12-12 12:30:00+09:00,57248301.33522759
2025-12-12 12:31:00+09:00,57248301.33522759
2025-12-12 12:32:00+09:00,57173952.89193509
2025-12-12 12:33:00+09:00,57099604.44864259
2025-12-12 12:34:00+09:00,57173952.89193509
2025-12-12 12:35:00+09:00,57099604.44864259
2025-12-12 12:36:00+09:00,57025256.00535008
2025-12-12 12:37:00+09:00,57099604.44864259
2025-12-12 12:38:00+09:00,57099604.44864259
2025-12-12 12:39:00+09:00,57173952.89193509
2025-12-12 12:40:00+09:00,57248301.335227594
2025-12-12 12:41:00+09:00,57173952.891935095
2025-12-12 12:42:00+09:00,57248301.3352276
2025-12-12 12:43:00+09:00,57248301.3352276
2025-12-12 12:44:00+09:00,57471346.66510511
2025-12-12 12:45:00+09:00,57396998.221812606
2025-12-12 12:46:00+09:00,57248301.3352276
2025-12-12 12:47:00+09:00,57248301.3352276
2025-12-12 12:48:00+09:00,57099604.4486426
2025-12-12 12:49:00+09:00,57025256.00535009
2025-12-12 12:50:00+09:00,57173952.891935095
2025-12-12 12:51:00+09:00,57173952.891935095
2025-12-12 12:52:00+09:00,57173952.891935095
2025-12-12 12:53:00+09:00,57248301.3352276
2025-12-12 12:54:00+09:00,57322649.77852011
2025-12-12 12:55:00+09:00,57322649.77852011
2025-12-12 12:56:00+09:00,57322649.77852011
2025-12-12 12:57:00+09:00,57248301.3352276
2025-12-12 12:58:00+09:00,57099604.4486426
2025-12-12 12:59:00+09:00,57173952.891935095
2025-12-12 13:00:00+09:00,57167878.6241181
2025-12-12 13:01:00+09:00,57167878.6241181
2025-12-12 13:02:00+09:00,57167878.6241181
2025-12-12 13:03:00+09:00,57167878.6241181
2025-12-12 13:04:00+09:00,57167878.6241181
2025-12-12 13:05:00+09:00,57167878.6241181
2025-12-12 13:06:00+09:00,57167878.6241181
2025-12-12 13:07:00+09:00,57167878.6241181
2025-12-12 13:08:00+09:00,57167878.6241181
2025-12-12 13:09:00+09:00,57167878.6241181
2025-12-12 13:10:00+09:00,57167878.6241181
2025-12-12 13:11:00+09:00,57167878.6241181
2025-12-12 13:12:00+09:00,57167878.6241181
2025-12-12 13:13:00+09:00,57167878.6241181
2025-12-12 13:14:00+09:00,57167878.6241181
2025-12-12 13:15:00+09:00,57167878.6241181
2025-12-12 13:16:00+09:00,57167878.6241181
2025-12-12 13:17:00+09:00,57167878.6241181
2025-12-12 13:18:00+09:00,57167878.6241181
2025-12-12 13:19:00+09:00,57167878.6241181
2025-12-12 13:20:00+09:00,57167878.6241181
2025-12-12 13:21:00+09:00,57167878.6241181
2025-12-12 13:22:00+09:00,57167878.6241181
2025-12-12 13:23:00+09:00,57167878.6241181
2025-12-12 13:24:00+09:00,57167878.6241181
2025-12-12 13:25:00+09:00,57167878.6241181
2025-12-12 13:26:00+09:00,57167878.6241181
2025-12-12 13:27:00+09:00,57167878.6241181
2025-12-12 13:28:00+09:00,57167878.6241181
2025-12-12 13:29:00+09:00,57167878.6241181
2025-12-12 13:30:00+09:00,57167878.6241181
2025-12-12 13:31:00+09:00,57167878.6241181
2025-12-12 13:32:00+09:00,57167878.6241181
2025-12-12 13:33:00+09:00,57167878.6241181
2025-12-12 13:34:00+09:00,57167878.6241181
2025-12-12 13:35:00+09:00,57167878.6241181
2025-12-12 13:36:00+09:00,57167878.6241181
2025-12-12 13:37:00+09:00,57167878.6241181
2025-12-12 13:38:00+09:00,57167878.6241181
2025-12-12 13:39:00+09:00,57167878.6241181
2025-12-12 13:40:00+09:00,57167878.6241181
2025-12-12 13:41:00+09:00,57167878.6241181
2025-12-12 13:42:00+09:00,57167878.6241181
2025-12-12 13:43:00+09:00,57167878.6241181
2025-12-12 13:44:00+09:00,57167878.6241181
2025-12-12 13:45:00+09:00,57167878.6241181
2025-12-12 13:46:00+09:00,57167878.6241181
2025-12-12 13:47:00+09:00,57145011.472668454
2025-12-12 13:48:00+09:00,57145011.472668454
2025-12-12 13:49:00+09:00,57065023.35752236
2025-12-12 13:50:00+09:00,57065023.35752236
2025-12-12 13:51:00+09:00,57065023.35752236
2025-12-12 13:52:00+09:00,57065023.35752236
2025-12-12 13:53:00+09:00,57065023.35752236
2025-12-12 13:54:00+09:00,57065023.35752236
2025-12-12 13:55:00+09:00,57065023.35752236
2025-12-12 13:56:00+09:00,57065023.35752236
2025-12-12 13:57:00+09:00,57065023.35752236
2025-12-12 13:58:00+09:00,57065023.35752236
2025-12-12 13:59:00+09:00,57065023.35752236
2025-12-12 14:00:00+09:00,57065023.35752236
2025-12-12 14:01:00+09:00,57065023.35752236
2025-12-12 14:02:00+09:00,57042197.348179355
2025-12-12 14:03:00+09:00,57190744.73710691
2025-12-12 14:04:00+09:00,57190744.73710691
2025-12-12 14:05:00+09:00,57190744.73710691
2025-12-12 14:06:00+09:00,57339292.12603445
2025-12-12 14:07:00+09:00,57413565.82049823
2025-12-12 14:08:00+09:00,57339292.12603445
2025-12-12 14:09:00+09:00,57413565.82049823
2025-12-12 14:10:00+09:00,57339292.12603445
2025-12-12 14:11:00+09:00,57487839.514962
2025-12-12 14:12:00+09:00,57413565.82049823
2025-12-12 14:13:00+09:00,57190744.7371069
2025-12-12 14:14:00+09:00,57190744.7371069
2025-12-12 14:15:00+09:00,57339292.12603444
2025-12-12 14:16:00+09:00,57487839.51496199
2025-12-12 14:17:00+09:00,57339292.12603444
2025-12-12 14:18:00+09:00,57339292.12603444
2025-12-12 14:19:00+09:00,57153607.889875
2025-12-12 14:20:00+09:00,57190744.73710689
2025-12-12 14:21:00+09:00,57190744.73710689
2025-12-12 14:22:00+09:00,57116471.042643115
2025-12-12 14:23:00+09:00,57042197.34817934
2025-12-12 14:24:00+09:00,57190744.7371069
2025-12-12 14:25:00+09:00,57073366.30406106
2025-12-12 14:26:00+09:00,57073366.30406106
2025-12-12 14:27:00+09:00,57073366.30406106
2025-12-12 14:28:00+09:00,57073366.30406106
2025-12-12 14:29:00+09:00,57073366.30406106
2025-12-12 14:30:00+09:00,57073366.30406106
2025-12-12 14:31:00+09:00,57073366.30406106
2025-12-12 14:32:00+09:00,57073366.30406106
2025-12-12 14:33:00+09:00,57073366.30406106
2025-12-12 14:34:00+09:00,57073366.30406106
2025-12-12 14:35:00+09:00,57073366.30406106
2025-12-12 14:36:00+09:00,57073366.30406106
2025-12-12 14:37:00+09:00,57073366.30406106
2025-12-12 14:38:00+09:00,57073366.30406106
2025-12-12 14:39:00+09:00,57073366.30406106
2025-12-12 14:40:00+09:00,57073366.30406106
2025-12-12 14:41:00+09:00,57050536.95753944
2025-12-12 14:42:00+09:00,57050536.95753944
2025-12-12 14:43:00+09:00,57050536.95753944
2025-12-12 14:44:00+09:00,57050536.95753944
2025-12-12 14:45:00+09:00,57050536.95753944
2025-12-12 14:46:00+09:00,56976637.29826801
2025-12-12 14:47:00+09:00,57050536.95753944
2025-12-12 14:48:00+09:00,56976637.29826801
2025-12-12 14:49:00+09:00,56976637.29826801
2025-12-12 14:50:00+09:00,56976637.29826801
2025-12-12 14:51:00+09:00,56976637.29826801
2025-12-12 14:52:00+09:00,57050536.95753944
2025-12-12 14:53:00+09:00,57050536.95753944
2025-12-12 14:54:00+09:00,57050536.95753944
2025-12-12 14:55:00+09:00,56828837.97972517
2025-12-12 14:56:00+09:00,57050536.95753944
2025-12-12 14:57:00+09:00,56896500.50775408
2025-12-12 14:58:00+09:00,56896500.50775408
2025-12-12 14:59:00+09:00,56896500.50775408
2025-12-12 15:00:00+09:00,56896500.50775408
2025-12-12 15:01:00+09:00,56896500.50775408
2025-12-12 15:02:00+09:00,56896500.50775408
2025-12-12 15:03:00+09:00,56896500.50775408
2025-12-12 15:04:00+09:00,56896500.50775408
2025-12-12 15:05:00+09:00,56896500.50775408
2025-12-12 15:06:00+09:00,56896500.50775408
2025-12-12 15:07:00+09:00,56896500.50775408
2025-12-12 15:08:00+09:00,56896500.50775408
2025-12-12 15:09:00+09:00,56896500.50775408
2025-12-12 15:10:00+09:00,56896500.50775408
2025-12-12 15:11:00+09:00,56896500.50775408
2025-12-12 15:12:00+09:00,56896500.50775408
2025-12-12 15:13:00+09:00,56873741.90755098
2025-12-12 15:14:00+09:00,56800071.257411666
2025-12-12 15:15:00+09:00,56873741.90755098
2025-12-12 15:16:00+09:00,56720182.80440059
2025-12-12 15:17:00+09:00,56720182.80440059
2025-12-12 15:18:00+09:00,56720182.80440059
2025-12-12 15:19:00+09:00,56720182.80440059
2025-12-12 15:30:00+09:00,56720182.80440059
2025-12-12 15:35:00+09:00,56720182.80440059
2025-12-15 09:00:00+09:00,56720182.80440059
2025-12-15 09:01:00+09:00,56720182.80440059
2025-12-15 09:02:00+09:00,56720182.80440059
2025-12-15 09:03:00+09:00,56720182.80440059
2025-12-15 09:04:00+09:00,56720182.80440059
2025-12-15 09:05:00+09:00,56697494.73127884
2025-12-15 09:06:00+09:00,56348801.65175068
2025-12-15 09:07:00+09:00,55581676.87678872
2025-12-15 09:08:00+09:00,55721154.10859998
2025-12-15 09:09:00+09:00,55232983.79726056
2025-12-15 09:10:00+09:00,55581676.87678872
2025-12-15 09:11:00+09:00,55790892.72450562
2025-12-15 09:12:00+09:00,55232983.79726056
2025-12-15 09:13:00+09:00,55163245.181354925
2025-12-15 09:14:00+09:00,54675074.8700155
2025-12-15 09:15:00+09:00,55093506.5654493
2025-12-15 09:16:00+09:00,54457901.84622378
2025-12-15 09:17:00+09:00,54457901.84622378
2025-12-15 09:18:00+09:00,54457901.84622378
2025-12-15 09:19:00+09:00,54457901.84622378
2025-12-15 09:20:00+09:00,54457901.84622378
2025-12-15 09:21:00+09:00,54457901.84622378
2025-12-15 09:22:00+09:00,54457901.84622378
2025-12-15 09:23:00+09:00,54457901.84622378
2025-12-15 09:24:00+09:00,54457901.84622378
2025-12-15 09:25:00+09:00,54457901.84622378
2025-12-15 09:26:00+09:00,54457901.84622378
2025-12-15 09:27:00+09:00,54457901.84622378
2025-12-15 09:28:00+09:00,54457901.84622378
2025-12-15 09:29:00+09:00,54457901.84622378
2025-12-15 09:30:00+09:00,54457901.84622378
2025-12-15 09:31:00+09:00,54457901.84622378
2025-12-15 09:32:00+09:00,54457901.84622378
2025-12-15 09:33:00+09:00,54457901.84622378
2025-12-15 09:34:00+09:00,54457901.84622378
2025-12-15 09:35:00+09:00,54457901.84622378
2025-12-15 09:36:00+09:00,54457901.84622378
2025-12-15 09:37:00+09:00,54457901.84622378
2025-12-15 09:38:00+09:00,54457901.84622378
2025-12-15 09:39:00+09:00,54457901.84622378
2025-12-15 09:40:00+09:00,54457901.84622378
2025-12-15 09:41:00+09:00,54457901.84622378
2025-12-15 09:42:00+09:00,54457901.84622378
2025-12-15 09:43:00+09:00,54457901.84622378
2025-12-15 09:44:00+09:00,54457901.84622378
2025-12-15 09:45:00+09:00,54457901.84622378
2025-12-15 09:46:00+09:00,54457901.84622378
2025-12-15 09:47:00+09:00,54457901.84622378
2025-12-15 09:48:00+09:00,54457901.84622378
2025-12-15 09:49:00+09:00,54457901.84622378
2025-12-15 09:50:00+09:00,54457901.84622378
2025-12-15 09:51:00+09:00,54457901.84622378
2025-12-15 09:52:00+09:00,54457901.84622378
2025-12-15 09:53:00+09:00,54457901.84622378
2025-12-15 09:54:00+09:00,54457901.84622378
2025-12-15 09:55:00+09:00,54457901.84622378
2025-12-15 09:56:00+09:00,54457901.84622378
2025-12-15 09:57:00+09:00,54457901.84622378
2025-12-15 09:58:00+09:00,54457901.84622378
2025-12-15 09:59:00+09:00,54457901.84622378
2025-12-15 10:00:00+09:00,54457901.84622378
2025-12-15 10:01:00+09:00,54457901.84622378
2025-12-15 10:02:00+09:00,54457901.84622378
2025-12-15 10:03:00+09:00,54457901.84622378
2025-12-15 10:04:00+09:00,54457901.84622378
2025-12-15 10:05:00+09:00,54457901.84622378
2025-12-15 10:06:00+09:00,54457901.84622378
2025-12-15 10:07:00+09:00,54457901.84622378
2025-12-15 10:08:00+09:00,54457901.84622378
2025-12-15 10:09:00+09:00,54457901.84622378
2025-12-15 10:10:00+09:00,54457901.84622378
2025-12-15 10:11:00+09:00,54457901.84622378
2025-12-15 10:12:00+09:00,54457901.84622378
2025-12-15 10:13:00+09:00,54457901.84622378
2025-12-15 10:14:00+09:00,54457901.84622378
2025-12-15 10:15:00+09:00,54457901.84622378
2025-12-15 10:16:00+09:00,54457901.84622378
2025-12-15 10:17:00+09:00,54457901.84622378
2025-12-15 10:18:00+09:00,54457901.84622378
2025-12-15 10:19:00+09:00,54457901.84622378
2025-12-15 10:20:00+09:00,54436118.68548529
2025-12-15 10:21:00+09:00,54644154.8078502
2025-12-15 10:22:00+09:00,54644154.8078502
2025-12-15 10:23:00+09:00,54574809.43372856
2025-12-15 10:24:00+09:00,54505464.059606925
2025-12-15 10:25:00+09:00,54505464.059606925
2025-12-15 10:26:00+09:00,54436118.68548529
2025-12-15 10:27:00+09:00,54436118.68548529
2025-12-15 10:28:00+09:00,54436118.68548529
2025-12-15 10:29:00+09:00,54297427.937242016
2025-12-15 10:30:00+09:00,54297427.937242016
2025-12-15 10:31:00+09:00,54436118.685485296
2025-12-15 10:32:00+09:00,54505464.05960693
2025-12-15 10:33:00+09:00,54505464.05960693
2025-12-15 10:34:00+09:00,54644154.807850204
2025-12-15 10:35:00+09:00,54782845.556093484
2025-12-15 10:36:00+09:00,54644154.80785021
2025-12-15 10:37:00+09:00,54505464.05960694
