,equity
2025-11-24 12:27:00+09:00,100000000.0
2025-11-24 12:28:00+09:00,100000000.0
2025-11-24 12:29:00+09:00,100000000.0
2025-11-24 12:30:00+09:00,100000000.0
2025-11-24 12:31:00+09:00,100000000.0
2025-11-24 12:32:00+09:00,100000000.0
2025-11-24 12:33:00+09:00,100000000.0
2025-11-24 12:34:00+09:00,100000000.0
2025-11-24 12:35:00+09:00,100000000.0
2025-11-24 12:36:00+09:00,100000000.0
2025-11-24 12:37:00+09:00,100000000.0
2025-11-24 12:38:00+09:00,100000000.0
2025-11-24 12:39:00+09:00,100000000.0
2025-11-24 12:40:00+09:00,100000000.0
2025-11-24 12:41:00+09:00,100000000.0
2025-11-24 12:42:00+09:00,100000000.0
2025-11-24 12:43:00+09:00,100000000.0
2025-11-24 12:44:00+09:00,100000000.0
2025-11-24 12:45:00+09:00,100000000.0
2025-11-24 12:46:00+09:00,100000000.0
2025-11-24 12:47:00+09:00,100000000.0
2025-11-24 12:48:00+09:00,100000000.0
2025-11-24 12:49:00+09:00,100000000.0
2025-11-24 12:50:00+09:00,100000000.0
2025-11-24 12:51:00+09:00,100000000.0
2025-11-24 12:52:00+09:00,100000000.0
2025-11-24 12:53:00+09:00,100000000.0
2025-11-24 12:54:00+09:00,100000000.0
2025-11-24 12:55:00+09:00,100000000.0
2025-11-24 12:56:00+09:00,100000000.0
2025-11-24 12:57:00+09:00,100000000.0
2025-11-24 12:58:00+09:00,100000000.0
2025-11-24 12:59:00+09:00,100000000.0
2025-11-24 13:00:00+09:00,100000000.0
2025-11-24 13:01:00+09:00,100000000.0
2025-11-24 13:02:00+09:00,100000000.0
2025-11-24 13:03:00+09:00,100000000.0
2025-11-24 13:04:00+09:00,100000000.0
2025-11-24 13:05:00+09:00,100000000.0
2025-11-24 13:06:00+09:00,100000000.0
2025-11-24 13:07:00+09:00,100000000.0
2025-11-24 13:08:00+09:00,100000000.0
2025-11-24 13:09:00+09:00,100000000.0
2025-11-24 13:10:00+09:00,100000000.0
2025-11-24 13:11:00+09:00,100000000.0
2025-11-24 13:12:00+09:00,100000000.0
2025-11-24 13:13:00+09:00,100000000.0
2025-11-24 13:14:00+09:00,100000000.0
2025-11-24 13:15:00+09:00,100000000.0
2025-11-24 13:16:00+09:00,100000000.0
2025-11-24 13:17:00+09:00,100000000.0
2025-11-24 13:18:00+09:00,100000000.0
2025-11-24 13:19:00+09:00,100000000.0
2025-11-24 13:20:00+09:00,100000000.0
2025-11-24 13:21:00+09:00,100000000.0
2025-11-24 13:22:00+09:00,100000000.0
2025-11-24 13:23:00+09:00,100000000.0
2025-11-24 13:24:00+09:00,100000000.0
2025-11-24 13:25:00+09:00,100000000.0
2025-11-24 13:26:00+09:00,100000000.0
2025-11-24 13:27:00+09:00,100000000.0
2025-11-24 13:28:00+09:00,100000000.0
2025-11-24 13:29:00+09:00,100000000.0
2025-11-24 13:30:00+09:00,100000000.0
2025-11-24 13:31:00+09:00,100000000.0
2025-11-24 13:32:00+09:00,100000000.0
2025-11-24 13:33:00+09:00,100000000.0
2025-11-24 13:34:00+09:00,100000000.0
2025-11-24 13:35:00+09:00,100000000.0
2025-11-24 13:36:00+09:00,100000000.0
2025-11-24 13:37:00+09:00,100000000.0
2025-11-24 13:38:00+09:00,100000000.0
2025-11-24 13:39:00+09:00,100000000.0
2025-11-24 13:40:00+09:00,100000000.0
2025-11-24 13:41:00+09:00,100000000.0
2025-11-24 13:42:00+09:00,100000000.0
2025-11-24 13:43:00+09:00,100000000.0
2025-11-24 13:44:00+09:00,100000000.0
2025-11-24 13:45:00+09:00,100000000.0
2025-11-24 13:46:00+09:00,100000000.0
2025-11-24 13:47:00+09:00,100000000.0
2025-11-24 13:48:00+09:00,100000000.0
2025-11-24 13:49:00+09:00,100000000.0
2025-11-24 13:50:00+09:00,100000000.0
2025-11-24 13:51:00+09:00,100000000.0
2025-11-24 13:52:00+09:00,100000000.0
2025-11-24 13:53:00+09:00,100000000.0
2025-11-24 13:54:00+09:00,100000000.0
2025-11-24 13:55:00+09:00,100000000.0
2025-11-24 13:56:00+09:00,100000000.0
2025-11-24 13:57:00+09:00,100000000.0
2025-11-24 13:58:00+09:00,100000000.0
2025-11-24 13:59:00+09:00,100000000.0
2025-11-24 14:00:00+09:00,100000000.0
2025-11-24 14:01:00+09:00,100000000.0
2025-11-24 14:02:00+09:00,100000000.0
2025-11-24 14:03:00+09:00,100000000.0
2025-11-24 14:04:00+09:00,100000000.0
2025-11-24 14:05:00+09:00,100000000.0
2025-11-24 14:06:00+09:00,100000000.0
2025-11-24 14:07:00+09:00,100000000.0
2025-11-24 14:08:00+09:00,100000000.0
2025-11-24 14:09:00+09:00,100000000.0
2025-11-24 14:10:00+09:00,100000000.0
2025-11-24 14:11:00+09:00,100000000.0
2025-11-24 14:12:00+09:00,100000000.0
2025-11-24 14:13:00+09:00,100000000.0
2025-11-24 14:14:00+09:00,100000000.0
2025-11-24 14:15:00+09:00,100000000.0
2025-11-24 14:16:00+09:00,100000000.0
2025-11-24 14:17:00+09:00,100000000.0
2025-11-24 14:18:00+09:00,100000000.0
2025-11-24 14:19:00+09:00,100000000.0
2025-11-24 14:20:00+09:00,100000000.0
2025-11-24 14:21:00+09:00,100000000.0
2025-11-24 14:22:00+09:00,100000000.0
2025-11-24 14:23:00+09:00,100000000.0
2025-11-24 14:24:00+09:00,100000000.0
2025-11-24 14:25:00+09:00,100000000.0
2025-11-24 14:26:00+09:00,100000000.0
2025-11-24 14:27:00+09:00,100000000.0
2025-11-24 14:28:00+09:00,100000000.0
2025-11-24 14:29:00+09:00,100000000.0
2025-11-24 14:30:00+09:00,100000000.0
2025-11-24 14:31:00+09:00,100000000.0
2025-11-24 14:32:00+09:00,100000000.0
2025-11-24 14:33:00+09:00,100000000.0
2025-11-24 14:34:00+09:00,100000000.0
2025-11-24 14:35:00+09:00,100000000.0
2025-11-24 14:36:00+09:00,100000000.0
2025-11-24 14:37:00+09:00,100000000.0
2025-11-24 14:38:00+09:00,100000000.0
2025-11-24 14:39:00+09:00,100000000.0
2025-11-24 14:40:00+09:00,100000000.0
2025-11-24 14:41:00+09:00,100000000.0
2025-11-24 14:42:00+09:00,100000000.0
2025-11-24 14:43:00+09:00,100000000.0
2025-11-24 14:44:00+09:00,100000000.0
2025-11-24 14:45:00+09:00,100000000.0
2025-11-24 14:46:00+09:00,100000000.0
2025-11-24 14:47:00+09:00,100000000.0
2025-11-24 14:48:00+09:00,100000000.0
2025-11-24 14:49:00+09:00,100000000.0
2025-11-24 14:50:00+09:00,100000000.0
2025-11-24 14:51:00+09:00,100000000.0
2025-11-24 14:52:00+09:00,100000000.0
2025-11-24 14:53:00+09:00,100000000.0
2025-11-24 14:54:00+09:00,100000000.0
2025-11-24 14:55:00+09:00,100000000.0
2025-11-24 14:56:00+09:00,100000000.0
2025-11-24 14:57:00+09:00,100000000.0
2025-11-24 14:58:00+09:00,100000000.0
2025-11-24 14:59:00+09:00,100000000.0
2025-11-24 15:00:00+09:00,99960000.0
2025-11-24 15:01:00+09:00,99732559.72696246
2025-11-24 15:02:00+09:00,99732559.72696246
2025-11-24 15:03:00+09:00,99576694.90784982
2025-11-24 15:04:00+09:00,99576694.90784982
2025-11-24 15:05:00+09:00,99576694.90784982
2025-11-24 15:06:00+09:00,99576694.90784982
2025-11-24 15:07:00+09:00,99576694.90784982
2025-11-24 15:08:00+09:00,99576694.90784982
2025-11-24 15:09:00+09:00,99576694.90784982
2025-11-24 15:10:00+09:00,99576694.90784982
2025-11-24 15:11:00+09:00,99576694.90784982
2025-11-24 15:12:00+09:00,99576694.90784982
2025-11-24 15:13:00+09:00,99576694.90784982
2025-11-24 15:14:00+09:00,99576694.90784982
2025-11-24 15:15:00+09:00,99576694.90784982
2025-11-24 15:16:00+09:00,99576694.90784982
2025-11-24 15:17:00+09:00,99576694.90784982
2025-11-24 15:18:00+09:00,99576694.90784982
2025-11-24 15:19:00+09:00,99576694.90784982
2025-11-24 15:30:00+09:00,99576694.90784982
2025-11-24 15:35:00+09:00,99576694.90784982
2025-11-25 09:00:00+09:00,99576694.90784982
2025-11-25 09:01:00+09:00,99576694.90784982
2025-11-25 09:02:00+09:00,99576694.90784982
2025-11-25 09:03:00+09:00,99576694.90784982
2025-11-25 09:04:00+09:00,99576694.90784982
2025-11-25 09:05:00+09:00,99576694.90784982
2025-11-25 09:06:00+09:00,99576694.90784982
2025-11-25 09:07:00+09:00,99576694.90784982
2025-11-25 09:08:00+09:00,99576694.90784982
2025-11-25 09:09:00+09:00,99576694.90784982
2025-11-25 09:10:00+09:00,99576694.90784982
2025-11-25 09:11:00+09:00,99576694.90784982
2025-11-25 09:12:00+09:00,99576694.90784982
2025-11-25 09:13:00+09:00,99576694.90784982
2025-11-25 09:14:00+09:00,99576694.90784982
2025-11-25 09:15:00+09:00,99576694.90784982
2025-11-25 09:16:00+09:00,99576694.90784982
2025-11-25 09:17:00+09:00,99576694.90784982
2025-11-25 09:18:00+09:00,99576694.90784982
2025-11-25 09:19:00+09:00,99576694.90784982
2025-11-25 09:20:00+09:00,99576694.90784982
2025-11-25 09:21:00+09:00,99576694.90784982
2025-11-25 09:22:00+09:00,99576694.90784982
2025-11-25 09:23:00+09:00,99576694.90784982
2025-11-25 09:24:00+09:00,99576694.90784982
2025-11-25 09:25:00+09:00,99576694.90784982
2025-11-25 09:26:00+09:00,99576694.90784982
2025-11-25 09:27:00+09:00,99576694.90784982
2025-11-25 09:28:00+09:00,99576694.90784982
2025-11-25 09:29:00+09:00,99576694.90784982
2025-11-25 09:30:00+09:00,99576694.90784982
2025-11-25 09:31:00+09:00,99576694.90784982
2025-11-25 09:32:00+09:00,99576694.90784982
2025-11-25 09:33:00+09:00,99576694.90784982
2025-11-25 09:34:00+09:00,99576694.90784982
2025-11-25 09:35:00+09:00,99576694.90784982
2025-11-25 09:36:00+09:00,99576694.90784982
2025-11-25 09:37:00+09:00,99576694.90784982
2025-11-25 09:38:00+09:00,99576694.90784982
2025-11-25 09:39:00+09:00,99576694.90784982
2025-11-25 09:40:00+09:00,99576694.90784982
2025-11-25 09:41:00+09:00,99576694.90784982
2025-11-25 09:42:00+09:00,99576694.90784982
2025-11-25 09:43:00+09:00,99576694.90784982
2025-11-25 09:44:00+09:00,99576694.90784982
2025-11-25 09:45:00+09:00,99576694.90784982
2025-11-25 09:46:00+09:00,99576694.90784982
2025-11-25 09:47:00+09:00,99576694.90784982
2025-11-25 09:48:00+09:00,99576694.90784982
2025-11-25 09:49:00+09:00,99576694.90784982
2025-11-25 09:50:00+09:00,99576694.90784982
2025-11-25 09:51:00+09:00,99576694.90784982
2025-11-25 09:52:00+09:00,99576694.90784982
2025-11-25 09:53:00+09:00,99576694.90784982
2025-11-25 09:54:00+09:00,99576694.90784982
2025-11-25 09:55:00+09:00,99576694.90784982
2025-11-25 09:56:00+09:00,99576694.90784982
2025-11-25 09:57:00+09:00,99576694.90784982
2025-11-25 09:58:00+09:00,99576694.90784982
2025-11-25 09:59:00+09:00,99576694.90784982
2025-11-25 10:00:00+09:00,99576694.90784982
2025-11-25 10:01:00+09:00,99576694.90784982
2025-11-25 10:02:00+09:00,99576694.90784982
2025-11-25 10:03:00+09:00,99576694.90784982
2025-11-25 10:04:00+09:00,99576694.90784982
2025-11-25 10:05:00+09:00,99576694.90784982
2025-11-25 10:06:00+09:00,99576694.90784982
2025-11-25 10:07:00+09:00,99576694.90784982
2025-11-25 10:08:00+09:00,99576694.90784982
2025-11-25 10:09:00+09:00,99576694.90784982
2025-11-25 10:10:00+09:00,99576694.90784982
2025-11-25 10:11:00+09:00,99576694.90784982
2025-11-25 10:12:00+09:00,99576694.90784982
2025-11-25 10:13:00+09:00,99576694.90784982
2025-11-25 10:14:00+09:00,99576694.90784982
2025-11-25 10:15:00+09:00,99576694.90784982
2025-11-25 10:16:00+09:00,99576694.90784982
2025-11-25 10:17:00+09:00,99576694.90784982
2025-11-25 10:18:00+09:00,99576694.90784982
2025-11-25 10:19:00+09:00,99576694.90784982
2025-11-25 10:20:00+09:00,99576694.90784982
2025-11-25 10:21:00+09:00,99576694.90784982
2025-11-25 10:22:00+09:00,99576694.90784982
2025-11-25 10:23:00+09:00,99576694.90784982
2025-11-25 10:24:00+09:00,99576694.90784982
2025-11-25 10:25:00+09:00,99576694.90784982
2025-11-25 10:26:00+09:00,99576694.90784982
2025-11-25 10:27:00+09:00,99576694.90784982
2025-11-25 10:28:00+09:00,99576694.90784982
2025-11-25 10:29:00+09:00,99576694.90784982
2025-11-25 10:30:00+09:00,99576694.90784982
2025-11-25 10:31:00+09:00,99576694.90784982
2025-11-25 10:32:00+09:00,99576694.90784982
2025-11-25 10:33:00+09:00,99576694.90784982
2025-11-25 10:34:00+09:00,99576694.90784982
2025-11-25 10:35:00+09:00,99576694.90784982
2025-11-25 10:36:00+09:00,99576694.90784982
2025-11-25 10:37:00+09:00,99576694.90784982
2025-11-25 10:38:00+09:00,99576694.90784982
2025-11-25 10:39:00+09:00,99576694.90784982
2025-11-25 10:40:00+09:00,99576694.90784982
2025-11-25 10:41:00+09:00,99576694.90784982
2025-11-25 10:42:00+09:00,99576694.90784982
2025-11-25 10:43:00+09:00,99576694.90784982
2025-11-25 10:44:00+09:00,99576694.90784982
2025-11-25 10:45:00+09:00,99576694.90784982
2025-11-25 10:46:00+09:00,99576694.90784982
2025-11-25 10:47:00+09:00,99576694.90784982
2025-11-25 10:48:00+09:00,99576694.90784982
2025-11-25 10:49:00+09:00,99576694.90784982
2025-11-25 10:50:00+09:00,99576694.90784982
2025-11-25 10:51:00+09:00,99576694.90784982
2025-11-25 10:52:00+09:00,99576694.90784982
2025-11-25 10:53:00+09:00,99576694.90784982
2025-11-25 10:54:00+09:00,99576694.90784982
2025-11-25 10:55:00+09:00,99576694.90784982
2025-11-25 10:56:00+09:00,99576694.90784982
2025-11-25 10:57:00+09:00,99576694.90784982
2025-11-25 10:58:00+09:00,99576694.90784982
2025-11-25 10:59:00+09:00,99576694.90784982
2025-11-25 11:00:00+09:00,99576694.90784982
2025-11-25 11:01:00+09:00,99576694.90784982
2025-11-25 11:02:00+09:00,99576694.90784982
2025-11-25 11:03:00+09:00,99576694.90784982
2025-11-25 11:04:00+09:00,99576694.90784982
2025-11-25 11:05:00+09:00,99576694.90784982
2025-11-25 11:06:00+09:00,99576694.90784982
2025-11-25 11:07:00+09:00,99576694.90784982
2025-11-25 11:08:00+09:00,99576694.90784982
2025-11-25 11:09:00+09:00,99576694.90784982
2025-11-25 11:10:00+09:00,99576694.90784982
2025-11-25 11:11:00+09:00,99576694.90784982
2025-11-25 11:12:00+09:00,99576694.90784982
2025-11-25 11:13:00+09:00,99576694.90784982
2025-11-25 11:14:00+09:00,99576694.90784982
2025-11-25 11:15:00+09:00,99576694.90784982
2025-11-25 11:16:00+09:00,99576694.90784982
2025-11-25 11:17:00+09:00,99576694.90784982
2025-11-25 11:18:00+09:00,99576694.90784982
2025-11-25 11:19:00+09:00,99576694.90784982
2025-11-25 11:20:00+09:00,99576694.90784982
2025-11-25 11:21:00+09:00,99576694.90784982
2025-11-25 11:22:00+09:00,99576694.90784982
2025-11-25 11:23:00+09:00,99576694.90784982
2025-11-25 11:24:00+09:00,99576694.90784982
2025-11-25 11:25:00+09:00,99576694.90784982
2025-11-25 11:26:00+09:00,99576694.90784982
2025-11-25 11:27:00+09:00,99576694.90784982
2025-11-25 11:28:00+09:00,99576694.90784982
2025-11-25 11:29:00+09:00,99576694.90784982
2025-11-25 11:30:00+09:00,99576694.90784982
2025-11-25 11:31:00+09:00,99576694.90784982
2025-11-25 11:32:00+09:00,99576694.90784982
2025-11-25 11:33:00+09:00,99576694.90784982
2025-11-25 11:34:00+09:00,99576694.90784982
2025-11-25 11:35:00+09:00,99576694.90784982
2025-11-25 11:36:00+09:00,99576694.90784982
2025-11-25 11:37:00+09:00,99576694.90784982
2025-11-25 11:38:00+09:00,99576694.90784982
2025-11-25 11:39:00+09:00,99576694.90784982
2025-11-25 11:41:00+09:00,99576694.90784982
2025-11-25 11:42:00+09:00,99576694.90784982
2025-11-25 11:43:00+09:00,99576694.90784982
2025-11-25 11:44:00+09:00,99576694.90784982
2025-11-25 11:45:00+09:00,99576694.90784982
2025-11-25 11:46:00+09:00,99576694.90784982
2025-11-25 11:47:00+09:00,99576694.90784982
2025-11-25 11:48:00+09:00,99576694.90784982
2025-11-25 11:49:00+09:00,99576694.90784982
2025-11-25 11:50:00+09:00,99576694.90784982
2025-11-25 11:51:00+09:00,99576694.90784982
2025-11-25 11:52:00+09:00,99576694.90784982
2025-11-25 11:53:00+09:00,99576694.90784982
2025-11-25 11:54:00+09:00,99576694.90784982
2025-11-25 11:55:00+09:00,99576694.90784982
2025-11-25 11:56:00+09:00,99576694.90784982
2025-11-25 11:57:00+09:00,99576694.90784982
2025-11-25 11:58:00+09:00,99576694.90784982
2025-11-25 11:59:00+09:00,99576694.90784982
2025-11-25 12:00:00+09:00,99576694.90784982
2025-11-25 12:01:00+09:00,99576694.90784982
2025-11-25 12:02:00+09:00,99576694.90784982
2025-11-25 12:03:00+09:00,99576694.90784982
2025-11-25 12:04:00+09:00,99576694.90784982
2025-11-25 12:05:00+09:00,99576694.90784982
2025-11-25 12:06:00+09:00,99576694.90784982
2025-11-25 12:07:00+09:00,99576694.90784982
2025-11-25 12:08:00+09:00,99576694.90784982
2025-11-25 12:09:00+09:00,99576694.90784982
2025-11-25 12:10:00+09:00,99576694.90784982
2025-11-25 12:11:00+09:00,99576694.90784982
2025-11-25 12:12:00+09:00,99576694.90784982
2025-11-25 12:13:00+09:00,99576694.90784982
2025-11-25 12:14:00+09:00,99576694.90784982
2025-11-25 12:15:00+09:00,99576694.90784982
2025-11-25 12:16:00+09:00,99576694.90784982
2025-11-25 12:17:00+09:00,99576694.90784982
2025-11-25 12:18:00+09:00,99576694.90784982
2025-11-25 12:19:00+09:00,99576694.90784982
2025-11-25 12:20:00+09:00,99576694.90784982
2025-11-25 12:21:00+09:00,99576694.90784982
2025-11-25 12:22:00+09:00,99576694.90784982
2025-11-25 12:23:00+09:00,99576694.90784982
2025-11-25 12:24:00+09:00,99576694.90784982
2025-11-25 12:25:00+09:00,99576694.90784982
2025-11-25 12:26:00+09:00,99576694.90784982
2025-11-25 12:27:00+09:00,99576694.90784982
2025-11-25 12:28:00+09:00,99576694.90784982
2025-11-25 12:29:00+09:00,99576694.90784982
2025-11-25 12:30:00+09:00,99576694.90784982
2025-11-25 12:31:00+09:00,99576694.90784982
2025-11-25 12:32:00+09:00,99576694.90784982
2025-11-25 12:33:00+09:00,99576694.90784982
2025-11-25 12:34:00+09:00,99576694.90784982
2025-11-25 12:35:00+09:00,99576694.90784982
2025-11-25 12:36:00+09:00,99576694.90784982
2025-11-25 12:37:00+09:00,99576694.90784982
2025-11-25 12:38:00+09:00,99576694.90784982
2025-11-25 12:39:00+09:00,99576694.90784982
2025-11-25 12:40:00+09:00,99576694.90784982
2025-11-25 12:41:00+09:00,99576694.90784982
2025-11-25 12:42:00+09:00,99576694.90784982
2025-11-25 12:43:00+09:00,99576694.90784982
2025-11-25 12:44:00+09:00,99576694.90784982
2025-11-25 12:45:00+09:00,99576694.90784982
2025-11-25 12:46:00+09:00,99576694.90784982
2025-11-25 12:47:00+09:00,99576694.90784982
2025-11-25 12:48:00+09:00,99576694.90784982
2025-11-25 12:49:00+09:00,99576694.90784982
2025-11-25 12:50:00+09:00,99576694.90784982
2025-11-25 12:51:00+09:00,99576694.90784982
2025-11-25 12:52:00+09:00,99576694.90784982
2025-11-25 12:53:00+09:00,99576694.90784982
2025-11-25 12:54:00+09:00,99576694.90784982
2025-11-25 12:55:00+09:00,99536864.22988668
2025-11-25 12:56:00+09:00,99974068.61156993
2025-11-25 12:57:00+09:00,99974068.61156993
2025-11-25 12:58:00+09:00,99974068.61156993
2025-11-25 12:59:00+09:00,99536864.22988667
2025-11-25 13:00:00+09:00,99682599.02378108
2025-11-25 13:01:00+09:00,99828333.8176755
2025-11-25 13:02:00+09:00,99974068.61156991
2025-11-25 13:03:00+09:00,99828333.81767549
2025-11-25 13:04:00+09:00,99974068.6115699
2025-11-25 13:05:00+09:00,100411272.99325314
2025-11-25 13:06:00+09:00,100702742.58104196
2025-11-25 13:07:00+09:00,101577151.34440847
2025-11-25 13:08:00+09:00,102888764.48945822
2025-11-25 13:09:00+09:00,103908908.04671912
2025-11-25 13:10:00+09:00,103325968.87114145
2025-11-25 13:11:00+09:00,103325968.87114145
2025-11-25 13:12:00+09:00,102743029.69556378
2025-11-25 13:13:00+09:00,102888764.48945819
2025-11-25 13:14:00+09:00,103617438.45893027
2025-11-25 13:15:00+09:00,104200377.63450794
2025-11-25 13:16:00+09:00,103763173.25282468
2025-11-25 13:17:00+09:00,102743029.69556376
2025-11-25 13:18:00+09:00,103471703.66503584
2025-11-25 13:19:00+09:00,103034499.2833526
2025-11-25 13:20:00+09:00,103034499.2833526
2025-11-25 13:21:00+09:00,103180234.07724701
2025-11-25 13:22:00+09:00,103034499.2833526
2025-11-25 13:23:00+09:00,103763173.25282468
2025-11-25 13:24:00+09:00,103763173.25282468
2025-11-25 13:25:00+09:00,103981775.44366631
2025-11-25 13:26:00+09:00,103763173.25282468
2025-11-25 13:27:00+09:00,104054642.84061351
2025-11-25 13:28:00+09:00,104054642.84061351
2025-11-25 13:29:00+09:00,103325968.87114143
2025-11-25 13:30:00+09:00,102451560.10777493
2025-11-25 13:31:00+09:00,102014355.72609168
2025-11-25 13:32:00+09:00,102451560.10777493
2025-11-25 13:33:00+09:00,102160090.5199861
2025-11-25 13:34:00+09:00,101577151.34440842
2025-11-25 13:35:00+09:00,101868620.93219726
2025-11-25 13:36:00+09:00,101868620.93219726
2025-11-25 13:37:00+09:00,101577151.34440842
2025-11-25 13:38:00+09:00,101868620.93219726
2025-11-25 13:39:00+09:00,102305825.31388052
2025-11-25 13:40:00+09:00,102670162.29861656
2025-11-25 13:41:00+09:00,102888764.48945819
2025-11-25 13:42:00+09:00,102597294.90166935
2025-11-25 13:43:00+09:00,102743029.69556378
2025-11-25 13:44:00+09:00,102451560.10777494
2025-11-25 13:45:00+09:00,101868620.93219727
2025-11-25 13:46:00+09:00,102160090.5199861
2025-11-25 13:47:00+09:00,102305825.3138805
2025-11-25 13:48:00+09:00,102160090.51998608
2025-11-25 13:49:00+09:00,102597294.90166932
2025-11-25 13:50:00+09:00,103180234.07724698
2025-11-25 13:51:00+09:00,104200377.6345079
2025-11-25 13:52:00+09:00,103763173.25282463
2025-11-25 13:53:00+09:00,104054642.84061347
2025-11-25 13:54:00+09:00,103908908.04671906
2025-11-25 13:55:00+09:00,103908908.04671906
2025-11-25 13:56:00+09:00,104929051.60397997
2025-11-25 13:57:00+09:00,105220521.19176881
2025-11-25 13:58:00+09:00,105949195.16124089
2025-11-25 13:59:00+09:00,105803460.36734648
2025-11-25 14:00:00+09:00,105366255.98566324
2025-11-25 14:01:00+09:00,104637582.01619115
2025-11-25 14:02:00+09:00,104929051.60397999
2025-11-25 14:03:00+09:00,104491847.22229674
2025-11-25 14:04:00+09:00,104783316.81008556
2025-11-25 14:05:00+09:00,105074786.3978744
2025-11-25 14:06:00+09:00,105074786.3978744
2025-11-25 14:07:00+09:00,105511990.77955765
2025-11-25 14:08:00+09:00,106022062.5581881
2025-11-25 14:09:00+09:00,105803460.36734647
2025-11-25 14:10:00+09:00,105366255.98566322
2025-11-25 14:11:00+09:00,104783316.81008555
2025-11-25 14:12:00+09:00,105366255.9856632
2025-11-25 14:13:00+09:00,104783316.81008554
2025-11-25 14:14:00+09:00,104637582.01619112
2025-11-25 14:15:00+09:00,103908908.04671904
2025-11-25 14:16:00+09:00,104200377.63450788
2025-11-25 14:17:00+09:00,104491847.22229671
2025-11-25 14:18:00+09:00,104346112.4284023
2025-11-25 14:19:00+09:00,104346112.4284023
2025-11-25 14:20:00+09:00,104054642.84061347
2025-11-25 14:21:00+09:00,103471703.6650358
2025-11-25 14:22:00+09:00,103908908.04671904
2025-11-25 14:23:00+09:00,103773695.30494381
2025-11-25 14:24:00+09:00,103773695.30494381
2025-11-25 14:25:00+09:00,103773695.30494381
2025-11-25 14:26:00+09:00,103773695.30494381
2025-11-25 14:27:00+09:00,103773695.30494381
2025-11-25 14:28:00+09:00,103773695.30494381
2025-11-25 14:29:00+09:00,103773695.30494381
2025-11-25 14:30:00+09:00,103773695.30494381
2025-11-25 14:31:00+09:00,103773695.30494381
2025-11-25 14:32:00+09:00,103773695.30494381
2025-11-25 14:33:00+09:00,103773695.30494381
2025-11-25 14:34:00+09:00,103773695.30494381
2025-11-25 14:35:00+09:00,103773695.30494381
2025-11-25 14:36:00+09:00,103773695.30494381
2025-11-25 14:37:00+09:00,103773695.30494381
2025-11-25 14:38:00+09:00,103773695.30494381
2025-11-25 14:39:00+09:00,103773695.30494381
2025-11-25 14:40:00+09:00,103773695.30494381
2025-11-25 14:41:00+09:00,103773695.30494381
2025-11-25 14:42:00+09:00,103773695.30494381
2025-11-25 14:43:00+09:00,103773695.30494381
2025-11-25 14:44:00+09:00,103773695.30494381
2025-11-25 14:45:00+09:00,103773695.30494381
2025-11-25 14:46:00+09:00,103773695.30494381
2025-11-25 14:47:00+09:00,103773695.30494381
2025-11-25 14:48:00+09:00,103773695.30494381
2025-11-25 14:49:00+09:00,103773695.30494381
2025-11-25 14:50:00+09:00,103773695.30494381
2025-11-25 14:51:00+09:00,103773695.30494381
2025-11-25 14:52:00+09:00,103773695.30494381
2025-11-25 14:53:00+09:00,103773695.30494381
2025-11-25 14:54:00+09:00,103773695.30494381
2025-11-25 14:55:00+09:00,103773695.30494381
2025-11-25 14:56:00+09:00,103773695.30494381
2025-11-25 14:57:00+09:00,103773695.30494381
2025-11-25 14:58:00+09:00,103773695.30494381
2025-11-25 14:59:00+09:00,103773695.30494381
2025-11-25 15:00:00+09:00,103773695.30494381
2025-11-25 15:01:00+09:00,103773695.30494381
2025-11-25 15:02:00+09:00,103773695.30494381
2025-11-25 15:03:00+09:00,103773695.30494381
2025-11-25 15:04:00+09:00,103773695.30494381
2025-11-25 15:05:00+09:00,103773695.30494381
2025-11-25 15:06:00+09:00,103773695.30494381
2025-11-25 15:07:00+09:00,103773695.30494381
2025-11-25 15:08:00+09:00,103773695.30494381
2025-11-25 15:09:00+09:00,103773695.30494381
2025-11-25 15:10:00+09:00,103773695.30494381
2025-11-25 15:11:00+09:00,103773695.30494381
2025-11-25 15:12:00+09:00,103773695.30494381
2025-11-25 15:13:00+09:00,103773695.30494381
2025-11-25 15:14:00+09:00,103773695.30494381
2025-11-25 15:15:00+09:00,103773695.30494381
2025-11-25 15:16:00+09:00,103773695.30494381
2025-11-25 15:17:00+09:00,103773695.30494381
2025-11-25 15:18:00+09:00,103773695.30494381
2025-11-25 15:19:00+09:00,103773695.30494381
2025-11-25 15:30:00+09:00,103773695.30494381
2025-11-25 15:35:00+09:00,103773695.30494381
2025-11-26 09:00:00+09:00,103773695.30494381
2025-11-26 09:01:00+09:00,103773695.30494381
2025-11-26 09:02:00+09:00,103773695.30494381
2025-11-26 09:03:00+09:00,103773695.30494381
2025-11-26 09:04:00+09:00,103773695.30494381
2025-11-26 09:05:00+09:00,103773695.30494381
2025-11-26 09:06:00+09:00,103773695.30494381
2025-11-26 09:07:00+09:00,103773695.30494381
2025-11-26 09:08:00+09:00,103773695.30494381
2025-11-26 09:09:00+09:00,103773695.30494381
2025-11-26 09:10:00+09:00,103773695.30494381
2025-11-26 09:11:00+09:00,103773695.30494381
2025-11-26 09:12:00+09:00,103773695.30494381
2025-11-26 09:13:00+09:00,103773695.30494381
2025-11-26 09:14:00+09:00,103773695.30494381
2025-11-26 09:15:00+09:00,103773695.30494381
2025-11-26 09:16:00+09:00,103773695.30494381
2025-11-26 09:17:00+09:00,103732185.82682185
2025-11-26 09:18:00+09:00,103437072.92262036
2025-11-26 09:19:00+09:00,104469968.08732556
2025-11-26 09:20:00+09:00,105502863.25203076
2025-11-26 09:21:00+09:00,105207750.34782928
2025-11-26 09:22:00+09:00,105355306.79993002
2025-11-26 09:23:00+09:00,105650419.7041315
2025-11-26 09:24:00+09:00,105355306.79993
2025-11-26 09:25:00+09:00,105355306.79993
2025-11-26 09:26:00+09:00,105060193.89572853
2025-11-26 09:27:00+09:00,104765080.99152705
2025-11-26 09:28:00+09:00,104765080.99152705
2025-11-26 09:29:00+09:00,105060193.89572853
2025-11-26 09:30:00+09:00,103584629.37472111
2025-11-26 09:31:00+09:00,103732185.82682185
2025-11-26 09:32:00+09:00,104027298.73102333
2025-11-26 09:33:00+09:00,104322411.6352248
2025-11-26 09:34:00+09:00,105060193.89572851
2025-11-26 09:35:00+09:00,105945532.60833296
2025-11-26 09:36:00+09:00,105502863.25203073
2025-11-26 09:37:00+09:00,105207750.34782925
2025-11-26 09:38:00+09:00,106240645.51253444
2025-11-26 09:39:00+09:00,105207750.34782925
2025-11-26 09:40:00+09:00,105060193.89572851
2025-11-26 09:41:00+09:00,105945532.60833296
2025-11-26 09:42:00+09:00,105797976.15623222
2025-11-26 09:43:00+09:00,105797976.15623222
2025-11-26 09:44:00+09:00,105797976.15623222
2025-11-26 09:45:00+09:00,106240645.51253444
2025-11-26 09:46:00+09:00,107716210.03354186
2025-11-26 09:47:00+09:00,107125984.22513889
2025-11-26 09:48:00+09:00,106093089.06043369
2025-11-26 09:49:00+09:00,106240645.51253442
2025-11-26 09:50:00+09:00,106978427.77303813
2025-11-26 09:51:00+09:00,106978427.77303813
2025-11-26 09:52:00+09:00,107125984.22513889
2025-11-26 09:53:00+09:00,108896661.65034778
2025-11-26 09:54:00+09:00,109339331.00665002
2025-11-26 09:57:00+09:00,107863766.4856426
2025-11-26 09:58:00+09:00,107716210.03354184
2025-11-26 09:59:00+09:00,108306435.84194481
2025-11-26 10:00:00+09:00,108896661.65034778
2025-11-26 10:01:00+09:00,109044218.10244852
2025-11-26 10:02:00+09:00,110224669.71925446
2025-11-26 10:03:00+09:00,110667339.0755567
2025-11-26 10:04:00+09:00,110667339.0755567
2025-11-26 10:05:00+09:00,109929556.81505299
2025-11-26 10:06:00+09:00,110077113.26715373
2025-11-26 10:07:00+09:00,109486887.45875075
2025-11-26 10:08:00+09:00,109634443.91085151
2025-11-26 10:09:00+09:00,109339331.00665002
2025-11-26 10:10:00+09:00,109486887.45875075
2025-11-26 10:11:00+09:00,108158879.38984407
2025-11-26 10:12:00+09:00,107937544.71169296
2025-11-26 10:13:00+09:00,107494875.35539073
2025-11-26 10:14:00+09:00,106535758.4167359
2025-11-26 10:15:00+09:00,107125984.22513887
2025-11-26 10:16:00+09:00,106683314.86883664
2025-11-26 10:17:00+09:00,106535758.4167359
2025-11-26 10:18:00+09:00,105355306.79992996
2025-11-26 10:19:00+09:00,105953795.76965056
2025-11-26 10:20:00+09:00,105953795.76965056
2025-11-26 10:21:00+09:00,105953795.76965056
2025-11-26 10:22:00+09:00,105953795.76965056
2025-11-26 10:23:00+09:00,105953795.76965056
2025-11-26 10:24:00+09:00,105953795.76965056
2025-11-26 10:25:00+09:00,105953795.76965056
2025-11-26 10:26:00+09:00,105953795.76965056
2025-11-26 10:27:00+09:00,105953795.76965056
2025-11-26 10:28:00+09:00,105953795.76965056
2025-11-26 10:29:00+09:00,105953795.76965056
2025-11-26 10:30:00+09:00,105953795.76965056
2025-11-26 10:31:00+09:00,105953795.76965056
2025-11-26 10:32:00+09:00,105953795.76965056
2025-11-26 10:33:00+09:00,105953795.76965056
2025-11-26 10:34:00+09:00,105953795.76965056
2025-11-26 10:35:00+09:00,105953795.76965056
2025-11-26 10:36:00+09:00,105953795.76965056
2025-11-26 10:37:00+09:00,105953795.76965056
2025-11-26 10:38:00+09:00,105953795.76965056
2025-11-26 10:39:00+09:00,105953795.76965056
2025-11-26 10:40:00+09:00,105953795.76965056
2025-11-26 10:41:00+09:00,105953795.76965056
2025-11-26 10:42:00+09:00,105953795.76965056
2025-11-26 10:43:00+09:00,105911414.25134271
2025-11-26 10:44:00+09:00,106327296.76803645
2025-11-26 10:45:00+09:00,105772786.74577811
2025-11-26 10:46:00+09:00,106050041.75690728
2025-11-26 10:47:00+09:00,107159061.80142395
2025-11-26 10:48:00+09:00,107297689.30698854
2025-11-26 10:49:00+09:00,106050041.75690727
2025-11-26 10:50:00+09:00,105218276.72351976
2025-11-26 10:51:00+09:00,104802394.206826
2025-11-26 10:52:00+09:00,104663766.70126142
2025-11-26 10:53:00+09:00,104802394.206826
2025-11-26 10:54:00+09:00,105356904.22908434
2025-11-26 10:55:00+09:00,105356904.22908434
2025-11-26 10:56:00+09:00,105218276.72351976
2025-11-26 10:57:00+09:00,105079649.21795517
2025-11-26 10:58:00+09:00,104525139.19569683
2025-11-26 10:59:00+09:00,104525139.19569683
2025-11-26 11:00:00+09:00,105079649.21795517
2025-11-26 11:01:00+09:00,107436316.81255312
2025-11-26 11:02:00+09:00,108129454.34037603
2025-11-26 11:03:00+09:00,107297689.30698852
2025-11-26 11:04:00+09:00,107020434.29585935
2025-11-26 11:05:00+09:00,106881806.79029477
2025-11-26 11:06:00+09:00,106743179.28473018
2025-11-26 11:07:00+09:00,107159061.80142392
2025-11-26 11:08:00+09:00,107852199.32924685
2025-11-26 11:09:00+09:00,107159061.80142392
2025-11-26 11:10:00+09:00,107297689.30698851
2025-11-26 11:11:00+09:00,106604551.77916558
2025-11-26 11:12:00+09:00,107574944.31811766
2025-11-26 11:13:00+09:00,107852199.32924683
2025-11-26 11:14:00+09:00,107159061.8014239
2025-11-26 11:15:00+09:00,106951120.54307702
2025-11-26 11:16:00+09:00,107436316.81255306
2025-11-26 11:17:00+09:00,107713571.82368225
2025-11-26 11:18:00+09:00,107297689.3069885
2025-11-26 11:19:00+09:00,107713571.82368225
2025-11-26 11:20:00+09:00,107436316.81255308
2025-11-26 11:21:00+09:00,107713571.82368226
2025-11-26 11:22:00+09:00,108822591.86819895
2025-11-26 11:23:00+09:00,108683964.36263436
2025-11-26 11:24:00+09:00,108406709.35150519
2025-11-26 11:25:00+09:00,108683964.36263435
2025-11-26 11:26:00+09:00,108129454.34037602
2025-11-26 11:27:00+09:00,107297689.30698851
2025-11-26 11:28:00+09:00,107159061.80142392
2025-11-26 11:29:00+09:00,107436316.8125531
2025-11-26 11:30:00+09:00,107159061.80142392
2025-11-26 11:31:00+09:00,107159061.80142392
2025-11-26 11:32:00+09:00,106465924.273601
2025-11-26 11:33:00+09:00,106881806.79029475
2025-11-26 11:34:00+09:00,107159061.80142392
2025-11-26 11:35:00+09:00,106604551.77916558
2025-11-26 11:36:00+09:00,106881806.79029475
2025-11-26 11:37:00+09:00,106604551.77916558
2025-11-26 11:38:00+09:00,105772786.74577807
2025-11-26 11:39:00+09:00,106050041.75690724
2025-11-26 11:40:00+09:00,105901959.85546315
2025-11-26 11:41:00+09:00,105901959.85546315
2025-11-26 11:42:00+09:00,105901959.85546315
2025-11-26 11:43:00+09:00,105901959.85546315
2025-11-26 11:44:00+09:00,105901959.85546315
2025-11-26 11:45:00+09:00,105901959.85546315
2025-11-26 11:46:00+09:00,105901959.85546315
2025-11-26 11:47:00+09:00,105901959.85546315
2025-11-26 11:48:00+09:00,105901959.85546315
2025-11-26 11:49:00+09:00,105901959.85546315
2025-11-26 11:50:00+09:00,105901959.85546315
2025-11-26 11:51:00+09:00,105901959.85546315
2025-11-26 11:52:00+09:00,105901959.85546315
2025-11-26 11:53:00+09:00,105901959.85546315
2025-11-26 11:54:00+09:00,105901959.85546315
2025-11-26 11:55:00+09:00,105901959.85546315
2025-11-26 11:56:00+09:00,105901959.85546315
2025-11-26 11:57:00+09:00,105901959.85546315
2025-11-26 11:58:00+09:00,105901959.85546315
2025-11-26 11:59:00+09:00,105901959.85546315
2025-11-26 12:00:00+09:00,105901959.85546315
2025-11-26 12:01:00+09:00,105901959.85546315
2025-11-26 12:02:00+09:00,105901959.85546315
2025-11-26 12:03:00+09:00,105901959.85546315
2025-11-26 12:04:00+09:00,105901959.85546315
2025-11-26 12:05:00+09:00,105901959.85546315
2025-11-26 12:06:00+09:00,105901959.85546315
2025-11-26 12:07:00+09:00,105901959.85546315
2025-11-26 12:08:00+09:00,105901959.85546315
2025-11-26 12:09:00+09:00,105901959.85546315
2025-11-26 12:10:00+09:00,105901959.85546315
2025-11-26 12:11:00+09:00,105901959.85546315
2025-11-26 12:12:00+09:00,105901959.85546315
2025-11-26 12:13:00+09:00,105901959.85546315
2025-11-26 12:14:00+09:00,105901959.85546315
2025-11-26 12:15:00+09:00,105901959.85546315
2025-11-26 12:16:00+09:00,105901959.85546315
2025-11-26 12:17:00+09:00,105901959.85546315
2025-11-26 12:18:00+09:00,105901959.85546315
2025-11-26 12:19:00+09:00,105901959.85546315
2025-11-26 12:20:00+09:00,105901959.85546315
2025-11-26 12:21:00+09:00,105901959.85546315
2025-11-26 12:22:00+09:00,105901959.85546315
2025-11-26 12:23:00+09:00,105901959.85546315
2025-11-26 12:24:00+09:00,105901959.85546315
2025-11-26 12:25:00+09:00,105901959.85546315
2025-11-26 12:26:00+09:00,105901959.85546315
2025-11-26 12:27:00+09:00,105901959.85546315
2025-11-26 12:28:00+09:00,105901959.85546315
2025-11-26 12:29:00+09:00,105901959.85546315
2025-11-26 12:30:00+09:00,105901959.85546315
2025-11-26 12:31:00+09:00,105901959.85546315
2025-11-26 12:32:00+09:00,105901959.85546315
2025-11-26 12:33:00+09:00,105901959.85546315
2025-11-26 12:34:00+09:00,105901959.85546315
2025-11-26 12:35:00+09:00,105901959.85546315
2025-11-26 12:36:00+09:00,105901959.85546315
2025-11-26 12:37:00+09:00,105901959.85546315
2025-11-26 12:38:00+09:00,105901959.85546315
2025-11-26 12:39:00+09:00,105901959.85546315
2025-11-26 12:40:00+09:00,105901959.85546315
2025-11-26 12:41:00+09:00,105901959.85546315
2025-11-26 12:42:00+09:00,105901959.85546315
2025-11-26 12:43:00+09:00,105901959.85546315
2025-11-26 12:44:00+09:00,105901959.85546315
2025-11-26 12:45:00+09:00,105901959.85546315
2025-11-26 12:46:00+09:00,105901959.85546315
2025-11-26 12:47:00+09:00,105901959.85546315
2025-11-26 12:48:00+09:00,105901959.85546315
2025-11-26 12:49:00+09:00,105901959.85546315
2025-11-26 12:50:00+09:00,105901959.85546315
2025-11-26 12:51:00+09:00,105901959.85546315
2025-11-26 12:52:00+09:00,105901959.85546315
2025-11-26 12:53:00+09:00,105901959.85546315
2025-11-26 12:54:00+09:00,105901959.85546315
2025-11-26 12:55:00+09:00,105901959.85546315
2025-11-26 12:56:00+09:00,105901959.85546315
2025-11-26 12:57:00+09:00,105901959.85546315
2025-11-26 12:58:00+09:00,105901959.85546315
2025-11-26 12:59:00+09:00,105901959.85546315
2025-11-26 13:00:00+09:00,105859599.07152097
2025-11-26 13:01:00+09:00,105859599.07152097
2025-11-26 13:02:00+09:00,106140393.76401837
2025-11-26 13:03:00+09:00,105719201.72527227
2025-11-26 13:04:00+09:00,105859599.07152097
2025-11-26 13:05:00+09:00,105719201.72527227
2025-11-26 13:06:00+09:00,105157612.34027746
2025-11-26 13:07:00+09:00,105298009.68652616
2025-11-26 13:08:00+09:00,105438407.03277488
2025-11-26 13:09:00+09:00,105298009.68652618
2025-11-26 13:10:00+09:00,105298009.68652618
2025-11-26 13:11:00+09:00,104876817.64778008
2025-11-26 13:12:00+09:00,104876817.64778008
2025-11-26 13:13:00+09:00,104733668.5135449
2025-11-26 13:14:00+09:00,104733668.5135449
2025-11-26 13:15:00+09:00,104733668.5135449
2025-11-26 13:16:00+09:00,104733668.5135449
2025-11-26 13:17:00+09:00,104733668.5135449
2025-11-26 13:18:00+09:00,104733668.5135449
2025-11-26 13:19:00+09:00,104733668.5135449
2025-11-26 13:20:00+09:00,104733668.5135449
2025-11-26 13:21:00+09:00,104733668.5135449
2025-11-26 13:22:00+09:00,104733668.5135449
2025-11-26 13:23:00+09:00,104733668.5135449
2025-11-26 13:24:00+09:00,104691775.0461395
2025-11-26 13:25:00+09:00,104691775.0461395
2025-11-26 13:26:00+09:00,104554022.71055247
2025-11-26 13:27:00+09:00,104416270.37496544
2025-11-26 13:28:00+09:00,104829527.3817265
2025-11-26 13:29:00+09:00,104829527.3817265
2025-11-26 13:30:00+09:00,104691775.04613948
2025-11-26 13:31:00+09:00,104416270.37496543
2025-11-26 13:32:00+09:00,104140765.70379138
2025-11-26 13:33:00+09:00,103865261.03261733
2025-11-26 13:34:00+09:00,104003013.36820437
2025-11-26 13:35:00+09:00,104003013.36820437
2025-11-26 13:36:00+09:00,104278518.03937843
2025-11-26 13:37:00+09:00,104140765.70379141
2025-11-26 13:38:00+09:00,104278518.03937845
2025-11-26 13:39:00+09:00,104003013.3682044
2025-11-26 13:40:00+09:00,103314251.69026926
2025-11-26 13:41:00+09:00,103727508.69703034
2025-11-26 13:42:00+09:00,103584824.82782929
2025-11-26 13:43:00+09:00,103584824.82782929
2025-11-26 13:44:00+09:00,103584824.82782929
2025-11-26 13:45:00+09:00,103584824.82782929
2025-11-26 13:46:00+09:00,103584824.82782929
2025-11-26 13:47:00+09:00,103584824.82782929
2025-11-26 13:48:00+09:00,103584824.82782929
2025-11-26 13:49:00+09:00,103584824.82782929
2025-11-26 13:50:00+09:00,103584824.82782929
2025-11-26 13:51:00+09:00,103584824.82782929
2025-11-26 13:52:00+09:00,103584824.82782929
2025-11-26 13:53:00+09:00,103584824.82782929
2025-11-26 13:54:00+09:00,103584824.82782929
2025-11-26 13:55:00+09:00,103584824.82782929
2025-11-26 13:56:00+09:00,103584824.82782929
2025-11-26 13:57:00+09:00,103584824.82782929
2025-11-26 13:58:00+09:00,103584824.82782929
2025-11-26 13:59:00+09:00,103584824.82782929
2025-11-26 14:00:00+09:00,103584824.82782929
2025-11-26 14:01:00+09:00,103584824.82782929
2025-11-26 14:02:00+09:00,103584824.82782929
2025-11-26 14:03:00+09:00,103584824.82782929
2025-11-26 14:04:00+09:00,103584824.82782929
2025-11-26 14:05:00+09:00,103584824.82782929
2025-11-26 14:06:00+09:00,103584824.82782929
2025-11-26 14:07:00+09:00,103584824.82782929
2025-11-26 14:08:00+09:00,103584824.82782929
2025-11-26 14:09:00+09:00,103584824.82782929
2025-11-26 14:10:00+09:00,103584824.82782929
2025-11-26 14:11:00+09:00,103584824.82782929
2025-11-26 14:12:00+09:00,103584824.82782929
2025-11-26 14:13:00+09:00,103584824.82782929
2025-11-26 14:14:00+09:00,103584824.82782929
2025-11-26 14:15:00+09:00,103584824.82782929
2025-11-26 14:16:00+09:00,103584824.82782929
2025-11-26 14:17:00+09:00,103584824.82782929
2025-11-26 14:18:00+09:00,103584824.82782929
2025-11-26 14:19:00+09:00,103584824.82782929
2025-11-26 14:20:00+09:00,103584824.82782929
2025-11-26 14:21:00+09:00,103584824.82782929
2025-11-26 14:22:00+09:00,103584824.82782929
2025-11-26 14:23:00+09:00,103584824.82782929
2025-11-26 14:24:00+09:00,103584824.82782929
2025-11-26 14:25:00+09:00,103584824.82782929
2025-11-26 14:26:00+09:00,103584824.82782929
2025-11-26 14:27:00+09:00,103584824.82782929
2025-11-26 14:28:00+09:00,103584824.82782929
2025-11-26 14:29:00+09:00,103584824.82782929
2025-11-26 14:30:00+09:00,103584824.82782929
2025-11-26 14:31:00+09:00,103584824.82782929
2025-11-26 14:32:00+09:00,103584824.82782929
2025-11-26 14:33:00+09:00,103584824.82782929
2025-11-26 14:34:00+09:00,103584824.82782929
2025-11-26 14:35:00+09:00,103584824.82782929
2025-11-26 14:36:00+09:00,103584824.82782929
2025-11-26 14:37:00+09:00,103584824.82782929
2025-11-26 14:38:00+09:00,103584824.82782929
2025-11-26 14:39:00+09:00,103584824.82782929
2025-11-26 14:40:00+09:00,103584824.82782929
2025-11-26 14:41:00+09:00,103584824.82782929
2025-11-26 14:42:00+09:00,103584824.82782929
2025-11-26 14:43:00+09:00,103584824.82782929
2025-11-26 14:44:00+09:00,103584824.82782929
2025-11-26 14:45:00+09:00,103584824.82782929
2025-11-26 14:46:00+09:00,103584824.82782929
2025-11-26 14:47:00+09:00,103584824.82782929
2025-11-26 14:48:00+09:00,103584824.82782929
2025-11-26 14:49:00+09:00,103584824.82782929
2025-11-26 14:50:00+09:00,103584824.82782929
2025-11-26 14:51:00+09:00,103584824.82782929
2025-11-26 14:52:00+09:00,103584824.82782929
2025-11-26 14:53:00+09:00,103584824.82782929
2025-11-26 14:54:00+09:00,103584824.82782929
2025-11-26 14:55:00+09:00,103584824.82782929
2025-11-26 14:56:00+09:00,103584824.82782929
2025-11-26 14:57:00+09:00,103584824.82782929
2025-11-26 14:58:00+09:00,103584824.82782929
2025-11-26 14:59:00+09:00,103584824.82782929
2025-11-26 15:00:00+09:00,103584824.82782929
2025-11-26 15:01:00+09:00,103584824.82782929
2025-11-26 15:02:00+09:00,103584824.82782929
2025-11-26 15:03:00+09:00,103584824.82782929
2025-11-26 15:04:00+09:00,103584824.82782929
2025-11-26 15:05:00+09:00,103584824.82782929
2025-11-26 15:06:00+09:00,103584824.82782929
2025-11-26 15:07:00+09:00,103584824.82782929
2025-11-26 15:08:00+09:00,103584824.82782929
2025-11-26 15:09:00+09:00,103584824.82782929
2025-11-26 15:10:00+09:00,103584824.82782929
2025-11-26 15:11:00+09:00,103584824.82782929
2025-11-26 15:12:00+09:00,103584824.82782929
2025-11-26 15:13:00+09:00,103584824.82782929
2025-11-26 15:14:00+09:00,103543390.89789815
2025-11-26 15:15:00+09:00,103543390.89789815
2025-11-26 15:16:00+09:00,103402323.60784653
2025-11-26 15:17:00+09:00,103120189.02774327
2025-11-26 15:18:00+09:00,102838054.44764
2025-11-26 15:19:00+09:00,102841764.51736836
2025-11-26 15:30:00+09:00,102841764.51736836
2025-11-26 15:35:00+09:00,102841764.51736836
2025-11-27 09:00:00+09:00,102841764.51736836
2025-11-27 09:01:00+09:00,102841764.51736836
2025-11-27 09:02:00+09:00,102841764.51736836
2025-11-27 09:03:00+09:00,102841764.51736836
2025-11-27 09:04:00+09:00,102841764.51736836
2025-11-27 09:05:00+09:00,102841764.51736836
2025-11-27 09:06:00+09:00,102841764.51736836
2025-11-27 09:07:00+09:00,102841764.51736836
2025-11-27 09:08:00+09:00,102841764.51736836
2025-11-27 09:09:00+09:00,102841764.51736836
2025-11-27 09:10:00+09:00,102841764.51736836
2025-11-27 09:11:00+09:00,102841764.51736836
2025-11-27 09:12:00+09:00,102841764.51736836
2025-11-27 09:13:00+09:00,102841764.51736836
2025-11-27 09:14:00+09:00,102841764.51736836
2025-11-27 09:15:00+09:00,102841764.51736836
2025-11-27 09:16:00+09:00,102800627.81156142
2025-11-27 09:17:00+09:00,103206954.40370198
2025-11-27 09:18:00+09:00,102529743.41680105
2025-11-27 09:19:00+09:00,102258859.02204068
2025-11-27 09:20:00+09:00,103884165.39060292
2025-11-27 09:21:00+09:00,103613280.99584253
2025-11-27 09:22:00+09:00,103206954.40370198
2025-11-27 09:23:00+09:00,103206954.40370198
2025-11-27 09:24:00+09:00,103884165.39060292
2025-11-27 09:25:00+09:00,104019607.58798312
2025-11-27 09:26:00+09:00,104425934.18012367
2025-11-27 09:27:00+09:00,104561376.37750386
2025-11-27 09:29:00+09:00,105103145.1670246
2025-11-27 09:30:00+09:00,106322124.94344626
2025-11-27 09:31:00+09:00,104629097.47619393
2025-11-27 09:32:00+09:00,105238587.36440478
2025-11-27 09:33:00+09:00,104967702.96964441
2025-11-27 09:34:00+09:00,104696818.57488404
2025-11-27 09:35:00+09:00,106593009.33820665
2025-11-27 09:36:00+09:00,106999335.93034719
2025-11-27 09:37:00+09:00,106999335.93034719
2025-11-27 09:38:00+09:00,107676546.91724813
2025-11-27 09:39:00+09:00,106728451.53558682
2025-11-27 09:40:00+09:00,107676546.91724813
2025-11-27 09:41:00+09:00,108489200.10152924
2025-11-27 09:42:00+09:00,109166411.08843018
2025-11-27 09:43:00+09:00,109708179.87795094
2025-11-27 09:44:00+09:00,109708179.87795094
2025-11-27 09:45:00+09:00,108760084.49628963
2025-11-27 09:46:00+09:00,108218315.70676889
2025-11-27 09:47:00+09:00,108895526.69366983
2025-11-27 09:48:00+09:00,109437295.48319058
2025-11-27 09:49:00+09:00,109708179.87795095
2025-11-27 09:50:00+09:00,110927159.65437262
2025-11-27 09:51:00+09:00,111468928.44389336
2025-11-27 09:52:00+09:00,111198044.04913299
2025-11-27 09:53:00+09:00,111604370.64127356
2025-11-27 09:54:00+09:00,110520833.06223206
2025-11-27 09:55:00+09:00,112010697.23341411
2025-11-27 09:56:00+09:00,111604370.64127356
2025-11-27 09:57:00+09:00,113636003.60197636
2025-11-27 09:58:00+09:00,114313214.5888773
2025-11-27 09:59:00+09:00,114448656.78625749
2025-11-27 10:00:00+09:00,113500561.4045962
2025-11-27 10:01:00+09:00,113365119.20721601
2025-11-27 10:02:00+09:00,112823350.41769527
2025-11-27 10:03:00+09:00,113500561.4045962
2025-11-27 10:04:00+09:00,114313214.58887732
2025-11-27 10:05:00+09:00,113500561.4045962
2025-11-27 10:06:00+09:00,111604370.64127359
2025-11-27 10:07:00+09:00,113636003.6019764
2025-11-27 10:08:00+09:00,112823350.41769528
2025-11-27 10:09:00+09:00,112823350.41769528
2025-11-27 10:10:00+09:00,113365119.20721604
2025-11-27 10:11:00+09:00,112958792.61507547
2025-11-27 10:12:00+09:00,113365119.20721602
2025-11-27 10:13:00+09:00,113771445.79935658
2025-11-27 10:14:00+09:00,113771445.79935658
2025-11-27 10:15:00+09:00,112823350.41769528
2025-11-27 10:16:00+09:00,112687908.2203151
2025-11-27 10:17:00+09:00,113094234.81245565
2025-11-27 10:18:00+09:00,112552466.02293491
2025-11-27 10:19:00+09:00,112417023.82555473
2025-11-27 10:20:00+09:00,111739812.8386538
2025-11-27 10:21:00+09:00,111468928.44389343
2025-11-27 10:22:00+09:00,111062601.85175288
2025-11-27 10:23:00+09:00,111604370.64127362
2025-11-27 10:24:00+09:00,112417023.82555474
2025-11-27 10:25:00+09:00,111604370.64127362
2025-11-27 10:26:00+09:00,111198044.04913305
2025-11-27 10:27:00+09:00,111198044.04913305
2025-11-27 10:28:00+09:00,111739812.83865379
2025-11-27 10:29:00+09:00,112687908.2203151
2025-11-27 10:30:00+09:00,112146139.43079436
2025-11-27 10:31:00+09:00,112687908.22031511
2025-11-27 10:32:00+09:00,112823350.4176953
2025-11-27 10:33:00+09:00,113365119.20721605
2025-11-27 10:34:00+09:00,112687908.22031511
2025-11-27 10:35:00+09:00,112552466.02293493
2025-11-27 10:36:00+09:00,112687908.22031513
2025-11-27 10:37:00+09:00,112146139.43079439
2025-11-27 10:38:00+09:00,111604370.64127363
2025-11-27 10:39:00+09:00,112146139.43079437
2025-11-27 10:40:00+09:00,112383650.86812027
2025-11-27 10:41:00+09:00,112383650.86812027
2025-11-27 10:42:00+09:00,112383650.86812027
2025-11-27 10:43:00+09:00,112383650.86812027
2025-11-27 10:44:00+09:00,112383650.86812027
2025-11-27 10:45:00+09:00,112383650.86812027
2025-11-27 10:47:00+09:00,112383650.86812027
2025-11-27 10:48:00+09:00,112383650.86812027
2025-11-27 10:49:00+09:00,112383650.86812027
2025-11-27 10:50:00+09:00,112383650.86812027
2025-11-27 10:51:00+09:00,112383650.86812027
2025-11-27 10:52:00+09:00,112338697.40777302
2025-11-27 10:53:00+09:00,112733329.83426401
2025-11-27 10:54:00+09:00,112338697.407773
2025-11-27 10:55:00+09:00,112601785.69210035
2025-11-27 10:56:00+09:00,112075609.12344567
2025-11-27 10:57:00+09:00,112996418.11859135
2025-11-27 10:58:00+09:00,112864873.97642769
2025-11-27 10:59:00+09:00,113391050.54508238
2025-11-27 11:00:00+09:00,113391050.54508238
2025-11-27 11:01:00+09:00,115758845.10402842
2025-11-27 11:02:00+09:00,115758845.10402842
2025-11-27 11:03:00+09:00,116942742.38350144
2025-11-27 11:04:00+09:00,116416565.81484677
2025-11-27 11:05:00+09:00,116811198.24133778
2025-11-27 11:06:00+09:00,115627300.96186477
2025-11-27 11:07:00+09:00,115758845.10402843
2025-11-27 11:08:00+09:00,115627300.96186477
2025-11-27 11:09:00+09:00,115627300.96186477
2025-11-27 11:10:00+09:00,114838036.10888276
2025-11-27 11:11:00+09:00,114180315.39806442
2025-11-27 11:12:00+09:00,114969580.25104643
2025-11-27 11:13:00+09:00,115364212.67753743
2025-11-27 11:14:00+09:00,115232668.53537376
2025-11-27 11:15:00+09:00,115627300.96186475
2025-11-27 11:16:00+09:00,116021933.38835576
2025-11-27 11:17:00+09:00,116021933.38835576
2025-11-27 11:18:00+09:00,115890389.2461921
2025-11-27 11:19:00+09:00,115101124.39321008
2025-11-27 11:20:00+09:00,114969580.25104642
2025-11-27 11:21:00+09:00,115101124.3932101
2025-11-27 11:22:00+09:00,115232668.53537376
2025-11-27 11:23:00+09:00,116548109.95701045
2025-11-27 11:24:00+09:00,116285021.67268312
2025-11-27 11:25:00+09:00,115890389.24619211
2025-11-27 11:26:00+09:00,116219249.60160129
2025-11-27 11:27:00+09:00,116416565.81484678
2025-11-27 11:28:00+09:00,116942742.38350146
2025-11-27 11:29:00+09:00,117337374.80999245
2025-11-27 11:30:00+09:00,115890389.2461921
2025-11-27 11:31:00+09:00,115364212.67753743
2025-11-27 11:32:00+09:00,115890389.24619211
2025-11-27 11:33:00+09:00,115627300.96186477
2025-11-27 11:34:00+09:00,115758845.10402843
2025-11-27 11:35:00+09:00,115627300.96186477
2025-11-27 11:36:00+09:00,115101124.3932101
2025-11-27 11:37:00+09:00,114706491.96671909
2025-11-27 11:38:00+09:00,114311859.54022808
2025-11-27 11:39:00+09:00,115101124.39321008
2025-11-27 11:40:00+09:00,115364212.67753741
2025-11-27 11:41:00+09:00,115101124.39321007
2025-11-27 11:42:00+09:00,113917227.11373706
2025-11-27 11:43:00+09:00,113259506.40291873
2025-11-27 11:44:00+09:00,113084894.70861067
2025-11-27 11:45:00+09:00,113084894.70861067
2025-11-27 11:46:00+09:00,113084894.70861067
2025-11-27 11:47:00+09:00,113084894.70861067
2025-11-27 11:48:00+09:00,113084894.70861067
2025-11-27 11:49:00+09:00,113084894.70861067
2025-11-27 11:50:00+09:00,113084894.70861067
2025-11-27 11:51:00+09:00,113084894.70861067
2025-11-27 11:52:00+09:00,113084894.70861067
2025-11-27 11:53:00+09:00,113084894.70861067
2025-11-27 11:54:00+09:00,113084894.70861067
2025-11-27 11:55:00+09:00,113084894.70861067
2025-11-27 11:56:00+09:00,113084894.70861067
2025-11-27 11:57:00+09:00,113084894.70861067
2025-11-27 11:58:00+09:00,113084894.70861067
2025-11-27 11:59:00+09:00,113084894.70861067
2025-11-27 12:00:00+09:00,113084894.70861067
2025-11-27 12:01:00+09:00,113084894.70861067
2025-11-27 12:02:00+09:00,113084894.70861067
2025-11-27 12:03:00+09:00,113084894.70861067
2025-11-27 12:04:00+09:00,113084894.70861067
2025-11-27 12:05:00+09:00,113084894.70861067
2025-11-27 12:06:00+09:00,113084894.70861067
2025-11-27 12:07:00+09:00,113084894.70861067
2025-11-27 12:08:00+09:00,113084894.70861067
2025-11-27 12:09:00+09:00,113084894.70861067
2025-11-27 12:10:00+09:00,113084894.70861067
2025-11-27 12:11:00+09:00,113084894.70861067
2025-11-27 12:12:00+09:00,113084894.70861067
2025-11-27 12:13:00+09:00,113084894.70861067
2025-11-27 12:14:00+09:00,113084894.70861067
2025-11-27 12:15:00+09:00,113084894.70861067
2025-11-27 12:16:00+09:00,113084894.70861067
2025-11-27 12:17:00+09:00,113084894.70861067
2025-11-27 12:18:00+09:00,113084894.70861067
2025-11-27 12:19:00+09:00,113084894.70861067
2025-11-27 12:20:00+09:00,113084894.70861067
2025-11-27 12:21:00+09:00,113084894.70861067
2025-11-27 12:22:00+09:00,113084894.70861067
2025-11-27 12:23:00+09:00,113084894.70861067
2025-11-27 12:24:00+09:00,113084894.70861067
2025-11-27 12:25:00+09:00,113084894.70861067
2025-11-27 12:26:00+09:00,113084894.70861067
2025-11-27 12:27:00+09:00,113084894.70861067
2025-11-27 12:28:00+09:00,113084894.70861067
2025-11-27 12:29:00+09:00,113084894.70861067
2025-11-27 12:30:00+09:00,113084894.70861067
2025-11-27 12:31:00+09:00,113084894.70861067
2025-11-27 12:32:00+09:00,113084894.70861067
2025-11-27 12:33:00+09:00,113084894.70861067
2025-11-27 12:34:00+09:00,113084894.70861067
2025-11-27 12:35:00+09:00,113084894.70861067
2025-11-27 12:36:00+09:00,113084894.70861067
2025-11-27 12:37:00+09:00,113084894.70861067
2025-11-27 12:38:00+09:00,113084894.70861067
2025-11-27 12:39:00+09:00,113084894.70861067
2025-11-27 12:40:00+09:00,113084894.70861067
2025-11-27 12:41:00+09:00,113084894.70861067
2025-11-27 12:42:00+09:00,113084894.70861067
2025-11-27 12:43:00+09:00,113084894.70861067
2025-11-27 12:44:00+09:00,113084894.70861067
2025-11-27 12:45:00+09:00,113039660.75072724
2025-11-27 12:46:00+09:00,113104588.75805102
2025-11-27 12:47:00+09:00,113104588.75805102
2025-11-27 12:48:00+09:00,113234444.77269863
2025-11-27 12:49:00+09:00,112974732.74340343
2025-11-27 12:50:00+09:00,112974732.74340343
2025-11-27 12:51:00+09:00,112844876.72875585
2025-11-27 12:52:00+09:00,112585164.69946067
2025-11-27 12:53:00+09:00,112715020.71410826
2025-11-27 12:54:00+09:00,112715020.71410826
2025-11-27 12:55:00+09:00,112585164.69946067
2025-11-27 12:56:00+09:00,113104588.75805104
2025-11-27 12:57:00+09:00,113104588.75805104
2025-11-27 12:58:00+09:00,112974732.74340345
2025-11-27 12:59:00+09:00,113104588.75805104
2025-11-27 13:00:00+09:00,113234444.77269864
2025-11-27 13:01:00+09:00,113494156.80199382
2025-11-27 13:02:00+09:00,113624012.81664142
2025-11-27 13:03:00+09:00,113364300.78734623
2025-11-27 13:04:00+09:00,113753868.831289
2025-11-27 13:05:00+09:00,113753868.831289
2025-11-27 13:06:00+09:00,114662860.93382213
2025-11-27 13:07:00+09:00,114403148.90452693
2025-11-27 13:08:00+09:00,114013580.86058417
2025-11-27 13:09:00+09:00,114273292.88987936
2025-11-27 13:10:00+09:00,115182284.99241251
2025-11-27 13:11:00+09:00,115052428.97776492
2025-11-27 13:12:00+09:00,115312141.0070601
2025-11-27 13:13:00+09:00,116221133.10959324
2025-11-27 13:14:00+09:00,116740557.16818361
2025-11-27 13:15:00+09:00,117000269.1974788
2025-11-27 13:16:00+09:00,118039117.31465954
2025-11-27 13:17:00+09:00,117779405.28536436
2025-11-27 13:18:00+09:00,117130125.2121264
2025-11-27 13:19:00+09:00,116870413.18283123
2025-11-27 13:20:00+09:00,116480845.13888846
2025-11-27 13:21:00+09:00,116091277.0949457
2025-11-27 13:22:00+09:00,116610701.15353607
2025-11-27 13:23:00+09:00,116740557.16818365
2025-11-27 13:24:00+09:00,117389837.2414216
2025-11-27 13:25:00+09:00,117259981.226774
2025-11-27 13:26:00+09:00,117259981.226774
2025-11-27 13:27:00+09:00,116870413.18283123
2025-11-27 13:28:00+09:00,117000269.19747882
2025-11-27 13:29:00+09:00,117389837.2414216
2025-11-27 13:30:00+09:00,118298829.34395473
2025-11-27 13:31:00+09:00,118039117.31465954
2025-11-27 13:32:00+09:00,118039117.31465954
2025-11-27 13:33:00+09:00,117519693.25606917
2025-11-27 13:34:00+09:00,118168973.32930712
2025-11-27 13:35:00+09:00,117909261.30001195
2025-11-27 13:36:00+09:00,118039117.31465954
2025-11-27 13:37:00+09:00,117909261.30001195
2025-11-27 13:38:00+09:00,117649549.27071677
2025-11-27 13:39:00+09:00,117909261.30001195
2025-11-27 13:40:00+09:00,118558541.3732499
2025-11-27 13:41:00+09:00,117389837.2414216
2025-11-27 13:42:00+09:00,117649549.27071679
2025-11-27 13:43:00+09:00,116091277.09494571
2025-11-27 13:44:00+09:00,116221133.1095933
2025-11-27 13:45:00+09:00,116480845.1388885
2025-11-27 13:46:00+09:00,116480845.1388885
2025-11-27 13:47:00+09:00,116740557.16818367
2025-11-27 13:48:00+09:00,116091277.09494571
2025-11-27 13:49:00+09:00,117649549.2707168
2025-11-27 13:50:00+09:00,117259981.22677402
2025-11-27 13:51:00+09:00,117519693.2560692
2025-11-27 13:52:00+09:00,117259981.226774
2025-11-27 13:53:00+09:00,116480845.13888846
2025-11-27 13:54:00+09:00,116610701.15353607
2025-11-27 13:55:00+09:00,117130125.21212642
2025-11-27 13:56:00+09:00,116870413.18283124
2025-11-27 13:57:00+09:00,116610701.15353607
2025-11-27 13:58:00+09:00,116610701.15353607
2025-11-27 13:59:00+09:00,115831565.06565052
2025-11-27 14:00:00+09:00,116350989.12424089
2025-11-27 14:01:00+09:00,116684368.47064565
2025-11-27 14:02:00+09:00,116684368.47064565
2025-11-27 14:03:00+09:00,116684368.47064565
2025-11-27 14:04:00+09:00,116684368.47064565
2025-11-27 14:05:00+09:00,116684368.47064565
2025-11-27 14:06:00+09:00,116684368.47064565
2025-11-27 14:07:00+09:00,116684368.47064565
2025-11-27 14:08:00+09:00,116684368.47064565
2025-11-27 14:09:00+09:00,116684368.47064565
2025-11-27 14:10:00+09:00,116684368.47064565
2025-11-27 14:11:00+09:00,116684368.47064565
2025-11-27 14:12:00+09:00,116684368.47064565
2025-11-27 14:13:00+09:00,116684368.47064565
2025-11-27 14:14:00+09:00,116684368.47064565
2025-11-27 14:15:00+09:00,116684368.47064565
2025-11-27 14:16:00+09:00,116684368.47064565
2025-11-27 14:17:00+09:00,116684368.47064565
2025-11-27 14:18:00+09:00,116684368.47064565
2025-11-27 14:19:00+09:00,116684368.47064565
2025-11-27 14:20:00+09:00,116684368.47064565
2025-11-27 14:21:00+09:00,116684368.47064565
2025-11-27 14:22:00+09:00,116684368.47064565
2025-11-27 14:23:00+09:00,116684368.47064565
2025-11-27 14:24:00+09:00,116684368.47064565
2025-11-27 14:25:00+09:00,116684368.47064565
2025-11-27 14:26:00+09:00,116684368.47064565
2025-11-27 14:27:00+09:00,116684368.47064565
2025-11-27 14:28:00+09:00,116684368.47064565
2025-11-27 14:29:00+09:00,116684368.47064565
2025-11-27 14:30:00+09:00,116684368.47064565
2025-11-27 14:31:00+09:00,116684368.47064565
2025-11-27 14:32:00+09:00,116684368.47064565
2025-11-27 14:33:00+09:00,116684368.47064565
2025-11-27 14:34:00+09:00,116684368.47064565
2025-11-27 14:35:00+09:00,116684368.47064565
2025-11-27 14:36:00+09:00,116684368.47064565
2025-11-27 14:37:00+09:00,116684368.47064565
2025-11-27 14:38:00+09:00,116684368.47064565
2025-11-27 14:39:00+09:00,116684368.47064565
2025-11-27 14:40:00+09:00,116684368.47064565
2025-11-27 14:41:00+09:00,116684368.47064565
2025-11-27 14:42:00+09:00,116684368.47064565
2025-11-27 14:43:00+09:00,116684368.47064565
2025-11-27 14:44:00+09:00,116684368.47064565
2025-11-27 14:45:00+09:00,116684368.47064565
2025-11-27 14:46:00+09:00,116684368.47064565
2025-11-27 14:47:00+09:00,116684368.47064565
2025-11-27 14:48:00+09:00,116684368.47064565
2025-11-27 14:49:00+09:00,116684368.47064565
2025-11-27 14:50:00+09:00,116684368.47064565
2025-11-27 14:51:00+09:00,116684368.47064565
2025-11-27 14:52:00+09:00,116684368.47064565
2025-11-27 14:53:00+09:00,116684368.47064565
2025-11-27 14:54:00+09:00,116684368.47064565
2025-11-27 14:55:00+09:00,116684368.47064565
2025-11-27 14:56:00+09:00,116684368.47064565
2025-11-27 14:57:00+09:00,116684368.47064565
2025-11-27 14:58:00+09:00,116684368.47064565
2025-11-27 14:59:00+09:00,116684368.47064565
2025-11-27 15:00:00+09:00,116684368.47064565
2025-11-27 15:01:00+09:00,116684368.47064565
2025-11-27 15:02:00+09:00,116684368.47064565
2025-11-27 15:03:00+09:00,116684368.47064565
2025-11-27 15:04:00+09:00,116684368.47064565
2025-11-27 15:05:00+09:00,116684368.47064565
2025-11-27 15:06:00+09:00,116684368.47064565
2025-11-27 15:07:00+09:00,116684368.47064565
2025-11-27 15:08:00+09:00,116684368.47064565
2025-11-27 15:09:00+09:00,116684368.47064565
2025-11-27 15:10:00+09:00,116684368.47064565
2025-11-27 15:11:00+09:00,116684368.47064565
2025-11-27 15:12:00+09:00,116684368.47064565
2025-11-27 15:13:00+09:00,116684368.47064565
2025-11-27 15:14:00+09:00,116684368.47064565
2025-11-27 15:15:00+09:00,116684368.47064565
2025-11-27 15:16:00+09:00,116684368.47064565
2025-11-27 15:17:00+09:00,116684368.47064565
2025-11-27 15:18:00+09:00,116684368.47064565
2025-11-27 15:19:00+09:00,116684368.47064565
2025-11-27 15:30:00+09:00,116684368.47064565
2025-11-27 15:35:00+09:00,116684368.47064565
2025-11-28 09:00:00+09:00,116684368.47064565
2025-11-28 09:01:00+09:00,116684368.47064565
2025-11-28 09:02:00+09:00,116684368.47064565
2025-11-28 09:03:00+09:00,116684368.47064565
2025-11-28 09:04:00+09:00,116684368.47064565
2025-11-28 09:05:00+09:00,116684368.47064565
2025-11-28 09:06:00+09:00,116684368.47064565
2025-11-28 09:07:00+09:00,116684368.47064565
2025-11-28 09:08:00+09:00,116684368.47064565
2025-11-28 09:09:00+09:00,116684368.47064565
2025-11-28 09:10:00+09:00,116684368.47064565
2025-11-28 09:11:00+09:00,116684368.47064565
2025-11-28 09:12:00+09:00,116637694.7232574
2025-11-28 09:13:00+09:00,115394222.49806274
2025-11-28 09:14:00+09:00,114523791.94042648
2025-11-28 09:15:00+09:00,112658583.60263452
2025-11-28 09:16:00+09:00,113777708.6053097
2025-11-28 09:17:00+09:00,114090566.21716866
2025-11-28 09:18:00+09:00,114090566.21716866
2025-11-28 09:19:00+09:00,114090566.21716866
2025-11-28 09:20:00+09:00,114090566.21716866
2025-11-28 09:21:00+09:00,114090566.21716866
2025-11-28 09:22:00+09:00,114044929.9906818
2025-11-28 09:23:00+09:00,114940905.87164114
2025-11-28 09:24:00+09:00,112460499.04244874
2025-11-28 09:25:00+09:00,112460499.04244874
2025-11-28 09:26:00+09:00,112460499.04244874
2025-11-28 09:27:00+09:00,112460499.04244874
2025-11-28 09:28:00+09:00,112460499.04244874
2025-11-28 09:29:00+09:00,112460499.04244874
2025-11-28 09:30:00+09:00,112460499.04244874
2025-11-28 09:31:00+09:00,112460499.04244874
2025-11-28 09:32:00+09:00,112460499.04244874
2025-11-28 09:33:00+09:00,112460499.04244874
2025-11-28 09:34:00+09:00,112460499.04244874
2025-11-28 09:35:00+09:00,112460499.04244874
2025-11-28 09:36:00+09:00,112460499.04244874
2025-11-28 09:37:00+09:00,112460499.04244874
2025-11-28 09:38:00+09:00,112460499.04244874
2025-11-28 09:39:00+09:00,112460499.04244874
2025-11-28 09:40:00+09:00,112460499.04244874
2025-11-28 09:41:00+09:00,112460499.04244874
2025-11-28 09:42:00+09:00,112460499.04244874
2025-11-28 09:43:00+09:00,112460499.04244874
2025-11-28 09:44:00+09:00,112415514.84283178
2025-11-28 09:45:00+09:00,111914777.58295278
2025-11-28 09:46:00+09:00,112540699.15780152
2025-11-28 09:47:00+09:00,111987146.6354368
2025-11-28 09:48:00+09:00,111987146.6354368
2025-11-28 09:49:00+09:00,111987146.6354368
2025-11-28 09:50:00+09:00,111987146.6354368
2025-11-28 09:51:00+09:00,111987146.6354368
2025-11-28 09:52:00+09:00,111987146.6354368
2025-11-28 09:53:00+09:00,111987146.6354368
2025-11-28 09:54:00+09:00,111987146.6354368
2025-11-28 09:55:00+09:00,111987146.6354368
2025-11-28 09:56:00+09:00,111987146.6354368
2025-11-28 09:57:00+09:00,111987146.6354368
2025-11-28 09:58:00+09:00,111987146.6354368
2025-11-28 09:59:00+09:00,111987146.6354368
2025-11-28 10:00:00+09:00,111987146.6354368
2025-11-28 10:01:00+09:00,111987146.6354368
2025-11-28 10:02:00+09:00,111987146.6354368
2025-11-28 10:03:00+09:00,111987146.6354368
2025-11-28 10:04:00+09:00,111987146.6354368
2025-11-28 10:05:00+09:00,111987146.6354368
2025-11-28 10:06:00+09:00,111987146.6354368
2025-11-28 10:07:00+09:00,111987146.6354368
2025-11-28 10:08:00+09:00,111987146.6354368
2025-11-28 10:09:00+09:00,111987146.6354368
2025-11-28 10:10:00+09:00,111987146.6354368
2025-11-28 10:11:00+09:00,111987146.6354368
2025-11-28 10:12:00+09:00,111987146.6354368
2025-11-28 10:13:00+09:00,111987146.6354368
2025-11-28 10:14:00+09:00,111987146.6354368
2025-11-28 10:15:00+09:00,111987146.6354368
2025-11-28 10:16:00+09:00,111987146.6354368
2025-11-28 10:17:00+09:00,111987146.6354368
2025-11-28 10:18:00+09:00,111987146.6354368
2025-11-28 10:19:00+09:00,111987146.6354368
2025-11-28 10:20:00+09:00,111987146.6354368
2025-11-28 10:21:00+09:00,111987146.6354368
2025-11-28 10:22:00+09:00,111987146.6354368
2025-11-28 10:23:00+09:00,111987146.6354368
2025-11-28 10:24:00+09:00,111987146.6354368
2025-11-28 10:25:00+09:00,111987146.6354368
2025-11-28 10:26:00+09:00,111987146.6354368
2025-11-28 10:27:00+09:00,111987146.6354368
2025-11-28 10:28:00+09:00,111987146.6354368
2025-11-28 10:29:00+09:00,111987146.6354368
2025-11-28 10:30:00+09:00,111987146.6354368
2025-11-28 10:31:00+09:00,111987146.6354368
2025-11-28 10:32:00+09:00,111987146.6354368
2025-11-28 10:33:00+09:00,111987146.6354368
2025-11-28 10:34:00+09:00,111987146.6354368
2025-11-28 10:35:00+09:00,111987146.6354368
2025-11-28 10:36:00+09:00,111987146.6354368
2025-11-28 10:37:00+09:00,111987146.6354368
2025-11-28 10:38:00+09:00,111987146.6354368
2025-11-28 10:39:00+09:00,111987146.6354368
2025-11-28 10:40:00+09:00,111987146.6354368
2025-11-28 10:41:00+09:00,111987146.6354368
2025-11-28 10:42:00+09:00,111987146.6354368
2025-11-28 10:43:00+09:00,111987146.6354368
2025-11-28 10:44:00+09:00,111987146.6354368
2025-11-28 10:45:00+09:00,111987146.6354368
2025-11-28 10:46:00+09:00,111987146.6354368
2025-11-28 10:47:00+09:00,111987146.6354368
2025-11-28 10:48:00+09:00,111987146.6354368
2025-11-28 10:49:00+09:00,111987146.6354368
2025-11-28 10:50:00+09:00,111987146.6354368
2025-11-28 10:51:00+09:00,111987146.6354368
2025-11-28 10:52:00+09:00,111987146.6354368
2025-11-28 10:53:00+09:00,111987146.6354368
2025-11-28 10:54:00+09:00,111987146.6354368
2025-11-28 10:55:00+09:00,111987146.6354368
2025-11-28 10:56:00+09:00,111987146.6354368
2025-11-28 10:57:00+09:00,111987146.6354368
2025-11-28 10:58:00+09:00,111987146.6354368
2025-11-28 10:59:00+09:00,111987146.6354368
2025-11-28 11:00:00+09:00,111987146.6354368
2025-11-28 11:01:00+09:00,111987146.6354368
2025-11-28 11:02:00+09:00,111987146.6354368
2025-11-28 11:03:00+09:00,111987146.6354368
2025-11-28 11:04:00+09:00,111987146.6354368
2025-11-28 11:05:00+09:00,111987146.6354368
2025-11-28 11:06:00+09:00,111987146.6354368
2025-11-28 11:07:00+09:00,111987146.6354368
2025-11-28 11:08:00+09:00,111987146.6354368
2025-11-28 11:09:00+09:00,111987146.6354368
2025-11-28 11:10:00+09:00,111987146.6354368
2025-11-28 11:11:00+09:00,111987146.6354368
2025-11-28 11:12:00+09:00,111987146.6354368
2025-11-28 11:13:00+09:00,111987146.6354368
2025-11-28 11:14:00+09:00,111987146.6354368
2025-11-28 11:15:00+09:00,111987146.6354368
2025-11-28 11:16:00+09:00,111987146.6354368
2025-11-28 11:17:00+09:00,111987146.6354368
2025-11-28 11:18:00+09:00,111987146.6354368
2025-11-28 11:19:00+09:00,111987146.6354368
2025-11-28 11:20:00+09:00,111987146.6354368
2025-11-28 11:21:00+09:00,111987146.6354368
2025-11-28 11:22:00+09:00,111987146.6354368
2025-11-28 11:23:00+09:00,111987146.6354368
2025-11-28 11:24:00+09:00,111987146.6354368
2025-11-28 11:25:00+09:00,111987146.6354368
2025-11-28 11:26:00+09:00,111987146.6354368
2025-11-28 11:27:00+09:00,111987146.6354368
2025-11-28 11:28:00+09:00,111987146.6354368
2025-11-28 11:29:00+09:00,111987146.6354368
2025-11-28 11:30:00+09:00,111987146.6354368
2025-11-28 11:31:00+09:00,111987146.6354368
2025-11-28 11:32:00+09:00,111987146.6354368
2025-11-28 11:33:00+09:00,111987146.6354368
2025-11-28 11:34:00+09:00,111987146.6354368
2025-11-28 11:35:00+09:00,111987146.6354368
2025-11-28 11:36:00+09:00,111987146.6354368
2025-11-28 11:37:00+09:00,111987146.6354368
2025-11-28 11:38:00+09:00,111987146.6354368
2025-11-28 11:39:00+09:00,111987146.6354368
2025-11-28 11:40:00+09:00,111987146.6354368
2025-11-28 11:41:00+09:00,111987146.6354368
2025-11-28 11:42:00+09:00,111987146.6354368
2025-11-28 11:43:00+09:00,111987146.6354368
2025-11-28 11:44:00+09:00,111987146.6354368
2025-11-28 11:45:00+09:00,111987146.6354368
2025-11-28 11:46:00+09:00,111987146.6354368
2025-11-28 11:47:00+09:00,111987146.6354368
2025-11-28 11:48:00+09:00,111987146.6354368
2025-11-28 11:49:00+09:00,111987146.6354368
2025-11-28 11:50:00+09:00,111987146.6354368
2025-11-28 11:51:00+09:00,111987146.6354368
2025-11-28 11:52:00+09:00,111987146.6354368
2025-11-28 11:53:00+09:00,111987146.6354368
2025-11-28 11:54:00+09:00,111942351.77678263
2025-11-28 11:55:00+09:00,112191944.53436743
2025-11-28 11:56:00+09:00,113315111.94349904
2025-11-28 11:57:00+09:00,112316740.91315985
2025-11-28 11:58:00+09:00,113689501.07987623
2025-11-28 11:59:00+09:00,113564704.70108384
2025-11-28 12:00:00+09:00,112815926.42832944
2025-11-28 12:01:00+09:00,112067148.15557504
2025-11-28 12:02:00+09:00,112940722.80712184
2025-11-28 12:03:00+09:00,112566333.67074464
2025-11-28 12:04:00+09:00,112191944.53436744
2025-11-28 12:05:00+09:00,112441537.29195225
2025-11-28 12:06:00+09:00,111567962.64040546
2025-11-28 12:07:00+09:00,111942351.77678266
2025-11-28 12:08:00+09:00,112566333.67074466
2025-11-28 12:09:00+09:00,113065519.18591425
2025-11-28 12:10:00+09:00,112566333.67074464
2025-11-28 12:11:00+09:00,111817555.39799026
2025-11-28 12:12:00+09:00,112441537.29195227
2025-11-28 12:13:00+09:00,112566333.67074467
2025-11-28 12:14:00+09:00,112441537.29195227
2025-11-28 12:15:00+09:00,112191944.53436747
2025-11-28 12:16:00+09:00,112815926.42832947
2025-11-28 12:17:00+09:00,112316740.91315986
2025-11-28 12:18:00+09:00,112067148.15557507
2025-11-28 12:19:00+09:00,112316740.91315986
2025-11-28 12:20:00+09:00,112566333.67074466
2025-11-28 12:21:00+09:00,112441537.29195225
2025-11-28 12:22:00+09:00,112441537.29195225
2025-11-28 12:23:00+09:00,112441537.29195225
2025-11-28 12:24:00+09:00,112316740.91315985
2025-11-28 12:25:00+09:00,112316740.91315985
2025-11-28 12:26:00+09:00,112316740.91315985
2025-11-28 12:27:00+09:00,111443166.26161306
2025-11-28 12:28:00+09:00,111567962.64040545
2025-11-28 12:29:00+09:00,112191944.53436746
2025-11-28 12:30:00+09:00,111817555.39799026
2025-11-28 12:31:00+09:00,111567962.64040545
2025-11-28 12:32:00+09:00,112067148.15557505
2025-11-28 12:33:00+09:00,111942351.77678266
2025-11-28 12:34:00+09:00,111567962.64040546
2025-11-28 12:35:00+09:00,111443166.26161306
2025-11-28 12:36:00+09:00,111443166.26161306
2025-11-28 12:37:00+09:00,111193573.50402826
2025-11-28 12:38:00+09:00,110819184.36765106
2025-11-28 12:39:00+09:00,110768891.42699774
2025-11-28 12:40:00+09:00,110768891.42699774
2025-11-28 12:41:00+09:00,110768891.42699774
2025-11-28 12:42:00+09:00,110768891.42699774
2025-11-28 12:43:00+09:00,110768891.42699774
2025-11-28 12:44:00+09:00,110768891.42699774
2025-11-28 12:45:00+09:00,110768891.42699774
2025-11-28 12:46:00+09:00,110768891.42699774
2025-11-28 12:47:00+09:00,110768891.42699774
2025-11-28 12:48:00+09:00,110768891.42699774
2025-11-28 12:49:00+09:00,110768891.42699774
2025-11-28 12:50:00+09:00,110768891.42699774
2025-11-28 12:51:00+09:00,110768891.42699774
2025-11-28 12:52:00+09:00,110768891.42699774
2025-11-28 12:53:00+09:00,110768891.42699774
2025-11-28 12:54:00+09:00,110768891.42699774
2025-11-28 12:55:00+09:00,110768891.42699774
2025-11-28 12:56:00+09:00,110768891.42699774
2025-11-28 12:57:00+09:00,110768891.42699774
2025-11-28 12:58:00+09:00,110768891.42699774
2025-11-28 12:59:00+09:00,110768891.42699774
2025-11-28 13:00:00+09:00,110768891.42699774
2025-11-28 13:01:00+09:00,110768891.42699774
2025-11-28 13:02:00+09:00,110768891.42699774
2025-11-28 13:03:00+09:00,110768891.42699774
2025-11-28 13:04:00+09:00,110768891.42699774
2025-11-28 13:05:00+09:00,110768891.42699774
2025-11-28 13:06:00+09:00,110768891.42699774
2025-11-28 13:07:00+09:00,110768891.42699774
2025-11-28 13:08:00+09:00,110768891.42699774
2025-11-28 13:09:00+09:00,110768891.42699774
2025-11-28 13:10:00+09:00,110768891.42699774
2025-11-28 13:11:00+09:00,110768891.42699774
2025-11-28 13:12:00+09:00,110768891.42699774
2025-11-28 13:13:00+09:00,110768891.42699774
2025-11-28 13:14:00+09:00,110768891.42699774
2025-11-28 13:15:00+09:00,110768891.42699774
2025-11-28 13:16:00+09:00,110768891.42699774
2025-11-28 13:17:00+09:00,110768891.42699774
2025-11-28 13:18:00+09:00,110768891.42699774
2025-11-28 13:19:00+09:00,110768891.42699774
2025-11-28 13:20:00+09:00,110768891.42699774
2025-11-28 13:21:00+09:00,110768891.42699774
2025-11-28 13:22:00+09:00,110768891.42699774
2025-11-28 13:23:00+09:00,110768891.42699774
2025-11-28 13:24:00+09:00,110768891.42699774
2025-11-28 13:25:00+09:00,110768891.42699774
2025-11-28 13:26:00+09:00,110768891.42699774
2025-11-28 13:27:00+09:00,110768891.42699774
2025-11-28 13:28:00+09:00,110768891.42699774
2025-11-28 13:29:00+09:00,110768891.42699774
2025-11-28 13:30:00+09:00,110768891.42699774
2025-11-28 13:31:00+09:00,110768891.42699774
2025-11-28 13:32:00+09:00,110768891.42699774
2025-11-28 13:33:00+09:00,110768891.42699774
2025-11-28 13:34:00+09:00,110768891.42699774
2025-11-28 13:35:00+09:00,110768891.42699774
2025-11-28 13:36:00+09:00,110768891.42699774
2025-11-28 13:37:00+09:00,110768891.42699774
2025-11-28 13:38:00+09:00,110768891.42699774
2025-11-28 13:39:00+09:00,110768891.42699774
2025-11-28 13:40:00+09:00,110768891.42699774
2025-11-28 13:41:00+09:00,110768891.42699774
2025-11-28 13:42:00+09:00,110768891.42699774
2025-11-28 13:43:00+09:00,110768891.42699774
2025-11-28 13:44:00+09:00,110768891.42699774
2025-11-28 13:45:00+09:00,110768891.42699774
2025-11-28 13:46:00+09:00,110768891.42699774
2025-11-28 13:47:00+09:00,110768891.42699774
2025-11-28 13:48:00+09:00,110768891.42699774
2025-11-28 13:49:00+09:00,110768891.42699774
2025-11-28 13:50:00+09:00,110768891.42699774
2025-11-28 13:51:00+09:00,110768891.42699774
2025-11-28 13:52:00+09:00,110768891.42699774
2025-11-28 13:53:00+09:00,110768891.42699774
2025-11-28 13:54:00+09:00,110768891.42699774
2025-11-28 13:55:00+09:00,110768891.42699774
2025-11-28 13:56:00+09:00,110768891.42699774
2025-11-28 13:57:00+09:00,110768891.42699774
2025-11-28 13:58:00+09:00,110768891.42699774
2025-11-28 13:59:00+09:00,110768891.42699774
2025-11-28 14:00:00+09:00,110768891.42699774
2025-11-28 14:01:00+09:00,110768891.42699774
2025-11-28 14:02:00+09:00,110768891.42699774
2025-11-28 14:03:00+09:00,110768891.42699774
2025-11-28 14:04:00+09:00,110768891.42699774
2025-11-28 14:05:00+09:00,110768891.42699774
2025-11-28 14:06:00+09:00,110768891.42699774
2025-11-28 14:07:00+09:00,110768891.42699774
2025-11-28 14:08:00+09:00,110768891.42699774
2025-11-28 14:09:00+09:00,110768891.42699774
2025-11-28 14:10:00+09:00,110768891.42699774
2025-11-28 14:11:00+09:00,110768891.42699774
2025-11-28 14:12:00+09:00,110768891.42699774
2025-11-28 14:13:00+09:00,110768891.42699774
2025-11-28 14:14:00+09:00,110768891.42699774
2025-11-28 14:15:00+09:00,110768891.42699774
2025-11-28 14:16:00+09:00,110768891.42699774
2025-11-28 14:17:00+09:00,110768891.42699774
2025-11-28 14:18:00+09:00,110768891.42699774
2025-11-28 14:19:00+09:00,110768891.42699774
2025-11-28 14:20:00+09:00,110768891.42699774
2025-11-28 14:21:00+09:00,110768891.42699774
2025-11-28 14:22:00+09:00,110768891.42699774
2025-11-28 14:23:00+09:00,110768891.42699774
2025-11-28 14:24:00+09:00,110768891.42699774
2025-11-28 14:25:00+09:00,110768891.42699774
2025-11-28 14:26:00+09:00,110768891.42699774
2025-11-28 14:27:00+09:00,110768891.42699774
2025-11-28 14:28:00+09:00,110768891.42699774
2025-11-28 14:29:00+09:00,110768891.42699774
2025-11-28 14:30:00+09:00,110768891.42699774
2025-11-28 14:31:00+09:00,110768891.42699774
2025-11-28 14:32:00+09:00,110768891.42699774
2025-11-28 14:33:00+09:00,110768891.42699774
2025-11-28 14:34:00+09:00,110768891.42699774
2025-11-28 14:35:00+09:00,110768891.42699774
2025-11-28 14:36:00+09:00,110724583.87042694
2025-11-28 14:37:00+09:00,110470628.4028342
2025-11-28 14:38:00+09:00,110470628.4028342
2025-11-28 14:39:00+09:00,110298992.60006166
2025-11-28 14:40:00+09:00,110298992.60006166
2025-11-28 14:41:00+09:00,110298992.60006166
2025-11-28 14:42:00+09:00,110298992.60006166
2025-11-28 14:43:00+09:00,110298992.60006166
2025-11-28 14:44:00+09:00,110298992.60006166
2025-11-28 14:45:00+09:00,110298992.60006166
2025-11-28 14:46:00+09:00,110298992.60006166
2025-11-28 14:47:00+09:00,110298992.60006166
2025-11-28 14:48:00+09:00,110298992.60006166
2025-11-28 14:49:00+09:00,110298992.60006166
2025-11-28 14:50:00+09:00,110298992.60006166
2025-11-28 14:51:00+09:00,110298992.60006166
2025-11-28 14:52:00+09:00,110298992.60006166
2025-11-28 14:53:00+09:00,110298992.60006166
2025-11-28 14:54:00+09:00,110298992.60006166
2025-11-28 14:55:00+09:00,110298992.60006166
2025-11-28 14:56:00+09:00,110298992.60006166
2025-11-28 14:57:00+09:00,110298992.60006166
2025-11-28 14:58:00+09:00,110298992.60006166
2025-11-28 14:59:00+09:00,110298992.60006166
2025-11-28 15:00:00+09:00,110298992.60006166
2025-11-28 15:01:00+09:00,110298992.60006166
2025-11-28 15:02:00+09:00,110298992.60006166
2025-11-28 15:03:00+09:00,110298992.60006166
2025-11-28 15:04:00+09:00,110298992.60006166
2025-11-28 15:05:00+09:00,110298992.60006166
2025-11-28 15:06:00+09:00,110298992.60006166
2025-11-28 15:07:00+09:00,110298992.60006166
2025-11-28 15:08:00+09:00,110298992.60006166
2025-11-28 15:09:00+09:00,110298992.60006166
2025-11-28 15:10:00+09:00,110298992.60006166
2025-11-28 15:11:00+09:00,110298992.60006166
2025-11-28 15:12:00+09:00,110298992.60006166
2025-11-28 15:13:00+09:00,110298992.60006166
2025-11-28 15:14:00+09:00,110298992.60006166
2025-11-28 15:15:00+09:00,110298992.60006166
2025-11-28 15:16:00+09:00,110298992.60006166
2025-11-28 15:17:00+09:00,110298992.60006166
2025-11-28 15:18:00+09:00,110298992.60006166
2025-11-28 15:19:00+09:00,110298992.60006166
2025-11-28 15:30:00+09:00,110298992.60006166
2025-11-28 15:35:00+09:00,110298992.60006166
2025-12-01 09:00:00+09:00,110298992.60006166
2025-12-01 09:01:00+09:00,110298992.60006166
2025-12-01 09:02:00+09:00,110298992.60006166
2025-12-01 09:03:00+09:00,110298992.60006166
2025-12-01 09:04:00+09:00,110298992.60006166
2025-12-01 09:05:00+09:00,110298992.60006166
2025-12-01 09:06:00+09:00,110298992.60006166
2025-12-01 09:07:00+09:00,110298992.60006166
2025-12-01 09:08:00+09:00,110298992.60006166
2025-12-01 09:09:00+09:00,110298992.60006166
2025-12-01 09:10:00+09:00,110298992.60006166
2025-12-01 09:11:00+09:00,110298992.60006166
2025-12-01 09:12:00+09:00,110298992.60006166
2025-12-01 09:13:00+09:00,110298992.60006166
2025-12-01 09:14:00+09:00,110298992.60006166
2025-12-01 09:15:00+09:00,110298992.60006166
2025-12-01 09:16:00+09:00,110298992.60006166
2025-12-01 09:17:00+09:00,110298992.60006166
2025-12-01 09:18:00+09:00,110298992.60006166
2025-12-01 09:19:00+09:00,110298992.60006166
2025-12-01 09:20:00+09:00,110298992.60006166
2025-12-01 09:21:00+09:00,110298992.60006166
2025-12-01 09:22:00+09:00,110298992.60006166
2025-12-01 09:23:00+09:00,110298992.60006166
2025-12-01 09:24:00+09:00,110298992.60006166
2025-12-01 09:25:00+09:00,110298992.60006166
2025-12-01 09:26:00+09:00,110298992.60006166
2025-12-01 09:27:00+09:00,110298992.60006166
2025-12-01 09:28:00+09:00,110298992.60006166
2025-12-01 09:29:00+09:00,110298992.60006166
2025-12-01 09:30:00+09:00,110298992.60006166
2025-12-01 09:31:00+09:00,110298992.60006166
2025-12-01 09:32:00+09:00,110298992.60006166
2025-12-01 09:33:00+09:00,110298992.60006166
2025-12-01 09:34:00+09:00,110298992.60006166
2025-12-01 09:35:00+09:00,110298992.60006166
2025-12-01 09:36:00+09:00,110298992.60006166
2025-12-01 09:37:00+09:00,110298992.60006166
2025-12-01 09:38:00+09:00,110298992.60006166
2025-12-01 09:39:00+09:00,110298992.60006166
2025-12-01 09:40:00+09:00,110298992.60006166
2025-12-01 09:41:00+09:00,110298992.60006166
2025-12-01 09:42:00+09:00,110298992.60006166
2025-12-01 09:43:00+09:00,110298992.60006166
2025-12-01 09:44:00+09:00,110298992.60006166
2025-12-01 09:45:00+09:00,110298992.60006166
2025-12-01 09:46:00+09:00,110298992.60006166
2025-12-01 09:47:00+09:00,110298992.60006166
2025-12-01 09:48:00+09:00,110298992.60006166
2025-12-01 09:49:00+09:00,110298992.60006166
2025-12-01 09:50:00+09:00,110298992.60006166
2025-12-01 09:51:00+09:00,110298992.60006166
2025-12-01 09:52:00+09:00,110298992.60006166
2025-12-01 09:53:00+09:00,110298992.60006166
2025-12-01 09:54:00+09:00,110298992.60006166
2025-12-01 09:55:00+09:00,110298992.60006166
2025-12-01 09:56:00+09:00,110298992.60006166
2025-12-01 09:57:00+09:00,110298992.60006166
2025-12-01 09:58:00+09:00,110298992.60006166
2025-12-01 09:59:00+09:00,110298992.60006166
2025-12-01 10:00:00+09:00,110298992.60006166
2025-12-01 10:01:00+09:00,110298992.60006166
2025-12-01 10:02:00+09:00,110298992.60006166
2025-12-01 10:03:00+09:00,110298992.60006166
2025-12-01 10:04:00+09:00,110298992.60006166
2025-12-01 10:05:00+09:00,110298992.60006166
2025-12-01 10:06:00+09:00,110298992.60006166
2025-12-01 10:07:00+09:00,110298992.60006166
2025-12-01 10:08:00+09:00,110298992.60006166
2025-12-01 10:09:00+09:00,110298992.60006166
2025-12-01 10:10:00+09:00,110298992.60006166
2025-12-01 10:11:00+09:00,110298992.60006166
2025-12-01 10:12:00+09:00,110298992.60006166
2025-12-01 10:13:00+09:00,110298992.60006166
2025-12-01 10:14:00+09:00,110298992.60006166
2025-12-01 10:15:00+09:00,110298992.60006166
2025-12-01 10:16:00+09:00,110298992.60006166
2025-12-01 10:17:00+09:00,110298992.60006166
2025-12-01 10:18:00+09:00,110298992.60006166
2025-12-01 10:19:00+09:00,110298992.60006166
2025-12-01 10:20:00+09:00,110298992.60006166
2025-12-01 10:21:00+09:00,110298992.60006166
2025-12-01 10:22:00+09:00,110298992.60006166
2025-12-01 10:23:00+09:00,110298992.60006166
2025-12-01 10:24:00+09:00,110298992.60006166
2025-12-01 10:25:00+09:00,110298992.60006166
2025-12-01 10:26:00+09:00,110298992.60006166
2025-12-01 10:27:00+09:00,110298992.60006166
2025-12-01 10:28:00+09:00,110298992.60006166
2025-12-01 10:29:00+09:00,110298992.60006166
2025-12-01 10:30:00+09:00,110298992.60006166
2025-12-01 10:31:00+09:00,110298992.60006166
2025-12-01 10:32:00+09:00,110298992.60006166
2025-12-01 10:33:00+09:00,110298992.60006166
2025-12-01 10:34:00+09:00,110298992.60006166
2025-12-01 10:35:00+09:00,110298992.60006166
2025-12-01 10:36:00+09:00,110298992.60006166
2025-12-01 10:37:00+09:00,110298992.60006166
2025-12-01 10:38:00+09:00,110298992.60006166
2025-12-01 10:39:00+09:00,110254873.00302164
2025-12-01 10:40:00+09:00,110118080.35661592
2025-12-01 10:41:00+09:00,110391665.64942738
2025-12-01 10:42:00+09:00,110391665.64942738
2025-12-01 10:43:00+09:00,110528458.29583313
2025-12-01 10:44:00+09:00,110391665.64942738
2025-12-01 10:45:00+09:00,110528458.29583313
2025-12-01 10:46:00+09:00,110528458.29583313
2025-12-01 10:47:00+09:00,110665250.94223885
2025-12-01 10:48:00+09:00,110528458.29583311
2025-12-01 10:49:00+09:00,110938836.2350503
2025-12-01 10:50:00+09:00,111212421.52786176
2025-12-01 10:51:00+09:00,111007232.55825315
2025-12-01 10:52:00+09:00,111075628.88145602
2025-12-01 10:53:00+09:00,110665250.94223882
2025-12-01 10:54:00+09:00,110391665.64942735
2025-12-01 10:55:00+09:00,111075628.88145602
2025-12-01 10:56:00+09:00,110665250.94223882
2025-12-01 10:57:00+09:00,110528458.29583308
2025-12-01 10:58:00+09:00,110391665.64942734
2025-12-01 10:59:00+09:00,110802043.58864453
2025-12-01 11:00:00+09:00,110665250.94223881
2025-12-01 11:01:00+09:00,110665250.94223881
2025-12-01 11:02:00+09:00,110528458.29583307
2025-12-01 11:03:00+09:00,110665250.9422388
2025-12-01 11:04:00+09:00,110665250.9422388
2025-12-01 11:05:00+09:00,110802043.58864453
2025-12-01 11:06:00+09:00,110665250.94223881
2025-12-01 11:07:00+09:00,110528458.29583307
2025-12-01 11:08:00+09:00,110665250.9422388
2025-12-01 11:09:00+09:00,110391665.64942732
2025-12-01 11:10:00+09:00,110254873.00302158
2025-12-01 11:11:00+09:00,109981287.71021011
2025-12-01 11:12:00+09:00,110118080.35661586
2025-12-01 11:13:00+09:00,109547914.92713211
2025-12-01 11:14:00+09:00,109547914.92713211
2025-12-01 11:15:00+09:00,109547914.92713211
2025-12-01 11:16:00+09:00,109547914.92713211
2025-12-01 11:17:00+09:00,109547914.92713211
2025-12-01 11:18:00+09:00,109547914.92713211
2025-12-01 11:19:00+09:00,109547914.92713211
2025-12-01 11:20:00+09:00,109547914.92713211
2025-12-01 11:21:00+09:00,109547914.92713211
2025-12-01 11:22:00+09:00,109547914.92713211
2025-12-01 11:23:00+09:00,109547914.92713211
2025-12-01 11:24:00+09:00,109547914.92713211
2025-12-01 11:25:00+09:00,109547914.92713211
2025-12-01 11:26:00+09:00,109547914.92713211
2025-12-01 11:27:00+09:00,109547914.92713211
2025-12-01 11:28:00+09:00,109547914.92713211
2025-12-01 11:29:00+09:00,109547914.92713211
2025-12-01 11:30:00+09:00,109547914.92713211
2025-12-01 11:31:00+09:00,109547914.92713211
2025-12-01 11:32:00+09:00,109547914.92713211
2025-12-01 11:33:00+09:00,109547914.92713211
2025-12-01 11:34:00+09:00,109547914.92713211
2025-12-01 11:35:00+09:00,109547914.92713211
2025-12-01 11:36:00+09:00,109547914.92713211
2025-12-01 11:37:00+09:00,109547914.92713211
2025-12-01 11:38:00+09:00,109547914.92713211
2025-12-01 11:39:00+09:00,109547914.92713211
2025-12-01 11:40:00+09:00,109547914.92713211
2025-12-01 11:41:00+09:00,109547914.92713211
2025-12-01 11:42:00+09:00,109547914.92713211
2025-12-01 11:43:00+09:00,109547914.92713211
2025-12-01 11:44:00+09:00,109547914.92713211
2025-12-01 11:45:00+09:00,109547914.92713211
2025-12-01 11:46:00+09:00,109547914.92713211
2025-12-01 11:47:00+09:00,109547914.92713211
2025-12-01 11:48:00+09:00,109547914.92713211
2025-12-01 11:49:00+09:00,109547914.92713211
2025-12-01 11:50:00+09:00,109547914.92713211
2025-12-01 11:51:00+09:00,109547914.92713211
2025-12-01 11:52:00+09:00,109547914.92713211
2025-12-01 11:53:00+09:00,109547914.92713211
2025-12-01 11:54:00+09:00,109547914.92713211
2025-12-01 11:55:00+09:00,109547914.92713211
2025-12-01 11:56:00+09:00,109547914.92713211
2025-12-01 11:57:00+09:00,109547914.92713211
2025-12-01 11:58:00+09:00,109547914.92713211
2025-12-01 11:59:00+09:00,109547914.92713211
2025-12-01 12:00:00+09:00,109547914.92713211
2025-12-01 12:01:00+09:00,109547914.92713211
2025-12-01 12:02:00+09:00,109547914.92713211
2025-12-01 12:03:00+09:00,109547914.92713211
2025-12-01 12:04:00+09:00,109547914.92713211
2025-12-01 12:05:00+09:00,109547914.92713211
2025-12-01 12:06:00+09:00,109547914.92713211
2025-12-01 12:07:00+09:00,109547914.92713211
2025-12-01 12:08:00+09:00,109504095.76116127
2025-12-01 12:09:00+09:00,109504095.76116127
2025-12-01 12:10:00+09:00,109233046.0191782
2025-12-01 12:11:00+09:00,109233046.0191782
2025-12-01 12:12:00+09:00,109233046.0191782
2025-12-01 12:13:00+09:00,108961996.27719513
2025-12-01 12:14:00+09:00,109097521.14818667
2025-12-01 12:15:00+09:00,108667798.8872467
2025-12-01 12:16:00+09:00,108667798.8872467
2025-12-01 12:17:00+09:00,108667798.8872467
2025-12-01 12:18:00+09:00,108667798.8872467
2025-12-01 12:19:00+09:00,108667798.8872467
2025-12-01 12:20:00+09:00,108667798.8872467
2025-12-01 12:21:00+09:00,108667798.8872467
2025-12-01 12:22:00+09:00,108667798.8872467
2025-12-01 12:23:00+09:00,108667798.8872467
2025-12-01 12:24:00+09:00,108667798.8872467
2025-12-01 12:25:00+09:00,108667798.8872467
2025-12-01 12:26:00+09:00,108667798.8872467
2025-12-01 12:27:00+09:00,108667798.8872467
2025-12-01 12:28:00+09:00,108667798.8872467
2025-12-01 12:29:00+09:00,108667798.8872467
2025-12-01 12:30:00+09:00,108667798.8872467
2025-12-01 12:31:00+09:00,108667798.8872467
2025-12-01 12:32:00+09:00,108667798.8872467
2025-12-01 12:33:00+09:00,108667798.8872467
2025-12-01 12:34:00+09:00,108667798.8872467
2025-12-01 12:35:00+09:00,108667798.8872467
2025-12-01 12:36:00+09:00,108667798.8872467
2025-12-01 12:37:00+09:00,108667798.8872467
2025-12-01 12:38:00+09:00,108667798.8872467
2025-12-01 12:39:00+09:00,108667798.8872467
2025-12-01 12:40:00+09:00,108667798.8872467
2025-12-01 12:41:00+09:00,108667798.8872467
2025-12-01 12:42:00+09:00,108667798.8872467
2025-12-01 12:43:00+09:00,108667798.8872467
2025-12-01 12:44:00+09:00,108667798.8872467
2025-12-01 12:45:00+09:00,108667798.8872467
2025-12-01 12:46:00+09:00,108667798.8872467
2025-12-01 12:47:00+09:00,108667798.8872467
2025-12-01 12:48:00+09:00,108667798.8872467
2025-12-01 12:49:00+09:00,108667798.8872467
2025-12-01 12:50:00+09:00,108667798.8872467
2025-12-01 12:51:00+09:00,108667798.8872467
2025-12-01 12:52:00+09:00,108667798.8872467
2025-12-01 12:53:00+09:00,108667798.8872467
2025-12-01 12:54:00+09:00,108667798.8872467
2025-12-01 12:55:00+09:00,108667798.8872467
2025-12-01 12:56:00+09:00,108667798.8872467
2025-12-01 12:57:00+09:00,108667798.8872467
2025-12-01 12:58:00+09:00,108667798.8872467
2025-12-01 12:59:00+09:00,108667798.8872467
2025-12-01 13:00:00+09:00,108667798.8872467
2025-12-01 13:01:00+09:00,108667798.8872467
2025-12-01 13:02:00+09:00,108667798.8872467
2025-12-01 13:03:00+09:00,108667798.8872467
2025-12-01 13:04:00+09:00,108667798.8872467
2025-12-01 13:05:00+09:00,108667798.8872467
2025-12-01 13:06:00+09:00,108667798.8872467
2025-12-01 13:07:00+09:00,108667798.8872467
2025-12-01 13:08:00+09:00,108667798.8872467
2025-12-01 13:09:00+09:00,108667798.8872467
2025-12-01 13:10:00+09:00,108667798.8872467
2025-12-01 13:11:00+09:00,108667798.8872467
2025-12-01 13:12:00+09:00,108667798.8872467
2025-12-01 13:13:00+09:00,108667798.8872467
2025-12-01 13:14:00+09:00,108667798.8872467
2025-12-01 13:15:00+09:00,108667798.8872467
2025-12-01 13:16:00+09:00,108667798.8872467
2025-12-01 13:17:00+09:00,108667798.8872467
2025-12-01 13:18:00+09:00,108667798.8872467
2025-12-01 13:19:00+09:00,108667798.8872467
2025-12-01 13:20:00+09:00,108667798.8872467
2025-12-01 13:21:00+09:00,108667798.8872467
2025-12-01 13:22:00+09:00,108667798.8872467
2025-12-01 13:23:00+09:00,108667798.8872467
2025-12-01 13:24:00+09:00,108667798.8872467
2025-12-01 13:25:00+09:00,108667798.8872467
2025-12-01 13:26:00+09:00,108667798.8872467
2025-12-01 13:27:00+09:00,108667798.8872467
2025-12-01 13:28:00+09:00,108667798.8872467
2025-12-01 13:29:00+09:00,108624331.7676918
2025-12-01 13:30:00+09:00,108624331.7676918
2025-12-01 13:31:00+09:00,108488889.95750766
2025-12-01 13:32:00+09:00,108488889.95750766
2025-12-01 13:33:00+09:00,108488889.95750766
2025-12-01 13:34:00+09:00,108488889.95750766
2025-12-01 13:35:00+09:00,108353448.1473235
2025-12-01 13:36:00+09:00,108353448.1473235
2025-12-01 13:37:00+09:00,108060893.83732572
2025-12-01 13:38:00+09:00,108060893.83732572
2025-12-01 13:39:00+09:00,108060893.83732572
2025-12-01 13:40:00+09:00,108060893.83732572
2025-12-01 13:41:00+09:00,108060893.83732572
2025-12-01 13:42:00+09:00,108060893.83732572
2025-12-01 13:43:00+09:00,108060893.83732572
2025-12-01 13:44:00+09:00,108060893.83732572
2025-12-01 13:45:00+09:00,108060893.83732572
2025-12-01 13:46:00+09:00,108060893.83732572
2025-12-01 13:47:00+09:00,108060893.83732572
2025-12-01 13:48:00+09:00,108017669.47979079
2025-12-01 13:49:00+09:00,107749302.59909566
2025-12-01 13:50:00+09:00,108151852.92013836
2025-12-01 13:51:00+09:00,108286036.36048593
2025-12-01 13:52:00+09:00,108822770.12187618
2025-12-01 13:53:00+09:00,108688586.68152861
2025-12-01 13:54:00+09:00,108420219.80083348
2025-12-01 13:55:00+09:00,108286036.36048591
2025-12-01 13:56:00+09:00,108420219.80083348
2025-12-01 13:57:00+09:00,108286036.36048591
2025-12-01 13:58:00+09:00,108017669.47979078
2025-12-01 13:59:00+09:00,108151852.92013834
2025-12-01 14:00:00+09:00,108151852.92013834
2025-12-01 14:01:00+09:00,108151852.92013834
2025-12-01 14:02:00+09:00,107883486.03944321
2025-12-01 14:03:00+09:00,108151852.92013834
2025-12-01 14:04:00+09:00,107950577.759617
2025-12-01 14:05:00+09:00,107749302.59909564
2025-12-01 14:06:00+09:00,107883486.03944321
2025-12-01 14:07:00+09:00,108017669.47979078
2025-12-01 14:08:00+09:00,107883486.03944321
2025-12-01 14:09:00+09:00,107883486.03944321
2025-12-01 14:10:00+09:00,108017669.47979078
2025-12-01 14:11:00+09:00,108017669.47979078
2025-12-01 14:12:00+09:00,108017669.47979078
2025-12-01 14:13:00+09:00,108151852.92013834
2025-12-01 14:14:00+09:00,108017669.47979078
2025-12-01 14:15:00+09:00,108017669.47979078
2025-12-01 14:16:00+09:00,107883486.03944321
2025-12-01 14:17:00+09:00,108017669.47979078
2025-12-01 14:18:00+09:00,107749302.59909564
2025-12-01 14:19:00+09:00,107615119.15874808
2025-12-01 14:20:00+09:00,107190737.19196083
2025-12-01 14:21:00+09:00,107190737.19196083
2025-12-01 14:22:00+09:00,107190737.19196083
2025-12-01 14:23:00+09:00,107190737.19196083
2025-12-01 14:24:00+09:00,107190737.19196083
2025-12-01 14:25:00+09:00,107190737.19196083
2025-12-01 14:26:00+09:00,107190737.19196083
2025-12-01 14:27:00+09:00,107190737.19196083
2025-12-01 14:28:00+09:00,107190737.19196083
2025-12-01 14:29:00+09:00,107190737.19196083
2025-12-01 14:30:00+09:00,107190737.19196083
2025-12-01 14:31:00+09:00,107190737.19196083
2025-12-01 14:32:00+09:00,107190737.19196083
2025-12-01 14:33:00+09:00,107190737.19196083
2025-12-01 14:34:00+09:00,107190737.19196083
2025-12-01 14:35:00+09:00,107190737.19196083
2025-12-01 14:36:00+09:00,107190737.19196083
2025-12-01 14:37:00+09:00,107190737.19196083
2025-12-01 14:38:00+09:00,107190737.19196083
2025-12-01 14:39:00+09:00,107190737.19196083
2025-12-01 14:40:00+09:00,107190737.19196083
2025-12-01 14:41:00+09:00,107190737.19196083
2025-12-01 14:42:00+09:00,107190737.19196083
2025-12-01 14:43:00+09:00,107190737.19196083
2025-12-01 14:44:00+09:00,107190737.19196083
2025-12-01 14:45:00+09:00,107190737.19196083
2025-12-01 14:46:00+09:00,107190737.19196083
2025-12-01 14:47:00+09:00,107190737.19196083
2025-12-01 14:48:00+09:00,107190737.19196083
2025-12-01 14:49:00+09:00,107190737.19196083
2025-12-01 14:50:00+09:00,107190737.19196083
2025-12-01 14:51:00+09:00,107190737.19196083
2025-12-01 14:52:00+09:00,107190737.19196083
2025-12-01 14:53:00+09:00,107190737.19196083
2025-12-01 14:54:00+09:00,107190737.19196083
2025-12-01 14:55:00+09:00,107190737.19196083
2025-12-01 14:56:00+09:00,107190737.19196083
2025-12-01 14:57:00+09:00,107190737.19196083
2025-12-01 14:58:00+09:00,107190737.19196083
2025-12-01 14:59:00+09:00,107190737.19196083
2025-12-01 15:00:00+09:00,107190737.19196083
2025-12-01 15:01:00+09:00,107190737.19196083
2025-12-01 15:02:00+09:00,107190737.19196083
2025-12-01 15:03:00+09:00,107190737.19196083
2025-12-01 15:04:00+09:00,107190737.19196083
2025-12-01 15:05:00+09:00,107190737.19196083
2025-12-01 15:06:00+09:00,107190737.19196083
2025-12-01 15:07:00+09:00,107190737.19196083
2025-12-01 15:08:00+09:00,107190737.19196083
2025-12-01 15:09:00+09:00,107190737.19196083
2025-12-01 15:10:00+09:00,107190737.19196083
2025-12-01 15:11:00+09:00,107147860.89708404
2025-12-01 15:12:00+09:00,106858561.67266192
2025-12-01 15:13:00+09:00,106858561.67266192
2025-12-01 15:14:00+09:00,106858561.67266192
2025-12-01 15:15:00+09:00,106858561.67266192
2025-12-01 15:16:00+09:00,106858561.67266192
2025-12-01 15:17:00+09:00,106858561.67266192
2025-12-01 15:18:00+09:00,106858561.67266192
2025-12-01 15:19:00+09:00,106858561.67266192
2025-12-01 15:30:00+09:00,106858561.67266192
2025-12-01 15:35:00+09:00,106858561.67266192
2025-12-02 09:00:00+09:00,106858561.67266192
2025-12-02 09:01:00+09:00,106858561.67266192
2025-12-02 09:02:00+09:00,106815818.24799286
2025-12-02 09:03:00+09:00,106282405.92216018
2025-12-02 09:04:00+09:00,107458366.73569088
2025-12-02 09:05:00+09:00,107458366.73569088
2025-12-02 09:06:00+09:00,107458366.73569088
2025-12-02 09:07:00+09:00,107458366.73569088
2025-12-02 09:08:00+09:00,107458366.73569088
2025-12-02 09:09:00+09:00,107458366.73569088
2025-12-02 09:10:00+09:00,107458366.73569088
2025-12-02 09:11:00+09:00,107458366.73569088
2025-12-02 09:12:00+09:00,107458366.73569088
2025-12-02 09:13:00+09:00,107458366.73569088
2025-12-02 09:14:00+09:00,107458366.73569088
2025-12-02 09:15:00+09:00,107458366.73569088
2025-12-02 09:16:00+09:00,107458366.73569088
2025-12-02 09:17:00+09:00,107458366.73569088
2025-12-02 09:18:00+09:00,107415383.3889966
2025-12-02 09:19:00+09:00,107152754.08975701
2025-12-02 09:20:00+09:00,106364866.19203821
2025-12-02 09:21:00+09:00,106758810.14089762
2025-12-02 09:22:00+09:00,106496180.84165803
2025-12-02 09:23:00+09:00,105839607.59355903
2025-12-02 09:24:00+09:00,106102236.89279862
2025-12-02 09:25:00+09:00,105815760.85318805
2025-12-02 09:26:00+09:00,105815760.85318805
2025-12-02 09:27:00+09:00,105815760.85318805
2025-12-02 09:28:00+09:00,105815760.85318805
2025-12-02 09:29:00+09:00,105815760.85318805
2025-12-02 09:30:00+09:00,105815760.85318805
2025-12-02 09:31:00+09:00,105815760.85318805
2025-12-02 09:32:00+09:00,105815760.85318805
2025-12-02 09:33:00+09:00,105815760.85318805
2025-12-02 09:34:00+09:00,105815760.85318805
2025-12-02 09:35:00+09:00,105815760.85318805
2025-12-02 09:36:00+09:00,105815760.85318805
2025-12-02 09:37:00+09:00,105815760.85318805
2025-12-02 09:38:00+09:00,105815760.85318805
2025-12-02 09:39:00+09:00,105815760.85318805
2025-12-02 09:40:00+09:00,105815760.85318805
2025-12-02 09:41:00+09:00,105815760.85318805
2025-12-02 09:42:00+09:00,105815760.85318805
2025-12-02 09:43:00+09:00,105815760.85318805
2025-12-02 09:44:00+09:00,105815760.85318805
2025-12-02 09:45:00+09:00,105815760.85318805
2025-12-02 09:46:00+09:00,105815760.85318805
2025-12-02 09:47:00+09:00,105815760.85318805
2025-12-02 09:48:00+09:00,105815760.85318805
2025-12-02 09:49:00+09:00,105815760.85318805
2025-12-02 09:50:00+09:00,105815760.85318805
2025-12-02 09:51:00+09:00,105815760.85318805
2025-12-02 09:52:00+09:00,105815760.85318805
2025-12-02 09:53:00+09:00,105815760.85318805
2025-12-02 09:54:00+09:00,105815760.85318805
2025-12-02 09:55:00+09:00,105815760.85318805
2025-12-02 09:56:00+09:00,105815760.85318805
2025-12-02 09:57:00+09:00,105815760.85318805
2025-12-02 09:58:00+09:00,105815760.85318805
2025-12-02 09:59:00+09:00,105815760.85318805
2025-12-02 10:00:00+09:00,105815760.85318805
2025-12-02 10:01:00+09:00,105815760.85318805
2025-12-02 10:02:00+09:00,105815760.85318805
2025-12-02 10:03:00+09:00,105815760.85318805
2025-12-02 10:04:00+09:00,105815760.85318805
2025-12-02 10:05:00+09:00,105815760.85318805
2025-12-02 10:06:00+09:00,105815760.85318805
2025-12-02 10:07:00+09:00,105815760.85318805
2025-12-02 10:08:00+09:00,105815760.85318805
2025-12-02 10:09:00+09:00,105815760.85318805
2025-12-02 10:10:00+09:00,105815760.85318805
2025-12-02 10:11:00+09:00,105815760.85318805
2025-12-02 10:12:00+09:00,105815760.85318805
2025-12-02 10:13:00+09:00,105815760.85318805
2025-12-02 10:14:00+09:00,105815760.85318805
2025-12-02 10:15:00+09:00,105815760.85318805
2025-12-02 10:16:00+09:00,105815760.85318805
2025-12-02 10:17:00+09:00,105773434.54884678
2025-12-02 10:18:00+09:00,106297065.41294998
2025-12-02 10:19:00+09:00,107606142.57320799
2025-12-02 10:20:00+09:00,108653404.30141439
2025-12-02 10:21:00+09:00,109962481.46167238
2025-12-02 10:22:00+09:00,110747927.75782718
2025-12-02 10:23:00+09:00,111795189.48603359
2025-12-02 10:24:00+09:00,111533374.05398199
2025-12-02 10:25:00+09:00,110486112.32577558
2025-12-02 10:26:00+09:00,110747927.75782719
2025-12-02 10:27:00+09:00,111533374.05398199
2025-12-02 10:28:00+09:00,112711543.4982142
2025-12-02 10:29:00+09:00,111140650.90590459
2025-12-02 10:30:00+09:00,111402466.33795619
2025-12-02 10:31:00+09:00,112057004.9180852
2025-12-02 10:32:00+09:00,111009743.18987879
2025-12-02 10:33:00+09:00,111271558.62193039
2025-12-02 10:34:00+09:00,112057004.9180852
2025-12-02 10:35:00+09:00,112449728.06616262
2025-12-02 10:36:00+09:00,113627897.51039483
2025-12-02 10:37:00+09:00,112711543.49821423
2025-12-02 10:38:00+09:00,111926097.20205942
2025-12-02 10:39:00+09:00,112973358.93026581
2025-12-02 10:40:00+09:00,112973358.93026581
2025-12-02 10:41:00+09:00,113366082.07834321
2025-12-02 10:42:00+09:00,113889712.94244641
2025-12-02 10:43:00+09:00,114282436.0905238
2025-12-02 10:44:00+09:00,113627897.5103948
2025-12-02 10:45:00+09:00,112580635.7821884
2025-12-02 10:46:00+09:00,113235174.3623174
2025-12-02 10:47:00+09:00,112318820.35013679
2025-12-02 10:48:00+09:00,112711543.4982142
2025-12-02 10:49:00+09:00,112580635.7821884
2025-12-02 10:50:00+09:00,112318820.3501368
2025-12-02 10:51:00+09:00,112449728.0661626
2025-12-02 10:52:00+09:00,112580635.7821884
2025-12-02 10:53:00+09:00,111795189.48603359
2025-12-02 10:54:00+09:00,112187912.63411097
2025-12-02 10:55:00+09:00,112449728.06616257
2025-12-02 10:56:00+09:00,112711543.49821417
2025-12-02 10:57:00+09:00,112318820.35013677
2025-12-02 10:58:00+09:00,112449728.06616257
2025-12-02 10:59:00+09:00,113104266.64629157
2025-12-02 11:00:00+09:00,113235174.36231737
2025-12-02 11:01:00+09:00,112057004.91808516
2025-12-02 11:02:00+09:00,112318820.35013674
2025-12-02 11:03:00+09:00,112449728.06616254
2025-12-02 11:04:00+09:00,112580635.78218834
2025-12-02 11:05:00+09:00,111926097.20205934
2025-12-02 11:06:00+09:00,111926097.20205934
2025-12-02 11:07:00+09:00,112318820.35013674
2025-12-02 11:08:00+09:00,112057004.91808514
2025-12-02 11:09:00+09:00,112318820.35013673
2025-12-02 11:10:00+09:00,112057004.91808513
2025-12-02 11:11:00+09:00,111664281.77000773
2025-12-02 11:12:00+09:00,111926097.20205933
2025-12-02 11:13:00+09:00,112057004.91808514
2025-12-02 11:14:00+09:00,112318820.35013673
2025-12-02 11:15:00+09:00,112842451.21423994
2025-12-02 11:16:00+09:00,112842451.21423994
2025-12-02 11:17:00+09:00,112842451.21423994
2025-12-02 11:18:00+09:00,113758805.22642054
2025-12-02 11:19:00+09:00,114413343.80654953
2025-12-02 11:20:00+09:00,114413343.80654953
2025-12-02 11:21:00+09:00,114413343.80654953
2025-12-02 11:22:00+09:00,115067882.38667855
2025-12-02 11:23:00+09:00,114609705.38058825
2025-12-02 11:24:00+09:00,114020620.65847215
2025-12-02 11:25:00+09:00,114413343.80654956
2025-12-02 11:26:00+09:00,114151528.37449796
2025-12-02 11:27:00+09:00,114675159.23860118
2025-12-02 11:28:00+09:00,114936974.67065279
2025-12-02 11:29:00+09:00,115722420.9668076
2025-12-02 11:31:00+09:00,115591513.2507818
2025-12-02 11:32:00+09:00,115329697.8187302
2025-12-02 11:33:00+09:00,114806066.954627
2025-12-02 11:34:00+09:00,115067882.38667859
2025-12-02 11:35:00+09:00,114806066.95462699
2025-12-02 11:36:00+09:00,114544251.5225754
2025-12-02 11:37:00+09:00,114282436.09052378
2025-12-02 11:38:00+09:00,114151528.37449798
2025-12-02 11:39:00+09:00,113627897.51039478
2025-12-02 11:40:00+09:00,114151528.374498
2025-12-02 11:41:00+09:00,113889712.9424464
2025-12-02 11:42:00+09:00,114544251.52257541
2025-12-02 11:43:00+09:00,114020620.65847221
2025-12-02 11:44:00+09:00,114151528.37449802
2025-12-02 11:45:00+09:00,113889712.94244643
2025-12-02 11:46:00+09:00,113889712.94244643
2025-12-02 11:47:00+09:00,113758805.22642063
2025-12-02 11:48:00+09:00,113824259.08443354
2025-12-02 11:49:00+09:00,114020620.65847224
2025-12-02 11:50:00+09:00,113104266.64629164
2025-12-02 11:51:00+09:00,112842451.21424004
2025-12-02 11:52:00+09:00,112798885.12634665
2025-12-02 11:53:00+09:00,112798885.12634665
2025-12-02 11:54:00+09:00,112798885.12634665
2025-12-02 11:55:00+09:00,112798885.12634665
2025-12-02 11:56:00+09:00,112798885.12634665
2025-12-02 11:57:00+09:00,112798885.12634665
2025-12-02 11:58:00+09:00,112798885.12634665
2025-12-02 11:59:00+09:00,112798885.12634665
2025-12-02 12:00:00+09:00,112798885.12634665
2025-12-02 12:01:00+09:00,112798885.12634665
2025-12-02 12:02:00+09:00,112798885.12634665
2025-12-02 12:03:00+09:00,112798885.12634665
2025-12-02 12:04:00+09:00,112798885.12634665
2025-12-02 12:05:00+09:00,112798885.12634665
2025-12-02 12:06:00+09:00,112798885.12634665
2025-12-02 12:07:00+09:00,112798885.12634665
2025-12-02 12:08:00+09:00,112798885.12634665
2025-12-02 12:09:00+09:00,112798885.12634665
2025-12-02 12:10:00+09:00,112798885.12634665
2025-12-02 12:11:00+09:00,112798885.12634665
2025-12-02 12:12:00+09:00,112798885.12634665
2025-12-02 12:13:00+09:00,112798885.12634665
2025-12-02 12:14:00+09:00,112798885.12634665
2025-12-02 12:15:00+09:00,112798885.12634665
2025-12-02 12:16:00+09:00,112798885.12634665
2025-12-02 12:17:00+09:00,112798885.12634665
2025-12-02 12:18:00+09:00,112798885.12634665
2025-12-02 12:19:00+09:00,112798885.12634665
2025-12-02 12:20:00+09:00,112798885.12634665
2025-12-02 12:21:00+09:00,112798885.12634665
2025-12-02 12:22:00+09:00,112798885.12634665
2025-12-02 12:23:00+09:00,112798885.12634665
2025-12-02 12:24:00+09:00,112798885.12634665
2025-12-02 12:25:00+09:00,112798885.12634665
2025-12-02 12:26:00+09:00,112798885.12634665
2025-12-02 12:27:00+09:00,112798885.12634665
2025-12-02 12:28:00+09:00,112798885.12634665
2025-12-02 12:29:00+09:00,112798885.12634665
2025-12-02 12:30:00+09:00,112798885.12634665
2025-12-02 12:31:00+09:00,112798885.12634665
2025-12-02 12:32:00+09:00,112798885.12634665
2025-12-02 12:33:00+09:00,112798885.12634665
2025-12-02 12:34:00+09:00,112798885.12634665
2025-12-02 12:35:00+09:00,112798885.12634665
2025-12-02 12:36:00+09:00,112798885.12634665
2025-12-02 12:37:00+09:00,112798885.12634665
2025-12-02 12:38:00+09:00,112798885.12634665
2025-12-02 12:39:00+09:00,112798885.12634665
2025-12-02 12:40:00+09:00,112798885.12634665
2025-12-02 12:41:00+09:00,112798885.12634665
2025-12-02 12:42:00+09:00,112798885.12634665
2025-12-02 12:43:00+09:00,112798885.12634665
2025-12-02 12:44:00+09:00,112798885.12634665
2025-12-02 12:45:00+09:00,112798885.12634665
2025-12-02 12:46:00+09:00,112798885.12634665
2025-12-02 12:47:00+09:00,112798885.12634665
2025-12-02 12:48:00+09:00,112798885.12634665
2025-12-02 12:49:00+09:00,112798885.12634665
2025-12-02 12:50:00+09:00,112798885.12634665
2025-12-02 12:51:00+09:00,112798885.12634665
2025-12-02 12:52:00+09:00,112798885.12634665
2025-12-02 12:53:00+09:00,112798885.12634665
2025-12-02 12:54:00+09:00,112798885.12634665
2025-12-02 12:55:00+09:00,112798885.12634665
2025-12-02 12:56:00+09:00,112798885.12634665
2025-12-02 12:57:00+09:00,112798885.12634665
2025-12-02 12:58:00+09:00,112798885.12634665
2025-12-02 12:59:00+09:00,112798885.12634665
2025-12-02 13:00:00+09:00,112798885.12634665
2025-12-02 13:01:00+09:00,112798885.12634665
2025-12-02 13:02:00+09:00,112798885.12634665
2025-12-02 13:03:00+09:00,112798885.12634665
2025-12-02 13:04:00+09:00,112798885.12634665
2025-12-02 13:05:00+09:00,112798885.12634665
2025-12-02 13:06:00+09:00,112798885.12634665
2025-12-02 13:07:00+09:00,112798885.12634665
2025-12-02 13:08:00+09:00,112798885.12634665
2025-12-02 13:09:00+09:00,112798885.12634665
2025-12-02 13:10:00+09:00,112798885.12634665
2025-12-02 13:11:00+09:00,112798885.12634665
2025-12-02 13:12:00+09:00,112798885.12634665
2025-12-02 13:13:00+09:00,112798885.12634665
2025-12-02 13:14:00+09:00,112798885.12634665
2025-12-02 13:15:00+09:00,112798885.12634665
2025-12-02 13:16:00+09:00,112798885.12634665
2025-12-02 13:17:00+09:00,112798885.12634665
2025-12-02 13:18:00+09:00,112798885.12634665
2025-12-02 13:19:00+09:00,112798885.12634665
2025-12-02 13:20:00+09:00,112798885.12634665
2025-12-02 13:21:00+09:00,112798885.12634665
2025-12-02 13:22:00+09:00,112798885.12634665
2025-12-02 13:23:00+09:00,112798885.12634665
2025-12-02 13:24:00+09:00,112798885.12634665
2025-12-02 13:25:00+09:00,112798885.12634665
2025-12-02 13:26:00+09:00,112798885.12634665
2025-12-02 13:27:00+09:00,112753765.57229611
2025-12-02 13:28:00+09:00,113275773.74624191
2025-12-02 13:29:00+09:00,112884267.61578254
2025-12-02 13:30:00+09:00,112884267.61578254
2025-12-02 13:31:00+09:00,112362259.44183673
2025-12-02 13:32:00+09:00,112362259.44183673
2025-12-02 13:33:00+09:00,112231757.39835028
2025-12-02 13:34:00+09:00,112101255.35486382
2025-12-02 13:35:00+09:00,112101255.35486382
2025-12-02 13:36:00+09:00,112492761.48532319
2025-12-02 13:37:00+09:00,112492761.48532319
2025-12-02 13:38:00+09:00,112623263.52880965
2025-12-02 13:39:00+09:00,113014769.659269
2025-12-02 13:40:00+09:00,112884267.61578254
2025-12-02 13:41:00+09:00,112753765.57229608
2025-12-02 13:42:00+09:00,112753765.57229608
2025-12-02 13:43:00+09:00,112362259.44183673
2025-12-02 13:44:00+09:00,112427510.46357997
2025-12-02 13:45:00+09:00,112492761.48532319
2025-12-02 13:46:00+09:00,113014769.65926899
2025-12-02 13:47:00+09:00,112753765.57229608
2025-12-02 13:48:00+09:00,112623263.52880962
2025-12-02 13:49:00+09:00,112558012.5070664
2025-12-02 13:50:00+09:00,112753765.57229608
2025-12-02 13:51:00+09:00,112623263.52880962
2025-12-02 13:52:00+09:00,112623263.52880962
2025-12-02 13:53:00+09:00,112101255.35486381
2025-12-02 13:54:00+09:00,112231757.39835027
2025-12-02 13:55:00+09:00,112231757.39835027
2025-12-02 13:56:00+09:00,112492761.48532318
2025-12-02 13:57:00+09:00,112231757.39835027
2025-12-02 13:58:00+09:00,112362259.44183671
2025-12-02 13:59:00+09:00,112753765.57229607
2025-12-02 14:00:00+09:00,113145271.70275544
2025-12-02 14:01:00+09:00,113406275.78972836
2025-12-02 14:02:00+09:00,114058786.00716062
2025-12-02 14:03:00+09:00,113928283.96367416
2025-12-02 14:04:00+09:00,113797781.92018771
2025-12-02 14:05:00+09:00,114841798.26807934
2025-12-02 14:06:00+09:00,114972300.3115658
2025-12-02 14:07:00+09:00,115494308.48551163
2025-12-02 14:08:00+09:00,114841798.26807937
2025-12-02 14:09:00+09:00,115363806.4420252
2025-12-02 14:10:00+09:00,115494308.48551165
2025-12-02 14:11:00+09:00,115363806.4420252
2025-12-02 14:12:00+09:00,114972300.31156585
2025-12-02 14:13:00+09:00,114972300.31156585
2025-12-02 14:14:00+09:00,116146818.70294394
2025-12-02 14:15:00+09:00,115624810.52899812
2025-12-02 14:16:00+09:00,115494308.48551168
2025-12-02 14:17:00+09:00,115363806.44202523
2025-12-02 14:18:00+09:00,115885814.61597104
2025-12-02 14:19:00+09:00,116016316.6594575
2025-12-02 14:20:00+09:00,116277320.74643041
2025-12-02 14:21:00+09:00,116146818.70294397
2025-12-02 14:22:00+09:00,116668826.87688978
2025-12-02 14:23:00+09:00,116929830.96386269
2025-12-02 14:24:00+09:00,116929830.96386269
2025-12-02 14:25:00+09:00,116668826.87688978
2025-12-02 14:26:00+09:00,116929830.96386269
2025-12-02 14:27:00+09:00,115755312.5724846
2025-12-02 14:28:00+09:00,115755312.5724846
2025-12-02 14:29:00+09:00,115624810.52899815
2025-12-02 14:30:00+09:00,115363806.44202524
2025-12-02 14:31:00+09:00,115885814.61597106
2025-12-02 14:32:00+09:00,115624810.52899815
2025-12-02 14:33:00+09:00,115885814.61597106
2025-12-02 14:34:00+09:00,115494308.48551169
2025-12-02 14:35:00+09:00,115102802.35505234
2025-12-02 14:36:00+09:00,115494308.48551169
2025-12-02 14:37:00+09:00,114841798.26807943
2025-12-02 14:38:00+09:00,115233304.3985388
2025-12-02 14:39:00+09:00,115233304.3985388
2025-12-02 14:40:00+09:00,115233304.3985388
2025-12-02 14:41:00+09:00,115363806.44202524
2025-12-02 14:42:00+09:00,115755312.5724846
2025-12-02 14:43:00+09:00,116146818.70294397
2025-12-02 14:44:00+09:00,115755312.5724846
2025-12-02 14:45:00+09:00,115102802.35505232
2025-12-02 14:46:00+09:00,115624810.52899815
2025-12-02 14:47:00+09:00,115755312.57248461
2025-12-02 14:48:00+09:00,116081567.68120074
2025-12-02 14:49:00+09:00,115755312.57248461
2025-12-02 14:50:00+09:00,116016316.65945752
2025-12-02 14:51:00+09:00,115755312.57248461
2025-12-02 14:52:00+09:00,115755312.57248461
2025-12-02 14:53:00+09:00,115755312.57248461
2025-12-02 14:54:00+09:00,115494308.4855117
2025-12-02 14:55:00+09:00,115102802.35505235
2025-12-02 14:56:00+09:00,114319790.09413363
2025-12-02 14:57:00+09:00,114792024.78869371
2025-12-02 14:58:00+09:00,114792024.78869371
2025-12-02 14:59:00+09:00,114792024.78869371
2025-12-02 15:00:00+09:00,114792024.78869371
2025-12-02 15:01:00+09:00,114792024.78869371
2025-12-02 15:02:00+09:00,114792024.78869371
2025-12-02 15:03:00+09:00,114792024.78869371
2025-12-02 15:04:00+09:00,114792024.78869371
2025-12-02 15:05:00+09:00,114792024.78869371
2025-12-02 15:06:00+09:00,114792024.78869371
2025-12-02 15:07:00+09:00,114792024.78869371
2025-12-02 15:08:00+09:00,114792024.78869371
2025-12-02 15:09:00+09:00,114792024.78869371
2025-12-02 15:10:00+09:00,114792024.78869371
2025-12-02 15:11:00+09:00,114792024.78869371
2025-12-02 15:12:00+09:00,114792024.78869371
2025-12-02 15:13:00+09:00,114792024.78869371
2025-12-02 15:14:00+09:00,114792024.78869371
2025-12-02 15:15:00+09:00,114792024.78869371
2025-12-02 15:16:00+09:00,114792024.78869371
2025-12-02 15:17:00+09:00,114792024.78869371
2025-12-02 15:18:00+09:00,114792024.78869371
2025-12-02 15:19:00+09:00,114792024.78869371
2025-12-02 15:30:00+09:00,114792024.78869371
2025-12-02 15:35:00+09:00,114792024.78869371
2025-12-03 09:00:00+09:00,114792024.78869371
2025-12-03 09:01:00+09:00,114792024.78869371
2025-12-03 09:02:00+09:00,114746107.97877824
2025-12-03 09:03:00+09:00,115365687.39551032
2025-12-03 09:04:00+09:00,115489603.27885674
2025-12-03 09:05:00+09:00,114126528.5620462
2025-12-03 09:06:00+09:00,114870023.86212468
2025-12-03 09:07:00+09:00,114126528.5620462
2025-12-03 09:08:00+09:00,114002612.67869979
2025-12-03 09:09:00+09:00,114993939.74547109
2025-12-03 09:10:00+09:00,115861350.92889598
2025-12-03 09:11:00+09:00,116976593.87901369
2025-12-03 09:12:00+09:00,116357014.46228161
2025-12-03 09:13:00+09:00,115985266.81224237
2025-12-03 09:14:00+09:00,116109182.69558878
2025-12-03 09:15:00+09:00,115489603.27885671
2025-12-03 09:16:00+09:00,116480930.34562801
2025-12-03 09:17:00+09:00,115861350.92889594
2025-12-03 09:18:00+09:00,115489603.2788567
2025-12-03 09:19:00+09:00,115861350.92889594
2025-12-03 09:20:00+09:00,115613519.1622031
2025-12-03 09:21:00+09:00,115241771.51216386
2025-12-03 09:22:00+09:00,114622192.0954318
2025-12-03 09:23:00+09:00,113630865.0286605
2025-12-03 09:24:00+09:00,114002612.67869975
2025-12-03 09:25:00+09:00,114374360.32873899
2025-12-03 09:26:00+09:00,114746107.97877821
2025-12-03 09:27:00+09:00,114993939.74547103
2025-12-03 09:28:00+09:00,114498276.21208538
2025-12-03 09:29:00+09:00,116852677.99566723
2025-12-03 09:30:00+09:00,116480930.34562801
2025-12-03 09:31:00+09:00,116357014.46228158
2025-12-03 09:32:00+09:00,116976593.87901366
2025-12-03 09:33:00+09:00,116728762.11232083
2025-12-03 09:34:00+09:00,117472257.4123993
2025-12-03 09:35:00+09:00,118711416.24586344
2025-12-03 09:36:00+09:00,119950575.07932755
2025-12-03 09:37:00+09:00,119702743.31263472
2025-12-03 09:38:00+09:00,120817986.26275244
2025-12-03 09:39:00+09:00,121313649.7961381
2025-12-03 09:40:00+09:00,123420219.81302711
2025-12-03 09:41:00+09:00,122181060.97956298
2025-12-03 09:42:00+09:00,121561481.56283092
2025-12-03 09:43:00+09:00,121561481.56283092
2025-12-03 09:44:00+09:00,121685397.44617735
2025-12-03 09:45:00+09:00,121437565.67948452
2025-12-03 09:46:00+09:00,121437565.67948452
2025-12-03 09:47:00+09:00,120941902.14609885
2025-12-03 09:48:00+09:00,120756028.32107922
2025-12-03 09:49:00+09:00,121933229.21287014
2025-12-03 09:50:00+09:00,122181060.97956295
2025-12-03 09:51:00+09:00,121809313.32952371
2025-12-03 09:52:00+09:00,122181060.97956295
2025-12-03 09:53:00+09:00,122181060.97956295
2025-12-03 09:54:00+09:00,122676724.51294859
2025-12-03 09:55:00+09:00,122181060.97956294
2025-12-03 09:56:00+09:00,122057145.09621651
2025-12-03 09:57:00+09:00,123544135.69637346
2025-12-03 09:59:00+09:00,124163715.11310554
2025-12-03 10:00:00+09:00,123296303.92968065
2025-12-03 10:01:00+09:00,123296303.92968065
2025-12-03 10:02:00+09:00,123296303.92968065
2025-12-03 10:03:00+09:00,123420219.81302705
2025-12-03 10:04:00+09:00,123172388.04633422
2025-12-03 10:05:00+09:00,122552808.62960216
2025-12-03 10:06:00+09:00,123420219.81302705
2025-12-03 10:07:00+09:00,123420219.81302705
2025-12-03 10:08:00+09:00,122738682.45462179
2025-12-03 10:09:00+09:00,121933229.2128701
2025-12-03 10:10:00+09:00,121933229.2128701
2025-12-03 10:11:00+09:00,121933229.2128701
2025-12-03 10:12:00+09:00,121437565.67948446
2025-12-03 10:13:00+09:00,121189733.91279162
2025-12-03 10:14:00+09:00,121685397.44617726
2025-12-03 10:15:00+09:00,121561481.56283085
2025-12-03 10:16:00+09:00,121437565.67948443
2025-12-03 10:17:00+09:00,121437565.67948443
2025-12-03 10:18:00+09:00,121313649.79613802
2025-12-03 10:19:00+09:00,121933229.21287009
2025-12-03 10:20:00+09:00,122181060.97956291
2025-12-03 10:21:00+09:00,121933229.21287009
2025-12-03 10:22:00+09:00,122552808.62960216
2025-12-03 10:23:00+09:00,122428892.74625576
2025-12-03 10:24:00+09:00,122057145.09621651
2025-12-03 10:25:00+09:00,122676724.51294857
2025-12-03 10:26:00+09:00,122924556.2796414
2025-12-03 10:27:00+09:00,123048472.16298781
2025-12-03 10:28:00+09:00,123668051.57971987
2025-12-03 10:29:00+09:00,123172388.04633422
2025-12-03 10:30:00+09:00,123544135.69637346
2025-12-03 10:31:00+09:00,122800640.39629498
2025-12-03 10:32:00+09:00,122800640.39629498
2025-12-03 10:33:00+09:00,122800640.39629498
2025-12-03 10:34:00+09:00,122181060.97956292
2025-12-03 10:35:00+09:00,122057145.0962165
2025-12-03 10:36:00+09:00,122428892.74625574
2025-12-03 10:37:00+09:00,121974753.42537946
2025-12-03 10:38:00+09:00,121974753.42537946
2025-12-03 10:39:00+09:00,121974753.42537946
2025-12-03 10:40:00+09:00,121974753.42537946
2025-12-03 10:41:00+09:00,121974753.42537946
2025-12-03 10:42:00+09:00,121974753.42537946
2025-12-03 10:43:00+09:00,121974753.42537946
2025-12-03 10:44:00+09:00,121974753.42537946
2025-12-03 10:45:00+09:00,121974753.42537946
2025-12-03 10:46:00+09:00,121974753.42537946
2025-12-03 10:47:00+09:00,121974753.42537946
2025-12-03 10:48:00+09:00,121974753.42537946
2025-12-03 10:49:00+09:00,121974753.42537946
2025-12-03 10:50:00+09:00,121974753.42537946
2025-12-03 10:51:00+09:00,121974753.42537946
2025-12-03 10:52:00+09:00,121974753.42537946
2025-12-03 10:53:00+09:00,121974753.42537946
2025-12-03 10:54:00+09:00,121974753.42537946
2025-12-03 10:55:00+09:00,121974753.42537946
2025-12-03 10:56:00+09:00,121974753.42537946
2025-12-03 10:57:00+09:00,121974753.42537946
2025-12-03 10:58:00+09:00,121974753.42537946
2025-12-03 10:59:00+09:00,121974753.42537946
2025-12-03 11:00:00+09:00,121974753.42537946
2025-12-03 11:01:00+09:00,121974753.42537946
2025-12-03 11:02:00+09:00,121974753.42537946
2025-12-03 11:03:00+09:00,121974753.42537946
2025-12-03 11:04:00+09:00,121925963.5240093
2025-12-03 11:05:00+09:00,122408838.62707469
2025-12-03 11:06:00+09:00,122408838.62707469
2025-12-03 11:07:00+09:00,123616026.38473815
2025-12-03 11:08:00+09:00,123374588.83320546
2025-12-03 11:09:00+09:00,123133151.28167276
2025-12-03 11:10:00+09:00,122891713.73014008
2025-12-03 11:11:00+09:00,123133151.28167276
2025-12-03 11:12:00+09:00,122650276.17860737
2025-12-03 11:13:00+09:00,123616026.38473813
2025-12-03 11:14:00+09:00,125547526.79699966
2025-12-03 11:15:00+09:00,125547526.79699966
2025-12-03 11:16:00+09:00,126754714.55466312
2025-12-03 11:17:00+09:00,128444777.41539198
2025-12-03 11:18:00+09:00,128927652.51845735
2025-12-03 11:19:00+09:00,128927652.51845735
2025-12-03 11:20:00+09:00,128203339.86385928
2025-12-03 11:21:00+09:00,127479027.20926121
2025-12-03 11:22:00+09:00,127479027.20926121
2025-12-03 11:23:00+09:00,127961902.31232661
2025-12-03 11:24:00+09:00,128444777.415392
2025-12-03 11:25:00+09:00,130134840.27612083
2025-12-03 11:26:00+09:00,130859152.9307189
2025-12-03 11:27:00+09:00,129651965.17305544
2025-12-03 11:28:00+09:00,130376277.82765353
2025-12-03 11:29:00+09:00,129893402.72458816
2025-12-03 11:30:00+09:00,130134840.27612084
2025-12-03 11:31:00+09:00,130134840.27612084
2025-12-03 11:32:00+09:00,130376277.82765353
2025-12-03 11:33:00+09:00,130979871.70648524
2025-12-03 11:34:00+09:00,130859152.9307189
2025-12-03 11:35:00+09:00,131100590.4822516
2025-12-03 11:36:00+09:00,130859152.93071891
2025-12-03 11:37:00+09:00,130376277.82765354
2025-12-03 11:38:00+09:00,130617715.37918623
2025-12-03 11:39:00+09:00,130617715.37918623
2025-12-03 11:40:00+09:00,129893402.72458816
2025-12-03 11:41:00+09:00,129893402.72458816
2025-12-03 11:42:00+09:00,130376277.82765353
2025-12-03 11:43:00+09:00,130134840.27612083
2025-12-03 11:44:00+09:00,129531246.3972891
2025-12-03 11:45:00+09:00,129410527.62152275
2025-12-03 11:46:00+09:00,130376277.82765351
2025-12-03 11:47:00+09:00,131342028.03378427
2025-12-03 11:48:00+09:00,131824903.13684966
2025-12-03 11:49:00+09:00,131824903.13684966
2025-12-03 11:50:00+09:00,131824903.13684966
2025-12-03 11:51:00+09:00,132307778.23991504
2025-12-03 11:52:00+09:00,131583465.58531697
2025-12-03 11:53:00+09:00,131583465.58531697
2025-12-03 11:54:00+09:00,130859152.9307189
2025-12-03 11:55:00+09:00,131583465.58531699
2025-12-03 11:56:00+09:00,131583465.58531699
2025-12-03 11:57:00+09:00,131342028.0337843
2025-12-03 11:58:00+09:00,131342028.0337843
2025-12-03 11:59:00+09:00,131100590.48225161
2025-12-03 12:00:00+09:00,131100590.48225161
2025-12-03 12:01:00+09:00,131100590.48225161
2025-12-03 12:02:00+09:00,130859152.93071893
2025-12-03 12:03:00+09:00,131583465.58531702
2025-12-03 12:04:00+09:00,131824903.1368497
2025-12-03 12:05:00+09:00,132307778.23991509
2025-12-03 12:08:00+09:00,133756403.54911125
2025-12-03 12:09:00+09:00,134722153.75524202
2025-12-03 12:10:00+09:00,134239278.65217662
2025-12-03 12:11:00+09:00,133032090.89451315
2025-12-03 12:12:00+09:00,132549215.79144776
2025-12-03 12:13:00+09:00,132790653.34298044
2025-12-03 12:14:00+09:00,132307778.23991506
2025-12-03 12:15:00+09:00,132549215.79144776
2025-12-03 12:16:00+09:00,133514965.99757852
2025-12-03 12:17:00+09:00,133514965.99757852
2025-12-03 12:18:00+09:00,133997841.10064392
2025-12-03 12:19:00+09:00,133514965.99757855
2025-12-03 12:20:00+09:00,133756403.54911125
2025-12-03 12:21:00+09:00,135205028.8583074
2025-12-03 12:22:00+09:00,134963591.3067747
2025-12-03 12:23:00+09:00,134480716.2037093
2025-12-03 12:24:00+09:00,134722153.755242
2025-12-03 12:25:00+09:00,135205028.85830736
2025-12-03 12:26:00+09:00,134963591.30677468
2025-12-03 12:27:00+09:00,134963591.30677468
2025-12-03 12:28:00+09:00,134963591.30677468
2025-12-03 12:29:00+09:00,134480716.20370927
2025-12-03 12:30:00+09:00,135084310.08254102
2025-12-03 12:31:00+09:00,134722153.755242
2025-12-03 12:32:00+09:00,134480716.2037093
2025-12-03 12:33:00+09:00,134963591.30677468
2025-12-03 12:34:00+09:00,134963591.30677468
2025-12-03 12:35:00+09:00,134480716.20370927
2025-12-03 12:36:00+09:00,133756403.5491112
2025-12-03 12:37:00+09:00,133635684.77334486
2025-12-03 12:38:00+09:00,132549215.79144774
2025-12-03 12:39:00+09:00,133032090.89451313
2025-12-03 12:40:00+09:00,132432118.5789544
2025-12-03 12:41:00+09:00,132432118.5789544
2025-12-03 12:42:00+09:00,132432118.5789544
2025-12-03 12:43:00+09:00,132432118.5789544
2025-12-03 12:44:00+09:00,132432118.5789544
2025-12-03 12:45:00+09:00,132432118.5789544
2025-12-03 12:46:00+09:00,132432118.5789544
2025-12-03 12:47:00+09:00,132432118.5789544
2025-12-03 12:48:00+09:00,132432118.5789544
2025-12-03 12:49:00+09:00,132432118.5789544
2025-12-03 12:50:00+09:00,132432118.5789544
2025-12-03 12:51:00+09:00,132432118.5789544
2025-12-03 12:52:00+09:00,132432118.5789544
2025-12-03 12:53:00+09:00,132432118.5789544
2025-12-03 12:54:00+09:00,132432118.5789544
2025-12-03 12:55:00+09:00,132432118.5789544
2025-12-03 12:56:00+09:00,132432118.5789544
2025-12-03 12:57:00+09:00,132432118.5789544
2025-12-03 12:58:00+09:00,132432118.5789544
2025-12-03 12:59:00+09:00,132432118.5789544
2025-12-03 13:00:00+09:00,132432118.5789544
2025-12-03 13:01:00+09:00,132432118.5789544
2025-12-03 13:02:00+09:00,132432118.5789544
2025-12-03 13:03:00+09:00,132432118.5789544
2025-12-03 13:04:00+09:00,132432118.5789544
2025-12-03 13:05:00+09:00,132432118.5789544
2025-12-03 13:06:00+09:00,132432118.5789544
2025-12-03 13:07:00+09:00,132432118.5789544
2025-12-03 13:08:00+09:00,132432118.5789544
2025-12-03 13:09:00+09:00,132432118.5789544
2025-12-03 13:10:00+09:00,132432118.5789544
2025-12-03 13:11:00+09:00,132432118.5789544
2025-12-03 13:12:00+09:00,132432118.5789544
2025-12-03 13:13:00+09:00,132432118.5789544
2025-12-03 13:14:00+09:00,132432118.5789544
2025-12-03 13:15:00+09:00,132432118.5789544
2025-12-03 13:16:00+09:00,132432118.5789544
2025-12-03 13:17:00+09:00,132432118.5789544
2025-12-03 13:18:00+09:00,132432118.5789544
2025-12-03 13:19:00+09:00,132432118.5789544
2025-12-03 13:20:00+09:00,132432118.5789544
2025-12-03 13:21:00+09:00,132432118.5789544
2025-12-03 13:22:00+09:00,132432118.5789544
2025-12-03 13:23:00+09:00,132432118.5789544
2025-12-03 13:24:00+09:00,132432118.5789544
2025-12-03 13:25:00+09:00,132432118.5789544
2025-12-03 13:26:00+09:00,132432118.5789544
2025-12-03 13:27:00+09:00,132432118.5789544
2025-12-03 13:28:00+09:00,132432118.5789544
2025-12-03 13:29:00+09:00,132432118.5789544
2025-12-03 13:30:00+09:00,132432118.5789544
2025-12-03 13:31:00+09:00,132432118.5789544
2025-12-03 13:32:00+09:00,132432118.5789544
2025-12-03 13:33:00+09:00,132432118.5789544
2025-12-03 13:34:00+09:00,132432118.5789544
2025-12-03 13:35:00+09:00,132432118.5789544
2025-12-03 13:36:00+09:00,132432118.5789544
2025-12-03 13:37:00+09:00,132432118.5789544
2025-12-03 13:38:00+09:00,132432118.5789544
2025-12-03 13:39:00+09:00,132432118.5789544
2025-12-03 13:40:00+09:00,132432118.5789544
2025-12-03 13:41:00+09:00,132432118.5789544
2025-12-03 13:42:00+09:00,132432118.5789544
2025-12-03 13:43:00+09:00,132432118.5789544
2025-12-03 13:44:00+09:00,132432118.5789544
2025-12-03 13:45:00+09:00,132432118.5789544
2025-12-03 13:46:00+09:00,132432118.5789544
2025-12-03 13:47:00+09:00,132432118.5789544
2025-12-03 13:48:00+09:00,132432118.5789544
2025-12-03 13:49:00+09:00,132432118.5789544
2025-12-03 13:50:00+09:00,132432118.5789544
2025-12-03 13:51:00+09:00,132432118.5789544
2025-12-03 13:52:00+09:00,132379145.73152283
2025-12-03 13:53:00+09:00,131882413.47737077
2025-12-03 13:54:00+09:00,132269417.57658064
2025-12-03 13:55:00+09:00,132269417.57658064
2025-12-03 13:56:00+09:00,132269417.57658064
2025-12-03 13:57:00+09:00,132269417.57658064
2025-12-03 13:58:00+09:00,132269417.57658064
2025-12-03 13:59:00+09:00,132269417.57658064
2025-12-03 14:00:00+09:00,132269417.57658064
2025-12-03 14:01:00+09:00,132269417.57658064
2025-12-03 14:02:00+09:00,132269417.57658064
2025-12-03 14:03:00+09:00,132269417.57658064
2025-12-03 14:04:00+09:00,132269417.57658064
2025-12-03 14:05:00+09:00,132269417.57658064
2025-12-03 14:06:00+09:00,132269417.57658064
2025-12-03 14:07:00+09:00,132269417.57658064
2025-12-03 14:08:00+09:00,132216509.80955002
2025-12-03 14:09:00+09:00,131972117.00029022
2025-12-03 14:10:00+09:00,134416045.0928882
2025-12-03 14:11:00+09:00,133927259.47436862
2025-12-03 14:12:00+09:00,134171652.28362842
2025-12-03 14:13:00+09:00,135149223.52066758
2025-12-03 14:14:00+09:00,135393616.32992738
2025-12-03 14:15:00+09:00,135638009.1391872
2025-12-03 14:16:00+09:00,134904830.7114078
2025-12-03 14:17:00+09:00,134416045.0928882
2025-12-03 14:18:00+09:00,134904830.7114078
2025-12-03 14:19:00+09:00,133927259.47436862
2025-12-03 14:20:00+09:00,134416045.0928882
2025-12-03 14:21:00+09:00,134171652.2836284
2025-12-03 14:22:00+09:00,134171652.2836284
2025-12-03 14:23:00+09:00,133927259.4743686
2025-12-03 14:24:00+09:00,134171652.2836284
2025-12-03 14:25:00+09:00,132949688.23732942
2025-12-03 14:26:00+09:00,132949688.23732942
2025-12-03 14:27:00+09:00,132949688.23732942
2025-12-03 14:28:00+09:00,132216509.80955003
2025-12-03 14:29:00+09:00,132460902.61880983
2025-12-03 14:30:00+09:00,133438473.85584901
2025-12-03 14:31:00+09:00,133682866.66510881
2025-12-03 14:32:00+09:00,132949688.23732942
2025-12-03 14:33:00+09:00,133194081.04658924
2025-12-03 14:34:00+09:00,132949688.23732945
2025-12-03 14:35:00+09:00,131727724.19103047
2025-12-03 14:36:00+09:00,132216509.80955008
2025-12-03 14:37:00+09:00,132346991.13041389
2025-12-03 14:38:00+09:00,132346991.13041389
2025-12-03 14:39:00+09:00,132346991.13041389
2025-12-03 14:40:00+09:00,132346991.13041389
2025-12-03 14:41:00+09:00,132346991.13041389
2025-12-03 14:42:00+09:00,132346991.13041389
2025-12-03 14:43:00+09:00,132346991.13041389
2025-12-03 14:44:00+09:00,132346991.13041389
2025-12-03 14:45:00+09:00,132346991.13041389
2025-12-03 14:46:00+09:00,132346991.13041389
2025-12-03 14:47:00+09:00,132346991.13041389
2025-12-03 14:48:00+09:00,132346991.13041389
2025-12-03 14:49:00+09:00,132346991.13041389
2025-12-03 14:50:00+09:00,132346991.13041389
2025-12-03 14:51:00+09:00,132346991.13041389
2025-12-03 14:52:00+09:00,132346991.13041389
2025-12-03 14:53:00+09:00,132346991.13041389
2025-12-03 14:54:00+09:00,132346991.13041389
2025-12-03 14:55:00+09:00,132346991.13041389
2025-12-03 14:56:00+09:00,132346991.13041389
2025-12-03 14:57:00+09:00,132346991.13041389
2025-12-03 14:58:00+09:00,132346991.13041389
2025-12-03 14:59:00+09:00,132346991.13041389
2025-12-03 15:00:00+09:00,132346991.13041389
2025-12-03 15:01:00+09:00,132346991.13041389
2025-12-03 15:02:00+09:00,132346991.13041389
2025-12-03 15:03:00+09:00,132346991.13041389
2025-12-03 15:04:00+09:00,132346991.13041389
2025-12-03 15:05:00+09:00,132346991.13041389
2025-12-03 15:06:00+09:00,132346991.13041389
2025-12-03 15:07:00+09:00,132346991.13041389
2025-12-03 15:08:00+09:00,132346991.13041389
2025-12-03 15:09:00+09:00,132346991.13041389
2025-12-03 15:10:00+09:00,132346991.13041389
2025-12-03 15:11:00+09:00,132346991.13041389
2025-12-03 15:12:00+09:00,132346991.13041389
2025-12-03 15:13:00+09:00,132346991.13041389
2025-12-03 15:14:00+09:00,132346991.13041389
2025-12-03 15:15:00+09:00,132346991.13041389
2025-12-03 15:16:00+09:00,132346991.13041389
2025-12-03 15:17:00+09:00,132346991.13041389
2025-12-03 15:18:00+09:00,132346991.13041389
2025-12-03 15:19:00+09:00,132294052.33396173
2025-12-03 15:30:00+09:00,132535464.83822079
2025-12-03 15:35:00+09:00,132535464.83822079
2025-12-04 09:00:00+09:00,129397102.2828531
2025-12-04 09:01:00+09:00,127707214.75303972
2025-12-04 09:02:00+09:00,126640123.20171385
2025-12-04 09:03:00+09:00,126640123.20171385
2025-12-04 09:04:00+09:00,126640123.20171385
2025-12-04 09:05:00+09:00,126640123.20171385
2025-12-04 09:06:00+09:00,126640123.20171385
2025-12-04 09:07:00+09:00,126640123.20171385
2025-12-04 09:08:00+09:00,126640123.20171385
2025-12-04 09:09:00+09:00,126640123.20171385
2025-12-04 09:10:00+09:00,126640123.20171385
2025-12-04 09:11:00+09:00,126640123.20171385
2025-12-04 09:12:00+09:00,126640123.20171385
2025-12-04 09:13:00+09:00,126640123.20171385
2025-12-04 09:14:00+09:00,126640123.20171385
2025-12-04 09:15:00+09:00,126640123.20171385
2025-12-04 09:16:00+09:00,126640123.20171385
2025-12-04 09:17:00+09:00,126640123.20171385
2025-12-04 09:18:00+09:00,126640123.20171385
2025-12-04 09:19:00+09:00,126640123.20171385
2025-12-04 09:20:00+09:00,126640123.20171385
2025-12-04 09:21:00+09:00,126640123.20171385
2025-12-04 09:22:00+09:00,126640123.20171385
2025-12-04 09:23:00+09:00,126589467.15243317
2025-12-04 09:24:00+09:00,126125769.47055613
2025-12-04 09:25:00+09:00,127053164.8343102
2025-12-04 09:26:00+09:00,128212409.0390028
2025-12-04 09:27:00+09:00,129835350.92557247
2025-12-04 09:28:00+09:00,130994595.13026507
2025-12-04 09:29:00+09:00,130994595.13026507
2025-12-04 09:30:00+09:00,131690141.65308066
2025-12-04 09:31:00+09:00,130299048.60744953
2025-12-04 09:32:00+09:00,131690141.65308067
2025-12-04 09:33:00+09:00,131690141.65308067
2025-12-04 09:34:00+09:00,130994595.1302651
2025-12-04 09:35:00+09:00,130994595.1302651
2025-12-04 09:36:00+09:00,129835350.92557248
2025-12-04 09:37:00+09:00,128907955.5618184
2025-12-04 09:38:00+09:00,129139804.40275693
2025-12-04 09:39:00+09:00,128907955.5618184
2025-12-04 09:40:00+09:00,128212409.03900285
2025-12-04 09:41:00+09:00,129603502.08463399
2025-12-04 09:42:00+09:00,130067199.76651104
2025-12-04 09:43:00+09:00,131226443.97120367
2025-12-04 09:44:00+09:00,131921990.49401924
2025-12-04 09:45:00+09:00,131458292.8121422
2025-12-04 09:46:00+09:00,130762746.28932662
2025-12-04 09:47:00+09:00,131458292.81214218
2025-12-04 09:48:00+09:00,130530897.44838808
2025-12-04 09:49:00+09:00,130067199.76651104
2025-12-04 09:50:00+09:00,130530897.4483881
2025-12-04 09:51:00+09:00,131226443.97120366
2025-12-04 09:52:00+09:00,130762746.28932661
2025-12-04 09:53:00+09:00,130994595.13026513
2025-12-04 09:54:00+09:00,130530897.44838808
2025-12-04 09:55:00+09:00,130530897.44838808
2025-12-04 09:56:00+09:00,130530897.44838808
2025-12-04 09:57:00+09:00,130067199.76651104
2025-12-04 09:58:00+09:00,129603502.08463399
2025-12-04 09:59:00+09:00,130299048.60744955
2025-12-04 10:00:00+09:00,130762746.28932661
2025-12-04 10:01:00+09:00,130067199.76651104
2025-12-04 10:02:00+09:00,130530897.4483881
2025-12-04 10:03:00+09:00,130994595.13026513
2025-12-04 10:04:00+09:00,130530897.44838808
2025-12-04 10:05:00+09:00,130299048.60744956
2025-12-04 10:06:00+09:00,130067199.76651104
2025-12-04 10:07:00+09:00,130067199.76651104
2025-12-04 10:08:00+09:00,129603502.08463399
2025-12-04 10:09:00+09:00,129835350.9255725
2025-12-04 10:10:00+09:00,129835350.9255725
2025-12-04 10:11:00+09:00,128907955.56181842
2025-12-04 10:12:00+09:00,128907955.56181842
2025-12-04 10:13:00+09:00,128791126.93086949
2025-12-04 10:14:00+09:00,128791126.93086949
2025-12-04 10:15:00+09:00,128791126.93086949
2025-12-04 10:16:00+09:00,128791126.93086949
2025-12-04 10:17:00+09:00,128791126.93086949
2025-12-04 10:18:00+09:00,128791126.93086949
2025-12-04 10:19:00+09:00,128791126.93086949
2025-12-04 10:20:00+09:00,128791126.93086949
2025-12-04 10:21:00+09:00,128791126.93086949
2025-12-04 10:22:00+09:00,128791126.93086949
2025-12-04 10:23:00+09:00,128791126.93086949
2025-12-04 10:24:00+09:00,128791126.93086949
2025-12-04 10:25:00+09:00,128791126.93086949
2025-12-04 10:26:00+09:00,128791126.93086949
2025-12-04 10:27:00+09:00,128791126.93086949
2025-12-04 10:28:00+09:00,128791126.93086949
2025-12-04 10:29:00+09:00,128791126.93086949
2025-12-04 10:30:00+09:00,128791126.93086949
2025-12-04 10:31:00+09:00,128791126.93086949
2025-12-04 10:32:00+09:00,128791126.93086949
2025-12-04 10:33:00+09:00,128791126.93086949
2025-12-04 10:34:00+09:00,128791126.93086949
2025-12-04 10:35:00+09:00,128791126.93086949
2025-12-04 10:36:00+09:00,128791126.93086949
2025-12-04 10:37:00+09:00,128791126.93086949
2025-12-04 10:38:00+09:00,128791126.93086949
2025-12-04 10:39:00+09:00,128791126.93086949
2025-12-04 10:40:00+09:00,128791126.93086949
2025-12-04 10:41:00+09:00,128791126.93086949
2025-12-04 10:42:00+09:00,128791126.93086949
2025-12-04 10:43:00+09:00,128791126.93086949
2025-12-04 10:44:00+09:00,128791126.93086949
2025-12-04 10:45:00+09:00,128791126.93086949
2025-12-04 10:46:00+09:00,128791126.93086949
2025-12-04 10:47:00+09:00,128791126.93086949
2025-12-04 10:48:00+09:00,128791126.93086949
2025-12-04 10:49:00+09:00,128791126.93086949
2025-12-04 10:50:00+09:00,128791126.93086949
2025-12-04 10:51:00+09:00,128791126.93086949
2025-12-04 10:52:00+09:00,128791126.93086949
2025-12-04 10:53:00+09:00,128791126.93086949
2025-12-04 10:54:00+09:00,128791126.93086949
2025-12-04 10:55:00+09:00,128791126.93086949
2025-12-04 10:56:00+09:00,128791126.93086949
2025-12-04 10:57:00+09:00,128791126.93086949
2025-12-04 10:58:00+09:00,128791126.93086949
2025-12-04 10:59:00+09:00,128791126.93086949
2025-12-04 11:00:00+09:00,128791126.93086949
2025-12-04 11:01:00+09:00,128791126.93086949
2025-12-04 11:02:00+09:00,128791126.93086949
2025-12-04 11:03:00+09:00,128791126.93086949
2025-12-04 11:04:00+09:00,128791126.93086949
2025-12-04 11:05:00+09:00,128791126.93086949
2025-12-04 11:06:00+09:00,128791126.93086949
2025-12-04 11:07:00+09:00,128791126.93086949
2025-12-04 11:08:00+09:00,128791126.93086949
2025-12-04 11:09:00+09:00,128791126.93086949
2025-12-04 11:10:00+09:00,128791126.93086949
2025-12-04 11:11:00+09:00,128791126.93086949
2025-12-04 11:12:00+09:00,128791126.93086949
2025-12-04 11:13:00+09:00,128791126.93086949
2025-12-04 11:14:00+09:00,128791126.93086949
2025-12-04 11:15:00+09:00,128791126.93086949
2025-12-04 11:16:00+09:00,128791126.93086949
2025-12-04 11:17:00+09:00,128791126.93086949
2025-12-04 11:18:00+09:00,128791126.93086949
2025-12-04 11:19:00+09:00,128791126.93086949
2025-12-04 11:20:00+09:00,128791126.93086949
2025-12-04 11:21:00+09:00,128791126.93086949
2025-12-04 11:22:00+09:00,128791126.93086949
2025-12-04 11:23:00+09:00,128791126.93086949
2025-12-04 11:24:00+09:00,128791126.93086949
2025-12-04 11:25:00+09:00,128791126.93086949
2025-12-04 11:26:00+09:00,128791126.93086949
2025-12-04 11:27:00+09:00,128791126.93086949
2025-12-04 11:28:00+09:00,128791126.93086949
2025-12-04 11:29:00+09:00,128791126.93086949
2025-12-04 11:30:00+09:00,128791126.93086949
2025-12-04 11:31:00+09:00,128791126.93086949
2025-12-04 11:32:00+09:00,128791126.93086949
2025-12-04 11:33:00+09:00,128791126.93086949
2025-12-04 11:34:00+09:00,128791126.93086949
2025-12-04 11:35:00+09:00,128791126.93086949
2025-12-04 11:36:00+09:00,128791126.93086949
2025-12-04 11:37:00+09:00,128791126.93086949
2025-12-04 11:38:00+09:00,128791126.93086949
2025-12-04 11:39:00+09:00,128791126.93086949
2025-12-04 11:40:00+09:00,128791126.93086949
2025-12-04 11:41:00+09:00,128791126.93086949
2025-12-04 11:42:00+09:00,128791126.93086949
2025-12-04 11:43:00+09:00,128791126.93086949
2025-12-04 11:44:00+09:00,128791126.93086949
2025-12-04 11:45:00+09:00,128791126.93086949
2025-12-04 11:46:00+09:00,128791126.93086949
2025-12-04 11:47:00+09:00,128791126.93086949
2025-12-04 11:48:00+09:00,128791126.93086949
2025-12-04 11:49:00+09:00,128791126.93086949
2025-12-04 11:50:00+09:00,128791126.93086949
2025-12-04 11:51:00+09:00,128791126.93086949
2025-12-04 11:52:00+09:00,128791126.93086949
2025-12-04 11:53:00+09:00,128791126.93086949
2025-12-04 11:54:00+09:00,128791126.93086949
2025-12-04 11:55:00+09:00,128791126.93086949
2025-12-04 11:56:00+09:00,128791126.93086949
2025-12-04 11:57:00+09:00,128791126.93086949
2025-12-04 11:58:00+09:00,128791126.93086949
2025-12-04 11:59:00+09:00,128791126.93086949
2025-12-04 12:00:00+09:00,128791126.93086949
2025-12-04 12:01:00+09:00,128791126.93086949
2025-12-04 12:02:00+09:00,128791126.93086949
2025-12-04 12:03:00+09:00,128791126.93086949
2025-12-04 12:04:00+09:00,128739610.48009714
2025-12-04 12:05:00+09:00,128272316.06819117
2025-12-04 12:06:00+09:00,128038668.86223818
2025-12-04 12:07:00+09:00,128038668.86223818
2025-12-04 12:08:00+09:00,128038668.86223818
2025-12-04 12:09:00+09:00,128272316.06819119
2025-12-04 12:10:00+09:00,128038668.8622382
2025-12-04 12:11:00+09:00,128038668.8622382
2025-12-04 12:12:00+09:00,128505963.27414417
2025-12-04 12:13:00+09:00,128739610.48009714
2025-12-04 12:14:00+09:00,128038668.86223817
2025-12-04 12:15:00+09:00,128038668.86223817
2025-12-04 12:16:00+09:00,128272316.06819117
2025-12-04 12:17:00+09:00,128505963.27414416
2025-12-04 12:18:00+09:00,128505963.27414416
2025-12-04 12:19:00+09:00,128272316.06819117
2025-12-04 12:20:00+09:00,128038668.86223818
2025-12-04 12:21:00+09:00,128272316.06819119
2025-12-04 12:22:00+09:00,127571374.45033221
2025-12-04 12:23:00+09:00,127805021.6562852
2025-12-04 12:24:00+09:00,127805021.6562852
2025-12-04 12:25:00+09:00,127571374.45033221
2025-12-04 12:26:00+09:00,127571374.45033221
2025-12-04 12:27:00+09:00,127571374.45033221
2025-12-04 12:28:00+09:00,127805021.6562852
2025-12-04 12:29:00+09:00,127571374.45033221
2025-12-04 12:30:00+09:00,127454550.84735571
2025-12-04 12:31:00+09:00,127337727.24437921
2025-12-04 12:32:00+09:00,127805021.65628517
2025-12-04 12:33:00+09:00,127692964.45631011
2025-12-04 12:34:00+09:00,127692964.45631011
2025-12-04 12:35:00+09:00,127692964.45631011
2025-12-04 12:36:00+09:00,127692964.45631011
2025-12-04 12:37:00+09:00,127692964.45631011
2025-12-04 12:38:00+09:00,127692964.45631011
2025-12-04 12:39:00+09:00,127692964.45631011
2025-12-04 12:40:00+09:00,127692964.45631011
2025-12-04 12:41:00+09:00,127692964.45631011
2025-12-04 12:42:00+09:00,127692964.45631011
2025-12-04 12:43:00+09:00,127692964.45631011
2025-12-04 12:44:00+09:00,127641887.27052759
2025-12-04 12:45:00+09:00,127409388.3866104
2025-12-04 12:46:00+09:00,127641887.27052759
2025-12-04 12:47:00+09:00,127874386.15444475
2025-12-04 12:48:00+09:00,127641887.27052759
2025-12-04 12:49:00+09:00,127641887.27052759
2025-12-04 12:50:00+09:00,127874386.15444475
2025-12-04 12:51:00+09:00,127874386.15444475
2025-12-04 12:52:00+09:00,128106885.0383619
2025-12-04 12:53:00+09:00,127874386.15444474
2025-12-04 12:54:00+09:00,127874386.15444474
2025-12-04 12:55:00+09:00,127874386.15444474
2025-12-04 12:56:00+09:00,128106885.03836189
2025-12-04 12:57:00+09:00,128106885.03836189
2025-12-04 12:58:00+09:00,128106885.03836189
2025-12-04 12:59:00+09:00,128106885.03836189
2025-12-04 13:00:00+09:00,128571882.80619624
2025-12-04 13:01:00+09:00,128106885.0383619
2025-12-04 13:02:00+09:00,127874386.15444474
2025-12-04 13:03:00+09:00,128106885.03836189
2025-12-04 13:04:00+09:00,127874386.15444472
2025-12-04 13:05:00+09:00,128106885.03836188
2025-12-04 13:06:00+09:00,128339383.92227903
2025-12-04 13:07:00+09:00,128106885.03836186
2025-12-04 13:08:00+09:00,128106885.03836186
2025-12-04 13:09:00+09:00,128106885.03836186
2025-12-04 13:10:00+09:00,127641887.27052751
2025-12-04 13:11:00+09:00,127409388.38661033
2025-12-04 13:12:00+09:00,127297254.17489709
2025-12-04 13:13:00+09:00,127297254.17489709
2025-12-04 13:14:00+09:00,127297254.17489709
2025-12-04 13:15:00+09:00,127297254.17489709
2025-12-04 13:16:00+09:00,127297254.17489709
2025-12-04 13:17:00+09:00,127297254.17489709
2025-12-04 13:18:00+09:00,127297254.17489709
2025-12-04 13:19:00+09:00,127297254.17489709
2025-12-04 13:20:00+09:00,127297254.17489709
2025-12-04 13:21:00+09:00,127297254.17489709
2025-12-04 13:22:00+09:00,127297254.17489709
2025-12-04 13:23:00+09:00,127246335.27322714
2025-12-04 13:24:00+09:00,127015398.18561693
2025-12-04 13:25:00+09:00,126784461.09800671
2025-12-04 13:26:00+09:00,127246335.27322714
2025-12-04 13:27:00+09:00,127593710.84041041
2025-12-04 13:28:00+09:00,127593710.84041041
2025-12-04 13:29:00+09:00,127593710.84041041
2025-12-04 13:30:00+09:00,127593710.84041041
2025-12-04 13:31:00+09:00,127593710.84041041
2025-12-04 13:32:00+09:00,127593710.84041041
2025-12-04 13:33:00+09:00,127593710.84041041
2025-12-04 13:34:00+09:00,127593710.84041041
2025-12-04 13:35:00+09:00,127593710.84041041
2025-12-04 13:36:00+09:00,127593710.84041041
2025-12-04 13:37:00+09:00,127593710.84041041
2025-12-04 13:38:00+09:00,127542673.35607426
2025-12-04 13:39:00+09:00,127319696.65440279
2025-12-04 13:40:00+09:00,127542673.35607426
2025-12-04 13:41:00+09:00,127319696.65440279
2025-12-04 13:42:00+09:00,126873743.25105987
2025-12-04 13:43:00+09:00,126650766.54938842
2025-12-04 13:44:00+09:00,126873743.25105989
2025-12-04 13:45:00+09:00,128434580.16276011
2025-12-04 13:46:00+09:00,127988626.75941719
2025-12-04 13:47:00+09:00,127319696.65440282
2025-12-04 13:48:00+09:00,127542673.35607429
2025-12-04 13:49:00+09:00,126873743.25105992
2025-12-04 13:50:00+09:00,126204813.14604555
2025-12-04 13:51:00+09:00,126650766.54938847
2025-12-04 13:52:00+09:00,126650766.54938847
2025-12-04 13:53:00+09:00,127096719.9527314
2025-12-04 13:54:00+09:00,127096719.9527314
2025-12-04 13:55:00+09:00,126873743.25105993
2025-12-04 13:56:00+09:00,127319696.65440285
2025-12-04 13:57:00+09:00,127542673.35607432
2025-12-04 13:58:00+09:00,126873743.25105995
2025-12-04 13:59:00+09:00,127096719.95273142
2025-12-04 14:00:00+09:00,127988626.75941725
2025-12-04 14:01:00+09:00,127988626.75941725
2025-12-04 14:02:00+09:00,127096719.95273142
2025-12-04 14:03:00+09:00,127096719.95273142
2025-12-04 14:04:00+09:00,126650766.5493885
2025-12-04 14:05:00+09:00,126873743.25105996
2025-12-04 14:06:00+09:00,126650766.54938851
2025-12-04 14:07:00+09:00,126873743.25105998
2025-12-04 14:08:00+09:00,126873743.25105998
2025-12-04 14:09:00+09:00,126873743.25105998
2025-12-04 14:10:00+09:00,127319696.6544029
2025-12-04 14:11:00+09:00,127096719.95273145
2025-12-04 14:12:00+09:00,127208208.30356716
2025-12-04 14:13:00+09:00,127319696.65440288
2025-12-04 14:14:00+09:00,126873743.25105996
2025-12-04 14:15:00+09:00,126873743.25105996
2025-12-04 14:16:00+09:00,126873743.25105996
2025-12-04 14:17:00+09:00,126873743.25105996
2025-12-04 14:18:00+09:00,126873743.25105996
2025-12-04 14:19:00+09:00,126427789.84771705
2025-12-04 14:20:00+09:00,126650766.5493885
2025-12-04 14:21:00+09:00,126873743.25105996
2025-12-04 14:22:00+09:00,126650766.54938851
2025-12-04 14:23:00+09:00,126427789.84771705
2025-12-04 14:24:00+09:00,126427789.84771705
2025-12-04 14:25:00+09:00,125864060.15055126
2025-12-04 14:26:00+09:00,125864060.15055126
2025-12-04 14:27:00+09:00,125864060.15055126
2025-12-04 14:28:00+09:00,125864060.15055126
2025-12-04 14:29:00+09:00,125864060.15055126
2025-12-04 14:30:00+09:00,125864060.15055126
2025-12-04 14:31:00+09:00,125864060.15055126
2025-12-04 14:32:00+09:00,125864060.15055126
2025-12-04 14:33:00+09:00,125864060.15055126
2025-12-04 14:34:00+09:00,125864060.15055126
2025-12-04 14:35:00+09:00,125864060.15055126
2025-12-04 14:36:00+09:00,125864060.15055126
2025-12-04 14:37:00+09:00,125864060.15055126
2025-12-04 14:38:00+09:00,125864060.15055126
2025-12-04 14:39:00+09:00,125864060.15055126
2025-12-04 14:40:00+09:00,125864060.15055126
2025-12-04 14:41:00+09:00,125864060.15055126
2025-12-04 14:42:00+09:00,125864060.15055126
2025-12-04 14:43:00+09:00,125864060.15055126
2025-12-04 14:44:00+09:00,125864060.15055126
2025-12-04 14:45:00+09:00,125864060.15055126
2025-12-04 14:46:00+09:00,125864060.15055126
2025-12-04 14:47:00+09:00,125864060.15055126
2025-12-04 14:48:00+09:00,125864060.15055126
2025-12-04 14:49:00+09:00,125864060.15055126
2025-12-04 14:50:00+09:00,125864060.15055126
2025-12-04 14:51:00+09:00,125864060.15055126
2025-12-04 14:52:00+09:00,125864060.15055126
2025-12-04 14:53:00+09:00,125864060.15055126
2025-12-04 14:54:00+09:00,125864060.15055126
2025-12-04 14:55:00+09:00,125864060.15055126
2025-12-04 14:56:00+09:00,125864060.15055126
2025-12-04 14:57:00+09:00,125864060.15055126
2025-12-04 14:58:00+09:00,125864060.15055126
2025-12-04 14:59:00+09:00,125864060.15055126
2025-12-04 15:00:00+09:00,125864060.15055126
2025-12-04 15:01:00+09:00,125864060.15055126
2025-12-04 15:02:00+09:00,125864060.15055126
2025-12-04 15:03:00+09:00,125864060.15055126
2025-12-04 15:04:00+09:00,125864060.15055126
2025-12-04 15:05:00+09:00,125864060.15055126
2025-12-04 15:06:00+09:00,125864060.15055126
2025-12-04 15:07:00+09:00,125864060.15055126
2025-12-04 15:08:00+09:00,125864060.15055126
2025-12-04 15:09:00+09:00,125864060.15055126
2025-12-04 15:10:00+09:00,125864060.15055126
2025-12-04 15:11:00+09:00,125864060.15055126
2025-12-04 15:12:00+09:00,125864060.15055126
2025-12-04 15:13:00+09:00,125864060.15055126
2025-12-04 15:14:00+09:00,125864060.15055126
2025-12-04 15:15:00+09:00,125864060.15055126
2025-12-04 15:16:00+09:00,125864060.15055126
2025-12-04 15:17:00+09:00,125864060.15055126
2025-12-04 15:18:00+09:00,125864060.15055126
2025-12-04 15:19:00+09:00,125864060.15055126
2025-12-04 15:30:00+09:00,125864060.15055126
2025-12-04 15:35:00+09:00,125864060.15055126
2025-12-05 09:00:00+09:00,125864060.15055126
2025-12-05 09:01:00+09:00,125864060.15055126
2025-12-05 09:02:00+09:00,125864060.15055126
2025-12-05 09:03:00+09:00,125864060.15055126
2025-12-05 09:04:00+09:00,125864060.15055126
2025-12-05 09:05:00+09:00,125864060.15055126
2025-12-05 09:06:00+09:00,125864060.15055126
2025-12-05 09:07:00+09:00,125864060.15055126
2025-12-05 09:08:00+09:00,125864060.15055126
2025-12-05 09:09:00+09:00,125813714.52649105
2025-12-05 09:10:00+09:00,125382106.58643448
2025-12-05 09:11:00+09:00,125597910.55646278
2025-12-05 09:12:00+09:00,126892734.3766325
2025-12-05 09:13:00+09:00,125813714.52649108
2025-12-05 09:14:00+09:00,125382106.58643451
2025-12-05 09:15:00+09:00,123439870.85617994
2025-12-05 09:16:00+09:00,122792458.94609508
2025-12-05 09:17:00+09:00,122576654.9760668
2025-12-05 09:18:00+09:00,120850223.2158405
2025-12-05 09:19:00+09:00,121281831.15589708
2025-12-05 09:20:00+09:00,121815255.40901299
2025-12-05 09:21:00+09:00,121815255.40901299
2025-12-05 09:22:00+09:00,121815255.40901299
2025-12-05 09:23:00+09:00,121815255.40901299
2025-12-05 09:24:00+09:00,121815255.40901299
2025-12-05 09:25:00+09:00,121815255.40901299
2025-12-05 09:26:00+09:00,121815255.40901299
2025-12-05 09:27:00+09:00,121815255.40901299
2025-12-05 09:28:00+09:00,121815255.40901299
2025-12-05 09:29:00+09:00,121815255.40901299
2025-12-05 09:30:00+09:00,121815255.40901299
2025-12-05 09:31:00+09:00,121815255.40901299
2025-12-05 09:32:00+09:00,121815255.40901299
2025-12-05 09:33:00+09:00,121815255.40901299
2025-12-05 09:34:00+09:00,121815255.40901299
2025-12-05 09:35:00+09:00,121815255.40901299
2025-12-05 09:36:00+09:00,121815255.40901299
2025-12-05 09:37:00+09:00,121815255.40901299
2025-12-05 09:38:00+09:00,121815255.40901299
2025-12-05 09:39:00+09:00,121815255.40901299
2025-12-05 09:40:00+09:00,121815255.40901299
2025-12-05 09:41:00+09:00,121815255.40901299
2025-12-05 09:42:00+09:00,121815255.40901299
2025-12-05 09:43:00+09:00,121815255.40901299
2025-12-05 09:44:00+09:00,121815255.40901299
2025-12-05 09:45:00+09:00,121815255.40901299
2025-12-05 09:46:00+09:00,121815255.40901299
2025-12-05 09:47:00+09:00,121815255.40901299
2025-12-05 09:48:00+09:00,121815255.40901299
2025-12-05 09:49:00+09:00,121815255.40901299
2025-12-05 09:50:00+09:00,121815255.40901299
2025-12-05 09:51:00+09:00,121815255.40901299
2025-12-05 09:52:00+09:00,121815255.40901299
2025-12-05 09:53:00+09:00,121815255.40901299
2025-12-05 09:54:00+09:00,121815255.40901299
2025-12-05 09:55:00+09:00,121815255.40901299
2025-12-05 09:56:00+09:00,121815255.40901299
2025-12-05 09:57:00+09:00,121815255.40901299
2025-12-05 09:58:00+09:00,121815255.40901299
2025-12-05 09:59:00+09:00,121815255.40901299
2025-12-05 10:00:00+09:00,121815255.40901299
2025-12-05 10:01:00+09:00,121815255.40901299
2025-12-05 10:02:00+09:00,121815255.40901299
2025-12-05 10:03:00+09:00,121815255.40901299
2025-12-05 10:04:00+09:00,121815255.40901299
2025-12-05 10:05:00+09:00,121815255.40901299
2025-12-05 10:06:00+09:00,121815255.40901299
2025-12-05 10:07:00+09:00,121815255.40901299
2025-12-05 10:08:00+09:00,121815255.40901299
2025-12-05 10:09:00+09:00,121815255.40901299
2025-12-05 10:10:00+09:00,121815255.40901299
2025-12-05 10:11:00+09:00,121815255.40901299
2025-12-05 10:12:00+09:00,121815255.40901299
2025-12-05 10:13:00+09:00,121815255.40901299
2025-12-05 10:14:00+09:00,121815255.40901299
2025-12-05 10:15:00+09:00,121815255.40901299
2025-12-05 10:16:00+09:00,121815255.40901299
2025-12-05 10:17:00+09:00,121815255.40901299
2025-12-05 10:18:00+09:00,121815255.40901299
2025-12-05 10:19:00+09:00,121815255.40901299
2025-12-05 10:20:00+09:00,121815255.40901299
2025-12-05 10:21:00+09:00,121815255.40901299
2025-12-05 10:22:00+09:00,121815255.40901299
2025-12-05 10:23:00+09:00,121815255.40901299
2025-12-05 10:24:00+09:00,121815255.40901299
2025-12-05 10:25:00+09:00,121815255.40901299
2025-12-05 10:26:00+09:00,121815255.40901299
2025-12-05 10:27:00+09:00,121815255.40901299
2025-12-05 10:28:00+09:00,121815255.40901299
2025-12-05 10:29:00+09:00,121815255.40901299
2025-12-05 10:30:00+09:00,121815255.40901299
2025-12-05 10:31:00+09:00,121815255.40901299
2025-12-05 10:32:00+09:00,121815255.40901299
2025-12-05 10:33:00+09:00,121815255.40901299
2025-12-05 10:34:00+09:00,121815255.40901299
2025-12-05 10:35:00+09:00,121815255.40901299
2025-12-05 10:36:00+09:00,121815255.40901299
2025-12-05 10:37:00+09:00,121815255.40901299
2025-12-05 10:38:00+09:00,121815255.40901299
2025-12-05 10:39:00+09:00,121815255.40901299
2025-12-05 10:40:00+09:00,121815255.40901299
2025-12-05 10:41:00+09:00,121815255.40901299
2025-12-05 10:42:00+09:00,121815255.40901299
2025-12-05 10:43:00+09:00,121815255.40901299
2025-12-05 10:44:00+09:00,121815255.40901299
2025-12-05 10:45:00+09:00,121815255.40901299
2025-12-05 10:46:00+09:00,121815255.40901299
2025-12-05 10:47:00+09:00,121815255.40901299
2025-12-05 10:48:00+09:00,121815255.40901299
2025-12-05 10:49:00+09:00,121815255.40901299
2025-12-05 10:50:00+09:00,121815255.40901299
2025-12-05 10:51:00+09:00,121815255.40901299
2025-12-05 10:52:00+09:00,121815255.40901299
2025-12-05 10:53:00+09:00,121815255.40901299
2025-12-05 10:54:00+09:00,121815255.40901299
2025-12-05 10:55:00+09:00,121815255.40901299
2025-12-05 10:56:00+09:00,121815255.40901299
2025-12-05 10:57:00+09:00,121815255.40901299
2025-12-05 10:58:00+09:00,121815255.40901299
2025-12-05 10:59:00+09:00,121815255.40901299
2025-12-05 11:00:00+09:00,121815255.40901299
2025-12-05 11:01:00+09:00,121815255.40901299
2025-12-05 11:02:00+09:00,121815255.40901299
2025-12-05 11:03:00+09:00,121815255.40901299
2025-12-05 11:04:00+09:00,121815255.40901299
2025-12-05 11:05:00+09:00,121815255.40901299
2025-12-05 11:06:00+09:00,121815255.40901299
2025-12-05 11:07:00+09:00,121815255.40901299
2025-12-05 11:08:00+09:00,121815255.40901299
2025-12-05 11:09:00+09:00,121815255.40901299
2025-12-05 11:10:00+09:00,121815255.40901299
2025-12-05 11:11:00+09:00,121815255.40901299
2025-12-05 11:12:00+09:00,121815255.40901299
2025-12-05 11:13:00+09:00,121815255.40901299
2025-12-05 11:14:00+09:00,121815255.40901299
2025-12-05 11:15:00+09:00,121815255.40901299
2025-12-05 11:16:00+09:00,121815255.40901299
2025-12-05 11:17:00+09:00,121815255.40901299
2025-12-05 11:18:00+09:00,121815255.40901299
2025-12-05 11:19:00+09:00,121815255.40901299
2025-12-05 11:20:00+09:00,121815255.40901299
2025-12-05 11:21:00+09:00,121815255.40901299
2025-12-05 11:22:00+09:00,121815255.40901299
2025-12-05 11:23:00+09:00,121815255.40901299
2025-12-05 11:24:00+09:00,121815255.40901299
2025-12-05 11:25:00+09:00,121815255.40901299
2025-12-05 11:26:00+09:00,121815255.40901299
2025-12-05 11:27:00+09:00,121815255.40901299
2025-12-05 11:28:00+09:00,121815255.40901299
2025-12-05 11:29:00+09:00,121815255.40901299
2025-12-05 11:30:00+09:00,121766529.30684939
2025-12-05 11:31:00+09:00,121549476.66993877
2025-12-05 11:32:00+09:00,121549476.66993877
2025-12-05 11:33:00+09:00,121332424.03302817
2025-12-05 11:34:00+09:00,121332424.03302817
2025-12-05 11:35:00+09:00,121115371.39611757
2025-12-05 11:36:00+09:00,121332424.03302819
2025-12-05 11:37:00+09:00,121332424.03302819
2025-12-05 11:38:00+09:00,121332424.03302819
2025-12-05 11:39:00+09:00,120681266.12229636
2025-12-05 11:40:00+09:00,120898318.75920697
2025-12-05 11:41:00+09:00,120571893.2985571
2025-12-05 11:42:00+09:00,120571893.2985571
2025-12-05 11:43:00+09:00,120571893.2985571
2025-12-05 11:44:00+09:00,120571893.2985571
2025-12-05 11:45:00+09:00,120571893.2985571
2025-12-05 11:46:00+09:00,120571893.2985571
2025-12-05 11:47:00+09:00,120571893.2985571
2025-12-05 11:48:00+09:00,120571893.2985571
2025-12-05 11:49:00+09:00,120571893.2985571
2025-12-05 11:50:00+09:00,120571893.2985571
2025-12-05 11:51:00+09:00,120571893.2985571
2025-12-05 11:52:00+09:00,120571893.2985571
2025-12-05 11:53:00+09:00,120571893.2985571
2025-12-05 11:54:00+09:00,120571893.2985571
2025-12-05 11:55:00+09:00,120571893.2985571
2025-12-05 11:56:00+09:00,120571893.2985571
2025-12-05 11:57:00+09:00,120571893.2985571
2025-12-05 11:58:00+09:00,120571893.2985571
2025-12-05 11:59:00+09:00,120571893.2985571
2025-12-05 12:00:00+09:00,120571893.2985571
2025-12-05 12:01:00+09:00,120571893.2985571
2025-12-05 12:02:00+09:00,120571893.2985571
2025-12-05 12:03:00+09:00,120571893.2985571
2025-12-05 12:04:00+09:00,120571893.2985571
2025-12-05 12:05:00+09:00,120571893.2985571
2025-12-05 12:06:00+09:00,120571893.2985571
2025-12-05 12:07:00+09:00,120571893.2985571
2025-12-05 12:08:00+09:00,120571893.2985571
2025-12-05 12:09:00+09:00,120571893.2985571
2025-12-05 12:10:00+09:00,120571893.2985571
2025-12-05 12:11:00+09:00,120571893.2985571
2025-12-05 12:12:00+09:00,120571893.2985571
2025-12-05 12:13:00+09:00,120571893.2985571
2025-12-05 12:14:00+09:00,120571893.2985571
2025-12-05 12:15:00+09:00,120571893.2985571
2025-12-05 12:16:00+09:00,120571893.2985571
2025-12-05 12:17:00+09:00,120571893.2985571
2025-12-05 12:18:00+09:00,120571893.2985571
2025-12-05 12:19:00+09:00,120571893.2985571
2025-12-05 12:20:00+09:00,120571893.2985571
2025-12-05 12:21:00+09:00,120571893.2985571
2025-12-05 12:22:00+09:00,120571893.2985571
2025-12-05 12:23:00+09:00,120571893.2985571
2025-12-05 12:24:00+09:00,120571893.2985571
2025-12-05 12:25:00+09:00,120571893.2985571
2025-12-05 12:26:00+09:00,120571893.2985571
2025-12-05 12:27:00+09:00,120571893.2985571
2025-12-05 12:28:00+09:00,120571893.2985571
2025-12-05 12:29:00+09:00,120571893.2985571
2025-12-05 12:30:00+09:00,120571893.2985571
2025-12-05 12:31:00+09:00,120571893.2985571
2025-12-05 12:32:00+09:00,120571893.2985571
2025-12-05 12:33:00+09:00,120571893.2985571
2025-12-05 12:34:00+09:00,120571893.2985571
2025-12-05 12:35:00+09:00,120571893.2985571
2025-12-05 12:36:00+09:00,120571893.2985571
2025-12-05 12:37:00+09:00,120571893.2985571
2025-12-05 12:38:00+09:00,120571893.2985571
2025-12-05 12:39:00+09:00,120571893.2985571
2025-12-05 12:40:00+09:00,120571893.2985571
2025-12-05 12:41:00+09:00,120571893.2985571
2025-12-05 12:42:00+09:00,120571893.2985571
2025-12-05 12:43:00+09:00,120571893.2985571
2025-12-05 12:44:00+09:00,120571893.2985571
2025-12-05 12:45:00+09:00,120571893.2985571
2025-12-05 12:46:00+09:00,120571893.2985571
2025-12-05 12:47:00+09:00,120571893.2985571
2025-12-05 12:48:00+09:00,120571893.2985571
2025-12-05 12:49:00+09:00,120571893.2985571
2025-12-05 12:50:00+09:00,120571893.2985571
2025-12-05 12:51:00+09:00,120571893.2985571
2025-12-05 12:52:00+09:00,120571893.2985571
2025-12-05 12:53:00+09:00,120571893.2985571
2025-12-05 12:54:00+09:00,120523664.54123768
2025-12-05 12:55:00+09:00,120523664.54123768
2025-12-05 12:56:00+09:00,120523664.54123768
2025-12-05 12:57:00+09:00,120308443.71169975
2025-12-05 12:58:00+09:00,120523664.54123767
2025-12-05 12:59:00+09:00,120523664.54123767
2025-12-05 13:00:00+09:00,120523664.54123767
2025-12-05 13:01:00+09:00,120523664.54123767
2025-12-05 13:02:00+09:00,120523664.54123767
2025-12-05 13:03:00+09:00,120738885.3707756
2025-12-05 13:04:00+09:00,120738885.3707756
2025-12-05 13:05:00+09:00,120738885.3707756
2025-12-05 13:06:00+09:00,120954106.20031351
2025-12-05 13:07:00+09:00,121169327.02985144
2025-12-05 13:08:00+09:00,120954106.20031352
2025-12-05 13:09:00+09:00,120738885.3707756
2025-12-05 13:10:00+09:00,120523664.54123767
2025-12-05 13:11:00+09:00,120738885.3707756
2025-12-05 13:12:00+09:00,120523664.54123767
2025-12-05 13:13:00+09:00,120523664.54123767
2025-12-05 13:14:00+09:00,120308443.71169974
2025-12-05 13:15:00+09:00,120093222.88216181
2025-12-05 13:16:00+09:00,120093222.88216181
2025-12-05 13:17:00+09:00,119983610.91367814
2025-12-05 13:18:00+09:00,119983610.91367814
2025-12-05 13:19:00+09:00,119983610.91367814
2025-12-05 13:20:00+09:00,119983610.91367814
2025-12-05 13:21:00+09:00,119983610.91367814
2025-12-05 13:22:00+09:00,119983610.91367814
2025-12-05 13:23:00+09:00,119983610.91367814
2025-12-05 13:24:00+09:00,119983610.91367814
2025-12-05 13:25:00+09:00,119983610.91367814
2025-12-05 13:26:00+09:00,119983610.91367814
2025-12-05 13:27:00+09:00,119983610.91367814
2025-12-05 13:28:00+09:00,119983610.91367814
2025-12-05 13:29:00+09:00,119983610.91367814
2025-12-05 13:30:00+09:00,119983610.91367814
2025-12-05 13:31:00+09:00,119983610.91367814
2025-12-05 13:32:00+09:00,119983610.91367814
2025-12-05 13:33:00+09:00,119983610.91367814
2025-12-05 13:34:00+09:00,119983610.91367814
2025-12-05 13:35:00+09:00,119983610.91367814
2025-12-05 13:36:00+09:00,119983610.91367814
2025-12-05 13:37:00+09:00,119983610.91367814
2025-12-05 13:38:00+09:00,119983610.91367814
2025-12-05 13:39:00+09:00,119983610.91367814
2025-12-05 13:40:00+09:00,119983610.91367814
2025-12-05 13:41:00+09:00,119983610.91367814
2025-12-05 13:42:00+09:00,119983610.91367814
2025-12-05 13:43:00+09:00,119983610.91367814
2025-12-05 13:44:00+09:00,119983610.91367814
2025-12-05 13:45:00+09:00,119983610.91367814
2025-12-05 13:46:00+09:00,119983610.91367814
2025-12-05 13:47:00+09:00,119983610.91367814
2025-12-05 13:48:00+09:00,119983610.91367814
2025-12-05 13:49:00+09:00,119983610.91367814
2025-12-05 13:50:00+09:00,119983610.91367814
2025-12-05 13:51:00+09:00,119983610.91367814
2025-12-05 13:52:00+09:00,119983610.91367814
2025-12-05 13:53:00+09:00,119983610.91367814
2025-12-05 13:54:00+09:00,119983610.91367814
2025-12-05 13:55:00+09:00,119983610.91367814
2025-12-05 13:56:00+09:00,119983610.91367814
2025-12-05 13:57:00+09:00,119983610.91367814
2025-12-05 13:58:00+09:00,119983610.91367814
2025-12-05 13:59:00+09:00,119983610.91367814
2025-12-05 14:00:00+09:00,119983610.91367814
2025-12-05 14:01:00+09:00,119983610.91367814
2025-12-05 14:02:00+09:00,119983610.91367814
2025-12-05 14:03:00+09:00,119983610.91367814
2025-12-05 14:04:00+09:00,119983610.91367814
2025-12-05 14:05:00+09:00,119983610.91367814
2025-12-05 14:06:00+09:00,119983610.91367814
2025-12-05 14:07:00+09:00,119983610.91367814
2025-12-05 14:08:00+09:00,119983610.91367814
2025-12-05 14:09:00+09:00,119983610.91367814
2025-12-05 14:10:00+09:00,119983610.91367814
2025-12-05 14:11:00+09:00,119983610.91367814
2025-12-05 14:12:00+09:00,119983610.91367814
2025-12-05 14:13:00+09:00,119983610.91367814
2025-12-05 14:14:00+09:00,119983610.91367814
2025-12-05 14:15:00+09:00,119983610.91367814
2025-12-05 14:16:00+09:00,119983610.91367814
2025-12-05 14:17:00+09:00,119983610.91367814
2025-12-05 14:18:00+09:00,119983610.91367814
2025-12-05 14:19:00+09:00,119983610.91367814
2025-12-05 14:20:00+09:00,119983610.91367814
2025-12-05 14:21:00+09:00,119983610.91367814
2025-12-05 14:22:00+09:00,119983610.91367814
2025-12-05 14:23:00+09:00,119983610.91367814
2025-12-05 14:24:00+09:00,119983610.91367814
2025-12-05 14:25:00+09:00,119983610.91367814
2025-12-05 14:26:00+09:00,119983610.91367814
2025-12-05 14:27:00+09:00,119983610.91367814
2025-12-05 14:28:00+09:00,119983610.91367814
2025-12-05 14:29:00+09:00,119983610.91367814
2025-12-05 14:30:00+09:00,119983610.91367814
2025-12-05 14:31:00+09:00,119983610.91367814
2025-12-05 14:32:00+09:00,119983610.91367814
2025-12-05 14:33:00+09:00,119983610.91367814
2025-12-05 14:34:00+09:00,119983610.91367814
2025-12-05 14:35:00+09:00,119983610.91367814
2025-12-05 14:36:00+09:00,119983610.91367814
2025-12-05 14:37:00+09:00,119983610.91367814
2025-12-05 14:38:00+09:00,119983610.91367814
2025-12-05 14:39:00+09:00,119983610.91367814
2025-12-05 14:40:00+09:00,119983610.91367814
2025-12-05 14:41:00+09:00,119983610.91367814
2025-12-05 14:42:00+09:00,119983610.91367814
2025-12-05 14:43:00+09:00,119983610.91367814
2025-12-05 14:44:00+09:00,119983610.91367814
2025-12-05 14:45:00+09:00,119983610.91367814
2025-12-05 14:46:00+09:00,119983610.91367814
2025-12-05 14:47:00+09:00,119983610.91367814
2025-12-05 14:48:00+09:00,119983610.91367814
2025-12-05 14:49:00+09:00,119983610.91367814
2025-12-05 14:50:00+09:00,119983610.91367814
2025-12-05 14:51:00+09:00,119983610.91367814
2025-12-05 14:52:00+09:00,119983610.91367814
2025-12-05 14:53:00+09:00,119983610.91367814
2025-12-05 14:54:00+09:00,119983610.91367814
2025-12-05 14:55:00+09:00,119983610.91367814
2025-12-05 14:56:00+09:00,119983610.91367814
2025-12-05 14:57:00+09:00,119983610.91367814
2025-12-05 14:58:00+09:00,119983610.91367814
2025-12-05 14:59:00+09:00,119983610.91367814
2025-12-05 15:00:00+09:00,119983610.91367814
2025-12-05 15:01:00+09:00,119983610.91367814
2025-12-05 15:02:00+09:00,119983610.91367814
2025-12-05 15:03:00+09:00,119983610.91367814
2025-12-05 15:04:00+09:00,119983610.91367814
2025-12-05 15:05:00+09:00,119983610.91367814
2025-12-05 15:06:00+09:00,119983610.91367814
2025-12-05 15:07:00+09:00,119983610.91367814
2025-12-05 15:08:00+09:00,119983610.91367814
2025-12-05 15:09:00+09:00,119983610.91367814
2025-12-05 15:10:00+09:00,119983610.91367814
2025-12-05 15:11:00+09:00,119983610.91367814
2025-12-05 15:12:00+09:00,119983610.91367814
2025-12-05 15:13:00+09:00,119983610.91367814
2025-12-05 15:14:00+09:00,119983610.91367814
2025-12-05 15:15:00+09:00,119983610.91367814
2025-12-05 15:16:00+09:00,119983610.91367814
2025-12-05 15:17:00+09:00,119983610.91367814
2025-12-05 15:18:00+09:00,119983610.91367814
2025-12-05 15:19:00+09:00,119983610.91367814
2025-12-05 15:30:00+09:00,119983610.91367814
2025-12-05 15:35:00+09:00,119983610.91367814
2025-12-08 09:00:00+09:00,119983610.91367814
2025-12-08 09:01:00+09:00,119983610.91367814
2025-12-08 09:02:00+09:00,119983610.91367814
2025-12-08 09:03:00+09:00,119983610.91367814
2025-12-08 09:04:00+09:00,119983610.91367814
2025-12-08 09:05:00+09:00,119983610.91367814
2025-12-08 09:06:00+09:00,119983610.91367814
2025-12-08 09:07:00+09:00,119983610.91367814
2025-12-08 09:08:00+09:00,119983610.91367814
2025-12-08 09:09:00+09:00,119983610.91367814
2025-12-08 09:10:00+09:00,119983610.91367814
2025-12-08 09:11:00+09:00,119983610.91367814
2025-12-08 09:12:00+09:00,119983610.91367814
2025-12-08 09:13:00+09:00,119983610.91367814
2025-12-08 09:14:00+09:00,119983610.91367814
2025-12-08 09:15:00+09:00,119983610.91367814
2025-12-08 09:16:00+09:00,119983610.91367814
2025-12-08 09:17:00+09:00,119983610.91367814
2025-12-08 09:18:00+09:00,119983610.91367814
2025-12-08 09:19:00+09:00,119983610.91367814
2025-12-08 09:20:00+09:00,119983610.91367814
2025-12-08 09:21:00+09:00,119983610.91367814
2025-12-08 09:22:00+09:00,119983610.91367814
2025-12-08 09:23:00+09:00,119983610.91367814
2025-12-08 09:24:00+09:00,119983610.91367814
2025-12-08 09:25:00+09:00,119983610.91367814
2025-12-08 09:26:00+09:00,119983610.91367814
2025-12-08 09:27:00+09:00,119983610.91367814
2025-12-08 09:28:00+09:00,119983610.91367814
2025-12-08 09:29:00+09:00,119935617.46931267
2025-12-08 09:30:00+09:00,119254165.09732793
2025-12-08 09:31:00+09:00,119481315.8879895
2025-12-08 09:32:00+09:00,119027014.30666634
2025-12-08 09:33:00+09:00,119027014.30666634
2025-12-08 09:34:00+09:00,118705641.36803834
2025-12-08 09:35:00+09:00,118705641.36803834
2025-12-08 09:36:00+09:00,118705641.36803834
2025-12-08 09:37:00+09:00,118705641.36803834
2025-12-08 09:38:00+09:00,118705641.36803834
2025-12-08 09:39:00+09:00,118705641.36803834
2025-12-08 09:40:00+09:00,118705641.36803834
2025-12-08 09:41:00+09:00,118705641.36803834
2025-12-08 09:42:00+09:00,118705641.36803834
2025-12-08 09:43:00+09:00,118705641.36803834
2025-12-08 09:44:00+09:00,118705641.36803834
2025-12-08 09:45:00+09:00,118705641.36803834
2025-12-08 09:46:00+09:00,118705641.36803834
2025-12-08 09:47:00+09:00,118705641.36803834
2025-12-08 09:48:00+09:00,118705641.36803834
2025-12-08 09:49:00+09:00,118705641.36803834
2025-12-08 09:50:00+09:00,118705641.36803834
2025-12-08 09:51:00+09:00,118705641.36803834
2025-12-08 09:52:00+09:00,118705641.36803834
2025-12-08 09:53:00+09:00,118658159.11149113
2025-12-08 09:54:00+09:00,118546638.28525853
2025-12-08 09:55:00+09:00,118435117.45902593
2025-12-08 09:56:00+09:00,118212075.80656072
2025-12-08 09:57:00+09:00,118212075.80656072
2025-12-08 09:58:00+09:00,117765992.5016303
2025-12-08 09:59:00+09:00,117431430.0229325
2025-12-08 10:00:00+09:00,117542950.84916511
2025-12-08 10:01:00+09:00,117225584.88187236
2025-12-08 10:02:00+09:00,117225584.88187236
2025-12-08 10:03:00+09:00,117225584.88187236
2025-12-08 10:04:00+09:00,117225584.88187236
2025-12-08 10:05:00+09:00,117225584.88187236
2025-12-08 10:06:00+09:00,117225584.88187236
2025-12-08 10:07:00+09:00,117225584.88187236
2025-12-08 10:08:00+09:00,117225584.88187236
2025-12-08 10:09:00+09:00,117225584.88187236
2025-12-08 10:10:00+09:00,117225584.88187236
2025-12-08 10:11:00+09:00,117225584.88187236
2025-12-08 10:12:00+09:00,117225584.88187236
2025-12-08 10:13:00+09:00,117225584.88187236
2025-12-08 10:14:00+09:00,117225584.88187236
2025-12-08 10:15:00+09:00,117225584.88187236
2025-12-08 10:16:00+09:00,117225584.88187236
2025-12-08 10:17:00+09:00,117225584.88187236
2025-12-08 10:18:00+09:00,117225584.88187236
2025-12-08 10:19:00+09:00,117225584.88187236
2025-12-08 10:20:00+09:00,117225584.88187236
2025-12-08 10:21:00+09:00,117225584.88187236
2025-12-08 10:22:00+09:00,117225584.88187236
2025-12-08 10:23:00+09:00,117225584.88187236
2025-12-08 10:24:00+09:00,117225584.88187236
2025-12-08 10:25:00+09:00,117225584.88187236
2025-12-08 10:26:00+09:00,117225584.88187236
2025-12-08 10:27:00+09:00,117225584.88187236
2025-12-08 10:28:00+09:00,117225584.88187236
2025-12-08 10:29:00+09:00,117225584.88187236
2025-12-08 10:30:00+09:00,117225584.88187236
2025-12-08 10:31:00+09:00,117225584.88187236
2025-12-08 10:32:00+09:00,117225584.88187236
2025-12-08 10:33:00+09:00,117225584.88187236
2025-12-08 10:34:00+09:00,117225584.88187236
2025-12-08 10:35:00+09:00,117225584.88187236
2025-12-08 10:36:00+09:00,117225584.88187236
2025-12-08 10:37:00+09:00,117225584.88187236
2025-12-08 10:38:00+09:00,117225584.88187236
2025-12-08 10:39:00+09:00,117225584.88187236
2025-12-08 10:40:00+09:00,117225584.88187236
2025-12-08 10:41:00+09:00,117225584.88187236
2025-12-08 10:42:00+09:00,117225584.88187236
2025-12-08 10:43:00+09:00,117225584.88187236
2025-12-08 10:44:00+09:00,117225584.88187236
2025-12-08 10:45:00+09:00,117225584.88187236
2025-12-08 10:46:00+09:00,117225584.88187236
2025-12-08 10:47:00+09:00,117225584.88187236
2025-12-08 10:48:00+09:00,117225584.88187236
2025-12-08 10:49:00+09:00,117225584.88187236
2025-12-08 10:50:00+09:00,117225584.88187236
2025-12-08 10:51:00+09:00,117225584.88187236
2025-12-08 10:52:00+09:00,117225584.88187236
2025-12-08 10:53:00+09:00,117225584.88187236
2025-12-08 10:54:00+09:00,117225584.88187236
2025-12-08 10:55:00+09:00,117225584.88187236
2025-12-08 10:56:00+09:00,117225584.88187236
2025-12-08 10:57:00+09:00,117225584.88187236
2025-12-08 10:58:00+09:00,117225584.88187236
2025-12-08 10:59:00+09:00,117225584.88187236
2025-12-08 11:00:00+09:00,117225584.88187236
2025-12-08 11:01:00+09:00,117225584.88187236
2025-12-08 11:02:00+09:00,117225584.88187236
2025-12-08 11:03:00+09:00,117225584.88187236
2025-12-08 11:04:00+09:00,117225584.88187236
2025-12-08 11:05:00+09:00,117225584.88187236
2025-12-08 11:06:00+09:00,117225584.88187236
2025-12-08 11:07:00+09:00,117225584.88187236
2025-12-08 11:08:00+09:00,117178694.64791961
2025-12-08 11:09:00+09:00,116501361.15284492
2025-12-08 11:10:00+09:00,116727138.98453648
2025-12-08 11:11:00+09:00,116411975.70927823
2025-12-08 11:12:00+09:00,116411975.70927823
2025-12-08 11:13:00+09:00,116411975.70927823
2025-12-08 11:14:00+09:00,116411975.70927823
2025-12-08 11:15:00+09:00,116411975.70927823
2025-12-08 11:16:00+09:00,116411975.70927823
2025-12-08 11:17:00+09:00,116411975.70927823
2025-12-08 11:18:00+09:00,116411975.70927823
2025-12-08 11:19:00+09:00,116411975.70927823
2025-12-08 11:20:00+09:00,116411975.70927823
2025-12-08 11:21:00+09:00,116411975.70927823
2025-12-08 11:22:00+09:00,116411975.70927823
2025-12-08 11:23:00+09:00,116411975.70927823
2025-12-08 11:24:00+09:00,116411975.70927823
2025-12-08 11:25:00+09:00,116411975.70927823
2025-12-08 11:26:00+09:00,116411975.70927823
2025-12-08 11:27:00+09:00,116411975.70927823
2025-12-08 11:28:00+09:00,116411975.70927823
2025-12-08 11:29:00+09:00,116411975.70927823
2025-12-08 11:30:00+09:00,116411975.70927823
2025-12-08 11:31:00+09:00,116411975.70927823
2025-12-08 11:32:00+09:00,116411975.70927823
2025-12-08 11:33:00+09:00,116411975.70927823
2025-12-08 11:34:00+09:00,116411975.70927823
2025-12-08 11:35:00+09:00,116411975.70927823
2025-12-08 11:36:00+09:00,116411975.70927823
2025-12-08 11:37:00+09:00,116411975.70927823
2025-12-08 11:38:00+09:00,116411975.70927823
2025-12-08 11:39:00+09:00,116411975.70927823
2025-12-08 11:40:00+09:00,116411975.70927823
2025-12-08 11:41:00+09:00,116411975.70927823
2025-12-08 11:42:00+09:00,116411975.70927823
2025-12-08 11:43:00+09:00,116411975.70927823
2025-12-08 11:44:00+09:00,116411975.70927823
2025-12-08 11:45:00+09:00,116411975.70927823
2025-12-08 11:46:00+09:00,116411975.70927823
2025-12-08 11:47:00+09:00,116411975.70927823
2025-12-08 11:48:00+09:00,116411975.70927823
2025-12-08 11:49:00+09:00,116411975.70927823
2025-12-08 11:50:00+09:00,116411975.70927823
2025-12-08 11:51:00+09:00,116411975.70927823
2025-12-08 11:52:00+09:00,116411975.70927823
2025-12-08 11:53:00+09:00,116411975.70927823
2025-12-08 11:54:00+09:00,116411975.70927823
2025-12-08 11:55:00+09:00,116411975.70927823
2025-12-08 11:56:00+09:00,116411975.70927823
2025-12-08 11:57:00+09:00,116411975.70927823
2025-12-08 11:58:00+09:00,116411975.70927823
2025-12-08 11:59:00+09:00,116411975.70927823
2025-12-08 12:00:00+09:00,116411975.70927823
2025-12-08 12:01:00+09:00,116411975.70927823
2025-12-08 12:02:00+09:00,116365410.91899452
2025-12-08 12:03:00+09:00,117175751.67685348
2025-12-08 12:04:00+09:00,117175751.67685348
2025-12-08 12:05:00+09:00,117175751.67685348
2025-12-08 12:06:00+09:00,117175751.67685348
2025-12-08 12:07:00+09:00,117175751.67685348
2025-12-08 12:08:00+09:00,117175751.67685348
2025-12-08 12:09:00+09:00,117175751.67685348
2025-12-08 12:10:00+09:00,117175751.67685348
2025-12-08 12:11:00+09:00,117175751.67685348
2025-12-08 12:12:00+09:00,117175751.67685348
2025-12-08 12:13:00+09:00,117175751.67685348
2025-12-08 12:14:00+09:00,117128881.37618273
2025-12-08 12:15:00+09:00,117128881.37618273
2025-12-08 12:16:00+09:00,116903199.52382015
2025-12-08 12:17:00+09:00,116903199.52382015
2025-12-08 12:18:00+09:00,117128881.37618275
2025-12-08 12:19:00+09:00,116903199.52382016
2025-12-08 12:20:00+09:00,116790358.59763886
2025-12-08 12:21:00+09:00,116903199.52382016
2025-12-08 12:22:00+09:00,116903199.52382016
2025-12-08 12:23:00+09:00,116903199.52382016
2025-12-08 12:24:00+09:00,116903199.52382016
2025-12-08 12:25:00+09:00,116903199.52382016
2025-12-08 12:26:00+09:00,117128881.37618276
2025-12-08 12:27:00+09:00,117128881.37618276
2025-12-08 12:28:00+09:00,116903199.52382018
2025-12-08 12:29:00+09:00,116903199.52382018
2025-12-08 12:30:00+09:00,116903199.52382018
2025-12-08 12:31:00+09:00,116903199.52382018
2025-12-08 12:32:00+09:00,116677517.67145759
2025-12-08 12:33:00+09:00,116903199.52382016
2025-12-08 12:34:00+09:00,115912343.35102221
2025-12-08 12:35:00+09:00,115912343.35102221
2025-12-08 12:36:00+09:00,115912343.35102221
2025-12-08 12:37:00+09:00,115912343.35102221
2025-12-08 12:38:00+09:00,115912343.35102221
2025-12-08 12:39:00+09:00,115912343.35102221
2025-12-08 12:40:00+09:00,115912343.35102221
2025-12-08 12:41:00+09:00,115912343.35102221
2025-12-08 12:42:00+09:00,115912343.35102221
2025-12-08 12:43:00+09:00,115912343.35102221
2025-12-08 12:44:00+09:00,115912343.35102221
2025-12-08 12:45:00+09:00,115912343.35102221
2025-12-08 12:46:00+09:00,115912343.35102221
2025-12-08 12:47:00+09:00,115912343.35102221
2025-12-08 12:48:00+09:00,115912343.35102221
2025-12-08 12:49:00+09:00,115912343.35102221
2025-12-08 12:50:00+09:00,115912343.35102221
2025-12-08 12:51:00+09:00,115912343.35102221
2025-12-08 12:52:00+09:00,115912343.35102221
2025-12-08 12:53:00+09:00,115912343.35102221
2025-12-08 12:54:00+09:00,115912343.35102221
2025-12-08 12:55:00+09:00,115912343.35102221
2025-12-08 12:56:00+09:00,115912343.35102221
2025-12-08 12:57:00+09:00,115912343.35102221
2025-12-08 12:58:00+09:00,115912343.35102221
2025-12-08 12:59:00+09:00,115912343.35102221
2025-12-08 13:00:00+09:00,115912343.35102221
2025-12-08 13:01:00+09:00,115912343.35102221
2025-12-08 13:02:00+09:00,115912343.35102221
2025-12-08 13:03:00+09:00,115912343.35102221
2025-12-08 13:04:00+09:00,115912343.35102221
2025-12-08 13:05:00+09:00,115912343.35102221
2025-12-08 13:06:00+09:00,115912343.35102221
2025-12-08 13:07:00+09:00,115912343.35102221
2025-12-08 13:08:00+09:00,115912343.35102221
2025-12-08 13:09:00+09:00,115912343.35102221
2025-12-08 13:10:00+09:00,115912343.35102221
2025-12-08 13:11:00+09:00,115912343.35102221
2025-12-08 13:12:00+09:00,115912343.35102221
2025-12-08 13:13:00+09:00,115912343.35102221
2025-12-08 13:14:00+09:00,115912343.35102221
2025-12-08 13:15:00+09:00,115912343.35102221
2025-12-08 13:16:00+09:00,115912343.35102221
2025-12-08 13:17:00+09:00,115912343.35102221
2025-12-08 13:18:00+09:00,115912343.35102221
2025-12-08 13:19:00+09:00,115912343.35102221
2025-12-08 13:20:00+09:00,115912343.35102221
2025-12-08 13:21:00+09:00,115912343.35102221
2025-12-08 13:22:00+09:00,115912343.35102221
2025-12-08 13:23:00+09:00,115912343.35102221
2025-12-08 13:24:00+09:00,115912343.35102221
2025-12-08 13:25:00+09:00,115865978.4136818
2025-12-08 13:26:00+09:00,115865978.4136818
2025-12-08 13:27:00+09:00,115641431.94388784
2025-12-08 13:28:00+09:00,115641431.94388784
2025-12-08 13:29:00+09:00,115329200.07763934
2025-12-08 13:30:00+09:00,115329200.07763934
2025-12-08 13:31:00+09:00,115329200.07763934
2025-12-08 13:32:00+09:00,115329200.07763934
2025-12-08 13:33:00+09:00,115329200.07763934
2025-12-08 13:34:00+09:00,115329200.07763934
2025-12-08 13:35:00+09:00,115329200.07763934
2025-12-08 13:36:00+09:00,115329200.07763934
2025-12-08 13:37:00+09:00,115329200.07763934
2025-12-08 13:38:00+09:00,115329200.07763934
2025-12-08 13:39:00+09:00,115329200.07763934
2025-12-08 13:40:00+09:00,115329200.07763934
2025-12-08 13:41:00+09:00,115329200.07763934
2025-12-08 13:42:00+09:00,115329200.07763934
2025-12-08 13:43:00+09:00,115329200.07763934
2025-12-08 13:44:00+09:00,115329200.07763934
2025-12-08 13:45:00+09:00,115329200.07763934
2025-12-08 13:46:00+09:00,115329200.07763934
2025-12-08 13:47:00+09:00,115329200.07763934
2025-12-08 13:48:00+09:00,115329200.07763934
2025-12-08 13:49:00+09:00,115329200.07763934
2025-12-08 13:50:00+09:00,115329200.07763934
2025-12-08 13:51:00+09:00,115329200.07763934
2025-12-08 13:52:00+09:00,115329200.07763934
2025-12-08 13:53:00+09:00,115329200.07763934
2025-12-08 13:54:00+09:00,115329200.07763934
2025-12-08 13:55:00+09:00,115329200.07763934
2025-12-08 13:56:00+09:00,115329200.07763934
2025-12-08 13:57:00+09:00,115329200.07763934
2025-12-08 13:58:00+09:00,115329200.07763934
2025-12-08 13:59:00+09:00,115329200.07763934
2025-12-08 14:00:00+09:00,115329200.07763934
2025-12-08 14:01:00+09:00,115329200.07763934
2025-12-08 14:02:00+09:00,115329200.07763934
2025-12-08 14:03:00+09:00,115329200.07763934
2025-12-08 14:04:00+09:00,115329200.07763934
2025-12-08 14:05:00+09:00,115329200.07763934
2025-12-08 14:06:00+09:00,115329200.07763934
2025-12-08 14:07:00+09:00,115329200.07763934
2025-12-08 14:08:00+09:00,115329200.07763934
2025-12-08 14:09:00+09:00,115329200.07763934
2025-12-08 14:10:00+09:00,115329200.07763934
2025-12-08 14:11:00+09:00,115329200.07763934
2025-12-08 14:12:00+09:00,115329200.07763934
2025-12-08 14:13:00+09:00,115329200.07763934
2025-12-08 14:14:00+09:00,115329200.07763934
2025-12-08 14:15:00+09:00,115329200.07763934
2025-12-08 14:16:00+09:00,115329200.07763934
2025-12-08 14:17:00+09:00,115329200.07763934
2025-12-08 14:18:00+09:00,115329200.07763934
2025-12-08 14:19:00+09:00,115329200.07763934
2025-12-08 14:20:00+09:00,115329200.07763934
2025-12-08 14:21:00+09:00,115329200.07763934
2025-12-08 14:22:00+09:00,115329200.07763934
2025-12-08 14:23:00+09:00,115329200.07763934
2025-12-08 14:24:00+09:00,115329200.07763934
2025-12-08 14:25:00+09:00,115329200.07763934
2025-12-08 14:26:00+09:00,115329200.07763934
2025-12-08 14:27:00+09:00,115329200.07763934
2025-12-08 14:28:00+09:00,115329200.07763934
2025-12-08 14:29:00+09:00,115329200.07763934
2025-12-08 14:30:00+09:00,115329200.07763934
2025-12-08 14:31:00+09:00,115329200.07763934
2025-12-08 14:32:00+09:00,115329200.07763934
2025-12-08 14:33:00+09:00,115329200.07763934
2025-12-08 14:34:00+09:00,115329200.07763934
2025-12-08 14:35:00+09:00,115329200.07763934
2025-12-08 14:36:00+09:00,115329200.07763934
2025-12-08 14:37:00+09:00,115329200.07763934
2025-12-08 14:38:00+09:00,115329200.07763934
2025-12-08 14:39:00+09:00,115329200.07763934
2025-12-08 14:40:00+09:00,115329200.07763934
2025-12-08 14:41:00+09:00,115329200.07763934
2025-12-08 14:42:00+09:00,115329200.07763934
2025-12-08 14:43:00+09:00,115329200.07763934
2025-12-08 14:44:00+09:00,115329200.07763934
2025-12-08 14:45:00+09:00,115329200.07763934
2025-12-08 14:46:00+09:00,115283068.3976083
2025-12-08 14:47:00+09:00,115060083.73919898
2025-12-08 14:48:00+09:00,115060083.73919898
2025-12-08 14:49:00+09:00,115060083.73919898
2025-12-08 14:50:00+09:00,115506053.05601758
2025-12-08 14:51:00+09:00,115283068.39760828
2025-12-08 14:52:00+09:00,115283068.39760828
2025-12-08 14:53:00+09:00,115506053.05601758
2025-12-08 14:54:00+09:00,115060083.73919898
2025-12-08 14:55:00+09:00,115060083.73919898
2025-12-08 14:56:00+09:00,115283068.39760828
2025-12-08 14:57:00+09:00,115283068.39760828
2025-12-08 14:58:00+09:00,115283068.39760828
2025-12-08 14:59:00+09:00,114837099.08078969
2025-12-08 15:00:00+09:00,115060083.739199
2025-12-08 15:01:00+09:00,115283068.3976083
2025-12-08 15:02:00+09:00,115060083.73919898
2025-12-08 15:03:00+09:00,115060083.73919898
2025-12-08 15:04:00+09:00,115060083.73919898
2025-12-08 15:05:00+09:00,115283068.39760828
2025-12-08 15:06:00+09:00,115729037.71442689
2025-12-08 15:07:00+09:00,116175007.0312455
2025-12-08 15:08:00+09:00,115729037.7144269
2025-12-08 15:09:00+09:00,115952022.3728362
2025-12-08 15:10:00+09:00,115506053.0560176
2025-12-08 15:11:00+09:00,115283068.39760831
2025-12-08 15:12:00+09:00,115283068.39760831
2025-12-08 15:13:00+09:00,115283068.39760831
2025-12-08 15:14:00+09:00,115506053.0560176
2025-12-08 15:15:00+09:00,115283068.39760831
2025-12-08 15:16:00+09:00,115506053.0560176
2025-12-08 15:17:00+09:00,115952022.3728362
2025-12-08 15:18:00+09:00,115952022.3728362
2025-12-08 15:19:00+09:00,115729037.7144269
2025-12-08 15:30:00+09:00,114837099.08078972
2025-12-08 15:35:00+09:00,114837099.08078972
2025-12-09 09:00:00+09:00,118181868.95692922
2025-12-09 09:01:00+09:00,118181868.95692922
2025-12-09 09:02:00+09:00,117735899.64011063
2025-12-09 09:03:00+09:00,117512914.98170131
2025-12-09 09:04:00+09:00,116843961.0064734
2025-12-09 09:05:00+09:00,118516345.94454317
2025-12-09 09:06:00+09:00,120188730.88261293
2025-12-09 09:07:00+09:00,121080669.51625012
2025-12-09 09:08:00+09:00,120411715.54102223
2025-12-09 09:09:00+09:00,120857684.85784084
2025-12-09 09:10:00+09:00,121972608.14988734
2025-12-09 09:11:00+09:00,121526638.83306873
2025-12-09 09:12:00+09:00,120411715.54102223
2025-12-09 09:13:00+09:00,119519776.90738502
2025-12-09 09:14:00+09:00,119965746.22420363
2025-12-09 09:15:00+09:00,120188730.88261293
2025-12-09 09:16:00+09:00,120634700.19943154
2025-12-09 09:17:00+09:00,120634700.19943154
2025-12-09 09:18:00+09:00,121303654.17465945
2025-12-09 09:19:00+09:00,120634700.19943155
2025-12-09 09:20:00+09:00,121526638.83306877
2025-12-09 09:21:00+09:00,121303654.17465948
2025-12-09 09:22:00+09:00,121080669.51625018
2025-12-09 09:23:00+09:00,120634700.19943158
2025-12-09 09:24:00+09:00,121080669.5162502
2025-12-09 09:25:00+09:00,122195592.80829671
2025-12-09 09:26:00+09:00,123979470.07557112
2025-12-09 09:27:00+09:00,125094393.36761762
2025-12-09 09:28:00+09:00,123756485.4171618
2025-12-09 09:29:00+09:00,123533500.75875251
2025-12-09 09:30:00+09:00,123979470.07557112
2025-12-09 09:31:00+09:00,124202454.73398042
2025-12-09 09:32:00+09:00,124202454.73398042
2025-12-09 09:33:00+09:00,123756485.41716182
2025-12-09 09:34:00+09:00,124871408.70920831
2025-12-09 09:35:00+09:00,125763347.34284551
2025-12-09 09:36:00+09:00,126878270.63489203
2025-12-09 09:37:00+09:00,126655285.97648273
2025-12-09 09:38:00+09:00,126878270.63489205
2025-12-09 09:39:00+09:00,127324239.95171064
2025-12-09 09:40:00+09:00,126655285.97648273
2025-12-09 09:41:00+09:00,125763347.34284553
2025-12-09 09:42:00+09:00,126878270.63489205
2025-12-09 09:43:00+09:00,126432301.31807345
2025-12-09 09:44:00+09:00,125094393.36761765
2025-12-09 09:45:00+09:00,124648424.05079906
2025-12-09 09:46:00+09:00,124425439.39238976
2025-12-09 09:47:00+09:00,124871408.70920835
2025-12-09 09:48:00+09:00,125986332.00125486
2025-12-09 09:49:00+09:00,126432301.31807345
2025-12-09 09:50:00+09:00,126209316.65966414
2025-12-09 09:51:00+09:00,125317378.02602693
2025-12-09 09:52:00+09:00,125874839.6720502
2025-12-09 09:53:00+09:00,125540362.68443625
2025-12-09 09:54:00+09:00,124648424.05079904
2025-12-09 09:55:00+09:00,124202454.73398043
2025-12-09 09:56:00+09:00,123756485.41716184
2025-12-09 09:57:00+09:00,123533500.75875254
2025-12-09 09:58:00+09:00,123756485.41716184
2025-12-09 09:59:00+09:00,123756485.41716184
2025-12-09 10:00:00+09:00,122641562.12511533
2025-12-09 10:01:00+09:00,123310516.10034323
2025-12-09 10:02:00+09:00,122755195.10704069
2025-12-09 10:03:00+09:00,122755195.10704069
2025-12-09 10:04:00+09:00,122755195.10704069
2025-12-09 10:05:00+09:00,122755195.10704069
2025-12-09 10:06:00+09:00,122755195.10704069
2025-12-09 10:07:00+09:00,122755195.10704069
2025-12-09 10:08:00+09:00,122755195.10704069
2025-12-09 10:09:00+09:00,122755195.10704069
2025-12-09 10:10:00+09:00,122755195.10704069
2025-12-09 10:11:00+09:00,122755195.10704069
2025-12-09 10:12:00+09:00,122755195.10704069
2025-12-09 10:13:00+09:00,122755195.10704069
2025-12-09 10:14:00+09:00,122755195.10704069
2025-12-09 10:15:00+09:00,122755195.10704069
2025-12-09 10:16:00+09:00,122755195.10704069
2025-12-09 10:17:00+09:00,122755195.10704069
2025-12-09 10:18:00+09:00,122755195.10704069
2025-12-09 10:19:00+09:00,122755195.10704069
2025-12-09 10:20:00+09:00,122755195.10704069
2025-12-09 10:21:00+09:00,122755195.10704069
2025-12-09 10:22:00+09:00,122755195.10704069
2025-12-09 10:23:00+09:00,122755195.10704069
2025-12-09 10:24:00+09:00,122755195.10704069
2025-12-09 10:25:00+09:00,122755195.10704069
2025-12-09 10:26:00+09:00,122755195.10704069
2025-12-09 10:27:00+09:00,122755195.10704069
2025-12-09 10:28:00+09:00,122755195.10704069
2025-12-09 10:29:00+09:00,122755195.10704069
2025-12-09 10:30:00+09:00,122755195.10704069
2025-12-09 10:31:00+09:00,122755195.10704069
2025-12-09 10:32:00+09:00,122755195.10704069
2025-12-09 10:33:00+09:00,122755195.10704069
2025-12-09 10:34:00+09:00,122755195.10704069
2025-12-09 10:35:00+09:00,122755195.10704069
2025-12-09 10:36:00+09:00,122755195.10704069
2025-12-09 10:37:00+09:00,122755195.10704069
2025-12-09 10:38:00+09:00,122755195.10704069
2025-12-09 10:39:00+09:00,122755195.10704069
2025-12-09 10:40:00+09:00,122755195.10704069
2025-12-09 10:41:00+09:00,122755195.10704069
2025-12-09 10:42:00+09:00,122755195.10704069
2025-12-09 10:43:00+09:00,122755195.10704069
2025-12-09 10:44:00+09:00,122755195.10704069
2025-12-09 10:45:00+09:00,122755195.10704069
2025-12-09 10:46:00+09:00,122706093.02899788
2025-12-09 10:47:00+09:00,122706093.02899788
2025-12-09 10:48:00+09:00,122927185.08850959
2025-12-09 10:49:00+09:00,122485000.96948618
2025-12-09 10:50:00+09:00,122485000.96948618
2025-12-09 10:51:00+09:00,121933796.35591753
2025-12-09 10:52:00+09:00,121933796.35591753
2025-12-09 10:53:00+09:00,121933796.35591753
2025-12-09 10:54:00+09:00,121933796.35591753
2025-12-09 10:55:00+09:00,121933796.35591753
2025-12-09 10:56:00+09:00,121933796.35591753
2025-12-09 10:57:00+09:00,121933796.35591753
2025-12-09 10:58:00+09:00,121933796.35591753
2025-12-09 10:59:00+09:00,121933796.35591753
2025-12-09 11:00:00+09:00,121933796.35591753
2025-12-09 11:01:00+09:00,121933796.35591753
2025-12-09 11:02:00+09:00,121933796.35591753
2025-12-09 11:03:00+09:00,121933796.35591753
2025-12-09 11:04:00+09:00,121933796.35591753
2025-12-09 11:05:00+09:00,121933796.35591753
2025-12-09 11:06:00+09:00,121933796.35591753
2025-12-09 11:07:00+09:00,121933796.35591753
2025-12-09 11:08:00+09:00,121933796.35591753
2025-12-09 11:09:00+09:00,121933796.35591753
2025-12-09 11:10:00+09:00,121933796.35591753
2025-12-09 11:11:00+09:00,121933796.35591753
2025-12-09 11:12:00+09:00,121933796.35591753
2025-12-09 11:13:00+09:00,121933796.35591753
2025-12-09 11:14:00+09:00,121933796.35591753
2025-12-09 11:15:00+09:00,121933796.35591753
2025-12-09 11:16:00+09:00,121933796.35591753
2025-12-09 11:17:00+09:00,121933796.35591753
2025-12-09 11:18:00+09:00,121933796.35591753
2025-12-09 11:19:00+09:00,121885022.83737516
2025-12-09 11:20:00+09:00,122321105.20888636
2025-12-09 11:21:00+09:00,122321105.20888636
2025-12-09 11:22:00+09:00,122757187.58039755
2025-12-09 11:23:00+09:00,122539146.39464197
2025-12-09 11:24:00+09:00,122539146.39464197
2025-12-09 11:25:00+09:00,122321105.20888637
2025-12-09 11:26:00+09:00,121885022.8373752
2025-12-09 11:27:00+09:00,122430125.80176416
2025-12-09 11:28:00+09:00,122103064.02313077
2025-12-09 11:29:00+09:00,122103064.02313077
2025-12-09 11:30:00+09:00,122321105.20888637
2025-12-09 11:31:00+09:00,122321105.20888637
2025-12-09 11:32:00+09:00,122975228.76615314
2025-12-09 11:33:00+09:00,122648166.98751976
2025-12-09 11:34:00+09:00,122321105.20888637
2025-12-09 11:35:00+09:00,122539146.39464195
2025-12-09 11:36:00+09:00,122321105.20888636
2025-12-09 11:37:00+09:00,121885022.83737518
2025-12-09 11:38:00+09:00,121885022.83737518
2025-12-09 11:39:00+09:00,122757187.58039755
2025-12-09 11:40:00+09:00,122757187.58039755
2025-12-09 11:41:00+09:00,122757187.58039755
2025-12-09 11:42:00+09:00,122975228.76615313
2025-12-09 11:43:00+09:00,122975228.76615313
2025-12-09 11:44:00+09:00,122975228.76615313
2025-12-09 11:45:00+09:00,122539146.39464195
2025-12-09 11:46:00+09:00,122321105.20888636
2025-12-09 11:47:00+09:00,122321105.20888636
2025-12-09 11:48:00+09:00,122539146.39464194
2025-12-09 11:49:00+09:00,122321105.20888634
2025-12-09 11:50:00+09:00,124937599.43795344
2025-12-09 11:53:00+09:00,126245846.55248697
2025-12-09 11:54:00+09:00,125591722.9952202
2025-12-09 11:55:00+09:00,124719558.25219785
2025-12-09 11:56:00+09:00,124065434.69493107
2025-12-09 11:57:00+09:00,123629352.3234199
2025-12-09 11:58:00+09:00,124065434.69493109
2025-12-09 11:59:00+09:00,125155640.62370905
2025-12-09 12:00:00+09:00,125373681.80946465
2025-12-09 12:01:00+09:00,126245846.55248702
2025-12-09 12:02:00+09:00,125373681.80946465
2025-12-09 12:03:00+09:00,125591722.99522024
2025-12-09 12:04:00+09:00,125591722.99522024
2025-12-09 12:05:00+09:00,126027805.36673144
2025-12-09 12:06:00+09:00,125591722.99522024
2025-12-09 12:07:00+09:00,125373681.80946465
2025-12-09 12:08:00+09:00,124719558.25219788
2025-12-09 12:09:00+09:00,124501517.06644228
2025-12-09 12:10:00+09:00,124501517.06644228
2025-12-09 12:11:00+09:00,125155640.62370905
2025-12-09 12:12:00+09:00,125155640.62370905
2025-12-09 12:13:00+09:00,125591722.99522023
2025-12-09 12:14:00+09:00,124719558.25219788
2025-12-09 12:15:00+09:00,124937599.43795346
2025-12-09 12:16:00+09:00,124283475.88068669
2025-12-09 12:17:00+09:00,124283475.88068669
2025-12-09 12:18:00+09:00,124283475.88068669
2025-12-09 12:19:00+09:00,123847393.50917551
2025-12-09 12:20:00+09:00,124501517.06644227
2025-12-09 12:21:00+09:00,124937599.43795344
2025-12-09 12:22:00+09:00,125155640.62370904
2025-12-09 12:23:00+09:00,124937599.43795344
2025-12-09 12:24:00+09:00,124501517.06644227
2025-12-09 12:25:00+09:00,124719558.25219786
2025-12-09 12:26:00+09:00,124719558.25219786
2025-12-09 12:27:00+09:00,124719558.25219786
2025-12-09 12:28:00+09:00,124501517.06644227
2025-12-09 12:29:00+09:00,125155640.62370904
2025-12-09 12:30:00+09:00,125809764.18097582
2025-12-09 12:31:00+09:00,125373681.80946465
2025-12-09 12:32:00+09:00,125591722.99522024
2025-12-09 12:33:00+09:00,125155640.62370907
2025-12-09 12:34:00+09:00,125155640.62370907
2025-12-09 12:35:00+09:00,125155640.62370907
2025-12-09 12:36:00+09:00,125809764.18097585
2025-12-09 12:37:00+09:00,125809764.18097585
2025-12-09 12:38:00+09:00,125809764.18097585
2025-12-09 12:39:00+09:00,126027805.36673145
2025-12-09 12:40:00+09:00,125155640.62370908
2025-12-09 12:41:00+09:00,124719558.2521979
2025-12-09 12:42:00+09:00,124065434.69493113
2025-12-09 12:43:00+09:00,124501517.06644231
2025-12-09 12:44:00+09:00,123513005.54670076
2025-12-09 12:45:00+09:00,123513005.54670076
2025-12-09 12:46:00+09:00,123513005.54670076
2025-12-09 12:47:00+09:00,123513005.54670076
2025-12-09 12:48:00+09:00,123513005.54670076
2025-12-09 12:49:00+09:00,123513005.54670076
2025-12-09 12:50:00+09:00,123513005.54670076
2025-12-09 12:51:00+09:00,123513005.54670076
2025-12-09 12:52:00+09:00,123513005.54670076
2025-12-09 12:53:00+09:00,123513005.54670076
2025-12-09 12:54:00+09:00,123513005.54670076
2025-12-09 12:55:00+09:00,123513005.54670076
2025-12-09 12:56:00+09:00,123513005.54670076
2025-12-09 12:57:00+09:00,123513005.54670076
2025-12-09 12:58:00+09:00,123513005.54670076
2025-12-09 12:59:00+09:00,123513005.54670076
2025-12-09 13:00:00+09:00,123513005.54670076
2025-12-09 13:01:00+09:00,123513005.54670076
2025-12-09 13:02:00+09:00,123513005.54670076
2025-12-09 13:03:00+09:00,123513005.54670076
2025-12-09 13:04:00+09:00,123513005.54670076
2025-12-09 13:05:00+09:00,123513005.54670076
2025-12-09 13:06:00+09:00,123513005.54670076
2025-12-09 13:07:00+09:00,123513005.54670076
2025-12-09 13:08:00+09:00,123513005.54670076
2025-12-09 13:09:00+09:00,123463600.34448208
2025-12-09 13:10:00+09:00,123463600.34448208
2025-12-09 13:11:00+09:00,123248881.03953516
2025-12-09 13:12:00+09:00,122819442.42964132
2025-12-09 13:13:00+09:00,122819442.42964132
2025-12-09 13:14:00+09:00,122701969.49790484
2025-12-09 13:15:00+09:00,122701969.49790484
2025-12-09 13:16:00+09:00,122701969.49790484
2025-12-09 13:17:00+09:00,122701969.49790484
2025-12-09 13:18:00+09:00,122701969.49790484
2025-12-09 13:19:00+09:00,122701969.49790484
2025-12-09 13:20:00+09:00,122701969.49790484
2025-12-09 13:21:00+09:00,122701969.49790484
2025-12-09 13:22:00+09:00,122701969.49790484
2025-12-09 13:23:00+09:00,122701969.49790484
2025-12-09 13:24:00+09:00,122701969.49790484
2025-12-09 13:25:00+09:00,122652888.71010569
2025-12-09 13:26:00+09:00,122439579.33843595
2025-12-09 13:27:00+09:00,122652888.7101057
2025-12-09 13:28:00+09:00,123292816.82511495
2025-12-09 13:29:00+09:00,123079507.4534452
2025-12-09 13:30:00+09:00,123079507.4534452
2025-12-09 13:31:00+09:00,123292816.82511495
2025-12-09 13:32:00+09:00,124146054.31179395
2025-12-09 13:33:00+09:00,123292816.82511497
2025-12-09 13:34:00+09:00,122866198.08177546
2025-12-09 13:35:00+09:00,123292816.82511497
2025-12-09 13:36:00+09:00,124146054.31179397
2025-12-09 13:37:00+09:00,123719435.56845447
2025-12-09 13:38:00+09:00,123932744.94012421
2025-12-09 13:39:00+09:00,123719435.56845447
2025-12-09 13:40:00+09:00,123719435.56845447
2025-12-09 13:41:00+09:00,123079507.45344523
2025-12-09 13:42:00+09:00,122866198.08177547
2025-12-09 13:43:00+09:00,123292816.82511498
2025-12-09 13:44:00+09:00,122866198.08177547
2025-12-09 13:45:00+09:00,123506126.1967847
2025-12-09 13:46:00+09:00,123292816.82511497
2025-12-09 13:47:00+09:00,123292816.82511497
2025-12-09 13:48:00+09:00,123506126.1967847
2025-12-09 13:49:00+09:00,123932744.9401242
2025-12-09 13:50:00+09:00,123719435.56845446
2025-12-09 13:51:00+09:00,123719435.56845446
2025-12-09 13:52:00+09:00,123932744.9401242
2025-12-09 13:53:00+09:00,123719435.56845446
2025-12-09 13:54:00+09:00,123932744.9401242
2025-12-09 13:55:00+09:00,123612780.88261957
2025-12-09 13:56:00+09:00,123932744.9401242
2025-12-09 13:57:00+09:00,123506126.1967847
2025-12-09 13:58:00+09:00,123079507.4534452
2025-12-09 13:59:00+09:00,122866198.08177544
2025-12-09 14:00:00+09:00,123506126.19678468
2025-12-09 14:01:00+09:00,122534459.34695463
2025-12-09 14:02:00+09:00,122534459.34695463
2025-12-09 14:03:00+09:00,122534459.34695463
2025-12-09 14:04:00+09:00,122534459.34695463
2025-12-09 14:05:00+09:00,122534459.34695463
2025-12-09 14:06:00+09:00,122534459.34695463
2025-12-09 14:07:00+09:00,122534459.34695463
2025-12-09 14:08:00+09:00,122534459.34695463
2025-12-09 14:09:00+09:00,122534459.34695463
2025-12-09 14:10:00+09:00,122534459.34695463
2025-12-09 14:11:00+09:00,122534459.34695463
2025-12-09 14:12:00+09:00,122534459.34695463
2025-12-09 14:13:00+09:00,122534459.34695463
2025-12-09 14:14:00+09:00,122534459.34695463
2025-12-09 14:15:00+09:00,122534459.34695463
2025-12-09 14:16:00+09:00,122534459.34695463
2025-12-09 14:17:00+09:00,122534459.34695463
2025-12-09 14:18:00+09:00,122534459.34695463
2025-12-09 14:19:00+09:00,122534459.34695463
2025-12-09 14:20:00+09:00,122534459.34695463
2025-12-09 14:21:00+09:00,122534459.34695463
2025-12-09 14:22:00+09:00,122534459.34695463
2025-12-09 14:23:00+09:00,122534459.34695463
2025-12-09 14:24:00+09:00,122534459.34695463
2025-12-09 14:25:00+09:00,122534459.34695463
2025-12-09 14:26:00+09:00,122534459.34695463
2025-12-09 14:27:00+09:00,122534459.34695463
2025-12-09 14:28:00+09:00,122534459.34695463
2025-12-09 14:29:00+09:00,122534459.34695463
2025-12-09 14:30:00+09:00,122534459.34695463
2025-12-09 14:31:00+09:00,122534459.34695463
2025-12-09 14:32:00+09:00,122534459.34695463
2025-12-09 14:33:00+09:00,122534459.34695463
2025-12-09 14:34:00+09:00,122534459.34695463
2025-12-09 14:35:00+09:00,122534459.34695463
2025-12-09 14:36:00+09:00,122534459.34695463
2025-12-09 14:37:00+09:00,122534459.34695463
2025-12-09 14:38:00+09:00,122534459.34695463
2025-12-09 14:39:00+09:00,122534459.34695463
2025-12-09 14:40:00+09:00,122534459.34695463
2025-12-09 14:41:00+09:00,122534459.34695463
2025-12-09 14:42:00+09:00,122534459.34695463
2025-12-09 14:43:00+09:00,122534459.34695463
2025-12-09 14:44:00+09:00,122534459.34695463
2025-12-09 14:45:00+09:00,122534459.34695463
2025-12-09 14:46:00+09:00,122534459.34695463
2025-12-09 14:47:00+09:00,122534459.34695463
2025-12-09 14:48:00+09:00,122534459.34695463
2025-12-09 14:49:00+09:00,122534459.34695463
2025-12-09 14:50:00+09:00,122534459.34695463
2025-12-09 14:51:00+09:00,122534459.34695463
2025-12-09 14:52:00+09:00,122534459.34695463
2025-12-09 14:53:00+09:00,122534459.34695463
2025-12-09 14:54:00+09:00,122534459.34695463
2025-12-09 14:55:00+09:00,122534459.34695463
2025-12-09 14:56:00+09:00,122534459.34695463
2025-12-09 14:57:00+09:00,122534459.34695463
2025-12-09 14:58:00+09:00,122534459.34695463
2025-12-09 14:59:00+09:00,122534459.34695463
2025-12-09 15:00:00+09:00,122534459.34695463
2025-12-09 15:01:00+09:00,122534459.34695463
2025-12-09 15:02:00+09:00,122534459.34695463
2025-12-09 15:03:00+09:00,122534459.34695463
2025-12-09 15:04:00+09:00,122485445.56321585
2025-12-09 15:05:00+09:00,122697358.09879234
2025-12-09 15:06:00+09:00,122273533.02763934
2025-12-09 15:07:00+09:00,122273533.02763934
2025-12-09 15:08:00+09:00,122485445.56321584
2025-12-09 15:09:00+09:00,123545008.24109833
2025-12-09 15:10:00+09:00,123121183.16994534
2025-12-09 15:11:00+09:00,123333095.70552185
2025-12-09 15:12:00+09:00,122697358.09879236
2025-12-09 15:13:00+09:00,122697358.09879236
2025-12-09 15:14:00+09:00,122697358.09879236
2025-12-09 15:15:00+09:00,122697358.09879236
2025-12-09 15:16:00+09:00,122697358.09879236
2025-12-09 15:17:00+09:00,122485445.56321587
2025-12-09 15:18:00+09:00,122167576.75985113
2025-12-09 15:19:00+09:00,122485445.56321587
2025-12-09 15:30:00+09:00,121849707.95648637
2025-12-09 15:35:00+09:00,121849707.95648637
2025-12-10 09:00:00+09:00,121425882.88533337
2025-12-10 09:01:00+09:00,119094844.9939919
2025-12-10 09:02:00+09:00,119829990.77116032
2025-12-10 09:03:00+09:00,119829990.77116032
2025-12-10 09:04:00+09:00,119829990.77116032
2025-12-10 09:05:00+09:00,119829990.77116032
2025-12-10 09:06:00+09:00,119829990.77116032
2025-12-10 09:07:00+09:00,119829990.77116032
2025-12-10 09:08:00+09:00,119829990.77116032
2025-12-10 09:09:00+09:00,119829990.77116032
2025-12-10 09:10:00+09:00,119829990.77116032
2025-12-10 09:11:00+09:00,119829990.77116032
2025-12-10 09:12:00+09:00,119829990.77116032
2025-12-10 09:13:00+09:00,119829990.77116032
2025-12-10 09:14:00+09:00,119829990.77116032
2025-12-10 09:15:00+09:00,119829990.77116032
2025-12-10 09:16:00+09:00,119829990.77116032
2025-12-10 09:17:00+09:00,119829990.77116032
2025-12-10 09:18:00+09:00,119829990.77116032
2025-12-10 09:19:00+09:00,119829990.77116032
2025-12-10 09:20:00+09:00,119829990.77116032
2025-12-10 09:21:00+09:00,119829990.77116032
2025-12-10 09:22:00+09:00,119829990.77116032
2025-12-10 09:23:00+09:00,119829990.77116032
2025-12-10 09:24:00+09:00,119829990.77116032
2025-12-10 09:25:00+09:00,119829990.77116032
2025-12-10 09:26:00+09:00,119829990.77116032
2025-12-10 09:27:00+09:00,119829990.77116032
2025-12-10 09:28:00+09:00,119829990.77116032
2025-12-10 09:29:00+09:00,119829990.77116032
2025-12-10 09:30:00+09:00,119829990.77116032
2025-12-10 09:31:00+09:00,119829990.77116032
2025-12-10 09:32:00+09:00,119829990.77116032
2025-12-10 09:33:00+09:00,119829990.77116032
2025-12-10 09:34:00+09:00,119829990.77116032
2025-12-10 09:35:00+09:00,119829990.77116032
2025-12-10 09:36:00+09:00,119829990.77116032
2025-12-10 09:37:00+09:00,119829990.77116032
2025-12-10 09:38:00+09:00,119829990.77116032
2025-12-10 09:39:00+09:00,119829990.77116032
2025-12-10 09:40:00+09:00,119829990.77116032
2025-12-10 09:41:00+09:00,119829990.77116032
2025-12-10 09:42:00+09:00,119829990.77116032
2025-12-10 09:43:00+09:00,119829990.77116032
2025-12-10 09:44:00+09:00,119829990.77116032
2025-12-10 09:45:00+09:00,119829990.77116032
2025-12-10 09:46:00+09:00,119829990.77116032
2025-12-10 09:47:00+09:00,119829990.77116032
2025-12-10 09:48:00+09:00,119829990.77116032
2025-12-10 09:49:00+09:00,119829990.77116032
2025-12-10 09:50:00+09:00,119829990.77116032
2025-12-10 09:51:00+09:00,119829990.77116032
2025-12-10 09:52:00+09:00,119829990.77116032
2025-12-10 09:53:00+09:00,119829990.77116032
2025-12-10 09:54:00+09:00,119829990.77116032
2025-12-10 09:55:00+09:00,119829990.77116032
2025-12-10 09:56:00+09:00,119829990.77116032
2025-12-10 09:57:00+09:00,119829990.77116032
2025-12-10 09:58:00+09:00,119829990.77116032
2025-12-10 09:59:00+09:00,119829990.77116032
2025-12-10 10:00:00+09:00,119829990.77116032
2025-12-10 10:01:00+09:00,119829990.77116032
2025-12-10 10:02:00+09:00,119829990.77116032
2025-12-10 10:03:00+09:00,119829990.77116032
2025-12-10 10:04:00+09:00,119829990.77116032
2025-12-10 10:05:00+09:00,119829990.77116032
2025-12-10 10:06:00+09:00,119829990.77116032
2025-12-10 10:07:00+09:00,119829990.77116032
2025-12-10 10:08:00+09:00,119829990.77116032
2025-12-10 10:09:00+09:00,119829990.77116032
2025-12-10 10:10:00+09:00,119829990.77116032
2025-12-10 10:11:00+09:00,119829990.77116032
2025-12-10 10:12:00+09:00,119829990.77116032
2025-12-10 10:13:00+09:00,119829990.77116032
2025-12-10 10:14:00+09:00,119829990.77116032
2025-12-10 10:15:00+09:00,119829990.77116032
2025-12-10 10:16:00+09:00,119829990.77116032
2025-12-10 10:17:00+09:00,119829990.77116032
2025-12-10 10:18:00+09:00,119829990.77116032
2025-12-10 10:19:00+09:00,119829990.77116032
2025-12-10 10:20:00+09:00,119829990.77116032
2025-12-10 10:21:00+09:00,119829990.77116032
2025-12-10 10:22:00+09:00,119829990.77116032
2025-12-10 10:23:00+09:00,119829990.77116032
2025-12-10 10:24:00+09:00,119829990.77116032
2025-12-10 10:25:00+09:00,119829990.77116032
2025-12-10 10:26:00+09:00,119829990.77116032
2025-12-10 10:27:00+09:00,119829990.77116032
2025-12-10 10:28:00+09:00,119829990.77116032
2025-12-10 10:29:00+09:00,119829990.77116032
2025-12-10 10:30:00+09:00,119829990.77116032
2025-12-10 10:31:00+09:00,119829990.77116032
2025-12-10 10:32:00+09:00,119829990.77116032
2025-12-10 10:33:00+09:00,119782058.77485186
2025-12-10 10:34:00+09:00,119569302.00971003
2025-12-10 10:35:00+09:00,119356545.24456818
2025-12-10 10:36:00+09:00,119356545.24456818
2025-12-10 10:37:00+09:00,119569302.00971001
2025-12-10 10:38:00+09:00,119143788.47942635
2025-12-10 10:39:00+09:00,118718274.9491427
2025-12-10 10:40:00+09:00,118397735.60678001
2025-12-10 10:41:00+09:00,118397735.60678001
2025-12-10 10:42:00+09:00,118397735.60678001
2025-12-10 10:43:00+09:00,118397735.60678001
2025-12-10 10:44:00+09:00,118397735.60678001
2025-12-10 10:45:00+09:00,118397735.60678001
2025-12-10 10:46:00+09:00,118397735.60678001
2025-12-10 10:47:00+09:00,118397735.60678001
2025-12-10 10:48:00+09:00,118397735.60678001
2025-12-10 10:49:00+09:00,118397735.60678001
2025-12-10 10:50:00+09:00,118397735.60678001
2025-12-10 10:51:00+09:00,118397735.60678001
2025-12-10 10:52:00+09:00,118397735.60678001
2025-12-10 10:53:00+09:00,118397735.60678001
2025-12-10 10:54:00+09:00,118397735.60678001
2025-12-10 10:55:00+09:00,118397735.60678001
2025-12-10 10:56:00+09:00,118397735.60678001
2025-12-10 10:57:00+09:00,118397735.60678001
2025-12-10 10:58:00+09:00,118397735.60678001
2025-12-10 10:59:00+09:00,118397735.60678001
2025-12-10 11:00:00+09:00,118397735.60678001
2025-12-10 11:01:00+09:00,118397735.60678001
2025-12-10 11:02:00+09:00,118397735.60678001
2025-12-10 11:03:00+09:00,118397735.60678001
2025-12-10 11:04:00+09:00,118397735.60678001
2025-12-10 11:05:00+09:00,118397735.60678001
2025-12-10 11:06:00+09:00,118397735.60678001
2025-12-10 11:07:00+09:00,118397735.60678001
2025-12-10 11:08:00+09:00,118397735.60678001
2025-12-10 11:09:00+09:00,118397735.60678001
2025-12-10 11:10:00+09:00,118397735.60678001
2025-12-10 11:11:00+09:00,118397735.60678001
2025-12-10 11:12:00+09:00,118350376.5125373
2025-12-10 11:13:00+09:00,118350376.5125373
2025-12-10 11:14:00+09:00,117721967.43370967
2025-12-10 11:15:00+09:00,118140906.81959477
2025-12-10 11:16:00+09:00,118140906.81959477
2025-12-10 11:17:00+09:00,118140906.81959477
2025-12-10 11:18:00+09:00,118140906.81959477
2025-12-10 11:19:00+09:00,118350376.51253732
2025-12-10 11:20:00+09:00,118350376.51253732
2025-12-10 11:21:00+09:00,118350376.51253732
2025-12-10 11:22:00+09:00,117931437.12665223
2025-12-10 11:23:00+09:00,117931437.12665223
2025-12-10 11:24:00+09:00,117931437.12665223
2025-12-10 11:25:00+09:00,117931437.12665223
2025-12-10 11:26:00+09:00,117931437.12665223
2025-12-10 11:27:00+09:00,117931437.12665223
2025-12-10 11:28:00+09:00,117721967.43370968
2025-12-10 11:29:00+09:00,117512497.74076714
2025-12-10 11:30:00+09:00,117721967.43370967
2025-12-10 11:31:00+09:00,117613022.24641025
2025-12-10 11:32:00+09:00,117613022.24641025
2025-12-10 11:33:00+09:00,117613022.24641025
2025-12-10 11:34:00+09:00,117613022.24641025
2025-12-10 11:35:00+09:00,117613022.24641025
2025-12-10 11:36:00+09:00,117613022.24641025
2025-12-10 11:37:00+09:00,117613022.24641025
2025-12-10 11:38:00+09:00,117613022.24641025
2025-12-10 11:39:00+09:00,117613022.24641025
2025-12-10 11:40:00+09:00,117613022.24641025
2025-12-10 11:41:00+09:00,117613022.24641025
2025-12-10 11:42:00+09:00,117613022.24641025
2025-12-10 11:43:00+09:00,117613022.24641025
2025-12-10 11:44:00+09:00,117565977.03751169
2025-12-10 11:45:00+09:00,117457548.09540969
2025-12-10 11:46:00+09:00,117457548.09540969
2025-12-10 11:47:00+09:00,117457548.09540969
2025-12-10 11:48:00+09:00,117457548.09540969
2025-12-10 11:49:00+09:00,117457548.09540969
2025-12-10 11:50:00+09:00,117457548.09540969
2025-12-10 11:51:00+09:00,117457548.09540969
2025-12-10 11:52:00+09:00,117457548.09540969
2025-12-10 11:53:00+09:00,117457548.09540969
2025-12-10 11:54:00+09:00,117457548.09540969
2025-12-10 11:55:00+09:00,117457548.09540969
2025-12-10 11:56:00+09:00,117410565.07617153
2025-12-10 11:57:00+09:00,117306937.03991719
2025-12-10 11:58:00+09:00,117306937.03991719
2025-12-10 11:59:00+09:00,118135961.32995194
2025-12-10 12:00:00+09:00,118343217.40246063
2025-12-10 12:01:00+09:00,118135961.32995196
2025-12-10 12:02:00+09:00,118135961.32995196
2025-12-10 12:03:00+09:00,117721449.18493459
2025-12-10 12:04:00+09:00,117721449.18493459
2025-12-10 12:05:00+09:00,117928705.25744328
2025-12-10 12:06:00+09:00,117306937.03991722
2025-12-10 12:07:00+09:00,117721449.1849346
2025-12-10 12:08:00+09:00,117514193.11242591
2025-12-10 12:09:00+09:00,117306937.03991722
2025-12-10 12:10:00+09:00,117306937.03991722
2025-12-10 12:11:00+09:00,117721449.1849346
2025-12-10 12:12:00+09:00,117721449.1849346
2025-12-10 12:13:00+09:00,117514193.11242591
2025-12-10 12:14:00+09:00,117306937.03991722
2025-12-10 12:15:00+09:00,117514193.11242591
2025-12-10 12:16:00+09:00,117306937.03991722
2025-12-10 12:17:00+09:00,117514193.11242591
2025-12-10 12:18:00+09:00,117514193.11242591
2025-12-10 12:19:00+09:00,117721449.18493459
2025-12-10 12:20:00+09:00,117514193.1124259
2025-12-10 12:21:00+09:00,117514193.1124259
2025-12-10 12:22:00+09:00,117514193.1124259
2025-12-10 12:23:00+09:00,117514193.1124259
2025-12-10 12:24:00+09:00,117514193.1124259
2025-12-10 12:25:00+09:00,117514193.1124259
2025-12-10 12:26:00+09:00,117306937.0399172
2025-12-10 12:27:00+09:00,117306937.0399172
2025-12-10 12:28:00+09:00,117410565.07617155
2025-12-10 12:29:00+09:00,117099680.96740852
2025-12-10 12:30:00+09:00,117099680.96740852
2025-12-10 12:31:00+09:00,116886860.06935297
2025-12-10 12:32:00+09:00,116886860.06935297
2025-12-10 12:33:00+09:00,116886860.06935297
2025-12-10 12:34:00+09:00,116886860.06935297
2025-12-10 12:35:00+09:00,116886860.06935297
2025-12-10 12:36:00+09:00,116886860.06935297
2025-12-10 12:37:00+09:00,116886860.06935297
2025-12-10 12:38:00+09:00,116886860.06935297
2025-12-10 12:39:00+09:00,116886860.06935297
2025-12-10 12:40:00+09:00,116886860.06935297
2025-12-10 12:41:00+09:00,116886860.06935297
2025-12-10 12:42:00+09:00,116886860.06935297
2025-12-10 12:43:00+09:00,116886860.06935297
2025-12-10 12:44:00+09:00,116886860.06935297
2025-12-10 12:45:00+09:00,116886860.06935297
2025-12-10 12:46:00+09:00,116886860.06935297
2025-12-10 12:47:00+09:00,116840105.32532524
2025-12-10 12:48:00+09:00,116840105.32532524
2025-12-10 12:49:00+09:00,117046172.53048453
2025-12-10 12:50:00+09:00,117046172.53048453
2025-12-10 12:51:00+09:00,117252239.73564383
2025-12-10 12:52:00+09:00,116840105.32532524
2025-12-10 12:53:00+09:00,116634038.12016593
2025-12-10 12:54:00+09:00,116840105.32532524
2025-12-10 12:55:00+09:00,116421881.62909417
2025-12-10 12:56:00+09:00,116421881.62909417
2025-12-10 12:57:00+09:00,116421881.62909417
2025-12-10 12:58:00+09:00,116421881.62909417
2025-12-10 12:59:00+09:00,116421881.62909417
2025-12-10 13:00:00+09:00,116421881.62909417
2025-12-10 13:01:00+09:00,116421881.62909417
2025-12-10 13:02:00+09:00,116421881.62909417
2025-12-10 13:03:00+09:00,116421881.62909417
2025-12-10 13:04:00+09:00,116421881.62909417
2025-12-10 13:05:00+09:00,116421881.62909417
2025-12-10 13:06:00+09:00,116375312.87644254
2025-12-10 13:07:00+09:00,116579480.09201524
2025-12-10 13:08:00+09:00,116579480.09201524
2025-12-10 13:09:00+09:00,116783647.30758795
2025-12-10 13:10:00+09:00,116987814.52316065
2025-12-10 13:11:00+09:00,116783647.30758795
2025-12-10 13:12:00+09:00,116987814.52316065
2025-12-10 13:13:00+09:00,117396148.95430607
2025-12-10 13:14:00+09:00,117396148.95430607
2025-12-10 13:15:00+09:00,117396148.95430607
2025-12-10 13:16:00+09:00,117600316.16987878
2025-12-10 13:17:00+09:00,117191981.73873337
2025-12-10 13:18:00+09:00,117600316.16987878
2025-12-10 13:19:00+09:00,117396148.95430607
2025-12-10 13:20:00+09:00,116987814.52316065
2025-12-10 13:21:00+09:00,116987814.52316065
2025-12-10 13:22:00+09:00,117191981.73873335
2025-12-10 13:23:00+09:00,116987814.52316065
2025-12-10 13:24:00+09:00,116987814.52316065
2025-12-10 13:25:00+09:00,116783647.30758795
2025-12-10 13:26:00+09:00,116987814.52316065
2025-12-10 13:27:00+09:00,116783647.30758795
2025-12-10 13:28:00+09:00,116579480.09201524
2025-12-10 13:29:00+09:00,116987814.52316065
2025-12-10 13:30:00+09:00,116579480.09201524
2025-12-10 13:31:00+09:00,116579480.09201524
2025-12-10 13:32:00+09:00,116783647.30758795
2025-12-10 13:33:00+09:00,116987814.52316065
2025-12-10 13:34:00+09:00,117191981.73873335
2025-12-10 13:35:00+09:00,116987814.52316065
2025-12-10 13:36:00+09:00,116783647.30758795
2025-12-10 13:37:00+09:00,116579480.09201524
2025-12-10 13:38:00+09:00,116579480.09201524
2025-12-10 13:39:00+09:00,116477396.48422888
2025-12-10 13:40:00+09:00,116579480.09201522
2025-12-10 13:41:00+09:00,116477396.48422886
2025-12-10 13:42:00+09:00,116579480.0920152
2025-12-10 13:43:00+09:00,116375312.8764425
2025-12-10 13:44:00+09:00,116375312.8764425
2025-12-10 13:45:00+09:00,116264715.49576676
2025-12-10 13:46:00+09:00,116264715.49576676
2025-12-10 13:47:00+09:00,116264715.49576676
2025-12-10 13:48:00+09:00,116264715.49576676
2025-12-10 13:49:00+09:00,116264715.49576676
2025-12-10 13:50:00+09:00,116264715.49576676
2025-12-10 13:51:00+09:00,116264715.49576676
2025-12-10 13:52:00+09:00,116264715.49576676
2025-12-10 13:53:00+09:00,116264715.49576676
2025-12-10 13:54:00+09:00,116264715.49576676
2025-12-10 13:55:00+09:00,116264715.49576676
2025-12-10 13:56:00+09:00,116264715.49576676
2025-12-10 13:57:00+09:00,116264715.49576676
2025-12-10 13:58:00+09:00,116264715.49576676
2025-12-10 13:59:00+09:00,116264715.49576676
2025-12-10 14:00:00+09:00,116264715.49576676
2025-12-10 14:01:00+09:00,116264715.49576676
2025-12-10 14:02:00+09:00,116264715.49576676
2025-12-10 14:03:00+09:00,116264715.49576676
2025-12-10 14:04:00+09:00,116264715.49576676
2025-12-10 14:05:00+09:00,116264715.49576676
2025-12-10 14:06:00+09:00,116264715.49576676
2025-12-10 14:07:00+09:00,116264715.49576676
2025-12-10 14:08:00+09:00,116264715.49576676
2025-12-10 14:09:00+09:00,116264715.49576676
2025-12-10 14:10:00+09:00,116264715.49576676
2025-12-10 14:11:00+09:00,116264715.49576676
2025-12-10 14:12:00+09:00,116264715.49576676
2025-12-10 14:13:00+09:00,116264715.49576676
2025-12-10 14:14:00+09:00,116264715.49576676
2025-12-10 14:15:00+09:00,116264715.49576676
2025-12-10 14:16:00+09:00,116264715.49576676
2025-12-10 14:17:00+09:00,116264715.49576676
2025-12-10 14:18:00+09:00,116264715.49576676
2025-12-10 14:19:00+09:00,116264715.49576676
2025-12-10 14:20:00+09:00,116264715.49576676
2025-12-10 14:21:00+09:00,116264715.49576676
2025-12-10 14:22:00+09:00,116264715.49576676
2025-12-10 14:23:00+09:00,116264715.49576676
2025-12-10 14:24:00+09:00,116264715.49576676
2025-12-10 14:25:00+09:00,116264715.49576676
2025-12-10 14:26:00+09:00,116264715.49576676
2025-12-10 14:27:00+09:00,116264715.49576676
2025-12-10 14:28:00+09:00,116264715.49576676
2025-12-10 14:29:00+09:00,116264715.49576676
2025-12-10 14:30:00+09:00,116264715.49576676
2025-12-10 14:31:00+09:00,116264715.49576676
2025-12-10 14:32:00+09:00,116264715.49576676
2025-12-10 14:33:00+09:00,116264715.49576676
2025-12-10 14:34:00+09:00,116264715.49576676
2025-12-10 14:35:00+09:00,116264715.49576676
2025-12-10 14:36:00+09:00,116264715.49576676
2025-12-10 14:37:00+09:00,116264715.49576676
2025-12-10 14:38:00+09:00,116264715.49576676
2025-12-10 14:39:00+09:00,116264715.49576676
2025-12-10 14:40:00+09:00,116264715.49576676
2025-12-10 14:41:00+09:00,116264715.49576676
2025-12-10 14:42:00+09:00,116264715.49576676
2025-12-10 14:43:00+09:00,116264715.49576676
2025-12-10 14:44:00+09:00,116264715.49576676
2025-12-10 14:45:00+09:00,116264715.49576676
2025-12-10 14:46:00+09:00,116264715.49576676
2025-12-10 14:47:00+09:00,116264715.49576676
2025-12-10 14:48:00+09:00,116264715.49576676
2025-12-10 14:49:00+09:00,116264715.49576676
2025-12-10 14:50:00+09:00,116264715.49576676
2025-12-10 14:51:00+09:00,116264715.49576676
2025-12-10 14:52:00+09:00,116264715.49576676
2025-12-10 14:53:00+09:00,116264715.49576676
2025-12-10 14:54:00+09:00,116264715.49576676
2025-12-10 14:55:00+09:00,116264715.49576676
2025-12-10 14:56:00+09:00,116264715.49576676
2025-12-10 14:57:00+09:00,116264715.49576676
2025-12-10 14:58:00+09:00,116264715.49576676
2025-12-10 14:59:00+09:00,116264715.49576676
2025-12-10 15:00:00+09:00,116264715.49576676
2025-12-10 15:01:00+09:00,116264715.49576676
2025-12-10 15:02:00+09:00,116264715.49576676
2025-12-10 15:03:00+09:00,116264715.49576676
2025-12-10 15:04:00+09:00,116264715.49576676
2025-12-10 15:05:00+09:00,116264715.49576676
2025-12-10 15:06:00+09:00,116264715.49576676
2025-12-10 15:07:00+09:00,116264715.49576676
2025-12-10 15:08:00+09:00,116264715.49576676
2025-12-10 15:09:00+09:00,116264715.49576676
2025-12-10 15:10:00+09:00,116264715.49576676
2025-12-10 15:11:00+09:00,116264715.49576676
2025-12-10 15:12:00+09:00,116264715.49576676
2025-12-10 15:13:00+09:00,116264715.49576676
2025-12-10 15:14:00+09:00,116264715.49576676
2025-12-10 15:15:00+09:00,116264715.49576676
2025-12-10 15:16:00+09:00,116264715.49576676
2025-12-10 15:17:00+09:00,116264715.49576676
2025-12-10 15:18:00+09:00,116264715.49576676
2025-12-10 15:19:00+09:00,116264715.49576676
2025-12-10 15:30:00+09:00,116264715.49576676
2025-12-10 15:35:00+09:00,116264715.49576676
2025-12-11 09:00:00+09:00,116264715.49576676
2025-12-11 09:01:00+09:00,116264715.49576676
2025-12-11 09:02:00+09:00,116264715.49576676
2025-12-11 09:03:00+09:00,116218209.60956846
2025-12-11 09:04:00+09:00,115229959.52785444
2025-12-11 09:05:00+09:00,114834659.49516883
2025-12-11 09:06:00+09:00,115427609.54419725
2025-12-11 09:07:00+09:00,116020559.59322567
2025-12-11 09:08:00+09:00,116218209.60956846
2025-12-11 09:09:00+09:00,116415859.62591127
2025-12-11 09:10:00+09:00,117404109.70762528
2025-12-11 09:11:00+09:00,117997059.75665368
2025-12-11 09:12:00+09:00,117997059.75665368
2025-12-11 09:13:00+09:00,117404109.70762527
2025-12-11 09:14:00+09:00,117008809.67493966
2025-12-11 09:15:00+09:00,117601759.72396807
2025-12-11 09:16:00+09:00,117997059.75665368
2025-12-11 09:17:00+09:00,117700584.73213948
2025-12-11 09:18:00+09:00,118194709.77299649
2025-12-11 09:19:00+09:00,117997059.75665368
2025-12-11 09:20:00+09:00,117206459.69128247
2025-12-11 09:21:00+09:00,118194709.77299649
2025-12-11 09:22:00+09:00,117997059.75665368
2025-12-11 09:23:00+09:00,116811159.65859686
2025-12-11 09:24:00+09:00,117206459.69128245
2025-12-11 09:25:00+09:00,116811159.65859684
2025-12-11 09:26:00+09:00,116415859.62591124
2025-12-11 09:27:00+09:00,116020559.59322563
2025-12-11 09:28:00+09:00,116415859.62591124
2025-12-11 09:29:00+09:00,116811159.65859684
2025-12-11 09:30:00+09:00,116218209.60956843
2025-12-11 09:31:00+09:00,116415859.62591124
2025-12-11 09:32:00+09:00,117404109.70762525
2025-12-11 09:33:00+09:00,117601759.72396806
2025-12-11 09:34:00+09:00,117799409.74031086
2025-12-11 09:35:00+09:00,117997059.75665367
2025-12-11 09:36:00+09:00,117206459.69128245
2025-12-11 09:37:00+09:00,117206459.69128245
2025-12-11 09:38:00+09:00,117008809.67493965
2025-12-11 09:39:00+09:00,117404109.70762524
2025-12-11 09:40:00+09:00,117601759.72396804
2025-12-11 09:41:00+09:00,116811159.65859683
2025-12-11 09:42:00+09:00,116415859.62591122
2025-12-11 09:43:00+09:00,116218209.60956842
2025-12-11 09:44:00+09:00,116415859.62591122
2025-12-11 09:45:00+09:00,116415859.62591122
2025-12-11 09:46:00+09:00,116218209.60956842
2025-12-11 09:47:00+09:00,116020559.59322561
2025-12-11 09:48:00+09:00,116613509.64225401
2025-12-11 09:49:00+09:00,116415859.6259112
2025-12-11 09:50:00+09:00,116613509.642254
2025-12-11 09:51:00+09:00,116613509.642254
2025-12-11 09:52:00+09:00,116218209.60956839
2025-12-11 09:53:00+09:00,116415859.62591119
2025-12-11 09:54:00+09:00,115707304.08232386
2025-12-11 09:55:00+09:00,115707304.08232386
2025-12-11 09:56:00+09:00,115707304.08232386
2025-12-11 09:57:00+09:00,115707304.08232386
2025-12-11 09:58:00+09:00,115707304.08232386
2025-12-11 09:59:00+09:00,115707304.08232386
2025-12-11 10:00:00+09:00,115707304.08232386
2025-12-11 10:01:00+09:00,115707304.08232386
2025-12-11 10:02:00+09:00,115707304.08232386
2025-12-11 10:03:00+09:00,115707304.08232386
2025-12-11 10:04:00+09:00,115707304.08232386
2025-12-11 10:05:00+09:00,115707304.08232386
2025-12-11 10:06:00+09:00,115707304.08232386
2025-12-11 10:07:00+09:00,115707304.08232386
2025-12-11 10:08:00+09:00,115707304.08232386
2025-12-11 10:09:00+09:00,115707304.08232386
2025-12-11 10:10:00+09:00,115707304.08232386
2025-12-11 10:11:00+09:00,115707304.08232386
2025-12-11 10:12:00+09:00,115707304.08232386
2025-12-11 10:13:00+09:00,115707304.08232386
2025-12-11 10:14:00+09:00,115707304.08232386
2025-12-11 10:15:00+09:00,115707304.08232386
2025-12-11 10:16:00+09:00,115707304.08232386
2025-12-11 10:17:00+09:00,115707304.08232386
2025-12-11 10:18:00+09:00,115707304.08232386
2025-12-11 10:19:00+09:00,115707304.08232386
2025-12-11 10:20:00+09:00,115707304.08232386
2025-12-11 10:21:00+09:00,115707304.08232386
2025-12-11 10:22:00+09:00,115707304.08232386
2025-12-11 10:23:00+09:00,115707304.08232386
2025-12-11 10:24:00+09:00,115707304.08232386
2025-12-11 10:25:00+09:00,115707304.08232386
2025-12-11 10:26:00+09:00,115707304.08232386
2025-12-11 10:27:00+09:00,115707304.08232386
2025-12-11 10:28:00+09:00,115707304.08232386
2025-12-11 10:29:00+09:00,115707304.08232386
2025-12-11 10:30:00+09:00,115707304.08232386
2025-12-11 10:31:00+09:00,115707304.08232386
2025-12-11 10:32:00+09:00,115707304.08232386
2025-12-11 10:33:00+09:00,115707304.08232386
2025-12-11 10:34:00+09:00,115707304.08232386
2025-12-11 10:35:00+09:00,115707304.08232386
2025-12-11 10:36:00+09:00,115707304.08232386
2025-12-11 10:37:00+09:00,115707304.08232386
2025-12-11 10:38:00+09:00,115707304.08232386
2025-12-11 10:39:00+09:00,115707304.08232386
2025-12-11 10:40:00+09:00,115707304.08232386
2025-12-11 10:41:00+09:00,115707304.08232386
2025-12-11 10:42:00+09:00,115707304.08232386
2025-12-11 10:43:00+09:00,115707304.08232386
2025-12-11 10:44:00+09:00,115707304.08232386
2025-12-11 10:45:00+09:00,115707304.08232386
2025-12-11 10:46:00+09:00,115707304.08232386
2025-12-11 10:47:00+09:00,115707304.08232386
2025-12-11 10:48:00+09:00,115707304.08232386
2025-12-11 10:49:00+09:00,115707304.08232386
2025-12-11 10:50:00+09:00,115707304.08232386
2025-12-11 10:51:00+09:00,115707304.08232386
2025-12-11 10:52:00+09:00,115707304.08232386
2025-12-11 10:53:00+09:00,115707304.08232386
2025-12-11 10:54:00+09:00,115707304.08232386
2025-12-11 10:55:00+09:00,115707304.08232386
2025-12-11 10:56:00+09:00,115707304.08232386
2025-12-11 10:57:00+09:00,115707304.08232386
2025-12-11 10:58:00+09:00,115707304.08232386
2025-12-11 10:59:00+09:00,115707304.08232386
2025-12-11 11:00:00+09:00,115707304.08232386
2025-12-11 11:01:00+09:00,115707304.08232386
2025-12-11 11:02:00+09:00,115707304.08232386
2025-12-11 11:03:00+09:00,115707304.08232386
2025-12-11 11:04:00+09:00,115707304.08232386
2025-12-11 11:05:00+09:00,115707304.08232386
2025-12-11 11:06:00+09:00,115707304.08232386
2025-12-11 11:07:00+09:00,115707304.08232386
2025-12-11 11:08:00+09:00,115707304.08232386
2025-12-11 11:09:00+09:00,115707304.08232386
2025-12-11 11:10:00+09:00,115707304.08232386
2025-12-11 11:11:00+09:00,115707304.08232386
2025-12-11 11:12:00+09:00,115707304.08232386
2025-12-11 11:13:00+09:00,115707304.08232386
2025-12-11 11:14:00+09:00,115707304.08232386
2025-12-11 11:15:00+09:00,115707304.08232386
2025-12-11 11:16:00+09:00,115707304.08232386
2025-12-11 11:17:00+09:00,115707304.08232386
2025-12-11 11:18:00+09:00,115707304.08232386
2025-12-11 11:19:00+09:00,115707304.08232386
2025-12-11 11:20:00+09:00,115707304.08232386
2025-12-11 11:21:00+09:00,115707304.08232386
2025-12-11 11:22:00+09:00,115707304.08232386
2025-12-11 11:23:00+09:00,115707304.08232386
2025-12-11 11:24:00+09:00,115707304.08232386
2025-12-11 11:25:00+09:00,115707304.08232386
2025-12-11 11:26:00+09:00,115707304.08232386
2025-12-11 11:27:00+09:00,115707304.08232386
2025-12-11 11:28:00+09:00,115707304.08232386
2025-12-11 11:29:00+09:00,115707304.08232386
2025-12-11 11:30:00+09:00,115707304.08232386
2025-12-11 11:31:00+09:00,115661021.16069093
2025-12-11 11:32:00+09:00,115661021.16069093
2025-12-11 11:33:00+09:00,115860093.48626873
2025-12-11 11:34:00+09:00,115661021.16069095
2025-12-11 11:35:00+09:00,115461948.83511317
2025-12-11 11:36:00+09:00,115461948.83511317
2025-12-11 11:37:00+09:00,115150201.57325836
2025-12-11 11:38:00+09:00,115150201.57325836
2025-12-11 11:39:00+09:00,115150201.57325836
2025-12-11 11:40:00+09:00,115150201.57325836
2025-12-11 11:41:00+09:00,115150201.57325836
2025-12-11 11:42:00+09:00,115150201.57325836
2025-12-11 11:43:00+09:00,115150201.57325836
2025-12-11 11:44:00+09:00,115150201.57325836
2025-12-11 11:45:00+09:00,115150201.57325836
2025-12-11 11:46:00+09:00,115150201.57325836
2025-12-11 11:47:00+09:00,115150201.57325836
2025-12-11 11:48:00+09:00,115150201.57325836
2025-12-11 11:49:00+09:00,115150201.57325836
2025-12-11 11:50:00+09:00,115150201.57325836
2025-12-11 11:51:00+09:00,115150201.57325836
2025-12-11 11:52:00+09:00,115150201.57325836
2025-12-11 11:53:00+09:00,115150201.57325836
2025-12-11 11:54:00+09:00,115150201.57325836
2025-12-11 11:55:00+09:00,115150201.57325836
2025-12-11 11:56:00+09:00,115150201.57325836
2025-12-11 11:57:00+09:00,115150201.57325836
2025-12-11 11:58:00+09:00,115150201.57325836
2025-12-11 11:59:00+09:00,115150201.57325836
2025-12-11 12:00:00+09:00,115150201.57325836
2025-12-11 12:01:00+09:00,115150201.57325836
2025-12-11 12:02:00+09:00,115150201.57325836
2025-12-11 12:03:00+09:00,115150201.57325836
2025-12-11 12:04:00+09:00,115150201.57325836
2025-12-11 12:05:00+09:00,115150201.57325836
2025-12-11 12:06:00+09:00,115150201.57325836
2025-12-11 12:07:00+09:00,115150201.57325836
2025-12-11 12:08:00+09:00,115150201.57325836
2025-12-11 12:09:00+09:00,115150201.57325836
2025-12-11 12:10:00+09:00,115150201.57325836
2025-12-11 12:11:00+09:00,115150201.57325836
2025-12-11 12:12:00+09:00,115150201.57325836
2025-12-11 12:13:00+09:00,115150201.57325836
2025-12-11 12:14:00+09:00,115150201.57325836
2025-12-11 12:15:00+09:00,115150201.57325836
2025-12-11 12:16:00+09:00,115150201.57325836
2025-12-11 12:17:00+09:00,115150201.57325836
2025-12-11 12:18:00+09:00,115150201.57325836
2025-12-11 12:19:00+09:00,115150201.57325836
2025-12-11 12:20:00+09:00,115150201.57325836
2025-12-11 12:21:00+09:00,115150201.57325836
2025-12-11 12:22:00+09:00,115150201.57325836
2025-12-11 12:23:00+09:00,115150201.57325836
2025-12-11 12:24:00+09:00,115150201.57325836
2025-12-11 12:25:00+09:00,115150201.57325836
2025-12-11 12:26:00+09:00,115150201.57325836
2025-12-11 12:27:00+09:00,115150201.57325836
2025-12-11 12:28:00+09:00,115150201.57325836
2025-12-11 12:29:00+09:00,115150201.57325836
2025-12-11 12:30:00+09:00,115150201.57325836
2025-12-11 12:31:00+09:00,115150201.57325836
2025-12-11 12:32:00+09:00,115150201.57325836
2025-12-11 12:33:00+09:00,115150201.57325836
2025-12-11 12:34:00+09:00,115150201.57325836
2025-12-11 12:35:00+09:00,115150201.57325836
2025-12-11 12:36:00+09:00,115150201.57325836
2025-12-11 12:37:00+09:00,115150201.57325836
2025-12-11 12:38:00+09:00,115150201.57325836
2025-12-11 12:39:00+09:00,115150201.57325836
2025-12-11 12:40:00+09:00,115150201.57325836
2025-12-11 12:41:00+09:00,115150201.57325836
2025-12-11 12:42:00+09:00,115150201.57325836
2025-12-11 12:43:00+09:00,115150201.57325836
2025-12-11 12:44:00+09:00,115150201.57325836
2025-12-11 12:45:00+09:00,115150201.57325836
2025-12-11 12:46:00+09:00,115150201.57325836
2025-12-11 12:47:00+09:00,115150201.57325836
2025-12-11 12:48:00+09:00,115150201.57325836
2025-12-11 12:49:00+09:00,115150201.57325836
2025-12-11 12:50:00+09:00,115150201.57325836
2025-12-11 12:51:00+09:00,115150201.57325836
2025-12-11 12:52:00+09:00,115150201.57325836
2025-12-11 12:53:00+09:00,115150201.57325836
2025-12-11 12:54:00+09:00,115150201.57325836
2025-12-11 12:55:00+09:00,115150201.57325836
2025-12-11 12:56:00+09:00,115150201.57325836
2025-12-11 12:57:00+09:00,115150201.57325836
2025-12-11 12:58:00+09:00,115150201.57325836
2025-12-11 12:59:00+09:00,115150201.57325836
2025-12-11 13:00:00+09:00,115150201.57325836
2025-12-11 13:01:00+09:00,115150201.57325836
2025-12-11 13:02:00+09:00,115150201.57325836
2025-12-11 13:03:00+09:00,115150201.57325836
2025-12-11 13:04:00+09:00,115150201.57325836
2025-12-11 13:05:00+09:00,115150201.57325836
2025-12-11 13:06:00+09:00,115150201.57325836
2025-12-11 13:07:00+09:00,115150201.57325836
2025-12-11 13:08:00+09:00,115150201.57325836
2025-12-11 13:09:00+09:00,115150201.57325836
2025-12-11 13:10:00+09:00,115150201.57325836
2025-12-11 13:11:00+09:00,115150201.57325836
2025-12-11 13:12:00+09:00,115150201.57325836
2025-12-11 13:13:00+09:00,115150201.57325836
2025-12-11 13:14:00+09:00,115150201.57325836
2025-12-11 13:15:00+09:00,115150201.57325836
2025-12-11 13:16:00+09:00,115150201.57325836
2025-12-11 13:17:00+09:00,115150201.57325836
2025-12-11 13:18:00+09:00,115104141.49262905
2025-12-11 13:19:00+09:00,114905343.32079378
2025-12-11 13:20:00+09:00,114905343.32079378
2025-12-11 13:21:00+09:00,114905343.32079378
2025-12-11 13:22:00+09:00,114905343.32079378
2025-12-11 13:23:00+09:00,114706545.14895849
2025-12-11 13:24:00+09:00,114308948.80528793
2025-12-11 13:25:00+09:00,114905343.32079378
2025-12-11 13:26:00+09:00,114507746.9771232
2025-12-11 13:27:00+09:00,114507746.9771232
2025-12-11 13:28:00+09:00,114706545.14895849
2025-12-11 13:29:00+09:00,114905343.32079378
2025-12-11 13:30:00+09:00,114507746.9771232
2025-12-11 13:31:00+09:00,114507746.9771232
2025-12-11 13:32:00+09:00,114507746.9771232
2025-12-11 13:33:00+09:00,114507746.9771232
2025-12-11 13:34:00+09:00,114905343.32079378
2025-12-11 13:35:00+09:00,114706545.14895849
2025-12-11 13:36:00+09:00,114507746.9771232
2025-12-11 13:37:00+09:00,114507746.9771232
2025-12-11 13:38:00+09:00,114507746.9771232
2025-12-11 13:39:00+09:00,114507746.9771232
2025-12-11 13:40:00+09:00,114308948.80528791
2025-12-11 13:41:00+09:00,114507746.9771232
2025-12-11 13:42:00+09:00,114308948.80528791
2025-12-11 13:43:00+09:00,114905343.32079376
2025-12-11 13:44:00+09:00,115203540.5785467
2025-12-11 13:45:00+09:00,114905343.32079378
2025-12-11 13:46:00+09:00,115104141.49262905
2025-12-11 13:47:00+09:00,114706545.14895847
2025-12-11 13:48:00+09:00,114905343.32079376
2025-12-11 13:49:00+09:00,114905343.32079376
2025-12-11 13:50:00+09:00,114805944.23487613
2025-12-11 13:51:00+09:00,114905343.32079378
2025-12-11 13:52:00+09:00,114706545.14895849
2025-12-11 13:53:00+09:00,114507746.9771232
2025-12-11 13:54:00+09:00,114507746.9771232
2025-12-11 13:55:00+09:00,114706545.14895849
2025-12-11 13:56:00+09:00,114507746.9771232
2025-12-11 13:57:00+09:00,114507746.9771232
2025-12-11 13:58:00+09:00,114110150.63345264
2025-12-11 13:59:00+09:00,114110150.63345264
2025-12-11 14:00:00+09:00,114000314.64351365
2025-12-11 14:01:00+09:00,114000314.64351365
2025-12-11 14:02:00+09:00,114000314.64351365
2025-12-11 14:03:00+09:00,114000314.64351365
2025-12-11 14:04:00+09:00,114000314.64351365
2025-12-11 14:05:00+09:00,114000314.64351365
2025-12-11 14:06:00+09:00,114000314.64351365
2025-12-11 14:07:00+09:00,114000314.64351365
2025-12-11 14:08:00+09:00,114000314.64351365
2025-12-11 14:09:00+09:00,114000314.64351365
2025-12-11 14:10:00+09:00,114000314.64351365
2025-12-11 14:11:00+09:00,113954714.51765625
2025-12-11 14:12:00+09:00,113954714.51765625
2025-12-11 14:13:00+09:00,114151868.0029809
2025-12-11 14:14:00+09:00,114151868.0029809
2025-12-11 14:15:00+09:00,113757561.03233157
2025-12-11 14:16:00+09:00,113954714.51765624
2025-12-11 14:17:00+09:00,114040279.13028714
2025-12-11 14:18:00+09:00,114040279.13028714
2025-12-11 14:19:00+09:00,114040279.13028714
2025-12-11 14:20:00+09:00,114040279.13028714
2025-12-11 14:21:00+09:00,114040279.13028714
2025-12-11 14:22:00+09:00,114040279.13028714
2025-12-11 14:23:00+09:00,114040279.13028714
2025-12-11 14:24:00+09:00,114040279.13028714
2025-12-11 14:25:00+09:00,114040279.13028714
2025-12-11 14:26:00+09:00,114040279.13028714
2025-12-11 14:27:00+09:00,114040279.13028714
2025-12-11 14:28:00+09:00,114040279.13028714
2025-12-11 14:29:00+09:00,114040279.13028714
2025-12-11 14:30:00+09:00,114040279.13028714
2025-12-11 14:31:00+09:00,114040279.13028714
2025-12-11 14:32:00+09:00,114040279.13028714
2025-12-11 14:33:00+09:00,114040279.13028714
2025-12-11 14:34:00+09:00,114040279.13028714
2025-12-11 14:35:00+09:00,114040279.13028714
2025-12-11 14:36:00+09:00,114040279.13028714
2025-12-11 14:37:00+09:00,114040279.13028714
2025-12-11 14:38:00+09:00,114040279.13028714
2025-12-11 14:39:00+09:00,114040279.13028714
2025-12-11 14:40:00+09:00,114040279.13028714
2025-12-11 14:41:00+09:00,114040279.13028714
2025-12-11 14:42:00+09:00,114040279.13028714
2025-12-11 14:43:00+09:00,114040279.13028714
2025-12-11 14:44:00+09:00,114040279.13028714
2025-12-11 14:45:00+09:00,114040279.13028714
2025-12-11 14:46:00+09:00,114040279.13028714
2025-12-11 14:47:00+09:00,114040279.13028714
2025-12-11 14:48:00+09:00,114040279.13028714
2025-12-11 14:49:00+09:00,114040279.13028714
2025-12-11 14:50:00+09:00,114040279.13028714
2025-12-11 14:51:00+09:00,114040279.13028714
2025-12-11 14:52:00+09:00,114040279.13028714
2025-12-11 14:53:00+09:00,114040279.13028714
2025-12-11 14:54:00+09:00,114040279.13028714
2025-12-11 14:55:00+09:00,114040279.13028714
2025-12-11 14:56:00+09:00,114040279.13028714
2025-12-11 14:57:00+09:00,114040279.13028714
2025-12-11 14:58:00+09:00,114040279.13028714
2025-12-11 14:59:00+09:00,114040279.13028714
2025-12-11 15:00:00+09:00,114040279.13028714
2025-12-11 15:01:00+09:00,114040279.13028714
2025-12-11 15:02:00+09:00,114040279.13028714
2025-12-11 15:03:00+09:00,114040279.13028714
2025-12-11 15:04:00+09:00,114040279.13028714
2025-12-11 15:05:00+09:00,114040279.13028714
2025-12-11 15:06:00+09:00,114040279.13028714
2025-12-11 15:07:00+09:00,114040279.13028714
2025-12-11 15:08:00+09:00,114040279.13028714
2025-12-11 15:09:00+09:00,114040279.13028714
2025-12-11 15:10:00+09:00,114040279.13028714
2025-12-11 15:11:00+09:00,114040279.13028714
2025-12-11 15:12:00+09:00,114040279.13028714
2025-12-11 15:13:00+09:00,114040279.13028714
2025-12-11 15:14:00+09:00,114040279.13028714
2025-12-11 15:15:00+09:00,114040279.13028714
2025-12-11 15:16:00+09:00,114040279.13028714
2025-12-11 15:17:00+09:00,114040279.13028714
2025-12-11 15:18:00+09:00,114040279.13028714
2025-12-11 15:19:00+09:00,114040279.13028714
2025-12-11 15:30:00+09:00,114040279.13028714
2025-12-11 15:35:00+09:00,114040279.13028714
2025-12-12 09:00:00+09:00,114040279.13028714
2025-12-12 09:01:00+09:00,114040279.13028714
2025-12-12 09:02:00+09:00,114040279.13028714
2025-12-12 09:03:00+09:00,114040279.13028714
2025-12-12 09:04:00+09:00,114040279.13028714
2025-12-12 09:05:00+09:00,114040279.13028714
2025-12-12 09:06:00+09:00,114040279.13028714
2025-12-12 09:07:00+09:00,114040279.13028714
2025-12-12 09:08:00+09:00,114040279.13028714
2025-12-12 09:09:00+09:00,114040279.13028714
2025-12-12 09:10:00+09:00,113994663.01863503
2025-12-12 09:11:00+09:00,113799131.86422914
2025-12-12 09:12:00+09:00,112821476.09219968
2025-12-12 09:13:00+09:00,112821476.09219968
2025-12-12 09:14:00+09:00,112430413.7833879
2025-12-12 09:15:00+09:00,112430413.7833879
2025-12-12 09:16:00+09:00,112625944.9377938
2025-12-12 09:17:00+09:00,113017007.2466056
2025-12-12 09:18:00+09:00,113799131.86422919
2025-12-12 09:19:00+09:00,113603600.7098233
2025-12-12 09:20:00+09:00,113799131.8642292
2025-12-12 09:21:00+09:00,113603600.70982331
2025-12-12 09:22:00+09:00,113017007.24660563
2025-12-12 09:23:00+09:00,112821476.09219974
2025-12-12 09:24:00+09:00,113017007.24660563
2025-12-12 09:25:00+09:00,113017007.24660563
2025-12-12 09:26:00+09:00,113408069.55541742
2025-12-12 09:27:00+09:00,113603600.70982331
2025-12-12 09:28:00+09:00,113212538.40101153
2025-12-12 09:29:00+09:00,113994663.01863511
2025-12-12 09:30:00+09:00,114385725.3274469
2025-12-12 09:31:00+09:00,114385725.3274469
2025-12-12 09:32:00+09:00,114385725.3274469
2025-12-12 09:33:00+09:00,114581256.48185278
2025-12-12 09:34:00+09:00,114679022.05905575
2025-12-12 09:35:00+09:00,114385725.32744691
2025-12-12 09:36:00+09:00,115363381.09947637
2025-12-12 09:37:00+09:00,116145505.71709992
2025-12-12 09:38:00+09:00,116145505.71709992
2025-12-12 09:39:00+09:00,116145505.71709992
2025-12-12 09:40:00+09:00,117514223.79794115
2025-12-12 09:41:00+09:00,117709754.95234704
2025-12-12 09:42:00+09:00,116927630.33472347
2025-12-12 09:43:00+09:00,116732099.18031758
2025-12-12 09:44:00+09:00,116732099.18031758
2025-12-12 09:45:00+09:00,116732099.18031758
2025-12-12 09:46:00+09:00,117611989.37514411
2025-12-12 09:47:00+09:00,117123161.48912938
2025-12-12 09:48:00+09:00,116732099.1803176
2025-12-12 09:49:00+09:00,115949974.56269403
2025-12-12 09:50:00+09:00,115558912.25388224
2025-12-12 09:51:00+09:00,114972318.79066457
2025-12-12 09:52:00+09:00,114972318.79066457
2025-12-12 09:53:00+09:00,114972318.79066457
2025-12-12 09:54:00+09:00,115754443.40828814
2025-12-12 09:55:00+09:00,115167849.94507046
2025-12-12 09:56:00+09:00,115363381.09947634
2025-12-12 09:57:00+09:00,115558912.25388224
2025-12-12 09:58:00+09:00,116341036.87150583
2025-12-12 09:59:00+09:00,116536568.02591172
2025-12-12 10:00:00+09:00,116145505.71709993
2025-12-12 10:01:00+09:00,115754443.40828815
2025-12-12 10:02:00+09:00,116438802.44870876
2025-12-12 10:03:00+09:00,116145505.71709992
2025-12-12 10:04:00+09:00,115949974.56269403
2025-12-12 10:05:00+09:00,115558912.25388224
2025-12-12 10:06:00+09:00,116145505.7170999
2025-12-12 10:07:00+09:00,115949974.56269401
2025-12-12 10:08:00+09:00,115949974.56269401
2025-12-12 10:09:00+09:00,116732099.1803176
2025-12-12 10:10:00+09:00,117123161.4891294
2025-12-12 10:11:00+09:00,116732099.18031761
2025-12-12 10:12:00+09:00,116536568.02591172
2025-12-12 10:13:00+09:00,116927630.3347235
2025-12-12 10:14:00+09:00,116829864.75752056
2025-12-12 10:15:00+09:00,116536568.02591172
2025-12-12 10:16:00+09:00,116927630.3347235
2025-12-12 10:17:00+09:00,118296348.41556476
2025-12-12 10:18:00+09:00,120056128.80521779
2025-12-12 10:19:00+09:00,120447191.11402957
2025-12-12 10:20:00+09:00,119665066.496406
2025-12-12 10:21:00+09:00,119469535.34200011
2025-12-12 10:22:00+09:00,121229315.73165315
2025-12-12 10:23:00+09:00,122793564.96690029
2025-12-12 10:25:00+09:00,122011440.34927672
2025-12-12 10:26:00+09:00,122989096.12130618
2025-12-12 10:27:00+09:00,122402502.6580885
2025-12-12 10:28:00+09:00,122402502.6580885
2025-12-12 10:29:00+09:00,122011440.34927672
2025-12-12 10:30:00+09:00,123771220.73892975
2025-12-12 10:31:00+09:00,123575689.58452386
2025-12-12 10:32:00+09:00,123771220.73892975
2025-12-12 10:33:00+09:00,123771220.73892975
2025-12-12 10:34:00+09:00,123380158.43011796
2025-12-12 10:35:00+09:00,123380158.43011796
2025-12-12 10:36:00+09:00,122793564.96690029
2025-12-12 10:37:00+09:00,123771220.73892976
2025-12-12 10:38:00+09:00,123575689.58452387
2025-12-12 10:39:00+09:00,123771220.73892976
2025-12-12 10:40:00+09:00,123184627.27571209
2025-12-12 10:41:00+09:00,124553345.35655333
2025-12-12 10:42:00+09:00,126117594.59180048
2025-12-12 10:43:00+09:00,124944407.66536513
2025-12-12 10:44:00+09:00,125531001.12858282
2025-12-12 10:45:00+09:00,126508656.90061228
2025-12-12 10:46:00+09:00,126313125.74620639
2025-12-12 10:47:00+09:00,129637155.37110656
2025-12-12 10:48:00+09:00,131201404.6063537
2025-12-12 10:49:00+09:00,131396935.7607596
2025-12-12 10:50:00+09:00,129637155.37110658
2025-12-12 10:51:00+09:00,129246093.0622948
2025-12-12 10:52:00+09:00,129637155.37110658
2025-12-12 10:53:00+09:00,130223748.83432426
2025-12-12 10:54:00+09:00,131201404.60635372
2025-12-12 10:55:00+09:00,132374591.53278908
2025-12-12 10:56:00+09:00,134134371.92244212
2025-12-12 10:57:00+09:00,133352247.30481856
2025-12-12 10:58:00+09:00,132961184.99600677
2025-12-12 10:59:00+09:00,131396935.76075964
2025-12-12 11:00:00+09:00,132179060.3783832
2025-12-12 11:01:00+09:00,131983529.22397731
2025-12-12 11:02:00+09:00,131592466.91516553
2025-12-12 11:03:00+09:00,131005873.45194785
2025-12-12 11:04:00+09:00,131396935.76075962
2025-12-12 11:05:00+09:00,132765653.84160088
2025-12-12 11:06:00+09:00,131592466.91516553
2025-12-12 11:07:00+09:00,131005873.45194785
2025-12-12 11:08:00+09:00,131201404.60635376
2025-12-12 11:09:00+09:00,130223748.8343243
2025-12-12 11:10:00+09:00,130419279.98873018
2025-12-12 11:11:00+09:00,131005873.45194785
2025-12-12 11:12:00+09:00,130810342.29754196
2025-12-12 11:13:00+09:00,130810342.29754196
2025-12-12 11:14:00+09:00,130419279.98873018
2025-12-12 11:15:00+09:00,131396935.76075962
2025-12-12 11:16:00+09:00,131787998.0695714
2025-12-12 11:17:00+09:00,131396935.76075962
2025-12-12 11:18:00+09:00,131396935.76075962
2025-12-12 11:19:00+09:00,131201404.60635373
2025-12-12 11:20:00+09:00,131201404.60635373
2025-12-12 11:21:00+09:00,130614811.14313605
2025-12-12 11:22:00+09:00,130028217.67991838
2025-12-12 11:23:00+09:00,130614811.14313607
2025-12-12 11:24:00+09:00,130810342.29754196
2025-12-12 11:25:00+09:00,131396935.76075964
2025-12-12 11:26:00+09:00,131201404.60635374
2025-12-12 11:27:00+09:00,131201404.60635374
2025-12-12 11:28:00+09:00,131005873.45194785
2025-12-12 11:29:00+09:00,130419279.98873018
2025-12-12 11:30:00+09:00,131592466.91516551
2025-12-12 11:31:00+09:00,131592466.91516551
2025-12-12 11:32:00+09:00,131983529.2239773
2025-12-12 11:33:00+09:00,131592466.91516551
2025-12-12 11:34:00+09:00,131396935.76075962
2025-12-12 11:35:00+09:00,131592466.91516553
2025-12-12 11:36:00+09:00,131005873.45194785
2025-12-12 11:37:00+09:00,130810342.29754196
2025-12-12 11:38:00+09:00,131201404.60635373
2025-12-12 11:39:00+09:00,131005873.45194784
2025-12-12 11:40:00+09:00,131005873.45194784
2025-12-12 11:41:00+09:00,129832686.52551249
2025-12-12 11:42:00+09:00,130614811.14313607
2025-12-12 11:43:00+09:00,129872144.7124716
2025-12-12 11:44:00+09:00,129872144.7124716
2025-12-12 11:45:00+09:00,129872144.7124716
2025-12-12 11:46:00+09:00,129872144.7124716
2025-12-12 11:47:00+09:00,129872144.7124716
2025-12-12 11:48:00+09:00,129872144.7124716
2025-12-12 11:49:00+09:00,129872144.7124716
2025-12-12 11:50:00+09:00,129872144.7124716
2025-12-12 11:51:00+09:00,129872144.7124716
2025-12-12 11:52:00+09:00,129872144.7124716
2025-12-12 11:53:00+09:00,129872144.7124716
2025-12-12 11:54:00+09:00,129872144.7124716
2025-12-12 11:55:00+09:00,129872144.7124716
2025-12-12 11:56:00+09:00,129872144.7124716
2025-12-12 11:57:00+09:00,129872144.7124716
2025-12-12 11:58:00+09:00,129872144.7124716
2025-12-12 11:59:00+09:00,129872144.7124716
2025-12-12 12:00:00+09:00,129872144.7124716
2025-12-12 12:01:00+09:00,129872144.7124716
2025-12-12 12:02:00+09:00,129872144.7124716
2025-12-12 12:03:00+09:00,129872144.7124716
2025-12-12 12:04:00+09:00,129872144.7124716
2025-12-12 12:05:00+09:00,129872144.7124716
2025-12-12 12:06:00+09:00,129872144.7124716
2025-12-12 12:07:00+09:00,129872144.7124716
2025-12-12 12:08:00+09:00,129872144.7124716
2025-12-12 12:09:00+09:00,129872144.7124716
2025-12-12 12:10:00+09:00,129872144.7124716
2025-12-12 12:11:00+09:00,129872144.7124716
2025-12-12 12:12:00+09:00,129872144.7124716
2025-12-12 12:13:00+09:00,129872144.7124716
2025-12-12 12:14:00+09:00,129872144.7124716
2025-12-12 12:15:00+09:00,129872144.7124716
2025-12-12 12:16:00+09:00,129872144.7124716
2025-12-12 12:17:00+09:00,129872144.7124716
2025-12-12 12:18:00+09:00,129872144.7124716
2025-12-12 12:19:00+09:00,129872144.7124716
2025-12-12 12:20:00+09:00,129872144.7124716
2025-12-12 12:21:00+09:00,129872144.7124716
2025-12-12 12:22:00+09:00,129872144.7124716
2025-12-12 12:23:00+09:00,129872144.7124716
2025-12-12 12:24:00+09:00,129872144.7124716
2025-12-12 12:25:00+09:00,129872144.7124716
2025-12-12 12:26:00+09:00,129872144.7124716
2025-12-12 12:27:00+09:00,129872144.7124716
2025-12-12 12:28:00+09:00,129872144.7124716
2025-12-12 12:29:00+09:00,129872144.7124716
2025-12-12 12:30:00+09:00,129872144.7124716
2025-12-12 12:31:00+09:00,129872144.7124716
2025-12-12 12:32:00+09:00,129872144.7124716
2025-12-12 12:33:00+09:00,129872144.7124716
2025-12-12 12:34:00+09:00,129872144.7124716
2025-12-12 12:35:00+09:00,129872144.7124716
2025-12-12 12:36:00+09:00,129872144.7124716
2025-12-12 12:37:00+09:00,129872144.7124716
2025-12-12 12:38:00+09:00,129872144.7124716
2025-12-12 12:39:00+09:00,129872144.7124716
2025-12-12 12:40:00+09:00,129872144.7124716
2025-12-12 12:41:00+09:00,129820195.85458662
2025-12-12 12:42:00+09:00,129433250.41239709
2025-12-12 12:43:00+09:00,129239777.69130233
2025-12-12 12:44:00+09:00,129239777.69130233
2025-12-12 12:45:00+09:00,129626723.13349186
2025-12-12 12:46:00+09:00,129820195.85458663
2025-12-12 12:47:00+09:00,129626723.13349187
2025-12-12 12:48:00+09:00,129820195.85458665
2025-12-12 12:49:00+09:00,129626723.13349189
2025-12-12 12:50:00+09:00,129433250.41239713
2025-12-12 12:51:00+09:00,129239777.69130237
2025-12-12 12:52:00+09:00,128659359.52801809
2025-12-12 12:53:00+09:00,128659359.52801809
2025-12-12 12:54:00+09:00,128852832.24911286
2025-12-12 12:55:00+09:00,128852832.24911286
2025-12-12 12:56:00+09:00,128659359.52801809
2025-12-12 12:57:00+09:00,128659359.52801809
2025-12-12 12:58:00+09:00,128852832.24911286
2025-12-12 12:59:00+09:00,128659359.52801809
2025-12-12 13:00:00+09:00,128852832.24911286
2025-12-12 13:01:00+09:00,128852832.24911286
2025-12-12 13:02:00+09:00,129239777.69130239
2025-12-12 13:03:00+09:00,129239777.69130239
2025-12-12 13:04:00+09:00,129046304.97020763
2025-12-12 13:05:00+09:00,128659359.5280181
2025-12-12 13:06:00+09:00,127885468.64363906
2025-12-12 13:07:00+09:00,127498523.20144953
2025-12-12 13:08:00+09:00,127154277.18880561
2025-12-12 13:09:00+09:00,127154277.18880561
2025-12-12 13:10:00+09:00,127154277.18880561
2025-12-12 13:11:00+09:00,127154277.18880561
2025-12-12 13:12:00+09:00,127154277.18880561
2025-12-12 13:13:00+09:00,127154277.18880561
2025-12-12 13:14:00+09:00,127154277.18880561
2025-12-12 13:15:00+09:00,127154277.18880561
2025-12-12 13:16:00+09:00,127154277.18880561
2025-12-12 13:17:00+09:00,127154277.18880561
2025-12-12 13:18:00+09:00,127154277.18880561
2025-12-12 13:19:00+09:00,127154277.18880561
2025-12-12 13:20:00+09:00,127154277.18880561
2025-12-12 13:21:00+09:00,127154277.18880561
2025-12-12 13:22:00+09:00,127154277.18880561
2025-12-12 13:23:00+09:00,127154277.18880561
2025-12-12 13:24:00+09:00,127154277.18880561
2025-12-12 13:25:00+09:00,127154277.18880561
2025-12-12 13:26:00+09:00,127154277.18880561
2025-12-12 13:27:00+09:00,127154277.18880561
2025-12-12 13:28:00+09:00,127154277.18880561
2025-12-12 13:29:00+09:00,127154277.18880561
2025-12-12 13:30:00+09:00,127154277.18880561
2025-12-12 13:31:00+09:00,127154277.18880561
2025-12-12 13:32:00+09:00,127154277.18880561
2025-12-12 13:33:00+09:00,127154277.18880561
2025-12-12 13:34:00+09:00,127154277.18880561
2025-12-12 13:35:00+09:00,127154277.18880561
2025-12-12 13:36:00+09:00,127154277.18880561
2025-12-12 13:37:00+09:00,127154277.18880561
2025-12-12 13:38:00+09:00,127154277.18880561
2025-12-12 13:39:00+09:00,127154277.18880561
2025-12-12 13:40:00+09:00,127154277.18880561
2025-12-12 13:41:00+09:00,127154277.18880561
2025-12-12 13:42:00+09:00,127154277.18880561
2025-12-12 13:43:00+09:00,127154277.18880561
2025-12-12 13:44:00+09:00,127154277.18880561
2025-12-12 13:45:00+09:00,127154277.18880561
2025-12-12 13:46:00+09:00,127154277.18880561
2025-12-12 13:47:00+09:00,127154277.18880561
2025-12-12 13:48:00+09:00,127154277.18880561
2025-12-12 13:49:00+09:00,127154277.18880561
2025-12-12 13:50:00+09:00,127154277.18880561
2025-12-12 13:51:00+09:00,127154277.18880561
2025-12-12 13:52:00+09:00,127154277.18880561
2025-12-12 13:53:00+09:00,127154277.18880561
2025-12-12 13:54:00+09:00,127154277.18880561
2025-12-12 13:55:00+09:00,127154277.18880561
2025-12-12 13:56:00+09:00,127154277.18880561
2025-12-12 13:57:00+09:00,127154277.18880561
2025-12-12 13:58:00+09:00,127154277.18880561
2025-12-12 13:59:00+09:00,127154277.18880561
2025-12-12 14:00:00+09:00,127154277.18880561
2025-12-12 14:01:00+09:00,127154277.18880561
2025-12-12 14:02:00+09:00,127154277.18880561
2025-12-12 14:03:00+09:00,127154277.18880561
2025-12-12 14:04:00+09:00,127154277.18880561
2025-12-12 14:05:00+09:00,127154277.18880561
2025-12-12 14:06:00+09:00,127154277.18880561
2025-12-12 14:07:00+09:00,127154277.18880561
2025-12-12 14:08:00+09:00,127154277.18880561
2025-12-12 14:09:00+09:00,127154277.18880561
2025-12-12 14:10:00+09:00,127154277.18880561
2025-12-12 14:11:00+09:00,127154277.18880561
2025-12-12 14:12:00+09:00,127154277.18880561
2025-12-12 14:13:00+09:00,127154277.18880561
2025-12-12 14:14:00+09:00,127154277.18880561
2025-12-12 14:15:00+09:00,127154277.18880561
2025-12-12 14:16:00+09:00,127154277.18880561
2025-12-12 14:17:00+09:00,127154277.18880561
2025-12-12 14:18:00+09:00,127154277.18880561
2025-12-12 14:19:00+09:00,127154277.18880561
2025-12-12 14:20:00+09:00,127154277.18880561
2025-12-12 14:21:00+09:00,127154277.18880561
2025-12-12 14:22:00+09:00,127154277.18880561
2025-12-12 14:23:00+09:00,127154277.18880561
2025-12-12 14:24:00+09:00,127154277.18880561
2025-12-12 14:25:00+09:00,127154277.18880561
2025-12-12 14:26:00+09:00,127154277.18880561
2025-12-12 14:27:00+09:00,127154277.18880561
2025-12-12 14:28:00+09:00,127154277.18880561
2025-12-12 14:29:00+09:00,127154277.18880561
2025-12-12 14:30:00+09:00,127154277.18880561
2025-12-12 14:31:00+09:00,127154277.18880561
2025-12-12 14:32:00+09:00,127154277.18880561
2025-12-12 14:33:00+09:00,127154277.18880561
2025-12-12 14:34:00+09:00,127154277.18880561
2025-12-12 14:35:00+09:00,127154277.18880561
2025-12-12 14:36:00+09:00,127154277.18880561
2025-12-12 14:37:00+09:00,127154277.18880561
2025-12-12 14:38:00+09:00,127154277.18880561
2025-12-12 14:39:00+09:00,127154277.18880561
2025-12-12 14:40:00+09:00,127154277.18880561
2025-12-12 14:41:00+09:00,127103415.4779301
2025-12-12 14:42:00+09:00,127494502.91016987
2025-12-12 14:43:00+09:00,127494502.91016987
2025-12-12 14:44:00+09:00,127494502.91016987
2025-12-12 14:45:00+09:00,128276677.77464944
2025-12-12 14:46:00+09:00,128472221.49076933
2025-12-12 14:47:00+09:00,128667765.20688923
2025-12-12 14:48:00+09:00,128667765.20688923
2025-12-12 14:49:00+09:00,128472221.49076933
2025-12-12 14:50:00+09:00,128667765.20688923
2025-12-12 14:51:00+09:00,128472221.49076933
2025-12-12 14:52:00+09:00,128081134.05852954
2025-12-12 14:53:00+09:00,129449940.0713688
2025-12-12 14:54:00+09:00,129449940.0713688
2025-12-12 14:55:00+09:00,129645483.7874887
2025-12-12 14:56:00+09:00,129645483.7874887
2025-12-12 14:57:00+09:00,129645483.7874887
2025-12-12 14:58:00+09:00,129449940.07136881
2025-12-12 14:59:00+09:00,129449940.07136881
2025-12-12 15:00:00+09:00,130036571.21972848
2025-12-12 15:01:00+09:00,129645483.7874887
2025-12-12 15:02:00+09:00,129547711.92942876
2025-12-12 15:03:00+09:00,129254396.35524891
2025-12-12 15:04:00+09:00,128276677.77464946
2025-12-12 15:05:00+09:00,128863308.92300914
2025-12-12 15:06:00+09:00,129058852.63912903
2025-12-12 15:07:00+09:00,128472221.49076936
2025-12-12 15:08:00+09:00,128667765.20688926
2025-12-12 15:09:00+09:00,129058852.63912906
2025-12-12 15:10:00+09:00,129547711.9294288
2025-12-12 15:11:00+09:00,129254396.35524896
2025-12-12 15:12:00+09:00,129254396.35524896
2025-12-12 15:13:00+09:00,129547711.9294288
2025-12-12 15:14:00+09:00,129058852.63912907
2025-12-12 15:15:00+09:00,129058852.63912907
2025-12-12 15:16:00+09:00,128863308.92300919
2025-12-12 15:17:00+09:00,129058852.63912907
2025-12-12 15:18:00+09:00,129058852.63912907
2025-12-12 15:19:00+09:00,128863308.92300919
2025-12-12 15:30:00+09:00,129254396.35524897
2025-12-12 15:35:00+09:00,129254396.35524897
2025-12-15 09:00:00+09:00,127690046.62628983
2025-12-15 09:01:00+09:00,130818746.0842081
2025-12-15 09:02:00+09:00,130270519.72169438
2025-12-15 09:03:00+09:00,130270519.72169438
2025-12-15 09:04:00+09:00,130270519.72169438
2025-12-15 09:05:00+09:00,130270519.72169438
2025-12-15 09:06:00+09:00,130270519.72169438
2025-12-15 09:07:00+09:00,130270519.72169438
2025-12-15 09:08:00+09:00,130270519.72169438
2025-12-15 09:09:00+09:00,130270519.72169438
2025-12-15 09:10:00+09:00,130270519.72169438
2025-12-15 09:11:00+09:00,130270519.72169438
2025-12-15 09:12:00+09:00,130270519.72169438
2025-12-15 09:13:00+09:00,130218411.5138057
2025-12-15 09:14:00+09:00,129246632.32340416
2025-12-15 09:15:00+09:00,130024055.67572539
2025-12-15 09:16:00+09:00,130607123.1899663
2025-12-15 09:17:00+09:00,131190190.70420724
2025-12-15 09:18:00+09:00,129635343.99956478
2025-12-15 09:19:00+09:00,129635343.99956478
2025-12-15 09:20:00+09:00,129052276.48532386
2025-12-15 09:21:00+09:00,130218411.51380569
2025-12-15 09:22:00+09:00,130607123.18996629
2025-12-15 09:23:00+09:00,130218411.51380567
2025-12-15 09:24:00+09:00,131190190.7042072
2025-12-15 09:25:00+09:00,130801479.02804658
2025-12-15 09:26:00+09:00,130607123.18996628
2025-12-15 09:27:00+09:00,130607123.18996628
2025-12-15 09:28:00+09:00,131773258.21844812
2025-12-15 09:29:00+09:00,130412767.35188597
2025-12-15 09:30:00+09:00,130801479.02804658
2025-12-15 09:31:00+09:00,130412767.35188596
2025-12-15 09:32:00+09:00,129829699.83764504
2025-12-15 09:33:00+09:00,129829699.83764504
2025-12-15 09:34:00+09:00,130024055.67572534
2025-12-15 09:35:00+09:00,129246632.32340412
2025-12-15 09:36:00+09:00,128857920.64724351
2025-12-15 09:37:00+09:00,129829699.83764504
2025-12-15 09:38:00+09:00,128897666.41613092
2025-12-15 09:39:00+09:00,128897666.41613092
2025-12-15 09:40:00+09:00,128897666.41613092
2025-12-15 09:41:00+09:00,128897666.41613092
2025-12-15 09:42:00+09:00,128897666.41613092
2025-12-15 09:43:00+09:00,128897666.41613092
2025-12-15 09:44:00+09:00,128897666.41613092
2025-12-15 09:45:00+09:00,128897666.41613092
2025-12-15 09:46:00+09:00,128897666.41613092
2025-12-15 09:47:00+09:00,128897666.41613092
2025-12-15 09:48:00+09:00,128897666.41613092
2025-12-15 09:49:00+09:00,128897666.41613092
2025-12-15 09:50:00+09:00,128897666.41613092
2025-12-15 09:51:00+09:00,128897666.41613092
2025-12-15 09:52:00+09:00,128897666.41613092
2025-12-15 09:53:00+09:00,128897666.41613092
2025-12-15 09:54:00+09:00,128897666.41613092
2025-12-15 09:55:00+09:00,128897666.41613092
2025-12-15 09:56:00+09:00,128897666.41613092
2025-12-15 09:57:00+09:00,128897666.41613092
2025-12-15 09:58:00+09:00,128897666.41613092
2025-12-15 09:59:00+09:00,128897666.41613092
2025-12-15 10:00:00+09:00,128897666.41613092
2025-12-15 10:01:00+09:00,128897666.41613092
2025-12-15 10:02:00+09:00,128897666.41613092
2025-12-15 10:03:00+09:00,128897666.41613092
2025-12-15 10:04:00+09:00,128897666.41613092
2025-12-15 10:05:00+09:00,128897666.41613092
2025-12-15 10:06:00+09:00,128897666.41613092
2025-12-15 10:07:00+09:00,128897666.41613092
2025-12-15 10:08:00+09:00,128897666.41613092
2025-12-15 10:09:00+09:00,128897666.41613092
2025-12-15 10:10:00+09:00,128897666.41613092
2025-12-15 10:11:00+09:00,128897666.41613092
2025-12-15 10:12:00+09:00,128897666.41613092
2025-12-15 10:13:00+09:00,128897666.41613092
2025-12-15 10:14:00+09:00,128897666.41613092
2025-12-15 10:15:00+09:00,128897666.41613092
2025-12-15 10:16:00+09:00,128897666.41613092
2025-12-15 10:17:00+09:00,128897666.41613092
2025-12-15 10:18:00+09:00,128897666.41613092
2025-12-15 10:19:00+09:00,128897666.41613092
2025-12-15 10:20:00+09:00,128897666.41613092
2025-12-15 10:21:00+09:00,128897666.41613092
