,equity
2024-12-02 12:21:00+09:00,100000000.0
2024-12-02 12:22:00+09:00,100000000.0
2024-12-02 12:23:00+09:00,100000000.0
2024-12-02 12:24:00+09:00,100000000.0
2024-12-02 12:25:00+09:00,100000000.0
2024-12-02 12:26:00+09:00,100000000.0
2024-12-02 12:27:00+09:00,100000000.0
2024-12-02 12:28:00+09:00,100000000.0
2024-12-02 12:29:00+09:00,100000000.0
2024-12-02 12:30:00+09:00,100000000.0
2024-12-02 12:31:00+09:00,100000000.0
2024-12-02 12:32:00+09:00,100000000.0
2024-12-02 12:33:00+09:00,100000000.0
2024-12-02 12:34:00+09:00,100000000.0
2024-12-02 12:35:00+09:00,100000000.0
2024-12-02 12:36:00+09:00,100000000.0
2024-12-02 12:37:00+09:00,100000000.0
2024-12-02 12:38:00+09:00,100000000.0
2024-12-02 12:39:00+09:00,100000000.0
2024-12-02 12:40:00+09:00,100000000.0
2024-12-02 12:41:00+09:00,100000000.0
2024-12-02 12:42:00+09:00,100000000.0
2024-12-02 12:43:00+09:00,100000000.0
2024-12-02 12:44:00+09:00,100000000.0
2024-12-02 12:45:00+09:00,100000000.0
2024-12-02 12:46:00+09:00,100000000.0
2024-12-02 12:47:00+09:00,100000000.0
2024-12-02 12:48:00+09:00,100000000.0
2024-12-02 12:49:00+09:00,100000000.0
2024-12-02 12:50:00+09:00,100000000.0
2024-12-02 12:51:00+09:00,100000000.0
2024-12-02 12:52:00+09:00,100000000.0
2024-12-02 12:53:00+09:00,100000000.0
2024-12-02 12:54:00+09:00,100000000.0
2024-12-02 12:55:00+09:00,100000000.0
2024-12-02 12:56:00+09:00,100000000.0
2024-12-02 12:57:00+09:00,100000000.0
2024-12-02 12:58:00+09:00,100000000.0
2024-12-02 12:59:00+09:00,100000000.0
2024-12-02 13:00:00+09:00,100000000.0
2024-12-02 13:01:00+09:00,100000000.0
2024-12-02 13:02:00+09:00,100000000.0
2024-12-02 13:03:00+09:00,100000000.0
2024-12-02 13:04:00+09:00,100000000.0
2024-12-02 13:05:00+09:00,100000000.0
2024-12-02 13:06:00+09:00,99960000.0
2024-12-02 13:07:00+09:00,99773507.46268657
2024-12-02 13:08:00+09:00,99960000.0
2024-12-02 13:09:00+09:00,99773507.46268657
2024-12-02 13:10:00+09:00,99960000.0
2024-12-02 13:11:00+09:00,100146492.53731343
2024-12-02 13:12:00+09:00,99960000.0
2024-12-02 13:13:00+09:00,99960000.0
2024-12-02 13:14:00+09:00,99960000.0
2024-12-02 13:15:00+09:00,100146492.53731343
2024-12-02 13:16:00+09:00,99960000.0
2024-12-02 13:17:00+09:00,100146492.53731343
2024-12-02 13:18:00+09:00,99960000.0
2024-12-02 13:19:00+09:00,99960000.0
2024-12-02 13:20:00+09:00,99960000.0
2024-12-02 13:21:00+09:00,99960000.0
2024-12-02 13:22:00+09:00,99960000.0
2024-12-02 13:23:00+09:00,99960000.0
2024-12-02 13:24:00+09:00,100146492.53731343
2024-12-02 13:25:00+09:00,99960000.0
2024-12-02 13:26:00+09:00,99960000.0
2024-12-02 13:27:00+09:00,99960000.0
2024-12-02 13:28:00+09:00,100146492.53731343
2024-12-02 13:29:00+09:00,100146492.53731343
2024-12-02 13:30:00+09:00,99960000.0
2024-12-02 13:31:00+09:00,99960000.0
2024-12-02 13:32:00+09:00,100519477.61194031
2024-12-02 13:33:00+09:00,100519477.61194031
2024-12-02 13:34:00+09:00,100519477.61194031
2024-12-02 13:35:00+09:00,100705970.14925374
2024-12-02 13:36:00+09:00,100705970.14925374
2024-12-02 13:37:00+09:00,100705970.14925374
2024-12-02 13:38:00+09:00,100892462.68656717
2024-12-02 13:39:00+09:00,100705970.14925374
2024-12-02 13:40:00+09:00,100892462.68656717
2024-12-02 13:41:00+09:00,101078955.2238806
2024-12-02 13:42:00+09:00,101265447.76119405
2024-12-02 13:43:00+09:00,101078955.22388062
2024-12-02 13:44:00+09:00,100892462.68656719
2024-12-02 13:45:00+09:00,101078955.22388062
2024-12-02 13:46:00+09:00,100892462.68656719
2024-12-02 13:47:00+09:00,101078955.22388062
2024-12-02 13:48:00+09:00,101078955.22388062
2024-12-02 13:49:00+09:00,101078955.22388062
2024-12-02 13:50:00+09:00,101078955.22388062
2024-12-02 13:51:00+09:00,101078955.22388062
2024-12-02 13:52:00+09:00,101078955.22388062
2024-12-02 13:53:00+09:00,100705970.14925376
2024-12-02 13:54:00+09:00,100705970.14925376
2024-12-02 13:55:00+09:00,100705970.14925376
2024-12-02 13:56:00+09:00,100705970.14925376
2024-12-02 13:57:00+09:00,100519477.61194032
2024-12-02 13:58:00+09:00,100705970.14925376
2024-12-02 13:59:00+09:00,100892462.68656719
2024-12-02 14:00:00+09:00,100705970.14925376
2024-12-02 14:01:00+09:00,100705970.14925376
2024-12-02 14:02:00+09:00,100892462.68656719
2024-12-02 14:03:00+09:00,100705970.14925376
2024-12-02 14:04:00+09:00,100705970.14925376
2024-12-02 14:05:00+09:00,100519477.61194032
2024-12-02 14:06:00+09:00,100705970.14925376
2024-12-02 14:07:00+09:00,100705970.14925376
2024-12-02 14:08:00+09:00,100705970.14925376
2024-12-02 14:09:00+09:00,100705970.14925376
2024-12-02 14:10:00+09:00,100705970.14925376
2024-12-02 14:11:00+09:00,100519477.61194032
2024-12-02 14:12:00+09:00,100705970.14925376
2024-12-02 14:13:00+09:00,100248075.02238809
2024-12-02 14:14:00+09:00,100248075.02238809
2024-12-02 14:15:00+09:00,100248075.02238809
2024-12-02 14:16:00+09:00,100248075.02238809
2024-12-02 14:17:00+09:00,100248075.02238809
2024-12-02 14:18:00+09:00,100248075.02238809
2024-12-02 14:19:00+09:00,100248075.02238809
2024-12-02 14:20:00+09:00,100248075.02238809
2024-12-02 14:21:00+09:00,100248075.02238809
2024-12-02 14:22:00+09:00,100248075.02238809
2024-12-02 14:23:00+09:00,100248075.02238809
2024-12-02 14:24:00+09:00,100248075.02238809
2024-12-02 14:25:00+09:00,100248075.02238809
2024-12-02 14:26:00+09:00,100248075.02238809
2024-12-02 14:27:00+09:00,100248075.02238809
2024-12-02 14:28:00+09:00,100248075.02238809
2024-12-02 14:29:00+09:00,100248075.02238809
2024-12-02 14:30:00+09:00,100248075.02238809
2024-12-02 14:31:00+09:00,100248075.02238809
2024-12-02 14:32:00+09:00,100248075.02238809
2024-12-02 14:33:00+09:00,100248075.02238809
2024-12-02 14:34:00+09:00,100248075.02238809
2024-12-02 14:35:00+09:00,100248075.02238809
2024-12-02 14:36:00+09:00,100248075.02238809
2024-12-02 14:37:00+09:00,100248075.02238809
2024-12-02 14:38:00+09:00,100248075.02238809
2024-12-02 14:39:00+09:00,100248075.02238809
2024-12-02 14:40:00+09:00,100248075.02238809
2024-12-02 14:41:00+09:00,100248075.02238809
2024-12-02 14:42:00+09:00,100248075.02238809
2024-12-02 14:43:00+09:00,100248075.02238809
2024-12-02 14:44:00+09:00,100248075.02238809
2024-12-02 14:45:00+09:00,100248075.02238809
2024-12-02 14:46:00+09:00,100248075.02238809
2024-12-02 14:47:00+09:00,100248075.02238809
2024-12-02 14:48:00+09:00,100248075.02238809
2024-12-02 14:49:00+09:00,100248075.02238809
2024-12-02 14:50:00+09:00,100248075.02238809
2024-12-02 14:51:00+09:00,100248075.02238809
2024-12-02 14:52:00+09:00,100248075.02238809
2024-12-02 14:53:00+09:00,100248075.02238809
2024-12-02 14:54:00+09:00,100248075.02238809
2024-12-02 14:55:00+09:00,100248075.02238809
2024-12-02 14:56:00+09:00,100248075.02238809
2024-12-02 14:57:00+09:00,100207975.79237914
2024-12-02 14:58:00+09:00,99838204.66399398
2024-12-02 14:59:00+09:00,99838204.66399398
2024-12-02 15:00:00+09:00,99653319.0998014
2024-12-02 15:01:00+09:00,99838204.66399398
2024-12-02 15:02:00+09:00,99384255.13823193
2024-12-02 15:03:00+09:00,99384255.13823193
2024-12-02 15:04:00+09:00,99384255.13823193
2024-12-02 15:05:00+09:00,99384255.13823193
2024-12-02 15:06:00+09:00,99384255.13823193
2024-12-02 15:07:00+09:00,99384255.13823193
2024-12-02 15:08:00+09:00,99384255.13823193
2024-12-02 15:09:00+09:00,99384255.13823193
2024-12-02 15:10:00+09:00,99384255.13823193
2024-12-02 15:11:00+09:00,99384255.13823193
2024-12-02 15:12:00+09:00,99384255.13823193
2024-12-02 15:13:00+09:00,99384255.13823193
2024-12-02 15:14:00+09:00,99384255.13823193
2024-12-02 15:15:00+09:00,99384255.13823193
2024-12-02 15:16:00+09:00,99384255.13823193
2024-12-02 15:17:00+09:00,99384255.13823193
2024-12-02 15:18:00+09:00,99384255.13823193
2024-12-02 15:19:00+09:00,99384255.13823193
2024-12-02 15:30:00+09:00,99384255.13823193
2024-12-02 15:35:00+09:00,99384255.13823193
2024-12-03 09:00:00+09:00,99384255.13823193
2024-12-03 09:01:00+09:00,99384255.13823193
2024-12-03 09:02:00+09:00,99384255.13823193
2024-12-03 09:03:00+09:00,99384255.13823193
2024-12-03 09:04:00+09:00,99384255.13823193
2024-12-03 09:05:00+09:00,99384255.13823193
2024-12-03 09:06:00+09:00,99384255.13823193
2024-12-03 09:07:00+09:00,99384255.13823193
2024-12-03 09:08:00+09:00,99384255.13823193
2024-12-03 09:09:00+09:00,99384255.13823193
2024-12-03 09:10:00+09:00,99384255.13823193
2024-12-03 09:11:00+09:00,99384255.13823193
2024-12-03 09:12:00+09:00,99384255.13823193
2024-12-03 09:13:00+09:00,99384255.13823193
2024-12-03 09:14:00+09:00,99384255.13823193
2024-12-03 09:15:00+09:00,99384255.13823193
2024-12-03 09:16:00+09:00,99384255.13823193
2024-12-03 09:17:00+09:00,99384255.13823193
2024-12-03 09:18:00+09:00,99384255.13823193
2024-12-03 09:19:00+09:00,99384255.13823193
2024-12-03 09:20:00+09:00,99384255.13823193
2024-12-03 09:21:00+09:00,99384255.13823193
2024-12-03 09:22:00+09:00,99384255.13823193
2024-12-03 09:23:00+09:00,99384255.13823193
2024-12-03 09:24:00+09:00,99384255.13823193
2024-12-03 09:25:00+09:00,99344501.43617664
2024-12-03 09:26:00+09:00,99528814.05479664
2024-12-03 09:27:00+09:00,99528814.05479664
2024-12-03 09:28:00+09:00,99344501.43617664
2024-12-03 09:29:00+09:00,99344501.43617664
2024-12-03 09:30:00+09:00,99528814.05479664
2024-12-03 09:31:00+09:00,99528814.05479664
2024-12-03 09:32:00+09:00,99528814.05479664
2024-12-03 09:33:00+09:00,99528814.05479664
2024-12-03 09:34:00+09:00,99528814.05479664
2024-12-03 09:35:00+09:00,99160188.81755665
2024-12-03 09:36:00+09:00,99160188.81755665
2024-12-03 09:37:00+09:00,98708641.33319953
2024-12-03 09:38:00+09:00,98708641.33319953
2024-12-03 09:39:00+09:00,98708641.33319953
2024-12-03 09:40:00+09:00,98708641.33319953
2024-12-03 09:41:00+09:00,98708641.33319953
2024-12-03 09:42:00+09:00,98708641.33319953
2024-12-03 09:43:00+09:00,98708641.33319953
2024-12-03 09:44:00+09:00,98708641.33319953
2024-12-03 09:45:00+09:00,98708641.33319953
2024-12-03 09:46:00+09:00,98708641.33319953
2024-12-03 09:47:00+09:00,98708641.33319953
2024-12-03 09:48:00+09:00,98708641.33319953
2024-12-03 09:49:00+09:00,98708641.33319953
2024-12-03 09:50:00+09:00,98708641.33319953
2024-12-03 09:51:00+09:00,98708641.33319953
2024-12-03 09:52:00+09:00,98708641.33319953
2024-12-03 09:53:00+09:00,98708641.33319953
2024-12-03 09:54:00+09:00,98708641.33319953
2024-12-03 09:55:00+09:00,98708641.33319953
2024-12-03 09:56:00+09:00,98708641.33319953
2024-12-03 09:57:00+09:00,98708641.33319953
2024-12-03 09:58:00+09:00,98708641.33319953
2024-12-03 09:59:00+09:00,98708641.33319953
2024-12-03 10:00:00+09:00,98708641.33319953
2024-12-03 10:01:00+09:00,98708641.33319953
2024-12-03 10:02:00+09:00,98708641.33319953
2024-12-03 10:03:00+09:00,98708641.33319953
2024-12-03 10:04:00+09:00,98708641.33319953
2024-12-03 10:05:00+09:00,98708641.33319953
2024-12-03 10:06:00+09:00,98708641.33319953
2024-12-03 10:07:00+09:00,98708641.33319953
2024-12-03 10:08:00+09:00,98708641.33319953
2024-12-03 10:09:00+09:00,98708641.33319953
2024-12-03 10:10:00+09:00,98708641.33319953
2024-12-03 10:11:00+09:00,98708641.33319953
2024-12-03 10:12:00+09:00,98708641.33319953
2024-12-03 10:13:00+09:00,98708641.33319953
2024-12-03 10:14:00+09:00,98708641.33319953
2024-12-03 10:15:00+09:00,98708641.33319953
2024-12-03 10:16:00+09:00,98708641.33319953
2024-12-03 10:17:00+09:00,98708641.33319953
2024-12-03 10:18:00+09:00,98708641.33319953
2024-12-03 10:19:00+09:00,98708641.33319953
2024-12-03 10:20:00+09:00,98708641.33319953
2024-12-03 10:21:00+09:00,98708641.33319953
2024-12-03 10:22:00+09:00,98708641.33319953
2024-12-03 10:23:00+09:00,98669157.87666626
2024-12-03 10:24:00+09:00,98669157.87666626
2024-12-03 10:25:00+09:00,98402751.15039927
2024-12-03 10:26:00+09:00,98402751.15039927
2024-12-03 10:27:00+09:00,98402751.15039927
2024-12-03 10:28:00+09:00,98402751.15039927
2024-12-03 10:29:00+09:00,98402751.15039927
2024-12-03 10:30:00+09:00,98402751.15039927
2024-12-03 10:31:00+09:00,98402751.15039927
2024-12-03 10:32:00+09:00,98402751.15039927
2024-12-03 10:33:00+09:00,98402751.15039927
2024-12-03 10:34:00+09:00,98402751.15039927
2024-12-03 10:35:00+09:00,98402751.15039927
2024-12-03 10:36:00+09:00,98363390.04993911
2024-12-03 10:37:00+09:00,98181572.32341427
2024-12-03 10:38:00+09:00,98363390.0499391
2024-12-03 10:39:00+09:00,98363390.0499391
2024-12-03 10:40:00+09:00,98181572.32341425
2024-12-03 10:41:00+09:00,98181572.32341425
2024-12-03 10:42:00+09:00,98363390.04993908
2024-12-03 10:43:00+09:00,98181572.32341424
2024-12-03 10:44:00+09:00,98181572.32341424
2024-12-03 10:45:00+09:00,98363390.04993907
2024-12-03 10:46:00+09:00,98181572.32341422
2024-12-03 10:47:00+09:00,98363390.04993905
2024-12-03 10:48:00+09:00,98363390.04993905
2024-12-03 10:49:00+09:00,98181572.3234142
2024-12-03 10:50:00+09:00,98181572.3234142
2024-12-03 10:51:00+09:00,98363390.04993904
2024-12-03 10:52:00+09:00,98363390.04993904
2024-12-03 10:53:00+09:00,98181572.32341419
2024-12-03 10:54:00+09:00,98363390.04993902
2024-12-03 10:55:00+09:00,98181572.32341418
2024-12-03 10:56:00+09:00,98181572.32341418
2024-12-03 10:57:00+09:00,98181572.32341418
2024-12-03 10:58:00+09:00,98181572.32341418
2024-12-03 10:59:00+09:00,98181572.32341418
2024-12-03 11:00:00+09:00,98181572.32341418
2024-12-03 11:01:00+09:00,98181572.32341418
2024-12-03 11:02:00+09:00,98181572.32341418
2024-12-03 11:03:00+09:00,98363390.049939
2024-12-03 11:04:00+09:00,98363390.049939
2024-12-03 11:05:00+09:00,98545207.77646385
2024-12-03 11:06:00+09:00,98545207.77646385
2024-12-03 11:07:00+09:00,98545207.77646385
2024-12-03 11:08:00+09:00,98545207.77646385
2024-12-03 11:09:00+09:00,98363390.049939
2024-12-03 11:10:00+09:00,98363390.049939
2024-12-03 11:11:00+09:00,98545207.77646385
2024-12-03 11:12:00+09:00,98545207.77646385
2024-12-03 11:13:00+09:00,98545207.77646385
2024-12-03 11:14:00+09:00,98363390.049939
2024-12-03 11:15:00+09:00,98363390.049939
2024-12-03 11:16:00+09:00,98181572.32341416
2024-12-03 11:17:00+09:00,98363390.04993899
2024-12-03 11:18:00+09:00,98097808.89680415
2024-12-03 11:19:00+09:00,98097808.89680415
2024-12-03 11:20:00+09:00,98097808.89680415
2024-12-03 11:21:00+09:00,98097808.89680415
2024-12-03 11:22:00+09:00,98097808.89680415
2024-12-03 11:23:00+09:00,98097808.89680415
2024-12-03 11:24:00+09:00,98097808.89680415
2024-12-03 11:25:00+09:00,98097808.89680415
2024-12-03 11:26:00+09:00,98097808.89680415
2024-12-03 11:27:00+09:00,98097808.89680415
2024-12-03 11:28:00+09:00,98097808.89680415
2024-12-03 11:29:00+09:00,98097808.89680415
2024-12-03 11:30:00+09:00,98097808.89680415
2024-12-03 11:31:00+09:00,98097808.89680415
2024-12-03 11:32:00+09:00,98058569.77324544
2024-12-03 11:33:00+09:00,98058569.77324544
2024-12-03 11:34:00+09:00,97974911.28603332
2024-12-03 11:35:00+09:00,97974911.28603332
2024-12-03 11:36:00+09:00,97974911.28603332
2024-12-03 11:37:00+09:00,97974911.28603332
2024-12-03 11:38:00+09:00,97974911.28603332
2024-12-03 11:39:00+09:00,97974911.28603332
2024-12-03 11:40:00+09:00,97974911.28603332
2024-12-03 11:41:00+09:00,97974911.28603332
2024-12-03 11:42:00+09:00,97974911.28603332
2024-12-03 11:43:00+09:00,97974911.28603332
2024-12-03 11:44:00+09:00,97974911.28603332
2024-12-03 11:45:00+09:00,97974911.28603332
2024-12-03 11:46:00+09:00,97974911.28603332
2024-12-03 11:47:00+09:00,97974911.28603332
2024-12-03 11:48:00+09:00,97974911.28603332
2024-12-03 11:49:00+09:00,97974911.28603332
2024-12-03 11:50:00+09:00,97974911.28603332
2024-12-03 11:51:00+09:00,97974911.28603332
2024-12-03 11:52:00+09:00,97974911.28603332
2024-12-03 11:53:00+09:00,97974911.28603332
2024-12-03 11:54:00+09:00,97974911.28603332
2024-12-03 11:55:00+09:00,97974911.28603332
2024-12-03 11:56:00+09:00,97974911.28603332
2024-12-03 11:57:00+09:00,97974911.28603332
2024-12-03 11:58:00+09:00,97974911.28603332
2024-12-03 11:59:00+09:00,97974911.28603332
2024-12-03 12:00:00+09:00,97974911.28603332
2024-12-03 12:01:00+09:00,97974911.28603332
2024-12-03 12:02:00+09:00,97974911.28603332
2024-12-03 12:03:00+09:00,97974911.28603332
2024-12-03 12:04:00+09:00,97974911.28603332
2024-12-03 12:05:00+09:00,97974911.28603332
2024-12-03 12:06:00+09:00,97974911.28603332
2024-12-03 12:07:00+09:00,97974911.28603332
2024-12-03 12:08:00+09:00,97974911.28603332
2024-12-03 12:09:00+09:00,97974911.28603332
2024-12-03 12:10:00+09:00,97974911.28603332
2024-12-03 12:11:00+09:00,97974911.28603332
2024-12-03 12:12:00+09:00,97974911.28603332
2024-12-03 12:13:00+09:00,97974911.28603332
2024-12-03 12:14:00+09:00,97974911.28603332
2024-12-03 12:15:00+09:00,97974911.28603332
2024-12-03 12:16:00+09:00,97974911.28603332
2024-12-03 12:17:00+09:00,97974911.28603332
2024-12-03 12:18:00+09:00,97974911.28603332
2024-12-03 12:19:00+09:00,97974911.28603332
2024-12-03 12:20:00+09:00,97974911.28603332
2024-12-03 12:21:00+09:00,97974911.28603332
2024-12-03 12:22:00+09:00,97974911.28603332
2024-12-03 12:23:00+09:00,97974911.28603332
2024-12-03 12:24:00+09:00,97974911.28603332
2024-12-03 12:25:00+09:00,97935721.32151891
2024-12-03 12:26:00+09:00,97754694.11020371
2024-12-03 12:27:00+09:00,97935721.3215189
2024-12-03 12:28:00+09:00,97754694.1102037
2024-12-03 12:29:00+09:00,97935721.32151888
2024-12-03 12:30:00+09:00,97754694.11020368
2024-12-03 12:31:00+09:00,97754694.11020368
2024-12-03 12:32:00+09:00,97935721.32151887
2024-12-03 12:33:00+09:00,97754694.11020367
2024-12-03 12:34:00+09:00,97935721.32151885
2024-12-03 12:35:00+09:00,97754694.11020365
2024-12-03 12:36:00+09:00,97935721.32151884
2024-12-03 12:37:00+09:00,97754694.11020364
2024-12-03 12:38:00+09:00,97935721.32151882
2024-12-03 12:39:00+09:00,97754694.11020362
2024-12-03 12:40:00+09:00,97754694.11020362
2024-12-03 12:41:00+09:00,97754694.11020362
2024-12-03 12:42:00+09:00,97754694.11020362
2024-12-03 12:43:00+09:00,97754694.11020362
2024-12-03 12:44:00+09:00,97935721.32151881
2024-12-03 12:45:00+09:00,97935721.32151881
2024-12-03 12:46:00+09:00,97754694.11020361
2024-12-03 12:47:00+09:00,97935721.3215188
2024-12-03 12:48:00+09:00,97754694.1102036
2024-12-03 12:49:00+09:00,97935721.32151878
2024-12-03 12:50:00+09:00,97754694.11020358
2024-12-03 12:51:00+09:00,97935721.32151876
2024-12-03 12:52:00+09:00,97935721.32151876
2024-12-03 12:53:00+09:00,97754694.11020356
2024-12-03 12:54:00+09:00,98116748.53283395
2024-12-03 12:55:00+09:00,97935721.32151876
2024-12-03 12:56:00+09:00,98116748.53283396
2024-12-03 12:57:00+09:00,97754694.11020358
2024-12-03 12:58:00+09:00,97754694.11020358
2024-12-03 12:59:00+09:00,97671294.87395066
2024-12-03 13:00:00+09:00,97671294.87395066
2024-12-03 13:01:00+09:00,97671294.87395066
2024-12-03 13:02:00+09:00,97671294.87395066
2024-12-03 13:03:00+09:00,97671294.87395066
2024-12-03 13:04:00+09:00,97671294.87395066
2024-12-03 13:05:00+09:00,97671294.87395066
2024-12-03 13:06:00+09:00,97671294.87395066
2024-12-03 13:07:00+09:00,97671294.87395066
2024-12-03 13:08:00+09:00,97671294.87395066
2024-12-03 13:09:00+09:00,97671294.87395066
2024-12-03 13:10:00+09:00,97632226.35600108
2024-12-03 13:11:00+09:00,97451760.13353157
2024-12-03 13:12:00+09:00,97632226.35600106
2024-12-03 13:13:00+09:00,97188640.38117102
2024-12-03 13:14:00+09:00,97188640.38117102
2024-12-03 13:15:00+09:00,97188640.38117102
2024-12-03 13:16:00+09:00,97188640.38117102
2024-12-03 13:17:00+09:00,97188640.38117102
2024-12-03 13:18:00+09:00,97188640.38117102
2024-12-03 13:19:00+09:00,97188640.38117102
2024-12-03 13:20:00+09:00,97188640.38117102
2024-12-03 13:21:00+09:00,97188640.38117102
2024-12-03 13:22:00+09:00,97188640.38117102
2024-12-03 13:23:00+09:00,97188640.38117102
2024-12-03 13:24:00+09:00,97149764.92501855
2024-12-03 13:25:00+09:00,96970521.81630081
2024-12-03 13:26:00+09:00,97149764.92501856
2024-12-03 13:27:00+09:00,96970521.81630082
2024-12-03 13:28:00+09:00,96970521.81630082
2024-12-03 13:29:00+09:00,97149764.92501858
2024-12-03 13:30:00+09:00,96970521.81630084
2024-12-03 13:31:00+09:00,97149764.9250186
2024-12-03 13:32:00+09:00,96970521.81630085
2024-12-03 13:33:00+09:00,96970521.81630085
2024-12-03 13:34:00+09:00,96970521.81630085
2024-12-03 13:35:00+09:00,96970521.81630085
2024-12-03 13:36:00+09:00,96970521.81630085
2024-12-03 13:37:00+09:00,96970521.81630085
2024-12-03 13:38:00+09:00,96970521.81630085
2024-12-03 13:39:00+09:00,96970521.81630085
2024-12-03 13:40:00+09:00,96970521.81630085
2024-12-03 13:41:00+09:00,97149764.92501861
2024-12-03 13:42:00+09:00,96970521.81630087
2024-12-03 13:43:00+09:00,97149764.92501862
2024-12-03 13:44:00+09:00,96791278.70758313
2024-12-03 13:45:00+09:00,96791278.70758313
2024-12-03 13:46:00+09:00,96351183.10274844
2024-12-03 13:47:00+09:00,96351183.10274844
2024-12-03 13:48:00+09:00,96351183.10274844
2024-12-03 13:49:00+09:00,96351183.10274844
2024-12-03 13:50:00+09:00,96351183.10274844
2024-12-03 13:51:00+09:00,96351183.10274844
2024-12-03 13:52:00+09:00,96351183.10274844
2024-12-03 13:53:00+09:00,96351183.10274844
2024-12-03 13:54:00+09:00,96351183.10274844
2024-12-03 13:55:00+09:00,96351183.10274844
2024-12-03 13:56:00+09:00,96351183.10274844
2024-12-03 13:57:00+09:00,96351183.10274844
2024-12-03 13:58:00+09:00,96351183.10274844
2024-12-03 13:59:00+09:00,96351183.10274844
2024-12-03 14:00:00+09:00,96351183.10274844
2024-12-03 14:01:00+09:00,96351183.10274844
2024-12-03 14:02:00+09:00,96351183.10274844
2024-12-03 14:03:00+09:00,96351183.10274844
2024-12-03 14:04:00+09:00,96351183.10274844
2024-12-03 14:05:00+09:00,96351183.10274844
2024-12-03 14:06:00+09:00,96351183.10274844
2024-12-03 14:07:00+09:00,96351183.10274844
2024-12-03 14:08:00+09:00,96351183.10274844
2024-12-03 14:09:00+09:00,96351183.10274844
2024-12-03 14:10:00+09:00,96351183.10274844
2024-12-03 14:11:00+09:00,96351183.10274844
2024-12-03 14:12:00+09:00,96351183.10274844
2024-12-03 14:13:00+09:00,96351183.10274844
2024-12-03 14:14:00+09:00,96351183.10274844
2024-12-03 14:15:00+09:00,96351183.10274844
2024-12-03 14:16:00+09:00,96351183.10274844
2024-12-03 14:17:00+09:00,96351183.10274844
2024-12-03 14:18:00+09:00,96351183.10274844
2024-12-03 14:19:00+09:00,96351183.10274844
2024-12-03 14:20:00+09:00,96351183.10274844
2024-12-03 14:21:00+09:00,96351183.10274844
2024-12-03 14:22:00+09:00,96351183.10274844
2024-12-03 14:23:00+09:00,96351183.10274844
2024-12-03 14:24:00+09:00,96351183.10274844
2024-12-03 14:25:00+09:00,96351183.10274844
2024-12-03 14:26:00+09:00,96351183.10274844
2024-12-03 14:27:00+09:00,96351183.10274844
2024-12-03 14:28:00+09:00,96351183.10274844
2024-12-03 14:29:00+09:00,96351183.10274844
2024-12-03 14:30:00+09:00,96351183.10274844
2024-12-03 14:31:00+09:00,96351183.10274844
2024-12-03 14:32:00+09:00,96351183.10274844
2024-12-03 14:33:00+09:00,96351183.10274844
2024-12-03 14:34:00+09:00,96351183.10274844
2024-12-03 14:35:00+09:00,96351183.10274844
2024-12-03 14:36:00+09:00,96351183.10274844
2024-12-03 14:37:00+09:00,96351183.10274844
2024-12-03 14:38:00+09:00,96351183.10274844
2024-12-03 14:39:00+09:00,96351183.10274844
2024-12-03 14:40:00+09:00,96351183.10274844
2024-12-03 14:41:00+09:00,96351183.10274844
2024-12-03 14:42:00+09:00,96351183.10274844
2024-12-03 14:43:00+09:00,96351183.10274844
2024-12-03 14:44:00+09:00,96351183.10274844
2024-12-03 14:45:00+09:00,96351183.10274844
2024-12-03 14:46:00+09:00,96351183.10274844
2024-12-03 14:47:00+09:00,96351183.10274844
2024-12-03 14:48:00+09:00,96351183.10274844
2024-12-03 14:49:00+09:00,96351183.10274844
2024-12-03 14:50:00+09:00,96351183.10274844
2024-12-03 14:51:00+09:00,96351183.10274844
2024-12-03 14:52:00+09:00,96351183.10274844
2024-12-03 14:53:00+09:00,96351183.10274844
2024-12-03 14:54:00+09:00,96351183.10274844
2024-12-03 14:55:00+09:00,96351183.10274844
2024-12-03 14:56:00+09:00,96351183.10274844
2024-12-03 14:57:00+09:00,96351183.10274844
2024-12-03 14:58:00+09:00,96351183.10274844
2024-12-03 14:59:00+09:00,96351183.10274844
2024-12-03 15:00:00+09:00,96351183.10274844
2024-12-03 15:01:00+09:00,96351183.10274844
2024-12-03 15:02:00+09:00,96351183.10274844
2024-12-03 15:03:00+09:00,96351183.10274844
2024-12-03 15:04:00+09:00,96351183.10274844
2024-12-03 15:05:00+09:00,96351183.10274844
2024-12-03 15:06:00+09:00,96351183.10274844
2024-12-03 15:07:00+09:00,96351183.10274844
2024-12-03 15:08:00+09:00,96351183.10274844
2024-12-03 15:09:00+09:00,96351183.10274844
2024-12-03 15:10:00+09:00,96351183.10274844
2024-12-03 15:11:00+09:00,96351183.10274844
2024-12-03 15:12:00+09:00,96351183.10274844
2024-12-03 15:13:00+09:00,96351183.10274844
2024-12-03 15:14:00+09:00,96351183.10274844
2024-12-03 15:15:00+09:00,96351183.10274844
2024-12-03 15:16:00+09:00,96351183.10274844
2024-12-03 15:17:00+09:00,96351183.10274844
2024-12-03 15:18:00+09:00,96351183.10274844
2024-12-03 15:19:00+09:00,96351183.10274844
2024-12-03 15:30:00+09:00,96351183.10274844
2024-12-03 15:35:00+09:00,96351183.10274844
2024-12-04 09:00:00+09:00,96351183.10274844
2024-12-04 09:01:00+09:00,96351183.10274844
2024-12-04 09:02:00+09:00,96351183.10274844
2024-12-04 09:03:00+09:00,96351183.10274844
2024-12-04 09:04:00+09:00,96351183.10274844
2024-12-04 09:05:00+09:00,96351183.10274844
2024-12-04 09:06:00+09:00,96351183.10274844
2024-12-04 09:07:00+09:00,96351183.10274844
2024-12-04 09:08:00+09:00,96351183.10274844
2024-12-04 09:09:00+09:00,96351183.10274844
2024-12-04 09:10:00+09:00,96351183.10274844
2024-12-04 09:11:00+09:00,96351183.10274844
2024-12-04 09:12:00+09:00,96351183.10274844
2024-12-04 09:13:00+09:00,96351183.10274844
2024-12-04 09:14:00+09:00,96351183.10274844
2024-12-04 09:15:00+09:00,96351183.10274844
2024-12-04 09:16:00+09:00,96351183.10274844
2024-12-04 09:17:00+09:00,96351183.10274844
2024-12-04 09:18:00+09:00,96351183.10274844
2024-12-04 09:19:00+09:00,96351183.10274844
2024-12-04 09:20:00+09:00,96351183.10274844
2024-12-04 09:21:00+09:00,96351183.10274844
2024-12-04 09:22:00+09:00,96351183.10274844
2024-12-04 09:23:00+09:00,96351183.10274844
2024-12-04 09:24:00+09:00,96351183.10274844
2024-12-04 09:25:00+09:00,96351183.10274844
2024-12-04 09:26:00+09:00,96351183.10274844
2024-12-04 09:27:00+09:00,96351183.10274844
2024-12-04 09:28:00+09:00,96351183.10274844
2024-12-04 09:29:00+09:00,96351183.10274844
2024-12-04 09:30:00+09:00,96351183.10274844
2024-12-04 09:31:00+09:00,96351183.10274844
2024-12-04 09:32:00+09:00,96351183.10274844
2024-12-04 09:33:00+09:00,96351183.10274844
2024-12-04 09:34:00+09:00,96351183.10274844
2024-12-04 09:35:00+09:00,96351183.10274844
2024-12-04 09:36:00+09:00,96351183.10274844
2024-12-04 09:37:00+09:00,96351183.10274844
2024-12-04 09:38:00+09:00,96351183.10274844
2024-12-04 09:39:00+09:00,96351183.10274844
2024-12-04 09:40:00+09:00,96351183.10274844
2024-12-04 09:41:00+09:00,96351183.10274844
2024-12-04 09:42:00+09:00,96351183.10274844
2024-12-04 09:43:00+09:00,96351183.10274844
2024-12-04 09:44:00+09:00,96351183.10274844
2024-12-04 09:45:00+09:00,96351183.10274844
2024-12-04 09:46:00+09:00,96351183.10274844
2024-12-04 09:47:00+09:00,96351183.10274844
2024-12-04 09:48:00+09:00,96351183.10274844
2024-12-04 09:49:00+09:00,96351183.10274844
2024-12-04 09:50:00+09:00,96351183.10274844
2024-12-04 09:51:00+09:00,96351183.10274844
2024-12-04 09:52:00+09:00,96351183.10274844
2024-12-04 09:53:00+09:00,96351183.10274844
2024-12-04 09:54:00+09:00,96351183.10274844
2024-12-04 09:55:00+09:00,96351183.10274844
2024-12-04 09:56:00+09:00,96351183.10274844
2024-12-04 09:57:00+09:00,96351183.10274844
2024-12-04 09:58:00+09:00,96351183.10274844
2024-12-04 09:59:00+09:00,96351183.10274844
2024-12-04 10:00:00+09:00,96351183.10274844
2024-12-04 10:01:00+09:00,96351183.10274844
2024-12-04 10:02:00+09:00,96351183.10274844
2024-12-04 10:03:00+09:00,96351183.10274844
2024-12-04 10:04:00+09:00,96351183.10274844
2024-12-04 10:05:00+09:00,96312642.62950735
2024-12-04 10:06:00+09:00,96131603.82757218
2024-12-04 10:07:00+09:00,96131603.82757218
2024-12-04 10:08:00+09:00,95950565.02563702
2024-12-04 10:09:00+09:00,96131603.8275722
2024-12-04 10:10:00+09:00,95691498.5000678
2024-12-04 10:11:00+09:00,95691498.5000678
2024-12-04 10:12:00+09:00,95691498.5000678
2024-12-04 10:13:00+09:00,95691498.5000678
2024-12-04 10:14:00+09:00,95691498.5000678
2024-12-04 10:15:00+09:00,95691498.5000678
2024-12-04 10:16:00+09:00,95691498.5000678
2024-12-04 10:17:00+09:00,95691498.5000678
2024-12-04 10:18:00+09:00,95691498.5000678
2024-12-04 10:19:00+09:00,95691498.5000678
2024-12-04 10:20:00+09:00,95691498.5000678
2024-12-04 10:21:00+09:00,95691498.5000678
2024-12-04 10:22:00+09:00,95691498.5000678
2024-12-04 10:23:00+09:00,95691498.5000678
2024-12-04 10:24:00+09:00,95691498.5000678
2024-12-04 10:25:00+09:00,95691498.5000678
2024-12-04 10:26:00+09:00,95691498.5000678
2024-12-04 10:27:00+09:00,95691498.5000678
2024-12-04 10:28:00+09:00,95691498.5000678
2024-12-04 10:29:00+09:00,95691498.5000678
2024-12-04 10:30:00+09:00,95691498.5000678
2024-12-04 10:31:00+09:00,95691498.5000678
2024-12-04 10:32:00+09:00,95691498.5000678
2024-12-04 10:33:00+09:00,95691498.5000678
2024-12-04 10:34:00+09:00,95691498.5000678
2024-12-04 10:35:00+09:00,95691498.5000678
2024-12-04 10:36:00+09:00,95691498.5000678
2024-12-04 10:37:00+09:00,95691498.5000678
2024-12-04 10:38:00+09:00,95691498.5000678
2024-12-04 10:39:00+09:00,95653221.90066777
2024-12-04 10:40:00+09:00,95653221.90066777
2024-12-04 10:41:00+09:00,95653221.90066777
2024-12-04 10:42:00+09:00,95653221.90066777
2024-12-04 10:43:00+09:00,95653221.90066777
2024-12-04 10:44:00+09:00,95653221.90066777
2024-12-04 10:45:00+09:00,95653221.90066777
2024-12-04 10:46:00+09:00,95653221.90066777
2024-12-04 10:47:00+09:00,95833699.67783885
2024-12-04 10:48:00+09:00,95653221.90066777
2024-12-04 10:49:00+09:00,95653221.90066777
2024-12-04 10:50:00+09:00,95653221.90066777
2024-12-04 10:51:00+09:00,95653221.90066777
2024-12-04 10:52:00+09:00,95833699.67783885
2024-12-04 10:53:00+09:00,96014177.45500992
2024-12-04 10:54:00+09:00,95472744.12349671
2024-12-04 10:55:00+09:00,95653221.90066779
2024-12-04 10:56:00+09:00,95214967.71436326
2024-12-04 10:57:00+09:00,95214967.71436326
2024-12-04 10:58:00+09:00,95214967.71436326
2024-12-04 10:59:00+09:00,95214967.71436326
2024-12-04 11:00:00+09:00,95214967.71436326
2024-12-04 11:01:00+09:00,95214967.71436326
2024-12-04 11:02:00+09:00,95214967.71436326
2024-12-04 11:03:00+09:00,95214967.71436326
2024-12-04 11:04:00+09:00,95214967.71436326
2024-12-04 11:05:00+09:00,95214967.71436326
2024-12-04 11:06:00+09:00,95214967.71436326
2024-12-04 11:07:00+09:00,95214967.71436326
2024-12-04 11:08:00+09:00,95214967.71436326
2024-12-04 11:09:00+09:00,95214967.71436326
2024-12-04 11:10:00+09:00,95214967.71436326
2024-12-04 11:11:00+09:00,95214967.71436326
2024-12-04 11:12:00+09:00,95214967.71436326
2024-12-04 11:13:00+09:00,95214967.71436326
2024-12-04 11:14:00+09:00,95214967.71436326
2024-12-04 11:15:00+09:00,95214967.71436326
2024-12-04 11:16:00+09:00,95214967.71436326
2024-12-04 11:17:00+09:00,95214967.71436326
2024-12-04 11:18:00+09:00,95214967.71436326
2024-12-04 11:19:00+09:00,95214967.71436326
2024-12-04 11:20:00+09:00,95214967.71436326
2024-12-04 11:21:00+09:00,95214967.71436326
2024-12-04 11:22:00+09:00,95176881.72727752
2024-12-04 11:23:00+09:00,95356460.74940446
2024-12-04 11:24:00+09:00,95176881.72727752
2024-12-04 11:25:00+09:00,95176881.72727752
2024-12-04 11:26:00+09:00,95176881.72727752
2024-12-04 11:27:00+09:00,95356460.74940446
2024-12-04 11:28:00+09:00,95356460.74940446
2024-12-04 11:29:00+09:00,95176881.72727752
2024-12-04 11:30:00+09:00,95356460.74940446
2024-12-04 11:31:00+09:00,95176881.72727752
2024-12-04 11:32:00+09:00,95176881.72727752
2024-12-04 11:33:00+09:00,95356460.74940446
2024-12-04 11:34:00+09:00,95176881.72727752
2024-12-04 11:35:00+09:00,95176881.72727752
2024-12-04 11:36:00+09:00,95098998.30538106
2024-12-04 11:37:00+09:00,95098998.30538106
2024-12-04 11:38:00+09:00,95098998.30538106
2024-12-04 11:39:00+09:00,95098998.30538106
2024-12-04 11:40:00+09:00,95098998.30538106
2024-12-04 11:41:00+09:00,95098998.30538106
2024-12-04 11:42:00+09:00,95098998.30538106
2024-12-04 11:43:00+09:00,95098998.30538106
2024-12-04 11:44:00+09:00,95098998.30538106
2024-12-04 11:45:00+09:00,95098998.30538106
2024-12-04 11:46:00+09:00,95098998.30538106
2024-12-04 11:47:00+09:00,95098998.30538106
2024-12-04 11:48:00+09:00,95060958.7060589
2024-12-04 11:49:00+09:00,95240319.00550431
2024-12-04 11:50:00+09:00,95162046.17082633
2024-12-04 11:51:00+09:00,95162046.17082633
2024-12-04 11:52:00+09:00,95162046.17082633
2024-12-04 11:53:00+09:00,95162046.17082633
2024-12-04 11:54:00+09:00,95162046.17082633
2024-12-04 11:55:00+09:00,95162046.17082633
2024-12-04 11:56:00+09:00,95162046.17082633
2024-12-04 11:57:00+09:00,95162046.17082633
2024-12-04 11:58:00+09:00,95162046.17082633
2024-12-04 11:59:00+09:00,95162046.17082633
2024-12-04 12:00:00+09:00,95162046.17082633
2024-12-04 12:01:00+09:00,95123981.352358
2024-12-04 12:02:00+09:00,95123981.352358
2024-12-04 12:03:00+09:00,95123981.352358
2024-12-04 12:04:00+09:00,95123981.352358
2024-12-04 12:05:00+09:00,94945176.87613177
2024-12-04 12:06:00+09:00,94766372.39990553
2024-12-04 12:07:00+09:00,94945176.87613177
2024-12-04 12:08:00+09:00,94688824.89856622
2024-12-04 12:09:00+09:00,94688824.89856622
2024-12-04 12:10:00+09:00,94688824.89856622
2024-12-04 12:11:00+09:00,94688824.89856622
2024-12-04 12:12:00+09:00,94688824.89856622
2024-12-04 12:13:00+09:00,94688824.89856622
2024-12-04 12:14:00+09:00,94688824.89856622
2024-12-04 12:15:00+09:00,94688824.89856622
2024-12-04 12:16:00+09:00,94688824.89856622
2024-12-04 12:17:00+09:00,94688824.89856622
2024-12-04 12:18:00+09:00,94688824.89856622
2024-12-04 12:19:00+09:00,94650949.36860679
2024-12-04 12:20:00+09:00,94472698.99314801
2024-12-04 12:21:00+09:00,94472698.99314801
2024-12-04 12:22:00+09:00,94039853.60642147
2024-12-04 12:23:00+09:00,94039853.60642147
2024-12-04 12:24:00+09:00,94039853.60642147
2024-12-04 12:25:00+09:00,94039853.60642147
2024-12-04 12:26:00+09:00,94039853.60642147
2024-12-04 12:27:00+09:00,94039853.60642147
2024-12-04 12:28:00+09:00,94039853.60642147
2024-12-04 12:29:00+09:00,94039853.60642147
2024-12-04 12:30:00+09:00,94039853.60642147
2024-12-04 12:31:00+09:00,94039853.60642147
2024-12-04 12:32:00+09:00,94039853.60642147
2024-12-04 12:33:00+09:00,94039853.60642147
2024-12-04 12:34:00+09:00,94039853.60642147
2024-12-04 12:35:00+09:00,94039853.60642147
2024-12-04 12:36:00+09:00,94039853.60642147
2024-12-04 12:37:00+09:00,94039853.60642147
2024-12-04 12:38:00+09:00,94039853.60642147
2024-12-04 12:39:00+09:00,94039853.60642147
2024-12-04 12:40:00+09:00,94039853.60642147
2024-12-04 12:41:00+09:00,94039853.60642147
2024-12-04 12:42:00+09:00,94039853.60642147
2024-12-04 12:43:00+09:00,94039853.60642147
2024-12-04 12:44:00+09:00,94039853.60642147
2024-12-04 12:45:00+09:00,94039853.60642147
2024-12-04 12:46:00+09:00,94039853.60642147
2024-12-04 12:47:00+09:00,94039853.60642147
2024-12-04 12:48:00+09:00,94039853.60642147
2024-12-04 12:49:00+09:00,94039853.60642147
2024-12-04 12:50:00+09:00,94039853.60642147
2024-12-04 12:51:00+09:00,94039853.60642147
2024-12-04 12:52:00+09:00,94039853.60642147
2024-12-04 12:53:00+09:00,94039853.60642147
2024-12-04 12:54:00+09:00,94039853.60642147
2024-12-04 12:55:00+09:00,94039853.60642147
2024-12-04 12:56:00+09:00,94039853.60642147
2024-12-04 12:57:00+09:00,94039853.60642147
2024-12-04 12:58:00+09:00,94039853.60642147
2024-12-04 12:59:00+09:00,94039853.60642147
2024-12-04 13:00:00+09:00,94039853.60642147
2024-12-04 13:01:00+09:00,94039853.60642147
2024-12-04 13:02:00+09:00,94039853.60642147
2024-12-04 13:03:00+09:00,94039853.60642147
2024-12-04 13:04:00+09:00,94039853.60642147
2024-12-04 13:05:00+09:00,94039853.60642147
2024-12-04 13:06:00+09:00,94039853.60642147
2024-12-04 13:07:00+09:00,94039853.60642147
2024-12-04 13:08:00+09:00,94039853.60642147
2024-12-04 13:09:00+09:00,94039853.60642147
2024-12-04 13:10:00+09:00,94039853.60642147
2024-12-04 13:11:00+09:00,94039853.60642147
2024-12-04 13:12:00+09:00,94039853.60642147
2024-12-04 13:13:00+09:00,94039853.60642147
2024-12-04 13:14:00+09:00,94039853.60642147
2024-12-04 13:15:00+09:00,94039853.60642147
2024-12-04 13:16:00+09:00,94039853.60642147
2024-12-04 13:17:00+09:00,94039853.60642147
2024-12-04 13:18:00+09:00,94039853.60642147
2024-12-04 13:19:00+09:00,94039853.60642147
2024-12-04 13:20:00+09:00,94039853.60642147
2024-12-04 13:21:00+09:00,94039853.60642147
2024-12-04 13:22:00+09:00,94039853.60642147
2024-12-04 13:23:00+09:00,94039853.60642147
2024-12-04 13:24:00+09:00,94039853.60642147
2024-12-04 13:25:00+09:00,94039853.60642147
2024-12-04 13:26:00+09:00,94039853.60642147
2024-12-04 13:27:00+09:00,94039853.60642147
2024-12-04 13:28:00+09:00,94039853.60642147
2024-12-04 13:29:00+09:00,94039853.60642147
2024-12-04 13:30:00+09:00,94039853.60642147
2024-12-04 13:31:00+09:00,94039853.60642147
2024-12-04 13:32:00+09:00,94039853.60642147
2024-12-04 13:33:00+09:00,94039853.60642147
2024-12-04 13:34:00+09:00,94039853.60642147
2024-12-04 13:35:00+09:00,94039853.60642147
2024-12-04 13:36:00+09:00,94039853.60642147
2024-12-04 13:37:00+09:00,94039853.60642147
2024-12-04 13:38:00+09:00,94039853.60642147
2024-12-04 13:39:00+09:00,94039853.60642147
2024-12-04 13:40:00+09:00,94039853.60642147
2024-12-04 13:41:00+09:00,94039853.60642147
2024-12-04 13:42:00+09:00,94002237.6649789
2024-12-04 13:43:00+09:00,93571547.79003198
2024-12-04 13:44:00+09:00,93571547.79003198
2024-12-04 13:45:00+09:00,93571547.79003198
2024-12-04 13:46:00+09:00,93571547.79003198
2024-12-04 13:47:00+09:00,93571547.79003198
2024-12-04 13:48:00+09:00,93571547.79003198
2024-12-04 13:49:00+09:00,93571547.79003198
2024-12-04 13:50:00+09:00,93571547.79003198
2024-12-04 13:51:00+09:00,93571547.79003198
2024-12-04 13:52:00+09:00,93571547.79003198
2024-12-04 13:53:00+09:00,93571547.79003198
2024-12-04 13:54:00+09:00,93571547.79003198
2024-12-04 13:55:00+09:00,93571547.79003198
2024-12-04 13:56:00+09:00,93571547.79003198
2024-12-04 13:57:00+09:00,93571547.79003198
2024-12-04 13:58:00+09:00,93571547.79003198
2024-12-04 13:59:00+09:00,93571547.79003198
2024-12-04 14:00:00+09:00,93571547.79003198
2024-12-04 14:01:00+09:00,93571547.79003198
2024-12-04 14:02:00+09:00,93571547.79003198
2024-12-04 14:03:00+09:00,93571547.79003198
2024-12-04 14:04:00+09:00,93571547.79003198
2024-12-04 14:05:00+09:00,93571547.79003198
2024-12-04 14:06:00+09:00,93571547.79003198
2024-12-04 14:07:00+09:00,93571547.79003198
2024-12-04 14:08:00+09:00,93571547.79003198
2024-12-04 14:09:00+09:00,93571547.79003198
2024-12-04 14:10:00+09:00,93571547.79003198
2024-12-04 14:11:00+09:00,93571547.79003198
2024-12-04 14:12:00+09:00,93571547.79003198
2024-12-04 14:13:00+09:00,93571547.79003198
2024-12-04 14:14:00+09:00,93571547.79003198
2024-12-04 14:15:00+09:00,93571547.79003198
2024-12-04 14:16:00+09:00,93571547.79003198
2024-12-04 14:17:00+09:00,93571547.79003198
2024-12-04 14:18:00+09:00,93571547.79003198
2024-12-04 14:19:00+09:00,93571547.79003198
2024-12-04 14:20:00+09:00,93571547.79003198
2024-12-04 14:21:00+09:00,93571547.79003198
2024-12-04 14:22:00+09:00,93571547.79003198
2024-12-04 14:23:00+09:00,93571547.79003198
2024-12-04 14:24:00+09:00,93571547.79003198
2024-12-04 14:25:00+09:00,93571547.79003198
2024-12-04 14:26:00+09:00,93571547.79003198
2024-12-04 14:27:00+09:00,93571547.79003198
2024-12-04 14:28:00+09:00,93571547.79003198
2024-12-04 14:29:00+09:00,93571547.79003198
2024-12-04 14:30:00+09:00,93571547.79003198
2024-12-04 14:31:00+09:00,93571547.79003198
2024-12-04 14:32:00+09:00,93571547.79003198
2024-12-04 14:33:00+09:00,93571547.79003198
2024-12-04 14:34:00+09:00,93571547.79003198
2024-12-04 14:35:00+09:00,93571547.79003198
2024-12-04 14:36:00+09:00,93571547.79003198
2024-12-04 14:37:00+09:00,93571547.79003198
2024-12-04 14:38:00+09:00,93571547.79003198
2024-12-04 14:39:00+09:00,93571547.79003198
2024-12-04 14:40:00+09:00,93571547.79003198
2024-12-04 14:41:00+09:00,93571547.79003198
2024-12-04 14:42:00+09:00,93571547.79003198
2024-12-04 14:43:00+09:00,93571547.79003198
2024-12-04 14:44:00+09:00,93571547.79003198
2024-12-04 14:45:00+09:00,93571547.79003198
2024-12-04 14:46:00+09:00,93571547.79003198
2024-12-04 14:47:00+09:00,93571547.79003198
2024-12-04 14:48:00+09:00,93571547.79003198
2024-12-04 14:49:00+09:00,93571547.79003198
2024-12-04 14:50:00+09:00,93571547.79003198
2024-12-04 14:51:00+09:00,93571547.79003198
2024-12-04 14:52:00+09:00,93571547.79003198
2024-12-04 14:53:00+09:00,93571547.79003198
2024-12-04 14:54:00+09:00,93571547.79003198
2024-12-04 14:55:00+09:00,93571547.79003198
2024-12-04 14:56:00+09:00,93571547.79003198
2024-12-04 14:57:00+09:00,93571547.79003198
2024-12-04 14:58:00+09:00,93571547.79003198
2024-12-04 14:59:00+09:00,93571547.79003198
2024-12-04 15:00:00+09:00,93571547.79003198
2024-12-04 15:01:00+09:00,93534119.17091598
2024-12-04 15:02:00+09:00,93281577.0491545
2024-12-04 15:03:00+09:00,93281577.0491545
2024-12-04 15:04:00+09:00,93281577.0491545
2024-12-04 15:05:00+09:00,93281577.0491545
2024-12-04 15:06:00+09:00,93281577.0491545
2024-12-04 15:07:00+09:00,93281577.0491545
2024-12-04 15:08:00+09:00,93281577.0491545
2024-12-04 15:09:00+09:00,93281577.0491545
2024-12-04 15:10:00+09:00,93281577.0491545
2024-12-04 15:11:00+09:00,93281577.0491545
2024-12-04 15:12:00+09:00,93281577.0491545
2024-12-04 15:13:00+09:00,93281577.0491545
2024-12-04 15:14:00+09:00,93281577.0491545
2024-12-04 15:15:00+09:00,93281577.0491545
2024-12-04 15:16:00+09:00,93281577.0491545
2024-12-04 15:17:00+09:00,93281577.0491545
2024-12-04 15:18:00+09:00,93281577.0491545
2024-12-04 15:19:00+09:00,93244264.41833484
2024-12-04 15:30:00+09:00,93420196.99270907
2024-12-04 15:35:00+09:00,93420196.99270907
2024-12-05 09:00:00+09:00,93772062.14145751
2024-12-05 09:01:00+09:00,94123927.29020596
2024-12-05 09:02:00+09:00,94123927.29020596
2024-12-05 09:03:00+09:00,93947994.71583174
2024-12-05 09:04:00+09:00,94123927.29020596
2024-12-05 09:05:00+09:00,94651725.01332861
2024-12-05 09:06:00+09:00,94827657.58770283
2024-12-05 09:07:00+09:00,94827657.58770283
2024-12-05 09:08:00+09:00,94827657.58770283
2024-12-05 09:09:00+09:00,95003590.16207704
2024-12-05 09:10:00+09:00,95179522.73645125
2024-12-05 09:11:00+09:00,95531387.8851997
2024-12-05 09:12:00+09:00,95003590.16207704
2024-12-05 09:13:00+09:00,94651725.01332861
2024-12-05 09:14:00+09:00,94651725.01332861
2024-12-05 09:15:00+09:00,94651725.01332861
2024-12-05 09:16:00+09:00,94475792.4389544
2024-12-05 09:17:00+09:00,94299859.86458017
2024-12-05 09:18:00+09:00,94123927.29020596
2024-12-05 09:19:00+09:00,94123927.29020596
2024-12-05 09:20:00+09:00,94299859.86458017
2024-12-05 09:21:00+09:00,94475792.43895438
2024-12-05 09:22:00+09:00,94651725.0133286
2024-12-05 09:23:00+09:00,94827657.58770281
2024-12-05 09:24:00+09:00,94827657.58770281
2024-12-05 09:25:00+09:00,94827657.58770281
2024-12-05 09:26:00+09:00,95003590.16207702
2024-12-05 09:27:00+09:00,95003590.16207702
2024-12-05 09:28:00+09:00,94827657.58770281
2024-12-05 09:29:00+09:00,95003590.16207702
2024-12-05 09:30:00+09:00,95003590.16207702
2024-12-05 09:31:00+09:00,95003590.16207702
2024-12-05 09:32:00+09:00,94827657.58770281
2024-12-05 09:33:00+09:00,95003590.16207702
2024-12-05 09:34:00+09:00,95179522.73645124
2024-12-05 09:35:00+09:00,95179522.73645124
2024-12-05 09:36:00+09:00,95179522.73645124
2024-12-05 09:37:00+09:00,95179522.73645124
2024-12-05 09:38:00+09:00,95707320.4595739
2024-12-05 09:39:00+09:00,95531387.88519968
2024-12-05 09:40:00+09:00,95707320.45957391
2024-12-05 09:41:00+09:00,95707320.45957391
2024-12-05 09:42:00+09:00,95531387.8851997
2024-12-05 09:43:00+09:00,95355455.31082548
2024-12-05 09:44:00+09:00,95531387.88519971
2024-12-05 09:45:00+09:00,95531387.88519971
2024-12-05 09:46:00+09:00,95179522.73645128
2024-12-05 09:47:00+09:00,95179522.73645128
2024-12-05 09:48:00+09:00,95179522.73645128
2024-12-05 09:49:00+09:00,95355455.3108255
2024-12-05 09:50:00+09:00,95179522.73645128
2024-12-05 09:51:00+09:00,95355455.3108255
2024-12-05 09:52:00+09:00,95179522.73645128
2024-12-05 09:53:00+09:00,95003590.16207707
2024-12-05 09:54:00+09:00,95179522.73645128
2024-12-05 09:55:00+09:00,95003590.16207707
2024-12-05 09:56:00+09:00,95179522.73645128
2024-12-05 09:57:00+09:00,95355455.3108255
2024-12-05 09:58:00+09:00,95355455.3108255
2024-12-05 09:59:00+09:00,95179522.73645128
2024-12-05 10:00:00+09:00,95179522.73645128
2024-12-05 10:01:00+09:00,95179522.73645128
2024-12-05 10:02:00+09:00,95003590.16207707
2024-12-05 10:03:00+09:00,95003590.16207707
2024-12-05 10:04:00+09:00,94827657.58770286
2024-12-05 10:05:00+09:00,94747080.46863946
2024-12-05 10:06:00+09:00,94747080.46863946
2024-12-05 10:07:00+09:00,94747080.46863946
2024-12-05 10:08:00+09:00,94747080.46863946
2024-12-05 10:09:00+09:00,94747080.46863946
2024-12-05 10:10:00+09:00,94747080.46863946
2024-12-05 10:11:00+09:00,94747080.46863946
2024-12-05 10:12:00+09:00,94747080.46863946
2024-12-05 10:13:00+09:00,94747080.46863946
2024-12-05 10:14:00+09:00,94747080.46863946
2024-12-05 10:15:00+09:00,94747080.46863946
2024-12-05 10:16:00+09:00,94747080.46863946
2024-12-05 10:17:00+09:00,94747080.46863946
2024-12-05 10:18:00+09:00,94747080.46863946
2024-12-05 10:19:00+09:00,94747080.46863946
2024-12-05 10:20:00+09:00,94747080.46863946
2024-12-05 10:21:00+09:00,94747080.46863946
2024-12-05 10:22:00+09:00,94747080.46863946
2024-12-05 10:23:00+09:00,94747080.46863946
2024-12-05 10:24:00+09:00,94747080.46863946
2024-12-05 10:25:00+09:00,94747080.46863946
2024-12-05 10:26:00+09:00,94747080.46863946
2024-12-05 10:27:00+09:00,94747080.46863946
2024-12-05 10:28:00+09:00,94747080.46863946
2024-12-05 10:29:00+09:00,94747080.46863946
2024-12-05 10:30:00+09:00,94747080.46863946
2024-12-05 10:31:00+09:00,94747080.46863946
2024-12-05 10:32:00+09:00,94747080.46863946
2024-12-05 10:33:00+09:00,94747080.46863946
2024-12-05 10:34:00+09:00,94747080.46863946
2024-12-05 10:35:00+09:00,94747080.46863946
2024-12-05 10:36:00+09:00,94747080.46863946
2024-12-05 10:37:00+09:00,94747080.46863946
2024-12-05 10:38:00+09:00,94747080.46863946
2024-12-05 10:39:00+09:00,94747080.46863946
2024-12-05 10:40:00+09:00,94747080.46863946
2024-12-05 10:41:00+09:00,94747080.46863946
2024-12-05 10:42:00+09:00,94747080.46863946
2024-12-05 10:43:00+09:00,94747080.46863946
2024-12-05 10:44:00+09:00,94747080.46863946
2024-12-05 10:45:00+09:00,94747080.46863946
2024-12-05 10:46:00+09:00,94747080.46863946
2024-12-05 10:47:00+09:00,94747080.46863946
2024-12-05 10:48:00+09:00,94747080.46863946
2024-12-05 10:49:00+09:00,94747080.46863946
2024-12-05 10:50:00+09:00,94747080.46863946
2024-12-05 10:51:00+09:00,94747080.46863946
2024-12-05 10:52:00+09:00,94747080.46863946
2024-12-05 10:53:00+09:00,94747080.46863946
2024-12-05 10:54:00+09:00,94747080.46863946
2024-12-05 10:55:00+09:00,94747080.46863946
2024-12-05 10:56:00+09:00,94747080.46863946
2024-12-05 10:57:00+09:00,94747080.46863946
2024-12-05 10:58:00+09:00,94747080.46863946
2024-12-05 10:59:00+09:00,94747080.46863946
2024-12-05 11:00:00+09:00,94747080.46863946
2024-12-05 11:01:00+09:00,94747080.46863946
2024-12-05 11:02:00+09:00,94747080.46863946
2024-12-05 11:03:00+09:00,94747080.46863946
2024-12-05 11:04:00+09:00,94747080.46863946
2024-12-05 11:05:00+09:00,94747080.46863946
2024-12-05 11:06:00+09:00,94747080.46863946
2024-12-05 11:07:00+09:00,94747080.46863946
2024-12-05 11:08:00+09:00,94747080.46863946
2024-12-05 11:09:00+09:00,94747080.46863946
2024-12-05 11:10:00+09:00,94747080.46863946
2024-12-05 11:11:00+09:00,94747080.46863946
2024-12-05 11:12:00+09:00,94747080.46863946
2024-12-05 11:13:00+09:00,94747080.46863946
2024-12-05 11:14:00+09:00,94747080.46863946
2024-12-05 11:15:00+09:00,94747080.46863946
2024-12-05 11:16:00+09:00,94747080.46863946
2024-12-05 11:17:00+09:00,94747080.46863946
2024-12-05 11:18:00+09:00,94747080.46863946
2024-12-05 11:19:00+09:00,94747080.46863946
2024-12-05 11:20:00+09:00,94747080.46863946
2024-12-05 11:21:00+09:00,94747080.46863946
2024-12-05 11:22:00+09:00,94747080.46863946
2024-12-05 11:23:00+09:00,94747080.46863946
2024-12-05 11:24:00+09:00,94709181.636452
2024-12-05 11:25:00+09:00,94884569.00985283
2024-12-05 11:26:00+09:00,94709181.63645199
2024-12-05 11:27:00+09:00,94709181.63645199
2024-12-05 11:28:00+09:00,94709181.63645199
2024-12-05 11:29:00+09:00,94709181.63645199
2024-12-05 11:30:00+09:00,94884569.00985281
2024-12-05 11:31:00+09:00,95059956.38325365
2024-12-05 11:32:00+09:00,94884569.00985281
2024-12-05 11:33:00+09:00,95059956.38325365
2024-12-05 11:34:00+09:00,95059956.38325365
2024-12-05 11:35:00+09:00,94884569.00985281
2024-12-05 11:36:00+09:00,94884569.00985281
2024-12-05 11:37:00+09:00,95059956.38325365
2024-12-05 11:38:00+09:00,94884569.00985281
2024-12-05 11:39:00+09:00,95059956.38325365
2024-12-05 11:40:00+09:00,95059956.38325365
2024-12-05 11:41:00+09:00,95059956.38325365
2024-12-05 11:42:00+09:00,95059956.38325365
2024-12-05 11:43:00+09:00,94884569.00985281
2024-12-05 11:44:00+09:00,94709181.63645197
2024-12-05 11:45:00+09:00,94709181.63645197
2024-12-05 11:46:00+09:00,94884569.0098528
2024-12-05 11:47:00+09:00,94533794.26305112
2024-12-05 11:48:00+09:00,94533794.26305112
2024-12-05 11:49:00+09:00,94453466.84603353
2024-12-05 11:50:00+09:00,94453466.84603353
2024-12-05 11:51:00+09:00,94453466.84603353
2024-12-05 11:52:00+09:00,94453466.84603353
2024-12-05 11:53:00+09:00,94453466.84603353
2024-12-05 11:54:00+09:00,94453466.84603353
2024-12-05 11:55:00+09:00,94453466.84603353
2024-12-05 11:56:00+09:00,94453466.84603353
2024-12-05 11:57:00+09:00,94453466.84603353
2024-12-05 11:58:00+09:00,94453466.84603353
2024-12-05 11:59:00+09:00,94453466.84603353
2024-12-05 12:00:00+09:00,94453466.84603353
2024-12-05 12:01:00+09:00,94453466.84603353
2024-12-05 12:02:00+09:00,94453466.84603353
2024-12-05 12:03:00+09:00,94453466.84603353
2024-12-05 12:04:00+09:00,94453466.84603353
2024-12-05 12:05:00+09:00,94453466.84603353
2024-12-05 12:06:00+09:00,94453466.84603353
2024-12-05 12:07:00+09:00,94453466.84603353
2024-12-05 12:08:00+09:00,94453466.84603353
2024-12-05 12:09:00+09:00,94453466.84603353
2024-12-05 12:10:00+09:00,94453466.84603353
2024-12-05 12:11:00+09:00,94453466.84603353
2024-12-05 12:12:00+09:00,94453466.84603353
2024-12-05 12:13:00+09:00,94453466.84603353
2024-12-05 12:14:00+09:00,94453466.84603353
2024-12-05 12:15:00+09:00,94453466.84603353
2024-12-05 12:16:00+09:00,94453466.84603353
2024-12-05 12:17:00+09:00,94453466.84603353
2024-12-05 12:18:00+09:00,94453466.84603353
2024-12-05 12:19:00+09:00,94453466.84603353
2024-12-05 12:20:00+09:00,94453466.84603353
2024-12-05 12:21:00+09:00,94453466.84603353
2024-12-05 12:22:00+09:00,94453466.84603353
2024-12-05 12:23:00+09:00,94453466.84603353
2024-12-05 12:24:00+09:00,94453466.84603353
2024-12-05 12:25:00+09:00,94453466.84603353
2024-12-05 12:26:00+09:00,94453466.84603353
2024-12-05 12:27:00+09:00,94453466.84603353
2024-12-05 12:28:00+09:00,94453466.84603353
2024-12-05 12:29:00+09:00,94453466.84603353
2024-12-05 12:30:00+09:00,94453466.84603353
2024-12-05 12:31:00+09:00,94453466.84603353
2024-12-05 12:32:00+09:00,94453466.84603353
2024-12-05 12:33:00+09:00,94453466.84603353
2024-12-05 12:34:00+09:00,94453466.84603353
2024-12-05 12:35:00+09:00,94453466.84603353
2024-12-05 12:36:00+09:00,94453466.84603353
2024-12-05 12:37:00+09:00,94453466.84603353
2024-12-05 12:38:00+09:00,94453466.84603353
2024-12-05 12:39:00+09:00,94453466.84603353
2024-12-05 12:40:00+09:00,94453466.84603353
2024-12-05 12:41:00+09:00,94453466.84603353
2024-12-05 12:42:00+09:00,94453466.84603353
2024-12-05 12:43:00+09:00,94453466.84603353
2024-12-05 12:44:00+09:00,94415685.45929512
2024-12-05 12:45:00+09:00,94241164.78376962
2024-12-05 12:46:00+09:00,94241164.78376962
2024-12-05 12:47:00+09:00,94241164.78376962
2024-12-05 12:48:00+09:00,94415685.45929511
2024-12-05 12:49:00+09:00,94415685.45929511
2024-12-05 12:50:00+09:00,94241164.78376961
2024-12-05 12:51:00+09:00,94415685.4592951
2024-12-05 12:52:00+09:00,94415685.4592951
2024-12-05 12:53:00+09:00,94415685.4592951
2024-12-05 12:54:00+09:00,94415685.4592951
2024-12-05 12:55:00+09:00,94415685.4592951
2024-12-05 12:56:00+09:00,94415685.4592951
2024-12-05 12:57:00+09:00,94415685.4592951
2024-12-05 12:58:00+09:00,94241164.7837696
2024-12-05 12:59:00+09:00,94415685.45929508
2024-12-05 13:00:00+09:00,94415685.45929508
2024-12-05 13:01:00+09:00,94241164.78376958
2024-12-05 13:02:00+09:00,94415685.45929506
2024-12-05 13:03:00+09:00,94241164.78376956
2024-12-05 13:04:00+09:00,94241164.78376956
2024-12-05 13:05:00+09:00,94241164.78376956
2024-12-05 13:06:00+09:00,94415685.45929505
2024-12-05 13:07:00+09:00,94415685.45929505
2024-12-05 13:08:00+09:00,94241164.78376955
2024-12-05 13:09:00+09:00,94066644.10824405
2024-12-05 13:10:00+09:00,94066644.10824405
2024-12-05 13:11:00+09:00,93812664.16915178
2024-12-05 13:12:00+09:00,93812664.16915178
2024-12-05 13:13:00+09:00,93812664.16915178
2024-12-05 13:14:00+09:00,93812664.16915178
2024-12-05 13:15:00+09:00,93812664.16915178
2024-12-05 13:16:00+09:00,93812664.16915178
2024-12-05 13:17:00+09:00,93812664.16915178
2024-12-05 13:18:00+09:00,93812664.16915178
2024-12-05 13:19:00+09:00,93812664.16915178
2024-12-05 13:20:00+09:00,93812664.16915178
2024-12-05 13:21:00+09:00,93812664.16915178
2024-12-05 13:22:00+09:00,93812664.16915178
2024-12-05 13:23:00+09:00,93812664.16915178
2024-12-05 13:24:00+09:00,93812664.16915178
2024-12-05 13:25:00+09:00,93812664.16915178
2024-12-05 13:26:00+09:00,93812664.16915178
2024-12-05 13:27:00+09:00,93812664.16915178
2024-12-05 13:28:00+09:00,93812664.16915178
2024-12-05 13:29:00+09:00,93812664.16915178
2024-12-05 13:30:00+09:00,93812664.16915178
2024-12-05 13:31:00+09:00,93812664.16915178
2024-12-05 13:32:00+09:00,93812664.16915178
2024-12-05 13:33:00+09:00,93812664.16915178
2024-12-05 13:34:00+09:00,93812664.16915178
2024-12-05 13:35:00+09:00,93812664.16915178
2024-12-05 13:36:00+09:00,93812664.16915178
2024-12-05 13:37:00+09:00,93812664.16915178
2024-12-05 13:38:00+09:00,93812664.16915178
2024-12-05 13:39:00+09:00,93812664.16915178
2024-12-05 13:40:00+09:00,93812664.16915178
2024-12-05 13:41:00+09:00,93812664.16915178
2024-12-05 13:42:00+09:00,93812664.16915178
2024-12-05 13:43:00+09:00,93812664.16915178
2024-12-05 13:44:00+09:00,93812664.16915178
2024-12-05 13:45:00+09:00,93812664.16915178
2024-12-05 13:46:00+09:00,93775139.10348412
2024-12-05 13:47:00+09:00,93601481.43847767
2024-12-05 13:48:00+09:00,93601481.43847767
2024-12-05 13:49:00+09:00,93348757.43859378
2024-12-05 13:50:00+09:00,93348757.43859378
2024-12-05 13:51:00+09:00,93348757.43859378
2024-12-05 13:52:00+09:00,93348757.43859378
2024-12-05 13:53:00+09:00,93348757.43859378
2024-12-05 13:54:00+09:00,93348757.43859378
2024-12-05 13:55:00+09:00,93348757.43859378
2024-12-05 13:56:00+09:00,93348757.43859378
2024-12-05 13:57:00+09:00,93348757.43859378
2024-12-05 13:58:00+09:00,93348757.43859378
2024-12-05 13:59:00+09:00,93348757.43859378
2024-12-05 14:00:00+09:00,93311417.93561834
2024-12-05 14:01:00+09:00,93059477.10719217
2024-12-05 14:02:00+09:00,93059477.10719217
2024-12-05 14:03:00+09:00,93059477.10719217
2024-12-05 14:04:00+09:00,93059477.10719217
2024-12-05 14:05:00+09:00,93059477.10719217
2024-12-05 14:06:00+09:00,93059477.10719217
2024-12-05 14:07:00+09:00,93059477.10719217
2024-12-05 14:08:00+09:00,93059477.10719217
2024-12-05 14:09:00+09:00,93059477.10719217
2024-12-05 14:10:00+09:00,93059477.10719217
2024-12-05 14:11:00+09:00,93059477.10719217
2024-12-05 14:12:00+09:00,93059477.10719217
2024-12-05 14:13:00+09:00,93022253.3163493
2024-12-05 14:14:00+09:00,93194836.34662081
2024-12-05 14:15:00+09:00,92771093.23239514
2024-12-05 14:16:00+09:00,92771093.23239514
2024-12-05 14:17:00+09:00,92771093.23239514
2024-12-05 14:18:00+09:00,92771093.23239514
2024-12-05 14:19:00+09:00,92771093.23239514
2024-12-05 14:20:00+09:00,92771093.23239514
2024-12-05 14:21:00+09:00,92771093.23239514
2024-12-05 14:22:00+09:00,92771093.23239514
2024-12-05 14:23:00+09:00,92771093.23239514
2024-12-05 14:24:00+09:00,92771093.23239514
2024-12-05 14:25:00+09:00,92771093.23239514
2024-12-05 14:26:00+09:00,92771093.23239514
2024-12-05 14:27:00+09:00,92771093.23239514
2024-12-05 14:28:00+09:00,92771093.23239514
2024-12-05 14:29:00+09:00,92771093.23239514
2024-12-05 14:30:00+09:00,92771093.23239514
2024-12-05 14:31:00+09:00,92771093.23239514
2024-12-05 14:32:00+09:00,92771093.23239514
2024-12-05 14:33:00+09:00,92771093.23239514
2024-12-05 14:34:00+09:00,92771093.23239514
2024-12-05 14:35:00+09:00,92771093.23239514
2024-12-05 14:36:00+09:00,92771093.23239514
2024-12-05 14:37:00+09:00,92771093.23239514
2024-12-05 14:38:00+09:00,92771093.23239514
2024-12-05 14:39:00+09:00,92771093.23239514
2024-12-05 14:40:00+09:00,92771093.23239514
2024-12-05 14:41:00+09:00,92771093.23239514
2024-12-05 14:42:00+09:00,92771093.23239514
2024-12-05 14:43:00+09:00,92771093.23239514
2024-12-05 14:44:00+09:00,92771093.23239514
2024-12-05 14:45:00+09:00,92771093.23239514
2024-12-05 14:46:00+09:00,92771093.23239514
2024-12-05 14:47:00+09:00,92771093.23239514
2024-12-05 14:48:00+09:00,92771093.23239514
2024-12-05 14:49:00+09:00,92771093.23239514
2024-12-05 14:50:00+09:00,92771093.23239514
2024-12-05 14:51:00+09:00,92771093.23239514
2024-12-05 14:52:00+09:00,92771093.23239514
2024-12-05 14:53:00+09:00,92771093.23239514
2024-12-05 14:54:00+09:00,92771093.23239514
2024-12-05 14:55:00+09:00,92771093.23239514
2024-12-05 14:56:00+09:00,92771093.23239514
2024-12-05 14:57:00+09:00,92771093.23239514
2024-12-05 14:58:00+09:00,92771093.23239514
2024-12-05 14:59:00+09:00,92771093.23239514
2024-12-05 15:00:00+09:00,92771093.23239514
2024-12-05 15:01:00+09:00,92771093.23239514
2024-12-05 15:02:00+09:00,92771093.23239514
2024-12-05 15:03:00+09:00,92771093.23239514
2024-12-05 15:04:00+09:00,92771093.23239514
2024-12-05 15:05:00+09:00,92771093.23239514
2024-12-05 15:06:00+09:00,92771093.23239514
2024-12-05 15:07:00+09:00,92771093.23239514
2024-12-05 15:08:00+09:00,92771093.23239514
2024-12-05 15:09:00+09:00,92771093.23239514
2024-12-05 15:10:00+09:00,92771093.23239514
2024-12-05 15:11:00+09:00,92771093.23239514
2024-12-05 15:12:00+09:00,92771093.23239514
2024-12-05 15:13:00+09:00,92771093.23239514
2024-12-05 15:14:00+09:00,92771093.23239514
2024-12-05 15:15:00+09:00,92733984.7951022
2024-12-05 15:16:00+09:00,92561936.58583485
2024-12-05 15:17:00+09:00,92733984.7951022
2024-12-05 15:18:00+09:00,92561936.58583485
2024-12-05 15:19:00+09:00,92561936.58583485
2024-12-05 15:30:00+09:00,92389888.3765675
2024-12-05 15:35:00+09:00,92389888.3765675
2024-12-06 09:00:00+09:00,92655186.71525775
2024-12-06 09:01:00+09:00,92655186.71525775
2024-12-06 09:02:00+09:00,92655186.71525775
2024-12-06 09:03:00+09:00,92655186.71525775
2024-12-06 09:04:00+09:00,92655186.71525775
2024-12-06 09:05:00+09:00,92655186.71525775
2024-12-06 09:06:00+09:00,92655186.71525775
2024-12-06 09:07:00+09:00,92655186.71525775
2024-12-06 09:08:00+09:00,92655186.71525775
2024-12-06 09:09:00+09:00,92655186.71525775
2024-12-06 09:10:00+09:00,92655186.71525775
2024-12-06 09:11:00+09:00,92655186.71525775
2024-12-06 09:12:00+09:00,92655186.71525775
2024-12-06 09:13:00+09:00,92655186.71525775
2024-12-06 09:14:00+09:00,92655186.71525775
2024-12-06 09:15:00+09:00,92655186.71525775
2024-12-06 09:16:00+09:00,92655186.71525775
2024-12-06 09:17:00+09:00,92655186.71525775
2024-12-06 09:18:00+09:00,92618124.64057165
2024-12-06 09:19:00+09:00,92446926.62829703
2024-12-06 09:20:00+09:00,92618124.64057165
2024-12-06 09:21:00+09:00,92446926.62829703
2024-12-06 09:22:00+09:00,92446926.62829703
2024-12-06 09:23:00+09:00,92789322.65284629
2024-12-06 09:24:00+09:00,92618124.64057167
2024-12-06 09:25:00+09:00,92618124.64057167
2024-12-06 09:26:00+09:00,92618124.64057167
2024-12-06 09:27:00+09:00,92618124.64057167
2024-12-06 09:28:00+09:00,92789322.65284629
2024-12-06 09:29:00+09:00,92618124.64057167
2024-12-06 09:30:00+09:00,92618124.64057167
2024-12-06 09:31:00+09:00,92618124.64057167
2024-12-06 09:32:00+09:00,92446926.62829705
2024-12-06 09:33:00+09:00,92618124.64057167
2024-12-06 09:34:00+09:00,92446926.62829705
2024-12-06 09:35:00+09:00,92275728.61602242
2024-12-06 09:36:00+09:00,92275728.61602242
2024-12-06 09:37:00+09:00,92197319.92640065
2024-12-06 09:38:00+09:00,92197319.92640065
2024-12-06 09:39:00+09:00,92197319.92640065
2024-12-06 09:40:00+09:00,92197319.92640065
2024-12-06 09:41:00+09:00,92197319.92640065
2024-12-06 09:42:00+09:00,92197319.92640065
2024-12-06 09:43:00+09:00,92197319.92640065
2024-12-06 09:44:00+09:00,92197319.92640065
2024-12-06 09:45:00+09:00,92197319.92640065
2024-12-06 09:46:00+09:00,92197319.92640065
2024-12-06 09:47:00+09:00,92197319.92640065
2024-12-06 09:48:00+09:00,92197319.92640065
2024-12-06 09:49:00+09:00,92197319.92640065
2024-12-06 09:50:00+09:00,92197319.92640065
2024-12-06 09:51:00+09:00,92197319.92640065
2024-12-06 09:52:00+09:00,92197319.92640065
2024-12-06 09:53:00+09:00,92197319.92640065
2024-12-06 09:54:00+09:00,92197319.92640065
2024-12-06 09:55:00+09:00,92197319.92640065
2024-12-06 09:56:00+09:00,92197319.92640065
2024-12-06 09:57:00+09:00,92197319.92640065
2024-12-06 09:58:00+09:00,92197319.92640065
2024-12-06 09:59:00+09:00,92197319.92640065
2024-12-06 10:00:00+09:00,92197319.92640065
2024-12-06 10:01:00+09:00,92197319.92640065
2024-12-06 10:02:00+09:00,92197319.92640065
2024-12-06 10:03:00+09:00,92197319.92640065
2024-12-06 10:04:00+09:00,92197319.92640065
2024-12-06 10:05:00+09:00,92197319.92640065
2024-12-06 10:06:00+09:00,92197319.92640065
2024-12-06 10:07:00+09:00,92197319.92640065
2024-12-06 10:08:00+09:00,92197319.92640065
2024-12-06 10:09:00+09:00,92197319.92640065
2024-12-06 10:10:00+09:00,92197319.92640065
2024-12-06 10:11:00+09:00,92197319.92640065
2024-12-06 10:12:00+09:00,92197319.92640065
2024-12-06 10:13:00+09:00,92197319.92640065
2024-12-06 10:14:00+09:00,92197319.92640065
2024-12-06 10:15:00+09:00,92197319.92640065
2024-12-06 10:16:00+09:00,92197319.92640065
2024-12-06 10:17:00+09:00,92197319.92640065
2024-12-06 10:18:00+09:00,92160440.99843009
2024-12-06 10:19:00+09:00,91741085.34426914
2024-12-06 10:20:00+09:00,91741085.34426914
2024-12-06 10:21:00+09:00,91741085.34426914
2024-12-06 10:22:00+09:00,91741085.34426914
2024-12-06 10:23:00+09:00,91741085.34426914
2024-12-06 10:24:00+09:00,91741085.34426914
2024-12-06 10:25:00+09:00,91741085.34426914
2024-12-06 10:26:00+09:00,91741085.34426914
2024-12-06 10:27:00+09:00,91741085.34426914
2024-12-06 10:28:00+09:00,91741085.34426914
2024-12-06 10:29:00+09:00,91741085.34426914
2024-12-06 10:30:00+09:00,91741085.34426914
2024-12-06 10:31:00+09:00,91741085.34426914
2024-12-06 10:32:00+09:00,91741085.34426914
2024-12-06 10:33:00+09:00,91741085.34426914
2024-12-06 10:34:00+09:00,91741085.34426914
2024-12-06 10:35:00+09:00,91741085.34426914
2024-12-06 10:36:00+09:00,91741085.34426914
2024-12-06 10:37:00+09:00,91741085.34426914
2024-12-06 10:38:00+09:00,91741085.34426914
2024-12-06 10:39:00+09:00,91741085.34426914
2024-12-06 10:40:00+09:00,91741085.34426914
2024-12-06 10:41:00+09:00,91741085.34426914
2024-12-06 10:42:00+09:00,91741085.34426914
2024-12-06 10:43:00+09:00,91741085.34426914
2024-12-06 10:44:00+09:00,91741085.34426914
2024-12-06 10:45:00+09:00,91741085.34426914
2024-12-06 10:46:00+09:00,91741085.34426914
2024-12-06 10:47:00+09:00,91741085.34426914
2024-12-06 10:48:00+09:00,91741085.34426914
2024-12-06 10:49:00+09:00,91741085.34426914
2024-12-06 10:50:00+09:00,91741085.34426914
2024-12-06 10:51:00+09:00,91741085.34426914
2024-12-06 10:52:00+09:00,91741085.34426914
2024-12-06 10:53:00+09:00,91741085.34426914
2024-12-06 10:54:00+09:00,91741085.34426914
2024-12-06 10:55:00+09:00,91741085.34426914
2024-12-06 10:56:00+09:00,91741085.34426914
2024-12-06 10:57:00+09:00,91741085.34426914
2024-12-06 10:58:00+09:00,91741085.34426914
2024-12-06 10:59:00+09:00,91741085.34426914
2024-12-06 11:00:00+09:00,91741085.34426914
2024-12-06 11:01:00+09:00,91741085.34426914
2024-12-06 11:02:00+09:00,91741085.34426914
2024-12-06 11:03:00+09:00,91741085.34426914
2024-12-06 11:04:00+09:00,91741085.34426914
2024-12-06 11:05:00+09:00,91741085.34426914
2024-12-06 11:06:00+09:00,91741085.34426914
2024-12-06 11:07:00+09:00,91741085.34426914
2024-12-06 11:08:00+09:00,91741085.34426914
2024-12-06 11:09:00+09:00,91741085.34426914
2024-12-06 11:10:00+09:00,91741085.34426914
2024-12-06 11:11:00+09:00,91741085.34426914
2024-12-06 11:12:00+09:00,91741085.34426914
2024-12-06 11:13:00+09:00,91741085.34426914
2024-12-06 11:14:00+09:00,91741085.34426914
2024-12-06 11:15:00+09:00,91741085.34426914
2024-12-06 11:16:00+09:00,91741085.34426914
2024-12-06 11:17:00+09:00,91741085.34426914
2024-12-06 11:18:00+09:00,91741085.34426914
2024-12-06 11:19:00+09:00,91741085.34426914
2024-12-06 11:20:00+09:00,91704388.91013144
2024-12-06 11:21:00+09:00,91704388.91013144
2024-12-06 11:22:00+09:00,91874843.16461124
2024-12-06 11:23:00+09:00,91874843.16461124
2024-12-06 11:24:00+09:00,91874843.16461124
2024-12-06 11:25:00+09:00,91704388.91013144
2024-12-06 11:26:00+09:00,91704388.91013144
2024-12-06 11:27:00+09:00,91874843.16461124
2024-12-06 11:28:00+09:00,91874843.16461124
2024-12-06 11:29:00+09:00,92045297.41909103
2024-12-06 11:30:00+09:00,91874843.16461124
2024-12-06 11:31:00+09:00,92045297.41909103
2024-12-06 11:32:00+09:00,92045297.41909103
2024-12-06 11:33:00+09:00,91704388.91013144
2024-12-06 11:34:00+09:00,91874843.16461124
2024-12-06 11:35:00+09:00,91874843.16461124
2024-12-06 11:36:00+09:00,91874843.16461124
2024-12-06 11:37:00+09:00,92045297.41909103
2024-12-06 11:38:00+09:00,91874843.16461124
2024-12-06 11:39:00+09:00,91874843.16461124
2024-12-06 11:40:00+09:00,92045297.41909103
2024-12-06 11:41:00+09:00,91874843.16461124
2024-12-06 11:42:00+09:00,92045297.41909103
2024-12-06 11:43:00+09:00,92045297.41909103
2024-12-06 11:44:00+09:00,92045297.41909103
2024-12-06 11:45:00+09:00,91874843.16461124
2024-12-06 11:46:00+09:00,91874843.16461124
2024-12-06 11:47:00+09:00,91874843.16461124
2024-12-06 11:48:00+09:00,91874843.16461124
2024-12-06 11:49:00+09:00,92045297.41909103
2024-12-06 11:50:00+09:00,91874843.16461124
2024-12-06 11:51:00+09:00,91874843.16461124
2024-12-06 11:52:00+09:00,91874843.16461124
2024-12-06 11:53:00+09:00,91874843.16461124
2024-12-06 11:54:00+09:00,91874843.16461124
2024-12-06 11:55:00+09:00,92045297.41909103
2024-12-06 11:56:00+09:00,91874843.16461124
2024-12-06 11:57:00+09:00,91874843.16461124
2024-12-06 11:58:00+09:00,91874843.16461124
2024-12-06 11:59:00+09:00,92045297.41909103
2024-12-06 12:00:00+09:00,92045297.41909103
2024-12-06 12:01:00+09:00,91874843.16461124
2024-12-06 12:02:00+09:00,92045297.41909103
2024-12-06 12:03:00+09:00,92045297.41909103
2024-12-06 12:04:00+09:00,92045297.41909103
2024-12-06 12:05:00+09:00,92045297.41909103
2024-12-06 12:06:00+09:00,92045297.41909103
2024-12-06 12:07:00+09:00,92045297.41909103
2024-12-06 12:08:00+09:00,92045297.41909103
2024-12-06 12:09:00+09:00,91874843.16461124
2024-12-06 12:10:00+09:00,92045297.41909103
2024-12-06 12:11:00+09:00,92045297.41909103
2024-12-06 12:12:00+09:00,91874843.16461124
2024-12-06 12:13:00+09:00,92045297.41909103
2024-12-06 12:14:00+09:00,91796775.11605948
2024-12-06 12:15:00+09:00,91796775.11605948
2024-12-06 12:16:00+09:00,91796775.11605948
2024-12-06 12:17:00+09:00,91796775.11605948
2024-12-06 12:18:00+09:00,91796775.11605948
2024-12-06 12:19:00+09:00,91796775.11605948
2024-12-06 12:20:00+09:00,91796775.11605948
2024-12-06 12:21:00+09:00,91796775.11605948
2024-12-06 12:22:00+09:00,91796775.11605948
2024-12-06 12:23:00+09:00,91796775.11605948
2024-12-06 12:24:00+09:00,91796775.11605948
2024-12-06 12:25:00+09:00,91760056.40601306
2024-12-06 12:26:00+09:00,91590444.471806
2024-12-06 12:27:00+09:00,91590444.471806
2024-12-06 12:28:00+09:00,91590444.471806
2024-12-06 12:29:00+09:00,91590444.471806
2024-12-06 12:30:00+09:00,91760056.40601304
2024-12-06 12:31:00+09:00,91760056.40601304
2024-12-06 12:32:00+09:00,91760056.40601304
2024-12-06 12:33:00+09:00,91760056.40601304
2024-12-06 12:34:00+09:00,91760056.40601304
2024-12-06 12:35:00+09:00,91760056.40601304
2024-12-06 12:36:00+09:00,91590444.47180599
2024-12-06 12:37:00+09:00,91760056.40601303
2024-12-06 12:38:00+09:00,91760056.40601303
2024-12-06 12:39:00+09:00,91760056.40601303
2024-12-06 12:40:00+09:00,91760056.40601303
2024-12-06 12:41:00+09:00,91760056.40601303
2024-12-06 12:42:00+09:00,91760056.40601303
2024-12-06 12:43:00+09:00,91760056.40601303
2024-12-06 12:44:00+09:00,91760056.40601303
2024-12-06 12:45:00+09:00,91760056.40601303
2024-12-06 12:46:00+09:00,91590444.47180597
2024-12-06 12:47:00+09:00,91590444.47180597
2024-12-06 12:48:00+09:00,91590444.47180597
2024-12-06 12:49:00+09:00,91590444.47180597
2024-12-06 12:50:00+09:00,91512304.25371677
2024-12-06 12:51:00+09:00,91512304.25371677
2024-12-06 12:52:00+09:00,91512304.25371677
2024-12-06 12:53:00+09:00,91512304.25371677
2024-12-06 12:54:00+09:00,91512304.25371677
2024-12-06 12:55:00+09:00,91512304.25371677
2024-12-06 12:56:00+09:00,91512304.25371677
2024-12-06 12:57:00+09:00,91512304.25371677
2024-12-06 12:58:00+09:00,91512304.25371677
2024-12-06 12:59:00+09:00,91512304.25371677
2024-12-06 13:00:00+09:00,91512304.25371677
2024-12-06 13:01:00+09:00,91512304.25371677
2024-12-06 13:02:00+09:00,91475699.33201529
2024-12-06 13:03:00+09:00,91059772.87910806
2024-12-06 13:04:00+09:00,91059772.87910806
2024-12-06 13:05:00+09:00,91059772.87910806
2024-12-06 13:06:00+09:00,91059772.87910806
2024-12-06 13:07:00+09:00,91059772.87910806
2024-12-06 13:08:00+09:00,91059772.87910806
2024-12-06 13:09:00+09:00,91059772.87910806
2024-12-06 13:10:00+09:00,91059772.87910806
2024-12-06 13:11:00+09:00,91059772.87910806
2024-12-06 13:12:00+09:00,91059772.87910806
2024-12-06 13:13:00+09:00,91059772.87910806
2024-12-06 13:14:00+09:00,91059772.87910806
2024-12-06 13:15:00+09:00,91059772.87910806
2024-12-06 13:16:00+09:00,91059772.87910806
2024-12-06 13:17:00+09:00,91059772.87910806
2024-12-06 13:18:00+09:00,91059772.87910806
2024-12-06 13:19:00+09:00,91059772.87910806
2024-12-06 13:20:00+09:00,91059772.87910806
2024-12-06 13:21:00+09:00,91059772.87910806
2024-12-06 13:22:00+09:00,91059772.87910806
2024-12-06 13:23:00+09:00,91059772.87910806
2024-12-06 13:24:00+09:00,91059772.87910806
2024-12-06 13:25:00+09:00,91059772.87910806
2024-12-06 13:26:00+09:00,91059772.87910806
2024-12-06 13:27:00+09:00,91059772.87910806
2024-12-06 13:28:00+09:00,91059772.87910806
2024-12-06 13:29:00+09:00,91059772.87910806
2024-12-06 13:30:00+09:00,91059772.87910806
2024-12-06 13:31:00+09:00,91059772.87910806
2024-12-06 13:32:00+09:00,91059772.87910806
2024-12-06 13:33:00+09:00,91059772.87910806
2024-12-06 13:34:00+09:00,91059772.87910806
2024-12-06 13:35:00+09:00,91059772.87910806
2024-12-06 13:36:00+09:00,91059772.87910806
2024-12-06 13:37:00+09:00,91059772.87910806
2024-12-06 13:38:00+09:00,91059772.87910806
2024-12-06 13:39:00+09:00,91059772.87910806
2024-12-06 13:40:00+09:00,91059772.87910806
2024-12-06 13:41:00+09:00,91059772.87910806
2024-12-06 13:42:00+09:00,91059772.87910806
2024-12-06 13:43:00+09:00,91059772.87910806
2024-12-06 13:44:00+09:00,91059772.87910806
2024-12-06 13:45:00+09:00,91059772.87910806
2024-12-06 13:46:00+09:00,91059772.87910806
2024-12-06 13:47:00+09:00,91059772.87910806
2024-12-06 13:48:00+09:00,91059772.87910806
2024-12-06 13:49:00+09:00,91059772.87910806
2024-12-06 13:50:00+09:00,91059772.87910806
2024-12-06 13:51:00+09:00,91059772.87910806
2024-12-06 13:52:00+09:00,91059772.87910806
2024-12-06 13:53:00+09:00,91059772.87910806
2024-12-06 13:54:00+09:00,91059772.87910806
2024-12-06 13:55:00+09:00,91059772.87910806
2024-12-06 13:56:00+09:00,91059772.87910806
2024-12-06 13:57:00+09:00,91059772.87910806
2024-12-06 13:58:00+09:00,91059772.87910806
2024-12-06 13:59:00+09:00,91059772.87910806
2024-12-06 14:00:00+09:00,91059772.87910806
2024-12-06 14:01:00+09:00,91059772.87910806
2024-12-06 14:02:00+09:00,91059772.87910806
2024-12-06 14:03:00+09:00,91059772.87910806
2024-12-06 14:04:00+09:00,91059772.87910806
2024-12-06 14:05:00+09:00,91059772.87910806
2024-12-06 14:06:00+09:00,91059772.87910806
2024-12-06 14:07:00+09:00,91059772.87910806
2024-12-06 14:08:00+09:00,91059772.87910806
2024-12-06 14:09:00+09:00,91059772.87910806
2024-12-06 14:10:00+09:00,91059772.87910806
2024-12-06 14:11:00+09:00,91059772.87910806
2024-12-06 14:12:00+09:00,91059772.87910806
2024-12-06 14:13:00+09:00,91059772.87910806
2024-12-06 14:14:00+09:00,91059772.87910806
2024-12-06 14:15:00+09:00,91059772.87910806
2024-12-06 14:16:00+09:00,91059772.87910806
2024-12-06 14:17:00+09:00,91059772.87910806
2024-12-06 14:18:00+09:00,91059772.87910806
2024-12-06 14:19:00+09:00,91059772.87910806
2024-12-06 14:20:00+09:00,91059772.87910806
2024-12-06 14:21:00+09:00,91059772.87910806
2024-12-06 14:22:00+09:00,91059772.87910806
2024-12-06 14:23:00+09:00,91059772.87910806
2024-12-06 14:24:00+09:00,91059772.87910806
2024-12-06 14:25:00+09:00,91059772.87910806
2024-12-06 14:26:00+09:00,91059772.87910806
2024-12-06 14:27:00+09:00,91059772.87910806
2024-12-06 14:28:00+09:00,91059772.87910806
2024-12-06 14:29:00+09:00,91059772.87910806
2024-12-06 14:30:00+09:00,91059772.87910806
2024-12-06 14:31:00+09:00,91059772.87910806
2024-12-06 14:32:00+09:00,91059772.87910806
2024-12-06 14:33:00+09:00,91059772.87910806
2024-12-06 14:34:00+09:00,91059772.87910806
2024-12-06 14:35:00+09:00,91059772.87910806
2024-12-06 14:36:00+09:00,91059772.87910806
2024-12-06 14:37:00+09:00,91023348.96995641
2024-12-06 14:38:00+09:00,91023348.96995641
2024-12-06 14:39:00+09:00,91023348.96995641
2024-12-06 14:40:00+09:00,91191910.72730818
2024-12-06 14:41:00+09:00,91191910.72730818
2024-12-06 14:42:00+09:00,91023348.96995641
2024-12-06 14:43:00+09:00,91191910.72730818
2024-12-06 14:44:00+09:00,91023348.96995641
2024-12-06 14:45:00+09:00,91191910.72730818
2024-12-06 14:46:00+09:00,91023348.96995641
2024-12-06 14:47:00+09:00,91191910.72730818
2024-12-06 14:48:00+09:00,91023348.96995641
2024-12-06 14:49:00+09:00,91023348.96995641
2024-12-06 14:50:00+09:00,91023348.96995641
2024-12-06 14:51:00+09:00,91023348.96995641
2024-12-06 14:52:00+09:00,91023348.96995641
2024-12-06 14:53:00+09:00,91023348.96995641
2024-12-06 14:54:00+09:00,91023348.96995641
2024-12-06 14:55:00+09:00,91191910.72730818
2024-12-06 14:56:00+09:00,91023348.96995641
2024-12-06 14:57:00+09:00,91191910.72730818
2024-12-06 14:58:00+09:00,91529034.24201173
2024-12-06 14:59:00+09:00,91191910.72730818
2024-12-06 15:00:00+09:00,91191910.72730818
2024-12-06 15:01:00+09:00,91360472.48465995
2024-12-06 15:02:00+09:00,91023348.96995641
2024-12-06 15:03:00+09:00,91023348.96995641
2024-12-06 15:04:00+09:00,90945692.56834444
2024-12-06 15:05:00+09:00,90945692.56834444
2024-12-06 15:06:00+09:00,90945692.56834444
2024-12-06 15:07:00+09:00,90945692.56834444
2024-12-06 15:08:00+09:00,90945692.56834444
2024-12-06 15:09:00+09:00,90945692.56834444
2024-12-06 15:10:00+09:00,90945692.56834444
2024-12-06 15:11:00+09:00,90945692.56834444
2024-12-06 15:12:00+09:00,90945692.56834444
2024-12-06 15:13:00+09:00,90945692.56834444
2024-12-06 15:14:00+09:00,90945692.56834444
2024-12-06 15:15:00+09:00,90945692.56834444
2024-12-06 15:16:00+09:00,90945692.56834444
2024-12-06 15:17:00+09:00,90945692.56834444
2024-12-06 15:18:00+09:00,90945692.56834444
2024-12-06 15:19:00+09:00,90945692.56834444
2024-12-06 15:30:00+09:00,90945692.56834444
2024-12-06 15:35:00+09:00,90945692.56834444
2024-12-09 09:00:00+09:00,90945692.56834444
2024-12-09 09:01:00+09:00,90945692.56834444
2024-12-09 09:02:00+09:00,90945692.56834444
2024-12-09 09:03:00+09:00,90945692.56834444
2024-12-09 09:04:00+09:00,90945692.56834444
2024-12-09 09:05:00+09:00,90945692.56834444
2024-12-09 09:06:00+09:00,90945692.56834444
2024-12-09 09:07:00+09:00,90945692.56834444
2024-12-09 09:08:00+09:00,90945692.56834444
2024-12-09 09:09:00+09:00,90945692.56834444
2024-12-09 09:10:00+09:00,90945692.56834444
2024-12-09 09:11:00+09:00,90945692.56834444
2024-12-09 09:12:00+09:00,90945692.56834444
2024-12-09 09:13:00+09:00,90945692.56834444
2024-12-09 09:14:00+09:00,90945692.56834444
2024-12-09 09:15:00+09:00,90945692.56834444
2024-12-09 09:16:00+09:00,90945692.56834444
2024-12-09 09:17:00+09:00,90945692.56834444
2024-12-09 09:18:00+09:00,90945692.56834444
2024-12-09 09:19:00+09:00,90945692.56834444
2024-12-09 09:20:00+09:00,90945692.56834444
2024-12-09 09:21:00+09:00,90945692.56834444
2024-12-09 09:22:00+09:00,90945692.56834444
2024-12-09 09:23:00+09:00,90945692.56834444
2024-12-09 09:24:00+09:00,90945692.56834444
2024-12-09 09:25:00+09:00,90945692.56834444
2024-12-09 09:26:00+09:00,90945692.56834444
2024-12-09 09:27:00+09:00,90945692.56834444
2024-12-09 09:28:00+09:00,90945692.56834444
2024-12-09 09:29:00+09:00,90945692.56834444
2024-12-09 09:30:00+09:00,90945692.56834444
2024-12-09 09:31:00+09:00,90945692.56834444
2024-12-09 09:32:00+09:00,90945692.56834444
2024-12-09 09:33:00+09:00,90945692.56834444
2024-12-09 09:34:00+09:00,90945692.56834444
2024-12-09 09:35:00+09:00,90945692.56834444
2024-12-09 09:36:00+09:00,90945692.56834444
2024-12-09 09:37:00+09:00,90945692.56834444
2024-12-09 09:38:00+09:00,90945692.56834444
2024-12-09 09:39:00+09:00,90945692.56834444
2024-12-09 09:40:00+09:00,90945692.56834444
2024-12-09 09:41:00+09:00,90945692.56834444
2024-12-09 09:42:00+09:00,90945692.56834444
2024-12-09 09:43:00+09:00,90945692.56834444
2024-12-09 09:44:00+09:00,90945692.56834444
2024-12-09 09:45:00+09:00,90945692.56834444
2024-12-09 09:46:00+09:00,90945692.56834444
2024-12-09 09:47:00+09:00,90945692.56834444
2024-12-09 09:48:00+09:00,90945692.56834444
2024-12-09 09:49:00+09:00,90945692.56834444
2024-12-09 09:50:00+09:00,90909314.2913171
2024-12-09 09:51:00+09:00,90909314.2913171
2024-12-09 09:52:00+09:00,90909314.2913171
2024-12-09 09:53:00+09:00,90740963.70929615
2024-12-09 09:54:00+09:00,90909314.2913171
2024-12-09 09:55:00+09:00,91246015.45535903
2024-12-09 09:56:00+09:00,91414366.03738
2024-12-09 09:57:00+09:00,91414366.03738
2024-12-09 09:58:00+09:00,91414366.03738
2024-12-09 09:59:00+09:00,91414366.03738
2024-12-09 10:00:00+09:00,91414366.03738
2024-12-09 10:01:00+09:00,91246015.45535904
2024-12-09 10:02:00+09:00,91582716.61940095
2024-12-09 10:03:00+09:00,91582716.61940095
2024-12-09 10:04:00+09:00,91582716.61940095
2024-12-09 10:05:00+09:00,91582716.61940095
2024-12-09 10:06:00+09:00,91751067.20142192
2024-12-09 10:07:00+09:00,91751067.20142192
2024-12-09 10:08:00+09:00,91414366.03738
2024-12-09 10:09:00+09:00,91582716.61940096
2024-12-09 10:10:00+09:00,91582716.61940096
2024-12-09 10:11:00+09:00,91751067.20142193
2024-12-09 10:12:00+09:00,91582716.61940098
2024-12-09 10:13:00+09:00,91751067.20142195
2024-12-09 10:14:00+09:00,91414366.03738002
2024-12-09 10:15:00+09:00,91582716.619401
2024-12-09 10:16:00+09:00,91414366.03738004
2024-12-09 10:17:00+09:00,91414366.03738004
2024-12-09 10:18:00+09:00,91414366.03738004
2024-12-09 10:19:00+09:00,91414366.03738004
2024-12-09 10:20:00+09:00,91414366.03738004
2024-12-09 10:21:00+09:00,91582716.61940101
2024-12-09 10:22:00+09:00,91582716.61940101
2024-12-09 10:23:00+09:00,91414366.03738005
2024-12-09 10:24:00+09:00,91582716.61940102
2024-12-09 10:25:00+09:00,91751067.20142199
2024-12-09 10:26:00+09:00,91751067.20142199
2024-12-09 10:27:00+09:00,91582716.61940104
2024-12-09 10:28:00+09:00,91751067.201422
2024-12-09 10:29:00+09:00,91751067.201422
2024-12-09 10:30:00+09:00,91751067.201422
2024-12-09 10:31:00+09:00,91751067.201422
2024-12-09 10:32:00+09:00,91751067.201422
2024-12-09 10:33:00+09:00,91919417.78344296
2024-12-09 10:34:00+09:00,91919417.78344296
2024-12-09 10:35:00+09:00,91919417.78344296
2024-12-09 10:36:00+09:00,91919417.78344296
2024-12-09 10:37:00+09:00,91751067.201422
2024-12-09 10:38:00+09:00,91751067.201422
2024-12-09 10:39:00+09:00,91582716.61940105
2024-12-09 10:40:00+09:00,91582716.61940105
2024-12-09 10:41:00+09:00,91414366.0373801
2024-12-09 10:42:00+09:00,91414366.0373801
2024-12-09 10:43:00+09:00,91751067.20142202
2024-12-09 10:44:00+09:00,91167547.24907917
2024-12-09 10:45:00+09:00,91167547.24907917
2024-12-09 10:46:00+09:00,91167547.24907917
2024-12-09 10:47:00+09:00,91167547.24907917
2024-12-09 10:48:00+09:00,91167547.24907917
2024-12-09 10:49:00+09:00,91167547.24907917
2024-12-09 10:50:00+09:00,91167547.24907917
2024-12-09 10:51:00+09:00,91167547.24907917
2024-12-09 10:52:00+09:00,91167547.24907917
2024-12-09 10:53:00+09:00,91167547.24907917
2024-12-09 10:54:00+09:00,91167547.24907917
2024-12-09 10:55:00+09:00,91167547.24907917
2024-12-09 10:56:00+09:00,91167547.24907917
2024-12-09 10:57:00+09:00,91167547.24907917
2024-12-09 10:58:00+09:00,91167547.24907917
2024-12-09 10:59:00+09:00,91167547.24907917
2024-12-09 11:00:00+09:00,91167547.24907917
2024-12-09 11:01:00+09:00,91167547.24907917
2024-12-09 11:02:00+09:00,91167547.24907917
2024-12-09 11:03:00+09:00,91167547.24907917
2024-12-09 11:04:00+09:00,91167547.24907917
2024-12-09 11:05:00+09:00,91167547.24907917
2024-12-09 11:06:00+09:00,91167547.24907917
2024-12-09 11:07:00+09:00,91167547.24907917
2024-12-09 11:08:00+09:00,91167547.24907917
2024-12-09 11:09:00+09:00,91167547.24907917
2024-12-09 11:10:00+09:00,91167547.24907917
2024-12-09 11:11:00+09:00,91167547.24907917
2024-12-09 11:12:00+09:00,91167547.24907917
2024-12-09 11:13:00+09:00,91167547.24907917
2024-12-09 11:14:00+09:00,91167547.24907917
2024-12-09 11:15:00+09:00,91167547.24907917
2024-12-09 11:16:00+09:00,91167547.24907917
2024-12-09 11:17:00+09:00,91167547.24907917
2024-12-09 11:18:00+09:00,91167547.24907917
2024-12-09 11:19:00+09:00,91167547.24907917
2024-12-09 11:20:00+09:00,91167547.24907917
2024-12-09 11:21:00+09:00,91167547.24907917
2024-12-09 11:22:00+09:00,91167547.24907917
2024-12-09 11:23:00+09:00,91167547.24907917
2024-12-09 11:24:00+09:00,91167547.24907917
2024-12-09 11:25:00+09:00,91167547.24907917
2024-12-09 11:26:00+09:00,91167547.24907917
2024-12-09 11:27:00+09:00,91167547.24907917
2024-12-09 11:28:00+09:00,91167547.24907917
2024-12-09 11:29:00+09:00,91167547.24907917
2024-12-09 11:30:00+09:00,91167547.24907917
2024-12-09 11:31:00+09:00,91167547.24907917
2024-12-09 11:32:00+09:00,91167547.24907917
2024-12-09 11:33:00+09:00,91167547.24907917
2024-12-09 11:34:00+09:00,91167547.24907917
2024-12-09 11:35:00+09:00,91167547.24907917
2024-12-09 11:36:00+09:00,91167547.24907917
2024-12-09 11:37:00+09:00,91167547.24907917
2024-12-09 11:38:00+09:00,91167547.24907917
2024-12-09 11:39:00+09:00,91167547.24907917
2024-12-09 11:40:00+09:00,91167547.24907917
2024-12-09 11:41:00+09:00,91167547.24907917
2024-12-09 11:42:00+09:00,91167547.24907917
2024-12-09 11:43:00+09:00,91167547.24907917
2024-12-09 11:44:00+09:00,91167547.24907917
2024-12-09 11:45:00+09:00,91167547.24907917
2024-12-09 11:46:00+09:00,91167547.24907917
2024-12-09 11:47:00+09:00,91167547.24907917
2024-12-09 11:48:00+09:00,91167547.24907917
2024-12-09 11:49:00+09:00,91167547.24907917
2024-12-09 11:50:00+09:00,91167547.24907917
2024-12-09 11:51:00+09:00,91167547.24907917
2024-12-09 11:52:00+09:00,91167547.24907917
2024-12-09 11:53:00+09:00,91167547.24907917
2024-12-09 11:54:00+09:00,91167547.24907917
2024-12-09 11:55:00+09:00,91167547.24907917
2024-12-09 11:56:00+09:00,91167547.24907917
2024-12-09 11:57:00+09:00,91167547.24907917
2024-12-09 11:58:00+09:00,91167547.24907917
2024-12-09 11:59:00+09:00,91167547.24907917
2024-12-09 12:00:00+09:00,91167547.24907917
2024-12-09 12:01:00+09:00,91167547.24907917
2024-12-09 12:02:00+09:00,91167547.24907917
2024-12-09 12:03:00+09:00,91167547.24907917
2024-12-09 12:04:00+09:00,91167547.24907917
2024-12-09 12:05:00+09:00,91167547.24907917
2024-12-09 12:06:00+09:00,91167547.24907917
2024-12-09 12:07:00+09:00,91167547.24907917
2024-12-09 12:08:00+09:00,91167547.24907917
2024-12-09 12:09:00+09:00,91167547.24907917
2024-12-09 12:10:00+09:00,91167547.24907917
2024-12-09 12:11:00+09:00,91167547.24907917
2024-12-09 12:12:00+09:00,91167547.24907917
2024-12-09 12:13:00+09:00,91167547.24907917
2024-12-09 12:14:00+09:00,91167547.24907917
2024-12-09 12:15:00+09:00,91167547.24907917
2024-12-09 12:16:00+09:00,91167547.24907917
2024-12-09 12:17:00+09:00,91167547.24907917
2024-12-09 12:18:00+09:00,91167547.24907917
2024-12-09 12:19:00+09:00,91167547.24907917
2024-12-09 12:20:00+09:00,91167547.24907917
2024-12-09 12:21:00+09:00,91167547.24907917
2024-12-09 12:22:00+09:00,91167547.24907917
2024-12-09 12:23:00+09:00,91167547.24907917
2024-12-09 12:24:00+09:00,91167547.24907917
2024-12-09 12:25:00+09:00,91167547.24907917
2024-12-09 12:26:00+09:00,91167547.24907917
2024-12-09 12:27:00+09:00,91167547.24907917
2024-12-09 12:28:00+09:00,91167547.24907917
2024-12-09 12:29:00+09:00,91167547.24907917
2024-12-09 12:30:00+09:00,91167547.24907917
2024-12-09 12:31:00+09:00,91167547.24907917
2024-12-09 12:32:00+09:00,91167547.24907917
2024-12-09 12:33:00+09:00,91167547.24907917
2024-12-09 12:34:00+09:00,91167547.24907917
2024-12-09 12:35:00+09:00,91167547.24907917
2024-12-09 12:36:00+09:00,91167547.24907917
2024-12-09 12:37:00+09:00,91167547.24907917
2024-12-09 12:38:00+09:00,91167547.24907917
2024-12-09 12:39:00+09:00,91167547.24907917
2024-12-09 12:40:00+09:00,91167547.24907917
2024-12-09 12:41:00+09:00,91167547.24907917
2024-12-09 12:42:00+09:00,91167547.24907917
2024-12-09 12:43:00+09:00,91167547.24907917
2024-12-09 12:44:00+09:00,91167547.24907917
2024-12-09 12:45:00+09:00,91167547.24907917
2024-12-09 12:46:00+09:00,91167547.24907917
2024-12-09 12:47:00+09:00,91167547.24907917
2024-12-09 12:48:00+09:00,91167547.24907917
2024-12-09 12:49:00+09:00,91167547.24907917
2024-12-09 12:50:00+09:00,91167547.24907917
2024-12-09 12:51:00+09:00,91167547.24907917
2024-12-09 12:52:00+09:00,91167547.24907917
2024-12-09 12:53:00+09:00,91167547.24907917
2024-12-09 12:54:00+09:00,91167547.24907917
2024-12-09 12:55:00+09:00,91167547.24907917
2024-12-09 12:56:00+09:00,91167547.24907917
2024-12-09 12:57:00+09:00,91167547.24907917
2024-12-09 12:58:00+09:00,91167547.24907917
2024-12-09 12:59:00+09:00,91167547.24907917
2024-12-09 13:00:00+09:00,91167547.24907917
2024-12-09 13:01:00+09:00,91167547.24907917
2024-12-09 13:02:00+09:00,91167547.24907917
2024-12-09 13:03:00+09:00,91167547.24907917
2024-12-09 13:04:00+09:00,91167547.24907917
2024-12-09 13:05:00+09:00,91167547.24907917
2024-12-09 13:06:00+09:00,91167547.24907917
2024-12-09 13:07:00+09:00,91167547.24907917
2024-12-09 13:08:00+09:00,91167547.24907917
2024-12-09 13:09:00+09:00,91167547.24907917
2024-12-09 13:10:00+09:00,91167547.24907917
2024-12-09 13:11:00+09:00,91167547.24907917
2024-12-09 13:12:00+09:00,91167547.24907917
2024-12-09 13:13:00+09:00,91131080.23017953
2024-12-09 13:14:00+09:00,91053957.5892338
2024-12-09 13:15:00+09:00,91053957.5892338
2024-12-09 13:16:00+09:00,91053957.5892338
2024-12-09 13:17:00+09:00,91053957.5892338
2024-12-09 13:18:00+09:00,91053957.5892338
2024-12-09 13:19:00+09:00,91053957.5892338
2024-12-09 13:20:00+09:00,91053957.5892338
2024-12-09 13:21:00+09:00,91053957.5892338
2024-12-09 13:22:00+09:00,91053957.5892338
2024-12-09 13:23:00+09:00,91053957.5892338
2024-12-09 13:24:00+09:00,91053957.5892338
2024-12-09 13:25:00+09:00,91017536.00619811
2024-12-09 13:26:00+09:00,91017536.00619811
2024-12-09 13:27:00+09:00,91186713.5824178
2024-12-09 13:28:00+09:00,91186713.5824178
2024-12-09 13:29:00+09:00,91017536.0061981
2024-12-09 13:30:00+09:00,91017536.0061981
2024-12-09 13:31:00+09:00,91017536.0061981
2024-12-09 13:32:00+09:00,90848358.4299784
2024-12-09 13:33:00+09:00,90848358.4299784
2024-12-09 13:34:00+09:00,90771788.65898135
2024-12-09 13:35:00+09:00,90771788.65898135
2024-12-09 13:36:00+09:00,90771788.65898135
2024-12-09 13:37:00+09:00,90771788.65898135
2024-12-09 13:38:00+09:00,90771788.65898135
2024-12-09 13:39:00+09:00,90771788.65898135
2024-12-09 13:40:00+09:00,90771788.65898135
2024-12-09 13:41:00+09:00,90771788.65898135
2024-12-09 13:42:00+09:00,90771788.65898135
2024-12-09 13:43:00+09:00,90771788.65898135
2024-12-09 13:44:00+09:00,90771788.65898135
2024-12-09 13:45:00+09:00,90771788.65898135
2024-12-09 13:46:00+09:00,90771788.65898135
2024-12-09 13:47:00+09:00,90771788.65898135
2024-12-09 13:48:00+09:00,90771788.65898135
2024-12-09 13:49:00+09:00,90771788.65898135
2024-12-09 13:50:00+09:00,90771788.65898135
2024-12-09 13:51:00+09:00,90771788.65898135
2024-12-09 13:52:00+09:00,90771788.65898135
2024-12-09 13:53:00+09:00,90771788.65898135
2024-12-09 13:54:00+09:00,90771788.65898135
2024-12-09 13:55:00+09:00,90771788.65898135
2024-12-09 13:56:00+09:00,90771788.65898135
2024-12-09 13:57:00+09:00,90771788.65898135
2024-12-09 13:58:00+09:00,90771788.65898135
2024-12-09 13:59:00+09:00,90771788.65898135
2024-12-09 14:00:00+09:00,90771788.65898135
2024-12-09 14:01:00+09:00,90771788.65898135
2024-12-09 14:02:00+09:00,90771788.65898135
2024-12-09 14:03:00+09:00,90771788.65898135
2024-12-09 14:04:00+09:00,90771788.65898135
2024-12-09 14:05:00+09:00,90771788.65898135
2024-12-09 14:06:00+09:00,90771788.65898135
2024-12-09 14:07:00+09:00,90771788.65898135
2024-12-09 14:08:00+09:00,90771788.65898135
2024-12-09 14:09:00+09:00,90771788.65898135
2024-12-09 14:10:00+09:00,90771788.65898135
2024-12-09 14:11:00+09:00,90771788.65898135
2024-12-09 14:12:00+09:00,90771788.65898135
2024-12-09 14:13:00+09:00,90771788.65898135
2024-12-09 14:14:00+09:00,90771788.65898135
2024-12-09 14:15:00+09:00,90771788.65898135
2024-12-09 14:16:00+09:00,90771788.65898135
2024-12-09 14:17:00+09:00,90771788.65898135
2024-12-09 14:18:00+09:00,90771788.65898135
2024-12-09 14:19:00+09:00,90771788.65898135
2024-12-09 14:20:00+09:00,90771788.65898135
2024-12-09 14:21:00+09:00,90771788.65898135
2024-12-09 14:22:00+09:00,90771788.65898135
2024-12-09 14:23:00+09:00,90771788.65898135
2024-12-09 14:24:00+09:00,90771788.65898135
2024-12-09 14:25:00+09:00,90771788.65898135
2024-12-09 14:26:00+09:00,90771788.65898135
2024-12-09 14:27:00+09:00,90771788.65898135
2024-12-09 14:28:00+09:00,90771788.65898135
2024-12-09 14:29:00+09:00,90771788.65898135
2024-12-09 14:30:00+09:00,90771788.65898135
2024-12-09 14:31:00+09:00,90771788.65898135
2024-12-09 14:32:00+09:00,90771788.65898135
2024-12-09 14:33:00+09:00,90771788.65898135
2024-12-09 14:34:00+09:00,90771788.65898135
2024-12-09 14:35:00+09:00,90771788.65898135
2024-12-09 14:36:00+09:00,90771788.65898135
2024-12-09 14:37:00+09:00,90771788.65898135
2024-12-09 14:38:00+09:00,90771788.65898135
2024-12-09 14:39:00+09:00,90771788.65898135
2024-12-09 14:40:00+09:00,90771788.65898135
2024-12-09 14:41:00+09:00,90771788.65898135
2024-12-09 14:42:00+09:00,90771788.65898135
2024-12-09 14:43:00+09:00,90771788.65898135
2024-12-09 14:44:00+09:00,90771788.65898135
2024-12-09 14:45:00+09:00,90771788.65898135
2024-12-09 14:46:00+09:00,90771788.65898135
2024-12-09 14:47:00+09:00,90771788.65898135
2024-12-09 14:48:00+09:00,90771788.65898135
2024-12-09 14:49:00+09:00,90771788.65898135
2024-12-09 14:50:00+09:00,90771788.65898135
2024-12-09 14:51:00+09:00,90771788.65898135
2024-12-09 14:52:00+09:00,90771788.65898135
2024-12-09 14:53:00+09:00,90771788.65898135
2024-12-09 14:54:00+09:00,90771788.65898135
2024-12-09 14:55:00+09:00,90771788.65898135
2024-12-09 14:56:00+09:00,90771788.65898135
2024-12-09 14:57:00+09:00,90771788.65898135
2024-12-09 14:58:00+09:00,90771788.65898135
2024-12-09 14:59:00+09:00,90771788.65898135
2024-12-09 15:00:00+09:00,90771788.65898135
2024-12-09 15:01:00+09:00,90771788.65898135
2024-12-09 15:02:00+09:00,90771788.65898135
2024-12-09 15:03:00+09:00,90771788.65898135
2024-12-09 15:04:00+09:00,90771788.65898135
2024-12-09 15:05:00+09:00,90771788.65898135
2024-12-09 15:06:00+09:00,90771788.65898135
2024-12-09 15:07:00+09:00,90771788.65898135
2024-12-09 15:08:00+09:00,90771788.65898135
2024-12-09 15:09:00+09:00,90771788.65898135
2024-12-09 15:10:00+09:00,90771788.65898135
2024-12-09 15:11:00+09:00,90771788.65898135
2024-12-09 15:12:00+09:00,90771788.65898135
2024-12-09 15:13:00+09:00,90771788.65898135
2024-12-09 15:14:00+09:00,90771788.65898135
2024-12-09 15:15:00+09:00,90771788.65898135
2024-12-09 15:16:00+09:00,90771788.65898135
2024-12-09 15:17:00+09:00,90771788.65898135
2024-12-09 15:18:00+09:00,90771788.65898135
2024-12-09 15:19:00+09:00,90771788.65898135
2024-12-09 15:30:00+09:00,90771788.65898135
2024-12-09 15:35:00+09:00,90771788.65898135
2024-12-10 09:00:00+09:00,90771788.65898135
2024-12-10 09:01:00+09:00,90771788.65898135
2024-12-10 09:02:00+09:00,90735479.94351776
2024-12-10 09:03:00+09:00,90735479.94351776
2024-12-10 09:04:00+09:00,90735479.94351776
2024-12-10 09:05:00+09:00,90568379.61213006
2024-12-10 09:06:00+09:00,90568379.61213006
2024-12-10 09:07:00+09:00,90735479.94351776
2024-12-10 09:08:00+09:00,90735479.94351776
2024-12-10 09:09:00+09:00,90568379.61213006
2024-12-10 09:10:00+09:00,90568379.61213006
2024-12-10 09:11:00+09:00,90401279.28074236
2024-12-10 09:12:00+09:00,90401279.28074236
2024-12-10 09:13:00+09:00,90401279.28074236
2024-12-10 09:14:00+09:00,90401279.28074236
2024-12-10 09:15:00+09:00,90067078.61796696
2024-12-10 09:16:00+09:00,90234178.94935465
2024-12-10 09:17:00+09:00,90067078.61796695
2024-12-10 09:18:00+09:00,90067078.61796695
2024-12-10 09:19:00+09:00,90234178.94935463
2024-12-10 09:20:00+09:00,90234178.94935463
2024-12-10 09:21:00+09:00,89732877.95519155
2024-12-10 09:22:00+09:00,90067078.61796695
2024-12-10 09:23:00+09:00,90067078.61796695
2024-12-10 09:24:00+09:00,90234178.94935463
2024-12-10 09:25:00+09:00,90234178.94935463
2024-12-10 09:26:00+09:00,90067078.61796694
2024-12-10 09:27:00+09:00,90234178.94935462
2024-12-10 09:28:00+09:00,90067078.61796692
2024-12-10 09:29:00+09:00,90234178.9493546
2024-12-10 09:30:00+09:00,90401279.28074229
2024-12-10 09:31:00+09:00,90401279.28074229
2024-12-10 09:32:00+09:00,90401279.28074229
2024-12-10 09:33:00+09:00,90401279.28074229
2024-12-10 09:34:00+09:00,90234178.94935459
2024-12-10 09:35:00+09:00,90401279.28074227
2024-12-10 09:36:00+09:00,90401279.28074227
2024-12-10 09:37:00+09:00,90401279.28074227
2024-12-10 09:38:00+09:00,90401279.28074227
2024-12-10 09:39:00+09:00,90401279.28074227
2024-12-10 09:40:00+09:00,90234178.94935457
2024-12-10 09:41:00+09:00,90234178.94935457
2024-12-10 09:42:00+09:00,90401279.28074226
2024-12-10 09:43:00+09:00,90234178.94935456
2024-12-10 09:44:00+09:00,90234178.94935456
2024-12-10 09:45:00+09:00,90234178.94935456
2024-12-10 09:46:00+09:00,90067078.61796686
2024-12-10 09:47:00+09:00,90234178.94935454
2024-12-10 09:48:00+09:00,89823897.50569834
2024-12-10 09:49:00+09:00,89823897.50569834
2024-12-10 09:50:00+09:00,89823897.50569834
2024-12-10 09:51:00+09:00,89823897.50569834
2024-12-10 09:52:00+09:00,89823897.50569834
2024-12-10 09:53:00+09:00,89823897.50569834
2024-12-10 09:54:00+09:00,89823897.50569834
2024-12-10 09:55:00+09:00,89823897.50569834
2024-12-10 09:56:00+09:00,89823897.50569834
2024-12-10 09:57:00+09:00,89823897.50569834
2024-12-10 09:58:00+09:00,89823897.50569834
2024-12-10 09:59:00+09:00,89823897.50569834
2024-12-10 10:00:00+09:00,89823897.50569834
2024-12-10 10:01:00+09:00,89823897.50569834
2024-12-10 10:02:00+09:00,89823897.50569834
2024-12-10 10:03:00+09:00,89823897.50569834
2024-12-10 10:04:00+09:00,89823897.50569834
2024-12-10 10:05:00+09:00,89823897.50569834
2024-12-10 10:06:00+09:00,89823897.50569834
2024-12-10 10:07:00+09:00,89823897.50569834
2024-12-10 10:08:00+09:00,89823897.50569834
2024-12-10 10:09:00+09:00,89823897.50569834
2024-12-10 10:10:00+09:00,89823897.50569834
2024-12-10 10:11:00+09:00,89823897.50569834
2024-12-10 10:12:00+09:00,89823897.50569834
2024-12-10 10:13:00+09:00,89823897.50569834
2024-12-10 10:14:00+09:00,89787967.94669606
2024-12-10 10:15:00+09:00,89954550.4475248
2024-12-10 10:16:00+09:00,89877805.88939299
2024-12-10 10:17:00+09:00,89877805.88939299
2024-12-10 10:18:00+09:00,89877805.88939299
2024-12-10 10:19:00+09:00,89877805.88939299
2024-12-10 10:20:00+09:00,89877805.88939299
2024-12-10 10:21:00+09:00,89877805.88939299
2024-12-10 10:22:00+09:00,89877805.88939299
2024-12-10 10:23:00+09:00,89877805.88939299
2024-12-10 10:24:00+09:00,89877805.88939299
2024-12-10 10:25:00+09:00,89877805.88939299
2024-12-10 10:26:00+09:00,89877805.88939299
2024-12-10 10:27:00+09:00,89877805.88939299
2024-12-10 10:28:00+09:00,89877805.88939299
2024-12-10 10:29:00+09:00,89877805.88939299
2024-12-10 10:30:00+09:00,89877805.88939299
2024-12-10 10:31:00+09:00,89877805.88939299
2024-12-10 10:32:00+09:00,89877805.88939299
2024-12-10 10:33:00+09:00,89877805.88939299
2024-12-10 10:34:00+09:00,89877805.88939299
2024-12-10 10:35:00+09:00,89877805.88939299
2024-12-10 10:36:00+09:00,89877805.88939299
2024-12-10 10:37:00+09:00,89877805.88939299
2024-12-10 10:38:00+09:00,89877805.88939299
2024-12-10 10:39:00+09:00,89877805.88939299
2024-12-10 10:40:00+09:00,89877805.88939299
2024-12-10 10:41:00+09:00,89877805.88939299
2024-12-10 10:42:00+09:00,89877805.88939299
2024-12-10 10:43:00+09:00,89877805.88939299
2024-12-10 10:44:00+09:00,89877805.88939299
2024-12-10 10:45:00+09:00,89877805.88939299
2024-12-10 10:46:00+09:00,89877805.88939299
2024-12-10 10:47:00+09:00,89877805.88939299
2024-12-10 10:48:00+09:00,89877805.88939299
2024-12-10 10:49:00+09:00,89877805.88939299
2024-12-10 10:50:00+09:00,89877805.88939299
2024-12-10 10:51:00+09:00,89877805.88939299
2024-12-10 10:52:00+09:00,89877805.88939299
2024-12-10 10:53:00+09:00,89877805.88939299
2024-12-10 10:54:00+09:00,89877805.88939299
2024-12-10 10:55:00+09:00,89877805.88939299
2024-12-10 10:56:00+09:00,89877805.88939299
2024-12-10 10:57:00+09:00,89877805.88939299
2024-12-10 10:58:00+09:00,89877805.88939299
2024-12-10 10:59:00+09:00,89877805.88939299
2024-12-10 11:00:00+09:00,89877805.88939299
2024-12-10 11:01:00+09:00,89877805.88939299
2024-12-10 11:02:00+09:00,89877805.88939299
2024-12-10 11:03:00+09:00,89877805.88939299
2024-12-10 11:04:00+09:00,89877805.88939299
2024-12-10 11:05:00+09:00,89877805.88939299
2024-12-10 11:06:00+09:00,89877805.88939299
2024-12-10 11:07:00+09:00,89877805.88939299
2024-12-10 11:08:00+09:00,89877805.88939299
2024-12-10 11:09:00+09:00,89877805.88939299
2024-12-10 11:10:00+09:00,89877805.88939299
2024-12-10 11:11:00+09:00,89877805.88939299
2024-12-10 11:12:00+09:00,89877805.88939299
2024-12-10 11:13:00+09:00,89877805.88939299
2024-12-10 11:14:00+09:00,89841854.76703723
2024-12-10 11:15:00+09:00,89599281.75916623
2024-12-10 11:16:00+09:00,89599281.75916623
2024-12-10 11:17:00+09:00,89599281.75916623
2024-12-10 11:18:00+09:00,89599281.75916623
2024-12-10 11:19:00+09:00,89599281.75916623
2024-12-10 11:20:00+09:00,89599281.75916623
2024-12-10 11:21:00+09:00,89599281.75916623
2024-12-10 11:22:00+09:00,89599281.75916623
2024-12-10 11:23:00+09:00,89599281.75916623
2024-12-10 11:24:00+09:00,89599281.75916623
2024-12-10 11:25:00+09:00,89599281.75916623
2024-12-10 11:26:00+09:00,89599281.75916623
2024-12-10 11:27:00+09:00,89599281.75916623
2024-12-10 11:28:00+09:00,89599281.75916623
2024-12-10 11:29:00+09:00,89599281.75916623
2024-12-10 11:30:00+09:00,89599281.75916623
2024-12-10 11:31:00+09:00,89599281.75916623
2024-12-10 11:32:00+09:00,89599281.75916623
2024-12-10 11:33:00+09:00,89599281.75916623
2024-12-10 11:34:00+09:00,89599281.75916623
2024-12-10 11:35:00+09:00,89599281.75916623
2024-12-10 11:36:00+09:00,89599281.75916623
2024-12-10 11:37:00+09:00,89563442.04646257
2024-12-10 11:38:00+09:00,89563442.04646257
2024-12-10 11:39:00+09:00,89563442.04646257
2024-12-10 11:40:00+09:00,89563442.04646257
2024-12-10 11:41:00+09:00,89563442.04646257
2024-12-10 11:42:00+09:00,89563442.04646257
2024-12-10 11:43:00+09:00,89563442.04646257
2024-12-10 11:44:00+09:00,89563442.04646257
2024-12-10 11:45:00+09:00,89397583.82045059
2024-12-10 11:46:00+09:00,89397583.82045059
2024-12-10 11:47:00+09:00,89321620.7529371
2024-12-10 11:48:00+09:00,89321620.7529371
2024-12-10 11:49:00+09:00,89321620.7529371
2024-12-10 11:50:00+09:00,89321620.7529371
2024-12-10 11:51:00+09:00,89321620.7529371
2024-12-10 11:52:00+09:00,89321620.7529371
2024-12-10 11:53:00+09:00,89321620.7529371
2024-12-10 11:54:00+09:00,89321620.7529371
2024-12-10 11:55:00+09:00,89321620.7529371
2024-12-10 11:56:00+09:00,89321620.7529371
2024-12-10 11:57:00+09:00,89321620.7529371
2024-12-10 11:58:00+09:00,89321620.7529371
2024-12-10 11:59:00+09:00,89321620.7529371
2024-12-10 12:00:00+09:00,89321620.7529371
2024-12-10 12:01:00+09:00,89321620.7529371
2024-12-10 12:02:00+09:00,89321620.7529371
2024-12-10 12:03:00+09:00,89321620.7529371
2024-12-10 12:04:00+09:00,89321620.7529371
2024-12-10 12:05:00+09:00,89321620.7529371
2024-12-10 12:06:00+09:00,89321620.7529371
2024-12-10 12:07:00+09:00,89321620.7529371
2024-12-10 12:08:00+09:00,89321620.7529371
2024-12-10 12:09:00+09:00,89321620.7529371
2024-12-10 12:10:00+09:00,89321620.7529371
2024-12-10 12:11:00+09:00,89321620.7529371
2024-12-10 12:12:00+09:00,89321620.7529371
2024-12-10 12:13:00+09:00,89321620.7529371
2024-12-10 12:14:00+09:00,89321620.7529371
2024-12-10 12:15:00+09:00,89321620.7529371
2024-12-10 12:16:00+09:00,89321620.7529371
2024-12-10 12:17:00+09:00,89321620.7529371
2024-12-10 12:18:00+09:00,89321620.7529371
2024-12-10 12:19:00+09:00,89321620.7529371
2024-12-10 12:20:00+09:00,89321620.7529371
2024-12-10 12:21:00+09:00,89321620.7529371
2024-12-10 12:22:00+09:00,89321620.7529371
2024-12-10 12:23:00+09:00,89321620.7529371
2024-12-10 12:24:00+09:00,89321620.7529371
2024-12-10 12:25:00+09:00,89321620.7529371
2024-12-10 12:26:00+09:00,89321620.7529371
2024-12-10 12:27:00+09:00,89321620.7529371
2024-12-10 12:28:00+09:00,89321620.7529371
2024-12-10 12:29:00+09:00,89321620.7529371
2024-12-10 12:30:00+09:00,89321620.7529371
2024-12-10 12:31:00+09:00,89321620.7529371
2024-12-10 12:32:00+09:00,89321620.7529371
2024-12-10 12:33:00+09:00,89321620.7529371
2024-12-10 12:34:00+09:00,89321620.7529371
2024-12-10 12:35:00+09:00,89321620.7529371
2024-12-10 12:36:00+09:00,89321620.7529371
2024-12-10 12:37:00+09:00,89321620.7529371
2024-12-10 12:38:00+09:00,89321620.7529371
2024-12-10 12:39:00+09:00,89321620.7529371
2024-12-10 12:40:00+09:00,89321620.7529371
2024-12-10 12:41:00+09:00,89321620.7529371
2024-12-10 12:42:00+09:00,89321620.7529371
2024-12-10 12:43:00+09:00,89321620.7529371
2024-12-10 12:44:00+09:00,89321620.7529371
2024-12-10 12:45:00+09:00,89321620.7529371
2024-12-10 12:46:00+09:00,89321620.7529371
2024-12-10 12:47:00+09:00,89321620.7529371
2024-12-10 12:48:00+09:00,89321620.7529371
2024-12-10 12:49:00+09:00,89321620.7529371
2024-12-10 12:50:00+09:00,89321620.7529371
2024-12-10 12:51:00+09:00,89321620.7529371
2024-12-10 12:52:00+09:00,89321620.7529371
2024-12-10 12:53:00+09:00,89321620.7529371
2024-12-10 12:54:00+09:00,89321620.7529371
2024-12-10 12:55:00+09:00,89285892.10463592
2024-12-10 12:56:00+09:00,89285892.10463592
2024-12-10 12:57:00+09:00,89285892.10463592
2024-12-10 12:58:00+09:00,89451851.0118936
2024-12-10 12:59:00+09:00,89451851.0118936
2024-12-10 13:00:00+09:00,89451851.0118936
2024-12-10 13:01:00+09:00,89285892.10463591
2024-12-10 13:02:00+09:00,89285892.10463591
2024-12-10 13:03:00+09:00,89451851.01189359
2024-12-10 13:04:00+09:00,89617809.91915126
2024-12-10 13:05:00+09:00,89451851.01189357
2024-12-10 13:06:00+09:00,89617809.91915125
2024-12-10 13:07:00+09:00,89617809.91915125
2024-12-10 13:08:00+09:00,89451851.01189356
2024-12-10 13:09:00+09:00,89451851.01189356
2024-12-10 13:10:00+09:00,89617809.91915123
2024-12-10 13:11:00+09:00,89617809.91915123
2024-12-10 13:12:00+09:00,89617809.91915123
2024-12-10 13:13:00+09:00,89451851.01189354
2024-12-10 13:14:00+09:00,89617809.91915122
2024-12-10 13:15:00+09:00,89617809.91915122
2024-12-10 13:16:00+09:00,89617809.91915122
2024-12-10 13:17:00+09:00,89617809.91915122
2024-12-10 13:18:00+09:00,89617809.91915122
2024-12-10 13:19:00+09:00,89451851.01189353
2024-12-10 13:20:00+09:00,89617809.9191512
2024-12-10 13:21:00+09:00,89617809.9191512
2024-12-10 13:22:00+09:00,89783768.82640888
2024-12-10 13:23:00+09:00,89617809.91915119
2024-12-10 13:24:00+09:00,89617809.91915119
2024-12-10 13:25:00+09:00,89783768.82640886
2024-12-10 13:26:00+09:00,89783768.82640886
2024-12-10 13:27:00+09:00,89783768.82640886
2024-12-10 13:28:00+09:00,89783768.82640886
2024-12-10 13:29:00+09:00,89617809.91915117
2024-12-10 13:30:00+09:00,89617809.91915117
2024-12-10 13:31:00+09:00,89783768.82640885
2024-12-10 13:32:00+09:00,89617809.91915116
2024-12-10 13:33:00+09:00,89783768.82640883
2024-12-10 13:34:00+09:00,89783768.82640883
2024-12-10 13:35:00+09:00,89783768.82640883
2024-12-10 13:36:00+09:00,89783768.82640883
2024-12-10 13:37:00+09:00,89783768.82640883
2024-12-10 13:38:00+09:00,89783768.82640883
2024-12-10 13:39:00+09:00,89783768.82640883
2024-12-10 13:40:00+09:00,89783768.82640883
2024-12-10 13:41:00+09:00,89617809.91915114
2024-12-10 13:42:00+09:00,89783768.82640882
2024-12-10 13:43:00+09:00,89617809.91915113
2024-12-10 13:44:00+09:00,89617809.91915113
2024-12-10 13:45:00+09:00,89783768.8264088
2024-12-10 13:46:00+09:00,89783768.8264088
2024-12-10 13:47:00+09:00,89617809.91915111
2024-12-10 13:48:00+09:00,89451851.01189342
2024-12-10 13:49:00+09:00,89451851.01189342
2024-12-10 13:50:00+09:00,89044820.1959532
2024-12-10 13:51:00+09:00,89044820.1959532
2024-12-10 13:52:00+09:00,89044820.1959532
2024-12-10 13:53:00+09:00,89044820.1959532
2024-12-10 13:54:00+09:00,89044820.1959532
2024-12-10 13:55:00+09:00,89044820.1959532
2024-12-10 13:56:00+09:00,89044820.1959532
2024-12-10 13:57:00+09:00,89044820.1959532
2024-12-10 13:58:00+09:00,89044820.1959532
2024-12-10 13:59:00+09:00,89044820.1959532
2024-12-10 14:00:00+09:00,89044820.1959532
2024-12-10 14:01:00+09:00,89044820.1959532
2024-12-10 14:02:00+09:00,89044820.1959532
2024-12-10 14:03:00+09:00,89044820.1959532
2024-12-10 14:04:00+09:00,89044820.1959532
2024-12-10 14:05:00+09:00,89044820.1959532
2024-12-10 14:06:00+09:00,89044820.1959532
2024-12-10 14:07:00+09:00,89044820.1959532
2024-12-10 14:08:00+09:00,89044820.1959532
2024-12-10 14:09:00+09:00,89044820.1959532
2024-12-10 14:10:00+09:00,89044820.1959532
2024-12-10 14:11:00+09:00,89044820.1959532
2024-12-10 14:12:00+09:00,89044820.1959532
2024-12-10 14:13:00+09:00,89044820.1959532
2024-12-10 14:14:00+09:00,89044820.1959532
2024-12-10 14:15:00+09:00,89044820.1959532
2024-12-10 14:16:00+09:00,89044820.1959532
2024-12-10 14:17:00+09:00,89044820.1959532
2024-12-10 14:18:00+09:00,89044820.1959532
2024-12-10 14:19:00+09:00,89009202.26787482
2024-12-10 14:20:00+09:00,88844675.09177893
2024-12-10 14:21:00+09:00,88844675.09177893
2024-12-10 14:22:00+09:00,88604794.46903113
2024-12-10 14:23:00+09:00,88604794.46903113
2024-12-10 14:24:00+09:00,88604794.46903113
2024-12-10 14:25:00+09:00,88604794.46903113
2024-12-10 14:26:00+09:00,88604794.46903113
2024-12-10 14:27:00+09:00,88604794.46903113
2024-12-10 14:28:00+09:00,88604794.46903113
2024-12-10 14:29:00+09:00,88604794.46903113
2024-12-10 14:30:00+09:00,88604794.46903113
2024-12-10 14:31:00+09:00,88604794.46903113
2024-12-10 14:32:00+09:00,88604794.46903113
2024-12-10 14:33:00+09:00,88604794.46903113
2024-12-10 14:34:00+09:00,88604794.46903113
2024-12-10 14:35:00+09:00,88604794.46903113
2024-12-10 14:36:00+09:00,88604794.46903113
2024-12-10 14:37:00+09:00,88604794.46903113
2024-12-10 14:38:00+09:00,88604794.46903113
2024-12-10 14:39:00+09:00,88604794.46903113
2024-12-10 14:40:00+09:00,88604794.46903113
2024-12-10 14:41:00+09:00,88604794.46903113
2024-12-10 14:42:00+09:00,88604794.46903113
2024-12-10 14:43:00+09:00,88604794.46903113
2024-12-10 14:44:00+09:00,88604794.46903113
2024-12-10 14:45:00+09:00,88604794.46903113
2024-12-10 14:46:00+09:00,88604794.46903113
2024-12-10 14:47:00+09:00,88604794.46903113
2024-12-10 14:48:00+09:00,88604794.46903113
2024-12-10 14:49:00+09:00,88604794.46903113
2024-12-10 14:50:00+09:00,88604794.46903113
2024-12-10 14:51:00+09:00,88604794.46903113
2024-12-10 14:52:00+09:00,88604794.46903113
2024-12-10 14:53:00+09:00,88604794.46903113
2024-12-10 14:54:00+09:00,88604794.46903113
2024-12-10 14:55:00+09:00,88604794.46903113
2024-12-10 14:56:00+09:00,88604794.46903113
2024-12-10 14:57:00+09:00,88604794.46903113
2024-12-10 14:58:00+09:00,88604794.46903113
2024-12-10 14:59:00+09:00,88604794.46903113
2024-12-10 15:00:00+09:00,88604794.46903113
2024-12-10 15:01:00+09:00,88604794.46903113
2024-12-10 15:02:00+09:00,88604794.46903113
2024-12-10 15:03:00+09:00,88604794.46903113
2024-12-10 15:04:00+09:00,88604794.46903113
2024-12-10 15:05:00+09:00,88604794.46903113
2024-12-10 15:06:00+09:00,88604794.46903113
2024-12-10 15:07:00+09:00,88604794.46903113
2024-12-10 15:08:00+09:00,88604794.46903113
2024-12-10 15:09:00+09:00,88604794.46903113
2024-12-10 15:10:00+09:00,88604794.46903113
2024-12-10 15:11:00+09:00,88604794.46903113
2024-12-10 15:12:00+09:00,88604794.46903113
2024-12-10 15:13:00+09:00,88604794.46903113
2024-12-10 15:14:00+09:00,88604794.46903113
2024-12-10 15:15:00+09:00,88604794.46903113
2024-12-10 15:16:00+09:00,88604794.46903113
2024-12-10 15:17:00+09:00,88604794.46903113
2024-12-10 15:18:00+09:00,88604794.46903113
2024-12-10 15:19:00+09:00,88604794.46903113
2024-12-10 15:30:00+09:00,88604794.46903113
2024-12-10 15:35:00+09:00,88604794.46903113
2024-12-11 09:00:00+09:00,88604794.46903113
2024-12-11 09:01:00+09:00,88604794.46903113
2024-12-11 09:02:00+09:00,88604794.46903113
2024-12-11 09:03:00+09:00,88604794.46903113
2024-12-11 09:04:00+09:00,88604794.46903113
2024-12-11 09:05:00+09:00,88604794.46903113
2024-12-11 09:06:00+09:00,88604794.46903113
2024-12-11 09:07:00+09:00,88604794.46903113
2024-12-11 09:08:00+09:00,88604794.46903113
2024-12-11 09:09:00+09:00,88604794.46903113
2024-12-11 09:10:00+09:00,88604794.46903113
2024-12-11 09:11:00+09:00,88604794.46903113
2024-12-11 09:12:00+09:00,88604794.46903113
2024-12-11 09:13:00+09:00,88604794.46903113
2024-12-11 09:14:00+09:00,88604794.46903113
2024-12-11 09:15:00+09:00,88604794.46903113
2024-12-11 09:16:00+09:00,88604794.46903113
2024-12-11 09:17:00+09:00,88604794.46903113
2024-12-11 09:18:00+09:00,88604794.46903113
2024-12-11 09:19:00+09:00,88604794.46903113
2024-12-11 09:20:00+09:00,88604794.46903113
2024-12-11 09:21:00+09:00,88604794.46903113
2024-12-11 09:22:00+09:00,88604794.46903113
2024-12-11 09:23:00+09:00,88604794.46903113
2024-12-11 09:24:00+09:00,88604794.46903113
2024-12-11 09:25:00+09:00,88604794.46903113
2024-12-11 09:26:00+09:00,88604794.46903113
2024-12-11 09:27:00+09:00,88604794.46903113
2024-12-11 09:28:00+09:00,88604794.46903113
2024-12-11 09:29:00+09:00,88604794.46903113
2024-12-11 09:30:00+09:00,88604794.46903113
2024-12-11 09:31:00+09:00,88604794.46903113
2024-12-11 09:32:00+09:00,88604794.46903113
2024-12-11 09:33:00+09:00,88604794.46903113
2024-12-11 09:34:00+09:00,88604794.46903113
2024-12-11 09:35:00+09:00,88604794.46903113
2024-12-11 09:36:00+09:00,88604794.46903113
2024-12-11 09:37:00+09:00,88604794.46903113
2024-12-11 09:38:00+09:00,88604794.46903113
2024-12-11 09:39:00+09:00,88604794.46903113
2024-12-11 09:40:00+09:00,88604794.46903113
2024-12-11 09:41:00+09:00,88604794.46903113
2024-12-11 09:42:00+09:00,88604794.46903113
2024-12-11 09:43:00+09:00,88569352.55124351
2024-12-11 09:44:00+09:00,88405030.93241003
2024-12-11 09:45:00+09:00,88405030.93241003
2024-12-11 09:46:00+09:00,88569352.5512435
2024-12-11 09:47:00+09:00,88405030.93241002
2024-12-11 09:48:00+09:00,88733674.17007697
2024-12-11 09:49:00+09:00,88569352.55124348
2024-12-11 09:50:00+09:00,88569352.55124348
2024-12-11 09:51:00+09:00,88569352.55124348
2024-12-11 09:52:00+09:00,88569352.55124348
2024-12-11 09:53:00+09:00,88569352.55124348
2024-12-11 09:54:00+09:00,88569352.55124348
2024-12-11 09:55:00+09:00,88569352.55124348
2024-12-11 09:56:00+09:00,88897995.78891045
2024-12-11 09:57:00+09:00,88733674.17007697
2024-12-11 09:58:00+09:00,88733674.17007697
2024-12-11 09:59:00+09:00,89062317.40774393
2024-12-11 10:00:00+09:00,88897995.78891046
2024-12-11 10:01:00+09:00,88733674.17007698
2024-12-11 10:02:00+09:00,88733674.17007698
2024-12-11 10:03:00+09:00,88733674.17007698
2024-12-11 10:04:00+09:00,88897995.78891045
2024-12-11 10:05:00+09:00,89062317.40774393
2024-12-11 10:06:00+09:00,89062317.40774393
2024-12-11 10:07:00+09:00,88897995.78891046
2024-12-11 10:08:00+09:00,88897995.78891046
2024-12-11 10:09:00+09:00,88733674.17007698
2024-12-11 10:10:00+09:00,88733674.17007698
2024-12-11 10:11:00+09:00,88733674.17007698
2024-12-11 10:12:00+09:00,88733674.17007698
2024-12-11 10:13:00+09:00,88733674.17007698
2024-12-11 10:14:00+09:00,88733674.17007698
2024-12-11 10:15:00+09:00,88733674.17007698
2024-12-11 10:16:00+09:00,88733674.17007698
2024-12-11 10:17:00+09:00,88897995.78891045
2024-12-11 10:18:00+09:00,88733674.17007697
2024-12-11 10:19:00+09:00,88733674.17007697
2024-12-11 10:20:00+09:00,88897995.78891043
2024-12-11 10:21:00+09:00,89062317.40774392
2024-12-11 10:22:00+09:00,88897995.78891045
2024-12-11 10:23:00+09:00,88733674.17007697
2024-12-11 10:24:00+09:00,88733674.17007697
2024-12-11 10:25:00+09:00,88733674.17007697
2024-12-11 10:26:00+09:00,88733674.17007697
2024-12-11 10:27:00+09:00,88733674.17007697
2024-12-11 10:28:00+09:00,88733674.17007697
2024-12-11 10:29:00+09:00,88569352.55124348
2024-12-11 10:30:00+09:00,88733674.17007695
2024-12-11 10:31:00+09:00,88494093.24981774
2024-12-11 10:32:00+09:00,88494093.24981774
2024-12-11 10:33:00+09:00,88494093.24981774
2024-12-11 10:34:00+09:00,88494093.24981774
2024-12-11 10:35:00+09:00,88494093.24981774
2024-12-11 10:36:00+09:00,88494093.24981774
2024-12-11 10:37:00+09:00,88494093.24981774
2024-12-11 10:38:00+09:00,88494093.24981774
2024-12-11 10:39:00+09:00,88494093.24981774
2024-12-11 10:40:00+09:00,88494093.24981774
2024-12-11 10:41:00+09:00,88494093.24981774
2024-12-11 10:42:00+09:00,88494093.24981774
2024-12-11 10:43:00+09:00,88494093.24981774
2024-12-11 10:44:00+09:00,88494093.24981774
2024-12-11 10:45:00+09:00,88494093.24981774
2024-12-11 10:46:00+09:00,88494093.24981774
2024-12-11 10:47:00+09:00,88494093.24981774
2024-12-11 10:48:00+09:00,88494093.24981774
2024-12-11 10:49:00+09:00,88494093.24981774
2024-12-11 10:50:00+09:00,88494093.24981774
2024-12-11 10:51:00+09:00,88494093.24981774
2024-12-11 10:52:00+09:00,88494093.24981774
2024-12-11 10:53:00+09:00,88494093.24981774
2024-12-11 10:54:00+09:00,88494093.24981774
2024-12-11 10:55:00+09:00,88494093.24981774
2024-12-11 10:56:00+09:00,88494093.24981774
2024-12-11 10:57:00+09:00,88494093.24981774
2024-12-11 10:58:00+09:00,88494093.24981774
2024-12-11 10:59:00+09:00,88494093.24981774
2024-12-11 11:00:00+09:00,88494093.24981774
2024-12-11 11:01:00+09:00,88494093.24981774
2024-12-11 11:02:00+09:00,88494093.24981774
2024-12-11 11:03:00+09:00,88494093.24981774
2024-12-11 11:04:00+09:00,88494093.24981774
2024-12-11 11:05:00+09:00,88494093.24981774
2024-12-11 11:06:00+09:00,88494093.24981774
2024-12-11 11:07:00+09:00,88494093.24981774
2024-12-11 11:08:00+09:00,88494093.24981774
2024-12-11 11:09:00+09:00,88494093.24981774
2024-12-11 11:10:00+09:00,88494093.24981774
2024-12-11 11:11:00+09:00,88494093.24981774
2024-12-11 11:12:00+09:00,88494093.24981774
2024-12-11 11:13:00+09:00,88494093.24981774
2024-12-11 11:14:00+09:00,88494093.24981774
2024-12-11 11:15:00+09:00,88494093.24981774
2024-12-11 11:16:00+09:00,88494093.24981774
2024-12-11 11:17:00+09:00,88494093.24981774
2024-12-11 11:18:00+09:00,88494093.24981774
2024-12-11 11:19:00+09:00,88494093.24981774
2024-12-11 11:20:00+09:00,88494093.24981774
2024-12-11 11:21:00+09:00,88494093.24981774
2024-12-11 11:22:00+09:00,88494093.24981774
2024-12-11 11:23:00+09:00,88494093.24981774
2024-12-11 11:24:00+09:00,88494093.24981774
2024-12-11 11:25:00+09:00,88494093.24981774
2024-12-11 11:26:00+09:00,88494093.24981774
2024-12-11 11:27:00+09:00,88494093.24981774
2024-12-11 11:28:00+09:00,88494093.24981774
2024-12-11 11:29:00+09:00,88494093.24981774
2024-12-11 11:30:00+09:00,88494093.24981774
2024-12-11 11:31:00+09:00,88494093.24981774
2024-12-11 11:32:00+09:00,88494093.24981774
2024-12-11 11:33:00+09:00,88494093.24981774
2024-12-11 11:34:00+09:00,88494093.24981774
2024-12-11 11:35:00+09:00,88494093.24981774
2024-12-11 11:36:00+09:00,88494093.24981774
2024-12-11 11:37:00+09:00,88494093.24981774
2024-12-11 11:38:00+09:00,88494093.24981774
2024-12-11 11:39:00+09:00,88494093.24981774
2024-12-11 11:40:00+09:00,88494093.24981774
2024-12-11 11:41:00+09:00,88494093.24981774
2024-12-11 11:42:00+09:00,88494093.24981774
2024-12-11 11:43:00+09:00,88494093.24981774
2024-12-11 11:44:00+09:00,88494093.24981774
2024-12-11 11:45:00+09:00,88494093.24981774
2024-12-11 11:46:00+09:00,88494093.24981774
2024-12-11 11:47:00+09:00,88494093.24981774
2024-12-11 11:48:00+09:00,88494093.24981774
2024-12-11 11:49:00+09:00,88494093.24981774
2024-12-11 11:50:00+09:00,88494093.24981774
2024-12-11 11:51:00+09:00,88494093.24981774
2024-12-11 11:52:00+09:00,88494093.24981774
2024-12-11 11:53:00+09:00,88494093.24981774
2024-12-11 11:54:00+09:00,88494093.24981774
2024-12-11 11:55:00+09:00,88494093.24981774
2024-12-11 11:56:00+09:00,88494093.24981774
2024-12-11 11:57:00+09:00,88494093.24981774
2024-12-11 11:58:00+09:00,88494093.24981774
2024-12-11 11:59:00+09:00,88494093.24981774
2024-12-11 12:00:00+09:00,88494093.24981774
2024-12-11 12:01:00+09:00,88494093.24981774
2024-12-11 12:02:00+09:00,88494093.24981774
2024-12-11 12:03:00+09:00,88458695.61251782
2024-12-11 12:04:00+09:00,88458695.61251782
2024-12-11 12:05:00+09:00,88458695.61251782
2024-12-11 12:06:00+09:00,88623116.97982733
2024-12-11 12:07:00+09:00,88623116.97982733
2024-12-11 12:08:00+09:00,88458695.61251782
2024-12-11 12:09:00+09:00,88623116.97982733
2024-12-11 12:10:00+09:00,88623116.97982733
2024-12-11 12:11:00+09:00,88458695.61251782
2024-12-11 12:12:00+09:00,88623116.97982733
2024-12-11 12:13:00+09:00,88458695.61251782
2024-12-11 12:14:00+09:00,88458695.61251782
2024-12-11 12:15:00+09:00,88623116.97982733
2024-12-11 12:16:00+09:00,88623116.97982733
2024-12-11 12:17:00+09:00,88787538.34713684
2024-12-11 12:18:00+09:00,88787538.34713684
2024-12-11 12:19:00+09:00,88787538.34713684
2024-12-11 12:20:00+09:00,88787538.34713684
2024-12-11 12:21:00+09:00,88623116.97982733
2024-12-11 12:22:00+09:00,88623116.97982733
2024-12-11 12:23:00+09:00,88787538.34713684
2024-12-11 12:24:00+09:00,88787538.34713684
2024-12-11 12:25:00+09:00,88623116.97982733
2024-12-11 12:26:00+09:00,88787538.34713684
2024-12-11 12:27:00+09:00,88787538.34713684
2024-12-11 12:28:00+09:00,88787538.34713684
2024-12-11 12:29:00+09:00,88787538.34713684
2024-12-11 12:30:00+09:00,88787538.34713684
2024-12-11 12:31:00+09:00,88787538.34713684
2024-12-11 12:32:00+09:00,88623116.97982733
2024-12-11 12:33:00+09:00,88623116.97982733
2024-12-11 12:34:00+09:00,88623116.97982733
2024-12-11 12:35:00+09:00,88458695.61251782
2024-12-11 12:36:00+09:00,88623116.97982733
2024-12-11 12:37:00+09:00,88383834.56398179
2024-12-11 12:38:00+09:00,88383834.56398179
2024-12-11 12:39:00+09:00,88383834.56398179
2024-12-11 12:40:00+09:00,88383834.56398179
2024-12-11 12:41:00+09:00,88383834.56398179
2024-12-11 12:42:00+09:00,88383834.56398179
2024-12-11 12:43:00+09:00,88383834.56398179
2024-12-11 12:44:00+09:00,88383834.56398179
2024-12-11 12:45:00+09:00,88383834.56398179
2024-12-11 12:46:00+09:00,88383834.56398179
2024-12-11 12:47:00+09:00,88383834.56398179
2024-12-11 12:48:00+09:00,88348481.0301562
2024-12-11 12:49:00+09:00,88512392.86880212
2024-12-11 12:50:00+09:00,88348481.03015618
2024-12-11 12:51:00+09:00,88348481.03015618
2024-12-11 12:52:00+09:00,88273409.40805633
2024-12-11 12:53:00+09:00,88273409.40805633
2024-12-11 12:54:00+09:00,88273409.40805633
2024-12-11 12:55:00+09:00,88273409.40805633
2024-12-11 12:56:00+09:00,88273409.40805633
2024-12-11 12:57:00+09:00,88273409.40805633
2024-12-11 12:58:00+09:00,88273409.40805633
2024-12-11 12:59:00+09:00,88273409.40805633
2024-12-11 13:00:00+09:00,88273409.40805633
2024-12-11 13:01:00+09:00,88273409.40805633
2024-12-11 13:02:00+09:00,88273409.40805633
2024-12-11 13:03:00+09:00,88273409.40805633
2024-12-11 13:04:00+09:00,88238100.04429312
2024-12-11 13:05:00+09:00,88401807.09446806
2024-12-11 13:06:00+09:00,87999857.17417352
2024-12-11 13:07:00+09:00,87999857.17417352
2024-12-11 13:08:00+09:00,87999857.17417352
2024-12-11 13:09:00+09:00,87999857.17417352
2024-12-11 13:10:00+09:00,87999857.17417352
2024-12-11 13:11:00+09:00,87999857.17417352
2024-12-11 13:12:00+09:00,87999857.17417352
2024-12-11 13:13:00+09:00,87999857.17417352
2024-12-11 13:14:00+09:00,87999857.17417352
2024-12-11 13:15:00+09:00,87999857.17417352
2024-12-11 13:16:00+09:00,87999857.17417352
2024-12-11 13:17:00+09:00,87999857.17417352
2024-12-11 13:18:00+09:00,87999857.17417352
2024-12-11 13:19:00+09:00,87964657.23130386
2024-12-11 13:20:00+09:00,87727152.65677933
2024-12-11 13:21:00+09:00,87727152.65677933
2024-12-11 13:22:00+09:00,87727152.65677933
2024-12-11 13:23:00+09:00,87727152.65677933
2024-12-11 13:24:00+09:00,87727152.65677933
2024-12-11 13:25:00+09:00,87727152.65677933
2024-12-11 13:26:00+09:00,87727152.65677933
2024-12-11 13:27:00+09:00,87727152.65677933
2024-12-11 13:28:00+09:00,87727152.65677933
2024-12-11 13:29:00+09:00,87727152.65677933
2024-12-11 13:30:00+09:00,87727152.65677933
2024-12-11 13:31:00+09:00,87692061.79571663
2024-12-11 13:32:00+09:00,87617547.9472891
2024-12-11 13:33:00+09:00,87617547.9472891
2024-12-11 13:34:00+09:00,87617547.9472891
2024-12-11 13:35:00+09:00,87617547.9472891
2024-12-11 13:36:00+09:00,87617547.9472891
2024-12-11 13:37:00+09:00,87617547.9472891
2024-12-11 13:38:00+09:00,87617547.9472891
2024-12-11 13:39:00+09:00,87617547.9472891
2024-12-11 13:40:00+09:00,87617547.9472891
2024-12-11 13:41:00+09:00,87617547.9472891
2024-12-11 13:42:00+09:00,87617547.9472891
2024-12-11 13:43:00+09:00,87617547.9472891
2024-12-11 13:44:00+09:00,87617547.9472891
2024-12-11 13:45:00+09:00,87617547.9472891
2024-12-11 13:46:00+09:00,87617547.9472891
2024-12-11 13:47:00+09:00,87617547.9472891
2024-12-11 13:48:00+09:00,87617547.9472891
2024-12-11 13:49:00+09:00,87617547.9472891
2024-12-11 13:50:00+09:00,87617547.9472891
2024-12-11 13:51:00+09:00,87617547.9472891
2024-12-11 13:52:00+09:00,87617547.9472891
2024-12-11 13:53:00+09:00,87617547.9472891
2024-12-11 13:54:00+09:00,87617547.9472891
2024-12-11 13:55:00+09:00,87582500.92811018
2024-12-11 13:56:00+09:00,87582500.92811018
2024-12-11 13:57:00+09:00,87744690.74464372
2024-12-11 13:58:00+09:00,87744690.74464372
2024-12-11 13:59:00+09:00,87744690.74464372
2024-12-11 14:00:00+09:00,87582500.92811018
2024-12-11 14:01:00+09:00,87582500.92811018
2024-12-11 14:02:00+09:00,87420311.11157665
2024-12-11 14:03:00+09:00,87582500.92811018
2024-12-11 14:04:00+09:00,87022524.3675465
2024-12-11 14:05:00+09:00,87022524.3675465
2024-12-11 14:06:00+09:00,87022524.3675465
2024-12-11 14:07:00+09:00,87022524.3675465
2024-12-11 14:08:00+09:00,87022524.3675465
2024-12-11 14:09:00+09:00,87022524.3675465
2024-12-11 14:10:00+09:00,87022524.3675465
2024-12-11 14:11:00+09:00,87022524.3675465
2024-12-11 14:12:00+09:00,87022524.3675465
2024-12-11 14:13:00+09:00,87022524.3675465
2024-12-11 14:14:00+09:00,87022524.3675465
2024-12-11 14:15:00+09:00,87022524.3675465
2024-12-11 14:16:00+09:00,87022524.3675465
2024-12-11 14:17:00+09:00,87022524.3675465
2024-12-11 14:18:00+09:00,87022524.3675465
2024-12-11 14:19:00+09:00,87022524.3675465
2024-12-11 14:20:00+09:00,87022524.3675465
2024-12-11 14:21:00+09:00,87022524.3675465
2024-12-11 14:22:00+09:00,87022524.3675465
2024-12-11 14:23:00+09:00,87022524.3675465
2024-12-11 14:24:00+09:00,87022524.3675465
2024-12-11 14:25:00+09:00,87022524.3675465
2024-12-11 14:26:00+09:00,87022524.3675465
2024-12-11 14:27:00+09:00,87022524.3675465
2024-12-11 14:28:00+09:00,87022524.3675465
2024-12-11 14:29:00+09:00,87022524.3675465
2024-12-11 14:30:00+09:00,87022524.3675465
2024-12-11 14:31:00+09:00,87022524.3675465
2024-12-11 14:32:00+09:00,87022524.3675465
2024-12-11 14:33:00+09:00,87022524.3675465
2024-12-11 14:34:00+09:00,87022524.3675465
2024-12-11 14:35:00+09:00,87022524.3675465
2024-12-11 14:36:00+09:00,87022524.3675465
2024-12-11 14:37:00+09:00,87022524.3675465
2024-12-11 14:38:00+09:00,87022524.3675465
2024-12-11 14:39:00+09:00,87022524.3675465
2024-12-11 14:40:00+09:00,87022524.3675465
2024-12-11 14:41:00+09:00,87022524.3675465
2024-12-11 14:42:00+09:00,87022524.3675465
2024-12-11 14:43:00+09:00,87022524.3675465
2024-12-11 14:44:00+09:00,87022524.3675465
2024-12-11 14:45:00+09:00,87022524.3675465
2024-12-11 14:46:00+09:00,87022524.3675465
2024-12-11 14:47:00+09:00,87022524.3675465
2024-12-11 14:48:00+09:00,87022524.3675465
2024-12-11 14:49:00+09:00,87022524.3675465
2024-12-11 14:50:00+09:00,87022524.3675465
2024-12-11 14:51:00+09:00,87022524.3675465
2024-12-11 14:52:00+09:00,87022524.3675465
2024-12-11 14:53:00+09:00,87022524.3675465
2024-12-11 14:54:00+09:00,87022524.3675465
2024-12-11 14:55:00+09:00,87022524.3675465
2024-12-11 14:56:00+09:00,87022524.3675465
2024-12-11 14:57:00+09:00,87022524.3675465
2024-12-11 14:58:00+09:00,87022524.3675465
2024-12-11 14:59:00+09:00,87022524.3675465
2024-12-11 15:00:00+09:00,87022524.3675465
2024-12-11 15:01:00+09:00,86987715.35779949
2024-12-11 15:02:00+09:00,86592195.10313651
2024-12-11 15:03:00+09:00,86592195.10313651
2024-12-11 15:04:00+09:00,86592195.10313651
2024-12-11 15:05:00+09:00,86592195.10313651
2024-12-11 15:06:00+09:00,86592195.10313651
2024-12-11 15:07:00+09:00,86592195.10313651
2024-12-11 15:08:00+09:00,86592195.10313651
2024-12-11 15:09:00+09:00,86592195.10313651
2024-12-11 15:10:00+09:00,86592195.10313651
2024-12-11 15:11:00+09:00,86592195.10313651
2024-12-11 15:12:00+09:00,86592195.10313651
2024-12-11 15:13:00+09:00,86592195.10313651
2024-12-11 15:14:00+09:00,86557558.22509526
2024-12-11 15:15:00+09:00,86323852.8178875
2024-12-11 15:16:00+09:00,86323852.8178875
2024-12-11 15:17:00+09:00,86323852.8178875
2024-12-11 15:18:00+09:00,86323852.8178875
2024-12-11 15:19:00+09:00,86323852.8178875
2024-12-11 15:30:00+09:00,86323852.8178875
2024-12-11 15:35:00+09:00,86323852.8178875
2024-12-12 09:00:00+09:00,86323852.8178875
2024-12-12 09:01:00+09:00,86323852.8178875
2024-12-12 09:02:00+09:00,86323852.8178875
2024-12-12 09:03:00+09:00,86323852.8178875
2024-12-12 09:04:00+09:00,86289323.27676035
2024-12-12 09:05:00+09:00,86130117.8832608
2024-12-12 09:06:00+09:00,86289323.27676035
2024-12-12 09:07:00+09:00,86448528.67025992
2024-12-12 09:08:00+09:00,86448528.67025992
2024-12-12 09:09:00+09:00,86607734.06375949
2024-12-12 09:10:00+09:00,86448528.67025994
2024-12-12 09:11:00+09:00,86607734.0637595
2024-12-12 09:12:00+09:00,86766939.45725907
2024-12-12 09:13:00+09:00,86766939.45725907
2024-12-12 09:14:00+09:00,86607734.06375952
2024-12-12 09:15:00+09:00,86607734.06375952
2024-12-12 09:16:00+09:00,86766939.45725909
2024-12-12 09:17:00+09:00,86766939.45725909
2024-12-12 09:18:00+09:00,86607734.06375954
2024-12-12 09:19:00+09:00,86607734.06375954
2024-12-12 09:20:00+09:00,86766939.4572591
2024-12-12 09:21:00+09:00,86607734.06375955
2024-12-12 09:22:00+09:00,86448528.67026
2024-12-12 09:23:00+09:00,86607734.06375957
2024-12-12 09:24:00+09:00,86448528.67026001
2024-12-12 09:25:00+09:00,86607734.06375958
2024-12-12 09:26:00+09:00,86766939.45725915
2024-12-12 09:27:00+09:00,86766939.45725915
2024-12-12 09:28:00+09:00,86607734.0637596
2024-12-12 09:29:00+09:00,86766939.45725916
2024-12-12 09:30:00+09:00,86766939.45725916
2024-12-12 09:31:00+09:00,86766939.45725916
2024-12-12 09:32:00+09:00,86607734.06375961
2024-12-12 09:33:00+09:00,86766939.45725918
2024-12-12 09:34:00+09:00,86766939.45725918
2024-12-12 09:35:00+09:00,86766939.45725918
2024-12-12 09:36:00+09:00,86607734.06375962
2024-12-12 09:37:00+09:00,86607734.06375962
2024-12-12 09:38:00+09:00,86766939.4572592
2024-12-12 09:39:00+09:00,86766939.4572592
2024-12-12 09:40:00+09:00,86766939.4572592
2024-12-12 09:41:00+09:00,86607734.06375964
2024-12-12 09:42:00+09:00,86607734.06375964
2024-12-12 09:43:00+09:00,86607734.06375964
2024-12-12 09:44:00+09:00,86448528.67026009
2024-12-12 09:45:00+09:00,86607734.06375965
2024-12-12 09:46:00+09:00,86448528.6702601
2024-12-12 09:47:00+09:00,86607734.06375967
2024-12-12 09:48:00+09:00,86448528.67026012
2024-12-12 09:49:00+09:00,86448528.67026012
2024-12-12 09:50:00+09:00,86607734.06375968
2024-12-12 09:51:00+09:00,86056342.1039133
2024-12-12 09:52:00+09:00,86056342.1039133
2024-12-12 09:53:00+09:00,86056342.1039133
2024-12-12 09:54:00+09:00,86056342.1039133
2024-12-12 09:55:00+09:00,86056342.1039133
2024-12-12 09:56:00+09:00,86056342.1039133
2024-12-12 09:57:00+09:00,86056342.1039133
2024-12-12 09:58:00+09:00,86056342.1039133
2024-12-12 09:59:00+09:00,86056342.1039133
2024-12-12 10:00:00+09:00,86056342.1039133
2024-12-12 10:01:00+09:00,86056342.1039133
2024-12-12 10:02:00+09:00,86056342.1039133
2024-12-12 10:03:00+09:00,86056342.1039133
2024-12-12 10:04:00+09:00,86056342.1039133
2024-12-12 10:05:00+09:00,86056342.1039133
2024-12-12 10:06:00+09:00,86056342.1039133
2024-12-12 10:07:00+09:00,86056342.1039133
2024-12-12 10:08:00+09:00,86056342.1039133
2024-12-12 10:09:00+09:00,86056342.1039133
2024-12-12 10:10:00+09:00,86056342.1039133
2024-12-12 10:11:00+09:00,86056342.1039133
2024-12-12 10:12:00+09:00,86056342.1039133
2024-12-12 10:13:00+09:00,86056342.1039133
2024-12-12 10:14:00+09:00,86056342.1039133
2024-12-12 10:15:00+09:00,86056342.1039133
2024-12-12 10:16:00+09:00,86056342.1039133
2024-12-12 10:17:00+09:00,86056342.1039133
2024-12-12 10:18:00+09:00,86056342.1039133
2024-12-12 10:19:00+09:00,86056342.1039133
2024-12-12 10:20:00+09:00,86056342.1039133
2024-12-12 10:21:00+09:00,86056342.1039133
2024-12-12 10:22:00+09:00,86056342.1039133
2024-12-12 10:23:00+09:00,86056342.1039133
2024-12-12 10:24:00+09:00,86056342.1039133
2024-12-12 10:25:00+09:00,86056342.1039133
2024-12-12 10:26:00+09:00,86056342.1039133
2024-12-12 10:27:00+09:00,86056342.1039133
2024-12-12 10:28:00+09:00,86056342.1039133
2024-12-12 10:29:00+09:00,86056342.1039133
2024-12-12 10:30:00+09:00,86056342.1039133
2024-12-12 10:31:00+09:00,86056342.1039133
2024-12-12 10:32:00+09:00,86056342.1039133
2024-12-12 10:33:00+09:00,86056342.1039133
2024-12-12 10:34:00+09:00,86056342.1039133
2024-12-12 10:35:00+09:00,86056342.1039133
2024-12-12 10:36:00+09:00,86056342.1039133
2024-12-12 10:37:00+09:00,86056342.1039133
2024-12-12 10:38:00+09:00,86056342.1039133
2024-12-12 10:39:00+09:00,86056342.1039133
2024-12-12 10:40:00+09:00,86056342.1039133
2024-12-12 10:41:00+09:00,86056342.1039133
2024-12-12 10:42:00+09:00,86056342.1039133
2024-12-12 10:43:00+09:00,86056342.1039133
2024-12-12 10:44:00+09:00,86056342.1039133
2024-12-12 10:45:00+09:00,86021919.56707175
2024-12-12 10:46:00+09:00,86180339.30844758
2024-12-12 10:47:00+09:00,86180339.30844758
2024-12-12 10:48:00+09:00,86021919.56707177
2024-12-12 10:49:00+09:00,86180339.3084476
2024-12-12 10:50:00+09:00,86180339.3084476
2024-12-12 10:51:00+09:00,86021919.56707178
2024-12-12 10:52:00+09:00,86021919.56707178
2024-12-12 10:53:00+09:00,86180339.30844761
2024-12-12 10:54:00+09:00,86180339.30844761
2024-12-12 10:55:00+09:00,86021919.5670718
2024-12-12 10:56:00+09:00,86180339.30844763
2024-12-12 10:57:00+09:00,86180339.30844763
2024-12-12 10:58:00+09:00,86180339.30844763
2024-12-12 10:59:00+09:00,86180339.30844763
2024-12-12 11:00:00+09:00,86021919.56707181
2024-12-12 11:01:00+09:00,86180339.30844764
2024-12-12 11:02:00+09:00,86021919.56707183
2024-12-12 11:03:00+09:00,86021919.56707183
2024-12-12 11:04:00+09:00,86180339.30844766
2024-12-12 11:05:00+09:00,86180339.30844766
2024-12-12 11:06:00+09:00,86180339.30844766
2024-12-12 11:07:00+09:00,86180339.30844766
2024-12-12 11:08:00+09:00,86180339.30844766
2024-12-12 11:09:00+09:00,86180339.30844766
2024-12-12 11:10:00+09:00,85863499.82569602
2024-12-12 11:11:00+09:00,85863499.82569602
2024-12-12 11:12:00+09:00,85789660.38424076
2024-12-12 11:13:00+09:00,85789660.38424076
2024-12-12 11:14:00+09:00,85789660.38424076
2024-12-12 11:15:00+09:00,85789660.38424076
2024-12-12 11:16:00+09:00,85789660.38424076
2024-12-12 11:17:00+09:00,85789660.38424076
2024-12-12 11:18:00+09:00,85789660.38424076
2024-12-12 11:19:00+09:00,85789660.38424076
2024-12-12 11:20:00+09:00,85789660.38424076
2024-12-12 11:21:00+09:00,85789660.38424076
2024-12-12 11:22:00+09:00,85789660.38424076
2024-12-12 11:23:00+09:00,85789660.38424076
2024-12-12 11:24:00+09:00,85789660.38424076
2024-12-12 11:25:00+09:00,85789660.38424076
2024-12-12 11:26:00+09:00,85789660.38424076
2024-12-12 11:27:00+09:00,85789660.38424076
2024-12-12 11:28:00+09:00,85789660.38424076
2024-12-12 11:29:00+09:00,85789660.38424076
2024-12-12 11:30:00+09:00,85789660.38424076
2024-12-12 11:31:00+09:00,85789660.38424076
2024-12-12 11:32:00+09:00,85789660.38424076
2024-12-12 11:33:00+09:00,85789660.38424076
2024-12-12 11:34:00+09:00,85789660.38424076
2024-12-12 11:35:00+09:00,85789660.38424076
2024-12-12 11:36:00+09:00,85789660.38424076
2024-12-12 11:37:00+09:00,85789660.38424076
2024-12-12 11:38:00+09:00,85789660.38424076
2024-12-12 11:39:00+09:00,85789660.38424076
2024-12-12 11:40:00+09:00,85789660.38424076
2024-12-12 11:41:00+09:00,85789660.38424076
2024-12-12 11:42:00+09:00,85789660.38424076
2024-12-12 11:43:00+09:00,85755344.52008706
2024-12-12 11:44:00+09:00,85755344.52008706
2024-12-12 11:45:00+09:00,85597706.01913102
2024-12-12 11:46:00+09:00,85597706.01913102
2024-12-12 11:47:00+09:00,85366592.21287936
2024-12-12 11:48:00+09:00,85366592.21287936
2024-12-12 11:49:00+09:00,85366592.21287936
2024-12-12 11:50:00+09:00,85366592.21287936
2024-12-12 11:51:00+09:00,85366592.21287936
2024-12-12 11:52:00+09:00,85366592.21287936
2024-12-12 11:53:00+09:00,85366592.21287936
2024-12-12 11:54:00+09:00,85366592.21287936
2024-12-12 11:55:00+09:00,85366592.21287936
2024-12-12 11:56:00+09:00,85366592.21287936
2024-12-12 11:57:00+09:00,85366592.21287936
2024-12-12 11:58:00+09:00,85366592.21287936
2024-12-12 11:59:00+09:00,85366592.21287936
2024-12-12 12:00:00+09:00,85366592.21287936
2024-12-12 12:01:00+09:00,85366592.21287936
2024-12-12 12:02:00+09:00,85366592.21287936
2024-12-12 12:03:00+09:00,85366592.21287936
2024-12-12 12:04:00+09:00,85366592.21287936
2024-12-12 12:05:00+09:00,85366592.21287936
2024-12-12 12:06:00+09:00,85366592.21287936
2024-12-12 12:07:00+09:00,85366592.21287936
2024-12-12 12:08:00+09:00,85366592.21287936
2024-12-12 12:09:00+09:00,85366592.21287936
2024-12-12 12:10:00+09:00,85366592.21287936
2024-12-12 12:11:00+09:00,85366592.21287936
2024-12-12 12:12:00+09:00,85366592.21287936
2024-12-12 12:13:00+09:00,85366592.21287936
2024-12-12 12:14:00+09:00,85366592.21287936
2024-12-12 12:15:00+09:00,85366592.21287936
2024-12-12 12:16:00+09:00,85332445.57599421
2024-12-12 12:17:00+09:00,85102047.97293901
2024-12-12 12:18:00+09:00,85102047.97293901
2024-12-12 12:19:00+09:00,85102047.97293901
2024-12-12 12:20:00+09:00,85102047.97293901
2024-12-12 12:21:00+09:00,85102047.97293901
2024-12-12 12:22:00+09:00,85102047.97293901
2024-12-12 12:23:00+09:00,85102047.97293901
2024-12-12 12:24:00+09:00,85102047.97293901
2024-12-12 12:25:00+09:00,85102047.97293901
2024-12-12 12:26:00+09:00,85102047.97293901
2024-12-12 12:27:00+09:00,85102047.97293901
2024-12-12 12:28:00+09:00,85068007.15374984
2024-12-12 12:29:00+09:00,85224095.24027048
2024-12-12 12:30:00+09:00,85068007.15374984
2024-12-12 12:31:00+09:00,85224095.24027048
2024-12-12 12:32:00+09:00,85068007.15374984
2024-12-12 12:33:00+09:00,85068007.15374984
2024-12-12 12:34:00+09:00,85224095.24027048
2024-12-12 12:35:00+09:00,85224095.24027048
2024-12-12 12:36:00+09:00,85068007.15374984
2024-12-12 12:37:00+09:00,85224095.24027048
2024-12-12 12:38:00+09:00,85068007.15374984
2024-12-12 12:39:00+09:00,85068007.15374984
2024-12-12 12:40:00+09:00,85068007.15374984
2024-12-12 12:41:00+09:00,85224095.24027048
2024-12-12 12:42:00+09:00,85380183.32679112
2024-12-12 12:43:00+09:00,85224095.24027048
2024-12-12 12:44:00+09:00,85224095.24027048
2024-12-12 12:45:00+09:00,85224095.24027048
2024-12-12 12:46:00+09:00,85224095.24027048
2024-12-12 12:47:00+09:00,85380183.32679112
2024-12-12 12:48:00+09:00,85224095.24027048
2024-12-12 12:49:00+09:00,85224095.24027048
2024-12-12 12:50:00+09:00,85380183.32679112
2024-12-12 12:51:00+09:00,85380183.32679112
2024-12-12 12:52:00+09:00,85380183.32679112
2024-12-12 12:53:00+09:00,85380183.32679112
2024-12-12 12:54:00+09:00,85380183.32679112
2024-12-12 12:55:00+09:00,85380183.32679112
2024-12-12 12:56:00+09:00,85536271.41331176
2024-12-12 12:57:00+09:00,85536271.41331176
2024-12-12 12:58:00+09:00,85380183.32679112
2024-12-12 12:59:00+09:00,85380183.32679112
2024-12-12 13:00:00+09:00,85380183.32679112
2024-12-12 13:01:00+09:00,85536271.41331176
2024-12-12 13:02:00+09:00,85380183.32679112
2024-12-12 13:03:00+09:00,85380183.32679112
2024-12-12 13:04:00+09:00,85224095.24027048
2024-12-12 13:05:00+09:00,85224095.24027048
2024-12-12 13:06:00+09:00,85224095.24027048
2024-12-12 13:07:00+09:00,85380183.32679112
2024-12-12 13:08:00+09:00,85380183.32679112
2024-12-12 13:09:00+09:00,85380183.32679112
2024-12-12 13:10:00+09:00,85536271.41331176
2024-12-12 13:11:00+09:00,85536271.41331176
2024-12-12 13:12:00+09:00,85536271.41331176
2024-12-12 13:13:00+09:00,85536271.41331176
2024-12-12 13:14:00+09:00,85692359.4998324
2024-12-12 13:15:00+09:00,85692359.4998324
2024-12-12 13:16:00+09:00,85692359.4998324
2024-12-12 13:17:00+09:00,85692359.4998324
2024-12-12 13:18:00+09:00,85692359.4998324
2024-12-12 13:19:00+09:00,85692359.4998324
2024-12-12 13:20:00+09:00,85848447.58635305
2024-12-12 13:21:00+09:00,85848447.58635305
2024-12-12 13:22:00+09:00,85692359.4998324
2024-12-12 13:23:00+09:00,85848447.58635305
2024-12-12 13:24:00+09:00,85848447.58635305
2024-12-12 13:25:00+09:00,85692359.4998324
2024-12-12 13:26:00+09:00,85692359.4998324
2024-12-12 13:27:00+09:00,85848447.58635305
2024-12-12 13:28:00+09:00,85848447.58635305
2024-12-12 13:29:00+09:00,85692359.4998324
2024-12-12 13:30:00+09:00,85692359.4998324
2024-12-12 13:31:00+09:00,85848447.58635305
2024-12-12 13:32:00+09:00,85692359.4998324
2024-12-12 13:33:00+09:00,85692359.4998324
2024-12-12 13:34:00+09:00,85848447.58635305
2024-12-12 13:35:00+09:00,85692359.4998324
2024-12-12 13:36:00+09:00,85848447.58635305
2024-12-12 13:37:00+09:00,86160623.75939433
2024-12-12 13:38:00+09:00,86004535.67287369
2024-12-12 13:39:00+09:00,86160623.75939432
2024-12-12 13:40:00+09:00,86160623.75939432
2024-12-12 13:41:00+09:00,86316711.84591495
2024-12-12 13:42:00+09:00,86316711.84591495
2024-12-12 13:43:00+09:00,86472799.93243559
2024-12-12 13:44:00+09:00,86628888.01895623
2024-12-12 13:45:00+09:00,86628888.01895623
2024-12-12 13:46:00+09:00,86784976.10547687
2024-12-12 13:47:00+09:00,86784976.10547687
2024-12-12 13:48:00+09:00,86784976.10547687
2024-12-12 13:49:00+09:00,86784976.10547687
2024-12-12 13:50:00+09:00,86472799.93243559
2024-12-12 13:51:00+09:00,86784976.10547687
2024-12-12 13:52:00+09:00,86784976.10547687
2024-12-12 13:53:00+09:00,86941064.19199751
2024-12-12 13:54:00+09:00,86784976.10547687
2024-12-12 13:55:00+09:00,86784976.10547687
2024-12-12 13:56:00+09:00,86941064.19199751
2024-12-12 13:57:00+09:00,87097152.27851816
2024-12-12 13:58:00+09:00,86941064.19199751
2024-12-12 13:59:00+09:00,86941064.19199751
2024-12-12 14:00:00+09:00,86941064.19199751
2024-12-12 14:01:00+09:00,87253240.3650388
2024-12-12 14:02:00+09:00,87253240.3650388
2024-12-12 14:03:00+09:00,87253240.3650388
2024-12-12 14:04:00+09:00,87253240.3650388
2024-12-12 14:05:00+09:00,87253240.3650388
2024-12-12 14:06:00+09:00,87253240.3650388
2024-12-12 14:07:00+09:00,87253240.3650388
2024-12-12 14:08:00+09:00,87253240.3650388
2024-12-12 14:09:00+09:00,87253240.3650388
2024-12-12 14:10:00+09:00,87253240.3650388
2024-12-12 14:11:00+09:00,87409328.45155942
2024-12-12 14:12:00+09:00,87409328.45155942
2024-12-12 14:13:00+09:00,87565416.53808007
2024-12-12 14:14:00+09:00,87565416.53808007
2024-12-12 14:15:00+09:00,87253240.36503878
2024-12-12 14:16:00+09:00,87409328.45155941
2024-12-12 14:17:00+09:00,87565416.53808005
2024-12-12 14:18:00+09:00,87409328.45155941
2024-12-12 14:19:00+09:00,87565416.53808005
2024-12-12 14:20:00+09:00,87721504.6246007
2024-12-12 14:21:00+09:00,87877592.71112134
2024-12-12 14:22:00+09:00,87877592.71112134
2024-12-12 14:23:00+09:00,88033680.79764198
2024-12-12 14:24:00+09:00,88033680.79764198
2024-12-12 14:25:00+09:00,88189768.88416262
2024-12-12 14:26:00+09:00,88033680.79764198
2024-12-12 14:27:00+09:00,87877592.71112134
2024-12-12 14:28:00+09:00,87877592.71112134
2024-12-12 14:29:00+09:00,87721504.6246007
2024-12-12 14:30:00+09:00,87877592.71112134
2024-12-12 14:31:00+09:00,88033680.79764198
2024-12-12 14:32:00+09:00,88033680.79764198
2024-12-12 14:33:00+09:00,88189768.88416262
2024-12-12 14:34:00+09:00,88033680.79764198
2024-12-12 14:35:00+09:00,88189768.88416262
2024-12-12 14:36:00+09:00,88189768.88416262
2024-12-12 14:37:00+09:00,87877592.71112134
2024-12-12 14:38:00+09:00,87721504.6246007
2024-12-12 14:39:00+09:00,87877592.71112134
2024-12-12 14:40:00+09:00,87721504.6246007
2024-12-12 14:41:00+09:00,87877592.71112134
2024-12-12 14:42:00+09:00,87721504.6246007
2024-12-12 14:43:00+09:00,87565416.53808005
2024-12-12 14:44:00+09:00,87877592.71112134
2024-12-12 14:45:00+09:00,87877592.71112134
2024-12-12 14:46:00+09:00,87877592.71112134
2024-12-12 14:47:00+09:00,87877592.71112134
2024-12-12 14:48:00+09:00,87877592.71112134
2024-12-12 14:49:00+09:00,87721504.6246007
2024-12-12 14:50:00+09:00,87721504.6246007
2024-12-12 14:51:00+09:00,87721504.6246007
2024-12-12 14:52:00+09:00,87721504.6246007
2024-12-12 14:53:00+09:00,87721504.6246007
2024-12-12 14:54:00+09:00,87565416.53808005
2024-12-12 14:55:00+09:00,87721504.6246007
2024-12-12 14:56:00+09:00,87328989.91342723
2024-12-12 14:57:00+09:00,87328989.91342723
2024-12-12 14:58:00+09:00,87328989.91342723
2024-12-12 14:59:00+09:00,87328989.91342723
2024-12-12 15:00:00+09:00,87328989.91342723
2024-12-12 15:01:00+09:00,87328989.91342723
2024-12-12 15:02:00+09:00,87328989.91342723
2024-12-12 15:03:00+09:00,87328989.91342723
2024-12-12 15:04:00+09:00,87328989.91342723
2024-12-12 15:05:00+09:00,87328989.91342723
2024-12-12 15:06:00+09:00,87328989.91342723
2024-12-12 15:07:00+09:00,87328989.91342723
2024-12-12 15:08:00+09:00,87328989.91342723
2024-12-12 15:09:00+09:00,87328989.91342723
2024-12-12 15:10:00+09:00,87328989.91342723
2024-12-12 15:11:00+09:00,87328989.91342723
2024-12-12 15:12:00+09:00,87328989.91342723
2024-12-12 15:13:00+09:00,87328989.91342723
2024-12-12 15:14:00+09:00,87328989.91342723
2024-12-12 15:15:00+09:00,87328989.91342723
2024-12-12 15:16:00+09:00,87328989.91342723
2024-12-12 15:17:00+09:00,87328989.91342723
2024-12-12 15:18:00+09:00,87328989.91342723
2024-12-12 15:19:00+09:00,87328989.91342723
2024-12-12 15:30:00+09:00,87328989.91342723
2024-12-12 15:35:00+09:00,87328989.91342723
2024-12-13 09:00:00+09:00,87328989.91342723
2024-12-13 09:01:00+09:00,87328989.91342723
2024-12-13 09:02:00+09:00,87328989.91342723
2024-12-13 09:03:00+09:00,87328989.91342723
2024-12-13 09:04:00+09:00,87328989.91342723
2024-12-13 09:05:00+09:00,87328989.91342723
2024-12-13 09:06:00+09:00,87328989.91342723
2024-12-13 09:07:00+09:00,87328989.91342723
2024-12-13 09:08:00+09:00,87328989.91342723
2024-12-13 09:09:00+09:00,87328989.91342723
2024-12-13 09:10:00+09:00,87328989.91342723
2024-12-13 09:11:00+09:00,87328989.91342723
2024-12-13 09:12:00+09:00,87328989.91342723
2024-12-13 09:13:00+09:00,87328989.91342723
2024-12-13 09:14:00+09:00,87328989.91342723
2024-12-13 09:15:00+09:00,87328989.91342723
2024-12-13 09:16:00+09:00,87328989.91342723
2024-12-13 09:17:00+09:00,87328989.91342723
2024-12-13 09:18:00+09:00,87328989.91342723
2024-12-13 09:19:00+09:00,87328989.91342723
2024-12-13 09:20:00+09:00,87328989.91342723
2024-12-13 09:21:00+09:00,87328989.91342723
2024-12-13 09:22:00+09:00,87328989.91342723
2024-12-13 09:23:00+09:00,87328989.91342723
2024-12-13 09:24:00+09:00,87328989.91342723
2024-12-13 09:25:00+09:00,87328989.91342723
2024-12-13 09:26:00+09:00,87328989.91342723
2024-12-13 09:27:00+09:00,87328989.91342723
2024-12-13 09:28:00+09:00,87328989.91342723
2024-12-13 09:29:00+09:00,87328989.91342723
2024-12-13 09:30:00+09:00,87328989.91342723
2024-12-13 09:31:00+09:00,87328989.91342723
2024-12-13 09:32:00+09:00,87328989.91342723
2024-12-13 09:33:00+09:00,87328989.91342723
2024-12-13 09:34:00+09:00,87328989.91342723
2024-12-13 09:35:00+09:00,87328989.91342723
2024-12-13 09:36:00+09:00,87328989.91342723
2024-12-13 09:37:00+09:00,87328989.91342723
2024-12-13 09:38:00+09:00,87328989.91342723
2024-12-13 09:39:00+09:00,87328989.91342723
2024-12-13 09:40:00+09:00,87328989.91342723
2024-12-13 09:41:00+09:00,87328989.91342723
2024-12-13 09:42:00+09:00,87328989.91342723
2024-12-13 09:43:00+09:00,87328989.91342723
2024-12-13 09:44:00+09:00,87328989.91342723
2024-12-13 09:45:00+09:00,87328989.91342723
2024-12-13 09:46:00+09:00,87328989.91342723
2024-12-13 09:47:00+09:00,87328989.91342723
2024-12-13 09:48:00+09:00,87328989.91342723
2024-12-13 09:49:00+09:00,87328989.91342723
2024-12-13 09:50:00+09:00,87328989.91342723
2024-12-13 09:51:00+09:00,87328989.91342723
2024-12-13 09:52:00+09:00,87328989.91342723
2024-12-13 09:53:00+09:00,87328989.91342723
2024-12-13 09:54:00+09:00,87328989.91342723
2024-12-13 09:55:00+09:00,87328989.91342723
2024-12-13 09:56:00+09:00,87328989.91342723
2024-12-13 09:57:00+09:00,87328989.91342723
2024-12-13 09:58:00+09:00,87328989.91342723
2024-12-13 09:59:00+09:00,87328989.91342723
2024-12-13 10:00:00+09:00,87328989.91342723
2024-12-13 10:01:00+09:00,87328989.91342723
2024-12-13 10:02:00+09:00,87328989.91342723
2024-12-13 10:03:00+09:00,87328989.91342723
2024-12-13 10:04:00+09:00,87328989.91342723
2024-12-13 10:05:00+09:00,87328989.91342723
2024-12-13 10:06:00+09:00,87328989.91342723
2024-12-13 10:07:00+09:00,87328989.91342723
2024-12-13 10:08:00+09:00,87328989.91342723
2024-12-13 10:09:00+09:00,87328989.91342723
2024-12-13 10:10:00+09:00,87328989.91342723
2024-12-13 10:11:00+09:00,87328989.91342723
2024-12-13 10:12:00+09:00,87328989.91342723
2024-12-13 10:13:00+09:00,87328989.91342723
2024-12-13 10:14:00+09:00,87328989.91342723
2024-12-13 10:15:00+09:00,87328989.91342723
2024-12-13 10:16:00+09:00,87328989.91342723
2024-12-13 10:17:00+09:00,87328989.91342723
2024-12-13 10:18:00+09:00,87328989.91342723
2024-12-13 10:19:00+09:00,87328989.91342723
2024-12-13 10:20:00+09:00,87328989.91342723
2024-12-13 10:21:00+09:00,87328989.91342723
2024-12-13 10:22:00+09:00,87328989.91342723
2024-12-13 10:23:00+09:00,87328989.91342723
2024-12-13 10:24:00+09:00,87328989.91342723
2024-12-13 10:25:00+09:00,87328989.91342723
2024-12-13 10:26:00+09:00,87328989.91342723
2024-12-13 10:27:00+09:00,87328989.91342723
2024-12-13 10:28:00+09:00,87328989.91342723
2024-12-13 10:29:00+09:00,87328989.91342723
2024-12-13 10:30:00+09:00,87328989.91342723
2024-12-13 10:31:00+09:00,87328989.91342723
2024-12-13 10:32:00+09:00,87328989.91342723
2024-12-13 10:33:00+09:00,87328989.91342723
2024-12-13 10:34:00+09:00,87328989.91342723
2024-12-13 10:35:00+09:00,87328989.91342723
2024-12-13 10:36:00+09:00,87328989.91342723
2024-12-13 10:37:00+09:00,87328989.91342723
2024-12-13 10:38:00+09:00,87328989.91342723
2024-12-13 10:39:00+09:00,87294058.31746186
2024-12-13 10:40:00+09:00,87137617.35273524
2024-12-13 10:41:00+09:00,87137617.35273524
2024-12-13 10:42:00+09:00,87058364.36000471
2024-12-13 10:43:00+09:00,87058364.36000471
2024-12-13 10:44:00+09:00,87058364.36000471
2024-12-13 10:45:00+09:00,87058364.36000471
2024-12-13 10:46:00+09:00,87058364.36000471
2024-12-13 10:47:00+09:00,87058364.36000471
2024-12-13 10:48:00+09:00,87058364.36000471
2024-12-13 10:49:00+09:00,87058364.36000471
2024-12-13 10:50:00+09:00,87058364.36000471
2024-12-13 10:51:00+09:00,87058364.36000471
2024-12-13 10:52:00+09:00,87058364.36000471
2024-12-13 10:53:00+09:00,87023541.01426071
2024-12-13 10:54:00+09:00,87023541.01426071
2024-12-13 10:55:00+09:00,87179497.18095294
2024-12-13 10:56:00+09:00,87023541.01426071
2024-12-13 10:57:00+09:00,87179497.18095294
2024-12-13 10:58:00+09:00,87179497.18095294
2024-12-13 10:59:00+09:00,87023541.01426071
2024-12-13 11:00:00+09:00,87179497.18095294
2024-12-13 11:01:00+09:00,87179497.18095294
2024-12-13 11:02:00+09:00,87023541.01426071
2024-12-13 11:03:00+09:00,87179497.18095294
2024-12-13 11:04:00+09:00,87179497.18095294
2024-12-13 11:05:00+09:00,87335453.34764515
2024-12-13 11:06:00+09:00,87179497.18095292
2024-12-13 11:07:00+09:00,87335453.34764513
2024-12-13 11:08:00+09:00,87335453.34764513
2024-12-13 11:09:00+09:00,87335453.34764513
2024-12-13 11:10:00+09:00,87335453.34764513
2024-12-13 11:11:00+09:00,87335453.34764513
2024-12-13 11:12:00+09:00,87335453.34764513
2024-12-13 11:13:00+09:00,87335453.34764513
2024-12-13 11:14:00+09:00,87335453.34764513
2024-12-13 11:15:00+09:00,87179497.1809529
2024-12-13 11:16:00+09:00,87335453.34764512
2024-12-13 11:17:00+09:00,87335453.34764512
2024-12-13 11:18:00+09:00,87335453.34764512
2024-12-13 11:19:00+09:00,87335453.34764512
2024-12-13 11:20:00+09:00,87335453.34764512
2024-12-13 11:21:00+09:00,87335453.34764512
2024-12-13 11:22:00+09:00,87335453.34764512
2024-12-13 11:23:00+09:00,87179497.18095289
2024-12-13 11:24:00+09:00,87335453.3476451
2024-12-13 11:25:00+09:00,87491409.51433733
2024-12-13 11:26:00+09:00,87335453.3476451
2024-12-13 11:27:00+09:00,87491409.51433733
2024-12-13 11:28:00+09:00,87491409.51433733
2024-12-13 11:29:00+09:00,87335453.3476451
2024-12-13 11:30:00+09:00,87335453.3476451
2024-12-13 11:31:00+09:00,87335453.3476451
2024-12-13 11:32:00+09:00,87335453.3476451
2024-12-13 11:33:00+09:00,87335453.3476451
2024-12-13 11:34:00+09:00,87491409.51433733
2024-12-13 11:35:00+09:00,87491409.51433733
2024-12-13 11:36:00+09:00,87491409.51433733
2024-12-13 11:37:00+09:00,87491409.51433733
2024-12-13 11:38:00+09:00,87491409.51433733
2024-12-13 11:39:00+09:00,87491409.51433733
2024-12-13 11:40:00+09:00,87491409.51433733
2024-12-13 11:41:00+09:00,87491409.51433733
2024-12-13 11:42:00+09:00,87647365.68102954
2024-12-13 11:43:00+09:00,87647365.68102954
2024-12-13 11:44:00+09:00,87647365.68102954
2024-12-13 11:45:00+09:00,87491409.51433732
2024-12-13 11:46:00+09:00,87491409.51433732
2024-12-13 11:47:00+09:00,87491409.51433732
2024-12-13 11:48:00+09:00,87491409.51433732
2024-12-13 11:49:00+09:00,87491409.51433732
2024-12-13 11:50:00+09:00,87647365.68102953
2024-12-13 11:51:00+09:00,87647365.68102953
2024-12-13 11:52:00+09:00,87491409.5143373
2024-12-13 11:53:00+09:00,87647365.68102951
2024-12-13 11:54:00+09:00,87647365.68102951
2024-12-13 11:55:00+09:00,87491409.51433729
2024-12-13 11:56:00+09:00,87647365.6810295
2024-12-13 11:57:00+09:00,87647365.6810295
2024-12-13 11:58:00+09:00,87647365.6810295
2024-12-13 11:59:00+09:00,87335453.34764506
2024-12-13 12:00:00+09:00,87023541.01426062
2024-12-13 12:01:00+09:00,86788577.45352212
2024-12-13 12:02:00+09:00,86788577.45352212
2024-12-13 12:03:00+09:00,86788577.45352212
2024-12-13 12:04:00+09:00,86788577.45352212
2024-12-13 12:05:00+09:00,86788577.45352212
2024-12-13 12:06:00+09:00,86788577.45352212
2024-12-13 12:07:00+09:00,86788577.45352212
2024-12-13 12:08:00+09:00,86788577.45352212
2024-12-13 12:09:00+09:00,86788577.45352212
2024-12-13 12:10:00+09:00,86788577.45352212
2024-12-13 12:11:00+09:00,86788577.45352212
2024-12-13 12:12:00+09:00,86788577.45352212
2024-12-13 12:13:00+09:00,86788577.45352212
2024-12-13 12:14:00+09:00,86788577.45352212
2024-12-13 12:15:00+09:00,86788577.45352212
2024-12-13 12:16:00+09:00,86788577.45352212
2024-12-13 12:17:00+09:00,86788577.45352212
2024-12-13 12:18:00+09:00,86788577.45352212
2024-12-13 12:19:00+09:00,86788577.45352212
2024-12-13 12:20:00+09:00,86788577.45352212
2024-12-13 12:21:00+09:00,86788577.45352212
2024-12-13 12:22:00+09:00,86788577.45352212
2024-12-13 12:23:00+09:00,86788577.45352212
2024-12-13 12:24:00+09:00,86788577.45352212
2024-12-13 12:25:00+09:00,86788577.45352212
2024-12-13 12:26:00+09:00,86788577.45352212
2024-12-13 12:27:00+09:00,86788577.45352212
2024-12-13 12:28:00+09:00,86788577.45352212
2024-12-13 12:29:00+09:00,86788577.45352212
2024-12-13 12:30:00+09:00,86788577.45352212
2024-12-13 12:31:00+09:00,86788577.45352212
2024-12-13 12:32:00+09:00,86788577.45352212
2024-12-13 12:33:00+09:00,86788577.45352212
2024-12-13 12:34:00+09:00,86788577.45352212
2024-12-13 12:35:00+09:00,86788577.45352212
2024-12-13 12:36:00+09:00,86788577.45352212
2024-12-13 12:37:00+09:00,86788577.45352212
2024-12-13 12:38:00+09:00,86788577.45352212
2024-12-13 12:39:00+09:00,86788577.45352212
2024-12-13 12:40:00+09:00,86788577.45352212
2024-12-13 12:41:00+09:00,86788577.45352212
2024-12-13 12:42:00+09:00,86788577.45352212
2024-12-13 12:43:00+09:00,86788577.45352212
2024-12-13 12:44:00+09:00,86788577.45352212
2024-12-13 12:45:00+09:00,86788577.45352212
2024-12-13 12:46:00+09:00,86788577.45352212
2024-12-13 12:47:00+09:00,86788577.45352212
2024-12-13 12:48:00+09:00,86788577.45352212
2024-12-13 12:49:00+09:00,86788577.45352212
2024-12-13 12:50:00+09:00,86788577.45352212
2024-12-13 12:51:00+09:00,86788577.45352212
2024-12-13 12:52:00+09:00,86788577.45352212
2024-12-13 12:53:00+09:00,86753862.02254072
2024-12-13 12:54:00+09:00,87064251.51099347
2024-12-13 12:55:00+09:00,86674402.31349683
2024-12-13 12:56:00+09:00,86674402.31349683
2024-12-13 12:57:00+09:00,86674402.31349683
2024-12-13 12:58:00+09:00,86674402.31349683
2024-12-13 12:59:00+09:00,86674402.31349683
2024-12-13 13:00:00+09:00,86674402.31349683
2024-12-13 13:01:00+09:00,86674402.31349683
2024-12-13 13:02:00+09:00,86674402.31349683
2024-12-13 13:03:00+09:00,86674402.31349683
2024-12-13 13:04:00+09:00,86674402.31349683
2024-12-13 13:05:00+09:00,86674402.31349683
2024-12-13 13:06:00+09:00,86639732.55257143
2024-12-13 13:07:00+09:00,86560377.37713866
2024-12-13 13:08:00+09:00,86560377.37713866
2024-12-13 13:09:00+09:00,86560377.37713866
2024-12-13 13:10:00+09:00,86560377.37713866
2024-12-13 13:11:00+09:00,86560377.37713866
2024-12-13 13:12:00+09:00,86560377.37713866
2024-12-13 13:13:00+09:00,86560377.37713866
2024-12-13 13:14:00+09:00,86560377.37713866
2024-12-13 13:15:00+09:00,86560377.37713866
2024-12-13 13:16:00+09:00,86560377.37713866
2024-12-13 13:17:00+09:00,86560377.37713866
2024-12-13 13:18:00+09:00,86525753.22618781
2024-12-13 13:19:00+09:00,86525753.22618781
2024-12-13 13:20:00+09:00,86679713.64118104
2024-12-13 13:21:00+09:00,86679713.64118104
2024-12-13 13:22:00+09:00,86679713.64118104
2024-12-13 13:23:00+09:00,86525753.22618783
2024-12-13 13:24:00+09:00,86525753.22618783
2024-12-13 13:25:00+09:00,86371792.8111946
2024-12-13 13:26:00+09:00,86679713.64118104
2024-12-13 13:27:00+09:00,86525753.22618783
2024-12-13 13:28:00+09:00,86525753.22618783
2024-12-13 13:29:00+09:00,86679713.64118105
2024-12-13 13:30:00+09:00,86525753.22618784
2024-12-13 13:31:00+09:00,86371792.81119461
2024-12-13 13:32:00+09:00,86525753.22618783
2024-12-13 13:33:00+09:00,86525753.22618783
2024-12-13 13:34:00+09:00,86525753.22618783
2024-12-13 13:35:00+09:00,86525753.22618783
2024-12-13 13:36:00+09:00,86525753.22618783
2024-12-13 13:37:00+09:00,86525753.22618783
2024-12-13 13:38:00+09:00,86525753.22618783
2024-12-13 13:39:00+09:00,86371792.8111946
2024-12-13 13:40:00+09:00,86525753.22618781
2024-12-13 13:41:00+09:00,86525753.22618781
2024-12-13 13:42:00+09:00,86525753.22618781
2024-12-13 13:43:00+09:00,86525753.22618781
2024-12-13 13:44:00+09:00,86371792.81119458
2024-12-13 13:45:00+09:00,86525753.2261878
2024-12-13 13:46:00+09:00,86679713.64118102
2024-12-13 13:47:00+09:00,86525753.22618781
2024-12-13 13:48:00+09:00,86525753.22618781
2024-12-13 13:49:00+09:00,86525753.22618781
2024-12-13 13:50:00+09:00,86679713.64118104
2024-12-13 13:51:00+09:00,86679713.64118104
2024-12-13 13:52:00+09:00,86679713.64118104
2024-12-13 13:53:00+09:00,86679713.64118104
2024-12-13 13:54:00+09:00,86525753.22618783
2024-12-13 13:55:00+09:00,86525753.22618783
2024-12-13 13:56:00+09:00,86371792.8111946
2024-12-13 13:57:00+09:00,86371792.8111946
2024-12-13 13:58:00+09:00,86292133.6924771
2024-12-13 13:59:00+09:00,86292133.6924771
2024-12-13 14:00:00+09:00,86292133.6924771
2024-12-13 14:01:00+09:00,86292133.6924771
2024-12-13 14:02:00+09:00,86292133.6924771
2024-12-13 14:03:00+09:00,86292133.6924771
2024-12-13 14:04:00+09:00,86292133.6924771
2024-12-13 14:05:00+09:00,86292133.6924771
2024-12-13 14:06:00+09:00,86292133.6924771
2024-12-13 14:07:00+09:00,86292133.6924771
2024-12-13 14:08:00+09:00,86292133.6924771
2024-12-13 14:09:00+09:00,86292133.6924771
2024-12-13 14:10:00+09:00,86292133.6924771
2024-12-13 14:11:00+09:00,86292133.6924771
2024-12-13 14:12:00+09:00,86292133.6924771
2024-12-13 14:13:00+09:00,86292133.6924771
2024-12-13 14:14:00+09:00,86292133.6924771
2024-12-13 14:15:00+09:00,86292133.6924771
2024-12-13 14:16:00+09:00,86292133.6924771
2024-12-13 14:17:00+09:00,86292133.6924771
2024-12-13 14:18:00+09:00,86292133.6924771
2024-12-13 14:19:00+09:00,86292133.6924771
2024-12-13 14:20:00+09:00,86292133.6924771
2024-12-13 14:21:00+09:00,86292133.6924771
2024-12-13 14:22:00+09:00,86292133.6924771
2024-12-13 14:23:00+09:00,86292133.6924771
2024-12-13 14:24:00+09:00,86292133.6924771
2024-12-13 14:25:00+09:00,86292133.6924771
2024-12-13 14:26:00+09:00,86292133.6924771
2024-12-13 14:27:00+09:00,86292133.6924771
2024-12-13 14:28:00+09:00,86292133.6924771
2024-12-13 14:29:00+09:00,86292133.6924771
2024-12-13 14:30:00+09:00,86292133.6924771
2024-12-13 14:31:00+09:00,86292133.6924771
2024-12-13 14:32:00+09:00,86292133.6924771
2024-12-13 14:33:00+09:00,86292133.6924771
2024-12-13 14:34:00+09:00,86292133.6924771
2024-12-13 14:35:00+09:00,86292133.6924771
2024-12-13 14:36:00+09:00,86292133.6924771
2024-12-13 14:37:00+09:00,86292133.6924771
2024-12-13 14:38:00+09:00,86292133.6924771
2024-12-13 14:39:00+09:00,86292133.6924771
2024-12-13 14:40:00+09:00,86292133.6924771
2024-12-13 14:41:00+09:00,86292133.6924771
2024-12-13 14:42:00+09:00,86292133.6924771
2024-12-13 14:43:00+09:00,86292133.6924771
2024-12-13 14:44:00+09:00,86292133.6924771
2024-12-13 14:45:00+09:00,86292133.6924771
2024-12-13 14:46:00+09:00,86292133.6924771
2024-12-13 14:47:00+09:00,86292133.6924771
2024-12-13 14:48:00+09:00,86292133.6924771
2024-12-13 14:49:00+09:00,86292133.6924771
2024-12-13 14:50:00+09:00,86292133.6924771
2024-12-13 14:51:00+09:00,86292133.6924771
2024-12-13 14:52:00+09:00,86292133.6924771
2024-12-13 14:53:00+09:00,86292133.6924771
2024-12-13 14:54:00+09:00,86292133.6924771
2024-12-13 14:55:00+09:00,86292133.6924771
2024-12-13 14:56:00+09:00,86292133.6924771
2024-12-13 14:57:00+09:00,86292133.6924771
2024-12-13 14:58:00+09:00,86292133.6924771
2024-12-13 14:59:00+09:00,86292133.6924771
2024-12-13 15:00:00+09:00,86292133.6924771
2024-12-13 15:01:00+09:00,86292133.6924771
2024-12-13 15:02:00+09:00,86292133.6924771
2024-12-13 15:03:00+09:00,86292133.6924771
2024-12-13 15:04:00+09:00,86292133.6924771
2024-12-13 15:05:00+09:00,86292133.6924771
2024-12-13 15:06:00+09:00,86292133.6924771
2024-12-13 15:07:00+09:00,86292133.6924771
2024-12-13 15:08:00+09:00,86292133.6924771
2024-12-13 15:09:00+09:00,86257616.83900012
2024-12-13 15:10:00+09:00,85871379.52438413
2024-12-13 15:11:00+09:00,85871379.52438413
2024-12-13 15:12:00+09:00,85871379.52438413
2024-12-13 15:13:00+09:00,85871379.52438413
2024-12-13 15:14:00+09:00,85871379.52438413
2024-12-13 15:15:00+09:00,85871379.52438413
2024-12-13 15:16:00+09:00,85871379.52438413
2024-12-13 15:17:00+09:00,85871379.52438413
2024-12-13 15:18:00+09:00,85871379.52438413
2024-12-13 15:19:00+09:00,85871379.52438413
2024-12-13 15:30:00+09:00,85871379.52438413
2024-12-13 15:35:00+09:00,85871379.52438413
2024-12-16 09:00:00+09:00,85871379.52438413
2024-12-16 09:01:00+09:00,85837030.97257438
2024-12-16 09:02:00+09:00,86142500.83368675
2024-12-16 09:03:00+09:00,85989765.90313058
2024-12-16 09:04:00+09:00,86142500.83368675
2024-12-16 09:05:00+09:00,86295235.76424293
2024-12-16 09:06:00+09:00,86295235.76424293
2024-12-16 09:07:00+09:00,86142500.83368675
2024-12-16 09:08:00+09:00,86295235.76424293
2024-12-16 09:09:00+09:00,86447970.69479911
2024-12-16 09:10:00+09:00,86295235.76424293
2024-12-16 09:11:00+09:00,85989765.90313056
2024-12-16 09:12:00+09:00,86142500.83368674
2024-12-16 09:13:00+09:00,86142500.83368674
2024-12-16 09:14:00+09:00,86142500.83368674
2024-12-16 09:15:00+09:00,85989765.90313056
2024-12-16 09:16:00+09:00,85989765.90313056
2024-12-16 09:17:00+09:00,85989765.90313056
2024-12-16 09:18:00+09:00,85989765.90313056
2024-12-16 09:19:00+09:00,85989765.90313056
2024-12-16 09:20:00+09:00,85837030.97257438
2024-12-16 09:21:00+09:00,85989765.90313058
2024-12-16 09:22:00+09:00,85989765.90313058
2024-12-16 09:23:00+09:00,86142500.83368675
2024-12-16 09:24:00+09:00,86295235.76424293
2024-12-16 09:25:00+09:00,86142500.83368675
2024-12-16 09:26:00+09:00,86142500.83368675
2024-12-16 09:27:00+09:00,86142500.83368675
2024-12-16 09:28:00+09:00,85989765.90313058
2024-12-16 09:29:00+09:00,86142500.83368675
2024-12-16 09:30:00+09:00,86142500.83368675
2024-12-16 09:31:00+09:00,86295235.76424293
2024-12-16 09:32:00+09:00,86295235.76424293
2024-12-16 09:33:00+09:00,86295235.76424293
2024-12-16 09:34:00+09:00,85989765.90313056
2024-12-16 09:35:00+09:00,85989765.90313056
2024-12-16 09:36:00+09:00,86142500.83368674
2024-12-16 09:37:00+09:00,86142500.83368674
2024-12-16 09:38:00+09:00,86142500.83368674
2024-12-16 09:39:00+09:00,86142500.83368674
2024-12-16 09:40:00+09:00,86295235.76424292
2024-12-16 09:41:00+09:00,86142500.83368674
2024-12-16 09:42:00+09:00,86142500.83368674
2024-12-16 09:43:00+09:00,86447970.6947991
2024-12-16 09:44:00+09:00,86295235.76424292
2024-12-16 09:45:00+09:00,86295235.76424292
2024-12-16 09:46:00+09:00,86142500.83368674
2024-12-16 09:47:00+09:00,86295235.76424292
2024-12-16 09:48:00+09:00,86295235.76424292
2024-12-16 09:49:00+09:00,86295235.76424292
2024-12-16 09:50:00+09:00,86295235.76424292
2024-12-16 09:51:00+09:00,86295235.76424292
2024-12-16 09:52:00+09:00,86142500.83368674
2024-12-16 09:53:00+09:00,86142500.83368674
2024-12-16 09:54:00+09:00,85989765.90313056
2024-12-16 09:55:00+09:00,86142500.83368674
2024-12-16 09:56:00+09:00,85909916.08143578
2024-12-16 09:57:00+09:00,85909916.08143578
2024-12-16 09:58:00+09:00,85909916.08143578
2024-12-16 09:59:00+09:00,85909916.08143578
2024-12-16 10:00:00+09:00,85909916.08143578
2024-12-16 10:01:00+09:00,85909916.08143578
2024-12-16 10:02:00+09:00,85909916.08143578
2024-12-16 10:03:00+09:00,85909916.08143578
2024-12-16 10:04:00+09:00,85909916.08143578
2024-12-16 10:05:00+09:00,85909916.08143578
2024-12-16 10:06:00+09:00,85909916.08143578
2024-12-16 10:07:00+09:00,85909916.08143578
2024-12-16 10:08:00+09:00,85909916.08143578
2024-12-16 10:09:00+09:00,85909916.08143578
2024-12-16 10:10:00+09:00,85909916.08143578
2024-12-16 10:11:00+09:00,85909916.08143578
2024-12-16 10:12:00+09:00,85909916.08143578
2024-12-16 10:13:00+09:00,85909916.08143578
2024-12-16 10:14:00+09:00,85909916.08143578
2024-12-16 10:15:00+09:00,85909916.08143578
2024-12-16 10:16:00+09:00,85909916.08143578
2024-12-16 10:17:00+09:00,85909916.08143578
2024-12-16 10:18:00+09:00,85909916.08143578
2024-12-16 10:19:00+09:00,85909916.08143578
2024-12-16 10:20:00+09:00,85909916.08143578
2024-12-16 10:21:00+09:00,85909916.08143578
2024-12-16 10:22:00+09:00,85909916.08143578
2024-12-16 10:23:00+09:00,85909916.08143578
2024-12-16 10:24:00+09:00,85909916.08143578
2024-12-16 10:25:00+09:00,85909916.08143578
2024-12-16 10:26:00+09:00,85909916.08143578
2024-12-16 10:27:00+09:00,85909916.08143578
2024-12-16 10:28:00+09:00,85909916.08143578
2024-12-16 10:29:00+09:00,85909916.08143578
2024-12-16 10:30:00+09:00,85909916.08143578
2024-12-16 10:31:00+09:00,85909916.08143578
2024-12-16 10:32:00+09:00,85909916.08143578
2024-12-16 10:33:00+09:00,85909916.08143578
2024-12-16 10:34:00+09:00,85909916.08143578
2024-12-16 10:35:00+09:00,85909916.08143578
2024-12-16 10:36:00+09:00,85909916.08143578
2024-12-16 10:37:00+09:00,85909916.08143578
2024-12-16 10:38:00+09:00,85909916.08143578
2024-12-16 10:39:00+09:00,85909916.08143578
2024-12-16 10:40:00+09:00,85909916.08143578
2024-12-16 10:41:00+09:00,85909916.08143578
2024-12-16 10:42:00+09:00,85909916.08143578
2024-12-16 10:43:00+09:00,85909916.08143578
2024-12-16 10:44:00+09:00,85909916.08143578
2024-12-16 10:45:00+09:00,85909916.08143578
2024-12-16 10:46:00+09:00,85909916.08143578
2024-12-16 10:47:00+09:00,85909916.08143578
2024-12-16 10:48:00+09:00,85909916.08143578
2024-12-16 10:49:00+09:00,85909916.08143578
2024-12-16 10:50:00+09:00,85909916.08143578
2024-12-16 10:51:00+09:00,85909916.08143578
2024-12-16 10:52:00+09:00,85909916.08143578
2024-12-16 10:53:00+09:00,85909916.08143578
2024-12-16 10:54:00+09:00,85909916.08143578
2024-12-16 10:55:00+09:00,85909916.08143578
2024-12-16 10:56:00+09:00,85909916.08143578
2024-12-16 10:57:00+09:00,85909916.08143578
2024-12-16 10:58:00+09:00,85909916.08143578
2024-12-16 10:59:00+09:00,85909916.08143578
2024-12-16 11:00:00+09:00,85909916.08143578
2024-12-16 11:01:00+09:00,85909916.08143578
2024-12-16 11:02:00+09:00,85909916.08143578
2024-12-16 11:03:00+09:00,85909916.08143578
2024-12-16 11:04:00+09:00,85909916.08143578
2024-12-16 11:05:00+09:00,85909916.08143578
2024-12-16 11:06:00+09:00,85909916.08143578
2024-12-16 11:07:00+09:00,85909916.08143578
2024-12-16 11:08:00+09:00,85909916.08143578
2024-12-16 11:09:00+09:00,85909916.08143578
2024-12-16 11:10:00+09:00,85909916.08143578
2024-12-16 11:11:00+09:00,85909916.08143578
2024-12-16 11:12:00+09:00,85909916.08143578
2024-12-16 11:13:00+09:00,85909916.08143578
2024-12-16 11:14:00+09:00,85909916.08143578
2024-12-16 11:15:00+09:00,85875552.11500321
2024-12-16 11:16:00+09:00,86028901.31520857
2024-12-16 11:17:00+09:00,85643688.12429269
2024-12-16 11:18:00+09:00,85643688.12429269
2024-12-16 11:19:00+09:00,85643688.12429269
2024-12-16 11:20:00+09:00,85643688.12429269
2024-12-16 11:21:00+09:00,85643688.12429269
2024-12-16 11:22:00+09:00,85643688.12429269
2024-12-16 11:23:00+09:00,85643688.12429269
2024-12-16 11:24:00+09:00,85643688.12429269
2024-12-16 11:25:00+09:00,85643688.12429269
2024-12-16 11:26:00+09:00,85643688.12429269
2024-12-16 11:27:00+09:00,85643688.12429269
2024-12-16 11:28:00+09:00,85643688.12429269
2024-12-16 11:29:00+09:00,85643688.12429269
2024-12-16 11:30:00+09:00,85643688.12429269
2024-12-16 11:31:00+09:00,85643688.12429269
2024-12-16 11:32:00+09:00,85643688.12429269
2024-12-16 11:33:00+09:00,85643688.12429269
2024-12-16 11:34:00+09:00,85643688.12429269
2024-12-16 11:35:00+09:00,85643688.12429269
2024-12-16 11:36:00+09:00,85643688.12429269
2024-12-16 11:37:00+09:00,85643688.12429269
2024-12-16 11:38:00+09:00,85643688.12429269
2024-12-16 11:39:00+09:00,85643688.12429269
2024-12-16 11:40:00+09:00,85643688.12429269
2024-12-16 11:41:00+09:00,85643688.12429269
2024-12-16 11:42:00+09:00,85643688.12429269
2024-12-16 11:43:00+09:00,85643688.12429269
2024-12-16 11:44:00+09:00,85643688.12429269
2024-12-16 11:45:00+09:00,85643688.12429269
2024-12-16 11:46:00+09:00,85643688.12429269
2024-12-16 11:47:00+09:00,85643688.12429269
2024-12-16 11:48:00+09:00,85643688.12429269
2024-12-16 11:49:00+09:00,85643688.12429269
2024-12-16 11:50:00+09:00,85643688.12429269
2024-12-16 11:51:00+09:00,85643688.12429269
2024-12-16 11:52:00+09:00,85643688.12429269
2024-12-16 11:53:00+09:00,85643688.12429269
2024-12-16 11:54:00+09:00,85643688.12429269
2024-12-16 11:55:00+09:00,85643688.12429269
2024-12-16 11:56:00+09:00,85643688.12429269
2024-12-16 11:57:00+09:00,85643688.12429269
2024-12-16 11:58:00+09:00,85643688.12429269
2024-12-16 11:59:00+09:00,85643688.12429269
2024-12-16 12:00:00+09:00,85643688.12429269
2024-12-16 12:01:00+09:00,85643688.12429269
2024-12-16 12:02:00+09:00,85643688.12429269
2024-12-16 12:03:00+09:00,85643688.12429269
2024-12-16 12:04:00+09:00,85643688.12429269
2024-12-16 12:05:00+09:00,85643688.12429269
2024-12-16 12:06:00+09:00,85643688.12429269
2024-12-16 12:07:00+09:00,85643688.12429269
2024-12-16 12:08:00+09:00,85643688.12429269
2024-12-16 12:09:00+09:00,85643688.12429269
