date,score,symbol
2025-05-02,0.15,005930
2025-05-07,0.15,005930
2025-05-08,0.15,005930
2025-05-09,0.15,005930
2025-05-12,0.15,005930
2025-05-13,0.15,005930
2025-05-14,0.15,005930
2025-05-15,0.15,005930
2025-05-16,0.15,005930
2025-05-19,0.15,005930
2025-05-20,0.15,005930
2025-05-21,0.15,005930
2025-05-22,0.15,005930
2025-05-23,0.15,005930
2025-05-26,0.3,005930
2025-05-27,0.3,005930
2025-05-28,0.3,005930
2025-05-29,0.3,005930
2025-05-30,0.3,005930
2025-06-02,0.9099999999999999,005930
2025-06-04,1.0,005930
2025-06-05,1.0,005930
2025-06-09,1.0,005930
2025-06-10,1.0,005930
2025-06-11,0.9099999999999999,005930
2025-06-12,0.9099999999999999,005930
2025-06-13,0.9099999999999999,005930
2025-06-16,0.9099999999999999,005930
2025-06-17,0.9099999999999999,005930
2025-06-18,1.0,005930
2025-06-19,1.0,005930
2025-06-20,1.0,005930
2025-06-23,1.0,005930
2025-06-24,1.0,005930
2025-06-25,1.0,005930
2025-06-26,1.0,005930
2025-06-27,1.0,005930
2025-06-30,1.0,005930
2025-07-01,1.0,005930
2025-07-02,1.0,005930
2025-07-03,1.0,005930
2025-07-04,1.0,005930
2025-07-07,0.9099999999999999,005930
2025-07-08,0.9099999999999999,005930
2025-07-09,0.9099999999999999,005930
2025-07-10,0.9099999999999999,005930
2025-07-11,1.0,005930
2025-07-14,1.0,005930
2025-07-15,1.0,005930
2025-07-16,1.0,005930
2025-07-17,1.0,005930
2025-07-18,1.0,005930
2025-07-21,1.0,005930
2025-07-22,1.0,005930
2025-07-23,1.0,005930
2025-07-24,1.0,005930
2025-07-25,1.0,005930
2025-07-28,1.0,005930
2025-07-29,1.0,005930
2025-07-30,1.0,005930
2025-07-31,1.0,005930
2025-08-01,1.0,005930
2025-08-04,1.0,005930
2025-08-05,1.0,005930
2025-08-06,1.0,005930
2025-08-07,1.0,005930
2025-08-08,1.0,005930
2025-08-11,1.0,005930
2025-08-12,1.0,005930
2025-08-13,1.0,005930
2025-08-14,1.0,005930
2025-08-18,0.9099999999999999,005930
2025-08-19,0.9099999999999999,005930
2025-08-20,1.0,005930
2025-08-21,1.0,005930
2025-08-22,1.0,005930
2025-08-25,1.0,005930
2025-08-26,0.3,005930
2025-08-27,0.3,005930
2025-08-28,0.3,005930
2025-08-29,0.3,005930
2025-09-01,0.3,005930
2025-09-02,0.3,005930
2025-09-03,0.3,005930
2025-09-04,0.3,005930
2025-09-05,0.3,005930
2025-09-08,0.3,005930
2025-09-09,0.9099999999999999,005930
2025-09-10,0.9099999999999999,005930
2025-09-11,0.9099999999999999,005930
2025-09-12,1.0,005930
2025-09-15,1.0,005930
2025-09-16,1.0,005930
2025-09-17,1.0,005930
2025-09-18,1.0,005930
2025-09-19,1.0,005930
2025-09-22,1.0,005930
2025-09-23,1.0,005930
2025-09-24,1.0,005930
2025-09-25,1.0,005930
2025-09-26,1.0,005930
2025-09-29,1.0,005930
2025-09-30,1.0,005930
2025-10-01,1.0,005930
2025-10-02,1.0,005930
2025-10-10,1.0,005930
2025-10-13,1.0,005930
2025-10-14,1.0,005930
2025-10-15,1.0,005930
2025-10-16,1.0,005930
2025-10-17,1.0,005930
2025-10-20,1.0,005930
2025-10-21,1.0,005930
2025-10-22,1.0,005930
2025-10-23,1.0,005930
2025-10-24,1.0,005930
2025-10-27,1.0,005930
2025-10-28,1.0,005930
2025-10-29,1.0,005930
2025-10-30,1.0,005930
2025-10-31,1.0,005930
2025-05-02,0.15,000660
2025-05-07,0.15,000660
2025-05-08,0.15,000660
2025-05-09,0.15,000660
2025-05-12,0.15,000660
2025-05-13,0.15,000660
2025-05-14,0.15,000660
2025-05-15,0.15,000660
2025-05-16,0.15,000660
2025-05-19,0.15,000660
2025-05-20,0.15,000660
2025-05-21,0.15,000660
2025-05-22,0.15,000660
2025-05-23,0.15,000660
2025-05-26,0.3,000660
2025-05-27,0.3,000660
2025-05-28,0.3,000660
2025-05-29,0.3,000660
2025-05-30,0.3,000660
2025-06-02,0.9099999999999999,000660
2025-06-04,1.0,000660
2025-06-05,1.0,000660
2025-06-09,1.0,000660
2025-06-10,1.0,000660
2025-06-11,1.0,000660
2025-06-12,1.0,000660
2025-06-13,1.0,000660
2025-06-16,1.0,000660
2025-06-17,1.0,000660
2025-06-18,1.0,000660
2025-06-19,1.0,000660
2025-06-20,1.0,000660
2025-06-23,1.0,000660
2025-06-24,0.8500000000000001,000660
2025-06-25,1.0,000660
2025-06-26,1.0,000660
2025-06-27,0.8500000000000001,000660
2025-06-30,0.8500000000000001,000660
2025-07-01,0.8500000000000001,000660
2025-07-02,0.8500000000000001,000660
2025-07-03,0.8500000000000001,000660
2025-07-04,0.8500000000000001,000660
2025-07-07,0.8500000000000001,000660
2025-07-08,0.8500000000000001,000660
2025-07-09,0.8500000000000001,000660
2025-07-10,0.8500000000000001,000660
2025-07-11,0.8500000000000001,000660
2025-07-14,1.0,000660
2025-07-15,1.0,000660
2025-07-16,1.0,000660
2025-07-17,0.15,000660
2025-07-18,0.15,000660
2025-07-21,0.15,000660
2025-07-22,0.15,000660
2025-07-23,0.15,000660
2025-07-24,0.15,000660
2025-07-25,0.15,000660
2025-07-28,0.15,000660
2025-07-29,0.15,000660
2025-07-30,0.3,000660
2025-07-31,0.3,000660
2025-08-01,0.3,000660
2025-08-04,0.3,000660
2025-08-05,0.3,000660
2025-08-06,0.3,000660
2025-08-07,0.3,000660
2025-08-08,0.3,000660
2025-08-11,0.3,000660
2025-08-12,0.9099999999999999,000660
2025-08-13,0.9099999999999999,000660
2025-08-14,0.9099999999999999,000660
2025-08-18,0.9099999999999999,000660
2025-08-19,0.3,000660
2025-08-20,0.3,000660
2025-08-21,0.3,000660
2025-08-22,0.3,000660
2025-08-25,0.3,000660
2025-08-26,0.3,000660
2025-08-27,0.3,000660
2025-08-28,0.9099999999999999,000660
2025-08-29,0.9099999999999999,000660
2025-09-01,0.3,000660
2025-09-02,0.3,000660
2025-09-03,0.9099999999999999,000660
2025-09-04,0.9099999999999999,000660
2025-09-05,0.9099999999999999,000660
2025-09-08,1.0,000660
2025-09-09,1.0,000660
2025-09-10,1.0,000660
2025-09-11,1.0,000660
2025-09-12,1.0,000660
2025-09-15,1.0,000660
2025-09-16,1.0,000660
2025-09-17,1.0,000660
2025-09-18,1.0,000660
2025-09-19,1.0,000660
2025-09-22,1.0,000660
2025-09-23,1.0,000660
2025-09-24,0.8500000000000001,000660
2025-09-25,0.8500000000000001,000660
2025-09-26,0.8500000000000001,000660
2025-09-29,0.8500000000000001,000660
2025-09-30,0.8500000000000001,000660
2025-10-01,0.8500000000000001,000660
2025-10-02,0.8500000000000001,000660
2025-10-10,0.8500000000000001,000660
2025-10-13,0.8500000000000001,000660
2025-10-14,0.8500000000000001,000660
2025-10-15,0.8500000000000001,000660
2025-10-16,0.8500000000000001,000660
2025-10-17,0.8500000000000001,000660
2025-10-20,0.8500000000000001,000660
2025-10-21,0.8500000000000001,000660
2025-10-22,0.8500000000000001,000660
2025-10-23,0.8500000000000001,000660
2025-10-24,0.8500000000000001,000660
2025-10-27,0.8500000000000001,000660
2025-10-28,0.8500000000000001,000660
2025-10-29,0.8500000000000001,000660
2025-10-30,0.8500000000000001,000660
2025-10-31,0.8500000000000001,000660
2025-05-02,0.15,373220
2025-05-07,0.15,373220
2025-05-08,0.15,373220
2025-05-09,0.15,373220
2025-05-12,0.15,373220
2025-05-13,0.15,373220
2025-05-14,0.15,373220
2025-05-15,0.15,373220
2025-05-16,0.15,373220
2025-05-19,0.15,373220
2025-05-20,0.15,373220
2025-05-21,0.15,373220
2025-05-22,0.15,373220
2025-05-23,0.15,373220
2025-05-26,0.3,373220
2025-05-27,0.15,373220
2025-05-28,0.15,373220
2025-05-29,0.3,373220
2025-05-30,0.15,373220
2025-06-02,0.15,373220
2025-06-04,0.3,373220
2025-06-05,0.3,373220
2025-06-09,0.3,373220
2025-06-10,0.3,373220
2025-06-11,0.9099999999999999,373220
2025-06-12,0.9099999999999999,373220
2025-06-13,0.9099999999999999,373220
2025-06-16,0.9099999999999999,373220
2025-06-17,0.9099999999999999,373220
2025-06-18,0.9099999999999999,373220
2025-06-19,0.9099999999999999,373220
2025-06-20,1.0,373220
2025-06-23,1.0,373220
2025-06-24,1.0,373220
2025-06-25,1.0,373220
2025-06-26,1.0,373220
2025-06-27,0.3,373220
2025-06-30,0.9099999999999999,373220
2025-07-01,0.9099999999999999,373220
2025-07-02,1.0,373220
2025-07-03,1.0,373220
2025-07-04,1.0,373220
2025-07-07,1.0,373220
2025-07-08,1.0,373220
2025-07-09,0.76,373220
2025-07-10,0.9099999999999999,373220
2025-07-11,1.0,373220
2025-07-14,1.0,373220
2025-07-15,1.0,373220
2025-07-16,1.0,373220
2025-07-17,1.0,373220
2025-07-18,1.0,373220
2025-07-21,1.0,373220
2025-07-22,1.0,373220
2025-07-23,1.0,373220
2025-07-24,1.0,373220
2025-07-25,1.0,373220
2025-07-28,1.0,373220
2025-07-29,1.0,373220
2025-07-30,1.0,373220
2025-07-31,1.0,373220
2025-08-01,1.0,373220
2025-08-04,1.0,373220
2025-08-05,0.8500000000000001,373220
2025-08-06,0.8500000000000001,373220
2025-08-07,0.8500000000000001,373220
2025-08-08,0.8500000000000001,373220
2025-08-11,0.8500000000000001,373220
2025-08-12,0.8500000000000001,373220
2025-08-13,1.0,373220
2025-08-14,1.0,373220
2025-08-18,1.0,373220
2025-08-19,1.0,373220
2025-08-20,0.3,373220
2025-08-21,0.3,373220
2025-08-22,0.3,373220
2025-08-25,0.3,373220
2025-08-26,0.3,373220
2025-08-27,0.3,373220
2025-08-28,0.3,373220
2025-08-29,0.3,373220
2025-09-01,0.3,373220
2025-09-02,0.3,373220
2025-09-03,0.3,373220
2025-09-04,0.3,373220
2025-09-05,0.3,373220
2025-09-08,0.3,373220
2025-09-09,0.3,373220
2025-09-10,0.3,373220
2025-09-11,0.3,373220
2025-09-12,0.3,373220
2025-09-15,0.3,373220
2025-09-16,0.3,373220
2025-09-17,0.3,373220
2025-09-18,0.3,373220
2025-09-19,0.3,373220
2025-09-22,0.3,373220
2025-09-23,0.9099999999999999,373220
2025-09-24,0.3,373220
2025-09-25,0.9099999999999999,373220
2025-09-26,0.3,373220
2025-09-29,0.9099999999999999,373220
2025-09-30,0.3,373220
2025-10-01,0.3,373220
2025-10-02,1.0,373220
2025-10-10,0.76,373220
2025-10-13,0.76,373220
2025-10-14,0.8500000000000001,373220
2025-10-15,0.8500000000000001,373220
2025-10-16,0.8500000000000001,373220
2025-10-17,0.8500000000000001,373220
2025-10-20,0.8500000000000001,373220
2025-10-21,0.8500000000000001,373220
2025-10-22,0.8500000000000001,373220
2025-10-23,0.8500000000000001,373220
2025-10-24,0.8500000000000001,373220
2025-10-27,0.8500000000000001,373220
2025-10-28,0.8500000000000001,373220
2025-10-29,0.8500000000000001,373220
2025-10-30,0.8500000000000001,373220
2025-10-31,0.8500000000000001,373220
2025-05-02,0.15,207940
2025-05-07,0.15,207940
2025-05-08,0.15,207940
2025-05-09,0.15,207940
2025-05-12,0.15,207940
2025-05-13,0.15,207940
2025-05-14,0.15,207940
2025-05-15,0.15,207940
2025-05-16,0.15,207940
2025-05-19,0.15,207940
2025-05-20,0.15,207940
2025-05-21,0.15,207940
2025-05-22,0.15,207940
2025-05-23,0.15,207940
2025-05-26,0.3,207940
2025-05-27,0.3,207940
2025-05-28,0.3,207940
2025-05-29,0.3,207940
2025-05-30,0.3,207940
2025-06-02,0.3,207940
2025-06-04,0.9099999999999999,207940
2025-06-05,0.3,207940
2025-06-09,0.9099999999999999,207940
2025-06-10,0.9099999999999999,207940
2025-06-11,1.0,207940
2025-06-12,0.3,207940
2025-06-13,0.3,207940
2025-06-16,0.3,207940
2025-06-17,0.3,207940
2025-06-18,0.3,207940
2025-06-19,0.3,207940
2025-06-20,0.3,207940
2025-06-23,0.3,207940
2025-06-24,0.3,207940
2025-06-25,0.3,207940
2025-06-26,0.3,207940
2025-06-27,0.3,207940
2025-06-30,0.3,207940
2025-07-01,0.3,207940
2025-07-02,0.3,207940
2025-07-03,0.9099999999999999,207940
2025-07-04,0.9099999999999999,207940
2025-07-07,0.9099999999999999,207940
2025-07-08,0.9099999999999999,207940
2025-07-09,0.9099999999999999,207940
2025-07-10,0.9099999999999999,207940
2025-07-11,0.9099999999999999,207940
2025-07-14,0.9099999999999999,207940
2025-07-15,0.9099999999999999,207940
2025-07-16,0.9099999999999999,207940
2025-07-17,1.0,207940
2025-07-18,0.9099999999999999,207940
2025-07-21,0.9099999999999999,207940
2025-07-22,0.9099999999999999,207940
2025-07-23,1.0,207940
2025-07-24,1.0,207940
2025-07-25,1.0,207940
2025-07-28,1.0,207940
2025-07-29,1.0,207940
2025-07-30,1.0,207940
2025-07-31,0.9099999999999999,207940
2025-08-01,0.3,207940
2025-08-04,0.3,207940
2025-08-05,0.3,207940
2025-08-06,0.3,207940
2025-08-07,0.3,207940
2025-08-08,0.3,207940
2025-08-11,0.3,207940
2025-08-12,0.3,207940
2025-08-13,0.3,207940
2025-08-14,0.3,207940
2025-08-18,0.3,207940
2025-08-19,0.3,207940
2025-08-20,0.3,207940
2025-08-21,0.3,207940
2025-08-22,0.3,207940
2025-08-25,0.3,207940
2025-08-26,0.3,207940
2025-08-27,0.3,207940
2025-08-28,0.3,207940
2025-08-29,0.3,207940
2025-09-01,0.3,207940
2025-09-02,0.3,207940
2025-09-03,0.3,207940
2025-09-04,0.3,207940
2025-09-05,0.9099999999999999,207940
2025-09-08,0.9099999999999999,207940
2025-09-09,0.9099999999999999,207940
2025-09-10,0.9099999999999999,207940
2025-09-11,0.9099999999999999,207940
2025-09-12,0.9099999999999999,207940
2025-09-15,0.9099999999999999,207940
2025-09-16,0.9099999999999999,207940
2025-09-17,0.3,207940
2025-09-18,0.9099999999999999,207940
2025-09-19,0.9099999999999999,207940
2025-09-22,0.9099999999999999,207940
2025-09-23,0.9099999999999999,207940
2025-09-24,0.9099999999999999,207940
2025-09-25,0.3,207940
2025-09-26,0.3,207940
2025-09-29,0.3,207940
2025-09-30,0.3,207940
2025-10-01,0.3,207940
2025-10-02,0.3,207940
2025-10-10,0.3,207940
2025-10-13,0.3,207940
2025-10-14,0.9099999999999999,207940
2025-10-15,1.0,207940
2025-10-16,1.0,207940
2025-10-17,1.0,207940
2025-10-20,1.0,207940
2025-10-21,1.0,207940
2025-10-22,1.0,207940
2025-10-23,1.0,207940
2025-10-24,1.0,207940
2025-10-27,1.0,207940
2025-10-28,1.0,207940
2025-10-29,1.0,207940
2025-10-30,1.0,207940
2025-10-31,1.0,207940
2025-05-02,0.15,005380
2025-05-07,0.15,005380
2025-05-08,0.15,005380
2025-05-09,0.15,005380
2025-05-12,0.15,005380
2025-05-13,0.15,005380
2025-05-14,0.15,005380
2025-05-15,0.15,005380
2025-05-16,0.15,005380
2025-05-19,0.15,005380
2025-05-20,0.15,005380
2025-05-21,0.15,005380
2025-05-22,0.15,005380
2025-05-23,0.15,005380
2025-05-26,0.3,005380
2025-05-27,0.3,005380
2025-05-28,0.3,005380
2025-05-29,0.3,005380
2025-05-30,0.3,005380
2025-06-02,0.3,005380
2025-06-04,0.3,005380
2025-06-05,0.9099999999999999,005380
2025-06-09,1.0,005380
2025-06-10,0.9099999999999999,005380
2025-06-11,0.9099999999999999,005380
2025-06-12,0.9099999999999999,005380
2025-06-13,0.9099999999999999,005380
2025-06-16,0.9099999999999999,005380
2025-06-17,1.0,005380
2025-06-18,1.0,005380
2025-06-19,1.0,005380
2025-06-20,1.0,005380
2025-06-23,1.0,005380
2025-06-24,1.0,005380
2025-06-25,1.0,005380
2025-06-26,1.0,005380
2025-06-27,1.0,005380
2025-06-30,1.0,005380
2025-07-01,1.0,005380
2025-07-02,1.0,005380
2025-07-03,1.0,005380
2025-07-04,1.0,005380
2025-07-07,1.0,005380
2025-07-08,1.0,005380
2025-07-09,0.9099999999999999,005380
2025-07-10,0.9099999999999999,005380
2025-07-11,0.3,005380
2025-07-14,1.0,005380
2025-07-15,0.9099999999999999,005380
2025-07-16,0.3,005380
2025-07-17,0.9099999999999999,005380
2025-07-18,0.9099999999999999,005380
2025-07-21,0.3,005380
2025-07-22,0.3,005380
2025-07-23,0.9099999999999999,005380
2025-07-24,0.9099999999999999,005380
2025-07-25,1.0,005380
2025-07-28,1.0,005380
2025-07-29,0.9099999999999999,005380
2025-07-30,0.9099999999999999,005380
2025-07-31,0.9099999999999999,005380
2025-08-01,0.3,005380
2025-08-04,0.3,005380
2025-08-05,0.3,005380
2025-08-06,0.3,005380
2025-08-07,0.3,005380
2025-08-08,0.3,005380
2025-08-11,0.3,005380
2025-08-12,0.3,005380
2025-08-13,0.9099999999999999,005380
2025-08-14,0.9099999999999999,005380
2025-08-18,0.9099999999999999,005380
2025-08-19,0.9099999999999999,005380
2025-08-20,1.0,005380
2025-08-21,0.9099999999999999,005380
2025-08-22,0.9099999999999999,005380
2025-08-25,0.9099999999999999,005380
2025-08-26,0.9099999999999999,005380
2025-08-27,0.9099999999999999,005380
2025-08-28,0.9099999999999999,005380
2025-08-29,0.9099999999999999,005380
2025-09-01,0.9099999999999999,005380
2025-09-02,0.9099999999999999,005380
2025-09-03,1.0,005380
2025-09-04,1.0,005380
2025-09-05,0.9099999999999999,005380
2025-09-08,0.3,005380
2025-09-09,0.3,005380
2025-09-10,0.9099999999999999,005380
2025-09-11,0.9099999999999999,005380
2025-09-12,0.9099999999999999,005380
2025-09-15,0.3,005380
2025-09-16,0.3,005380
2025-09-17,0.3,005380
2025-09-18,0.3,005380
2025-09-19,0.3,005380
2025-09-22,0.3,005380
2025-09-23,0.3,005380
2025-09-24,0.3,005380
2025-09-25,0.3,005380
2025-09-26,0.3,005380
2025-09-29,0.3,005380
2025-09-30,0.3,005380
2025-10-01,0.3,005380
2025-10-02,0.9099999999999999,005380
2025-10-10,0.3,005380
2025-10-13,0.9099999999999999,005380
2025-10-14,0.9099999999999999,005380
2025-10-15,0.9099999999999999,005380
2025-10-16,1.0,005380
2025-10-17,1.0,005380
2025-10-20,1.0,005380
2025-10-21,1.0,005380
2025-10-22,1.0,005380
2025-10-23,1.0,005380
2025-10-24,1.0,005380
2025-10-27,1.0,005380
2025-10-28,1.0,005380
2025-10-29,1.0,005380
2025-10-30,0.8500000000000001,005380
2025-10-31,0.8500000000000001,005380
2025-05-02,0.15,000270
2025-05-07,0.15,000270
2025-05-08,0.15,000270
2025-05-09,0.15,000270
2025-05-12,0.15,000270
2025-05-13,0.15,000270
2025-05-14,0.15,000270
2025-05-15,0.15,000270
2025-05-16,0.15,000270
2025-05-19,0.15,000270
2025-05-20,0.15,000270
2025-05-21,0.15,000270
2025-05-22,0.15,000270
2025-05-23,0.15,000270
2025-05-26,0.3,000270
2025-05-27,0.3,000270
2025-05-28,0.3,000270
2025-05-29,0.3,000270
2025-05-30,0.3,000270
2025-06-02,0.3,000270
2025-06-04,0.3,000270
2025-06-05,1.0,000270
2025-06-09,1.0,000270
2025-06-10,1.0,000270
2025-06-11,0.9099999999999999,000270
2025-06-12,1.0,000270
2025-06-13,1.0,000270
2025-06-16,1.0,000270
2025-06-17,1.0,000270
2025-06-18,1.0,000270
2025-06-19,1.0,000270
2025-06-20,1.0,000270
2025-06-23,1.0,000270
2025-06-24,1.0,000270
2025-06-25,1.0,000270
2025-06-26,1.0,000270
2025-06-27,1.0,000270
2025-06-30,0.9099999999999999,000270
2025-07-01,1.0,000270
2025-07-02,1.0,000270
2025-07-03,1.0,000270
2025-07-04,1.0,000270
2025-07-07,0.9099999999999999,000270
2025-07-08,0.9099999999999999,000270
2025-07-09,0.9099999999999999,000270
2025-07-10,0.9099999999999999,000270
2025-07-11,0.9099999999999999,000270
2025-07-14,1.0,000270
2025-07-15,0.9099999999999999,000270
2025-07-16,0.9099999999999999,000270
2025-07-17,0.9099999999999999,000270
2025-07-18,0.9099999999999999,000270
2025-07-21,0.3,000270
2025-07-22,0.3,000270
2025-07-23,0.9099999999999999,000270
2025-07-24,1.0,000270
2025-07-25,1.0,000270
2025-07-28,1.0,000270
2025-07-29,1.0,000270
2025-07-30,1.0,000270
2025-07-31,0.76,000270
2025-08-01,0.15,000270
2025-08-04,0.76,000270
2025-08-05,0.15,000270
2025-08-06,0.15,000270
2025-08-07,0.15,000270
2025-08-08,0.15,000270
2025-08-11,0.15,000270
2025-08-12,0.3,000270
2025-08-13,0.9099999999999999,000270
2025-08-14,0.9099999999999999,000270
2025-08-18,0.3,000270
2025-08-19,0.9099999999999999,000270
2025-08-20,1.0,000270
2025-08-21,0.9099999999999999,000270
2025-08-22,0.9099999999999999,000270
2025-08-25,0.9099999999999999,000270
2025-08-26,0.3,000270
2025-08-27,0.9099999999999999,000270
2025-08-28,0.9099999999999999,000270
2025-08-29,0.9099999999999999,000270
2025-09-01,1.0,000270
2025-09-02,0.9099999999999999,000270
2025-09-03,1.0,000270
2025-09-04,1.0,000270
2025-09-05,0.9099999999999999,000270
2025-09-08,0.9099999999999999,000270
2025-09-09,0.9099999999999999,000270
2025-09-10,0.9099999999999999,000270
2025-09-11,0.9099999999999999,000270
2025-09-12,0.9099999999999999,000270
2025-09-15,0.3,000270
2025-09-16,0.3,000270
2025-09-17,0.3,000270
2025-09-18,0.3,000270
2025-09-19,0.3,000270
2025-09-22,0.3,000270
2025-09-23,0.3,000270
2025-09-24,0.3,000270
2025-09-25,0.3,000270
2025-09-26,0.3,000270
2025-09-29,0.3,000270
2025-09-30,0.3,000270
2025-10-01,0.3,000270
2025-10-02,0.9099999999999999,000270
2025-10-10,0.3,000270
2025-10-13,0.3,000270
2025-10-14,0.9099999999999999,000270
2025-10-15,0.9099999999999999,000270
2025-10-16,0.9099999999999999,000270
2025-10-17,1.0,000270
2025-10-20,1.0,000270
2025-10-21,1.0,000270
2025-10-22,1.0,000270
2025-10-23,1.0,000270
2025-10-24,1.0,000270
2025-10-27,1.0,000270
2025-10-28,1.0,000270
2025-10-29,1.0,000270
2025-10-30,1.0,000270
2025-10-31,1.0,000270
2025-05-02,0.15,068270
2025-05-07,0.15,068270
2025-05-08,0.15,068270
2025-05-09,0.15,068270
2025-05-12,0.15,068270
2025-05-13,0.15,068270
2025-05-14,0.15,068270
2025-05-15,0.15,068270
2025-05-16,0.15,068270
2025-05-19,0.15,068270
2025-05-20,0.15,068270
2025-05-21,0.15,068270
2025-05-22,0.15,068270
2025-05-23,0.15,068270
2025-05-26,0.3,068270
2025-05-27,0.3,068270
2025-05-28,0.3,068270
2025-05-29,0.3,068270
2025-05-30,0.3,068270
2025-06-02,0.9099999999999999,068270
2025-06-04,0.9099999999999999,068270
2025-06-05,0.9099999999999999,068270
2025-06-09,0.9099999999999999,068270
2025-06-10,1.0,068270
2025-06-11,1.0,068270
2025-06-12,1.0,068270
2025-06-13,1.0,068270
2025-06-16,1.0,068270
2025-06-17,1.0,068270
2025-06-18,1.0,068270
2025-06-19,1.0,068270
2025-06-20,1.0,068270
2025-06-23,1.0,068270
2025-06-24,1.0,068270
2025-06-25,1.0,068270
2025-06-26,1.0,068270
2025-06-27,1.0,068270
2025-06-30,0.3,068270
2025-07-01,0.9099999999999999,068270
2025-07-02,1.0,068270
2025-07-03,1.0,068270
2025-07-04,1.0,068270
2025-07-07,1.0,068270
2025-07-08,1.0,068270
2025-07-09,1.0,068270
2025-07-10,1.0,068270
2025-07-11,1.0,068270
2025-07-14,1.0,068270
2025-07-15,1.0,068270
2025-07-16,1.0,068270
2025-07-17,1.0,068270
2025-07-18,1.0,068270
2025-07-21,1.0,068270
2025-07-22,1.0,068270
2025-07-23,1.0,068270
2025-07-24,1.0,068270
2025-07-25,1.0,068270
2025-07-28,1.0,068270
2025-07-29,1.0,068270
2025-07-30,1.0,068270
2025-07-31,0.9099999999999999,068270
2025-08-01,0.3,068270
2025-08-04,0.3,068270
2025-08-05,0.3,068270
2025-08-06,0.9099999999999999,068270
2025-08-07,0.3,068270
2025-08-08,0.3,068270
2025-08-11,0.3,068270
2025-08-12,0.3,068270
2025-08-13,0.3,068270
2025-08-14,0.3,068270
2025-08-18,0.3,068270
2025-08-19,0.3,068270
2025-08-20,0.3,068270
2025-08-21,0.3,068270
2025-08-22,0.3,068270
2025-08-25,0.3,068270
2025-08-26,0.3,068270
2025-08-27,0.3,068270
2025-08-28,0.3,068270
2025-08-29,0.3,068270
2025-09-01,0.3,068270
2025-09-02,0.3,068270
2025-09-03,0.3,068270
2025-09-04,0.3,068270
2025-09-05,0.3,068270
2025-09-08,0.3,068270
2025-09-09,0.3,068270
2025-09-10,0.3,068270
2025-09-11,0.9099999999999999,068270
2025-09-12,0.9099999999999999,068270
2025-09-15,0.3,068270
2025-09-16,0.3,068270
2025-09-17,0.3,068270
2025-09-18,0.3,068270
2025-09-19,0.9099999999999999,068270
2025-09-22,0.3,068270
2025-09-23,1.0,068270
2025-09-24,0.9099999999999999,068270
2025-09-25,0.9099999999999999,068270
2025-09-26,1.0,068270
2025-09-29,1.0,068270
2025-09-30,0.9099999999999999,068270
2025-10-01,0.9099999999999999,068270
2025-10-02,0.9099999999999999,068270
2025-10-10,0.9099999999999999,068270
2025-10-13,0.3,068270
2025-10-14,0.3,068270
2025-10-15,0.3,068270
2025-10-16,0.9099999999999999,068270
2025-10-17,0.9099999999999999,068270
2025-10-20,0.9099999999999999,068270
2025-10-21,1.0,068270
2025-10-22,1.0,068270
2025-10-23,0.3,068270
2025-10-24,0.3,068270
2025-10-27,1.0,068270
2025-10-28,0.9099999999999999,068270
2025-10-29,0.9099999999999999,068270
2025-10-30,0.3,068270
2025-10-31,0.9099999999999999,068270
2025-05-02,0.15,105560
2025-05-07,0.15,105560
2025-05-08,0.15,105560
2025-05-09,0.15,105560
2025-05-12,0.15,105560
2025-05-13,0.15,105560
2025-05-14,0.15,105560
2025-05-15,0.15,105560
2025-05-16,0.15,105560
2025-05-19,0.15,105560
2025-05-20,0.15,105560
2025-05-21,0.15,105560
2025-05-22,0.15,105560
2025-05-23,0.15,105560
2025-05-26,0.3,105560
2025-05-27,0.3,105560
2025-05-28,0.3,105560
2025-05-29,0.3,105560
2025-05-30,0.3,105560
2025-06-02,0.9099999999999999,105560
2025-06-04,1.0,105560
2025-06-05,1.0,105560
2025-06-09,1.0,105560
2025-06-10,1.0,105560
2025-06-11,1.0,105560
2025-06-12,1.0,105560
2025-06-13,1.0,105560
2025-06-16,1.0,105560
2025-06-17,1.0,105560
2025-06-18,1.0,105560
2025-06-19,1.0,105560
2025-06-20,1.0,105560
2025-06-23,1.0,105560
2025-06-24,1.0,105560
2025-06-25,1.0,105560
2025-06-26,1.0,105560
2025-06-27,1.0,105560
2025-06-30,1.0,105560
2025-07-01,1.0,105560
2025-07-02,1.0,105560
2025-07-03,1.0,105560
2025-07-04,1.0,105560
2025-07-07,0.9099999999999999,105560
2025-07-08,1.0,105560
2025-07-09,1.0,105560
2025-07-10,1.0,105560
2025-07-11,1.0,105560
2025-07-14,1.0,105560
2025-07-15,1.0,105560
2025-07-16,1.0,105560
2025-07-17,1.0,105560
2025-07-18,0.3,105560
2025-07-21,1.0,105560
2025-07-22,0.3,105560
2025-07-23,1.0,105560
2025-07-24,1.0,105560
2025-07-25,1.0,105560
2025-07-28,0.3,105560
2025-07-29,0.3,105560
2025-07-30,0.3,105560
2025-07-31,0.3,105560
2025-08-01,0.15,105560
2025-08-04,0.3,105560
2025-08-05,0.3,105560
2025-08-06,0.9099999999999999,105560
2025-08-07,0.9099999999999999,105560
2025-08-08,0.3,105560
2025-08-11,0.3,105560
2025-08-12,0.9099999999999999,105560
2025-08-13,0.9099999999999999,105560
2025-08-14,0.3,105560
2025-08-18,0.3,105560
2025-08-19,0.3,105560
2025-08-20,0.3,105560
2025-08-21,0.3,105560
2025-08-22,0.3,105560
2025-08-25,0.3,105560
2025-08-26,0.3,105560
2025-08-27,0.3,105560
2025-08-28,0.3,105560
2025-08-29,0.3,105560
2025-09-01,0.3,105560
2025-09-02,0.3,105560
2025-09-03,0.3,105560
2025-09-04,0.3,105560
2025-09-05,0.3,105560
2025-09-08,0.3,105560
2025-09-09,0.9099999999999999,105560
2025-09-10,0.9099999999999999,105560
2025-09-11,0.9099999999999999,105560
2025-09-12,1.0,105560
2025-09-15,1.0,105560
2025-09-16,1.0,105560
2025-09-17,1.0,105560
2025-09-18,1.0,105560
2025-09-19,1.0,105560
2025-09-22,1.0,105560
2025-09-23,1.0,105560
2025-09-24,1.0,105560
2025-09-25,0.9099999999999999,105560
2025-09-26,0.3,105560
2025-09-29,1.0,105560
2025-09-30,1.0,105560
2025-10-01,1.0,105560
2025-10-02,1.0,105560
2025-10-10,0.3,105560
2025-10-13,0.3,105560
2025-10-14,0.3,105560
2025-10-15,0.3,105560
2025-10-16,0.3,105560
2025-10-17,0.3,105560
2025-10-20,0.9099999999999999,105560
2025-10-21,0.9099999999999999,105560
2025-10-22,0.9099999999999999,105560
2025-10-23,0.3,105560
2025-10-24,0.3,105560
2025-10-27,0.9099999999999999,105560
2025-10-28,0.9099999999999999,105560
2025-10-29,0.9099999999999999,105560
2025-10-30,0.9099999999999999,105560
2025-10-31,0.9099999999999999,105560
2025-05-02,0.15,005490
2025-05-07,0.15,005490
2025-05-08,0.15,005490
2025-05-09,0.15,005490
2025-05-12,0.15,005490
2025-05-13,0.15,005490
2025-05-14,0.15,005490
2025-05-15,0.15,005490
2025-05-16,0.15,005490
2025-05-19,0.15,005490
2025-05-20,0.15,005490
2025-05-21,0.15,005490
2025-05-22,0.15,005490
2025-05-23,0.15,005490
2025-05-26,0.3,005490
2025-05-27,0.3,005490
2025-05-28,0.3,005490
2025-05-29,0.3,005490
2025-05-30,0.3,005490
2025-06-02,0.3,005490
2025-06-04,0.3,005490
2025-06-05,0.9099999999999999,005490
2025-06-09,0.9099999999999999,005490
2025-06-10,0.9099999999999999,005490
2025-06-11,0.9099999999999999,005490
2025-06-12,0.9099999999999999,005490
2025-06-13,0.9099999999999999,005490
2025-06-16,0.9099999999999999,005490
2025-06-17,0.9099999999999999,005490
2025-06-18,1.0,005490
2025-06-19,1.0,005490
2025-06-20,1.0,005490
2025-06-23,0.3,005490
2025-06-24,1.0,005490
2025-06-25,1.0,005490
2025-06-26,1.0,005490
2025-06-27,0.9099999999999999,005490
2025-06-30,0.9099999999999999,005490
2025-07-01,1.0,005490
2025-07-02,1.0,005490
2025-07-03,1.0,005490
2025-07-04,1.0,005490
2025-07-07,0.8500000000000001,005490
2025-07-08,0.8500000000000001,005490
2025-07-09,0.8500000000000001,005490
2025-07-10,0.8500000000000001,005490
2025-07-11,0.8500000000000001,005490
2025-07-14,0.8500000000000001,005490
2025-07-15,0.8500000000000001,005490
2025-07-16,0.8500000000000001,005490
2025-07-17,0.8500000000000001,005490
2025-07-18,0.8500000000000001,005490
2025-07-21,0.8500000000000001,005490
2025-07-22,0.8500000000000001,005490
2025-07-23,1.0,005490
2025-07-24,1.0,005490
2025-07-25,1.0,005490
2025-07-28,1.0,005490
2025-07-29,0.15,005490
2025-07-30,0.15,005490
2025-07-31,0.15,005490
2025-08-01,0.15,005490
2025-08-04,0.15,005490
2025-08-05,0.15,005490
2025-08-06,0.15,005490
2025-08-07,0.15,005490
2025-08-08,0.3,005490
2025-08-11,0.3,005490
2025-08-12,0.3,005490
2025-08-13,0.3,005490
2025-08-14,0.3,005490
2025-08-18,0.3,005490
2025-08-19,0.3,005490
2025-08-20,0.3,005490
2025-08-21,0.3,005490
2025-08-22,0.3,005490
2025-08-25,0.9099999999999999,005490
2025-08-26,0.3,005490
2025-08-27,0.3,005490
2025-08-28,0.3,005490
2025-08-29,0.3,005490
2025-09-01,0.3,005490
2025-09-02,0.3,005490
2025-09-03,0.3,005490
2025-09-04,0.3,005490
2025-09-05,0.3,005490
2025-09-08,0.3,005490
2025-09-09,0.3,005490
2025-09-10,0.3,005490
2025-09-11,0.3,005490
2025-09-12,0.3,005490
2025-09-15,0.3,005490
2025-09-16,0.3,005490
2025-09-17,0.3,005490
2025-09-18,0.3,005490
2025-09-19,0.3,005490
2025-09-22,0.3,005490
2025-09-23,0.3,005490
2025-09-24,0.3,005490
2025-09-25,0.3,005490
2025-09-26,0.3,005490
2025-09-29,0.3,005490
2025-09-30,0.3,005490
2025-10-01,0.3,005490
2025-10-02,0.3,005490
2025-10-10,0.3,005490
2025-10-13,0.3,005490
2025-10-14,0.3,005490
2025-10-15,0.3,005490
2025-10-16,0.9099999999999999,005490
2025-10-17,0.9099999999999999,005490
2025-10-20,0.9099999999999999,005490
2025-10-21,0.9099999999999999,005490
2025-10-22,1.0,005490
2025-10-23,1.0,005490
2025-10-24,1.0,005490
2025-10-27,1.0,005490
2025-10-28,1.0,005490
2025-10-29,1.0,005490
2025-10-30,1.0,005490
2025-10-31,1.0,005490
2025-05-02,0.15,035420
2025-05-07,0.15,035420
2025-05-08,0.15,035420
2025-05-09,0.15,035420
2025-05-12,0.15,035420
2025-05-13,0.15,035420
2025-05-14,0.15,035420
2025-05-15,0.15,035420
2025-05-16,0.15,035420
2025-05-19,0.15,035420
2025-05-20,0.15,035420
2025-05-21,0.15,035420
2025-05-22,0.15,035420
2025-05-23,0.15,035420
2025-05-26,0.3,035420
2025-05-27,0.3,035420
2025-05-28,0.3,035420
2025-05-29,0.3,035420
2025-05-30,0.3,035420
2025-06-02,0.3,035420
2025-06-04,0.3,035420
2025-06-05,0.9099999999999999,035420
2025-06-09,1.0,035420
2025-06-10,0.9099999999999999,035420
2025-06-11,1.0,035420
2025-06-12,1.0,035420
2025-06-13,0.9099999999999999,035420
2025-06-16,1.0,035420
2025-06-17,1.0,035420
2025-06-18,1.0,035420
2025-06-19,1.0,035420
2025-06-20,1.0,035420
2025-06-23,0.8500000000000001,035420
2025-06-24,0.8500000000000001,035420
2025-06-25,0.8500000000000001,035420
2025-06-26,0.8500000000000001,035420
2025-06-27,0.8500000000000001,035420
2025-06-30,0.8500000000000001,035420
2025-07-01,0.8500000000000001,035420
2025-07-02,0.8500000000000001,035420
2025-07-03,0.8500000000000001,035420
2025-07-04,0.8500000000000001,035420
2025-07-07,0.8500000000000001,035420
2025-07-08,0.8500000000000001,035420
2025-07-09,0.8500000000000001,035420
2025-07-10,0.8500000000000001,035420
2025-07-11,0.15,035420
2025-07-14,0.15,035420
2025-07-15,0.15,035420
2025-07-16,0.3,035420
2025-07-17,0.15,035420
2025-07-18,0.3,035420
2025-07-21,0.3,035420
2025-07-22,0.3,035420
2025-07-23,0.3,035420
2025-07-24,0.3,035420
2025-07-25,0.3,035420
2025-07-28,0.3,035420
2025-07-29,0.3,035420
2025-07-30,0.3,035420
2025-07-31,0.3,035420
2025-08-01,0.3,035420
2025-08-04,0.3,035420
2025-08-05,0.3,035420
2025-08-06,0.3,035420
2025-08-07,0.3,035420
2025-08-08,0.3,035420
2025-08-11,0.3,035420
2025-08-12,0.3,035420
2025-08-13,0.3,035420
2025-08-14,0.3,035420
2025-08-18,0.3,035420
2025-08-19,0.3,035420
2025-08-20,0.3,035420
2025-08-21,0.3,035420
2025-08-22,0.3,035420
2025-08-25,0.3,035420
2025-08-26,0.3,035420
2025-08-27,0.3,035420
2025-08-28,0.3,035420
2025-08-29,0.3,035420
2025-09-01,0.3,035420
2025-09-02,0.9099999999999999,035420
2025-09-03,0.3,035420
2025-09-04,0.9099999999999999,035420
2025-09-05,0.9099999999999999,035420
2025-09-08,0.9099999999999999,035420
2025-09-09,0.9099999999999999,035420
2025-09-10,0.9099999999999999,035420
2025-09-11,0.9099999999999999,035420
2025-09-12,1.0,035420
2025-09-15,0.9099999999999999,035420
2025-09-16,0.9099999999999999,035420
2025-09-17,1.0,035420
2025-09-18,1.0,035420
2025-09-19,1.0,035420
2025-09-22,0.9099999999999999,035420
2025-09-23,0.9099999999999999,035420
2025-09-24,0.3,035420
2025-09-25,1.0,035420
2025-09-26,1.0,035420
2025-09-29,1.0,035420
2025-09-30,1.0,035420
2025-10-01,0.8500000000000001,035420
2025-10-02,0.8500000000000001,035420
2025-10-10,0.8500000000000001,035420
2025-10-13,0.8500000000000001,035420
2025-10-14,0.8500000000000001,035420
2025-10-15,0.8500000000000001,035420
2025-10-16,0.8500000000000001,035420
2025-10-17,0.8500000000000001,035420
2025-10-20,0.8500000000000001,035420
2025-10-21,0.8500000000000001,035420
2025-10-22,0.8500000000000001,035420
2025-10-23,0.15,035420
2025-10-24,0.15,035420
2025-10-27,0.15,035420
2025-10-28,0.15,035420
2025-10-29,0.8500000000000001,035420
2025-10-30,0.3,035420
2025-10-31,0.76,035420
2025-05-02,0.15,006400
2025-05-07,0.15,006400
2025-05-08,0.15,006400
2025-05-09,0.15,006400
2025-05-12,0.15,006400
2025-05-13,0.15,006400
2025-05-14,0.15,006400
2025-05-15,0.15,006400
2025-05-16,0.15,006400
2025-05-19,0.15,006400
2025-05-20,0.15,006400
2025-05-21,0.15,006400
2025-05-22,0.15,006400
2025-05-23,0.15,006400
2025-05-26,0.3,006400
2025-05-27,0.3,006400
2025-05-28,0.3,006400
2025-05-29,0.15,006400
2025-05-30,0.15,006400
2025-06-02,0.76,006400
2025-06-04,0.76,006400
2025-06-05,0.76,006400
2025-06-09,0.76,006400
2025-06-10,0.76,006400
2025-06-11,0.9099999999999999,006400
2025-06-12,0.9099999999999999,006400
2025-06-13,0.9099999999999999,006400
2025-06-16,0.9099999999999999,006400
2025-06-17,0.9099999999999999,006400
2025-06-18,0.9099999999999999,006400
2025-06-19,0.3,006400
2025-06-20,1.0,006400
2025-06-23,0.3,006400
2025-06-24,1.0,006400
2025-06-25,1.0,006400
2025-06-26,1.0,006400
2025-06-27,0.3,006400
2025-06-30,0.9099999999999999,006400
2025-07-01,1.0,006400
2025-07-02,0.9099999999999999,006400
2025-07-03,1.0,006400
2025-07-04,0.9099999999999999,006400
2025-07-07,0.9099999999999999,006400
2025-07-08,0.9099999999999999,006400
2025-07-09,0.15,006400
2025-07-10,0.3,006400
2025-07-11,0.9099999999999999,006400
2025-07-14,1.0,006400
2025-07-15,1.0,006400
2025-07-16,0.9099999999999999,006400
2025-07-17,1.0,006400
2025-07-18,0.9099999999999999,006400
2025-07-21,1.0,006400
2025-07-22,0.9099999999999999,006400
2025-07-23,1.0,006400
2025-07-24,1.0,006400
2025-07-25,1.0,006400
2025-07-28,1.0,006400
2025-07-29,1.0,006400
2025-07-30,1.0,006400
2025-07-31,1.0,006400
2025-08-01,0.76,006400
2025-08-04,0.8500000000000001,006400
2025-08-05,0.8500000000000001,006400
2025-08-06,0.8500000000000001,006400
2025-08-07,0.8500000000000001,006400
2025-08-08,0.8500000000000001,006400
2025-08-11,0.8500000000000001,006400
2025-08-12,0.8500000000000001,006400
2025-08-13,0.8500000000000001,006400
2025-08-14,0.8500000000000001,006400
2025-08-18,0.8500000000000001,006400
2025-08-19,0.8500000000000001,006400
2025-08-20,0.8500000000000001,006400
2025-08-21,0.8500000000000001,006400
2025-08-22,0.8500000000000001,006400
2025-08-25,0.8500000000000001,006400
2025-08-26,1.0,006400
2025-08-27,1.0,006400
2025-08-28,0.9099999999999999,006400
2025-08-29,0.3,006400
2025-09-01,0.3,006400
2025-09-02,0.3,006400
2025-09-03,0.3,006400
2025-09-04,0.3,006400
2025-09-05,0.3,006400
2025-09-08,0.3,006400
2025-09-09,0.3,006400
2025-09-10,0.3,006400
2025-09-11,0.3,006400
2025-09-12,0.3,006400
2025-09-15,0.3,006400
2025-09-16,0.3,006400
2025-09-17,0.3,006400
2025-09-18,0.9099999999999999,006400
2025-09-19,0.3,006400
2025-09-22,0.9099999999999999,006400
2025-09-23,0.9099999999999999,006400
2025-09-24,0.9099999999999999,006400
2025-09-25,0.9099999999999999,006400
2025-09-26,0.3,006400
2025-09-29,0.9099999999999999,006400
2025-09-30,0.9099999999999999,006400
2025-10-01,0.9099999999999999,006400
2025-10-02,0.9099999999999999,006400
2025-10-10,0.9099999999999999,006400
2025-10-13,1.0,006400
2025-10-14,1.0,006400
2025-10-15,1.0,006400
2025-10-16,1.0,006400
2025-10-17,1.0,006400
2025-10-20,1.0,006400
2025-10-21,1.0,006400
2025-10-22,1.0,006400
2025-10-23,1.0,006400
2025-10-24,0.8500000000000001,006400
2025-10-27,0.8500000000000001,006400
2025-10-28,0.8500000000000001,006400
2025-10-29,0.8500000000000001,006400
2025-10-30,0.8500000000000001,006400
2025-10-31,0.8500000000000001,006400
2025-05-02,0.15,051910
2025-05-07,0.15,051910
2025-05-08,0.15,051910
2025-05-09,0.15,051910
2025-05-12,0.15,051910
2025-05-13,0.15,051910
2025-05-14,0.15,051910
2025-05-15,0.15,051910
2025-05-16,0.15,051910
2025-05-19,0.15,051910
2025-05-20,0.15,051910
2025-05-21,0.15,051910
2025-05-22,0.15,051910
2025-05-23,0.15,051910
2025-05-26,0.3,051910
2025-05-27,0.3,051910
2025-05-28,0.3,051910
2025-05-29,0.3,051910
2025-05-30,0.3,051910
2025-06-02,0.3,051910
2025-06-04,0.9099999999999999,051910
2025-06-05,0.9099999999999999,051910
2025-06-09,0.9099999999999999,051910
2025-06-10,0.9099999999999999,051910
2025-06-11,0.9099999999999999,051910
2025-06-12,0.9099999999999999,051910
2025-06-13,0.9099999999999999,051910
2025-06-16,0.9099999999999999,051910
2025-06-17,1.0,051910
2025-06-18,1.0,051910
2025-06-19,1.0,051910
2025-06-20,1.0,051910
2025-06-23,1.0,051910
2025-06-24,1.0,051910
2025-06-25,1.0,051910
2025-06-26,1.0,051910
2025-06-27,1.0,051910
2025-06-30,1.0,051910
2025-07-01,1.0,051910
2025-07-02,1.0,051910
2025-07-03,0.8500000000000001,051910
2025-07-04,0.8500000000000001,051910
2025-07-07,0.8500000000000001,051910
2025-07-08,0.8500000000000001,051910
2025-07-09,0.8500000000000001,051910
2025-07-10,0.8500000000000001,051910
2025-07-11,0.8500000000000001,051910
2025-07-14,0.8500000000000001,051910
2025-07-15,0.8500000000000001,051910
2025-07-16,0.8500000000000001,051910
2025-07-17,0.8500000000000001,051910
2025-07-18,0.8500000000000001,051910
2025-07-21,0.8500000000000001,051910
2025-07-22,0.8500000000000001,051910
2025-07-23,0.8500000000000001,051910
2025-07-24,1.0,051910
2025-07-25,1.0,051910
2025-07-28,1.0,051910
2025-07-29,1.0,051910
2025-07-30,1.0,051910
2025-07-31,0.8500000000000001,051910
2025-08-01,0.8500000000000001,051910
2025-08-04,0.8500000000000001,051910
2025-08-05,0.8500000000000001,051910
2025-08-06,0.8500000000000001,051910
2025-08-07,0.8500000000000001,051910
2025-08-08,0.15,051910
2025-08-11,0.15,051910
2025-08-12,0.15,051910
2025-08-13,0.15,051910
2025-08-14,0.15,051910
2025-08-18,0.15,051910
2025-08-19,0.15,051910
2025-08-20,0.15,051910
2025-08-21,0.9099999999999999,051910
2025-08-22,0.3,051910
2025-08-25,0.9099999999999999,051910
2025-08-26,0.9099999999999999,051910
2025-08-27,0.3,051910
2025-08-28,0.3,051910
2025-08-29,0.3,051910
2025-09-01,0.3,051910
2025-09-02,0.3,051910
2025-09-03,0.3,051910
2025-09-04,0.3,051910
2025-09-05,0.3,051910
2025-09-08,0.3,051910
2025-09-09,1.0,051910
2025-09-10,0.9099999999999999,051910
2025-09-11,0.9099999999999999,051910
2025-09-12,0.9099999999999999,051910
2025-09-15,1.0,051910
2025-09-16,0.9099999999999999,051910
2025-09-17,0.9099999999999999,051910
2025-09-18,0.9099999999999999,051910
2025-09-19,0.9099999999999999,051910
2025-09-22,0.9099999999999999,051910
2025-09-23,0.9099999999999999,051910
2025-09-24,0.9099999999999999,051910
2025-09-25,0.9099999999999999,051910
2025-09-26,0.3,051910
2025-09-29,0.3,051910
2025-09-30,0.3,051910
2025-10-01,0.3,051910
2025-10-02,0.3,051910
2025-10-10,0.3,051910
2025-10-13,0.3,051910
2025-10-14,0.9099999999999999,051910
2025-10-15,0.9099999999999999,051910
2025-10-16,1.0,051910
2025-10-17,1.0,051910
2025-10-20,1.0,051910
2025-10-21,1.0,051910
2025-10-22,0.8500000000000001,051910
2025-10-23,0.8500000000000001,051910
2025-10-24,0.8500000000000001,051910
2025-10-27,0.8500000000000001,051910
2025-10-28,0.8500000000000001,051910
2025-10-29,0.8500000000000001,051910
2025-10-30,0.8500000000000001,051910
2025-10-31,0.8500000000000001,051910
2025-05-02,0.15,003550
2025-05-07,0.15,003550
2025-05-08,0.15,003550
2025-05-09,0.15,003550
2025-05-12,0.15,003550
2025-05-13,0.15,003550
2025-05-14,0.15,003550
2025-05-15,0.15,003550
2025-05-16,0.15,003550
2025-05-19,0.15,003550
2025-05-20,0.15,003550
2025-05-21,0.15,003550
2025-05-22,0.15,003550
2025-05-23,0.15,003550
2025-05-26,0.3,003550
2025-05-27,0.3,003550
2025-05-28,0.3,003550
2025-05-29,0.3,003550
2025-05-30,0.3,003550
2025-06-02,0.9099999999999999,003550
2025-06-04,1.0,003550
2025-06-05,1.0,003550
2025-06-09,1.0,003550
2025-06-10,1.0,003550
2025-06-11,1.0,003550
2025-06-12,1.0,003550
2025-06-13,1.0,003550
2025-06-16,1.0,003550
2025-06-17,1.0,003550
2025-06-18,1.0,003550
2025-06-19,1.0,003550
2025-06-20,1.0,003550
2025-06-23,1.0,003550
2025-06-24,0.8500000000000001,003550
2025-06-25,0.8500000000000001,003550
2025-06-26,0.8500000000000001,003550
2025-06-27,0.8500000000000001,003550
2025-06-30,0.8500000000000001,003550
2025-07-01,0.8500000000000001,003550
2025-07-02,0.8500000000000001,003550
2025-07-03,0.8500000000000001,003550
2025-07-04,0.8500000000000001,003550
2025-07-07,0.8500000000000001,003550
2025-07-08,0.15,003550
2025-07-09,0.8500000000000001,003550
2025-07-10,0.8500000000000001,003550
2025-07-11,0.8500000000000001,003550
2025-07-14,1.0,003550
2025-07-15,1.0,003550
2025-07-16,1.0,003550
2025-07-17,1.0,003550
2025-07-18,0.3,003550
2025-07-21,0.3,003550
2025-07-22,0.3,003550
2025-07-23,0.3,003550
2025-07-24,0.3,003550
2025-07-25,0.3,003550
2025-07-28,0.3,003550
2025-07-29,0.3,003550
2025-07-30,0.3,003550
2025-07-31,0.3,003550
2025-08-01,0.3,003550
2025-08-04,0.3,003550
2025-08-05,0.3,003550
2025-08-06,0.3,003550
2025-08-07,0.3,003550
2025-08-08,0.3,003550
2025-08-11,0.3,003550
2025-08-12,0.3,003550
2025-08-13,0.3,003550
2025-08-14,0.3,003550
2025-08-18,0.3,003550
2025-08-19,0.3,003550
2025-08-20,0.3,003550
2025-08-21,0.3,003550
2025-08-22,0.3,003550
2025-08-25,0.3,003550
2025-08-26,0.3,003550
2025-08-27,0.3,003550
2025-08-28,0.9099999999999999,003550
2025-08-29,0.3,003550
2025-09-01,0.9099999999999999,003550
2025-09-02,0.9099999999999999,003550
2025-09-03,0.9099999999999999,003550
2025-09-04,0.9099999999999999,003550
2025-09-05,0.9099999999999999,003550
2025-09-08,0.9099999999999999,003550
2025-09-09,0.9099999999999999,003550
2025-09-10,0.9099999999999999,003550
2025-09-11,0.9099999999999999,003550
2025-09-12,0.9099999999999999,003550
2025-09-15,1.0,003550
2025-09-16,0.9099999999999999,003550
2025-09-17,0.9099999999999999,003550
2025-09-18,1.0,003550
2025-09-19,0.3,003550
2025-09-22,0.9099999999999999,003550
2025-09-23,0.3,003550
2025-09-24,0.3,003550
2025-09-25,0.3,003550
2025-09-26,0.3,003550
2025-09-29,0.3,003550
2025-09-30,0.3,003550
2025-10-01,0.3,003550
2025-10-02,0.3,003550
2025-10-10,0.3,003550
2025-10-13,0.3,003550
2025-10-14,0.3,003550
2025-10-15,0.3,003550
2025-10-16,0.9099999999999999,003550
2025-10-17,0.3,003550
2025-10-20,0.9099999999999999,003550
2025-10-21,0.9099999999999999,003550
2025-10-22,1.0,003550
2025-10-23,0.9099999999999999,003550
2025-10-24,1.0,003550
2025-10-27,1.0,003550
2025-10-28,1.0,003550
2025-10-29,1.0,003550
2025-10-30,1.0,003550
2025-10-31,1.0,003550
2025-05-02,0.15,000810
2025-05-07,0.15,000810
2025-05-08,0.15,000810
2025-05-09,0.15,000810
2025-05-12,0.15,000810
2025-05-13,0.15,000810
2025-05-14,0.15,000810
2025-05-15,0.15,000810
2025-05-16,0.15,000810
2025-05-19,0.15,000810
2025-05-20,0.15,000810
2025-05-21,0.15,000810
2025-05-22,0.15,000810
2025-05-23,0.15,000810
2025-05-26,0.3,000810
2025-05-27,0.3,000810
2025-05-28,0.3,000810
2025-05-29,0.3,000810
2025-05-30,0.3,000810
2025-06-02,0.9099999999999999,000810
2025-06-04,1.0,000810
2025-06-05,1.0,000810
2025-06-09,1.0,000810
2025-06-10,1.0,000810
2025-06-11,0.8500000000000001,000810
2025-06-12,0.8500000000000001,000810
2025-06-13,0.8500000000000001,000810
2025-06-16,1.0,000810
2025-06-17,1.0,000810
2025-06-18,0.8500000000000001,000810
2025-06-19,0.8500000000000001,000810
2025-06-20,0.8500000000000001,000810
2025-06-23,0.8500000000000001,000810
2025-06-24,0.8500000000000001,000810
2025-06-25,1.0,000810
2025-06-26,1.0,000810
2025-06-27,1.0,000810
2025-06-30,1.0,000810
2025-07-01,1.0,000810
2025-07-02,1.0,000810
2025-07-03,0.9099999999999999,000810
2025-07-04,0.3,000810
2025-07-07,0.9099999999999999,000810
2025-07-08,1.0,000810
2025-07-09,1.0,000810
2025-07-10,1.0,000810
2025-07-11,1.0,000810
2025-07-14,1.0,000810
2025-07-15,1.0,000810
2025-07-16,0.8500000000000001,000810
2025-07-17,0.8500000000000001,000810
2025-07-18,0.8500000000000001,000810
2025-07-21,0.8500000000000001,000810
2025-07-22,0.76,000810
2025-07-23,0.8500000000000001,000810
2025-07-24,0.15,000810
2025-07-25,0.15,000810
2025-07-28,0.15,000810
2025-07-29,0.15,000810
2025-07-30,0.15,000810
2025-07-31,0.15,000810
2025-08-01,0.3,000810
2025-08-04,0.3,000810
2025-08-05,0.3,000810
2025-08-06,0.3,000810
2025-08-07,0.3,000810
2025-08-08,0.3,000810
2025-08-11,0.3,000810
2025-08-12,0.3,000810
2025-08-13,0.3,000810
2025-08-14,0.3,000810
2025-08-18,0.3,000810
2025-08-19,0.9099999999999999,000810
2025-08-20,0.3,000810
2025-08-21,0.9099999999999999,000810
2025-08-22,0.9099999999999999,000810
2025-08-25,0.9099999999999999,000810
2025-08-26,0.3,000810
2025-08-27,0.9099999999999999,000810
2025-08-28,0.9099999999999999,000810
2025-08-29,0.9099999999999999,000810
2025-09-01,1.0,000810
2025-09-02,1.0,000810
2025-09-03,1.0,000810
2025-09-04,0.9099999999999999,000810
2025-09-05,0.9099999999999999,000810
2025-09-08,1.0,000810
2025-09-09,1.0,000810
2025-09-10,1.0,000810
2025-09-11,1.0,000810
2025-09-12,1.0,000810
2025-09-15,1.0,000810
2025-09-16,0.9099999999999999,000810
2025-09-17,0.3,000810
2025-09-18,0.3,000810
2025-09-19,0.3,000810
2025-09-22,0.9099999999999999,000810
2025-09-23,1.0,000810
2025-09-24,0.3,000810
2025-09-25,0.3,000810
2025-09-26,0.3,000810
2025-09-29,0.9099999999999999,000810
2025-09-30,0.3,000810
2025-10-01,0.3,000810
2025-10-02,0.3,000810
2025-10-10,0.3,000810
2025-10-13,0.3,000810
2025-10-14,0.3,000810
2025-10-15,0.3,000810
2025-10-16,0.3,000810
2025-10-17,0.3,000810
2025-10-20,0.3,000810
2025-10-21,0.9099999999999999,000810
2025-10-22,0.9099999999999999,000810
2025-10-23,0.9099999999999999,000810
2025-10-24,0.9099999999999999,000810
2025-10-27,0.9099999999999999,000810
2025-10-28,0.3,000810
2025-10-29,0.3,000810
2025-10-30,0.3,000810
2025-10-31,0.3,000810
2025-05-02,0.15,055550
2025-05-07,0.15,055550
2025-05-08,0.15,055550
2025-05-09,0.15,055550
2025-05-12,0.15,055550
2025-05-13,0.15,055550
2025-05-14,0.15,055550
2025-05-15,0.15,055550
2025-05-16,0.15,055550
2025-05-19,0.15,055550
2025-05-20,0.15,055550
2025-05-21,0.15,055550
2025-05-22,0.15,055550
2025-05-23,0.15,055550
2025-05-26,0.3,055550
2025-05-27,0.3,055550
2025-05-28,0.3,055550
2025-05-29,0.3,055550
2025-05-30,0.3,055550
2025-06-02,0.9099999999999999,055550
2025-06-04,1.0,055550
2025-06-05,1.0,055550
2025-06-09,1.0,055550
2025-06-10,1.0,055550
2025-06-11,1.0,055550
2025-06-12,1.0,055550
2025-06-13,1.0,055550
2025-06-16,1.0,055550
2025-06-17,1.0,055550
2025-06-18,1.0,055550
2025-06-19,1.0,055550
2025-06-20,1.0,055550
2025-06-23,1.0,055550
2025-06-24,1.0,055550
2025-06-25,1.0,055550
2025-06-26,1.0,055550
2025-06-27,1.0,055550
2025-06-30,1.0,055550
2025-07-01,1.0,055550
2025-07-02,1.0,055550
2025-07-03,1.0,055550
2025-07-04,1.0,055550
2025-07-07,1.0,055550
2025-07-08,1.0,055550
2025-07-09,1.0,055550
2025-07-10,1.0,055550
2025-07-11,1.0,055550
2025-07-14,1.0,055550
2025-07-15,1.0,055550
2025-07-16,1.0,055550
2025-07-17,1.0,055550
2025-07-18,1.0,055550
2025-07-21,1.0,055550
2025-07-22,1.0,055550
2025-07-23,1.0,055550
2025-07-24,1.0,055550
2025-07-25,1.0,055550
2025-07-28,0.3,055550
2025-07-29,1.0,055550
2025-07-30,1.0,055550
2025-07-31,0.3,055550
2025-08-01,0.3,055550
2025-08-04,0.3,055550
2025-08-05,0.3,055550
2025-08-06,0.3,055550
2025-08-07,0.9099999999999999,055550
2025-08-08,0.9099999999999999,055550
2025-08-11,0.9099999999999999,055550
2025-08-12,0.9099999999999999,055550
2025-08-13,0.9099999999999999,055550
2025-08-14,0.9099999999999999,055550
2025-08-18,0.3,055550
2025-08-19,0.3,055550
2025-08-20,0.3,055550
2025-08-21,0.3,055550
2025-08-22,0.3,055550
2025-08-25,0.3,055550
2025-08-26,0.3,055550
2025-08-27,0.3,055550
2025-08-28,0.3,055550
2025-08-29,0.3,055550
2025-09-01,0.3,055550
2025-09-02,0.3,055550
2025-09-03,0.3,055550
2025-09-04,0.3,055550
2025-09-05,0.3,055550
2025-09-08,0.3,055550
2025-09-09,0.3,055550
2025-09-10,0.9099999999999999,055550
2025-09-11,0.9099999999999999,055550
2025-09-12,0.9099999999999999,055550
2025-09-15,0.9099999999999999,055550
2025-09-16,1.0,055550
2025-09-17,0.9099999999999999,055550
2025-09-18,0.9099999999999999,055550
2025-09-19,0.9099999999999999,055550
2025-09-22,0.9099999999999999,055550
2025-09-23,1.0,055550
2025-09-24,1.0,055550
2025-09-25,1.0,055550
2025-09-26,1.0,055550
2025-09-29,1.0,055550
2025-09-30,1.0,055550
2025-10-01,1.0,055550
2025-10-02,1.0,055550
2025-10-10,1.0,055550
2025-10-13,1.0,055550
2025-10-14,0.3,055550
2025-10-15,1.0,055550
2025-10-16,1.0,055550
2025-10-17,1.0,055550
2025-10-20,1.0,055550
2025-10-21,0.9099999999999999,055550
2025-10-22,1.0,055550
2025-10-23,1.0,055550
2025-10-24,1.0,055550
2025-10-27,1.0,055550
2025-10-28,1.0,055550
2025-10-29,1.0,055550
2025-10-30,1.0,055550
2025-10-31,1.0,055550
2025-05-02,0.15,015760
2025-05-07,0.15,015760
2025-05-08,0.15,015760
2025-05-09,0.15,015760
2025-05-12,0.15,015760
2025-05-13,0.15,015760
2025-05-14,0.15,015760
2025-05-15,0.15,015760
2025-05-16,0.15,015760
2025-05-19,0.15,015760
2025-05-20,0.15,015760
2025-05-21,0.15,015760
2025-05-22,0.15,015760
2025-05-23,0.15,015760
2025-05-26,0.3,015760
2025-05-27,0.3,015760
2025-05-28,0.3,015760
2025-05-29,0.3,015760
2025-05-30,0.3,015760
2025-06-02,0.9099999999999999,015760
2025-06-04,0.8500000000000001,015760
2025-06-05,0.8500000000000001,015760
2025-06-09,0.8500000000000001,015760
2025-06-10,0.15,015760
2025-06-11,0.15,015760
2025-06-12,0.15,015760
2025-06-13,0.15,015760
2025-06-16,0.15,015760
2025-06-17,0.15,015760
2025-06-18,0.15,015760
2025-06-19,0.15,015760
2025-06-20,0.15,015760
2025-06-23,0.15,015760
2025-06-24,0.8500000000000001,015760
2025-06-25,0.8500000000000001,015760
2025-06-26,0.8500000000000001,015760
2025-06-27,0.8500000000000001,015760
2025-06-30,0.8500000000000001,015760
2025-07-01,0.8500000000000001,015760
2025-07-02,0.8500000000000001,015760
2025-07-03,0.8500000000000001,015760
2025-07-04,0.8500000000000001,015760
2025-07-07,0.8500000000000001,015760
2025-07-08,0.8500000000000001,015760
2025-07-09,0.8500000000000001,015760
2025-07-10,0.8500000000000001,015760
2025-07-11,0.8500000000000001,015760
2025-07-14,0.8500000000000001,015760
2025-07-15,0.8500000000000001,015760
2025-07-16,0.8500000000000001,015760
2025-07-17,0.8500000000000001,015760
2025-07-18,0.15,015760
2025-07-21,0.15,015760
2025-07-22,0.15,015760
2025-07-23,0.76,015760
2025-07-24,0.76,015760
2025-07-25,0.9099999999999999,015760
2025-07-28,0.9099999999999999,015760
2025-07-29,0.9099999999999999,015760
2025-07-30,1.0,015760
2025-07-31,0.8500000000000001,015760
2025-08-01,0.15,015760
2025-08-04,0.15,015760
2025-08-05,0.9099999999999999,015760
2025-08-06,1.0,015760
2025-08-07,0.8500000000000001,015760
2025-08-08,0.8500000000000001,015760
2025-08-11,0.8500000000000001,015760
2025-08-12,0.8500000000000001,015760
2025-08-13,0.8500000000000001,015760
2025-08-14,0.8500000000000001,015760
2025-08-18,0.8500000000000001,015760
2025-08-19,0.15,015760
2025-08-20,0.15,015760
2025-08-21,0.15,015760
2025-08-22,0.15,015760
2025-08-25,0.15,015760
2025-08-26,0.15,015760
2025-08-27,0.15,015760
2025-08-28,0.15,015760
2025-08-29,0.15,015760
2025-09-01,0.15,015760
2025-09-02,0.15,015760
2025-09-03,0.3,015760
2025-09-04,0.3,015760
2025-09-05,0.3,015760
2025-09-08,0.3,015760
2025-09-09,0.9099999999999999,015760
2025-09-10,0.9099999999999999,015760
2025-09-11,0.3,015760
2025-09-12,0.3,015760
2025-09-15,0.3,015760
2025-09-16,0.3,015760
2025-09-17,0.3,015760
2025-09-18,0.3,015760
2025-09-19,0.3,015760
2025-09-22,0.3,015760
2025-09-23,0.3,015760
2025-09-24,0.9099999999999999,015760
2025-09-25,0.3,015760
2025-09-26,0.3,015760
2025-09-29,0.9099999999999999,015760
2025-09-30,0.3,015760
2025-10-01,0.3,015760
2025-10-02,0.3,015760
2025-10-10,0.3,015760
2025-10-13,0.3,015760
2025-10-14,0.9099999999999999,015760
2025-10-15,0.9099999999999999,015760
2025-10-16,1.0,015760
2025-10-17,1.0,015760
2025-10-20,1.0,015760
2025-10-21,1.0,015760
2025-10-22,0.8500000000000001,015760
2025-10-23,0.8500000000000001,015760
2025-10-24,0.8500000000000001,015760
2025-10-27,0.8500000000000001,015760
2025-10-28,0.8500000000000001,015760
2025-10-29,0.8500000000000001,015760
2025-10-30,0.8500000000000001,015760
2025-10-31,0.8500000000000001,015760
2025-05-02,0.15,032830
2025-05-07,0.15,032830
2025-05-08,0.15,032830
2025-05-09,0.15,032830
2025-05-12,0.15,032830
2025-05-13,0.15,032830
2025-05-14,0.15,032830
2025-05-15,0.15,032830
2025-05-16,0.15,032830
2025-05-19,0.15,032830
2025-05-20,0.15,032830
2025-05-21,0.15,032830
2025-05-22,0.15,032830
2025-05-23,0.15,032830
2025-05-26,0.3,032830
2025-05-27,0.3,032830
2025-05-28,0.3,032830
2025-05-29,0.3,032830
2025-05-30,0.3,032830
2025-06-02,0.76,032830
2025-06-04,0.8500000000000001,032830
2025-06-05,0.8500000000000001,032830
2025-06-09,0.8500000000000001,032830
2025-06-10,0.8500000000000001,032830
2025-06-11,0.8500000000000001,032830
2025-06-12,0.8500000000000001,032830
2025-06-13,0.8500000000000001,032830
2025-06-16,0.8500000000000001,032830
2025-06-17,0.8500000000000001,032830
2025-06-18,0.8500000000000001,032830
2025-06-19,0.8500000000000001,032830
2025-06-20,0.8500000000000001,032830
2025-06-23,0.8500000000000001,032830
2025-06-24,0.8500000000000001,032830
2025-06-25,0.8500000000000001,032830
2025-06-26,0.8500000000000001,032830
2025-06-27,0.8500000000000001,032830
2025-06-30,0.8500000000000001,032830
2025-07-01,0.8500000000000001,032830
2025-07-02,0.8500000000000001,032830
2025-07-03,0.8500000000000001,032830
2025-07-04,0.15,032830
2025-07-07,0.76,032830
2025-07-08,0.8500000000000001,032830
2025-07-09,0.8500000000000001,032830
2025-07-10,0.8500000000000001,032830
2025-07-11,0.8500000000000001,032830
2025-07-14,0.8500000000000001,032830
2025-07-15,0.8500000000000001,032830
2025-07-16,0.8500000000000001,032830
2025-07-17,0.8500000000000001,032830
2025-07-18,0.8500000000000001,032830
2025-07-21,0.8500000000000001,032830
2025-07-22,0.15,032830
2025-07-23,0.15,032830
2025-07-24,0.15,032830
2025-07-25,0.15,032830
2025-07-28,0.15,032830
2025-07-29,0.15,032830
2025-07-30,0.15,032830
2025-07-31,0.15,032830
2025-08-01,0.15,032830
2025-08-04,0.15,032830
2025-08-05,0.3,032830
2025-08-06,0.3,032830
2025-08-07,0.3,032830
2025-08-08,0.3,032830
2025-08-11,0.3,032830
2025-08-12,0.3,032830
2025-08-13,0.3,032830
2025-08-14,0.9099999999999999,032830
2025-08-18,0.9099999999999999,032830
2025-08-19,0.9099999999999999,032830
2025-08-20,0.9099999999999999,032830
2025-08-21,1.0,032830
2025-08-22,1.0,032830
2025-08-25,1.0,032830
2025-08-26,1.0,032830
2025-08-27,1.0,032830
2025-08-28,1.0,032830
2025-08-29,1.0,032830
2025-09-01,1.0,032830
2025-09-02,1.0,032830
2025-09-03,1.0,032830
2025-09-04,1.0,032830
2025-09-05,1.0,032830
2025-09-08,1.0,032830
2025-09-09,1.0,032830
2025-09-10,1.0,032830
2025-09-11,1.0,032830
2025-09-12,1.0,032830
2025-09-15,1.0,032830
2025-09-16,1.0,032830
2025-09-17,1.0,032830
2025-09-18,1.0,032830
2025-09-19,1.0,032830
2025-09-22,1.0,032830
2025-09-23,1.0,032830
2025-09-24,0.3,032830
2025-09-25,0.3,032830
2025-09-26,0.3,032830
2025-09-29,1.0,032830
2025-09-30,0.9099999999999999,032830
2025-10-01,0.3,032830
2025-10-02,1.0,032830
2025-10-10,1.0,032830
2025-10-13,0.9099999999999999,032830
2025-10-14,1.0,032830
2025-10-15,0.9099999999999999,032830
2025-10-16,0.9099999999999999,032830
2025-10-17,0.15,032830
2025-10-20,0.76,032830
2025-10-21,0.76,032830
2025-10-22,0.76,032830
2025-10-23,0.76,032830
2025-10-24,1.0,032830
2025-10-27,0.9099999999999999,032830
2025-10-28,0.9099999999999999,032830
2025-10-29,0.9099999999999999,032830
2025-10-30,0.3,032830
2025-10-31,0.3,032830
2025-05-02,0.15,086790
2025-05-07,0.15,086790
2025-05-08,0.15,086790
2025-05-09,0.15,086790
2025-05-12,0.15,086790
2025-05-13,0.15,086790
2025-05-14,0.15,086790
2025-05-15,0.15,086790
2025-05-16,0.15,086790
2025-05-19,0.15,086790
2025-05-20,0.15,086790
2025-05-21,0.15,086790
2025-05-22,0.15,086790
2025-05-23,0.15,086790
2025-05-26,0.3,086790
2025-05-27,0.3,086790
2025-05-28,0.3,086790
2025-05-29,0.3,086790
2025-05-30,0.3,086790
2025-06-02,0.9099999999999999,086790
2025-06-04,1.0,086790
2025-06-05,1.0,086790
2025-06-09,1.0,086790
2025-06-10,1.0,086790
2025-06-11,1.0,086790
2025-06-12,1.0,086790
2025-06-13,1.0,086790
2025-06-16,1.0,086790
2025-06-17,1.0,086790
2025-06-18,1.0,086790
2025-06-19,1.0,086790
2025-06-20,1.0,086790
2025-06-23,1.0,086790
2025-06-24,1.0,086790
2025-06-25,1.0,086790
2025-06-26,1.0,086790
2025-06-27,1.0,086790
2025-06-30,1.0,086790
2025-07-01,1.0,086790
2025-07-02,1.0,086790
2025-07-03,1.0,086790
2025-07-04,1.0,086790
2025-07-07,1.0,086790
2025-07-08,1.0,086790
2025-07-09,1.0,086790
2025-07-10,1.0,086790
2025-07-11,1.0,086790
2025-07-14,1.0,086790
2025-07-15,1.0,086790
2025-07-16,1.0,086790
2025-07-17,1.0,086790
2025-07-18,1.0,086790
2025-07-21,1.0,086790
2025-07-22,1.0,086790
2025-07-23,1.0,086790
2025-07-24,1.0,086790
2025-07-25,1.0,086790
2025-07-28,0.3,086790
2025-07-29,0.3,086790
2025-07-30,0.3,086790
2025-07-31,0.3,086790
2025-08-01,0.15,086790
2025-08-04,0.3,086790
2025-08-05,0.3,086790
2025-08-06,0.3,086790
2025-08-07,0.3,086790
2025-08-08,0.3,086790
2025-08-11,0.3,086790
2025-08-12,0.3,086790
2025-08-13,0.3,086790
2025-08-14,0.3,086790
2025-08-18,0.3,086790
2025-08-19,0.3,086790
2025-08-20,0.3,086790
2025-08-21,0.3,086790
2025-08-22,0.3,086790
2025-08-25,0.3,086790
2025-08-26,0.3,086790
2025-08-27,0.3,086790
2025-08-28,0.3,086790
2025-08-29,0.3,086790
2025-09-01,0.3,086790
2025-09-02,0.3,086790
2025-09-03,0.3,086790
2025-09-04,0.3,086790
2025-09-05,0.3,086790
2025-09-08,0.3,086790
2025-09-09,0.9099999999999999,086790
2025-09-10,0.9099999999999999,086790
2025-09-11,0.9099999999999999,086790
2025-09-12,0.9099999999999999,086790
2025-09-15,1.0,086790
2025-09-16,1.0,086790
2025-09-17,1.0,086790
2025-09-18,1.0,086790
2025-09-19,1.0,086790
2025-09-22,1.0,086790
2025-09-23,1.0,086790
2025-09-24,1.0,086790
2025-09-25,1.0,086790
2025-09-26,1.0,086790
2025-09-29,1.0,086790
2025-09-30,0.3,086790
2025-10-01,0.3,086790
2025-10-02,1.0,086790
2025-10-10,0.3,086790
2025-10-13,0.3,086790
2025-10-14,0.3,086790
2025-10-15,0.3,086790
2025-10-16,0.3,086790
2025-10-17,0.3,086790
2025-10-20,0.9099999999999999,086790
2025-10-21,0.9099999999999999,086790
2025-10-22,0.9099999999999999,086790
2025-10-23,0.3,086790
2025-10-24,0.9099999999999999,086790
2025-10-27,0.9099999999999999,086790
2025-10-28,0.9099999999999999,086790
2025-10-29,0.3,086790
2025-10-30,0.3,086790
2025-10-31,0.3,086790
2025-05-02,0.15,009150
2025-05-07,0.15,009150
2025-05-08,0.15,009150
2025-05-09,0.15,009150
2025-05-12,0.15,009150
2025-05-13,0.15,009150
2025-05-14,0.15,009150
2025-05-15,0.15,009150
2025-05-16,0.15,009150
2025-05-19,0.15,009150
2025-05-20,0.15,009150
2025-05-21,0.15,009150
2025-05-22,0.15,009150
2025-05-23,0.15,009150
2025-05-26,0.3,009150
2025-05-27,0.3,009150
2025-05-28,0.3,009150
2025-05-29,0.3,009150
2025-05-30,0.3,009150
2025-06-02,0.3,009150
2025-06-04,0.9099999999999999,009150
2025-06-05,1.0,009150
2025-06-09,1.0,009150
2025-06-10,1.0,009150
2025-06-11,1.0,009150
2025-06-12,0.9099999999999999,009150
2025-06-13,0.9099999999999999,009150
2025-06-16,0.9099999999999999,009150
2025-06-17,1.0,009150
2025-06-18,1.0,009150
2025-06-19,1.0,009150
2025-06-20,1.0,009150
2025-06-23,1.0,009150
2025-06-24,1.0,009150
2025-06-25,1.0,009150
2025-06-26,1.0,009150
2025-06-27,1.0,009150
2025-06-30,1.0,009150
2025-07-01,1.0,009150
2025-07-02,1.0,009150
2025-07-03,1.0,009150
2025-07-04,0.9099999999999999,009150
2025-07-07,1.0,009150
2025-07-08,1.0,009150
2025-07-09,0.9099999999999999,009150
2025-07-10,0.9099999999999999,009150
2025-07-11,1.0,009150
2025-07-14,1.0,009150
2025-07-15,1.0,009150
2025-07-16,0.9099999999999999,009150
2025-07-17,1.0,009150
2025-07-18,0.9099999999999999,009150
2025-07-21,0.3,009150
2025-07-22,0.3,009150
2025-07-23,0.3,009150
2025-07-24,0.3,009150
2025-07-25,0.3,009150
2025-07-28,0.9099999999999999,009150
2025-07-29,0.9099999999999999,009150
2025-07-30,1.0,009150
2025-07-31,0.9099999999999999,009150
2025-08-01,0.9099999999999999,009150
2025-08-04,1.0,009150
2025-08-05,1.0,009150
2025-08-06,1.0,009150
2025-08-07,1.0,009150
2025-08-08,1.0,009150
2025-08-11,1.0,009150
2025-08-12,1.0,009150
2025-08-13,1.0,009150
2025-08-14,0.8500000000000001,009150
2025-08-18,0.8500000000000001,009150
2025-08-19,0.8500000000000001,009150
2025-08-20,1.0,009150
2025-08-21,1.0,009150
2025-08-22,1.0,009150
2025-08-25,1.0,009150
2025-08-26,1.0,009150
2025-08-27,1.0,009150
2025-08-28,1.0,009150
2025-08-29,1.0,009150
2025-09-01,1.0,009150
2025-09-02,1.0,009150
2025-09-03,1.0,009150
2025-09-04,1.0,009150
2025-09-05,1.0,009150
2025-09-08,1.0,009150
2025-09-09,1.0,009150
2025-09-10,1.0,009150
2025-09-11,1.0,009150
2025-09-12,1.0,009150
2025-09-15,1.0,009150
2025-09-16,1.0,009150
2025-09-17,1.0,009150
2025-09-18,1.0,009150
2025-09-19,1.0,009150
2025-09-22,1.0,009150
2025-09-23,1.0,009150
2025-09-24,1.0,009150
2025-09-25,1.0,009150
2025-09-26,1.0,009150
2025-09-29,1.0,009150
2025-09-30,1.0,009150
2025-10-01,1.0,009150
2025-10-02,1.0,009150
2025-10-10,1.0,009150
2025-10-13,1.0,009150
2025-10-14,0.8500000000000001,009150
2025-10-15,0.8500000000000001,009150
2025-10-16,0.8500000000000001,009150
2025-10-17,1.0,009150
2025-10-20,1.0,009150
2025-10-21,1.0,009150
2025-10-22,0.8500000000000001,009150
2025-10-23,0.8500000000000001,009150
2025-10-24,1.0,009150
2025-10-27,1.0,009150
2025-10-28,1.0,009150
2025-10-29,0.8500000000000001,009150
2025-10-30,0.8500000000000001,009150
2025-10-31,0.8500000000000001,009150
2025-05-02,0.15,017670
2025-05-07,0.15,017670
2025-05-08,0.15,017670
2025-05-09,0.15,017670
2025-05-12,0.15,017670
2025-05-13,0.15,017670
2025-05-14,0.15,017670
2025-05-15,0.15,017670
2025-05-16,0.15,017670
2025-05-19,0.15,017670
2025-05-20,0.15,017670
2025-05-21,0.15,017670
2025-05-22,0.15,017670
2025-05-23,0.15,017670
2025-05-26,0.3,017670
2025-05-27,0.3,017670
2025-05-28,0.3,017670
2025-05-29,0.3,017670
2025-05-30,0.3,017670
2025-06-02,0.3,017670
2025-06-04,0.9099999999999999,017670
2025-06-05,0.9099999999999999,017670
2025-06-09,0.9099999999999999,017670
2025-06-10,0.9099999999999999,017670
2025-06-11,0.9099999999999999,017670
2025-06-12,0.9099999999999999,017670
2025-06-13,1.0,017670
2025-06-16,1.0,017670
2025-06-17,1.0,017670
2025-06-18,1.0,017670
2025-06-19,1.0,017670
2025-06-20,1.0,017670
2025-06-23,1.0,017670
2025-06-24,1.0,017670
2025-06-25,1.0,017670
2025-06-26,1.0,017670
2025-06-27,1.0,017670
2025-06-30,1.0,017670
2025-07-01,1.0,017670
2025-07-02,1.0,017670
2025-07-03,1.0,017670
2025-07-04,0.3,017670
2025-07-07,0.3,017670
2025-07-08,0.3,017670
2025-07-09,0.3,017670
2025-07-10,0.3,017670
2025-07-11,0.3,017670
2025-07-14,0.9099999999999999,017670
2025-07-15,0.3,017670
2025-07-16,0.3,017670
2025-07-17,0.9099999999999999,017670
2025-07-18,0.3,017670
2025-07-21,0.3,017670
2025-07-22,0.9099999999999999,017670
2025-07-23,0.9099999999999999,017670
2025-07-24,0.3,017670
2025-07-25,0.3,017670
2025-07-28,0.3,017670
2025-07-29,0.3,017670
2025-07-30,0.9099999999999999,017670
2025-07-31,0.9099999999999999,017670
2025-08-01,0.3,017670
2025-08-04,0.9099999999999999,017670
2025-08-05,0.9099999999999999,017670
2025-08-06,0.9099999999999999,017670
2025-08-07,0.3,017670
2025-08-08,0.9099999999999999,017670
2025-08-11,0.3,017670
2025-08-12,0.9099999999999999,017670
2025-08-13,0.3,017670
2025-08-14,0.9099999999999999,017670
2025-08-18,0.3,017670
2025-08-19,0.3,017670
2025-08-20,0.9099999999999999,017670
2025-08-21,0.3,017670
2025-08-22,0.3,017670
2025-08-25,0.3,017670
2025-08-26,0.3,017670
2025-08-27,0.3,017670
2025-08-28,0.15,017670
2025-08-29,0.3,017670
2025-09-01,0.3,017670
2025-09-02,0.3,017670
2025-09-03,0.3,017670
2025-09-04,0.3,017670
2025-09-05,0.3,017670
2025-09-08,0.3,017670
2025-09-09,0.3,017670
2025-09-10,0.3,017670
2025-09-11,0.3,017670
2025-09-12,0.9099999999999999,017670
2025-09-15,0.3,017670
2025-09-16,0.3,017670
2025-09-17,0.9099999999999999,017670
2025-09-18,0.9099999999999999,017670
2025-09-19,0.9099999999999999,017670
2025-09-22,0.9099999999999999,017670
2025-09-23,0.9099999999999999,017670
2025-09-24,0.9099999999999999,017670
2025-09-25,0.9099999999999999,017670
2025-09-26,0.76,017670
2025-09-29,0.3,017670
2025-09-30,0.15,017670
2025-10-01,0.15,017670
2025-10-02,0.15,017670
2025-10-10,0.15,017670
2025-10-13,0.15,017670
2025-10-14,0.15,017670
2025-10-15,0.15,017670
2025-10-16,0.9099999999999999,017670
2025-10-17,0.3,017670
2025-10-20,0.3,017670
2025-10-21,0.3,017670
2025-10-22,0.3,017670
2025-10-23,0.3,017670
2025-10-24,0.3,017670
2025-10-27,0.3,017670
2025-10-28,0.3,017670
2025-10-29,0.3,017670
2025-10-30,0.3,017670
2025-10-31,0.3,017670
2025-05-02,0.15,018260
2025-05-07,0.15,018260
2025-05-08,0.15,018260
2025-05-09,0.15,018260
2025-05-12,0.15,018260
2025-05-13,0.15,018260
2025-05-14,0.15,018260
2025-05-15,0.15,018260
2025-05-16,0.15,018260
2025-05-19,0.15,018260
2025-05-20,0.15,018260
2025-05-21,0.15,018260
2025-05-22,0.15,018260
2025-05-23,0.15,018260
2025-05-26,0.3,018260
2025-05-27,0.3,018260
2025-05-28,0.3,018260
2025-05-29,0.3,018260
2025-05-30,0.3,018260
2025-06-02,0.9099999999999999,018260
2025-06-04,0.9099999999999999,018260
2025-06-05,1.0,018260
2025-06-09,1.0,018260
2025-06-10,1.0,018260
2025-06-11,1.0,018260
2025-06-12,1.0,018260
2025-06-13,0.9099999999999999,018260
2025-06-16,1.0,018260
2025-06-17,1.0,018260
2025-06-18,0.8500000000000001,018260
2025-06-19,0.8500000000000001,018260
2025-06-20,0.8500000000000001,018260
2025-06-23,0.8500000000000001,018260
2025-06-24,0.8500000000000001,018260
2025-06-25,0.8500000000000001,018260
2025-06-26,0.8500000000000001,018260
2025-06-27,0.8500000000000001,018260
2025-06-30,0.8500000000000001,018260
2025-07-01,0.8500000000000001,018260
2025-07-02,0.8500000000000001,018260
2025-07-03,0.8500000000000001,018260
2025-07-04,0.8500000000000001,018260
2025-07-07,0.8500000000000001,018260
2025-07-08,0.15,018260
2025-07-09,0.15,018260
2025-07-10,0.8500000000000001,018260
2025-07-11,0.8500000000000001,018260
2025-07-14,1.0,018260
2025-07-15,1.0,018260
2025-07-16,1.0,018260
2025-07-17,1.0,018260
2025-07-18,1.0,018260
2025-07-21,0.9099999999999999,018260
2025-07-22,0.76,018260
2025-07-23,0.15,018260
2025-07-24,0.15,018260
2025-07-25,0.15,018260
2025-07-28,0.15,018260
2025-07-29,0.15,018260
2025-07-30,0.15,018260
2025-07-31,0.15,018260
2025-08-01,0.15,018260
2025-08-04,0.15,018260
2025-08-05,0.15,018260
2025-08-06,0.3,018260
2025-08-07,0.3,018260
2025-08-08,0.3,018260
2025-08-11,0.3,018260
2025-08-12,0.3,018260
2025-08-13,0.3,018260
2025-08-14,0.3,018260
2025-08-18,0.3,018260
2025-08-19,0.3,018260
2025-08-20,0.3,018260
2025-08-21,0.3,018260
2025-08-22,0.3,018260
2025-08-25,0.3,018260
2025-08-26,0.3,018260
2025-08-27,0.3,018260
2025-08-28,0.3,018260
2025-08-29,0.3,018260
2025-09-01,0.3,018260
2025-09-02,0.3,018260
2025-09-03,0.3,018260
2025-09-04,0.9099999999999999,018260
2025-09-05,0.9099999999999999,018260
2025-09-08,0.9099999999999999,018260
2025-09-09,0.9099999999999999,018260
2025-09-10,1.0,018260
2025-09-11,1.0,018260
2025-09-12,1.0,018260
2025-09-15,1.0,018260
2025-09-16,1.0,018260
2025-09-17,1.0,018260
2025-09-18,1.0,018260
2025-09-19,1.0,018260
2025-09-22,1.0,018260
2025-09-23,1.0,018260
2025-09-24,1.0,018260
2025-09-25,1.0,018260
2025-09-26,1.0,018260
2025-09-29,1.0,018260
2025-09-30,1.0,018260
2025-10-01,1.0,018260
2025-10-02,1.0,018260
2025-10-10,1.0,018260
2025-10-13,1.0,018260
2025-10-14,0.9099999999999999,018260
2025-10-15,0.3,018260
2025-10-16,0.9099999999999999,018260
2025-10-17,0.3,018260
2025-10-20,0.9099999999999999,018260
2025-10-21,0.3,018260
2025-10-22,0.9099999999999999,018260
2025-10-23,0.3,018260
2025-10-24,0.9099999999999999,018260
2025-10-27,0.9099999999999999,018260
2025-10-28,0.9099999999999999,018260
2025-10-29,1.0,018260
2025-10-30,0.9099999999999999,018260
2025-10-31,0.8500000000000001,018260
2025-05-02,0.15,012330
2025-05-07,0.15,012330
2025-05-08,0.15,012330
2025-05-09,0.15,012330
2025-05-12,0.15,012330
2025-05-13,0.15,012330
2025-05-14,0.15,012330
2025-05-15,0.15,012330
2025-05-16,0.15,012330
2025-05-19,0.15,012330
2025-05-20,0.15,012330
2025-05-21,0.15,012330
2025-05-22,0.15,012330
2025-05-23,0.15,012330
2025-05-26,0.3,012330
2025-05-27,0.3,012330
2025-05-28,0.3,012330
2025-05-29,0.3,012330
2025-05-30,0.3,012330
2025-06-02,0.3,012330
2025-06-04,0.3,012330
2025-06-05,0.9099999999999999,012330
2025-06-09,1.0,012330
2025-06-10,1.0,012330
2025-06-11,1.0,012330
2025-06-12,1.0,012330
2025-06-13,1.0,012330
2025-06-16,1.0,012330
2025-06-17,1.0,012330
2025-06-18,0.8500000000000001,012330
2025-06-19,0.8500000000000001,012330
2025-06-20,0.8500000000000001,012330
2025-06-23,0.8500000000000001,012330
2025-06-24,0.8500000000000001,012330
2025-06-25,0.8500000000000001,012330
2025-06-26,0.8500000000000001,012330
2025-06-27,1.0,012330
2025-06-30,1.0,012330
2025-07-01,1.0,012330
2025-07-02,1.0,012330
2025-07-03,1.0,012330
2025-07-04,1.0,012330
2025-07-07,1.0,012330
2025-07-08,1.0,012330
2025-07-09,1.0,012330
2025-07-10,1.0,012330
2025-07-11,1.0,012330
2025-07-14,1.0,012330
2025-07-15,1.0,012330
2025-07-16,0.9099999999999999,012330
2025-07-17,0.9099999999999999,012330
2025-07-18,0.9099999999999999,012330
2025-07-21,0.3,012330
2025-07-22,0.3,012330
2025-07-23,0.3,012330
2025-07-24,0.3,012330
2025-07-25,0.3,012330
2025-07-28,0.3,012330
2025-07-29,0.3,012330
2025-07-30,0.9099999999999999,012330
2025-07-31,0.3,012330
2025-08-01,0.15,012330
2025-08-04,0.15,012330
2025-08-05,0.15,012330
2025-08-06,0.15,012330
2025-08-07,0.3,012330
2025-08-08,0.3,012330
2025-08-11,0.3,012330
2025-08-12,0.3,012330
2025-08-13,0.9099999999999999,012330
2025-08-14,0.9099999999999999,012330
2025-08-18,0.3,012330
2025-08-19,0.9099999999999999,012330
2025-08-20,0.9099999999999999,012330
2025-08-21,0.9099999999999999,012330
2025-08-22,0.9099999999999999,012330
2025-08-25,0.9099999999999999,012330
2025-08-26,0.9099999999999999,012330
2025-08-27,0.9099999999999999,012330
2025-08-28,0.9099999999999999,012330
2025-08-29,1.0,012330
2025-09-01,1.0,012330
2025-09-02,1.0,012330
2025-09-03,1.0,012330
2025-09-04,1.0,012330
2025-09-05,1.0,012330
2025-09-08,1.0,012330
2025-09-09,1.0,012330
2025-09-10,1.0,012330
2025-09-11,1.0,012330
2025-09-12,1.0,012330
2025-09-15,0.3,012330
2025-09-16,0.3,012330
2025-09-17,0.3,012330
2025-09-18,1.0,012330
2025-09-19,0.3,012330
2025-09-22,0.3,012330
2025-09-23,0.3,012330
2025-09-24,0.3,012330
2025-09-25,0.3,012330
2025-09-26,0.3,012330
2025-09-29,0.3,012330
2025-09-30,0.3,012330
2025-10-01,0.3,012330
2025-10-02,0.3,012330
2025-10-10,0.3,012330
2025-10-13,0.3,012330
2025-10-14,0.3,012330
2025-10-15,0.3,012330
2025-10-16,0.9099999999999999,012330
2025-10-17,0.9099999999999999,012330
2025-10-20,0.9099999999999999,012330
2025-10-21,0.9099999999999999,012330
2025-10-22,0.9099999999999999,012330
2025-10-23,0.9099999999999999,012330
2025-10-24,0.9099999999999999,012330
2025-10-27,0.9099999999999999,012330
2025-10-28,0.9099999999999999,012330
2025-10-29,0.9099999999999999,012330
2025-10-30,0.9099999999999999,012330
2025-10-31,1.0,012330
2025-05-02,0.15,034730
2025-05-07,0.15,034730
2025-05-08,0.15,034730
2025-05-09,0.15,034730
2025-05-12,0.15,034730
2025-05-13,0.15,034730
2025-05-14,0.15,034730
2025-05-15,0.15,034730
2025-05-16,0.15,034730
2025-05-19,0.15,034730
2025-05-20,0.15,034730
2025-05-21,0.15,034730
2025-05-22,0.15,034730
2025-05-23,0.15,034730
2025-05-26,0.3,034730
2025-05-27,0.3,034730
2025-05-28,0.3,034730
2025-05-29,0.3,034730
2025-05-30,0.3,034730
2025-06-02,0.9099999999999999,034730
2025-06-04,1.0,034730
2025-06-05,1.0,034730
2025-06-09,0.8500000000000001,034730
2025-06-10,0.8500000000000001,034730
2025-06-11,0.8500000000000001,034730
2025-06-12,0.8500000000000001,034730
2025-06-13,0.8500000000000001,034730
2025-06-16,0.8500000000000001,034730
2025-06-17,0.8500000000000001,034730
2025-06-18,0.8500000000000001,034730
2025-06-19,0.8500000000000001,034730
2025-06-20,0.8500000000000001,034730
2025-06-23,0.8500000000000001,034730
2025-06-24,0.8500000000000001,034730
2025-06-25,0.8500000000000001,034730
2025-06-26,0.8500000000000001,034730
2025-06-27,0.8500000000000001,034730
2025-06-30,0.8500000000000001,034730
2025-07-01,0.8500000000000001,034730
2025-07-02,0.8500000000000001,034730
2025-07-03,0.8500000000000001,034730
2025-07-04,0.15,034730
2025-07-07,0.15,034730
2025-07-08,0.8500000000000001,034730
2025-07-09,0.8500000000000001,034730
2025-07-10,0.8500000000000001,034730
2025-07-11,0.8500000000000001,034730
2025-07-14,0.8500000000000001,034730
2025-07-15,0.8500000000000001,034730
2025-07-16,0.8500000000000001,034730
2025-07-17,0.8500000000000001,034730
2025-07-18,0.8500000000000001,034730
2025-07-21,0.8500000000000001,034730
2025-07-22,0.8500000000000001,034730
2025-07-23,0.15,034730
2025-07-24,0.15,034730
2025-07-25,0.15,034730
2025-07-28,0.15,034730
2025-07-29,0.15,034730
2025-07-30,0.15,034730
2025-07-31,0.15,034730
2025-08-01,0.15,034730
2025-08-04,0.15,034730
2025-08-05,0.15,034730
2025-08-06,0.15,034730
2025-08-07,0.3,034730
2025-08-08,0.3,034730
2025-08-11,0.3,034730
2025-08-12,0.3,034730
2025-08-13,0.3,034730
2025-08-14,0.3,034730
2025-08-18,0.3,034730
2025-08-19,0.3,034730
2025-08-20,0.3,034730
2025-08-21,0.3,034730
2025-08-22,0.3,034730
2025-08-25,0.3,034730
2025-08-26,0.3,034730
2025-08-27,0.9099999999999999,034730
2025-08-28,0.9099999999999999,034730
2025-08-29,0.9099999999999999,034730
2025-09-01,1.0,034730
2025-09-02,1.0,034730
2025-09-03,1.0,034730
2025-09-04,1.0,034730
2025-09-05,1.0,034730
2025-09-08,1.0,034730
2025-09-09,1.0,034730
2025-09-10,1.0,034730
2025-09-11,1.0,034730
2025-09-12,1.0,034730
2025-09-15,1.0,034730
2025-09-16,1.0,034730
2025-09-17,1.0,034730
2025-09-18,1.0,034730
2025-09-19,1.0,034730
2025-09-22,1.0,034730
2025-09-23,1.0,034730
2025-09-24,0.15,034730
2025-09-25,0.15,034730
2025-09-26,0.15,034730
2025-09-29,0.15,034730
2025-09-30,0.15,034730
2025-10-01,0.15,034730
2025-10-02,0.8500000000000001,034730
2025-10-10,0.15,034730
2025-10-13,0.76,034730
2025-10-14,0.76,034730
2025-10-15,0.76,034730
2025-10-16,0.15,034730
2025-10-17,0.15,034730
2025-10-20,0.76,034730
2025-10-21,0.76,034730
2025-10-22,0.76,034730
2025-10-23,0.76,034730
2025-10-24,0.76,034730
2025-10-27,0.8500000000000001,034730
2025-10-28,0.8500000000000001,034730
2025-10-29,0.8500000000000001,034730
2025-10-30,0.8500000000000001,034730
2025-10-31,0.8500000000000001,034730
2025-05-02,0.15,034020
2025-05-07,0.15,034020
2025-05-08,0.15,034020
2025-05-09,0.15,034020
2025-05-12,0.15,034020
2025-05-13,0.15,034020
2025-05-14,0.15,034020
2025-05-15,0.15,034020
2025-05-16,0.15,034020
2025-05-19,0.15,034020
2025-05-20,0.15,034020
2025-05-21,0.15,034020
2025-05-22,0.15,034020
2025-05-23,0.15,034020
2025-05-26,0.15,034020
2025-05-27,0.15,034020
2025-05-28,0.15,034020
2025-05-29,0.15,034020
2025-05-30,0.15,034020
2025-06-02,0.76,034020
2025-06-04,0.8500000000000001,034020
2025-06-05,0.8500000000000001,034020
2025-06-09,0.8500000000000001,034020
2025-06-10,0.8500000000000001,034020
2025-06-11,0.8500000000000001,034020
2025-06-12,0.8500000000000001,034020
2025-06-13,0.8500000000000001,034020
2025-06-16,0.8500000000000001,034020
2025-06-17,0.8500000000000001,034020
2025-06-18,0.8500000000000001,034020
2025-06-19,0.8500000000000001,034020
2025-06-20,0.8500000000000001,034020
2025-06-23,0.8500000000000001,034020
2025-06-24,0.8500000000000001,034020
2025-06-25,0.8500000000000001,034020
2025-06-26,0.8500000000000001,034020
2025-06-27,0.8500000000000001,034020
2025-06-30,0.8500000000000001,034020
2025-07-01,0.8500000000000001,034020
2025-07-02,0.8500000000000001,034020
2025-07-03,0.8500000000000001,034020
2025-07-04,0.15,034020
2025-07-07,0.8500000000000001,034020
2025-07-08,0.8500000000000001,034020
2025-07-09,0.8500000000000001,034020
2025-07-10,0.8500000000000001,034020
2025-07-11,0.15,034020
2025-07-14,0.15,034020
2025-07-15,0.8500000000000001,034020
2025-07-16,0.15,034020
2025-07-17,0.15,034020
2025-07-18,0.8500000000000001,034020
2025-07-21,0.76,034020
2025-07-22,0.15,034020
2025-07-23,0.15,034020
2025-07-24,0.76,034020
2025-07-25,0.76,034020
2025-07-28,0.76,034020
2025-07-29,0.76,034020
2025-07-30,0.15,034020
2025-07-31,0.8500000000000001,034020
2025-08-01,0.15,034020
2025-08-04,0.76,034020
2025-08-05,0.76,034020
2025-08-06,0.76,034020
2025-08-07,0.76,034020
2025-08-08,0.8500000000000001,034020
2025-08-11,0.8500000000000001,034020
2025-08-12,0.76,034020
2025-08-13,0.76,034020
2025-08-14,0.76,034020
2025-08-18,0.15,034020
2025-08-19,0.15,034020
2025-08-20,0.15,034020
2025-08-21,0.15,034020
2025-08-22,0.15,034020
2025-08-25,0.76,034020
2025-08-26,0.15,034020
2025-08-27,0.15,034020
2025-08-28,0.15,034020
2025-08-29,0.15,034020
2025-09-01,0.15,034020
2025-09-02,0.15,034020
2025-09-03,0.15,034020
2025-09-04,0.15,034020
2025-09-05,0.15,034020
2025-09-08,0.15,034020
2025-09-09,0.15,034020
2025-09-10,0.9099999999999999,034020
2025-09-11,0.3,034020
2025-09-12,0.3,034020
2025-09-15,0.3,034020
2025-09-16,1.0,034020
2025-09-17,0.3,034020
2025-09-18,0.3,034020
2025-09-19,0.3,034020
2025-09-22,0.9099999999999999,034020
2025-09-23,0.9099999999999999,034020
2025-09-24,0.9099999999999999,034020
2025-09-25,0.76,034020
2025-09-26,0.76,034020
2025-09-29,0.8500000000000001,034020
2025-09-30,0.76,034020
2025-10-01,0.76,034020
2025-10-02,0.76,034020
2025-10-10,0.8500000000000001,034020
2025-10-13,0.8500000000000001,034020
2025-10-14,0.8500000000000001,034020
2025-10-15,0.8500000000000001,034020
2025-10-16,0.8500000000000001,034020
2025-10-17,0.8500000000000001,034020
2025-10-20,0.8500000000000001,034020
2025-10-21,0.8500000000000001,034020
2025-10-22,0.8500000000000001,034020
2025-10-23,0.8500000000000001,034020
2025-10-24,0.8500000000000001,034020
2025-10-27,0.8500000000000001,034020
2025-10-28,0.8500000000000001,034020
2025-10-29,0.8500000000000001,034020
2025-10-30,0.8500000000000001,034020
2025-10-31,0.8500000000000001,034020
2025-05-02,0.15,010130
2025-05-07,0.15,010130
2025-05-08,0.15,010130
2025-05-09,0.15,010130
2025-05-12,0.15,010130
2025-05-13,0.15,010130
2025-05-14,0.15,010130
2025-05-15,0.15,010130
2025-05-16,0.15,010130
2025-05-19,0.15,010130
2025-05-20,0.15,010130
2025-05-21,0.15,010130
2025-05-22,0.15,010130
2025-05-23,0.15,010130
2025-05-26,0.15,010130
2025-05-27,0.15,010130
2025-05-28,0.15,010130
2025-05-29,0.3,010130
2025-05-30,0.3,010130
2025-06-02,0.3,010130
2025-06-04,0.3,010130
2025-06-05,0.3,010130
2025-06-09,0.3,010130
2025-06-10,0.3,010130
2025-06-11,0.3,010130
2025-06-12,0.9099999999999999,010130
2025-06-13,0.9099999999999999,010130
2025-06-16,0.9099999999999999,010130
2025-06-17,0.9099999999999999,010130
2025-06-18,1.0,010130
2025-06-19,0.9099999999999999,010130
2025-06-20,0.9099999999999999,010130
2025-06-23,0.9099999999999999,010130
2025-06-24,1.0,010130
2025-06-25,0.9099999999999999,010130
2025-06-26,1.0,010130
2025-06-27,0.8500000000000001,010130
2025-06-30,0.8500000000000001,010130
2025-07-01,0.8500000000000001,010130
2025-07-02,0.8500000000000001,010130
2025-07-03,0.8500000000000001,010130
2025-07-04,0.15,010130
2025-07-07,0.8500000000000001,010130
2025-07-08,0.8500000000000001,010130
2025-07-09,0.8500000000000001,010130
2025-07-10,0.8500000000000001,010130
2025-07-11,0.8500000000000001,010130
2025-07-14,0.8500000000000001,010130
2025-07-15,0.76,010130
2025-07-16,0.15,010130
2025-07-17,0.3,010130
2025-07-18,0.3,010130
2025-07-21,0.9099999999999999,010130
2025-07-22,0.9099999999999999,010130
2025-07-23,0.3,010130
2025-07-24,0.3,010130
2025-07-25,0.3,010130
2025-07-28,0.3,010130
2025-07-29,0.3,010130
2025-07-30,0.9099999999999999,010130
2025-07-31,0.3,010130
2025-08-01,0.3,010130
2025-08-04,0.3,010130
2025-08-05,0.3,010130
2025-08-06,0.3,010130
2025-08-07,0.9099999999999999,010130
2025-08-08,0.3,010130
2025-08-11,0.3,010130
2025-08-12,0.3,010130
2025-08-13,0.3,010130
2025-08-14,0.9099999999999999,010130
2025-08-18,0.3,010130
2025-08-19,0.3,010130
2025-08-20,0.3,010130
2025-08-21,0.3,010130
2025-08-22,0.9099999999999999,010130
2025-08-25,0.9099999999999999,010130
2025-08-26,0.9099999999999999,010130
2025-08-27,0.9099999999999999,010130
2025-08-28,0.9099999999999999,010130
2025-08-29,0.9099999999999999,010130
2025-09-01,1.0,010130
2025-09-02,1.0,010130
2025-09-03,1.0,010130
2025-09-04,1.0,010130
2025-09-05,1.0,010130
2025-09-08,1.0,010130
2025-09-09,1.0,010130
2025-09-10,1.0,010130
2025-09-11,1.0,010130
2025-09-12,1.0,010130
2025-09-15,1.0,010130
2025-09-16,1.0,010130
2025-09-17,0.8500000000000001,010130
2025-09-18,0.8500000000000001,010130
2025-09-19,0.8500000000000001,010130
2025-09-22,0.8500000000000001,010130
2025-09-23,0.8500000000000001,010130
2025-09-24,0.8500000000000001,010130
2025-09-25,0.8500000000000001,010130
2025-09-26,0.15,010130
2025-09-29,0.15,010130
2025-09-30,0.15,010130
2025-10-01,0.15,010130
2025-10-02,0.3,010130
2025-10-10,1.0,010130
2025-10-13,0.8500000000000001,010130
2025-10-14,0.8500000000000001,010130
2025-10-15,0.8500000000000001,010130
2025-10-16,0.8500000000000001,010130
2025-10-17,0.8500000000000001,010130
2025-10-20,0.8500000000000001,010130
2025-10-21,0.8500000000000001,010130
2025-10-22,0.8500000000000001,010130
2025-10-23,0.8500000000000001,010130
2025-10-24,0.8500000000000001,010130
2025-10-27,0.8500000000000001,010130
2025-10-28,0.15,010130
2025-10-29,0.8500000000000001,010130
2025-10-30,0.15,010130
2025-10-31,0.15,010130
2025-05-02,0.15,011200
2025-05-07,0.15,011200
2025-05-08,0.15,011200
2025-05-09,0.15,011200
2025-05-12,0.15,011200
2025-05-13,0.15,011200
2025-05-14,0.15,011200
2025-05-15,0.15,011200
2025-05-16,0.15,011200
2025-05-19,0.15,011200
2025-05-20,0.15,011200
2025-05-21,0.15,011200
2025-05-22,0.15,011200
2025-05-23,0.15,011200
2025-05-26,0.15,011200
2025-05-27,0.15,011200
2025-05-28,0.15,011200
2025-05-29,0.15,011200
2025-05-30,0.15,011200
2025-06-02,0.76,011200
2025-06-04,0.8500000000000001,011200
2025-06-05,0.8500000000000001,011200
2025-06-09,0.8500000000000001,011200
2025-06-10,0.8500000000000001,011200
2025-06-11,1.0,011200
2025-06-12,1.0,011200
2025-06-13,0.8500000000000001,011200
2025-06-16,0.8500000000000001,011200
2025-06-17,0.76,011200
2025-06-18,0.76,011200
2025-06-19,0.76,011200
2025-06-20,0.76,011200
2025-06-23,0.8500000000000001,011200
2025-06-24,0.76,011200
2025-06-25,0.76,011200
2025-06-26,0.8500000000000001,011200
2025-06-27,0.15,011200
2025-06-30,0.15,011200
2025-07-01,0.8500000000000001,011200
2025-07-02,0.76,011200
2025-07-03,1.0,011200
2025-07-04,1.0,011200
2025-07-07,1.0,011200
2025-07-08,1.0,011200
2025-07-09,1.0,011200
2025-07-10,1.0,011200
2025-07-11,1.0,011200
2025-07-14,0.9099999999999999,011200
2025-07-15,1.0,011200
2025-07-16,1.0,011200
2025-07-17,1.0,011200
2025-07-18,1.0,011200
2025-07-21,0.9099999999999999,011200
2025-07-22,1.0,011200
2025-07-23,1.0,011200
2025-07-24,1.0,011200
2025-07-25,1.0,011200
2025-07-28,0.3,011200
2025-07-29,0.3,011200
2025-07-30,0.3,011200
2025-07-31,0.3,011200
2025-08-01,0.3,011200
2025-08-04,0.3,011200
2025-08-05,0.3,011200
2025-08-06,0.3,011200
2025-08-07,0.3,011200
2025-08-08,0.3,011200
2025-08-11,0.3,011200
2025-08-12,0.3,011200
2025-08-13,0.3,011200
2025-08-14,0.3,011200
2025-08-18,0.9099999999999999,011200
2025-08-19,0.3,011200
2025-08-20,0.3,011200
2025-08-21,0.3,011200
2025-08-22,0.3,011200
2025-08-25,0.3,011200
2025-08-26,0.3,011200
2025-08-27,0.3,011200
2025-08-28,0.3,011200
2025-08-29,0.3,011200
2025-09-01,0.3,011200
2025-09-02,0.3,011200
2025-09-03,0.3,011200
2025-09-04,0.3,011200
2025-09-05,0.9099999999999999,011200
2025-09-08,0.9099999999999999,011200
2025-09-09,0.9099999999999999,011200
2025-09-10,1.0,011200
2025-09-11,1.0,011200
2025-09-12,1.0,011200
2025-09-15,0.9099999999999999,011200
2025-09-16,0.9099999999999999,011200
2025-09-17,0.9099999999999999,011200
2025-09-18,0.9099999999999999,011200
2025-09-19,0.3,011200
2025-09-22,0.3,011200
2025-09-23,0.3,011200
2025-09-24,0.3,011200
2025-09-25,0.3,011200
2025-09-26,0.3,011200
2025-09-29,0.3,011200
2025-09-30,0.3,011200
2025-10-01,0.3,011200
2025-10-02,0.3,011200
2025-10-10,0.3,011200
2025-10-13,0.3,011200
2025-10-14,0.3,011200
2025-10-15,0.3,011200
2025-10-16,0.3,011200
2025-10-17,0.3,011200
2025-10-20,0.3,011200
2025-10-21,0.3,011200
2025-10-22,0.9099999999999999,011200
2025-10-23,0.9099999999999999,011200
2025-10-24,0.3,011200
2025-10-27,0.9099999999999999,011200
2025-10-28,0.9099999999999999,011200
2025-10-29,0.9099999999999999,011200
2025-10-30,0.9099999999999999,011200
2025-10-31,0.9099999999999999,011200
2025-05-02,0.15,003490
2025-05-07,0.15,003490
2025-05-08,0.15,003490
2025-05-09,0.15,003490
2025-05-12,0.15,003490
2025-05-13,0.15,003490
2025-05-14,0.15,003490
2025-05-15,0.15,003490
2025-05-16,0.15,003490
2025-05-19,0.15,003490
2025-05-20,0.15,003490
2025-05-21,0.15,003490
2025-05-22,0.15,003490
2025-05-23,0.15,003490
2025-05-26,0.3,003490
2025-05-27,0.3,003490
2025-05-28,0.3,003490
2025-05-29,0.3,003490
2025-05-30,0.3,003490
2025-06-02,0.9099999999999999,003490
2025-06-04,1.0,003490
2025-06-05,0.9099999999999999,003490
2025-06-09,0.9099999999999999,003490
2025-06-10,0.9099999999999999,003490
2025-06-11,0.9099999999999999,003490
2025-06-12,0.3,003490
2025-06-13,0.3,003490
2025-06-16,0.3,003490
2025-06-17,0.3,003490
2025-06-18,0.3,003490
2025-06-19,0.3,003490
2025-06-20,0.3,003490
2025-06-23,0.3,003490
2025-06-24,0.9099999999999999,003490
2025-06-25,0.9099999999999999,003490
2025-06-26,1.0,003490
2025-06-27,0.9099999999999999,003490
2025-06-30,0.9099999999999999,003490
2025-07-01,0.9099999999999999,003490
2025-07-02,0.9099999999999999,003490
2025-07-03,1.0,003490
2025-07-04,0.9099999999999999,003490
2025-07-07,0.9099999999999999,003490
2025-07-08,0.9099999999999999,003490
2025-07-09,0.9099999999999999,003490
2025-07-10,1.0,003490
2025-07-11,1.0,003490
2025-07-14,1.0,003490
2025-07-15,1.0,003490
2025-07-16,1.0,003490
2025-07-17,1.0,003490
2025-07-18,1.0,003490
2025-07-21,1.0,003490
2025-07-22,1.0,003490
2025-07-23,1.0,003490
2025-07-24,0.9099999999999999,003490
2025-07-25,0.3,003490
2025-07-28,0.3,003490
2025-07-29,0.3,003490
2025-07-30,0.3,003490
2025-07-31,0.3,003490
2025-08-01,0.3,003490
2025-08-04,0.3,003490
2025-08-05,0.3,003490
2025-08-06,0.3,003490
2025-08-07,0.3,003490
2025-08-08,0.3,003490
2025-08-11,0.3,003490
2025-08-12,0.3,003490
2025-08-13,0.9099999999999999,003490
2025-08-14,0.9099999999999999,003490
2025-08-18,0.9099999999999999,003490
2025-08-19,0.9099999999999999,003490
2025-08-20,0.9099999999999999,003490
2025-08-21,0.9099999999999999,003490
2025-08-22,0.9099999999999999,003490
2025-08-25,1.0,003490
2025-08-26,0.9099999999999999,003490
2025-08-27,0.3,003490
2025-08-28,0.3,003490
2025-08-29,0.3,003490
2025-09-01,0.3,003490
2025-09-02,0.3,003490
2025-09-03,0.3,003490
2025-09-04,0.3,003490
2025-09-05,0.3,003490
2025-09-08,0.3,003490
2025-09-09,0.3,003490
2025-09-10,0.3,003490
2025-09-11,0.3,003490
2025-09-12,0.3,003490
2025-09-15,0.3,003490
2025-09-16,0.3,003490
2025-09-17,0.3,003490
2025-09-18,0.3,003490
2025-09-19,0.3,003490
2025-09-22,0.3,003490
2025-09-23,0.3,003490
2025-09-24,0.3,003490
2025-09-25,0.3,003490
2025-09-26,0.3,003490
2025-09-29,0.3,003490
2025-09-30,0.3,003490
2025-10-01,0.3,003490
2025-10-02,0.3,003490
2025-10-10,0.3,003490
2025-10-13,0.3,003490
2025-10-14,0.3,003490
2025-10-15,0.3,003490
2025-10-16,0.3,003490
2025-10-17,0.3,003490
2025-10-20,0.3,003490
2025-10-21,0.3,003490
2025-10-22,0.9099999999999999,003490
2025-10-23,0.3,003490
2025-10-24,0.3,003490
2025-10-27,0.3,003490
2025-10-28,0.3,003490
2025-10-29,0.3,003490
2025-10-30,0.9099999999999999,003490
2025-10-31,0.3,003490
2025-05-02,0.15,010950
2025-05-07,0.15,010950
2025-05-08,0.15,010950
2025-05-09,0.15,010950
2025-05-12,0.15,010950
2025-05-13,0.15,010950
2025-05-14,0.15,010950
2025-05-15,0.15,010950
2025-05-16,0.15,010950
2025-05-19,0.15,010950
2025-05-20,0.15,010950
2025-05-21,0.15,010950
2025-05-22,0.15,010950
2025-05-23,0.15,010950
2025-05-26,0.3,010950
2025-05-27,0.3,010950
2025-05-28,0.3,010950
2025-05-29,0.3,010950
2025-05-30,0.3,010950
2025-06-02,0.9099999999999999,010950
2025-06-04,1.0,010950
2025-06-05,1.0,010950
2025-06-09,1.0,010950
2025-06-10,1.0,010950
2025-06-11,1.0,010950
2025-06-12,1.0,010950
2025-06-13,1.0,010950
2025-06-16,0.8500000000000001,010950
2025-06-17,0.8500000000000001,010950
2025-06-18,0.8500000000000001,010950
2025-06-19,0.8500000000000001,010950
2025-06-20,0.8500000000000001,010950
2025-06-23,0.8500000000000001,010950
2025-06-24,0.15,010950
2025-06-25,0.15,010950
2025-06-26,0.15,010950
2025-06-27,0.15,010950
2025-06-30,0.8500000000000001,010950
2025-07-01,0.8500000000000001,010950
2025-07-02,0.8500000000000001,010950
2025-07-03,1.0,010950
2025-07-04,1.0,010950
2025-07-07,1.0,010950
2025-07-08,0.9099999999999999,010950
2025-07-09,1.0,010950
2025-07-10,1.0,010950
2025-07-11,0.9099999999999999,010950
2025-07-14,0.9099999999999999,010950
2025-07-15,0.9099999999999999,010950
2025-07-16,0.9099999999999999,010950
2025-07-17,0.9099999999999999,010950
2025-07-18,0.9099999999999999,010950
2025-07-21,0.9099999999999999,010950
2025-07-22,1.0,010950
2025-07-23,1.0,010950
2025-07-24,0.3,010950
2025-07-25,0.3,010950
2025-07-28,0.3,010950
2025-07-29,0.3,010950
2025-07-30,0.9099999999999999,010950
2025-07-31,0.9099999999999999,010950
2025-08-01,0.3,010950
2025-08-04,0.3,010950
2025-08-05,0.3,010950
2025-08-06,0.9099999999999999,010950
2025-08-07,0.3,010950
2025-08-08,0.3,010950
2025-08-11,0.3,010950
2025-08-12,0.3,010950
2025-08-13,0.3,010950
2025-08-14,0.3,010950
2025-08-18,0.3,010950
2025-08-19,0.3,010950
2025-08-20,0.3,010950
2025-08-21,0.9099999999999999,010950
2025-08-22,0.3,010950
2025-08-25,0.3,010950
2025-08-26,0.3,010950
2025-08-27,0.3,010950
2025-08-28,0.3,010950
2025-08-29,0.3,010950
2025-09-01,0.3,010950
2025-09-02,0.3,010950
2025-09-03,0.3,010950
2025-09-04,0.3,010950
2025-09-05,0.3,010950
2025-09-08,0.3,010950
2025-09-09,0.3,010950
2025-09-10,0.3,010950
2025-09-11,0.9099999999999999,010950
2025-09-12,0.3,010950
2025-09-15,0.3,010950
2025-09-16,0.3,010950
2025-09-17,0.3,010950
2025-09-18,0.3,010950
2025-09-19,0.3,010950
2025-09-22,0.3,010950
2025-09-23,0.3,010950
2025-09-24,0.9099999999999999,010950
2025-09-25,0.9099999999999999,010950
2025-09-26,0.9099999999999999,010950
2025-09-29,1.0,010950
2025-09-30,1.0,010950
2025-10-01,0.9099999999999999,010950
2025-10-02,0.9099999999999999,010950
2025-10-10,1.0,010950
2025-10-13,1.0,010950
2025-10-14,1.0,010950
2025-10-15,1.0,010950
2025-10-16,1.0,010950
2025-10-17,1.0,010950
2025-10-20,1.0,010950
2025-10-21,1.0,010950
2025-10-22,1.0,010950
2025-10-23,1.0,010950
2025-10-24,1.0,010950
2025-10-27,1.0,010950
2025-10-28,1.0,010950
2025-10-29,1.0,010950
2025-10-30,1.0,010950
2025-10-31,1.0,010950
2025-05-02,0.15,009540
2025-05-07,0.15,009540
2025-05-08,0.15,009540
2025-05-09,0.15,009540
2025-05-12,0.15,009540
2025-05-13,0.15,009540
2025-05-14,0.15,009540
2025-05-15,0.15,009540
2025-05-16,0.15,009540
2025-05-19,0.15,009540
2025-05-20,0.15,009540
2025-05-21,0.15,009540
2025-05-22,0.15,009540
2025-05-23,0.15,009540
2025-05-26,0.3,009540
2025-05-27,0.3,009540
2025-05-28,0.3,009540
2025-05-29,0.15,009540
2025-05-30,0.3,009540
2025-06-02,0.9099999999999999,009540
2025-06-04,1.0,009540
2025-06-05,0.8500000000000001,009540
2025-06-09,0.8500000000000001,009540
2025-06-10,0.8500000000000001,009540
2025-06-11,0.8500000000000001,009540
2025-06-12,0.8500000000000001,009540
2025-06-13,0.8500000000000001,009540
2025-06-16,0.8500000000000001,009540
2025-06-17,0.8500000000000001,009540
2025-06-18,0.8500000000000001,009540
2025-06-19,0.8500000000000001,009540
2025-06-20,0.8500000000000001,009540
2025-06-23,0.8500000000000001,009540
2025-06-24,0.8500000000000001,009540
2025-06-25,0.8500000000000001,009540
2025-06-26,0.8500000000000001,009540
2025-06-27,0.8500000000000001,009540
2025-06-30,0.8500000000000001,009540
2025-07-01,0.8500000000000001,009540
2025-07-02,0.15,009540
2025-07-03,0.15,009540
2025-07-04,0.15,009540
2025-07-07,0.15,009540
2025-07-08,0.15,009540
2025-07-09,0.15,009540
2025-07-10,0.15,009540
2025-07-11,0.15,009540
2025-07-14,0.15,009540
2025-07-15,0.15,009540
2025-07-16,0.15,009540
2025-07-17,0.15,009540
2025-07-18,0.15,009540
2025-07-21,0.9099999999999999,009540
2025-07-22,0.9099999999999999,009540
2025-07-23,0.3,009540
2025-07-24,0.9099999999999999,009540
2025-07-25,0.9099999999999999,009540
2025-07-28,0.9099999999999999,009540
2025-07-29,0.9099999999999999,009540
2025-07-30,0.9099999999999999,009540
2025-07-31,1.0,009540
2025-08-01,0.8500000000000001,009540
2025-08-04,0.8500000000000001,009540
2025-08-05,0.8500000000000001,009540
2025-08-06,0.8500000000000001,009540
2025-08-07,0.8500000000000001,009540
2025-08-08,0.8500000000000001,009540
2025-08-11,0.8500000000000001,009540
2025-08-12,0.8500000000000001,009540
2025-08-13,0.8500000000000001,009540
2025-08-14,0.8500000000000001,009540
2025-08-18,0.8500000000000001,009540
2025-08-19,0.76,009540
2025-08-20,0.15,009540
2025-08-21,0.15,009540
2025-08-22,0.8500000000000001,009540
2025-08-25,0.76,009540
2025-08-26,0.15,009540
2025-08-27,0.8500000000000001,009540
2025-08-28,0.8500000000000001,009540
2025-08-29,0.8500000000000001,009540
2025-09-01,0.8500000000000001,009540
2025-09-02,0.8500000000000001,009540
2025-09-03,0.8500000000000001,009540
2025-09-04,0.8500000000000001,009540
2025-09-05,0.8500000000000001,009540
2025-09-08,0.8500000000000001,009540
2025-09-09,0.8500000000000001,009540
2025-09-10,0.8500000000000001,009540
2025-09-11,0.8500000000000001,009540
2025-09-12,0.8500000000000001,009540
2025-09-15,0.8500000000000001,009540
2025-09-16,1.0,009540
2025-09-17,1.0,009540
2025-09-18,1.0,009540
2025-09-19,1.0,009540
2025-09-22,0.3,009540
2025-09-23,0.3,009540
2025-09-24,0.3,009540
2025-09-25,0.3,009540
2025-09-26,0.3,009540
2025-09-29,0.3,009540
2025-09-30,0.3,009540
2025-10-01,0.9099999999999999,009540
2025-10-02,0.9099999999999999,009540
2025-10-10,0.9099999999999999,009540
2025-10-13,0.9099999999999999,009540
2025-10-14,0.3,009540
2025-10-15,0.9099999999999999,009540
2025-10-16,0.9099999999999999,009540
2025-10-17,0.9099999999999999,009540
2025-10-20,0.9099999999999999,009540
2025-10-21,1.0,009540
2025-10-22,1.0,009540
2025-10-23,1.0,009540
2025-10-24,1.0,009540
2025-10-27,1.0,009540
2025-10-28,0.8500000000000001,009540
2025-10-29,0.8500000000000001,009540
2025-10-30,0.8500000000000001,009540
2025-10-31,0.8500000000000001,009540
2025-05-02,0.15,033780
2025-05-07,0.15,033780
2025-05-08,0.15,033780
2025-05-09,0.15,033780
2025-05-12,0.15,033780
2025-05-13,0.15,033780
2025-05-14,0.15,033780
2025-05-15,0.15,033780
2025-05-16,0.15,033780
2025-05-19,0.15,033780
2025-05-20,0.15,033780
2025-05-21,0.15,033780
2025-05-22,0.15,033780
2025-05-23,0.15,033780
2025-05-26,0.3,033780
2025-05-27,0.3,033780
2025-05-28,0.3,033780
2025-05-29,0.3,033780
2025-05-30,0.3,033780
2025-06-02,0.9099999999999999,033780
2025-06-04,1.0,033780
2025-06-05,1.0,033780
2025-06-09,0.9099999999999999,033780
2025-06-10,0.9099999999999999,033780
2025-06-11,0.9099999999999999,033780
2025-06-12,1.0,033780
2025-06-13,1.0,033780
2025-06-16,1.0,033780
2025-06-17,0.9099999999999999,033780
2025-06-18,1.0,033780
2025-06-19,1.0,033780
2025-06-20,1.0,033780
2025-06-23,0.9099999999999999,033780
2025-06-24,0.9099999999999999,033780
2025-06-25,0.9099999999999999,033780
2025-06-26,0.9099999999999999,033780
2025-06-27,0.3,033780
2025-06-30,1.0,033780
2025-07-01,1.0,033780
2025-07-02,1.0,033780
2025-07-03,0.9099999999999999,033780
2025-07-04,1.0,033780
2025-07-07,1.0,033780
2025-07-08,1.0,033780
2025-07-09,1.0,033780
2025-07-10,1.0,033780
2025-07-11,1.0,033780
2025-07-14,1.0,033780
2025-07-15,1.0,033780
2025-07-16,1.0,033780
2025-07-17,1.0,033780
2025-07-18,1.0,033780
2025-07-21,1.0,033780
2025-07-22,1.0,033780
2025-07-23,1.0,033780
2025-07-24,0.3,033780
2025-07-25,0.3,033780
2025-07-28,0.3,033780
2025-07-29,0.3,033780
2025-07-30,0.3,033780
2025-07-31,0.3,033780
2025-08-01,0.3,033780
2025-08-04,0.9099999999999999,033780
2025-08-05,0.9099999999999999,033780
2025-08-06,0.9099999999999999,033780
2025-08-07,0.9099999999999999,033780
2025-08-08,1.0,033780
2025-08-11,0.9099999999999999,033780
2025-08-12,0.9099999999999999,033780
2025-08-13,0.9099999999999999,033780
2025-08-14,0.3,033780
2025-08-18,0.3,033780
2025-08-19,0.3,033780
2025-08-20,0.9099999999999999,033780
2025-08-21,0.9099999999999999,033780
2025-08-22,0.9099999999999999,033780
2025-08-25,0.9099999999999999,033780
2025-08-26,0.9099999999999999,033780
2025-08-27,0.9099999999999999,033780
2025-08-28,0.3,033780
2025-08-29,0.3,033780
2025-09-01,0.3,033780
2025-09-02,0.3,033780
2025-09-03,0.3,033780
2025-09-04,0.3,033780
2025-09-05,0.3,033780
2025-09-08,0.3,033780
2025-09-09,0.3,033780
2025-09-10,0.3,033780
2025-09-11,0.3,033780
2025-09-12,0.3,033780
2025-09-15,0.9099999999999999,033780
2025-09-16,0.3,033780
2025-09-17,0.9099999999999999,033780
2025-09-18,0.9099999999999999,033780
2025-09-19,0.9099999999999999,033780
2025-09-22,0.9099999999999999,033780
2025-09-23,0.9099999999999999,033780
2025-09-24,0.9099999999999999,033780
2025-09-25,0.3,033780
2025-09-26,0.9099999999999999,033780
2025-09-29,0.3,033780
2025-09-30,0.3,033780
2025-10-01,0.3,033780
2025-10-02,0.3,033780
2025-10-10,0.3,033780
2025-10-13,0.3,033780
2025-10-14,1.0,033780
2025-10-15,0.3,033780
2025-10-16,0.9099999999999999,033780
2025-10-17,0.9099999999999999,033780
2025-10-20,0.9099999999999999,033780
2025-10-21,0.9099999999999999,033780
2025-10-22,0.9099999999999999,033780
2025-10-23,0.3,033780
2025-10-24,0.3,033780
2025-10-27,0.3,033780
2025-10-28,0.3,033780
2025-10-29,0.3,033780
2025-10-30,0.3,033780
2025-10-31,0.3,033780
2025-05-02,0.15,000100
2025-05-07,0.15,000100
2025-05-08,0.15,000100
2025-05-09,0.15,000100
2025-05-12,0.15,000100
2025-05-13,0.15,000100
2025-05-14,0.15,000100
2025-05-15,0.15,000100
2025-05-16,0.15,000100
2025-05-19,0.15,000100
2025-05-20,0.15,000100
2025-05-21,0.15,000100
2025-05-22,0.15,000100
2025-05-23,0.15,000100
2025-05-26,0.3,000100
2025-05-27,0.3,000100
2025-05-28,0.3,000100
2025-05-29,0.3,000100
2025-05-30,0.3,000100
2025-06-02,0.3,000100
2025-06-04,0.3,000100
2025-06-05,0.3,000100
2025-06-09,0.9099999999999999,000100
2025-06-10,0.9099999999999999,000100
2025-06-11,0.9099999999999999,000100
2025-06-12,0.9099999999999999,000100
2025-06-13,0.9099999999999999,000100
2025-06-16,0.9099999999999999,000100
2025-06-17,0.3,000100
2025-06-18,0.3,000100
2025-06-19,0.3,000100
2025-06-20,0.3,000100
2025-06-23,0.3,000100
2025-06-24,0.3,000100
2025-06-25,0.3,000100
2025-06-26,0.3,000100
2025-06-27,0.3,000100
2025-06-30,0.3,000100
2025-07-01,0.9099999999999999,000100
2025-07-02,0.9099999999999999,000100
2025-07-03,1.0,000100
2025-07-04,0.9099999999999999,000100
2025-07-07,0.9099999999999999,000100
2025-07-08,0.9099999999999999,000100
2025-07-09,0.9099999999999999,000100
2025-07-10,0.9099999999999999,000100
2025-07-11,0.9099999999999999,000100
2025-07-14,0.9099999999999999,000100
2025-07-15,1.0,000100
2025-07-16,1.0,000100
2025-07-17,1.0,000100
2025-07-18,1.0,000100
2025-07-21,0.8500000000000001,000100
2025-07-22,0.8500000000000001,000100
2025-07-23,0.8500000000000001,000100
2025-07-24,0.8500000000000001,000100
2025-07-25,0.8500000000000001,000100
2025-07-28,0.8500000000000001,000100
2025-07-29,0.8500000000000001,000100
2025-07-30,0.8500000000000001,000100
2025-07-31,0.8500000000000001,000100
2025-08-01,0.15,000100
2025-08-04,0.15,000100
2025-08-05,0.15,000100
2025-08-06,0.3,000100
2025-08-07,0.3,000100
2025-08-08,0.3,000100
2025-08-11,0.3,000100
2025-08-12,0.3,000100
2025-08-13,0.3,000100
2025-08-14,0.3,000100
2025-08-18,0.3,000100
2025-08-19,0.3,000100
2025-08-20,0.3,000100
2025-08-21,0.3,000100
2025-08-22,0.3,000100
2025-08-25,0.9099999999999999,000100
2025-08-26,0.9099999999999999,000100
2025-08-27,0.9099999999999999,000100
2025-08-28,0.9099999999999999,000100
2025-08-29,0.3,000100
2025-09-01,0.3,000100
2025-09-02,0.9099999999999999,000100
2025-09-03,0.9099999999999999,000100
2025-09-04,0.9099999999999999,000100
2025-09-05,1.0,000100
2025-09-08,1.0,000100
2025-09-09,1.0,000100
2025-09-10,1.0,000100
2025-09-11,0.9099999999999999,000100
2025-09-12,0.9099999999999999,000100
2025-09-15,0.9099999999999999,000100
2025-09-16,0.9099999999999999,000100
2025-09-17,0.3,000100
2025-09-18,0.3,000100
2025-09-19,0.9099999999999999,000100
2025-09-22,1.0,000100
2025-09-23,1.0,000100
2025-09-24,0.9099999999999999,000100
2025-09-25,0.3,000100
2025-09-26,0.3,000100
2025-09-29,0.3,000100
2025-09-30,0.9099999999999999,000100
2025-10-01,0.9099999999999999,000100
2025-10-02,0.9099999999999999,000100
2025-10-10,0.9099999999999999,000100
2025-10-13,0.3,000100
2025-10-14,0.9099999999999999,000100
2025-10-15,0.3,000100
2025-10-16,0.3,000100
2025-10-17,0.3,000100
2025-10-20,0.3,000100
2025-10-21,0.3,000100
2025-10-22,0.3,000100
2025-10-23,0.3,000100
2025-10-24,0.3,000100
2025-10-27,0.9099999999999999,000100
2025-10-28,0.9099999999999999,000100
2025-10-29,0.3,000100
2025-10-30,0.3,000100
2025-10-31,0.9099999999999999,000100
2025-05-02,0.15,030200
2025-05-07,0.15,030200
2025-05-08,0.15,030200
2025-05-09,0.15,030200
2025-05-12,0.15,030200
2025-05-13,0.15,030200
2025-05-14,0.15,030200
2025-05-15,0.15,030200
2025-05-16,0.15,030200
2025-05-19,0.15,030200
2025-05-20,0.15,030200
2025-05-21,0.15,030200
2025-05-22,0.15,030200
2025-05-23,0.15,030200
2025-05-26,0.3,030200
2025-05-27,0.3,030200
2025-05-28,0.3,030200
2025-05-29,0.3,030200
2025-05-30,0.3,030200
2025-06-02,0.3,030200
2025-06-04,0.3,030200
2025-06-05,0.3,030200
2025-06-09,0.3,030200
2025-06-10,0.3,030200
2025-06-11,0.9099999999999999,030200
2025-06-12,0.9099999999999999,030200
2025-06-13,0.9099999999999999,030200
2025-06-16,0.9099999999999999,030200
2025-06-17,0.9099999999999999,030200
2025-06-18,0.9099999999999999,030200
2025-06-19,0.9099999999999999,030200
2025-06-20,0.9099999999999999,030200
2025-06-23,0.3,030200
2025-06-24,0.9099999999999999,030200
2025-06-25,0.9099999999999999,030200
2025-06-26,0.9099999999999999,030200
2025-06-27,1.0,030200
2025-06-30,1.0,030200
2025-07-01,1.0,030200
2025-07-02,1.0,030200
2025-07-03,1.0,030200
2025-07-04,1.0,030200
2025-07-07,1.0,030200
2025-07-08,1.0,030200
2025-07-09,1.0,030200
2025-07-10,1.0,030200
2025-07-11,1.0,030200
2025-07-14,1.0,030200
2025-07-15,1.0,030200
2025-07-16,1.0,030200
2025-07-17,1.0,030200
2025-07-18,1.0,030200
2025-07-21,1.0,030200
2025-07-22,1.0,030200
2025-07-23,0.3,030200
2025-07-24,0.3,030200
2025-07-25,0.3,030200
2025-07-28,0.3,030200
2025-07-29,0.3,030200
2025-07-30,0.3,030200
2025-07-31,0.3,030200
2025-08-01,0.3,030200
2025-08-04,0.3,030200
2025-08-05,0.3,030200
2025-08-06,0.3,030200
2025-08-07,0.3,030200
2025-08-08,0.3,030200
2025-08-11,0.3,030200
2025-08-12,0.3,030200
2025-08-13,0.3,030200
2025-08-14,0.9099999999999999,030200
2025-08-18,0.9099999999999999,030200
2025-08-19,0.9099999999999999,030200
2025-08-20,0.9099999999999999,030200
2025-08-21,0.9099999999999999,030200
2025-08-22,0.9099999999999999,030200
2025-08-25,0.9099999999999999,030200
2025-08-26,0.9099999999999999,030200
2025-08-27,0.3,030200
2025-08-28,0.3,030200
2025-08-29,0.3,030200
2025-09-01,0.3,030200
2025-09-02,0.3,030200
2025-09-03,0.3,030200
2025-09-04,0.3,030200
2025-09-05,0.3,030200
2025-09-08,0.3,030200
2025-09-09,0.3,030200
2025-09-10,0.3,030200
2025-09-11,0.3,030200
2025-09-12,0.3,030200
2025-09-15,0.3,030200
2025-09-16,0.3,030200
2025-09-17,0.3,030200
2025-09-18,0.3,030200
2025-09-19,0.3,030200
2025-09-22,0.3,030200
2025-09-23,0.3,030200
2025-09-24,0.3,030200
2025-09-25,0.3,030200
2025-09-26,0.3,030200
2025-09-29,0.3,030200
2025-09-30,0.3,030200
2025-10-01,0.3,030200
2025-10-02,0.3,030200
2025-10-10,0.3,030200
2025-10-13,0.3,030200
2025-10-14,0.3,030200
2025-10-15,0.3,030200
2025-10-16,0.3,030200
2025-10-17,0.3,030200
2025-10-20,0.9099999999999999,030200
2025-10-21,0.9099999999999999,030200
2025-10-22,0.9099999999999999,030200
2025-10-23,0.3,030200
2025-10-24,0.3,030200
2025-10-27,0.3,030200
2025-10-28,0.3,030200
2025-10-29,0.3,030200
2025-10-30,0.3,030200
2025-10-31,0.3,030200
2025-05-02,0.15,042660
2025-05-07,0.15,042660
2025-05-08,0.15,042660
2025-05-09,0.15,042660
2025-05-12,0.15,042660
2025-05-13,0.15,042660
2025-05-14,0.15,042660
2025-05-15,0.15,042660
2025-05-16,0.15,042660
2025-05-19,0.15,042660
2025-05-20,0.15,042660
2025-05-21,0.15,042660
2025-05-22,0.15,042660
2025-05-23,0.15,042660
2025-05-26,0.3,042660
2025-05-27,0.3,042660
2025-05-28,0.3,042660
2025-05-29,0.3,042660
2025-05-30,0.3,042660
2025-06-02,0.3,042660
2025-06-04,0.3,042660
2025-06-05,0.3,042660
2025-06-09,0.3,042660
2025-06-10,0.9099999999999999,042660
2025-06-11,0.9099999999999999,042660
2025-06-12,1.0,042660
2025-06-13,1.0,042660
2025-06-16,1.0,042660
2025-06-17,1.0,042660
2025-06-18,0.8500000000000001,042660
2025-06-19,0.8500000000000001,042660
2025-06-20,0.8500000000000001,042660
2025-06-23,0.8500000000000001,042660
2025-06-24,0.8500000000000001,042660
2025-06-25,0.15,042660
2025-06-26,0.15,042660
2025-06-27,0.15,042660
2025-06-30,0.15,042660
2025-07-01,0.15,042660
2025-07-02,0.15,042660
2025-07-03,0.15,042660
2025-07-04,0.15,042660
2025-07-07,0.15,042660
2025-07-08,0.15,042660
2025-07-09,0.15,042660
2025-07-10,0.15,042660
2025-07-11,0.15,042660
2025-07-14,0.15,042660
2025-07-15,0.15,042660
2025-07-16,0.3,042660
2025-07-17,0.9099999999999999,042660
2025-07-18,0.9099999999999999,042660
2025-07-21,0.9099999999999999,042660
2025-07-22,0.9099999999999999,042660
2025-07-23,0.9099999999999999,042660
2025-07-24,1.0,042660
2025-07-25,1.0,042660
2025-07-28,1.0,042660
2025-07-29,0.8500000000000001,042660
2025-07-30,0.8500000000000001,042660
2025-07-31,0.8500000000000001,042660
2025-08-01,0.8500000000000001,042660
2025-08-04,0.8500000000000001,042660
2025-08-05,0.8500000000000001,042660
2025-08-06,0.8500000000000001,042660
2025-08-07,0.8500000000000001,042660
2025-08-08,0.8500000000000001,042660
2025-08-11,0.8500000000000001,042660
2025-08-12,0.8500000000000001,042660
2025-08-13,0.8500000000000001,042660
2025-08-14,0.8500000000000001,042660
2025-08-18,0.8500000000000001,042660
2025-08-19,0.8500000000000001,042660
2025-08-20,0.15,042660
2025-08-21,0.8500000000000001,042660
2025-08-22,0.8500000000000001,042660
2025-08-25,0.8500000000000001,042660
2025-08-26,0.15,042660
2025-08-27,0.8500000000000001,042660
2025-08-28,0.15,042660
2025-08-29,0.76,042660
2025-09-01,0.76,042660
2025-09-02,0.8500000000000001,042660
2025-09-03,0.76,042660
2025-09-04,0.76,042660
2025-09-05,0.76,042660
2025-09-08,0.15,042660
2025-09-09,0.15,042660
2025-09-10,0.15,042660
2025-09-11,0.8500000000000001,042660
2025-09-12,0.8500000000000001,042660
2025-09-15,0.15,042660
2025-09-16,0.15,042660
2025-09-17,0.15,042660
2025-09-18,0.15,042660
2025-09-19,0.3,042660
2025-09-22,0.3,042660
2025-09-23,0.3,042660
2025-09-24,0.3,042660
2025-09-25,0.3,042660
2025-09-26,0.3,042660
2025-09-29,0.3,042660
2025-09-30,0.3,042660
2025-10-01,0.3,042660
2025-10-02,0.9099999999999999,042660
2025-10-10,0.3,042660
2025-10-13,0.3,042660
2025-10-14,0.3,042660
2025-10-15,0.3,042660
2025-10-16,0.3,042660
2025-10-17,0.15,042660
2025-10-20,0.76,042660
2025-10-21,0.8500000000000001,042660
2025-10-22,0.8500000000000001,042660
2025-10-23,0.8500000000000001,042660
2025-10-24,0.8500000000000001,042660
2025-10-27,0.8500000000000001,042660
2025-10-28,0.8500000000000001,042660
2025-10-29,0.8500000000000001,042660
2025-10-30,0.8500000000000001,042660
2025-10-31,0.8500000000000001,042660
2025-05-02,0.15,005830
2025-05-07,0.15,005830
2025-05-08,0.15,005830
2025-05-09,0.15,005830
2025-05-12,0.15,005830
2025-05-13,0.15,005830
2025-05-14,0.15,005830
2025-05-15,0.15,005830
2025-05-16,0.15,005830
2025-05-19,0.15,005830
2025-05-20,0.15,005830
2025-05-21,0.15,005830
2025-05-22,0.15,005830
2025-05-23,0.15,005830
2025-05-26,0.3,005830
2025-05-27,0.3,005830
2025-05-28,0.3,005830
2025-05-29,0.3,005830
2025-05-30,0.3,005830
2025-06-02,0.9099999999999999,005830
2025-06-04,1.0,005830
2025-06-05,1.0,005830
2025-06-09,1.0,005830
2025-06-10,1.0,005830
2025-06-11,1.0,005830
2025-06-12,1.0,005830
2025-06-13,1.0,005830
2025-06-16,1.0,005830
2025-06-17,0.8500000000000001,005830
2025-06-18,0.8500000000000001,005830
2025-06-19,0.8500000000000001,005830
2025-06-20,0.8500000000000001,005830
2025-06-23,0.8500000000000001,005830
2025-06-24,0.8500000000000001,005830
2025-06-25,0.8500000000000001,005830
2025-06-26,1.0,005830
2025-06-27,1.0,005830
2025-06-30,1.0,005830
2025-07-01,1.0,005830
2025-07-02,1.0,005830
2025-07-03,1.0,005830
2025-07-04,1.0,005830
2025-07-07,1.0,005830
2025-07-08,1.0,005830
2025-07-09,1.0,005830
2025-07-10,1.0,005830
2025-07-11,1.0,005830
2025-07-14,1.0,005830
2025-07-15,1.0,005830
2025-07-16,1.0,005830
2025-07-17,1.0,005830
2025-07-18,1.0,005830
2025-07-21,1.0,005830
2025-07-22,1.0,005830
2025-07-23,1.0,005830
2025-07-24,0.15,005830
2025-07-25,1.0,005830
2025-07-28,0.15,005830
2025-07-29,0.15,005830
2025-07-30,0.15,005830
2025-07-31,0.3,005830
2025-08-01,0.3,005830
2025-08-04,0.3,005830
2025-08-05,0.3,005830
2025-08-06,0.3,005830
2025-08-07,0.3,005830
2025-08-08,0.3,005830
2025-08-11,0.3,005830
2025-08-12,0.3,005830
2025-08-13,0.3,005830
2025-08-14,0.3,005830
2025-08-18,0.9099999999999999,005830
2025-08-19,0.9099999999999999,005830
2025-08-20,0.9099999999999999,005830
2025-08-21,0.9099999999999999,005830
2025-08-22,0.9099999999999999,005830
2025-08-25,0.9099999999999999,005830
2025-08-26,0.9099999999999999,005830
2025-08-27,0.9099999999999999,005830
2025-08-28,0.9099999999999999,005830
2025-08-29,0.9099999999999999,005830
2025-09-01,1.0,005830
2025-09-02,1.0,005830
2025-09-03,1.0,005830
2025-09-04,1.0,005830
2025-09-05,1.0,005830
2025-09-08,1.0,005830
2025-09-09,1.0,005830
2025-09-10,1.0,005830
2025-09-11,1.0,005830
2025-09-12,1.0,005830
2025-09-15,1.0,005830
2025-09-16,1.0,005830
2025-09-17,1.0,005830
2025-09-18,1.0,005830
2025-09-19,1.0,005830
2025-09-22,1.0,005830
2025-09-23,1.0,005830
2025-09-24,0.3,005830
2025-09-25,0.3,005830
2025-09-26,0.3,005830
2025-09-29,0.9099999999999999,005830
2025-09-30,0.3,005830
2025-10-01,0.3,005830
2025-10-02,0.3,005830
2025-10-10,0.3,005830
2025-10-13,0.3,005830
2025-10-14,0.3,005830
2025-10-15,0.3,005830
2025-10-16,0.3,005830
2025-10-17,0.3,005830
2025-10-20,0.3,005830
2025-10-21,0.3,005830
2025-10-22,0.3,005830
2025-10-23,0.3,005830
2025-10-24,0.3,005830
2025-10-27,0.3,005830
2025-10-28,0.3,005830
2025-10-29,0.3,005830
2025-10-30,0.3,005830
2025-10-31,0.3,005830
2025-05-02,0.15,024110
2025-05-07,0.15,024110
2025-05-08,0.15,024110
2025-05-09,0.15,024110
2025-05-12,0.15,024110
2025-05-13,0.15,024110
2025-05-14,0.15,024110
2025-05-15,0.15,024110
2025-05-16,0.15,024110
2025-05-19,0.15,024110
2025-05-20,0.15,024110
2025-05-21,0.15,024110
2025-05-22,0.15,024110
2025-05-23,0.15,024110
2025-05-26,0.3,024110
2025-05-27,0.3,024110
2025-05-28,0.3,024110
2025-05-29,0.3,024110
2025-05-30,0.3,024110
2025-06-02,0.9099999999999999,024110
2025-06-04,0.9099999999999999,024110
2025-06-05,1.0,024110
2025-06-09,1.0,024110
2025-06-10,1.0,024110
2025-06-11,1.0,024110
2025-06-12,1.0,024110
2025-06-13,1.0,024110
2025-06-16,1.0,024110
2025-06-17,1.0,024110
2025-06-18,1.0,024110
2025-06-19,1.0,024110
2025-06-20,1.0,024110
2025-06-23,1.0,024110
2025-06-24,1.0,024110
2025-06-25,1.0,024110
2025-06-26,1.0,024110
2025-06-27,1.0,024110
2025-06-30,1.0,024110
2025-07-01,1.0,024110
2025-07-02,1.0,024110
2025-07-03,1.0,024110
2025-07-04,1.0,024110
2025-07-07,1.0,024110
2025-07-08,1.0,024110
2025-07-09,1.0,024110
2025-07-10,1.0,024110
2025-07-11,1.0,024110
2025-07-14,1.0,024110
2025-07-15,1.0,024110
2025-07-16,1.0,024110
2025-07-17,1.0,024110
2025-07-18,1.0,024110
2025-07-21,1.0,024110
2025-07-22,1.0,024110
2025-07-23,1.0,024110
2025-07-24,1.0,024110
2025-07-25,0.3,024110
2025-07-28,0.3,024110
2025-07-29,0.3,024110
2025-07-30,0.3,024110
2025-07-31,0.3,024110
2025-08-01,0.3,024110
2025-08-04,0.3,024110
2025-08-05,0.3,024110
2025-08-06,0.3,024110
2025-08-07,0.3,024110
2025-08-08,0.3,024110
2025-08-11,0.3,024110
2025-08-12,0.3,024110
2025-08-13,0.3,024110
2025-08-14,0.3,024110
2025-08-18,0.3,024110
2025-08-19,0.3,024110
2025-08-20,0.3,024110
2025-08-21,0.3,024110
2025-08-22,0.3,024110
2025-08-25,0.9099999999999999,024110
2025-08-26,0.3,024110
2025-08-27,0.3,024110
2025-08-28,0.3,024110
2025-08-29,0.3,024110
2025-09-01,0.3,024110
2025-09-02,0.3,024110
2025-09-03,0.3,024110
2025-09-04,0.3,024110
2025-09-05,0.3,024110
2025-09-08,0.3,024110
2025-09-09,0.3,024110
2025-09-10,0.9099999999999999,024110
2025-09-11,0.9099999999999999,024110
2025-09-12,0.9099999999999999,024110
2025-09-15,0.9099999999999999,024110
2025-09-16,0.9099999999999999,024110
2025-09-17,0.9099999999999999,024110
2025-09-18,0.9099999999999999,024110
2025-09-19,0.9099999999999999,024110
2025-09-22,0.9099999999999999,024110
2025-09-23,0.9099999999999999,024110
2025-09-24,0.9099999999999999,024110
2025-09-25,0.9099999999999999,024110
2025-09-26,0.3,024110
2025-09-29,0.3,024110
2025-09-30,0.3,024110
2025-10-01,0.3,024110
2025-10-02,0.3,024110
2025-10-10,0.3,024110
2025-10-13,0.3,024110
2025-10-14,0.3,024110
2025-10-15,0.3,024110
2025-10-16,0.3,024110
2025-10-17,0.3,024110
2025-10-20,0.3,024110
2025-10-21,0.9099999999999999,024110
2025-10-22,0.9099999999999999,024110
2025-10-23,0.9099999999999999,024110
2025-10-24,0.9099999999999999,024110
2025-10-27,0.9099999999999999,024110
2025-10-28,0.9099999999999999,024110
2025-10-29,0.3,024110
2025-10-30,0.3,024110
2025-10-31,0.9099999999999999,024110
2025-05-02,0.15,036570
2025-05-07,0.15,036570
2025-05-08,0.15,036570
2025-05-09,0.15,036570
2025-05-12,0.15,036570
2025-05-13,0.15,036570
2025-05-14,0.15,036570
2025-05-15,0.15,036570
2025-05-16,0.15,036570
2025-05-19,0.15,036570
2025-05-20,0.15,036570
2025-05-21,0.15,036570
2025-05-22,0.15,036570
2025-05-23,0.15,036570
2025-05-26,0.3,036570
2025-05-27,0.3,036570
2025-05-28,0.3,036570
2025-05-29,0.3,036570
2025-05-30,0.15,036570
2025-06-02,0.76,036570
2025-06-04,1.0,036570
2025-06-05,0.8500000000000001,036570
2025-06-09,1.0,036570
2025-06-10,1.0,036570
2025-06-11,1.0,036570
2025-06-12,1.0,036570
2025-06-13,0.8500000000000001,036570
2025-06-16,0.8500000000000001,036570
2025-06-17,0.8500000000000001,036570
2025-06-18,0.8500000000000001,036570
2025-06-19,0.8500000000000001,036570
2025-06-20,0.8500000000000001,036570
2025-06-23,0.8500000000000001,036570
2025-06-24,0.8500000000000001,036570
2025-06-25,0.8500000000000001,036570
2025-06-26,0.8500000000000001,036570
2025-06-27,0.8500000000000001,036570
2025-06-30,0.8500000000000001,036570
2025-07-01,0.8500000000000001,036570
2025-07-02,0.8500000000000001,036570
2025-07-03,0.8500000000000001,036570
2025-07-04,0.8500000000000001,036570
2025-07-07,0.8500000000000001,036570
2025-07-08,0.8500000000000001,036570
2025-07-09,0.8500000000000001,036570
2025-07-10,0.8500000000000001,036570
2025-07-11,0.8500000000000001,036570
2025-07-14,0.8500000000000001,036570
2025-07-15,0.8500000000000001,036570
2025-07-16,0.8500000000000001,036570
2025-07-17,0.8500000000000001,036570
2025-07-18,1.0,036570
2025-07-21,1.0,036570
2025-07-22,1.0,036570
2025-07-23,0.3,036570
2025-07-24,0.15,036570
2025-07-25,0.3,036570
2025-07-28,0.3,036570
2025-07-29,0.3,036570
2025-07-30,0.3,036570
2025-07-31,0.3,036570
2025-08-01,0.3,036570
2025-08-04,0.3,036570
2025-08-05,0.3,036570
2025-08-06,0.3,036570
2025-08-07,0.9099999999999999,036570
2025-08-08,0.9099999999999999,036570
2025-08-11,0.9099999999999999,036570
2025-08-12,0.9099999999999999,036570
2025-08-13,0.9099999999999999,036570
2025-08-14,0.76,036570
2025-08-18,0.76,036570
2025-08-19,0.76,036570
2025-08-20,0.15,036570
2025-08-21,0.15,036570
2025-08-22,0.15,036570
2025-08-25,0.15,036570
2025-08-26,0.15,036570
2025-08-27,0.8500000000000001,036570
2025-08-28,1.0,036570
2025-08-29,0.9099999999999999,036570
2025-09-01,0.15,036570
2025-09-02,0.3,036570
2025-09-03,0.3,036570
2025-09-04,0.3,036570
2025-09-05,0.3,036570
2025-09-08,0.3,036570
2025-09-09,0.3,036570
2025-09-10,0.9099999999999999,036570
2025-09-11,0.9099999999999999,036570
2025-09-12,0.9099999999999999,036570
2025-09-15,1.0,036570
2025-09-16,1.0,036570
2025-09-17,1.0,036570
2025-09-18,1.0,036570
2025-09-19,1.0,036570
2025-09-22,1.0,036570
2025-09-23,1.0,036570
2025-09-24,1.0,036570
2025-09-25,1.0,036570
2025-09-26,1.0,036570
2025-09-29,1.0,036570
2025-09-30,0.3,036570
2025-10-01,0.15,036570
2025-10-02,0.3,036570
2025-10-10,0.3,036570
2025-10-13,0.3,036570
2025-10-14,0.3,036570
2025-10-15,0.3,036570
2025-10-16,0.3,036570
2025-10-17,0.3,036570
2025-10-20,0.3,036570
2025-10-21,0.3,036570
2025-10-22,0.3,036570
2025-10-23,0.3,036570
2025-10-24,0.3,036570
2025-10-27,0.9099999999999999,036570
2025-10-28,0.9099999999999999,036570
2025-10-29,0.9099999999999999,036570
2025-10-30,0.9099999999999999,036570
2025-10-31,0.9099999999999999,036570
2025-05-02,0.15,251270
2025-05-07,0.15,251270
2025-05-08,0.15,251270
2025-05-09,0.15,251270
2025-05-12,0.15,251270
2025-05-13,0.15,251270
2025-05-14,0.15,251270
2025-05-15,0.15,251270
2025-05-16,0.15,251270
2025-05-19,0.15,251270
2025-05-20,0.15,251270
2025-05-21,0.15,251270
2025-05-22,0.15,251270
2025-05-23,0.15,251270
2025-05-26,0.15,251270
2025-05-27,0.15,251270
2025-05-28,0.15,251270
2025-05-29,0.3,251270
2025-05-30,0.3,251270
2025-06-02,0.9099999999999999,251270
2025-06-04,1.0,251270
2025-06-05,1.0,251270
2025-06-09,1.0,251270
2025-06-10,1.0,251270
2025-06-11,1.0,251270
2025-06-12,1.0,251270
2025-06-13,0.8500000000000001,251270
2025-06-16,0.8500000000000001,251270
2025-06-17,0.8500000000000001,251270
2025-06-18,0.8500000000000001,251270
2025-06-19,0.8500000000000001,251270
2025-06-20,0.8500000000000001,251270
2025-06-23,0.8500000000000001,251270
2025-06-24,0.8500000000000001,251270
2025-06-25,0.8500000000000001,251270
2025-06-26,0.8500000000000001,251270
2025-06-27,0.8500000000000001,251270
2025-06-30,0.8500000000000001,251270
2025-07-01,1.0,251270
2025-07-02,1.0,251270
2025-07-03,1.0,251270
2025-07-04,1.0,251270
2025-07-07,1.0,251270
2025-07-08,0.9099999999999999,251270
2025-07-09,0.9099999999999999,251270
2025-07-10,0.9099999999999999,251270
2025-07-11,1.0,251270
2025-07-14,1.0,251270
2025-07-15,1.0,251270
2025-07-16,0.9099999999999999,251270
2025-07-17,0.3,251270
2025-07-18,0.3,251270
2025-07-21,1.0,251270
2025-07-22,0.9099999999999999,251270
2025-07-23,0.3,251270
2025-07-24,0.3,251270
2025-07-25,0.3,251270
2025-07-28,0.3,251270
2025-07-29,0.15,251270
2025-07-30,0.15,251270
2025-07-31,0.3,251270
2025-08-01,0.15,251270
2025-08-04,0.15,251270
2025-08-05,0.15,251270
2025-08-06,0.3,251270
2025-08-07,0.9099999999999999,251270
2025-08-08,0.15,251270
2025-08-11,0.15,251270
2025-08-12,0.15,251270
2025-08-13,0.15,251270
2025-08-14,0.15,251270
2025-08-18,0.15,251270
2025-08-19,0.76,251270
2025-08-20,0.9099999999999999,251270
2025-08-21,0.9099999999999999,251270
2025-08-22,0.9099999999999999,251270
2025-08-25,0.9099999999999999,251270
2025-08-26,1.0,251270
2025-08-27,0.9099999999999999,251270
2025-08-28,0.9099999999999999,251270
2025-08-29,0.9099999999999999,251270
2025-09-01,0.3,251270
2025-09-02,0.3,251270
2025-09-03,0.3,251270
2025-09-04,0.9099999999999999,251270
2025-09-05,0.9099999999999999,251270
2025-09-08,1.0,251270
2025-09-09,1.0,251270
2025-09-10,1.0,251270
2025-09-11,1.0,251270
2025-09-12,1.0,251270
2025-09-15,1.0,251270
2025-09-16,0.9099999999999999,251270
2025-09-17,1.0,251270
2025-09-18,1.0,251270
2025-09-19,1.0,251270
2025-09-22,1.0,251270
2025-09-23,0.9099999999999999,251270
2025-09-24,1.0,251270
2025-09-25,0.9099999999999999,251270
2025-09-26,0.3,251270
2025-09-29,0.3,251270
2025-09-30,0.3,251270
2025-10-01,0.3,251270
2025-10-02,0.15,251270
2025-10-10,0.15,251270
2025-10-13,0.15,251270
2025-10-14,0.15,251270
2025-10-15,0.3,251270
2025-10-16,0.3,251270
2025-10-17,0.3,251270
2025-10-20,0.3,251270
2025-10-21,0.3,251270
2025-10-22,0.3,251270
2025-10-23,0.3,251270
2025-10-24,0.3,251270
2025-10-27,0.3,251270
2025-10-28,0.3,251270
2025-10-29,0.3,251270
2025-10-30,0.3,251270
2025-10-31,0.3,251270
2025-05-02,0.15,009830
2025-05-07,0.15,009830
2025-05-08,0.15,009830
2025-05-09,0.15,009830
2025-05-12,0.15,009830
2025-05-13,0.15,009830
2025-05-14,0.15,009830
2025-05-15,0.15,009830
2025-05-16,0.15,009830
2025-05-19,0.15,009830
2025-05-20,0.15,009830
2025-05-21,0.15,009830
2025-05-22,0.15,009830
2025-05-23,0.15,009830
2025-05-26,0.15,009830
2025-05-27,0.15,009830
2025-05-28,0.15,009830
2025-05-29,0.15,009830
2025-05-30,0.15,009830
2025-06-02,0.15,009830
2025-06-04,0.15,009830
2025-06-05,0.15,009830
2025-06-09,0.15,009830
2025-06-10,0.15,009830
2025-06-11,0.8500000000000001,009830
2025-06-12,0.8500000000000001,009830
2025-06-13,0.76,009830
2025-06-16,0.76,009830
2025-06-17,0.76,009830
2025-06-18,0.15,009830
2025-06-19,0.15,009830
2025-06-20,0.76,009830
2025-06-23,0.15,009830
2025-06-24,0.8500000000000001,009830
2025-06-25,0.8500000000000001,009830
2025-06-26,0.15,009830
2025-06-27,0.8500000000000001,009830
2025-06-30,0.15,009830
2025-07-01,0.8500000000000001,009830
2025-07-02,0.8500000000000001,009830
2025-07-03,0.8500000000000001,009830
2025-07-04,0.8500000000000001,009830
2025-07-07,0.8500000000000001,009830
2025-07-08,0.8500000000000001,009830
2025-07-09,0.15,009830
2025-07-10,0.76,009830
2025-07-11,0.76,009830
2025-07-14,0.76,009830
2025-07-15,0.8500000000000001,009830
2025-07-16,0.8500000000000001,009830
2025-07-17,0.8500000000000001,009830
2025-07-18,0.8500000000000001,009830
2025-07-21,0.8500000000000001,009830
2025-07-22,0.8500000000000001,009830
2025-07-23,0.8500000000000001,009830
2025-07-24,0.8500000000000001,009830
2025-07-25,0.8500000000000001,009830
2025-07-28,0.8500000000000001,009830
2025-07-29,0.8500000000000001,009830
2025-07-30,0.15,009830
2025-07-31,0.15,009830
2025-08-01,0.15,009830
2025-08-04,0.15,009830
2025-08-05,0.15,009830
2025-08-06,0.15,009830
2025-08-07,0.15,009830
2025-08-08,0.15,009830
2025-08-11,0.15,009830
2025-08-12,0.15,009830
2025-08-13,0.15,009830
2025-08-14,0.15,009830
2025-08-18,0.15,009830
2025-08-19,0.15,009830
2025-08-20,0.3,009830
2025-08-21,0.3,009830
2025-08-22,0.3,009830
2025-08-25,0.3,009830
2025-08-26,0.3,009830
2025-08-27,0.3,009830
2025-08-28,0.3,009830
2025-08-29,0.3,009830
2025-09-01,0.3,009830
2025-09-02,0.3,009830
2025-09-03,0.3,009830
2025-09-04,0.3,009830
2025-09-05,0.3,009830
2025-09-08,0.9099999999999999,009830
2025-09-09,0.3,009830
2025-09-10,0.3,009830
2025-09-11,0.9099999999999999,009830
2025-09-12,0.9099999999999999,009830
2025-09-15,0.9099999999999999,009830
2025-09-16,0.9099999999999999,009830
2025-09-17,0.9099999999999999,009830
2025-09-18,0.9099999999999999,009830
2025-09-19,0.9099999999999999,009830
2025-09-22,0.9099999999999999,009830
2025-09-23,1.0,009830
2025-09-24,0.9099999999999999,009830
2025-09-25,0.3,009830
2025-09-26,0.3,009830
2025-09-29,0.3,009830
2025-09-30,0.3,009830
2025-10-01,0.3,009830
2025-10-02,0.3,009830
2025-10-10,0.3,009830
2025-10-13,0.3,009830
2025-10-14,0.3,009830
2025-10-15,0.3,009830
2025-10-16,0.9099999999999999,009830
2025-10-17,0.9099999999999999,009830
2025-10-20,0.9099999999999999,009830
2025-10-21,0.9099999999999999,009830
2025-10-22,0.9099999999999999,009830
2025-10-23,0.9099999999999999,009830
2025-10-24,1.0,009830
2025-10-27,1.0,009830
2025-10-28,1.0,009830
2025-10-29,1.0,009830
2025-10-30,0.9099999999999999,009830
2025-10-31,1.0,009830
2025-05-02,0.15,011070
2025-05-07,0.15,011070
2025-05-08,0.15,011070
2025-05-09,0.15,011070
2025-05-12,0.15,011070
2025-05-13,0.15,011070
2025-05-14,0.15,011070
2025-05-15,0.15,011070
2025-05-16,0.15,011070
2025-05-19,0.15,011070
2025-05-20,0.15,011070
2025-05-21,0.15,011070
2025-05-22,0.15,011070
2025-05-23,0.15,011070
2025-05-26,0.3,011070
2025-05-27,0.3,011070
2025-05-28,0.3,011070
2025-05-29,0.3,011070
2025-05-30,0.3,011070
2025-06-02,0.3,011070
2025-06-04,0.3,011070
2025-06-05,1.0,011070
2025-06-09,1.0,011070
2025-06-10,1.0,011070
2025-06-11,0.9099999999999999,011070
2025-06-12,0.9099999999999999,011070
2025-06-13,0.3,011070
2025-06-16,0.3,011070
2025-06-17,0.3,011070
2025-06-18,1.0,011070
2025-06-19,0.9099999999999999,011070
2025-06-20,0.9099999999999999,011070
2025-06-23,0.3,011070
2025-06-24,1.0,011070
2025-06-25,1.0,011070
2025-06-26,1.0,011070
2025-06-27,0.3,011070
2025-06-30,0.3,011070
2025-07-01,0.76,011070
2025-07-02,0.8500000000000001,011070
2025-07-03,1.0,011070
2025-07-04,0.76,011070
2025-07-07,0.9099999999999999,011070
2025-07-08,0.3,011070
2025-07-09,0.3,011070
2025-07-10,1.0,011070
2025-07-11,1.0,011070
2025-07-14,1.0,011070
2025-07-15,1.0,011070
2025-07-16,0.9099999999999999,011070
2025-07-17,0.9099999999999999,011070
2025-07-18,0.9099999999999999,011070
2025-07-21,1.0,011070
2025-07-22,0.3,011070
2025-07-23,0.9099999999999999,011070
2025-07-24,0.9099999999999999,011070
2025-07-25,0.9099999999999999,011070
2025-07-28,0.9099999999999999,011070
2025-07-29,0.9099999999999999,011070
2025-07-30,0.9099999999999999,011070
2025-07-31,0.9099999999999999,011070
2025-08-01,0.3,011070
2025-08-04,0.3,011070
2025-08-05,1.0,011070
2025-08-06,1.0,011070
2025-08-07,0.9099999999999999,011070
2025-08-08,0.9099999999999999,011070
2025-08-11,1.0,011070
2025-08-12,0.9099999999999999,011070
2025-08-13,1.0,011070
2025-08-14,1.0,011070
2025-08-18,1.0,011070
2025-08-19,1.0,011070
2025-08-20,0.9099999999999999,011070
2025-08-21,0.3,011070
2025-08-22,0.3,011070
2025-08-25,0.3,011070
2025-08-26,0.9099999999999999,011070
2025-08-27,1.0,011070
2025-08-28,0.9099999999999999,011070
2025-08-29,1.0,011070
2025-09-01,1.0,011070
2025-09-02,1.0,011070
2025-09-03,1.0,011070
2025-09-04,1.0,011070
2025-09-05,1.0,011070
2025-09-08,1.0,011070
2025-09-09,0.9099999999999999,011070
2025-09-10,0.3,011070
2025-09-11,0.3,011070
2025-09-12,0.9099999999999999,011070
2025-09-15,0.9099999999999999,011070
2025-09-16,1.0,011070
2025-09-17,1.0,011070
2025-09-18,1.0,011070
2025-09-19,1.0,011070
2025-09-22,1.0,011070
2025-09-23,1.0,011070
2025-09-24,1.0,011070
2025-09-25,1.0,011070
2025-09-26,1.0,011070
2025-09-29,1.0,011070
2025-09-30,1.0,011070
2025-10-01,1.0,011070
2025-10-02,1.0,011070
2025-10-10,1.0,011070
2025-10-13,1.0,011070
2025-10-14,1.0,011070
2025-10-15,1.0,011070
2025-10-16,1.0,011070
2025-10-17,1.0,011070
2025-10-20,1.0,011070
2025-10-21,1.0,011070
2025-10-22,1.0,011070
2025-10-23,1.0,011070
2025-10-24,1.0,011070
2025-10-27,1.0,011070
2025-10-28,1.0,011070
2025-10-29,1.0,011070
2025-10-30,0.8500000000000001,011070
2025-10-31,0.8500000000000001,011070
2025-05-02,0.15,001450
2025-05-07,0.15,001450
2025-05-08,0.15,001450
2025-05-09,0.15,001450
2025-05-12,0.15,001450
2025-05-13,0.15,001450
2025-05-14,0.15,001450
2025-05-15,0.15,001450
2025-05-16,0.15,001450
2025-05-19,0.15,001450
2025-05-20,0.15,001450
2025-05-21,0.15,001450
2025-05-22,0.15,001450
2025-05-23,0.15,001450
2025-05-26,0.3,001450
2025-05-27,0.3,001450
2025-05-28,0.3,001450
2025-05-29,0.3,001450
2025-05-30,0.3,001450
2025-06-02,0.9099999999999999,001450
2025-06-04,1.0,001450
2025-06-05,1.0,001450
2025-06-09,1.0,001450
2025-06-10,1.0,001450
2025-06-11,1.0,001450
2025-06-12,1.0,001450
2025-06-13,1.0,001450
2025-06-16,1.0,001450
2025-06-17,1.0,001450
2025-06-18,1.0,001450
2025-06-19,1.0,001450
2025-06-20,1.0,001450
2025-06-23,1.0,001450
2025-06-24,1.0,001450
2025-06-25,1.0,001450
2025-06-26,1.0,001450
2025-06-27,1.0,001450
2025-06-30,1.0,001450
2025-07-01,1.0,001450
2025-07-02,1.0,001450
2025-07-03,1.0,001450
2025-07-04,1.0,001450
2025-07-07,1.0,001450
2025-07-08,1.0,001450
2025-07-09,1.0,001450
2025-07-10,1.0,001450
2025-07-11,1.0,001450
2025-07-14,1.0,001450
2025-07-15,1.0,001450
2025-07-16,0.8500000000000001,001450
2025-07-17,0.8500000000000001,001450
2025-07-18,0.8500000000000001,001450
2025-07-21,0.3,001450
2025-07-22,0.3,001450
2025-07-23,0.15,001450
2025-07-24,0.15,001450
2025-07-25,0.15,001450
2025-07-28,0.15,001450
2025-07-29,0.3,001450
2025-07-30,0.3,001450
2025-07-31,0.3,001450
2025-08-01,0.3,001450
2025-08-04,0.3,001450
2025-08-05,0.3,001450
2025-08-06,0.3,001450
2025-08-07,0.3,001450
2025-08-08,0.3,001450
2025-08-11,0.3,001450
2025-08-12,0.9099999999999999,001450
2025-08-13,0.3,001450
2025-08-14,0.9099999999999999,001450
2025-08-18,0.9099999999999999,001450
2025-08-19,0.9099999999999999,001450
2025-08-20,0.9099999999999999,001450
2025-08-21,0.9099999999999999,001450
2025-08-22,0.9099999999999999,001450
2025-08-25,0.9099999999999999,001450
2025-08-26,1.0,001450
2025-08-27,0.9099999999999999,001450
2025-08-28,1.0,001450
2025-08-29,1.0,001450
2025-09-01,1.0,001450
2025-09-02,1.0,001450
2025-09-03,0.9099999999999999,001450
2025-09-04,0.9099999999999999,001450
2025-09-05,0.9099999999999999,001450
2025-09-08,0.9099999999999999,001450
2025-09-09,0.9099999999999999,001450
2025-09-10,0.9099999999999999,001450
2025-09-11,0.3,001450
2025-09-12,0.9099999999999999,001450
2025-09-15,0.9099999999999999,001450
2025-09-16,0.9099999999999999,001450
2025-09-17,0.9099999999999999,001450
2025-09-18,1.0,001450
2025-09-19,0.9099999999999999,001450
2025-09-22,1.0,001450
2025-09-23,1.0,001450
2025-09-24,1.0,001450
2025-09-25,0.9099999999999999,001450
2025-09-26,1.0,001450
2025-09-29,1.0,001450
2025-09-30,0.3,001450
2025-10-01,0.3,001450
2025-10-02,0.3,001450
2025-10-10,0.3,001450
2025-10-13,0.3,001450
2025-10-14,0.3,001450
2025-10-15,0.3,001450
2025-10-16,0.3,001450
2025-10-17,0.3,001450
2025-10-20,0.3,001450
2025-10-21,0.3,001450
2025-10-22,0.3,001450
2025-10-23,0.3,001450
2025-10-24,0.3,001450
2025-10-27,0.9099999999999999,001450
2025-10-28,0.9099999999999999,001450
2025-10-29,0.3,001450
2025-10-30,0.3,001450
2025-10-31,0.3,001450
2025-05-02,0.15,000120
2025-05-07,0.15,000120
2025-05-08,0.15,000120
2025-05-09,0.15,000120
2025-05-12,0.15,000120
2025-05-13,0.15,000120
2025-05-14,0.15,000120
2025-05-15,0.15,000120
2025-05-16,0.15,000120
2025-05-19,0.15,000120
2025-05-20,0.15,000120
2025-05-21,0.15,000120
2025-05-22,0.15,000120
2025-05-23,0.15,000120
2025-05-26,0.3,000120
2025-05-27,0.3,000120
2025-05-28,0.3,000120
2025-05-29,0.3,000120
2025-05-30,0.3,000120
2025-06-02,0.3,000120
2025-06-04,0.9099999999999999,000120
2025-06-05,0.9099999999999999,000120
2025-06-09,1.0,000120
2025-06-10,0.9099999999999999,000120
2025-06-11,0.9099999999999999,000120
2025-06-12,0.9099999999999999,000120
2025-06-13,1.0,000120
2025-06-16,1.0,000120
2025-06-17,1.0,000120
2025-06-18,1.0,000120
2025-06-19,1.0,000120
2025-06-20,1.0,000120
2025-06-23,1.0,000120
2025-06-24,1.0,000120
2025-06-25,1.0,000120
2025-06-26,1.0,000120
2025-06-27,1.0,000120
2025-06-30,1.0,000120
2025-07-01,1.0,000120
2025-07-02,1.0,000120
2025-07-03,1.0,000120
2025-07-04,1.0,000120
2025-07-07,0.9099999999999999,000120
2025-07-08,0.9099999999999999,000120
2025-07-09,1.0,000120
2025-07-10,1.0,000120
2025-07-11,1.0,000120
2025-07-14,1.0,000120
2025-07-15,1.0,000120
2025-07-16,1.0,000120
2025-07-17,1.0,000120
2025-07-18,0.9099999999999999,000120
2025-07-21,0.9099999999999999,000120
2025-07-22,0.9099999999999999,000120
2025-07-23,0.9099999999999999,000120
2025-07-24,0.3,000120
2025-07-25,0.3,000120
2025-07-28,0.3,000120
2025-07-29,0.3,000120
2025-07-30,0.3,000120
2025-07-31,0.3,000120
2025-08-01,0.3,000120
2025-08-04,0.3,000120
2025-08-05,0.3,000120
2025-08-06,0.3,000120
2025-08-07,0.3,000120
2025-08-08,0.3,000120
2025-08-11,0.3,000120
2025-08-12,0.3,000120
2025-08-13,0.3,000120
2025-08-14,0.3,000120
2025-08-18,0.3,000120
2025-08-19,0.3,000120
2025-08-20,0.3,000120
2025-08-21,0.3,000120
2025-08-22,0.3,000120
2025-08-25,0.3,000120
2025-08-26,0.3,000120
2025-08-27,0.3,000120
2025-08-28,0.3,000120
2025-08-29,0.3,000120
2025-09-01,0.3,000120
2025-09-02,0.3,000120
2025-09-03,0.3,000120
2025-09-04,0.3,000120
2025-09-05,0.9099999999999999,000120
2025-09-08,0.9099999999999999,000120
2025-09-09,0.9099999999999999,000120
2025-09-10,0.9099999999999999,000120
2025-09-11,0.9099999999999999,000120
2025-09-12,0.9099999999999999,000120
2025-09-15,0.9099999999999999,000120
2025-09-16,0.9099999999999999,000120
2025-09-17,0.9099999999999999,000120
2025-09-18,0.9099999999999999,000120
2025-09-19,0.9099999999999999,000120
2025-09-22,0.3,000120
2025-09-23,0.3,000120
2025-09-24,0.3,000120
2025-09-25,0.3,000120
2025-09-26,0.3,000120
2025-09-29,0.9099999999999999,000120
2025-09-30,0.9099999999999999,000120
2025-10-01,0.3,000120
2025-10-02,0.3,000120
2025-10-10,0.3,000120
2025-10-13,0.3,000120
2025-10-14,0.3,000120
2025-10-15,0.3,000120
2025-10-16,0.3,000120
2025-10-17,0.3,000120
2025-10-20,0.3,000120
2025-10-21,0.3,000120
2025-10-22,0.9099999999999999,000120
2025-10-23,0.9099999999999999,000120
2025-10-24,0.3,000120
2025-10-27,0.3,000120
2025-10-28,0.9099999999999999,000120
2025-10-29,0.3,000120
2025-10-30,0.3,000120
2025-10-31,0.3,000120
2025-05-02,0.15,090430
2025-05-07,0.15,090430
2025-05-08,0.15,090430
2025-05-09,0.15,090430
2025-05-12,0.15,090430
2025-05-13,0.15,090430
2025-05-14,0.15,090430
2025-05-15,0.15,090430
2025-05-16,0.15,090430
2025-05-19,0.15,090430
2025-05-20,0.15,090430
2025-05-21,0.15,090430
2025-05-22,0.15,090430
2025-05-23,0.15,090430
2025-05-26,0.3,090430
2025-05-27,0.3,090430
2025-05-28,0.3,090430
2025-05-29,0.3,090430
2025-05-30,0.3,090430
2025-06-02,0.9099999999999999,090430
2025-06-04,1.0,090430
2025-06-05,1.0,090430
2025-06-09,1.0,090430
2025-06-10,1.0,090430
2025-06-11,1.0,090430
2025-06-12,1.0,090430
2025-06-13,1.0,090430
2025-06-16,0.3,090430
2025-06-17,0.3,090430
2025-06-18,0.3,090430
2025-06-19,0.3,090430
2025-06-20,1.0,090430
2025-06-23,1.0,090430
2025-06-24,1.0,090430
2025-06-25,0.76,090430
2025-06-26,0.15,090430
2025-06-27,0.15,090430
2025-06-30,0.76,090430
2025-07-01,0.76,090430
2025-07-02,0.15,090430
2025-07-03,0.76,090430
2025-07-04,0.15,090430
2025-07-07,0.15,090430
2025-07-08,0.15,090430
2025-07-09,0.15,090430
2025-07-10,0.9099999999999999,090430
2025-07-11,0.3,090430
2025-07-14,1.0,090430
2025-07-15,1.0,090430
2025-07-16,0.3,090430
2025-07-17,0.9099999999999999,090430
2025-07-18,0.3,090430
2025-07-21,0.3,090430
2025-07-22,0.3,090430
2025-07-23,0.3,090430
2025-07-24,0.3,090430
2025-07-25,0.3,090430
2025-07-28,0.3,090430
2025-07-29,0.3,090430
2025-07-30,0.3,090430
2025-07-31,0.3,090430
2025-08-01,0.3,090430
2025-08-04,0.3,090430
2025-08-05,0.3,090430
2025-08-06,0.3,090430
2025-08-07,0.3,090430
2025-08-08,0.3,090430
2025-08-11,0.3,090430
2025-08-12,0.3,090430
2025-08-13,0.3,090430
2025-08-14,0.3,090430
2025-08-18,0.3,090430
2025-08-19,0.3,090430
2025-08-20,0.3,090430
2025-08-21,0.3,090430
2025-08-22,0.3,090430
2025-08-25,0.3,090430
2025-08-26,0.3,090430
2025-08-27,0.3,090430
2025-08-28,0.3,090430
2025-08-29,0.3,090430
2025-09-01,0.3,090430
2025-09-02,0.3,090430
2025-09-03,0.3,090430
2025-09-04,0.3,090430
2025-09-05,0.3,090430
2025-09-08,0.3,090430
2025-09-09,0.3,090430
2025-09-10,0.3,090430
2025-09-11,0.3,090430
2025-09-12,0.9099999999999999,090430
2025-09-15,0.9099999999999999,090430
2025-09-16,0.9099999999999999,090430
2025-09-17,0.9099999999999999,090430
2025-09-18,0.9099999999999999,090430
2025-09-19,0.9099999999999999,090430
2025-09-22,0.9099999999999999,090430
2025-09-23,0.9099999999999999,090430
2025-09-24,0.9099999999999999,090430
2025-09-25,0.9099999999999999,090430
2025-09-26,0.9099999999999999,090430
2025-09-29,1.0,090430
2025-09-30,0.9099999999999999,090430
2025-10-01,1.0,090430
2025-10-02,0.3,090430
2025-10-10,0.3,090430
2025-10-13,0.3,090430
2025-10-14,0.3,090430
2025-10-15,0.3,090430
2025-10-16,0.3,090430
2025-10-17,0.3,090430
2025-10-20,0.3,090430
2025-10-21,0.3,090430
2025-10-22,0.3,090430
2025-10-23,0.3,090430
2025-10-24,0.3,090430
2025-10-27,0.3,090430
2025-10-28,0.9099999999999999,090430
2025-10-29,0.3,090430
2025-10-30,0.9099999999999999,090430
2025-10-31,0.9099999999999999,090430
2025-05-02,0.15,011170
2025-05-07,0.15,011170
2025-05-08,0.15,011170
2025-05-09,0.15,011170
2025-05-12,0.15,011170
2025-05-13,0.15,011170
2025-05-14,0.15,011170
2025-05-15,0.15,011170
2025-05-16,0.15,011170
2025-05-19,0.15,011170
2025-05-20,0.15,011170
2025-05-21,0.15,011170
2025-05-22,0.15,011170
2025-05-23,0.15,011170
2025-05-26,0.15,011170
2025-05-27,0.15,011170
2025-05-28,0.15,011170
2025-05-29,0.3,011170
2025-05-30,0.3,011170
2025-06-02,0.3,011170
2025-06-04,0.9099999999999999,011170
2025-06-05,0.9099999999999999,011170
2025-06-09,0.9099999999999999,011170
2025-06-10,1.0,011170
2025-06-11,0.9099999999999999,011170
2025-06-12,1.0,011170
2025-06-13,1.0,011170
2025-06-16,1.0,011170
2025-06-17,0.8500000000000001,011170
2025-06-18,0.8500000000000001,011170
2025-06-19,0.8500000000000001,011170
2025-06-20,0.8500000000000001,011170
2025-06-23,0.15,011170
2025-06-24,0.8500000000000001,011170
2025-06-25,0.8500000000000001,011170
2025-06-26,0.8500000000000001,011170
2025-06-27,0.15,011170
2025-06-30,0.15,011170
2025-07-01,0.15,011170
2025-07-02,0.8500000000000001,011170
2025-07-03,0.8500000000000001,011170
2025-07-04,0.8500000000000001,011170
2025-07-07,0.8500000000000001,011170
2025-07-08,0.76,011170
2025-07-09,0.76,011170
2025-07-10,0.76,011170
2025-07-11,0.8500000000000001,011170
2025-07-14,0.8500000000000001,011170
2025-07-15,0.8500000000000001,011170
2025-07-16,0.8500000000000001,011170
2025-07-17,0.76,011170
2025-07-18,0.8500000000000001,011170
2025-07-21,0.8500000000000001,011170
2025-07-22,0.8500000000000001,011170
2025-07-23,0.8500000000000001,011170
2025-07-24,0.8500000000000001,011170
2025-07-25,0.15,011170
2025-07-28,0.3,011170
2025-07-29,0.15,011170
2025-07-30,0.76,011170
2025-07-31,0.15,011170
2025-08-01,0.15,011170
2025-08-04,0.15,011170
2025-08-05,0.15,011170
2025-08-06,0.15,011170
2025-08-07,0.15,011170
2025-08-08,0.15,011170
2025-08-11,0.15,011170
2025-08-12,0.15,011170
2025-08-13,0.3,011170
2025-08-14,0.3,011170
2025-08-18,0.3,011170
2025-08-19,0.3,011170
2025-08-20,0.3,011170
2025-08-21,0.9099999999999999,011170
2025-08-22,0.15,011170
2025-08-25,0.76,011170
2025-08-26,0.76,011170
2025-08-27,0.76,011170
2025-08-28,0.76,011170
2025-08-29,0.76,011170
2025-09-01,0.15,011170
2025-09-02,0.15,011170
2025-09-03,0.15,011170
2025-09-04,0.76,011170
2025-09-05,0.76,011170
2025-09-08,0.76,011170
2025-09-09,0.8500000000000001,011170
2025-09-10,1.0,011170
2025-09-11,1.0,011170
2025-09-12,1.0,011170
2025-09-15,1.0,011170
2025-09-16,1.0,011170
2025-09-17,1.0,011170
2025-09-18,0.9099999999999999,011170
2025-09-19,1.0,011170
2025-09-22,0.9099999999999999,011170
2025-09-23,0.3,011170
2025-09-24,0.3,011170
2025-09-25,0.3,011170
2025-09-26,1.0,011170
2025-09-29,1.0,011170
2025-09-30,1.0,011170
2025-10-01,1.0,011170
2025-10-02,1.0,011170
2025-10-10,0.3,011170
2025-10-13,0.3,011170
2025-10-14,0.9099999999999999,011170
2025-10-15,0.9099999999999999,011170
2025-10-16,1.0,011170
2025-10-17,1.0,011170
2025-10-20,1.0,011170
2025-10-21,0.8500000000000001,011170
2025-10-22,0.8500000000000001,011170
2025-10-23,0.8500000000000001,011170
2025-10-24,1.0,011170
2025-10-27,0.8500000000000001,011170
2025-10-28,1.0,011170
2025-10-29,0.8500000000000001,011170
2025-10-30,0.8500000000000001,011170
2025-10-31,0.15,011170
2025-05-02,0.15,004020
2025-05-07,0.15,004020
2025-05-08,0.15,004020
2025-05-09,0.15,004020
2025-05-12,0.15,004020
2025-05-13,0.15,004020
2025-05-14,0.15,004020
2025-05-15,0.15,004020
2025-05-16,0.15,004020
2025-05-19,0.15,004020
2025-05-20,0.15,004020
2025-05-21,0.15,004020
2025-05-22,0.15,004020
2025-05-23,0.15,004020
2025-05-26,0.3,004020
2025-05-27,0.3,004020
2025-05-28,0.3,004020
2025-05-29,0.3,004020
2025-05-30,0.3,004020
2025-06-02,0.9099999999999999,004020
2025-06-04,1.0,004020
2025-06-05,1.0,004020
2025-06-09,1.0,004020
2025-06-10,1.0,004020
2025-06-11,1.0,004020
2025-06-12,0.8500000000000001,004020
2025-06-13,0.8500000000000001,004020
2025-06-16,0.8500000000000001,004020
2025-06-17,0.8500000000000001,004020
2025-06-18,0.8500000000000001,004020
2025-06-19,1.0,004020
2025-06-20,1.0,004020
2025-06-23,1.0,004020
2025-06-24,1.0,004020
2025-06-25,1.0,004020
2025-06-26,1.0,004020
2025-06-27,1.0,004020
2025-06-30,0.9099999999999999,004020
2025-07-01,1.0,004020
2025-07-02,1.0,004020
2025-07-03,1.0,004020
2025-07-04,0.8500000000000001,004020
2025-07-07,0.8500000000000001,004020
2025-07-08,0.8500000000000001,004020
2025-07-09,0.8500000000000001,004020
2025-07-10,0.8500000000000001,004020
2025-07-11,0.8500000000000001,004020
2025-07-14,0.8500000000000001,004020
2025-07-15,0.8500000000000001,004020
2025-07-16,0.8500000000000001,004020
2025-07-17,0.8500000000000001,004020
2025-07-18,0.8500000000000001,004020
2025-07-21,0.8500000000000001,004020
2025-07-22,0.8500000000000001,004020
2025-07-23,0.8500000000000001,004020
2025-07-24,0.8500000000000001,004020
2025-07-25,0.8500000000000001,004020
2025-07-28,0.8500000000000001,004020
2025-07-29,0.8500000000000001,004020
2025-07-30,0.8500000000000001,004020
2025-07-31,0.76,004020
2025-08-01,0.15,004020
2025-08-04,0.15,004020
2025-08-05,0.15,004020
2025-08-06,0.15,004020
2025-08-07,0.15,004020
2025-08-08,0.15,004020
2025-08-11,0.15,004020
2025-08-12,0.15,004020
2025-08-13,0.15,004020
2025-08-14,0.15,004020
2025-08-18,0.15,004020
2025-08-19,0.3,004020
2025-08-20,0.3,004020
2025-08-21,0.3,004020
2025-08-22,0.3,004020
2025-08-25,0.3,004020
2025-08-26,0.3,004020
2025-08-27,0.3,004020
2025-08-28,0.3,004020
2025-08-29,0.3,004020
2025-09-01,0.3,004020
2025-09-02,0.3,004020
2025-09-03,0.9099999999999999,004020
2025-09-04,0.9099999999999999,004020
2025-09-05,0.9099999999999999,004020
2025-09-08,1.0,004020
2025-09-09,1.0,004020
2025-09-10,1.0,004020
2025-09-11,1.0,004020
2025-09-12,1.0,004020
2025-09-15,1.0,004020
2025-09-16,1.0,004020
2025-09-17,1.0,004020
2025-09-18,1.0,004020
2025-09-19,1.0,004020
2025-09-22,1.0,004020
2025-09-23,1.0,004020
2025-09-24,1.0,004020
2025-09-25,1.0,004020
2025-09-26,0.3,004020
2025-09-29,0.3,004020
2025-09-30,0.3,004020
2025-10-01,0.3,004020
2025-10-02,0.3,004020
2025-10-10,0.3,004020
2025-10-13,0.3,004020
2025-10-14,0.3,004020
2025-10-15,0.3,004020
2025-10-16,0.3,004020
2025-10-17,0.3,004020
2025-10-20,0.3,004020
2025-10-21,0.3,004020
2025-10-22,0.3,004020
2025-10-23,0.3,004020
2025-10-24,0.9099999999999999,004020
2025-10-27,0.9099999999999999,004020
2025-10-28,0.3,004020
2025-10-29,0.9099999999999999,004020
2025-10-30,0.3,004020
2025-10-31,0.3,004020
2025-05-02,0.15,000720
2025-05-07,0.15,000720
2025-05-08,0.15,000720
2025-05-09,0.15,000720
2025-05-12,0.15,000720
2025-05-13,0.15,000720
2025-05-14,0.15,000720
2025-05-15,0.15,000720
2025-05-16,0.15,000720
2025-05-19,0.15,000720
2025-05-20,0.15,000720
2025-05-21,0.15,000720
2025-05-22,0.15,000720
2025-05-23,0.15,000720
2025-05-26,0.15,000720
2025-05-27,0.3,000720
2025-05-28,0.15,000720
2025-05-29,0.15,000720
2025-05-30,0.15,000720
2025-06-02,0.76,000720
2025-06-04,0.8500000000000001,000720
2025-06-05,0.8500000000000001,000720
2025-06-09,0.8500000000000001,000720
2025-06-10,0.8500000000000001,000720
2025-06-11,0.8500000000000001,000720
2025-06-12,0.8500000000000001,000720
2025-06-13,0.8500000000000001,000720
2025-06-16,0.8500000000000001,000720
2025-06-17,0.8500000000000001,000720
2025-06-18,0.8500000000000001,000720
2025-06-19,0.8500000000000001,000720
2025-06-20,0.8500000000000001,000720
2025-06-23,0.8500000000000001,000720
2025-06-24,0.8500000000000001,000720
2025-06-25,0.8500000000000001,000720
2025-06-26,0.8500000000000001,000720
2025-06-27,0.8500000000000001,000720
2025-06-30,0.8500000000000001,000720
2025-07-01,0.8500000000000001,000720
2025-07-02,0.15,000720
2025-07-03,0.15,000720
2025-07-04,0.15,000720
2025-07-07,0.15,000720
2025-07-08,0.15,000720
2025-07-09,0.15,000720
2025-07-10,0.15,000720
2025-07-11,0.15,000720
2025-07-14,0.15,000720
2025-07-15,0.15,000720
2025-07-16,0.15,000720
2025-07-17,0.15,000720
2025-07-18,0.15,000720
2025-07-21,0.15,000720
2025-07-22,0.15,000720
2025-07-23,0.15,000720
2025-07-24,0.15,000720
2025-07-25,0.15,000720
2025-07-28,0.15,000720
2025-07-29,0.15,000720
2025-07-30,0.15,000720
2025-07-31,0.15,000720
2025-08-01,0.15,000720
2025-08-04,0.15,000720
2025-08-05,0.15,000720
2025-08-06,0.76,000720
2025-08-07,0.76,000720
2025-08-08,0.76,000720
2025-08-11,0.15,000720
2025-08-12,0.15,000720
2025-08-13,0.15,000720
2025-08-14,0.15,000720
2025-08-18,0.15,000720
2025-08-19,0.15,000720
2025-08-20,0.15,000720
2025-08-21,0.15,000720
2025-08-22,0.15,000720
2025-08-25,0.15,000720
2025-08-26,0.15,000720
2025-08-27,0.15,000720
2025-08-28,0.15,000720
2025-08-29,0.15,000720
2025-09-01,0.15,000720
2025-09-02,0.15,000720
2025-09-03,0.15,000720
2025-09-04,0.15,000720
2025-09-05,0.15,000720
2025-09-08,0.3,000720
2025-09-09,0.3,000720
2025-09-10,0.3,000720
2025-09-11,0.3,000720
2025-09-12,0.3,000720
2025-09-15,0.3,000720
2025-09-16,0.9099999999999999,000720
2025-09-17,0.3,000720
2025-09-18,0.3,000720
2025-09-19,0.3,000720
2025-09-22,0.3,000720
2025-09-23,0.3,000720
2025-09-24,0.3,000720
2025-09-25,0.3,000720
2025-09-26,0.3,000720
2025-09-29,0.3,000720
2025-09-30,0.3,000720
2025-10-01,0.3,000720
2025-10-02,0.3,000720
2025-10-10,0.3,000720
2025-10-13,0.9099999999999999,000720
2025-10-14,0.9099999999999999,000720
2025-10-15,0.9099999999999999,000720
2025-10-16,0.9099999999999999,000720
2025-10-17,0.15,000720
2025-10-20,0.15,000720
2025-10-21,0.76,000720
2025-10-22,0.76,000720
2025-10-23,0.76,000720
2025-10-24,0.8500000000000001,000720
2025-10-27,0.8500000000000001,000720
2025-10-28,0.8500000000000001,000720
2025-10-29,0.8500000000000001,000720
2025-10-30,0.8500000000000001,000720
2025-10-31,0.8500000000000001,000720
2025-05-02,0.15,028260
2025-05-07,0.15,028260
2025-05-08,0.15,028260
2025-05-09,0.15,028260
2025-05-12,0.15,028260
2025-05-13,0.15,028260
2025-05-14,0.15,028260
2025-05-15,0.15,028260
2025-05-16,0.15,028260
2025-05-19,0.15,028260
2025-05-20,0.15,028260
2025-05-21,0.15,028260
2025-05-22,0.15,028260
2025-05-23,0.15,028260
2025-05-26,0.3,028260
2025-05-27,0.3,028260
2025-05-28,0.3,028260
2025-05-29,0.15,028260
2025-05-30,0.15,028260
2025-06-02,0.76,028260
2025-06-04,0.8500000000000001,028260
2025-06-05,0.8500000000000001,028260
2025-06-09,0.8500000000000001,028260
2025-06-10,0.8500000000000001,028260
2025-06-11,0.8500000000000001,028260
2025-06-12,0.8500000000000001,028260
2025-06-13,0.8500000000000001,028260
2025-06-16,0.8500000000000001,028260
2025-06-17,0.8500000000000001,028260
2025-06-18,0.8500000000000001,028260
2025-06-19,0.8500000000000001,028260
2025-06-20,0.8500000000000001,028260
2025-06-23,0.8500000000000001,028260
2025-06-24,0.8500000000000001,028260
2025-06-25,0.8500000000000001,028260
2025-06-26,0.15,028260
2025-06-27,0.15,028260
2025-06-30,0.15,028260
2025-07-01,0.8500000000000001,028260
2025-07-02,0.15,028260
2025-07-03,0.15,028260
2025-07-04,0.15,028260
2025-07-07,0.15,028260
2025-07-08,0.9099999999999999,028260
2025-07-09,0.9099999999999999,028260
2025-07-10,1.0,028260
2025-07-11,0.76,028260
2025-07-14,0.8500000000000001,028260
2025-07-15,0.8500000000000001,028260
2025-07-16,1.0,028260
2025-07-17,0.8500000000000001,028260
2025-07-18,0.8500000000000001,028260
2025-07-21,0.8500000000000001,028260
2025-07-22,0.76,028260
2025-07-23,0.15,028260
2025-07-24,0.15,028260
2025-07-25,0.15,028260
2025-07-28,0.15,028260
2025-07-29,0.76,028260
2025-07-30,1.0,028260
2025-07-31,0.15,028260
2025-08-01,0.3,028260
2025-08-04,0.3,028260
2025-08-05,0.3,028260
2025-08-06,0.3,028260
2025-08-07,0.3,028260
2025-08-08,0.3,028260
2025-08-11,0.3,028260
2025-08-12,0.3,028260
2025-08-13,0.3,028260
2025-08-14,0.3,028260
2025-08-18,0.3,028260
2025-08-19,0.3,028260
2025-08-20,0.3,028260
2025-08-21,0.3,028260
2025-08-22,0.9099999999999999,028260
2025-08-25,0.9099999999999999,028260
2025-08-26,0.3,028260
2025-08-27,0.3,028260
2025-08-28,0.9099999999999999,028260
2025-08-29,0.9099999999999999,028260
2025-09-01,0.9099999999999999,028260
2025-09-02,0.9099999999999999,028260
2025-09-03,1.0,028260
2025-09-04,1.0,028260
2025-09-05,1.0,028260
2025-09-08,1.0,028260
2025-09-09,1.0,028260
2025-09-10,1.0,028260
2025-09-11,1.0,028260
2025-09-12,1.0,028260
2025-09-15,1.0,028260
2025-09-16,1.0,028260
2025-09-17,1.0,028260
2025-09-18,1.0,028260
2025-09-19,1.0,028260
2025-09-22,1.0,028260
2025-09-23,1.0,028260
2025-09-24,1.0,028260
2025-09-25,1.0,028260
2025-09-26,1.0,028260
2025-09-29,1.0,028260
2025-09-30,0.3,028260
2025-10-01,1.0,028260
2025-10-02,1.0,028260
2025-10-10,1.0,028260
2025-10-13,1.0,028260
2025-10-14,1.0,028260
2025-10-15,1.0,028260
2025-10-16,1.0,028260
2025-10-17,1.0,028260
2025-10-20,1.0,028260
2025-10-21,0.76,028260
2025-10-22,0.8500000000000001,028260
2025-10-23,0.76,028260
2025-10-24,0.8500000000000001,028260
2025-10-27,0.8500000000000001,028260
2025-10-28,0.76,028260
2025-10-29,0.8500000000000001,028260
2025-10-30,0.8500000000000001,028260
2025-10-31,0.8500000000000001,028260
2025-05-02,0.15,003670
2025-05-07,0.15,003670
2025-05-08,0.15,003670
2025-05-09,0.15,003670
2025-05-12,0.15,003670
2025-05-13,0.15,003670
2025-05-14,0.15,003670
2025-05-15,0.15,003670
2025-05-16,0.15,003670
2025-05-19,0.15,003670
2025-05-20,0.15,003670
2025-05-21,0.15,003670
2025-05-22,0.15,003670
2025-05-23,0.15,003670
2025-05-26,0.15,003670
2025-05-27,0.15,003670
2025-05-28,0.15,003670
2025-05-29,0.15,003670
2025-05-30,0.15,003670
2025-06-02,0.76,003670
2025-06-04,0.76,003670
2025-06-05,0.76,003670
2025-06-09,0.76,003670
2025-06-10,0.76,003670
2025-06-11,0.76,003670
2025-06-12,0.8500000000000001,003670
2025-06-13,0.8500000000000001,003670
2025-06-16,0.8500000000000001,003670
2025-06-17,0.8500000000000001,003670
2025-06-18,0.8500000000000001,003670
2025-06-19,0.8500000000000001,003670
2025-06-20,0.8500000000000001,003670
2025-06-23,0.8500000000000001,003670
2025-06-24,0.8500000000000001,003670
2025-06-25,0.8500000000000001,003670
2025-06-26,0.8500000000000001,003670
2025-06-27,0.8500000000000001,003670
2025-06-30,0.8500000000000001,003670
2025-07-01,0.8500000000000001,003670
2025-07-02,0.8500000000000001,003670
2025-07-03,0.8500000000000001,003670
2025-07-04,0.8500000000000001,003670
2025-07-07,0.8500000000000001,003670
2025-07-08,0.15,003670
2025-07-09,0.15,003670
2025-07-10,0.76,003670
2025-07-11,0.8500000000000001,003670
2025-07-14,0.8500000000000001,003670
2025-07-15,0.8500000000000001,003670
2025-07-16,0.8500000000000001,003670
2025-07-17,0.76,003670
2025-07-18,0.8500000000000001,003670
2025-07-21,0.8500000000000001,003670
2025-07-22,0.8500000000000001,003670
2025-07-23,0.8500000000000001,003670
2025-07-24,0.8500000000000001,003670
2025-07-25,0.8500000000000001,003670
2025-07-28,0.8500000000000001,003670
2025-07-29,0.8500000000000001,003670
2025-07-30,0.8500000000000001,003670
2025-07-31,0.8500000000000001,003670
2025-08-01,0.15,003670
2025-08-04,0.15,003670
2025-08-05,0.8500000000000001,003670
2025-08-06,0.8500000000000001,003670
2025-08-07,0.8500000000000001,003670
2025-08-08,0.8500000000000001,003670
2025-08-11,0.8500000000000001,003670
2025-08-12,0.8500000000000001,003670
2025-08-13,0.8500000000000001,003670
2025-08-14,0.8500000000000001,003670
2025-08-18,0.76,003670
2025-08-19,0.76,003670
2025-08-20,0.76,003670
2025-08-21,0.76,003670
2025-08-22,0.76,003670
2025-08-25,0.8500000000000001,003670
2025-08-26,0.9099999999999999,003670
2025-08-27,0.9099999999999999,003670
2025-08-28,0.15,003670
2025-08-29,0.15,003670
2025-09-01,0.15,003670
2025-09-02,0.3,003670
2025-09-03,0.15,003670
2025-09-04,0.15,003670
2025-09-05,0.3,003670
2025-09-08,0.3,003670
2025-09-09,0.3,003670
2025-09-10,0.3,003670
2025-09-11,0.3,003670
2025-09-12,0.3,003670
2025-09-15,0.3,003670
2025-09-16,0.3,003670
2025-09-17,0.3,003670
2025-09-18,0.9099999999999999,003670
2025-09-19,0.9099999999999999,003670
2025-09-22,0.9099999999999999,003670
2025-09-23,0.9099999999999999,003670
2025-09-24,0.9099999999999999,003670
2025-09-25,0.9099999999999999,003670
2025-09-26,0.9099999999999999,003670
2025-09-29,0.9099999999999999,003670
2025-09-30,0.9099999999999999,003670
2025-10-01,0.8500000000000001,003670
2025-10-02,0.8500000000000001,003670
2025-10-10,0.8500000000000001,003670
2025-10-13,0.8500000000000001,003670
2025-10-14,0.8500000000000001,003670
2025-10-15,0.8500000000000001,003670
2025-10-16,0.8500000000000001,003670
2025-10-17,0.8500000000000001,003670
2025-10-20,0.8500000000000001,003670
2025-10-21,0.8500000000000001,003670
2025-10-22,0.8500000000000001,003670
2025-10-23,0.8500000000000001,003670
2025-10-24,0.8500000000000001,003670
2025-10-27,0.8500000000000001,003670
2025-10-28,0.8500000000000001,003670
2025-10-29,0.8500000000000001,003670
2025-10-30,0.8500000000000001,003670
2025-10-31,0.8500000000000001,003670
2025-05-02,0.15,035720
2025-05-07,0.15,035720
2025-05-08,0.15,035720
2025-05-09,0.15,035720
2025-05-12,0.15,035720
2025-05-13,0.15,035720
2025-05-14,0.15,035720
2025-05-15,0.15,035720
2025-05-16,0.15,035720
2025-05-19,0.15,035720
2025-05-20,0.15,035720
2025-05-21,0.15,035720
2025-05-22,0.15,035720
2025-05-23,0.15,035720
2025-05-26,0.3,035720
2025-05-27,0.3,035720
2025-05-28,0.3,035720
2025-05-29,0.3,035720
2025-05-30,0.3,035720
2025-06-02,0.9099999999999999,035720
2025-06-04,1.0,035720
2025-06-05,1.0,035720
2025-06-09,0.8500000000000001,035720
2025-06-10,0.8500000000000001,035720
2025-06-11,0.8500000000000001,035720
2025-06-12,0.8500000000000001,035720
2025-06-13,0.8500000000000001,035720
2025-06-16,0.8500000000000001,035720
2025-06-17,0.8500000000000001,035720
2025-06-18,0.8500000000000001,035720
2025-06-19,0.8500000000000001,035720
2025-06-20,0.8500000000000001,035720
2025-06-23,0.8500000000000001,035720
2025-06-24,0.8500000000000001,035720
2025-06-25,0.8500000000000001,035720
2025-06-26,0.8500000000000001,035720
2025-06-27,0.8500000000000001,035720
2025-06-30,0.8500000000000001,035720
2025-07-01,0.8500000000000001,035720
2025-07-02,0.8500000000000001,035720
2025-07-03,0.8500000000000001,035720
2025-07-04,0.15,035720
2025-07-07,0.8500000000000001,035720
2025-07-08,0.8500000000000001,035720
2025-07-09,0.8500000000000001,035720
2025-07-10,0.8500000000000001,035720
2025-07-11,0.15,035720
2025-07-14,0.15,035720
2025-07-15,0.15,035720
2025-07-16,0.15,035720
2025-07-17,0.15,035720
2025-07-18,0.15,035720
2025-07-21,0.3,035720
2025-07-22,0.3,035720
2025-07-23,0.3,035720
2025-07-24,0.3,035720
2025-07-25,0.3,035720
2025-07-28,0.3,035720
2025-07-29,0.3,035720
2025-07-30,0.3,035720
2025-07-31,0.9099999999999999,035720
2025-08-01,0.3,035720
2025-08-04,0.15,035720
2025-08-05,0.15,035720
2025-08-06,0.76,035720
2025-08-07,0.76,035720
2025-08-08,0.8500000000000001,035720
2025-08-11,0.8500000000000001,035720
2025-08-12,0.8500000000000001,035720
2025-08-13,0.8500000000000001,035720
2025-08-14,0.8500000000000001,035720
2025-08-18,0.8500000000000001,035720
2025-08-19,0.8500000000000001,035720
2025-08-20,0.8500000000000001,035720
2025-08-21,0.8500000000000001,035720
2025-08-22,0.8500000000000001,035720
2025-08-25,0.8500000000000001,035720
2025-08-26,0.8500000000000001,035720
2025-08-27,0.8500000000000001,035720
2025-08-28,1.0,035720
2025-08-29,1.0,035720
2025-09-01,0.3,035720
2025-09-02,0.15,035720
2025-09-03,0.15,035720
2025-09-04,0.15,035720
2025-09-05,0.15,035720
2025-09-08,0.3,035720
2025-09-09,0.3,035720
2025-09-10,0.3,035720
2025-09-11,0.3,035720
2025-09-12,0.9099999999999999,035720
2025-09-15,0.9099999999999999,035720
2025-09-16,0.9099999999999999,035720
2025-09-17,0.9099999999999999,035720
2025-09-18,0.9099999999999999,035720
2025-09-19,1.0,035720
2025-09-22,0.9099999999999999,035720
2025-09-23,0.9099999999999999,035720
2025-09-24,0.9099999999999999,035720
2025-09-25,0.9099999999999999,035720
2025-09-26,0.15,035720
2025-09-29,0.15,035720
2025-09-30,0.15,035720
2025-10-01,0.15,035720
2025-10-02,0.3,035720
2025-10-10,1.0,035720
2025-10-13,0.15,035720
2025-10-14,0.15,035720
2025-10-15,0.15,035720
2025-10-16,0.3,035720
2025-10-17,0.3,035720
2025-10-20,0.3,035720
2025-10-21,0.9099999999999999,035720
2025-10-22,0.3,035720
2025-10-23,0.3,035720
2025-10-24,0.3,035720
2025-10-27,0.9099999999999999,035720
2025-10-28,0.9099999999999999,035720
2025-10-29,1.0,035720
2025-10-30,0.76,035720
2025-10-31,0.8500000000000001,035720
2025-05-02,0.15,066570
2025-05-07,0.15,066570
2025-05-08,0.15,066570
2025-05-09,0.15,066570
2025-05-12,0.15,066570
2025-05-13,0.15,066570
2025-05-14,0.15,066570
2025-05-15,0.15,066570
2025-05-16,0.15,066570
2025-05-19,0.15,066570
2025-05-20,0.15,066570
2025-05-21,0.15,066570
2025-05-22,0.15,066570
2025-05-23,0.15,066570
2025-05-26,0.3,066570
2025-05-27,0.3,066570
2025-05-28,0.3,066570
2025-05-29,0.3,066570
2025-05-30,0.3,066570
2025-06-02,0.3,066570
2025-06-04,0.9099999999999999,066570
2025-06-05,0.9099999999999999,066570
2025-06-09,0.9099999999999999,066570
2025-06-10,0.9099999999999999,066570
2025-06-11,0.9099999999999999,066570
2025-06-12,0.9099999999999999,066570
2025-06-13,0.9099999999999999,066570
2025-06-16,0.9099999999999999,066570
2025-06-17,0.9099999999999999,066570
2025-06-18,0.9099999999999999,066570
2025-06-19,0.9099999999999999,066570
2025-06-20,1.0,066570
2025-06-23,1.0,066570
2025-06-24,1.0,066570
2025-06-25,1.0,066570
2025-06-26,1.0,066570
2025-06-27,0.9099999999999999,066570
2025-06-30,0.9099999999999999,066570
2025-07-01,1.0,066570
2025-07-02,1.0,066570
2025-07-03,1.0,066570
2025-07-04,1.0,066570
2025-07-07,0.3,066570
2025-07-08,0.3,066570
2025-07-09,0.3,066570
2025-07-10,0.9099999999999999,066570
2025-07-11,0.9099999999999999,066570
2025-07-14,1.0,066570
2025-07-15,1.0,066570
2025-07-16,0.9099999999999999,066570
2025-07-17,0.9099999999999999,066570
2025-07-18,0.9099999999999999,066570
2025-07-21,0.9099999999999999,066570
2025-07-22,0.9099999999999999,066570
2025-07-23,0.9099999999999999,066570
2025-07-24,0.9099999999999999,066570
2025-07-25,0.9099999999999999,066570
2025-07-28,1.0,066570
2025-07-29,0.9099999999999999,066570
2025-07-30,0.9099999999999999,066570
2025-07-31,0.9099999999999999,066570
2025-08-01,0.3,066570
2025-08-04,0.3,066570
2025-08-05,0.3,066570
2025-08-06,0.9099999999999999,066570
2025-08-07,0.9099999999999999,066570
2025-08-08,0.3,066570
2025-08-11,0.3,066570
2025-08-12,0.3,066570
2025-08-13,0.9099999999999999,066570
2025-08-14,0.9099999999999999,066570
2025-08-18,0.3,066570
2025-08-19,0.3,066570
2025-08-20,0.3,066570
2025-08-21,0.3,066570
2025-08-22,0.3,066570
2025-08-25,0.3,066570
2025-08-26,0.3,066570
2025-08-27,0.3,066570
2025-08-28,0.3,066570
2025-08-29,0.3,066570
2025-09-01,0.3,066570
2025-09-02,0.3,066570
2025-09-03,0.3,066570
2025-09-04,0.3,066570
2025-09-05,0.3,066570
2025-09-08,0.3,066570
2025-09-09,0.9099999999999999,066570
2025-09-10,0.9099999999999999,066570
2025-09-11,0.9099999999999999,066570
2025-09-12,0.9099999999999999,066570
2025-09-15,0.9099999999999999,066570
2025-09-16,0.9099999999999999,066570
2025-09-17,0.9099999999999999,066570
2025-09-18,1.0,066570
2025-09-19,1.0,066570
2025-09-22,1.0,066570
2025-09-23,1.0,066570
2025-09-24,0.9099999999999999,066570
2025-09-25,0.9099999999999999,066570
2025-09-26,0.3,066570
2025-09-29,0.3,066570
2025-09-30,0.3,066570
2025-10-01,0.3,066570
2025-10-02,0.3,066570
2025-10-10,1.0,066570
2025-10-13,1.0,066570
2025-10-14,1.0,066570
2025-10-15,1.0,066570
2025-10-16,1.0,066570
2025-10-17,1.0,066570
2025-10-20,1.0,066570
2025-10-21,1.0,066570
2025-10-22,1.0,066570
2025-10-23,1.0,066570
2025-10-24,1.0,066570
2025-10-27,1.0,066570
2025-10-28,1.0,066570
2025-10-29,1.0,066570
2025-10-30,1.0,066570
2025-10-31,1.0,066570
2025-05-02,0.15,001570
2025-05-07,0.15,001570
2025-05-08,0.15,001570
2025-05-09,0.15,001570
2025-05-12,0.15,001570
2025-05-13,0.15,001570
2025-05-14,0.15,001570
2025-05-15,0.15,001570
2025-05-16,0.15,001570
2025-05-19,0.15,001570
2025-05-20,0.15,001570
2025-05-21,0.15,001570
2025-05-22,0.15,001570
2025-05-23,0.15,001570
2025-05-26,0.15,001570
2025-05-27,0.15,001570
2025-05-28,0.15,001570
2025-05-29,0.15,001570
2025-05-30,0.15,001570
2025-06-02,0.15,001570
2025-06-04,0.15,001570
2025-06-05,0.15,001570
2025-06-09,0.15,001570
2025-06-10,0.15,001570
2025-06-11,0.15,001570
2025-06-12,0.15,001570
2025-06-13,0.15,001570
2025-06-16,0.15,001570
2025-06-17,0.15,001570
2025-06-18,0.15,001570
2025-06-19,0.15,001570
2025-06-20,0.15,001570
2025-06-23,0.15,001570
2025-06-24,0.15,001570
2025-06-25,0.15,001570
2025-06-26,0.15,001570
2025-06-27,0.15,001570
2025-06-30,0.15,001570
2025-07-01,0.15,001570
2025-07-02,0.15,001570
2025-07-03,0.15,001570
2025-07-04,0.15,001570
2025-07-07,0.15,001570
2025-07-08,0.15,001570
2025-07-09,0.15,001570
2025-07-10,0.15,001570
2025-07-11,0.15,001570
2025-07-14,0.15,001570
2025-07-15,0.15,001570
2025-07-16,0.15,001570
2025-07-17,0.15,001570
2025-07-18,0.15,001570
2025-07-21,0.15,001570
2025-07-22,0.15,001570
2025-07-23,0.15,001570
2025-07-24,0.15,001570
2025-07-25,0.15,001570
2025-07-28,0.15,001570
2025-07-29,0.15,001570
2025-07-30,0.15,001570
2025-07-31,0.15,001570
2025-08-01,0.15,001570
2025-08-04,0.15,001570
2025-08-05,0.15,001570
2025-08-06,0.15,001570
2025-08-07,0.15,001570
2025-08-08,0.15,001570
2025-08-11,0.15,001570
2025-08-12,0.15,001570
2025-08-13,0.15,001570
2025-08-14,0.15,001570
2025-08-18,0.15,001570
2025-08-19,0.15,001570
2025-08-20,0.15,001570
2025-08-21,0.15,001570
2025-08-22,0.15,001570
2025-08-25,0.15,001570
2025-08-26,0.15,001570
2025-08-27,0.15,001570
2025-08-28,0.15,001570
2025-08-29,0.15,001570
2025-09-01,0.15,001570
2025-09-02,0.15,001570
2025-09-03,0.15,001570
2025-09-04,0.15,001570
2025-09-05,0.15,001570
2025-09-08,0.15,001570
2025-09-09,0.15,001570
2025-09-10,0.15,001570
2025-09-11,0.15,001570
2025-09-12,0.15,001570
2025-09-15,0.15,001570
2025-09-16,0.15,001570
2025-09-17,0.15,001570
2025-09-18,0.15,001570
2025-09-19,0.15,001570
2025-09-22,0.15,001570
2025-09-23,0.15,001570
2025-09-24,0.15,001570
2025-09-25,0.15,001570
2025-09-26,0.15,001570
2025-09-29,0.15,001570
2025-09-30,0.15,001570
2025-10-01,0.15,001570
2025-10-02,0.15,001570
2025-10-10,0.15,001570
2025-10-13,0.15,001570
2025-10-14,0.15,001570
2025-10-15,0.15,001570
2025-10-16,0.15,001570
2025-10-17,0.15,001570
2025-10-20,0.15,001570
2025-10-21,0.15,001570
2025-10-22,0.15,001570
2025-10-23,0.15,001570
2025-10-24,0.15,001570
2025-10-27,0.15,001570
2025-10-28,0.15,001570
2025-10-29,0.15,001570
2025-10-30,0.15,001570
2025-10-31,0.15,001570
2025-05-02,0.15,086280
2025-05-07,0.15,086280
2025-05-08,0.15,086280
2025-05-09,0.15,086280
2025-05-12,0.15,086280
2025-05-13,0.15,086280
2025-05-14,0.15,086280
2025-05-15,0.15,086280
2025-05-16,0.15,086280
2025-05-19,0.15,086280
2025-05-20,0.15,086280
2025-05-21,0.15,086280
2025-05-22,0.15,086280
2025-05-23,0.15,086280
2025-05-26,0.3,086280
2025-05-27,0.3,086280
2025-05-28,0.3,086280
2025-05-29,0.3,086280
2025-05-30,0.3,086280
2025-06-02,0.9099999999999999,086280
2025-06-04,1.0,086280
2025-06-05,1.0,086280
2025-06-09,1.0,086280
2025-06-10,1.0,086280
2025-06-11,1.0,086280
2025-06-12,1.0,086280
2025-06-13,0.9099999999999999,086280
2025-06-16,1.0,086280
2025-06-17,1.0,086280
2025-06-18,1.0,086280
2025-06-19,1.0,086280
2025-06-20,1.0,086280
2025-06-23,1.0,086280
2025-06-24,1.0,086280
2025-06-25,1.0,086280
2025-06-26,1.0,086280
2025-06-27,1.0,086280
2025-06-30,1.0,086280
2025-07-01,1.0,086280
2025-07-02,1.0,086280
2025-07-03,1.0,086280
2025-07-04,1.0,086280
2025-07-07,1.0,086280
2025-07-08,1.0,086280
2025-07-09,1.0,086280
2025-07-10,1.0,086280
2025-07-11,1.0,086280
2025-07-14,1.0,086280
2025-07-15,1.0,086280
2025-07-16,1.0,086280
2025-07-17,1.0,086280
2025-07-18,0.9099999999999999,086280
2025-07-21,0.9099999999999999,086280
2025-07-22,0.9099999999999999,086280
2025-07-23,0.9099999999999999,086280
2025-07-24,0.9099999999999999,086280
2025-07-25,1.0,086280
2025-07-28,1.0,086280
2025-07-29,1.0,086280
2025-07-30,1.0,086280
2025-07-31,1.0,086280
2025-08-01,1.0,086280
2025-08-04,1.0,086280
2025-08-05,1.0,086280
2025-08-06,1.0,086280
2025-08-07,1.0,086280
2025-08-08,1.0,086280
2025-08-11,0.8500000000000001,086280
2025-08-12,0.8500000000000001,086280
2025-08-13,1.0,086280
2025-08-14,1.0,086280
2025-08-18,1.0,086280
2025-08-19,1.0,086280
2025-08-20,1.0,086280
2025-08-21,1.0,086280
2025-08-22,1.0,086280
2025-08-25,1.0,086280
2025-08-26,1.0,086280
2025-08-27,1.0,086280
2025-08-28,1.0,086280
2025-08-29,1.0,086280
2025-09-01,1.0,086280
2025-09-02,1.0,086280
2025-09-03,1.0,086280
2025-09-04,1.0,086280
2025-09-05,1.0,086280
2025-09-08,1.0,086280
2025-09-09,1.0,086280
2025-09-10,1.0,086280
2025-09-11,1.0,086280
2025-09-12,1.0,086280
2025-09-15,1.0,086280
2025-09-16,1.0,086280
2025-09-17,1.0,086280
2025-09-18,1.0,086280
2025-09-19,0.3,086280
2025-09-22,0.3,086280
2025-09-23,0.3,086280
2025-09-24,0.3,086280
2025-09-25,0.3,086280
2025-09-26,0.3,086280
2025-09-29,0.3,086280
2025-09-30,0.3,086280
2025-10-01,0.3,086280
2025-10-02,0.3,086280
2025-10-10,0.3,086280
2025-10-13,0.3,086280
2025-10-14,0.3,086280
2025-10-15,0.3,086280
2025-10-16,0.3,086280
2025-10-17,0.3,086280
2025-10-20,0.3,086280
2025-10-21,0.3,086280
2025-10-22,0.9099999999999999,086280
2025-10-23,0.9099999999999999,086280
2025-10-24,0.9099999999999999,086280
2025-10-27,0.9099999999999999,086280
2025-10-28,0.9099999999999999,086280
2025-10-29,0.9099999999999999,086280
2025-10-30,0.9099999999999999,086280
2025-10-31,1.0,086280
2025-05-02,0.15,002790
2025-05-07,0.15,002790
2025-05-08,0.15,002790
2025-05-09,0.15,002790
2025-05-12,0.15,002790
2025-05-13,0.15,002790
2025-05-14,0.15,002790
2025-05-15,0.15,002790
2025-05-16,0.15,002790
2025-05-19,0.15,002790
2025-05-20,0.15,002790
2025-05-21,0.15,002790
2025-05-22,0.15,002790
2025-05-23,0.15,002790
2025-05-26,0.3,002790
2025-05-27,0.3,002790
2025-05-28,0.3,002790
2025-05-29,0.3,002790
2025-05-30,0.3,002790
2025-06-02,0.9099999999999999,002790
2025-06-04,1.0,002790
2025-06-05,1.0,002790
2025-06-09,1.0,002790
2025-06-10,1.0,002790
2025-06-11,1.0,002790
2025-06-12,1.0,002790
2025-06-13,1.0,002790
2025-06-16,1.0,002790
2025-06-17,1.0,002790
2025-06-18,1.0,002790
2025-06-19,1.0,002790
2025-06-20,1.0,002790
2025-06-23,1.0,002790
2025-06-24,1.0,002790
2025-06-25,0.8500000000000001,002790
2025-06-26,0.8500000000000001,002790
2025-06-27,0.8500000000000001,002790
2025-06-30,0.8500000000000001,002790
2025-07-01,1.0,002790
2025-07-02,0.8500000000000001,002790
2025-07-03,0.8500000000000001,002790
2025-07-04,0.8500000000000001,002790
2025-07-07,0.8500000000000001,002790
2025-07-08,0.8500000000000001,002790
2025-07-09,0.8500000000000001,002790
2025-07-10,0.8500000000000001,002790
2025-07-11,1.0,002790
2025-07-14,1.0,002790
2025-07-15,1.0,002790
2025-07-16,1.0,002790
2025-07-17,1.0,002790
2025-07-18,0.9099999999999999,002790
2025-07-21,0.3,002790
2025-07-22,0.3,002790
2025-07-23,0.3,002790
2025-07-24,0.3,002790
2025-07-25,0.3,002790
2025-07-28,0.3,002790
2025-07-29,0.3,002790
2025-07-30,0.3,002790
2025-07-31,0.3,002790
2025-08-01,0.3,002790
2025-08-04,0.3,002790
2025-08-05,0.3,002790
2025-08-06,0.3,002790
2025-08-07,0.3,002790
2025-08-08,0.3,002790
2025-08-11,0.3,002790
2025-08-12,0.3,002790
2025-08-13,0.3,002790
2025-08-14,0.3,002790
2025-08-18,0.3,002790
2025-08-19,0.3,002790
2025-08-20,0.3,002790
2025-08-21,0.3,002790
2025-08-22,0.3,002790
2025-08-25,0.3,002790
2025-08-26,0.3,002790
2025-08-27,0.3,002790
2025-08-28,0.3,002790
2025-08-29,0.3,002790
2025-09-01,0.3,002790
2025-09-02,0.3,002790
2025-09-03,0.3,002790
2025-09-04,0.3,002790
2025-09-05,0.3,002790
2025-09-08,0.9099999999999999,002790
2025-09-09,0.9099999999999999,002790
2025-09-10,0.9099999999999999,002790
2025-09-11,0.9099999999999999,002790
2025-09-12,0.9099999999999999,002790
2025-09-15,0.9099999999999999,002790
2025-09-16,0.3,002790
2025-09-17,0.9099999999999999,002790
2025-09-18,0.9099999999999999,002790
2025-09-19,0.9099999999999999,002790
2025-09-22,0.3,002790
2025-09-23,0.3,002790
2025-09-24,0.3,002790
2025-09-25,0.3,002790
2025-09-26,0.3,002790
2025-09-29,0.3,002790
2025-09-30,0.3,002790
2025-10-01,0.3,002790
2025-10-02,0.3,002790
2025-10-10,0.3,002790
2025-10-13,0.3,002790
2025-10-14,0.3,002790
2025-10-15,0.3,002790
2025-10-16,0.3,002790
2025-10-17,0.3,002790
2025-10-20,0.3,002790
2025-10-21,0.3,002790
2025-10-22,0.3,002790
2025-10-23,0.3,002790
2025-10-24,0.3,002790
2025-10-27,0.3,002790
2025-10-28,0.3,002790
2025-10-29,0.3,002790
2025-10-30,0.9099999999999999,002790
2025-10-31,0.3,002790
2025-05-02,0.15,028050
2025-05-07,0.15,028050
2025-05-08,0.15,028050
2025-05-09,0.15,028050
2025-05-12,0.15,028050
2025-05-13,0.15,028050
2025-05-14,0.15,028050
2025-05-15,0.15,028050
2025-05-16,0.15,028050
2025-05-19,0.15,028050
2025-05-20,0.15,028050
2025-05-21,0.15,028050
2025-05-22,0.15,028050
2025-05-23,0.15,028050
2025-05-26,0.3,028050
2025-05-27,0.3,028050
2025-05-28,0.3,028050
2025-05-29,0.3,028050
2025-05-30,0.3,028050
2025-06-02,0.9099999999999999,028050
2025-06-04,1.0,028050
2025-06-05,1.0,028050
2025-06-09,1.0,028050
2025-06-10,1.0,028050
2025-06-11,1.0,028050
2025-06-12,1.0,028050
2025-06-13,1.0,028050
2025-06-16,1.0,028050
2025-06-17,1.0,028050
2025-06-18,1.0,028050
2025-06-19,1.0,028050
2025-06-20,1.0,028050
2025-06-23,1.0,028050
2025-06-24,1.0,028050
2025-06-25,1.0,028050
2025-06-26,0.9099999999999999,028050
2025-06-27,0.3,028050
2025-06-30,0.3,028050
2025-07-01,1.0,028050
2025-07-02,1.0,028050
2025-07-03,1.0,028050
2025-07-04,1.0,028050
2025-07-07,1.0,028050
2025-07-08,0.9099999999999999,028050
2025-07-09,1.0,028050
2025-07-10,1.0,028050
2025-07-11,1.0,028050
2025-07-14,1.0,028050
2025-07-15,1.0,028050
2025-07-16,1.0,028050
2025-07-17,1.0,028050
2025-07-18,1.0,028050
2025-07-21,1.0,028050
2025-07-22,1.0,028050
2025-07-23,1.0,028050
2025-07-24,1.0,028050
2025-07-25,0.3,028050
2025-07-28,1.0,028050
2025-07-29,1.0,028050
2025-07-30,1.0,028050
2025-07-31,1.0,028050
2025-08-01,1.0,028050
2025-08-04,1.0,028050
2025-08-05,1.0,028050
2025-08-06,1.0,028050
2025-08-07,1.0,028050
2025-08-08,1.0,028050
2025-08-11,1.0,028050
2025-08-12,1.0,028050
2025-08-13,1.0,028050
2025-08-14,1.0,028050
2025-08-18,1.0,028050
2025-08-19,1.0,028050
2025-08-20,1.0,028050
2025-08-21,1.0,028050
2025-08-22,1.0,028050
2025-08-25,1.0,028050
2025-08-26,1.0,028050
2025-08-27,1.0,028050
2025-08-28,1.0,028050
2025-08-29,1.0,028050
2025-09-01,1.0,028050
2025-09-02,1.0,028050
2025-09-03,1.0,028050
2025-09-04,0.3,028050
2025-09-05,0.3,028050
2025-09-08,0.3,028050
2025-09-09,0.3,028050
2025-09-10,0.9099999999999999,028050
2025-09-11,1.0,028050
2025-09-12,0.3,028050
2025-09-15,0.3,028050
2025-09-16,0.3,028050
2025-09-17,0.3,028050
2025-09-18,0.3,028050
2025-09-19,0.3,028050
2025-09-22,0.3,028050
2025-09-23,0.3,028050
2025-09-24,0.3,028050
2025-09-25,0.3,028050
2025-09-26,0.3,028050
2025-09-29,0.3,028050
2025-09-30,0.3,028050
2025-10-01,0.3,028050
2025-10-02,0.3,028050
2025-10-10,0.3,028050
2025-10-13,0.3,028050
2025-10-14,0.9099999999999999,028050
2025-10-15,0.9099999999999999,028050
2025-10-16,0.9099999999999999,028050
2025-10-17,0.9099999999999999,028050
2025-10-20,0.3,028050
2025-10-21,0.9099999999999999,028050
2025-10-22,0.9099999999999999,028050
2025-10-23,1.0,028050
2025-10-24,0.9099999999999999,028050
2025-10-27,0.9099999999999999,028050
2025-10-28,0.15,028050
2025-10-29,0.15,028050
2025-10-30,0.15,028050
2025-10-31,0.15,028050
2025-05-02,0.15,004990
2025-05-07,0.15,004990
2025-05-08,0.15,004990
2025-05-09,0.15,004990
2025-05-12,0.15,004990
2025-05-13,0.15,004990
2025-05-14,0.15,004990
2025-05-15,0.15,004990
2025-05-16,0.15,004990
2025-05-19,0.15,004990
2025-05-20,0.15,004990
2025-05-21,0.15,004990
2025-05-22,0.15,004990
2025-05-23,0.15,004990
2025-05-26,0.3,004990
2025-05-27,0.3,004990
2025-05-28,0.3,004990
2025-05-29,0.3,004990
2025-05-30,0.3,004990
2025-06-02,0.76,004990
2025-06-04,0.8500000000000001,004990
2025-06-05,0.8500000000000001,004990
2025-06-09,0.8500000000000001,004990
2025-06-10,0.8500000000000001,004990
2025-06-11,0.8500000000000001,004990
2025-06-12,0.8500000000000001,004990
2025-06-13,0.8500000000000001,004990
2025-06-16,0.8500000000000001,004990
2025-06-17,0.15,004990
2025-06-18,0.15,004990
2025-06-19,0.15,004990
2025-06-20,0.15,004990
2025-06-23,0.15,004990
2025-06-24,0.15,004990
2025-06-25,0.15,004990
2025-06-26,0.15,004990
2025-06-27,0.15,004990
2025-06-30,0.3,004990
2025-07-01,0.76,004990
2025-07-02,0.76,004990
2025-07-03,0.76,004990
2025-07-04,0.15,004990
2025-07-07,0.15,004990
2025-07-08,0.76,004990
2025-07-09,0.8500000000000001,004990
2025-07-10,0.8500000000000001,004990
2025-07-11,0.8500000000000001,004990
2025-07-14,0.8500000000000001,004990
2025-07-15,0.8500000000000001,004990
2025-07-16,0.8500000000000001,004990
2025-07-17,0.8500000000000001,004990
2025-07-18,0.8500000000000001,004990
2025-07-21,0.15,004990
2025-07-22,0.8500000000000001,004990
2025-07-23,0.15,004990
2025-07-24,0.15,004990
2025-07-25,0.15,004990
2025-07-28,0.15,004990
2025-07-29,0.15,004990
2025-07-30,0.15,004990
2025-07-31,0.15,004990
2025-08-01,0.15,004990
2025-08-04,0.15,004990
2025-08-05,0.15,004990
2025-08-06,0.3,004990
2025-08-07,0.3,004990
2025-08-08,0.3,004990
2025-08-11,0.3,004990
2025-08-12,0.3,004990
2025-08-13,0.3,004990
2025-08-14,0.3,004990
2025-08-18,0.3,004990
2025-08-19,0.3,004990
2025-08-20,0.3,004990
2025-08-21,0.3,004990
2025-08-22,0.3,004990
2025-08-25,0.9099999999999999,004990
2025-08-26,0.9099999999999999,004990
2025-08-27,0.9099999999999999,004990
2025-08-28,0.9099999999999999,004990
2025-08-29,0.9099999999999999,004990
2025-09-01,1.0,004990
2025-09-02,1.0,004990
2025-09-03,1.0,004990
2025-09-04,1.0,004990
2025-09-05,1.0,004990
2025-09-08,1.0,004990
2025-09-09,1.0,004990
2025-09-10,1.0,004990
2025-09-11,1.0,004990
2025-09-12,1.0,004990
2025-09-15,1.0,004990
2025-09-16,1.0,004990
2025-09-17,1.0,004990
2025-09-18,1.0,004990
2025-09-19,1.0,004990
2025-09-22,1.0,004990
2025-09-23,1.0,004990
2025-09-24,0.3,004990
2025-09-25,0.3,004990
2025-09-26,0.3,004990
2025-09-29,0.3,004990
2025-09-30,0.3,004990
2025-10-01,0.3,004990
2025-10-02,0.3,004990
2025-10-10,0.3,004990
2025-10-13,0.3,004990
2025-10-14,0.3,004990
2025-10-15,0.3,004990
2025-10-16,0.3,004990
2025-10-17,0.3,004990
2025-10-20,0.3,004990
2025-10-21,0.3,004990
2025-10-22,0.9099999999999999,004990
2025-10-23,0.9099999999999999,004990
2025-10-24,0.9099999999999999,004990
2025-10-27,0.9099999999999999,004990
2025-10-28,0.9099999999999999,004990
2025-10-29,0.9099999999999999,004990
2025-10-30,0.9099999999999999,004990
2025-10-31,0.9099999999999999,004990
2025-05-02,0.15,000080
2025-05-07,0.15,000080
2025-05-08,0.15,000080
2025-05-09,0.15,000080
2025-05-12,0.15,000080
2025-05-13,0.15,000080
2025-05-14,0.15,000080
2025-05-15,0.15,000080
2025-05-16,0.15,000080
2025-05-19,0.15,000080
2025-05-20,0.15,000080
2025-05-21,0.15,000080
2025-05-22,0.15,000080
2025-05-23,0.15,000080
2025-05-26,0.3,000080
2025-05-27,0.3,000080
2025-05-28,0.3,000080
2025-05-29,0.3,000080
2025-05-30,0.3,000080
2025-06-02,0.9099999999999999,000080
2025-06-04,0.9099999999999999,000080
2025-06-05,1.0,000080
2025-06-09,1.0,000080
2025-06-10,1.0,000080
2025-06-11,1.0,000080
2025-06-12,1.0,000080
2025-06-13,0.9099999999999999,000080
2025-06-16,0.9099999999999999,000080
2025-06-17,0.9099999999999999,000080
2025-06-18,0.9099999999999999,000080
2025-06-19,1.0,000080
2025-06-20,1.0,000080
2025-06-23,0.3,000080
2025-06-24,1.0,000080
2025-06-25,1.0,000080
2025-06-26,1.0,000080
2025-06-27,0.3,000080
2025-06-30,0.9099999999999999,000080
2025-07-01,0.9099999999999999,000080
2025-07-02,1.0,000080
2025-07-03,0.9099999999999999,000080
2025-07-04,0.9099999999999999,000080
2025-07-07,1.0,000080
2025-07-08,0.9099999999999999,000080
2025-07-09,1.0,000080
2025-07-10,0.9099999999999999,000080
2025-07-11,1.0,000080
2025-07-14,1.0,000080
2025-07-15,1.0,000080
2025-07-16,1.0,000080
2025-07-17,1.0,000080
2025-07-18,1.0,000080
2025-07-21,0.3,000080
2025-07-22,0.3,000080
2025-07-23,0.3,000080
2025-07-24,0.3,000080
2025-07-25,0.3,000080
2025-07-28,0.3,000080
2025-07-29,0.3,000080
2025-07-30,0.3,000080
2025-07-31,0.3,000080
2025-08-01,0.3,000080
2025-08-04,0.3,000080
2025-08-05,0.3,000080
2025-08-06,0.3,000080
2025-08-07,0.3,000080
2025-08-08,0.3,000080
2025-08-11,0.3,000080
2025-08-12,0.3,000080
2025-08-13,0.3,000080
2025-08-14,0.3,000080
2025-08-18,0.3,000080
2025-08-19,0.3,000080
2025-08-20,0.3,000080
2025-08-21,0.3,000080
2025-08-22,0.3,000080
2025-08-25,0.3,000080
2025-08-26,0.3,000080
2025-08-27,0.3,000080
2025-08-28,0.3,000080
2025-08-29,0.3,000080
2025-09-01,0.3,000080
2025-09-02,0.3,000080
2025-09-03,0.3,000080
2025-09-04,0.3,000080
2025-09-05,0.15,000080
2025-09-08,0.15,000080
2025-09-09,0.76,000080
2025-09-10,0.76,000080
2025-09-11,0.76,000080
2025-09-12,0.76,000080
2025-09-15,0.76,000080
2025-09-16,0.76,000080
2025-09-17,0.76,000080
2025-09-18,0.15,000080
2025-09-19,0.15,000080
2025-09-22,0.15,000080
2025-09-23,0.15,000080
2025-09-24,0.15,000080
2025-09-25,0.15,000080
2025-09-26,0.15,000080
2025-09-29,0.15,000080
2025-09-30,0.15,000080
2025-10-01,0.15,000080
2025-10-02,0.15,000080
2025-10-10,0.15,000080
2025-10-13,0.15,000080
2025-10-14,0.15,000080
2025-10-15,0.15,000080
2025-10-16,0.15,000080
2025-10-17,0.15,000080
2025-10-20,0.15,000080
2025-10-21,0.15,000080
2025-10-22,0.15,000080
2025-10-23,0.15,000080
2025-10-24,0.76,000080
2025-10-27,0.76,000080
2025-10-28,0.76,000080
2025-10-29,0.15,000080
2025-10-30,0.15,000080
2025-10-31,0.15,000080
2025-05-02,0.15,004370
2025-05-07,0.15,004370
2025-05-08,0.15,004370
2025-05-09,0.15,004370
2025-05-12,0.15,004370
2025-05-13,0.15,004370
2025-05-14,0.15,004370
2025-05-15,0.15,004370
2025-05-16,0.15,004370
2025-05-19,0.15,004370
2025-05-20,0.15,004370
2025-05-21,0.15,004370
2025-05-22,0.15,004370
2025-05-23,0.15,004370
2025-05-26,0.15,004370
2025-05-27,0.15,004370
2025-05-28,0.15,004370
2025-05-29,0.15,004370
2025-05-30,0.3,004370
2025-06-02,0.15,004370
2025-06-04,0.3,004370
2025-06-05,0.3,004370
2025-06-09,0.3,004370
2025-06-10,0.3,004370
2025-06-11,0.3,004370
2025-06-12,0.3,004370
2025-06-13,0.3,004370
2025-06-16,0.3,004370
2025-06-17,0.3,004370
2025-06-18,0.3,004370
2025-06-19,0.3,004370
2025-06-20,0.3,004370
2025-06-23,0.3,004370
2025-06-24,0.3,004370
2025-06-25,0.3,004370
2025-06-26,0.3,004370
2025-06-27,0.3,004370
2025-06-30,0.3,004370
2025-07-01,0.3,004370
2025-07-02,0.9099999999999999,004370
2025-07-03,0.9099999999999999,004370
2025-07-04,0.3,004370
2025-07-07,0.9099999999999999,004370
2025-07-08,0.3,004370
2025-07-09,0.3,004370
2025-07-10,0.9099999999999999,004370
2025-07-11,0.9099999999999999,004370
2025-07-14,1.0,004370
2025-07-15,1.0,004370
2025-07-16,1.0,004370
2025-07-17,0.9099999999999999,004370
2025-07-18,0.9099999999999999,004370
2025-07-21,0.9099999999999999,004370
2025-07-22,0.9099999999999999,004370
2025-07-23,0.3,004370
2025-07-24,0.3,004370
2025-07-25,0.3,004370
2025-07-28,0.3,004370
2025-07-29,0.3,004370
2025-07-30,0.3,004370
2025-07-31,0.3,004370
2025-08-01,0.3,004370
2025-08-04,0.3,004370
2025-08-05,0.3,004370
2025-08-06,0.3,004370
2025-08-07,0.3,004370
2025-08-08,0.3,004370
2025-08-11,0.3,004370
2025-08-12,0.3,004370
2025-08-13,0.3,004370
2025-08-14,0.3,004370
2025-08-18,0.3,004370
2025-08-19,0.3,004370
2025-08-20,0.9099999999999999,004370
2025-08-21,0.9099999999999999,004370
2025-08-22,0.9099999999999999,004370
2025-08-25,0.9099999999999999,004370
2025-08-26,0.9099999999999999,004370
2025-08-27,1.0,004370
2025-08-28,1.0,004370
2025-08-29,1.0,004370
2025-09-01,1.0,004370
2025-09-02,1.0,004370
2025-09-03,1.0,004370
2025-09-04,1.0,004370
2025-09-05,1.0,004370
2025-09-08,1.0,004370
2025-09-09,1.0,004370
2025-09-10,1.0,004370
2025-09-11,1.0,004370
2025-09-12,0.8500000000000001,004370
2025-09-15,0.8500000000000001,004370
2025-09-16,0.8500000000000001,004370
2025-09-17,0.8500000000000001,004370
2025-09-18,0.8500000000000001,004370
2025-09-19,0.8500000000000001,004370
2025-09-22,0.8500000000000001,004370
2025-09-23,0.8500000000000001,004370
2025-09-24,0.8500000000000001,004370
2025-09-25,0.15,004370
2025-09-26,0.15,004370
2025-09-29,0.15,004370
2025-09-30,0.15,004370
2025-10-01,0.15,004370
2025-10-02,0.3,004370
2025-10-10,0.3,004370
2025-10-13,0.3,004370
2025-10-14,0.3,004370
2025-10-15,0.3,004370
2025-10-16,0.3,004370
2025-10-17,0.3,004370
2025-10-20,0.3,004370
2025-10-21,0.3,004370
2025-10-22,0.3,004370
2025-10-23,0.3,004370
2025-10-24,0.3,004370
2025-10-27,0.3,004370
2025-10-28,0.9099999999999999,004370
2025-10-29,0.3,004370
2025-10-30,0.3,004370
2025-10-31,0.9099999999999999,004370
2025-05-02,0.15,007310
2025-05-07,0.15,007310
2025-05-08,0.15,007310
2025-05-09,0.15,007310
2025-05-12,0.15,007310
2025-05-13,0.15,007310
2025-05-14,0.15,007310
2025-05-15,0.15,007310
2025-05-16,0.15,007310
2025-05-19,0.15,007310
2025-05-20,0.15,007310
2025-05-21,0.15,007310
2025-05-22,0.15,007310
2025-05-23,0.15,007310
2025-05-26,0.3,007310
2025-05-27,0.3,007310
2025-05-28,0.3,007310
2025-05-29,0.3,007310
2025-05-30,0.3,007310
2025-06-02,0.3,007310
2025-06-04,0.9099999999999999,007310
2025-06-05,0.9099999999999999,007310
2025-06-09,0.9099999999999999,007310
2025-06-10,0.9099999999999999,007310
2025-06-11,0.9099999999999999,007310
2025-06-12,0.9099999999999999,007310
2025-06-13,0.9099999999999999,007310
2025-06-16,0.3,007310
2025-06-17,0.3,007310
2025-06-18,0.3,007310
2025-06-19,0.3,007310
2025-06-20,0.9099999999999999,007310
2025-06-23,0.3,007310
2025-06-24,0.3,007310
2025-06-25,0.9099999999999999,007310
2025-06-26,0.3,007310
2025-06-27,0.3,007310
2025-06-30,0.3,007310
2025-07-01,0.9099999999999999,007310
2025-07-02,0.9099999999999999,007310
2025-07-03,0.9099999999999999,007310
2025-07-04,0.9099999999999999,007310
2025-07-07,0.9099999999999999,007310
2025-07-08,0.9099999999999999,007310
2025-07-09,0.9099999999999999,007310
2025-07-10,0.9099999999999999,007310
2025-07-11,0.9099999999999999,007310
2025-07-14,0.9099999999999999,007310
2025-07-15,0.9099999999999999,007310
2025-07-16,0.9099999999999999,007310
2025-07-17,0.9099999999999999,007310
2025-07-18,0.9099999999999999,007310
2025-07-21,0.9099999999999999,007310
2025-07-22,0.9099999999999999,007310
2025-07-23,0.3,007310
2025-07-24,0.3,007310
2025-07-25,0.3,007310
2025-07-28,0.3,007310
2025-07-29,0.3,007310
2025-07-30,0.3,007310
2025-07-31,0.3,007310
2025-08-01,0.3,007310
2025-08-04,0.3,007310
2025-08-05,0.3,007310
2025-08-06,0.3,007310
2025-08-07,0.3,007310
2025-08-08,0.3,007310
2025-08-11,0.3,007310
2025-08-12,0.3,007310
2025-08-13,0.3,007310
2025-08-14,0.3,007310
2025-08-18,0.3,007310
2025-08-19,0.3,007310
2025-08-20,0.3,007310
2025-08-21,0.3,007310
2025-08-22,0.3,007310
2025-08-25,0.3,007310
2025-08-26,0.3,007310
2025-08-27,0.3,007310
2025-08-28,0.3,007310
2025-08-29,0.3,007310
2025-09-01,0.9099999999999999,007310
2025-09-02,0.9099999999999999,007310
2025-09-03,0.9099999999999999,007310
2025-09-04,0.9099999999999999,007310
2025-09-05,0.9099999999999999,007310
2025-09-08,0.9099999999999999,007310
2025-09-09,0.9099999999999999,007310
2025-09-10,0.9099999999999999,007310
2025-09-11,0.9099999999999999,007310
2025-09-12,1.0,007310
2025-09-15,1.0,007310
2025-09-16,1.0,007310
2025-09-17,1.0,007310
2025-09-18,1.0,007310
2025-09-19,1.0,007310
2025-09-22,1.0,007310
2025-09-23,1.0,007310
2025-09-24,1.0,007310
2025-09-25,1.0,007310
2025-09-26,1.0,007310
2025-09-29,0.3,007310
2025-09-30,0.3,007310
2025-10-01,0.3,007310
2025-10-02,0.3,007310
2025-10-10,0.3,007310
2025-10-13,0.3,007310
2025-10-14,0.3,007310
2025-10-15,0.3,007310
2025-10-16,0.3,007310
2025-10-17,0.3,007310
2025-10-20,0.3,007310
2025-10-21,0.3,007310
2025-10-22,0.3,007310
2025-10-23,0.3,007310
2025-10-24,0.3,007310
2025-10-27,0.3,007310
2025-10-28,0.3,007310
2025-10-29,0.3,007310
2025-10-30,0.3,007310
2025-10-31,0.3,007310
2025-05-02,0.15,001680
2025-05-07,0.15,001680
2025-05-08,0.15,001680
2025-05-09,0.15,001680
2025-05-12,0.15,001680
2025-05-13,0.15,001680
2025-05-14,0.15,001680
2025-05-15,0.15,001680
2025-05-16,0.15,001680
2025-05-19,0.15,001680
2025-05-20,0.15,001680
2025-05-21,0.15,001680
2025-05-22,0.15,001680
2025-05-23,0.15,001680
2025-05-26,0.3,001680
2025-05-27,0.3,001680
2025-05-28,0.3,001680
2025-05-29,0.3,001680
2025-05-30,0.3,001680
2025-06-02,0.3,001680
2025-06-04,0.3,001680
2025-06-05,0.3,001680
2025-06-09,0.9099999999999999,001680
2025-06-10,0.9099999999999999,001680
2025-06-11,0.9099999999999999,001680
2025-06-12,0.9099999999999999,001680
2025-06-13,0.3,001680
2025-06-16,0.9099999999999999,001680
2025-06-17,0.9099999999999999,001680
2025-06-18,0.9099999999999999,001680
2025-06-19,0.9099999999999999,001680
2025-06-20,1.0,001680
2025-06-23,0.9099999999999999,001680
2025-06-24,1.0,001680
2025-06-25,1.0,001680
2025-06-26,1.0,001680
2025-06-27,0.3,001680
2025-06-30,0.3,001680
2025-07-01,1.0,001680
2025-07-02,1.0,001680
2025-07-03,1.0,001680
2025-07-04,0.9099999999999999,001680
2025-07-07,0.9099999999999999,001680
2025-07-08,0.9099999999999999,001680
2025-07-09,0.9099999999999999,001680
2025-07-10,1.0,001680
2025-07-11,1.0,001680
2025-07-14,1.0,001680
2025-07-15,1.0,001680
2025-07-16,1.0,001680
2025-07-17,1.0,001680
2025-07-18,1.0,001680
2025-07-21,1.0,001680
2025-07-22,1.0,001680
2025-07-23,1.0,001680
2025-07-24,0.9099999999999999,001680
2025-07-25,0.3,001680
2025-07-28,0.3,001680
2025-07-29,0.3,001680
2025-07-30,0.3,001680
2025-07-31,0.9099999999999999,001680
2025-08-01,0.3,001680
2025-08-04,0.3,001680
2025-08-05,0.3,001680
2025-08-06,0.9099999999999999,001680
2025-08-07,0.9099999999999999,001680
2025-08-08,0.9099999999999999,001680
2025-08-11,0.9099999999999999,001680
2025-08-12,0.3,001680
2025-08-13,0.3,001680
2025-08-14,0.3,001680
2025-08-18,0.3,001680
2025-08-19,0.3,001680
2025-08-20,0.3,001680
2025-08-21,0.3,001680
2025-08-22,0.3,001680
2025-08-25,0.3,001680
2025-08-26,0.3,001680
2025-08-27,0.3,001680
2025-08-28,0.3,001680
2025-08-29,0.3,001680
2025-09-01,0.3,001680
2025-09-02,0.3,001680
2025-09-03,0.3,001680
2025-09-04,0.3,001680
2025-09-05,0.3,001680
2025-09-08,0.9099999999999999,001680
2025-09-09,0.9099999999999999,001680
2025-09-10,0.9099999999999999,001680
2025-09-11,0.9099999999999999,001680
2025-09-12,0.9099999999999999,001680
2025-09-15,1.0,001680
2025-09-16,1.0,001680
2025-09-17,1.0,001680
2025-09-18,1.0,001680
2025-09-19,1.0,001680
2025-09-22,0.9099999999999999,001680
2025-09-23,0.3,001680
2025-09-24,0.3,001680
2025-09-25,0.3,001680
2025-09-26,0.3,001680
2025-09-29,0.3,001680
2025-09-30,0.3,001680
2025-10-01,0.3,001680
2025-10-02,0.3,001680
2025-10-10,0.3,001680
2025-10-13,0.3,001680
2025-10-14,0.3,001680
2025-10-15,0.3,001680
2025-10-16,0.3,001680
2025-10-17,0.3,001680
2025-10-20,0.3,001680
2025-10-21,0.3,001680
2025-10-22,0.3,001680
2025-10-23,0.3,001680
2025-10-24,0.3,001680
2025-10-27,0.3,001680
2025-10-28,0.3,001680
2025-10-29,0.3,001680
2025-10-30,0.3,001680
2025-10-31,0.3,001680
2025-05-02,0.15,005300
2025-05-07,0.15,005300
2025-05-08,0.15,005300
2025-05-09,0.15,005300
2025-05-12,0.15,005300
2025-05-13,0.15,005300
2025-05-14,0.15,005300
2025-05-15,0.15,005300
2025-05-16,0.15,005300
2025-05-19,0.15,005300
2025-05-20,0.15,005300
2025-05-21,0.15,005300
2025-05-22,0.15,005300
2025-05-23,0.15,005300
2025-05-26,0.3,005300
2025-05-27,0.3,005300
2025-05-28,0.3,005300
2025-05-29,0.3,005300
2025-05-30,0.3,005300
2025-06-02,0.9099999999999999,005300
2025-06-04,0.9099999999999999,005300
2025-06-05,1.0,005300
2025-06-09,1.0,005300
2025-06-10,1.0,005300
2025-06-11,1.0,005300
2025-06-12,1.0,005300
2025-06-13,1.0,005300
2025-06-16,1.0,005300
2025-06-17,1.0,005300
2025-06-18,1.0,005300
2025-06-19,1.0,005300
2025-06-20,1.0,005300
2025-06-23,1.0,005300
2025-06-24,1.0,005300
2025-06-25,1.0,005300
2025-06-26,1.0,005300
2025-06-27,1.0,005300
2025-06-30,1.0,005300
2025-07-01,1.0,005300
2025-07-02,1.0,005300
2025-07-03,1.0,005300
2025-07-04,1.0,005300
2025-07-07,1.0,005300
2025-07-08,1.0,005300
2025-07-09,1.0,005300
2025-07-10,1.0,005300
2025-07-11,1.0,005300
2025-07-14,1.0,005300
2025-07-15,1.0,005300
2025-07-16,1.0,005300
2025-07-17,1.0,005300
2025-07-18,1.0,005300
2025-07-21,1.0,005300
2025-07-22,1.0,005300
2025-07-23,1.0,005300
2025-07-24,1.0,005300
2025-07-25,1.0,005300
2025-07-28,0.3,005300
2025-07-29,0.3,005300
2025-07-30,0.3,005300
2025-07-31,0.3,005300
2025-08-01,0.3,005300
2025-08-04,0.9099999999999999,005300
2025-08-05,0.3,005300
2025-08-06,0.3,005300
2025-08-07,0.3,005300
2025-08-08,0.3,005300
2025-08-11,0.3,005300
2025-08-12,0.3,005300
2025-08-13,0.3,005300
2025-08-14,0.3,005300
2025-08-18,0.3,005300
2025-08-19,0.3,005300
2025-08-20,0.3,005300
2025-08-21,0.3,005300
2025-08-22,0.3,005300
2025-08-25,0.3,005300
2025-08-26,0.3,005300
2025-08-27,0.3,005300
2025-08-28,0.3,005300
2025-08-29,0.3,005300
2025-09-01,0.3,005300
2025-09-02,0.3,005300
2025-09-03,0.3,005300
2025-09-04,0.3,005300
2025-09-05,0.3,005300
2025-09-08,0.3,005300
2025-09-09,0.3,005300
2025-09-10,0.3,005300
2025-09-11,0.3,005300
2025-09-12,0.9099999999999999,005300
2025-09-15,0.9099999999999999,005300
2025-09-16,0.9099999999999999,005300
2025-09-17,0.9099999999999999,005300
2025-09-18,0.9099999999999999,005300
2025-09-19,0.9099999999999999,005300
2025-09-22,0.3,005300
2025-09-23,0.3,005300
2025-09-24,0.3,005300
2025-09-25,0.3,005300
2025-09-26,0.3,005300
2025-09-29,0.3,005300
2025-09-30,0.3,005300
2025-10-01,0.3,005300
2025-10-02,0.3,005300
2025-10-10,0.3,005300
2025-10-13,0.3,005300
2025-10-14,0.3,005300
2025-10-15,0.3,005300
2025-10-16,0.3,005300
2025-10-17,0.3,005300
2025-10-20,0.3,005300
2025-10-21,0.3,005300
2025-10-22,0.3,005300
2025-10-23,0.9099999999999999,005300
2025-10-24,0.9099999999999999,005300
2025-10-27,0.9099999999999999,005300
2025-10-28,0.9099999999999999,005300
2025-10-29,0.9099999999999999,005300
2025-10-30,0.9099999999999999,005300
2025-10-31,0.9099999999999999,005300
2025-05-02,0.15,271560
2025-05-07,0.15,271560
2025-05-08,0.15,271560
2025-05-09,0.15,271560
2025-05-12,0.15,271560
2025-05-13,0.15,271560
2025-05-14,0.15,271560
2025-05-15,0.15,271560
2025-05-16,0.15,271560
2025-05-19,0.15,271560
2025-05-20,0.15,271560
2025-05-21,0.15,271560
2025-05-22,0.15,271560
2025-05-23,0.15,271560
2025-05-26,0.3,271560
2025-05-27,0.3,271560
2025-05-28,0.3,271560
2025-05-29,0.3,271560
2025-05-30,0.3,271560
2025-06-02,0.3,271560
2025-06-04,0.3,271560
2025-06-05,0.3,271560
2025-06-09,0.3,271560
2025-06-10,0.3,271560
2025-06-11,0.3,271560
2025-06-12,0.3,271560
2025-06-13,0.3,271560
2025-06-16,0.3,271560
2025-06-17,0.3,271560
2025-06-18,0.3,271560
2025-06-19,0.3,271560
2025-06-20,0.3,271560
2025-06-23,0.3,271560
2025-06-24,0.3,271560
2025-06-25,0.3,271560
2025-06-26,0.3,271560
2025-06-27,0.3,271560
2025-06-30,0.3,271560
2025-07-01,0.9099999999999999,271560
2025-07-02,1.0,271560
2025-07-03,1.0,271560
2025-07-04,0.9099999999999999,271560
2025-07-07,0.9099999999999999,271560
2025-07-08,0.9099999999999999,271560
2025-07-09,1.0,271560
2025-07-10,1.0,271560
2025-07-11,1.0,271560
2025-07-14,1.0,271560
2025-07-15,1.0,271560
2025-07-16,1.0,271560
2025-07-17,1.0,271560
2025-07-18,1.0,271560
2025-07-21,0.3,271560
2025-07-22,0.3,271560
2025-07-23,0.3,271560
2025-07-24,0.3,271560
2025-07-25,0.3,271560
2025-07-28,0.3,271560
2025-07-29,0.3,271560
2025-07-30,0.3,271560
2025-07-31,0.3,271560
2025-08-01,0.3,271560
2025-08-04,0.3,271560
2025-08-05,0.3,271560
2025-08-06,0.3,271560
2025-08-07,0.3,271560
2025-08-08,0.3,271560
2025-08-11,0.3,271560
2025-08-12,0.3,271560
2025-08-13,0.3,271560
2025-08-14,0.3,271560
2025-08-18,0.3,271560
2025-08-19,0.3,271560
2025-08-20,0.3,271560
2025-08-21,0.3,271560
2025-08-22,0.3,271560
2025-08-25,0.3,271560
2025-08-26,0.3,271560
2025-08-27,0.3,271560
2025-08-28,0.3,271560
2025-08-29,0.3,271560
2025-09-01,0.3,271560
2025-09-02,0.3,271560
2025-09-03,0.3,271560
2025-09-04,0.3,271560
2025-09-05,0.9099999999999999,271560
2025-09-08,0.3,271560
2025-09-09,0.9099999999999999,271560
2025-09-10,0.9099999999999999,271560
2025-09-11,0.9099999999999999,271560
2025-09-12,0.9099999999999999,271560
2025-09-15,0.9099999999999999,271560
2025-09-16,0.9099999999999999,271560
2025-09-17,0.9099999999999999,271560
2025-09-18,0.9099999999999999,271560
2025-09-19,0.9099999999999999,271560
2025-09-22,0.3,271560
2025-09-23,0.3,271560
2025-09-24,0.3,271560
2025-09-25,0.3,271560
2025-09-26,0.3,271560
2025-09-29,0.3,271560
2025-09-30,0.3,271560
2025-10-01,0.3,271560
2025-10-02,0.3,271560
2025-10-10,0.3,271560
2025-10-13,0.3,271560
2025-10-14,0.3,271560
2025-10-15,0.3,271560
2025-10-16,0.3,271560
2025-10-17,0.3,271560
2025-10-20,0.3,271560
2025-10-21,0.3,271560
2025-10-22,0.3,271560
2025-10-23,0.3,271560
2025-10-24,0.3,271560
2025-10-27,0.3,271560
2025-10-28,0.3,271560
2025-10-29,0.3,271560
2025-10-30,0.3,271560
2025-10-31,0.3,271560
2025-05-02,0.15,001040
2025-05-07,0.15,001040
2025-05-08,0.15,001040
2025-05-09,0.15,001040
2025-05-12,0.15,001040
2025-05-13,0.15,001040
2025-05-14,0.15,001040
2025-05-15,0.15,001040
2025-05-16,0.15,001040
2025-05-19,0.15,001040
2025-05-20,0.15,001040
2025-05-21,0.15,001040
2025-05-22,0.15,001040
2025-05-23,0.15,001040
2025-05-26,0.15,001040
2025-05-27,0.15,001040
2025-05-28,0.15,001040
2025-05-29,0.15,001040
2025-05-30,0.15,001040
2025-06-02,0.76,001040
2025-06-04,0.8500000000000001,001040
2025-06-05,0.8500000000000001,001040
2025-06-09,0.8500000000000001,001040
2025-06-10,0.8500000000000001,001040
2025-06-11,0.8500000000000001,001040
2025-06-12,0.8500000000000001,001040
2025-06-13,0.8500000000000001,001040
2025-06-16,0.8500000000000001,001040
2025-06-17,0.8500000000000001,001040
2025-06-18,0.8500000000000001,001040
2025-06-19,0.8500000000000001,001040
2025-06-20,0.8500000000000001,001040
2025-06-23,0.8500000000000001,001040
2025-06-24,0.8500000000000001,001040
2025-06-25,0.8500000000000001,001040
2025-06-26,0.8500000000000001,001040
2025-06-27,0.8500000000000001,001040
2025-06-30,0.8500000000000001,001040
2025-07-01,0.8500000000000001,001040
2025-07-02,0.8500000000000001,001040
2025-07-03,0.15,001040
2025-07-04,0.15,001040
2025-07-07,0.15,001040
2025-07-08,0.76,001040
2025-07-09,0.76,001040
2025-07-10,0.8500000000000001,001040
2025-07-11,0.8500000000000001,001040
2025-07-14,0.8500000000000001,001040
2025-07-15,0.8500000000000001,001040
2025-07-16,0.8500000000000001,001040
2025-07-17,0.76,001040
2025-07-18,0.76,001040
2025-07-21,0.15,001040
2025-07-22,0.15,001040
2025-07-23,0.15,001040
2025-07-24,0.15,001040
2025-07-25,0.15,001040
2025-07-28,0.15,001040
2025-07-29,0.15,001040
2025-07-30,0.15,001040
2025-07-31,0.15,001040
2025-08-01,0.15,001040
2025-08-04,0.15,001040
2025-08-05,0.15,001040
2025-08-06,0.15,001040
2025-08-07,0.3,001040
2025-08-08,0.9099999999999999,001040
2025-08-11,0.76,001040
2025-08-12,0.15,001040
2025-08-13,0.76,001040
2025-08-14,0.15,001040
2025-08-18,0.15,001040
2025-08-19,0.15,001040
2025-08-20,0.15,001040
2025-08-21,0.15,001040
2025-08-22,0.15,001040
2025-08-25,0.76,001040
2025-08-26,0.76,001040
2025-08-27,0.76,001040
2025-08-28,0.8500000000000001,001040
2025-08-29,0.76,001040
2025-09-01,0.8500000000000001,001040
2025-09-02,0.8500000000000001,001040
2025-09-03,1.0,001040
2025-09-04,1.0,001040
2025-09-05,1.0,001040
2025-09-08,1.0,001040
2025-09-09,1.0,001040
2025-09-10,1.0,001040
2025-09-11,1.0,001040
2025-09-12,0.8500000000000001,001040
2025-09-15,0.8500000000000001,001040
2025-09-16,0.8500000000000001,001040
2025-09-17,0.8500000000000001,001040
2025-09-18,0.8500000000000001,001040
2025-09-19,0.8500000000000001,001040
2025-09-22,0.8500000000000001,001040
2025-09-23,0.8500000000000001,001040
2025-09-24,0.8500000000000001,001040
2025-09-25,0.15,001040
2025-09-26,0.15,001040
2025-09-29,0.15,001040
2025-09-30,0.15,001040
2025-10-01,0.15,001040
2025-10-02,0.15,001040
2025-10-10,0.15,001040
2025-10-13,0.15,001040
2025-10-14,0.15,001040
2025-10-15,0.15,001040
2025-10-16,0.15,001040
2025-10-17,0.15,001040
2025-10-20,0.15,001040
2025-10-21,0.3,001040
2025-10-22,0.3,001040
2025-10-23,0.3,001040
2025-10-24,0.3,001040
2025-10-27,0.3,001040
2025-10-28,0.9099999999999999,001040
2025-10-29,0.3,001040
2025-10-30,0.3,001040
2025-10-31,0.3,001040
2025-05-02,0.15,000990
2025-05-07,0.15,000990
2025-05-08,0.15,000990
2025-05-09,0.15,000990
2025-05-12,0.15,000990
2025-05-13,0.15,000990
2025-05-14,0.15,000990
2025-05-15,0.15,000990
2025-05-16,0.15,000990
2025-05-19,0.15,000990
2025-05-20,0.15,000990
2025-05-21,0.15,000990
2025-05-22,0.15,000990
2025-05-23,0.15,000990
2025-05-26,0.3,000990
2025-05-27,0.3,000990
2025-05-28,0.3,000990
2025-05-29,0.3,000990
2025-05-30,0.3,000990
2025-06-02,0.9099999999999999,000990
2025-06-04,1.0,000990
2025-06-05,1.0,000990
2025-06-09,1.0,000990
2025-06-10,1.0,000990
2025-06-11,1.0,000990
2025-06-12,1.0,000990
2025-06-13,1.0,000990
2025-06-16,1.0,000990
2025-06-17,1.0,000990
2025-06-18,0.8500000000000001,000990
2025-06-19,0.8500000000000001,000990
2025-06-20,0.8500000000000001,000990
2025-06-23,0.8500000000000001,000990
2025-06-24,0.8500000000000001,000990
2025-06-25,0.8500000000000001,000990
2025-06-26,0.8500000000000001,000990
2025-06-27,0.8500000000000001,000990
2025-06-30,0.8500000000000001,000990
2025-07-01,1.0,000990
2025-07-02,0.8500000000000001,000990
2025-07-03,1.0,000990
2025-07-04,0.76,000990
2025-07-07,0.9099999999999999,000990
2025-07-08,0.9099999999999999,000990
2025-07-09,0.9099999999999999,000990
2025-07-10,0.9099999999999999,000990
2025-07-11,0.3,000990
2025-07-14,1.0,000990
2025-07-15,1.0,000990
2025-07-16,0.9099999999999999,000990
2025-07-17,0.9099999999999999,000990
2025-07-18,0.9099999999999999,000990
2025-07-21,0.9099999999999999,000990
2025-07-22,0.3,000990
2025-07-23,0.3,000990
2025-07-24,0.3,000990
2025-07-25,0.3,000990
2025-07-28,0.3,000990
2025-07-29,0.3,000990
2025-07-30,0.3,000990
2025-07-31,0.3,000990
2025-08-01,0.3,000990
2025-08-04,0.3,000990
2025-08-05,0.3,000990
2025-08-06,0.3,000990
2025-08-07,0.3,000990
2025-08-08,0.3,000990
2025-08-11,0.9099999999999999,000990
2025-08-12,0.9099999999999999,000990
2025-08-13,0.9099999999999999,000990
2025-08-14,0.9099999999999999,000990
2025-08-18,0.9099999999999999,000990
2025-08-19,0.3,000990
2025-08-20,0.3,000990
2025-08-21,0.3,000990
2025-08-22,0.3,000990
2025-08-25,0.3,000990
2025-08-26,0.9099999999999999,000990
2025-08-27,0.9099999999999999,000990
2025-08-28,0.9099999999999999,000990
2025-08-29,0.9099999999999999,000990
2025-09-01,0.3,000990
2025-09-02,0.3,000990
2025-09-03,0.3,000990
2025-09-04,0.3,000990
2025-09-05,0.3,000990
2025-09-08,0.3,000990
2025-09-09,0.9099999999999999,000990
2025-09-10,1.0,000990
2025-09-11,1.0,000990
2025-09-12,1.0,000990
2025-09-15,1.0,000990
2025-09-16,1.0,000990
2025-09-17,1.0,000990
2025-09-18,1.0,000990
2025-09-19,1.0,000990
2025-09-22,1.0,000990
2025-09-23,0.8500000000000001,000990
2025-09-24,0.8500000000000001,000990
2025-09-25,0.8500000000000001,000990
2025-09-26,0.8500000000000001,000990
2025-09-29,0.8500000000000001,000990
2025-09-30,0.8500000000000001,000990
2025-10-01,0.8500000000000001,000990
2025-10-02,0.8500000000000001,000990
2025-10-10,0.8500000000000001,000990
2025-10-13,0.8500000000000001,000990
2025-10-14,0.15,000990
2025-10-15,0.8500000000000001,000990
2025-10-16,0.8500000000000001,000990
2025-10-17,0.8500000000000001,000990
2025-10-20,0.8500000000000001,000990
2025-10-21,0.15,000990
2025-10-22,0.15,000990
2025-10-23,0.76,000990
2025-10-24,0.76,000990
2025-10-27,0.76,000990
2025-10-28,0.76,000990
2025-10-29,0.76,000990
2025-10-30,0.76,000990
2025-10-31,0.76,000990
2025-05-02,0.15,000210
2025-05-07,0.15,000210
2025-05-08,0.15,000210
2025-05-09,0.15,000210
2025-05-12,0.15,000210
2025-05-13,0.15,000210
2025-05-14,0.15,000210
2025-05-15,0.15,000210
2025-05-16,0.15,000210
2025-05-19,0.15,000210
2025-05-20,0.15,000210
2025-05-21,0.15,000210
2025-05-22,0.15,000210
2025-05-23,0.15,000210
2025-05-26,0.15,000210
2025-05-27,0.15,000210
2025-05-28,0.15,000210
2025-05-29,0.15,000210
2025-05-30,0.15,000210
2025-06-02,0.76,000210
2025-06-04,0.8500000000000001,000210
2025-06-05,0.8500000000000001,000210
2025-06-09,0.8500000000000001,000210
2025-06-10,0.8500000000000001,000210
2025-06-11,0.8500000000000001,000210
2025-06-12,0.8500000000000001,000210
2025-06-13,0.8500000000000001,000210
2025-06-16,0.8500000000000001,000210
2025-06-17,0.8500000000000001,000210
2025-06-18,0.8500000000000001,000210
2025-06-19,0.15,000210
2025-06-20,0.15,000210
2025-06-23,0.15,000210
2025-06-24,0.15,000210
2025-06-25,0.8500000000000001,000210
2025-06-26,0.8500000000000001,000210
2025-06-27,0.15,000210
2025-06-30,0.76,000210
2025-07-01,0.8500000000000001,000210
2025-07-02,0.8500000000000001,000210
2025-07-03,0.76,000210
2025-07-04,0.76,000210
2025-07-07,0.8500000000000001,000210
2025-07-08,0.8500000000000001,000210
2025-07-09,0.8500000000000001,000210
2025-07-10,0.8500000000000001,000210
2025-07-11,0.8500000000000001,000210
2025-07-14,0.8500000000000001,000210
2025-07-15,0.8500000000000001,000210
2025-07-16,0.8500000000000001,000210
2025-07-17,0.8500000000000001,000210
2025-07-18,0.8500000000000001,000210
2025-07-21,0.8500000000000001,000210
2025-07-22,0.8500000000000001,000210
2025-07-23,0.8500000000000001,000210
2025-07-24,0.8500000000000001,000210
2025-07-25,0.8500000000000001,000210
2025-07-28,0.8500000000000001,000210
2025-07-29,0.8500000000000001,000210
2025-07-30,0.15,000210
2025-07-31,0.15,000210
2025-08-01,0.15,000210
2025-08-04,0.15,000210
2025-08-05,0.15,000210
2025-08-06,0.15,000210
2025-08-07,0.15,000210
2025-08-08,0.15,000210
2025-08-11,0.15,000210
2025-08-12,0.15,000210
2025-08-13,0.15,000210
2025-08-14,0.15,000210
2025-08-18,0.15,000210
2025-08-19,0.15,000210
2025-08-20,0.15,000210
2025-08-21,0.15,000210
2025-08-22,0.15,000210
2025-08-25,0.15,000210
2025-08-26,0.15,000210
2025-08-27,0.15,000210
2025-08-28,0.15,000210
2025-08-29,0.15,000210
2025-09-01,0.3,000210
2025-09-02,0.3,000210
2025-09-03,0.3,000210
2025-09-04,0.3,000210
2025-09-05,0.3,000210
2025-09-08,0.3,000210
2025-09-09,0.9099999999999999,000210
2025-09-10,0.9099999999999999,000210
2025-09-11,0.9099999999999999,000210
2025-09-12,0.9099999999999999,000210
2025-09-15,0.9099999999999999,000210
2025-09-16,0.3,000210
2025-09-17,0.3,000210
2025-09-18,0.3,000210
2025-09-19,0.3,000210
2025-09-22,0.3,000210
2025-09-23,0.3,000210
2025-09-24,0.3,000210
2025-09-25,0.3,000210
2025-09-26,0.3,000210
2025-09-29,0.3,000210
2025-09-30,0.3,000210
2025-10-01,0.3,000210
2025-10-02,0.3,000210
2025-10-10,0.3,000210
2025-10-13,0.3,000210
2025-10-14,0.3,000210
2025-10-15,0.3,000210
2025-10-16,0.3,000210
2025-10-17,0.9099999999999999,000210
2025-10-20,0.9099999999999999,000210
2025-10-21,0.9099999999999999,000210
2025-10-22,0.9099999999999999,000210
2025-10-23,0.9099999999999999,000210
2025-10-24,0.9099999999999999,000210
2025-10-27,0.9099999999999999,000210
2025-10-28,1.0,000210
2025-10-29,1.0,000210
2025-10-30,1.0,000210
2025-10-31,1.0,000210
2025-05-02,0.15,001440
2025-05-07,0.15,001440
2025-05-08,0.15,001440
2025-05-09,0.15,001440
2025-05-12,0.15,001440
2025-05-13,0.15,001440
2025-05-14,0.15,001440
2025-05-15,0.15,001440
2025-05-16,0.15,001440
2025-05-19,0.15,001440
2025-05-20,0.15,001440
2025-05-21,0.15,001440
2025-05-22,0.15,001440
2025-05-23,0.15,001440
2025-05-26,0.3,001440
2025-05-27,0.3,001440
2025-05-28,0.3,001440
2025-05-29,0.3,001440
2025-05-30,0.3,001440
2025-06-02,0.9099999999999999,001440
2025-06-04,1.0,001440
2025-06-05,1.0,001440
2025-06-09,1.0,001440
2025-06-10,1.0,001440
2025-06-11,0.8500000000000001,001440
2025-06-12,0.8500000000000001,001440
2025-06-13,0.8500000000000001,001440
2025-06-16,0.8500000000000001,001440
2025-06-17,0.8500000000000001,001440
2025-06-18,0.8500000000000001,001440
2025-06-19,0.8500000000000001,001440
2025-06-20,0.8500000000000001,001440
2025-06-23,0.8500000000000001,001440
2025-06-24,0.8500000000000001,001440
2025-06-25,0.8500000000000001,001440
2025-06-26,0.8500000000000001,001440
2025-06-27,0.8500000000000001,001440
2025-06-30,0.8500000000000001,001440
2025-07-01,0.8500000000000001,001440
2025-07-02,0.8500000000000001,001440
2025-07-03,0.15,001440
2025-07-04,0.15,001440
2025-07-07,0.15,001440
2025-07-08,0.15,001440
2025-07-09,0.15,001440
2025-07-10,0.15,001440
2025-07-11,0.15,001440
2025-07-14,0.15,001440
2025-07-15,0.15,001440
2025-07-16,0.3,001440
2025-07-17,0.3,001440
2025-07-18,0.3,001440
2025-07-21,0.3,001440
2025-07-22,0.3,001440
2025-07-23,0.9099999999999999,001440
2025-07-24,0.3,001440
2025-07-25,0.3,001440
2025-07-28,0.3,001440
2025-07-29,0.3,001440
2025-07-30,0.3,001440
2025-07-31,0.3,001440
2025-08-01,0.3,001440
2025-08-04,0.9099999999999999,001440
2025-08-05,0.9099999999999999,001440
2025-08-06,0.9099999999999999,001440
2025-08-07,0.9099999999999999,001440
2025-08-08,1.0,001440
2025-08-11,1.0,001440
2025-08-12,0.9099999999999999,001440
2025-08-13,1.0,001440
2025-08-14,1.0,001440
2025-08-18,0.9099999999999999,001440
2025-08-19,0.15,001440
2025-08-20,0.15,001440
2025-08-21,0.15,001440
2025-08-22,0.3,001440
2025-08-25,0.3,001440
2025-08-26,0.3,001440
2025-08-27,0.3,001440
2025-08-28,0.3,001440
2025-08-29,0.3,001440
2025-09-01,0.3,001440
2025-09-02,0.3,001440
2025-09-03,0.3,001440
2025-09-04,0.3,001440
2025-09-05,0.3,001440
2025-09-08,0.3,001440
2025-09-09,0.3,001440
2025-09-10,0.9099999999999999,001440
2025-09-11,0.9099999999999999,001440
2025-09-12,0.9099999999999999,001440
2025-09-15,0.9099999999999999,001440
2025-09-16,0.9099999999999999,001440
2025-09-17,0.9099999999999999,001440
2025-09-18,0.9099999999999999,001440
2025-09-19,0.9099999999999999,001440
2025-09-22,0.9099999999999999,001440
2025-09-23,0.9099999999999999,001440
2025-09-24,0.3,001440
2025-09-25,0.3,001440
2025-09-26,0.3,001440
2025-09-29,0.3,001440
2025-09-30,0.3,001440
2025-10-01,0.3,001440
2025-10-02,1.0,001440
2025-10-10,1.0,001440
2025-10-13,1.0,001440
2025-10-14,1.0,001440
2025-10-15,1.0,001440
2025-10-16,1.0,001440
2025-10-17,0.8500000000000001,001440
2025-10-20,0.8500000000000001,001440
2025-10-21,0.8500000000000001,001440
2025-10-22,0.8500000000000001,001440
2025-10-23,0.8500000000000001,001440
2025-10-24,0.8500000000000001,001440
2025-10-27,0.8500000000000001,001440
2025-10-28,0.8500000000000001,001440
2025-10-29,0.8500000000000001,001440
2025-10-30,0.8500000000000001,001440
2025-10-31,0.8500000000000001,001440
2025-05-02,0.15,006260
2025-05-07,0.15,006260
2025-05-08,0.15,006260
2025-05-09,0.15,006260
2025-05-12,0.15,006260
2025-05-13,0.15,006260
2025-05-14,0.15,006260
2025-05-15,0.15,006260
2025-05-16,0.15,006260
2025-05-19,0.15,006260
2025-05-20,0.15,006260
2025-05-21,0.15,006260
2025-05-22,0.15,006260
2025-05-23,0.15,006260
2025-05-26,0.15,006260
2025-05-27,0.15,006260
2025-05-28,0.15,006260
2025-05-29,0.15,006260
2025-05-30,0.15,006260
2025-06-02,0.76,006260
2025-06-04,0.8500000000000001,006260
2025-06-05,0.8500000000000001,006260
2025-06-09,0.8500000000000001,006260
2025-06-10,0.8500000000000001,006260
2025-06-11,0.8500000000000001,006260
2025-06-12,0.8500000000000001,006260
2025-06-13,0.8500000000000001,006260
2025-06-16,0.8500000000000001,006260
2025-06-17,0.8500000000000001,006260
2025-06-18,0.8500000000000001,006260
2025-06-19,0.8500000000000001,006260
2025-06-20,0.8500000000000001,006260
2025-06-23,0.8500000000000001,006260
2025-06-24,0.8500000000000001,006260
2025-06-25,0.8500000000000001,006260
2025-06-26,0.8500000000000001,006260
2025-06-27,0.8500000000000001,006260
2025-06-30,0.8500000000000001,006260
2025-07-01,0.8500000000000001,006260
2025-07-02,0.8500000000000001,006260
2025-07-03,0.8500000000000001,006260
2025-07-04,0.15,006260
2025-07-07,0.15,006260
2025-07-08,0.8500000000000001,006260
2025-07-09,0.8500000000000001,006260
2025-07-10,0.8500000000000001,006260
2025-07-11,0.15,006260
2025-07-14,0.76,006260
2025-07-15,0.76,006260
2025-07-16,0.8500000000000001,006260
2025-07-17,0.15,006260
2025-07-18,0.15,006260
2025-07-21,0.15,006260
2025-07-22,0.15,006260
2025-07-23,0.15,006260
2025-07-24,0.15,006260
2025-07-25,0.15,006260
2025-07-28,0.3,006260
2025-07-29,0.3,006260
2025-07-30,0.3,006260
2025-07-31,0.3,006260
2025-08-01,0.15,006260
2025-08-04,0.15,006260
2025-08-05,0.15,006260
2025-08-06,0.3,006260
2025-08-07,0.3,006260
2025-08-08,0.3,006260
2025-08-11,0.3,006260
2025-08-12,0.3,006260
2025-08-13,0.3,006260
2025-08-14,0.15,006260
2025-08-18,0.15,006260
2025-08-19,0.15,006260
2025-08-20,0.15,006260
2025-08-21,0.15,006260
2025-08-22,0.15,006260
2025-08-25,0.76,006260
2025-08-26,0.15,006260
2025-08-27,0.9099999999999999,006260
2025-08-28,0.9099999999999999,006260
2025-08-29,0.76,006260
2025-09-01,1.0,006260
2025-09-02,1.0,006260
2025-09-03,0.9099999999999999,006260
2025-09-04,0.9099999999999999,006260
2025-09-05,1.0,006260
2025-09-08,1.0,006260
2025-09-09,0.9099999999999999,006260
2025-09-10,1.0,006260
2025-09-11,1.0,006260
2025-09-12,1.0,006260
2025-09-15,1.0,006260
2025-09-16,1.0,006260
2025-09-17,1.0,006260
2025-09-18,1.0,006260
2025-09-19,1.0,006260
2025-09-22,1.0,006260
2025-09-23,1.0,006260
2025-09-24,0.3,006260
2025-09-25,0.3,006260
2025-09-26,0.15,006260
2025-09-29,0.15,006260
2025-09-30,0.15,006260
2025-10-01,0.3,006260
2025-10-02,0.3,006260
2025-10-10,0.3,006260
2025-10-13,0.3,006260
2025-10-14,0.3,006260
2025-10-15,0.9099999999999999,006260
2025-10-16,0.9099999999999999,006260
2025-10-17,0.9099999999999999,006260
2025-10-20,1.0,006260
2025-10-21,0.9099999999999999,006260
2025-10-22,1.0,006260
2025-10-23,1.0,006260
2025-10-24,1.0,006260
2025-10-27,1.0,006260
2025-10-28,1.0,006260
2025-10-29,1.0,006260
2025-10-30,1.0,006260
2025-10-31,0.8500000000000001,006260
2025-05-02,0.15,004800
2025-05-07,0.15,004800
2025-05-08,0.15,004800
2025-05-09,0.15,004800
2025-05-12,0.15,004800
2025-05-13,0.15,004800
2025-05-14,0.15,004800
2025-05-15,0.15,004800
2025-05-16,0.15,004800
2025-05-19,0.15,004800
2025-05-20,0.15,004800
2025-05-21,0.15,004800
2025-05-22,0.15,004800
2025-05-23,0.15,004800
2025-05-26,0.3,004800
2025-05-27,0.3,004800
2025-05-28,0.3,004800
2025-05-29,0.3,004800
2025-05-30,0.3,004800
2025-06-02,0.9099999999999999,004800
2025-06-04,1.0,004800
2025-06-05,0.8500000000000001,004800
2025-06-09,0.8500000000000001,004800
2025-06-10,0.8500000000000001,004800
2025-06-11,0.8500000000000001,004800
2025-06-12,0.8500000000000001,004800
2025-06-13,0.8500000000000001,004800
2025-06-16,0.8500000000000001,004800
2025-06-17,0.8500000000000001,004800
2025-06-18,0.8500000000000001,004800
2025-06-19,0.8500000000000001,004800
2025-06-20,0.8500000000000001,004800
2025-06-23,0.8500000000000001,004800
2025-06-24,0.8500000000000001,004800
2025-06-25,1.0,004800
2025-06-26,1.0,004800
2025-06-27,0.8500000000000001,004800
2025-06-30,1.0,004800
2025-07-01,0.8500000000000001,004800
2025-07-02,0.8500000000000001,004800
2025-07-03,0.8500000000000001,004800
2025-07-04,0.15,004800
2025-07-07,0.8500000000000001,004800
2025-07-08,0.8500000000000001,004800
2025-07-09,0.8500000000000001,004800
2025-07-10,0.8500000000000001,004800
2025-07-11,0.8500000000000001,004800
2025-07-14,0.8500000000000001,004800
2025-07-15,0.8500000000000001,004800
2025-07-16,0.8500000000000001,004800
2025-07-17,0.8500000000000001,004800
2025-07-18,0.8500000000000001,004800
2025-07-21,0.8500000000000001,004800
2025-07-22,0.8500000000000001,004800
2025-07-23,0.8500000000000001,004800
2025-07-24,1.0,004800
2025-07-25,0.9099999999999999,004800
2025-07-28,0.9099999999999999,004800
2025-07-29,0.8500000000000001,004800
2025-07-30,0.8500000000000001,004800
2025-07-31,0.8500000000000001,004800
2025-08-01,0.8500000000000001,004800
2025-08-04,0.8500000000000001,004800
2025-08-05,0.8500000000000001,004800
2025-08-06,0.8500000000000001,004800
2025-08-07,0.8500000000000001,004800
2025-08-08,0.8500000000000001,004800
2025-08-11,0.8500000000000001,004800
2025-08-12,0.8500000000000001,004800
2025-08-13,0.8500000000000001,004800
2025-08-14,1.0,004800
2025-08-18,1.0,004800
2025-08-19,1.0,004800
2025-08-20,0.3,004800
2025-08-21,0.3,004800
2025-08-22,0.3,004800
2025-08-25,0.3,004800
2025-08-26,0.3,004800
2025-08-27,0.3,004800
2025-08-28,0.3,004800
2025-08-29,0.9099999999999999,004800
2025-09-01,0.9099999999999999,004800
2025-09-02,0.3,004800
2025-09-03,0.3,004800
2025-09-04,0.3,004800
2025-09-05,0.3,004800
2025-09-08,0.3,004800
2025-09-09,0.9099999999999999,004800
2025-09-10,0.9099999999999999,004800
2025-09-11,0.9099999999999999,004800
2025-09-12,0.9099999999999999,004800
2025-09-15,1.0,004800
2025-09-16,1.0,004800
2025-09-17,1.0,004800
2025-09-18,1.0,004800
2025-09-19,1.0,004800
2025-09-22,1.0,004800
2025-09-23,1.0,004800
2025-09-24,0.3,004800
2025-09-25,0.3,004800
2025-09-26,0.3,004800
2025-09-29,0.3,004800
2025-09-30,0.3,004800
2025-10-01,0.3,004800
2025-10-02,0.3,004800
2025-10-10,1.0,004800
2025-10-13,1.0,004800
2025-10-14,1.0,004800
2025-10-15,1.0,004800
2025-10-16,1.0,004800
2025-10-17,1.0,004800
2025-10-20,1.0,004800
2025-10-21,1.0,004800
2025-10-22,0.8500000000000001,004800
2025-10-23,0.8500000000000001,004800
2025-10-24,0.8500000000000001,004800
2025-10-27,0.8500000000000001,004800
2025-10-28,0.8500000000000001,004800
2025-10-29,0.8500000000000001,004800
2025-10-30,0.8500000000000001,004800
2025-10-31,0.8500000000000001,004800
2025-05-02,0.15,003240
2025-05-07,0.15,003240
2025-05-08,0.15,003240
2025-05-09,0.15,003240
2025-05-12,0.15,003240
2025-05-13,0.15,003240
2025-05-14,0.15,003240
2025-05-15,0.15,003240
2025-05-16,0.15,003240
2025-05-19,0.15,003240
2025-05-20,0.15,003240
2025-05-21,0.15,003240
2025-05-22,0.15,003240
2025-05-23,0.15,003240
2025-05-26,0.15,003240
2025-05-27,0.15,003240
2025-05-28,0.15,003240
2025-05-29,0.15,003240
2025-05-30,0.15,003240
2025-06-02,0.76,003240
2025-06-04,0.8500000000000001,003240
2025-06-05,0.8500000000000001,003240
2025-06-09,0.8500000000000001,003240
2025-06-10,0.8500000000000001,003240
2025-06-11,0.8500000000000001,003240
2025-06-12,0.8500000000000001,003240
2025-06-13,0.8500000000000001,003240
2025-06-16,0.8500000000000001,003240
2025-06-17,0.8500000000000001,003240
2025-06-18,0.8500000000000001,003240
2025-06-19,0.8500000000000001,003240
2025-06-20,0.8500000000000001,003240
2025-06-23,0.8500000000000001,003240
2025-06-24,0.8500000000000001,003240
2025-06-25,0.8500000000000001,003240
2025-06-26,0.8500000000000001,003240
2025-06-27,0.8500000000000001,003240
2025-06-30,0.15,003240
2025-07-01,0.15,003240
2025-07-02,0.15,003240
2025-07-03,0.15,003240
2025-07-04,0.15,003240
2025-07-07,0.76,003240
2025-07-08,0.8500000000000001,003240
2025-07-09,0.8500000000000001,003240
2025-07-10,0.8500000000000001,003240
2025-07-11,0.8500000000000001,003240
2025-07-14,0.8500000000000001,003240
2025-07-15,0.8500000000000001,003240
2025-07-16,0.76,003240
2025-07-17,0.76,003240
2025-07-18,0.76,003240
2025-07-21,0.15,003240
2025-07-22,0.15,003240
2025-07-23,0.15,003240
2025-07-24,0.15,003240
2025-07-25,0.15,003240
2025-07-28,0.15,003240
2025-07-29,0.15,003240
2025-07-30,0.15,003240
2025-07-31,0.15,003240
2025-08-01,0.15,003240
2025-08-04,0.15,003240
2025-08-05,0.15,003240
2025-08-06,0.15,003240
2025-08-07,0.15,003240
2025-08-08,0.3,003240
2025-08-11,0.3,003240
2025-08-12,0.3,003240
2025-08-13,0.3,003240
2025-08-14,0.3,003240
2025-08-18,0.3,003240
2025-08-19,0.3,003240
2025-08-20,0.3,003240
2025-08-21,0.3,003240
2025-08-22,0.3,003240
2025-08-25,0.3,003240
2025-08-26,0.3,003240
2025-08-27,0.3,003240
2025-08-28,0.3,003240
2025-08-29,0.3,003240
2025-09-01,0.3,003240
2025-09-02,0.3,003240
2025-09-03,0.3,003240
2025-09-04,0.3,003240
2025-09-05,0.3,003240
2025-09-08,0.3,003240
2025-09-09,0.3,003240
2025-09-10,0.9099999999999999,003240
2025-09-11,0.3,003240
2025-09-12,0.9099999999999999,003240
2025-09-15,0.9099999999999999,003240
2025-09-16,0.9099999999999999,003240
2025-09-17,0.9099999999999999,003240
2025-09-18,0.9099999999999999,003240
2025-09-19,0.9099999999999999,003240
2025-09-22,0.9099999999999999,003240
2025-09-23,0.9099999999999999,003240
2025-09-24,0.3,003240
2025-09-25,0.3,003240
2025-09-26,0.3,003240
2025-09-29,0.3,003240
2025-09-30,0.3,003240
2025-10-01,0.3,003240
2025-10-02,0.3,003240
2025-10-10,0.3,003240
2025-10-13,0.3,003240
2025-10-14,0.3,003240
2025-10-15,0.3,003240
2025-10-16,0.3,003240
2025-10-17,0.3,003240
2025-10-20,0.3,003240
2025-10-21,0.3,003240
2025-10-22,0.3,003240
2025-10-23,0.3,003240
2025-10-24,0.3,003240
2025-10-27,0.3,003240
2025-10-28,0.3,003240
2025-10-29,0.3,003240
2025-10-30,0.3,003240
2025-10-31,0.3,003240
2025-05-02,0.15,002380
2025-05-07,0.15,002380
2025-05-08,0.15,002380
2025-05-09,0.15,002380
2025-05-12,0.15,002380
2025-05-13,0.15,002380
2025-05-14,0.15,002380
2025-05-15,0.15,002380
2025-05-16,0.15,002380
2025-05-19,0.15,002380
2025-05-20,0.15,002380
2025-05-21,0.15,002380
2025-05-22,0.15,002380
2025-05-23,0.15,002380
2025-05-26,0.3,002380
2025-05-27,0.3,002380
2025-05-28,0.3,002380
2025-05-29,0.3,002380
2025-05-30,0.3,002380
2025-06-02,0.9099999999999999,002380
2025-06-04,0.8500000000000001,002380
2025-06-05,0.8500000000000001,002380
2025-06-09,0.8500000000000001,002380
2025-06-10,0.8500000000000001,002380
2025-06-11,0.8500000000000001,002380
2025-06-12,0.8500000000000001,002380
2025-06-13,0.8500000000000001,002380
2025-06-16,0.8500000000000001,002380
2025-06-17,0.8500000000000001,002380
2025-06-18,0.8500000000000001,002380
2025-06-19,0.8500000000000001,002380
2025-06-20,1.0,002380
2025-06-23,0.3,002380
2025-06-24,0.3,002380
2025-06-25,0.3,002380
2025-06-26,0.3,002380
2025-06-27,0.3,002380
2025-06-30,0.3,002380
2025-07-01,0.9099999999999999,002380
2025-07-02,1.0,002380
2025-07-03,0.3,002380
2025-07-04,0.3,002380
2025-07-07,0.9099999999999999,002380
2025-07-08,0.9099999999999999,002380
2025-07-09,1.0,002380
2025-07-10,1.0,002380
2025-07-11,1.0,002380
2025-07-14,0.8500000000000001,002380
2025-07-15,0.8500000000000001,002380
2025-07-16,0.8500000000000001,002380
2025-07-17,0.8500000000000001,002380
2025-07-18,0.8500000000000001,002380
2025-07-21,0.8500000000000001,002380
2025-07-22,0.8500000000000001,002380
2025-07-23,0.8500000000000001,002380
2025-07-24,0.8500000000000001,002380
2025-07-25,0.8500000000000001,002380
2025-07-28,0.8500000000000001,002380
2025-07-29,0.8500000000000001,002380
2025-07-30,0.8500000000000001,002380
2025-07-31,0.8500000000000001,002380
2025-08-01,0.15,002380
2025-08-04,0.8500000000000001,002380
2025-08-05,0.8500000000000001,002380
2025-08-06,0.8500000000000001,002380
2025-08-07,0.76,002380
2025-08-08,0.8500000000000001,002380
2025-08-11,0.76,002380
2025-08-12,0.15,002380
2025-08-13,0.9099999999999999,002380
2025-08-14,0.76,002380
2025-08-18,0.15,002380
2025-08-19,0.3,002380
2025-08-20,0.3,002380
2025-08-21,0.3,002380
2025-08-22,0.3,002380
2025-08-25,0.3,002380
2025-08-26,0.3,002380
2025-08-27,0.9099999999999999,002380
2025-08-28,0.9099999999999999,002380
2025-08-29,1.0,002380
2025-09-01,1.0,002380
2025-09-02,0.9099999999999999,002380
2025-09-03,0.9099999999999999,002380
2025-09-04,0.9099999999999999,002380
2025-09-05,1.0,002380
2025-09-08,1.0,002380
2025-09-09,1.0,002380
2025-09-10,1.0,002380
2025-09-11,1.0,002380
2025-09-12,1.0,002380
2025-09-15,1.0,002380
2025-09-16,1.0,002380
2025-09-17,1.0,002380
2025-09-18,1.0,002380
2025-09-19,1.0,002380
2025-09-22,1.0,002380
2025-09-23,1.0,002380
2025-09-24,0.15,002380
2025-09-25,0.15,002380
2025-09-26,0.15,002380
2025-09-29,0.15,002380
2025-09-30,0.15,002380
2025-10-01,0.15,002380
2025-10-02,0.15,002380
2025-10-10,0.15,002380
2025-10-13,0.15,002380
2025-10-14,0.15,002380
2025-10-15,0.15,002380
2025-10-16,0.15,002380
2025-10-17,0.76,002380
2025-10-20,0.76,002380
2025-10-21,0.9099999999999999,002380
2025-10-22,0.9099999999999999,002380
2025-10-23,0.9099999999999999,002380
2025-10-24,0.9099999999999999,002380
2025-10-27,0.9099999999999999,002380
2025-10-28,0.9099999999999999,002380
2025-10-29,1.0,002380
2025-10-30,1.0,002380
2025-10-31,1.0,002380
2025-05-02,0.15,010140
2025-05-07,0.15,010140
2025-05-08,0.15,010140
2025-05-09,0.15,010140
2025-05-12,0.15,010140
2025-05-13,0.15,010140
2025-05-14,0.15,010140
2025-05-15,0.15,010140
2025-05-16,0.15,010140
2025-05-19,0.15,010140
2025-05-20,0.15,010140
2025-05-21,0.15,010140
2025-05-22,0.15,010140
2025-05-23,0.15,010140
2025-05-26,0.3,010140
2025-05-27,0.3,010140
2025-05-28,0.3,010140
2025-05-29,0.3,010140
2025-05-30,0.3,010140
2025-06-02,0.9099999999999999,010140
2025-06-04,1.0,010140
2025-06-05,0.8500000000000001,010140
2025-06-09,0.8500000000000001,010140
2025-06-10,0.8500000000000001,010140
2025-06-11,0.8500000000000001,010140
2025-06-12,0.8500000000000001,010140
2025-06-13,0.8500000000000001,010140
2025-06-16,0.8500000000000001,010140
2025-06-17,0.8500000000000001,010140
2025-06-18,1.0,010140
2025-06-19,1.0,010140
2025-06-20,0.8500000000000001,010140
2025-06-23,0.15,010140
2025-06-24,1.0,010140
2025-06-25,0.15,010140
2025-06-26,0.15,010140
2025-06-27,0.15,010140
2025-06-30,0.15,010140
2025-07-01,0.15,010140
2025-07-02,0.15,010140
2025-07-03,0.15,010140
2025-07-04,0.15,010140
2025-07-07,0.15,010140
2025-07-08,0.76,010140
2025-07-09,0.76,010140
2025-07-10,0.76,010140
2025-07-11,0.76,010140
2025-07-14,0.76,010140
2025-07-15,0.9099999999999999,010140
2025-07-16,0.9099999999999999,010140
2025-07-17,1.0,010140
2025-07-18,1.0,010140
2025-07-21,1.0,010140
2025-07-22,1.0,010140
2025-07-23,1.0,010140
2025-07-24,1.0,010140
2025-07-25,1.0,010140
2025-07-28,1.0,010140
2025-07-29,1.0,010140
2025-07-30,1.0,010140
2025-07-31,1.0,010140
2025-08-01,1.0,010140
2025-08-04,1.0,010140
2025-08-05,0.8500000000000001,010140
2025-08-06,1.0,010140
2025-08-07,1.0,010140
2025-08-08,1.0,010140
2025-08-11,1.0,010140
2025-08-12,0.3,010140
2025-08-13,0.3,010140
2025-08-14,0.3,010140
2025-08-18,0.9099999999999999,010140
2025-08-19,0.3,010140
2025-08-20,0.3,010140
2025-08-21,0.9099999999999999,010140
2025-08-22,0.9099999999999999,010140
2025-08-25,1.0,010140
2025-08-26,1.0,010140
2025-08-27,1.0,010140
2025-08-28,1.0,010140
2025-08-29,1.0,010140
2025-09-01,1.0,010140
2025-09-02,1.0,010140
2025-09-03,1.0,010140
2025-09-04,1.0,010140
2025-09-05,1.0,010140
2025-09-08,1.0,010140
2025-09-09,1.0,010140
2025-09-10,1.0,010140
2025-09-11,1.0,010140
2025-09-12,0.8500000000000001,010140
2025-09-15,1.0,010140
2025-09-16,1.0,010140
2025-09-17,1.0,010140
2025-09-18,1.0,010140
2025-09-19,1.0,010140
2025-09-22,0.3,010140
2025-09-23,0.3,010140
2025-09-24,0.9099999999999999,010140
2025-09-25,0.9099999999999999,010140
2025-09-26,0.3,010140
2025-09-29,0.3,010140
2025-09-30,0.9099999999999999,010140
2025-10-01,0.9099999999999999,010140
2025-10-02,0.9099999999999999,010140
2025-10-10,1.0,010140
2025-10-13,0.9099999999999999,010140
2025-10-14,0.3,010140
2025-10-15,0.3,010140
2025-10-16,0.9099999999999999,010140
2025-10-17,0.9099999999999999,010140
2025-10-20,0.9099999999999999,010140
2025-10-21,1.0,010140
2025-10-22,1.0,010140
2025-10-23,1.0,010140
2025-10-24,1.0,010140
2025-10-27,0.8500000000000001,010140
2025-10-28,0.8500000000000001,010140
2025-10-29,0.8500000000000001,010140
2025-10-30,0.8500000000000001,010140
2025-10-31,0.8500000000000001,010140
2025-05-02,0.15,001230
2025-05-07,0.15,001230
2025-05-08,0.15,001230
2025-05-09,0.15,001230
2025-05-12,0.15,001230
2025-05-13,0.15,001230
2025-05-14,0.15,001230
2025-05-15,0.15,001230
2025-05-16,0.15,001230
2025-05-19,0.15,001230
2025-05-20,0.15,001230
2025-05-21,0.15,001230
2025-05-22,0.15,001230
2025-05-23,0.15,001230
2025-05-26,0.3,001230
2025-05-27,0.3,001230
2025-05-28,0.3,001230
2025-05-29,0.3,001230
2025-05-30,0.3,001230
2025-06-02,0.9099999999999999,001230
2025-06-04,1.0,001230
2025-06-05,1.0,001230
2025-06-09,1.0,001230
2025-06-10,1.0,001230
2025-06-11,1.0,001230
2025-06-12,1.0,001230
2025-06-13,1.0,001230
2025-06-16,1.0,001230
2025-06-17,1.0,001230
2025-06-18,1.0,001230
2025-06-19,1.0,001230
2025-06-20,1.0,001230
2025-06-23,1.0,001230
2025-06-24,1.0,001230
2025-06-25,1.0,001230
2025-06-26,0.3,001230
2025-06-27,0.3,001230
2025-06-30,0.3,001230
2025-07-01,1.0,001230
2025-07-02,1.0,001230
2025-07-03,0.9099999999999999,001230
2025-07-04,0.9099999999999999,001230
2025-07-07,0.9099999999999999,001230
2025-07-08,1.0,001230
2025-07-09,0.9099999999999999,001230
2025-07-10,1.0,001230
2025-07-11,1.0,001230
2025-07-14,1.0,001230
2025-07-15,1.0,001230
2025-07-16,1.0,001230
2025-07-17,0.9099999999999999,001230
2025-07-18,0.9099999999999999,001230
2025-07-21,1.0,001230
2025-07-22,0.9099999999999999,001230
2025-07-23,1.0,001230
2025-07-24,0.3,001230
2025-07-25,0.3,001230
2025-07-28,0.3,001230
2025-07-29,0.3,001230
2025-07-30,0.3,001230
2025-07-31,0.3,001230
2025-08-01,0.3,001230
2025-08-04,0.3,001230
2025-08-05,0.3,001230
2025-08-06,0.3,001230
2025-08-07,0.3,001230
2025-08-08,0.3,001230
2025-08-11,0.3,001230
2025-08-12,0.3,001230
2025-08-13,0.3,001230
2025-08-14,0.3,001230
2025-08-18,0.3,001230
2025-08-19,0.3,001230
2025-08-20,0.3,001230
2025-08-21,0.3,001230
2025-08-22,0.3,001230
2025-08-25,0.3,001230
2025-08-26,0.3,001230
2025-08-27,0.3,001230
2025-08-28,0.3,001230
2025-08-29,0.3,001230
2025-09-01,0.3,001230
2025-09-02,0.3,001230
2025-09-03,0.3,001230
2025-09-04,0.3,001230
2025-09-05,0.3,001230
2025-09-08,0.3,001230
2025-09-09,0.9099999999999999,001230
2025-09-10,0.9099999999999999,001230
2025-09-11,0.9099999999999999,001230
2025-09-12,0.9099999999999999,001230
2025-09-15,0.9099999999999999,001230
2025-09-16,0.9099999999999999,001230
2025-09-17,0.9099999999999999,001230
2025-09-18,0.9099999999999999,001230
2025-09-19,0.9099999999999999,001230
2025-09-22,0.9099999999999999,001230
2025-09-23,0.3,001230
2025-09-24,0.3,001230
2025-09-25,0.3,001230
2025-09-26,0.3,001230
2025-09-29,0.3,001230
2025-09-30,0.3,001230
2025-10-01,0.3,001230
2025-10-02,0.3,001230
2025-10-10,0.3,001230
2025-10-13,0.3,001230
2025-10-14,0.3,001230
2025-10-15,0.3,001230
2025-10-16,0.3,001230
2025-10-17,0.3,001230
2025-10-20,0.3,001230
2025-10-21,0.3,001230
2025-10-22,0.9099999999999999,001230
2025-10-23,0.3,001230
2025-10-24,0.9099999999999999,001230
2025-10-27,0.9099999999999999,001230
2025-10-28,0.9099999999999999,001230
2025-10-29,0.9099999999999999,001230
2025-10-30,0.9099999999999999,001230
2025-10-31,0.3,001230
2025-05-02,0.15,001740
2025-05-07,0.15,001740
2025-05-08,0.15,001740
2025-05-09,0.15,001740
2025-05-12,0.15,001740
2025-05-13,0.15,001740
2025-05-14,0.15,001740
2025-05-15,0.15,001740
2025-05-16,0.15,001740
2025-05-19,0.15,001740
2025-05-20,0.15,001740
2025-05-21,0.15,001740
2025-05-22,0.15,001740
2025-05-23,0.15,001740
2025-05-26,0.3,001740
2025-05-27,0.3,001740
2025-05-28,0.3,001740
2025-05-29,0.3,001740
2025-05-30,0.3,001740
2025-06-02,0.9099999999999999,001740
2025-06-04,0.9099999999999999,001740
2025-06-05,0.9099999999999999,001740
2025-06-09,1.0,001740
2025-06-10,0.9099999999999999,001740
2025-06-11,0.9099999999999999,001740
2025-06-12,1.0,001740
2025-06-13,0.9099999999999999,001740
2025-06-16,1.0,001740
2025-06-17,1.0,001740
2025-06-18,1.0,001740
2025-06-19,1.0,001740
2025-06-20,1.0,001740
2025-06-23,1.0,001740
2025-06-24,1.0,001740
2025-06-25,1.0,001740
2025-06-26,1.0,001740
2025-06-27,1.0,001740
2025-06-30,1.0,001740
2025-07-01,1.0,001740
2025-07-02,1.0,001740
2025-07-03,1.0,001740
2025-07-04,1.0,001740
2025-07-07,1.0,001740
2025-07-08,1.0,001740
2025-07-09,1.0,001740
2025-07-10,1.0,001740
2025-07-11,1.0,001740
2025-07-14,1.0,001740
2025-07-15,1.0,001740
2025-07-16,1.0,001740
2025-07-17,1.0,001740
2025-07-18,1.0,001740
2025-07-21,0.9099999999999999,001740
2025-07-22,0.9099999999999999,001740
2025-07-23,0.3,001740
2025-07-24,0.3,001740
2025-07-25,0.3,001740
2025-07-28,0.3,001740
2025-07-29,0.3,001740
2025-07-30,0.3,001740
2025-07-31,0.3,001740
2025-08-01,0.3,001740
2025-08-04,0.3,001740
2025-08-05,0.3,001740
2025-08-06,0.3,001740
2025-08-07,0.3,001740
2025-08-08,0.3,001740
2025-08-11,0.3,001740
2025-08-12,0.3,001740
2025-08-13,0.3,001740
2025-08-14,0.3,001740
2025-08-18,0.3,001740
2025-08-19,0.9099999999999999,001740
2025-08-20,0.9099999999999999,001740
2025-08-21,0.3,001740
2025-08-22,0.3,001740
2025-08-25,0.9099999999999999,001740
2025-08-26,0.3,001740
2025-08-27,0.3,001740
2025-08-28,0.3,001740
2025-08-29,0.3,001740
2025-09-01,0.3,001740
2025-09-02,0.3,001740
2025-09-03,0.3,001740
2025-09-04,0.3,001740
2025-09-05,0.3,001740
2025-09-08,0.3,001740
2025-09-09,0.9099999999999999,001740
2025-09-10,0.9099999999999999,001740
2025-09-11,0.9099999999999999,001740
2025-09-12,0.9099999999999999,001740
2025-09-15,0.9099999999999999,001740
2025-09-16,0.9099999999999999,001740
2025-09-17,0.9099999999999999,001740
2025-09-18,0.9099999999999999,001740
2025-09-19,0.9099999999999999,001740
2025-09-22,0.9099999999999999,001740
2025-09-23,0.9099999999999999,001740
2025-09-24,0.9099999999999999,001740
2025-09-25,0.9099999999999999,001740
2025-09-26,0.3,001740
2025-09-29,0.3,001740
2025-09-30,0.3,001740
2025-10-01,0.3,001740
2025-10-02,0.3,001740
2025-10-10,1.0,001740
2025-10-13,1.0,001740
2025-10-14,1.0,001740
2025-10-15,1.0,001740
2025-10-16,1.0,001740
2025-10-17,0.9099999999999999,001740
2025-10-20,0.9099999999999999,001740
2025-10-21,0.9099999999999999,001740
2025-10-22,0.9099999999999999,001740
2025-10-23,0.9099999999999999,001740
2025-10-24,0.9099999999999999,001740
2025-10-27,0.9099999999999999,001740
2025-10-28,0.3,001740
2025-10-29,0.9099999999999999,001740
2025-10-30,0.3,001740
2025-10-31,0.3,001740
2025-05-02,0.15,000150
2025-05-07,0.15,000150
2025-05-08,0.15,000150
2025-05-09,0.15,000150
2025-05-12,0.15,000150
2025-05-13,0.15,000150
2025-05-14,0.15,000150
2025-05-15,0.15,000150
2025-05-16,0.15,000150
2025-05-19,0.15,000150
2025-05-20,0.15,000150
2025-05-21,0.15,000150
2025-05-22,0.15,000150
2025-05-23,0.15,000150
2025-05-26,0.15,000150
2025-05-27,0.15,000150
2025-05-28,0.15,000150
2025-05-29,0.15,000150
2025-05-30,0.15,000150
2025-06-02,0.76,000150
2025-06-04,0.8500000000000001,000150
2025-06-05,0.8500000000000001,000150
2025-06-09,0.8500000000000001,000150
2025-06-10,0.8500000000000001,000150
2025-06-11,0.8500000000000001,000150
2025-06-12,0.8500000000000001,000150
2025-06-13,0.8500000000000001,000150
2025-06-16,0.8500000000000001,000150
2025-06-17,0.8500000000000001,000150
2025-06-18,0.8500000000000001,000150
2025-06-19,0.8500000000000001,000150
2025-06-20,0.8500000000000001,000150
2025-06-23,0.8500000000000001,000150
2025-06-24,0.8500000000000001,000150
2025-06-25,0.8500000000000001,000150
2025-06-26,0.8500000000000001,000150
2025-06-27,0.8500000000000001,000150
2025-06-30,0.8500000000000001,000150
2025-07-01,0.8500000000000001,000150
2025-07-02,0.15,000150
2025-07-03,0.15,000150
2025-07-04,0.15,000150
2025-07-07,0.15,000150
2025-07-08,0.15,000150
2025-07-09,0.15,000150
2025-07-10,0.15,000150
2025-07-11,0.15,000150
2025-07-14,0.15,000150
2025-07-15,0.15,000150
2025-07-16,0.15,000150
2025-07-17,0.15,000150
2025-07-18,0.15,000150
2025-07-21,0.15,000150
2025-07-22,0.15,000150
2025-07-23,0.15,000150
2025-07-24,0.15,000150
2025-07-25,0.15,000150
2025-07-28,0.15,000150
2025-07-29,0.15,000150
2025-07-30,0.15,000150
2025-07-31,0.76,000150
2025-08-01,0.76,000150
2025-08-04,0.15,000150
2025-08-05,0.76,000150
2025-08-06,0.76,000150
2025-08-07,0.76,000150
2025-08-08,0.8500000000000001,000150
2025-08-11,0.8500000000000001,000150
2025-08-12,0.15,000150
2025-08-13,0.15,000150
2025-08-14,0.15,000150
2025-08-18,0.15,000150
2025-08-19,0.15,000150
2025-08-20,0.15,000150
2025-08-21,0.15,000150
2025-08-22,0.15,000150
2025-08-25,0.76,000150
2025-08-26,0.15,000150
2025-08-27,0.15,000150
2025-08-28,0.15,000150
2025-08-29,0.15,000150
2025-09-01,0.15,000150
2025-09-02,0.15,000150
2025-09-03,0.15,000150
2025-09-04,0.15,000150
2025-09-05,0.76,000150
2025-09-08,0.76,000150
2025-09-09,0.76,000150
2025-09-10,0.8500000000000001,000150
2025-09-11,0.8500000000000001,000150
2025-09-12,0.8500000000000001,000150
2025-09-15,0.8500000000000001,000150
2025-09-16,0.8500000000000001,000150
2025-09-17,0.8500000000000001,000150
2025-09-18,0.8500000000000001,000150
2025-09-19,0.8500000000000001,000150
2025-09-22,0.76,000150
2025-09-23,0.76,000150
2025-09-24,0.15,000150
2025-09-25,0.15,000150
2025-09-26,0.15,000150
2025-09-29,0.15,000150
2025-09-30,0.15,000150
2025-10-01,0.15,000150
2025-10-02,0.8500000000000001,000150
2025-10-10,0.76,000150
2025-10-13,0.15,000150
2025-10-14,0.15,000150
2025-10-15,0.76,000150
2025-10-16,0.76,000150
2025-10-17,0.8500000000000001,000150
2025-10-20,0.8500000000000001,000150
2025-10-21,0.8500000000000001,000150
2025-10-22,0.8500000000000001,000150
2025-10-23,0.8500000000000001,000150
2025-10-24,0.8500000000000001,000150
2025-10-27,0.8500000000000001,000150
2025-10-28,0.8500000000000001,000150
2025-10-29,0.8500000000000001,000150
2025-10-30,0.8500000000000001,000150
2025-10-31,0.8500000000000001,000150
2025-05-02,0.15,000670
2025-05-07,0.15,000670
2025-05-08,0.15,000670
2025-05-09,0.15,000670
2025-05-12,0.15,000670
2025-05-13,0.15,000670
2025-05-14,0.15,000670
2025-05-15,0.15,000670
2025-05-16,0.15,000670
2025-05-19,0.15,000670
2025-05-20,0.15,000670
2025-05-21,0.15,000670
2025-05-22,0.15,000670
2025-05-23,0.15,000670
2025-05-26,0.3,000670
2025-05-27,0.3,000670
2025-05-28,0.3,000670
2025-05-29,0.3,000670
2025-05-30,0.3,000670
2025-06-02,0.9099999999999999,000670
2025-06-04,1.0,000670
2025-06-05,1.0,000670
2025-06-09,1.0,000670
2025-06-10,1.0,000670
2025-06-11,1.0,000670
2025-06-12,1.0,000670
2025-06-13,0.8500000000000001,000670
2025-06-16,0.8500000000000001,000670
2025-06-17,0.8500000000000001,000670
2025-06-18,0.8500000000000001,000670
2025-06-19,0.8500000000000001,000670
2025-06-20,0.8500000000000001,000670
2025-06-23,0.8500000000000001,000670
2025-06-24,0.8500000000000001,000670
2025-06-25,1.0,000670
2025-06-26,0.3,000670
2025-06-27,0.8500000000000001,000670
2025-06-30,0.8500000000000001,000670
2025-07-01,0.8500000000000001,000670
2025-07-02,0.8500000000000001,000670
2025-07-03,0.76,000670
2025-07-04,0.76,000670
2025-07-07,0.76,000670
2025-07-08,0.8500000000000001,000670
2025-07-09,0.8500000000000001,000670
2025-07-10,0.8500000000000001,000670
2025-07-11,0.8500000000000001,000670
2025-07-14,0.8500000000000001,000670
2025-07-15,0.8500000000000001,000670
2025-07-16,0.8500000000000001,000670
2025-07-17,0.3,000670
2025-07-18,1.0,000670
2025-07-21,1.0,000670
2025-07-22,0.3,000670
2025-07-23,0.3,000670
2025-07-24,0.3,000670
2025-07-25,0.3,000670
2025-07-28,0.3,000670
2025-07-29,0.3,000670
2025-07-30,0.3,000670
2025-07-31,0.3,000670
2025-08-01,0.3,000670
2025-08-04,0.3,000670
2025-08-05,0.3,000670
2025-08-06,0.3,000670
2025-08-07,0.3,000670
2025-08-08,0.3,000670
2025-08-11,0.3,000670
2025-08-12,0.3,000670
2025-08-13,0.3,000670
2025-08-14,0.3,000670
2025-08-18,0.3,000670
2025-08-19,0.3,000670
2025-08-20,0.15,000670
2025-08-21,0.15,000670
2025-08-22,0.3,000670
2025-08-25,0.3,000670
2025-08-26,0.3,000670
2025-08-27,0.3,000670
2025-08-28,0.3,000670
2025-08-29,0.3,000670
2025-09-01,0.3,000670
2025-09-02,0.3,000670
2025-09-03,0.3,000670
2025-09-04,0.3,000670
2025-09-05,0.3,000670
2025-09-08,0.3,000670
2025-09-09,0.9099999999999999,000670
2025-09-10,0.9099999999999999,000670
2025-09-11,0.9099999999999999,000670
2025-09-12,0.9099999999999999,000670
2025-09-15,1.0,000670
2025-09-16,1.0,000670
2025-09-17,1.0,000670
2025-09-18,1.0,000670
2025-09-19,1.0,000670
2025-09-22,1.0,000670
2025-09-23,1.0,000670
2025-09-24,1.0,000670
2025-09-25,1.0,000670
2025-09-26,1.0,000670
2025-09-29,1.0,000670
2025-09-30,1.0,000670
2025-10-01,1.0,000670
2025-10-02,1.0,000670
2025-10-10,1.0,000670
2025-10-13,1.0,000670
2025-10-14,0.8500000000000001,000670
2025-10-15,0.8500000000000001,000670
2025-10-16,0.8500000000000001,000670
2025-10-17,0.76,000670
2025-10-20,0.76,000670
2025-10-21,0.8500000000000001,000670
2025-10-22,0.76,000670
2025-10-23,0.8500000000000001,000670
2025-10-24,0.8500000000000001,000670
2025-10-27,0.15,000670
2025-10-28,0.15,000670
2025-10-29,0.8500000000000001,000670
2025-10-30,0.8500000000000001,000670
2025-10-31,1.0,000670
2025-05-02,0.15,001120
2025-05-07,0.15,001120
2025-05-08,0.15,001120
2025-05-09,0.15,001120
2025-05-12,0.15,001120
2025-05-13,0.15,001120
2025-05-14,0.15,001120
2025-05-15,0.15,001120
2025-05-16,0.15,001120
2025-05-19,0.15,001120
2025-05-20,0.15,001120
2025-05-21,0.15,001120
2025-05-22,0.15,001120
2025-05-23,0.15,001120
2025-05-26,0.3,001120
2025-05-27,0.3,001120
2025-05-28,0.3,001120
2025-05-29,0.3,001120
2025-05-30,0.3,001120
2025-06-02,0.9099999999999999,001120
2025-06-04,1.0,001120
2025-06-05,1.0,001120
2025-06-09,1.0,001120
2025-06-10,1.0,001120
2025-06-11,1.0,001120
2025-06-12,1.0,001120
2025-06-13,0.9099999999999999,001120
2025-06-16,1.0,001120
2025-06-17,1.0,001120
2025-06-18,1.0,001120
2025-06-19,1.0,001120
2025-06-20,1.0,001120
2025-06-23,1.0,001120
2025-06-24,1.0,001120
2025-06-25,1.0,001120
2025-06-26,1.0,001120
2025-06-27,1.0,001120
2025-06-30,1.0,001120
2025-07-01,1.0,001120
2025-07-02,1.0,001120
2025-07-03,1.0,001120
2025-07-04,0.3,001120
2025-07-07,0.3,001120
2025-07-08,0.3,001120
2025-07-09,1.0,001120
2025-07-10,1.0,001120
2025-07-11,1.0,001120
2025-07-14,1.0,001120
2025-07-15,0.9099999999999999,001120
2025-07-16,1.0,001120
2025-07-17,1.0,001120
2025-07-18,1.0,001120
2025-07-21,1.0,001120
2025-07-22,1.0,001120
2025-07-23,1.0,001120
2025-07-24,1.0,001120
2025-07-25,1.0,001120
2025-07-28,0.3,001120
2025-07-29,0.3,001120
2025-07-30,0.3,001120
2025-07-31,0.3,001120
2025-08-01,0.3,001120
2025-08-04,0.3,001120
2025-08-05,0.3,001120
2025-08-06,0.3,001120
2025-08-07,0.3,001120
2025-08-08,0.3,001120
2025-08-11,0.3,001120
2025-08-12,0.3,001120
2025-08-13,0.3,001120
2025-08-14,0.3,001120
2025-08-18,0.3,001120
2025-08-19,0.3,001120
2025-08-20,0.3,001120
2025-08-21,0.3,001120
2025-08-22,0.3,001120
2025-08-25,0.3,001120
2025-08-26,0.3,001120
2025-08-27,0.3,001120
2025-08-28,0.3,001120
2025-08-29,0.9099999999999999,001120
2025-09-01,0.3,001120
2025-09-02,0.3,001120
2025-09-03,0.9099999999999999,001120
2025-09-04,0.9099999999999999,001120
2025-09-05,0.9099999999999999,001120
2025-09-08,0.9099999999999999,001120
2025-09-09,0.9099999999999999,001120
2025-09-10,0.9099999999999999,001120
2025-09-11,0.9099999999999999,001120
2025-09-12,1.0,001120
2025-09-15,1.0,001120
2025-09-16,1.0,001120
2025-09-17,1.0,001120
2025-09-18,1.0,001120
2025-09-19,1.0,001120
2025-09-22,1.0,001120
2025-09-23,1.0,001120
2025-09-24,1.0,001120
2025-09-25,1.0,001120
2025-09-26,1.0,001120
2025-09-29,1.0,001120
2025-09-30,1.0,001120
2025-10-01,0.3,001120
2025-10-02,0.3,001120
2025-10-10,0.3,001120
2025-10-13,0.3,001120
2025-10-14,0.3,001120
2025-10-15,0.3,001120
2025-10-16,0.3,001120
2025-10-17,0.3,001120
2025-10-20,0.3,001120
2025-10-21,0.3,001120
2025-10-22,0.3,001120
2025-10-23,0.3,001120
2025-10-24,0.3,001120
2025-10-27,0.3,001120
2025-10-28,0.3,001120
2025-10-29,0.3,001120
2025-10-30,0.3,001120
2025-10-31,0.3,001120
2025-05-02,0.15,000240
2025-05-07,0.15,000240
2025-05-08,0.15,000240
2025-05-09,0.15,000240
2025-05-12,0.15,000240
2025-05-13,0.15,000240
2025-05-14,0.15,000240
2025-05-15,0.15,000240
2025-05-16,0.15,000240
2025-05-19,0.15,000240
2025-05-20,0.15,000240
2025-05-21,0.15,000240
2025-05-22,0.15,000240
2025-05-23,0.15,000240
2025-05-26,0.3,000240
2025-05-27,0.3,000240
2025-05-28,0.3,000240
2025-05-29,0.3,000240
2025-05-30,0.3,000240
2025-06-02,0.76,000240
2025-06-04,0.8500000000000001,000240
2025-06-05,0.8500000000000001,000240
2025-06-09,0.8500000000000001,000240
2025-06-10,0.8500000000000001,000240
2025-06-11,0.8500000000000001,000240
2025-06-12,0.8500000000000001,000240
2025-06-13,0.8500000000000001,000240
2025-06-16,0.8500000000000001,000240
2025-06-17,0.8500000000000001,000240
2025-06-18,0.8500000000000001,000240
2025-06-19,0.8500000000000001,000240
2025-06-20,0.8500000000000001,000240
2025-06-23,1.0,000240
2025-06-24,1.0,000240
2025-06-25,1.0,000240
2025-06-26,1.0,000240
2025-06-27,0.3,000240
2025-06-30,0.9099999999999999,000240
2025-07-01,0.9099999999999999,000240
2025-07-02,1.0,000240
2025-07-03,1.0,000240
2025-07-04,1.0,000240
2025-07-07,1.0,000240
2025-07-08,1.0,000240
2025-07-09,1.0,000240
2025-07-10,1.0,000240
2025-07-11,1.0,000240
2025-07-14,0.8500000000000001,000240
2025-07-15,0.8500000000000001,000240
2025-07-16,0.8500000000000001,000240
2025-07-17,0.8500000000000001,000240
2025-07-18,0.8500000000000001,000240
2025-07-21,0.8500000000000001,000240
2025-07-22,0.8500000000000001,000240
2025-07-23,0.8500000000000001,000240
2025-07-24,0.8500000000000001,000240
2025-07-25,0.8500000000000001,000240
2025-07-28,0.8500000000000001,000240
2025-07-29,0.15,000240
2025-07-30,0.8500000000000001,000240
2025-07-31,0.8500000000000001,000240
2025-08-01,0.15,000240
2025-08-04,0.15,000240
2025-08-05,0.15,000240
2025-08-06,0.15,000240
2025-08-07,0.15,000240
2025-08-08,0.15,000240
2025-08-11,0.15,000240
2025-08-12,0.15,000240
2025-08-13,0.15,000240
2025-08-14,0.15,000240
2025-08-18,0.15,000240
2025-08-19,0.15,000240
2025-08-20,0.15,000240
2025-08-21,0.15,000240
2025-08-22,0.15,000240
2025-08-25,0.15,000240
2025-08-26,0.15,000240
2025-08-27,0.15,000240
2025-08-28,0.76,000240
2025-08-29,0.76,000240
2025-09-01,0.76,000240
2025-09-02,0.76,000240
2025-09-03,0.76,000240
2025-09-04,0.9099999999999999,000240
2025-09-05,0.9099999999999999,000240
2025-09-08,0.9099999999999999,000240
2025-09-09,0.9099999999999999,000240
2025-09-10,0.9099999999999999,000240
2025-09-11,0.9099999999999999,000240
2025-09-12,1.0,000240
2025-09-15,1.0,000240
2025-09-16,1.0,000240
2025-09-17,0.3,000240
2025-09-18,1.0,000240
2025-09-19,0.3,000240
2025-09-22,0.3,000240
2025-09-23,0.3,000240
2025-09-24,0.3,000240
2025-09-25,0.3,000240
2025-09-26,0.3,000240
2025-09-29,0.3,000240
2025-09-30,0.3,000240
2025-10-01,0.3,000240
2025-10-02,0.3,000240
2025-10-10,0.3,000240
2025-10-13,0.3,000240
2025-10-14,0.3,000240
2025-10-15,0.3,000240
2025-10-16,0.3,000240
2025-10-17,0.3,000240
2025-10-20,0.3,000240
2025-10-21,0.9099999999999999,000240
2025-10-22,0.9099999999999999,000240
2025-10-23,0.9099999999999999,000240
2025-10-24,0.9099999999999999,000240
2025-10-27,1.0,000240
2025-10-28,0.9099999999999999,000240
2025-10-29,0.9099999999999999,000240
2025-10-30,0.9099999999999999,000240
2025-10-31,0.9099999999999999,000240
2025-05-02,0.15,003520
2025-05-07,0.15,003520
2025-05-08,0.15,003520
2025-05-09,0.15,003520
2025-05-12,0.15,003520
2025-05-13,0.15,003520
2025-05-14,0.15,003520
2025-05-15,0.15,003520
2025-05-16,0.15,003520
2025-05-19,0.15,003520
2025-05-20,0.15,003520
2025-05-21,0.15,003520
2025-05-22,0.15,003520
2025-05-23,0.15,003520
2025-05-26,0.15,003520
2025-05-27,0.15,003520
2025-05-28,0.15,003520
2025-05-29,0.15,003520
2025-05-30,0.15,003520
2025-06-02,0.76,003520
2025-06-04,0.8500000000000001,003520
2025-06-05,0.8500000000000001,003520
2025-06-09,1.0,003520
2025-06-10,1.0,003520
2025-06-11,1.0,003520
2025-06-12,1.0,003520
2025-06-13,0.3,003520
2025-06-16,0.3,003520
2025-06-17,0.3,003520
2025-06-18,0.3,003520
2025-06-19,0.9099999999999999,003520
2025-06-20,1.0,003520
2025-06-23,0.9099999999999999,003520
2025-06-24,1.0,003520
2025-06-25,1.0,003520
2025-06-26,0.76,003520
2025-06-27,0.15,003520
2025-06-30,0.15,003520
2025-07-01,0.76,003520
2025-07-02,0.76,003520
2025-07-03,0.9099999999999999,003520
2025-07-04,0.9099999999999999,003520
2025-07-07,0.9099999999999999,003520
2025-07-08,0.15,003520
2025-07-09,0.3,003520
2025-07-10,0.9099999999999999,003520
2025-07-11,0.9099999999999999,003520
2025-07-14,1.0,003520
2025-07-15,1.0,003520
2025-07-16,0.3,003520
2025-07-17,0.9099999999999999,003520
2025-07-18,0.9099999999999999,003520
2025-07-21,0.9099999999999999,003520
2025-07-22,0.3,003520
2025-07-23,0.3,003520
2025-07-24,0.3,003520
2025-07-25,0.3,003520
2025-07-28,0.3,003520
2025-07-29,0.3,003520
2025-07-30,0.3,003520
2025-07-31,0.3,003520
2025-08-01,0.3,003520
2025-08-04,0.3,003520
2025-08-05,0.3,003520
2025-08-06,0.3,003520
2025-08-07,0.3,003520
2025-08-08,0.3,003520
2025-08-11,0.3,003520
2025-08-12,0.3,003520
2025-08-13,0.3,003520
2025-08-14,0.3,003520
2025-08-18,0.3,003520
2025-08-19,0.3,003520
2025-08-20,0.3,003520
2025-08-21,0.3,003520
2025-08-22,0.3,003520
2025-08-25,0.3,003520
2025-08-26,0.3,003520
2025-08-27,0.3,003520
2025-08-28,0.3,003520
2025-08-29,0.3,003520
2025-09-01,0.3,003520
2025-09-02,0.3,003520
2025-09-03,0.3,003520
2025-09-04,0.9099999999999999,003520
2025-09-05,0.3,003520
2025-09-08,0.3,003520
2025-09-09,0.3,003520
2025-09-10,0.3,003520
2025-09-11,0.3,003520
2025-09-12,0.9099999999999999,003520
2025-09-15,0.9099999999999999,003520
2025-09-16,0.3,003520
2025-09-17,0.3,003520
2025-09-18,0.3,003520
2025-09-19,0.3,003520
2025-09-22,0.3,003520
2025-09-23,0.3,003520
2025-09-24,0.3,003520
2025-09-25,0.3,003520
2025-09-26,0.3,003520
2025-09-29,0.3,003520
2025-09-30,0.3,003520
2025-10-01,0.3,003520
2025-10-02,0.3,003520
2025-10-10,0.3,003520
2025-10-13,0.3,003520
2025-10-14,0.3,003520
2025-10-15,0.3,003520
2025-10-16,0.3,003520
2025-10-17,0.3,003520
2025-10-20,0.3,003520
2025-10-21,0.3,003520
2025-10-22,0.9099999999999999,003520
2025-10-23,0.9099999999999999,003520
2025-10-24,0.9099999999999999,003520
2025-10-27,0.9099999999999999,003520
2025-10-28,0.9099999999999999,003520
2025-10-29,0.9099999999999999,003520
2025-10-30,0.9099999999999999,003520
2025-10-31,1.0,003520
2025-05-02,0.15,000020
2025-05-07,0.15,000020
2025-05-08,0.15,000020
2025-05-09,0.15,000020
2025-05-12,0.15,000020
2025-05-13,0.15,000020
2025-05-14,0.15,000020
2025-05-15,0.15,000020
2025-05-16,0.15,000020
2025-05-19,0.15,000020
2025-05-20,0.15,000020
2025-05-21,0.15,000020
2025-05-22,0.15,000020
2025-05-23,0.15,000020
2025-05-26,0.3,000020
2025-05-27,0.3,000020
2025-05-28,0.3,000020
2025-05-29,0.3,000020
2025-05-30,0.3,000020
2025-06-02,0.9099999999999999,000020
2025-06-04,0.9099999999999999,000020
2025-06-05,0.9099999999999999,000020
2025-06-09,1.0,000020
2025-06-10,1.0,000020
2025-06-11,1.0,000020
2025-06-12,1.0,000020
2025-06-13,0.9099999999999999,000020
2025-06-16,0.9099999999999999,000020
2025-06-17,1.0,000020
2025-06-18,1.0,000020
2025-06-19,1.0,000020
2025-06-20,1.0,000020
2025-06-23,0.9099999999999999,000020
2025-06-24,1.0,000020
2025-06-25,1.0,000020
2025-06-26,0.9099999999999999,000020
2025-06-27,0.3,000020
2025-06-30,0.9099999999999999,000020
2025-07-01,0.9099999999999999,000020
2025-07-02,0.9099999999999999,000020
2025-07-03,1.0,000020
2025-07-04,0.9099999999999999,000020
2025-07-07,0.9099999999999999,000020
2025-07-08,0.9099999999999999,000020
2025-07-09,0.9099999999999999,000020
2025-07-10,0.9099999999999999,000020
2025-07-11,1.0,000020
2025-07-14,1.0,000020
2025-07-15,1.0,000020
2025-07-16,0.9099999999999999,000020
2025-07-17,0.9099999999999999,000020
2025-07-18,0.9099999999999999,000020
2025-07-21,0.9099999999999999,000020
2025-07-22,0.9099999999999999,000020
2025-07-23,0.9099999999999999,000020
2025-07-24,0.3,000020
2025-07-25,0.3,000020
2025-07-28,0.3,000020
2025-07-29,0.9099999999999999,000020
2025-07-30,0.3,000020
2025-07-31,0.3,000020
2025-08-01,0.3,000020
2025-08-04,0.3,000020
2025-08-05,0.3,000020
2025-08-06,0.3,000020
2025-08-07,0.3,000020
2025-08-08,0.3,000020
2025-08-11,0.3,000020
2025-08-12,0.3,000020
2025-08-13,0.3,000020
2025-08-14,0.3,000020
2025-08-18,0.3,000020
2025-08-19,0.3,000020
2025-08-20,0.3,000020
2025-08-21,0.3,000020
2025-08-22,0.3,000020
2025-08-25,0.3,000020
2025-08-26,0.3,000020
2025-08-27,0.3,000020
2025-08-28,0.3,000020
2025-08-29,0.3,000020
2025-09-01,0.3,000020
2025-09-02,0.3,000020
2025-09-03,0.3,000020
2025-09-04,0.9099999999999999,000020
2025-09-05,0.9099999999999999,000020
2025-09-08,0.9099999999999999,000020
2025-09-09,0.9099999999999999,000020
2025-09-10,0.9099999999999999,000020
2025-09-11,0.9099999999999999,000020
2025-09-12,0.9099999999999999,000020
2025-09-15,0.9099999999999999,000020
2025-09-16,0.9099999999999999,000020
2025-09-17,0.9099999999999999,000020
2025-09-18,0.9099999999999999,000020
2025-09-19,0.9099999999999999,000020
2025-09-22,0.3,000020
2025-09-23,0.9099999999999999,000020
2025-09-24,0.9099999999999999,000020
2025-09-25,0.9099999999999999,000020
2025-09-26,0.3,000020
2025-09-29,0.9099999999999999,000020
2025-09-30,0.3,000020
2025-10-01,0.3,000020
2025-10-02,0.3,000020
2025-10-10,0.3,000020
2025-10-13,0.3,000020
2025-10-14,0.3,000020
2025-10-15,0.3,000020
2025-10-16,0.3,000020
2025-10-17,0.3,000020
2025-10-20,0.3,000020
2025-10-21,0.3,000020
2025-10-22,0.3,000020
2025-10-23,0.9099999999999999,000020
2025-10-24,0.3,000020
2025-10-27,0.9099999999999999,000020
2025-10-28,0.9099999999999999,000020
2025-10-29,0.3,000020
2025-10-30,0.3,000020
2025-10-31,0.3,000020
2025-05-02,0.15,000040
2025-05-07,0.15,000040
2025-05-08,0.15,000040
2025-05-09,0.15,000040
2025-05-12,0.15,000040
2025-05-13,0.15,000040
2025-05-14,0.15,000040
2025-05-15,0.15,000040
2025-05-16,0.15,000040
2025-05-19,0.15,000040
2025-05-20,0.15,000040
2025-05-21,0.15,000040
2025-05-22,0.15,000040
2025-05-23,0.15,000040
2025-05-26,0.15,000040
2025-05-27,0.3,000040
2025-05-28,0.15,000040
2025-05-29,0.15,000040
2025-05-30,0.15,000040
2025-06-02,0.76,000040
2025-06-04,0.76,000040
2025-06-05,0.76,000040
2025-06-09,0.76,000040
2025-06-10,0.76,000040
2025-06-11,0.76,000040
2025-06-12,0.76,000040
2025-06-13,0.76,000040
2025-06-16,0.76,000040
2025-06-17,0.15,000040
2025-06-18,0.15,000040
2025-06-19,0.15,000040
2025-06-20,0.15,000040
2025-06-23,0.15,000040
2025-06-24,0.3,000040
2025-06-25,0.3,000040
2025-06-26,0.3,000040
2025-06-27,0.3,000040
2025-06-30,0.3,000040
2025-07-01,0.3,000040
2025-07-02,0.3,000040
2025-07-03,0.3,000040
2025-07-04,0.3,000040
2025-07-07,0.9099999999999999,000040
2025-07-08,0.9099999999999999,000040
2025-07-09,0.9099999999999999,000040
2025-07-10,0.9099999999999999,000040
2025-07-11,0.9099999999999999,000040
2025-07-14,0.9099999999999999,000040
2025-07-15,0.9099999999999999,000040
2025-07-16,0.9099999999999999,000040
2025-07-17,0.9099999999999999,000040
2025-07-18,1.0,000040
2025-07-21,1.0,000040
2025-07-22,0.8500000000000001,000040
2025-07-23,0.8500000000000001,000040
2025-07-24,0.8500000000000001,000040
2025-07-25,0.8500000000000001,000040
2025-07-28,0.8500000000000001,000040
2025-07-29,0.8500000000000001,000040
2025-07-30,0.8500000000000001,000040
2025-07-31,0.8500000000000001,000040
2025-08-01,0.8500000000000001,000040
2025-08-04,0.8500000000000001,000040
2025-08-05,0.8500000000000001,000040
2025-08-06,0.8500000000000001,000040
2025-08-07,0.8500000000000001,000040
2025-08-08,0.8500000000000001,000040
2025-08-11,0.8500000000000001,000040
2025-08-12,0.8500000000000001,000040
2025-08-13,0.8500000000000001,000040
2025-08-14,0.15,000040
2025-08-18,0.15,000040
2025-08-19,0.15,000040
2025-08-20,0.15,000040
2025-08-21,0.8500000000000001,000040
2025-08-22,0.8500000000000001,000040
2025-08-25,0.8500000000000001,000040
2025-08-26,0.8500000000000001,000040
2025-08-27,0.8500000000000001,000040
2025-08-28,0.15,000040
2025-08-29,0.15,000040
2025-09-01,0.15,000040
2025-09-02,0.15,000040
2025-09-03,0.15,000040
2025-09-04,0.15,000040
2025-09-05,0.15,000040
2025-09-08,0.15,000040
2025-09-09,0.15,000040
2025-09-10,0.15,000040
2025-09-11,0.15,000040
2025-09-12,0.15,000040
2025-09-15,0.3,000040
2025-09-16,0.3,000040
2025-09-17,0.3,000040
2025-09-18,0.3,000040
2025-09-19,0.3,000040
2025-09-22,0.3,000040
2025-09-23,0.3,000040
2025-09-24,0.3,000040
2025-09-25,0.3,000040
2025-09-26,0.76,000040
2025-09-29,0.76,000040
2025-09-30,0.76,000040
2025-10-01,0.76,000040
2025-10-02,0.76,000040
2025-10-10,0.15,000040
2025-10-13,0.15,000040
2025-10-14,0.15,000040
2025-10-15,0.15,000040
2025-10-16,0.15,000040
2025-10-17,0.15,000040
2025-10-20,0.15,000040
2025-10-21,0.15,000040
2025-10-22,0.15,000040
2025-10-23,0.3,000040
2025-10-24,0.3,000040
2025-10-27,0.3,000040
2025-10-28,0.3,000040
2025-10-29,0.3,000040
2025-10-30,0.3,000040
2025-10-31,0.3,000040
2025-05-02,0.15,000050
2025-05-07,0.15,000050
2025-05-08,0.15,000050
2025-05-09,0.15,000050
2025-05-12,0.15,000050
2025-05-13,0.15,000050
2025-05-14,0.15,000050
2025-05-15,0.15,000050
2025-05-16,0.15,000050
2025-05-19,0.15,000050
2025-05-20,0.15,000050
2025-05-21,0.15,000050
2025-05-22,0.15,000050
2025-05-23,0.15,000050
2025-05-26,0.15,000050
2025-05-27,0.15,000050
2025-05-28,0.15,000050
2025-05-29,0.15,000050
2025-05-30,0.15,000050
2025-06-02,0.15,000050
2025-06-04,0.8500000000000001,000050
2025-06-05,0.8500000000000001,000050
2025-06-09,0.76,000050
2025-06-10,0.76,000050
2025-06-11,0.76,000050
2025-06-12,0.76,000050
2025-06-13,0.76,000050
2025-06-16,0.8500000000000001,000050
2025-06-17,0.76,000050
2025-06-18,0.8500000000000001,000050
2025-06-19,0.8500000000000001,000050
2025-06-20,0.8500000000000001,000050
2025-06-23,0.8500000000000001,000050
2025-06-24,0.8500000000000001,000050
2025-06-25,0.8500000000000001,000050
2025-06-26,0.15,000050
2025-06-27,0.15,000050
2025-06-30,0.15,000050
2025-07-01,0.15,000050
2025-07-02,0.3,000050
2025-07-03,0.3,000050
2025-07-04,0.3,000050
2025-07-07,0.3,000050
2025-07-08,0.3,000050
2025-07-09,0.9099999999999999,000050
2025-07-10,0.9099999999999999,000050
2025-07-11,0.9099999999999999,000050
2025-07-14,0.9099999999999999,000050
2025-07-15,0.9099999999999999,000050
2025-07-16,0.9099999999999999,000050
2025-07-17,0.9099999999999999,000050
2025-07-18,0.9099999999999999,000050
2025-07-21,0.3,000050
2025-07-22,0.3,000050
2025-07-23,0.3,000050
2025-07-24,0.3,000050
2025-07-25,0.3,000050
2025-07-28,0.3,000050
2025-07-29,0.3,000050
2025-07-30,0.3,000050
2025-07-31,0.3,000050
2025-08-01,0.3,000050
2025-08-04,0.3,000050
2025-08-05,0.3,000050
2025-08-06,0.3,000050
2025-08-07,0.3,000050
2025-08-08,0.3,000050
2025-08-11,0.3,000050
2025-08-12,0.3,000050
2025-08-13,0.3,000050
2025-08-14,0.3,000050
2025-08-18,0.3,000050
2025-08-19,0.3,000050
2025-08-20,0.3,000050
2025-08-21,0.3,000050
2025-08-22,0.3,000050
2025-08-25,0.3,000050
2025-08-26,0.3,000050
2025-08-27,0.3,000050
2025-08-28,0.3,000050
2025-08-29,0.3,000050
2025-09-01,0.3,000050
2025-09-02,0.3,000050
2025-09-03,0.3,000050
2025-09-04,0.3,000050
2025-09-05,0.3,000050
2025-09-08,0.3,000050
2025-09-09,0.9099999999999999,000050
2025-09-10,0.9099999999999999,000050
2025-09-11,0.9099999999999999,000050
2025-09-12,0.9099999999999999,000050
2025-09-15,0.9099999999999999,000050
2025-09-16,0.9099999999999999,000050
2025-09-17,0.9099999999999999,000050
2025-09-18,0.9099999999999999,000050
2025-09-19,0.3,000050
2025-09-22,0.9099999999999999,000050
2025-09-23,0.3,000050
2025-09-24,0.3,000050
2025-09-25,0.3,000050
2025-09-26,0.3,000050
2025-09-29,0.3,000050
2025-09-30,0.3,000050
2025-10-01,0.3,000050
2025-10-02,0.3,000050
2025-10-10,0.3,000050
2025-10-13,0.3,000050
2025-10-14,0.3,000050
2025-10-15,0.3,000050
2025-10-16,0.3,000050
2025-10-17,0.3,000050
2025-10-20,0.3,000050
2025-10-21,0.3,000050
2025-10-22,0.3,000050
2025-10-23,0.3,000050
2025-10-24,0.3,000050
2025-10-27,0.3,000050
2025-10-28,0.3,000050
2025-10-29,0.3,000050
2025-10-30,0.3,000050
2025-10-31,0.3,000050
2025-05-02,0.15,000070
2025-05-07,0.15,000070
2025-05-08,0.15,000070
2025-05-09,0.15,000070
2025-05-12,0.15,000070
2025-05-13,0.15,000070
2025-05-14,0.15,000070
2025-05-15,0.15,000070
2025-05-16,0.15,000070
2025-05-19,0.15,000070
2025-05-20,0.15,000070
2025-05-21,0.15,000070
2025-05-22,0.15,000070
2025-05-23,0.15,000070
2025-05-26,0.3,000070
2025-05-27,0.3,000070
2025-05-28,0.3,000070
2025-05-29,0.3,000070
2025-05-30,0.3,000070
2025-06-02,0.9099999999999999,000070
2025-06-04,1.0,000070
2025-06-05,1.0,000070
2025-06-09,0.8500000000000001,000070
2025-06-10,0.8500000000000001,000070
2025-06-11,0.8500000000000001,000070
2025-06-12,0.8500000000000001,000070
2025-06-13,0.8500000000000001,000070
2025-06-16,0.8500000000000001,000070
2025-06-17,0.8500000000000001,000070
2025-06-18,0.8500000000000001,000070
2025-06-19,0.8500000000000001,000070
2025-06-20,0.8500000000000001,000070
2025-06-23,0.8500000000000001,000070
2025-06-24,0.8500000000000001,000070
2025-06-25,1.0,000070
2025-06-26,1.0,000070
2025-06-27,1.0,000070
2025-06-30,1.0,000070
2025-07-01,1.0,000070
2025-07-02,0.8500000000000001,000070
2025-07-03,0.9099999999999999,000070
2025-07-04,0.15,000070
2025-07-07,0.3,000070
2025-07-08,0.76,000070
2025-07-09,1.0,000070
2025-07-10,0.8500000000000001,000070
2025-07-11,0.8500000000000001,000070
2025-07-14,0.8500000000000001,000070
2025-07-15,0.8500000000000001,000070
2025-07-16,0.8500000000000001,000070
2025-07-17,0.8500000000000001,000070
2025-07-18,0.8500000000000001,000070
2025-07-21,1.0,000070
2025-07-22,0.3,000070
2025-07-23,0.15,000070
2025-07-24,0.15,000070
2025-07-25,0.3,000070
2025-07-28,0.3,000070
2025-07-29,0.3,000070
2025-07-30,0.3,000070
2025-07-31,0.3,000070
2025-08-01,0.3,000070
2025-08-04,0.3,000070
2025-08-05,0.3,000070
2025-08-06,0.3,000070
2025-08-07,0.3,000070
2025-08-08,0.3,000070
2025-08-11,0.3,000070
2025-08-12,0.3,000070
2025-08-13,0.3,000070
2025-08-14,0.3,000070
2025-08-18,0.3,000070
2025-08-19,0.3,000070
2025-08-20,0.3,000070
2025-08-21,0.3,000070
2025-08-22,0.3,000070
2025-08-25,0.3,000070
2025-08-26,0.3,000070
2025-08-27,0.9099999999999999,000070
2025-08-28,0.9099999999999999,000070
2025-08-29,0.9099999999999999,000070
2025-09-01,1.0,000070
2025-09-02,0.9099999999999999,000070
2025-09-03,0.9099999999999999,000070
2025-09-04,0.9099999999999999,000070
2025-09-05,0.9099999999999999,000070
2025-09-08,0.9099999999999999,000070
2025-09-09,0.9099999999999999,000070
2025-09-10,0.9099999999999999,000070
2025-09-11,0.9099999999999999,000070
2025-09-12,1.0,000070
2025-09-15,1.0,000070
2025-09-16,1.0,000070
2025-09-17,1.0,000070
2025-09-18,1.0,000070
2025-09-19,1.0,000070
2025-09-22,1.0,000070
2025-09-23,1.0,000070
2025-09-24,1.0,000070
2025-09-25,0.9099999999999999,000070
2025-09-26,0.9099999999999999,000070
2025-09-29,1.0,000070
2025-09-30,1.0,000070
2025-10-01,1.0,000070
2025-10-02,1.0,000070
2025-10-10,1.0,000070
2025-10-13,1.0,000070
2025-10-14,1.0,000070
2025-10-15,1.0,000070
2025-10-16,1.0,000070
2025-10-17,1.0,000070
2025-10-20,1.0,000070
2025-10-21,1.0,000070
2025-10-22,1.0,000070
2025-10-23,1.0,000070
2025-10-24,1.0,000070
2025-10-27,1.0,000070
2025-10-28,1.0,000070
2025-10-29,1.0,000070
2025-10-30,1.0,000070
2025-10-31,1.0,000070
2025-05-02,0.15,000140
2025-05-07,0.15,000140
2025-05-08,0.15,000140
2025-05-09,0.15,000140
2025-05-12,0.15,000140
2025-05-13,0.15,000140
2025-05-14,0.15,000140
2025-05-15,0.15,000140
2025-05-16,0.15,000140
2025-05-19,0.15,000140
2025-05-20,0.15,000140
2025-05-21,0.15,000140
2025-05-22,0.15,000140
2025-05-23,0.15,000140
2025-05-26,0.15,000140
2025-05-27,0.15,000140
2025-05-28,0.3,000140
2025-05-29,0.3,000140
2025-05-30,0.3,000140
2025-06-02,0.9099999999999999,000140
2025-06-04,1.0,000140
2025-06-05,1.0,000140
2025-06-09,1.0,000140
2025-06-10,0.8500000000000001,000140
2025-06-11,0.8500000000000001,000140
2025-06-12,0.8500000000000001,000140
2025-06-13,0.8500000000000001,000140
2025-06-16,0.8500000000000001,000140
2025-06-17,0.8500000000000001,000140
2025-06-18,0.8500000000000001,000140
2025-06-19,0.8500000000000001,000140
2025-06-20,0.8500000000000001,000140
2025-06-23,0.8500000000000001,000140
2025-06-24,0.8500000000000001,000140
2025-06-25,0.8500000000000001,000140
2025-06-26,0.15,000140
2025-06-27,0.15,000140
2025-06-30,0.3,000140
2025-07-01,1.0,000140
2025-07-02,0.8500000000000001,000140
2025-07-03,0.8500000000000001,000140
2025-07-04,0.15,000140
2025-07-07,0.76,000140
2025-07-08,0.76,000140
2025-07-09,0.76,000140
2025-07-10,0.76,000140
2025-07-11,0.76,000140
2025-07-14,0.8500000000000001,000140
2025-07-15,0.8500000000000001,000140
2025-07-16,0.8500000000000001,000140
2025-07-17,0.8500000000000001,000140
2025-07-18,0.76,000140
2025-07-21,0.15,000140
2025-07-22,0.3,000140
2025-07-23,0.3,000140
2025-07-24,0.3,000140
2025-07-25,0.3,000140
2025-07-28,0.3,000140
2025-07-29,0.3,000140
2025-07-30,0.3,000140
2025-07-31,0.3,000140
2025-08-01,0.3,000140
2025-08-04,0.3,000140
2025-08-05,0.3,000140
2025-08-06,0.3,000140
2025-08-07,0.3,000140
2025-08-08,0.3,000140
2025-08-11,0.3,000140
2025-08-12,0.3,000140
2025-08-13,0.3,000140
2025-08-14,0.3,000140
2025-08-18,0.3,000140
2025-08-19,0.3,000140
2025-08-20,0.3,000140
2025-08-21,0.3,000140
2025-08-22,0.3,000140
2025-08-25,0.3,000140
2025-08-26,0.3,000140
2025-08-27,0.3,000140
2025-08-28,0.3,000140
2025-08-29,0.3,000140
2025-09-01,0.3,000140
2025-09-02,0.3,000140
2025-09-03,0.3,000140
2025-09-04,0.3,000140
2025-09-05,0.3,000140
2025-09-08,0.9099999999999999,000140
2025-09-09,0.9099999999999999,000140
2025-09-10,0.9099999999999999,000140
2025-09-11,0.9099999999999999,000140
2025-09-12,0.9099999999999999,000140
2025-09-15,0.9099999999999999,000140
2025-09-16,0.9099999999999999,000140
2025-09-17,0.9099999999999999,000140
2025-09-18,0.9099999999999999,000140
2025-09-19,0.3,000140
2025-09-22,0.3,000140
2025-09-23,0.3,000140
2025-09-24,0.3,000140
2025-09-25,0.3,000140
2025-09-26,0.3,000140
2025-09-29,0.3,000140
2025-09-30,0.3,000140
2025-10-01,0.3,000140
2025-10-02,0.3,000140
2025-10-10,0.3,000140
2025-10-13,0.3,000140
2025-10-14,0.3,000140
2025-10-15,0.3,000140
2025-10-16,0.3,000140
2025-10-17,0.3,000140
2025-10-20,0.3,000140
2025-10-21,0.3,000140
2025-10-22,0.9099999999999999,000140
2025-10-23,0.9099999999999999,000140
2025-10-24,0.9099999999999999,000140
2025-10-27,0.9099999999999999,000140
2025-10-28,0.9099999999999999,000140
2025-10-29,0.9099999999999999,000140
2025-10-30,0.3,000140
2025-10-31,0.3,000140
2025-05-02,0.15,000180
2025-05-07,0.15,000180
2025-05-08,0.15,000180
2025-05-09,0.15,000180
2025-05-12,0.15,000180
2025-05-13,0.15,000180
2025-05-14,0.15,000180
2025-05-15,0.15,000180
2025-05-16,0.15,000180
2025-05-19,0.15,000180
2025-05-20,0.15,000180
2025-05-21,0.15,000180
2025-05-22,0.15,000180
2025-05-23,0.15,000180
2025-05-26,0.3,000180
2025-05-27,0.3,000180
2025-05-28,0.3,000180
2025-05-29,0.3,000180
2025-05-30,0.3,000180
2025-06-02,0.9099999999999999,000180
2025-06-04,1.0,000180
2025-06-05,1.0,000180
2025-06-09,1.0,000180
2025-06-10,1.0,000180
2025-06-11,1.0,000180
2025-06-12,1.0,000180
2025-06-13,0.8500000000000001,000180
2025-06-16,0.8500000000000001,000180
2025-06-17,0.8500000000000001,000180
2025-06-18,0.8500000000000001,000180
2025-06-19,0.8500000000000001,000180
2025-06-20,0.8500000000000001,000180
2025-06-23,0.8500000000000001,000180
2025-06-24,0.8500000000000001,000180
2025-06-25,0.8500000000000001,000180
2025-06-26,0.8500000000000001,000180
2025-06-27,0.15,000180
2025-06-30,0.15,000180
2025-07-01,0.3,000180
2025-07-02,1.0,000180
2025-07-03,1.0,000180
2025-07-04,1.0,000180
2025-07-07,1.0,000180
2025-07-08,0.9099999999999999,000180
2025-07-09,0.9099999999999999,000180
2025-07-10,0.9099999999999999,000180
2025-07-11,0.9099999999999999,000180
2025-07-14,0.9099999999999999,000180
2025-07-15,0.9099999999999999,000180
2025-07-16,0.9099999999999999,000180
2025-07-17,0.9099999999999999,000180
2025-07-18,0.3,000180
2025-07-21,0.3,000180
2025-07-22,0.3,000180
2025-07-23,0.3,000180
2025-07-24,0.3,000180
2025-07-25,0.3,000180
2025-07-28,0.3,000180
2025-07-29,0.3,000180
2025-07-30,0.3,000180
2025-07-31,0.3,000180
2025-08-01,0.3,000180
2025-08-04,0.3,000180
2025-08-05,0.3,000180
2025-08-06,0.9099999999999999,000180
2025-08-07,0.3,000180
2025-08-08,0.3,000180
2025-08-11,0.9099999999999999,000180
2025-08-12,0.9099999999999999,000180
2025-08-13,0.9099999999999999,000180
2025-08-14,0.9099999999999999,000180
2025-08-18,0.9099999999999999,000180
2025-08-19,0.9099999999999999,000180
2025-08-20,0.9099999999999999,000180
2025-08-21,0.9099999999999999,000180
2025-08-22,1.0,000180
2025-08-25,1.0,000180
2025-08-26,1.0,000180
2025-08-27,1.0,000180
2025-08-28,1.0,000180
2025-08-29,1.0,000180
2025-09-01,1.0,000180
2025-09-02,0.9099999999999999,000180
2025-09-03,1.0,000180
2025-09-04,1.0,000180
2025-09-05,1.0,000180
2025-09-08,1.0,000180
2025-09-09,0.9099999999999999,000180
2025-09-10,1.0,000180
2025-09-11,0.9099999999999999,000180
2025-09-12,0.3,000180
2025-09-15,0.3,000180
2025-09-16,0.9099999999999999,000180
2025-09-17,0.3,000180
2025-09-18,0.3,000180
2025-09-19,0.3,000180
2025-09-22,0.3,000180
2025-09-23,0.3,000180
2025-09-24,0.3,000180
2025-09-25,0.3,000180
2025-09-26,0.3,000180
2025-09-29,0.3,000180
2025-09-30,0.3,000180
2025-10-01,0.3,000180
2025-10-02,0.9099999999999999,000180
2025-10-10,0.3,000180
2025-10-13,0.3,000180
2025-10-14,0.3,000180
2025-10-15,0.3,000180
2025-10-16,0.3,000180
2025-10-17,0.3,000180
2025-10-20,0.3,000180
2025-10-21,0.3,000180
2025-10-22,0.3,000180
2025-10-23,0.3,000180
2025-10-24,0.3,000180
2025-10-27,0.3,000180
2025-10-28,0.3,000180
2025-10-29,0.3,000180
2025-10-30,0.3,000180
2025-10-31,0.3,000180
2025-05-02,0.15,000220
2025-05-07,0.15,000220
2025-05-08,0.15,000220
2025-05-09,0.15,000220
2025-05-12,0.15,000220
2025-05-13,0.15,000220
2025-05-14,0.15,000220
2025-05-15,0.15,000220
2025-05-16,0.15,000220
2025-05-19,0.15,000220
2025-05-20,0.15,000220
2025-05-21,0.15,000220
2025-05-22,0.15,000220
2025-05-23,0.15,000220
2025-05-26,0.3,000220
2025-05-27,0.3,000220
2025-05-28,0.3,000220
2025-05-29,0.3,000220
2025-05-30,0.3,000220
2025-06-02,0.3,000220
2025-06-04,0.9099999999999999,000220
2025-06-05,0.9099999999999999,000220
2025-06-09,0.9099999999999999,000220
2025-06-10,0.9099999999999999,000220
2025-06-11,0.9099999999999999,000220
2025-06-12,0.9099999999999999,000220
2025-06-13,0.3,000220
2025-06-16,0.3,000220
2025-06-17,0.3,000220
2025-06-18,0.3,000220
2025-06-19,0.3,000220
2025-06-20,0.3,000220
2025-06-23,0.3,000220
2025-06-24,0.3,000220
2025-06-25,0.3,000220
2025-06-26,0.3,000220
2025-06-27,0.3,000220
2025-06-30,0.3,000220
2025-07-01,0.3,000220
2025-07-02,0.3,000220
2025-07-03,0.9099999999999999,000220
2025-07-04,0.3,000220
2025-07-07,0.3,000220
2025-07-08,0.9099999999999999,000220
2025-07-09,0.9099999999999999,000220
2025-07-10,0.9099999999999999,000220
2025-07-11,0.9099999999999999,000220
2025-07-14,0.9099999999999999,000220
2025-07-15,0.9099999999999999,000220
2025-07-16,0.9099999999999999,000220
2025-07-17,0.9099999999999999,000220
2025-07-18,0.9099999999999999,000220
2025-07-21,0.9099999999999999,000220
2025-07-22,0.3,000220
2025-07-23,0.9099999999999999,000220
2025-07-24,0.3,000220
2025-07-25,0.3,000220
2025-07-28,0.3,000220
2025-07-29,0.3,000220
2025-07-30,0.3,000220
2025-07-31,0.3,000220
2025-08-01,0.3,000220
2025-08-04,0.3,000220
2025-08-05,0.3,000220
2025-08-06,0.3,000220
2025-08-07,0.3,000220
2025-08-08,0.3,000220
2025-08-11,0.3,000220
2025-08-12,0.3,000220
2025-08-13,0.3,000220
2025-08-14,0.3,000220
2025-08-18,0.3,000220
2025-08-19,0.3,000220
2025-08-20,0.3,000220
2025-08-21,0.3,000220
2025-08-22,0.3,000220
2025-08-25,0.3,000220
2025-08-26,0.3,000220
2025-08-27,0.3,000220
2025-08-28,0.3,000220
2025-08-29,0.3,000220
2025-09-01,0.3,000220
2025-09-02,0.3,000220
2025-09-03,0.3,000220
2025-09-04,0.3,000220
2025-09-05,0.3,000220
2025-09-08,0.3,000220
2025-09-09,0.3,000220
2025-09-10,0.9099999999999999,000220
2025-09-11,0.3,000220
2025-09-12,0.9099999999999999,000220
2025-09-15,0.9099999999999999,000220
2025-09-16,0.9099999999999999,000220
2025-09-17,0.9099999999999999,000220
2025-09-18,0.9099999999999999,000220
2025-09-19,0.9099999999999999,000220
2025-09-22,0.9099999999999999,000220
2025-09-23,0.9099999999999999,000220
2025-09-24,0.9099999999999999,000220
2025-09-25,0.9099999999999999,000220
2025-09-26,0.3,000220
2025-09-29,0.3,000220
2025-09-30,0.3,000220
2025-10-01,0.3,000220
2025-10-02,0.9099999999999999,000220
2025-10-10,0.3,000220
2025-10-13,0.3,000220
2025-10-14,0.3,000220
2025-10-15,0.3,000220
2025-10-16,0.3,000220
2025-10-17,0.3,000220
2025-10-20,0.3,000220
2025-10-21,0.3,000220
2025-10-22,0.3,000220
2025-10-23,0.3,000220
2025-10-24,0.3,000220
2025-10-27,0.3,000220
2025-10-28,0.3,000220
2025-10-29,0.3,000220
2025-10-30,0.3,000220
2025-10-31,0.3,000220
2025-05-02,0.15,000230
2025-05-07,0.15,000230
2025-05-08,0.15,000230
2025-05-09,0.15,000230
2025-05-12,0.15,000230
2025-05-13,0.15,000230
2025-05-14,0.15,000230
2025-05-15,0.15,000230
2025-05-16,0.15,000230
2025-05-19,0.15,000230
2025-05-20,0.15,000230
2025-05-21,0.15,000230
2025-05-22,0.15,000230
2025-05-23,0.15,000230
2025-05-26,0.15,000230
2025-05-27,0.15,000230
2025-05-28,0.15,000230
2025-05-29,0.15,000230
2025-05-30,0.15,000230
2025-06-02,0.76,000230
2025-06-04,0.8500000000000001,000230
2025-06-05,0.8500000000000001,000230
2025-06-09,0.8500000000000001,000230
2025-06-10,0.8500000000000001,000230
2025-06-11,0.8500000000000001,000230
2025-06-12,0.8500000000000001,000230
2025-06-13,0.8500000000000001,000230
2025-06-16,0.8500000000000001,000230
2025-06-17,0.8500000000000001,000230
2025-06-18,0.8500000000000001,000230
2025-06-19,0.8500000000000001,000230
2025-06-20,0.8500000000000001,000230
2025-06-23,0.9099999999999999,000230
2025-06-24,1.0,000230
2025-06-25,0.9099999999999999,000230
2025-06-26,0.3,000230
2025-06-27,0.3,000230
2025-06-30,0.3,000230
2025-07-01,1.0,000230
2025-07-02,1.0,000230
2025-07-03,1.0,000230
2025-07-04,1.0,000230
2025-07-07,0.8500000000000001,000230
2025-07-08,0.8500000000000001,000230
2025-07-09,0.8500000000000001,000230
2025-07-10,0.8500000000000001,000230
2025-07-11,0.8500000000000001,000230
2025-07-14,0.8500000000000001,000230
2025-07-15,0.8500000000000001,000230
2025-07-16,0.8500000000000001,000230
2025-07-17,0.8500000000000001,000230
2025-07-18,0.8500000000000001,000230
2025-07-21,0.8500000000000001,000230
2025-07-22,0.8500000000000001,000230
2025-07-23,0.8500000000000001,000230
2025-07-24,0.8500000000000001,000230
2025-07-25,0.8500000000000001,000230
2025-07-28,0.15,000230
2025-07-29,0.15,000230
2025-07-30,0.15,000230
2025-07-31,0.15,000230
2025-08-01,0.15,000230
2025-08-04,0.15,000230
2025-08-05,0.15,000230
2025-08-06,0.15,000230
2025-08-07,0.15,000230
2025-08-08,0.15,000230
2025-08-11,0.15,000230
2025-08-12,0.15,000230
2025-08-13,0.15,000230
2025-08-14,0.15,000230
2025-08-18,0.15,000230
2025-08-19,0.15,000230
2025-08-20,0.76,000230
2025-08-21,0.76,000230
2025-08-22,0.76,000230
2025-08-25,0.76,000230
2025-08-26,0.76,000230
2025-08-27,0.76,000230
2025-08-28,0.8500000000000001,000230
2025-08-29,0.8500000000000001,000230
2025-09-01,0.8500000000000001,000230
2025-09-02,0.15,000230
2025-09-03,0.15,000230
2025-09-04,0.76,000230
2025-09-05,0.8500000000000001,000230
2025-09-08,0.3,000230
2025-09-09,0.3,000230
2025-09-10,1.0,000230
2025-09-11,1.0,000230
2025-09-12,1.0,000230
2025-09-15,0.8500000000000001,000230
2025-09-16,0.8500000000000001,000230
2025-09-17,0.8500000000000001,000230
2025-09-18,0.8500000000000001,000230
2025-09-19,0.8500000000000001,000230
2025-09-22,0.76,000230
2025-09-23,0.76,000230
2025-09-24,0.15,000230
2025-09-25,0.15,000230
2025-09-26,0.76,000230
2025-09-29,0.8500000000000001,000230
2025-09-30,0.8500000000000001,000230
2025-10-01,0.8500000000000001,000230
2025-10-02,0.8500000000000001,000230
2025-10-10,0.8500000000000001,000230
2025-10-13,0.15,000230
2025-10-14,0.15,000230
2025-10-15,0.15,000230
2025-10-16,0.15,000230
2025-10-17,0.15,000230
2025-10-20,0.15,000230
2025-10-21,0.15,000230
2025-10-22,0.15,000230
2025-10-23,0.15,000230
2025-10-24,0.15,000230
2025-10-27,0.15,000230
2025-10-28,0.15,000230
2025-10-29,0.15,000230
2025-10-30,0.15,000230
2025-10-31,0.15,000230
2025-05-02,0.15,000300
2025-05-07,0.15,000300
2025-05-08,0.15,000300
2025-05-09,0.15,000300
2025-05-12,0.15,000300
2025-05-13,0.15,000300
2025-05-14,0.15,000300
2025-05-15,0.15,000300
2025-05-16,0.15,000300
2025-05-19,0.15,000300
2025-05-20,0.15,000300
2025-05-21,0.15,000300
2025-05-22,0.15,000300
2025-05-23,0.15,000300
2025-05-26,0.15,000300
2025-05-27,0.15,000300
2025-05-28,0.15,000300
2025-05-29,0.15,000300
2025-05-30,0.15,000300
2025-06-02,0.15,000300
2025-06-04,0.15,000300
2025-06-05,0.15,000300
2025-06-09,0.15,000300
2025-06-10,0.15,000300
2025-06-11,0.15,000300
2025-06-12,0.15,000300
2025-06-13,0.15,000300
2025-06-16,0.15,000300
2025-06-17,0.15,000300
2025-06-18,0.15,000300
2025-06-19,0.15,000300
2025-06-20,0.15,000300
2025-06-23,0.15,000300
2025-06-24,0.15,000300
2025-06-25,0.15,000300
2025-06-26,0.15,000300
2025-06-27,0.15,000300
2025-06-30,0.15,000300
2025-07-01,0.15,000300
2025-07-02,0.15,000300
2025-07-03,0.15,000300
2025-07-04,0.15,000300
2025-07-07,0.15,000300
2025-07-08,0.15,000300
2025-07-09,0.15,000300
2025-07-10,0.15,000300
2025-07-11,0.15,000300
2025-07-14,0.15,000300
2025-07-15,0.15,000300
2025-07-16,0.15,000300
2025-07-17,0.15,000300
2025-07-18,0.15,000300
2025-07-21,0.15,000300
2025-07-22,0.15,000300
2025-07-23,0.15,000300
2025-07-24,0.15,000300
2025-07-25,0.15,000300
2025-07-28,0.15,000300
2025-07-29,0.15,000300
2025-07-30,0.15,000300
2025-07-31,0.15,000300
2025-08-01,0.15,000300
2025-08-04,0.15,000300
2025-08-05,0.15,000300
2025-08-06,0.15,000300
2025-08-07,0.15,000300
2025-08-08,0.15,000300
2025-08-11,0.15,000300
2025-08-12,0.15,000300
2025-08-13,0.15,000300
2025-08-14,0.15,000300
2025-08-18,0.15,000300
2025-08-19,0.15,000300
2025-08-20,0.15,000300
2025-08-21,0.15,000300
2025-08-22,0.15,000300
2025-08-25,0.15,000300
2025-08-26,0.15,000300
2025-08-27,0.15,000300
2025-08-28,0.15,000300
2025-08-29,0.15,000300
2025-09-01,0.15,000300
2025-09-02,0.15,000300
2025-09-03,0.15,000300
2025-09-04,0.15,000300
2025-09-05,0.15,000300
2025-09-08,0.15,000300
2025-09-09,0.15,000300
2025-09-10,0.15,000300
2025-09-11,0.15,000300
2025-09-12,0.15,000300
2025-09-15,0.15,000300
2025-09-16,0.15,000300
2025-09-17,0.15,000300
2025-09-18,0.15,000300
2025-09-19,0.15,000300
2025-09-22,0.15,000300
2025-09-23,0.15,000300
2025-09-24,0.15,000300
2025-09-25,0.15,000300
2025-09-26,0.15,000300
2025-09-29,0.15,000300
2025-09-30,0.15,000300
2025-10-01,0.15,000300
2025-10-02,0.15,000300
2025-10-10,0.15,000300
2025-10-13,0.15,000300
2025-10-14,0.15,000300
2025-10-15,0.15,000300
2025-10-16,0.15,000300
2025-10-17,0.15,000300
2025-10-20,0.15,000300
2025-10-21,0.15,000300
2025-10-22,0.15,000300
2025-10-23,0.15,000300
2025-10-24,0.15,000300
2025-10-27,0.15,000300
2025-10-28,0.15,000300
2025-10-29,0.15,000300
2025-10-30,0.15,000300
2025-10-31,0.15,000300
2025-05-02,0.15,000320
2025-05-07,0.15,000320
2025-05-08,0.15,000320
2025-05-09,0.15,000320
2025-05-12,0.15,000320
2025-05-13,0.15,000320
2025-05-14,0.15,000320
2025-05-15,0.15,000320
2025-05-16,0.15,000320
2025-05-19,0.15,000320
2025-05-20,0.15,000320
2025-05-21,0.15,000320
2025-05-22,0.15,000320
2025-05-23,0.15,000320
2025-05-26,0.3,000320
2025-05-27,0.3,000320
2025-05-28,0.3,000320
2025-05-29,0.3,000320
2025-05-30,0.3,000320
2025-06-02,0.9099999999999999,000320
2025-06-04,1.0,000320
2025-06-05,0.8500000000000001,000320
2025-06-09,0.8500000000000001,000320
2025-06-10,0.8500000000000001,000320
2025-06-11,0.8500000000000001,000320
2025-06-12,0.8500000000000001,000320
2025-06-13,0.8500000000000001,000320
2025-06-16,0.8500000000000001,000320
2025-06-17,0.8500000000000001,000320
2025-06-18,0.8500000000000001,000320
2025-06-19,0.8500000000000001,000320
2025-06-20,0.8500000000000001,000320
2025-06-23,0.8500000000000001,000320
2025-06-24,0.8500000000000001,000320
2025-06-25,0.8500000000000001,000320
2025-06-26,0.8500000000000001,000320
2025-06-27,0.8500000000000001,000320
2025-06-30,0.8500000000000001,000320
2025-07-01,0.8500000000000001,000320
2025-07-02,0.8500000000000001,000320
2025-07-03,0.8500000000000001,000320
2025-07-04,0.15,000320
2025-07-07,0.15,000320
2025-07-08,0.8500000000000001,000320
2025-07-09,0.8500000000000001,000320
2025-07-10,0.8500000000000001,000320
2025-07-11,0.8500000000000001,000320
2025-07-14,0.8500000000000001,000320
2025-07-15,0.8500000000000001,000320
2025-07-16,0.8500000000000001,000320
2025-07-17,0.8500000000000001,000320
2025-07-18,0.15,000320
2025-07-21,0.15,000320
2025-07-22,0.15,000320
2025-07-23,0.15,000320
2025-07-24,0.15,000320
2025-07-25,0.15,000320
2025-07-28,0.15,000320
2025-07-29,0.15,000320
2025-07-30,0.15,000320
2025-07-31,0.3,000320
2025-08-01,0.15,000320
2025-08-04,0.15,000320
2025-08-05,0.15,000320
2025-08-06,0.76,000320
2025-08-07,0.76,000320
2025-08-08,0.76,000320
2025-08-11,0.8500000000000001,000320
2025-08-12,0.8500000000000001,000320
2025-08-13,0.8500000000000001,000320
2025-08-14,0.8500000000000001,000320
2025-08-18,0.8500000000000001,000320
2025-08-19,0.8500000000000001,000320
2025-08-20,0.8500000000000001,000320
2025-08-21,0.8500000000000001,000320
2025-08-22,0.8500000000000001,000320
2025-08-25,0.8500000000000001,000320
2025-08-26,0.8500000000000001,000320
2025-08-27,0.8500000000000001,000320
2025-08-28,0.8500000000000001,000320
2025-08-29,0.8500000000000001,000320
2025-09-01,0.8500000000000001,000320
2025-09-02,0.8500000000000001,000320
2025-09-03,0.8500000000000001,000320
2025-09-04,0.8500000000000001,000320
2025-09-05,0.8500000000000001,000320
2025-09-08,0.8500000000000001,000320
2025-09-09,0.8500000000000001,000320
2025-09-10,0.8500000000000001,000320
2025-09-11,0.8500000000000001,000320
2025-09-12,0.8500000000000001,000320
2025-09-15,0.8500000000000001,000320
2025-09-16,0.8500000000000001,000320
2025-09-17,0.15,000320
2025-09-18,0.15,000320
2025-09-19,0.15,000320
2025-09-22,0.15,000320
2025-09-23,0.15,000320
2025-09-24,0.15,000320
2025-09-25,0.15,000320
2025-09-26,0.15,000320
2025-09-29,0.15,000320
2025-09-30,0.15,000320
2025-10-01,0.15,000320
2025-10-02,0.15,000320
2025-10-10,0.15,000320
2025-10-13,0.15,000320
2025-10-14,0.15,000320
2025-10-15,0.15,000320
2025-10-16,0.15,000320
2025-10-17,0.15,000320
2025-10-20,0.15,000320
2025-10-21,0.15,000320
2025-10-22,0.15,000320
2025-10-23,0.3,000320
2025-10-24,0.3,000320
2025-10-27,0.3,000320
2025-10-28,0.3,000320
2025-10-29,0.3,000320
2025-10-30,0.3,000320
2025-10-31,0.3,000320
2025-05-02,0.15,000390
2025-05-07,0.15,000390
2025-05-08,0.15,000390
2025-05-09,0.15,000390
2025-05-12,0.15,000390
2025-05-13,0.15,000390
2025-05-14,0.15,000390
2025-05-15,0.15,000390
2025-05-16,0.15,000390
2025-05-19,0.15,000390
2025-05-20,0.15,000390
2025-05-21,0.15,000390
2025-05-22,0.15,000390
2025-05-23,0.15,000390
2025-05-26,0.3,000390
2025-05-27,0.3,000390
2025-05-28,0.3,000390
2025-05-29,0.3,000390
2025-05-30,0.3,000390
2025-06-02,0.9099999999999999,000390
2025-06-04,0.9099999999999999,000390
2025-06-05,0.9099999999999999,000390
2025-06-09,0.9099999999999999,000390
2025-06-10,0.9099999999999999,000390
2025-06-11,0.9099999999999999,000390
2025-06-12,0.9099999999999999,000390
2025-06-13,0.9099999999999999,000390
2025-06-16,0.9099999999999999,000390
2025-06-17,0.9099999999999999,000390
2025-06-18,0.9099999999999999,000390
2025-06-19,0.3,000390
2025-06-20,0.9099999999999999,000390
2025-06-23,0.9099999999999999,000390
2025-06-24,1.0,000390
2025-06-25,1.0,000390
2025-06-26,0.9099999999999999,000390
2025-06-27,0.3,000390
2025-06-30,0.3,000390
2025-07-01,0.9099999999999999,000390
2025-07-02,0.9099999999999999,000390
2025-07-03,0.9099999999999999,000390
2025-07-04,0.9099999999999999,000390
2025-07-07,0.9099999999999999,000390
2025-07-08,0.9099999999999999,000390
2025-07-09,0.9099999999999999,000390
2025-07-10,0.9099999999999999,000390
2025-07-11,0.9099999999999999,000390
2025-07-14,0.9099999999999999,000390
2025-07-15,0.9099999999999999,000390
2025-07-16,0.9099999999999999,000390
2025-07-17,0.9099999999999999,000390
2025-07-18,0.9099999999999999,000390
2025-07-21,0.9099999999999999,000390
2025-07-22,0.9099999999999999,000390
2025-07-23,0.9099999999999999,000390
2025-07-24,0.3,000390
2025-07-25,0.3,000390
2025-07-28,0.3,000390
2025-07-29,0.3,000390
2025-07-30,0.3,000390
2025-07-31,0.3,000390
2025-08-01,0.3,000390
2025-08-04,0.3,000390
2025-08-05,0.3,000390
2025-08-06,0.3,000390
2025-08-07,0.3,000390
2025-08-08,0.3,000390
2025-08-11,0.3,000390
2025-08-12,0.3,000390
2025-08-13,0.9099999999999999,000390
2025-08-14,0.3,000390
2025-08-18,0.3,000390
2025-08-19,0.3,000390
2025-08-20,0.3,000390
2025-08-21,0.3,000390
2025-08-22,0.3,000390
2025-08-25,0.3,000390
2025-08-26,0.3,000390
2025-08-27,0.3,000390
2025-08-28,0.3,000390
2025-08-29,0.3,000390
2025-09-01,0.3,000390
2025-09-02,0.3,000390
2025-09-03,0.3,000390
2025-09-04,0.3,000390
2025-09-05,0.3,000390
2025-09-08,0.9099999999999999,000390
2025-09-09,0.9099999999999999,000390
2025-09-10,0.9099999999999999,000390
2025-09-11,0.9099999999999999,000390
2025-09-12,0.9099999999999999,000390
2025-09-15,0.9099999999999999,000390
2025-09-16,0.9099999999999999,000390
2025-09-17,0.9099999999999999,000390
2025-09-18,0.9099999999999999,000390
2025-09-19,0.3,000390
2025-09-22,0.3,000390
2025-09-23,0.3,000390
2025-09-24,0.3,000390
2025-09-25,0.3,000390
2025-09-26,0.3,000390
2025-09-29,0.3,000390
2025-09-30,0.3,000390
2025-10-01,0.3,000390
2025-10-02,0.3,000390
2025-10-10,0.3,000390
2025-10-13,0.3,000390
2025-10-14,0.3,000390
2025-10-15,0.3,000390
2025-10-16,0.3,000390
2025-10-17,0.3,000390
2025-10-20,0.3,000390
2025-10-21,0.3,000390
2025-10-22,0.3,000390
2025-10-23,0.3,000390
2025-10-24,0.3,000390
2025-10-27,0.3,000390
2025-10-28,0.3,000390
2025-10-29,0.3,000390
2025-10-30,0.3,000390
2025-10-31,0.3,000390
2025-05-02,0.15,000400
2025-05-07,0.15,000400
2025-05-08,0.15,000400
2025-05-09,0.15,000400
2025-05-12,0.15,000400
2025-05-13,0.15,000400
2025-05-14,0.15,000400
2025-05-15,0.15,000400
2025-05-16,0.15,000400
2025-05-19,0.15,000400
2025-05-20,0.15,000400
2025-05-21,0.15,000400
2025-05-22,0.15,000400
2025-05-23,0.15,000400
2025-05-26,0.3,000400
2025-05-27,0.3,000400
2025-05-28,0.3,000400
2025-05-29,0.3,000400
2025-05-30,0.3,000400
2025-06-02,0.9099999999999999,000400
2025-06-04,0.9099999999999999,000400
2025-06-05,0.9099999999999999,000400
2025-06-09,1.0,000400
2025-06-10,1.0,000400
2025-06-11,1.0,000400
2025-06-12,1.0,000400
2025-06-13,1.0,000400
2025-06-16,1.0,000400
2025-06-17,1.0,000400
2025-06-18,1.0,000400
2025-06-19,1.0,000400
2025-06-20,1.0,000400
2025-06-23,1.0,000400
2025-06-24,1.0,000400
2025-06-25,1.0,000400
2025-06-26,0.8500000000000001,000400
2025-06-27,0.8500000000000001,000400
2025-06-30,0.8500000000000001,000400
2025-07-01,0.8500000000000001,000400
2025-07-02,0.8500000000000001,000400
2025-07-03,0.8500000000000001,000400
2025-07-04,0.8500000000000001,000400
2025-07-07,0.8500000000000001,000400
2025-07-08,0.8500000000000001,000400
2025-07-09,0.8500000000000001,000400
2025-07-10,0.8500000000000001,000400
2025-07-11,0.8500000000000001,000400
2025-07-14,0.8500000000000001,000400
2025-07-15,0.8500000000000001,000400
2025-07-16,0.8500000000000001,000400
2025-07-17,1.0,000400
2025-07-18,1.0,000400
2025-07-21,1.0,000400
2025-07-22,0.8500000000000001,000400
2025-07-23,0.76,000400
2025-07-24,0.15,000400
2025-07-25,0.15,000400
2025-07-28,0.15,000400
2025-07-29,0.15,000400
2025-07-30,0.3,000400
2025-07-31,0.3,000400
2025-08-01,0.3,000400
2025-08-04,0.3,000400
2025-08-05,0.3,000400
2025-08-06,0.3,000400
2025-08-07,0.3,000400
2025-08-08,0.3,000400
2025-08-11,0.3,000400
2025-08-12,0.3,000400
2025-08-13,0.3,000400
2025-08-14,0.3,000400
2025-08-18,0.3,000400
2025-08-19,0.3,000400
2025-08-20,0.3,000400
2025-08-21,0.3,000400
2025-08-22,0.3,000400
2025-08-25,0.3,000400
2025-08-26,0.3,000400
2025-08-27,0.3,000400
2025-08-28,0.3,000400
2025-08-29,0.3,000400
2025-09-01,0.3,000400
2025-09-02,0.3,000400
2025-09-03,0.3,000400
2025-09-04,0.3,000400
2025-09-05,0.3,000400
2025-09-08,0.3,000400
2025-09-09,0.3,000400
2025-09-10,0.3,000400
2025-09-11,0.3,000400
2025-09-12,1.0,000400
2025-09-15,1.0,000400
2025-09-16,1.0,000400
2025-09-17,0.8500000000000001,000400
2025-09-18,0.8500000000000001,000400
2025-09-19,0.8500000000000001,000400
2025-09-22,0.8500000000000001,000400
2025-09-23,0.8500000000000001,000400
2025-09-24,0.8500000000000001,000400
2025-09-25,0.8500000000000001,000400
2025-09-26,0.8500000000000001,000400
2025-09-29,0.8500000000000001,000400
2025-09-30,0.8500000000000001,000400
2025-10-01,0.8500000000000001,000400
2025-10-02,0.8500000000000001,000400
2025-10-10,0.8500000000000001,000400
2025-10-13,0.8500000000000001,000400
2025-10-14,0.8500000000000001,000400
2025-10-15,0.8500000000000001,000400
2025-10-16,0.8500000000000001,000400
2025-10-17,0.15,000400
2025-10-20,0.15,000400
2025-10-21,0.15,000400
2025-10-22,0.15,000400
2025-10-23,0.15,000400
2025-10-24,0.15,000400
2025-10-27,0.76,000400
2025-10-28,0.76,000400
2025-10-29,0.3,000400
2025-10-30,0.15,000400
2025-10-31,0.15,000400
2025-05-02,0.15,000430
2025-05-07,0.15,000430
2025-05-08,0.15,000430
2025-05-09,0.15,000430
2025-05-12,0.15,000430
2025-05-13,0.15,000430
2025-05-14,0.15,000430
2025-05-15,0.15,000430
2025-05-16,0.15,000430
2025-05-19,0.15,000430
2025-05-20,0.15,000430
2025-05-21,0.15,000430
2025-05-22,0.15,000430
2025-05-23,0.15,000430
2025-05-26,0.3,000430
2025-05-27,0.3,000430
2025-05-28,0.3,000430
2025-05-29,0.3,000430
2025-05-30,0.3,000430
2025-06-02,0.3,000430
2025-06-04,0.3,000430
2025-06-05,0.9099999999999999,000430
2025-06-09,0.9099999999999999,000430
2025-06-10,0.9099999999999999,000430
2025-06-11,0.9099999999999999,000430
2025-06-12,0.9099999999999999,000430
2025-06-13,0.9099999999999999,000430
2025-06-16,0.9099999999999999,000430
2025-06-17,0.9099999999999999,000430
2025-06-18,0.9099999999999999,000430
2025-06-19,0.9099999999999999,000430
2025-06-20,0.9099999999999999,000430
2025-06-23,0.3,000430
2025-06-24,0.9099999999999999,000430
2025-06-25,0.9099999999999999,000430
2025-06-26,1.0,000430
2025-06-27,0.3,000430
2025-06-30,0.3,000430
2025-07-01,0.9099999999999999,000430
2025-07-02,0.9099999999999999,000430
2025-07-03,0.9099999999999999,000430
2025-07-04,0.3,000430
2025-07-07,0.3,000430
2025-07-08,0.3,000430
2025-07-09,0.3,000430
2025-07-10,0.3,000430
2025-07-11,0.9099999999999999,000430
2025-07-14,0.9099999999999999,000430
2025-07-15,0.9099999999999999,000430
2025-07-16,0.3,000430
2025-07-17,0.3,000430
2025-07-18,0.3,000430
2025-07-21,0.3,000430
2025-07-22,0.3,000430
2025-07-23,0.3,000430
2025-07-24,0.3,000430
2025-07-25,0.3,000430
2025-07-28,0.3,000430
2025-07-29,0.3,000430
2025-07-30,0.3,000430
2025-07-31,0.3,000430
2025-08-01,0.3,000430
2025-08-04,0.3,000430
2025-08-05,0.3,000430
2025-08-06,0.3,000430
2025-08-07,0.3,000430
2025-08-08,0.3,000430
2025-08-11,0.3,000430
2025-08-12,0.3,000430
2025-08-13,0.9099999999999999,000430
2025-08-14,0.9099999999999999,000430
2025-08-18,0.9099999999999999,000430
2025-08-19,1.0,000430
2025-08-20,1.0,000430
2025-08-21,1.0,000430
2025-08-22,1.0,000430
2025-08-25,1.0,000430
2025-08-26,1.0,000430
2025-08-27,1.0,000430
2025-08-28,1.0,000430
2025-08-29,1.0,000430
2025-09-01,1.0,000430
2025-09-02,0.8500000000000001,000430
2025-09-03,0.8500000000000001,000430
2025-09-04,0.8500000000000001,000430
2025-09-05,0.8500000000000001,000430
2025-09-08,1.0,000430
2025-09-09,0.3,000430
2025-09-10,0.3,000430
2025-09-11,0.3,000430
2025-09-12,0.3,000430
2025-09-15,0.3,000430
2025-09-16,0.3,000430
2025-09-17,0.3,000430
2025-09-18,0.3,000430
2025-09-19,0.3,000430
2025-09-22,0.3,000430
2025-09-23,0.3,000430
2025-09-24,0.3,000430
2025-09-25,0.3,000430
2025-09-26,0.3,000430
2025-09-29,0.3,000430
2025-09-30,0.3,000430
2025-10-01,0.3,000430
2025-10-02,0.3,000430
2025-10-10,0.3,000430
2025-10-13,0.3,000430
2025-10-14,0.3,000430
2025-10-15,0.3,000430
2025-10-16,0.3,000430
2025-10-17,0.9099999999999999,000430
2025-10-20,0.9099999999999999,000430
2025-10-21,0.9099999999999999,000430
2025-10-22,0.9099999999999999,000430
2025-10-23,0.9099999999999999,000430
2025-10-24,0.9099999999999999,000430
2025-10-27,0.9099999999999999,000430
2025-10-28,0.9099999999999999,000430
2025-10-29,1.0,000430
2025-10-30,1.0,000430
2025-10-31,1.0,000430
2025-05-02,0.15,000480
2025-05-07,0.15,000480
2025-05-08,0.15,000480
2025-05-09,0.15,000480
2025-05-12,0.15,000480
2025-05-13,0.15,000480
2025-05-14,0.15,000480
2025-05-15,0.15,000480
2025-05-16,0.15,000480
2025-05-19,0.15,000480
2025-05-20,0.15,000480
2025-05-21,0.15,000480
2025-05-22,0.15,000480
2025-05-23,0.15,000480
2025-05-26,0.3,000480
2025-05-27,0.3,000480
2025-05-28,0.3,000480
2025-05-29,0.3,000480
2025-05-30,0.3,000480
2025-06-02,0.9099999999999999,000480
2025-06-04,0.9099999999999999,000480
2025-06-05,0.9099999999999999,000480
2025-06-09,1.0,000480
2025-06-10,1.0,000480
2025-06-11,1.0,000480
2025-06-12,1.0,000480
2025-06-13,0.9099999999999999,000480
2025-06-16,0.9099999999999999,000480
2025-06-17,1.0,000480
2025-06-18,1.0,000480
2025-06-19,1.0,000480
2025-06-20,1.0,000480
2025-06-23,1.0,000480
2025-06-24,1.0,000480
2025-06-25,1.0,000480
2025-06-26,0.3,000480
2025-06-27,0.3,000480
2025-06-30,0.3,000480
2025-07-01,0.3,000480
2025-07-02,0.3,000480
2025-07-03,0.9099999999999999,000480
2025-07-04,0.9099999999999999,000480
2025-07-07,0.9099999999999999,000480
2025-07-08,0.9099999999999999,000480
2025-07-09,0.9099999999999999,000480
2025-07-10,0.9099999999999999,000480
2025-07-11,0.9099999999999999,000480
2025-07-14,0.9099999999999999,000480
2025-07-15,0.9099999999999999,000480
2025-07-16,0.9099999999999999,000480
2025-07-17,0.9099999999999999,000480
2025-07-18,0.9099999999999999,000480
2025-07-21,0.3,000480
2025-07-22,0.3,000480
2025-07-23,0.3,000480
2025-07-24,0.3,000480
2025-07-25,0.3,000480
2025-07-28,0.3,000480
2025-07-29,0.3,000480
2025-07-30,0.3,000480
2025-07-31,0.3,000480
2025-08-01,0.3,000480
2025-08-04,0.3,000480
2025-08-05,0.3,000480
2025-08-06,0.3,000480
2025-08-07,0.3,000480
2025-08-08,0.3,000480
2025-08-11,0.3,000480
2025-08-12,0.3,000480
2025-08-13,0.3,000480
2025-08-14,0.3,000480
2025-08-18,0.3,000480
2025-08-19,0.3,000480
2025-08-20,0.3,000480
2025-08-21,0.3,000480
2025-08-22,0.3,000480
2025-08-25,0.3,000480
2025-08-26,0.3,000480
2025-08-27,0.3,000480
2025-08-28,0.3,000480
2025-08-29,0.3,000480
2025-09-01,0.3,000480
2025-09-02,0.3,000480
2025-09-03,0.3,000480
2025-09-04,0.3,000480
2025-09-05,0.3,000480
2025-09-08,0.3,000480
2025-09-09,0.3,000480
2025-09-10,0.3,000480
2025-09-11,0.3,000480
2025-09-12,0.3,000480
2025-09-15,0.15,000480
2025-09-16,0.15,000480
2025-09-17,0.15,000480
2025-09-18,0.15,000480
2025-09-19,0.15,000480
2025-09-22,0.15,000480
2025-09-23,0.3,000480
2025-09-24,0.3,000480
2025-09-25,0.3,000480
2025-09-26,0.3,000480
2025-09-29,0.3,000480
2025-09-30,0.3,000480
2025-10-01,0.3,000480
2025-10-02,0.3,000480
2025-10-10,0.3,000480
2025-10-13,0.3,000480
2025-10-14,0.3,000480
2025-10-15,0.3,000480
2025-10-16,0.3,000480
2025-10-17,0.3,000480
2025-10-20,0.3,000480
2025-10-21,0.3,000480
2025-10-22,0.3,000480
2025-10-23,0.3,000480
2025-10-24,0.3,000480
2025-10-27,0.3,000480
2025-10-28,0.9099999999999999,000480
2025-10-29,0.3,000480
2025-10-30,0.76,000480
2025-10-31,0.76,000480
2025-05-02,0.15,000490
2025-05-07,0.15,000490
2025-05-08,0.15,000490
2025-05-09,0.15,000490
2025-05-12,0.15,000490
2025-05-13,0.15,000490
2025-05-14,0.15,000490
2025-05-15,0.15,000490
2025-05-16,0.15,000490
2025-05-19,0.15,000490
2025-05-20,0.15,000490
2025-05-21,0.15,000490
2025-05-22,0.15,000490
2025-05-23,0.15,000490
2025-05-26,0.3,000490
2025-05-27,0.3,000490
2025-05-28,0.3,000490
2025-05-29,0.3,000490
2025-05-30,0.3,000490
2025-06-02,0.3,000490
2025-06-04,0.9099999999999999,000490
2025-06-05,0.9099999999999999,000490
2025-06-09,1.0,000490
2025-06-10,1.0,000490
2025-06-11,0.9099999999999999,000490
2025-06-12,0.9099999999999999,000490
2025-06-13,0.3,000490
2025-06-16,0.9099999999999999,000490
2025-06-17,0.9099999999999999,000490
2025-06-18,0.3,000490
2025-06-19,0.3,000490
2025-06-20,0.3,000490
2025-06-23,0.3,000490
2025-06-24,0.9099999999999999,000490
2025-06-25,0.9099999999999999,000490
2025-06-26,0.9099999999999999,000490
2025-06-27,0.3,000490
2025-06-30,0.3,000490
2025-07-01,0.3,000490
2025-07-02,0.3,000490
2025-07-03,0.3,000490
2025-07-04,0.3,000490
2025-07-07,0.3,000490
2025-07-08,0.3,000490
2025-07-09,0.3,000490
2025-07-10,0.3,000490
2025-07-11,0.3,000490
2025-07-14,0.3,000490
2025-07-15,0.3,000490
2025-07-16,0.3,000490
2025-07-17,0.3,000490
2025-07-18,0.3,000490
2025-07-21,0.9099999999999999,000490
2025-07-22,0.3,000490
2025-07-23,0.9099999999999999,000490
2025-07-24,0.9099999999999999,000490
2025-07-25,0.3,000490
2025-07-28,0.3,000490
2025-07-29,0.3,000490
2025-07-30,0.3,000490
2025-07-31,0.3,000490
2025-08-01,0.3,000490
2025-08-04,0.3,000490
2025-08-05,0.3,000490
2025-08-06,0.3,000490
2025-08-07,0.9099999999999999,000490
2025-08-08,0.9099999999999999,000490
2025-08-11,1.0,000490
2025-08-12,0.9099999999999999,000490
2025-08-13,0.9099999999999999,000490
2025-08-14,0.9099999999999999,000490
2025-08-18,0.9099999999999999,000490
2025-08-19,0.9099999999999999,000490
2025-08-20,0.9099999999999999,000490
2025-08-21,0.9099999999999999,000490
2025-08-22,0.3,000490
2025-08-25,0.3,000490
2025-08-26,0.3,000490
2025-08-27,0.3,000490
2025-08-28,0.3,000490
2025-08-29,0.3,000490
2025-09-01,0.3,000490
2025-09-02,0.3,000490
2025-09-03,0.3,000490
2025-09-04,0.3,000490
2025-09-05,0.3,000490
2025-09-08,0.3,000490
2025-09-09,0.3,000490
2025-09-10,0.3,000490
2025-09-11,0.3,000490
2025-09-12,0.3,000490
2025-09-15,0.3,000490
2025-09-16,0.3,000490
2025-09-17,0.3,000490
2025-09-18,0.9099999999999999,000490
2025-09-19,0.9099999999999999,000490
2025-09-22,0.3,000490
2025-09-23,0.3,000490
2025-09-24,0.3,000490
2025-09-25,0.3,000490
2025-09-26,0.3,000490
2025-09-29,0.3,000490
2025-09-30,0.3,000490
2025-10-01,0.3,000490
2025-10-02,0.3,000490
2025-10-10,0.3,000490
2025-10-13,0.3,000490
2025-10-14,0.3,000490
2025-10-15,0.9099999999999999,000490
2025-10-16,0.9099999999999999,000490
2025-10-17,0.9099999999999999,000490
2025-10-20,0.9099999999999999,000490
2025-10-21,0.9099999999999999,000490
2025-10-22,0.9099999999999999,000490
2025-10-23,0.9099999999999999,000490
2025-10-24,0.9099999999999999,000490
2025-10-27,0.9099999999999999,000490
2025-10-28,0.9099999999999999,000490
2025-10-29,0.9099999999999999,000490
2025-10-30,0.9099999999999999,000490
2025-10-31,0.9099999999999999,000490
2025-05-02,0.15,000500
2025-05-07,0.15,000500
2025-05-08,0.15,000500
2025-05-09,0.15,000500
2025-05-12,0.15,000500
2025-05-13,0.15,000500
2025-05-14,0.15,000500
2025-05-15,0.15,000500
2025-05-16,0.15,000500
2025-05-19,0.15,000500
2025-05-20,0.15,000500
2025-05-21,0.15,000500
2025-05-22,0.15,000500
2025-05-23,0.15,000500
2025-05-26,0.15,000500
2025-05-27,0.15,000500
2025-05-28,0.15,000500
2025-05-29,0.15,000500
2025-05-30,0.15,000500
2025-06-02,0.76,000500
2025-06-04,0.8500000000000001,000500
2025-06-05,0.8500000000000001,000500
2025-06-09,0.8500000000000001,000500
2025-06-10,0.8500000000000001,000500
2025-06-11,0.8500000000000001,000500
2025-06-12,0.15,000500
2025-06-13,0.15,000500
2025-06-16,0.15,000500
2025-06-17,0.15,000500
2025-06-18,0.15,000500
2025-06-19,0.15,000500
2025-06-20,0.15,000500
2025-06-23,0.15,000500
2025-06-24,0.15,000500
2025-06-25,0.15,000500
2025-06-26,0.15,000500
2025-06-27,0.15,000500
2025-06-30,0.15,000500
2025-07-01,0.15,000500
2025-07-02,0.15,000500
2025-07-03,0.15,000500
2025-07-04,0.15,000500
2025-07-07,0.15,000500
2025-07-08,0.15,000500
2025-07-09,0.76,000500
2025-07-10,0.76,000500
2025-07-11,0.76,000500
2025-07-14,0.15,000500
2025-07-15,0.76,000500
2025-07-16,0.76,000500
2025-07-17,0.76,000500
2025-07-18,0.76,000500
2025-07-21,0.9099999999999999,000500
2025-07-22,0.3,000500
2025-07-23,0.3,000500
2025-07-24,0.3,000500
2025-07-25,0.3,000500
2025-07-28,0.9099999999999999,000500
2025-07-29,0.9099999999999999,000500
2025-07-30,0.3,000500
2025-07-31,0.3,000500
2025-08-01,0.15,000500
2025-08-04,0.15,000500
2025-08-05,0.76,000500
2025-08-06,0.76,000500
2025-08-07,0.76,000500
2025-08-08,0.76,000500
2025-08-11,0.76,000500
2025-08-12,0.76,000500
2025-08-13,0.15,000500
2025-08-14,0.76,000500
2025-08-18,0.15,000500
2025-08-19,0.15,000500
2025-08-20,0.15,000500
2025-08-21,0.15,000500
2025-08-22,0.15,000500
2025-08-25,0.15,000500
2025-08-26,0.15,000500
2025-08-27,0.15,000500
2025-08-28,0.15,000500
2025-08-29,0.15,000500
2025-09-01,0.15,000500
2025-09-02,0.15,000500
2025-09-03,0.15,000500
2025-09-04,0.15,000500
2025-09-05,0.3,000500
2025-09-08,0.3,000500
2025-09-09,0.3,000500
2025-09-10,0.3,000500
2025-09-11,0.9099999999999999,000500
2025-09-12,0.9099999999999999,000500
2025-09-15,0.9099999999999999,000500
2025-09-16,0.9099999999999999,000500
2025-09-17,0.3,000500
2025-09-18,0.3,000500
2025-09-19,0.3,000500
2025-09-22,0.3,000500
2025-09-23,0.3,000500
2025-09-24,0.3,000500
2025-09-25,0.3,000500
2025-09-26,0.3,000500
2025-09-29,0.3,000500
2025-09-30,0.3,000500
2025-10-01,0.3,000500
2025-10-02,0.3,000500
2025-10-10,0.3,000500
2025-10-13,0.3,000500
2025-10-14,0.15,000500
2025-10-15,0.15,000500
2025-10-16,0.76,000500
2025-10-17,0.15,000500
2025-10-20,0.76,000500
2025-10-21,0.9099999999999999,000500
2025-10-22,0.76,000500
2025-10-23,0.9099999999999999,000500
2025-10-24,0.9099999999999999,000500
2025-10-27,0.9099999999999999,000500
2025-10-28,0.9099999999999999,000500
2025-10-29,0.8500000000000001,000500
2025-10-30,0.8500000000000001,000500
2025-10-31,0.8500000000000001,000500
2025-05-02,0.15,000520
2025-05-07,0.15,000520
2025-05-08,0.15,000520
2025-05-09,0.15,000520
2025-05-12,0.15,000520
2025-05-13,0.15,000520
2025-05-14,0.15,000520
2025-05-15,0.15,000520
2025-05-16,0.15,000520
2025-05-19,0.15,000520
2025-05-20,0.15,000520
2025-05-21,0.15,000520
2025-05-22,0.15,000520
2025-05-23,0.15,000520
2025-05-26,0.15,000520
2025-05-27,0.15,000520
2025-05-28,0.15,000520
2025-05-29,0.15,000520
2025-05-30,0.15,000520
2025-06-02,0.15,000520
2025-06-04,0.15,000520
2025-06-05,0.15,000520
2025-06-09,0.15,000520
2025-06-10,0.15,000520
2025-06-11,0.15,000520
2025-06-12,0.15,000520
2025-06-13,0.15,000520
2025-06-16,0.15,000520
2025-06-17,0.15,000520
2025-06-18,0.15,000520
2025-06-19,0.3,000520
2025-06-20,0.3,000520
2025-06-23,0.3,000520
2025-06-24,0.3,000520
2025-06-25,0.3,000520
2025-06-26,0.3,000520
2025-06-27,0.3,000520
2025-06-30,0.3,000520
2025-07-01,0.9099999999999999,000520
2025-07-02,0.9099999999999999,000520
2025-07-03,0.9099999999999999,000520
2025-07-04,0.76,000520
2025-07-07,0.15,000520
2025-07-08,0.15,000520
2025-07-09,0.76,000520
2025-07-10,0.76,000520
2025-07-11,0.76,000520
2025-07-14,0.15,000520
2025-07-15,0.15,000520
2025-07-16,0.15,000520
2025-07-17,0.8500000000000001,000520
2025-07-18,0.8500000000000001,000520
2025-07-21,0.8500000000000001,000520
2025-07-22,0.8500000000000001,000520
2025-07-23,0.8500000000000001,000520
2025-07-24,0.8500000000000001,000520
2025-07-25,0.8500000000000001,000520
2025-07-28,0.15,000520
2025-07-29,0.15,000520
2025-07-30,0.15,000520
2025-07-31,0.15,000520
2025-08-01,0.15,000520
2025-08-04,0.15,000520
2025-08-05,0.15,000520
2025-08-06,0.3,000520
2025-08-07,0.3,000520
2025-08-08,0.3,000520
2025-08-11,0.3,000520
2025-08-12,0.3,000520
2025-08-13,0.3,000520
2025-08-14,0.3,000520
2025-08-18,0.3,000520
2025-08-19,0.3,000520
2025-08-20,0.3,000520
2025-08-21,0.3,000520
2025-08-22,0.3,000520
2025-08-25,0.3,000520
2025-08-26,0.3,000520
2025-08-27,0.3,000520
2025-08-28,0.3,000520
2025-08-29,0.3,000520
2025-09-01,0.3,000520
2025-09-02,0.9099999999999999,000520
2025-09-03,0.9099999999999999,000520
2025-09-04,1.0,000520
2025-09-05,1.0,000520
2025-09-08,1.0,000520
2025-09-09,1.0,000520
2025-09-10,1.0,000520
2025-09-11,1.0,000520
2025-09-12,1.0,000520
2025-09-15,1.0,000520
2025-09-16,0.8500000000000001,000520
2025-09-17,0.8500000000000001,000520
2025-09-18,0.8500000000000001,000520
2025-09-19,0.15,000520
2025-09-22,0.8500000000000001,000520
2025-09-23,0.8500000000000001,000520
2025-09-24,0.8500000000000001,000520
2025-09-25,0.15,000520
2025-09-26,0.15,000520
2025-09-29,0.15,000520
2025-09-30,0.15,000520
2025-10-01,0.15,000520
2025-10-02,0.15,000520
2025-10-10,0.15,000520
2025-10-13,0.15,000520
2025-10-14,0.15,000520
2025-10-15,0.3,000520
2025-10-16,0.3,000520
2025-10-17,0.3,000520
2025-10-20,0.3,000520
2025-10-21,0.3,000520
2025-10-22,0.3,000520
2025-10-23,0.3,000520
2025-10-24,0.3,000520
2025-10-27,0.3,000520
2025-10-28,0.9099999999999999,000520
2025-10-29,0.3,000520
2025-10-30,0.15,000520
2025-10-31,0.15,000520
2025-05-02,0.15,000540
2025-05-07,0.15,000540
2025-05-08,0.15,000540
2025-05-09,0.15,000540
2025-05-12,0.15,000540
2025-05-13,0.15,000540
2025-05-14,0.15,000540
2025-05-15,0.15,000540
2025-05-16,0.15,000540
2025-05-19,0.15,000540
2025-05-20,0.15,000540
2025-05-21,0.15,000540
2025-05-22,0.15,000540
2025-05-23,0.15,000540
2025-05-26,0.15,000540
2025-05-27,0.15,000540
2025-05-28,0.15,000540
2025-05-29,0.15,000540
2025-05-30,0.15,000540
2025-06-02,0.76,000540
2025-06-04,0.8500000000000001,000540
2025-06-05,0.8500000000000001,000540
2025-06-09,0.8500000000000001,000540
2025-06-10,0.8500000000000001,000540
2025-06-11,0.8500000000000001,000540
2025-06-12,0.8500000000000001,000540
2025-06-13,0.8500000000000001,000540
2025-06-16,0.8500000000000001,000540
2025-06-17,0.8500000000000001,000540
2025-06-18,0.8500000000000001,000540
2025-06-19,0.8500000000000001,000540
2025-06-20,0.8500000000000001,000540
2025-06-23,0.15,000540
2025-06-24,0.8500000000000001,000540
2025-06-25,0.8500000000000001,000540
2025-06-26,0.15,000540
2025-06-27,0.15,000540
2025-06-30,0.15,000540
2025-07-01,0.76,000540
2025-07-02,0.8500000000000001,000540
2025-07-03,0.15,000540
2025-07-04,0.15,000540
2025-07-07,0.15,000540
2025-07-08,0.8500000000000001,000540
2025-07-09,0.8500000000000001,000540
2025-07-10,0.8500000000000001,000540
2025-07-11,0.8500000000000001,000540
2025-07-14,0.8500000000000001,000540
2025-07-15,0.8500000000000001,000540
2025-07-16,0.8500000000000001,000540
2025-07-17,0.8500000000000001,000540
2025-07-18,0.8500000000000001,000540
2025-07-21,0.8500000000000001,000540
2025-07-22,0.8500000000000001,000540
2025-07-23,0.15,000540
2025-07-24,0.15,000540
2025-07-25,0.15,000540
2025-07-28,0.15,000540
2025-07-29,0.15,000540
2025-07-30,0.15,000540
2025-07-31,0.15,000540
2025-08-01,0.15,000540
2025-08-04,0.15,000540
2025-08-05,0.15,000540
2025-08-06,0.15,000540
2025-08-07,0.15,000540
2025-08-08,0.15,000540
2025-08-11,0.15,000540
2025-08-12,0.15,000540
2025-08-13,0.3,000540
2025-08-14,0.3,000540
2025-08-18,0.3,000540
2025-08-19,0.3,000540
2025-08-20,0.3,000540
2025-08-21,0.3,000540
2025-08-22,0.3,000540
2025-08-25,0.3,000540
2025-08-26,0.3,000540
2025-08-27,0.3,000540
2025-08-28,0.9099999999999999,000540
2025-08-29,0.3,000540
2025-09-01,0.3,000540
2025-09-02,0.3,000540
2025-09-03,0.3,000540
2025-09-04,0.3,000540
2025-09-05,0.3,000540
2025-09-08,0.3,000540
2025-09-09,0.9099999999999999,000540
2025-09-10,0.9099999999999999,000540
2025-09-11,0.9099999999999999,000540
2025-09-12,0.9099999999999999,000540
2025-09-15,0.9099999999999999,000540
2025-09-16,1.0,000540
2025-09-17,0.9099999999999999,000540
2025-09-18,0.9099999999999999,000540
2025-09-19,0.9099999999999999,000540
2025-09-22,0.9099999999999999,000540
2025-09-23,0.3,000540
2025-09-24,0.3,000540
2025-09-25,0.3,000540
2025-09-26,0.3,000540
2025-09-29,0.3,000540
2025-09-30,0.3,000540
2025-10-01,0.3,000540
2025-10-02,0.3,000540
2025-10-10,0.3,000540
2025-10-13,0.3,000540
2025-10-14,0.3,000540
2025-10-15,0.3,000540
2025-10-16,0.3,000540
2025-10-17,0.3,000540
2025-10-20,0.3,000540
2025-10-21,0.3,000540
2025-10-22,0.3,000540
2025-10-23,0.3,000540
2025-10-24,0.3,000540
2025-10-27,0.3,000540
2025-10-28,0.3,000540
2025-10-29,0.3,000540
2025-10-30,0.3,000540
2025-10-31,0.3,000540
2025-05-02,0.15,000590
2025-05-07,0.15,000590
2025-05-08,0.15,000590
2025-05-09,0.15,000590
2025-05-12,0.15,000590
2025-05-13,0.15,000590
2025-05-14,0.15,000590
2025-05-15,0.15,000590
2025-05-16,0.15,000590
2025-05-19,0.15,000590
2025-05-20,0.15,000590
2025-05-21,0.15,000590
2025-05-22,0.15,000590
2025-05-23,0.15,000590
2025-05-26,0.3,000590
2025-05-27,0.3,000590
2025-05-28,0.3,000590
2025-05-29,0.3,000590
2025-05-30,0.3,000590
2025-06-02,0.9099999999999999,000590
2025-06-04,1.0,000590
2025-06-05,1.0,000590
2025-06-09,1.0,000590
2025-06-10,1.0,000590
2025-06-11,1.0,000590
2025-06-12,1.0,000590
2025-06-13,0.8500000000000001,000590
2025-06-16,0.8500000000000001,000590
2025-06-17,0.8500000000000001,000590
2025-06-18,0.8500000000000001,000590
2025-06-19,0.8500000000000001,000590
2025-06-20,0.8500000000000001,000590
2025-06-23,0.8500000000000001,000590
2025-06-24,0.8500000000000001,000590
2025-06-25,0.8500000000000001,000590
2025-06-26,0.8500000000000001,000590
2025-06-27,0.8500000000000001,000590
2025-06-30,0.8500000000000001,000590
2025-07-01,0.8500000000000001,000590
2025-07-02,0.8500000000000001,000590
2025-07-03,0.15,000590
2025-07-04,0.15,000590
2025-07-07,0.15,000590
2025-07-08,0.15,000590
2025-07-09,0.76,000590
2025-07-10,0.9099999999999999,000590
2025-07-11,0.9099999999999999,000590
2025-07-14,0.9099999999999999,000590
2025-07-15,0.9099999999999999,000590
2025-07-16,0.9099999999999999,000590
2025-07-17,1.0,000590
2025-07-18,1.0,000590
2025-07-21,0.15,000590
2025-07-22,0.3,000590
2025-07-23,0.3,000590
2025-07-24,0.3,000590
2025-07-25,0.3,000590
2025-07-28,0.15,000590
2025-07-29,0.15,000590
2025-07-30,0.3,000590
2025-07-31,0.3,000590
2025-08-01,0.15,000590
2025-08-04,0.15,000590
2025-08-05,0.3,000590
2025-08-06,0.3,000590
2025-08-07,0.3,000590
2025-08-08,0.3,000590
2025-08-11,0.3,000590
2025-08-12,0.3,000590
2025-08-13,0.3,000590
2025-08-14,0.3,000590
2025-08-18,0.3,000590
2025-08-19,0.3,000590
2025-08-20,0.3,000590
2025-08-21,0.3,000590
2025-08-22,0.3,000590
2025-08-25,0.3,000590
2025-08-26,0.3,000590
2025-08-27,0.3,000590
2025-08-28,0.3,000590
2025-08-29,0.3,000590
2025-09-01,0.3,000590
2025-09-02,0.9099999999999999,000590
2025-09-03,0.9099999999999999,000590
2025-09-04,0.9099999999999999,000590
2025-09-05,0.9099999999999999,000590
2025-09-08,0.9099999999999999,000590
2025-09-09,0.9099999999999999,000590
2025-09-10,0.9099999999999999,000590
2025-09-11,0.9099999999999999,000590
2025-09-12,0.9099999999999999,000590
2025-09-15,1.0,000590
2025-09-16,1.0,000590
2025-09-17,1.0,000590
2025-09-18,1.0,000590
2025-09-19,1.0,000590
2025-09-22,0.3,000590
2025-09-23,0.3,000590
2025-09-24,0.3,000590
2025-09-25,0.3,000590
2025-09-26,0.15,000590
2025-09-29,0.3,000590
2025-09-30,0.3,000590
2025-10-01,0.3,000590
2025-10-02,0.3,000590
2025-10-10,0.3,000590
2025-10-13,0.3,000590
2025-10-14,0.3,000590
2025-10-15,0.3,000590
2025-10-16,0.3,000590
2025-10-17,0.9099999999999999,000590
2025-10-20,0.3,000590
2025-10-21,0.3,000590
2025-10-22,0.3,000590
2025-10-23,0.3,000590
2025-10-24,0.3,000590
2025-10-27,0.3,000590
2025-10-28,0.3,000590
2025-10-29,0.3,000590
2025-10-30,0.3,000590
2025-10-31,0.3,000590
2025-05-02,0.15,000640
2025-05-07,0.15,000640
2025-05-08,0.15,000640
2025-05-09,0.15,000640
2025-05-12,0.15,000640
2025-05-13,0.15,000640
2025-05-14,0.15,000640
2025-05-15,0.15,000640
2025-05-16,0.15,000640
2025-05-19,0.15,000640
2025-05-20,0.15,000640
2025-05-21,0.15,000640
2025-05-22,0.15,000640
2025-05-23,0.15,000640
2025-05-26,0.3,000640
2025-05-27,0.3,000640
2025-05-28,0.3,000640
2025-05-29,0.3,000640
2025-05-30,0.3,000640
2025-06-02,0.9099999999999999,000640
2025-06-04,1.0,000640
2025-06-05,1.0,000640
2025-06-09,1.0,000640
2025-06-10,1.0,000640
2025-06-11,1.0,000640
2025-06-12,1.0,000640
2025-06-13,1.0,000640
2025-06-16,1.0,000640
2025-06-17,1.0,000640
2025-06-18,0.8500000000000001,000640
2025-06-19,0.8500000000000001,000640
2025-06-20,1.0,000640
2025-06-23,0.8500000000000001,000640
2025-06-24,0.8500000000000001,000640
2025-06-25,0.15,000640
2025-06-26,0.15,000640
2025-06-27,0.15,000640
2025-06-30,0.3,000640
2025-07-01,0.9099999999999999,000640
2025-07-02,0.9099999999999999,000640
2025-07-03,1.0,000640
2025-07-04,0.3,000640
2025-07-07,0.9099999999999999,000640
2025-07-08,0.9099999999999999,000640
2025-07-09,0.9099999999999999,000640
2025-07-10,0.9099999999999999,000640
2025-07-11,0.9099999999999999,000640
2025-07-14,0.9099999999999999,000640
2025-07-15,0.9099999999999999,000640
2025-07-16,0.9099999999999999,000640
2025-07-17,0.9099999999999999,000640
2025-07-18,0.9099999999999999,000640
2025-07-21,0.9099999999999999,000640
2025-07-22,1.0,000640
2025-07-23,1.0,000640
2025-07-24,1.0,000640
2025-07-25,0.3,000640
2025-07-28,0.3,000640
2025-07-29,0.3,000640
2025-07-30,0.3,000640
2025-07-31,0.3,000640
2025-08-01,0.3,000640
2025-08-04,0.3,000640
2025-08-05,0.3,000640
2025-08-06,0.3,000640
2025-08-07,0.3,000640
2025-08-08,0.3,000640
2025-08-11,0.3,000640
2025-08-12,0.3,000640
2025-08-13,0.3,000640
2025-08-14,0.3,000640
2025-08-18,0.3,000640
2025-08-19,0.3,000640
2025-08-20,0.3,000640
2025-08-21,0.3,000640
2025-08-22,0.3,000640
2025-08-25,0.3,000640
2025-08-26,0.3,000640
2025-08-27,0.9099999999999999,000640
2025-08-28,0.9099999999999999,000640
2025-08-29,0.9099999999999999,000640
2025-09-01,0.3,000640
2025-09-02,0.3,000640
2025-09-03,0.9099999999999999,000640
2025-09-04,0.9099999999999999,000640
2025-09-05,0.9099999999999999,000640
2025-09-08,0.9099999999999999,000640
2025-09-09,0.9099999999999999,000640
2025-09-10,0.9099999999999999,000640
2025-09-11,0.3,000640
2025-09-12,0.3,000640
2025-09-15,0.9099999999999999,000640
2025-09-16,0.9099999999999999,000640
2025-09-17,1.0,000640
2025-09-18,1.0,000640
2025-09-19,1.0,000640
2025-09-22,1.0,000640
2025-09-23,1.0,000640
2025-09-24,0.9099999999999999,000640
2025-09-25,0.9099999999999999,000640
2025-09-26,0.9099999999999999,000640
2025-09-29,1.0,000640
2025-09-30,1.0,000640
2025-10-01,0.9099999999999999,000640
2025-10-02,0.3,000640
2025-10-10,0.3,000640
2025-10-13,0.3,000640
2025-10-14,0.3,000640
2025-10-15,0.3,000640
2025-10-16,0.3,000640
2025-10-17,0.3,000640
2025-10-20,0.3,000640
2025-10-21,0.3,000640
2025-10-22,0.3,000640
2025-10-23,0.3,000640
2025-10-24,0.3,000640
2025-10-27,0.3,000640
2025-10-28,0.3,000640
2025-10-29,0.9099999999999999,000640
2025-10-30,0.3,000640
2025-10-31,0.3,000640
2025-05-02,0.15,000650
2025-05-07,0.15,000650
2025-05-08,0.15,000650
2025-05-09,0.15,000650
2025-05-12,0.15,000650
2025-05-13,0.15,000650
2025-05-14,0.15,000650
2025-05-15,0.15,000650
2025-05-16,0.15,000650
2025-05-19,0.15,000650
2025-05-20,0.15,000650
2025-05-21,0.15,000650
2025-05-22,0.15,000650
2025-05-23,0.15,000650
2025-05-26,0.3,000650
2025-05-27,0.3,000650
2025-05-28,0.3,000650
2025-05-29,0.3,000650
2025-05-30,0.3,000650
2025-06-02,0.9099999999999999,000650
2025-06-04,1.0,000650
2025-06-05,0.9099999999999999,000650
2025-06-09,0.9099999999999999,000650
2025-06-10,0.9099999999999999,000650
2025-06-11,0.9099999999999999,000650
2025-06-12,0.9099999999999999,000650
2025-06-13,0.9099999999999999,000650
2025-06-16,0.9099999999999999,000650
2025-06-17,0.9099999999999999,000650
2025-06-18,1.0,000650
2025-06-19,0.9099999999999999,000650
2025-06-20,0.9099999999999999,000650
2025-06-23,0.76,000650
2025-06-24,0.8500000000000001,000650
2025-06-25,0.8500000000000001,000650
2025-06-26,0.8500000000000001,000650
2025-06-27,0.8500000000000001,000650
2025-06-30,0.76,000650
2025-07-01,0.8500000000000001,000650
2025-07-02,0.76,000650
2025-07-03,0.8500000000000001,000650
2025-07-04,0.8500000000000001,000650
2025-07-07,0.76,000650
2025-07-08,0.76,000650
2025-07-09,0.15,000650
2025-07-10,0.15,000650
2025-07-11,0.15,000650
2025-07-14,0.3,000650
2025-07-15,0.9099999999999999,000650
2025-07-16,0.9099999999999999,000650
2025-07-17,0.3,000650
2025-07-18,0.3,000650
2025-07-21,0.9099999999999999,000650
2025-07-22,0.9099999999999999,000650
2025-07-23,0.9099999999999999,000650
2025-07-24,0.9099999999999999,000650
2025-07-25,0.9099999999999999,000650
2025-07-28,0.9099999999999999,000650
2025-07-29,0.3,000650
2025-07-30,0.3,000650
2025-07-31,0.9099999999999999,000650
2025-08-01,0.3,000650
2025-08-04,0.3,000650
2025-08-05,0.3,000650
2025-08-06,0.3,000650
2025-08-07,0.3,000650
2025-08-08,0.3,000650
2025-08-11,0.3,000650
2025-08-12,0.3,000650
2025-08-13,0.3,000650
2025-08-14,0.3,000650
2025-08-18,0.3,000650
2025-08-19,0.3,000650
2025-08-20,0.3,000650
2025-08-21,0.3,000650
2025-08-22,0.3,000650
2025-08-25,0.3,000650
2025-08-26,0.3,000650
2025-08-27,0.3,000650
2025-08-28,0.3,000650
2025-08-29,0.3,000650
2025-09-01,0.3,000650
2025-09-02,0.3,000650
2025-09-03,0.9099999999999999,000650
2025-09-04,0.3,000650
2025-09-05,0.3,000650
2025-09-08,0.3,000650
2025-09-09,0.3,000650
2025-09-10,0.3,000650
2025-09-11,0.3,000650
2025-09-12,0.3,000650
2025-09-15,0.3,000650
2025-09-16,0.3,000650
2025-09-17,0.3,000650
2025-09-18,0.3,000650
2025-09-19,0.3,000650
2025-09-22,0.3,000650
2025-09-23,0.3,000650
2025-09-24,0.3,000650
2025-09-25,0.3,000650
2025-09-26,0.3,000650
2025-09-29,0.3,000650
2025-09-30,0.3,000650
2025-10-01,0.3,000650
2025-10-02,0.3,000650
2025-10-10,0.3,000650
2025-10-13,0.3,000650
2025-10-14,0.3,000650
2025-10-15,0.3,000650
2025-10-16,0.3,000650
2025-10-17,0.3,000650
2025-10-20,0.3,000650
2025-10-21,0.3,000650
2025-10-22,0.3,000650
2025-10-23,0.3,000650
2025-10-24,0.3,000650
2025-10-27,0.3,000650
2025-10-28,0.3,000650
2025-10-29,0.3,000650
2025-10-30,0.3,000650
2025-10-31,0.3,000650
2025-05-02,0.15,000680
2025-05-07,0.15,000680
2025-05-08,0.15,000680
2025-05-09,0.15,000680
2025-05-12,0.15,000680
2025-05-13,0.15,000680
2025-05-14,0.15,000680
2025-05-15,0.15,000680
2025-05-16,0.15,000680
2025-05-19,0.15,000680
2025-05-20,0.15,000680
2025-05-21,0.15,000680
2025-05-22,0.15,000680
2025-05-23,0.15,000680
2025-05-26,0.3,000680
2025-05-27,0.3,000680
2025-05-28,0.15,000680
2025-05-29,0.3,000680
2025-05-30,0.3,000680
2025-06-02,0.9099999999999999,000680
2025-06-04,1.0,000680
2025-06-05,1.0,000680
2025-06-09,0.8500000000000001,000680
2025-06-10,0.8500000000000001,000680
2025-06-11,0.8500000000000001,000680
2025-06-12,0.8500000000000001,000680
2025-06-13,0.76,000680
2025-06-16,0.8500000000000001,000680
2025-06-17,0.8500000000000001,000680
2025-06-18,0.8500000000000001,000680
2025-06-19,0.8500000000000001,000680
2025-06-20,0.8500000000000001,000680
2025-06-23,0.8500000000000001,000680
2025-06-24,0.8500000000000001,000680
2025-06-25,0.8500000000000001,000680
2025-06-26,0.8500000000000001,000680
2025-06-27,0.8500000000000001,000680
2025-06-30,0.8500000000000001,000680
2025-07-01,0.8500000000000001,000680
2025-07-02,0.8500000000000001,000680
2025-07-03,0.76,000680
2025-07-04,0.15,000680
2025-07-07,0.15,000680
2025-07-08,0.8500000000000001,000680
2025-07-09,0.8500000000000001,000680
2025-07-10,0.8500000000000001,000680
2025-07-11,0.8500000000000001,000680
2025-07-14,0.8500000000000001,000680
2025-07-15,0.8500000000000001,000680
2025-07-16,0.8500000000000001,000680
2025-07-17,0.76,000680
2025-07-18,0.8500000000000001,000680
2025-07-21,0.3,000680
2025-07-22,0.3,000680
2025-07-23,0.3,000680
2025-07-24,0.3,000680
2025-07-25,0.3,000680
2025-07-28,0.3,000680
2025-07-29,0.3,000680
2025-07-30,0.3,000680
2025-07-31,0.3,000680
2025-08-01,0.3,000680
2025-08-04,0.3,000680
2025-08-05,0.3,000680
2025-08-06,0.9099999999999999,000680
2025-08-07,0.9099999999999999,000680
2025-08-08,0.9099999999999999,000680
2025-08-11,0.9099999999999999,000680
2025-08-12,0.9099999999999999,000680
2025-08-13,0.9099999999999999,000680
2025-08-14,0.3,000680
2025-08-18,0.76,000680
2025-08-19,0.76,000680
2025-08-20,0.8500000000000001,000680
2025-08-21,0.76,000680
2025-08-22,0.8500000000000001,000680
2025-08-25,0.9099999999999999,000680
2025-08-26,0.9099999999999999,000680
2025-08-27,0.3,000680
2025-08-28,1.0,000680
2025-08-29,0.9099999999999999,000680
2025-09-01,0.3,000680
2025-09-02,0.3,000680
2025-09-03,0.3,000680
2025-09-04,0.3,000680
2025-09-05,0.3,000680
2025-09-08,0.3,000680
2025-09-09,0.3,000680
2025-09-10,0.3,000680
2025-09-11,0.3,000680
2025-09-12,0.9099999999999999,000680
2025-09-15,0.9099999999999999,000680
2025-09-16,0.9099999999999999,000680
2025-09-17,0.9099999999999999,000680
2025-09-18,0.9099999999999999,000680
2025-09-19,0.3,000680
2025-09-22,0.3,000680
2025-09-23,0.3,000680
2025-09-24,0.3,000680
2025-09-25,0.3,000680
2025-09-26,0.3,000680
2025-09-29,0.3,000680
2025-09-30,0.3,000680
2025-10-01,0.3,000680
2025-10-02,0.3,000680
2025-10-10,0.3,000680
2025-10-13,0.3,000680
2025-10-14,0.3,000680
2025-10-15,0.3,000680
2025-10-16,0.3,000680
2025-10-17,0.3,000680
2025-10-20,0.3,000680
2025-10-21,0.3,000680
2025-10-22,0.3,000680
2025-10-23,0.3,000680
2025-10-24,0.3,000680
2025-10-27,0.3,000680
2025-10-28,0.3,000680
2025-10-29,0.3,000680
2025-10-30,0.9099999999999999,000680
2025-10-31,0.3,000680
2025-05-02,0.15,000700
2025-05-07,0.15,000700
2025-05-08,0.15,000700
2025-05-09,0.15,000700
2025-05-12,0.15,000700
2025-05-13,0.15,000700
2025-05-14,0.15,000700
2025-05-15,0.15,000700
2025-05-16,0.15,000700
2025-05-19,0.15,000700
2025-05-20,0.15,000700
2025-05-21,0.15,000700
2025-05-22,0.15,000700
2025-05-23,0.15,000700
2025-05-26,0.3,000700
2025-05-27,0.3,000700
2025-05-28,0.3,000700
2025-05-29,0.3,000700
2025-05-30,0.3,000700
2025-06-02,0.9099999999999999,000700
2025-06-04,1.0,000700
2025-06-05,1.0,000700
2025-06-09,1.0,000700
2025-06-10,1.0,000700
2025-06-11,1.0,000700
2025-06-12,1.0,000700
2025-06-13,1.0,000700
2025-06-16,1.0,000700
2025-06-17,1.0,000700
2025-06-18,1.0,000700
2025-06-19,1.0,000700
2025-06-20,1.0,000700
2025-06-23,0.3,000700
2025-06-24,0.3,000700
2025-06-25,0.3,000700
2025-06-26,0.3,000700
2025-06-27,0.3,000700
2025-06-30,0.3,000700
2025-07-01,0.9099999999999999,000700
2025-07-02,0.9099999999999999,000700
2025-07-03,0.9099999999999999,000700
2025-07-04,0.9099999999999999,000700
2025-07-07,0.9099999999999999,000700
2025-07-08,0.9099999999999999,000700
2025-07-09,0.9099999999999999,000700
2025-07-10,1.0,000700
2025-07-11,1.0,000700
2025-07-14,1.0,000700
2025-07-15,0.9099999999999999,000700
2025-07-16,0.9099999999999999,000700
2025-07-17,0.9099999999999999,000700
2025-07-18,0.9099999999999999,000700
2025-07-21,0.3,000700
2025-07-22,0.3,000700
2025-07-23,0.3,000700
2025-07-24,0.3,000700
2025-07-25,0.3,000700
2025-07-28,0.3,000700
2025-07-29,0.3,000700
2025-07-30,0.3,000700
2025-07-31,0.3,000700
2025-08-01,0.3,000700
2025-08-04,0.3,000700
2025-08-05,0.3,000700
2025-08-06,0.3,000700
2025-08-07,0.3,000700
2025-08-08,0.3,000700
2025-08-11,0.3,000700
2025-08-12,0.3,000700
2025-08-13,0.3,000700
2025-08-14,0.3,000700
2025-08-18,0.3,000700
2025-08-19,0.3,000700
2025-08-20,0.3,000700
2025-08-21,0.3,000700
2025-08-22,0.3,000700
2025-08-25,0.3,000700
2025-08-26,0.3,000700
2025-08-27,0.3,000700
2025-08-28,0.3,000700
2025-08-29,0.3,000700
2025-09-01,0.3,000700
2025-09-02,0.3,000700
2025-09-03,0.3,000700
2025-09-04,0.3,000700
2025-09-05,0.3,000700
2025-09-08,0.3,000700
2025-09-09,0.3,000700
2025-09-10,0.3,000700
2025-09-11,0.3,000700
2025-09-12,0.3,000700
2025-09-15,0.9099999999999999,000700
2025-09-16,0.9099999999999999,000700
2025-09-17,0.9099999999999999,000700
2025-09-18,0.9099999999999999,000700
2025-09-19,0.9099999999999999,000700
2025-09-22,0.9099999999999999,000700
2025-09-23,0.9099999999999999,000700
2025-09-24,0.3,000700
2025-09-25,0.3,000700
2025-09-26,0.3,000700
2025-09-29,0.3,000700
2025-09-30,0.3,000700
2025-10-01,0.3,000700
2025-10-02,0.3,000700
2025-10-10,0.3,000700
2025-10-13,0.3,000700
2025-10-14,0.3,000700
2025-10-15,0.3,000700
2025-10-16,0.3,000700
2025-10-17,0.3,000700
2025-10-20,0.3,000700
2025-10-21,0.3,000700
2025-10-22,0.3,000700
2025-10-23,0.3,000700
2025-10-24,0.3,000700
2025-10-27,0.3,000700
2025-10-28,0.3,000700
2025-10-29,0.3,000700
2025-10-30,0.3,000700
2025-10-31,0.9099999999999999,000700
2025-05-02,0.15,000760
2025-05-07,0.15,000760
2025-05-08,0.15,000760
2025-05-09,0.15,000760
2025-05-12,0.15,000760
2025-05-13,0.15,000760
2025-05-14,0.15,000760
2025-05-15,0.15,000760
2025-05-16,0.15,000760
2025-05-19,0.15,000760
2025-05-20,0.15,000760
2025-05-21,0.15,000760
2025-05-22,0.15,000760
2025-05-23,0.15,000760
2025-05-26,0.3,000760
2025-05-27,0.3,000760
2025-05-28,0.3,000760
2025-05-29,0.3,000760
2025-05-30,0.3,000760
2025-06-02,0.9099999999999999,000760
2025-06-04,1.0,000760
2025-06-05,1.0,000760
2025-06-09,1.0,000760
2025-06-10,1.0,000760
2025-06-11,1.0,000760
2025-06-12,1.0,000760
2025-06-13,1.0,000760
2025-06-16,1.0,000760
2025-06-17,1.0,000760
2025-06-18,1.0,000760
2025-06-19,1.0,000760
2025-06-20,1.0,000760
2025-06-23,1.0,000760
2025-06-24,1.0,000760
2025-06-25,1.0,000760
2025-06-26,1.0,000760
2025-06-27,0.3,000760
2025-06-30,0.3,000760
2025-07-01,0.3,000760
2025-07-02,0.3,000760
2025-07-03,0.3,000760
2025-07-04,0.3,000760
2025-07-07,0.3,000760
2025-07-08,0.3,000760
2025-07-09,0.3,000760
2025-07-10,0.9099999999999999,000760
2025-07-11,0.9099999999999999,000760
2025-07-14,0.9099999999999999,000760
2025-07-15,0.9099999999999999,000760
2025-07-16,0.9099999999999999,000760
2025-07-17,0.9099999999999999,000760
2025-07-18,0.3,000760
2025-07-21,0.3,000760
2025-07-22,0.3,000760
2025-07-23,0.3,000760
2025-07-24,0.3,000760
2025-07-25,0.3,000760
2025-07-28,0.3,000760
2025-07-29,0.3,000760
2025-07-30,0.3,000760
2025-07-31,0.3,000760
2025-08-01,0.3,000760
2025-08-04,0.3,000760
2025-08-05,0.3,000760
2025-08-06,0.3,000760
2025-08-07,0.3,000760
2025-08-08,0.3,000760
2025-08-11,0.3,000760
2025-08-12,0.3,000760
2025-08-13,0.3,000760
2025-08-14,0.3,000760
2025-08-18,0.9099999999999999,000760
2025-08-19,0.3,000760
2025-08-20,0.3,000760
2025-08-21,0.3,000760
2025-08-22,0.3,000760
2025-08-25,0.3,000760
2025-08-26,0.3,000760
2025-08-27,0.3,000760
2025-08-28,0.3,000760
2025-08-29,0.3,000760
2025-09-01,0.9099999999999999,000760
2025-09-02,0.3,000760
2025-09-03,0.9099999999999999,000760
2025-09-04,0.15,000760
2025-09-05,0.9099999999999999,000760
2025-09-08,0.3,000760
2025-09-09,0.9099999999999999,000760
2025-09-10,0.9099999999999999,000760
2025-09-11,0.9099999999999999,000760
2025-09-12,0.9099999999999999,000760
2025-09-15,0.9099999999999999,000760
2025-09-16,0.9099999999999999,000760
2025-09-17,0.9099999999999999,000760
2025-09-18,0.9099999999999999,000760
2025-09-19,0.9099999999999999,000760
2025-09-22,0.9099999999999999,000760
2025-09-23,0.9099999999999999,000760
2025-09-24,1.0,000760
2025-09-25,1.0,000760
2025-09-26,0.3,000760
2025-09-29,0.3,000760
2025-09-30,0.9099999999999999,000760
2025-10-01,0.3,000760
2025-10-02,0.3,000760
2025-10-10,0.3,000760
2025-10-13,0.3,000760
2025-10-14,0.3,000760
2025-10-15,0.9099999999999999,000760
2025-10-16,0.3,000760
2025-10-17,0.3,000760
2025-10-20,0.3,000760
2025-10-21,0.3,000760
2025-10-22,0.3,000760
2025-10-23,0.9099999999999999,000760
2025-10-24,0.3,000760
2025-10-27,0.3,000760
2025-10-28,0.3,000760
2025-10-29,0.3,000760
2025-10-30,0.3,000760
2025-10-31,0.3,000760
