date,score,symbol
2024-11-01,0.0,005930
2024-11-04,0.0,005930
2024-11-05,0.0,005930
2024-11-06,0.0,005930
2024-11-07,0.0,005930
2024-11-08,0.0,005930
2024-11-11,0.0,005930
2024-11-12,0.0,005930
2024-11-13,0.0,005930
2024-11-14,0.0,005930
2024-11-15,0.0,005930
2024-11-18,0.0,005930
2024-11-19,0.0,005930
2024-11-20,0.0,005930
2024-11-21,0.0,005930
2024-11-22,0.0,005930
2024-11-25,0.0,005930
2024-11-26,0.0,005930
2024-11-27,0.0,005930
2024-11-28,0.0,005930
2024-11-29,0.0,005930
2024-12-02,0.0,005930
2024-12-03,0.0,005930
2024-12-04,0.0,005930
2024-12-05,0.0,005930
2024-12-06,0.0,005930
2024-12-09,0.0,005930
2024-12-10,0.0,005930
2024-12-11,0.0,005930
2024-12-12,1.0,005930
2024-12-13,0.7,005930
2024-12-16,0.7,005930
2024-12-17,0.0,005930
2024-12-18,0.0,005930
2024-12-19,0.0,005930
2024-12-20,0.0,005930
2024-12-23,0.0,005930
2024-12-24,0.7,005930
2024-12-26,0.0,005930
2024-12-27,0.0,005930
2024-12-30,0.0,005930
2025-01-02,0.0,005930
2025-01-03,0.7,005930
2025-01-06,1.0,005930
2025-01-07,0.7,005930
2025-01-08,1.0,005930
2025-01-09,1.0,005930
2025-01-10,0.7,005930
2025-01-13,0.0,005930
2025-01-14,0.0,005930
2025-01-15,0.0,005930
2025-01-16,0.0,005930
2025-01-17,0.0,005930
2025-01-20,0.0,005930
2025-01-21,0.0,005930
2025-01-22,0.0,005930
2025-01-23,0.0,005930
2025-01-24,0.0,005930
2025-01-31,0.0,005930
2025-02-03,0.0,005930
2025-02-04,0.0,005930
2025-02-05,0.0,005930
2025-02-06,0.0,005930
2025-02-07,0.0,005930
2025-02-10,0.7,005930
2025-02-11,0.7,005930
2025-02-12,0.7,005930
2025-02-13,0.7,005930
2025-02-14,0.7,005930
2025-02-17,0.7,005930
2025-02-18,1.0,005930
2025-02-19,1.0,005930
2025-02-20,1.0,005930
2025-02-21,1.0,005930
2025-02-24,1.0,005930
2025-02-25,1.0,005930
2025-02-26,1.0,005930
2025-02-27,0.7,005930
2025-02-28,0.0,005930
2025-03-04,0.0,005930
2025-03-05,0.0,005930
2025-03-06,0.0,005930
2025-03-07,0.0,005930
2025-03-10,0.0,005930
2025-03-11,0.0,005930
2025-03-12,0.14,005930
2025-03-13,0.0,005930
2025-03-14,0.0,005930
2025-03-17,0.7,005930
2025-03-18,0.7,005930
2025-03-19,0.7,005930
2025-03-20,0.7,005930
2025-03-21,1.0,005930
2025-03-24,0.7,005930
2025-03-25,0.7,005930
2025-03-26,1.0,005930
2025-03-27,1.0,005930
2025-03-28,1.0,005930
2025-03-31,1.0,005930
2025-04-01,1.0,005930
2025-04-02,1.0,005930
2025-04-03,0.14,005930
2025-04-04,0.14,005930
2025-04-07,0.0,005930
2025-04-08,0.0,005930
2025-04-09,0.0,005930
2025-04-10,0.14,005930
2025-04-11,0.0,005930
2025-04-14,0.14,005930
2025-04-15,0.14,005930
2025-04-16,0.0,005930
2025-04-17,0.0,005930
2025-04-18,0.0,005930
2025-04-21,0.0,005930
2025-04-22,0.0,005930
2025-04-23,0.0,005930
2025-04-24,0.0,005930
2025-04-25,0.0,005930
2025-04-28,0.7,005930
2025-04-29,0.7,005930
2025-04-30,0.7,005930
2025-05-02,0.0,005930
2025-05-07,0.0,005930
2025-05-08,0.0,005930
2025-05-09,0.0,005930
2025-05-12,1.0,005930
2025-05-13,0.7,005930
2025-05-14,0.7,005930
2025-05-15,0.7,005930
2025-05-16,0.7,005930
2025-05-19,0.7,005930
2025-05-20,0.7,005930
2025-05-21,0.0,005930
2025-05-22,0.0,005930
2025-05-23,0.0,005930
2025-05-26,0.0,005930
2025-05-27,0.0,005930
2025-05-28,0.7,005930
2025-05-29,0.7,005930
2025-05-30,0.7,005930
2025-06-02,0.7,005930
2025-06-04,1.0,005930
2025-06-05,1.0,005930
2025-06-09,1.0,005930
2025-06-10,1.0,005930
2025-06-11,0.7,005930
2025-06-12,0.7,005930
2025-06-13,0.7,005930
2025-06-16,0.7,005930
2025-06-17,0.7,005930
2025-06-18,1.0,005930
2025-06-19,1.0,005930
2025-06-20,1.0,005930
2025-06-23,1.0,005930
2025-06-24,1.0,005930
2025-06-25,1.0,005930
2025-06-26,1.0,005930
2025-06-27,1.0,005930
2025-06-30,1.0,005930
2025-07-01,1.0,005930
2025-07-02,1.0,005930
2025-07-03,1.0,005930
2025-07-04,1.0,005930
2025-07-07,0.7,005930
2025-07-08,0.7,005930
2025-07-09,0.7,005930
2025-07-10,0.7,005930
2025-07-11,1.0,005930
2025-07-14,1.0,005930
2025-07-15,1.0,005930
2025-07-16,1.0,005930
2025-07-17,1.0,005930
2025-07-18,1.0,005930
2025-07-21,1.0,005930
2025-07-22,1.0,005930
2025-07-23,1.0,005930
2025-07-24,1.0,005930
2025-07-25,1.0,005930
2025-07-28,1.0,005930
2025-07-29,1.0,005930
2025-07-30,1.0,005930
2025-07-31,1.0,005930
2025-08-01,1.0,005930
2025-08-04,1.0,005930
2025-08-05,1.0,005930
2025-08-06,1.0,005930
2025-08-07,1.0,005930
2025-08-08,1.0,005930
2025-08-11,1.0,005930
2025-08-12,1.0,005930
2025-08-13,1.0,005930
2025-08-14,1.0,005930
2025-08-18,0.7,005930
2025-08-19,0.7,005930
2025-08-20,1.0,005930
2025-08-21,1.0,005930
2025-08-22,1.0,005930
2025-08-25,1.0,005930
2025-08-26,0.14,005930
2025-08-27,0.14,005930
2025-08-28,0.14,005930
2025-08-29,0.14,005930
2025-09-01,0.14,005930
2025-09-02,0.14,005930
2025-09-03,0.14,005930
2025-09-04,0.14,005930
2025-09-05,0.14,005930
2025-09-08,0.14,005930
2025-09-09,0.7,005930
2025-09-10,0.7,005930
2025-09-11,0.7,005930
2025-09-12,1.0,005930
2025-09-15,1.0,005930
2025-09-16,1.0,005930
2025-09-17,1.0,005930
2025-09-18,1.0,005930
2025-09-19,1.0,005930
2025-09-22,1.0,005930
2025-09-23,1.0,005930
2025-09-24,1.0,005930
2025-09-25,1.0,005930
2025-09-26,1.0,005930
2025-09-29,1.0,005930
2025-09-30,1.0,005930
2025-10-01,1.0,005930
2025-10-02,1.0,005930
2025-10-10,1.0,005930
2025-10-13,1.0,005930
2025-10-14,1.0,005930
2025-10-15,1.0,005930
2025-10-16,1.0,005930
2025-10-17,1.0,005930
2025-10-20,1.0,005930
2025-10-21,1.0,005930
2025-10-22,1.0,005930
2025-10-23,1.0,005930
2025-10-24,1.0,005930
2025-10-27,1.0,005930
2025-10-28,1.0,005930
2025-10-29,1.0,005930
2025-10-30,1.0,005930
2025-10-31,1.0,005930
2025-11-03,1.0,005930
2025-11-04,1.0,005930
2025-11-05,1.0,005930
2025-11-06,0.14,005930
2025-11-07,0.14,005930
2025-11-10,0.8,005930
2025-11-11,0.8,005930
2025-11-12,0.8,005930
2025-11-13,0.8,005930
2025-11-14,0.14,005930
2025-11-17,0.14,005930
2025-11-18,0.14,005930
2025-11-19,0.14,005930
2025-11-20,0.14,005930
2025-11-21,0.14,005930
2025-11-24,0.14,005930
2025-11-25,0.14,005930
2025-11-26,0.5,005930
2025-11-27,0.7,005930
2025-11-28,0.14,005930
2024-11-01,0.0,000660
2024-11-04,0.0,000660
2024-11-05,0.0,000660
2024-11-06,0.0,000660
2024-11-07,0.0,000660
2024-11-08,0.0,000660
2024-11-11,0.0,000660
2024-11-12,0.0,000660
2024-11-13,0.0,000660
2024-11-14,0.0,000660
2024-11-15,0.0,000660
2024-11-18,0.0,000660
2024-11-19,0.0,000660
2024-11-20,0.0,000660
2024-11-21,0.0,000660
2024-11-22,0.0,000660
2024-11-25,0.0,000660
2024-11-26,0.0,000660
2024-11-27,0.0,000660
2024-11-28,0.0,000660
2024-11-29,0.0,000660
2024-12-02,0.0,000660
2024-12-03,0.0,000660
2024-12-04,0.0,000660
2024-12-05,0.0,000660
2024-12-06,0.0,000660
2024-12-09,0.0,000660
2024-12-10,0.7,000660
2024-12-11,0.7,000660
2024-12-12,0.7,000660
2024-12-13,0.7,000660
2024-12-16,0.7,000660
2024-12-17,1.0,000660
2024-12-18,1.0,000660
2024-12-19,0.7,000660
2024-12-20,0.0,000660
2024-12-23,0.0,000660
2024-12-24,0.0,000660
2024-12-26,0.0,000660
2024-12-27,1.0,000660
2024-12-30,1.0,000660
2025-01-02,0.0,000660
2025-01-03,1.0,000660
2025-01-06,1.0,000660
2025-01-07,1.0,000660
2025-01-08,1.0,000660
2025-01-09,1.0,000660
2025-01-10,1.0,000660
2025-01-13,0.8,000660
2025-01-14,1.0,000660
2025-01-15,1.0,000660
2025-01-16,0.8,000660
2025-01-17,0.8,000660
2025-01-20,0.8,000660
2025-01-21,0.8,000660
2025-01-22,0.8,000660
2025-01-23,0.8,000660
2025-01-24,0.8,000660
2025-01-31,0.0,000660
2025-02-03,0.14,000660
2025-02-04,0.14,000660
2025-02-05,0.14,000660
2025-02-06,0.14,000660
2025-02-07,0.14,000660
2025-02-10,0.14,000660
2025-02-11,0.14,000660
2025-02-12,0.14,000660
2025-02-13,0.5,000660
2025-02-14,0.8,000660
2025-02-17,1.0,000660
2025-02-18,1.0,000660
2025-02-19,0.7,000660
2025-02-20,0.7,000660
2025-02-21,0.7,000660
2025-02-24,0.14,000660
2025-02-25,0.14,000660
2025-02-26,0.14,000660
2025-02-27,0.14,000660
2025-02-28,0.0,000660
2025-03-04,0.0,000660
2025-03-05,0.14,000660
2025-03-06,0.0,000660
2025-03-07,0.0,000660
2025-03-10,0.0,000660
2025-03-11,0.0,000660
2025-03-12,0.14,000660
2025-03-13,0.14,000660
2025-03-14,0.7,000660
2025-03-17,0.7,000660
2025-03-18,0.7,000660
2025-03-19,0.7,000660
2025-03-20,0.7,000660
2025-03-21,0.7,000660
2025-03-24,0.7,000660
2025-03-25,0.7,000660
2025-03-26,1.0,000660
2025-03-27,0.7,000660
2025-03-28,0.0,000660
2025-03-31,0.0,000660
2025-04-01,0.0,000660
2025-04-02,0.0,000660
2025-04-03,0.0,000660
2025-04-04,0.0,000660
2025-04-07,0.0,000660
2025-04-08,0.0,000660
2025-04-09,0.0,000660
2025-04-10,0.0,000660
2025-04-11,0.0,000660
2025-04-14,0.0,000660
2025-04-15,0.0,000660
2025-04-16,0.0,000660
2025-04-17,0.0,000660
2025-04-18,0.0,000660
2025-04-21,0.0,000660
2025-04-22,0.0,000660
2025-04-23,0.0,000660
2025-04-24,0.0,000660
2025-04-25,0.7,000660
2025-04-28,0.7,000660
2025-04-29,0.7,000660
2025-04-30,0.0,000660
2025-05-02,0.7,000660
2025-05-07,0.7,000660
2025-05-08,1.0,000660
2025-05-09,1.0,000660
2025-05-12,1.0,000660
2025-05-13,1.0,000660
2025-05-14,1.0,000660
2025-05-15,1.0,000660
2025-05-16,1.0,000660
2025-05-19,1.0,000660
2025-05-20,1.0,000660
2025-05-21,1.0,000660
2025-05-22,1.0,000660
2025-05-23,1.0,000660
2025-05-26,1.0,000660
2025-05-27,1.0,000660
2025-05-28,1.0,000660
2025-05-29,1.0,000660
2025-05-30,1.0,000660
2025-06-02,1.0,000660
2025-06-04,1.0,000660
2025-06-05,1.0,000660
2025-06-09,1.0,000660
2025-06-10,1.0,000660
2025-06-11,1.0,000660
2025-06-12,1.0,000660
2025-06-13,1.0,000660
2025-06-16,1.0,000660
2025-06-17,1.0,000660
2025-06-18,1.0,000660
2025-06-19,1.0,000660
2025-06-20,1.0,000660
2025-06-23,1.0,000660
2025-06-24,0.8,000660
2025-06-25,1.0,000660
2025-06-26,1.0,000660
2025-06-27,0.8,000660
2025-06-30,0.8,000660
2025-07-01,0.8,000660
2025-07-02,0.8,000660
2025-07-03,0.8,000660
2025-07-04,0.8,000660
2025-07-07,0.8,000660
2025-07-08,0.8,000660
2025-07-09,0.8,000660
2025-07-10,0.8,000660
2025-07-11,0.8,000660
2025-07-14,1.0,000660
2025-07-15,1.0,000660
2025-07-16,1.0,000660
2025-07-17,0.14,000660
2025-07-18,0.14,000660
2025-07-21,0.14,000660
2025-07-22,0.14,000660
2025-07-23,0.14,000660
2025-07-24,0.14,000660
2025-07-25,0.14,000660
2025-07-28,0.14,000660
2025-07-29,0.14,000660
2025-07-30,0.14,000660
2025-07-31,0.14,000660
2025-08-01,0.14,000660
2025-08-04,0.14,000660
2025-08-05,0.14,000660
2025-08-06,0.14,000660
2025-08-07,0.14,000660
2025-08-08,0.14,000660
2025-08-11,0.14,000660
2025-08-12,0.7,000660
2025-08-13,0.7,000660
2025-08-14,0.7,000660
2025-08-18,0.7,000660
2025-08-19,0.14,000660
2025-08-20,0.0,000660
2025-08-21,0.0,000660
2025-08-22,0.0,000660
2025-08-25,0.0,000660
2025-08-26,0.0,000660
2025-08-27,0.0,000660
2025-08-28,0.7,000660
2025-08-29,0.7,000660
2025-09-01,0.0,000660
2025-09-02,0.0,000660
2025-09-03,0.7,000660
2025-09-04,0.7,000660
2025-09-05,0.7,000660
2025-09-08,1.0,000660
2025-09-09,1.0,000660
2025-09-10,1.0,000660
2025-09-11,1.0,000660
2025-09-12,1.0,000660
2025-09-15,1.0,000660
2025-09-16,1.0,000660
2025-09-17,1.0,000660
2025-09-18,1.0,000660
2025-09-19,1.0,000660
2025-09-22,1.0,000660
2025-09-23,1.0,000660
2025-09-24,0.8,000660
2025-09-25,0.8,000660
2025-09-26,0.8,000660
2025-09-29,0.8,000660
2025-09-30,0.8,000660
2025-10-01,0.8,000660
2025-10-02,0.8,000660
2025-10-10,0.8,000660
2025-10-13,0.8,000660
2025-10-14,0.8,000660
2025-10-15,0.8,000660
2025-10-16,0.8,000660
2025-10-17,0.8,000660
2025-10-20,0.8,000660
2025-10-21,0.8,000660
2025-10-22,0.8,000660
2025-10-23,0.8,000660
2025-10-24,0.8,000660
2025-10-27,0.8,000660
2025-10-28,0.8,000660
2025-10-29,0.8,000660
2025-10-30,0.8,000660
2025-10-31,0.8,000660
2025-11-03,0.8,000660
2025-11-04,0.8,000660
2025-11-05,0.8,000660
2025-11-06,0.8,000660
2025-11-07,0.8,000660
2025-11-10,0.8,000660
2025-11-11,0.8,000660
2025-11-12,0.8,000660
2025-11-13,0.8,000660
2025-11-14,0.8,000660
2025-11-17,0.8,000660
2025-11-18,0.8,000660
2025-11-19,0.14,000660
2025-11-20,0.14,000660
2025-11-21,0.14,000660
2025-11-24,0.14,000660
2025-11-25,0.14,000660
2025-11-26,0.14,000660
2025-11-27,0.14,000660
2025-11-28,0.14,000660
2024-11-01,0.0,373220
2024-11-04,0.0,373220
2024-11-05,0.0,373220
2024-11-06,0.0,373220
2024-11-07,0.0,373220
2024-11-08,0.0,373220
2024-11-11,0.0,373220
2024-11-12,0.0,373220
2024-11-13,0.0,373220
2024-11-14,0.0,373220
2024-11-15,0.0,373220
2024-11-18,0.0,373220
2024-11-19,0.0,373220
2024-11-20,0.0,373220
2024-11-21,0.0,373220
2024-11-22,0.0,373220
2024-11-25,0.0,373220
2024-11-26,0.0,373220
2024-11-27,0.0,373220
2024-11-28,0.0,373220
2024-11-29,0.0,373220
2024-12-02,0.0,373220
2024-12-03,0.0,373220
2024-12-04,0.0,373220
2024-12-05,0.0,373220
2024-12-06,0.0,373220
2024-12-09,0.0,373220
2024-12-10,0.0,373220
2024-12-11,0.0,373220
2024-12-12,0.5,373220
2024-12-13,1.0,373220
2024-12-16,0.7,373220
2024-12-17,0.0,373220
2024-12-18,0.0,373220
2024-12-19,0.0,373220
2024-12-20,0.0,373220
2024-12-23,0.0,373220
2024-12-24,0.0,373220
2024-12-26,0.0,373220
2024-12-27,0.0,373220
2024-12-30,0.0,373220
2025-01-02,0.0,373220
2025-01-03,0.0,373220
2025-01-06,0.0,373220
2025-01-07,0.0,373220
2025-01-08,0.7,373220
2025-01-09,0.0,373220
2025-01-10,0.0,373220
2025-01-13,0.0,373220
2025-01-14,0.0,373220
2025-01-15,0.0,373220
2025-01-16,0.0,373220
2025-01-17,0.0,373220
2025-01-20,0.7,373220
2025-01-21,0.0,373220
2025-01-22,0.7,373220
2025-01-23,0.0,373220
2025-01-24,0.0,373220
2025-01-31,0.0,373220
2025-02-03,0.0,373220
2025-02-04,0.0,373220
2025-02-05,0.0,373220
2025-02-06,0.0,373220
2025-02-07,0.0,373220
2025-02-10,0.0,373220
2025-02-11,0.0,373220
2025-02-12,0.0,373220
2025-02-13,0.7,373220
2025-02-14,0.7,373220
2025-02-17,0.7,373220
2025-02-18,0.7,373220
2025-02-19,0.7,373220
2025-02-20,1.0,373220
2025-02-21,0.7,373220
2025-02-24,1.0,373220
2025-02-25,0.7,373220
2025-02-26,1.0,373220
2025-02-27,0.7,373220
2025-02-28,0.0,373220
2025-03-04,0.0,373220
2025-03-05,0.0,373220
2025-03-06,0.0,373220
2025-03-07,0.0,373220
2025-03-10,0.0,373220
2025-03-11,0.0,373220
2025-03-12,0.0,373220
2025-03-13,0.0,373220
2025-03-14,0.0,373220
2025-03-17,0.0,373220
2025-03-18,0.0,373220
2025-03-19,0.0,373220
2025-03-20,0.0,373220
2025-03-21,0.0,373220
2025-03-24,0.0,373220
2025-03-25,0.0,373220
2025-03-26,0.7,373220
2025-03-27,0.7,373220
2025-03-28,0.7,373220
2025-03-31,0.0,373220
2025-04-01,0.0,373220
2025-04-02,0.0,373220
2025-04-03,0.0,373220
2025-04-04,0.0,373220
2025-04-07,0.0,373220
2025-04-08,0.0,373220
2025-04-09,0.0,373220
2025-04-10,0.5,373220
2025-04-11,0.5,373220
2025-04-14,0.8,373220
2025-04-15,0.8,373220
2025-04-16,0.5,373220
2025-04-17,0.5,373220
2025-04-18,0.5,373220
2025-04-21,0.0,373220
2025-04-22,0.0,373220
2025-04-23,0.5,373220
2025-04-24,0.5,373220
2025-04-25,0.7,373220
2025-04-28,0.7,373220
2025-04-29,1.0,373220
2025-04-30,0.0,373220
2025-05-02,0.0,373220
2025-05-07,0.0,373220
2025-05-08,0.0,373220
2025-05-09,0.0,373220
2025-05-12,0.0,373220
2025-05-13,0.0,373220
2025-05-14,0.0,373220
2025-05-15,0.0,373220
2025-05-16,0.0,373220
2025-05-19,0.0,373220
2025-05-20,0.0,373220
2025-05-21,0.0,373220
2025-05-22,0.0,373220
2025-05-23,0.0,373220
2025-05-26,0.0,373220
2025-05-27,0.0,373220
2025-05-28,0.0,373220
2025-05-29,0.0,373220
2025-05-30,0.0,373220
2025-06-02,0.0,373220
2025-06-04,0.0,373220
2025-06-05,0.0,373220
2025-06-09,0.0,373220
2025-06-10,0.0,373220
2025-06-11,0.7,373220
2025-06-12,0.7,373220
2025-06-13,0.7,373220
2025-06-16,0.7,373220
2025-06-17,0.7,373220
2025-06-18,0.7,373220
2025-06-19,0.7,373220
2025-06-20,1.0,373220
2025-06-23,1.0,373220
2025-06-24,1.0,373220
2025-06-25,1.0,373220
2025-06-26,1.0,373220
2025-06-27,0.0,373220
2025-06-30,0.7,373220
2025-07-01,0.7,373220
2025-07-02,1.0,373220
2025-07-03,1.0,373220
2025-07-04,1.0,373220
2025-07-07,1.0,373220
2025-07-08,1.0,373220
2025-07-09,0.5,373220
2025-07-10,0.7,373220
2025-07-11,1.0,373220
2025-07-14,1.0,373220
2025-07-15,1.0,373220
2025-07-16,1.0,373220
2025-07-17,1.0,373220
2025-07-18,1.0,373220
2025-07-21,1.0,373220
2025-07-22,1.0,373220
2025-07-23,1.0,373220
2025-07-24,1.0,373220
2025-07-25,1.0,373220
2025-07-28,1.0,373220
2025-07-29,1.0,373220
2025-07-30,1.0,373220
2025-07-31,1.0,373220
2025-08-01,1.0,373220
2025-08-04,1.0,373220
2025-08-05,0.8,373220
2025-08-06,0.8,373220
2025-08-07,0.8,373220
2025-08-08,0.8,373220
2025-08-11,0.8,373220
2025-08-12,0.8,373220
2025-08-13,1.0,373220
2025-08-14,1.0,373220
2025-08-18,1.0,373220
2025-08-19,1.0,373220
2025-08-20,0.14,373220
2025-08-21,0.14,373220
2025-08-22,0.14,373220
2025-08-25,0.14,373220
2025-08-26,0.14,373220
2025-08-27,0.14,373220
2025-08-28,0.14,373220
2025-08-29,0.14,373220
2025-09-01,0.14,373220
2025-09-02,0.14,373220
2025-09-03,0.14,373220
2025-09-04,0.14,373220
2025-09-05,0.14,373220
2025-09-08,0.14,373220
2025-09-09,0.14,373220
2025-09-10,0.0,373220
2025-09-11,0.14,373220
2025-09-12,0.14,373220
2025-09-15,0.14,373220
2025-09-16,0.14,373220
2025-09-17,0.14,373220
2025-09-18,0.14,373220
2025-09-19,0.0,373220
2025-09-22,0.0,373220
2025-09-23,0.7,373220
2025-09-24,0.0,373220
2025-09-25,0.7,373220
2025-09-26,0.0,373220
2025-09-29,0.7,373220
2025-09-30,0.0,373220
2025-10-01,0.0,373220
2025-10-02,1.0,373220
2025-10-10,0.5,373220
2025-10-13,0.5,373220
2025-10-14,0.8,373220
2025-10-15,0.8,373220
2025-10-16,0.8,373220
2025-10-17,0.8,373220
2025-10-20,0.8,373220
2025-10-21,0.8,373220
2025-10-22,0.8,373220
2025-10-23,0.8,373220
2025-10-24,0.8,373220
2025-10-27,0.8,373220
2025-10-28,0.8,373220
2025-10-29,0.8,373220
2025-10-30,0.8,373220
2025-10-31,0.8,373220
2025-11-03,0.8,373220
2025-11-04,0.8,373220
2025-11-05,0.8,373220
2025-11-06,0.8,373220
2025-11-07,0.8,373220
2025-11-10,0.8,373220
2025-11-11,0.8,373220
2025-11-12,0.8,373220
2025-11-13,0.8,373220
2025-11-14,0.14,373220
2025-11-17,0.14,373220
2025-11-18,0.14,373220
2025-11-19,0.14,373220
2025-11-20,0.14,373220
2025-11-21,0.14,373220
2025-11-24,0.14,373220
2025-11-25,0.14,373220
2025-11-26,0.14,373220
2025-11-27,0.14,373220
2025-11-28,0.0,373220
2024-11-01,0.0,207940
2024-11-04,0.0,207940
2024-11-05,0.0,207940
2024-11-06,0.0,207940
2024-11-07,0.0,207940
2024-11-08,0.0,207940
2024-11-11,0.0,207940
2024-11-12,0.0,207940
2024-11-13,0.0,207940
2024-11-14,0.0,207940
2024-11-15,0.0,207940
2024-11-18,0.0,207940
2024-11-19,0.0,207940
2024-11-20,0.0,207940
2024-11-21,0.0,207940
2024-11-22,0.0,207940
2024-11-25,0.0,207940
2024-11-26,0.0,207940
2024-11-27,0.0,207940
2024-11-28,0.7,207940
2024-11-29,0.7,207940
2024-12-02,0.7,207940
2024-12-03,0.7,207940
2024-12-04,0.7,207940
2024-12-05,0.7,207940
2024-12-06,0.7,207940
2024-12-09,0.0,207940
2024-12-10,0.7,207940
2024-12-11,0.0,207940
2024-12-12,0.7,207940
2024-12-13,1.0,207940
2024-12-16,1.0,207940
2024-12-17,1.0,207940
2024-12-18,0.7,207940
2024-12-19,0.0,207940
2024-12-20,0.0,207940
2024-12-23,0.0,207940
2024-12-24,0.0,207940
2024-12-26,0.0,207940
2024-12-27,0.0,207940
2024-12-30,0.0,207940
2025-01-02,0.0,207940
2025-01-03,0.0,207940
2025-01-06,0.0,207940
2025-01-07,0.7,207940
2025-01-08,0.7,207940
2025-01-09,1.0,207940
2025-01-10,0.7,207940
2025-01-13,1.0,207940
2025-01-14,1.0,207940
2025-01-15,0.7,207940
2025-01-16,0.7,207940
2025-01-17,0.7,207940
2025-01-20,0.7,207940
2025-01-21,0.7,207940
2025-01-22,1.0,207940
2025-01-23,1.0,207940
2025-01-24,1.0,207940
2025-01-31,1.0,207940
2025-02-03,1.0,207940
2025-02-04,1.0,207940
2025-02-05,1.0,207940
2025-02-06,1.0,207940
2025-02-07,1.0,207940
2025-02-10,1.0,207940
2025-02-11,1.0,207940
2025-02-12,1.0,207940
2025-02-13,1.0,207940
2025-02-14,1.0,207940
2025-02-17,1.0,207940
2025-02-18,1.0,207940
2025-02-19,1.0,207940
2025-02-20,1.0,207940
2025-02-21,1.0,207940
2025-02-24,1.0,207940
2025-02-25,1.0,207940
2025-02-26,1.0,207940
2025-02-27,1.0,207940
2025-02-28,0.14,207940
2025-03-04,0.14,207940
2025-03-05,0.14,207940
2025-03-06,0.14,207940
2025-03-07,0.14,207940
2025-03-10,0.14,207940
2025-03-11,0.14,207940
2025-03-12,0.14,207940
2025-03-13,0.0,207940
2025-03-14,0.0,207940
2025-03-17,0.14,207940
2025-03-18,0.14,207940
2025-03-19,0.14,207940
2025-03-20,0.14,207940
2025-03-21,0.14,207940
2025-03-24,0.14,207940
2025-03-25,0.14,207940
2025-03-26,0.14,207940
2025-03-27,0.0,207940
2025-03-28,0.0,207940
2025-03-31,0.0,207940
2025-04-01,0.0,207940
2025-04-02,0.0,207940
2025-04-03,0.7,207940
2025-04-04,0.7,207940
2025-04-07,0.0,207940
2025-04-08,0.0,207940
2025-04-09,0.0,207940
2025-04-10,0.0,207940
2025-04-11,0.0,207940
2025-04-14,0.0,207940
2025-04-15,0.0,207940
2025-04-16,0.0,207940
2025-04-17,0.7,207940
2025-04-18,0.7,207940
2025-04-21,0.7,207940
2025-04-22,0.7,207940
2025-04-23,0.7,207940
2025-04-24,0.7,207940
2025-04-25,0.0,207940
2025-04-28,0.0,207940
2025-04-29,0.7,207940
2025-04-30,0.7,207940
2025-05-02,0.7,207940
2025-05-07,0.0,207940
2025-05-08,0.0,207940
2025-05-09,0.0,207940
2025-05-12,0.0,207940
2025-05-13,0.0,207940
2025-05-14,0.0,207940
2025-05-15,0.0,207940
2025-05-16,0.0,207940
2025-05-19,0.0,207940
2025-05-20,0.0,207940
2025-05-21,0.7,207940
2025-05-22,0.7,207940
2025-05-23,0.0,207940
2025-05-26,0.7,207940
2025-05-27,0.0,207940
2025-05-28,0.0,207940
2025-05-29,0.0,207940
2025-05-30,0.0,207940
2025-06-02,0.0,207940
2025-06-04,0.7,207940
2025-06-05,0.0,207940
2025-06-09,0.7,207940
2025-06-10,0.7,207940
2025-06-11,1.0,207940
2025-06-12,0.0,207940
2025-06-13,0.0,207940
2025-06-16,0.0,207940
2025-06-17,0.0,207940
2025-06-18,0.0,207940
2025-06-19,0.0,207940
2025-06-20,0.0,207940
2025-06-23,0.0,207940
2025-06-24,0.0,207940
2025-06-25,0.0,207940
2025-06-26,0.0,207940
2025-06-27,0.0,207940
2025-06-30,0.0,207940
2025-07-01,0.0,207940
2025-07-02,0.0,207940
2025-07-03,0.7,207940
2025-07-04,0.7,207940
2025-07-07,0.7,207940
2025-07-08,0.7,207940
2025-07-09,0.7,207940
2025-07-10,0.7,207940
2025-07-11,0.7,207940
2025-07-14,0.7,207940
2025-07-15,0.7,207940
2025-07-16,0.7,207940
2025-07-17,1.0,207940
2025-07-18,0.7,207940
2025-07-21,0.7,207940
2025-07-22,0.7,207940
2025-07-23,1.0,207940
2025-07-24,1.0,207940
2025-07-25,1.0,207940
2025-07-28,1.0,207940
2025-07-29,1.0,207940
2025-07-30,1.0,207940
2025-07-31,0.7,207940
2025-08-01,0.14,207940
2025-08-04,0.14,207940
2025-08-05,0.14,207940
2025-08-06,0.0,207940
2025-08-07,0.0,207940
2025-08-08,0.0,207940
2025-08-11,0.0,207940
2025-08-12,0.0,207940
2025-08-13,0.14,207940
2025-08-14,0.0,207940
2025-08-18,0.0,207940
2025-08-19,0.0,207940
2025-08-20,0.0,207940
2025-08-21,0.0,207940
2025-08-22,0.0,207940
2025-08-25,0.0,207940
2025-08-26,0.0,207940
2025-08-27,0.0,207940
2025-08-28,0.0,207940
2025-08-29,0.0,207940
2025-09-01,0.0,207940
2025-09-02,0.0,207940
2025-09-03,0.0,207940
2025-09-04,0.0,207940
2025-09-05,0.7,207940
2025-09-08,0.7,207940
2025-09-09,0.7,207940
2025-09-10,0.7,207940
2025-09-11,0.7,207940
2025-09-12,0.7,207940
2025-09-15,0.7,207940
2025-09-16,0.7,207940
2025-09-17,0.0,207940
2025-09-18,0.7,207940
2025-09-19,0.7,207940
2025-09-22,0.7,207940
2025-09-23,0.7,207940
2025-09-24,0.7,207940
2025-09-25,0.0,207940
2025-09-26,0.0,207940
2025-09-29,0.0,207940
2025-09-30,0.0,207940
2025-10-01,0.0,207940
2025-10-02,0.0,207940
2025-10-10,0.0,207940
2025-10-13,0.0,207940
2025-10-14,0.7,207940
2025-10-15,1.0,207940
2025-10-16,1.0,207940
2025-10-17,1.0,207940
2025-10-20,1.0,207940
2025-10-21,1.0,207940
2025-10-22,1.0,207940
2025-10-23,1.0,207940
2025-10-24,1.0,207940
2025-10-27,1.0,207940
2025-10-28,1.0,207940
2025-10-29,1.0,207940
2025-10-30,1.0,207940
2025-10-31,1.0,207940
2025-11-03,1.0,207940
2025-11-04,1.0,207940
2025-11-05,1.0,207940
2025-11-06,1.0,207940
2025-11-07,1.0,207940
2025-11-10,1.0,207940
2025-11-11,1.0,207940
2025-11-12,0.8,207940
2025-11-13,0.8,207940
2025-11-14,0.8,207940
2025-11-17,0.8,207940
2025-11-18,0.8,207940
2025-11-19,0.5,207940
2025-11-20,0.8,207940
2025-11-21,0.5,207940
2025-11-24,0.14,207940
2025-11-25,0.0,207940
2025-11-26,0.14,207940
2025-11-27,0.14,207940
2025-11-28,0.0,207940
2024-11-01,0.0,005380
2024-11-04,0.0,005380
2024-11-05,0.0,005380
2024-11-06,0.0,005380
2024-11-07,0.0,005380
2024-11-08,0.0,005380
2024-11-11,0.0,005380
2024-11-12,0.0,005380
2024-11-13,0.0,005380
2024-11-14,0.0,005380
2024-11-15,0.0,005380
2024-11-18,0.0,005380
2024-11-19,0.0,005380
2024-11-20,0.0,005380
2024-11-21,0.0,005380
2024-11-22,0.0,005380
2024-11-25,0.0,005380
2024-11-26,0.0,005380
2024-11-27,0.0,005380
2024-11-28,0.7,005380
2024-11-29,0.7,005380
2024-12-02,0.7,005380
2024-12-03,0.7,005380
2024-12-04,0.0,005380
2024-12-05,0.0,005380
2024-12-06,0.0,005380
2024-12-09,0.0,005380
2024-12-10,0.0,005380
2024-12-11,0.0,005380
2024-12-12,0.0,005380
2024-12-13,0.7,005380
2024-12-16,0.0,005380
2024-12-17,0.0,005380
2024-12-18,0.7,005380
2024-12-19,0.0,005380
2024-12-20,0.0,005380
2024-12-23,0.7,005380
2024-12-24,0.7,005380
2024-12-26,0.7,005380
2024-12-27,0.7,005380
2024-12-30,0.7,005380
2025-01-02,0.7,005380
2025-01-03,0.7,005380
2025-01-06,0.7,005380
2025-01-07,0.0,005380
2025-01-08,0.7,005380
2025-01-09,1.0,005380
2025-01-10,1.0,005380
2025-01-13,1.0,005380
2025-01-14,0.7,005380
2025-01-15,0.7,005380
2025-01-16,0.7,005380
2025-01-17,0.0,005380
2025-01-20,0.0,005380
2025-01-21,0.0,005380
2025-01-22,0.0,005380
2025-01-23,0.0,005380
2025-01-24,0.0,005380
2025-01-31,0.0,005380
2025-02-03,0.0,005380
2025-02-04,0.0,005380
2025-02-05,0.0,005380
2025-02-06,0.0,005380
2025-02-07,0.0,005380
2025-02-10,0.0,005380
2025-02-11,0.0,005380
2025-02-12,0.0,005380
2025-02-13,0.7,005380
2025-02-14,0.0,005380
2025-02-17,0.0,005380
2025-02-18,0.0,005380
2025-02-19,0.0,005380
2025-02-20,0.0,005380
2025-02-21,0.7,005380
2025-02-24,0.7,005380
2025-02-25,0.0,005380
2025-02-26,0.7,005380
2025-02-27,0.0,005380
2025-02-28,0.0,005380
2025-03-04,0.0,005380
2025-03-05,0.0,005380
2025-03-06,0.0,005380
2025-03-07,0.0,005380
2025-03-10,0.0,005380
2025-03-11,0.0,005380
2025-03-12,0.0,005380
2025-03-13,0.7,005380
2025-03-14,0.0,005380
2025-03-17,0.0,005380
2025-03-18,0.7,005380
2025-03-19,0.7,005380
2025-03-20,0.7,005380
2025-03-21,0.7,005380
2025-03-24,0.7,005380
2025-03-25,1.0,005380
2025-03-26,1.0,005380
2025-03-27,0.7,005380
2025-03-28,0.7,005380
2025-03-31,0.0,005380
2025-04-01,0.0,005380
2025-04-02,0.0,005380
2025-04-03,0.0,005380
2025-04-04,0.0,005380
2025-04-07,0.0,005380
2025-04-08,0.0,005380
2025-04-09,0.0,005380
2025-04-10,0.0,005380
2025-04-11,0.0,005380
2025-04-14,0.0,005380
2025-04-15,0.0,005380
2025-04-16,0.0,005380
2025-04-17,0.0,005380
2025-04-18,0.0,005380
2025-04-21,0.0,005380
2025-04-22,0.0,005380
2025-04-23,0.7,005380
2025-04-24,0.7,005380
2025-04-25,0.7,005380
2025-04-28,0.7,005380
2025-04-29,0.7,005380
2025-04-30,0.7,005380
2025-05-02,0.7,005380
2025-05-07,0.7,005380
2025-05-08,0.7,005380
2025-05-09,1.0,005380
2025-05-12,1.0,005380
2025-05-13,1.0,005380
2025-05-14,1.0,005380
2025-05-15,1.0,005380
2025-05-16,0.7,005380
2025-05-19,1.0,005380
2025-05-20,0.0,005380
2025-05-21,0.0,005380
2025-05-22,0.0,005380
2025-05-23,0.0,005380
2025-05-26,0.0,005380
2025-05-27,0.0,005380
2025-05-28,0.0,005380
2025-05-29,0.7,005380
2025-05-30,0.0,005380
2025-06-02,0.0,005380
2025-06-04,0.0,005380
2025-06-05,0.7,005380
2025-06-09,1.0,005380
2025-06-10,0.7,005380
2025-06-11,0.7,005380
2025-06-12,0.7,005380
2025-06-13,0.7,005380
2025-06-16,0.7,005380
2025-06-17,1.0,005380
2025-06-18,1.0,005380
2025-06-19,1.0,005380
2025-06-20,1.0,005380
2025-06-23,1.0,005380
2025-06-24,1.0,005380
2025-06-25,1.0,005380
2025-06-26,1.0,005380
2025-06-27,1.0,005380
2025-06-30,1.0,005380
2025-07-01,1.0,005380
2025-07-02,1.0,005380
2025-07-03,1.0,005380
2025-07-04,1.0,005380
2025-07-07,1.0,005380
2025-07-08,1.0,005380
2025-07-09,0.7,005380
2025-07-10,0.7,005380
2025-07-11,0.14,005380
2025-07-14,1.0,005380
2025-07-15,0.7,005380
2025-07-16,0.14,005380
2025-07-17,0.7,005380
2025-07-18,0.7,005380
2025-07-21,0.14,005380
2025-07-22,0.14,005380
2025-07-23,0.7,005380
2025-07-24,0.7,005380
2025-07-25,1.0,005380
2025-07-28,1.0,005380
2025-07-29,0.7,005380
2025-07-30,0.7,005380
2025-07-31,0.7,005380
2025-08-01,0.14,005380
2025-08-04,0.14,005380
2025-08-05,0.14,005380
2025-08-06,0.14,005380
2025-08-07,0.14,005380
2025-08-08,0.14,005380
2025-08-11,0.14,005380
2025-08-12,0.14,005380
2025-08-13,0.7,005380
2025-08-14,0.7,005380
2025-08-18,0.7,005380
2025-08-19,0.7,005380
2025-08-20,1.0,005380
2025-08-21,0.7,005380
2025-08-22,0.7,005380
2025-08-25,0.7,005380
2025-08-26,0.7,005380
2025-08-27,0.7,005380
2025-08-28,0.7,005380
2025-08-29,0.7,005380
2025-09-01,0.7,005380
2025-09-02,0.7,005380
2025-09-03,1.0,005380
2025-09-04,1.0,005380
2025-09-05,0.7,005380
2025-09-08,0.14,005380
2025-09-09,0.14,005380
2025-09-10,0.7,005380
2025-09-11,0.7,005380
2025-09-12,0.7,005380
2025-09-15,0.14,005380
2025-09-16,0.14,005380
2025-09-17,0.14,005380
2025-09-18,0.14,005380
2025-09-19,0.0,005380
2025-09-22,0.14,005380
2025-09-23,0.14,005380
2025-09-24,0.14,005380
2025-09-25,0.14,005380
2025-09-26,0.0,005380
2025-09-29,0.0,005380
2025-09-30,0.0,005380
2025-10-01,0.0,005380
2025-10-02,0.7,005380
2025-10-10,0.14,005380
2025-10-13,0.7,005380
2025-10-14,0.7,005380
2025-10-15,0.7,005380
2025-10-16,1.0,005380
2025-10-17,1.0,005380
2025-10-20,1.0,005380
2025-10-21,1.0,005380
2025-10-22,1.0,005380
2025-10-23,1.0,005380
2025-10-24,1.0,005380
2025-10-27,1.0,005380
2025-10-28,1.0,005380
2025-10-29,1.0,005380
2025-10-30,0.8,005380
2025-10-31,0.8,005380
2025-11-03,0.8,005380
2025-11-04,0.8,005380
2025-11-05,0.8,005380
2025-11-06,0.8,005380
2025-11-07,0.8,005380
2025-11-10,0.8,005380
2025-11-11,0.8,005380
2025-11-12,0.8,005380
2025-11-13,0.8,005380
2025-11-14,0.8,005380
2025-11-17,0.8,005380
2025-11-18,0.14,005380
2025-11-19,0.14,005380
2025-11-20,0.14,005380
2025-11-21,0.14,005380
2025-11-24,0.14,005380
2025-11-25,0.14,005380
2025-11-26,0.14,005380
2025-11-27,0.14,005380
2025-11-28,0.14,005380
2024-11-01,0.0,000270
2024-11-04,0.0,000270
2024-11-05,0.0,000270
2024-11-06,0.0,000270
2024-11-07,0.0,000270
2024-11-08,0.0,000270
2024-11-11,0.0,000270
2024-11-12,0.0,000270
2024-11-13,0.0,000270
2024-11-14,0.0,000270
2024-11-15,0.0,000270
2024-11-18,0.0,000270
2024-11-19,0.0,000270
2024-11-20,0.0,000270
2024-11-21,0.0,000270
2024-11-22,0.0,000270
2024-11-25,0.0,000270
2024-11-26,0.0,000270
2024-11-27,0.0,000270
2024-11-28,0.0,000270
2024-11-29,0.0,000270
2024-12-02,0.0,000270
2024-12-03,0.7,000270
2024-12-04,0.7,000270
2024-12-05,0.0,000270
2024-12-06,0.0,000270
2024-12-09,0.0,000270
2024-12-10,0.7,000270
2024-12-11,1.0,000270
2024-12-12,1.0,000270
2024-12-13,1.0,000270
2024-12-16,0.0,000270
2024-12-17,0.0,000270
2024-12-18,0.7,000270
2024-12-19,0.7,000270
2024-12-20,0.7,000270
2024-12-23,0.7,000270
2024-12-24,0.7,000270
2024-12-26,1.0,000270
2024-12-27,1.0,000270
2024-12-30,1.0,000270
2025-01-02,1.0,000270
2025-01-03,0.7,000270
2025-01-06,0.7,000270
2025-01-07,1.0,000270
2025-01-08,1.0,000270
2025-01-09,1.0,000270
2025-01-10,1.0,000270
2025-01-13,1.0,000270
2025-01-14,1.0,000270
2025-01-15,1.0,000270
2025-01-16,1.0,000270
2025-01-17,0.0,000270
2025-01-20,0.0,000270
2025-01-21,0.0,000270
2025-01-22,0.7,000270
2025-01-23,0.7,000270
2025-01-24,0.0,000270
2025-01-31,0.0,000270
2025-02-03,0.0,000270
2025-02-04,0.0,000270
2025-02-05,0.0,000270
2025-02-06,0.14,000270
2025-02-07,0.0,000270
2025-02-10,0.0,000270
2025-02-11,0.0,000270
2025-02-12,0.0,000270
2025-02-13,0.0,000270
2025-02-14,0.0,000270
2025-02-17,0.0,000270
2025-02-18,0.0,000270
2025-02-19,0.0,000270
2025-02-20,0.0,000270
2025-02-21,0.0,000270
2025-02-24,0.0,000270
2025-02-25,0.0,000270
2025-02-26,0.0,000270
2025-02-27,0.0,000270
2025-02-28,0.0,000270
2025-03-04,0.0,000270
2025-03-05,0.7,000270
2025-03-06,0.7,000270
2025-03-07,0.7,000270
2025-03-10,0.7,000270
2025-03-11,0.7,000270
2025-03-12,1.0,000270
2025-03-13,1.0,000270
2025-03-14,1.0,000270
2025-03-17,0.7,000270
2025-03-18,0.7,000270
2025-03-19,0.7,000270
2025-03-20,0.0,000270
2025-03-21,0.0,000270
2025-03-24,0.7,000270
2025-03-25,1.0,000270
2025-03-26,1.0,000270
2025-03-27,0.7,000270
2025-03-28,0.0,000270
2025-03-31,0.0,000270
2025-04-01,0.0,000270
2025-04-02,0.0,000270
2025-04-03,0.0,000270
2025-04-04,0.0,000270
2025-04-07,0.0,000270
2025-04-08,0.0,000270
2025-04-09,0.0,000270
2025-04-10,0.0,000270
2025-04-11,0.0,000270
2025-04-14,0.0,000270
2025-04-15,0.0,000270
2025-04-16,0.0,000270
2025-04-17,0.0,000270
2025-04-18,0.0,000270
2025-04-21,0.0,000270
2025-04-22,0.0,000270
2025-04-23,0.7,000270
2025-04-24,0.7,000270
2025-04-25,0.7,000270
2025-04-28,0.7,000270
2025-04-29,0.7,000270
2025-04-30,0.7,000270
2025-05-02,0.7,000270
2025-05-07,0.7,000270
2025-05-08,0.7,000270
2025-05-09,1.0,000270
2025-05-12,1.0,000270
2025-05-13,1.0,000270
2025-05-14,1.0,000270
2025-05-15,1.0,000270
2025-05-16,1.0,000270
2025-05-19,1.0,000270
2025-05-20,1.0,000270
2025-05-21,0.7,000270
2025-05-22,0.0,000270
2025-05-23,0.0,000270
2025-05-26,0.0,000270
2025-05-27,0.0,000270
2025-05-28,0.0,000270
2025-05-29,1.0,000270
2025-05-30,0.0,000270
2025-06-02,0.0,000270
2025-06-04,0.0,000270
2025-06-05,1.0,000270
2025-06-09,1.0,000270
2025-06-10,1.0,000270
2025-06-11,0.7,000270
2025-06-12,1.0,000270
2025-06-13,1.0,000270
2025-06-16,1.0,000270
2025-06-17,1.0,000270
2025-06-18,1.0,000270
2025-06-19,1.0,000270
2025-06-20,1.0,000270
2025-06-23,1.0,000270
2025-06-24,1.0,000270
2025-06-25,1.0,000270
2025-06-26,1.0,000270
2025-06-27,1.0,000270
2025-06-30,0.7,000270
2025-07-01,1.0,000270
2025-07-02,1.0,000270
2025-07-03,1.0,000270
2025-07-04,1.0,000270
2025-07-07,0.7,000270
2025-07-08,0.7,000270
2025-07-09,0.7,000270
2025-07-10,0.7,000270
2025-07-11,0.7,000270
2025-07-14,1.0,000270
2025-07-15,0.7,000270
2025-07-16,0.7,000270
2025-07-17,0.7,000270
2025-07-18,0.7,000270
2025-07-21,0.14,000270
2025-07-22,0.14,000270
2025-07-23,0.7,000270
2025-07-24,1.0,000270
2025-07-25,1.0,000270
2025-07-28,1.0,000270
2025-07-29,1.0,000270
2025-07-30,1.0,000270
2025-07-31,0.5,000270
2025-08-01,0.14,000270
2025-08-04,0.5,000270
2025-08-05,0.14,000270
2025-08-06,0.14,000270
2025-08-07,0.14,000270
2025-08-08,0.14,000270
2025-08-11,0.14,000270
2025-08-12,0.14,000270
2025-08-13,0.7,000270
2025-08-14,0.7,000270
2025-08-18,0.14,000270
2025-08-19,0.7,000270
2025-08-20,1.0,000270
2025-08-21,0.7,000270
2025-08-22,0.7,000270
2025-08-25,0.7,000270
2025-08-26,0.14,000270
2025-08-27,0.7,000270
2025-08-28,0.7,000270
2025-08-29,0.7,000270
2025-09-01,1.0,000270
2025-09-02,0.7,000270
2025-09-03,1.0,000270
2025-09-04,1.0,000270
2025-09-05,0.7,000270
2025-09-08,0.7,000270
2025-09-09,0.7,000270
2025-09-10,0.7,000270
2025-09-11,0.7,000270
2025-09-12,0.7,000270
2025-09-15,0.0,000270
2025-09-16,0.0,000270
2025-09-17,0.0,000270
2025-09-18,0.0,000270
2025-09-19,0.0,000270
2025-09-22,0.0,000270
2025-09-23,0.0,000270
2025-09-24,0.14,000270
2025-09-25,0.0,000270
2025-09-26,0.0,000270
2025-09-29,0.0,000270
2025-09-30,0.0,000270
2025-10-01,0.0,000270
2025-10-02,0.7,000270
2025-10-10,0.0,000270
2025-10-13,0.0,000270
2025-10-14,0.7,000270
2025-10-15,0.7,000270
2025-10-16,0.7,000270
2025-10-17,1.0,000270
2025-10-20,1.0,000270
2025-10-21,1.0,000270
2025-10-22,1.0,000270
2025-10-23,1.0,000270
2025-10-24,1.0,000270
2025-10-27,1.0,000270
2025-10-28,1.0,000270
2025-10-29,1.0,000270
2025-10-30,1.0,000270
2025-10-31,1.0,000270
2025-11-03,1.0,000270
2025-11-04,0.8,000270
2025-11-05,0.14,000270
2025-11-06,0.14,000270
2025-11-07,0.14,000270
2025-11-10,1.0,000270
2025-11-11,1.0,000270
2025-11-12,1.0,000270
2025-11-13,1.0,000270
2025-11-14,0.7,000270
2025-11-17,0.7,000270
2025-11-18,0.14,000270
2025-11-19,0.14,000270
2025-11-20,0.14,000270
2025-11-21,0.14,000270
2025-11-24,0.14,000270
2025-11-25,0.14,000270
2025-11-26,0.14,000270
2025-11-27,0.14,000270
2025-11-28,0.14,000270
2024-11-01,0.0,068270
2024-11-04,0.0,068270
2024-11-05,0.0,068270
2024-11-06,0.0,068270
2024-11-07,0.0,068270
2024-11-08,0.0,068270
2024-11-11,0.0,068270
2024-11-12,0.0,068270
2024-11-13,0.0,068270
2024-11-14,0.0,068270
2024-11-15,0.0,068270
2024-11-18,0.0,068270
2024-11-19,0.0,068270
2024-11-20,0.0,068270
2024-11-21,0.0,068270
2024-11-22,0.0,068270
2024-11-25,0.0,068270
2024-11-26,0.0,068270
2024-11-27,0.0,068270
2024-11-28,0.7,068270
2024-11-29,0.7,068270
2024-12-02,0.7,068270
2024-12-03,0.7,068270
2024-12-04,0.7,068270
2024-12-05,0.7,068270
2024-12-06,0.7,068270
2024-12-09,0.0,068270
2024-12-10,1.0,068270
2024-12-11,1.0,068270
2024-12-12,1.0,068270
2024-12-13,1.0,068270
2024-12-16,1.0,068270
2024-12-17,1.0,068270
2024-12-18,1.0,068270
2024-12-19,1.0,068270
2024-12-20,1.0,068270
2024-12-23,1.0,068270
2024-12-24,1.0,068270
2024-12-26,1.0,068270
2024-12-27,0.7,068270
2024-12-30,0.7,068270
2025-01-02,0.0,068270
2025-01-03,0.7,068270
2025-01-06,1.0,068270
2025-01-07,1.0,068270
2025-01-08,1.0,068270
2025-01-09,1.0,068270
2025-01-10,1.0,068270
2025-01-13,0.0,068270
2025-01-14,0.7,068270
2025-01-15,0.0,068270
2025-01-16,0.0,068270
2025-01-17,0.0,068270
2025-01-20,0.0,068270
2025-01-21,0.0,068270
2025-01-22,0.0,068270
2025-01-23,0.0,068270
2025-01-24,0.0,068270
2025-01-31,0.0,068270
2025-02-03,0.0,068270
2025-02-04,0.14,068270
2025-02-05,0.14,068270
2025-02-06,0.14,068270
2025-02-07,0.14,068270
2025-02-10,0.14,068270
2025-02-11,0.14,068270
2025-02-12,0.14,068270
2025-02-13,0.14,068270
2025-02-14,0.7,068270
2025-02-17,0.7,068270
2025-02-18,0.7,068270
2025-02-19,0.7,068270
2025-02-20,0.7,068270
2025-02-21,0.0,068270
2025-02-24,0.0,068270
2025-02-25,0.0,068270
2025-02-26,1.0,068270
2025-02-27,0.7,068270
2025-02-28,0.7,068270
2025-03-04,0.7,068270
2025-03-05,0.7,068270
2025-03-06,1.0,068270
2025-03-07,0.7,068270
2025-03-10,0.7,068270
2025-03-11,0.7,068270
2025-03-12,0.7,068270
2025-03-13,0.7,068270
2025-03-14,0.7,068270
2025-03-17,0.7,068270
2025-03-18,0.7,068270
2025-03-19,0.7,068270
2025-03-20,0.7,068270
2025-03-21,0.7,068270
2025-03-24,0.7,068270
2025-03-25,0.7,068270
2025-03-26,0.14,068270
2025-03-27,0.0,068270
2025-03-28,0.0,068270
2025-03-31,0.0,068270
2025-04-01,0.0,068270
2025-04-02,0.0,068270
2025-04-03,0.0,068270
2025-04-04,0.0,068270
2025-04-07,0.0,068270
2025-04-08,0.0,068270
2025-04-09,0.0,068270
2025-04-10,0.0,068270
2025-04-11,0.0,068270
2025-04-14,0.0,068270
2025-04-15,0.0,068270
2025-04-16,0.0,068270
2025-04-17,0.0,068270
2025-04-18,0.0,068270
2025-04-21,0.0,068270
2025-04-22,0.0,068270
2025-04-23,0.0,068270
2025-04-24,0.0,068270
2025-04-25,0.0,068270
2025-04-28,0.0,068270
2025-04-29,0.7,068270
2025-04-30,0.0,068270
2025-05-02,0.7,068270
2025-05-07,0.7,068270
2025-05-08,0.0,068270
2025-05-09,0.0,068270
2025-05-12,0.0,068270
2025-05-13,0.0,068270
2025-05-14,0.0,068270
2025-05-15,0.0,068270
2025-05-16,0.0,068270
2025-05-19,0.0,068270
2025-05-20,0.0,068270
2025-05-21,0.0,068270
2025-05-22,0.0,068270
2025-05-23,0.0,068270
2025-05-26,0.0,068270
2025-05-27,0.0,068270
2025-05-28,0.0,068270
2025-05-29,0.7,068270
2025-05-30,0.7,068270
2025-06-02,0.7,068270
2025-06-04,0.7,068270
2025-06-05,0.7,068270
2025-06-09,0.7,068270
2025-06-10,1.0,068270
2025-06-11,1.0,068270
2025-06-12,1.0,068270
2025-06-13,1.0,068270
2025-06-16,1.0,068270
2025-06-17,1.0,068270
2025-06-18,1.0,068270
2025-06-19,1.0,068270
2025-06-20,1.0,068270
2025-06-23,1.0,068270
2025-06-24,1.0,068270
2025-06-25,1.0,068270
2025-06-26,1.0,068270
2025-06-27,1.0,068270
2025-06-30,0.14,068270
2025-07-01,0.7,068270
2025-07-02,1.0,068270
2025-07-03,1.0,068270
2025-07-04,1.0,068270
2025-07-07,1.0,068270
2025-07-08,1.0,068270
2025-07-09,1.0,068270
2025-07-10,1.0,068270
2025-07-11,1.0,068270
2025-07-14,1.0,068270
2025-07-15,1.0,068270
2025-07-16,1.0,068270
2025-07-17,1.0,068270
2025-07-18,1.0,068270
2025-07-21,1.0,068270
2025-07-22,1.0,068270
2025-07-23,1.0,068270
2025-07-24,1.0,068270
2025-07-25,1.0,068270
2025-07-28,1.0,068270
2025-07-29,1.0,068270
2025-07-30,1.0,068270
2025-07-31,0.7,068270
2025-08-01,0.14,068270
2025-08-04,0.14,068270
2025-08-05,0.14,068270
2025-08-06,0.7,068270
2025-08-07,0.14,068270
2025-08-08,0.14,068270
2025-08-11,0.14,068270
2025-08-12,0.14,068270
2025-08-13,0.14,068270
2025-08-14,0.14,068270
2025-08-18,0.14,068270
2025-08-19,0.14,068270
2025-08-20,0.14,068270
2025-08-21,0.14,068270
2025-08-22,0.14,068270
2025-08-25,0.14,068270
2025-08-26,0.14,068270
2025-08-27,0.14,068270
2025-08-28,0.14,068270
2025-08-29,0.0,068270
2025-09-01,0.0,068270
2025-09-02,0.0,068270
2025-09-03,0.0,068270
2025-09-04,0.0,068270
2025-09-05,0.0,068270
2025-09-08,0.0,068270
2025-09-09,0.0,068270
2025-09-10,0.0,068270
2025-09-11,0.7,068270
2025-09-12,0.7,068270
2025-09-15,0.0,068270
2025-09-16,0.0,068270
2025-09-17,0.0,068270
2025-09-18,0.0,068270
2025-09-19,0.7,068270
2025-09-22,0.0,068270
2025-09-23,1.0,068270
2025-09-24,0.7,068270
2025-09-25,0.7,068270
2025-09-26,1.0,068270
2025-09-29,1.0,068270
2025-09-30,0.7,068270
2025-10-01,0.7,068270
2025-10-02,0.7,068270
2025-10-10,0.7,068270
2025-10-13,0.0,068270
2025-10-14,0.0,068270
2025-10-15,0.0,068270
2025-10-16,0.7,068270
2025-10-17,0.7,068270
2025-10-20,0.7,068270
2025-10-21,1.0,068270
2025-10-22,1.0,068270
2025-10-23,0.0,068270
2025-10-24,0.0,068270
2025-10-27,1.0,068270
2025-10-28,0.7,068270
2025-10-29,0.7,068270
2025-10-30,0.14,068270
2025-10-31,0.7,068270
2025-11-03,0.14,068270
2025-11-04,0.7,068270
2025-11-05,0.14,068270
2025-11-06,0.14,068270
2025-11-07,0.0,068270
2025-11-10,0.14,068270
2025-11-11,0.0,068270
2025-11-12,1.0,068270
2025-11-13,1.0,068270
2025-11-14,1.0,068270
2025-11-17,1.0,068270
2025-11-18,0.7,068270
2025-11-19,0.7,068270
2025-11-20,1.0,068270
2025-11-21,1.0,068270
2025-11-24,0.5,068270
2025-11-25,0.5,068270
2025-11-26,0.8,068270
2025-11-27,0.8,068270
2025-11-28,0.8,068270
2024-11-01,0.0,105560
2024-11-04,0.0,105560
2024-11-05,0.0,105560
2024-11-06,0.0,105560
2024-11-07,0.0,105560
2024-11-08,0.0,105560
2024-11-11,0.0,105560
2024-11-12,0.0,105560
2024-11-13,0.0,105560
2024-11-14,0.0,105560
2024-11-15,0.0,105560
2024-11-18,0.0,105560
2024-11-19,0.0,105560
2024-11-20,0.0,105560
2024-11-21,0.0,105560
2024-11-22,0.0,105560
2024-11-25,0.0,105560
2024-11-26,0.0,105560
2024-11-27,0.0,105560
2024-11-28,0.7,105560
2024-11-29,0.7,105560
2024-12-02,1.0,105560
2024-12-03,1.0,105560
2024-12-04,0.7,105560
2024-12-05,0.0,105560
2024-12-06,0.0,105560
2024-12-09,0.0,105560
2024-12-10,0.0,105560
2024-12-11,0.0,105560
2024-12-12,0.0,105560
2024-12-13,0.0,105560
2024-12-16,0.0,105560
2024-12-17,0.0,105560
2024-12-18,0.0,105560
2024-12-19,0.0,105560
2024-12-20,0.0,105560
2024-12-23,0.0,105560
2024-12-24,0.0,105560
2024-12-26,0.0,105560
2024-12-27,0.0,105560
2024-12-30,0.0,105560
2025-01-02,0.0,105560
2025-01-03,0.0,105560
2025-01-06,0.7,105560
2025-01-07,0.7,105560
2025-01-08,0.7,105560
2025-01-09,0.7,105560
2025-01-10,1.0,105560
2025-01-13,0.7,105560
2025-01-14,0.7,105560
2025-01-15,1.0,105560
2025-01-16,1.0,105560
2025-01-17,0.7,105560
2025-01-20,0.7,105560
2025-01-21,0.7,105560
2025-01-22,0.7,105560
2025-01-23,0.7,105560
2025-01-24,0.7,105560
2025-01-31,1.0,105560
2025-02-03,0.7,105560
2025-02-04,1.0,105560
2025-02-05,1.0,105560
2025-02-06,0.0,105560
2025-02-07,0.0,105560
2025-02-10,0.0,105560
2025-02-11,0.0,105560
2025-02-12,0.0,105560
2025-02-13,0.0,105560
2025-02-14,0.0,105560
2025-02-17,0.0,105560
2025-02-18,0.0,105560
2025-02-19,0.0,105560
2025-02-20,0.0,105560
2025-02-21,0.0,105560
2025-02-24,0.0,105560
2025-02-25,0.0,105560
2025-02-26,0.0,105560
2025-02-27,0.0,105560
2025-02-28,0.0,105560
2025-03-04,0.0,105560
2025-03-05,0.0,105560
2025-03-06,0.0,105560
2025-03-07,0.0,105560
2025-03-10,0.0,105560
2025-03-11,0.0,105560
2025-03-12,0.0,105560
2025-03-13,0.0,105560
2025-03-14,0.0,105560
2025-03-17,0.0,105560
2025-03-18,0.7,105560
2025-03-19,0.7,105560
2025-03-20,0.7,105560
2025-03-21,0.7,105560
2025-03-24,0.7,105560
2025-03-25,0.7,105560
2025-03-26,0.7,105560
2025-03-27,0.7,105560
2025-03-28,0.0,105560
2025-03-31,0.0,105560
2025-04-01,0.7,105560
2025-04-02,1.0,105560
2025-04-03,0.0,105560
2025-04-04,0.0,105560
2025-04-07,0.0,105560
2025-04-08,0.0,105560
2025-04-09,0.0,105560
2025-04-10,0.0,105560
2025-04-11,0.0,105560
2025-04-14,0.0,105560
2025-04-15,0.0,105560
2025-04-16,0.7,105560
2025-04-17,0.7,105560
2025-04-18,0.7,105560
2025-04-21,0.7,105560
2025-04-22,0.7,105560
2025-04-23,0.7,105560
2025-04-24,1.0,105560
2025-04-25,1.0,105560
2025-04-28,1.0,105560
2025-04-29,1.0,105560
2025-04-30,1.0,105560
2025-05-02,1.0,105560
2025-05-07,1.0,105560
2025-05-08,1.0,105560
2025-05-09,1.0,105560
2025-05-12,1.0,105560
2025-05-13,1.0,105560
2025-05-14,1.0,105560
2025-05-15,1.0,105560
2025-05-16,1.0,105560
2025-05-19,1.0,105560
2025-05-20,1.0,105560
2025-05-21,1.0,105560
2025-05-22,1.0,105560
2025-05-23,1.0,105560
2025-05-26,1.0,105560
2025-05-27,1.0,105560
2025-05-28,1.0,105560
2025-05-29,1.0,105560
2025-05-30,1.0,105560
2025-06-02,1.0,105560
2025-06-04,1.0,105560
2025-06-05,1.0,105560
2025-06-09,1.0,105560
2025-06-10,1.0,105560
2025-06-11,1.0,105560
2025-06-12,1.0,105560
2025-06-13,1.0,105560
2025-06-16,1.0,105560
2025-06-17,1.0,105560
2025-06-18,1.0,105560
2025-06-19,1.0,105560
2025-06-20,1.0,105560
2025-06-23,1.0,105560
2025-06-24,1.0,105560
2025-06-25,1.0,105560
2025-06-26,1.0,105560
2025-06-27,1.0,105560
2025-06-30,1.0,105560
2025-07-01,1.0,105560
2025-07-02,1.0,105560
2025-07-03,1.0,105560
2025-07-04,1.0,105560
2025-07-07,0.7,105560
2025-07-08,1.0,105560
2025-07-09,1.0,105560
2025-07-10,1.0,105560
2025-07-11,1.0,105560
2025-07-14,1.0,105560
2025-07-15,1.0,105560
2025-07-16,1.0,105560
2025-07-17,1.0,105560
2025-07-18,0.14,105560
2025-07-21,1.0,105560
2025-07-22,0.14,105560
2025-07-23,1.0,105560
2025-07-24,1.0,105560
2025-07-25,1.0,105560
2025-07-28,0.14,105560
2025-07-29,0.14,105560
2025-07-30,0.14,105560
2025-07-31,0.14,105560
2025-08-01,0.0,105560
2025-08-04,0.14,105560
2025-08-05,0.14,105560
2025-08-06,0.7,105560
2025-08-07,0.7,105560
2025-08-08,0.14,105560
2025-08-11,0.14,105560
2025-08-12,0.7,105560
2025-08-13,0.7,105560
2025-08-14,0.14,105560
2025-08-18,0.0,105560
2025-08-19,0.0,105560
2025-08-20,0.0,105560
2025-08-21,0.0,105560
2025-08-22,0.0,105560
2025-08-25,0.0,105560
2025-08-26,0.0,105560
2025-08-27,0.0,105560
2025-08-28,0.0,105560
2025-08-29,0.0,105560
2025-09-01,0.0,105560
2025-09-02,0.0,105560
2025-09-03,0.0,105560
2025-09-04,0.0,105560
2025-09-05,0.0,105560
2025-09-08,0.0,105560
2025-09-09,0.7,105560
2025-09-10,0.7,105560
2025-09-11,0.7,105560
2025-09-12,1.0,105560
2025-09-15,1.0,105560
2025-09-16,1.0,105560
2025-09-17,1.0,105560
2025-09-18,1.0,105560
2025-09-19,1.0,105560
2025-09-22,1.0,105560
2025-09-23,1.0,105560
2025-09-24,1.0,105560
2025-09-25,0.7,105560
2025-09-26,0.0,105560
2025-09-29,1.0,105560
2025-09-30,1.0,105560
2025-10-01,1.0,105560
2025-10-02,1.0,105560
2025-10-10,0.0,105560
2025-10-13,0.0,105560
2025-10-14,0.0,105560
2025-10-15,0.14,105560
2025-10-16,0.14,105560
2025-10-17,0.14,105560
2025-10-20,0.7,105560
2025-10-21,0.7,105560
2025-10-22,0.7,105560
2025-10-23,0.14,105560
2025-10-24,0.14,105560
2025-10-27,0.7,105560
2025-10-28,0.7,105560
2025-10-29,0.7,105560
2025-10-30,0.7,105560
2025-10-31,0.7,105560
2025-11-03,0.7,105560
2025-11-04,1.0,105560
2025-11-05,0.7,105560
2025-11-06,1.0,105560
2025-11-07,1.0,105560
2025-11-10,1.0,105560
2025-11-11,1.0,105560
2025-11-12,1.0,105560
2025-11-13,0.8,105560
2025-11-14,0.8,105560
2025-11-17,0.8,105560
2025-11-18,0.8,105560
2025-11-19,0.14,105560
2025-11-20,0.14,105560
2025-11-21,0.14,105560
2025-11-24,0.14,105560
2025-11-25,0.14,105560
2025-11-26,0.8,105560
2025-11-27,0.14,105560
2025-11-28,0.14,105560
2024-11-01,0.0,005490
2024-11-04,0.0,005490
2024-11-05,0.0,005490
2024-11-06,0.0,005490
2024-11-07,0.0,005490
2024-11-08,0.0,005490
2024-11-11,0.0,005490
2024-11-12,0.0,005490
2024-11-13,0.0,005490
2024-11-14,0.0,005490
2024-11-15,0.0,005490
2024-11-18,0.0,005490
2024-11-19,0.0,005490
2024-11-20,0.0,005490
2024-11-21,0.0,005490
2024-11-22,0.0,005490
2024-11-25,0.0,005490
2024-11-26,0.0,005490
2024-11-27,0.0,005490
2024-11-28,0.0,005490
2024-11-29,0.0,005490
2024-12-02,0.0,005490
2024-12-03,0.0,005490
2024-12-04,0.0,005490
2024-12-05,0.0,005490
2024-12-06,0.0,005490
2024-12-09,0.0,005490
2024-12-10,0.0,005490
2024-12-11,0.0,005490
2024-12-12,0.0,005490
2024-12-13,0.0,005490
2024-12-16,0.0,005490
2024-12-17,0.0,005490
2024-12-18,0.0,005490
2024-12-19,0.0,005490
2024-12-20,0.0,005490
2024-12-23,0.0,005490
2024-12-24,0.0,005490
2024-12-26,0.0,005490
2024-12-27,0.0,005490
2024-12-30,0.0,005490
2025-01-02,0.0,005490
2025-01-03,0.0,005490
2025-01-06,0.0,005490
2025-01-07,0.0,005490
2025-01-08,0.7,005490
2025-01-09,0.0,005490
2025-01-10,0.0,005490
2025-01-13,0.0,005490
2025-01-14,0.0,005490
2025-01-15,0.0,005490
2025-01-16,0.7,005490
2025-01-17,0.7,005490
2025-01-20,0.7,005490
2025-01-21,0.0,005490
2025-01-22,0.7,005490
2025-01-23,0.0,005490
2025-01-24,0.7,005490
2025-01-31,0.7,005490
2025-02-03,0.0,005490
2025-02-04,0.0,005490
2025-02-05,0.0,005490
2025-02-06,0.0,005490
2025-02-07,0.0,005490
2025-02-10,0.0,005490
2025-02-11,0.0,005490
2025-02-12,0.0,005490
2025-02-13,0.0,005490
2025-02-14,0.0,005490
2025-02-17,0.0,005490
2025-02-18,0.0,005490
2025-02-19,0.7,005490
2025-02-20,0.7,005490
2025-02-21,0.7,005490
2025-02-24,1.0,005490
2025-02-25,0.7,005490
2025-02-26,1.0,005490
2025-02-27,1.0,005490
2025-02-28,0.7,005490
2025-03-04,1.0,005490
2025-03-05,1.0,005490
2025-03-06,1.0,005490
2025-03-07,0.8,005490
2025-03-10,0.8,005490
2025-03-11,0.8,005490
2025-03-12,0.8,005490
2025-03-13,0.8,005490
2025-03-14,0.8,005490
2025-03-17,0.8,005490
2025-03-18,0.8,005490
2025-03-19,0.8,005490
2025-03-20,0.8,005490
2025-03-21,0.8,005490
2025-03-24,0.8,005490
2025-03-25,0.8,005490
2025-03-26,0.8,005490
2025-03-27,0.14,005490
2025-03-28,0.14,005490
2025-03-31,0.14,005490
2025-04-01,0.14,005490
2025-04-02,0.0,005490
2025-04-03,0.0,005490
2025-04-04,0.0,005490
2025-04-07,0.0,005490
2025-04-08,0.0,005490
2025-04-09,0.0,005490
2025-04-10,0.0,005490
2025-04-11,0.0,005490
2025-04-14,0.0,005490
2025-04-15,0.0,005490
2025-04-16,0.0,005490
2025-04-17,0.0,005490
2025-04-18,0.0,005490
2025-04-21,0.0,005490
2025-04-22,0.0,005490
2025-04-23,0.0,005490
2025-04-24,0.0,005490
2025-04-25,0.7,005490
2025-04-28,0.7,005490
2025-04-29,0.7,005490
2025-04-30,0.7,005490
2025-05-02,0.0,005490
2025-05-07,0.7,005490
2025-05-08,0.7,005490
2025-05-09,0.7,005490
2025-05-12,1.0,005490
2025-05-13,0.0,005490
2025-05-14,0.0,005490
2025-05-15,0.0,005490
2025-05-16,0.0,005490
2025-05-19,0.0,005490
2025-05-20,0.0,005490
2025-05-21,0.0,005490
2025-05-22,0.0,005490
2025-05-23,0.0,005490
2025-05-26,0.0,005490
2025-05-27,0.0,005490
2025-05-28,0.0,005490
2025-05-29,0.7,005490
2025-05-30,0.7,005490
2025-06-02,0.0,005490
2025-06-04,0.0,005490
2025-06-05,0.7,005490
2025-06-09,0.7,005490
2025-06-10,0.7,005490
2025-06-11,0.7,005490
2025-06-12,0.7,005490
2025-06-13,0.7,005490
2025-06-16,0.7,005490
2025-06-17,0.7,005490
2025-06-18,1.0,005490
2025-06-19,1.0,005490
2025-06-20,1.0,005490
2025-06-23,0.0,005490
2025-06-24,1.0,005490
2025-06-25,1.0,005490
2025-06-26,1.0,005490
2025-06-27,0.7,005490
2025-06-30,0.7,005490
2025-07-01,1.0,005490
2025-07-02,1.0,005490
2025-07-03,1.0,005490
2025-07-04,1.0,005490
2025-07-07,0.8,005490
2025-07-08,0.8,005490
2025-07-09,0.8,005490
2025-07-10,0.8,005490
2025-07-11,0.8,005490
2025-07-14,0.8,005490
2025-07-15,0.8,005490
2025-07-16,0.8,005490
2025-07-17,0.8,005490
2025-07-18,0.8,005490
2025-07-21,0.8,005490
2025-07-22,0.8,005490
2025-07-23,1.0,005490
2025-07-24,1.0,005490
2025-07-25,1.0,005490
2025-07-28,1.0,005490
2025-07-29,0.14,005490
2025-07-30,0.14,005490
2025-07-31,0.14,005490
2025-08-01,0.14,005490
2025-08-04,0.14,005490
2025-08-05,0.14,005490
2025-08-06,0.14,005490
2025-08-07,0.14,005490
2025-08-08,0.14,005490
2025-08-11,0.14,005490
2025-08-12,0.14,005490
2025-08-13,0.14,005490
2025-08-14,0.14,005490
2025-08-18,0.14,005490
2025-08-19,0.14,005490
2025-08-20,0.14,005490
2025-08-21,0.14,005490
2025-08-22,0.14,005490
2025-08-25,0.7,005490
2025-08-26,0.14,005490
2025-08-27,0.14,005490
2025-08-28,0.0,005490
2025-08-29,0.0,005490
2025-09-01,0.0,005490
2025-09-02,0.0,005490
2025-09-03,0.0,005490
2025-09-04,0.0,005490
2025-09-05,0.0,005490
2025-09-08,0.0,005490
2025-09-09,0.0,005490
2025-09-10,0.0,005490
2025-09-11,0.0,005490
2025-09-12,0.0,005490
2025-09-15,0.0,005490
2025-09-16,0.0,005490
2025-09-17,0.0,005490
2025-09-18,0.0,005490
2025-09-19,0.0,005490
2025-09-22,0.0,005490
2025-09-23,0.0,005490
2025-09-24,0.0,005490
2025-09-25,0.0,005490
2025-09-26,0.0,005490
2025-09-29,0.0,005490
2025-09-30,0.0,005490
2025-10-01,0.0,005490
2025-10-02,0.0,005490
2025-10-10,0.0,005490
2025-10-13,0.0,005490
2025-10-14,0.0,005490
2025-10-15,0.0,005490
2025-10-16,0.7,005490
2025-10-17,0.7,005490
2025-10-20,0.7,005490
2025-10-21,0.7,005490
2025-10-22,1.0,005490
2025-10-23,1.0,005490
2025-10-24,1.0,005490
2025-10-27,1.0,005490
2025-10-28,1.0,005490
2025-10-29,1.0,005490
2025-10-30,1.0,005490
2025-10-31,1.0,005490
2025-11-03,1.0,005490
2025-11-04,1.0,005490
2025-11-05,1.0,005490
2025-11-06,1.0,005490
2025-11-07,0.14,005490
2025-11-10,0.14,005490
2025-11-11,0.14,005490
2025-11-12,1.0,005490
2025-11-13,1.0,005490
2025-11-14,1.0,005490
2025-11-17,1.0,005490
2025-11-18,0.14,005490
2025-11-19,0.7,005490
2025-11-20,0.7,005490
2025-11-21,0.14,005490
2025-11-24,0.14,005490
2025-11-25,0.14,005490
2025-11-26,0.7,005490
2025-11-27,0.7,005490
2025-11-28,0.14,005490
2024-11-01,0.0,035420
2024-11-04,0.0,035420
2024-11-05,0.0,035420
2024-11-06,0.0,035420
2024-11-07,0.0,035420
2024-11-08,0.0,035420
2024-11-11,0.0,035420
2024-11-12,0.0,035420
2024-11-13,0.0,035420
2024-11-14,0.0,035420
2024-11-15,0.0,035420
2024-11-18,0.0,035420
2024-11-19,0.0,035420
2024-11-20,0.0,035420
2024-11-21,0.0,035420
2024-11-22,0.0,035420
2024-11-25,0.0,035420
2024-11-26,0.0,035420
2024-11-27,0.0,035420
2024-11-28,0.7,035420
2024-11-29,1.0,035420
2024-12-02,1.0,035420
2024-12-03,1.0,035420
2024-12-04,1.0,035420
2024-12-05,1.0,035420
2024-12-06,1.0,035420
2024-12-09,1.0,035420
2024-12-10,1.0,035420
2024-12-11,1.0,035420
2024-12-12,1.0,035420
2024-12-13,1.0,035420
2024-12-16,1.0,035420
2024-12-17,1.0,035420
2024-12-18,1.0,035420
2024-12-19,1.0,035420
2024-12-20,1.0,035420
2024-12-23,0.0,035420
2024-12-24,0.0,035420
2024-12-26,0.0,035420
2024-12-27,0.0,035420
2024-12-30,0.0,035420
2025-01-02,0.0,035420
2025-01-03,0.0,035420
2025-01-06,0.7,035420
2025-01-07,0.7,035420
2025-01-08,0.7,035420
2025-01-09,0.0,035420
2025-01-10,0.0,035420
2025-01-13,0.0,035420
2025-01-14,0.0,035420
2025-01-15,0.7,035420
2025-01-16,0.7,035420
2025-01-17,0.7,035420
2025-01-20,0.7,035420
2025-01-21,0.7,035420
2025-01-22,0.7,035420
2025-01-23,0.7,035420
2025-01-24,0.7,035420
2025-01-31,1.0,035420
2025-02-03,1.0,035420
2025-02-04,1.0,035420
2025-02-05,1.0,035420
2025-02-06,1.0,035420
2025-02-07,1.0,035420
2025-02-10,1.0,035420
2025-02-11,1.0,035420
2025-02-12,1.0,035420
2025-02-13,1.0,035420
2025-02-14,1.0,035420
2025-02-17,1.0,035420
2025-02-18,1.0,035420
2025-02-19,1.0,035420
2025-02-20,1.0,035420
2025-02-21,1.0,035420
2025-02-24,1.0,035420
2025-02-25,1.0,035420
2025-02-26,1.0,035420
2025-02-27,0.14,035420
2025-02-28,0.0,035420
2025-03-04,0.0,035420
2025-03-05,0.0,035420
2025-03-06,0.14,035420
2025-03-07,0.14,035420
2025-03-10,0.14,035420
2025-03-11,0.14,035420
2025-03-12,0.14,035420
2025-03-13,0.14,035420
2025-03-14,0.0,035420
2025-03-17,0.0,035420
2025-03-18,0.0,035420
2025-03-19,0.0,035420
2025-03-20,0.0,035420
2025-03-21,0.0,035420
2025-03-24,0.0,035420
2025-03-25,0.0,035420
2025-03-26,0.0,035420
2025-03-27,0.0,035420
2025-03-28,0.0,035420
2025-03-31,0.0,035420
2025-04-01,0.0,035420
2025-04-02,0.0,035420
2025-04-03,0.0,035420
2025-04-04,0.0,035420
2025-04-07,0.0,035420
2025-04-08,0.0,035420
2025-04-09,0.0,035420
2025-04-10,0.0,035420
2025-04-11,0.0,035420
2025-04-14,0.0,035420
2025-04-15,0.0,035420
2025-04-16,0.0,035420
2025-04-17,0.0,035420
2025-04-18,0.0,035420
2025-04-21,0.0,035420
2025-04-22,0.7,035420
2025-04-23,0.7,035420
2025-04-24,0.7,035420
2025-04-25,0.7,035420
2025-04-28,0.7,035420
2025-04-29,0.7,035420
2025-04-30,0.7,035420
2025-05-02,0.7,035420
2025-05-07,0.7,035420
2025-05-08,0.0,035420
2025-05-09,1.0,035420
2025-05-12,0.0,035420
2025-05-13,0.0,035420
2025-05-14,0.7,035420
2025-05-15,0.0,035420
2025-05-16,0.0,035420
2025-05-19,0.0,035420
2025-05-20,0.0,035420
2025-05-21,0.0,035420
2025-05-22,0.0,035420
2025-05-23,0.0,035420
2025-05-26,0.0,035420
2025-05-27,0.0,035420
2025-05-28,0.0,035420
2025-05-29,0.0,035420
2025-05-30,0.0,035420
2025-06-02,0.0,035420
2025-06-04,0.0,035420
2025-06-05,0.7,035420
2025-06-09,1.0,035420
2025-06-10,0.7,035420
2025-06-11,1.0,035420
2025-06-12,1.0,035420
2025-06-13,0.7,035420
2025-06-16,1.0,035420
2025-06-17,1.0,035420
2025-06-18,1.0,035420
2025-06-19,1.0,035420
2025-06-20,1.0,035420
2025-06-23,0.8,035420
2025-06-24,0.8,035420
2025-06-25,0.8,035420
2025-06-26,0.8,035420
2025-06-27,0.8,035420
2025-06-30,0.8,035420
2025-07-01,0.8,035420
2025-07-02,0.8,035420
2025-07-03,0.8,035420
2025-07-04,0.8,035420
2025-07-07,0.8,035420
2025-07-08,0.8,035420
2025-07-09,0.8,035420
2025-07-10,0.8,035420
2025-07-11,0.14,035420
2025-07-14,0.14,035420
2025-07-15,0.14,035420
2025-07-16,0.14,035420
2025-07-17,0.14,035420
2025-07-18,0.14,035420
2025-07-21,0.14,035420
2025-07-22,0.14,035420
2025-07-23,0.14,035420
2025-07-24,0.14,035420
2025-07-25,0.14,035420
2025-07-28,0.14,035420
2025-07-29,0.14,035420
2025-07-30,0.14,035420
2025-07-31,0.14,035420
2025-08-01,0.14,035420
2025-08-04,0.14,035420
2025-08-05,0.14,035420
2025-08-06,0.14,035420
2025-08-07,0.14,035420
2025-08-08,0.14,035420
2025-08-11,0.0,035420
2025-08-12,0.0,035420
2025-08-13,0.0,035420
2025-08-14,0.0,035420
2025-08-18,0.0,035420
2025-08-19,0.0,035420
2025-08-20,0.0,035420
2025-08-21,0.0,035420
2025-08-22,0.0,035420
2025-08-25,0.0,035420
2025-08-26,0.0,035420
2025-08-27,0.0,035420
2025-08-28,0.0,035420
2025-08-29,0.0,035420
2025-09-01,0.0,035420
2025-09-02,0.7,035420
2025-09-03,0.0,035420
2025-09-04,0.7,035420
2025-09-05,0.7,035420
2025-09-08,0.7,035420
2025-09-09,0.7,035420
2025-09-10,0.7,035420
2025-09-11,0.7,035420
2025-09-12,1.0,035420
2025-09-15,0.7,035420
2025-09-16,0.7,035420
2025-09-17,1.0,035420
2025-09-18,1.0,035420
2025-09-19,1.0,035420
2025-09-22,0.7,035420
2025-09-23,0.7,035420
2025-09-24,0.0,035420
2025-09-25,1.0,035420
2025-09-26,1.0,035420
2025-09-29,1.0,035420
2025-09-30,1.0,035420
2025-10-01,0.8,035420
2025-10-02,0.8,035420
2025-10-10,0.8,035420
2025-10-13,0.8,035420
2025-10-14,0.8,035420
2025-10-15,0.8,035420
2025-10-16,0.8,035420
2025-10-17,0.8,035420
2025-10-20,0.8,035420
2025-10-21,0.8,035420
2025-10-22,0.8,035420
2025-10-23,0.14,035420
2025-10-24,0.14,035420
2025-10-27,0.14,035420
2025-10-28,0.14,035420
2025-10-29,0.8,035420
2025-10-30,0.14,035420
2025-10-31,0.5,035420
2025-11-03,0.5,035420
2025-11-04,0.5,035420
2025-11-05,0.8,035420
2025-11-06,0.5,035420
2025-11-07,0.5,035420
2025-11-10,0.5,035420
2025-11-11,0.5,035420
2025-11-12,0.5,035420
2025-11-13,0.5,035420
2025-11-14,0.14,035420
2025-11-17,0.14,035420
2025-11-18,0.14,035420
2025-11-19,0.14,035420
2025-11-20,0.14,035420
2025-11-21,0.8,035420
2025-11-24,0.14,035420
2025-11-25,0.14,035420
2025-11-26,0.7,035420
2025-11-27,0.14,035420
2025-11-28,0.0,035420
2024-11-01,0.0,006400
2024-11-04,0.0,006400
2024-11-05,0.0,006400
2024-11-06,0.0,006400
2024-11-07,0.0,006400
2024-11-08,0.0,006400
2024-11-11,0.0,006400
2024-11-12,0.0,006400
2024-11-13,0.0,006400
2024-11-14,0.0,006400
2024-11-15,0.0,006400
2024-11-18,0.0,006400
2024-11-19,0.0,006400
2024-11-20,0.0,006400
2024-11-21,0.0,006400
2024-11-22,0.0,006400
2024-11-25,0.0,006400
2024-11-26,0.0,006400
2024-11-27,0.0,006400
2024-11-28,0.0,006400
2024-11-29,0.0,006400
2024-12-02,0.0,006400
2024-12-03,0.0,006400
2024-12-04,0.0,006400
2024-12-05,0.0,006400
2024-12-06,0.0,006400
2024-12-09,0.0,006400
2024-12-10,0.0,006400
2024-12-11,0.0,006400
2024-12-12,0.0,006400
2024-12-13,0.8,006400
2024-12-16,0.5,006400
2024-12-17,0.0,006400
2024-12-18,0.0,006400
2024-12-19,0.0,006400
2024-12-20,0.0,006400
2024-12-23,0.0,006400
2024-12-24,0.0,006400
2024-12-26,0.0,006400
2024-12-27,0.0,006400
2024-12-30,0.0,006400
2025-01-02,0.0,006400
2025-01-03,0.0,006400
2025-01-06,0.0,006400
2025-01-07,0.0,006400
2025-01-08,0.0,006400
2025-01-09,0.0,006400
2025-01-10,0.0,006400
2025-01-13,0.0,006400
2025-01-14,0.0,006400
2025-01-15,0.0,006400
2025-01-16,0.0,006400
2025-01-17,0.0,006400
2025-01-20,0.7,006400
2025-01-21,0.0,006400
2025-01-22,0.0,006400
2025-01-23,0.0,006400
2025-01-24,0.0,006400
2025-01-31,0.0,006400
2025-02-03,0.0,006400
2025-02-04,0.0,006400
2025-02-05,0.0,006400
2025-02-06,0.0,006400
2025-02-07,0.0,006400
2025-02-10,0.0,006400
2025-02-11,0.0,006400
2025-02-12,0.0,006400
2025-02-13,0.0,006400
2025-02-14,0.0,006400
2025-02-17,0.0,006400
2025-02-18,0.0,006400
2025-02-19,0.7,006400
2025-02-20,0.7,006400
2025-02-21,0.7,006400
2025-02-24,1.0,006400
2025-02-25,0.7,006400
2025-02-26,0.7,006400
2025-02-27,1.0,006400
2025-02-28,0.5,006400
2025-03-04,0.0,006400
2025-03-05,0.0,006400
2025-03-06,0.0,006400
2025-03-07,0.0,006400
2025-03-10,0.0,006400
2025-03-11,0.0,006400
2025-03-12,0.0,006400
2025-03-13,0.0,006400
2025-03-14,0.0,006400
2025-03-17,0.0,006400
2025-03-18,0.0,006400
2025-03-19,0.0,006400
2025-03-20,0.0,006400
2025-03-21,0.0,006400
2025-03-24,0.0,006400
2025-03-25,0.0,006400
2025-03-26,0.0,006400
2025-03-27,0.0,006400
2025-03-28,0.0,006400
2025-03-31,0.0,006400
2025-04-01,0.0,006400
2025-04-02,0.0,006400
2025-04-03,0.0,006400
2025-04-04,0.0,006400
2025-04-07,0.0,006400
2025-04-08,0.0,006400
2025-04-09,0.0,006400
2025-04-10,0.0,006400
2025-04-11,0.0,006400
2025-04-14,0.0,006400
2025-04-15,0.0,006400
2025-04-16,0.0,006400
2025-04-17,0.0,006400
2025-04-18,0.0,006400
2025-04-21,0.0,006400
2025-04-22,0.0,006400
2025-04-23,0.7,006400
2025-04-24,0.7,006400
2025-04-25,0.7,006400
2025-04-28,0.7,006400
2025-04-29,0.7,006400
2025-04-30,0.0,006400
2025-05-02,0.0,006400
2025-05-07,0.0,006400
2025-05-08,0.0,006400
2025-05-09,0.0,006400
2025-05-12,0.0,006400
2025-05-13,0.0,006400
2025-05-14,0.0,006400
2025-05-15,0.0,006400
2025-05-16,0.0,006400
2025-05-19,0.0,006400
2025-05-20,0.0,006400
2025-05-21,0.0,006400
2025-05-22,0.0,006400
2025-05-23,0.0,006400
2025-05-26,0.0,006400
2025-05-27,0.0,006400
2025-05-28,0.7,006400
2025-05-29,0.5,006400
2025-05-30,0.5,006400
2025-06-02,0.5,006400
2025-06-04,0.5,006400
2025-06-05,0.5,006400
2025-06-09,0.5,006400
2025-06-10,0.5,006400
2025-06-11,0.7,006400
2025-06-12,0.7,006400
2025-06-13,0.7,006400
2025-06-16,0.7,006400
2025-06-17,0.7,006400
2025-06-18,0.7,006400
2025-06-19,0.0,006400
2025-06-20,1.0,006400
2025-06-23,0.0,006400
2025-06-24,1.0,006400
2025-06-25,1.0,006400
2025-06-26,1.0,006400
2025-06-27,0.0,006400
2025-06-30,0.7,006400
2025-07-01,1.0,006400
2025-07-02,0.7,006400
2025-07-03,1.0,006400
2025-07-04,0.7,006400
2025-07-07,0.7,006400
2025-07-08,0.7,006400
2025-07-09,0.0,006400
2025-07-10,0.0,006400
2025-07-11,0.7,006400
2025-07-14,1.0,006400
2025-07-15,1.0,006400
2025-07-16,0.7,006400
2025-07-17,1.0,006400
2025-07-18,0.7,006400
2025-07-21,1.0,006400
2025-07-22,0.7,006400
2025-07-23,1.0,006400
2025-07-24,1.0,006400
2025-07-25,1.0,006400
2025-07-28,1.0,006400
2025-07-29,1.0,006400
2025-07-30,1.0,006400
2025-07-31,1.0,006400
2025-08-01,0.5,006400
2025-08-04,0.8,006400
2025-08-05,0.8,006400
2025-08-06,0.8,006400
2025-08-07,0.8,006400
2025-08-08,0.8,006400
2025-08-11,0.8,006400
2025-08-12,0.8,006400
2025-08-13,0.8,006400
2025-08-14,0.8,006400
2025-08-18,0.8,006400
2025-08-19,0.8,006400
2025-08-20,0.8,006400
2025-08-21,0.8,006400
2025-08-22,0.8,006400
2025-08-25,0.8,006400
2025-08-26,1.0,006400
2025-08-27,1.0,006400
2025-08-28,0.7,006400
2025-08-29,0.14,006400
2025-09-01,0.14,006400
2025-09-02,0.14,006400
2025-09-03,0.14,006400
2025-09-04,0.14,006400
2025-09-05,0.14,006400
2025-09-08,0.14,006400
2025-09-09,0.14,006400
2025-09-10,0.14,006400
2025-09-11,0.14,006400
2025-09-12,0.14,006400
2025-09-15,0.14,006400
2025-09-16,0.14,006400
2025-09-17,0.14,006400
2025-09-18,0.7,006400
2025-09-19,0.14,006400
2025-09-22,0.7,006400
2025-09-23,0.7,006400
2025-09-24,0.7,006400
2025-09-25,0.7,006400
2025-09-26,0.14,006400
2025-09-29,0.7,006400
2025-09-30,0.7,006400
2025-10-01,0.7,006400
2025-10-02,0.7,006400
2025-10-10,0.7,006400
2025-10-13,1.0,006400
2025-10-14,1.0,006400
2025-10-15,1.0,006400
2025-10-16,1.0,006400
2025-10-17,1.0,006400
2025-10-20,1.0,006400
2025-10-21,1.0,006400
2025-10-22,1.0,006400
2025-10-23,1.0,006400
2025-10-24,0.8,006400
2025-10-27,0.8,006400
2025-10-28,0.8,006400
2025-10-29,0.8,006400
2025-10-30,0.8,006400
2025-10-31,0.8,006400
2025-11-03,0.8,006400
2025-11-04,0.8,006400
2025-11-05,0.8,006400
2025-11-06,0.8,006400
2025-11-07,0.8,006400
2025-11-10,0.8,006400
2025-11-11,0.8,006400
2025-11-12,0.8,006400
2025-11-13,0.8,006400
2025-11-14,0.8,006400
2025-11-17,0.8,006400
2025-11-18,0.14,006400
2025-11-19,0.14,006400
2025-11-20,0.14,006400
2025-11-21,0.14,006400
2025-11-24,0.14,006400
2025-11-25,0.14,006400
2025-11-26,0.14,006400
2025-11-27,0.14,006400
2025-11-28,0.14,006400
2024-11-01,0.0,051910
2024-11-04,0.0,051910
2024-11-05,0.0,051910
2024-11-06,0.0,051910
2024-11-07,0.0,051910
2024-11-08,0.0,051910
2024-11-11,0.0,051910
2024-11-12,0.0,051910
2024-11-13,0.0,051910
2024-11-14,0.0,051910
2024-11-15,0.0,051910
2024-11-18,0.0,051910
2024-11-19,0.0,051910
2024-11-20,0.0,051910
2024-11-21,0.0,051910
2024-11-22,0.0,051910
2024-11-25,0.0,051910
2024-11-26,0.0,051910
2024-11-27,0.0,051910
2024-11-28,0.7,051910
2024-11-29,0.0,051910
2024-12-02,0.0,051910
2024-12-03,0.0,051910
2024-12-04,0.0,051910
2024-12-05,0.0,051910
2024-12-06,0.0,051910
2024-12-09,0.0,051910
2024-12-10,0.0,051910
2024-12-11,0.0,051910
2024-12-12,0.0,051910
2024-12-13,0.0,051910
2024-12-16,0.0,051910
2024-12-17,0.0,051910
2024-12-18,0.0,051910
2024-12-19,0.0,051910
2024-12-20,0.0,051910
2024-12-23,0.0,051910
2024-12-24,0.0,051910
2024-12-26,0.0,051910
2024-12-27,0.0,051910
2024-12-30,0.0,051910
2025-01-02,0.0,051910
2025-01-03,0.0,051910
2025-01-06,0.0,051910
2025-01-07,0.0,051910
2025-01-08,0.0,051910
2025-01-09,0.0,051910
2025-01-10,0.0,051910
2025-01-13,0.0,051910
2025-01-14,0.0,051910
2025-01-15,0.0,051910
2025-01-16,0.0,051910
2025-01-17,0.0,051910
2025-01-20,0.7,051910
2025-01-21,0.0,051910
2025-01-22,0.0,051910
2025-01-23,0.0,051910
2025-01-24,0.0,051910
2025-01-31,0.0,051910
2025-02-03,0.0,051910
2025-02-04,0.0,051910
2025-02-05,0.0,051910
2025-02-06,0.0,051910
2025-02-07,0.0,051910
2025-02-10,0.0,051910
2025-02-11,0.0,051910
2025-02-12,0.0,051910
2025-02-13,0.0,051910
2025-02-14,0.0,051910
2025-02-17,0.7,051910
2025-02-18,0.7,051910
2025-02-19,0.7,051910
2025-02-20,0.7,051910
2025-02-21,0.7,051910
2025-02-24,1.0,051910
2025-02-25,0.7,051910
2025-02-26,0.7,051910
2025-02-27,0.7,051910
2025-02-28,0.7,051910
2025-03-04,0.0,051910
2025-03-05,0.0,051910
2025-03-06,0.0,051910
2025-03-07,0.8,051910
2025-03-10,0.8,051910
2025-03-11,0.0,051910
2025-03-12,0.8,051910
2025-03-13,0.8,051910
2025-03-14,0.0,051910
2025-03-17,0.0,051910
2025-03-18,0.0,051910
2025-03-19,0.14,051910
2025-03-20,0.5,051910
2025-03-21,0.8,051910
2025-03-24,0.8,051910
2025-03-25,0.5,051910
2025-03-26,0.8,051910
2025-03-27,0.8,051910
2025-03-28,0.5,051910
2025-03-31,0.14,051910
2025-04-01,0.14,051910
2025-04-02,0.0,051910
2025-04-03,0.0,051910
2025-04-04,0.0,051910
2025-04-07,0.0,051910
2025-04-08,0.0,051910
2025-04-09,0.0,051910
2025-04-10,0.0,051910
2025-04-11,0.0,051910
2025-04-14,0.0,051910
2025-04-15,0.0,051910
2025-04-16,0.0,051910
2025-04-17,0.0,051910
2025-04-18,0.0,051910
2025-04-21,0.0,051910
2025-04-22,0.0,051910
2025-04-23,0.0,051910
2025-04-24,0.0,051910
2025-04-25,0.5,051910
2025-04-28,0.0,051910
2025-04-29,0.7,051910
2025-04-30,0.0,051910
2025-05-02,0.0,051910
2025-05-07,0.0,051910
2025-05-08,0.0,051910
2025-05-09,0.0,051910
2025-05-12,0.0,051910
2025-05-13,0.0,051910
2025-05-14,0.0,051910
2025-05-15,0.0,051910
2025-05-16,0.0,051910
2025-05-19,0.0,051910
2025-05-20,0.0,051910
2025-05-21,0.0,051910
2025-05-22,0.0,051910
2025-05-23,0.0,051910
2025-05-26,0.0,051910
2025-05-27,0.0,051910
2025-05-28,0.0,051910
2025-05-29,0.0,051910
2025-05-30,0.0,051910
2025-06-02,0.0,051910
2025-06-04,0.7,051910
2025-06-05,0.7,051910
2025-06-09,0.7,051910
2025-06-10,0.7,051910
2025-06-11,0.7,051910
2025-06-12,0.7,051910
2025-06-13,0.7,051910
2025-06-16,0.7,051910
2025-06-17,1.0,051910
2025-06-18,1.0,051910
2025-06-19,1.0,051910
2025-06-20,1.0,051910
2025-06-23,1.0,051910
2025-06-24,1.0,051910
2025-06-25,1.0,051910
2025-06-26,1.0,051910
2025-06-27,1.0,051910
2025-06-30,1.0,051910
2025-07-01,1.0,051910
2025-07-02,1.0,051910
2025-07-03,0.8,051910
2025-07-04,0.8,051910
2025-07-07,0.8,051910
2025-07-08,0.8,051910
2025-07-09,0.8,051910
2025-07-10,0.8,051910
2025-07-11,0.8,051910
2025-07-14,0.8,051910
2025-07-15,0.8,051910
2025-07-16,0.8,051910
2025-07-17,0.8,051910
2025-07-18,0.8,051910
2025-07-21,0.8,051910
2025-07-22,0.8,051910
2025-07-23,0.8,051910
2025-07-24,1.0,051910
2025-07-25,1.0,051910
2025-07-28,1.0,051910
2025-07-29,1.0,051910
2025-07-30,1.0,051910
2025-07-31,0.8,051910
2025-08-01,0.8,051910
2025-08-04,0.8,051910
2025-08-05,0.8,051910
2025-08-06,0.8,051910
2025-08-07,0.8,051910
2025-08-08,0.14,051910
2025-08-11,0.14,051910
2025-08-12,0.14,051910
2025-08-13,0.14,051910
2025-08-14,0.14,051910
2025-08-18,0.14,051910
2025-08-19,0.14,051910
2025-08-20,0.14,051910
2025-08-21,0.7,051910
2025-08-22,0.14,051910
2025-08-25,0.7,051910
2025-08-26,0.7,051910
2025-08-27,0.14,051910
2025-08-28,0.14,051910
2025-08-29,0.14,051910
2025-09-01,0.14,051910
2025-09-02,0.14,051910
2025-09-03,0.14,051910
2025-09-04,0.14,051910
2025-09-05,0.14,051910
2025-09-08,0.14,051910
2025-09-09,1.0,051910
2025-09-10,0.7,051910
2025-09-11,0.7,051910
2025-09-12,0.7,051910
2025-09-15,1.0,051910
2025-09-16,0.7,051910
2025-09-17,0.7,051910
2025-09-18,0.7,051910
2025-09-19,0.7,051910
2025-09-22,0.7,051910
2025-09-23,0.7,051910
2025-09-24,0.7,051910
2025-09-25,0.7,051910
2025-09-26,0.0,051910
2025-09-29,0.0,051910
2025-09-30,0.0,051910
2025-10-01,0.0,051910
2025-10-02,0.0,051910
2025-10-10,0.0,051910
2025-10-13,0.0,051910
2025-10-14,0.7,051910
2025-10-15,0.7,051910
2025-10-16,1.0,051910
2025-10-17,1.0,051910
2025-10-20,1.0,051910
2025-10-21,1.0,051910
2025-10-22,0.8,051910
2025-10-23,0.8,051910
2025-10-24,0.8,051910
2025-10-27,0.8,051910
2025-10-28,0.8,051910
2025-10-29,0.8,051910
2025-10-30,0.8,051910
2025-10-31,0.8,051910
2025-11-03,0.8,051910
2025-11-04,0.8,051910
2025-11-05,0.8,051910
2025-11-06,0.8,051910
2025-11-07,0.8,051910
2025-11-10,0.8,051910
2025-11-11,0.8,051910
2025-11-12,0.8,051910
2025-11-13,0.8,051910
2025-11-14,0.8,051910
2025-11-17,0.8,051910
2025-11-18,0.14,051910
2025-11-19,0.14,051910
2025-11-20,0.14,051910
2025-11-21,0.14,051910
2025-11-24,0.14,051910
2025-11-25,0.14,051910
2025-11-26,0.5,051910
2025-11-27,0.5,051910
2025-11-28,0.14,051910
2024-11-01,0.0,003550
2024-11-04,0.0,003550
2024-11-05,0.0,003550
2024-11-06,0.0,003550
2024-11-07,0.0,003550
2024-11-08,0.0,003550
2024-11-11,0.0,003550
2024-11-12,0.0,003550
2024-11-13,0.0,003550
2024-11-14,0.0,003550
2024-11-15,0.0,003550
2024-11-18,0.0,003550
2024-11-19,0.0,003550
2024-11-20,0.0,003550
2024-11-21,0.0,003550
2024-11-22,0.0,003550
2024-11-25,0.0,003550
2024-11-26,0.0,003550
2024-11-27,0.0,003550
2024-11-28,0.7,003550
2024-11-29,0.0,003550
2024-12-02,0.0,003550
2024-12-03,0.7,003550
2024-12-04,0.7,003550
2024-12-05,0.0,003550
2024-12-06,0.7,003550
2024-12-09,0.0,003550
2024-12-10,0.0,003550
2024-12-11,0.7,003550
2024-12-12,0.7,003550
2024-12-13,1.0,003550
2024-12-16,0.7,003550
2024-12-17,0.0,003550
2024-12-18,0.7,003550
2024-12-19,0.0,003550
2024-12-20,0.0,003550
2024-12-23,0.0,003550
2024-12-24,0.0,003550
2024-12-26,0.0,003550
2024-12-27,0.0,003550
2024-12-30,0.0,003550
2025-01-02,0.0,003550
2025-01-03,0.0,003550
2025-01-06,0.0,003550
2025-01-07,0.0,003550
2025-01-08,0.7,003550
2025-01-09,0.0,003550
2025-01-10,0.0,003550
2025-01-13,0.0,003550
2025-01-14,0.0,003550
2025-01-15,0.0,003550
2025-01-16,0.0,003550
2025-01-17,0.0,003550
2025-01-20,0.7,003550
2025-01-21,0.0,003550
2025-01-22,0.7,003550
2025-01-23,0.0,003550
2025-01-24,0.7,003550
2025-01-31,0.7,003550
2025-02-03,0.0,003550
2025-02-04,0.0,003550
2025-02-05,0.0,003550
2025-02-06,0.7,003550
2025-02-07,0.0,003550
2025-02-10,0.0,003550
2025-02-11,0.0,003550
2025-02-12,0.0,003550
2025-02-13,0.0,003550
2025-02-14,0.0,003550
2025-02-17,0.0,003550
2025-02-18,0.0,003550
2025-02-19,0.0,003550
2025-02-20,0.0,003550
2025-02-21,0.0,003550
2025-02-24,0.0,003550
2025-02-25,0.0,003550
2025-02-26,0.0,003550
2025-02-27,0.0,003550
2025-02-28,0.0,003550
2025-03-04,0.0,003550
2025-03-05,0.0,003550
2025-03-06,0.0,003550
2025-03-07,0.0,003550
2025-03-10,0.0,003550
2025-03-11,0.0,003550
2025-03-12,0.0,003550
2025-03-13,0.0,003550
2025-03-14,0.0,003550
2025-03-17,0.0,003550
2025-03-18,0.7,003550
2025-03-19,0.7,003550
2025-03-20,0.7,003550
2025-03-21,0.7,003550
2025-03-24,0.7,003550
2025-03-25,0.0,003550
2025-03-26,0.0,003550
2025-03-27,0.0,003550
2025-03-28,0.0,003550
2025-03-31,0.0,003550
2025-04-01,0.0,003550
2025-04-02,0.0,003550
2025-04-03,0.0,003550
2025-04-04,0.0,003550
2025-04-07,0.0,003550
2025-04-08,0.0,003550
2025-04-09,0.0,003550
2025-04-10,0.0,003550
2025-04-11,0.0,003550
2025-04-14,0.0,003550
2025-04-15,0.0,003550
2025-04-16,0.0,003550
2025-04-17,0.0,003550
2025-04-18,0.0,003550
2025-04-21,0.7,003550
2025-04-22,0.7,003550
2025-04-23,0.7,003550
2025-04-24,0.7,003550
2025-04-25,0.7,003550
2025-04-28,0.7,003550
2025-04-29,0.7,003550
2025-04-30,1.0,003550
2025-05-02,1.0,003550
2025-05-07,1.0,003550
2025-05-08,1.0,003550
2025-05-09,1.0,003550
2025-05-12,1.0,003550
2025-05-13,1.0,003550
2025-05-14,1.0,003550
2025-05-15,1.0,003550
2025-05-16,1.0,003550
2025-05-19,1.0,003550
2025-05-20,1.0,003550
2025-05-21,1.0,003550
2025-05-22,0.14,003550
2025-05-23,1.0,003550
2025-05-26,1.0,003550
2025-05-27,0.7,003550
2025-05-28,1.0,003550
2025-05-29,1.0,003550
2025-05-30,1.0,003550
2025-06-02,1.0,003550
2025-06-04,1.0,003550
2025-06-05,1.0,003550
2025-06-09,1.0,003550
2025-06-10,1.0,003550
2025-06-11,1.0,003550
2025-06-12,1.0,003550
2025-06-13,1.0,003550
2025-06-16,1.0,003550
2025-06-17,1.0,003550
2025-06-18,1.0,003550
2025-06-19,1.0,003550
2025-06-20,1.0,003550
2025-06-23,1.0,003550
2025-06-24,0.8,003550
2025-06-25,0.8,003550
2025-06-26,0.8,003550
2025-06-27,0.8,003550
2025-06-30,0.8,003550
2025-07-01,0.8,003550
2025-07-02,0.8,003550
2025-07-03,0.8,003550
2025-07-04,0.8,003550
2025-07-07,0.8,003550
2025-07-08,0.14,003550
2025-07-09,0.8,003550
2025-07-10,0.8,003550
2025-07-11,0.8,003550
2025-07-14,1.0,003550
2025-07-15,1.0,003550
2025-07-16,1.0,003550
2025-07-17,1.0,003550
2025-07-18,0.14,003550
2025-07-21,0.14,003550
2025-07-22,0.14,003550
2025-07-23,0.14,003550
2025-07-24,0.14,003550
2025-07-25,0.14,003550
2025-07-28,0.14,003550
2025-07-29,0.14,003550
2025-07-30,0.14,003550
2025-07-31,0.14,003550
2025-08-01,0.0,003550
2025-08-04,0.14,003550
2025-08-05,0.14,003550
2025-08-06,0.14,003550
2025-08-07,0.14,003550
2025-08-08,0.14,003550
2025-08-11,0.0,003550
2025-08-12,0.0,003550
2025-08-13,0.0,003550
2025-08-14,0.0,003550
2025-08-18,0.0,003550
2025-08-19,0.0,003550
2025-08-20,0.0,003550
2025-08-21,0.0,003550
2025-08-22,0.0,003550
2025-08-25,0.0,003550
2025-08-26,0.0,003550
2025-08-27,0.0,003550
2025-08-28,0.7,003550
2025-08-29,0.0,003550
2025-09-01,0.7,003550
2025-09-02,0.7,003550
2025-09-03,0.7,003550
2025-09-04,0.7,003550
2025-09-05,0.7,003550
2025-09-08,0.7,003550
2025-09-09,0.7,003550
2025-09-10,0.7,003550
2025-09-11,0.7,003550
2025-09-12,0.7,003550
2025-09-15,1.0,003550
2025-09-16,0.7,003550
2025-09-17,0.7,003550
2025-09-18,1.0,003550
2025-09-19,0.0,003550
2025-09-22,0.7,003550
2025-09-23,0.0,003550
2025-09-24,0.0,003550
2025-09-25,0.0,003550
2025-09-26,0.0,003550
2025-09-29,0.0,003550
2025-09-30,0.0,003550
2025-10-01,0.0,003550
2025-10-02,0.0,003550
2025-10-10,0.0,003550
2025-10-13,0.0,003550
2025-10-14,0.0,003550
2025-10-15,0.0,003550
2025-10-16,0.7,003550
2025-10-17,0.0,003550
2025-10-20,0.7,003550
2025-10-21,0.7,003550
2025-10-22,1.0,003550
2025-10-23,0.7,003550
2025-10-24,1.0,003550
2025-10-27,1.0,003550
2025-10-28,1.0,003550
2025-10-29,1.0,003550
2025-10-30,1.0,003550
2025-10-31,1.0,003550
2025-11-03,1.0,003550
2025-11-04,1.0,003550
2025-11-05,1.0,003550
2025-11-06,1.0,003550
2025-11-07,0.8,003550
2025-11-10,0.8,003550
2025-11-11,0.8,003550
2025-11-12,0.8,003550
2025-11-13,0.8,003550
2025-11-14,0.8,003550
2025-11-17,0.8,003550
2025-11-18,0.14,003550
2025-11-19,0.14,003550
2025-11-20,0.14,003550
2025-11-21,0.14,003550
2025-11-24,0.14,003550
2025-11-25,0.14,003550
2025-11-26,0.14,003550
2025-11-27,0.14,003550
2025-11-28,0.14,003550
2024-11-01,0.0,000810
2024-11-04,0.0,000810
2024-11-05,0.0,000810
2024-11-06,0.0,000810
2024-11-07,0.0,000810
2024-11-08,0.0,000810
2024-11-11,0.0,000810
2024-11-12,0.0,000810
2024-11-13,0.0,000810
2024-11-14,0.0,000810
2024-11-15,0.0,000810
2024-11-18,0.0,000810
2024-11-19,0.0,000810
2024-11-20,0.0,000810
2024-11-21,0.0,000810
2024-11-22,0.0,000810
2024-11-25,0.0,000810
2024-11-26,0.0,000810
2024-11-27,0.0,000810
2024-11-28,0.7,000810
2024-11-29,1.0,000810
2024-12-02,1.0,000810
2024-12-03,1.0,000810
2024-12-04,0.8,000810
2024-12-05,0.8,000810
2024-12-06,0.8,000810
2024-12-09,0.0,000810
2024-12-10,0.0,000810
2024-12-11,0.0,000810
2024-12-12,0.0,000810
2024-12-13,0.0,000810
2024-12-16,0.0,000810
2024-12-17,0.0,000810
2024-12-18,0.0,000810
2024-12-19,0.0,000810
2024-12-20,0.0,000810
2024-12-23,0.0,000810
2024-12-24,0.0,000810
2024-12-26,0.0,000810
2024-12-27,0.0,000810
2024-12-30,0.0,000810
2025-01-02,0.0,000810
2025-01-03,0.0,000810
2025-01-06,0.0,000810
2025-01-07,0.0,000810
2025-01-08,0.0,000810
2025-01-09,0.0,000810
2025-01-10,0.0,000810
2025-01-13,0.0,000810
2025-01-14,0.0,000810
2025-01-15,0.0,000810
2025-01-16,0.7,000810
2025-01-17,0.7,000810
2025-01-20,0.0,000810
2025-01-21,0.0,000810
2025-01-22,0.0,000810
2025-01-23,0.0,000810
2025-01-24,0.0,000810
2025-01-31,0.7,000810
2025-02-03,0.7,000810
2025-02-04,0.7,000810
2025-02-05,0.7,000810
2025-02-06,0.7,000810
2025-02-07,0.7,000810
2025-02-10,0.7,000810
2025-02-11,0.7,000810
2025-02-12,0.7,000810
2025-02-13,0.0,000810
2025-02-14,1.0,000810
2025-02-17,0.8,000810
2025-02-18,0.8,000810
2025-02-19,0.8,000810
2025-02-20,0.8,000810
2025-02-21,0.8,000810
2025-02-24,0.8,000810
2025-02-25,0.8,000810
2025-02-26,0.8,000810
2025-02-27,0.8,000810
2025-02-28,0.14,000810
2025-03-04,0.14,000810
2025-03-05,0.5,000810
2025-03-06,0.8,000810
2025-03-07,0.14,000810
2025-03-10,1.0,000810
2025-03-11,1.0,000810
2025-03-12,1.0,000810
2025-03-13,0.14,000810
2025-03-14,0.14,000810
2025-03-17,0.14,000810
2025-03-18,0.7,000810
2025-03-19,0.7,000810
2025-03-20,0.7,000810
2025-03-21,0.7,000810
2025-03-24,0.7,000810
2025-03-25,0.0,000810
2025-03-26,0.0,000810
2025-03-27,0.0,000810
2025-03-28,0.0,000810
2025-03-31,0.0,000810
2025-04-01,0.0,000810
2025-04-02,0.0,000810
2025-04-03,0.0,000810
2025-04-04,0.0,000810
2025-04-07,0.0,000810
2025-04-08,0.0,000810
2025-04-09,0.0,000810
2025-04-10,0.0,000810
2025-04-11,0.0,000810
2025-04-14,0.0,000810
2025-04-15,0.0,000810
2025-04-16,0.0,000810
2025-04-17,0.0,000810
2025-04-18,0.0,000810
2025-04-21,0.7,000810
2025-04-22,0.7,000810
2025-04-23,0.7,000810
2025-04-24,0.7,000810
2025-04-25,0.7,000810
2025-04-28,0.7,000810
2025-04-29,0.7,000810
2025-04-30,0.7,000810
2025-05-02,1.0,000810
2025-05-07,1.0,000810
2025-05-08,1.0,000810
2025-05-09,1.0,000810
2025-05-12,1.0,000810
2025-05-13,1.0,000810
2025-05-14,1.0,000810
2025-05-15,1.0,000810
2025-05-16,1.0,000810
2025-05-19,1.0,000810
2025-05-20,1.0,000810
2025-05-21,1.0,000810
2025-05-22,0.0,000810
2025-05-23,1.0,000810
2025-05-26,1.0,000810
2025-05-27,1.0,000810
2025-05-28,1.0,000810
2025-05-29,1.0,000810
2025-05-30,1.0,000810
2025-06-02,0.7,000810
2025-06-04,1.0,000810
2025-06-05,1.0,000810
2025-06-09,1.0,000810
2025-06-10,1.0,000810
2025-06-11,0.8,000810
2025-06-12,0.8,000810
2025-06-13,0.8,000810
2025-06-16,1.0,000810
2025-06-17,1.0,000810
2025-06-18,0.8,000810
2025-06-19,0.8,000810
2025-06-20,0.8,000810
2025-06-23,0.8,000810
2025-06-24,0.8,000810
2025-06-25,1.0,000810
2025-06-26,1.0,000810
2025-06-27,1.0,000810
2025-06-30,1.0,000810
2025-07-01,1.0,000810
2025-07-02,1.0,000810
2025-07-03,0.7,000810
2025-07-04,0.14,000810
2025-07-07,0.7,000810
2025-07-08,1.0,000810
2025-07-09,1.0,000810
2025-07-10,1.0,000810
2025-07-11,1.0,000810
2025-07-14,1.0,000810
2025-07-15,1.0,000810
2025-07-16,0.8,000810
2025-07-17,0.8,000810
2025-07-18,0.8,000810
2025-07-21,0.8,000810
2025-07-22,0.5,000810
2025-07-23,0.8,000810
2025-07-24,0.14,000810
2025-07-25,0.14,000810
2025-07-28,0.14,000810
2025-07-29,0.14,000810
2025-07-30,0.14,000810
2025-07-31,0.14,000810
2025-08-01,0.0,000810
2025-08-04,0.0,000810
2025-08-05,0.14,000810
2025-08-06,0.14,000810
2025-08-07,0.14,000810
2025-08-08,0.14,000810
2025-08-11,0.14,000810
2025-08-12,0.14,000810
2025-08-13,0.14,000810
2025-08-14,0.14,000810
2025-08-18,0.14,000810
2025-08-19,0.7,000810
2025-08-20,0.0,000810
2025-08-21,0.7,000810
2025-08-22,0.7,000810
2025-08-25,0.7,000810
2025-08-26,0.0,000810
2025-08-27,0.7,000810
2025-08-28,0.7,000810
2025-08-29,0.7,000810
2025-09-01,1.0,000810
2025-09-02,1.0,000810
2025-09-03,1.0,000810
2025-09-04,0.7,000810
2025-09-05,0.7,000810
2025-09-08,1.0,000810
2025-09-09,1.0,000810
2025-09-10,1.0,000810
2025-09-11,1.0,000810
2025-09-12,1.0,000810
2025-09-15,1.0,000810
2025-09-16,0.7,000810
2025-09-17,0.0,000810
2025-09-18,0.14,000810
2025-09-19,0.14,000810
2025-09-22,0.7,000810
2025-09-23,1.0,000810
2025-09-24,0.14,000810
2025-09-25,0.0,000810
2025-09-26,0.0,000810
2025-09-29,0.7,000810
2025-09-30,0.0,000810
2025-10-01,0.0,000810
2025-10-02,0.0,000810
2025-10-10,0.0,000810
2025-10-13,0.0,000810
2025-10-14,0.0,000810
2025-10-15,0.0,000810
2025-10-16,0.14,000810
2025-10-17,0.0,000810
2025-10-20,0.0,000810
2025-10-21,0.7,000810
2025-10-22,0.7,000810
2025-10-23,0.7,000810
2025-10-24,0.7,000810
2025-10-27,0.7,000810
2025-10-28,0.14,000810
2025-10-29,0.0,000810
2025-10-30,0.0,000810
2025-10-31,0.0,000810
2025-11-03,0.0,000810
2025-11-04,0.0,000810
2025-11-05,0.7,000810
2025-11-06,1.0,000810
2025-11-07,1.0,000810
2025-11-10,1.0,000810
2025-11-11,1.0,000810
2025-11-12,1.0,000810
2025-11-13,1.0,000810
2025-11-14,0.8,000810
2025-11-17,0.8,000810
2025-11-18,0.14,000810
2025-11-19,0.14,000810
2025-11-20,0.14,000810
2025-11-21,0.14,000810
2025-11-24,0.14,000810
2025-11-25,0.14,000810
2025-11-26,0.8,000810
2025-11-27,0.8,000810
2025-11-28,0.8,000810
2024-11-01,0.0,055550
2024-11-04,0.0,055550
2024-11-05,0.0,055550
2024-11-06,0.0,055550
2024-11-07,0.0,055550
2024-11-08,0.0,055550
2024-11-11,0.0,055550
2024-11-12,0.0,055550
2024-11-13,0.0,055550
2024-11-14,0.0,055550
2024-11-15,0.0,055550
2024-11-18,0.0,055550
2024-11-19,0.0,055550
2024-11-20,0.0,055550
2024-11-21,0.0,055550
2024-11-22,0.0,055550
2024-11-25,0.0,055550
2024-11-26,0.0,055550
2024-11-27,0.0,055550
2024-11-28,0.0,055550
2024-11-29,0.0,055550
2024-12-02,0.0,055550
2024-12-03,0.7,055550
2024-12-04,0.0,055550
2024-12-05,0.0,055550
2024-12-06,0.0,055550
2024-12-09,0.0,055550
2024-12-10,0.0,055550
2024-12-11,0.0,055550
2024-12-12,0.0,055550
2024-12-13,0.0,055550
2024-12-16,0.0,055550
2024-12-17,0.0,055550
2024-12-18,0.0,055550
2024-12-19,0.0,055550
2024-12-20,0.0,055550
2024-12-23,0.0,055550
2024-12-24,0.0,055550
2024-12-26,0.0,055550
2024-12-27,0.0,055550
2024-12-30,0.0,055550
2025-01-02,0.0,055550
2025-01-03,0.0,055550
2025-01-06,0.0,055550
2025-01-07,0.0,055550
2025-01-08,0.0,055550
2025-01-09,0.7,055550
2025-01-10,0.7,055550
2025-01-13,0.7,055550
2025-01-14,0.7,055550
2025-01-15,0.7,055550
2025-01-16,0.7,055550
2025-01-17,0.7,055550
2025-01-20,0.7,055550
2025-01-21,0.7,055550
2025-01-22,0.7,055550
2025-01-23,0.7,055550
2025-01-24,0.7,055550
2025-01-31,0.7,055550
2025-02-03,0.7,055550
2025-02-04,1.0,055550
2025-02-05,1.0,055550
2025-02-06,0.7,055550
2025-02-07,0.0,055550
2025-02-10,0.0,055550
2025-02-11,0.0,055550
2025-02-12,0.0,055550
2025-02-13,0.0,055550
2025-02-14,0.0,055550
2025-02-17,0.0,055550
2025-02-18,0.0,055550
2025-02-19,0.0,055550
2025-02-20,0.0,055550
2025-02-21,0.0,055550
2025-02-24,0.0,055550
2025-02-25,0.0,055550
2025-02-26,0.0,055550
2025-02-27,0.0,055550
2025-02-28,0.0,055550
2025-03-04,0.0,055550
2025-03-05,0.0,055550
2025-03-06,0.0,055550
2025-03-07,0.0,055550
2025-03-10,0.0,055550
2025-03-11,0.0,055550
2025-03-12,0.0,055550
2025-03-13,0.0,055550
2025-03-14,0.0,055550
2025-03-17,0.7,055550
2025-03-18,0.7,055550
2025-03-19,0.7,055550
2025-03-20,0.7,055550
2025-03-21,0.7,055550
2025-03-24,0.7,055550
2025-03-25,0.7,055550
2025-03-26,0.7,055550
2025-03-27,0.7,055550
2025-03-28,0.7,055550
2025-03-31,0.7,055550
2025-04-01,0.7,055550
2025-04-02,1.0,055550
2025-04-03,0.7,055550
2025-04-04,0.0,055550
2025-04-07,0.0,055550
2025-04-08,0.0,055550
2025-04-09,0.0,055550
2025-04-10,0.0,055550
2025-04-11,0.0,055550
2025-04-14,0.0,055550
2025-04-15,0.7,055550
2025-04-16,0.7,055550
2025-04-17,0.7,055550
2025-04-18,0.7,055550
2025-04-21,0.7,055550
2025-04-22,0.7,055550
2025-04-23,0.7,055550
2025-04-24,0.7,055550
2025-04-25,0.7,055550
2025-04-28,0.7,055550
2025-04-29,0.7,055550
2025-04-30,1.0,055550
2025-05-02,1.0,055550
2025-05-07,1.0,055550
2025-05-08,1.0,055550
2025-05-09,1.0,055550
2025-05-12,1.0,055550
2025-05-13,1.0,055550
2025-05-14,1.0,055550
2025-05-15,1.0,055550
2025-05-16,1.0,055550
2025-05-19,1.0,055550
2025-05-20,1.0,055550
2025-05-21,1.0,055550
2025-05-22,1.0,055550
2025-05-23,1.0,055550
2025-05-26,1.0,055550
2025-05-27,1.0,055550
2025-05-28,1.0,055550
2025-05-29,1.0,055550
2025-05-30,1.0,055550
2025-06-02,1.0,055550
2025-06-04,1.0,055550
2025-06-05,1.0,055550
2025-06-09,1.0,055550
2025-06-10,1.0,055550
2025-06-11,1.0,055550
2025-06-12,1.0,055550
2025-06-13,1.0,055550
2025-06-16,1.0,055550
2025-06-17,1.0,055550
2025-06-18,1.0,055550
2025-06-19,1.0,055550
2025-06-20,1.0,055550
2025-06-23,1.0,055550
2025-06-24,1.0,055550
2025-06-25,1.0,055550
2025-06-26,1.0,055550
2025-06-27,1.0,055550
2025-06-30,1.0,055550
2025-07-01,1.0,055550
2025-07-02,1.0,055550
2025-07-03,1.0,055550
2025-07-04,1.0,055550
2025-07-07,1.0,055550
2025-07-08,1.0,055550
2025-07-09,1.0,055550
2025-07-10,1.0,055550
2025-07-11,1.0,055550
2025-07-14,1.0,055550
2025-07-15,1.0,055550
2025-07-16,1.0,055550
2025-07-17,1.0,055550
2025-07-18,1.0,055550
2025-07-21,1.0,055550
2025-07-22,1.0,055550
2025-07-23,1.0,055550
2025-07-24,1.0,055550
2025-07-25,1.0,055550
2025-07-28,0.14,055550
2025-07-29,1.0,055550
2025-07-30,1.0,055550
2025-07-31,0.14,055550
2025-08-01,0.14,055550
2025-08-04,0.14,055550
2025-08-05,0.14,055550
2025-08-06,0.14,055550
2025-08-07,0.7,055550
2025-08-08,0.7,055550
2025-08-11,0.7,055550
2025-08-12,0.7,055550
2025-08-13,0.7,055550
2025-08-14,0.7,055550
2025-08-18,0.14,055550
2025-08-19,0.14,055550
2025-08-20,0.14,055550
2025-08-21,0.14,055550
2025-08-22,0.14,055550
2025-08-25,0.14,055550
2025-08-26,0.0,055550
2025-08-27,0.14,055550
2025-08-28,0.14,055550
2025-08-29,0.0,055550
2025-09-01,0.0,055550
2025-09-02,0.0,055550
2025-09-03,0.0,055550
2025-09-04,0.0,055550
2025-09-05,0.0,055550
2025-09-08,0.0,055550
2025-09-09,0.0,055550
2025-09-10,0.7,055550
2025-09-11,0.7,055550
2025-09-12,0.7,055550
2025-09-15,0.7,055550
2025-09-16,1.0,055550
2025-09-17,0.7,055550
2025-09-18,0.7,055550
2025-09-19,0.7,055550
2025-09-22,0.7,055550
2025-09-23,1.0,055550
2025-09-24,1.0,055550
2025-09-25,1.0,055550
2025-09-26,1.0,055550
2025-09-29,1.0,055550
2025-09-30,1.0,055550
2025-10-01,1.0,055550
2025-10-02,1.0,055550
2025-10-10,1.0,055550
2025-10-13,1.0,055550
2025-10-14,0.14,055550
2025-10-15,1.0,055550
2025-10-16,1.0,055550
2025-10-17,1.0,055550
2025-10-20,1.0,055550
2025-10-21,0.7,055550
2025-10-22,1.0,055550
2025-10-23,1.0,055550
2025-10-24,1.0,055550
2025-10-27,1.0,055550
2025-10-28,1.0,055550
2025-10-29,1.0,055550
2025-10-30,1.0,055550
2025-10-31,1.0,055550
2025-11-03,0.7,055550
2025-11-04,1.0,055550
2025-11-05,1.0,055550
2025-11-06,1.0,055550
2025-11-07,1.0,055550
2025-11-10,1.0,055550
2025-11-11,1.0,055550
2025-11-12,1.0,055550
2025-11-13,0.8,055550
2025-11-14,0.8,055550
2025-11-17,0.8,055550
2025-11-18,0.5,055550
2025-11-19,0.5,055550
2025-11-20,0.5,055550
2025-11-21,0.5,055550
2025-11-24,0.14,055550
2025-11-25,0.7,055550
2025-11-26,1.0,055550
2025-11-27,1.0,055550
2025-11-28,1.0,055550
2024-11-01,0.0,015760
2024-11-04,0.0,015760
2024-11-05,0.0,015760
2024-11-06,0.0,015760
2024-11-07,0.0,015760
2024-11-08,0.0,015760
2024-11-11,0.0,015760
2024-11-12,0.0,015760
2024-11-13,0.0,015760
2024-11-14,0.0,015760
2024-11-15,0.0,015760
2024-11-18,0.0,015760
2024-11-19,0.0,015760
2024-11-20,0.0,015760
2024-11-21,0.0,015760
2024-11-22,0.0,015760
2024-11-25,0.0,015760
2024-11-26,0.0,015760
2024-11-27,0.0,015760
2024-11-28,0.7,015760
2024-11-29,0.7,015760
2024-12-02,0.7,015760
2024-12-03,0.7,015760
2024-12-04,0.0,015760
2024-12-05,0.0,015760
2024-12-06,0.0,015760
2024-12-09,0.0,015760
2024-12-10,0.0,015760
2024-12-11,0.0,015760
2024-12-12,0.0,015760
2024-12-13,0.0,015760
2024-12-16,0.0,015760
2024-12-17,0.0,015760
2024-12-18,0.0,015760
2024-12-19,0.0,015760
2024-12-20,0.0,015760
2024-12-23,0.0,015760
2024-12-24,0.0,015760
2024-12-26,0.0,015760
2024-12-27,0.0,015760
2024-12-30,0.0,015760
2025-01-02,0.0,015760
2025-01-03,0.0,015760
2025-01-06,0.0,015760
2025-01-07,0.0,015760
2025-01-08,0.0,015760
2025-01-09,0.0,015760
2025-01-10,0.0,015760
2025-01-13,0.0,015760
2025-01-14,0.0,015760
2025-01-15,0.0,015760
2025-01-16,0.0,015760
2025-01-17,0.7,015760
2025-01-20,0.7,015760
2025-01-21,0.7,015760
2025-01-22,0.7,015760
2025-01-23,0.7,015760
2025-01-24,0.7,015760
2025-01-31,0.7,015760
2025-02-03,0.7,015760
2025-02-04,0.7,015760
2025-02-05,1.0,015760
2025-02-06,1.0,015760
2025-02-07,0.7,015760
2025-02-10,0.7,015760
2025-02-11,0.0,015760
2025-02-12,0.0,015760
2025-02-13,0.0,015760
2025-02-14,0.7,015760
2025-02-17,1.0,015760
2025-02-18,0.7,015760
2025-02-19,0.7,015760
2025-02-20,1.0,015760
2025-02-21,1.0,015760
2025-02-24,0.7,015760
2025-02-25,1.0,015760
2025-02-26,1.0,015760
2025-02-27,1.0,015760
2025-02-28,0.14,015760
2025-03-04,0.14,015760
2025-03-05,1.0,015760
2025-03-06,1.0,015760
2025-03-07,0.7,015760
2025-03-10,1.0,015760
2025-03-11,1.0,015760
2025-03-12,1.0,015760
2025-03-13,1.0,015760
2025-03-14,1.0,015760
2025-03-17,0.7,015760
2025-03-18,0.14,015760
2025-03-19,0.14,015760
2025-03-20,0.14,015760
2025-03-21,0.14,015760
2025-03-24,0.7,015760
2025-03-25,0.7,015760
2025-03-26,0.7,015760
2025-03-27,0.7,015760
2025-03-28,0.14,015760
2025-03-31,0.14,015760
2025-04-01,0.14,015760
2025-04-02,0.0,015760
2025-04-03,0.14,015760
2025-04-04,0.14,015760
2025-04-07,0.7,015760
2025-04-08,0.7,015760
2025-04-09,0.7,015760
2025-04-10,0.7,015760
2025-04-11,0.7,015760
2025-04-14,1.0,015760
2025-04-15,1.0,015760
2025-04-16,1.0,015760
2025-04-17,1.0,015760
2025-04-18,1.0,015760
2025-04-21,1.0,015760
2025-04-22,1.0,015760
2025-04-23,1.0,015760
2025-04-24,1.0,015760
2025-04-25,1.0,015760
2025-04-28,1.0,015760
2025-04-29,1.0,015760
2025-04-30,1.0,015760
2025-05-02,1.0,015760
2025-05-07,1.0,015760
2025-05-08,1.0,015760
2025-05-09,1.0,015760
2025-05-12,1.0,015760
2025-05-13,1.0,015760
2025-05-14,1.0,015760
2025-05-15,1.0,015760
2025-05-16,1.0,015760
2025-05-19,1.0,015760
2025-05-20,1.0,015760
2025-05-21,1.0,015760
2025-05-22,1.0,015760
2025-05-23,1.0,015760
2025-05-26,1.0,015760
2025-05-27,1.0,015760
2025-05-28,1.0,015760
2025-05-29,1.0,015760
2025-05-30,1.0,015760
2025-06-02,1.0,015760
2025-06-04,0.8,015760
2025-06-05,0.8,015760
2025-06-09,0.8,015760
2025-06-10,0.14,015760
2025-06-11,0.14,015760
2025-06-12,0.14,015760
2025-06-13,0.14,015760
2025-06-16,0.14,015760
2025-06-17,0.14,015760
2025-06-18,0.14,015760
2025-06-19,0.14,015760
2025-06-20,0.14,015760
2025-06-23,0.14,015760
2025-06-24,0.8,015760
2025-06-25,0.8,015760
2025-06-26,0.8,015760
2025-06-27,0.8,015760
2025-06-30,0.8,015760
2025-07-01,0.8,015760
2025-07-02,0.8,015760
2025-07-03,0.8,015760
2025-07-04,0.8,015760
2025-07-07,0.8,015760
2025-07-08,0.8,015760
2025-07-09,0.8,015760
2025-07-10,0.8,015760
2025-07-11,0.8,015760
2025-07-14,0.8,015760
2025-07-15,0.8,015760
2025-07-16,0.8,015760
2025-07-17,0.8,015760
2025-07-18,0.14,015760
2025-07-21,0.14,015760
2025-07-22,0.14,015760
2025-07-23,0.5,015760
2025-07-24,0.5,015760
2025-07-25,0.7,015760
2025-07-28,0.7,015760
2025-07-29,0.7,015760
2025-07-30,1.0,015760
2025-07-31,0.8,015760
2025-08-01,0.14,015760
2025-08-04,0.14,015760
2025-08-05,0.7,015760
2025-08-06,1.0,015760
2025-08-07,0.8,015760
2025-08-08,0.8,015760
2025-08-11,0.8,015760
2025-08-12,0.8,015760
2025-08-13,0.8,015760
2025-08-14,0.8,015760
2025-08-18,0.8,015760
2025-08-19,0.14,015760
2025-08-20,0.14,015760
2025-08-21,0.14,015760
2025-08-22,0.14,015760
2025-08-25,0.14,015760
2025-08-26,0.14,015760
2025-08-27,0.14,015760
2025-08-28,0.14,015760
2025-08-29,0.14,015760
2025-09-01,0.14,015760
2025-09-02,0.14,015760
2025-09-03,0.14,015760
2025-09-04,0.14,015760
2025-09-05,0.14,015760
2025-09-08,0.14,015760
2025-09-09,0.7,015760
2025-09-10,0.7,015760
2025-09-11,0.14,015760
2025-09-12,0.0,015760
2025-09-15,0.0,015760
2025-09-16,0.0,015760
2025-09-17,0.0,015760
2025-09-18,0.0,015760
2025-09-19,0.0,015760
2025-09-22,0.0,015760
2025-09-23,0.0,015760
2025-09-24,0.7,015760
2025-09-25,0.0,015760
2025-09-26,0.0,015760
2025-09-29,0.7,015760
2025-09-30,0.0,015760
2025-10-01,0.0,015760
2025-10-02,0.0,015760
2025-10-10,0.0,015760
2025-10-13,0.0,015760
2025-10-14,0.7,015760
2025-10-15,0.7,015760
2025-10-16,1.0,015760
2025-10-17,1.0,015760
2025-10-20,1.0,015760
2025-10-21,1.0,015760
2025-10-22,0.8,015760
2025-10-23,0.8,015760
2025-10-24,0.8,015760
2025-10-27,0.8,015760
2025-10-28,0.8,015760
2025-10-29,0.8,015760
2025-10-30,0.8,015760
2025-10-31,0.8,015760
2025-11-03,0.8,015760
2025-11-04,0.8,015760
2025-11-05,0.8,015760
2025-11-06,0.8,015760
2025-11-07,0.8,015760
2025-11-10,0.8,015760
2025-11-11,0.8,015760
2025-11-12,0.8,015760
2025-11-13,0.8,015760
2025-11-14,0.8,015760
2025-11-17,0.8,015760
2025-11-18,0.8,015760
2025-11-19,0.8,015760
2025-11-20,0.8,015760
2025-11-21,0.8,015760
2025-11-24,0.8,015760
2025-11-25,0.8,015760
2025-11-26,0.8,015760
2025-11-27,0.8,015760
2025-11-28,0.8,015760
2024-11-01,0.0,032830
2024-11-04,0.0,032830
2024-11-05,0.0,032830
2024-11-06,0.0,032830
2024-11-07,0.0,032830
2024-11-08,0.0,032830
2024-11-11,0.0,032830
2024-11-12,0.0,032830
2024-11-13,0.0,032830
2024-11-14,0.0,032830
2024-11-15,0.0,032830
2024-11-18,0.0,032830
2024-11-19,0.0,032830
2024-11-20,0.0,032830
2024-11-21,0.0,032830
2024-11-22,0.0,032830
2024-11-25,0.0,032830
2024-11-26,0.0,032830
2024-11-27,0.0,032830
2024-11-28,0.7,032830
2024-11-29,0.7,032830
2024-12-02,0.7,032830
2024-12-03,0.7,032830
2024-12-04,0.0,032830
2024-12-05,0.0,032830
2024-12-06,0.0,032830
2024-12-09,0.0,032830
2024-12-10,0.0,032830
2024-12-11,0.0,032830
2024-12-12,0.0,032830
2024-12-13,0.0,032830
2024-12-16,0.0,032830
2024-12-17,0.0,032830
2024-12-18,0.0,032830
2024-12-19,0.0,032830
2024-12-20,0.0,032830
2024-12-23,0.7,032830
2024-12-24,0.7,032830
2024-12-26,0.0,032830
2024-12-27,0.0,032830
2024-12-30,0.0,032830
2025-01-02,0.0,032830
2025-01-03,0.0,032830
2025-01-06,0.0,032830
2025-01-07,0.0,032830
2025-01-08,0.0,032830
2025-01-09,0.0,032830
2025-01-10,0.0,032830
2025-01-13,0.0,032830
2025-01-14,0.0,032830
2025-01-15,0.0,032830
2025-01-16,0.0,032830
2025-01-17,0.0,032830
2025-01-20,0.0,032830
2025-01-21,0.0,032830
2025-01-22,0.0,032830
2025-01-23,0.0,032830
2025-01-24,0.0,032830
2025-01-31,0.0,032830
2025-02-03,0.7,032830
2025-02-04,0.7,032830
2025-02-05,0.7,032830
2025-02-06,0.7,032830
2025-02-07,0.5,032830
2025-02-10,0.0,032830
2025-02-11,0.0,032830
2025-02-12,0.5,032830
2025-02-13,0.7,032830
2025-02-14,0.5,032830
2025-02-17,0.8,032830
2025-02-18,0.8,032830
2025-02-19,0.8,032830
2025-02-20,0.5,032830
2025-02-21,0.0,032830
2025-02-24,0.0,032830
2025-02-25,0.0,032830
2025-02-26,0.0,032830
2025-02-27,0.0,032830
2025-02-28,0.0,032830
2025-03-04,0.0,032830
2025-03-05,0.0,032830
2025-03-06,0.0,032830
2025-03-07,0.0,032830
2025-03-10,0.0,032830
2025-03-11,0.0,032830
2025-03-12,0.0,032830
2025-03-13,0.0,032830
2025-03-14,0.0,032830
2025-03-17,0.0,032830
2025-03-18,0.0,032830
2025-03-19,0.0,032830
2025-03-20,0.0,032830
2025-03-21,0.7,032830
2025-03-24,0.0,032830
2025-03-25,0.0,032830
2025-03-26,0.0,032830
2025-03-27,0.7,032830
2025-03-28,0.7,032830
2025-03-31,0.0,032830
2025-04-01,0.0,032830
2025-04-02,0.0,032830
2025-04-03,0.0,032830
2025-04-04,0.0,032830
2025-04-07,0.0,032830
2025-04-08,0.0,032830
2025-04-09,0.0,032830
2025-04-10,0.0,032830
2025-04-11,0.0,032830
2025-04-14,0.0,032830
2025-04-15,0.0,032830
2025-04-16,0.0,032830
2025-04-17,0.0,032830
2025-04-18,0.0,032830
2025-04-21,0.0,032830
2025-04-22,0.7,032830
2025-04-23,0.7,032830
2025-04-24,0.7,032830
2025-04-25,0.7,032830
2025-04-28,0.7,032830
2025-04-29,0.7,032830
2025-04-30,0.7,032830
2025-05-02,0.7,032830
2025-05-07,0.7,032830
2025-05-08,1.0,032830
2025-05-09,1.0,032830
2025-05-12,1.0,032830
2025-05-13,1.0,032830
2025-05-14,1.0,032830
2025-05-15,1.0,032830
2025-05-16,1.0,032830
2025-05-19,1.0,032830
2025-05-20,1.0,032830
2025-05-21,1.0,032830
2025-05-22,1.0,032830
2025-05-23,1.0,032830
2025-05-26,1.0,032830
2025-05-27,1.0,032830
2025-05-28,1.0,032830
2025-05-29,1.0,032830
2025-05-30,1.0,032830
2025-06-02,0.8,032830
2025-06-04,0.8,032830
2025-06-05,0.8,032830
2025-06-09,0.8,032830
2025-06-10,0.8,032830
2025-06-11,0.8,032830
2025-06-12,0.8,032830
2025-06-13,0.8,032830
2025-06-16,0.8,032830
2025-06-17,0.8,032830
2025-06-18,0.8,032830
2025-06-19,0.8,032830
2025-06-20,0.8,032830
2025-06-23,0.8,032830
2025-06-24,0.8,032830
2025-06-25,0.8,032830
2025-06-26,0.8,032830
2025-06-27,0.8,032830
2025-06-30,0.8,032830
2025-07-01,0.8,032830
2025-07-02,0.8,032830
2025-07-03,0.8,032830
2025-07-04,0.14,032830
2025-07-07,0.5,032830
2025-07-08,0.8,032830
2025-07-09,0.8,032830
2025-07-10,0.8,032830
2025-07-11,0.8,032830
2025-07-14,0.8,032830
2025-07-15,0.8,032830
2025-07-16,0.8,032830
2025-07-17,0.8,032830
2025-07-18,0.8,032830
2025-07-21,0.8,032830
2025-07-22,0.14,032830
2025-07-23,0.14,032830
2025-07-24,0.14,032830
2025-07-25,0.14,032830
2025-07-28,0.14,032830
2025-07-29,0.14,032830
2025-07-30,0.14,032830
2025-07-31,0.14,032830
2025-08-01,0.14,032830
2025-08-04,0.14,032830
2025-08-05,0.14,032830
2025-08-06,0.14,032830
2025-08-07,0.14,032830
2025-08-08,0.14,032830
2025-08-11,0.14,032830
2025-08-12,0.14,032830
2025-08-13,0.14,032830
2025-08-14,0.7,032830
2025-08-18,0.7,032830
2025-08-19,0.7,032830
2025-08-20,0.7,032830
2025-08-21,1.0,032830
2025-08-22,1.0,032830
2025-08-25,1.0,032830
2025-08-26,1.0,032830
2025-08-27,1.0,032830
2025-08-28,1.0,032830
2025-08-29,1.0,032830
2025-09-01,1.0,032830
2025-09-02,1.0,032830
2025-09-03,1.0,032830
2025-09-04,1.0,032830
2025-09-05,1.0,032830
2025-09-08,1.0,032830
2025-09-09,1.0,032830
2025-09-10,1.0,032830
2025-09-11,1.0,032830
2025-09-12,1.0,032830
2025-09-15,1.0,032830
2025-09-16,1.0,032830
2025-09-17,1.0,032830
2025-09-18,1.0,032830
2025-09-19,1.0,032830
2025-09-22,1.0,032830
2025-09-23,1.0,032830
2025-09-24,0.14,032830
2025-09-25,0.14,032830
2025-09-26,0.14,032830
2025-09-29,1.0,032830
2025-09-30,0.7,032830
2025-10-01,0.14,032830
2025-10-02,1.0,032830
2025-10-10,1.0,032830
2025-10-13,0.7,032830
2025-10-14,1.0,032830
2025-10-15,0.7,032830
2025-10-16,0.7,032830
2025-10-17,0.14,032830
2025-10-20,0.5,032830
2025-10-21,0.5,032830
2025-10-22,0.5,032830
2025-10-23,0.5,032830
2025-10-24,1.0,032830
2025-10-27,0.7,032830
2025-10-28,0.7,032830
2025-10-29,0.7,032830
2025-10-30,0.14,032830
2025-10-31,0.14,032830
2025-11-03,0.14,032830
2025-11-04,0.14,032830
2025-11-05,0.14,032830
2025-11-06,0.14,032830
2025-11-07,0.14,032830
2025-11-10,0.7,032830
2025-11-11,0.7,032830
2025-11-12,0.7,032830
2025-11-13,0.7,032830
2025-11-14,0.14,032830
2025-11-17,0.0,032830
2025-11-18,0.0,032830
2025-11-19,0.0,032830
2025-11-20,0.0,032830
2025-11-21,0.0,032830
2025-11-24,0.0,032830
2025-11-25,0.0,032830
2025-11-26,0.0,032830
2025-11-27,0.5,032830
2025-11-28,0.0,032830
2024-11-01,0.0,086790
2024-11-04,0.0,086790
2024-11-05,0.0,086790
2024-11-06,0.0,086790
2024-11-07,0.0,086790
2024-11-08,0.0,086790
2024-11-11,0.0,086790
2024-11-12,0.0,086790
2024-11-13,0.0,086790
2024-11-14,0.0,086790
2024-11-15,0.0,086790
2024-11-18,0.0,086790
2024-11-19,0.0,086790
2024-11-20,0.0,086790
2024-11-21,0.0,086790
2024-11-22,0.0,086790
2024-11-25,0.0,086790
2024-11-26,0.0,086790
2024-11-27,0.0,086790
2024-11-28,0.7,086790
2024-11-29,0.7,086790
2024-12-02,1.0,086790
2024-12-03,1.0,086790
2024-12-04,0.0,086790
2024-12-05,0.0,086790
2024-12-06,0.0,086790
2024-12-09,0.0,086790
2024-12-10,0.0,086790
2024-12-11,0.0,086790
2024-12-12,0.0,086790
2024-12-13,0.0,086790
2024-12-16,0.0,086790
2024-12-17,0.0,086790
2024-12-18,0.0,086790
2024-12-19,0.0,086790
2024-12-20,0.0,086790
2024-12-23,0.0,086790
2024-12-24,0.0,086790
2024-12-26,0.0,086790
2024-12-27,0.0,086790
2024-12-30,0.0,086790
2025-01-02,0.0,086790
2025-01-03,0.0,086790
2025-01-06,0.0,086790
2025-01-07,0.0,086790
2025-01-08,0.0,086790
2025-01-09,0.7,086790
2025-01-10,0.7,086790
2025-01-13,0.7,086790
2025-01-14,0.0,086790
2025-01-15,0.0,086790
2025-01-16,0.7,086790
2025-01-17,0.0,086790
2025-01-20,0.0,086790
2025-01-21,0.7,086790
2025-01-22,0.7,086790
2025-01-23,0.7,086790
2025-01-24,0.7,086790
2025-01-31,0.7,086790
2025-02-03,0.7,086790
2025-02-04,1.0,086790
2025-02-05,1.0,086790
2025-02-06,1.0,086790
2025-02-07,1.0,086790
2025-02-10,1.0,086790
2025-02-11,0.7,086790
2025-02-12,0.7,086790
2025-02-13,0.7,086790
2025-02-14,0.7,086790
2025-02-17,0.7,086790
2025-02-18,1.0,086790
2025-02-19,1.0,086790
2025-02-20,1.0,086790
2025-02-21,1.0,086790
2025-02-24,1.0,086790
2025-02-25,1.0,086790
2025-02-26,1.0,086790
2025-02-27,0.7,086790
2025-02-28,0.0,086790
2025-03-04,0.0,086790
2025-03-05,0.0,086790
2025-03-06,0.0,086790
2025-03-07,0.0,086790
2025-03-10,0.0,086790
2025-03-11,0.0,086790
2025-03-12,0.14,086790
2025-03-13,0.7,086790
2025-03-14,0.14,086790
2025-03-17,0.7,086790
2025-03-18,0.7,086790
2025-03-19,0.7,086790
2025-03-20,0.7,086790
2025-03-21,0.7,086790
2025-03-24,0.7,086790
2025-03-25,0.7,086790
2025-03-26,0.7,086790
2025-03-27,0.7,086790
2025-03-28,0.7,086790
2025-03-31,0.0,086790
2025-04-01,0.7,086790
2025-04-02,0.14,086790
2025-04-03,0.0,086790
2025-04-04,0.0,086790
2025-04-07,0.0,086790
2025-04-08,0.0,086790
2025-04-09,0.0,086790
2025-04-10,0.0,086790
2025-04-11,0.0,086790
2025-04-14,0.0,086790
2025-04-15,0.0,086790
2025-04-16,0.0,086790
2025-04-17,0.0,086790
2025-04-18,0.7,086790
2025-04-21,0.7,086790
2025-04-22,0.7,086790
2025-04-23,0.7,086790
2025-04-24,0.7,086790
2025-04-25,0.7,086790
2025-04-28,0.7,086790
2025-04-29,0.7,086790
2025-04-30,1.0,086790
2025-05-02,1.0,086790
2025-05-07,1.0,086790
2025-05-08,1.0,086790
2025-05-09,1.0,086790
2025-05-12,1.0,086790
2025-05-13,1.0,086790
2025-05-14,1.0,086790
2025-05-15,1.0,086790
2025-05-16,1.0,086790
2025-05-19,1.0,086790
2025-05-20,1.0,086790
2025-05-21,1.0,086790
2025-05-22,1.0,086790
2025-05-23,1.0,086790
2025-05-26,1.0,086790
2025-05-27,1.0,086790
2025-05-28,1.0,086790
2025-05-29,1.0,086790
2025-05-30,1.0,086790
2025-06-02,1.0,086790
2025-06-04,1.0,086790
2025-06-05,1.0,086790
2025-06-09,1.0,086790
2025-06-10,1.0,086790
2025-06-11,1.0,086790
2025-06-12,1.0,086790
2025-06-13,1.0,086790
2025-06-16,1.0,086790
2025-06-17,1.0,086790
2025-06-18,1.0,086790
2025-06-19,1.0,086790
2025-06-20,1.0,086790
2025-06-23,1.0,086790
2025-06-24,1.0,086790
2025-06-25,1.0,086790
2025-06-26,1.0,086790
2025-06-27,1.0,086790
2025-06-30,1.0,086790
2025-07-01,1.0,086790
2025-07-02,1.0,086790
2025-07-03,1.0,086790
2025-07-04,1.0,086790
2025-07-07,1.0,086790
2025-07-08,1.0,086790
2025-07-09,1.0,086790
2025-07-10,1.0,086790
2025-07-11,1.0,086790
2025-07-14,1.0,086790
2025-07-15,1.0,086790
2025-07-16,1.0,086790
2025-07-17,1.0,086790
2025-07-18,1.0,086790
2025-07-21,1.0,086790
2025-07-22,1.0,086790
2025-07-23,1.0,086790
2025-07-24,1.0,086790
2025-07-25,1.0,086790
2025-07-28,0.14,086790
2025-07-29,0.14,086790
2025-07-30,0.14,086790
2025-07-31,0.14,086790
2025-08-01,0.14,086790
2025-08-04,0.14,086790
2025-08-05,0.14,086790
2025-08-06,0.14,086790
2025-08-07,0.14,086790
2025-08-08,0.14,086790
2025-08-11,0.14,086790
2025-08-12,0.14,086790
2025-08-13,0.14,086790
2025-08-14,0.14,086790
2025-08-18,0.0,086790
2025-08-19,0.0,086790
2025-08-20,0.0,086790
2025-08-21,0.0,086790
2025-08-22,0.0,086790
2025-08-25,0.0,086790
2025-08-26,0.0,086790
2025-08-27,0.0,086790
2025-08-28,0.0,086790
2025-08-29,0.0,086790
2025-09-01,0.0,086790
2025-09-02,0.0,086790
2025-09-03,0.0,086790
2025-09-04,0.0,086790
2025-09-05,0.0,086790
2025-09-08,0.0,086790
2025-09-09,0.7,086790
2025-09-10,0.7,086790
2025-09-11,0.7,086790
2025-09-12,0.7,086790
2025-09-15,1.0,086790
2025-09-16,1.0,086790
2025-09-17,1.0,086790
2025-09-18,1.0,086790
2025-09-19,1.0,086790
2025-09-22,1.0,086790
2025-09-23,1.0,086790
2025-09-24,1.0,086790
2025-09-25,1.0,086790
2025-09-26,1.0,086790
2025-09-29,1.0,086790
2025-09-30,0.14,086790
2025-10-01,0.0,086790
2025-10-02,1.0,086790
2025-10-10,0.0,086790
2025-10-13,0.0,086790
2025-10-14,0.0,086790
2025-10-15,0.14,086790
2025-10-16,0.14,086790
2025-10-17,0.14,086790
2025-10-20,0.7,086790
2025-10-21,0.7,086790
2025-10-22,0.7,086790
2025-10-23,0.14,086790
2025-10-24,0.7,086790
2025-10-27,0.7,086790
2025-10-28,0.7,086790
2025-10-29,0.14,086790
2025-10-30,0.14,086790
2025-10-31,0.0,086790
2025-11-03,0.0,086790
2025-11-04,0.7,086790
2025-11-05,0.14,086790
2025-11-06,1.0,086790
2025-11-07,1.0,086790
2025-11-10,1.0,086790
2025-11-11,1.0,086790
2025-11-12,1.0,086790
2025-11-13,1.0,086790
2025-11-14,1.0,086790
2025-11-17,1.0,086790
2025-11-18,0.7,086790
2025-11-19,0.7,086790
2025-11-20,0.7,086790
2025-11-21,0.7,086790
2025-11-24,0.14,086790
2025-11-25,0.14,086790
2025-11-26,1.0,086790
2025-11-27,1.0,086790
2025-11-28,1.0,086790
2024-11-01,0.0,009150
2024-11-04,0.0,009150
2024-11-05,0.0,009150
2024-11-06,0.0,009150
2024-11-07,0.0,009150
2024-11-08,0.0,009150
2024-11-11,0.0,009150
2024-11-12,0.0,009150
2024-11-13,0.0,009150
2024-11-14,0.0,009150
2024-11-15,0.0,009150
2024-11-18,0.0,009150
2024-11-19,0.0,009150
2024-11-20,0.0,009150
2024-11-21,0.0,009150
2024-11-22,0.0,009150
2024-11-25,0.0,009150
2024-11-26,0.0,009150
2024-11-27,0.0,009150
2024-11-28,0.0,009150
2024-11-29,0.0,009150
2024-12-02,0.0,009150
2024-12-03,0.0,009150
2024-12-04,0.0,009150
2024-12-05,0.0,009150
2024-12-06,0.7,009150
2024-12-09,0.0,009150
2024-12-10,0.7,009150
2024-12-11,1.0,009150
2024-12-12,1.0,009150
2024-12-13,1.0,009150
2024-12-16,1.0,009150
2024-12-17,1.0,009150
2024-12-18,1.0,009150
2024-12-19,1.0,009150
2024-12-20,1.0,009150
2024-12-23,1.0,009150
2024-12-24,1.0,009150
2024-12-26,1.0,009150
2024-12-27,1.0,009150
2024-12-30,1.0,009150
2025-01-02,1.0,009150
2025-01-03,1.0,009150
2025-01-06,1.0,009150
2025-01-07,1.0,009150
2025-01-08,1.0,009150
2025-01-09,1.0,009150
2025-01-10,1.0,009150
2025-01-13,1.0,009150
2025-01-14,0.0,009150
2025-01-15,0.0,009150
2025-01-16,0.0,009150
2025-01-17,0.7,009150
2025-01-20,0.0,009150
2025-01-21,0.0,009150
2025-01-22,0.7,009150
2025-01-23,0.7,009150
2025-01-24,0.7,009150
2025-01-31,1.0,009150
2025-02-03,1.0,009150
2025-02-04,1.0,009150
2025-02-05,1.0,009150
2025-02-06,1.0,009150
2025-02-07,1.0,009150
2025-02-10,1.0,009150
2025-02-11,1.0,009150
2025-02-12,1.0,009150
2025-02-13,1.0,009150
2025-02-14,1.0,009150
2025-02-17,1.0,009150
2025-02-18,1.0,009150
2025-02-19,1.0,009150
2025-02-20,1.0,009150
2025-02-21,1.0,009150
2025-02-24,1.0,009150
2025-02-25,1.0,009150
2025-02-26,1.0,009150
2025-02-27,1.0,009150
2025-02-28,0.14,009150
2025-03-04,0.14,009150
2025-03-05,0.14,009150
2025-03-06,0.14,009150
2025-03-07,0.14,009150
2025-03-10,0.14,009150
2025-03-11,0.14,009150
2025-03-12,0.14,009150
2025-03-13,0.14,009150
2025-03-14,0.14,009150
2025-03-17,0.7,009150
2025-03-18,0.14,009150
2025-03-19,0.14,009150
2025-03-20,0.7,009150
2025-03-21,0.7,009150
2025-03-24,0.14,009150
2025-03-25,0.14,009150
2025-03-26,0.7,009150
2025-03-27,0.14,009150
2025-03-28,0.14,009150
2025-03-31,0.0,009150
2025-04-01,0.0,009150
2025-04-02,0.0,009150
2025-04-03,0.0,009150
2025-04-04,0.0,009150
2025-04-07,0.0,009150
2025-04-08,0.0,009150
2025-04-09,0.0,009150
2025-04-10,0.0,009150
2025-04-11,0.0,009150
2025-04-14,0.0,009150
2025-04-15,0.0,009150
2025-04-16,0.0,009150
2025-04-17,0.0,009150
2025-04-18,0.0,009150
2025-04-21,0.0,009150
2025-04-22,0.0,009150
2025-04-23,0.7,009150
2025-04-24,0.7,009150
2025-04-25,0.7,009150
2025-04-28,0.7,009150
2025-04-29,0.7,009150
2025-04-30,0.0,009150
2025-05-02,0.0,009150
2025-05-07,0.0,009150
2025-05-08,0.0,009150
2025-05-09,0.0,009150
2025-05-12,1.0,009150
2025-05-13,1.0,009150
2025-05-14,1.0,009150
2025-05-15,0.7,009150
2025-05-16,0.7,009150
2025-05-19,0.0,009150
2025-05-20,0.0,009150
2025-05-21,0.0,009150
2025-05-22,0.0,009150
2025-05-23,0.0,009150
2025-05-26,0.7,009150
2025-05-27,0.0,009150
2025-05-28,0.7,009150
2025-05-29,0.7,009150
2025-05-30,0.7,009150
2025-06-02,0.0,009150
2025-06-04,0.7,009150
2025-06-05,1.0,009150
2025-06-09,1.0,009150
2025-06-10,1.0,009150
2025-06-11,1.0,009150
2025-06-12,0.7,009150
2025-06-13,0.7,009150
2025-06-16,0.7,009150
2025-06-17,1.0,009150
2025-06-18,1.0,009150
2025-06-19,1.0,009150
2025-06-20,1.0,009150
2025-06-23,1.0,009150
2025-06-24,1.0,009150
2025-06-25,1.0,009150
2025-06-26,1.0,009150
2025-06-27,1.0,009150
2025-06-30,1.0,009150
2025-07-01,1.0,009150
2025-07-02,1.0,009150
2025-07-03,1.0,009150
2025-07-04,0.7,009150
2025-07-07,1.0,009150
2025-07-08,1.0,009150
2025-07-09,0.7,009150
2025-07-10,0.7,009150
2025-07-11,1.0,009150
2025-07-14,1.0,009150
2025-07-15,1.0,009150
2025-07-16,0.7,009150
2025-07-17,1.0,009150
2025-07-18,0.7,009150
2025-07-21,0.14,009150
2025-07-22,0.14,009150
2025-07-23,0.14,009150
2025-07-24,0.14,009150
2025-07-25,0.14,009150
2025-07-28,0.7,009150
2025-07-29,0.7,009150
2025-07-30,1.0,009150
2025-07-31,0.7,009150
2025-08-01,0.7,009150
2025-08-04,1.0,009150
2025-08-05,1.0,009150
2025-08-06,1.0,009150
2025-08-07,1.0,009150
2025-08-08,1.0,009150
2025-08-11,1.0,009150
2025-08-12,1.0,009150
2025-08-13,1.0,009150
2025-08-14,0.8,009150
2025-08-18,0.8,009150
2025-08-19,0.8,009150
2025-08-20,1.0,009150
2025-08-21,1.0,009150
2025-08-22,1.0,009150
2025-08-25,1.0,009150
2025-08-26,1.0,009150
2025-08-27,1.0,009150
2025-08-28,1.0,009150
2025-08-29,1.0,009150
2025-09-01,1.0,009150
2025-09-02,1.0,009150
2025-09-03,1.0,009150
2025-09-04,1.0,009150
2025-09-05,1.0,009150
2025-09-08,1.0,009150
2025-09-09,1.0,009150
2025-09-10,1.0,009150
2025-09-11,1.0,009150
2025-09-12,1.0,009150
2025-09-15,1.0,009150
2025-09-16,1.0,009150
2025-09-17,1.0,009150
2025-09-18,1.0,009150
2025-09-19,1.0,009150
2025-09-22,1.0,009150
2025-09-23,1.0,009150
2025-09-24,1.0,009150
2025-09-25,1.0,009150
2025-09-26,1.0,009150
2025-09-29,1.0,009150
2025-09-30,1.0,009150
2025-10-01,1.0,009150
2025-10-02,1.0,009150
2025-10-10,1.0,009150
2025-10-13,1.0,009150
2025-10-14,0.8,009150
2025-10-15,0.8,009150
2025-10-16,0.8,009150
2025-10-17,1.0,009150
2025-10-20,1.0,009150
2025-10-21,1.0,009150
2025-10-22,0.8,009150
2025-10-23,0.8,009150
2025-10-24,1.0,009150
2025-10-27,1.0,009150
2025-10-28,1.0,009150
2025-10-29,0.8,009150
2025-10-30,0.8,009150
2025-10-31,0.8,009150
2025-11-03,0.8,009150
2025-11-04,0.8,009150
2025-11-05,0.8,009150
2025-11-06,0.8,009150
2025-11-07,0.8,009150
2025-11-10,0.8,009150
2025-11-11,0.8,009150
2025-11-12,0.8,009150
2025-11-13,0.14,009150
2025-11-14,0.14,009150
2025-11-17,0.14,009150
2025-11-18,0.14,009150
2025-11-19,0.14,009150
2025-11-20,0.14,009150
2025-11-21,0.14,009150
2025-11-24,0.5,009150
2025-11-25,0.5,009150
2025-11-26,0.8,009150
2025-11-27,0.8,009150
2025-11-28,0.5,009150
2024-11-01,0.0,017670
2024-11-04,0.0,017670
2024-11-05,0.0,017670
2024-11-06,0.0,017670
2024-11-07,0.0,017670
2024-11-08,0.0,017670
2024-11-11,0.0,017670
2024-11-12,0.0,017670
2024-11-13,0.0,017670
2024-11-14,0.0,017670
2024-11-15,0.0,017670
2024-11-18,0.0,017670
2024-11-19,0.0,017670
2024-11-20,0.0,017670
2024-11-21,0.0,017670
2024-11-22,0.0,017670
2024-11-25,0.0,017670
2024-11-26,0.0,017670
2024-11-27,0.0,017670
2024-11-28,0.7,017670
2024-11-29,1.0,017670
2024-12-02,1.0,017670
2024-12-03,1.0,017670
2024-12-04,0.7,017670
2024-12-05,0.7,017670
2024-12-06,0.7,017670
2024-12-09,0.0,017670
2024-12-10,0.0,017670
2024-12-11,0.0,017670
2024-12-12,0.0,017670
2024-12-13,0.0,017670
2024-12-16,0.0,017670
2024-12-17,0.0,017670
2024-12-18,0.0,017670
2024-12-19,0.0,017670
2024-12-20,0.0,017670
2024-12-23,0.0,017670
2024-12-24,0.0,017670
2024-12-26,0.0,017670
2024-12-27,0.0,017670
2024-12-30,0.0,017670
2025-01-02,0.0,017670
2025-01-03,0.0,017670
2025-01-06,0.0,017670
2025-01-07,0.0,017670
2025-01-08,0.0,017670
2025-01-09,0.0,017670
2025-01-10,0.0,017670
2025-01-13,0.0,017670
2025-01-14,0.0,017670
2025-01-15,0.0,017670
2025-01-16,0.0,017670
2025-01-17,0.0,017670
2025-01-20,0.0,017670
2025-01-21,0.0,017670
2025-01-22,0.0,017670
2025-01-23,0.0,017670
2025-01-24,0.0,017670
2025-01-31,0.0,017670
2025-02-03,0.7,017670
2025-02-04,0.7,017670
2025-02-05,0.7,017670
2025-02-06,0.7,017670
2025-02-07,0.0,017670
2025-02-10,0.0,017670
2025-02-11,0.7,017670
2025-02-12,0.7,017670
2025-02-13,0.7,017670
2025-02-14,0.7,017670
2025-02-17,0.7,017670
2025-02-18,0.7,017670
2025-02-19,0.7,017670
2025-02-20,1.0,017670
2025-02-21,1.0,017670
2025-02-24,1.0,017670
2025-02-25,1.0,017670
2025-02-26,1.0,017670
2025-02-27,0.0,017670
2025-02-28,0.0,017670
2025-03-04,0.0,017670
2025-03-05,0.14,017670
2025-03-06,0.0,017670
2025-03-07,0.0,017670
2025-03-10,0.0,017670
2025-03-11,0.0,017670
2025-03-12,0.0,017670
2025-03-13,0.0,017670
2025-03-14,0.0,017670
2025-03-17,0.0,017670
2025-03-18,0.0,017670
2025-03-19,0.7,017670
2025-03-20,0.14,017670
2025-03-21,0.14,017670
2025-03-24,0.0,017670
2025-03-25,0.14,017670
2025-03-26,0.0,017670
2025-03-27,0.0,017670
2025-03-28,0.0,017670
2025-03-31,0.0,017670
2025-04-01,0.0,017670
2025-04-02,0.0,017670
2025-04-03,0.0,017670
2025-04-04,0.7,017670
2025-04-07,0.7,017670
2025-04-08,0.0,017670
2025-04-09,0.0,017670
2025-04-10,0.7,017670
2025-04-11,0.7,017670
2025-04-14,0.7,017670
2025-04-15,0.7,017670
2025-04-16,0.7,017670
2025-04-17,0.7,017670
2025-04-18,0.7,017670
2025-04-21,0.7,017670
2025-04-22,0.7,017670
2025-04-23,0.7,017670
2025-04-24,0.7,017670
2025-04-25,0.7,017670
2025-04-28,0.0,017670
2025-04-29,0.0,017670
2025-04-30,0.0,017670
2025-05-02,0.0,017670
2025-05-07,0.0,017670
2025-05-08,0.0,017670
2025-05-09,0.0,017670
2025-05-12,0.0,017670
2025-05-13,0.0,017670
2025-05-14,0.0,017670
2025-05-15,0.0,017670
2025-05-16,0.0,017670
2025-05-19,0.0,017670
2025-05-20,0.0,017670
2025-05-21,0.0,017670
2025-05-22,0.0,017670
2025-05-23,0.0,017670
2025-05-26,0.0,017670
2025-05-27,0.0,017670
2025-05-28,0.0,017670
2025-05-29,0.0,017670
2025-05-30,0.0,017670
2025-06-02,0.0,017670
2025-06-04,0.7,017670
2025-06-05,0.7,017670
2025-06-09,0.7,017670
2025-06-10,0.7,017670
2025-06-11,0.7,017670
2025-06-12,0.7,017670
2025-06-13,1.0,017670
2025-06-16,1.0,017670
2025-06-17,1.0,017670
2025-06-18,1.0,017670
2025-06-19,1.0,017670
2025-06-20,1.0,017670
2025-06-23,1.0,017670
2025-06-24,1.0,017670
2025-06-25,1.0,017670
2025-06-26,1.0,017670
2025-06-27,1.0,017670
2025-06-30,1.0,017670
2025-07-01,1.0,017670
2025-07-02,1.0,017670
2025-07-03,1.0,017670
2025-07-04,0.0,017670
2025-07-07,0.0,017670
2025-07-08,0.14,017670
2025-07-09,0.14,017670
2025-07-10,0.14,017670
2025-07-11,0.14,017670
2025-07-14,0.7,017670
2025-07-15,0.14,017670
2025-07-16,0.14,017670
2025-07-17,0.7,017670
2025-07-18,0.14,017670
2025-07-21,0.14,017670
2025-07-22,0.7,017670
2025-07-23,0.7,017670
2025-07-24,0.14,017670
2025-07-25,0.14,017670
2025-07-28,0.14,017670
2025-07-29,0.14,017670
2025-07-30,0.7,017670
2025-07-31,0.7,017670
2025-08-01,0.14,017670
2025-08-04,0.7,017670
2025-08-05,0.7,017670
2025-08-06,0.7,017670
2025-08-07,0.14,017670
2025-08-08,0.7,017670
2025-08-11,0.14,017670
2025-08-12,0.7,017670
2025-08-13,0.14,017670
2025-08-14,0.7,017670
2025-08-18,0.14,017670
2025-08-19,0.14,017670
2025-08-20,0.7,017670
2025-08-21,0.14,017670
2025-08-22,0.14,017670
2025-08-25,0.0,017670
2025-08-26,0.0,017670
2025-08-27,0.0,017670
2025-08-28,0.0,017670
2025-08-29,0.0,017670
2025-09-01,0.0,017670
2025-09-02,0.0,017670
2025-09-03,0.0,017670
2025-09-04,0.0,017670
2025-09-05,0.0,017670
2025-09-08,0.0,017670
2025-09-09,0.0,017670
2025-09-10,0.0,017670
2025-09-11,0.0,017670
2025-09-12,0.7,017670
2025-09-15,0.0,017670
2025-09-16,0.0,017670
2025-09-17,0.7,017670
2025-09-18,0.7,017670
2025-09-19,0.7,017670
2025-09-22,0.7,017670
2025-09-23,0.7,017670
2025-09-24,0.7,017670
2025-09-25,0.7,017670
2025-09-26,0.5,017670
2025-09-29,0.0,017670
2025-09-30,0.0,017670
2025-10-01,0.0,017670
2025-10-02,0.0,017670
2025-10-10,0.0,017670
2025-10-13,0.0,017670
2025-10-14,0.0,017670
2025-10-15,0.0,017670
2025-10-16,0.7,017670
2025-10-17,0.0,017670
2025-10-20,0.0,017670
2025-10-21,0.0,017670
2025-10-22,0.0,017670
2025-10-23,0.0,017670
2025-10-24,0.0,017670
2025-10-27,0.0,017670
2025-10-28,0.0,017670
2025-10-29,0.0,017670
2025-10-30,0.0,017670
2025-10-31,0.0,017670
2025-11-03,0.0,017670
2025-11-04,0.0,017670
2025-11-05,0.0,017670
2025-11-06,0.0,017670
2025-11-07,0.0,017670
2025-11-10,0.7,017670
2025-11-11,0.7,017670
2025-11-12,0.7,017670
2025-11-13,0.7,017670
2025-11-14,0.7,017670
2025-11-17,0.7,017670
2025-11-18,0.0,017670
2025-11-19,0.0,017670
2025-11-20,0.7,017670
2025-11-21,0.7,017670
2025-11-24,0.7,017670
2025-11-25,0.7,017670
2025-11-26,0.7,017670
2025-11-27,0.0,017670
2025-11-28,0.7,017670
2024-11-01,0.0,018260
2024-11-04,0.0,018260
2024-11-05,0.0,018260
2024-11-06,0.0,018260
2024-11-07,0.0,018260
2024-11-08,0.0,018260
2024-11-11,0.0,018260
2024-11-12,0.0,018260
2024-11-13,0.0,018260
2024-11-14,0.0,018260
2024-11-15,0.0,018260
2024-11-18,0.0,018260
2024-11-19,0.0,018260
2024-11-20,0.0,018260
2024-11-21,0.0,018260
2024-11-22,0.0,018260
2024-11-25,0.0,018260
2024-11-26,0.0,018260
2024-11-27,0.0,018260
2024-11-28,0.7,018260
2024-11-29,0.7,018260
2024-12-02,1.0,018260
2024-12-03,0.0,018260
2024-12-04,0.0,018260
2024-12-05,0.0,018260
2024-12-06,0.0,018260
2024-12-09,0.0,018260
2024-12-10,0.0,018260
2024-12-11,0.0,018260
2024-12-12,0.0,018260
2024-12-13,0.0,018260
2024-12-16,0.0,018260
2024-12-17,0.0,018260
2024-12-18,0.0,018260
2024-12-19,0.0,018260
2024-12-20,0.0,018260
2024-12-23,0.0,018260
2024-12-24,0.0,018260
2024-12-26,0.0,018260
2024-12-27,0.0,018260
2024-12-30,0.0,018260
2025-01-02,0.0,018260
2025-01-03,0.0,018260
2025-01-06,0.0,018260
2025-01-07,0.0,018260
2025-01-08,0.0,018260
2025-01-09,0.0,018260
2025-01-10,0.0,018260
2025-01-13,0.0,018260
2025-01-14,0.0,018260
2025-01-15,0.0,018260
2025-01-16,0.0,018260
2025-01-17,0.0,018260
2025-01-20,0.0,018260
2025-01-21,0.0,018260
2025-01-22,0.0,018260
2025-01-23,0.0,018260
2025-01-24,0.0,018260
2025-01-31,0.0,018260
2025-02-03,0.0,018260
2025-02-04,0.7,018260
2025-02-05,0.7,018260
2025-02-06,0.7,018260
2025-02-07,0.7,018260
2025-02-10,0.7,018260
2025-02-11,0.7,018260
2025-02-12,0.7,018260
2025-02-13,0.7,018260
2025-02-14,0.7,018260
2025-02-17,1.0,018260
2025-02-18,0.7,018260
2025-02-19,0.7,018260
2025-02-20,0.7,018260
2025-02-21,0.7,018260
2025-02-24,1.0,018260
2025-02-25,0.0,018260
2025-02-26,0.7,018260
2025-02-27,0.0,018260
2025-02-28,0.0,018260
2025-03-04,0.0,018260
2025-03-05,0.0,018260
2025-03-06,0.0,018260
2025-03-07,0.0,018260
2025-03-10,0.0,018260
2025-03-11,0.0,018260
2025-03-12,0.0,018260
2025-03-13,0.0,018260
2025-03-14,0.0,018260
2025-03-17,0.0,018260
2025-03-18,0.0,018260
2025-03-19,0.0,018260
2025-03-20,0.0,018260
2025-03-21,0.0,018260
2025-03-24,0.0,018260
2025-03-25,0.0,018260
2025-03-26,0.0,018260
2025-03-27,0.0,018260
2025-03-28,0.0,018260
2025-03-31,0.0,018260
2025-04-01,0.0,018260
2025-04-02,0.0,018260
2025-04-03,0.0,018260
2025-04-04,0.0,018260
2025-04-07,0.0,018260
2025-04-08,0.0,018260
2025-04-09,0.0,018260
2025-04-10,0.0,018260
2025-04-11,0.0,018260
2025-04-14,0.0,018260
2025-04-15,0.0,018260
2025-04-16,0.0,018260
2025-04-17,0.0,018260
2025-04-18,0.7,018260
2025-04-21,0.7,018260
2025-04-22,0.7,018260
2025-04-23,0.7,018260
2025-04-24,0.7,018260
2025-04-25,0.7,018260
2025-04-28,1.0,018260
2025-04-29,1.0,018260
2025-04-30,1.0,018260
2025-05-02,1.0,018260
2025-05-07,1.0,018260
2025-05-08,1.0,018260
2025-05-09,1.0,018260
2025-05-12,1.0,018260
2025-05-13,1.0,018260
2025-05-14,1.0,018260
2025-05-15,1.0,018260
2025-05-16,1.0,018260
2025-05-19,1.0,018260
2025-05-20,1.0,018260
2025-05-21,1.0,018260
2025-05-22,1.0,018260
2025-05-23,1.0,018260
2025-05-26,1.0,018260
2025-05-27,1.0,018260
2025-05-28,1.0,018260
2025-05-29,0.7,018260
2025-05-30,0.14,018260
2025-06-02,0.7,018260
2025-06-04,0.7,018260
2025-06-05,1.0,018260
2025-06-09,1.0,018260
2025-06-10,1.0,018260
2025-06-11,1.0,018260
2025-06-12,1.0,018260
2025-06-13,0.7,018260
2025-06-16,1.0,018260
2025-06-17,1.0,018260
2025-06-18,0.8,018260
2025-06-19,0.8,018260
2025-06-20,0.8,018260
2025-06-23,0.8,018260
2025-06-24,0.8,018260
2025-06-25,0.8,018260
2025-06-26,0.8,018260
2025-06-27,0.8,018260
2025-06-30,0.8,018260
2025-07-01,0.8,018260
2025-07-02,0.8,018260
2025-07-03,0.8,018260
2025-07-04,0.8,018260
2025-07-07,0.8,018260
2025-07-08,0.14,018260
2025-07-09,0.14,018260
2025-07-10,0.8,018260
2025-07-11,0.8,018260
2025-07-14,1.0,018260
2025-07-15,1.0,018260
2025-07-16,1.0,018260
2025-07-17,1.0,018260
2025-07-18,1.0,018260
2025-07-21,0.7,018260
2025-07-22,0.5,018260
2025-07-23,0.14,018260
2025-07-24,0.14,018260
2025-07-25,0.14,018260
2025-07-28,0.14,018260
2025-07-29,0.14,018260
2025-07-30,0.14,018260
2025-07-31,0.14,018260
2025-08-01,0.0,018260
2025-08-04,0.0,018260
2025-08-05,0.0,018260
2025-08-06,0.0,018260
2025-08-07,0.0,018260
2025-08-08,0.0,018260
2025-08-11,0.0,018260
2025-08-12,0.0,018260
2025-08-13,0.0,018260
2025-08-14,0.0,018260
2025-08-18,0.0,018260
2025-08-19,0.0,018260
2025-08-20,0.0,018260
2025-08-21,0.0,018260
2025-08-22,0.0,018260
2025-08-25,0.0,018260
2025-08-26,0.0,018260
2025-08-27,0.0,018260
2025-08-28,0.0,018260
2025-08-29,0.0,018260
2025-09-01,0.0,018260
2025-09-02,0.0,018260
2025-09-03,0.0,018260
2025-09-04,0.7,018260
2025-09-05,0.7,018260
2025-09-08,0.7,018260
2025-09-09,0.7,018260
2025-09-10,1.0,018260
2025-09-11,1.0,018260
2025-09-12,1.0,018260
2025-09-15,1.0,018260
2025-09-16,1.0,018260
2025-09-17,1.0,018260
2025-09-18,1.0,018260
2025-09-19,1.0,018260
2025-09-22,1.0,018260
2025-09-23,1.0,018260
2025-09-24,1.0,018260
2025-09-25,1.0,018260
2025-09-26,1.0,018260
2025-09-29,1.0,018260
2025-09-30,1.0,018260
2025-10-01,1.0,018260
2025-10-02,1.0,018260
2025-10-10,1.0,018260
2025-10-13,1.0,018260
2025-10-14,0.7,018260
2025-10-15,0.14,018260
2025-10-16,0.7,018260
2025-10-17,0.14,018260
2025-10-20,0.7,018260
2025-10-21,0.14,018260
2025-10-22,0.7,018260
2025-10-23,0.14,018260
2025-10-24,0.7,018260
2025-10-27,0.7,018260
2025-10-28,0.7,018260
2025-10-29,1.0,018260
2025-10-30,0.7,018260
2025-10-31,0.8,018260
2025-11-03,0.8,018260
2025-11-04,0.8,018260
2025-11-05,0.8,018260
2025-11-06,0.5,018260
2025-11-07,0.14,018260
2025-11-10,0.5,018260
2025-11-11,0.5,018260
2025-11-12,0.8,018260
2025-11-13,0.14,018260
2025-11-14,0.14,018260
2025-11-17,0.14,018260
2025-11-18,0.0,018260
2025-11-19,0.14,018260
2025-11-20,0.14,018260
2025-11-21,0.14,018260
2025-11-24,0.14,018260
2025-11-25,0.14,018260
2025-11-26,0.14,018260
2025-11-27,0.14,018260
2025-11-28,0.14,018260
2024-11-01,0.0,012330
2024-11-04,0.0,012330
2024-11-05,0.0,012330
2024-11-06,0.0,012330
2024-11-07,0.0,012330
2024-11-08,0.0,012330
2024-11-11,0.0,012330
2024-11-12,0.0,012330
2024-11-13,0.0,012330
2024-11-14,0.0,012330
2024-11-15,0.0,012330
2024-11-18,0.0,012330
2024-11-19,0.0,012330
2024-11-20,0.0,012330
2024-11-21,0.0,012330
2024-11-22,0.0,012330
2024-11-25,0.0,012330
2024-11-26,0.0,012330
2024-11-27,0.0,012330
2024-11-28,0.0,012330
2024-11-29,0.0,012330
2024-12-02,0.0,012330
2024-12-03,0.0,012330
2024-12-04,0.0,012330
2024-12-05,0.0,012330
2024-12-06,0.0,012330
2024-12-09,0.0,012330
2024-12-10,0.7,012330
2024-12-11,0.7,012330
2024-12-12,0.0,012330
2024-12-13,0.0,012330
2024-12-16,0.0,012330
2024-12-17,0.0,012330
2024-12-18,0.7,012330
2024-12-19,0.7,012330
2024-12-20,0.0,012330
2024-12-23,0.7,012330
2024-12-24,0.0,012330
2024-12-26,0.0,012330
2024-12-27,0.0,012330
2024-12-30,0.0,012330
2025-01-02,0.7,012330
2025-01-03,0.7,012330
2025-01-06,0.7,012330
2025-01-07,1.0,012330
2025-01-08,1.0,012330
2025-01-09,0.7,012330
2025-01-10,0.7,012330
2025-01-13,0.7,012330
2025-01-14,0.7,012330
2025-01-15,0.7,012330
2025-01-16,1.0,012330
2025-01-17,1.0,012330
2025-01-20,0.0,012330
2025-01-21,0.7,012330
2025-01-22,0.7,012330
2025-01-23,0.7,012330
2025-01-24,1.0,012330
2025-01-31,1.0,012330
2025-02-03,1.0,012330
2025-02-04,0.14,012330
2025-02-05,0.14,012330
2025-02-06,0.14,012330
2025-02-07,0.0,012330
2025-02-10,0.0,012330
2025-02-11,0.0,012330
2025-02-12,0.0,012330
2025-02-13,0.0,012330
2025-02-14,0.14,012330
2025-02-17,0.0,012330
2025-02-18,0.14,012330
2025-02-19,0.7,012330
2025-02-20,0.7,012330
2025-02-21,0.7,012330
2025-02-24,0.7,012330
2025-02-25,0.7,012330
2025-02-26,0.7,012330
2025-02-27,0.7,012330
2025-02-28,0.0,012330
2025-03-04,0.14,012330
2025-03-05,0.7,012330
2025-03-06,0.7,012330
2025-03-07,0.7,012330
2025-03-10,0.7,012330
2025-03-11,0.0,012330
2025-03-12,0.0,012330
2025-03-13,1.0,012330
2025-03-14,1.0,012330
2025-03-17,0.7,012330
2025-03-18,1.0,012330
2025-03-19,1.0,012330
2025-03-20,1.0,012330
2025-03-21,0.7,012330
2025-03-24,1.0,012330
2025-03-25,1.0,012330
2025-03-26,1.0,012330
2025-03-27,1.0,012330
2025-03-28,0.7,012330
2025-03-31,0.14,012330
2025-04-01,0.14,012330
2025-04-02,1.0,012330
2025-04-03,0.14,012330
2025-04-04,0.14,012330
2025-04-07,0.0,012330
2025-04-08,0.0,012330
2025-04-09,0.0,012330
2025-04-10,0.0,012330
2025-04-11,0.0,012330
2025-04-14,0.0,012330
2025-04-15,0.0,012330
2025-04-16,0.0,012330
2025-04-17,0.0,012330
2025-04-18,0.0,012330
2025-04-21,0.0,012330
2025-04-22,0.0,012330
2025-04-23,0.7,012330
2025-04-24,0.7,012330
2025-04-25,0.7,012330
2025-04-28,0.7,012330
2025-04-29,0.7,012330
2025-04-30,0.7,012330
2025-05-02,0.7,012330
2025-05-07,0.7,012330
2025-05-08,0.7,012330
2025-05-09,1.0,012330
2025-05-12,1.0,012330
2025-05-13,1.0,012330
2025-05-14,1.0,012330
2025-05-15,1.0,012330
2025-05-16,1.0,012330
2025-05-19,0.0,012330
2025-05-20,0.0,012330
2025-05-21,0.0,012330
2025-05-22,0.0,012330
2025-05-23,0.0,012330
2025-05-26,0.0,012330
2025-05-27,0.0,012330
2025-05-28,0.7,012330
2025-05-29,0.7,012330
2025-05-30,0.0,012330
2025-06-02,0.0,012330
2025-06-04,0.0,012330
2025-06-05,0.7,012330
2025-06-09,1.0,012330
2025-06-10,1.0,012330
2025-06-11,1.0,012330
2025-06-12,1.0,012330
2025-06-13,1.0,012330
2025-06-16,1.0,012330
2025-06-17,1.0,012330
2025-06-18,0.8,012330
2025-06-19,0.8,012330
2025-06-20,0.8,012330
2025-06-23,0.8,012330
2025-06-24,0.8,012330
2025-06-25,0.8,012330
2025-06-26,0.8,012330
2025-06-27,1.0,012330
2025-06-30,1.0,012330
2025-07-01,1.0,012330
2025-07-02,1.0,012330
2025-07-03,1.0,012330
2025-07-04,1.0,012330
2025-07-07,1.0,012330
2025-07-08,1.0,012330
2025-07-09,1.0,012330
2025-07-10,1.0,012330
2025-07-11,1.0,012330
2025-07-14,1.0,012330
2025-07-15,1.0,012330
2025-07-16,0.7,012330
2025-07-17,0.7,012330
2025-07-18,0.7,012330
2025-07-21,0.14,012330
2025-07-22,0.14,012330
2025-07-23,0.14,012330
2025-07-24,0.14,012330
2025-07-25,0.14,012330
2025-07-28,0.14,012330
2025-07-29,0.14,012330
2025-07-30,0.7,012330
2025-07-31,0.14,012330
2025-08-01,0.14,012330
2025-08-04,0.14,012330
2025-08-05,0.14,012330
2025-08-06,0.14,012330
2025-08-07,0.14,012330
2025-08-08,0.14,012330
2025-08-11,0.14,012330
2025-08-12,0.14,012330
2025-08-13,0.7,012330
2025-08-14,0.7,012330
2025-08-18,0.14,012330
2025-08-19,0.7,012330
2025-08-20,0.7,012330
2025-08-21,0.7,012330
2025-08-22,0.7,012330
2025-08-25,0.7,012330
2025-08-26,0.7,012330
2025-08-27,0.7,012330
2025-08-28,0.7,012330
2025-08-29,1.0,012330
2025-09-01,1.0,012330
2025-09-02,1.0,012330
2025-09-03,1.0,012330
2025-09-04,1.0,012330
2025-09-05,1.0,012330
2025-09-08,1.0,012330
2025-09-09,1.0,012330
2025-09-10,1.0,012330
2025-09-11,1.0,012330
2025-09-12,1.0,012330
2025-09-15,0.14,012330
2025-09-16,0.14,012330
2025-09-17,0.14,012330
2025-09-18,1.0,012330
2025-09-19,0.14,012330
2025-09-22,0.14,012330
2025-09-23,0.14,012330
2025-09-24,0.14,012330
2025-09-25,0.0,012330
2025-09-26,0.0,012330
2025-09-29,0.0,012330
2025-09-30,0.0,012330
2025-10-01,0.0,012330
2025-10-02,0.0,012330
2025-10-10,0.0,012330
2025-10-13,0.0,012330
2025-10-14,0.0,012330
2025-10-15,0.0,012330
2025-10-16,0.7,012330
2025-10-17,0.7,012330
2025-10-20,0.7,012330
2025-10-21,0.7,012330
2025-10-22,0.7,012330
2025-10-23,0.7,012330
2025-10-24,0.7,012330
2025-10-27,0.7,012330
2025-10-28,0.7,012330
2025-10-29,0.7,012330
2025-10-30,0.7,012330
2025-10-31,1.0,012330
2025-11-03,0.0,012330
2025-11-04,0.0,012330
2025-11-05,0.0,012330
2025-11-06,0.0,012330
2025-11-07,0.0,012330
2025-11-10,0.0,012330
2025-11-11,0.0,012330
2025-11-12,0.0,012330
2025-11-13,0.0,012330
2025-11-14,0.0,012330
2025-11-17,0.0,012330
2025-11-18,0.0,012330
2025-11-19,0.0,012330
2025-11-20,0.0,012330
2025-11-21,0.0,012330
2025-11-24,0.0,012330
2025-11-25,0.0,012330
2025-11-26,0.7,012330
2025-11-27,0.7,012330
2025-11-28,0.7,012330
2024-11-01,0.0,034730
2024-11-04,0.0,034730
2024-11-05,0.0,034730
2024-11-06,0.0,034730
2024-11-07,0.0,034730
2024-11-08,0.0,034730
2024-11-11,0.0,034730
2024-11-12,0.0,034730
2024-11-13,0.0,034730
2024-11-14,0.0,034730
2024-11-15,0.0,034730
2024-11-18,0.0,034730
2024-11-19,0.0,034730
2024-11-20,0.0,034730
2024-11-21,0.0,034730
2024-11-22,0.0,034730
2024-11-25,0.0,034730
2024-11-26,0.0,034730
2024-11-27,0.0,034730
2024-11-28,0.0,034730
2024-11-29,0.0,034730
2024-12-02,0.0,034730
2024-12-03,0.0,034730
2024-12-04,0.0,034730
2024-12-05,0.0,034730
2024-12-06,0.0,034730
2024-12-09,0.0,034730
2024-12-10,0.0,034730
2024-12-11,0.0,034730
2024-12-12,0.0,034730
2024-12-13,0.7,034730
2024-12-16,0.7,034730
2024-12-17,0.7,034730
2024-12-18,0.7,034730
2024-12-19,0.0,034730
2024-12-20,0.0,034730
2024-12-23,0.7,034730
2024-12-24,0.7,034730
2024-12-26,0.0,034730
2024-12-27,0.0,034730
2024-12-30,0.0,034730
2025-01-02,0.0,034730
2025-01-03,0.0,034730
2025-01-06,0.7,034730
2025-01-07,1.0,034730
2025-01-08,1.0,034730
2025-01-09,1.0,034730
2025-01-10,1.0,034730
2025-01-13,1.0,034730
2025-01-14,0.7,034730
2025-01-15,0.7,034730
2025-01-16,0.7,034730
2025-01-17,0.7,034730
2025-01-20,0.7,034730
2025-01-21,1.0,034730
2025-01-22,1.0,034730
2025-01-23,1.0,034730
2025-01-24,1.0,034730
2025-01-31,1.0,034730
2025-02-03,0.0,034730
2025-02-04,0.0,034730
2025-02-05,0.14,034730
2025-02-06,1.0,034730
2025-02-07,0.7,034730
2025-02-10,0.14,034730
2025-02-11,0.14,034730
2025-02-12,0.14,034730
2025-02-13,0.7,034730
2025-02-14,0.7,034730
2025-02-17,0.7,034730
2025-02-18,1.0,034730
2025-02-19,0.7,034730
2025-02-20,0.7,034730
2025-02-21,0.7,034730
2025-02-24,0.7,034730
2025-02-25,0.7,034730
2025-02-26,0.7,034730
2025-02-27,0.7,034730
2025-02-28,0.14,034730
2025-03-04,0.0,034730
2025-03-05,0.0,034730
2025-03-06,0.0,034730
2025-03-07,0.0,034730
2025-03-10,0.0,034730
2025-03-11,0.0,034730
2025-03-12,0.0,034730
2025-03-13,0.0,034730
2025-03-14,0.0,034730
2025-03-17,0.0,034730
2025-03-18,0.0,034730
2025-03-19,0.0,034730
2025-03-20,0.0,034730
2025-03-21,0.0,034730
2025-03-24,0.0,034730
2025-03-25,0.0,034730
2025-03-26,0.0,034730
2025-03-27,0.0,034730
2025-03-28,0.0,034730
2025-03-31,0.0,034730
2025-04-01,0.0,034730
2025-04-02,0.0,034730
2025-04-03,0.0,034730
2025-04-04,0.0,034730
2025-04-07,0.0,034730
2025-04-08,0.0,034730
2025-04-09,0.0,034730
2025-04-10,0.0,034730
2025-04-11,0.0,034730
2025-04-14,0.0,034730
2025-04-15,0.0,034730
2025-04-16,0.0,034730
2025-04-17,0.0,034730
2025-04-18,0.0,034730
2025-04-21,0.7,034730
2025-04-22,0.7,034730
2025-04-23,0.7,034730
2025-04-24,0.7,034730
2025-04-25,0.7,034730
2025-04-28,0.7,034730
2025-04-29,0.7,034730
2025-04-30,0.7,034730
2025-05-02,0.7,034730
2025-05-07,0.7,034730
2025-05-08,1.0,034730
2025-05-09,1.0,034730
2025-05-12,1.0,034730
2025-05-13,1.0,034730
2025-05-14,1.0,034730
2025-05-15,1.0,034730
2025-05-16,1.0,034730
2025-05-19,1.0,034730
2025-05-20,1.0,034730
2025-05-21,1.0,034730
2025-05-22,1.0,034730
2025-05-23,1.0,034730
2025-05-26,1.0,034730
2025-05-27,1.0,034730
2025-05-28,1.0,034730
2025-05-29,1.0,034730
2025-05-30,1.0,034730
2025-06-02,1.0,034730
2025-06-04,1.0,034730
2025-06-05,1.0,034730
2025-06-09,0.8,034730
2025-06-10,0.8,034730
2025-06-11,0.8,034730
2025-06-12,0.8,034730
2025-06-13,0.8,034730
2025-06-16,0.8,034730
2025-06-17,0.8,034730
2025-06-18,0.8,034730
2025-06-19,0.8,034730
2025-06-20,0.8,034730
2025-06-23,0.8,034730
2025-06-24,0.8,034730
2025-06-25,0.8,034730
2025-06-26,0.8,034730
2025-06-27,0.8,034730
2025-06-30,0.8,034730
2025-07-01,0.8,034730
2025-07-02,0.8,034730
2025-07-03,0.8,034730
2025-07-04,0.14,034730
2025-07-07,0.14,034730
2025-07-08,0.8,034730
2025-07-09,0.8,034730
2025-07-10,0.8,034730
2025-07-11,0.8,034730
2025-07-14,0.8,034730
2025-07-15,0.8,034730
2025-07-16,0.8,034730
2025-07-17,0.8,034730
2025-07-18,0.8,034730
2025-07-21,0.8,034730
2025-07-22,0.8,034730
2025-07-23,0.14,034730
2025-07-24,0.14,034730
2025-07-25,0.14,034730
2025-07-28,0.14,034730
2025-07-29,0.14,034730
2025-07-30,0.14,034730
2025-07-31,0.14,034730
2025-08-01,0.14,034730
2025-08-04,0.0,034730
2025-08-05,0.0,034730
2025-08-06,0.14,034730
2025-08-07,0.14,034730
2025-08-08,0.14,034730
2025-08-11,0.0,034730
2025-08-12,0.0,034730
2025-08-13,0.0,034730
2025-08-14,0.0,034730
2025-08-18,0.0,034730
2025-08-19,0.0,034730
2025-08-20,0.0,034730
2025-08-21,0.0,034730
2025-08-22,0.0,034730
2025-08-25,0.0,034730
2025-08-26,0.0,034730
2025-08-27,0.7,034730
2025-08-28,0.7,034730
2025-08-29,0.7,034730
2025-09-01,1.0,034730
2025-09-02,1.0,034730
2025-09-03,1.0,034730
2025-09-04,1.0,034730
2025-09-05,1.0,034730
2025-09-08,1.0,034730
2025-09-09,1.0,034730
2025-09-10,1.0,034730
2025-09-11,1.0,034730
2025-09-12,1.0,034730
2025-09-15,1.0,034730
2025-09-16,1.0,034730
2025-09-17,1.0,034730
2025-09-18,1.0,034730
2025-09-19,1.0,034730
2025-09-22,1.0,034730
2025-09-23,1.0,034730
2025-09-24,0.14,034730
2025-09-25,0.14,034730
2025-09-26,0.14,034730
2025-09-29,0.14,034730
2025-09-30,0.14,034730
2025-10-01,0.14,034730
2025-10-02,0.8,034730
2025-10-10,0.14,034730
2025-10-13,0.5,034730
2025-10-14,0.5,034730
2025-10-15,0.5,034730
2025-10-16,0.14,034730
2025-10-17,0.14,034730
2025-10-20,0.5,034730
2025-10-21,0.5,034730
2025-10-22,0.5,034730
2025-10-23,0.5,034730
2025-10-24,0.5,034730
2025-10-27,0.8,034730
2025-10-28,0.8,034730
2025-10-29,0.8,034730
2025-10-30,0.8,034730
2025-10-31,0.8,034730
2025-11-03,0.8,034730
2025-11-04,0.8,034730
2025-11-05,0.8,034730
2025-11-06,0.8,034730
2025-11-07,0.8,034730
2025-11-10,0.8,034730
2025-11-11,0.8,034730
2025-11-12,0.8,034730
2025-11-13,0.8,034730
2025-11-14,0.8,034730
2025-11-17,0.8,034730
2025-11-18,0.8,034730
2025-11-19,0.8,034730
2025-11-20,0.8,034730
2025-11-21,0.14,034730
2025-11-24,0.14,034730
2025-11-25,0.14,034730
2025-11-26,0.14,034730
2025-11-27,0.14,034730
2025-11-28,0.8,034730
2024-11-01,0.0,034020
2024-11-04,0.0,034020
2024-11-05,0.0,034020
2024-11-06,0.0,034020
2024-11-07,0.0,034020
2024-11-08,0.0,034020
2024-11-11,0.0,034020
2024-11-12,0.0,034020
2024-11-13,0.0,034020
2024-11-14,0.0,034020
2024-11-15,0.0,034020
2024-11-18,0.0,034020
2024-11-19,0.0,034020
2024-11-20,0.0,034020
2024-11-21,0.0,034020
2024-11-22,0.0,034020
2024-11-25,0.0,034020
2024-11-26,0.0,034020
2024-11-27,0.0,034020
2024-11-28,0.5,034020
2024-11-29,0.0,034020
2024-12-02,0.0,034020
2024-12-03,0.0,034020
2024-12-04,0.0,034020
2024-12-05,0.0,034020
2024-12-06,0.0,034020
2024-12-09,0.0,034020
2024-12-10,0.0,034020
2024-12-11,0.0,034020
2024-12-12,0.0,034020
2024-12-13,0.0,034020
2024-12-16,0.0,034020
2024-12-17,0.0,034020
2024-12-18,0.0,034020
2024-12-19,0.0,034020
2024-12-20,0.0,034020
2024-12-23,0.0,034020
2024-12-24,0.0,034020
2024-12-26,0.0,034020
2024-12-27,0.0,034020
2024-12-30,0.0,034020
2025-01-02,0.7,034020
2025-01-03,0.7,034020
2025-01-06,0.7,034020
2025-01-07,0.7,034020
2025-01-08,0.7,034020
2025-01-09,1.0,034020
2025-01-10,1.0,034020
2025-01-13,1.0,034020
2025-01-14,1.0,034020
2025-01-15,1.0,034020
2025-01-16,1.0,034020
2025-01-17,1.0,034020
2025-01-20,1.0,034020
2025-01-21,1.0,034020
2025-01-22,1.0,034020
2025-01-23,1.0,034020
2025-01-24,1.0,034020
2025-01-31,0.8,034020
2025-02-03,0.8,034020
2025-02-04,0.8,034020
2025-02-05,0.8,034020
2025-02-06,0.8,034020
2025-02-07,0.8,034020
2025-02-10,0.8,034020
2025-02-11,0.8,034020
2025-02-12,0.8,034020
2025-02-13,0.8,034020
2025-02-14,0.8,034020
2025-02-17,0.8,034020
2025-02-18,0.8,034020
2025-02-19,0.8,034020
2025-02-20,0.8,034020
2025-02-21,0.8,034020
2025-02-24,0.8,034020
2025-02-25,0.8,034020
2025-02-26,0.8,034020
2025-02-27,0.8,034020
2025-02-28,0.14,034020
2025-03-04,0.14,034020
2025-03-05,0.8,034020
2025-03-06,0.14,034020
2025-03-07,0.14,034020
2025-03-10,0.14,034020
2025-03-11,0.14,034020
2025-03-12,0.14,034020
2025-03-13,0.14,034020
2025-03-14,0.14,034020
2025-03-17,0.14,034020
2025-03-18,0.14,034020
2025-03-19,0.14,034020
2025-03-20,0.14,034020
2025-03-21,0.5,034020
2025-03-24,0.5,034020
2025-03-25,0.5,034020
2025-03-26,0.14,034020
2025-03-27,0.14,034020
2025-03-28,0.14,034020
2025-03-31,0.0,034020
2025-04-01,0.0,034020
2025-04-02,0.0,034020
2025-04-03,0.0,034020
2025-04-04,0.0,034020
2025-04-07,0.0,034020
2025-04-08,0.0,034020
2025-04-09,0.0,034020
2025-04-10,0.0,034020
2025-04-11,0.0,034020
2025-04-14,0.0,034020
2025-04-15,0.5,034020
2025-04-16,0.0,034020
2025-04-17,0.5,034020
2025-04-18,0.5,034020
2025-04-21,0.5,034020
2025-04-22,0.5,034020
2025-04-23,0.5,034020
2025-04-24,0.8,034020
2025-04-25,0.8,034020
2025-04-28,0.8,034020
2025-04-29,0.8,034020
2025-04-30,1.0,034020
2025-05-02,0.8,034020
2025-05-07,0.8,034020
2025-05-08,0.8,034020
2025-05-09,0.8,034020
2025-05-12,0.8,034020
2025-05-13,0.8,034020
2025-05-14,0.8,034020
2025-05-15,0.8,034020
2025-05-16,0.8,034020
2025-05-19,0.8,034020
2025-05-20,0.8,034020
2025-05-21,0.8,034020
2025-05-22,0.8,034020
2025-05-23,0.8,034020
2025-05-26,0.8,034020
2025-05-27,0.8,034020
2025-05-28,0.8,034020
2025-05-29,0.8,034020
2025-05-30,0.8,034020
2025-06-02,0.8,034020
2025-06-04,0.8,034020
2025-06-05,0.8,034020
2025-06-09,0.8,034020
2025-06-10,0.8,034020
2025-06-11,0.8,034020
2025-06-12,0.8,034020
2025-06-13,0.8,034020
2025-06-16,0.8,034020
2025-06-17,0.8,034020
2025-06-18,0.8,034020
2025-06-19,0.8,034020
2025-06-20,0.8,034020
2025-06-23,0.8,034020
2025-06-24,0.8,034020
2025-06-25,0.8,034020
2025-06-26,0.8,034020
2025-06-27,0.8,034020
2025-06-30,0.8,034020
2025-07-01,0.8,034020
2025-07-02,0.8,034020
2025-07-03,0.8,034020
2025-07-04,0.14,034020
2025-07-07,0.8,034020
2025-07-08,0.8,034020
2025-07-09,0.8,034020
2025-07-10,0.8,034020
2025-07-11,0.14,034020
2025-07-14,0.14,034020
2025-07-15,0.8,034020
2025-07-16,0.14,034020
2025-07-17,0.14,034020
2025-07-18,0.8,034020
2025-07-21,0.5,034020
2025-07-22,0.14,034020
2025-07-23,0.14,034020
2025-07-24,0.5,034020
2025-07-25,0.5,034020
2025-07-28,0.5,034020
2025-07-29,0.5,034020
2025-07-30,0.14,034020
2025-07-31,0.8,034020
2025-08-01,0.14,034020
2025-08-04,0.5,034020
2025-08-05,0.5,034020
2025-08-06,0.5,034020
2025-08-07,0.5,034020
2025-08-08,0.8,034020
2025-08-11,0.8,034020
2025-08-12,0.5,034020
2025-08-13,0.5,034020
2025-08-14,0.5,034020
2025-08-18,0.14,034020
2025-08-19,0.0,034020
2025-08-20,0.0,034020
2025-08-21,0.14,034020
2025-08-22,0.14,034020
2025-08-25,0.5,034020
2025-08-26,0.14,034020
2025-08-27,0.14,034020
2025-08-28,0.14,034020
2025-08-29,0.0,034020
2025-09-01,0.0,034020
2025-09-02,0.0,034020
2025-09-03,0.0,034020
2025-09-04,0.0,034020
2025-09-05,0.0,034020
2025-09-08,0.0,034020
2025-09-09,0.0,034020
2025-09-10,0.7,034020
2025-09-11,0.0,034020
2025-09-12,0.0,034020
2025-09-15,0.0,034020
2025-09-16,1.0,034020
2025-09-17,0.0,034020
2025-09-18,0.0,034020
2025-09-19,0.0,034020
2025-09-22,0.7,034020
2025-09-23,0.7,034020
2025-09-24,0.7,034020
2025-09-25,0.5,034020
2025-09-26,0.5,034020
2025-09-29,0.8,034020
2025-09-30,0.5,034020
2025-10-01,0.5,034020
2025-10-02,0.5,034020
2025-10-10,0.8,034020
2025-10-13,0.8,034020
2025-10-14,0.8,034020
2025-10-15,0.8,034020
2025-10-16,0.8,034020
2025-10-17,0.8,034020
2025-10-20,0.8,034020
2025-10-21,0.8,034020
2025-10-22,0.8,034020
2025-10-23,0.8,034020
2025-10-24,0.8,034020
2025-10-27,0.8,034020
2025-10-28,0.8,034020
2025-10-29,0.8,034020
2025-10-30,0.8,034020
2025-10-31,0.8,034020
2025-11-03,0.8,034020
2025-11-04,0.8,034020
2025-11-05,0.8,034020
2025-11-06,0.14,034020
2025-11-07,0.14,034020
2025-11-10,0.14,034020
2025-11-11,0.14,034020
2025-11-12,0.14,034020
2025-11-13,0.5,034020
2025-11-14,0.14,034020
2025-11-17,0.14,034020
2025-11-18,0.14,034020
2025-11-19,0.14,034020
2025-11-20,0.14,034020
2025-11-21,0.14,034020
2025-11-24,0.14,034020
2025-11-25,0.14,034020
2025-11-26,0.14,034020
2025-11-27,0.14,034020
2025-11-28,0.14,034020
2024-11-01,0.0,010130
2024-11-04,0.0,010130
2024-11-05,0.0,010130
2024-11-06,0.0,010130
2024-11-07,0.0,010130
2024-11-08,0.0,010130
2024-11-11,0.0,010130
2024-11-12,0.0,010130
2024-11-13,0.0,010130
2024-11-14,0.0,010130
2024-11-15,0.0,010130
2024-11-18,0.0,010130
2024-11-19,0.0,010130
2024-11-20,0.0,010130
2024-11-21,0.0,010130
2024-11-22,0.0,010130
2024-11-25,0.0,010130
2024-11-26,0.0,010130
2024-11-27,0.0,010130
2024-11-28,0.5,010130
2024-11-29,0.8,010130
2024-12-02,0.8,010130
2024-12-03,0.8,010130
2024-12-04,0.8,010130
2024-12-05,0.8,010130
2024-12-06,0.8,010130
2024-12-09,0.8,010130
2024-12-10,0.8,010130
2024-12-11,0.8,010130
2024-12-12,0.8,010130
2024-12-13,0.0,010130
2024-12-16,0.0,010130
2024-12-17,0.0,010130
2024-12-18,0.0,010130
2024-12-19,0.0,010130
2024-12-20,0.0,010130
2024-12-23,0.0,010130
2024-12-24,0.0,010130
2024-12-26,0.0,010130
2024-12-27,0.0,010130
2024-12-30,0.0,010130
2025-01-02,0.0,010130
2025-01-03,0.0,010130
2025-01-06,0.0,010130
2025-01-07,0.0,010130
2025-01-08,0.0,010130
2025-01-09,0.0,010130
2025-01-10,0.0,010130
2025-01-13,0.0,010130
2025-01-14,0.0,010130
2025-01-15,0.0,010130
2025-01-16,0.0,010130
2025-01-17,0.0,010130
2025-01-20,0.0,010130
2025-01-21,0.0,010130
2025-01-22,0.0,010130
2025-01-23,0.0,010130
2025-01-24,0.0,010130
2025-01-31,0.0,010130
2025-02-03,0.0,010130
2025-02-04,0.0,010130
2025-02-05,0.0,010130
2025-02-06,0.0,010130
2025-02-07,0.0,010130
2025-02-10,0.0,010130
2025-02-11,0.0,010130
2025-02-12,0.0,010130
2025-02-13,0.0,010130
2025-02-14,0.0,010130
2025-02-17,0.5,010130
2025-02-18,0.5,010130
2025-02-19,0.5,010130
2025-02-20,0.7,010130
2025-02-21,0.5,010130
2025-02-24,0.8,010130
2025-02-25,0.0,010130
2025-02-26,0.0,010130
2025-02-27,0.0,010130
2025-02-28,0.0,010130
2025-03-04,0.0,010130
2025-03-05,0.0,010130
2025-03-06,0.0,010130
2025-03-07,0.0,010130
2025-03-10,0.8,010130
2025-03-11,0.8,010130
2025-03-12,0.8,010130
2025-03-13,0.8,010130
2025-03-14,0.8,010130
2025-03-17,0.8,010130
2025-03-18,0.8,010130
2025-03-19,0.5,010130
2025-03-20,0.5,010130
2025-03-21,0.5,010130
2025-03-24,0.0,010130
2025-03-25,0.0,010130
2025-03-26,0.8,010130
2025-03-27,0.8,010130
2025-03-28,0.0,010130
2025-03-31,0.0,010130
2025-04-01,0.0,010130
2025-04-02,0.0,010130
2025-04-03,0.0,010130
2025-04-04,0.0,010130
2025-04-07,0.0,010130
2025-04-08,0.0,010130
2025-04-09,0.0,010130
2025-04-10,0.0,010130
2025-04-11,0.0,010130
2025-04-14,0.0,010130
2025-04-15,0.0,010130
2025-04-16,0.0,010130
2025-04-17,0.0,010130
2025-04-18,0.0,010130
2025-04-21,0.0,010130
2025-04-22,0.0,010130
2025-04-23,0.0,010130
2025-04-24,0.5,010130
2025-04-25,0.5,010130
2025-04-28,0.5,010130
2025-04-29,0.5,010130
2025-04-30,0.8,010130
2025-05-02,0.8,010130
2025-05-07,0.8,010130
2025-05-08,0.8,010130
2025-05-09,0.8,010130
2025-05-12,0.8,010130
2025-05-13,0.8,010130
2025-05-14,0.8,010130
2025-05-15,0.8,010130
2025-05-16,0.8,010130
2025-05-19,0.8,010130
2025-05-20,0.8,010130
2025-05-21,0.8,010130
2025-05-22,0.14,010130
2025-05-23,0.0,010130
2025-05-26,0.0,010130
2025-05-27,0.0,010130
2025-05-28,0.0,010130
2025-05-29,0.0,010130
2025-05-30,0.0,010130
2025-06-02,0.0,010130
2025-06-04,0.0,010130
2025-06-05,0.0,010130
2025-06-09,0.0,010130
2025-06-10,0.0,010130
2025-06-11,0.0,010130
2025-06-12,0.7,010130
2025-06-13,0.7,010130
2025-06-16,0.7,010130
2025-06-17,0.7,010130
2025-06-18,1.0,010130
2025-06-19,0.7,010130
2025-06-20,0.7,010130
2025-06-23,0.7,010130
2025-06-24,1.0,010130
2025-06-25,0.7,010130
2025-06-26,1.0,010130
2025-06-27,0.8,010130
2025-06-30,0.8,010130
2025-07-01,0.8,010130
2025-07-02,0.8,010130
2025-07-03,0.8,010130
2025-07-04,0.14,010130
2025-07-07,0.8,010130
2025-07-08,0.8,010130
2025-07-09,0.8,010130
2025-07-10,0.8,010130
2025-07-11,0.8,010130
2025-07-14,0.8,010130
2025-07-15,0.5,010130
2025-07-16,0.14,010130
2025-07-17,0.14,010130
2025-07-18,0.14,010130
2025-07-21,0.7,010130
2025-07-22,0.7,010130
2025-07-23,0.14,010130
2025-07-24,0.14,010130
2025-07-25,0.14,010130
2025-07-28,0.14,010130
2025-07-29,0.0,010130
2025-07-30,0.7,010130
2025-07-31,0.0,010130
2025-08-01,0.0,010130
2025-08-04,0.0,010130
2025-08-05,0.0,010130
2025-08-06,0.0,010130
2025-08-07,0.7,010130
2025-08-08,0.0,010130
2025-08-11,0.0,010130
2025-08-12,0.0,010130
2025-08-13,0.0,010130
2025-08-14,0.7,010130
2025-08-18,0.0,010130
2025-08-19,0.0,010130
2025-08-20,0.0,010130
2025-08-21,0.0,010130
2025-08-22,0.7,010130
2025-08-25,0.7,010130
2025-08-26,0.7,010130
2025-08-27,0.7,010130
2025-08-28,0.7,010130
2025-08-29,0.7,010130
2025-09-01,1.0,010130
2025-09-02,1.0,010130
2025-09-03,1.0,010130
2025-09-04,1.0,010130
2025-09-05,1.0,010130
2025-09-08,1.0,010130
2025-09-09,1.0,010130
2025-09-10,1.0,010130
2025-09-11,1.0,010130
2025-09-12,1.0,010130
2025-09-15,1.0,010130
2025-09-16,1.0,010130
2025-09-17,0.8,010130
2025-09-18,0.8,010130
2025-09-19,0.8,010130
2025-09-22,0.8,010130
2025-09-23,0.8,010130
2025-09-24,0.8,010130
2025-09-25,0.8,010130
2025-09-26,0.14,010130
2025-09-29,0.14,010130
2025-09-30,0.14,010130
2025-10-01,0.14,010130
2025-10-02,0.14,010130
2025-10-10,1.0,010130
2025-10-13,0.8,010130
2025-10-14,0.8,010130
2025-10-15,0.8,010130
2025-10-16,0.8,010130
2025-10-17,0.8,010130
2025-10-20,0.8,010130
2025-10-21,0.8,010130
2025-10-22,0.8,010130
2025-10-23,0.8,010130
2025-10-24,0.8,010130
2025-10-27,0.8,010130
2025-10-28,0.14,010130
2025-10-29,0.8,010130
2025-10-30,0.14,010130
2025-10-31,0.14,010130
2025-11-03,0.14,010130
2025-11-04,0.14,010130
2025-11-05,0.14,010130
2025-11-06,0.14,010130
2025-11-07,0.14,010130
2025-11-10,0.14,010130
2025-11-11,0.14,010130
2025-11-12,0.5,010130
2025-11-13,0.5,010130
2025-11-14,0.5,010130
2025-11-17,0.5,010130
2025-11-18,0.14,010130
2025-11-19,0.5,010130
2025-11-20,0.5,010130
2025-11-21,0.5,010130
2025-11-24,0.14,010130
2025-11-25,0.8,010130
2025-11-26,0.5,010130
2025-11-27,0.8,010130
2025-11-28,0.8,010130
2024-11-01,0.0,011200
2024-11-04,0.0,011200
2024-11-05,0.0,011200
2024-11-06,0.0,011200
2024-11-07,0.0,011200
2024-11-08,0.0,011200
2024-11-11,0.0,011200
2024-11-12,0.0,011200
2024-11-13,0.0,011200
2024-11-14,0.0,011200
2024-11-15,0.0,011200
2024-11-18,0.0,011200
2024-11-19,0.0,011200
2024-11-20,0.0,011200
2024-11-21,0.0,011200
2024-11-22,0.0,011200
2024-11-25,0.0,011200
2024-11-26,0.0,011200
2024-11-27,0.0,011200
2024-11-28,0.5,011200
2024-11-29,0.8,011200
2024-12-02,0.0,011200
2024-12-03,0.7,011200
2024-12-04,0.0,011200
2024-12-05,1.0,011200
2024-12-06,1.0,011200
2024-12-09,0.0,011200
2024-12-10,1.0,011200
2024-12-11,1.0,011200
2024-12-12,1.0,011200
2024-12-13,0.7,011200
2024-12-16,0.7,011200
2024-12-17,0.0,011200
2024-12-18,0.0,011200
2024-12-19,0.0,011200
2024-12-20,0.7,011200
2024-12-23,0.0,011200
2024-12-24,0.0,011200
2024-12-26,0.0,011200
2024-12-27,0.0,011200
2024-12-30,0.0,011200
2025-01-02,0.0,011200
2025-01-03,0.7,011200
2025-01-06,1.0,011200
2025-01-07,0.7,011200
2025-01-08,1.0,011200
2025-01-09,1.0,011200
2025-01-10,0.7,011200
2025-01-13,0.7,011200
2025-01-14,0.7,011200
2025-01-15,1.0,011200
2025-01-16,1.0,011200
2025-01-17,1.0,011200
2025-01-20,0.0,011200
2025-01-21,0.0,011200
2025-01-22,0.5,011200
2025-01-23,0.5,011200
2025-01-24,0.0,011200
2025-01-31,1.0,011200
2025-02-03,0.14,011200
2025-02-04,0.14,011200
2025-02-05,0.14,011200
2025-02-06,0.14,011200
2025-02-07,0.14,011200
2025-02-10,0.0,011200
2025-02-11,0.14,011200
2025-02-12,0.0,011200
2025-02-13,0.0,011200
2025-02-14,0.0,011200
2025-02-17,0.0,011200
2025-02-18,0.0,011200
2025-02-19,0.0,011200
2025-02-20,0.7,011200
2025-02-21,0.7,011200
2025-02-24,1.0,011200
2025-02-25,1.0,011200
2025-02-26,0.8,011200
2025-02-27,0.8,011200
2025-02-28,0.5,011200
2025-03-04,0.8,011200
2025-03-05,0.8,011200
2025-03-06,0.8,011200
2025-03-07,0.8,011200
2025-03-10,0.8,011200
2025-03-11,0.8,011200
2025-03-12,0.8,011200
2025-03-13,0.8,011200
2025-03-14,0.8,011200
2025-03-17,0.8,011200
2025-03-18,0.8,011200
2025-03-19,0.14,011200
2025-03-20,0.14,011200
2025-03-21,0.14,011200
2025-03-24,0.14,011200
2025-03-25,0.14,011200
2025-03-26,0.14,011200
2025-03-27,0.14,011200
2025-03-28,0.14,011200
2025-03-31,0.14,011200
2025-04-01,0.14,011200
2025-04-02,0.14,011200
2025-04-03,0.14,011200
2025-04-04,0.14,011200
2025-04-07,0.0,011200
2025-04-08,0.0,011200
2025-04-09,0.0,011200
2025-04-10,0.0,011200
2025-04-11,0.0,011200
2025-04-14,0.0,011200
2025-04-15,0.0,011200
2025-04-16,0.0,011200
2025-04-17,0.0,011200
2025-04-18,0.0,011200
2025-04-21,0.0,011200
2025-04-22,0.0,011200
2025-04-23,0.0,011200
2025-04-24,0.0,011200
2025-04-25,0.0,011200
2025-04-28,0.0,011200
2025-04-29,0.0,011200
2025-04-30,0.0,011200
2025-05-02,0.0,011200
2025-05-07,0.0,011200
2025-05-08,0.0,011200
2025-05-09,0.0,011200
2025-05-12,1.0,011200
2025-05-13,1.0,011200
2025-05-14,1.0,011200
2025-05-15,1.0,011200
2025-05-16,1.0,011200
2025-05-19,1.0,011200
2025-05-20,1.0,011200
2025-05-21,0.8,011200
2025-05-22,0.8,011200
2025-05-23,0.8,011200
2025-05-26,0.8,011200
2025-05-27,0.8,011200
2025-05-28,0.8,011200
2025-05-29,0.8,011200
2025-05-30,0.8,011200
2025-06-02,0.8,011200
2025-06-04,0.8,011200
2025-06-05,0.8,011200
2025-06-09,0.8,011200
2025-06-10,0.8,011200
2025-06-11,1.0,011200
2025-06-12,1.0,011200
2025-06-13,0.8,011200
2025-06-16,0.8,011200
2025-06-17,0.5,011200
2025-06-18,0.5,011200
2025-06-19,0.5,011200
2025-06-20,0.5,011200
2025-06-23,0.8,011200
2025-06-24,0.5,011200
2025-06-25,0.5,011200
2025-06-26,0.8,011200
2025-06-27,0.14,011200
2025-06-30,0.14,011200
2025-07-01,0.8,011200
2025-07-02,0.5,011200
2025-07-03,1.0,011200
2025-07-04,1.0,011200
2025-07-07,1.0,011200
2025-07-08,1.0,011200
2025-07-09,1.0,011200
2025-07-10,1.0,011200
2025-07-11,1.0,011200
2025-07-14,0.7,011200
2025-07-15,1.0,011200
2025-07-16,1.0,011200
2025-07-17,1.0,011200
2025-07-18,1.0,011200
2025-07-21,0.7,011200
2025-07-22,1.0,011200
2025-07-23,1.0,011200
2025-07-24,1.0,011200
2025-07-25,1.0,011200
2025-07-28,0.14,011200
2025-07-29,0.14,011200
2025-07-30,0.14,011200
2025-07-31,0.14,011200
2025-08-01,0.0,011200
2025-08-04,0.0,011200
2025-08-05,0.0,011200
2025-08-06,0.0,011200
2025-08-07,0.0,011200
2025-08-08,0.0,011200
2025-08-11,0.0,011200
2025-08-12,0.0,011200
2025-08-13,0.0,011200
2025-08-14,0.0,011200
2025-08-18,0.7,011200
2025-08-19,0.0,011200
2025-08-20,0.0,011200
2025-08-21,0.0,011200
2025-08-22,0.0,011200
2025-08-25,0.0,011200
2025-08-26,0.0,011200
2025-08-27,0.0,011200
2025-08-28,0.0,011200
2025-08-29,0.0,011200
2025-09-01,0.0,011200
2025-09-02,0.0,011200
2025-09-03,0.0,011200
2025-09-04,0.0,011200
2025-09-05,0.7,011200
2025-09-08,0.7,011200
2025-09-09,0.7,011200
2025-09-10,1.0,011200
2025-09-11,1.0,011200
2025-09-12,1.0,011200
2025-09-15,0.7,011200
2025-09-16,0.7,011200
2025-09-17,0.7,011200
2025-09-18,0.7,011200
2025-09-19,0.0,011200
2025-09-22,0.0,011200
2025-09-23,0.0,011200
2025-09-24,0.0,011200
2025-09-25,0.0,011200
2025-09-26,0.0,011200
2025-09-29,0.0,011200
2025-09-30,0.0,011200
2025-10-01,0.0,011200
2025-10-02,0.0,011200
2025-10-10,0.0,011200
2025-10-13,0.0,011200
2025-10-14,0.0,011200
2025-10-15,0.0,011200
2025-10-16,0.0,011200
2025-10-17,0.0,011200
2025-10-20,0.0,011200
2025-10-21,0.0,011200
2025-10-22,0.7,011200
2025-10-23,0.7,011200
2025-10-24,0.0,011200
2025-10-27,0.7,011200
2025-10-28,0.7,011200
2025-10-29,0.7,011200
2025-10-30,0.7,011200
2025-10-31,0.7,011200
2025-11-03,0.0,011200
2025-11-04,0.0,011200
2025-11-05,0.0,011200
2025-11-06,0.0,011200
2025-11-07,0.0,011200
2025-11-10,0.0,011200
2025-11-11,0.0,011200
2025-11-12,0.0,011200
2025-11-13,0.0,011200
2025-11-14,0.0,011200
2025-11-17,0.0,011200
2025-11-18,0.0,011200
2025-11-19,0.0,011200
2025-11-20,0.0,011200
2025-11-21,0.0,011200
2025-11-24,0.0,011200
2025-11-25,0.0,011200
2025-11-26,0.0,011200
2025-11-27,0.0,011200
2025-11-28,0.0,011200
2024-11-01,0.0,003490
2024-11-04,0.0,003490
2024-11-05,0.0,003490
2024-11-06,0.0,003490
2024-11-07,0.0,003490
2024-11-08,0.0,003490
2024-11-11,0.0,003490
2024-11-12,0.0,003490
2024-11-13,0.0,003490
2024-11-14,0.0,003490
2024-11-15,0.0,003490
2024-11-18,0.0,003490
2024-11-19,0.0,003490
2024-11-20,0.0,003490
2024-11-21,0.0,003490
2024-11-22,0.0,003490
2024-11-25,0.0,003490
2024-11-26,0.0,003490
2024-11-27,0.0,003490
2024-11-28,0.7,003490
2024-11-29,1.0,003490
2024-12-02,1.0,003490
2024-12-03,0.7,003490
2024-12-04,0.7,003490
2024-12-05,0.7,003490
2024-12-06,0.0,003490
2024-12-09,0.0,003490
2024-12-10,0.0,003490
2024-12-11,0.0,003490
2024-12-12,0.0,003490
2024-12-13,0.0,003490
2024-12-16,0.0,003490
2024-12-17,0.0,003490
2024-12-18,0.7,003490
2024-12-19,0.0,003490
2024-12-20,0.0,003490
2024-12-23,0.0,003490
2024-12-24,0.0,003490
2024-12-26,0.0,003490
2024-12-27,0.0,003490
2024-12-30,0.0,003490
2025-01-02,0.0,003490
2025-01-03,0.0,003490
2025-01-06,0.0,003490
2025-01-07,0.0,003490
2025-01-08,0.0,003490
2025-01-09,0.0,003490
2025-01-10,0.0,003490
2025-01-13,0.0,003490
2025-01-14,0.0,003490
2025-01-15,0.0,003490
2025-01-16,0.0,003490
2025-01-17,0.7,003490
2025-01-20,0.7,003490
2025-01-21,0.7,003490
2025-01-22,0.7,003490
2025-01-23,0.7,003490
2025-01-24,0.7,003490
2025-01-31,0.7,003490
2025-02-03,0.0,003490
2025-02-04,0.7,003490
2025-02-05,0.7,003490
2025-02-06,0.7,003490
2025-02-07,0.0,003490
2025-02-10,0.7,003490
2025-02-11,0.0,003490
2025-02-12,0.0,003490
2025-02-13,0.0,003490
2025-02-14,0.0,003490
2025-02-17,1.0,003490
2025-02-18,0.7,003490
2025-02-19,0.7,003490
2025-02-20,0.7,003490
2025-02-21,0.7,003490
2025-02-24,0.7,003490
2025-02-25,0.7,003490
2025-02-26,0.7,003490
2025-02-27,0.7,003490
2025-02-28,0.0,003490
2025-03-04,0.0,003490
2025-03-05,0.0,003490
2025-03-06,0.7,003490
2025-03-07,0.7,003490
2025-03-10,0.7,003490
2025-03-11,0.0,003490
2025-03-12,0.0,003490
2025-03-13,0.0,003490
2025-03-14,0.0,003490
2025-03-17,0.0,003490
2025-03-18,0.0,003490
2025-03-19,0.0,003490
2025-03-20,0.0,003490
2025-03-21,0.0,003490
2025-03-24,0.0,003490
2025-03-25,0.0,003490
2025-03-26,0.0,003490
2025-03-27,0.0,003490
2025-03-28,0.0,003490
2025-03-31,0.0,003490
2025-04-01,0.0,003490
2025-04-02,0.0,003490
2025-04-03,0.0,003490
2025-04-04,0.0,003490
2025-04-07,0.0,003490
2025-04-08,0.0,003490
2025-04-09,0.0,003490
2025-04-10,0.0,003490
2025-04-11,0.0,003490
2025-04-14,0.0,003490
2025-04-15,0.0,003490
2025-04-16,0.0,003490
2025-04-17,0.0,003490
2025-04-18,0.0,003490
2025-04-21,0.0,003490
2025-04-22,0.0,003490
2025-04-23,0.0,003490
2025-04-24,0.0,003490
2025-04-25,0.0,003490
2025-04-28,0.0,003490
2025-04-29,0.7,003490
2025-04-30,0.7,003490
2025-05-02,0.7,003490
2025-05-07,1.0,003490
2025-05-08,1.0,003490
2025-05-09,1.0,003490
2025-05-12,1.0,003490
2025-05-13,0.7,003490
2025-05-14,1.0,003490
2025-05-15,1.0,003490
2025-05-16,1.0,003490
2025-05-19,1.0,003490
2025-05-20,1.0,003490
2025-05-21,1.0,003490
2025-05-22,1.0,003490
2025-05-23,1.0,003490
2025-05-26,1.0,003490
2025-05-27,1.0,003490
2025-05-28,1.0,003490
2025-05-29,1.0,003490
2025-05-30,1.0,003490
2025-06-02,1.0,003490
2025-06-04,1.0,003490
2025-06-05,0.7,003490
2025-06-09,0.7,003490
2025-06-10,0.7,003490
2025-06-11,0.7,003490
2025-06-12,0.14,003490
2025-06-13,0.0,003490
2025-06-16,0.0,003490
2025-06-17,0.0,003490
2025-06-18,0.0,003490
2025-06-19,0.0,003490
2025-06-20,0.0,003490
2025-06-23,0.0,003490
2025-06-24,0.7,003490
2025-06-25,0.7,003490
2025-06-26,1.0,003490
2025-06-27,0.7,003490
2025-06-30,0.7,003490
2025-07-01,0.7,003490
2025-07-02,0.7,003490
2025-07-03,1.0,003490
2025-07-04,0.7,003490
2025-07-07,0.7,003490
2025-07-08,0.7,003490
2025-07-09,0.7,003490
2025-07-10,1.0,003490
2025-07-11,1.0,003490
2025-07-14,1.0,003490
2025-07-15,1.0,003490
2025-07-16,1.0,003490
2025-07-17,1.0,003490
2025-07-18,1.0,003490
2025-07-21,1.0,003490
2025-07-22,1.0,003490
2025-07-23,1.0,003490
2025-07-24,0.7,003490
2025-07-25,0.14,003490
2025-07-28,0.14,003490
2025-07-29,0.14,003490
2025-07-30,0.14,003490
2025-07-31,0.14,003490
2025-08-01,0.0,003490
2025-08-04,0.0,003490
2025-08-05,0.0,003490
2025-08-06,0.14,003490
2025-08-07,0.14,003490
2025-08-08,0.14,003490
2025-08-11,0.14,003490
2025-08-12,0.14,003490
2025-08-13,0.7,003490
2025-08-14,0.7,003490
2025-08-18,0.7,003490
2025-08-19,0.7,003490
2025-08-20,0.7,003490
2025-08-21,0.7,003490
2025-08-22,0.7,003490
2025-08-25,1.0,003490
2025-08-26,0.7,003490
2025-08-27,0.14,003490
2025-08-28,0.0,003490
2025-08-29,0.0,003490
2025-09-01,0.0,003490
2025-09-02,0.0,003490
2025-09-03,0.0,003490
2025-09-04,0.0,003490
2025-09-05,0.0,003490
2025-09-08,0.0,003490
2025-09-09,0.0,003490
2025-09-10,0.0,003490
2025-09-11,0.0,003490
2025-09-12,0.0,003490
2025-09-15,0.0,003490
2025-09-16,0.0,003490
2025-09-17,0.0,003490
2025-09-18,0.0,003490
2025-09-19,0.0,003490
2025-09-22,0.0,003490
2025-09-23,0.0,003490
2025-09-24,0.0,003490
2025-09-25,0.0,003490
2025-09-26,0.0,003490
2025-09-29,0.0,003490
2025-09-30,0.0,003490
2025-10-01,0.0,003490
2025-10-02,0.0,003490
2025-10-10,0.0,003490
2025-10-13,0.0,003490
2025-10-14,0.0,003490
2025-10-15,0.0,003490
2025-10-16,0.0,003490
2025-10-17,0.0,003490
2025-10-20,0.0,003490
2025-10-21,0.0,003490
2025-10-22,0.7,003490
2025-10-23,0.0,003490
2025-10-24,0.0,003490
2025-10-27,0.0,003490
2025-10-28,0.0,003490
2025-10-29,0.0,003490
2025-10-30,0.7,003490
2025-10-31,0.0,003490
2025-11-03,0.0,003490
2025-11-04,0.0,003490
2025-11-05,0.0,003490
2025-11-06,0.0,003490
2025-11-07,0.0,003490
2025-11-10,0.0,003490
2025-11-11,0.0,003490
2025-11-12,0.7,003490
2025-11-13,0.7,003490
2025-11-14,0.0,003490
2025-11-17,0.0,003490
2025-11-18,0.0,003490
2025-11-19,0.0,003490
2025-11-20,0.0,003490
2025-11-21,0.0,003490
2025-11-24,0.0,003490
2025-11-25,0.0,003490
2025-11-26,0.0,003490
2025-11-27,0.7,003490
2025-11-28,0.7,003490
2024-11-01,0.0,010950
2024-11-04,0.0,010950
2024-11-05,0.0,010950
2024-11-06,0.0,010950
2024-11-07,0.0,010950
2024-11-08,0.0,010950
2024-11-11,0.0,010950
2024-11-12,0.0,010950
2024-11-13,0.0,010950
2024-11-14,0.0,010950
2024-11-15,0.0,010950
2024-11-18,0.0,010950
2024-11-19,0.0,010950
2024-11-20,0.0,010950
2024-11-21,0.0,010950
2024-11-22,0.0,010950
2024-11-25,0.0,010950
2024-11-26,0.0,010950
2024-11-27,0.0,010950
2024-11-28,0.7,010950
2024-11-29,0.0,010950
2024-12-02,0.0,010950
2024-12-03,0.0,010950
2024-12-04,0.0,010950
2024-12-05,0.0,010950
2024-12-06,0.0,010950
2024-12-09,0.0,010950
2024-12-10,0.0,010950
2024-12-11,0.0,010950
2024-12-12,0.7,010950
2024-12-13,1.0,010950
2024-12-16,0.7,010950
2024-12-17,0.0,010950
2024-12-18,0.0,010950
2024-12-19,0.0,010950
2024-12-20,0.0,010950
2024-12-23,0.0,010950
2024-12-24,0.0,010950
2024-12-26,0.0,010950
2024-12-27,0.0,010950
2024-12-30,0.0,010950
2025-01-02,0.0,010950
2025-01-03,0.7,010950
2025-01-06,0.7,010950
2025-01-07,1.0,010950
2025-01-08,1.0,010950
2025-01-09,1.0,010950
2025-01-10,1.0,010950
2025-01-13,1.0,010950
2025-01-14,1.0,010950
2025-01-15,1.0,010950
2025-01-16,1.0,010950
2025-01-17,1.0,010950
2025-01-20,1.0,010950
2025-01-21,1.0,010950
2025-01-22,1.0,010950
2025-01-23,1.0,010950
2025-01-24,1.0,010950
2025-01-31,1.0,010950
2025-02-03,0.14,010950
2025-02-04,0.14,010950
2025-02-05,0.14,010950
2025-02-06,0.14,010950
2025-02-07,0.0,010950
2025-02-10,0.0,010950
2025-02-11,0.14,010950
2025-02-12,0.14,010950
2025-02-13,0.14,010950
2025-02-14,0.14,010950
2025-02-17,0.7,010950
2025-02-18,0.7,010950
2025-02-19,0.7,010950
2025-02-20,0.7,010950
2025-02-21,0.14,010950
2025-02-24,0.14,010950
2025-02-25,0.0,010950
2025-02-26,0.0,010950
2025-02-27,0.0,010950
2025-02-28,0.0,010950
2025-03-04,0.0,010950
2025-03-05,0.0,010950
2025-03-06,0.0,010950
2025-03-07,0.0,010950
2025-03-10,1.0,010950
2025-03-11,0.7,010950
2025-03-12,0.7,010950
2025-03-13,0.7,010950
2025-03-14,0.0,010950
2025-03-17,0.0,010950
2025-03-18,0.0,010950
2025-03-19,0.0,010950
2025-03-20,0.0,010950
2025-03-21,0.0,010950
2025-03-24,0.0,010950
2025-03-25,0.0,010950
2025-03-26,0.0,010950
2025-03-27,0.0,010950
2025-03-28,0.0,010950
2025-03-31,0.0,010950
2025-04-01,0.0,010950
2025-04-02,0.0,010950
2025-04-03,0.0,010950
2025-04-04,0.0,010950
2025-04-07,0.0,010950
2025-04-08,0.0,010950
2025-04-09,0.0,010950
2025-04-10,0.0,010950
2025-04-11,0.0,010950
2025-04-14,0.0,010950
2025-04-15,0.0,010950
2025-04-16,0.0,010950
2025-04-17,0.0,010950
2025-04-18,0.0,010950
2025-04-21,0.0,010950
2025-04-22,0.0,010950
2025-04-23,0.0,010950
2025-04-24,0.0,010950
2025-04-25,0.0,010950
2025-04-28,0.0,010950
2025-04-29,0.0,010950
2025-04-30,0.0,010950
2025-05-02,0.7,010950
2025-05-07,0.7,010950
2025-05-08,0.7,010950
2025-05-09,0.7,010950
2025-05-12,0.7,010950
2025-05-13,0.7,010950
2025-05-14,0.7,010950
2025-05-15,0.0,010950
2025-05-16,0.0,010950
2025-05-19,0.0,010950
2025-05-20,0.0,010950
2025-05-21,0.0,010950
2025-05-22,0.0,010950
2025-05-23,0.0,010950
2025-05-26,0.7,010950
2025-05-27,1.0,010950
2025-05-28,1.0,010950
2025-05-29,1.0,010950
2025-05-30,0.7,010950
2025-06-02,1.0,010950
2025-06-04,1.0,010950
2025-06-05,1.0,010950
2025-06-09,1.0,010950
2025-06-10,1.0,010950
2025-06-11,1.0,010950
2025-06-12,1.0,010950
2025-06-13,1.0,010950
2025-06-16,0.8,010950
2025-06-17,0.8,010950
2025-06-18,0.8,010950
2025-06-19,0.8,010950
2025-06-20,0.8,010950
2025-06-23,0.8,010950
2025-06-24,0.14,010950
2025-06-25,0.14,010950
2025-06-26,0.14,010950
2025-06-27,0.14,010950
2025-06-30,0.8,010950
2025-07-01,0.8,010950
2025-07-02,0.8,010950
2025-07-03,1.0,010950
2025-07-04,1.0,010950
2025-07-07,1.0,010950
2025-07-08,0.7,010950
2025-07-09,1.0,010950
2025-07-10,1.0,010950
2025-07-11,0.7,010950
2025-07-14,0.7,010950
2025-07-15,0.7,010950
2025-07-16,0.7,010950
2025-07-17,0.7,010950
2025-07-18,0.7,010950
2025-07-21,0.7,010950
2025-07-22,1.0,010950
2025-07-23,1.0,010950
2025-07-24,0.14,010950
2025-07-25,0.14,010950
2025-07-28,0.14,010950
2025-07-29,0.14,010950
2025-07-30,0.7,010950
2025-07-31,0.7,010950
2025-08-01,0.14,010950
2025-08-04,0.14,010950
2025-08-05,0.14,010950
2025-08-06,0.7,010950
2025-08-07,0.14,010950
2025-08-08,0.14,010950
2025-08-11,0.14,010950
2025-08-12,0.14,010950
2025-08-13,0.14,010950
2025-08-14,0.14,010950
2025-08-18,0.14,010950
2025-08-19,0.14,010950
2025-08-20,0.14,010950
2025-08-21,0.7,010950
2025-08-22,0.0,010950
2025-08-25,0.0,010950
2025-08-26,0.0,010950
2025-08-27,0.0,010950
2025-08-28,0.0,010950
2025-08-29,0.0,010950
2025-09-01,0.0,010950
2025-09-02,0.0,010950
2025-09-03,0.0,010950
2025-09-04,0.0,010950
2025-09-05,0.0,010950
2025-09-08,0.0,010950
2025-09-09,0.0,010950
2025-09-10,0.0,010950
2025-09-11,0.7,010950
2025-09-12,0.0,010950
2025-09-15,0.0,010950
2025-09-16,0.0,010950
2025-09-17,0.0,010950
2025-09-18,0.0,010950
2025-09-19,0.0,010950
2025-09-22,0.0,010950
2025-09-23,0.0,010950
2025-09-24,0.7,010950
2025-09-25,0.7,010950
2025-09-26,0.7,010950
2025-09-29,1.0,010950
2025-09-30,1.0,010950
2025-10-01,0.7,010950
2025-10-02,0.7,010950
2025-10-10,1.0,010950
2025-10-13,1.0,010950
2025-10-14,1.0,010950
2025-10-15,1.0,010950
2025-10-16,1.0,010950
2025-10-17,1.0,010950
2025-10-20,1.0,010950
2025-10-21,1.0,010950
2025-10-22,1.0,010950
2025-10-23,1.0,010950
2025-10-24,1.0,010950
2025-10-27,1.0,010950
2025-10-28,1.0,010950
2025-10-29,1.0,010950
2025-10-30,1.0,010950
2025-10-31,1.0,010950
2025-11-03,1.0,010950
2025-11-04,1.0,010950
2025-11-05,0.8,010950
2025-11-06,0.8,010950
2025-11-07,0.8,010950
2025-11-10,0.8,010950
2025-11-11,0.8,010950
2025-11-12,0.8,010950
2025-11-13,0.8,010950
2025-11-14,0.8,010950
2025-11-17,0.8,010950
2025-11-18,0.8,010950
2025-11-19,0.8,010950
2025-11-20,0.8,010950
2025-11-21,0.8,010950
2025-11-24,0.8,010950
2025-11-25,0.14,010950
2025-11-26,0.14,010950
2025-11-27,0.14,010950
2025-11-28,0.14,010950
2024-11-01,0.0,009540
2024-11-04,0.0,009540
2024-11-05,0.0,009540
2024-11-06,0.0,009540
2024-11-07,0.0,009540
2024-11-08,0.0,009540
2024-11-11,0.0,009540
2024-11-12,0.0,009540
2024-11-13,0.0,009540
2024-11-14,0.0,009540
2024-11-15,0.0,009540
2024-11-18,0.0,009540
2024-11-19,0.0,009540
2024-11-20,0.0,009540
2024-11-21,0.0,009540
2024-11-22,0.0,009540
2024-11-25,0.0,009540
2024-11-26,0.0,009540
2024-11-27,0.0,009540
2024-11-28,0.5,009540
2024-11-29,0.8,009540
2024-12-02,0.0,009540
2024-12-03,0.0,009540
2024-12-04,0.0,009540
2024-12-05,0.0,009540
2024-12-06,0.0,009540
2024-12-09,0.0,009540
2024-12-10,0.0,009540
2024-12-11,0.8,009540
2024-12-12,0.8,009540
2024-12-13,0.8,009540
2024-12-16,0.8,009540
2024-12-17,0.5,009540
2024-12-18,0.5,009540
2024-12-19,0.8,009540
2024-12-20,0.8,009540
2024-12-23,0.8,009540
2024-12-24,0.5,009540
2024-12-26,0.8,009540
2024-12-27,0.8,009540
2024-12-30,0.8,009540
2025-01-02,0.8,009540
2025-01-03,0.8,009540
2025-01-06,0.8,009540
2025-01-07,0.8,009540
2025-01-08,0.8,009540
2025-01-09,0.8,009540
2025-01-10,0.8,009540
2025-01-13,0.8,009540
2025-01-14,0.8,009540
2025-01-15,1.0,009540
2025-01-16,1.0,009540
2025-01-17,1.0,009540
2025-01-20,1.0,009540
2025-01-21,1.0,009540
2025-01-22,1.0,009540
2025-01-23,0.0,009540
2025-01-24,0.0,009540
2025-01-31,0.0,009540
2025-02-03,0.14,009540
2025-02-04,0.14,009540
2025-02-05,0.14,009540
2025-02-06,0.14,009540
2025-02-07,0.14,009540
2025-02-10,0.14,009540
2025-02-11,0.14,009540
2025-02-12,0.5,009540
2025-02-13,0.5,009540
2025-02-14,0.14,009540
2025-02-17,0.14,009540
2025-02-18,0.5,009540
2025-02-19,0.5,009540
2025-02-20,0.0,009540
2025-02-21,0.0,009540
2025-02-24,0.0,009540
2025-02-25,0.14,009540
2025-02-26,0.14,009540
2025-02-27,0.0,009540
2025-02-28,0.0,009540
2025-03-04,0.5,009540
2025-03-05,0.8,009540
2025-03-06,0.8,009540
2025-03-07,0.5,009540
2025-03-10,0.5,009540
2025-03-11,0.0,009540
2025-03-12,0.0,009540
2025-03-13,0.0,009540
2025-03-14,0.0,009540
2025-03-17,0.0,009540
2025-03-18,0.0,009540
2025-03-19,0.0,009540
2025-03-20,0.0,009540
2025-03-21,0.0,009540
2025-03-24,0.0,009540
2025-03-25,0.0,009540
2025-03-26,0.0,009540
2025-03-27,0.0,009540
2025-03-28,0.0,009540
2025-03-31,0.0,009540
2025-04-01,0.0,009540
2025-04-02,0.0,009540
2025-04-03,0.0,009540
2025-04-04,0.0,009540
2025-04-07,0.0,009540
2025-04-08,0.0,009540
2025-04-09,0.0,009540
2025-04-10,0.5,009540
2025-04-11,0.5,009540
2025-04-14,0.5,009540
2025-04-15,0.5,009540
2025-04-16,0.5,009540
2025-04-17,1.0,009540
2025-04-18,0.8,009540
2025-04-21,0.8,009540
2025-04-22,0.8,009540
2025-04-23,0.8,009540
2025-04-24,0.8,009540
2025-04-25,1.0,009540
2025-04-28,1.0,009540
2025-04-29,1.0,009540
2025-04-30,1.0,009540
2025-05-02,1.0,009540
2025-05-07,1.0,009540
2025-05-08,1.0,009540
2025-05-09,1.0,009540
2025-05-12,0.8,009540
2025-05-13,0.8,009540
2025-05-14,0.8,009540
2025-05-15,0.8,009540
2025-05-16,0.8,009540
2025-05-19,0.8,009540
2025-05-20,0.8,009540
2025-05-21,0.8,009540
2025-05-22,1.0,009540
2025-05-23,1.0,009540
2025-05-26,1.0,009540
2025-05-27,1.0,009540
2025-05-28,1.0,009540
2025-05-29,0.8,009540
2025-05-30,1.0,009540
2025-06-02,1.0,009540
2025-06-04,1.0,009540
2025-06-05,0.8,009540
2025-06-09,0.8,009540
2025-06-10,0.8,009540
2025-06-11,0.8,009540
2025-06-12,0.8,009540
2025-06-13,0.8,009540
2025-06-16,0.8,009540
2025-06-17,0.8,009540
2025-06-18,0.8,009540
2025-06-19,0.8,009540
2025-06-20,0.8,009540
2025-06-23,0.8,009540
2025-06-24,0.8,009540
2025-06-25,0.8,009540
2025-06-26,0.8,009540
2025-06-27,0.8,009540
2025-06-30,0.8,009540
2025-07-01,0.8,009540
2025-07-02,0.14,009540
2025-07-03,0.14,009540
2025-07-04,0.14,009540
2025-07-07,0.14,009540
2025-07-08,0.14,009540
2025-07-09,0.14,009540
2025-07-10,0.14,009540
2025-07-11,0.14,009540
2025-07-14,0.14,009540
2025-07-15,0.14,009540
2025-07-16,0.14,009540
2025-07-17,0.14,009540
2025-07-18,0.14,009540
2025-07-21,0.7,009540
2025-07-22,0.7,009540
2025-07-23,0.14,009540
2025-07-24,0.7,009540
2025-07-25,0.7,009540
2025-07-28,0.7,009540
2025-07-29,0.7,009540
2025-07-30,0.7,009540
2025-07-31,1.0,009540
2025-08-01,0.8,009540
2025-08-04,0.8,009540
2025-08-05,0.8,009540
2025-08-06,0.8,009540
2025-08-07,0.8,009540
2025-08-08,0.8,009540
2025-08-11,0.8,009540
2025-08-12,0.8,009540
2025-08-13,0.8,009540
2025-08-14,0.8,009540
2025-08-18,0.8,009540
2025-08-19,0.5,009540
2025-08-20,0.14,009540
2025-08-21,0.14,009540
2025-08-22,0.8,009540
2025-08-25,0.5,009540
2025-08-26,0.0,009540
2025-08-27,0.8,009540
2025-08-28,0.8,009540
2025-08-29,0.8,009540
2025-09-01,0.8,009540
2025-09-02,0.8,009540
2025-09-03,0.8,009540
2025-09-04,0.8,009540
2025-09-05,0.8,009540
2025-09-08,0.8,009540
2025-09-09,0.8,009540
2025-09-10,0.8,009540
2025-09-11,0.8,009540
2025-09-12,0.8,009540
2025-09-15,0.8,009540
2025-09-16,1.0,009540
2025-09-17,1.0,009540
2025-09-18,1.0,009540
2025-09-19,1.0,009540
2025-09-22,0.14,009540
2025-09-23,0.14,009540
2025-09-24,0.14,009540
2025-09-25,0.14,009540
2025-09-26,0.14,009540
2025-09-29,0.14,009540
2025-09-30,0.14,009540
2025-10-01,0.7,009540
2025-10-02,0.7,009540
2025-10-10,0.7,009540
2025-10-13,0.7,009540
2025-10-14,0.14,009540
2025-10-15,0.7,009540
2025-10-16,0.7,009540
2025-10-17,0.7,009540
2025-10-20,0.7,009540
2025-10-21,1.0,009540
2025-10-22,1.0,009540
2025-10-23,1.0,009540
2025-10-24,1.0,009540
2025-10-27,1.0,009540
2025-10-28,0.8,009540
2025-10-29,0.8,009540
2025-10-30,0.8,009540
2025-10-31,0.8,009540
2025-11-03,0.8,009540
2025-11-04,0.8,009540
2025-11-05,0.14,009540
2025-11-06,0.14,009540
2025-11-07,0.14,009540
2025-11-10,0.14,009540
2025-11-11,0.14,009540
2025-11-12,0.14,009540
2025-11-13,0.14,009540
2025-11-14,0.14,009540
2025-11-17,0.14,009540
2025-11-18,0.14,009540
2025-11-19,0.0,009540
2025-11-20,0.14,009540
2025-11-21,0.0,009540
2025-11-24,0.14,009540
2025-11-25,0.0,009540
2025-11-26,0.14,009540
2025-11-27,0.14,009540
2025-11-28,0.0,009540
2024-11-01,0.0,033780
2024-11-04,0.0,033780
2024-11-05,0.0,033780
2024-11-06,0.0,033780
2024-11-07,0.0,033780
2024-11-08,0.0,033780
2024-11-11,0.0,033780
2024-11-12,0.0,033780
2024-11-13,0.0,033780
2024-11-14,0.0,033780
2024-11-15,0.0,033780
2024-11-18,0.0,033780
2024-11-19,0.0,033780
2024-11-20,0.0,033780
2024-11-21,0.0,033780
2024-11-22,0.0,033780
2024-11-25,0.0,033780
2024-11-26,0.0,033780
2024-11-27,0.0,033780
2024-11-28,0.7,033780
2024-11-29,1.0,033780
2024-12-02,1.0,033780
2024-12-03,1.0,033780
2024-12-04,1.0,033780
2024-12-05,1.0,033780
2024-12-06,0.0,033780
2024-12-09,0.0,033780
2024-12-10,0.0,033780
2024-12-11,0.0,033780
2024-12-12,0.0,033780
2024-12-13,0.0,033780
2024-12-16,0.0,033780
2024-12-17,0.0,033780
2024-12-18,0.0,033780
2024-12-19,0.0,033780
2024-12-20,0.0,033780
2024-12-23,0.0,033780
2024-12-24,0.0,033780
2024-12-26,0.0,033780
2024-12-27,0.0,033780
2024-12-30,0.0,033780
2025-01-02,0.0,033780
2025-01-03,0.0,033780
2025-01-06,0.0,033780
2025-01-07,0.0,033780
2025-01-08,0.0,033780
2025-01-09,0.0,033780
2025-01-10,0.0,033780
2025-01-13,0.7,033780
2025-01-14,0.7,033780
2025-01-15,0.0,033780
2025-01-16,0.0,033780
2025-01-17,0.0,033780
2025-01-20,0.0,033780
2025-01-21,0.0,033780
2025-01-22,0.0,033780
2025-01-23,0.0,033780
2025-01-24,0.0,033780
2025-01-31,0.7,033780
2025-02-03,1.0,033780
2025-02-04,0.7,033780
2025-02-05,0.7,033780
2025-02-06,1.0,033780
2025-02-07,0.7,033780
2025-02-10,0.7,033780
2025-02-11,0.7,033780
2025-02-12,0.0,033780
2025-02-13,0.0,033780
2025-02-14,0.0,033780
2025-02-17,0.0,033780
2025-02-18,0.0,033780
2025-02-19,0.0,033780
2025-02-20,0.0,033780
2025-02-21,0.0,033780
2025-02-24,0.0,033780
2025-02-25,0.0,033780
2025-02-26,0.0,033780
2025-02-27,0.0,033780
2025-02-28,0.0,033780
2025-03-04,0.0,033780
2025-03-05,0.0,033780
2025-03-06,0.0,033780
2025-03-07,0.0,033780
2025-03-10,0.0,033780
2025-03-11,0.0,033780
2025-03-12,0.0,033780
2025-03-13,0.0,033780
2025-03-14,0.0,033780
2025-03-17,0.0,033780
2025-03-18,0.0,033780
2025-03-19,0.0,033780
2025-03-20,0.7,033780
2025-03-21,0.7,033780
2025-03-24,0.7,033780
2025-03-25,0.7,033780
2025-03-26,0.7,033780
2025-03-27,0.7,033780
2025-03-28,0.7,033780
2025-03-31,0.7,033780
2025-04-01,0.7,033780
2025-04-02,1.0,033780
2025-04-03,0.7,033780
2025-04-04,1.0,033780
2025-04-07,0.7,033780
2025-04-08,1.0,033780
2025-04-09,1.0,033780
2025-04-10,1.0,033780
2025-04-11,1.0,033780
2025-04-14,1.0,033780
2025-04-15,1.0,033780
2025-04-16,1.0,033780
2025-04-17,1.0,033780
2025-04-18,1.0,033780
2025-04-21,1.0,033780
2025-04-22,1.0,033780
2025-04-23,1.0,033780
2025-04-24,1.0,033780
2025-04-25,1.0,033780
2025-04-28,1.0,033780
2025-04-29,1.0,033780
2025-04-30,1.0,033780
2025-05-02,1.0,033780
2025-05-07,1.0,033780
2025-05-08,1.0,033780
2025-05-09,1.0,033780
2025-05-12,1.0,033780
2025-05-13,1.0,033780
2025-05-14,1.0,033780
2025-05-15,1.0,033780
2025-05-16,1.0,033780
2025-05-19,1.0,033780
2025-05-20,1.0,033780
2025-05-21,1.0,033780
2025-05-22,1.0,033780
2025-05-23,0.7,033780
2025-05-26,1.0,033780
2025-05-27,1.0,033780
2025-05-28,1.0,033780
2025-05-29,1.0,033780
2025-05-30,1.0,033780
2025-06-02,1.0,033780
2025-06-04,1.0,033780
2025-06-05,1.0,033780
2025-06-09,0.7,033780
2025-06-10,0.7,033780
2025-06-11,0.7,033780
2025-06-12,1.0,033780
2025-06-13,1.0,033780
2025-06-16,1.0,033780
2025-06-17,0.7,033780
2025-06-18,1.0,033780
2025-06-19,1.0,033780
2025-06-20,1.0,033780
2025-06-23,0.7,033780
2025-06-24,0.7,033780
2025-06-25,0.7,033780
2025-06-26,0.7,033780
2025-06-27,0.14,033780
2025-06-30,1.0,033780
2025-07-01,1.0,033780
2025-07-02,1.0,033780
2025-07-03,0.7,033780
2025-07-04,1.0,033780
2025-07-07,1.0,033780
2025-07-08,1.0,033780
2025-07-09,1.0,033780
2025-07-10,1.0,033780
2025-07-11,1.0,033780
2025-07-14,1.0,033780
2025-07-15,1.0,033780
2025-07-16,1.0,033780
2025-07-17,1.0,033780
2025-07-18,1.0,033780
2025-07-21,1.0,033780
2025-07-22,1.0,033780
2025-07-23,1.0,033780
2025-07-24,0.14,033780
2025-07-25,0.14,033780
2025-07-28,0.14,033780
2025-07-29,0.14,033780
2025-07-30,0.14,033780
2025-07-31,0.14,033780
2025-08-01,0.14,033780
2025-08-04,0.7,033780
2025-08-05,0.7,033780
2025-08-06,0.7,033780
2025-08-07,0.7,033780
2025-08-08,1.0,033780
2025-08-11,0.7,033780
2025-08-12,0.7,033780
2025-08-13,0.7,033780
2025-08-14,0.14,033780
2025-08-18,0.14,033780
2025-08-19,0.14,033780
2025-08-20,0.7,033780
2025-08-21,0.7,033780
2025-08-22,0.7,033780
2025-08-25,0.7,033780
2025-08-26,0.7,033780
2025-08-27,0.7,033780
2025-08-28,0.14,033780
2025-08-29,0.14,033780
2025-09-01,0.14,033780
2025-09-02,0.14,033780
2025-09-03,0.14,033780
2025-09-04,0.14,033780
2025-09-05,0.14,033780
2025-09-08,0.14,033780
2025-09-09,0.0,033780
2025-09-10,0.0,033780
2025-09-11,0.0,033780
2025-09-12,0.0,033780
2025-09-15,0.7,033780
2025-09-16,0.14,033780
2025-09-17,0.7,033780
2025-09-18,0.7,033780
2025-09-19,0.7,033780
2025-09-22,0.7,033780
2025-09-23,0.7,033780
2025-09-24,0.7,033780
2025-09-25,0.0,033780
2025-09-26,0.7,033780
2025-09-29,0.0,033780
2025-09-30,0.0,033780
2025-10-01,0.0,033780
2025-10-02,0.0,033780
2025-10-10,0.0,033780
2025-10-13,0.0,033780
2025-10-14,1.0,033780
2025-10-15,0.14,033780
2025-10-16,0.7,033780
2025-10-17,0.7,033780
2025-10-20,0.7,033780
2025-10-21,0.7,033780
2025-10-22,0.7,033780
2025-10-23,0.14,033780
2025-10-24,0.14,033780
2025-10-27,0.0,033780
2025-10-28,0.0,033780
2025-10-29,0.0,033780
2025-10-30,0.0,033780
2025-10-31,0.0,033780
2025-11-03,0.0,033780
2025-11-04,0.7,033780
2025-11-05,0.0,033780
2025-11-06,0.7,033780
2025-11-07,0.0,033780
2025-11-10,0.7,033780
2025-11-11,0.7,033780
2025-11-12,0.7,033780
2025-11-13,0.7,033780
2025-11-14,0.7,033780
2025-11-17,0.7,033780
2025-11-18,0.7,033780
2025-11-19,1.0,033780
2025-11-20,0.7,033780
2025-11-21,1.0,033780
2025-11-24,1.0,033780
2025-11-25,0.7,033780
2025-11-26,1.0,033780
2025-11-27,1.0,033780
2025-11-28,1.0,033780
2024-11-01,0.0,000100
2024-11-04,0.0,000100
2024-11-05,0.0,000100
2024-11-06,0.0,000100
2024-11-07,0.0,000100
2024-11-08,0.0,000100
2024-11-11,0.0,000100
2024-11-12,0.0,000100
2024-11-13,0.0,000100
2024-11-14,0.0,000100
2024-11-15,0.0,000100
2024-11-18,0.0,000100
2024-11-19,0.0,000100
2024-11-20,0.0,000100
2024-11-21,0.0,000100
2024-11-22,0.0,000100
2024-11-25,0.0,000100
2024-11-26,0.0,000100
2024-11-27,0.0,000100
2024-11-28,0.0,000100
2024-11-29,0.0,000100
2024-12-02,0.0,000100
2024-12-03,0.0,000100
2024-12-04,0.0,000100
2024-12-05,0.0,000100
2024-12-06,0.0,000100
2024-12-09,0.0,000100
2024-12-10,0.5,000100
2024-12-11,0.0,000100
2024-12-12,0.5,000100
2024-12-13,0.7,000100
2024-12-16,0.7,000100
2024-12-17,0.0,000100
2024-12-18,0.5,000100
2024-12-19,0.0,000100
2024-12-20,0.0,000100
2024-12-23,0.5,000100
2024-12-24,0.5,000100
2024-12-26,0.0,000100
2024-12-27,0.0,000100
2024-12-30,0.5,000100
2025-01-02,0.5,000100
2025-01-03,0.5,000100
2025-01-06,0.5,000100
2025-01-07,0.5,000100
2025-01-08,0.8,000100
2025-01-09,0.8,000100
2025-01-10,0.8,000100
2025-01-13,0.8,000100
2025-01-14,0.8,000100
2025-01-15,0.8,000100
2025-01-16,0.8,000100
2025-01-17,0.8,000100
2025-01-20,0.8,000100
2025-01-21,0.8,000100
2025-01-22,0.8,000100
2025-01-23,0.8,000100
2025-01-24,0.8,000100
2025-01-31,0.8,000100
2025-02-03,0.14,000100
2025-02-04,0.14,000100
2025-02-05,0.8,000100
2025-02-06,0.8,000100
2025-02-07,0.8,000100
2025-02-10,0.8,000100
2025-02-11,0.7,000100
2025-02-12,0.14,000100
2025-02-13,0.14,000100
2025-02-14,0.14,000100
2025-02-17,0.14,000100
2025-02-18,0.14,000100
2025-02-19,0.0,000100
2025-02-20,0.0,000100
2025-02-21,0.0,000100
2025-02-24,0.0,000100
2025-02-25,0.0,000100
2025-02-26,0.14,000100
2025-02-27,0.7,000100
2025-02-28,0.0,000100
2025-03-04,1.0,000100
2025-03-05,0.7,000100
2025-03-06,0.14,000100
2025-03-07,0.0,000100
2025-03-10,0.0,000100
2025-03-11,0.0,000100
2025-03-12,0.0,000100
2025-03-13,0.0,000100
2025-03-14,0.5,000100
2025-03-17,0.5,000100
2025-03-18,0.5,000100
2025-03-19,0.5,000100
2025-03-20,0.8,000100
2025-03-21,0.0,000100
2025-03-24,0.0,000100
2025-03-25,0.5,000100
2025-03-26,0.0,000100
2025-03-27,0.0,000100
2025-03-28,0.0,000100
2025-03-31,0.0,000100
2025-04-01,0.0,000100
2025-04-02,0.0,000100
2025-04-03,0.0,000100
2025-04-04,0.0,000100
2025-04-07,0.0,000100
2025-04-08,0.0,000100
2025-04-09,0.0,000100
2025-04-10,0.0,000100
2025-04-11,0.0,000100
2025-04-14,0.0,000100
2025-04-15,0.0,000100
2025-04-16,0.5,000100
2025-04-17,0.5,000100
2025-04-18,0.5,000100
2025-04-21,0.5,000100
2025-04-22,0.7,000100
2025-04-23,0.7,000100
2025-04-24,0.7,000100
2025-04-25,0.7,000100
2025-04-28,0.7,000100
2025-04-29,0.7,000100
2025-04-30,1.0,000100
2025-05-02,0.7,000100
2025-05-07,0.0,000100
2025-05-08,0.0,000100
2025-05-09,0.0,000100
2025-05-12,0.0,000100
2025-05-13,0.0,000100
2025-05-14,0.0,000100
2025-05-15,0.0,000100
2025-05-16,0.0,000100
2025-05-19,0.0,000100
2025-05-20,0.0,000100
2025-05-21,0.0,000100
2025-05-22,0.0,000100
2025-05-23,0.0,000100
2025-05-26,0.0,000100
2025-05-27,0.0,000100
2025-05-28,0.0,000100
2025-05-29,0.0,000100
2025-05-30,0.0,000100
2025-06-02,0.0,000100
2025-06-04,0.0,000100
2025-06-05,0.0,000100
2025-06-09,0.7,000100
2025-06-10,0.7,000100
2025-06-11,0.7,000100
2025-06-12,0.7,000100
2025-06-13,0.7,000100
2025-06-16,0.7,000100
2025-06-17,0.0,000100
2025-06-18,0.0,000100
2025-06-19,0.0,000100
2025-06-20,0.0,000100
2025-06-23,0.0,000100
2025-06-24,0.0,000100
2025-06-25,0.0,000100
2025-06-26,0.0,000100
2025-06-27,0.0,000100
2025-06-30,0.0,000100
2025-07-01,0.7,000100
2025-07-02,0.7,000100
2025-07-03,1.0,000100
2025-07-04,0.7,000100
2025-07-07,0.7,000100
2025-07-08,0.7,000100
2025-07-09,0.7,000100
2025-07-10,0.7,000100
2025-07-11,0.7,000100
2025-07-14,0.7,000100
2025-07-15,1.0,000100
2025-07-16,1.0,000100
2025-07-17,1.0,000100
2025-07-18,1.0,000100
2025-07-21,0.8,000100
2025-07-22,0.8,000100
2025-07-23,0.8,000100
2025-07-24,0.8,000100
2025-07-25,0.8,000100
2025-07-28,0.8,000100
2025-07-29,0.8,000100
2025-07-30,0.8,000100
2025-07-31,0.8,000100
2025-08-01,0.14,000100
2025-08-04,0.14,000100
2025-08-05,0.14,000100
2025-08-06,0.14,000100
2025-08-07,0.14,000100
2025-08-08,0.14,000100
2025-08-11,0.14,000100
2025-08-12,0.14,000100
2025-08-13,0.14,000100
2025-08-14,0.14,000100
2025-08-18,0.14,000100
2025-08-19,0.14,000100
2025-08-20,0.14,000100
2025-08-21,0.14,000100
2025-08-22,0.14,000100
2025-08-25,0.7,000100
2025-08-26,0.7,000100
2025-08-27,0.7,000100
2025-08-28,0.7,000100
2025-08-29,0.14,000100
2025-09-01,0.14,000100
2025-09-02,0.7,000100
2025-09-03,0.7,000100
2025-09-04,0.7,000100
2025-09-05,1.0,000100
2025-09-08,1.0,000100
2025-09-09,1.0,000100
2025-09-10,1.0,000100
2025-09-11,0.7,000100
2025-09-12,0.7,000100
2025-09-15,0.7,000100
2025-09-16,0.7,000100
2025-09-17,0.14,000100
2025-09-18,0.14,000100
2025-09-19,0.7,000100
2025-09-22,1.0,000100
2025-09-23,1.0,000100
2025-09-24,0.7,000100
2025-09-25,0.14,000100
2025-09-26,0.0,000100
2025-09-29,0.0,000100
2025-09-30,0.7,000100
2025-10-01,0.7,000100
2025-10-02,0.7,000100
2025-10-10,0.7,000100
2025-10-13,0.14,000100
2025-10-14,0.7,000100
2025-10-15,0.0,000100
2025-10-16,0.0,000100
2025-10-17,0.0,000100
2025-10-20,0.14,000100
2025-10-21,0.14,000100
2025-10-22,0.14,000100
2025-10-23,0.0,000100
2025-10-24,0.0,000100
2025-10-27,0.7,000100
2025-10-28,0.7,000100
2025-10-29,0.14,000100
2025-10-30,0.0,000100
2025-10-31,0.7,000100
2025-11-03,0.7,000100
2025-11-04,0.7,000100
2025-11-05,0.0,000100
2025-11-06,0.0,000100
2025-11-07,0.0,000100
2025-11-10,0.0,000100
2025-11-11,0.0,000100
2025-11-12,0.7,000100
2025-11-13,0.7,000100
2025-11-14,1.0,000100
2025-11-17,0.7,000100
2025-11-18,0.5,000100
2025-11-19,0.0,000100
2025-11-20,0.5,000100
2025-11-21,0.0,000100
2025-11-24,0.0,000100
2025-11-25,0.0,000100
2025-11-26,0.5,000100
2025-11-27,0.7,000100
2025-11-28,0.7,000100
2024-11-01,0.0,030200
2024-11-04,0.0,030200
2024-11-05,0.0,030200
2024-11-06,0.0,030200
2024-11-07,0.0,030200
2024-11-08,0.0,030200
2024-11-11,0.0,030200
2024-11-12,0.0,030200
2024-11-13,0.0,030200
2024-11-14,0.0,030200
2024-11-15,0.0,030200
2024-11-18,0.0,030200
2024-11-19,0.0,030200
2024-11-20,0.0,030200
2024-11-21,0.0,030200
2024-11-22,0.0,030200
2024-11-25,0.0,030200
2024-11-26,0.0,030200
2024-11-27,0.0,030200
2024-11-28,0.7,030200
2024-11-29,1.0,030200
2024-12-02,1.0,030200
2024-12-03,1.0,030200
2024-12-04,1.0,030200
2024-12-05,1.0,030200
2024-12-06,1.0,030200
2024-12-09,0.0,030200
2024-12-10,0.0,030200
2024-12-11,0.0,030200
2024-12-12,0.0,030200
2024-12-13,0.0,030200
2024-12-16,1.0,030200
2024-12-17,0.0,030200
2024-12-18,0.0,030200
2024-12-19,0.0,030200
2024-12-20,0.0,030200
2024-12-23,0.0,030200
2024-12-24,0.0,030200
2024-12-26,0.0,030200
2024-12-27,0.0,030200
2024-12-30,0.0,030200
2025-01-02,0.0,030200
2025-01-03,0.0,030200
2025-01-06,0.0,030200
2025-01-07,0.0,030200
2025-01-08,0.0,030200
2025-01-09,0.7,030200
2025-01-10,0.0,030200
2025-01-13,0.0,030200
2025-01-14,0.0,030200
2025-01-15,0.0,030200
2025-01-16,0.7,030200
2025-01-17,0.7,030200
2025-01-20,0.7,030200
2025-01-21,0.7,030200
2025-01-22,0.7,030200
2025-01-23,0.7,030200
2025-01-24,0.7,030200
2025-01-31,1.0,030200
2025-02-03,0.7,030200
2025-02-04,1.0,030200
2025-02-05,1.0,030200
2025-02-06,0.7,030200
2025-02-07,0.14,030200
2025-02-10,0.7,030200
2025-02-11,1.0,030200
2025-02-12,0.0,030200
2025-02-13,0.0,030200
2025-02-14,1.0,030200
2025-02-17,1.0,030200
2025-02-18,0.7,030200
2025-02-19,0.7,030200
2025-02-20,0.7,030200
2025-02-21,0.7,030200
2025-02-24,0.7,030200
2025-02-25,0.7,030200
2025-02-26,1.0,030200
2025-02-27,0.7,030200
2025-02-28,0.7,030200
2025-03-04,0.7,030200
2025-03-05,0.7,030200
2025-03-06,0.7,030200
2025-03-07,0.7,030200
2025-03-10,1.0,030200
2025-03-11,0.7,030200
2025-03-12,1.0,030200
2025-03-13,1.0,030200
2025-03-14,1.0,030200
2025-03-17,1.0,030200
2025-03-18,1.0,030200
2025-03-19,1.0,030200
2025-03-20,1.0,030200
2025-03-21,0.7,030200
2025-03-24,1.0,030200
2025-03-25,0.7,030200
2025-03-26,0.7,030200
2025-03-27,0.7,030200
2025-03-28,0.7,030200
2025-03-31,1.0,030200
2025-04-01,0.14,030200
2025-04-02,0.14,030200
2025-04-03,0.14,030200
2025-04-04,0.14,030200
2025-04-07,0.14,030200
2025-04-08,0.14,030200
2025-04-09,0.0,030200
2025-04-10,0.14,030200
2025-04-11,0.0,030200
2025-04-14,0.0,030200
2025-04-15,0.14,030200
2025-04-16,0.14,030200
2025-04-17,0.7,030200
2025-04-18,0.7,030200
2025-04-21,0.7,030200
2025-04-22,0.7,030200
2025-04-23,0.7,030200
2025-04-24,0.7,030200
2025-04-25,0.7,030200
2025-04-28,0.7,030200
2025-04-29,1.0,030200
2025-04-30,1.0,030200
2025-05-02,1.0,030200
2025-05-07,1.0,030200
2025-05-08,1.0,030200
2025-05-09,1.0,030200
2025-05-12,1.0,030200
2025-05-13,1.0,030200
2025-05-14,1.0,030200
2025-05-15,1.0,030200
2025-05-16,1.0,030200
2025-05-19,1.0,030200
2025-05-20,1.0,030200
2025-05-21,0.7,030200
2025-05-22,0.14,030200
2025-05-23,0.14,030200
2025-05-26,0.7,030200
2025-05-27,0.14,030200
2025-05-28,0.14,030200
2025-05-29,0.14,030200
2025-05-30,0.14,030200
2025-06-02,0.0,030200
2025-06-04,0.14,030200
2025-06-05,0.14,030200
2025-06-09,0.14,030200
2025-06-10,0.14,030200
2025-06-11,0.7,030200
2025-06-12,0.7,030200
2025-06-13,0.7,030200
2025-06-16,0.7,030200
2025-06-17,0.7,030200
2025-06-18,0.7,030200
2025-06-19,0.7,030200
2025-06-20,0.7,030200
2025-06-23,0.14,030200
2025-06-24,0.7,030200
2025-06-25,0.7,030200
2025-06-26,0.7,030200
2025-06-27,1.0,030200
2025-06-30,1.0,030200
2025-07-01,1.0,030200
2025-07-02,1.0,030200
2025-07-03,1.0,030200
2025-07-04,1.0,030200
2025-07-07,1.0,030200
2025-07-08,1.0,030200
2025-07-09,1.0,030200
2025-07-10,1.0,030200
2025-07-11,1.0,030200
2025-07-14,1.0,030200
2025-07-15,1.0,030200
2025-07-16,1.0,030200
2025-07-17,1.0,030200
2025-07-18,1.0,030200
2025-07-21,1.0,030200
2025-07-22,1.0,030200
2025-07-23,0.14,030200
2025-07-24,0.14,030200
2025-07-25,0.14,030200
2025-07-28,0.14,030200
2025-07-29,0.14,030200
2025-07-30,0.14,030200
2025-07-31,0.14,030200
2025-08-01,0.14,030200
2025-08-04,0.14,030200
2025-08-05,0.14,030200
2025-08-06,0.14,030200
2025-08-07,0.14,030200
2025-08-08,0.0,030200
2025-08-11,0.14,030200
2025-08-12,0.14,030200
2025-08-13,0.14,030200
2025-08-14,0.7,030200
2025-08-18,0.7,030200
2025-08-19,0.7,030200
2025-08-20,0.7,030200
2025-08-21,0.7,030200
2025-08-22,0.7,030200
2025-08-25,0.7,030200
2025-08-26,0.7,030200
2025-08-27,0.0,030200
2025-08-28,0.0,030200
2025-08-29,0.0,030200
2025-09-01,0.0,030200
2025-09-02,0.0,030200
2025-09-03,0.0,030200
2025-09-04,0.0,030200
2025-09-05,0.0,030200
2025-09-08,0.0,030200
2025-09-09,0.0,030200
2025-09-10,0.0,030200
2025-09-11,0.0,030200
2025-09-12,0.0,030200
2025-09-15,0.0,030200
2025-09-16,0.0,030200
2025-09-17,0.0,030200
2025-09-18,0.0,030200
2025-09-19,0.0,030200
2025-09-22,0.0,030200
2025-09-23,0.0,030200
2025-09-24,0.0,030200
2025-09-25,0.0,030200
2025-09-26,0.0,030200
2025-09-29,0.0,030200
2025-09-30,0.0,030200
2025-10-01,0.0,030200
2025-10-02,0.0,030200
2025-10-10,0.0,030200
2025-10-13,0.0,030200
2025-10-14,0.0,030200
2025-10-15,0.0,030200
2025-10-16,0.0,030200
2025-10-17,0.0,030200
2025-10-20,0.7,030200
2025-10-21,0.7,030200
2025-10-22,0.7,030200
2025-10-23,0.0,030200
2025-10-24,0.0,030200
2025-10-27,0.0,030200
2025-10-28,0.0,030200
2025-10-29,0.0,030200
2025-10-30,0.0,030200
2025-10-31,0.0,030200
2025-11-03,0.0,030200
2025-11-04,0.0,030200
2025-11-05,0.0,030200
2025-11-06,0.0,030200
2025-11-07,0.0,030200
2025-11-10,0.0,030200
2025-11-11,0.0,030200
2025-11-12,0.0,030200
2025-11-13,0.7,030200
2025-11-14,0.7,030200
2025-11-17,0.7,030200
2025-11-18,0.0,030200
2025-11-19,0.7,030200
2025-11-20,0.0,030200
2025-11-21,0.7,030200
2025-11-24,0.7,030200
2025-11-25,0.7,030200
2025-11-26,0.7,030200
2025-11-27,0.7,030200
2025-11-28,0.7,030200
2024-11-01,0.0,042660
2024-11-04,0.0,042660
2024-11-05,0.0,042660
2024-11-06,0.0,042660
2024-11-07,0.0,042660
2024-11-08,0.0,042660
2024-11-11,0.0,042660
2024-11-12,0.0,042660
2024-11-13,0.0,042660
2024-11-14,0.0,042660
2024-11-15,0.0,042660
2024-11-18,0.0,042660
2024-11-19,0.0,042660
2024-11-20,0.0,042660
2024-11-21,0.0,042660
2024-11-22,0.0,042660
2024-11-25,0.0,042660
2024-11-26,0.0,042660
2024-11-27,0.0,042660
2024-11-28,0.5,042660
2024-11-29,0.0,042660
2024-12-02,0.0,042660
2024-12-03,0.0,042660
2024-12-04,0.0,042660
2024-12-05,0.0,042660
2024-12-06,0.0,042660
2024-12-09,0.0,042660
2024-12-10,0.0,042660
2024-12-11,0.0,042660
2024-12-12,0.0,042660
2024-12-13,0.0,042660
2024-12-16,0.0,042660
2024-12-17,0.0,042660
2024-12-18,0.0,042660
2024-12-19,0.0,042660
2024-12-20,0.0,042660
2024-12-23,0.5,042660
2024-12-24,0.5,042660
2024-12-26,0.5,042660
2024-12-27,0.5,042660
2024-12-30,0.8,042660
2025-01-02,0.8,042660
2025-01-03,0.8,042660
2025-01-06,0.8,042660
2025-01-07,0.8,042660
2025-01-08,0.8,042660
2025-01-09,0.8,042660
2025-01-10,0.8,042660
2025-01-13,0.8,042660
2025-01-14,0.8,042660
2025-01-15,0.8,042660
2025-01-16,0.8,042660
2025-01-17,0.8,042660
2025-01-20,0.8,042660
2025-01-21,0.8,042660
2025-01-22,0.8,042660
2025-01-23,0.8,042660
2025-01-24,0.8,042660
2025-01-31,0.8,042660
2025-02-03,0.8,042660
2025-02-04,0.8,042660
2025-02-05,0.8,042660
2025-02-06,0.8,042660
2025-02-07,0.8,042660
2025-02-10,0.8,042660
2025-02-11,0.8,042660
2025-02-12,0.8,042660
2025-02-13,0.8,042660
2025-02-14,0.8,042660
2025-02-17,0.8,042660
2025-02-18,0.8,042660
2025-02-19,0.8,042660
2025-02-20,0.8,042660
2025-02-21,0.8,042660
2025-02-24,0.8,042660
2025-02-25,0.8,042660
2025-02-26,0.8,042660
2025-02-27,0.8,042660
2025-02-28,0.8,042660
2025-03-04,0.8,042660
2025-03-05,0.8,042660
2025-03-06,0.8,042660
2025-03-07,0.8,042660
2025-03-10,0.8,042660
2025-03-11,0.8,042660
2025-03-12,0.14,042660
2025-03-13,0.14,042660
2025-03-14,0.14,042660
2025-03-17,0.5,042660
2025-03-18,0.5,042660
2025-03-19,0.5,042660
2025-03-20,0.14,042660
2025-03-21,0.14,042660
2025-03-24,0.14,042660
2025-03-25,0.14,042660
2025-03-26,0.14,042660
2025-03-27,0.14,042660
2025-03-28,0.14,042660
2025-03-31,0.14,042660
2025-04-01,0.14,042660
2025-04-02,0.14,042660
2025-04-03,0.14,042660
2025-04-04,0.14,042660
2025-04-07,0.0,042660
2025-04-08,0.14,042660
2025-04-09,0.14,042660
2025-04-10,0.5,042660
2025-04-11,0.5,042660
2025-04-14,0.5,042660
2025-04-15,0.5,042660
2025-04-16,0.5,042660
2025-04-17,0.5,042660
2025-04-18,0.8,042660
2025-04-21,0.8,042660
2025-04-22,0.8,042660
2025-04-23,0.8,042660
2025-04-24,0.8,042660
2025-04-25,0.8,042660
2025-04-28,0.8,042660
2025-04-29,0.8,042660
2025-04-30,0.8,042660
2025-05-02,0.8,042660
2025-05-07,0.8,042660
2025-05-08,0.8,042660
2025-05-09,0.8,042660
2025-05-12,0.14,042660
2025-05-13,0.14,042660
2025-05-14,0.14,042660
2025-05-15,0.5,042660
2025-05-16,0.5,042660
2025-05-19,0.14,042660
2025-05-20,0.14,042660
2025-05-21,0.14,042660
2025-05-22,0.14,042660
2025-05-23,0.0,042660
2025-05-26,0.14,042660
2025-05-27,0.14,042660
2025-05-28,0.14,042660
2025-05-29,0.14,042660
2025-05-30,0.14,042660
2025-06-02,0.14,042660
2025-06-04,0.14,042660
2025-06-05,0.14,042660
2025-06-09,0.0,042660
2025-06-10,0.7,042660
2025-06-11,0.7,042660
2025-06-12,1.0,042660
2025-06-13,1.0,042660
2025-06-16,1.0,042660
2025-06-17,1.0,042660
2025-06-18,0.8,042660
2025-06-19,0.8,042660
2025-06-20,0.8,042660
2025-06-23,0.8,042660
2025-06-24,0.8,042660
2025-06-25,0.14,042660
2025-06-26,0.14,042660
2025-06-27,0.14,042660
2025-06-30,0.14,042660
2025-07-01,0.0,042660
2025-07-02,0.0,042660
2025-07-03,0.0,042660
2025-07-04,0.0,042660
2025-07-07,0.0,042660
2025-07-08,0.0,042660
2025-07-09,0.0,042660
2025-07-10,0.0,042660
2025-07-11,0.0,042660
2025-07-14,0.0,042660
2025-07-15,0.0,042660
2025-07-16,0.0,042660
2025-07-17,0.7,042660
2025-07-18,0.7,042660
2025-07-21,0.7,042660
2025-07-22,0.7,042660
2025-07-23,0.7,042660
2025-07-24,1.0,042660
2025-07-25,1.0,042660
2025-07-28,1.0,042660
2025-07-29,0.8,042660
2025-07-30,0.8,042660
2025-07-31,0.8,042660
2025-08-01,0.8,042660
2025-08-04,0.8,042660
2025-08-05,0.8,042660
2025-08-06,0.8,042660
2025-08-07,0.8,042660
2025-08-08,0.8,042660
2025-08-11,0.8,042660
2025-08-12,0.8,042660
2025-08-13,0.8,042660
2025-08-14,0.8,042660
2025-08-18,0.8,042660
2025-08-19,0.8,042660
2025-08-20,0.14,042660
2025-08-21,0.8,042660
2025-08-22,0.8,042660
2025-08-25,0.8,042660
2025-08-26,0.14,042660
2025-08-27,0.8,042660
2025-08-28,0.14,042660
2025-08-29,0.5,042660
2025-09-01,0.5,042660
2025-09-02,0.8,042660
2025-09-03,0.5,042660
2025-09-04,0.5,042660
2025-09-05,0.5,042660
2025-09-08,0.14,042660
2025-09-09,0.14,042660
2025-09-10,0.14,042660
2025-09-11,0.8,042660
2025-09-12,0.8,042660
2025-09-15,0.14,042660
2025-09-16,0.14,042660
2025-09-17,0.14,042660
2025-09-18,0.14,042660
2025-09-19,0.14,042660
2025-09-22,0.14,042660
2025-09-23,0.14,042660
2025-09-24,0.14,042660
2025-09-25,0.14,042660
2025-09-26,0.14,042660
2025-09-29,0.14,042660
2025-09-30,0.14,042660
2025-10-01,0.14,042660
2025-10-02,0.7,042660
2025-10-10,0.14,042660
2025-10-13,0.14,042660
2025-10-14,0.0,042660
2025-10-15,0.0,042660
2025-10-16,0.14,042660
2025-10-17,0.0,042660
2025-10-20,0.5,042660
2025-10-21,0.8,042660
2025-10-22,0.8,042660
2025-10-23,0.8,042660
2025-10-24,0.8,042660
2025-10-27,0.8,042660
2025-10-28,0.8,042660
2025-10-29,0.8,042660
2025-10-30,0.8,042660
2025-10-31,0.8,042660
2025-11-03,0.8,042660
2025-11-04,0.8,042660
2025-11-05,0.8,042660
2025-11-06,0.14,042660
2025-11-07,0.8,042660
2025-11-10,0.8,042660
2025-11-11,0.14,042660
2025-11-12,0.14,042660
2025-11-13,0.8,042660
2025-11-14,0.14,042660
2025-11-17,0.14,042660
2025-11-18,0.14,042660
2025-11-19,0.14,042660
2025-11-20,0.14,042660
2025-11-21,0.14,042660
2025-11-24,0.0,042660
2025-11-25,0.0,042660
2025-11-26,0.0,042660
2025-11-27,0.0,042660
2025-11-28,0.0,042660
2024-11-01,0.0,005830
2024-11-04,0.0,005830
2024-11-05,0.0,005830
2024-11-06,0.0,005830
2024-11-07,0.0,005830
2024-11-08,0.0,005830
2024-11-11,0.0,005830
2024-11-12,0.0,005830
2024-11-13,0.0,005830
2024-11-14,0.0,005830
2024-11-15,0.0,005830
2024-11-18,0.0,005830
2024-11-19,0.0,005830
2024-11-20,0.0,005830
2024-11-21,0.0,005830
2024-11-22,0.0,005830
2024-11-25,0.0,005830
2024-11-26,0.0,005830
2024-11-27,0.0,005830
2024-11-28,0.7,005830
2024-11-29,0.7,005830
2024-12-02,0.7,005830
2024-12-03,0.7,005830
2024-12-04,0.0,005830
2024-12-05,0.0,005830
2024-12-06,0.0,005830
2024-12-09,0.0,005830
2024-12-10,0.0,005830
2024-12-11,0.0,005830
2024-12-12,0.7,005830
2024-12-13,1.0,005830
2024-12-16,0.0,005830
2024-12-17,0.0,005830
2024-12-18,0.0,005830
2024-12-19,0.0,005830
2024-12-20,0.0,005830
2024-12-23,0.0,005830
2024-12-24,0.0,005830
2024-12-26,0.0,005830
2024-12-27,0.0,005830
2024-12-30,0.0,005830
2025-01-02,0.0,005830
2025-01-03,0.0,005830
2025-01-06,0.0,005830
2025-01-07,0.0,005830
2025-01-08,0.0,005830
2025-01-09,0.0,005830
2025-01-10,0.0,005830
2025-01-13,0.0,005830
2025-01-14,0.0,005830
2025-01-15,0.0,005830
2025-01-16,0.0,005830
2025-01-17,0.0,005830
2025-01-20,0.0,005830
2025-01-21,0.0,005830
2025-01-22,0.0,005830
2025-01-23,0.0,005830
2025-01-24,0.0,005830
2025-01-31,0.0,005830
2025-02-03,0.7,005830
2025-02-04,0.7,005830
2025-02-05,0.7,005830
2025-02-06,0.7,005830
2025-02-07,0.7,005830
2025-02-10,0.7,005830
2025-02-11,0.7,005830
2025-02-12,0.7,005830
2025-02-13,0.7,005830
2025-02-14,0.7,005830
2025-02-17,1.0,005830
2025-02-18,1.0,005830
2025-02-19,1.0,005830
2025-02-20,1.0,005830
2025-02-21,1.0,005830
2025-02-24,0.0,005830
2025-02-25,0.0,005830
2025-02-26,0.0,005830
2025-02-27,0.0,005830
2025-02-28,0.0,005830
2025-03-04,0.0,005830
2025-03-05,0.0,005830
2025-03-06,0.0,005830
2025-03-07,0.0,005830
2025-03-10,0.0,005830
2025-03-11,0.0,005830
2025-03-12,0.7,005830
2025-03-13,0.0,005830
2025-03-14,0.0,005830
2025-03-17,0.0,005830
2025-03-18,0.7,005830
2025-03-19,0.7,005830
2025-03-20,0.7,005830
2025-03-21,0.7,005830
2025-03-24,0.7,005830
2025-03-25,0.7,005830
2025-03-26,0.7,005830
2025-03-27,0.0,005830
2025-03-28,0.0,005830
2025-03-31,0.0,005830
2025-04-01,0.0,005830
2025-04-02,0.0,005830
2025-04-03,0.0,005830
2025-04-04,0.0,005830
2025-04-07,0.0,005830
2025-04-08,0.0,005830
2025-04-09,0.0,005830
2025-04-10,0.0,005830
2025-04-11,0.0,005830
2025-04-14,0.0,005830
2025-04-15,0.0,005830
2025-04-16,0.0,005830
2025-04-17,0.0,005830
2025-04-18,0.0,005830
2025-04-21,0.0,005830
2025-04-22,0.7,005830
2025-04-23,0.7,005830
2025-04-24,0.7,005830
2025-04-25,0.7,005830
2025-04-28,0.7,005830
2025-04-29,0.7,005830
2025-04-30,0.7,005830
2025-05-02,1.0,005830
2025-05-07,1.0,005830
2025-05-08,1.0,005830
2025-05-09,1.0,005830
2025-05-12,1.0,005830
2025-05-13,1.0,005830
2025-05-14,1.0,005830
2025-05-15,1.0,005830
2025-05-16,1.0,005830
2025-05-19,1.0,005830
2025-05-20,1.0,005830
2025-05-21,1.0,005830
2025-05-22,1.0,005830
2025-05-23,1.0,005830
2025-05-26,1.0,005830
2025-05-27,1.0,005830
2025-05-28,1.0,005830
2025-05-29,1.0,005830
2025-05-30,1.0,005830
2025-06-02,1.0,005830
2025-06-04,1.0,005830
2025-06-05,1.0,005830
2025-06-09,1.0,005830
2025-06-10,1.0,005830
2025-06-11,1.0,005830
2025-06-12,1.0,005830
2025-06-13,1.0,005830
2025-06-16,1.0,005830
2025-06-17,0.8,005830
2025-06-18,0.8,005830
2025-06-19,0.8,005830
2025-06-20,0.8,005830
2025-06-23,0.8,005830
2025-06-24,0.8,005830
2025-06-25,0.8,005830
2025-06-26,1.0,005830
2025-06-27,1.0,005830
2025-06-30,1.0,005830
2025-07-01,1.0,005830
2025-07-02,1.0,005830
2025-07-03,1.0,005830
2025-07-04,1.0,005830
2025-07-07,1.0,005830
2025-07-08,1.0,005830
2025-07-09,1.0,005830
2025-07-10,1.0,005830
2025-07-11,1.0,005830
2025-07-14,1.0,005830
2025-07-15,1.0,005830
2025-07-16,1.0,005830
2025-07-17,1.0,005830
2025-07-18,1.0,005830
2025-07-21,1.0,005830
2025-07-22,1.0,005830
2025-07-23,1.0,005830
2025-07-24,0.14,005830
2025-07-25,1.0,005830
2025-07-28,0.14,005830
2025-07-29,0.14,005830
2025-07-30,0.14,005830
2025-07-31,0.14,005830
2025-08-01,0.14,005830
2025-08-04,0.14,005830
2025-08-05,0.14,005830
2025-08-06,0.14,005830
2025-08-07,0.14,005830
2025-08-08,0.14,005830
2025-08-11,0.14,005830
2025-08-12,0.14,005830
2025-08-13,0.14,005830
2025-08-14,0.14,005830
2025-08-18,0.7,005830
2025-08-19,0.7,005830
2025-08-20,0.7,005830
2025-08-21,0.7,005830
2025-08-22,0.7,005830
2025-08-25,0.7,005830
2025-08-26,0.7,005830
2025-08-27,0.7,005830
2025-08-28,0.7,005830
2025-08-29,0.7,005830
2025-09-01,1.0,005830
2025-09-02,1.0,005830
2025-09-03,1.0,005830
2025-09-04,1.0,005830
2025-09-05,1.0,005830
2025-09-08,1.0,005830
2025-09-09,1.0,005830
2025-09-10,1.0,005830
2025-09-11,1.0,005830
2025-09-12,1.0,005830
2025-09-15,1.0,005830
2025-09-16,1.0,005830
2025-09-17,1.0,005830
2025-09-18,1.0,005830
2025-09-19,1.0,005830
2025-09-22,1.0,005830
2025-09-23,1.0,005830
2025-09-24,0.14,005830
2025-09-25,0.14,005830
2025-09-26,0.14,005830
2025-09-29,0.7,005830
2025-09-30,0.14,005830
2025-10-01,0.14,005830
2025-10-02,0.14,005830
2025-10-10,0.0,005830
2025-10-13,0.0,005830
2025-10-14,0.0,005830
2025-10-15,0.0,005830
2025-10-16,0.0,005830
2025-10-17,0.0,005830
2025-10-20,0.0,005830
2025-10-21,0.0,005830
2025-10-22,0.0,005830
2025-10-23,0.0,005830
2025-10-24,0.0,005830
2025-10-27,0.0,005830
2025-10-28,0.0,005830
2025-10-29,0.0,005830
2025-10-30,0.0,005830
2025-10-31,0.0,005830
2025-11-03,0.0,005830
2025-11-04,0.0,005830
2025-11-05,0.0,005830
2025-11-06,0.7,005830
2025-11-07,0.7,005830
2025-11-10,1.0,005830
2025-11-11,1.0,005830
2025-11-12,1.0,005830
2025-11-13,1.0,005830
2025-11-14,0.0,005830
2025-11-17,0.0,005830
2025-11-18,0.0,005830
2025-11-19,0.0,005830
2025-11-20,0.0,005830
2025-11-21,0.0,005830
2025-11-24,0.0,005830
2025-11-25,0.0,005830
2025-11-26,0.0,005830
2025-11-27,0.0,005830
2025-11-28,0.0,005830
2024-11-01,0.0,024110
2024-11-04,0.0,024110
2024-11-05,0.0,024110
2024-11-06,0.0,024110
2024-11-07,0.0,024110
2024-11-08,0.0,024110
2024-11-11,0.0,024110
2024-11-12,0.0,024110
2024-11-13,0.0,024110
2024-11-14,0.0,024110
2024-11-15,0.0,024110
2024-11-18,0.0,024110
2024-11-19,0.0,024110
2024-11-20,0.0,024110
2024-11-21,0.0,024110
2024-11-22,0.0,024110
2024-11-25,0.0,024110
2024-11-26,0.0,024110
2024-11-27,0.0,024110
2024-11-28,0.7,024110
2024-11-29,0.7,024110
2024-12-02,0.7,024110
2024-12-03,0.7,024110
2024-12-04,0.7,024110
2024-12-05,0.0,024110
2024-12-06,0.0,024110
2024-12-09,0.0,024110
2024-12-10,0.0,024110
2024-12-11,0.7,024110
2024-12-12,0.0,024110
2024-12-13,0.7,024110
2024-12-16,0.0,024110
2024-12-17,0.0,024110
2024-12-18,0.0,024110
2024-12-19,0.0,024110
2024-12-20,0.0,024110
2024-12-23,0.0,024110
2024-12-24,0.7,024110
2024-12-26,0.7,024110
2024-12-27,0.0,024110
2024-12-30,0.0,024110
2025-01-02,0.0,024110
2025-01-03,0.0,024110
2025-01-06,0.0,024110
2025-01-07,0.0,024110
2025-01-08,0.0,024110
2025-01-09,0.7,024110
2025-01-10,0.7,024110
2025-01-13,0.7,024110
2025-01-14,0.7,024110
2025-01-15,0.7,024110
2025-01-16,0.7,024110
2025-01-17,0.7,024110
2025-01-20,0.7,024110
2025-01-21,0.7,024110
2025-01-22,0.7,024110
2025-01-23,0.7,024110
2025-01-24,0.7,024110
2025-01-31,1.0,024110
2025-02-03,0.7,024110
2025-02-04,1.0,024110
2025-02-05,1.0,024110
2025-02-06,1.0,024110
2025-02-07,0.7,024110
2025-02-10,1.0,024110
2025-02-11,0.7,024110
2025-02-12,1.0,024110
2025-02-13,0.7,024110
2025-02-14,0.7,024110
2025-02-17,0.7,024110
2025-02-18,1.0,024110
2025-02-19,1.0,024110
2025-02-20,1.0,024110
2025-02-21,0.7,024110
2025-02-24,1.0,024110
2025-02-25,0.7,024110
2025-02-26,0.7,024110
2025-02-27,0.7,024110
2025-02-28,0.7,024110
2025-03-04,0.7,024110
2025-03-05,0.14,024110
2025-03-06,0.7,024110
2025-03-07,0.7,024110
2025-03-10,0.7,024110
2025-03-11,0.7,024110
2025-03-12,0.7,024110
2025-03-13,0.7,024110
2025-03-14,0.7,024110
2025-03-17,0.7,024110
2025-03-18,0.7,024110
2025-03-19,0.7,024110
2025-03-20,0.7,024110
2025-03-21,0.7,024110
2025-03-24,0.7,024110
2025-03-25,0.7,024110
2025-03-26,0.7,024110
2025-03-27,0.14,024110
2025-03-28,0.0,024110
2025-03-31,0.0,024110
2025-04-01,0.0,024110
2025-04-02,0.0,024110
2025-04-03,0.0,024110
2025-04-04,0.0,024110
2025-04-07,0.0,024110
2025-04-08,0.0,024110
2025-04-09,0.0,024110
2025-04-10,0.0,024110
2025-04-11,0.0,024110
2025-04-14,0.0,024110
2025-04-15,0.0,024110
2025-04-16,0.0,024110
2025-04-17,0.0,024110
2025-04-18,0.7,024110
2025-04-21,0.7,024110
2025-04-22,0.7,024110
2025-04-23,0.7,024110
2025-04-24,0.7,024110
2025-04-25,0.7,024110
2025-04-28,0.7,024110
2025-04-29,0.7,024110
2025-04-30,1.0,024110
2025-05-02,1.0,024110
2025-05-07,1.0,024110
2025-05-08,1.0,024110
2025-05-09,1.0,024110
2025-05-12,1.0,024110
2025-05-13,1.0,024110
2025-05-14,1.0,024110
2025-05-15,1.0,024110
2025-05-16,1.0,024110
2025-05-19,1.0,024110
2025-05-20,1.0,024110
2025-05-21,1.0,024110
2025-05-22,0.7,024110
2025-05-23,0.7,024110
2025-05-26,0.7,024110
2025-05-27,0.7,024110
2025-05-28,0.7,024110
2025-05-29,0.7,024110
2025-05-30,0.7,024110
2025-06-02,0.7,024110
2025-06-04,0.7,024110
2025-06-05,1.0,024110
2025-06-09,1.0,024110
2025-06-10,1.0,024110
2025-06-11,1.0,024110
2025-06-12,1.0,024110
2025-06-13,1.0,024110
2025-06-16,1.0,024110
2025-06-17,1.0,024110
2025-06-18,1.0,024110
2025-06-19,1.0,024110
2025-06-20,1.0,024110
2025-06-23,1.0,024110
2025-06-24,1.0,024110
2025-06-25,1.0,024110
2025-06-26,1.0,024110
2025-06-27,1.0,024110
2025-06-30,1.0,024110
2025-07-01,1.0,024110
2025-07-02,1.0,024110
2025-07-03,1.0,024110
2025-07-04,1.0,024110
2025-07-07,1.0,024110
2025-07-08,1.0,024110
2025-07-09,1.0,024110
2025-07-10,1.0,024110
2025-07-11,1.0,024110
2025-07-14,1.0,024110
2025-07-15,1.0,024110
2025-07-16,1.0,024110
2025-07-17,1.0,024110
2025-07-18,1.0,024110
2025-07-21,1.0,024110
2025-07-22,1.0,024110
2025-07-23,1.0,024110
2025-07-24,1.0,024110
2025-07-25,0.14,024110
2025-07-28,0.14,024110
2025-07-29,0.14,024110
2025-07-30,0.14,024110
2025-07-31,0.14,024110
2025-08-01,0.14,024110
2025-08-04,0.14,024110
2025-08-05,0.14,024110
2025-08-06,0.14,024110
2025-08-07,0.14,024110
2025-08-08,0.14,024110
2025-08-11,0.14,024110
2025-08-12,0.14,024110
2025-08-13,0.14,024110
2025-08-14,0.14,024110
2025-08-18,0.14,024110
2025-08-19,0.14,024110
2025-08-20,0.14,024110
2025-08-21,0.14,024110
2025-08-22,0.14,024110
2025-08-25,0.7,024110
2025-08-26,0.14,024110
2025-08-27,0.14,024110
2025-08-28,0.14,024110
2025-08-29,0.14,024110
2025-09-01,0.0,024110
2025-09-02,0.14,024110
2025-09-03,0.0,024110
2025-09-04,0.0,024110
2025-09-05,0.0,024110
2025-09-08,0.0,024110
2025-09-09,0.0,024110
2025-09-10,0.7,024110
2025-09-11,0.7,024110
2025-09-12,0.7,024110
2025-09-15,0.7,024110
2025-09-16,0.7,024110
2025-09-17,0.7,024110
2025-09-18,0.7,024110
2025-09-19,0.7,024110
2025-09-22,0.7,024110
2025-09-23,0.7,024110
2025-09-24,0.7,024110
2025-09-25,0.7,024110
2025-09-26,0.0,024110
2025-09-29,0.0,024110
2025-09-30,0.0,024110
2025-10-01,0.0,024110
2025-10-02,0.0,024110
2025-10-10,0.0,024110
2025-10-13,0.0,024110
2025-10-14,0.0,024110
2025-10-15,0.0,024110
2025-10-16,0.0,024110
2025-10-17,0.0,024110
2025-10-20,0.0,024110
2025-10-21,0.7,024110
2025-10-22,0.7,024110
2025-10-23,0.7,024110
2025-10-24,0.7,024110
2025-10-27,0.7,024110
2025-10-28,0.7,024110
2025-10-29,0.0,024110
2025-10-30,0.0,024110
2025-10-31,0.7,024110
2025-11-03,0.0,024110
2025-11-04,0.7,024110
2025-11-05,0.7,024110
2025-11-06,0.7,024110
2025-11-07,0.7,024110
2025-11-10,1.0,024110
2025-11-11,1.0,024110
2025-11-12,1.0,024110
2025-11-13,1.0,024110
2025-11-14,1.0,024110
2025-11-17,1.0,024110
2025-11-18,0.7,024110
2025-11-19,0.7,024110
2025-11-20,0.7,024110
2025-11-21,0.7,024110
2025-11-24,0.7,024110
2025-11-25,0.7,024110
2025-11-26,1.0,024110
2025-11-27,1.0,024110
2025-11-28,1.0,024110
2024-11-01,0.0,036570
2024-11-04,0.0,036570
2024-11-05,0.0,036570
2024-11-06,0.0,036570
2024-11-07,0.0,036570
2024-11-08,0.0,036570
2024-11-11,0.0,036570
2024-11-12,0.0,036570
2024-11-13,0.0,036570
2024-11-14,0.0,036570
2024-11-15,0.0,036570
2024-11-18,0.0,036570
2024-11-19,0.0,036570
2024-11-20,0.0,036570
2024-11-21,0.0,036570
2024-11-22,0.0,036570
2024-11-25,0.0,036570
2024-11-26,0.0,036570
2024-11-27,0.0,036570
2024-11-28,0.5,036570
2024-11-29,0.8,036570
2024-12-02,1.0,036570
2024-12-03,0.8,036570
2024-12-04,0.8,036570
2024-12-05,0.0,036570
2024-12-06,0.0,036570
2024-12-09,0.0,036570
2024-12-10,0.0,036570
2024-12-11,0.0,036570
2024-12-12,0.0,036570
2024-12-13,0.0,036570
2024-12-16,0.0,036570
2024-12-17,0.0,036570
2024-12-18,0.0,036570
2024-12-19,0.0,036570
2024-12-20,0.0,036570
2024-12-23,0.0,036570
2024-12-24,0.0,036570
2024-12-26,0.0,036570
2024-12-27,0.0,036570
2024-12-30,0.0,036570
2025-01-02,0.0,036570
2025-01-03,0.0,036570
2025-01-06,0.0,036570
2025-01-07,0.0,036570
2025-01-08,0.0,036570
2025-01-09,0.0,036570
2025-01-10,0.0,036570
2025-01-13,0.0,036570
2025-01-14,0.0,036570
2025-01-15,0.0,036570
2025-01-16,0.0,036570
2025-01-17,0.0,036570
2025-01-20,0.0,036570
2025-01-21,0.0,036570
2025-01-22,0.0,036570
2025-01-23,0.0,036570
2025-01-24,0.0,036570
2025-01-31,0.0,036570
2025-02-03,0.0,036570
2025-02-04,0.0,036570
2025-02-05,0.0,036570
2025-02-06,0.0,036570
2025-02-07,0.0,036570
2025-02-10,0.0,036570
2025-02-11,0.7,036570
2025-02-12,0.0,036570
2025-02-13,0.0,036570
2025-02-14,0.0,036570
2025-02-17,0.0,036570
2025-02-18,0.0,036570
2025-02-19,0.7,036570
2025-02-20,0.7,036570
2025-02-21,0.7,036570
2025-02-24,0.7,036570
2025-02-25,0.7,036570
2025-02-26,0.7,036570
2025-02-27,0.7,036570
2025-02-28,0.0,036570
2025-03-04,0.0,036570
2025-03-05,0.0,036570
2025-03-06,0.0,036570
2025-03-07,0.0,036570
2025-03-10,0.0,036570
2025-03-11,0.0,036570
2025-03-12,0.0,036570
2025-03-13,0.0,036570
2025-03-14,0.0,036570
2025-03-17,0.0,036570
2025-03-18,0.0,036570
2025-03-19,0.0,036570
2025-03-20,0.0,036570
2025-03-21,0.0,036570
2025-03-24,0.0,036570
2025-03-25,0.0,036570
2025-03-26,0.0,036570
2025-03-27,0.0,036570
2025-03-28,0.0,036570
2025-03-31,0.0,036570
2025-04-01,0.0,036570
2025-04-02,0.0,036570
2025-04-03,0.0,036570
2025-04-04,0.0,036570
2025-04-07,0.0,036570
2025-04-08,0.0,036570
2025-04-09,0.0,036570
2025-04-10,0.0,036570
2025-04-11,0.0,036570
2025-04-14,0.0,036570
2025-04-15,0.0,036570
2025-04-16,0.0,036570
2025-04-17,0.0,036570
2025-04-18,0.0,036570
2025-04-21,0.0,036570
2025-04-22,0.0,036570
2025-04-23,0.0,036570
2025-04-24,0.7,036570
2025-04-25,0.7,036570
2025-04-28,0.7,036570
2025-04-29,0.7,036570
2025-04-30,0.7,036570
2025-05-02,0.7,036570
2025-05-07,0.7,036570
2025-05-08,0.7,036570
2025-05-09,1.0,036570
2025-05-12,1.0,036570
2025-05-13,1.0,036570
2025-05-14,1.0,036570
2025-05-15,1.0,036570
2025-05-16,1.0,036570
2025-05-19,1.0,036570
2025-05-20,1.0,036570
2025-05-21,1.0,036570
2025-05-22,1.0,036570
2025-05-23,0.0,036570
2025-05-26,1.0,036570
2025-05-27,1.0,036570
2025-05-28,1.0,036570
2025-05-29,1.0,036570
2025-05-30,0.14,036570
2025-06-02,0.8,036570
2025-06-04,1.0,036570
2025-06-05,0.8,036570
2025-06-09,1.0,036570
2025-06-10,1.0,036570
2025-06-11,1.0,036570
2025-06-12,1.0,036570
2025-06-13,0.8,036570
2025-06-16,0.8,036570
2025-06-17,0.8,036570
2025-06-18,0.8,036570
2025-06-19,0.8,036570
2025-06-20,0.8,036570
2025-06-23,0.8,036570
2025-06-24,0.8,036570
2025-06-25,0.8,036570
2025-06-26,0.8,036570
2025-06-27,0.8,036570
2025-06-30,0.8,036570
2025-07-01,0.8,036570
2025-07-02,0.8,036570
2025-07-03,0.8,036570
2025-07-04,0.8,036570
2025-07-07,0.8,036570
2025-07-08,0.8,036570
2025-07-09,0.8,036570
2025-07-10,0.8,036570
2025-07-11,0.8,036570
2025-07-14,0.8,036570
2025-07-15,0.8,036570
2025-07-16,0.8,036570
2025-07-17,0.8,036570
2025-07-18,1.0,036570
2025-07-21,1.0,036570
2025-07-22,1.0,036570
2025-07-23,0.14,036570
2025-07-24,0.14,036570
2025-07-25,0.14,036570
2025-07-28,0.14,036570
2025-07-29,0.14,036570
2025-07-30,0.14,036570
2025-07-31,0.14,036570
2025-08-01,0.14,036570
2025-08-04,0.14,036570
2025-08-05,0.14,036570
2025-08-06,0.14,036570
2025-08-07,0.7,036570
2025-08-08,0.7,036570
2025-08-11,0.7,036570
2025-08-12,0.7,036570
2025-08-13,0.7,036570
2025-08-14,0.5,036570
2025-08-18,0.5,036570
2025-08-19,0.5,036570
2025-08-20,0.14,036570
2025-08-21,0.14,036570
2025-08-22,0.14,036570
2025-08-25,0.14,036570
2025-08-26,0.14,036570
2025-08-27,0.8,036570
2025-08-28,1.0,036570
2025-08-29,0.7,036570
2025-09-01,0.0,036570
2025-09-02,0.0,036570
2025-09-03,0.0,036570
2025-09-04,0.0,036570
2025-09-05,0.0,036570
2025-09-08,0.0,036570
2025-09-09,0.0,036570
2025-09-10,0.7,036570
2025-09-11,0.7,036570
2025-09-12,0.7,036570
2025-09-15,1.0,036570
2025-09-16,1.0,036570
2025-09-17,1.0,036570
2025-09-18,1.0,036570
2025-09-19,1.0,036570
2025-09-22,1.0,036570
2025-09-23,1.0,036570
2025-09-24,1.0,036570
2025-09-25,1.0,036570
2025-09-26,1.0,036570
2025-09-29,1.0,036570
2025-09-30,0.14,036570
2025-10-01,0.14,036570
2025-10-02,0.14,036570
2025-10-10,0.14,036570
2025-10-13,0.14,036570
2025-10-14,0.0,036570
2025-10-15,0.0,036570
2025-10-16,0.14,036570
2025-10-17,0.0,036570
2025-10-20,0.0,036570
2025-10-21,0.0,036570
2025-10-22,0.0,036570
2025-10-23,0.0,036570
2025-10-24,0.0,036570
2025-10-27,0.7,036570
2025-10-28,0.7,036570
2025-10-29,0.7,036570
2025-10-30,0.7,036570
2025-10-31,0.7,036570
2025-11-03,0.7,036570
2025-11-04,0.7,036570
2025-11-05,0.5,036570
2025-11-06,0.7,036570
2025-11-07,0.7,036570
2025-11-10,1.0,036570
2025-11-11,0.8,036570
2025-11-12,0.8,036570
2025-11-13,0.8,036570
2025-11-14,0.8,036570
2025-11-17,0.8,036570
2025-11-18,0.8,036570
2025-11-19,0.0,036570
2025-11-20,0.0,036570
2025-11-21,0.0,036570
2025-11-24,0.0,036570
2025-11-25,0.0,036570
2025-11-26,0.0,036570
2025-11-27,0.0,036570
2025-11-28,0.0,036570
2024-11-01,0.0,251270
2024-11-04,0.0,251270
2024-11-05,0.0,251270
2024-11-06,0.0,251270
2024-11-07,0.0,251270
2024-11-08,0.0,251270
2024-11-11,0.0,251270
2024-11-12,0.0,251270
2024-11-13,0.0,251270
2024-11-14,0.0,251270
2024-11-15,0.0,251270
2024-11-18,0.0,251270
2024-11-19,0.0,251270
2024-11-20,0.0,251270
2024-11-21,0.0,251270
2024-11-22,0.0,251270
2024-11-25,0.0,251270
2024-11-26,0.0,251270
2024-11-27,0.0,251270
2024-11-28,0.5,251270
2024-11-29,0.5,251270
2024-12-02,0.5,251270
2024-12-03,0.5,251270
2024-12-04,0.5,251270
2024-12-05,0.5,251270
2024-12-06,0.8,251270
2024-12-09,0.8,251270
2024-12-10,0.8,251270
2024-12-11,0.8,251270
2024-12-12,0.8,251270
2024-12-13,0.8,251270
2024-12-16,0.8,251270
2024-12-17,0.8,251270
2024-12-18,0.8,251270
2024-12-19,0.0,251270
2024-12-20,0.0,251270
2024-12-23,0.0,251270
2024-12-24,0.0,251270
2024-12-26,0.0,251270
2024-12-27,0.0,251270
2024-12-30,0.0,251270
2025-01-02,0.0,251270
2025-01-03,0.0,251270
2025-01-06,0.0,251270
2025-01-07,0.0,251270
2025-01-08,0.0,251270
2025-01-09,0.0,251270
2025-01-10,0.0,251270
2025-01-13,0.0,251270
2025-01-14,0.0,251270
2025-01-15,0.0,251270
2025-01-16,0.0,251270
2025-01-17,0.0,251270
2025-01-20,0.0,251270
2025-01-21,0.0,251270
2025-01-22,0.0,251270
2025-01-23,0.0,251270
2025-01-24,0.0,251270
2025-01-31,0.0,251270
2025-02-03,0.0,251270
2025-02-04,0.0,251270
2025-02-05,0.0,251270
2025-02-06,0.0,251270
2025-02-07,0.0,251270
2025-02-10,0.0,251270
2025-02-11,0.0,251270
2025-02-12,0.0,251270
2025-02-13,0.7,251270
2025-02-14,0.7,251270
2025-02-17,0.0,251270
2025-02-18,0.7,251270
2025-02-19,0.7,251270
2025-02-20,0.7,251270
2025-02-21,0.7,251270
2025-02-24,0.7,251270
2025-02-25,0.0,251270
2025-02-26,0.0,251270
2025-02-27,0.0,251270
2025-02-28,0.0,251270
2025-03-04,0.0,251270
2025-03-05,0.0,251270
2025-03-06,0.0,251270
2025-03-07,0.0,251270
2025-03-10,0.0,251270
2025-03-11,0.0,251270
2025-03-12,0.0,251270
2025-03-13,0.0,251270
2025-03-14,0.0,251270
2025-03-17,0.0,251270
2025-03-18,0.0,251270
2025-03-19,0.0,251270
2025-03-20,0.0,251270
2025-03-21,0.0,251270
2025-03-24,0.0,251270
2025-03-25,0.0,251270
2025-03-26,0.7,251270
2025-03-27,0.7,251270
2025-03-28,0.7,251270
2025-03-31,0.0,251270
2025-04-01,0.7,251270
2025-04-02,0.7,251270
2025-04-03,0.7,251270
2025-04-04,0.7,251270
2025-04-07,0.0,251270
2025-04-08,0.0,251270
2025-04-09,0.0,251270
2025-04-10,0.0,251270
2025-04-11,0.5,251270
2025-04-14,0.5,251270
2025-04-15,0.5,251270
2025-04-16,0.7,251270
2025-04-17,0.8,251270
2025-04-18,1.0,251270
2025-04-21,1.0,251270
2025-04-22,1.0,251270
2025-04-23,0.7,251270
2025-04-24,1.0,251270
2025-04-25,1.0,251270
2025-04-28,1.0,251270
2025-04-29,1.0,251270
2025-04-30,1.0,251270
2025-05-02,1.0,251270
2025-05-07,1.0,251270
2025-05-08,1.0,251270
2025-05-09,1.0,251270
2025-05-12,1.0,251270
2025-05-13,1.0,251270
2025-05-14,1.0,251270
2025-05-15,1.0,251270
2025-05-16,1.0,251270
2025-05-19,0.8,251270
2025-05-20,0.8,251270
2025-05-21,0.8,251270
2025-05-22,0.8,251270
2025-05-23,0.8,251270
2025-05-26,0.8,251270
2025-05-27,0.8,251270
2025-05-28,0.8,251270
2025-05-29,1.0,251270
2025-05-30,1.0,251270
2025-06-02,1.0,251270
2025-06-04,1.0,251270
2025-06-05,1.0,251270
2025-06-09,1.0,251270
2025-06-10,1.0,251270
2025-06-11,1.0,251270
2025-06-12,1.0,251270
2025-06-13,0.8,251270
2025-06-16,0.8,251270
2025-06-17,0.8,251270
2025-06-18,0.8,251270
2025-06-19,0.8,251270
2025-06-20,0.8,251270
2025-06-23,0.8,251270
2025-06-24,0.8,251270
2025-06-25,0.8,251270
2025-06-26,0.8,251270
2025-06-27,0.8,251270
2025-06-30,0.8,251270
2025-07-01,1.0,251270
2025-07-02,1.0,251270
2025-07-03,1.0,251270
2025-07-04,1.0,251270
2025-07-07,1.0,251270
2025-07-08,0.7,251270
2025-07-09,0.7,251270
2025-07-10,0.7,251270
2025-07-11,1.0,251270
2025-07-14,1.0,251270
2025-07-15,1.0,251270
2025-07-16,0.7,251270
2025-07-17,0.14,251270
2025-07-18,0.14,251270
2025-07-21,1.0,251270
2025-07-22,0.7,251270
2025-07-23,0.14,251270
2025-07-24,0.14,251270
2025-07-25,0.14,251270
2025-07-28,0.14,251270
2025-07-29,0.14,251270
2025-07-30,0.14,251270
2025-07-31,0.14,251270
2025-08-01,0.14,251270
2025-08-04,0.14,251270
2025-08-05,0.14,251270
2025-08-06,0.14,251270
2025-08-07,0.7,251270
2025-08-08,0.0,251270
2025-08-11,0.0,251270
2025-08-12,0.0,251270
2025-08-13,0.0,251270
2025-08-14,0.14,251270
2025-08-18,0.14,251270
2025-08-19,0.5,251270
2025-08-20,0.7,251270
2025-08-21,0.7,251270
2025-08-22,0.7,251270
2025-08-25,0.7,251270
2025-08-26,1.0,251270
2025-08-27,0.7,251270
2025-08-28,0.7,251270
2025-08-29,0.7,251270
2025-09-01,0.0,251270
2025-09-02,0.0,251270
2025-09-03,0.0,251270
2025-09-04,0.7,251270
2025-09-05,0.7,251270
2025-09-08,1.0,251270
2025-09-09,1.0,251270
2025-09-10,1.0,251270
2025-09-11,1.0,251270
2025-09-12,1.0,251270
2025-09-15,1.0,251270
2025-09-16,0.7,251270
2025-09-17,1.0,251270
2025-09-18,1.0,251270
2025-09-19,1.0,251270
2025-09-22,1.0,251270
2025-09-23,0.7,251270
2025-09-24,1.0,251270
2025-09-25,0.7,251270
2025-09-26,0.14,251270
2025-09-29,0.14,251270
2025-09-30,0.14,251270
2025-10-01,0.14,251270
2025-10-02,0.0,251270
2025-10-10,0.0,251270
2025-10-13,0.0,251270
2025-10-14,0.0,251270
2025-10-15,0.0,251270
2025-10-16,0.0,251270
2025-10-17,0.0,251270
2025-10-20,0.0,251270
2025-10-21,0.0,251270
2025-10-22,0.0,251270
2025-10-23,0.0,251270
2025-10-24,0.0,251270
2025-10-27,0.0,251270
2025-10-28,0.0,251270
2025-10-29,0.0,251270
2025-10-30,0.0,251270
2025-10-31,0.0,251270
2025-11-03,0.0,251270
2025-11-04,0.0,251270
2025-11-05,0.0,251270
2025-11-06,0.0,251270
2025-11-07,0.0,251270
2025-11-10,0.0,251270
2025-11-11,0.5,251270
2025-11-12,0.5,251270
2025-11-13,0.7,251270
2025-11-14,0.5,251270
2025-11-17,0.0,251270
2025-11-18,0.0,251270
2025-11-19,0.0,251270
2025-11-20,0.0,251270
2025-11-21,0.0,251270
2025-11-24,0.0,251270
2025-11-25,0.0,251270
2025-11-26,0.0,251270
2025-11-27,0.0,251270
2025-11-28,0.0,251270
2024-11-01,0.0,009830
2024-11-04,0.0,009830
2024-11-05,0.0,009830
2024-11-06,0.0,009830
2024-11-07,0.0,009830
2024-11-08,0.0,009830
2024-11-11,0.0,009830
2024-11-12,0.0,009830
2024-11-13,0.0,009830
2024-11-14,0.0,009830
2024-11-15,0.0,009830
2024-11-18,0.0,009830
2024-11-19,0.0,009830
2024-11-20,0.0,009830
2024-11-21,0.0,009830
2024-11-22,0.0,009830
2024-11-25,0.0,009830
2024-11-26,0.0,009830
2024-11-27,0.0,009830
2024-11-28,0.0,009830
2024-11-29,0.0,009830
2024-12-02,0.0,009830
2024-12-03,0.0,009830
2024-12-04,0.5,009830
2024-12-05,0.0,009830
2024-12-06,0.0,009830
2024-12-09,0.0,009830
2024-12-10,0.0,009830
2024-12-11,0.0,009830
2024-12-12,0.5,009830
2024-12-13,0.5,009830
2024-12-16,0.5,009830
2024-12-17,0.0,009830
2024-12-18,0.0,009830
2024-12-19,0.0,009830
2024-12-20,0.0,009830
2024-12-23,0.0,009830
2024-12-24,0.0,009830
2024-12-26,0.0,009830
2024-12-27,0.0,009830
2024-12-30,0.0,009830
2025-01-02,0.0,009830
2025-01-03,0.5,009830
2025-01-06,0.5,009830
2025-01-07,0.8,009830
2025-01-08,0.8,009830
2025-01-09,0.8,009830
2025-01-10,0.8,009830
2025-01-13,0.8,009830
2025-01-14,0.8,009830
2025-01-15,0.8,009830
2025-01-16,0.8,009830
2025-01-17,0.8,009830
2025-01-20,0.8,009830
2025-01-21,0.8,009830
2025-01-22,0.8,009830
2025-01-23,0.8,009830
2025-01-24,0.8,009830
2025-01-31,0.8,009830
2025-02-03,0.8,009830
2025-02-04,0.8,009830
2025-02-05,0.8,009830
2025-02-06,0.8,009830
2025-02-07,0.8,009830
2025-02-10,0.8,009830
2025-02-11,0.8,009830
2025-02-12,0.8,009830
2025-02-13,0.8,009830
2025-02-14,0.8,009830
2025-02-17,0.8,009830
2025-02-18,0.8,009830
2025-02-19,0.8,009830
2025-02-20,0.5,009830
2025-02-21,0.5,009830
2025-02-24,0.14,009830
2025-02-25,0.14,009830
2025-02-26,0.8,009830
2025-02-27,0.8,009830
2025-02-28,0.8,009830
2025-03-04,0.14,009830
2025-03-05,0.14,009830
2025-03-06,0.14,009830
2025-03-07,0.5,009830
2025-03-10,0.14,009830
2025-03-11,0.14,009830
2025-03-12,0.14,009830
2025-03-13,0.14,009830
2025-03-14,0.14,009830
2025-03-17,0.14,009830
2025-03-18,0.14,009830
2025-03-19,0.5,009830
2025-03-20,0.5,009830
2025-03-21,0.14,009830
2025-03-24,0.14,009830
2025-03-25,0.0,009830
2025-03-26,0.14,009830
2025-03-27,0.0,009830
2025-03-28,0.0,009830
2025-03-31,0.0,009830
2025-04-01,0.0,009830
2025-04-02,0.0,009830
2025-04-03,0.0,009830
2025-04-04,0.5,009830
2025-04-07,0.5,009830
2025-04-08,0.0,009830
2025-04-09,0.0,009830
2025-04-10,0.5,009830
2025-04-11,0.5,009830
2025-04-14,0.5,009830
2025-04-15,0.5,009830
2025-04-16,0.5,009830
2025-04-17,0.5,009830
2025-04-18,0.8,009830
2025-04-21,0.8,009830
2025-04-22,0.8,009830
2025-04-23,0.8,009830
2025-04-24,0.8,009830
2025-04-25,0.8,009830
2025-04-28,0.8,009830
2025-04-29,0.8,009830
2025-04-30,0.8,009830
2025-05-02,0.8,009830
2025-05-07,0.8,009830
2025-05-08,0.8,009830
2025-05-09,0.8,009830
2025-05-12,0.8,009830
2025-05-13,0.8,009830
2025-05-14,0.8,009830
2025-05-15,0.8,009830
2025-05-16,0.8,009830
2025-05-19,0.8,009830
2025-05-20,0.8,009830
2025-05-21,0.8,009830
2025-05-22,0.8,009830
2025-05-23,0.14,009830
2025-05-26,0.14,009830
2025-05-27,0.14,009830
2025-05-28,0.14,009830
2025-05-29,0.14,009830
2025-05-30,0.14,009830
2025-06-02,0.14,009830
2025-06-04,0.14,009830
2025-06-05,0.14,009830
2025-06-09,0.14,009830
2025-06-10,0.14,009830
2025-06-11,0.8,009830
2025-06-12,0.8,009830
2025-06-13,0.5,009830
2025-06-16,0.5,009830
2025-06-17,0.5,009830
2025-06-18,0.14,009830
2025-06-19,0.14,009830
2025-06-20,0.5,009830
2025-06-23,0.14,009830
2025-06-24,0.8,009830
2025-06-25,0.8,009830
2025-06-26,0.14,009830
2025-06-27,0.8,009830
2025-06-30,0.14,009830
2025-07-01,0.8,009830
2025-07-02,0.8,009830
2025-07-03,0.8,009830
2025-07-04,0.8,009830
2025-07-07,0.8,009830
2025-07-08,0.8,009830
2025-07-09,0.14,009830
2025-07-10,0.5,009830
2025-07-11,0.5,009830
2025-07-14,0.5,009830
2025-07-15,0.8,009830
2025-07-16,0.8,009830
2025-07-17,0.8,009830
2025-07-18,0.8,009830
2025-07-21,0.8,009830
2025-07-22,0.8,009830
2025-07-23,0.8,009830
2025-07-24,0.8,009830
2025-07-25,0.8,009830
2025-07-28,0.8,009830
2025-07-29,0.8,009830
2025-07-30,0.0,009830
2025-07-31,0.0,009830
2025-08-01,0.0,009830
2025-08-04,0.0,009830
2025-08-05,0.0,009830
2025-08-06,0.0,009830
2025-08-07,0.0,009830
2025-08-08,0.0,009830
2025-08-11,0.0,009830
2025-08-12,0.0,009830
2025-08-13,0.0,009830
2025-08-14,0.0,009830
2025-08-18,0.0,009830
2025-08-19,0.0,009830
2025-08-20,0.0,009830
2025-08-21,0.0,009830
2025-08-22,0.0,009830
2025-08-25,0.0,009830
2025-08-26,0.0,009830
2025-08-27,0.0,009830
2025-08-28,0.0,009830
2025-08-29,0.0,009830
2025-09-01,0.0,009830
2025-09-02,0.0,009830
2025-09-03,0.0,009830
2025-09-04,0.0,009830
2025-09-05,0.0,009830
2025-09-08,0.7,009830
2025-09-09,0.0,009830
2025-09-10,0.0,009830
2025-09-11,0.7,009830
2025-09-12,0.7,009830
2025-09-15,0.7,009830
2025-09-16,0.7,009830
2025-09-17,0.7,009830
2025-09-18,0.7,009830
2025-09-19,0.7,009830
2025-09-22,0.7,009830
2025-09-23,1.0,009830
2025-09-24,0.7,009830
2025-09-25,0.0,009830
2025-09-26,0.0,009830
2025-09-29,0.0,009830
2025-09-30,0.0,009830
2025-10-01,0.0,009830
2025-10-02,0.0,009830
2025-10-10,0.0,009830
2025-10-13,0.0,009830
2025-10-14,0.0,009830
2025-10-15,0.0,009830
2025-10-16,0.7,009830
2025-10-17,0.7,009830
2025-10-20,0.7,009830
2025-10-21,0.7,009830
2025-10-22,0.7,009830
2025-10-23,0.7,009830
2025-10-24,1.0,009830
2025-10-27,1.0,009830
2025-10-28,1.0,009830
2025-10-29,1.0,009830
2025-10-30,0.7,009830
2025-10-31,1.0,009830
2025-11-03,0.8,009830
2025-11-04,0.8,009830
2025-11-05,0.0,009830
2025-11-06,0.0,009830
2025-11-07,0.0,009830
2025-11-10,0.0,009830
2025-11-11,0.0,009830
2025-11-12,0.0,009830
2025-11-13,0.14,009830
2025-11-14,0.0,009830
2025-11-17,0.0,009830
2025-11-18,0.0,009830
2025-11-19,0.0,009830
2025-11-20,0.0,009830
2025-11-21,0.0,009830
2025-11-24,0.0,009830
2025-11-25,0.0,009830
2025-11-26,0.0,009830
2025-11-27,0.0,009830
2025-11-28,0.0,009830
2024-11-01,0.0,011070
2024-11-04,0.0,011070
2024-11-05,0.0,011070
2024-11-06,0.0,011070
2024-11-07,0.0,011070
2024-11-08,0.0,011070
2024-11-11,0.0,011070
2024-11-12,0.0,011070
2024-11-13,0.0,011070
2024-11-14,0.0,011070
2024-11-15,0.0,011070
2024-11-18,0.0,011070
2024-11-19,0.0,011070
2024-11-20,0.0,011070
2024-11-21,0.0,011070
2024-11-22,0.0,011070
2024-11-25,0.0,011070
2024-11-26,0.0,011070
2024-11-27,0.0,011070
2024-11-28,0.7,011070
2024-11-29,0.0,011070
2024-12-02,0.0,011070
2024-12-03,0.0,011070
2024-12-04,0.0,011070
2024-12-05,0.0,011070
2024-12-06,0.0,011070
2024-12-09,0.0,011070
2024-12-10,0.0,011070
2024-12-11,0.7,011070
2024-12-12,0.7,011070
2024-12-13,1.0,011070
2024-12-16,0.7,011070
2024-12-17,0.7,011070
2024-12-18,0.7,011070
2024-12-19,0.7,011070
2024-12-20,0.0,011070
2024-12-23,0.0,011070
2024-12-24,0.0,011070
2024-12-26,0.7,011070
2024-12-27,0.0,011070
2024-12-30,0.0,011070
2025-01-02,0.0,011070
2025-01-03,0.0,011070
2025-01-06,0.7,011070
2025-01-07,0.7,011070
2025-01-08,1.0,011070
2025-01-09,1.0,011070
2025-01-10,0.0,011070
2025-01-13,0.0,011070
2025-01-14,0.0,011070
2025-01-15,0.0,011070
2025-01-16,0.0,011070
2025-01-17,0.0,011070
2025-01-20,0.0,011070
2025-01-21,0.0,011070
2025-01-22,0.0,011070
2025-01-23,0.0,011070
2025-01-24,0.0,011070
2025-01-31,0.0,011070
2025-02-03,0.0,011070
2025-02-04,0.0,011070
2025-02-05,0.0,011070
2025-02-06,0.0,011070
2025-02-07,0.0,011070
2025-02-10,0.0,011070
2025-02-11,0.7,011070
2025-02-12,0.7,011070
2025-02-13,0.7,011070
2025-02-14,0.7,011070
2025-02-17,0.7,011070
2025-02-18,0.7,011070
2025-02-19,0.7,011070
2025-02-20,1.0,011070
2025-02-21,0.7,011070
2025-02-24,0.7,011070
2025-02-25,0.7,011070
2025-02-26,1.0,011070
2025-02-27,1.0,011070
2025-02-28,1.0,011070
2025-03-04,0.0,011070
2025-03-05,1.0,011070
2025-03-06,1.0,011070
2025-03-07,1.0,011070
2025-03-10,1.0,011070
2025-03-11,1.0,011070
2025-03-12,1.0,011070
2025-03-13,0.0,011070
2025-03-14,0.0,011070
2025-03-17,0.0,011070
2025-03-18,0.0,011070
2025-03-19,0.0,011070
2025-03-20,0.0,011070
2025-03-21,0.14,011070
2025-03-24,0.14,011070
2025-03-25,0.7,011070
2025-03-26,1.0,011070
2025-03-27,1.0,011070
2025-03-28,0.14,011070
2025-03-31,0.0,011070
2025-04-01,0.0,011070
2025-04-02,0.0,011070
2025-04-03,0.0,011070
2025-04-04,0.0,011070
2025-04-07,0.0,011070
2025-04-08,0.0,011070
2025-04-09,0.0,011070
2025-04-10,0.0,011070
2025-04-11,0.0,011070
2025-04-14,0.0,011070
2025-04-15,0.0,011070
2025-04-16,0.0,011070
2025-04-17,0.0,011070
2025-04-18,0.0,011070
2025-04-21,0.0,011070
2025-04-22,0.0,011070
2025-04-23,0.5,011070
2025-04-24,0.0,011070
2025-04-25,0.5,011070
2025-04-28,0.5,011070
2025-04-29,0.5,011070
2025-04-30,0.7,011070
2025-05-02,0.7,011070
2025-05-07,0.0,011070
2025-05-08,1.0,011070
2025-05-09,0.0,011070
2025-05-12,1.0,011070
2025-05-13,1.0,011070
2025-05-14,1.0,011070
2025-05-15,0.7,011070
2025-05-16,0.7,011070
2025-05-19,0.7,011070
2025-05-20,0.0,011070
2025-05-21,0.7,011070
2025-05-22,0.0,011070
2025-05-23,0.0,011070
2025-05-26,0.0,011070
2025-05-27,0.0,011070
2025-05-28,0.7,011070
2025-05-29,1.0,011070
2025-05-30,0.7,011070
2025-06-02,0.0,011070
2025-06-04,0.0,011070
2025-06-05,1.0,011070
2025-06-09,1.0,011070
2025-06-10,1.0,011070
2025-06-11,0.7,011070
2025-06-12,0.7,011070
2025-06-13,0.0,011070
2025-06-16,0.0,011070
2025-06-17,0.0,011070
2025-06-18,1.0,011070
2025-06-19,0.7,011070
2025-06-20,0.7,011070
2025-06-23,0.14,011070
2025-06-24,1.0,011070
2025-06-25,1.0,011070
2025-06-26,1.0,011070
2025-06-27,0.14,011070
2025-06-30,0.14,011070
2025-07-01,0.5,011070
2025-07-02,0.8,011070
2025-07-03,1.0,011070
2025-07-04,0.5,011070
2025-07-07,0.7,011070
2025-07-08,0.14,011070
2025-07-09,0.14,011070
2025-07-10,1.0,011070
2025-07-11,1.0,011070
2025-07-14,1.0,011070
2025-07-15,1.0,011070
2025-07-16,0.7,011070
2025-07-17,0.7,011070
2025-07-18,0.7,011070
2025-07-21,1.0,011070
2025-07-22,0.14,011070
2025-07-23,0.7,011070
2025-07-24,0.7,011070
2025-07-25,0.7,011070
2025-07-28,0.7,011070
2025-07-29,0.7,011070
2025-07-30,0.7,011070
2025-07-31,0.7,011070
2025-08-01,0.14,011070
2025-08-04,0.14,011070
2025-08-05,1.0,011070
2025-08-06,1.0,011070
2025-08-07,0.7,011070
2025-08-08,0.7,011070
2025-08-11,1.0,011070
2025-08-12,0.7,011070
2025-08-13,1.0,011070
2025-08-14,1.0,011070
2025-08-18,1.0,011070
2025-08-19,1.0,011070
2025-08-20,0.7,011070
2025-08-21,0.14,011070
2025-08-22,0.14,011070
2025-08-25,0.14,011070
2025-08-26,0.7,011070
2025-08-27,1.0,011070
2025-08-28,0.7,011070
2025-08-29,1.0,011070
2025-09-01,1.0,011070
2025-09-02,1.0,011070
2025-09-03,1.0,011070
2025-09-04,1.0,011070
2025-09-05,1.0,011070
2025-09-08,1.0,011070
2025-09-09,0.7,011070
2025-09-10,0.14,011070
2025-09-11,0.14,011070
2025-09-12,0.7,011070
2025-09-15,0.7,011070
2025-09-16,1.0,011070
2025-09-17,1.0,011070
2025-09-18,1.0,011070
2025-09-19,1.0,011070
2025-09-22,1.0,011070
2025-09-23,1.0,011070
2025-09-24,1.0,011070
2025-09-25,1.0,011070
2025-09-26,1.0,011070
2025-09-29,1.0,011070
2025-09-30,1.0,011070
2025-10-01,1.0,011070
2025-10-02,1.0,011070
2025-10-10,1.0,011070
2025-10-13,1.0,011070
2025-10-14,1.0,011070
2025-10-15,1.0,011070
2025-10-16,1.0,011070
2025-10-17,1.0,011070
2025-10-20,1.0,011070
2025-10-21,1.0,011070
2025-10-22,1.0,011070
2025-10-23,1.0,011070
2025-10-24,1.0,011070
2025-10-27,1.0,011070
2025-10-28,1.0,011070
2025-10-29,1.0,011070
2025-10-30,0.8,011070
2025-10-31,0.8,011070
2025-11-03,0.8,011070
2025-11-04,0.8,011070
2025-11-05,0.8,011070
2025-11-06,0.8,011070
2025-11-07,0.8,011070
2025-11-10,0.8,011070
2025-11-11,0.8,011070
2025-11-12,0.8,011070
2025-11-13,0.8,011070
2025-11-14,0.8,011070
2025-11-17,0.8,011070
2025-11-18,0.8,011070
2025-11-19,0.8,011070
2025-11-20,0.8,011070
2025-11-21,0.14,011070
2025-11-24,0.14,011070
2025-11-25,0.14,011070
2025-11-26,0.5,011070
2025-11-27,0.14,011070
2025-11-28,0.14,011070
2024-11-01,0.0,001450
2024-11-04,0.0,001450
2024-11-05,0.0,001450
2024-11-06,0.0,001450
2024-11-07,0.0,001450
2024-11-08,0.0,001450
2024-11-11,0.0,001450
2024-11-12,0.0,001450
2024-11-13,0.0,001450
2024-11-14,0.0,001450
2024-11-15,0.0,001450
2024-11-18,0.0,001450
2024-11-19,0.0,001450
2024-11-20,0.0,001450
2024-11-21,0.0,001450
2024-11-22,0.0,001450
2024-11-25,0.0,001450
2024-11-26,0.0,001450
2024-11-27,0.0,001450
2024-11-28,0.0,001450
2024-11-29,0.0,001450
2024-12-02,0.0,001450
2024-12-03,0.0,001450
2024-12-04,0.0,001450
2024-12-05,0.0,001450
2024-12-06,0.0,001450
2024-12-09,0.0,001450
2024-12-10,0.0,001450
2024-12-11,0.0,001450
2024-12-12,0.0,001450
2024-12-13,0.0,001450
2024-12-16,0.0,001450
2024-12-17,0.0,001450
2024-12-18,0.0,001450
2024-12-19,0.0,001450
2024-12-20,0.0,001450
2024-12-23,0.0,001450
2024-12-24,0.0,001450
2024-12-26,0.0,001450
2024-12-27,0.0,001450
2024-12-30,0.0,001450
2025-01-02,0.0,001450
2025-01-03,0.0,001450
2025-01-06,0.0,001450
2025-01-07,0.0,001450
2025-01-08,0.0,001450
2025-01-09,0.7,001450
2025-01-10,0.7,001450
2025-01-13,0.7,001450
2025-01-14,0.7,001450
2025-01-15,0.7,001450
2025-01-16,0.7,001450
2025-01-17,0.0,001450
2025-01-20,0.0,001450
2025-01-21,0.0,001450
2025-01-22,0.0,001450
2025-01-23,0.0,001450
2025-01-24,0.0,001450
2025-01-31,0.0,001450
2025-02-03,0.0,001450
2025-02-04,0.0,001450
2025-02-05,0.0,001450
2025-02-06,0.0,001450
2025-02-07,0.0,001450
2025-02-10,0.0,001450
2025-02-11,0.0,001450
2025-02-12,0.0,001450
2025-02-13,0.0,001450
2025-02-14,0.0,001450
2025-02-17,0.7,001450
2025-02-18,0.7,001450
2025-02-19,0.7,001450
2025-02-20,0.7,001450
2025-02-21,0.0,001450
2025-02-24,0.7,001450
2025-02-25,0.0,001450
2025-02-26,0.0,001450
2025-02-27,0.0,001450
2025-02-28,0.0,001450
2025-03-04,0.0,001450
2025-03-05,0.0,001450
2025-03-06,0.0,001450
2025-03-07,0.0,001450
2025-03-10,0.0,001450
2025-03-11,0.0,001450
2025-03-12,0.7,001450
2025-03-13,0.0,001450
2025-03-14,0.0,001450
2025-03-17,0.0,001450
2025-03-18,0.0,001450
2025-03-19,0.0,001450
2025-03-20,0.0,001450
2025-03-21,0.0,001450
2025-03-24,0.0,001450
2025-03-25,0.0,001450
2025-03-26,0.0,001450
2025-03-27,0.0,001450
2025-03-28,0.0,001450
2025-03-31,0.0,001450
2025-04-01,0.0,001450
2025-04-02,0.0,001450
2025-04-03,0.0,001450
2025-04-04,0.0,001450
2025-04-07,0.0,001450
2025-04-08,0.0,001450
2025-04-09,0.0,001450
2025-04-10,0.0,001450
2025-04-11,0.0,001450
2025-04-14,0.0,001450
2025-04-15,0.0,001450
2025-04-16,0.0,001450
2025-04-17,0.0,001450
2025-04-18,0.0,001450
2025-04-21,0.0,001450
2025-04-22,0.0,001450
2025-04-23,0.0,001450
2025-04-24,0.0,001450
2025-04-25,0.0,001450
2025-04-28,0.0,001450
2025-04-29,0.7,001450
2025-04-30,0.7,001450
2025-05-02,0.7,001450
2025-05-07,0.7,001450
2025-05-08,1.0,001450
2025-05-09,1.0,001450
2025-05-12,1.0,001450
2025-05-13,1.0,001450
2025-05-14,1.0,001450
2025-05-15,1.0,001450
2025-05-16,1.0,001450
2025-05-19,1.0,001450
2025-05-20,1.0,001450
2025-05-21,1.0,001450
2025-05-22,1.0,001450
2025-05-23,1.0,001450
2025-05-26,1.0,001450
2025-05-27,1.0,001450
2025-05-28,1.0,001450
2025-05-29,1.0,001450
2025-05-30,1.0,001450
2025-06-02,1.0,001450
2025-06-04,1.0,001450
2025-06-05,1.0,001450
2025-06-09,1.0,001450
2025-06-10,1.0,001450
2025-06-11,1.0,001450
2025-06-12,1.0,001450
2025-06-13,1.0,001450
2025-06-16,1.0,001450
2025-06-17,1.0,001450
2025-06-18,1.0,001450
2025-06-19,1.0,001450
2025-06-20,1.0,001450
2025-06-23,1.0,001450
2025-06-24,1.0,001450
2025-06-25,1.0,001450
2025-06-26,1.0,001450
2025-06-27,1.0,001450
2025-06-30,1.0,001450
2025-07-01,1.0,001450
2025-07-02,1.0,001450
2025-07-03,1.0,001450
2025-07-04,1.0,001450
2025-07-07,1.0,001450
2025-07-08,1.0,001450
2025-07-09,1.0,001450
2025-07-10,1.0,001450
2025-07-11,1.0,001450
2025-07-14,1.0,001450
2025-07-15,1.0,001450
2025-07-16,0.8,001450
2025-07-17,0.8,001450
2025-07-18,0.8,001450
2025-07-21,0.14,001450
2025-07-22,0.14,001450
2025-07-23,0.14,001450
2025-07-24,0.14,001450
2025-07-25,0.14,001450
2025-07-28,0.14,001450
2025-07-29,0.14,001450
2025-07-30,0.14,001450
2025-07-31,0.14,001450
2025-08-01,0.14,001450
2025-08-04,0.14,001450
2025-08-05,0.14,001450
2025-08-06,0.14,001450
2025-08-07,0.14,001450
2025-08-08,0.14,001450
2025-08-11,0.14,001450
2025-08-12,0.7,001450
2025-08-13,0.0,001450
2025-08-14,0.7,001450
2025-08-18,0.7,001450
2025-08-19,0.7,001450
2025-08-20,0.7,001450
2025-08-21,0.7,001450
2025-08-22,0.7,001450
2025-08-25,0.7,001450
2025-08-26,1.0,001450
2025-08-27,0.7,001450
2025-08-28,1.0,001450
2025-08-29,1.0,001450
2025-09-01,1.0,001450
2025-09-02,1.0,001450
2025-09-03,0.7,001450
2025-09-04,0.7,001450
2025-09-05,0.7,001450
2025-09-08,0.7,001450
2025-09-09,0.7,001450
2025-09-10,0.7,001450
2025-09-11,0.14,001450
2025-09-12,0.7,001450
2025-09-15,0.7,001450
2025-09-16,0.7,001450
2025-09-17,0.7,001450
2025-09-18,1.0,001450
2025-09-19,0.7,001450
2025-09-22,1.0,001450
2025-09-23,1.0,001450
2025-09-24,1.0,001450
2025-09-25,0.7,001450
2025-09-26,1.0,001450
2025-09-29,1.0,001450
2025-09-30,0.14,001450
2025-10-01,0.14,001450
2025-10-02,0.14,001450
2025-10-10,0.14,001450
2025-10-13,0.0,001450
2025-10-14,0.0,001450
2025-10-15,0.14,001450
2025-10-16,0.14,001450
2025-10-17,0.0,001450
2025-10-20,0.0,001450
2025-10-21,0.0,001450
2025-10-22,0.14,001450
2025-10-23,0.0,001450
2025-10-24,0.14,001450
2025-10-27,0.7,001450
2025-10-28,0.7,001450
2025-10-29,0.14,001450
2025-10-30,0.0,001450
2025-10-31,0.0,001450
2025-11-03,0.0,001450
2025-11-04,0.0,001450
2025-11-05,0.0,001450
2025-11-06,0.7,001450
2025-11-07,0.7,001450
2025-11-10,1.0,001450
2025-11-11,0.7,001450
2025-11-12,1.0,001450
2025-11-13,1.0,001450
2025-11-14,1.0,001450
2025-11-17,1.0,001450
2025-11-18,0.0,001450
2025-11-19,0.14,001450
2025-11-20,0.0,001450
2025-11-21,0.0,001450
2025-11-24,0.0,001450
2025-11-25,0.5,001450
2025-11-26,1.0,001450
2025-11-27,1.0,001450
2025-11-28,1.0,001450
2024-11-01,0.0,000120
2024-11-04,0.0,000120
2024-11-05,0.0,000120
2024-11-06,0.0,000120
2024-11-07,0.0,000120
2024-11-08,0.0,000120
2024-11-11,0.0,000120
2024-11-12,0.0,000120
2024-11-13,0.0,000120
2024-11-14,0.0,000120
2024-11-15,0.0,000120
2024-11-18,0.0,000120
2024-11-19,0.0,000120
2024-11-20,0.0,000120
2024-11-21,0.0,000120
2024-11-22,0.0,000120
2024-11-25,0.0,000120
2024-11-26,0.0,000120
2024-11-27,0.0,000120
2024-11-28,0.7,000120
2024-11-29,0.0,000120
2024-12-02,0.7,000120
2024-12-03,0.7,000120
2024-12-04,0.7,000120
2024-12-05,0.7,000120
2024-12-06,0.7,000120
2024-12-09,0.0,000120
2024-12-10,0.7,000120
2024-12-11,0.7,000120
2024-12-12,1.0,000120
2024-12-13,1.0,000120
2024-12-16,1.0,000120
2024-12-17,0.7,000120
2024-12-18,0.7,000120
2024-12-19,0.0,000120
2024-12-20,0.0,000120
2024-12-23,0.7,000120
2024-12-24,0.0,000120
2024-12-26,0.0,000120
2024-12-27,0.7,000120
2024-12-30,0.7,000120
2025-01-02,0.7,000120
2025-01-03,0.7,000120
2025-01-06,0.7,000120
2025-01-07,1.0,000120
2025-01-08,1.0,000120
2025-01-09,1.0,000120
2025-01-10,0.7,000120
2025-01-13,0.7,000120
2025-01-14,0.0,000120
2025-01-15,0.0,000120
2025-01-16,0.0,000120
2025-01-17,0.0,000120
2025-01-20,0.0,000120
2025-01-21,0.0,000120
2025-01-22,0.0,000120
2025-01-23,0.0,000120
2025-01-24,0.0,000120
2025-01-31,0.0,000120
2025-02-03,0.0,000120
2025-02-04,0.0,000120
2025-02-05,0.0,000120
2025-02-06,0.0,000120
2025-02-07,0.7,000120
2025-02-10,0.7,000120
2025-02-11,0.7,000120
2025-02-12,1.0,000120
2025-02-13,1.0,000120
2025-02-14,1.0,000120
2025-02-17,1.0,000120
2025-02-18,1.0,000120
2025-02-19,1.0,000120
2025-02-20,1.0,000120
2025-02-21,1.0,000120
2025-02-24,1.0,000120
2025-02-25,1.0,000120
2025-02-26,1.0,000120
2025-02-27,1.0,000120
2025-02-28,1.0,000120
2025-03-04,0.14,000120
2025-03-05,1.0,000120
2025-03-06,1.0,000120
2025-03-07,1.0,000120
2025-03-10,1.0,000120
2025-03-11,0.14,000120
2025-03-12,0.14,000120
2025-03-13,0.14,000120
2025-03-14,0.14,000120
2025-03-17,0.14,000120
2025-03-18,0.14,000120
2025-03-19,0.14,000120
2025-03-20,0.14,000120
2025-03-21,0.0,000120
2025-03-24,0.14,000120
2025-03-25,0.0,000120
2025-03-26,0.0,000120
2025-03-27,0.0,000120
2025-03-28,0.0,000120
2025-03-31,0.0,000120
2025-04-01,0.0,000120
2025-04-02,0.0,000120
2025-04-03,0.0,000120
2025-04-04,0.7,000120
2025-04-07,0.0,000120
2025-04-08,0.0,000120
2025-04-09,0.0,000120
2025-04-10,0.0,000120
2025-04-11,0.0,000120
2025-04-14,0.0,000120
2025-04-15,0.0,000120
2025-04-16,0.0,000120
2025-04-17,0.0,000120
2025-04-18,0.0,000120
2025-04-21,0.7,000120
2025-04-22,0.0,000120
2025-04-23,0.7,000120
2025-04-24,0.0,000120
2025-04-25,0.0,000120
2025-04-28,0.0,000120
2025-04-29,0.0,000120
2025-04-30,0.7,000120
2025-05-02,0.0,000120
2025-05-07,0.7,000120
2025-05-08,0.7,000120
2025-05-09,1.0,000120
2025-05-12,1.0,000120
2025-05-13,0.0,000120
2025-05-14,0.0,000120
2025-05-15,0.0,000120
2025-05-16,0.0,000120
2025-05-19,0.0,000120
2025-05-20,0.0,000120
2025-05-21,0.0,000120
2025-05-22,0.0,000120
2025-05-23,0.0,000120
2025-05-26,0.0,000120
2025-05-27,0.0,000120
2025-05-28,0.0,000120
2025-05-29,0.7,000120
2025-05-30,0.0,000120
2025-06-02,0.0,000120
2025-06-04,0.7,000120
2025-06-05,0.7,000120
2025-06-09,1.0,000120
2025-06-10,0.7,000120
2025-06-11,0.7,000120
2025-06-12,0.7,000120
2025-06-13,1.0,000120
2025-06-16,1.0,000120
2025-06-17,1.0,000120
2025-06-18,1.0,000120
2025-06-19,1.0,000120
2025-06-20,1.0,000120
2025-06-23,1.0,000120
2025-06-24,1.0,000120
2025-06-25,1.0,000120
2025-06-26,1.0,000120
2025-06-27,1.0,000120
2025-06-30,1.0,000120
2025-07-01,1.0,000120
2025-07-02,1.0,000120
2025-07-03,1.0,000120
2025-07-04,1.0,000120
2025-07-07,0.7,000120
2025-07-08,0.7,000120
2025-07-09,1.0,000120
2025-07-10,1.0,000120
2025-07-11,1.0,000120
2025-07-14,1.0,000120
2025-07-15,1.0,000120
2025-07-16,1.0,000120
2025-07-17,1.0,000120
2025-07-18,0.7,000120
2025-07-21,0.7,000120
2025-07-22,0.7,000120
2025-07-23,0.7,000120
2025-07-24,0.14,000120
2025-07-25,0.14,000120
2025-07-28,0.14,000120
2025-07-29,0.14,000120
2025-07-30,0.14,000120
2025-07-31,0.14,000120
2025-08-01,0.0,000120
2025-08-04,0.14,000120
2025-08-05,0.0,000120
2025-08-06,0.14,000120
2025-08-07,0.14,000120
2025-08-08,0.14,000120
2025-08-11,0.0,000120
2025-08-12,0.0,000120
2025-08-13,0.0,000120
2025-08-14,0.0,000120
2025-08-18,0.0,000120
2025-08-19,0.0,000120
2025-08-20,0.0,000120
2025-08-21,0.0,000120
2025-08-22,0.0,000120
2025-08-25,0.0,000120
2025-08-26,0.0,000120
2025-08-27,0.0,000120
2025-08-28,0.0,000120
2025-08-29,0.0,000120
2025-09-01,0.0,000120
2025-09-02,0.0,000120
2025-09-03,0.0,000120
2025-09-04,0.0,000120
2025-09-05,0.7,000120
2025-09-08,0.7,000120
2025-09-09,0.7,000120
2025-09-10,0.7,000120
2025-09-11,0.7,000120
2025-09-12,0.7,000120
2025-09-15,0.7,000120
2025-09-16,0.7,000120
2025-09-17,0.7,000120
2025-09-18,0.7,000120
2025-09-19,0.7,000120
2025-09-22,0.0,000120
2025-09-23,0.0,000120
2025-09-24,0.0,000120
2025-09-25,0.0,000120
2025-09-26,0.0,000120
2025-09-29,0.7,000120
2025-09-30,0.7,000120
2025-10-01,0.0,000120
2025-10-02,0.0,000120
2025-10-10,0.0,000120
2025-10-13,0.0,000120
2025-10-14,0.0,000120
2025-10-15,0.0,000120
2025-10-16,0.0,000120
2025-10-17,0.0,000120
2025-10-20,0.0,000120
2025-10-21,0.0,000120
2025-10-22,0.7,000120
2025-10-23,0.7,000120
2025-10-24,0.0,000120
2025-10-27,0.0,000120
2025-10-28,0.7,000120
2025-10-29,0.0,000120
2025-10-30,0.0,000120
2025-10-31,0.0,000120
2025-11-03,0.0,000120
2025-11-04,0.0,000120
2025-11-05,0.0,000120
2025-11-06,0.7,000120
2025-11-07,0.7,000120
2025-11-10,1.0,000120
2025-11-11,1.0,000120
2025-11-12,1.0,000120
2025-11-13,1.0,000120
2025-11-14,1.0,000120
2025-11-17,1.0,000120
2025-11-18,1.0,000120
2025-11-19,1.0,000120
2025-11-20,1.0,000120
2025-11-21,1.0,000120
2025-11-24,1.0,000120
2025-11-25,1.0,000120
2025-11-26,1.0,000120
2025-11-27,1.0,000120
2025-11-28,1.0,000120
2024-11-01,0.0,090430
2024-11-04,0.0,090430
2024-11-05,0.0,090430
2024-11-06,0.0,090430
2024-11-07,0.0,090430
2024-11-08,0.0,090430
2024-11-11,0.0,090430
2024-11-12,0.0,090430
2024-11-13,0.0,090430
2024-11-14,0.0,090430
2024-11-15,0.0,090430
2024-11-18,0.0,090430
2024-11-19,0.0,090430
2024-11-20,0.0,090430
2024-11-21,0.0,090430
2024-11-22,0.0,090430
2024-11-25,0.0,090430
2024-11-26,0.0,090430
2024-11-27,0.0,090430
2024-11-28,0.0,090430
2024-11-29,0.0,090430
2024-12-02,0.0,090430
2024-12-03,0.0,090430
2024-12-04,0.0,090430
2024-12-05,0.0,090430
2024-12-06,0.0,090430
2024-12-09,0.0,090430
2024-12-10,0.0,090430
2024-12-11,0.7,090430
2024-12-12,0.7,090430
2024-12-13,0.7,090430
2024-12-16,0.7,090430
2024-12-17,0.7,090430
2024-12-18,0.7,090430
2024-12-19,0.7,090430
2024-12-20,0.5,090430
2024-12-23,0.7,090430
2024-12-24,0.7,090430
2024-12-26,0.0,090430
2024-12-27,0.0,090430
2024-12-30,0.0,090430
2025-01-02,0.0,090430
2025-01-03,0.7,090430
2025-01-06,1.0,090430
2025-01-07,1.0,090430
2025-01-08,1.0,090430
2025-01-09,1.0,090430
2025-01-10,1.0,090430
2025-01-13,1.0,090430
2025-01-14,0.7,090430
2025-01-15,0.7,090430
2025-01-16,1.0,090430
2025-01-17,1.0,090430
2025-01-20,1.0,090430
2025-01-21,1.0,090430
2025-01-22,1.0,090430
2025-01-23,1.0,090430
2025-01-24,1.0,090430
2025-01-31,1.0,090430
2025-02-03,1.0,090430
2025-02-04,1.0,090430
2025-02-05,1.0,090430
2025-02-06,1.0,090430
2025-02-07,0.14,090430
2025-02-10,0.14,090430
2025-02-11,0.14,090430
2025-02-12,0.14,090430
2025-02-13,0.14,090430
2025-02-14,0.14,090430
2025-02-17,0.14,090430
2025-02-18,0.14,090430
2025-02-19,0.14,090430
2025-02-20,0.7,090430
2025-02-21,0.14,090430
2025-02-24,0.14,090430
2025-02-25,0.14,090430
2025-02-26,0.14,090430
2025-02-27,0.7,090430
2025-02-28,0.14,090430
2025-03-04,0.14,090430
2025-03-05,0.14,090430
2025-03-06,0.14,090430
2025-03-07,0.14,090430
2025-03-10,0.0,090430
2025-03-11,0.0,090430
2025-03-12,0.0,090430
2025-03-13,0.0,090430
2025-03-14,0.0,090430
2025-03-17,0.0,090430
2025-03-18,0.0,090430
2025-03-19,0.0,090430
2025-03-20,0.0,090430
2025-03-21,0.0,090430
2025-03-24,0.0,090430
2025-03-25,0.0,090430
2025-03-26,0.0,090430
2025-03-27,0.0,090430
2025-03-28,0.0,090430
2025-03-31,0.0,090430
2025-04-01,0.0,090430
2025-04-02,0.0,090430
2025-04-03,0.0,090430
2025-04-04,0.7,090430
2025-04-07,0.0,090430
2025-04-08,0.0,090430
2025-04-09,0.0,090430
2025-04-10,0.5,090430
2025-04-11,0.5,090430
2025-04-14,0.5,090430
2025-04-15,0.5,090430
2025-04-16,0.5,090430
2025-04-17,0.8,090430
2025-04-18,1.0,090430
2025-04-21,1.0,090430
2025-04-22,1.0,090430
2025-04-23,1.0,090430
2025-04-24,1.0,090430
2025-04-25,1.0,090430
2025-04-28,1.0,090430
2025-04-29,1.0,090430
2025-04-30,1.0,090430
2025-05-02,1.0,090430
2025-05-07,1.0,090430
2025-05-08,1.0,090430
2025-05-09,1.0,090430
2025-05-12,1.0,090430
2025-05-13,1.0,090430
2025-05-14,1.0,090430
2025-05-15,1.0,090430
2025-05-16,1.0,090430
2025-05-19,1.0,090430
2025-05-20,1.0,090430
2025-05-21,1.0,090430
2025-05-22,1.0,090430
2025-05-23,1.0,090430
2025-05-26,1.0,090430
2025-05-27,1.0,090430
2025-05-28,1.0,090430
2025-05-29,1.0,090430
2025-05-30,1.0,090430
2025-06-02,1.0,090430
2025-06-04,1.0,090430
2025-06-05,1.0,090430
2025-06-09,1.0,090430
2025-06-10,1.0,090430
2025-06-11,1.0,090430
2025-06-12,1.0,090430
2025-06-13,1.0,090430
2025-06-16,0.14,090430
2025-06-17,0.14,090430
2025-06-18,0.14,090430
2025-06-19,0.14,090430
2025-06-20,1.0,090430
2025-06-23,1.0,090430
2025-06-24,1.0,090430
2025-06-25,0.5,090430
2025-06-26,0.14,090430
2025-06-27,0.14,090430
2025-06-30,0.5,090430
2025-07-01,0.5,090430
2025-07-02,0.14,090430
2025-07-03,0.5,090430
2025-07-04,0.14,090430
2025-07-07,0.14,090430
2025-07-08,0.14,090430
2025-07-09,0.14,090430
2025-07-10,0.7,090430
2025-07-11,0.14,090430
2025-07-14,1.0,090430
2025-07-15,1.0,090430
2025-07-16,0.14,090430
2025-07-17,0.7,090430
2025-07-18,0.14,090430
2025-07-21,0.14,090430
2025-07-22,0.14,090430
2025-07-23,0.14,090430
2025-07-24,0.14,090430
2025-07-25,0.14,090430
2025-07-28,0.0,090430
2025-07-29,0.0,090430
2025-07-30,0.14,090430
2025-07-31,0.14,090430
2025-08-01,0.0,090430
2025-08-04,0.0,090430
2025-08-05,0.0,090430
2025-08-06,0.0,090430
2025-08-07,0.0,090430
2025-08-08,0.0,090430
2025-08-11,0.0,090430
2025-08-12,0.0,090430
2025-08-13,0.0,090430
2025-08-14,0.0,090430
2025-08-18,0.0,090430
2025-08-19,0.0,090430
2025-08-20,0.0,090430
2025-08-21,0.0,090430
2025-08-22,0.0,090430
2025-08-25,0.0,090430
2025-08-26,0.0,090430
2025-08-27,0.0,090430
2025-08-28,0.0,090430
2025-08-29,0.0,090430
2025-09-01,0.0,090430
2025-09-02,0.0,090430
2025-09-03,0.0,090430
2025-09-04,0.0,090430
2025-09-05,0.0,090430
2025-09-08,0.0,090430
2025-09-09,0.0,090430
2025-09-10,0.0,090430
2025-09-11,0.0,090430
2025-09-12,0.7,090430
2025-09-15,0.7,090430
2025-09-16,0.7,090430
2025-09-17,0.7,090430
2025-09-18,0.7,090430
2025-09-19,0.7,090430
2025-09-22,0.7,090430
2025-09-23,0.7,090430
2025-09-24,0.7,090430
2025-09-25,0.7,090430
2025-09-26,0.7,090430
2025-09-29,1.0,090430
2025-09-30,0.7,090430
2025-10-01,1.0,090430
2025-10-02,0.0,090430
2025-10-10,0.0,090430
2025-10-13,0.0,090430
2025-10-14,0.0,090430
2025-10-15,0.0,090430
2025-10-16,0.0,090430
2025-10-17,0.0,090430
2025-10-20,0.0,090430
2025-10-21,0.0,090430
2025-10-22,0.0,090430
2025-10-23,0.0,090430
2025-10-24,0.0,090430
2025-10-27,0.0,090430
2025-10-28,0.7,090430
2025-10-29,0.0,090430
2025-10-30,0.7,090430
2025-10-31,0.7,090430
2025-11-03,0.7,090430
2025-11-04,0.7,090430
2025-11-05,0.7,090430
2025-11-06,0.0,090430
2025-11-07,1.0,090430
2025-11-10,0.7,090430
2025-11-11,1.0,090430
2025-11-12,1.0,090430
2025-11-13,1.0,090430
2025-11-14,1.0,090430
2025-11-17,1.0,090430
2025-11-18,0.7,090430
2025-11-19,1.0,090430
2025-11-20,1.0,090430
2025-11-21,1.0,090430
2025-11-24,1.0,090430
2025-11-25,0.5,090430
2025-11-26,1.0,090430
2025-11-27,0.14,090430
2025-11-28,0.14,090430
2024-11-01,0.0,011170
2024-11-04,0.0,011170
2024-11-05,0.0,011170
2024-11-06,0.0,011170
2024-11-07,0.0,011170
2024-11-08,0.0,011170
2024-11-11,0.0,011170
2024-11-12,0.0,011170
2024-11-13,0.0,011170
2024-11-14,0.0,011170
2024-11-15,0.0,011170
2024-11-18,0.0,011170
2024-11-19,0.0,011170
2024-11-20,0.0,011170
2024-11-21,0.0,011170
2024-11-22,0.0,011170
2024-11-25,0.0,011170
2024-11-26,0.0,011170
2024-11-27,0.0,011170
2024-11-28,0.0,011170
2024-11-29,0.0,011170
2024-12-02,0.0,011170
2024-12-03,0.0,011170
2024-12-04,0.0,011170
2024-12-05,0.0,011170
2024-12-06,0.0,011170
2024-12-09,0.0,011170
2024-12-10,0.0,011170
2024-12-11,0.0,011170
2024-12-12,0.5,011170
2024-12-13,0.0,011170
2024-12-16,0.5,011170
2024-12-17,0.0,011170
2024-12-18,0.5,011170
2024-12-19,0.5,011170
2024-12-20,0.0,011170
2024-12-23,0.0,011170
2024-12-24,0.0,011170
2024-12-26,0.0,011170
2024-12-27,0.0,011170
2024-12-30,0.0,011170
2025-01-02,0.0,011170
2025-01-03,0.0,011170
2025-01-06,0.0,011170
2025-01-07,0.0,011170
2025-01-08,0.0,011170
2025-01-09,0.0,011170
2025-01-10,0.0,011170
2025-01-13,0.0,011170
2025-01-14,0.0,011170
2025-01-15,0.0,011170
2025-01-16,0.0,011170
2025-01-17,0.0,011170
2025-01-20,0.0,011170
2025-01-21,0.0,011170
2025-01-22,0.0,011170
2025-01-23,0.0,011170
2025-01-24,0.0,011170
2025-01-31,0.0,011170
2025-02-03,0.0,011170
2025-02-04,0.0,011170
2025-02-05,0.0,011170
2025-02-06,0.0,011170
2025-02-07,0.0,011170
2025-02-10,0.0,011170
2025-02-11,0.0,011170
2025-02-12,0.0,011170
2025-02-13,0.5,011170
2025-02-14,0.5,011170
2025-02-17,0.8,011170
2025-02-18,0.8,011170
2025-02-19,0.8,011170
2025-02-20,0.8,011170
2025-02-21,0.8,011170
2025-02-24,0.8,011170
2025-02-25,0.8,011170
2025-02-26,0.8,011170
2025-02-27,0.8,011170
2025-02-28,0.8,011170
2025-03-04,0.14,011170
2025-03-05,0.8,011170
2025-03-06,0.8,011170
2025-03-07,0.8,011170
2025-03-10,0.8,011170
2025-03-11,0.8,011170
2025-03-12,0.8,011170
2025-03-13,0.8,011170
2025-03-14,0.8,011170
2025-03-17,0.8,011170
2025-03-18,0.14,011170
2025-03-19,0.8,011170
2025-03-20,0.14,011170
2025-03-21,0.14,011170
2025-03-24,0.14,011170
2025-03-25,0.14,011170
2025-03-26,0.14,011170
2025-03-27,0.8,011170
2025-03-28,0.14,011170
2025-03-31,0.14,011170
2025-04-01,0.14,011170
2025-04-02,0.0,011170
2025-04-03,0.0,011170
2025-04-04,0.0,011170
2025-04-07,0.0,011170
2025-04-08,0.0,011170
2025-04-09,0.0,011170
2025-04-10,0.0,011170
2025-04-11,0.0,011170
2025-04-14,0.0,011170
2025-04-15,0.0,011170
2025-04-16,0.0,011170
2025-04-17,0.0,011170
2025-04-18,0.0,011170
2025-04-21,0.0,011170
2025-04-22,0.0,011170
2025-04-23,0.5,011170
2025-04-24,0.5,011170
2025-04-25,0.7,011170
2025-04-28,0.7,011170
2025-04-29,0.7,011170
2025-04-30,0.7,011170
2025-05-02,0.7,011170
2025-05-07,1.0,011170
2025-05-08,1.0,011170
2025-05-09,1.0,011170
2025-05-12,1.0,011170
2025-05-13,0.8,011170
2025-05-14,0.0,011170
2025-05-15,0.0,011170
2025-05-16,0.0,011170
2025-05-19,0.0,011170
2025-05-20,0.0,011170
2025-05-21,0.0,011170
2025-05-22,0.0,011170
2025-05-23,0.0,011170
2025-05-26,0.0,011170
2025-05-27,0.0,011170
2025-05-28,0.0,011170
2025-05-29,0.0,011170
2025-05-30,0.0,011170
2025-06-02,0.0,011170
2025-06-04,0.7,011170
2025-06-05,0.7,011170
2025-06-09,0.7,011170
2025-06-10,1.0,011170
2025-06-11,0.7,011170
2025-06-12,1.0,011170
2025-06-13,1.0,011170
2025-06-16,1.0,011170
2025-06-17,0.8,011170
2025-06-18,0.8,011170
2025-06-19,0.8,011170
2025-06-20,0.8,011170
2025-06-23,0.0,011170
2025-06-24,0.8,011170
2025-06-25,0.8,011170
2025-06-26,0.8,011170
2025-06-27,0.0,011170
2025-06-30,0.0,011170
2025-07-01,0.14,011170
2025-07-02,0.8,011170
2025-07-03,0.8,011170
2025-07-04,0.8,011170
2025-07-07,0.8,011170
2025-07-08,0.5,011170
2025-07-09,0.5,011170
2025-07-10,0.5,011170
2025-07-11,0.8,011170
2025-07-14,0.8,011170
2025-07-15,0.8,011170
2025-07-16,0.8,011170
2025-07-17,0.5,011170
2025-07-18,0.8,011170
2025-07-21,0.8,011170
2025-07-22,0.8,011170
2025-07-23,0.8,011170
2025-07-24,0.8,011170
2025-07-25,0.14,011170
2025-07-28,0.14,011170
2025-07-29,0.14,011170
2025-07-30,0.5,011170
2025-07-31,0.14,011170
2025-08-01,0.14,011170
2025-08-04,0.14,011170
2025-08-05,0.14,011170
2025-08-06,0.14,011170
2025-08-07,0.0,011170
2025-08-08,0.0,011170
2025-08-11,0.0,011170
2025-08-12,0.0,011170
2025-08-13,0.0,011170
2025-08-14,0.0,011170
2025-08-18,0.0,011170
2025-08-19,0.0,011170
2025-08-20,0.0,011170
2025-08-21,0.7,011170
2025-08-22,0.0,011170
2025-08-25,0.5,011170
2025-08-26,0.5,011170
2025-08-27,0.5,011170
2025-08-28,0.5,011170
2025-08-29,0.5,011170
2025-09-01,0.0,011170
2025-09-02,0.0,011170
2025-09-03,0.0,011170
2025-09-04,0.5,011170
2025-09-05,0.5,011170
2025-09-08,0.5,011170
2025-09-09,0.8,011170
2025-09-10,1.0,011170
2025-09-11,1.0,011170
2025-09-12,1.0,011170
2025-09-15,1.0,011170
2025-09-16,1.0,011170
2025-09-17,1.0,011170
2025-09-18,0.7,011170
2025-09-19,1.0,011170
2025-09-22,0.7,011170
2025-09-23,0.0,011170
2025-09-24,0.0,011170
2025-09-25,0.0,011170
2025-09-26,1.0,011170
2025-09-29,1.0,011170
2025-09-30,1.0,011170
2025-10-01,1.0,011170
2025-10-02,1.0,011170
2025-10-10,0.14,011170
2025-10-13,0.14,011170
2025-10-14,0.7,011170
2025-10-15,0.7,011170
2025-10-16,1.0,011170
2025-10-17,1.0,011170
2025-10-20,1.0,011170
2025-10-21,0.8,011170
2025-10-22,0.8,011170
2025-10-23,0.8,011170
2025-10-24,1.0,011170
2025-10-27,0.8,011170
2025-10-28,1.0,011170
2025-10-29,0.8,011170
2025-10-30,0.8,011170
2025-10-31,0.14,011170
2025-11-03,0.7,011170
2025-11-04,1.0,011170
2025-11-05,0.14,011170
2025-11-06,0.14,011170
2025-11-07,0.14,011170
2025-11-10,0.8,011170
2025-11-11,0.8,011170
2025-11-12,0.8,011170
2025-11-13,0.8,011170
2025-11-14,0.8,011170
2025-11-17,0.8,011170
2025-11-18,0.8,011170
2025-11-19,0.8,011170
2025-11-20,0.8,011170
2025-11-21,0.5,011170
2025-11-24,0.14,011170
2025-11-25,0.14,011170
2025-11-26,0.14,011170
2025-11-27,0.14,011170
2025-11-28,0.14,011170
2024-11-01,0.0,004020
2024-11-04,0.0,004020
2024-11-05,0.0,004020
2024-11-06,0.0,004020
2024-11-07,0.0,004020
2024-11-08,0.0,004020
2024-11-11,0.0,004020
2024-11-12,0.0,004020
2024-11-13,0.0,004020
2024-11-14,0.0,004020
2024-11-15,0.0,004020
2024-11-18,0.0,004020
2024-11-19,0.0,004020
2024-11-20,0.0,004020
2024-11-21,0.0,004020
2024-11-22,0.0,004020
2024-11-25,0.0,004020
2024-11-26,0.0,004020
2024-11-27,0.0,004020
2024-11-28,0.0,004020
2024-11-29,0.0,004020
2024-12-02,0.0,004020
2024-12-03,0.0,004020
2024-12-04,0.0,004020
2024-12-05,0.0,004020
2024-12-06,0.0,004020
2024-12-09,0.0,004020
2024-12-10,0.5,004020
2024-12-11,0.5,004020
2024-12-12,0.5,004020
2024-12-13,0.8,004020
2024-12-16,0.5,004020
2024-12-17,0.5,004020
2024-12-18,0.5,004020
2024-12-19,0.5,004020
2024-12-20,0.0,004020
2024-12-23,0.5,004020
2024-12-24,0.5,004020
2024-12-26,0.0,004020
2024-12-27,0.0,004020
2024-12-30,0.0,004020
2025-01-02,0.0,004020
2025-01-03,0.0,004020
2025-01-06,0.0,004020
2025-01-07,1.0,004020
2025-01-08,0.7,004020
2025-01-09,1.0,004020
2025-01-10,0.7,004020
2025-01-13,0.0,004020
2025-01-14,0.7,004020
2025-01-15,0.7,004020
2025-01-16,0.7,004020
2025-01-17,0.0,004020
2025-01-20,0.5,004020
2025-01-21,0.5,004020
2025-01-22,0.8,004020
2025-01-23,0.8,004020
2025-01-24,0.8,004020
2025-01-31,1.0,004020
2025-02-03,0.0,004020
2025-02-04,1.0,004020
2025-02-05,0.14,004020
2025-02-06,0.7,004020
2025-02-07,0.14,004020
2025-02-10,0.0,004020
2025-02-11,0.0,004020
2025-02-12,0.14,004020
2025-02-13,1.0,004020
2025-02-14,1.0,004020
2025-02-17,1.0,004020
2025-02-18,1.0,004020
2025-02-19,1.0,004020
2025-02-20,1.0,004020
2025-02-21,1.0,004020
2025-02-24,1.0,004020
2025-02-25,0.8,004020
2025-02-26,0.8,004020
2025-02-27,0.8,004020
2025-02-28,0.8,004020
2025-03-04,0.8,004020
2025-03-05,0.8,004020
2025-03-06,0.8,004020
2025-03-07,0.8,004020
2025-03-10,0.8,004020
2025-03-11,0.8,004020
2025-03-12,0.8,004020
2025-03-13,0.8,004020
2025-03-14,0.8,004020
2025-03-17,0.8,004020
2025-03-18,0.8,004020
2025-03-19,0.8,004020
2025-03-20,0.8,004020
2025-03-21,0.8,004020
2025-03-24,0.8,004020
2025-03-25,0.14,004020
2025-03-26,0.14,004020
2025-03-27,0.14,004020
2025-03-28,0.14,004020
2025-03-31,0.14,004020
2025-04-01,0.0,004020
2025-04-02,0.0,004020
2025-04-03,0.0,004020
2025-04-04,0.0,004020
2025-04-07,0.0,004020
2025-04-08,0.0,004020
2025-04-09,0.0,004020
2025-04-10,0.0,004020
2025-04-11,0.0,004020
2025-04-14,0.0,004020
2025-04-15,0.0,004020
2025-04-16,0.0,004020
2025-04-17,0.0,004020
2025-04-18,0.0,004020
2025-04-21,0.0,004020
2025-04-22,0.0,004020
2025-04-23,0.7,004020
2025-04-24,0.7,004020
2025-04-25,0.7,004020
2025-04-28,0.7,004020
2025-04-29,0.7,004020
2025-04-30,0.7,004020
2025-05-02,0.7,004020
2025-05-07,0.7,004020
2025-05-08,1.0,004020
2025-05-09,1.0,004020
2025-05-12,1.0,004020
2025-05-13,1.0,004020
2025-05-14,1.0,004020
2025-05-15,1.0,004020
2025-05-16,1.0,004020
2025-05-19,1.0,004020
2025-05-20,1.0,004020
2025-05-21,1.0,004020
2025-05-22,0.0,004020
2025-05-23,0.0,004020
2025-05-26,1.0,004020
2025-05-27,1.0,004020
2025-05-28,1.0,004020
2025-05-29,1.0,004020
2025-05-30,1.0,004020
2025-06-02,1.0,004020
2025-06-04,1.0,004020
2025-06-05,1.0,004020
2025-06-09,1.0,004020
2025-06-10,1.0,004020
2025-06-11,1.0,004020
2025-06-12,0.8,004020
2025-06-13,0.8,004020
2025-06-16,0.8,004020
2025-06-17,0.8,004020
2025-06-18,0.8,004020
2025-06-19,1.0,004020
2025-06-20,1.0,004020
2025-06-23,1.0,004020
2025-06-24,1.0,004020
2025-06-25,1.0,004020
2025-06-26,1.0,004020
2025-06-27,1.0,004020
2025-06-30,0.7,004020
2025-07-01,1.0,004020
2025-07-02,1.0,004020
2025-07-03,1.0,004020
2025-07-04,0.8,004020
2025-07-07,0.8,004020
2025-07-08,0.8,004020
2025-07-09,0.8,004020
2025-07-10,0.8,004020
2025-07-11,0.8,004020
2025-07-14,0.8,004020
2025-07-15,0.8,004020
2025-07-16,0.8,004020
2025-07-17,0.8,004020
2025-07-18,0.8,004020
2025-07-21,0.8,004020
2025-07-22,0.8,004020
2025-07-23,0.8,004020
2025-07-24,0.8,004020
2025-07-25,0.8,004020
2025-07-28,0.8,004020
2025-07-29,0.8,004020
2025-07-30,0.8,004020
2025-07-31,0.5,004020
2025-08-01,0.14,004020
2025-08-04,0.14,004020
2025-08-05,0.14,004020
2025-08-06,0.14,004020
2025-08-07,0.14,004020
2025-08-08,0.14,004020
2025-08-11,0.14,004020
2025-08-12,0.14,004020
2025-08-13,0.14,004020
2025-08-14,0.14,004020
2025-08-18,0.14,004020
2025-08-19,0.14,004020
2025-08-20,0.14,004020
2025-08-21,0.14,004020
2025-08-22,0.14,004020
2025-08-25,0.0,004020
2025-08-26,0.14,004020
2025-08-27,0.0,004020
2025-08-28,0.0,004020
2025-08-29,0.0,004020
2025-09-01,0.0,004020
2025-09-02,0.0,004020
2025-09-03,0.7,004020
2025-09-04,0.7,004020
2025-09-05,0.7,004020
2025-09-08,1.0,004020
2025-09-09,1.0,004020
2025-09-10,1.0,004020
2025-09-11,1.0,004020
2025-09-12,1.0,004020
2025-09-15,1.0,004020
2025-09-16,1.0,004020
2025-09-17,1.0,004020
2025-09-18,1.0,004020
2025-09-19,1.0,004020
2025-09-22,1.0,004020
2025-09-23,1.0,004020
2025-09-24,1.0,004020
2025-09-25,1.0,004020
2025-09-26,0.14,004020
2025-09-29,0.14,004020
2025-09-30,0.0,004020
2025-10-01,0.0,004020
2025-10-02,0.0,004020
2025-10-10,0.0,004020
2025-10-13,0.0,004020
2025-10-14,0.0,004020
2025-10-15,0.0,004020
2025-10-16,0.0,004020
2025-10-17,0.0,004020
2025-10-20,0.0,004020
2025-10-21,0.0,004020
2025-10-22,0.14,004020
2025-10-23,0.0,004020
2025-10-24,0.7,004020
2025-10-27,0.7,004020
2025-10-28,0.0,004020
2025-10-29,0.7,004020
2025-10-30,0.0,004020
2025-10-31,0.0,004020
2025-11-03,0.0,004020
2025-11-04,0.0,004020
2025-11-05,0.0,004020
2025-11-06,0.0,004020
2025-11-07,0.0,004020
2025-11-10,0.0,004020
2025-11-11,0.0,004020
2025-11-12,0.0,004020
2025-11-13,0.0,004020
2025-11-14,0.0,004020
2025-11-17,0.0,004020
2025-11-18,0.0,004020
2025-11-19,0.0,004020
2025-11-20,0.0,004020
2025-11-21,0.0,004020
2025-11-24,0.0,004020
2025-11-25,0.0,004020
2025-11-26,0.0,004020
2025-11-27,0.0,004020
2025-11-28,0.0,004020
2024-11-01,0.0,000720
2024-11-04,0.0,000720
2024-11-05,0.0,000720
2024-11-06,0.0,000720
2024-11-07,0.0,000720
2024-11-08,0.0,000720
2024-11-11,0.0,000720
2024-11-12,0.0,000720
2024-11-13,0.0,000720
2024-11-14,0.0,000720
2024-11-15,0.0,000720
2024-11-18,0.0,000720
2024-11-19,0.0,000720
2024-11-20,0.0,000720
2024-11-21,0.0,000720
2024-11-22,0.0,000720
2024-11-25,0.0,000720
2024-11-26,0.0,000720
2024-11-27,0.0,000720
2024-11-28,0.0,000720
2024-11-29,0.0,000720
2024-12-02,0.0,000720
2024-12-03,0.0,000720
2024-12-04,0.0,000720
2024-12-05,0.0,000720
2024-12-06,0.0,000720
2024-12-09,0.0,000720
2024-12-10,0.0,000720
2024-12-11,0.0,000720
2024-12-12,0.0,000720
2024-12-13,0.0,000720
2024-12-16,0.0,000720
2024-12-17,0.0,000720
2024-12-18,0.0,000720
2024-12-19,0.0,000720
2024-12-20,0.0,000720
2024-12-23,0.0,000720
2024-12-24,0.0,000720
2024-12-26,0.0,000720
2024-12-27,0.0,000720
2024-12-30,0.0,000720
2025-01-02,0.0,000720
2025-01-03,0.7,000720
2025-01-06,0.7,000720
2025-01-07,0.7,000720
2025-01-08,0.7,000720
2025-01-09,0.0,000720
2025-01-10,1.0,000720
2025-01-13,0.7,000720
2025-01-14,0.7,000720
2025-01-15,0.7,000720
2025-01-16,0.7,000720
2025-01-17,0.7,000720
2025-01-20,0.7,000720
2025-01-21,0.7,000720
2025-01-22,1.0,000720
2025-01-23,1.0,000720
2025-01-24,1.0,000720
2025-01-31,1.0,000720
2025-02-03,1.0,000720
2025-02-04,1.0,000720
2025-02-05,1.0,000720
2025-02-06,1.0,000720
2025-02-07,1.0,000720
2025-02-10,1.0,000720
2025-02-11,1.0,000720
2025-02-12,0.8,000720
2025-02-13,0.8,000720
2025-02-14,0.8,000720
2025-02-17,1.0,000720
2025-02-18,1.0,000720
2025-02-19,1.0,000720
2025-02-20,1.0,000720
2025-02-21,1.0,000720
2025-02-24,1.0,000720
2025-02-25,0.8,000720
2025-02-26,0.8,000720
2025-02-27,0.8,000720
2025-02-28,0.14,000720
2025-03-04,0.14,000720
2025-03-05,0.8,000720
2025-03-06,0.8,000720
2025-03-07,0.8,000720
2025-03-10,0.8,000720
2025-03-11,0.14,000720
2025-03-12,0.14,000720
2025-03-13,0.14,000720
2025-03-14,0.14,000720
2025-03-17,0.14,000720
2025-03-18,0.14,000720
2025-03-19,0.14,000720
2025-03-20,0.14,000720
2025-03-21,0.14,000720
2025-03-24,0.14,000720
2025-03-25,0.7,000720
2025-03-26,0.7,000720
2025-03-27,0.7,000720
2025-03-28,0.7,000720
2025-03-31,1.0,000720
2025-04-01,1.0,000720
2025-04-02,0.7,000720
2025-04-03,0.7,000720
2025-04-04,0.7,000720
2025-04-07,0.7,000720
2025-04-08,1.0,000720
2025-04-09,1.0,000720
2025-04-10,1.0,000720
2025-04-11,1.0,000720
2025-04-14,1.0,000720
2025-04-15,1.0,000720
2025-04-16,1.0,000720
2025-04-17,1.0,000720
2025-04-18,1.0,000720
2025-04-21,1.0,000720
2025-04-22,1.0,000720
2025-04-23,1.0,000720
2025-04-24,1.0,000720
2025-04-25,1.0,000720
2025-04-28,1.0,000720
2025-04-29,1.0,000720
2025-04-30,1.0,000720
2025-05-02,1.0,000720
2025-05-07,1.0,000720
2025-05-08,1.0,000720
2025-05-09,1.0,000720
2025-05-12,1.0,000720
2025-05-13,1.0,000720
2025-05-14,1.0,000720
2025-05-15,1.0,000720
2025-05-16,1.0,000720
2025-05-19,1.0,000720
2025-05-20,1.0,000720
2025-05-21,1.0,000720
2025-05-22,1.0,000720
2025-05-23,1.0,000720
2025-05-26,0.8,000720
2025-05-27,1.0,000720
2025-05-28,0.8,000720
2025-05-29,0.8,000720
2025-05-30,0.8,000720
2025-06-02,0.8,000720
2025-06-04,0.8,000720
2025-06-05,0.8,000720
2025-06-09,0.8,000720
2025-06-10,0.8,000720
2025-06-11,0.8,000720
2025-06-12,0.8,000720
2025-06-13,0.8,000720
2025-06-16,0.8,000720
2025-06-17,0.8,000720
2025-06-18,0.8,000720
2025-06-19,0.8,000720
2025-06-20,0.8,000720
2025-06-23,0.8,000720
2025-06-24,0.8,000720
2025-06-25,0.8,000720
2025-06-26,0.8,000720
2025-06-27,0.8,000720
2025-06-30,0.8,000720
2025-07-01,0.8,000720
2025-07-02,0.14,000720
2025-07-03,0.14,000720
2025-07-04,0.14,000720
2025-07-07,0.14,000720
2025-07-08,0.14,000720
2025-07-09,0.14,000720
2025-07-10,0.14,000720
2025-07-11,0.14,000720
2025-07-14,0.14,000720
2025-07-15,0.14,000720
2025-07-16,0.14,000720
2025-07-17,0.14,000720
2025-07-18,0.14,000720
2025-07-21,0.14,000720
2025-07-22,0.14,000720
2025-07-23,0.14,000720
2025-07-24,0.14,000720
2025-07-25,0.14,000720
2025-07-28,0.14,000720
2025-07-29,0.14,000720
2025-07-30,0.0,000720
2025-07-31,0.14,000720
2025-08-01,0.0,000720
2025-08-04,0.0,000720
2025-08-05,0.14,000720
2025-08-06,0.5,000720
2025-08-07,0.5,000720
2025-08-08,0.5,000720
2025-08-11,0.0,000720
2025-08-12,0.0,000720
2025-08-13,0.0,000720
2025-08-14,0.0,000720
2025-08-18,0.0,000720
2025-08-19,0.0,000720
2025-08-20,0.0,000720
2025-08-21,0.0,000720
2025-08-22,0.0,000720
2025-08-25,0.0,000720
2025-08-26,0.0,000720
2025-08-27,0.0,000720
2025-08-28,0.0,000720
2025-08-29,0.0,000720
2025-09-01,0.0,000720
2025-09-02,0.0,000720
2025-09-03,0.0,000720
2025-09-04,0.0,000720
2025-09-05,0.0,000720
2025-09-08,0.0,000720
2025-09-09,0.0,000720
2025-09-10,0.0,000720
2025-09-11,0.0,000720
2025-09-12,0.0,000720
2025-09-15,0.0,000720
2025-09-16,0.7,000720
2025-09-17,0.0,000720
2025-09-18,0.0,000720
2025-09-19,0.0,000720
2025-09-22,0.0,000720
2025-09-23,0.0,000720
2025-09-24,0.0,000720
2025-09-25,0.0,000720
2025-09-26,0.0,000720
2025-09-29,0.0,000720
2025-09-30,0.0,000720
2025-10-01,0.0,000720
2025-10-02,0.0,000720
2025-10-10,0.0,000720
2025-10-13,0.7,000720
2025-10-14,0.7,000720
2025-10-15,0.7,000720
2025-10-16,0.7,000720
2025-10-17,0.0,000720
2025-10-20,0.0,000720
2025-10-21,0.5,000720
2025-10-22,0.5,000720
2025-10-23,0.5,000720
2025-10-24,0.8,000720
2025-10-27,0.8,000720
2025-10-28,0.8,000720
2025-10-29,0.8,000720
2025-10-30,0.8,000720
2025-10-31,0.8,000720
2025-11-03,0.8,000720
2025-11-04,0.8,000720
2025-11-05,0.8,000720
2025-11-06,0.8,000720
2025-11-07,0.14,000720
2025-11-10,0.14,000720
2025-11-11,0.14,000720
2025-11-12,0.14,000720
2025-11-13,0.8,000720
2025-11-14,0.14,000720
2025-11-17,0.14,000720
2025-11-18,0.0,000720
2025-11-19,0.0,000720
2025-11-20,0.14,000720
2025-11-21,0.0,000720
2025-11-24,0.0,000720
2025-11-25,0.14,000720
2025-11-26,0.5,000720
2025-11-27,0.5,000720
2025-11-28,0.5,000720
2024-11-01,0.0,028260
2024-11-04,0.0,028260
2024-11-05,0.0,028260
2024-11-06,0.0,028260
2024-11-07,0.0,028260
2024-11-08,0.0,028260
2024-11-11,0.0,028260
2024-11-12,0.0,028260
2024-11-13,0.0,028260
2024-11-14,0.0,028260
2024-11-15,0.0,028260
2024-11-18,0.0,028260
2024-11-19,0.0,028260
2024-11-20,0.0,028260
2024-11-21,0.0,028260
2024-11-22,0.0,028260
2024-11-25,0.0,028260
2024-11-26,0.0,028260
2024-11-27,0.0,028260
2024-11-28,0.7,028260
2024-11-29,0.0,028260
2024-12-02,0.0,028260
2024-12-03,0.7,028260
2024-12-04,0.7,028260
2024-12-05,0.0,028260
2024-12-06,0.0,028260
2024-12-09,0.0,028260
2024-12-10,0.0,028260
2024-12-11,0.0,028260
2024-12-12,0.0,028260
2024-12-13,0.0,028260
2024-12-16,0.0,028260
2024-12-17,0.0,028260
2024-12-18,0.0,028260
2024-12-19,0.0,028260
2024-12-20,0.0,028260
2024-12-23,0.0,028260
2024-12-24,0.0,028260
2024-12-26,0.0,028260
2024-12-27,0.0,028260
2024-12-30,0.0,028260
2025-01-02,0.0,028260
2025-01-03,0.0,028260
2025-01-06,0.7,028260
2025-01-07,0.7,028260
2025-01-08,0.7,028260
2025-01-09,0.7,028260
2025-01-10,0.7,028260
2025-01-13,0.7,028260
2025-01-14,0.7,028260
2025-01-15,0.7,028260
2025-01-16,0.7,028260
2025-01-17,0.7,028260
2025-01-20,0.7,028260
2025-01-21,0.7,028260
2025-01-22,0.7,028260
2025-01-23,0.0,028260
2025-01-24,0.0,028260
2025-01-31,0.7,028260
2025-02-03,0.7,028260
2025-02-04,0.0,028260
2025-02-05,0.0,028260
2025-02-06,0.7,028260
2025-02-07,0.7,028260
2025-02-10,0.0,028260
2025-02-11,0.0,028260
2025-02-12,0.7,028260
2025-02-13,0.7,028260
2025-02-14,1.0,028260
2025-02-17,1.0,028260
2025-02-18,1.0,028260
2025-02-19,1.0,028260
2025-02-20,1.0,028260
2025-02-21,1.0,028260
2025-02-24,1.0,028260
2025-02-25,1.0,028260
2025-02-26,1.0,028260
2025-02-27,1.0,028260
2025-02-28,0.14,028260
2025-03-04,0.14,028260
2025-03-05,0.14,028260
2025-03-06,0.14,028260
2025-03-07,0.14,028260
2025-03-10,0.14,028260
2025-03-11,0.0,028260
2025-03-12,0.0,028260
2025-03-13,0.0,028260
2025-03-14,0.0,028260
2025-03-17,0.14,028260
2025-03-18,0.14,028260
2025-03-19,0.14,028260
2025-03-20,0.7,028260
2025-03-21,0.7,028260
2025-03-24,0.7,028260
2025-03-25,0.7,028260
2025-03-26,0.7,028260
2025-03-27,0.7,028260
2025-03-28,0.0,028260
2025-03-31,0.0,028260
2025-04-01,0.0,028260
2025-04-02,0.0,028260
2025-04-03,0.0,028260
2025-04-04,0.0,028260
2025-04-07,0.0,028260
2025-04-08,0.0,028260
2025-04-09,0.0,028260
2025-04-10,0.0,028260
2025-04-11,0.0,028260
2025-04-14,0.0,028260
2025-04-15,0.0,028260
2025-04-16,0.0,028260
2025-04-17,0.0,028260
2025-04-18,0.0,028260
2025-04-21,0.0,028260
2025-04-22,0.0,028260
2025-04-23,0.7,028260
2025-04-24,0.7,028260
2025-04-25,0.7,028260
2025-04-28,0.7,028260
2025-04-29,0.7,028260
2025-04-30,0.7,028260
2025-05-02,0.7,028260
2025-05-07,0.7,028260
2025-05-08,1.0,028260
2025-05-09,1.0,028260
2025-05-12,1.0,028260
2025-05-13,1.0,028260
2025-05-14,1.0,028260
2025-05-15,1.0,028260
2025-05-16,1.0,028260
2025-05-19,1.0,028260
2025-05-20,1.0,028260
2025-05-21,1.0,028260
2025-05-22,1.0,028260
2025-05-23,1.0,028260
2025-05-26,1.0,028260
2025-05-27,1.0,028260
2025-05-28,1.0,028260
2025-05-29,0.8,028260
2025-05-30,0.8,028260
2025-06-02,0.8,028260
2025-06-04,0.8,028260
2025-06-05,0.8,028260
2025-06-09,0.8,028260
2025-06-10,0.8,028260
2025-06-11,0.8,028260
2025-06-12,0.8,028260
2025-06-13,0.8,028260
2025-06-16,0.8,028260
2025-06-17,0.8,028260
2025-06-18,0.8,028260
2025-06-19,0.8,028260
2025-06-20,0.8,028260
2025-06-23,0.8,028260
2025-06-24,0.8,028260
2025-06-25,0.8,028260
2025-06-26,0.14,028260
2025-06-27,0.14,028260
2025-06-30,0.14,028260
2025-07-01,0.8,028260
2025-07-02,0.14,028260
2025-07-03,0.14,028260
2025-07-04,0.14,028260
2025-07-07,0.14,028260
2025-07-08,0.7,028260
2025-07-09,0.7,028260
2025-07-10,1.0,028260
2025-07-11,0.5,028260
2025-07-14,0.8,028260
2025-07-15,0.8,028260
2025-07-16,1.0,028260
2025-07-17,0.8,028260
2025-07-18,0.8,028260
2025-07-21,0.8,028260
2025-07-22,0.5,028260
2025-07-23,0.14,028260
2025-07-24,0.14,028260
2025-07-25,0.14,028260
2025-07-28,0.14,028260
2025-07-29,0.5,028260
2025-07-30,1.0,028260
2025-07-31,0.14,028260
2025-08-01,0.14,028260
2025-08-04,0.14,028260
2025-08-05,0.14,028260
2025-08-06,0.14,028260
2025-08-07,0.14,028260
2025-08-08,0.14,028260
2025-08-11,0.14,028260
2025-08-12,0.0,028260
2025-08-13,0.0,028260
2025-08-14,0.0,028260
2025-08-18,0.0,028260
2025-08-19,0.0,028260
2025-08-20,0.0,028260
2025-08-21,0.0,028260
2025-08-22,0.7,028260
2025-08-25,0.7,028260
2025-08-26,0.0,028260
2025-08-27,0.0,028260
2025-08-28,0.7,028260
2025-08-29,0.7,028260
2025-09-01,0.7,028260
2025-09-02,0.7,028260
2025-09-03,1.0,028260
2025-09-04,1.0,028260
2025-09-05,1.0,028260
2025-09-08,1.0,028260
2025-09-09,1.0,028260
2025-09-10,1.0,028260
2025-09-11,1.0,028260
2025-09-12,1.0,028260
2025-09-15,1.0,028260
2025-09-16,1.0,028260
2025-09-17,1.0,028260
2025-09-18,1.0,028260
2025-09-19,1.0,028260
2025-09-22,1.0,028260
2025-09-23,1.0,028260
2025-09-24,1.0,028260
2025-09-25,1.0,028260
2025-09-26,1.0,028260
2025-09-29,1.0,028260
2025-09-30,0.14,028260
2025-10-01,1.0,028260
2025-10-02,1.0,028260
2025-10-10,1.0,028260
2025-10-13,1.0,028260
2025-10-14,1.0,028260
2025-10-15,1.0,028260
2025-10-16,1.0,028260
2025-10-17,1.0,028260
2025-10-20,1.0,028260
2025-10-21,0.5,028260
2025-10-22,0.8,028260
2025-10-23,0.5,028260
2025-10-24,0.8,028260
2025-10-27,0.8,028260
2025-10-28,0.5,028260
2025-10-29,0.8,028260
2025-10-30,0.8,028260
2025-10-31,0.8,028260
2025-11-03,0.8,028260
2025-11-04,0.8,028260
2025-11-05,0.8,028260
2025-11-06,0.8,028260
2025-11-07,0.8,028260
2025-11-10,0.8,028260
2025-11-11,0.8,028260
2025-11-12,0.8,028260
2025-11-13,0.5,028260
2025-11-14,0.5,028260
2025-11-17,0.8,028260
2025-11-18,0.14,028260
2025-11-19,0.14,028260
2025-11-20,0.8,028260
2025-11-21,0.14,028260
2025-11-24,0.14,028260
2025-11-25,0.8,028260
2025-11-26,0.5,028260
2025-11-27,0.5,028260
2025-11-28,0.5,028260
2024-11-01,0.0,003670
2024-11-04,0.0,003670
2024-11-05,0.0,003670
2024-11-06,0.0,003670
2024-11-07,0.0,003670
2024-11-08,0.0,003670
2024-11-11,0.0,003670
2024-11-12,0.0,003670
2024-11-13,0.0,003670
2024-11-14,0.0,003670
2024-11-15,0.0,003670
2024-11-18,0.0,003670
2024-11-19,0.0,003670
2024-11-20,0.0,003670
2024-11-21,0.0,003670
2024-11-22,0.0,003670
2024-11-25,0.0,003670
2024-11-26,0.0,003670
2024-11-27,0.0,003670
2024-11-28,0.0,003670
2024-11-29,0.0,003670
2024-12-02,0.0,003670
2024-12-03,0.0,003670
2024-12-04,0.0,003670
2024-12-05,0.0,003670
2024-12-06,0.0,003670
2024-12-09,0.0,003670
2024-12-10,0.0,003670
2024-12-11,0.0,003670
2024-12-12,0.5,003670
2024-12-13,0.0,003670
2024-12-16,0.0,003670
2024-12-17,0.0,003670
2024-12-18,0.0,003670
2024-12-19,0.0,003670
2024-12-20,0.0,003670
2024-12-23,0.0,003670
2024-12-24,0.0,003670
2024-12-26,0.0,003670
2024-12-27,0.0,003670
2024-12-30,0.0,003670
2025-01-02,0.0,003670
2025-01-03,0.0,003670
2025-01-06,0.0,003670
2025-01-07,0.0,003670
2025-01-08,0.0,003670
2025-01-09,0.5,003670
2025-01-10,0.0,003670
2025-01-13,0.0,003670
2025-01-14,0.5,003670
2025-01-15,0.0,003670
2025-01-16,0.5,003670
2025-01-17,0.5,003670
2025-01-20,0.5,003670
2025-01-21,0.0,003670
2025-01-22,0.0,003670
2025-01-23,0.0,003670
2025-01-24,0.0,003670
2025-01-31,0.0,003670
2025-02-03,0.0,003670
2025-02-04,0.0,003670
2025-02-05,0.0,003670
2025-02-06,0.0,003670
2025-02-07,0.0,003670
2025-02-10,0.0,003670
2025-02-11,0.0,003670
2025-02-12,0.0,003670
2025-02-13,0.0,003670
2025-02-14,0.0,003670
2025-02-17,0.0,003670
2025-02-18,0.0,003670
2025-02-19,0.5,003670
2025-02-20,0.5,003670
2025-02-21,0.5,003670
2025-02-24,0.8,003670
2025-02-25,0.5,003670
2025-02-26,0.8,003670
2025-02-27,0.5,003670
2025-02-28,0.5,003670
2025-03-04,0.0,003670
2025-03-05,0.0,003670
2025-03-06,0.0,003670
2025-03-07,0.8,003670
2025-03-10,0.8,003670
2025-03-11,0.8,003670
2025-03-12,0.8,003670
2025-03-13,0.8,003670
2025-03-14,0.0,003670
2025-03-17,0.0,003670
2025-03-18,0.0,003670
2025-03-19,0.8,003670
2025-03-20,0.5,003670
2025-03-21,0.0,003670
2025-03-24,0.0,003670
2025-03-25,0.0,003670
2025-03-26,0.0,003670
2025-03-27,0.0,003670
2025-03-28,0.0,003670
2025-03-31,0.0,003670
2025-04-01,0.0,003670
2025-04-02,0.0,003670
2025-04-03,0.0,003670
2025-04-04,0.0,003670
2025-04-07,0.0,003670
2025-04-08,0.0,003670
2025-04-09,0.0,003670
2025-04-10,0.5,003670
2025-04-11,0.5,003670
2025-04-14,0.5,003670
2025-04-15,0.5,003670
2025-04-16,0.0,003670
2025-04-17,0.0,003670
2025-04-18,0.5,003670
2025-04-21,0.0,003670
2025-04-22,0.0,003670
2025-04-23,0.5,003670
2025-04-24,0.5,003670
2025-04-25,0.5,003670
2025-04-28,0.8,003670
2025-04-29,0.8,003670
2025-04-30,0.0,003670
2025-05-02,0.0,003670
2025-05-07,0.0,003670
2025-05-08,0.0,003670
2025-05-09,0.0,003670
2025-05-12,0.0,003670
2025-05-13,0.0,003670
2025-05-14,0.0,003670
2025-05-15,0.0,003670
2025-05-16,0.0,003670
2025-05-19,0.0,003670
2025-05-20,0.0,003670
2025-05-21,0.0,003670
2025-05-22,0.0,003670
2025-05-23,0.0,003670
2025-05-26,0.0,003670
2025-05-27,0.0,003670
2025-05-28,0.0,003670
2025-05-29,0.0,003670
2025-05-30,0.5,003670
2025-06-02,0.5,003670
2025-06-04,0.5,003670
2025-06-05,0.5,003670
2025-06-09,0.5,003670
2025-06-10,0.5,003670
2025-06-11,0.5,003670
2025-06-12,0.8,003670
2025-06-13,0.8,003670
2025-06-16,0.8,003670
2025-06-17,0.8,003670
2025-06-18,0.8,003670
2025-06-19,0.8,003670
2025-06-20,0.8,003670
2025-06-23,0.8,003670
2025-06-24,0.8,003670
2025-06-25,0.8,003670
2025-06-26,0.8,003670
2025-06-27,0.8,003670
2025-06-30,0.8,003670
2025-07-01,0.8,003670
2025-07-02,0.8,003670
2025-07-03,0.8,003670
2025-07-04,0.8,003670
2025-07-07,0.8,003670
2025-07-08,0.14,003670
2025-07-09,0.14,003670
2025-07-10,0.5,003670
2025-07-11,0.8,003670
2025-07-14,0.8,003670
2025-07-15,0.8,003670
2025-07-16,0.8,003670
2025-07-17,0.5,003670
2025-07-18,0.8,003670
2025-07-21,0.8,003670
2025-07-22,0.8,003670
2025-07-23,0.8,003670
2025-07-24,0.8,003670
2025-07-25,0.8,003670
2025-07-28,0.8,003670
2025-07-29,0.8,003670
2025-07-30,0.8,003670
2025-07-31,0.8,003670
2025-08-01,0.14,003670
2025-08-04,0.14,003670
2025-08-05,0.8,003670
2025-08-06,0.8,003670
2025-08-07,0.8,003670
2025-08-08,0.8,003670
2025-08-11,0.8,003670
2025-08-12,0.8,003670
2025-08-13,0.8,003670
2025-08-14,0.8,003670
2025-08-18,0.5,003670
2025-08-19,0.5,003670
2025-08-20,0.5,003670
2025-08-21,0.5,003670
2025-08-22,0.5,003670
2025-08-25,0.8,003670
2025-08-26,0.7,003670
2025-08-27,0.7,003670
2025-08-28,0.14,003670
2025-08-29,0.14,003670
2025-09-01,0.0,003670
2025-09-02,0.0,003670
2025-09-03,0.0,003670
2025-09-04,0.0,003670
2025-09-05,0.0,003670
2025-09-08,0.0,003670
2025-09-09,0.0,003670
2025-09-10,0.0,003670
2025-09-11,0.0,003670
2025-09-12,0.0,003670
2025-09-15,0.0,003670
2025-09-16,0.0,003670
2025-09-17,0.0,003670
2025-09-18,0.7,003670
2025-09-19,0.7,003670
2025-09-22,0.7,003670
2025-09-23,0.7,003670
2025-09-24,0.7,003670
2025-09-25,0.7,003670
2025-09-26,0.7,003670
2025-09-29,0.7,003670
2025-09-30,0.7,003670
2025-10-01,0.8,003670
2025-10-02,0.8,003670
2025-10-10,0.8,003670
2025-10-13,0.8,003670
2025-10-14,0.8,003670
2025-10-15,0.8,003670
2025-10-16,0.8,003670
2025-10-17,0.8,003670
2025-10-20,0.8,003670
2025-10-21,0.8,003670
2025-10-22,0.8,003670
2025-10-23,0.8,003670
2025-10-24,0.8,003670
2025-10-27,0.8,003670
2025-10-28,0.8,003670
2025-10-29,0.8,003670
2025-10-30,0.8,003670
2025-10-31,0.8,003670
2025-11-03,0.8,003670
2025-11-04,0.8,003670
2025-11-05,0.8,003670
2025-11-06,0.8,003670
2025-11-07,0.14,003670
2025-11-10,0.14,003670
2025-11-11,0.14,003670
2025-11-12,0.8,003670
2025-11-13,0.8,003670
2025-11-14,0.14,003670
2025-11-17,0.14,003670
2025-11-18,0.14,003670
2025-11-19,0.14,003670
2025-11-20,0.14,003670
2025-11-21,0.14,003670
2025-11-24,0.14,003670
2025-11-25,0.14,003670
2025-11-26,0.14,003670
2025-11-27,0.5,003670
2025-11-28,0.5,003670
2024-11-01,0.0,035720
2024-11-04,0.0,035720
2024-11-05,0.0,035720
2024-11-06,0.0,035720
2024-11-07,0.0,035720
2024-11-08,0.0,035720
2024-11-11,0.0,035720
2024-11-12,0.0,035720
2024-11-13,0.0,035720
2024-11-14,0.0,035720
2024-11-15,0.0,035720
2024-11-18,0.0,035720
2024-11-19,0.0,035720
2024-11-20,0.0,035720
2024-11-21,0.0,035720
2024-11-22,0.0,035720
2024-11-25,0.0,035720
2024-11-26,0.0,035720
2024-11-27,0.0,035720
2024-11-28,0.7,035720
2024-11-29,1.0,035720
2024-12-02,1.0,035720
2024-12-03,1.0,035720
2024-12-04,1.0,035720
2024-12-05,0.8,035720
2024-12-06,0.8,035720
2024-12-09,0.8,035720
2024-12-10,0.8,035720
2024-12-11,0.8,035720
2024-12-12,0.8,035720
2024-12-13,0.8,035720
2024-12-16,0.8,035720
2024-12-17,0.8,035720
2024-12-18,0.8,035720
2024-12-19,0.0,035720
2024-12-20,0.0,035720
2024-12-23,0.0,035720
2024-12-24,0.0,035720
2024-12-26,0.0,035720
2024-12-27,0.0,035720
2024-12-30,0.0,035720
2025-01-02,0.0,035720
2025-01-03,0.0,035720
2025-01-06,0.0,035720
2025-01-07,0.0,035720
2025-01-08,0.0,035720
2025-01-09,0.0,035720
2025-01-10,0.0,035720
2025-01-13,0.0,035720
2025-01-14,0.0,035720
2025-01-15,0.0,035720
2025-01-16,0.0,035720
2025-01-17,0.0,035720
2025-01-20,0.0,035720
2025-01-21,0.0,035720
2025-01-22,0.0,035720
2025-01-23,0.0,035720
2025-01-24,0.0,035720
2025-01-31,0.7,035720
2025-02-03,1.0,035720
2025-02-04,1.0,035720
2025-02-05,1.0,035720
2025-02-06,1.0,035720
2025-02-07,0.8,035720
2025-02-10,0.8,035720
2025-02-11,0.8,035720
2025-02-12,0.8,035720
2025-02-13,0.8,035720
2025-02-14,0.0,035720
2025-02-17,0.0,035720
2025-02-18,0.0,035720
2025-02-19,0.0,035720
2025-02-20,0.0,035720
2025-02-21,0.0,035720
2025-02-24,0.0,035720
2025-02-25,0.0,035720
2025-02-26,1.0,035720
2025-02-27,1.0,035720
2025-02-28,1.0,035720
2025-03-04,0.7,035720
2025-03-05,1.0,035720
2025-03-06,0.7,035720
2025-03-07,0.7,035720
2025-03-10,0.7,035720
2025-03-11,0.7,035720
2025-03-12,0.5,035720
2025-03-13,0.5,035720
2025-03-14,0.8,035720
2025-03-17,0.8,035720
2025-03-18,0.8,035720
2025-03-19,0.8,035720
2025-03-20,0.14,035720
2025-03-21,0.8,035720
2025-03-24,0.14,035720
2025-03-25,0.14,035720
2025-03-26,0.14,035720
2025-03-27,0.14,035720
2025-03-28,0.14,035720
2025-03-31,0.0,035720
2025-04-01,0.14,035720
2025-04-02,0.14,035720
2025-04-03,0.5,035720
2025-04-04,0.14,035720
2025-04-07,0.0,035720
2025-04-08,0.0,035720
2025-04-09,0.0,035720
2025-04-10,0.0,035720
2025-04-11,0.0,035720
2025-04-14,0.0,035720
2025-04-15,0.0,035720
2025-04-16,0.0,035720
2025-04-17,0.0,035720
2025-04-18,0.0,035720
2025-04-21,0.0,035720
2025-04-22,0.0,035720
2025-04-23,0.0,035720
2025-04-24,0.0,035720
2025-04-25,0.0,035720
2025-04-28,0.0,035720
2025-04-29,0.0,035720
2025-04-30,0.0,035720
2025-05-02,0.0,035720
2025-05-07,0.0,035720
2025-05-08,0.0,035720
2025-05-09,0.0,035720
2025-05-12,0.0,035720
2025-05-13,0.0,035720
2025-05-14,0.0,035720
2025-05-15,0.0,035720
2025-05-16,0.0,035720
2025-05-19,0.0,035720
2025-05-20,0.0,035720
2025-05-21,0.0,035720
2025-05-22,0.0,035720
2025-05-23,0.0,035720
2025-05-26,0.7,035720
2025-05-27,0.7,035720
2025-05-28,1.0,035720
2025-05-29,1.0,035720
2025-05-30,1.0,035720
2025-06-02,1.0,035720
2025-06-04,1.0,035720
2025-06-05,1.0,035720
2025-06-09,0.8,035720
2025-06-10,0.8,035720
2025-06-11,0.8,035720
2025-06-12,0.8,035720
2025-06-13,0.8,035720
2025-06-16,0.8,035720
2025-06-17,0.8,035720
2025-06-18,0.8,035720
2025-06-19,0.8,035720
2025-06-20,0.8,035720
2025-06-23,0.8,035720
2025-06-24,0.8,035720
2025-06-25,0.8,035720
2025-06-26,0.8,035720
2025-06-27,0.8,035720
2025-06-30,0.8,035720
2025-07-01,0.8,035720
2025-07-02,0.8,035720
2025-07-03,0.8,035720
2025-07-04,0.14,035720
2025-07-07,0.8,035720
2025-07-08,0.8,035720
2025-07-09,0.8,035720
2025-07-10,0.8,035720
2025-07-11,0.14,035720
2025-07-14,0.14,035720
2025-07-15,0.14,035720
2025-07-16,0.14,035720
2025-07-17,0.14,035720
2025-07-18,0.14,035720
2025-07-21,0.14,035720
2025-07-22,0.14,035720
2025-07-23,0.14,035720
2025-07-24,0.14,035720
2025-07-25,0.14,035720
2025-07-28,0.14,035720
2025-07-29,0.14,035720
2025-07-30,0.14,035720
2025-07-31,0.7,035720
2025-08-01,0.14,035720
2025-08-04,0.14,035720
2025-08-05,0.14,035720
2025-08-06,0.5,035720
2025-08-07,0.5,035720
2025-08-08,0.8,035720
2025-08-11,0.8,035720
2025-08-12,0.8,035720
2025-08-13,0.8,035720
2025-08-14,0.8,035720
2025-08-18,0.8,035720
2025-08-19,0.8,035720
2025-08-20,0.8,035720
2025-08-21,0.8,035720
2025-08-22,0.8,035720
2025-08-25,0.8,035720
2025-08-26,0.8,035720
2025-08-27,0.8,035720
2025-08-28,1.0,035720
2025-08-29,1.0,035720
2025-09-01,0.14,035720
2025-09-02,0.0,035720
2025-09-03,0.0,035720
2025-09-04,0.0,035720
2025-09-05,0.0,035720
2025-09-08,0.0,035720
2025-09-09,0.0,035720
2025-09-10,0.0,035720
2025-09-11,0.0,035720
2025-09-12,0.7,035720
2025-09-15,0.7,035720
2025-09-16,0.7,035720
2025-09-17,0.7,035720
2025-09-18,0.7,035720
2025-09-19,1.0,035720
2025-09-22,0.7,035720
2025-09-23,0.7,035720
2025-09-24,0.7,035720
2025-09-25,0.7,035720
2025-09-26,0.0,035720
2025-09-29,0.0,035720
2025-09-30,0.0,035720
2025-10-01,0.0,035720
2025-10-02,0.0,035720
2025-10-10,1.0,035720
2025-10-13,0.0,035720
2025-10-14,0.0,035720
2025-10-15,0.0,035720
2025-10-16,0.0,035720
2025-10-17,0.0,035720
2025-10-20,0.0,035720
2025-10-21,0.7,035720
2025-10-22,0.0,035720
2025-10-23,0.0,035720
2025-10-24,0.0,035720
2025-10-27,0.7,035720
2025-10-28,0.7,035720
2025-10-29,1.0,035720
2025-10-30,0.5,035720
2025-10-31,0.8,035720
2025-11-03,0.8,035720
2025-11-04,0.8,035720
2025-11-05,0.5,035720
2025-11-06,0.0,035720
2025-11-07,0.5,035720
2025-11-10,0.5,035720
2025-11-11,0.8,035720
2025-11-12,0.8,035720
2025-11-13,0.8,035720
2025-11-14,0.0,035720
2025-11-17,0.0,035720
2025-11-18,0.0,035720
2025-11-19,0.0,035720
2025-11-20,0.0,035720
2025-11-21,0.0,035720
2025-11-24,0.0,035720
2025-11-25,0.0,035720
2025-11-26,0.0,035720
2025-11-27,0.0,035720
2025-11-28,0.0,035720
2024-11-01,0.0,066570
2024-11-04,0.0,066570
2024-11-05,0.0,066570
2024-11-06,0.0,066570
2024-11-07,0.0,066570
2024-11-08,0.0,066570
2024-11-11,0.0,066570
2024-11-12,0.0,066570
2024-11-13,0.0,066570
2024-11-14,0.0,066570
2024-11-15,0.0,066570
2024-11-18,0.0,066570
2024-11-19,0.0,066570
2024-11-20,0.0,066570
2024-11-21,0.0,066570
2024-11-22,0.0,066570
2024-11-25,0.0,066570
2024-11-26,0.0,066570
2024-11-27,0.0,066570
2024-11-28,0.7,066570
2024-11-29,0.0,066570
2024-12-02,0.0,066570
2024-12-03,0.0,066570
2024-12-04,0.0,066570
2024-12-05,0.0,066570
2024-12-06,0.0,066570
2024-12-09,0.0,066570
2024-12-10,0.0,066570
2024-12-11,0.0,066570
2024-12-12,0.0,066570
2024-12-13,0.0,066570
2024-12-16,0.0,066570
2024-12-17,0.0,066570
2024-12-18,0.7,066570
2024-12-19,0.0,066570
2024-12-20,0.0,066570
2024-12-23,0.0,066570
2024-12-24,0.0,066570
2024-12-26,0.0,066570
2024-12-27,0.0,066570
2024-12-30,0.0,066570
2025-01-02,0.0,066570
2025-01-03,0.0,066570
2025-01-06,0.0,066570
2025-01-07,0.0,066570
2025-01-08,0.7,066570
2025-01-09,0.0,066570
2025-01-10,0.0,066570
2025-01-13,0.0,066570
2025-01-14,0.0,066570
2025-01-15,0.0,066570
2025-01-16,0.0,066570
2025-01-17,0.0,066570
2025-01-20,0.0,066570
2025-01-21,0.0,066570
2025-01-22,0.7,066570
2025-01-23,0.0,066570
2025-01-24,0.7,066570
2025-01-31,0.0,066570
2025-02-03,0.0,066570
2025-02-04,0.0,066570
2025-02-05,0.0,066570
2025-02-06,0.0,066570
2025-02-07,0.0,066570
2025-02-10,0.0,066570
2025-02-11,0.0,066570
2025-02-12,0.0,066570
2025-02-13,0.0,066570
2025-02-14,0.0,066570
2025-02-17,0.0,066570
2025-02-18,0.0,066570
2025-02-19,0.7,066570
2025-02-20,0.7,066570
2025-02-21,0.7,066570
2025-02-24,0.7,066570
2025-02-25,0.7,066570
2025-02-26,0.7,066570
2025-02-27,0.7,066570
2025-02-28,0.0,066570
2025-03-04,0.0,066570
2025-03-05,0.0,066570
2025-03-06,0.0,066570
2025-03-07,0.0,066570
2025-03-10,0.0,066570
2025-03-11,0.7,066570
2025-03-12,0.7,066570
2025-03-13,0.0,066570
2025-03-14,0.0,066570
2025-03-17,0.7,066570
2025-03-18,0.0,066570
2025-03-19,0.7,066570
2025-03-20,0.7,066570
2025-03-21,0.7,066570
2025-03-24,0.7,066570
2025-03-25,0.7,066570
2025-03-26,0.7,066570
2025-03-27,0.7,066570
2025-03-28,0.0,066570
2025-03-31,0.0,066570
2025-04-01,0.0,066570
2025-04-02,0.0,066570
2025-04-03,0.0,066570
2025-04-04,0.0,066570
2025-04-07,0.0,066570
2025-04-08,0.0,066570
2025-04-09,0.0,066570
2025-04-10,0.0,066570
2025-04-11,0.0,066570
2025-04-14,0.0,066570
2025-04-15,0.0,066570
2025-04-16,0.0,066570
2025-04-17,0.0,066570
2025-04-18,0.0,066570
2025-04-21,0.0,066570
2025-04-22,0.0,066570
2025-04-23,0.0,066570
2025-04-24,0.0,066570
2025-04-25,0.7,066570
2025-04-28,0.7,066570
2025-04-29,0.7,066570
2025-04-30,0.7,066570
2025-05-02,0.7,066570
2025-05-07,0.7,066570
2025-05-08,0.7,066570
2025-05-09,1.0,066570
2025-05-12,1.0,066570
2025-05-13,1.0,066570
2025-05-14,1.0,066570
2025-05-15,0.7,066570
2025-05-16,0.7,066570
2025-05-19,0.0,066570
2025-05-20,0.0,066570
2025-05-21,0.0,066570
2025-05-22,0.0,066570
2025-05-23,0.0,066570
2025-05-26,0.7,066570
2025-05-27,0.0,066570
2025-05-28,0.7,066570
2025-05-29,0.7,066570
2025-05-30,0.0,066570
2025-06-02,0.0,066570
2025-06-04,0.7,066570
2025-06-05,0.7,066570
2025-06-09,0.7,066570
2025-06-10,0.7,066570
2025-06-11,0.7,066570
2025-06-12,0.7,066570
2025-06-13,0.7,066570
2025-06-16,0.7,066570
2025-06-17,0.7,066570
2025-06-18,0.7,066570
2025-06-19,0.7,066570
2025-06-20,1.0,066570
2025-06-23,1.0,066570
2025-06-24,1.0,066570
2025-06-25,1.0,066570
2025-06-26,1.0,066570
2025-06-27,0.7,066570
2025-06-30,0.7,066570
2025-07-01,1.0,066570
2025-07-02,1.0,066570
2025-07-03,1.0,066570
2025-07-04,1.0,066570
2025-07-07,0.14,066570
2025-07-08,0.14,066570
2025-07-09,0.14,066570
2025-07-10,0.7,066570
2025-07-11,0.7,066570
2025-07-14,1.0,066570
2025-07-15,1.0,066570
2025-07-16,0.7,066570
2025-07-17,0.7,066570
2025-07-18,0.7,066570
2025-07-21,0.7,066570
2025-07-22,0.7,066570
2025-07-23,0.7,066570
2025-07-24,0.7,066570
2025-07-25,0.7,066570
2025-07-28,1.0,066570
2025-07-29,0.7,066570
2025-07-30,0.7,066570
2025-07-31,0.7,066570
2025-08-01,0.14,066570
2025-08-04,0.14,066570
2025-08-05,0.14,066570
2025-08-06,0.7,066570
2025-08-07,0.7,066570
2025-08-08,0.14,066570
2025-08-11,0.14,066570
2025-08-12,0.14,066570
2025-08-13,0.7,066570
2025-08-14,0.7,066570
2025-08-18,0.14,066570
2025-08-19,0.14,066570
2025-08-20,0.14,066570
2025-08-21,0.14,066570
2025-08-22,0.0,066570
2025-08-25,0.14,066570
2025-08-26,0.0,066570
2025-08-27,0.0,066570
2025-08-28,0.0,066570
2025-08-29,0.0,066570
2025-09-01,0.0,066570
2025-09-02,0.0,066570
2025-09-03,0.0,066570
2025-09-04,0.0,066570
2025-09-05,0.0,066570
2025-09-08,0.0,066570
2025-09-09,0.7,066570
2025-09-10,0.7,066570
2025-09-11,0.7,066570
2025-09-12,0.7,066570
2025-09-15,0.7,066570
2025-09-16,0.7,066570
2025-09-17,0.7,066570
2025-09-18,1.0,066570
2025-09-19,1.0,066570
2025-09-22,1.0,066570
2025-09-23,1.0,066570
2025-09-24,0.7,066570
2025-09-25,0.7,066570
2025-09-26,0.0,066570
2025-09-29,0.14,066570
2025-09-30,0.0,066570
2025-10-01,0.0,066570
2025-10-02,0.0,066570
2025-10-10,1.0,066570
2025-10-13,1.0,066570
2025-10-14,1.0,066570
2025-10-15,1.0,066570
2025-10-16,1.0,066570
2025-10-17,1.0,066570
2025-10-20,1.0,066570
2025-10-21,1.0,066570
2025-10-22,1.0,066570
2025-10-23,1.0,066570
2025-10-24,1.0,066570
2025-10-27,1.0,066570
2025-10-28,1.0,066570
2025-10-29,1.0,066570
2025-10-30,1.0,066570
2025-10-31,1.0,066570
2025-11-03,1.0,066570
2025-11-04,1.0,066570
2025-11-05,1.0,066570
2025-11-06,1.0,066570
2025-11-07,1.0,066570
2025-11-10,1.0,066570
2025-11-11,1.0,066570
2025-11-12,1.0,066570
2025-11-13,1.0,066570
2025-11-14,1.0,066570
2025-11-17,0.7,066570
2025-11-18,0.14,066570
2025-11-19,0.14,066570
2025-11-20,0.14,066570
2025-11-21,0.14,066570
2025-11-24,0.14,066570
2025-11-25,0.14,066570
2025-11-26,0.14,066570
2025-11-27,0.14,066570
2025-11-28,0.14,066570
2024-11-01,0.0,001570
2024-11-04,0.0,001570
2024-11-05,0.0,001570
2024-11-06,0.0,001570
2024-11-07,0.0,001570
2024-11-08,0.0,001570
2024-11-11,0.0,001570
2024-11-12,0.0,001570
2024-11-13,0.0,001570
2024-11-14,0.0,001570
2024-11-15,0.0,001570
2024-11-18,0.0,001570
2024-11-19,0.0,001570
2024-11-20,0.0,001570
2024-11-21,0.0,001570
2024-11-22,0.0,001570
2024-11-25,0.0,001570
2024-11-26,0.0,001570
2024-11-27,0.0,001570
2024-11-28,0.0,001570
2024-11-29,0.0,001570
2024-12-02,0.0,001570
2024-12-03,0.0,001570
2024-12-04,0.0,001570
2024-12-05,0.0,001570
2024-12-06,0.0,001570
2024-12-09,0.0,001570
2024-12-10,0.0,001570
2024-12-11,0.0,001570
2024-12-12,0.0,001570
2024-12-13,0.0,001570
2024-12-16,0.5,001570
2024-12-17,0.0,001570
2024-12-18,0.5,001570
2024-12-19,0.5,001570
2024-12-20,0.0,001570
2024-12-23,0.0,001570
2024-12-24,0.0,001570
2024-12-26,0.0,001570
2024-12-27,0.0,001570
2024-12-30,0.0,001570
2025-01-02,0.0,001570
2025-01-03,0.0,001570
2025-01-06,0.0,001570
2025-01-07,0.0,001570
2025-01-08,0.0,001570
2025-01-09,0.0,001570
2025-01-10,0.0,001570
2025-01-13,0.0,001570
2025-01-14,0.0,001570
2025-01-15,0.0,001570
2025-01-16,0.0,001570
2025-01-17,0.0,001570
2025-01-20,0.0,001570
2025-01-21,0.0,001570
2025-01-22,0.0,001570
2025-01-23,0.0,001570
2025-01-24,0.0,001570
2025-01-31,0.0,001570
2025-02-03,0.0,001570
2025-02-04,0.0,001570
2025-02-05,0.0,001570
2025-02-06,0.0,001570
2025-02-07,0.0,001570
2025-02-10,0.0,001570
2025-02-11,0.0,001570
2025-02-12,0.0,001570
2025-02-13,0.0,001570
2025-02-14,0.0,001570
2025-02-17,0.0,001570
2025-02-18,0.0,001570
2025-02-19,0.0,001570
2025-02-20,0.0,001570
2025-02-21,0.5,001570
2025-02-24,0.8,001570
2025-02-25,0.8,001570
2025-02-26,0.8,001570
2025-02-27,0.8,001570
2025-02-28,0.8,001570
2025-03-04,0.0,001570
2025-03-05,0.0,001570
2025-03-06,0.0,001570
2025-03-07,0.0,001570
2025-03-10,0.0,001570
2025-03-11,0.0,001570
2025-03-12,0.0,001570
2025-03-13,0.0,001570
2025-03-14,0.0,001570
2025-03-17,0.0,001570
2025-03-18,0.0,001570
2025-03-19,0.0,001570
2025-03-20,0.0,001570
2025-03-21,0.0,001570
2025-03-24,0.0,001570
2025-03-25,0.0,001570
2025-03-26,0.0,001570
2025-03-27,0.0,001570
2025-03-28,0.0,001570
2025-03-31,0.0,001570
2025-04-01,0.0,001570
2025-04-02,0.0,001570
2025-04-03,0.0,001570
2025-04-04,0.0,001570
2025-04-07,0.0,001570
2025-04-08,0.0,001570
2025-04-09,0.0,001570
2025-04-10,0.0,001570
2025-04-11,0.0,001570
2025-04-14,0.0,001570
2025-04-15,0.0,001570
2025-04-16,0.0,001570
2025-04-17,0.0,001570
2025-04-18,0.0,001570
2025-04-21,0.0,001570
2025-04-22,0.0,001570
2025-04-23,0.0,001570
2025-04-24,0.0,001570
2025-04-25,0.0,001570
2025-04-28,0.0,001570
2025-04-29,0.0,001570
2025-04-30,0.0,001570
2025-05-02,0.0,001570
2025-05-07,0.0,001570
2025-05-08,0.0,001570
2025-05-09,0.0,001570
2025-05-12,0.0,001570
2025-05-13,0.0,001570
2025-05-14,0.0,001570
2025-05-15,0.0,001570
2025-05-16,0.0,001570
2025-05-19,0.0,001570
2025-05-20,0.0,001570
2025-05-21,0.0,001570
2025-05-22,0.0,001570
2025-05-23,0.0,001570
2025-05-26,0.0,001570
2025-05-27,0.0,001570
2025-05-28,0.0,001570
2025-05-29,0.0,001570
2025-05-30,0.0,001570
2025-06-02,0.0,001570
2025-06-04,0.0,001570
2025-06-05,0.0,001570
2025-06-09,0.0,001570
2025-06-10,0.0,001570
2025-06-11,0.0,001570
2025-06-12,0.0,001570
2025-06-13,0.0,001570
2025-06-16,0.0,001570
2025-06-17,0.0,001570
2025-06-18,0.0,001570
2025-06-19,0.0,001570
2025-06-20,0.0,001570
2025-06-23,0.0,001570
2025-06-24,0.0,001570
2025-06-25,0.0,001570
2025-06-26,0.0,001570
2025-06-27,0.0,001570
2025-06-30,0.0,001570
2025-07-01,0.0,001570
2025-07-02,0.0,001570
2025-07-03,0.0,001570
2025-07-04,0.0,001570
2025-07-07,0.0,001570
2025-07-08,0.0,001570
2025-07-09,0.0,001570
2025-07-10,0.0,001570
2025-07-11,0.0,001570
2025-07-14,0.0,001570
2025-07-15,0.0,001570
2025-07-16,0.0,001570
2025-07-17,0.0,001570
2025-07-18,0.0,001570
2025-07-21,0.0,001570
2025-07-22,0.0,001570
2025-07-23,0.0,001570
2025-07-24,0.0,001570
2025-07-25,0.0,001570
2025-07-28,0.0,001570
2025-07-29,0.0,001570
2025-07-30,0.0,001570
2025-07-31,0.0,001570
2025-08-01,0.0,001570
2025-08-04,0.0,001570
2025-08-05,0.0,001570
2025-08-06,0.0,001570
2025-08-07,0.0,001570
2025-08-08,0.0,001570
2025-08-11,0.0,001570
2025-08-12,0.0,001570
2025-08-13,0.0,001570
2025-08-14,0.0,001570
2025-08-18,0.0,001570
2025-08-19,0.0,001570
2025-08-20,0.0,001570
2025-08-21,0.0,001570
2025-08-22,0.0,001570
2025-08-25,0.0,001570
2025-08-26,0.0,001570
2025-08-27,0.0,001570
2025-08-28,0.0,001570
2025-08-29,0.0,001570
2025-09-01,0.0,001570
2025-09-02,0.0,001570
2025-09-03,0.0,001570
2025-09-04,0.0,001570
2025-09-05,0.0,001570
2025-09-08,0.0,001570
2025-09-09,0.0,001570
2025-09-10,0.0,001570
2025-09-11,0.0,001570
2025-09-12,0.0,001570
2025-09-15,0.0,001570
2025-09-16,0.0,001570
2025-09-17,0.0,001570
2025-09-18,0.0,001570
2025-09-19,0.0,001570
2025-09-22,0.0,001570
2025-09-23,0.0,001570
2025-09-24,0.0,001570
2025-09-25,0.0,001570
2025-09-26,0.0,001570
2025-09-29,0.0,001570
2025-09-30,0.0,001570
2025-10-01,0.0,001570
2025-10-02,0.0,001570
2025-10-10,0.0,001570
2025-10-13,0.0,001570
2025-10-14,0.0,001570
2025-10-15,0.0,001570
2025-10-16,0.0,001570
2025-10-17,0.0,001570
2025-10-20,0.0,001570
2025-10-21,0.0,001570
2025-10-22,0.0,001570
2025-10-23,0.0,001570
2025-10-24,0.0,001570
2025-10-27,0.0,001570
2025-10-28,0.0,001570
2025-10-29,0.0,001570
2025-10-30,0.0,001570
2025-10-31,0.0,001570
2025-11-03,0.0,001570
2025-11-04,0.0,001570
2025-11-05,0.0,001570
2025-11-06,0.0,001570
2025-11-07,0.0,001570
2025-11-10,0.0,001570
2025-11-11,0.0,001570
2025-11-12,0.0,001570
2025-11-13,0.0,001570
2025-11-14,0.0,001570
2025-11-17,0.0,001570
2025-11-18,0.0,001570
2025-11-19,0.0,001570
2025-11-20,0.0,001570
2025-11-21,0.0,001570
2025-11-24,0.0,001570
2025-11-25,0.0,001570
2025-11-26,0.0,001570
2025-11-27,0.0,001570
2025-11-28,0.0,001570
2024-11-01,0.0,086280
2024-11-04,0.0,086280
2024-11-05,0.0,086280
2024-11-06,0.0,086280
2024-11-07,0.0,086280
2024-11-08,0.0,086280
2024-11-11,0.0,086280
2024-11-12,0.0,086280
2024-11-13,0.0,086280
2024-11-14,0.0,086280
2024-11-15,0.0,086280
2024-11-18,0.0,086280
2024-11-19,0.0,086280
2024-11-20,0.0,086280
2024-11-21,0.0,086280
2024-11-22,0.0,086280
2024-11-25,0.0,086280
2024-11-26,0.0,086280
2024-11-27,0.0,086280
2024-11-28,0.7,086280
2024-11-29,0.7,086280
2024-12-02,0.7,086280
2024-12-03,0.7,086280
2024-12-04,0.7,086280
2024-12-05,0.0,086280
2024-12-06,0.0,086280
2024-12-09,0.0,086280
2024-12-10,0.0,086280
2024-12-11,0.0,086280
2024-12-12,0.0,086280
2024-12-13,0.0,086280
2024-12-16,0.0,086280
2024-12-17,0.0,086280
2024-12-18,0.7,086280
2024-12-19,0.0,086280
2024-12-20,0.0,086280
2024-12-23,0.7,086280
2024-12-24,0.0,086280
2024-12-26,0.7,086280
2024-12-27,0.0,086280
2024-12-30,0.7,086280
2025-01-02,1.0,086280
2025-01-03,1.0,086280
2025-01-06,1.0,086280
2025-01-07,1.0,086280
2025-01-08,1.0,086280
2025-01-09,0.8,086280
2025-01-10,1.0,086280
2025-01-13,1.0,086280
2025-01-14,1.0,086280
2025-01-15,1.0,086280
2025-01-16,1.0,086280
2025-01-17,1.0,086280
2025-01-20,0.0,086280
2025-01-21,1.0,086280
2025-01-22,1.0,086280
2025-01-23,1.0,086280
2025-01-24,1.0,086280
2025-01-31,1.0,086280
2025-02-03,1.0,086280
2025-02-04,1.0,086280
2025-02-05,1.0,086280
2025-02-06,0.7,086280
2025-02-07,0.14,086280
2025-02-10,0.14,086280
2025-02-11,0.14,086280
2025-02-12,0.14,086280
2025-02-13,0.14,086280
2025-02-14,0.14,086280
2025-02-17,0.14,086280
2025-02-18,0.14,086280
2025-02-19,0.14,086280
2025-02-20,0.14,086280
2025-02-21,0.14,086280
2025-02-24,1.0,086280
2025-02-25,0.7,086280
2025-02-26,0.7,086280
2025-02-27,0.14,086280
2025-02-28,0.14,086280
2025-03-04,0.14,086280
2025-03-05,0.14,086280
2025-03-06,0.7,086280
2025-03-07,0.14,086280
2025-03-10,0.0,086280
2025-03-11,0.0,086280
2025-03-12,0.0,086280
2025-03-13,0.0,086280
2025-03-14,0.0,086280
2025-03-17,0.0,086280
2025-03-18,0.0,086280
2025-03-19,0.0,086280
2025-03-20,0.0,086280
2025-03-21,0.0,086280
2025-03-24,0.7,086280
2025-03-25,0.0,086280
2025-03-26,0.7,086280
2025-03-27,0.0,086280
2025-03-28,0.0,086280
2025-03-31,0.0,086280
2025-04-01,0.0,086280
2025-04-02,0.0,086280
2025-04-03,0.0,086280
2025-04-04,0.0,086280
2025-04-07,0.0,086280
2025-04-08,0.0,086280
2025-04-09,0.0,086280
2025-04-10,0.0,086280
2025-04-11,0.0,086280
2025-04-14,0.0,086280
2025-04-15,0.0,086280
2025-04-16,0.0,086280
2025-04-17,0.0,086280
2025-04-18,0.5,086280
2025-04-21,0.0,086280
2025-04-22,0.0,086280
2025-04-23,0.5,086280
2025-04-24,0.5,086280
2025-04-25,0.7,086280
2025-04-28,0.0,086280
2025-04-29,0.7,086280
2025-04-30,0.7,086280
2025-05-02,0.0,086280
2025-05-07,0.0,086280
2025-05-08,0.0,086280
2025-05-09,0.0,086280
2025-05-12,0.0,086280
2025-05-13,0.7,086280
2025-05-14,1.0,086280
2025-05-15,1.0,086280
2025-05-16,0.7,086280
2025-05-19,0.0,086280
2025-05-20,0.0,086280
2025-05-21,0.0,086280
2025-05-22,0.0,086280
2025-05-23,0.0,086280
2025-05-26,0.0,086280
2025-05-27,0.7,086280
2025-05-28,0.7,086280
2025-05-29,0.7,086280
2025-05-30,0.7,086280
2025-06-02,0.7,086280
2025-06-04,1.0,086280
2025-06-05,1.0,086280
2025-06-09,1.0,086280
2025-06-10,1.0,086280
2025-06-11,1.0,086280
2025-06-12,1.0,086280
2025-06-13,0.7,086280
2025-06-16,1.0,086280
2025-06-17,1.0,086280
2025-06-18,1.0,086280
2025-06-19,1.0,086280
2025-06-20,1.0,086280
2025-06-23,1.0,086280
2025-06-24,1.0,086280
2025-06-25,1.0,086280
2025-06-26,1.0,086280
2025-06-27,1.0,086280
2025-06-30,1.0,086280
2025-07-01,1.0,086280
2025-07-02,1.0,086280
2025-07-03,1.0,086280
2025-07-04,1.0,086280
2025-07-07,1.0,086280
2025-07-08,1.0,086280
2025-07-09,1.0,086280
2025-07-10,1.0,086280
2025-07-11,1.0,086280
2025-07-14,1.0,086280
2025-07-15,1.0,086280
2025-07-16,1.0,086280
2025-07-17,1.0,086280
2025-07-18,0.7,086280
2025-07-21,0.7,086280
2025-07-22,0.7,086280
2025-07-23,0.7,086280
2025-07-24,0.7,086280
2025-07-25,1.0,086280
2025-07-28,1.0,086280
2025-07-29,1.0,086280
2025-07-30,1.0,086280
2025-07-31,1.0,086280
2025-08-01,1.0,086280
2025-08-04,1.0,086280
2025-08-05,1.0,086280
2025-08-06,1.0,086280
2025-08-07,1.0,086280
2025-08-08,1.0,086280
2025-08-11,0.8,086280
2025-08-12,0.8,086280
2025-08-13,1.0,086280
2025-08-14,1.0,086280
2025-08-18,1.0,086280
2025-08-19,1.0,086280
2025-08-20,1.0,086280
2025-08-21,1.0,086280
2025-08-22,1.0,086280
2025-08-25,1.0,086280
2025-08-26,1.0,086280
2025-08-27,1.0,086280
2025-08-28,1.0,086280
2025-08-29,1.0,086280
2025-09-01,1.0,086280
2025-09-02,1.0,086280
2025-09-03,1.0,086280
2025-09-04,1.0,086280
2025-09-05,1.0,086280
2025-09-08,1.0,086280
2025-09-09,1.0,086280
2025-09-10,1.0,086280
2025-09-11,1.0,086280
2025-09-12,1.0,086280
2025-09-15,1.0,086280
2025-09-16,1.0,086280
2025-09-17,1.0,086280
2025-09-18,1.0,086280
2025-09-19,0.14,086280
2025-09-22,0.14,086280
2025-09-23,0.14,086280
2025-09-24,0.14,086280
2025-09-25,0.14,086280
2025-09-26,0.14,086280
2025-09-29,0.14,086280
2025-09-30,0.0,086280
2025-10-01,0.0,086280
2025-10-02,0.0,086280
2025-10-10,0.0,086280
2025-10-13,0.0,086280
2025-10-14,0.0,086280
2025-10-15,0.0,086280
2025-10-16,0.0,086280
2025-10-17,0.0,086280
2025-10-20,0.0,086280
2025-10-21,0.0,086280
2025-10-22,0.7,086280
2025-10-23,0.7,086280
2025-10-24,0.7,086280
2025-10-27,0.7,086280
2025-10-28,0.7,086280
2025-10-29,0.7,086280
2025-10-30,0.7,086280
2025-10-31,1.0,086280
2025-11-03,0.5,086280
2025-11-04,0.0,086280
2025-11-05,0.0,086280
2025-11-06,0.0,086280
2025-11-07,0.0,086280
2025-11-10,0.0,086280
2025-11-11,0.0,086280
2025-11-12,0.5,086280
2025-11-13,0.0,086280
2025-11-14,0.0,086280
2025-11-17,0.0,086280
2025-11-18,0.0,086280
2025-11-19,0.0,086280
2025-11-20,0.0,086280
2025-11-21,0.0,086280
2025-11-24,0.0,086280
2025-11-25,0.0,086280
2025-11-26,0.0,086280
2025-11-27,0.0,086280
2025-11-28,0.7,086280
2024-11-01,0.0,002790
2024-11-04,0.0,002790
2024-11-05,0.0,002790
2024-11-06,0.0,002790
2024-11-07,0.0,002790
2024-11-08,0.0,002790
2024-11-11,0.0,002790
2024-11-12,0.0,002790
2024-11-13,0.0,002790
2024-11-14,0.0,002790
2024-11-15,0.0,002790
2024-11-18,0.0,002790
2024-11-19,0.0,002790
2024-11-20,0.0,002790
2024-11-21,0.0,002790
2024-11-22,0.0,002790
2024-11-25,0.0,002790
2024-11-26,0.0,002790
2024-11-27,0.0,002790
2024-11-28,0.0,002790
2024-11-29,0.0,002790
2024-12-02,0.0,002790
2024-12-03,0.7,002790
2024-12-04,0.0,002790
2024-12-05,0.0,002790
2024-12-06,0.0,002790
2024-12-09,0.0,002790
2024-12-10,0.0,002790
2024-12-11,0.7,002790
2024-12-12,0.7,002790
2024-12-13,0.7,002790
2024-12-16,0.7,002790
2024-12-17,0.7,002790
2024-12-18,0.7,002790
2024-12-19,0.0,002790
2024-12-20,0.0,002790
2024-12-23,0.7,002790
2024-12-24,0.0,002790
2024-12-26,0.0,002790
2024-12-27,0.0,002790
2024-12-30,0.0,002790
2025-01-02,0.0,002790
2025-01-03,0.0,002790
2025-01-06,0.7,002790
2025-01-07,0.7,002790
2025-01-08,1.0,002790
2025-01-09,1.0,002790
2025-01-10,0.7,002790
2025-01-13,0.7,002790
2025-01-14,0.7,002790
2025-01-15,0.7,002790
2025-01-16,1.0,002790
2025-01-17,1.0,002790
2025-01-20,1.0,002790
2025-01-21,1.0,002790
2025-01-22,1.0,002790
2025-01-23,1.0,002790
2025-01-24,1.0,002790
2025-01-31,1.0,002790
2025-02-03,1.0,002790
2025-02-04,1.0,002790
2025-02-05,0.14,002790
2025-02-06,1.0,002790
2025-02-07,0.0,002790
2025-02-10,0.0,002790
2025-02-11,0.0,002790
2025-02-12,0.0,002790
2025-02-13,0.0,002790
2025-02-14,0.0,002790
2025-02-17,0.0,002790
2025-02-18,0.0,002790
2025-02-19,0.0,002790
2025-02-20,0.14,002790
2025-02-21,0.0,002790
2025-02-24,0.0,002790
2025-02-25,0.0,002790
2025-02-26,0.0,002790
2025-02-27,0.0,002790
2025-02-28,0.0,002790
2025-03-04,0.0,002790
2025-03-05,0.0,002790
2025-03-06,0.7,002790
2025-03-07,0.7,002790
2025-03-10,0.7,002790
2025-03-11,0.0,002790
2025-03-12,0.0,002790
2025-03-13,0.0,002790
2025-03-14,0.0,002790
2025-03-17,0.0,002790
2025-03-18,0.0,002790
2025-03-19,0.0,002790
2025-03-20,0.0,002790
2025-03-21,0.0,002790
2025-03-24,0.0,002790
2025-03-25,0.0,002790
2025-03-26,0.0,002790
2025-03-27,0.0,002790
2025-03-28,0.0,002790
2025-03-31,0.0,002790
2025-04-01,0.0,002790
2025-04-02,0.0,002790
2025-04-03,0.0,002790
2025-04-04,0.0,002790
2025-04-07,0.0,002790
2025-04-08,0.0,002790
2025-04-09,0.0,002790
2025-04-10,0.0,002790
2025-04-11,0.0,002790
2025-04-14,0.0,002790
2025-04-15,0.7,002790
2025-04-16,0.7,002790
2025-04-17,0.7,002790
2025-04-18,0.7,002790
2025-04-21,0.7,002790
2025-04-22,0.7,002790
2025-04-23,0.7,002790
2025-04-24,1.0,002790
2025-04-25,1.0,002790
2025-04-28,1.0,002790
2025-04-29,1.0,002790
2025-04-30,1.0,002790
2025-05-02,1.0,002790
2025-05-07,1.0,002790
2025-05-08,1.0,002790
2025-05-09,1.0,002790
2025-05-12,1.0,002790
2025-05-13,1.0,002790
2025-05-14,1.0,002790
2025-05-15,1.0,002790
2025-05-16,1.0,002790
2025-05-19,1.0,002790
2025-05-20,1.0,002790
2025-05-21,1.0,002790
2025-05-22,1.0,002790
2025-05-23,1.0,002790
2025-05-26,1.0,002790
2025-05-27,1.0,002790
2025-05-28,1.0,002790
2025-05-29,1.0,002790
2025-05-30,1.0,002790
2025-06-02,1.0,002790
2025-06-04,1.0,002790
2025-06-05,1.0,002790
2025-06-09,1.0,002790
2025-06-10,1.0,002790
2025-06-11,1.0,002790
2025-06-12,1.0,002790
2025-06-13,1.0,002790
2025-06-16,1.0,002790
2025-06-17,1.0,002790
2025-06-18,1.0,002790
2025-06-19,1.0,002790
2025-06-20,1.0,002790
2025-06-23,1.0,002790
2025-06-24,1.0,002790
2025-06-25,0.8,002790
2025-06-26,0.8,002790
2025-06-27,0.8,002790
2025-06-30,0.8,002790
2025-07-01,1.0,002790
2025-07-02,0.8,002790
2025-07-03,0.8,002790
2025-07-04,0.8,002790
2025-07-07,0.8,002790
2025-07-08,0.8,002790
2025-07-09,0.8,002790
2025-07-10,0.8,002790
2025-07-11,1.0,002790
2025-07-14,1.0,002790
2025-07-15,1.0,002790
2025-07-16,1.0,002790
2025-07-17,1.0,002790
2025-07-18,0.7,002790
2025-07-21,0.14,002790
2025-07-22,0.14,002790
2025-07-23,0.14,002790
2025-07-24,0.14,002790
2025-07-25,0.14,002790
2025-07-28,0.14,002790
2025-07-29,0.14,002790
2025-07-30,0.14,002790
2025-07-31,0.14,002790
2025-08-01,0.14,002790
2025-08-04,0.14,002790
2025-08-05,0.0,002790
2025-08-06,0.0,002790
2025-08-07,0.14,002790
2025-08-08,0.0,002790
2025-08-11,0.0,002790
2025-08-12,0.0,002790
2025-08-13,0.0,002790
2025-08-14,0.0,002790
2025-08-18,0.0,002790
2025-08-19,0.0,002790
2025-08-20,0.0,002790
2025-08-21,0.0,002790
2025-08-22,0.0,002790
2025-08-25,0.0,002790
2025-08-26,0.0,002790
2025-08-27,0.0,002790
2025-08-28,0.0,002790
2025-08-29,0.0,002790
2025-09-01,0.0,002790
2025-09-02,0.0,002790
2025-09-03,0.0,002790
2025-09-04,0.0,002790
2025-09-05,0.0,002790
2025-09-08,0.7,002790
2025-09-09,0.7,002790
2025-09-10,0.7,002790
2025-09-11,0.7,002790
2025-09-12,0.7,002790
2025-09-15,0.7,002790
2025-09-16,0.0,002790
2025-09-17,0.7,002790
2025-09-18,0.7,002790
2025-09-19,0.7,002790
2025-09-22,0.0,002790
2025-09-23,0.0,002790
2025-09-24,0.0,002790
2025-09-25,0.0,002790
2025-09-26,0.0,002790
2025-09-29,0.0,002790
2025-09-30,0.0,002790
2025-10-01,0.0,002790
2025-10-02,0.0,002790
2025-10-10,0.0,002790
2025-10-13,0.0,002790
2025-10-14,0.0,002790
2025-10-15,0.0,002790
2025-10-16,0.0,002790
2025-10-17,0.0,002790
2025-10-20,0.0,002790
2025-10-21,0.0,002790
2025-10-22,0.0,002790
2025-10-23,0.0,002790
2025-10-24,0.0,002790
2025-10-27,0.0,002790
2025-10-28,0.0,002790
2025-10-29,0.0,002790
2025-10-30,0.7,002790
2025-10-31,0.0,002790
2025-11-03,0.0,002790
2025-11-04,0.0,002790
2025-11-05,0.0,002790
2025-11-06,0.0,002790
2025-11-07,0.7,002790
2025-11-10,1.0,002790
2025-11-11,1.0,002790
2025-11-12,1.0,002790
2025-11-13,1.0,002790
2025-11-14,1.0,002790
2025-11-17,1.0,002790
2025-11-18,0.8,002790
2025-11-19,0.8,002790
2025-11-20,0.8,002790
2025-11-21,0.8,002790
2025-11-24,0.8,002790
2025-11-25,0.8,002790
2025-11-26,0.8,002790
2025-11-27,0.8,002790
2025-11-28,0.8,002790
2024-11-01,0.0,028050
2024-11-04,0.0,028050
2024-11-05,0.0,028050
2024-11-06,0.0,028050
2024-11-07,0.0,028050
2024-11-08,0.0,028050
2024-11-11,0.0,028050
2024-11-12,0.0,028050
2024-11-13,0.0,028050
2024-11-14,0.0,028050
2024-11-15,0.0,028050
2024-11-18,0.0,028050
2024-11-19,0.0,028050
2024-11-20,0.0,028050
2024-11-21,0.0,028050
2024-11-22,0.0,028050
2024-11-25,0.0,028050
2024-11-26,0.0,028050
2024-11-27,0.0,028050
2024-11-28,0.7,028050
2024-11-29,0.0,028050
2024-12-02,0.0,028050
2024-12-03,0.7,028050
2024-12-04,0.0,028050
2024-12-05,0.0,028050
2024-12-06,0.0,028050
2024-12-09,0.0,028050
2024-12-10,0.0,028050
2024-12-11,0.0,028050
2024-12-12,0.0,028050
2024-12-13,0.0,028050
2024-12-16,0.0,028050
2024-12-17,0.0,028050
2024-12-18,0.0,028050
2024-12-19,0.0,028050
2024-12-20,0.0,028050
2024-12-23,0.0,028050
2024-12-24,0.0,028050
2024-12-26,0.0,028050
2024-12-27,0.0,028050
2024-12-30,0.0,028050
2025-01-02,0.0,028050
2025-01-03,0.0,028050
2025-01-06,0.7,028050
2025-01-07,0.7,028050
2025-01-08,0.7,028050
2025-01-09,1.0,028050
2025-01-10,0.7,028050
2025-01-13,0.7,028050
2025-01-14,0.7,028050
2025-01-15,0.7,028050
2025-01-16,0.7,028050
2025-01-17,1.0,028050
2025-01-20,0.7,028050
2025-01-21,1.0,028050
2025-01-22,1.0,028050
2025-01-23,0.0,028050
2025-01-24,0.7,028050
2025-01-31,1.0,028050
2025-02-03,1.0,028050
2025-02-04,1.0,028050
2025-02-05,0.14,028050
2025-02-06,1.0,028050
2025-02-07,0.14,028050
2025-02-10,0.14,028050
2025-02-11,1.0,028050
2025-02-12,0.7,028050
2025-02-13,1.0,028050
2025-02-14,1.0,028050
2025-02-17,1.0,028050
2025-02-18,1.0,028050
2025-02-19,1.0,028050
2025-02-20,0.7,028050
2025-02-21,0.7,028050
2025-02-24,0.14,028050
2025-02-25,0.0,028050
2025-02-26,0.14,028050
2025-02-27,0.14,028050
2025-02-28,0.0,028050
2025-03-04,0.0,028050
2025-03-05,0.0,028050
2025-03-06,0.8,028050
2025-03-07,0.5,028050
2025-03-10,0.14,028050
2025-03-11,0.5,028050
2025-03-12,0.5,028050
2025-03-13,0.8,028050
2025-03-14,0.5,028050
2025-03-17,0.5,028050
2025-03-18,0.8,028050
2025-03-19,0.8,028050
2025-03-20,0.8,028050
2025-03-21,0.8,028050
2025-03-24,0.8,028050
2025-03-25,1.0,028050
2025-03-26,1.0,028050
2025-03-27,1.0,028050
2025-03-28,1.0,028050
2025-03-31,1.0,028050
2025-04-01,1.0,028050
2025-04-02,1.0,028050
2025-04-03,1.0,028050
2025-04-04,0.14,028050
2025-04-07,0.0,028050
2025-04-08,0.0,028050
2025-04-09,0.0,028050
2025-04-10,0.14,028050
2025-04-11,0.14,028050
2025-04-14,0.14,028050
2025-04-15,0.14,028050
2025-04-16,0.14,028050
2025-04-17,0.14,028050
2025-04-18,0.14,028050
2025-04-21,0.14,028050
2025-04-22,0.14,028050
2025-04-23,0.7,028050
2025-04-24,0.14,028050
2025-04-25,0.14,028050
2025-04-28,0.14,028050
2025-04-29,0.14,028050
2025-04-30,0.7,028050
2025-05-02,0.7,028050
2025-05-07,0.7,028050
2025-05-08,1.0,028050
2025-05-09,1.0,028050
2025-05-12,1.0,028050
2025-05-13,1.0,028050
2025-05-14,1.0,028050
2025-05-15,1.0,028050
2025-05-16,0.7,028050
2025-05-19,0.7,028050
2025-05-20,1.0,028050
2025-05-21,1.0,028050
2025-05-22,1.0,028050
2025-05-23,1.0,028050
2025-05-26,1.0,028050
2025-05-27,1.0,028050
2025-05-28,1.0,028050
2025-05-29,1.0,028050
2025-05-30,1.0,028050
2025-06-02,1.0,028050
2025-06-04,1.0,028050
2025-06-05,1.0,028050
2025-06-09,1.0,028050
2025-06-10,1.0,028050
2025-06-11,1.0,028050
2025-06-12,1.0,028050
2025-06-13,1.0,028050
2025-06-16,1.0,028050
2025-06-17,1.0,028050
2025-06-18,1.0,028050
2025-06-19,1.0,028050
2025-06-20,1.0,028050
2025-06-23,1.0,028050
2025-06-24,1.0,028050
2025-06-25,1.0,028050
2025-06-26,0.7,028050
2025-06-27,0.14,028050
2025-06-30,0.14,028050
2025-07-01,1.0,028050
2025-07-02,1.0,028050
2025-07-03,1.0,028050
2025-07-04,1.0,028050
2025-07-07,1.0,028050
2025-07-08,0.7,028050
2025-07-09,1.0,028050
2025-07-10,1.0,028050
2025-07-11,1.0,028050
2025-07-14,1.0,028050
2025-07-15,1.0,028050
2025-07-16,1.0,028050
2025-07-17,1.0,028050
2025-07-18,1.0,028050
2025-07-21,1.0,028050
2025-07-22,1.0,028050
2025-07-23,1.0,028050
2025-07-24,1.0,028050
2025-07-25,0.14,028050
2025-07-28,1.0,028050
2025-07-29,1.0,028050
2025-07-30,1.0,028050
2025-07-31,1.0,028050
2025-08-01,1.0,028050
2025-08-04,1.0,028050
2025-08-05,1.0,028050
2025-08-06,1.0,028050
2025-08-07,1.0,028050
2025-08-08,1.0,028050
2025-08-11,1.0,028050
2025-08-12,1.0,028050
2025-08-13,1.0,028050
2025-08-14,1.0,028050
2025-08-18,1.0,028050
2025-08-19,1.0,028050
2025-08-20,1.0,028050
2025-08-21,1.0,028050
2025-08-22,1.0,028050
2025-08-25,1.0,028050
2025-08-26,1.0,028050
2025-08-27,1.0,028050
2025-08-28,1.0,028050
2025-08-29,1.0,028050
2025-09-01,1.0,028050
2025-09-02,1.0,028050
2025-09-03,1.0,028050
2025-09-04,0.14,028050
2025-09-05,0.14,028050
2025-09-08,0.14,028050
2025-09-09,0.14,028050
2025-09-10,0.7,028050
2025-09-11,1.0,028050
2025-09-12,0.14,028050
2025-09-15,0.14,028050
2025-09-16,0.14,028050
2025-09-17,0.14,028050
2025-09-18,0.14,028050
2025-09-19,0.14,028050
2025-09-22,0.14,028050
2025-09-23,0.14,028050
2025-09-24,0.14,028050
2025-09-25,0.14,028050
2025-09-26,0.14,028050
2025-09-29,0.14,028050
2025-09-30,0.0,028050
2025-10-01,0.0,028050
2025-10-02,0.0,028050
2025-10-10,0.14,028050
2025-10-13,0.14,028050
2025-10-14,0.7,028050
2025-10-15,0.7,028050
2025-10-16,0.7,028050
2025-10-17,0.7,028050
2025-10-20,0.0,028050
2025-10-21,0.7,028050
2025-10-22,0.7,028050
2025-10-23,1.0,028050
2025-10-24,0.7,028050
2025-10-27,0.7,028050
2025-10-28,0.0,028050
2025-10-29,0.0,028050
2025-10-30,0.0,028050
2025-10-31,0.0,028050
2025-11-03,0.0,028050
2025-11-04,0.0,028050
2025-11-05,0.0,028050
2025-11-06,0.0,028050
2025-11-07,0.0,028050
2025-11-10,0.0,028050
2025-11-11,0.0,028050
2025-11-12,0.0,028050
2025-11-13,0.0,028050
2025-11-14,0.0,028050
2025-11-17,0.0,028050
2025-11-18,0.0,028050
2025-11-19,0.0,028050
2025-11-20,0.0,028050
2025-11-21,0.0,028050
2025-11-24,0.0,028050
2025-11-25,0.0,028050
2025-11-26,0.0,028050
2025-11-27,0.0,028050
2025-11-28,0.0,028050
2024-11-01,0.0,004990
2024-11-04,0.0,004990
2024-11-05,0.0,004990
2024-11-06,0.0,004990
2024-11-07,0.0,004990
2024-11-08,0.0,004990
2024-11-11,0.0,004990
2024-11-12,0.0,004990
2024-11-13,0.0,004990
2024-11-14,0.0,004990
2024-11-15,0.0,004990
2024-11-18,0.0,004990
2024-11-19,0.0,004990
2024-11-20,0.0,004990
2024-11-21,0.0,004990
2024-11-22,0.0,004990
2024-11-25,0.0,004990
2024-11-26,0.0,004990
2024-11-27,0.0,004990
2024-11-28,0.0,004990
2024-11-29,0.0,004990
2024-12-02,0.0,004990
2024-12-03,0.0,004990
2024-12-04,0.0,004990
2024-12-05,0.0,004990
2024-12-06,0.0,004990
2024-12-09,0.0,004990
2024-12-10,0.0,004990
2024-12-11,0.7,004990
2024-12-12,0.7,004990
2024-12-13,0.7,004990
2024-12-16,1.0,004990
2024-12-17,1.0,004990
2024-12-18,1.0,004990
2024-12-19,1.0,004990
2024-12-20,1.0,004990
2024-12-23,1.0,004990
2024-12-24,1.0,004990
2024-12-26,1.0,004990
2024-12-27,0.5,004990
2024-12-30,0.0,004990
2025-01-02,0.0,004990
2025-01-03,0.0,004990
2025-01-06,0.0,004990
2025-01-07,0.0,004990
2025-01-08,0.0,004990
2025-01-09,0.0,004990
2025-01-10,0.0,004990
2025-01-13,0.0,004990
2025-01-14,0.0,004990
2025-01-15,0.0,004990
2025-01-16,0.0,004990
2025-01-17,0.0,004990
2025-01-20,0.0,004990
2025-01-21,0.0,004990
2025-01-22,0.0,004990
2025-01-23,0.0,004990
2025-01-24,0.0,004990
2025-01-31,0.0,004990
2025-02-03,0.0,004990
2025-02-04,0.0,004990
2025-02-05,0.0,004990
2025-02-06,0.0,004990
2025-02-07,0.0,004990
2025-02-10,0.7,004990
2025-02-11,0.7,004990
2025-02-12,0.7,004990
2025-02-13,0.7,004990
2025-02-14,0.7,004990
2025-02-17,0.7,004990
2025-02-18,1.0,004990
2025-02-19,1.0,004990
2025-02-20,1.0,004990
2025-02-21,1.0,004990
2025-02-24,1.0,004990
2025-02-25,1.0,004990
2025-02-26,1.0,004990
2025-02-27,1.0,004990
2025-02-28,0.7,004990
2025-03-04,0.0,004990
2025-03-05,1.0,004990
2025-03-06,1.0,004990
2025-03-07,1.0,004990
2025-03-10,1.0,004990
2025-03-11,1.0,004990
2025-03-12,1.0,004990
2025-03-13,1.0,004990
2025-03-14,1.0,004990
2025-03-17,1.0,004990
2025-03-18,1.0,004990
2025-03-19,0.7,004990
2025-03-20,0.7,004990
2025-03-21,0.7,004990
2025-03-24,0.7,004990
2025-03-25,0.7,004990
2025-03-26,0.7,004990
2025-03-27,0.14,004990
2025-03-28,0.14,004990
2025-03-31,0.0,004990
2025-04-01,0.0,004990
2025-04-02,0.0,004990
2025-04-03,0.0,004990
2025-04-04,0.0,004990
2025-04-07,0.0,004990
2025-04-08,0.0,004990
2025-04-09,0.0,004990
2025-04-10,0.0,004990
2025-04-11,0.0,004990
2025-04-14,0.0,004990
2025-04-15,0.0,004990
2025-04-16,0.0,004990
2025-04-17,0.0,004990
2025-04-18,0.0,004990
2025-04-21,0.0,004990
2025-04-22,0.7,004990
2025-04-23,0.7,004990
2025-04-24,0.7,004990
2025-04-25,0.7,004990
2025-04-28,0.7,004990
2025-04-29,0.7,004990
2025-04-30,1.0,004990
2025-05-02,1.0,004990
2025-05-07,1.0,004990
2025-05-08,1.0,004990
2025-05-09,1.0,004990
2025-05-12,1.0,004990
2025-05-13,1.0,004990
2025-05-14,1.0,004990
2025-05-15,1.0,004990
2025-05-16,1.0,004990
2025-05-19,1.0,004990
2025-05-20,1.0,004990
2025-05-21,1.0,004990
2025-05-22,1.0,004990
2025-05-23,1.0,004990
2025-05-26,1.0,004990
2025-05-27,1.0,004990
2025-05-28,1.0,004990
2025-05-29,1.0,004990
2025-05-30,1.0,004990
2025-06-02,0.8,004990
2025-06-04,0.8,004990
2025-06-05,0.8,004990
2025-06-09,0.8,004990
2025-06-10,0.8,004990
2025-06-11,0.8,004990
2025-06-12,0.8,004990
2025-06-13,0.8,004990
2025-06-16,0.8,004990
2025-06-17,0.14,004990
2025-06-18,0.14,004990
2025-06-19,0.14,004990
2025-06-20,0.14,004990
2025-06-23,0.14,004990
2025-06-24,0.14,004990
2025-06-25,0.14,004990
2025-06-26,0.14,004990
2025-06-27,0.14,004990
2025-06-30,0.14,004990
2025-07-01,0.5,004990
2025-07-02,0.5,004990
2025-07-03,0.5,004990
2025-07-04,0.14,004990
2025-07-07,0.14,004990
2025-07-08,0.5,004990
2025-07-09,0.8,004990
2025-07-10,0.8,004990
2025-07-11,0.8,004990
2025-07-14,0.8,004990
2025-07-15,0.8,004990
2025-07-16,0.8,004990
2025-07-17,0.8,004990
2025-07-18,0.8,004990
2025-07-21,0.14,004990
2025-07-22,0.8,004990
2025-07-23,0.14,004990
2025-07-24,0.14,004990
2025-07-25,0.14,004990
2025-07-28,0.14,004990
2025-07-29,0.14,004990
2025-07-30,0.0,004990
2025-07-31,0.0,004990
2025-08-01,0.0,004990
2025-08-04,0.0,004990
2025-08-05,0.0,004990
2025-08-06,0.0,004990
2025-08-07,0.0,004990
2025-08-08,0.0,004990
2025-08-11,0.0,004990
2025-08-12,0.0,004990
2025-08-13,0.0,004990
2025-08-14,0.0,004990
2025-08-18,0.0,004990
2025-08-19,0.0,004990
2025-08-20,0.0,004990
2025-08-21,0.0,004990
2025-08-22,0.0,004990
2025-08-25,0.7,004990
2025-08-26,0.7,004990
2025-08-27,0.7,004990
2025-08-28,0.7,004990
2025-08-29,0.7,004990
2025-09-01,1.0,004990
2025-09-02,1.0,004990
2025-09-03,1.0,004990
2025-09-04,1.0,004990
2025-09-05,1.0,004990
2025-09-08,1.0,004990
2025-09-09,1.0,004990
2025-09-10,1.0,004990
2025-09-11,1.0,004990
2025-09-12,1.0,004990
2025-09-15,1.0,004990
2025-09-16,1.0,004990
2025-09-17,1.0,004990
2025-09-18,1.0,004990
2025-09-19,1.0,004990
2025-09-22,1.0,004990
2025-09-23,1.0,004990
2025-09-24,0.0,004990
2025-09-25,0.0,004990
2025-09-26,0.0,004990
2025-09-29,0.0,004990
2025-09-30,0.0,004990
2025-10-01,0.0,004990
2025-10-02,0.0,004990
2025-10-10,0.0,004990
2025-10-13,0.0,004990
2025-10-14,0.0,004990
2025-10-15,0.0,004990
2025-10-16,0.0,004990
2025-10-17,0.0,004990
2025-10-20,0.14,004990
2025-10-21,0.0,004990
2025-10-22,0.7,004990
2025-10-23,0.7,004990
2025-10-24,0.7,004990
2025-10-27,0.7,004990
2025-10-28,0.7,004990
2025-10-29,0.7,004990
2025-10-30,0.7,004990
2025-10-31,0.7,004990
2025-11-03,0.7,004990
2025-11-04,0.0,004990
2025-11-05,0.0,004990
2025-11-06,1.0,004990
2025-11-07,1.0,004990
2025-11-10,1.0,004990
2025-11-11,1.0,004990
2025-11-12,0.8,004990
2025-11-13,0.8,004990
2025-11-14,0.8,004990
2025-11-17,0.8,004990
2025-11-18,0.8,004990
2025-11-19,0.5,004990
2025-11-20,0.8,004990
2025-11-21,0.14,004990
2025-11-24,0.14,004990
2025-11-25,0.0,004990
2025-11-26,0.0,004990
2025-11-27,0.0,004990
2025-11-28,0.0,004990
2024-11-01,0.0,000080
2024-11-04,0.0,000080
2024-11-05,0.0,000080
2024-11-06,0.0,000080
2024-11-07,0.0,000080
2024-11-08,0.0,000080
2024-11-11,0.0,000080
2024-11-12,0.0,000080
2024-11-13,0.0,000080
2024-11-14,0.0,000080
2024-11-15,0.0,000080
2024-11-18,0.0,000080
2024-11-19,0.0,000080
2024-11-20,0.0,000080
2024-11-21,0.0,000080
2024-11-22,0.0,000080
2024-11-25,0.0,000080
2024-11-26,0.0,000080
2024-11-27,0.0,000080
2024-11-28,0.7,000080
2024-11-29,0.7,000080
2024-12-02,0.7,000080
2024-12-03,0.7,000080
2024-12-04,0.7,000080
2024-12-05,0.0,000080
2024-12-06,0.0,000080
2024-12-09,0.0,000080
2024-12-10,0.0,000080
2024-12-11,0.7,000080
2024-12-12,1.0,000080
2024-12-13,0.7,000080
2024-12-16,0.7,000080
2024-12-17,0.7,000080
2024-12-18,0.7,000080
2024-12-19,0.7,000080
2024-12-20,0.7,000080
2024-12-23,0.7,000080
2024-12-24,0.7,000080
2024-12-26,0.0,000080
2024-12-27,0.0,000080
2024-12-30,0.0,000080
2025-01-02,0.0,000080
2025-01-03,0.0,000080
2025-01-06,0.0,000080
2025-01-07,0.0,000080
2025-01-08,0.0,000080
2025-01-09,0.0,000080
2025-01-10,0.0,000080
2025-01-13,0.0,000080
2025-01-14,0.0,000080
2025-01-15,0.0,000080
2025-01-16,0.0,000080
2025-01-17,0.0,000080
2025-01-20,0.0,000080
2025-01-21,0.0,000080
2025-01-22,0.0,000080
2025-01-23,0.0,000080
2025-01-24,0.0,000080
2025-01-31,0.0,000080
2025-02-03,0.0,000080
2025-02-04,0.0,000080
2025-02-05,0.0,000080
2025-02-06,0.0,000080
2025-02-07,0.0,000080
2025-02-10,0.0,000080
2025-02-11,0.7,000080
2025-02-12,0.7,000080
2025-02-13,0.7,000080
2025-02-14,0.7,000080
2025-02-17,0.7,000080
2025-02-18,0.7,000080
2025-02-19,0.7,000080
2025-02-20,0.7,000080
2025-02-21,0.7,000080
2025-02-24,0.7,000080
2025-02-25,0.5,000080
2025-02-26,0.5,000080
2025-02-27,0.5,000080
2025-02-28,0.0,000080
2025-03-04,0.0,000080
2025-03-05,0.0,000080
2025-03-06,0.7,000080
2025-03-07,0.7,000080
2025-03-10,0.0,000080
2025-03-11,0.0,000080
2025-03-12,0.0,000080
2025-03-13,0.7,000080
2025-03-14,0.7,000080
2025-03-17,0.7,000080
2025-03-18,0.7,000080
2025-03-19,0.7,000080
2025-03-20,0.7,000080
2025-03-21,0.7,000080
2025-03-24,0.7,000080
2025-03-25,0.7,000080
2025-03-26,0.7,000080
2025-03-27,0.7,000080
2025-03-28,0.7,000080
2025-03-31,0.0,000080
2025-04-01,0.7,000080
2025-04-02,0.14,000080
2025-04-03,0.14,000080
2025-04-04,0.14,000080
2025-04-07,0.0,000080
2025-04-08,0.0,000080
2025-04-09,0.0,000080
2025-04-10,0.7,000080
2025-04-11,0.14,000080
2025-04-14,0.14,000080
2025-04-15,0.7,000080
2025-04-16,0.7,000080
2025-04-17,0.14,000080
2025-04-18,0.14,000080
2025-04-21,0.14,000080
2025-04-22,0.0,000080
2025-04-23,0.0,000080
2025-04-24,0.0,000080
2025-04-25,0.7,000080
2025-04-28,0.0,000080
2025-04-29,0.7,000080
2025-04-30,0.7,000080
2025-05-02,0.7,000080
2025-05-07,0.7,000080
2025-05-08,0.5,000080
2025-05-09,0.5,000080
2025-05-12,0.5,000080
2025-05-13,0.0,000080
2025-05-14,0.0,000080
2025-05-15,0.5,000080
2025-05-16,0.5,000080
2025-05-19,0.7,000080
2025-05-20,0.0,000080
2025-05-21,0.0,000080
2025-05-22,0.0,000080
2025-05-23,0.0,000080
2025-05-26,0.7,000080
2025-05-27,0.7,000080
2025-05-28,0.7,000080
2025-05-29,1.0,000080
2025-05-30,0.7,000080
2025-06-02,0.7,000080
2025-06-04,0.7,000080
2025-06-05,1.0,000080
2025-06-09,1.0,000080
2025-06-10,1.0,000080
2025-06-11,1.0,000080
2025-06-12,1.0,000080
2025-06-13,0.7,000080
2025-06-16,0.7,000080
2025-06-17,0.7,000080
2025-06-18,0.7,000080
2025-06-19,1.0,000080
2025-06-20,1.0,000080
2025-06-23,0.14,000080
2025-06-24,1.0,000080
2025-06-25,1.0,000080
2025-06-26,1.0,000080
2025-06-27,0.14,000080
2025-06-30,0.7,000080
2025-07-01,0.7,000080
2025-07-02,1.0,000080
2025-07-03,0.7,000080
2025-07-04,0.7,000080
2025-07-07,1.0,000080
2025-07-08,0.7,000080
2025-07-09,1.0,000080
2025-07-10,0.7,000080
2025-07-11,1.0,000080
2025-07-14,1.0,000080
2025-07-15,1.0,000080
2025-07-16,1.0,000080
2025-07-17,1.0,000080
2025-07-18,1.0,000080
2025-07-21,0.14,000080
2025-07-22,0.14,000080
2025-07-23,0.14,000080
2025-07-24,0.14,000080
2025-07-25,0.14,000080
2025-07-28,0.0,000080
2025-07-29,0.0,000080
2025-07-30,0.14,000080
2025-07-31,0.0,000080
2025-08-01,0.0,000080
2025-08-04,0.0,000080
2025-08-05,0.0,000080
2025-08-06,0.0,000080
2025-08-07,0.0,000080
2025-08-08,0.0,000080
2025-08-11,0.0,000080
2025-08-12,0.0,000080
2025-08-13,0.0,000080
2025-08-14,0.0,000080
2025-08-18,0.0,000080
2025-08-19,0.0,000080
2025-08-20,0.0,000080
2025-08-21,0.0,000080
2025-08-22,0.0,000080
2025-08-25,0.0,000080
2025-08-26,0.0,000080
2025-08-27,0.0,000080
2025-08-28,0.0,000080
2025-08-29,0.0,000080
2025-09-01,0.0,000080
2025-09-02,0.0,000080
2025-09-03,0.0,000080
2025-09-04,0.0,000080
2025-09-05,0.0,000080
2025-09-08,0.0,000080
2025-09-09,0.5,000080
2025-09-10,0.5,000080
2025-09-11,0.5,000080
2025-09-12,0.5,000080
2025-09-15,0.5,000080
2025-09-16,0.5,000080
2025-09-17,0.5,000080
2025-09-18,0.0,000080
2025-09-19,0.0,000080
2025-09-22,0.0,000080
2025-09-23,0.0,000080
2025-09-24,0.0,000080
2025-09-25,0.0,000080
2025-09-26,0.0,000080
2025-09-29,0.0,000080
2025-09-30,0.0,000080
2025-10-01,0.0,000080
2025-10-02,0.0,000080
2025-10-10,0.0,000080
2025-10-13,0.0,000080
2025-10-14,0.0,000080
2025-10-15,0.0,000080
2025-10-16,0.0,000080
2025-10-17,0.0,000080
2025-10-20,0.0,000080
2025-10-21,0.0,000080
2025-10-22,0.0,000080
2025-10-23,0.0,000080
2025-10-24,0.5,000080
2025-10-27,0.5,000080
2025-10-28,0.5,000080
2025-10-29,0.0,000080
2025-10-30,0.0,000080
2025-10-31,0.0,000080
2025-11-03,0.0,000080
2025-11-04,0.0,000080
2025-11-05,0.0,000080
2025-11-06,0.0,000080
2025-11-07,0.0,000080
2025-11-10,0.0,000080
2025-11-11,0.5,000080
2025-11-12,0.5,000080
2025-11-13,0.5,000080
2025-11-14,0.7,000080
2025-11-17,0.0,000080
2025-11-18,0.0,000080
2025-11-19,0.7,000080
2025-11-20,0.7,000080
2025-11-21,0.0,000080
2025-11-24,0.0,000080
2025-11-25,0.0,000080
2025-11-26,0.0,000080
2025-11-27,0.0,000080
2025-11-28,0.0,000080
2024-11-01,0.0,004370
2024-11-04,0.0,004370
2024-11-05,0.0,004370
2024-11-06,0.0,004370
2024-11-07,0.0,004370
2024-11-08,0.0,004370
2024-11-11,0.0,004370
2024-11-12,0.0,004370
2024-11-13,0.0,004370
2024-11-14,0.0,004370
2024-11-15,0.0,004370
2024-11-18,0.0,004370
2024-11-19,0.0,004370
2024-11-20,0.0,004370
2024-11-21,0.0,004370
2024-11-22,0.0,004370
2024-11-25,0.0,004370
2024-11-26,0.0,004370
2024-11-27,0.0,004370
2024-11-28,0.0,004370
2024-11-29,0.0,004370
2024-12-02,0.0,004370
2024-12-03,0.0,004370
2024-12-04,0.0,004370
2024-12-05,0.0,004370
2024-12-06,0.0,004370
2024-12-09,0.0,004370
2024-12-10,0.7,004370
2024-12-11,0.7,004370
2024-12-12,0.7,004370
2024-12-13,1.0,004370
2024-12-16,1.0,004370
2024-12-17,1.0,004370
2024-12-18,1.0,004370
2024-12-19,1.0,004370
2024-12-20,1.0,004370
2024-12-23,1.0,004370
2024-12-24,1.0,004370
2024-12-26,1.0,004370
2024-12-27,1.0,004370
2024-12-30,1.0,004370
2025-01-02,1.0,004370
2025-01-03,1.0,004370
2025-01-06,0.0,004370
2025-01-07,0.0,004370
2025-01-08,0.0,004370
2025-01-09,0.0,004370
2025-01-10,0.0,004370
2025-01-13,0.0,004370
2025-01-14,0.0,004370
2025-01-15,0.0,004370
2025-01-16,0.0,004370
2025-01-17,0.0,004370
2025-01-20,0.0,004370
2025-01-21,0.0,004370
2025-01-22,0.0,004370
2025-01-23,0.0,004370
2025-01-24,0.0,004370
2025-01-31,0.0,004370
2025-02-03,0.7,004370
2025-02-04,0.0,004370
2025-02-05,0.0,004370
2025-02-06,0.7,004370
2025-02-07,0.7,004370
2025-02-10,0.0,004370
2025-02-11,0.0,004370
2025-02-12,0.0,004370
2025-02-13,0.0,004370
2025-02-14,0.7,004370
2025-02-17,0.7,004370
2025-02-18,0.7,004370
2025-02-19,0.7,004370
2025-02-20,0.7,004370
2025-02-21,0.7,004370
2025-02-24,0.7,004370
2025-02-25,0.0,004370
2025-02-26,0.0,004370
2025-02-27,0.7,004370
2025-02-28,0.0,004370
2025-03-04,0.0,004370
2025-03-05,0.7,004370
2025-03-06,1.0,004370
2025-03-07,1.0,004370
2025-03-10,1.0,004370
2025-03-11,1.0,004370
2025-03-12,1.0,004370
2025-03-13,1.0,004370
2025-03-14,1.0,004370
2025-03-17,1.0,004370
2025-03-18,1.0,004370
2025-03-19,1.0,004370
2025-03-20,0.8,004370
2025-03-21,0.8,004370
2025-03-24,0.8,004370
2025-03-25,0.8,004370
2025-03-26,0.8,004370
2025-03-27,1.0,004370
2025-03-28,0.8,004370
2025-03-31,1.0,004370
2025-04-01,1.0,004370
2025-04-02,1.0,004370
2025-04-03,0.7,004370
2025-04-04,0.14,004370
2025-04-07,0.14,004370
2025-04-08,0.14,004370
2025-04-09,0.14,004370
2025-04-10,0.14,004370
2025-04-11,0.14,004370
2025-04-14,0.14,004370
2025-04-15,0.14,004370
2025-04-16,0.7,004370
2025-04-17,0.7,004370
2025-04-18,0.7,004370
2025-04-21,0.7,004370
2025-04-22,0.7,004370
2025-04-23,0.14,004370
2025-04-24,0.14,004370
2025-04-25,0.14,004370
2025-04-28,0.14,004370
2025-04-29,0.7,004370
2025-04-30,0.7,004370
2025-05-02,0.7,004370
2025-05-07,0.7,004370
2025-05-08,0.7,004370
2025-05-09,1.0,004370
2025-05-12,1.0,004370
2025-05-13,1.0,004370
2025-05-14,1.0,004370
2025-05-15,1.0,004370
2025-05-16,1.0,004370
2025-05-19,1.0,004370
2025-05-20,0.5,004370
2025-05-21,0.8,004370
2025-05-22,0.5,004370
2025-05-23,0.8,004370
2025-05-26,0.8,004370
2025-05-27,0.8,004370
2025-05-28,0.14,004370
2025-05-29,0.8,004370
2025-05-30,0.7,004370
2025-06-02,0.0,004370
2025-06-04,0.14,004370
2025-06-05,0.14,004370
2025-06-09,0.0,004370
2025-06-10,0.0,004370
2025-06-11,0.0,004370
2025-06-12,0.0,004370
2025-06-13,0.0,004370
2025-06-16,0.0,004370
2025-06-17,0.0,004370
2025-06-18,0.0,004370
2025-06-19,0.0,004370
2025-06-20,0.0,004370
2025-06-23,0.0,004370
2025-06-24,0.0,004370
2025-06-25,0.0,004370
2025-06-26,0.0,004370
2025-06-27,0.0,004370
2025-06-30,0.0,004370
2025-07-01,0.0,004370
2025-07-02,0.7,004370
2025-07-03,0.7,004370
2025-07-04,0.0,004370
2025-07-07,0.7,004370
2025-07-08,0.0,004370
2025-07-09,0.0,004370
2025-07-10,0.7,004370
2025-07-11,0.7,004370
2025-07-14,1.0,004370
2025-07-15,1.0,004370
2025-07-16,1.0,004370
2025-07-17,0.7,004370
2025-07-18,0.7,004370
2025-07-21,0.7,004370
2025-07-22,0.7,004370
2025-07-23,0.0,004370
2025-07-24,0.0,004370
2025-07-25,0.0,004370
2025-07-28,0.0,004370
2025-07-29,0.0,004370
2025-07-30,0.0,004370
2025-07-31,0.0,004370
2025-08-01,0.0,004370
2025-08-04,0.0,004370
2025-08-05,0.0,004370
2025-08-06,0.0,004370
2025-08-07,0.0,004370
2025-08-08,0.0,004370
2025-08-11,0.0,004370
2025-08-12,0.0,004370
2025-08-13,0.0,004370
2025-08-14,0.0,004370
2025-08-18,0.0,004370
2025-08-19,0.0,004370
2025-08-20,0.7,004370
2025-08-21,0.7,004370
2025-08-22,0.7,004370
2025-08-25,0.7,004370
2025-08-26,0.7,004370
2025-08-27,1.0,004370
2025-08-28,1.0,004370
2025-08-29,1.0,004370
2025-09-01,1.0,004370
2025-09-02,1.0,004370
2025-09-03,1.0,004370
2025-09-04,1.0,004370
2025-09-05,1.0,004370
2025-09-08,1.0,004370
2025-09-09,1.0,004370
2025-09-10,1.0,004370
2025-09-11,1.0,004370
2025-09-12,0.8,004370
2025-09-15,0.8,004370
2025-09-16,0.8,004370
2025-09-17,0.8,004370
2025-09-18,0.8,004370
2025-09-19,0.8,004370
2025-09-22,0.8,004370
2025-09-23,0.8,004370
2025-09-24,0.8,004370
2025-09-25,0.14,004370
2025-09-26,0.14,004370
2025-09-29,0.14,004370
2025-09-30,0.14,004370
2025-10-01,0.14,004370
2025-10-02,0.14,004370
2025-10-10,0.14,004370
2025-10-13,0.14,004370
2025-10-14,0.14,004370
2025-10-15,0.14,004370
2025-10-16,0.14,004370
2025-10-17,0.14,004370
2025-10-20,0.14,004370
2025-10-21,0.14,004370
2025-10-22,0.14,004370
2025-10-23,0.14,004370
2025-10-24,0.14,004370
2025-10-27,0.14,004370
2025-10-28,0.7,004370
2025-10-29,0.14,004370
2025-10-30,0.14,004370
2025-10-31,0.7,004370
2025-11-03,0.14,004370
2025-11-04,0.7,004370
2025-11-05,0.7,004370
2025-11-06,0.14,004370
2025-11-07,0.0,004370
2025-11-10,0.7,004370
2025-11-11,0.0,004370
2025-11-12,0.14,004370
2025-11-13,0.7,004370
2025-11-14,0.0,004370
2025-11-17,1.0,004370
2025-11-18,1.0,004370
2025-11-19,1.0,004370
2025-11-20,1.0,004370
2025-11-21,1.0,004370
2025-11-24,0.7,004370
2025-11-25,0.0,004370
2025-11-26,0.7,004370
2025-11-27,0.7,004370
2025-11-28,0.7,004370
2024-11-01,0.0,007310
2024-11-04,0.0,007310
2024-11-05,0.0,007310
2024-11-06,0.0,007310
2024-11-07,0.0,007310
2024-11-08,0.0,007310
2024-11-11,0.0,007310
2024-11-12,0.0,007310
2024-11-13,0.0,007310
2024-11-14,0.0,007310
2024-11-15,0.0,007310
2024-11-18,0.0,007310
2024-11-19,0.0,007310
2024-11-20,0.0,007310
2024-11-21,0.0,007310
2024-11-22,0.0,007310
2024-11-25,0.0,007310
2024-11-26,0.0,007310
2024-11-27,0.0,007310
2024-11-28,0.7,007310
2024-11-29,0.7,007310
2024-12-02,0.7,007310
2024-12-03,0.7,007310
2024-12-04,0.7,007310
2024-12-05,0.0,007310
2024-12-06,0.0,007310
2024-12-09,0.0,007310
2024-12-10,0.7,007310
2024-12-11,1.0,007310
2024-12-12,1.0,007310
2024-12-13,1.0,007310
2024-12-16,0.0,007310
2024-12-17,1.0,007310
2024-12-18,0.7,007310
2024-12-19,0.7,007310
2024-12-20,0.7,007310
2024-12-23,0.7,007310
2024-12-24,0.7,007310
2024-12-26,0.7,007310
2024-12-27,0.0,007310
2024-12-30,0.0,007310
2025-01-02,0.0,007310
2025-01-03,0.0,007310
2025-01-06,0.0,007310
2025-01-07,0.0,007310
2025-01-08,0.0,007310
2025-01-09,0.0,007310
2025-01-10,0.0,007310
2025-01-13,0.0,007310
2025-01-14,0.0,007310
2025-01-15,0.0,007310
2025-01-16,0.0,007310
2025-01-17,0.0,007310
2025-01-20,0.0,007310
2025-01-21,0.0,007310
2025-01-22,0.0,007310
2025-01-23,0.0,007310
2025-01-24,0.0,007310
2025-01-31,0.0,007310
2025-02-03,0.0,007310
2025-02-04,0.0,007310
2025-02-05,0.0,007310
2025-02-06,0.7,007310
2025-02-07,0.0,007310
2025-02-10,0.0,007310
2025-02-11,0.0,007310
2025-02-12,0.0,007310
2025-02-13,0.7,007310
2025-02-14,0.7,007310
2025-02-17,0.7,007310
2025-02-18,0.7,007310
2025-02-19,0.7,007310
2025-02-20,0.7,007310
2025-02-21,0.7,007310
2025-02-24,0.7,007310
2025-02-25,0.7,007310
2025-02-26,0.7,007310
2025-02-27,0.7,007310
2025-02-28,0.7,007310
2025-03-04,0.7,007310
2025-03-05,0.7,007310
2025-03-06,1.0,007310
2025-03-07,1.0,007310
2025-03-10,1.0,007310
2025-03-11,0.7,007310
2025-03-12,0.7,007310
2025-03-13,0.7,007310
2025-03-14,0.7,007310
2025-03-17,0.7,007310
2025-03-18,0.7,007310
2025-03-19,1.0,007310
2025-03-20,1.0,007310
2025-03-21,1.0,007310
2025-03-24,1.0,007310
2025-03-25,0.7,007310
2025-03-26,1.0,007310
2025-03-27,0.7,007310
2025-03-28,1.0,007310
2025-03-31,1.0,007310
2025-04-01,1.0,007310
2025-04-02,0.7,007310
2025-04-03,0.14,007310
2025-04-04,0.14,007310
2025-04-07,0.14,007310
2025-04-08,0.0,007310
2025-04-09,0.0,007310
2025-04-10,0.14,007310
2025-04-11,0.14,007310
2025-04-14,0.0,007310
2025-04-15,0.14,007310
2025-04-16,0.14,007310
2025-04-17,0.14,007310
2025-04-18,0.7,007310
2025-04-21,0.7,007310
2025-04-22,0.14,007310
2025-04-23,0.14,007310
2025-04-24,0.14,007310
2025-04-25,0.7,007310
2025-04-28,0.14,007310
2025-04-29,0.7,007310
2025-04-30,0.7,007310
2025-05-02,0.7,007310
2025-05-07,0.7,007310
2025-05-08,0.0,007310
2025-05-09,0.7,007310
2025-05-12,0.0,007310
2025-05-13,0.0,007310
2025-05-14,0.0,007310
2025-05-15,0.0,007310
2025-05-16,0.7,007310
2025-05-19,0.0,007310
2025-05-20,0.0,007310
2025-05-21,0.0,007310
2025-05-22,0.0,007310
2025-05-23,0.0,007310
2025-05-26,0.0,007310
2025-05-27,0.0,007310
2025-05-28,0.0,007310
2025-05-29,0.0,007310
2025-05-30,0.7,007310
2025-06-02,0.0,007310
2025-06-04,0.7,007310
2025-06-05,0.7,007310
2025-06-09,0.7,007310
2025-06-10,0.7,007310
2025-06-11,0.7,007310
2025-06-12,0.7,007310
2025-06-13,0.7,007310
2025-06-16,0.0,007310
2025-06-17,0.0,007310
2025-06-18,0.0,007310
2025-06-19,0.0,007310
2025-06-20,0.7,007310
2025-06-23,0.0,007310
2025-06-24,0.0,007310
2025-06-25,0.7,007310
2025-06-26,0.0,007310
2025-06-27,0.0,007310
2025-06-30,0.0,007310
2025-07-01,0.7,007310
2025-07-02,0.7,007310
2025-07-03,0.7,007310
2025-07-04,0.7,007310
2025-07-07,0.7,007310
2025-07-08,0.7,007310
2025-07-09,0.7,007310
2025-07-10,0.7,007310
2025-07-11,0.7,007310
2025-07-14,0.7,007310
2025-07-15,0.7,007310
2025-07-16,0.7,007310
2025-07-17,0.7,007310
2025-07-18,0.7,007310
2025-07-21,0.7,007310
2025-07-22,0.7,007310
2025-07-23,0.14,007310
2025-07-24,0.14,007310
2025-07-25,0.0,007310
2025-07-28,0.0,007310
2025-07-29,0.0,007310
2025-07-30,0.14,007310
2025-07-31,0.14,007310
2025-08-01,0.0,007310
2025-08-04,0.14,007310
2025-08-05,0.0,007310
2025-08-06,0.14,007310
2025-08-07,0.14,007310
2025-08-08,0.14,007310
2025-08-11,0.0,007310
2025-08-12,0.0,007310
2025-08-13,0.0,007310
2025-08-14,0.0,007310
2025-08-18,0.0,007310
2025-08-19,0.0,007310
2025-08-20,0.0,007310
2025-08-21,0.0,007310
2025-08-22,0.0,007310
2025-08-25,0.0,007310
2025-08-26,0.0,007310
2025-08-27,0.0,007310
2025-08-28,0.0,007310
2025-08-29,0.0,007310
2025-09-01,0.7,007310
2025-09-02,0.7,007310
2025-09-03,0.7,007310
2025-09-04,0.7,007310
2025-09-05,0.7,007310
2025-09-08,0.7,007310
2025-09-09,0.7,007310
2025-09-10,0.7,007310
2025-09-11,0.7,007310
2025-09-12,1.0,007310
2025-09-15,1.0,007310
2025-09-16,1.0,007310
2025-09-17,1.0,007310
2025-09-18,1.0,007310
2025-09-19,1.0,007310
2025-09-22,1.0,007310
2025-09-23,1.0,007310
2025-09-24,1.0,007310
2025-09-25,1.0,007310
2025-09-26,1.0,007310
2025-09-29,0.14,007310
2025-09-30,0.14,007310
2025-10-01,0.14,007310
2025-10-02,0.14,007310
2025-10-10,0.0,007310
2025-10-13,0.0,007310
2025-10-14,0.0,007310
2025-10-15,0.0,007310
2025-10-16,0.0,007310
2025-10-17,0.0,007310
2025-10-20,0.0,007310
2025-10-21,0.0,007310
2025-10-22,0.0,007310
2025-10-23,0.0,007310
2025-10-24,0.0,007310
2025-10-27,0.0,007310
2025-10-28,0.0,007310
2025-10-29,0.0,007310
2025-10-30,0.0,007310
2025-10-31,0.0,007310
2025-11-03,0.0,007310
2025-11-04,0.0,007310
2025-11-05,0.0,007310
2025-11-06,0.0,007310
2025-11-07,0.0,007310
2025-11-10,0.0,007310
2025-11-11,0.0,007310
2025-11-12,0.0,007310
2025-11-13,0.7,007310
2025-11-14,0.0,007310
2025-11-17,0.7,007310
2025-11-18,0.0,007310
2025-11-19,0.0,007310
2025-11-20,0.7,007310
2025-11-21,0.7,007310
2025-11-24,0.0,007310
2025-11-25,0.0,007310
2025-11-26,0.7,007310
2025-11-27,0.0,007310
2025-11-28,0.7,007310
2024-11-01,0.0,001680
2024-11-04,0.0,001680
2024-11-05,0.0,001680
2024-11-06,0.0,001680
2024-11-07,0.0,001680
2024-11-08,0.0,001680
2024-11-11,0.0,001680
2024-11-12,0.0,001680
2024-11-13,0.0,001680
2024-11-14,0.0,001680
2024-11-15,0.0,001680
2024-11-18,0.0,001680
2024-11-19,0.0,001680
2024-11-20,0.0,001680
2024-11-21,0.0,001680
2024-11-22,0.0,001680
2024-11-25,0.0,001680
2024-11-26,0.0,001680
2024-11-27,0.0,001680
2024-11-28,0.7,001680
2024-11-29,0.7,001680
2024-12-02,0.7,001680
2024-12-03,0.7,001680
2024-12-04,0.7,001680
2024-12-05,0.0,001680
2024-12-06,0.0,001680
2024-12-09,0.0,001680
2024-12-10,0.0,001680
2024-12-11,0.0,001680
2024-12-12,1.0,001680
2024-12-13,1.0,001680
2024-12-16,0.0,001680
2024-12-17,0.7,001680
2024-12-18,0.7,001680
2024-12-19,0.0,001680
2024-12-20,0.0,001680
2024-12-23,0.0,001680
2024-12-24,0.0,001680
2024-12-26,0.0,001680
2024-12-27,0.0,001680
2024-12-30,0.0,001680
2025-01-02,0.0,001680
2025-01-03,0.0,001680
2025-01-06,0.0,001680
2025-01-07,0.0,001680
2025-01-08,0.0,001680
2025-01-09,0.0,001680
2025-01-10,0.0,001680
2025-01-13,0.0,001680
2025-01-14,0.0,001680
2025-01-15,0.0,001680
2025-01-16,0.0,001680
2025-01-17,0.0,001680
2025-01-20,0.0,001680
2025-01-21,0.0,001680
2025-01-22,0.0,001680
2025-01-23,0.0,001680
2025-01-24,0.0,001680
2025-01-31,0.0,001680
2025-02-03,0.0,001680
2025-02-04,0.0,001680
2025-02-05,1.0,001680
2025-02-06,1.0,001680
2025-02-07,1.0,001680
2025-02-10,1.0,001680
2025-02-11,1.0,001680
2025-02-12,1.0,001680
2025-02-13,1.0,001680
2025-02-14,1.0,001680
2025-02-17,1.0,001680
2025-02-18,1.0,001680
2025-02-19,1.0,001680
2025-02-20,1.0,001680
2025-02-21,1.0,001680
2025-02-24,1.0,001680
2025-02-25,1.0,001680
2025-02-26,1.0,001680
2025-02-27,1.0,001680
2025-02-28,1.0,001680
2025-03-04,1.0,001680
2025-03-05,1.0,001680
2025-03-06,1.0,001680
2025-03-07,1.0,001680
2025-03-10,1.0,001680
2025-03-11,0.8,001680
2025-03-12,1.0,001680
2025-03-13,1.0,001680
2025-03-14,1.0,001680
2025-03-17,1.0,001680
2025-03-18,1.0,001680
2025-03-19,1.0,001680
2025-03-20,1.0,001680
2025-03-21,1.0,001680
2025-03-24,1.0,001680
2025-03-25,0.14,001680
2025-03-26,0.14,001680
2025-03-27,0.14,001680
2025-03-28,0.14,001680
2025-03-31,0.14,001680
2025-04-01,0.14,001680
2025-04-02,0.14,001680
2025-04-03,0.14,001680
2025-04-04,0.14,001680
2025-04-07,0.14,001680
2025-04-08,0.0,001680
2025-04-09,0.0,001680
2025-04-10,0.0,001680
2025-04-11,0.0,001680
2025-04-14,0.14,001680
2025-04-15,0.14,001680
2025-04-16,0.5,001680
2025-04-17,0.7,001680
2025-04-18,0.5,001680
2025-04-21,0.5,001680
2025-04-22,0.7,001680
2025-04-23,0.7,001680
2025-04-24,0.7,001680
2025-04-25,0.7,001680
2025-04-28,0.7,001680
2025-04-29,0.7,001680
2025-04-30,0.7,001680
2025-05-02,1.0,001680
2025-05-07,1.0,001680
2025-05-08,1.0,001680
2025-05-09,1.0,001680
2025-05-12,1.0,001680
2025-05-13,1.0,001680
2025-05-14,1.0,001680
2025-05-15,1.0,001680
2025-05-16,0.0,001680
2025-05-19,0.0,001680
2025-05-20,0.0,001680
2025-05-21,0.0,001680
2025-05-22,0.0,001680
2025-05-23,0.0,001680
2025-05-26,0.0,001680
2025-05-27,0.0,001680
2025-05-28,0.0,001680
2025-05-29,0.0,001680
2025-05-30,0.0,001680
2025-06-02,0.0,001680
2025-06-04,0.0,001680
2025-06-05,0.0,001680
2025-06-09,0.7,001680
2025-06-10,0.7,001680
2025-06-11,0.7,001680
2025-06-12,0.7,001680
2025-06-13,0.0,001680
2025-06-16,0.7,001680
2025-06-17,0.7,001680
2025-06-18,0.7,001680
2025-06-19,0.7,001680
2025-06-20,1.0,001680
2025-06-23,0.7,001680
2025-06-24,1.0,001680
2025-06-25,1.0,001680
2025-06-26,1.0,001680
2025-06-27,0.0,001680
2025-06-30,0.0,001680
2025-07-01,1.0,001680
2025-07-02,1.0,001680
2025-07-03,1.0,001680
2025-07-04,0.7,001680
2025-07-07,0.7,001680
2025-07-08,0.7,001680
2025-07-09,0.7,001680
2025-07-10,1.0,001680
2025-07-11,1.0,001680
2025-07-14,1.0,001680
2025-07-15,1.0,001680
2025-07-16,1.0,001680
2025-07-17,1.0,001680
2025-07-18,1.0,001680
2025-07-21,1.0,001680
2025-07-22,1.0,001680
2025-07-23,1.0,001680
2025-07-24,0.7,001680
2025-07-25,0.14,001680
2025-07-28,0.14,001680
2025-07-29,0.14,001680
2025-07-30,0.14,001680
2025-07-31,0.7,001680
2025-08-01,0.0,001680
2025-08-04,0.14,001680
2025-08-05,0.14,001680
2025-08-06,0.7,001680
2025-08-07,0.7,001680
2025-08-08,0.7,001680
2025-08-11,0.7,001680
2025-08-12,0.14,001680
2025-08-13,0.14,001680
2025-08-14,0.0,001680
2025-08-18,0.0,001680
2025-08-19,0.0,001680
2025-08-20,0.0,001680
2025-08-21,0.0,001680
2025-08-22,0.0,001680
2025-08-25,0.0,001680
2025-08-26,0.0,001680
2025-08-27,0.0,001680
2025-08-28,0.0,001680
2025-08-29,0.0,001680
2025-09-01,0.0,001680
2025-09-02,0.0,001680
2025-09-03,0.0,001680
2025-09-04,0.0,001680
2025-09-05,0.0,001680
2025-09-08,0.7,001680
2025-09-09,0.7,001680
2025-09-10,0.7,001680
2025-09-11,0.7,001680
2025-09-12,0.7,001680
2025-09-15,1.0,001680
2025-09-16,1.0,001680
2025-09-17,1.0,001680
2025-09-18,1.0,001680
2025-09-19,1.0,001680
2025-09-22,0.7,001680
2025-09-23,0.0,001680
2025-09-24,0.0,001680
2025-09-25,0.0,001680
2025-09-26,0.0,001680
2025-09-29,0.0,001680
2025-09-30,0.0,001680
2025-10-01,0.0,001680
2025-10-02,0.0,001680
2025-10-10,0.0,001680
2025-10-13,0.0,001680
2025-10-14,0.0,001680
2025-10-15,0.0,001680
2025-10-16,0.0,001680
2025-10-17,0.0,001680
2025-10-20,0.0,001680
2025-10-21,0.0,001680
2025-10-22,0.0,001680
2025-10-23,0.0,001680
2025-10-24,0.0,001680
2025-10-27,0.0,001680
2025-10-28,0.0,001680
2025-10-29,0.0,001680
2025-10-30,0.0,001680
2025-10-31,0.0,001680
2025-11-03,0.0,001680
2025-11-04,0.0,001680
2025-11-05,0.0,001680
2025-11-06,0.0,001680
2025-11-07,0.0,001680
2025-11-10,0.7,001680
2025-11-11,0.7,001680
2025-11-12,0.7,001680
2025-11-13,0.7,001680
2025-11-14,0.7,001680
2025-11-17,0.0,001680
2025-11-18,0.0,001680
2025-11-19,0.0,001680
2025-11-20,0.0,001680
2025-11-21,0.7,001680
2025-11-24,0.0,001680
2025-11-25,0.0,001680
2025-11-26,0.7,001680
2025-11-27,0.7,001680
2025-11-28,0.7,001680
2024-11-01,0.0,005300
2024-11-04,0.0,005300
2024-11-05,0.0,005300
2024-11-06,0.0,005300
2024-11-07,0.0,005300
2024-11-08,0.0,005300
2024-11-11,0.0,005300
2024-11-12,0.0,005300
2024-11-13,0.0,005300
2024-11-14,0.0,005300
2024-11-15,0.0,005300
2024-11-18,0.0,005300
2024-11-19,0.0,005300
2024-11-20,0.0,005300
2024-11-21,0.0,005300
2024-11-22,0.0,005300
2024-11-25,0.0,005300
2024-11-26,0.0,005300
2024-11-27,0.0,005300
2024-11-28,0.7,005300
2024-11-29,0.7,005300
2024-12-02,0.7,005300
2024-12-03,0.7,005300
2024-12-04,0.7,005300
2024-12-05,0.7,005300
2024-12-06,0.7,005300
2024-12-09,0.0,005300
2024-12-10,0.0,005300
2024-12-11,1.0,005300
2024-12-12,1.0,005300
2024-12-13,1.0,005300
2024-12-16,0.0,005300
2024-12-17,0.7,005300
2024-12-18,0.7,005300
2024-12-19,0.0,005300
2024-12-20,0.0,005300
2024-12-23,0.0,005300
2024-12-24,0.0,005300
2024-12-26,0.0,005300
2024-12-27,0.0,005300
2024-12-30,0.0,005300
2025-01-02,0.0,005300
2025-01-03,0.0,005300
2025-01-06,0.0,005300
2025-01-07,0.0,005300
2025-01-08,0.0,005300
2025-01-09,0.0,005300
2025-01-10,0.0,005300
2025-01-13,0.0,005300
2025-01-14,0.0,005300
2025-01-15,0.0,005300
2025-01-16,0.0,005300
2025-01-17,0.0,005300
2025-01-20,0.0,005300
2025-01-21,0.0,005300
2025-01-22,0.0,005300
2025-01-23,0.0,005300
2025-01-24,0.0,005300
2025-01-31,0.0,005300
2025-02-03,0.0,005300
2025-02-04,0.0,005300
2025-02-05,0.0,005300
2025-02-06,0.0,005300
2025-02-07,0.0,005300
2025-02-10,0.0,005300
2025-02-11,0.7,005300
2025-02-12,0.0,005300
2025-02-13,0.0,005300
2025-02-14,0.7,005300
2025-02-17,0.7,005300
2025-02-18,0.7,005300
2025-02-19,0.7,005300
2025-02-20,0.7,005300
2025-02-21,0.7,005300
2025-02-24,0.7,005300
2025-02-25,0.7,005300
2025-02-26,0.7,005300
2025-02-27,0.7,005300
2025-02-28,0.7,005300
2025-03-04,0.0,005300
2025-03-05,0.0,005300
2025-03-06,1.0,005300
2025-03-07,1.0,005300
2025-03-10,1.0,005300
2025-03-11,0.7,005300
2025-03-12,0.7,005300
2025-03-13,0.7,005300
2025-03-14,0.7,005300
2025-03-17,0.7,005300
2025-03-18,0.7,005300
2025-03-19,0.7,005300
2025-03-20,1.0,005300
2025-03-21,0.7,005300
2025-03-24,1.0,005300
2025-03-25,0.7,005300
2025-03-26,0.7,005300
2025-03-27,0.7,005300
2025-03-28,0.7,005300
2025-03-31,0.14,005300
2025-04-01,0.0,005300
2025-04-02,0.0,005300
2025-04-03,0.0,005300
2025-04-04,0.14,005300
2025-04-07,0.0,005300
2025-04-08,0.0,005300
2025-04-09,0.0,005300
2025-04-10,0.0,005300
2025-04-11,0.0,005300
2025-04-14,0.0,005300
2025-04-15,0.14,005300
2025-04-16,0.14,005300
2025-04-17,0.7,005300
2025-04-18,0.7,005300
2025-04-21,0.7,005300
2025-04-22,0.7,005300
2025-04-23,0.7,005300
2025-04-24,0.7,005300
2025-04-25,0.7,005300
2025-04-28,0.7,005300
2025-04-29,0.7,005300
2025-04-30,0.7,005300
2025-05-02,0.7,005300
2025-05-07,0.7,005300
2025-05-08,0.0,005300
2025-05-09,0.0,005300
2025-05-12,0.0,005300
2025-05-13,0.0,005300
2025-05-14,0.0,005300
2025-05-15,0.0,005300
2025-05-16,0.0,005300
2025-05-19,0.0,005300
2025-05-20,0.0,005300
2025-05-21,0.0,005300
2025-05-22,0.0,005300
2025-05-23,0.0,005300
2025-05-26,0.0,005300
2025-05-27,0.0,005300
2025-05-28,0.0,005300
2025-05-29,0.7,005300
2025-05-30,0.7,005300
2025-06-02,0.7,005300
2025-06-04,0.7,005300
2025-06-05,1.0,005300
2025-06-09,1.0,005300
2025-06-10,1.0,005300
2025-06-11,1.0,005300
2025-06-12,1.0,005300
2025-06-13,1.0,005300
2025-06-16,1.0,005300
2025-06-17,1.0,005300
2025-06-18,1.0,005300
2025-06-19,1.0,005300
2025-06-20,1.0,005300
2025-06-23,1.0,005300
2025-06-24,1.0,005300
2025-06-25,1.0,005300
2025-06-26,1.0,005300
2025-06-27,1.0,005300
2025-06-30,1.0,005300
2025-07-01,1.0,005300
2025-07-02,1.0,005300
2025-07-03,1.0,005300
2025-07-04,1.0,005300
2025-07-07,1.0,005300
2025-07-08,1.0,005300
2025-07-09,1.0,005300
2025-07-10,1.0,005300
2025-07-11,1.0,005300
2025-07-14,1.0,005300
2025-07-15,1.0,005300
2025-07-16,1.0,005300
2025-07-17,1.0,005300
2025-07-18,1.0,005300
2025-07-21,1.0,005300
2025-07-22,1.0,005300
2025-07-23,1.0,005300
2025-07-24,1.0,005300
2025-07-25,1.0,005300
2025-07-28,0.14,005300
2025-07-29,0.14,005300
2025-07-30,0.14,005300
2025-07-31,0.14,005300
2025-08-01,0.14,005300
2025-08-04,0.7,005300
2025-08-05,0.14,005300
2025-08-06,0.14,005300
2025-08-07,0.14,005300
2025-08-08,0.14,005300
2025-08-11,0.14,005300
2025-08-12,0.14,005300
2025-08-13,0.14,005300
2025-08-14,0.14,005300
2025-08-18,0.0,005300
2025-08-19,0.0,005300
2025-08-20,0.0,005300
2025-08-21,0.0,005300
2025-08-22,0.0,005300
2025-08-25,0.0,005300
2025-08-26,0.0,005300
2025-08-27,0.0,005300
2025-08-28,0.0,005300
2025-08-29,0.0,005300
2025-09-01,0.0,005300
2025-09-02,0.0,005300
2025-09-03,0.0,005300
2025-09-04,0.0,005300
2025-09-05,0.0,005300
2025-09-08,0.0,005300
2025-09-09,0.0,005300
2025-09-10,0.0,005300
2025-09-11,0.0,005300
2025-09-12,0.7,005300
2025-09-15,0.7,005300
2025-09-16,0.7,005300
2025-09-17,0.7,005300
2025-09-18,0.7,005300
2025-09-19,0.7,005300
2025-09-22,0.0,005300
2025-09-23,0.0,005300
2025-09-24,0.0,005300
2025-09-25,0.0,005300
2025-09-26,0.0,005300
2025-09-29,0.0,005300
2025-09-30,0.0,005300
2025-10-01,0.0,005300
2025-10-02,0.0,005300
2025-10-10,0.0,005300
2025-10-13,0.0,005300
2025-10-14,0.0,005300
2025-10-15,0.0,005300
2025-10-16,0.0,005300
2025-10-17,0.0,005300
2025-10-20,0.0,005300
2025-10-21,0.0,005300
2025-10-22,0.0,005300
2025-10-23,0.7,005300
2025-10-24,0.7,005300
2025-10-27,0.7,005300
2025-10-28,0.7,005300
2025-10-29,0.7,005300
2025-10-30,0.7,005300
2025-10-31,0.7,005300
2025-11-03,0.0,005300
2025-11-04,0.7,005300
2025-11-05,1.0,005300
2025-11-06,1.0,005300
2025-11-07,0.7,005300
2025-11-10,0.7,005300
2025-11-11,1.0,005300
2025-11-12,1.0,005300
2025-11-13,0.7,005300
2025-11-14,0.7,005300
2025-11-17,0.7,005300
2025-11-18,0.7,005300
2025-11-19,1.0,005300
2025-11-20,0.7,005300
2025-11-21,1.0,005300
2025-11-24,0.7,005300
2025-11-25,0.7,005300
2025-11-26,0.0,005300
2025-11-27,0.0,005300
2025-11-28,0.14,005300
2024-11-01,0.0,271560
2024-11-04,0.0,271560
2024-11-05,0.0,271560
2024-11-06,0.0,271560
2024-11-07,0.0,271560
2024-11-08,0.0,271560
2024-11-11,0.0,271560
2024-11-12,0.0,271560
2024-11-13,0.0,271560
2024-11-14,0.0,271560
2024-11-15,0.0,271560
2024-11-18,0.0,271560
2024-11-19,0.0,271560
2024-11-20,0.0,271560
2024-11-21,0.0,271560
2024-11-22,0.0,271560
2024-11-25,0.0,271560
2024-11-26,0.0,271560
2024-11-27,0.0,271560
2024-11-28,0.7,271560
2024-11-29,0.7,271560
2024-12-02,0.7,271560
2024-12-03,1.0,271560
2024-12-04,0.7,271560
2024-12-05,0.7,271560
2024-12-06,0.7,271560
2024-12-09,0.0,271560
2024-12-10,1.0,271560
2024-12-11,1.0,271560
2024-12-12,1.0,271560
2024-12-13,1.0,271560
2024-12-16,0.0,271560
2024-12-17,0.0,271560
2024-12-18,0.0,271560
2024-12-19,0.7,271560
2024-12-20,0.7,271560
2024-12-23,1.0,271560
2024-12-24,0.7,271560
2024-12-26,0.7,271560
2024-12-27,0.7,271560
2024-12-30,0.0,271560
2025-01-02,0.0,271560
2025-01-03,0.0,271560
2025-01-06,0.0,271560
2025-01-07,0.0,271560
2025-01-08,0.0,271560
2025-01-09,0.0,271560
2025-01-10,0.0,271560
2025-01-13,0.0,271560
2025-01-14,0.0,271560
2025-01-15,0.0,271560
2025-01-16,0.0,271560
2025-01-17,0.0,271560
2025-01-20,0.0,271560
2025-01-21,0.0,271560
2025-01-22,0.0,271560
2025-01-23,0.0,271560
2025-01-24,0.0,271560
2025-01-31,0.7,271560
2025-02-03,0.7,271560
2025-02-04,0.0,271560
2025-02-05,0.7,271560
2025-02-06,0.7,271560
2025-02-07,0.7,271560
2025-02-10,0.7,271560
2025-02-11,0.7,271560
2025-02-12,1.0,271560
2025-02-13,1.0,271560
2025-02-14,1.0,271560
2025-02-17,1.0,271560
2025-02-18,1.0,271560
2025-02-19,1.0,271560
2025-02-20,1.0,271560
2025-02-21,1.0,271560
2025-02-24,1.0,271560
2025-02-25,1.0,271560
2025-02-26,0.14,271560
2025-02-27,0.14,271560
2025-02-28,0.0,271560
2025-03-04,0.0,271560
2025-03-05,0.0,271560
2025-03-06,0.14,271560
2025-03-07,1.0,271560
2025-03-10,0.7,271560
2025-03-11,0.7,271560
2025-03-12,0.7,271560
2025-03-13,0.7,271560
2025-03-14,0.7,271560
2025-03-17,0.7,271560
2025-03-18,0.7,271560
2025-03-19,1.0,271560
2025-03-20,1.0,271560
2025-03-21,1.0,271560
2025-03-24,1.0,271560
2025-03-25,1.0,271560
2025-03-26,1.0,271560
2025-03-27,1.0,271560
2025-03-28,1.0,271560
2025-03-31,1.0,271560
2025-04-01,1.0,271560
2025-04-02,1.0,271560
2025-04-03,1.0,271560
2025-04-04,1.0,271560
2025-04-07,0.14,271560
2025-04-08,0.14,271560
2025-04-09,0.14,271560
2025-04-10,0.14,271560
2025-04-11,0.14,271560
2025-04-14,0.14,271560
2025-04-15,0.14,271560
2025-04-16,0.7,271560
2025-04-17,0.7,271560
2025-04-18,0.7,271560
2025-04-21,0.7,271560
2025-04-22,0.7,271560
2025-04-23,0.7,271560
2025-04-24,0.7,271560
2025-04-25,0.7,271560
2025-04-28,0.7,271560
2025-04-29,0.7,271560
2025-04-30,0.7,271560
2025-05-02,0.7,271560
2025-05-07,0.7,271560
2025-05-08,1.0,271560
2025-05-09,1.0,271560
2025-05-12,1.0,271560
2025-05-13,1.0,271560
2025-05-14,1.0,271560
2025-05-15,1.0,271560
2025-05-16,1.0,271560
2025-05-19,0.7,271560
2025-05-20,0.14,271560
2025-05-21,0.0,271560
2025-05-22,0.0,271560
2025-05-23,0.0,271560
2025-05-26,0.0,271560
2025-05-27,0.0,271560
2025-05-28,0.0,271560
2025-05-29,0.0,271560
2025-05-30,0.0,271560
2025-06-02,0.0,271560
2025-06-04,0.0,271560
2025-06-05,0.0,271560
2025-06-09,0.0,271560
2025-06-10,0.0,271560
2025-06-11,0.0,271560
2025-06-12,0.0,271560
2025-06-13,0.0,271560
2025-06-16,0.0,271560
2025-06-17,0.0,271560
2025-06-18,0.0,271560
2025-06-19,0.0,271560
2025-06-20,0.0,271560
2025-06-23,0.0,271560
2025-06-24,0.0,271560
2025-06-25,0.0,271560
2025-06-26,0.0,271560
2025-06-27,0.0,271560
2025-06-30,0.0,271560
2025-07-01,0.7,271560
2025-07-02,1.0,271560
2025-07-03,1.0,271560
2025-07-04,0.7,271560
2025-07-07,0.7,271560
2025-07-08,0.7,271560
2025-07-09,1.0,271560
2025-07-10,1.0,271560
2025-07-11,1.0,271560
2025-07-14,1.0,271560
2025-07-15,1.0,271560
2025-07-16,1.0,271560
2025-07-17,1.0,271560
2025-07-18,1.0,271560
2025-07-21,0.0,271560
2025-07-22,0.0,271560
2025-07-23,0.0,271560
2025-07-24,0.0,271560
2025-07-25,0.0,271560
2025-07-28,0.0,271560
2025-07-29,0.0,271560
2025-07-30,0.0,271560
2025-07-31,0.0,271560
2025-08-01,0.0,271560
2025-08-04,0.0,271560
2025-08-05,0.0,271560
2025-08-06,0.0,271560
2025-08-07,0.0,271560
2025-08-08,0.0,271560
2025-08-11,0.0,271560
2025-08-12,0.0,271560
2025-08-13,0.0,271560
2025-08-14,0.0,271560
2025-08-18,0.0,271560
2025-08-19,0.0,271560
2025-08-20,0.0,271560
2025-08-21,0.0,271560
2025-08-22,0.0,271560
2025-08-25,0.0,271560
2025-08-26,0.0,271560
2025-08-27,0.0,271560
2025-08-28,0.0,271560
2025-08-29,0.0,271560
2025-09-01,0.0,271560
2025-09-02,0.0,271560
2025-09-03,0.0,271560
2025-09-04,0.0,271560
2025-09-05,0.7,271560
2025-09-08,0.0,271560
2025-09-09,0.7,271560
2025-09-10,0.7,271560
2025-09-11,0.7,271560
2025-09-12,0.7,271560
2025-09-15,0.7,271560
2025-09-16,0.7,271560
2025-09-17,0.7,271560
2025-09-18,0.7,271560
2025-09-19,0.7,271560
2025-09-22,0.0,271560
2025-09-23,0.0,271560
2025-09-24,0.0,271560
2025-09-25,0.0,271560
2025-09-26,0.0,271560
2025-09-29,0.0,271560
2025-09-30,0.0,271560
2025-10-01,0.0,271560
2025-10-02,0.0,271560
2025-10-10,0.0,271560
2025-10-13,0.0,271560
2025-10-14,0.0,271560
2025-10-15,0.0,271560
2025-10-16,0.0,271560
2025-10-17,0.0,271560
2025-10-20,0.0,271560
2025-10-21,0.0,271560
2025-10-22,0.0,271560
2025-10-23,0.0,271560
2025-10-24,0.0,271560
2025-10-27,0.0,271560
2025-10-28,0.0,271560
2025-10-29,0.0,271560
2025-10-30,0.0,271560
2025-10-31,0.0,271560
2025-11-03,0.0,271560
2025-11-04,0.7,271560
2025-11-05,0.7,271560
2025-11-06,0.7,271560
2025-11-07,0.7,271560
2025-11-10,0.7,271560
2025-11-11,0.7,271560
2025-11-12,1.0,271560
2025-11-13,1.0,271560
2025-11-14,0.7,271560
2025-11-17,0.7,271560
2025-11-18,0.7,271560
2025-11-19,0.7,271560
2025-11-20,0.7,271560
2025-11-21,0.7,271560
2025-11-24,0.0,271560
2025-11-25,0.0,271560
2025-11-26,1.0,271560
2025-11-27,0.7,271560
2025-11-28,1.0,271560
2024-11-01,0.0,001040
2024-11-04,0.0,001040
2024-11-05,0.0,001040
2024-11-06,0.0,001040
2024-11-07,0.0,001040
2024-11-08,0.0,001040
2024-11-11,0.0,001040
2024-11-12,0.0,001040
2024-11-13,0.0,001040
2024-11-14,0.0,001040
2024-11-15,0.0,001040
2024-11-18,0.0,001040
2024-11-19,0.0,001040
2024-11-20,0.0,001040
2024-11-21,0.0,001040
2024-11-22,0.0,001040
2024-11-25,0.0,001040
2024-11-26,0.0,001040
2024-11-27,0.0,001040
2024-11-28,0.0,001040
2024-11-29,0.0,001040
2024-12-02,0.0,001040
2024-12-03,0.7,001040
2024-12-04,0.7,001040
2024-12-05,0.0,001040
2024-12-06,0.0,001040
2024-12-09,0.0,001040
2024-12-10,0.0,001040
2024-12-11,0.7,001040
2024-12-12,0.0,001040
2024-12-13,1.0,001040
2024-12-16,0.8,001040
2024-12-17,0.8,001040
2024-12-18,0.8,001040
2024-12-19,0.8,001040
2024-12-20,0.8,001040
2024-12-23,0.8,001040
2024-12-24,0.5,001040
2024-12-26,0.8,001040
2024-12-27,0.5,001040
2024-12-30,0.0,001040
2025-01-02,0.0,001040
2025-01-03,0.0,001040
2025-01-06,0.0,001040
2025-01-07,0.0,001040
2025-01-08,0.0,001040
2025-01-09,0.0,001040
2025-01-10,0.0,001040
2025-01-13,0.0,001040
2025-01-14,0.0,001040
2025-01-15,0.0,001040
2025-01-16,0.0,001040
2025-01-17,0.0,001040
2025-01-20,0.0,001040
2025-01-21,0.0,001040
2025-01-22,0.0,001040
2025-01-23,0.0,001040
2025-01-24,0.0,001040
2025-01-31,0.0,001040
2025-02-03,0.0,001040
2025-02-04,0.0,001040
2025-02-05,0.0,001040
2025-02-06,0.0,001040
2025-02-07,0.0,001040
2025-02-10,0.7,001040
2025-02-11,0.0,001040
2025-02-12,0.0,001040
2025-02-13,0.0,001040
2025-02-14,0.7,001040
2025-02-17,0.7,001040
2025-02-18,0.7,001040
2025-02-19,1.0,001040
2025-02-20,1.0,001040
2025-02-21,1.0,001040
2025-02-24,1.0,001040
2025-02-25,1.0,001040
2025-02-26,1.0,001040
2025-02-27,0.8,001040
2025-02-28,0.8,001040
2025-03-04,0.8,001040
2025-03-05,0.8,001040
2025-03-06,0.8,001040
2025-03-07,0.8,001040
2025-03-10,0.8,001040
2025-03-11,0.8,001040
2025-03-12,0.8,001040
2025-03-13,0.8,001040
2025-03-14,0.8,001040
2025-03-17,0.8,001040
2025-03-18,0.8,001040
2025-03-19,0.8,001040
2025-03-20,0.8,001040
2025-03-21,0.8,001040
2025-03-24,0.8,001040
2025-03-25,0.8,001040
2025-03-26,0.8,001040
2025-03-27,0.8,001040
2025-03-28,0.8,001040
2025-03-31,0.14,001040
2025-04-01,0.8,001040
2025-04-02,0.8,001040
2025-04-03,0.8,001040
2025-04-04,0.8,001040
2025-04-07,0.14,001040
2025-04-08,0.14,001040
2025-04-09,0.14,001040
2025-04-10,0.14,001040
2025-04-11,0.14,001040
2025-04-14,0.14,001040
2025-04-15,0.14,001040
2025-04-16,0.14,001040
2025-04-17,0.14,001040
2025-04-18,0.5,001040
2025-04-21,0.14,001040
2025-04-22,0.14,001040
2025-04-23,0.14,001040
2025-04-24,0.5,001040
2025-04-25,0.8,001040
2025-04-28,0.8,001040
2025-04-29,0.5,001040
2025-04-30,0.5,001040
2025-05-02,0.5,001040
2025-05-07,0.5,001040
2025-05-08,1.0,001040
2025-05-09,1.0,001040
2025-05-12,1.0,001040
2025-05-13,0.5,001040
2025-05-14,0.8,001040
2025-05-15,0.8,001040
2025-05-16,0.8,001040
2025-05-19,0.14,001040
2025-05-20,0.14,001040
2025-05-21,0.14,001040
2025-05-22,0.8,001040
2025-05-23,0.14,001040
2025-05-26,0.8,001040
2025-05-27,0.8,001040
2025-05-28,0.8,001040
2025-05-29,0.8,001040
2025-05-30,0.8,001040
2025-06-02,0.8,001040
2025-06-04,0.8,001040
2025-06-05,0.8,001040
2025-06-09,0.8,001040
2025-06-10,0.8,001040
2025-06-11,0.8,001040
2025-06-12,0.8,001040
2025-06-13,0.8,001040
2025-06-16,0.8,001040
2025-06-17,0.8,001040
2025-06-18,0.8,001040
2025-06-19,0.8,001040
2025-06-20,0.8,001040
2025-06-23,0.8,001040
2025-06-24,0.8,001040
2025-06-25,0.8,001040
2025-06-26,0.8,001040
2025-06-27,0.8,001040
2025-06-30,0.8,001040
2025-07-01,0.8,001040
2025-07-02,0.8,001040
2025-07-03,0.14,001040
2025-07-04,0.14,001040
2025-07-07,0.14,001040
2025-07-08,0.5,001040
2025-07-09,0.5,001040
2025-07-10,0.8,001040
2025-07-11,0.8,001040
2025-07-14,0.8,001040
2025-07-15,0.8,001040
2025-07-16,0.8,001040
2025-07-17,0.5,001040
2025-07-18,0.5,001040
2025-07-21,0.14,001040
2025-07-22,0.14,001040
2025-07-23,0.14,001040
2025-07-24,0.14,001040
2025-07-25,0.14,001040
2025-07-28,0.14,001040
2025-07-29,0.14,001040
2025-07-30,0.14,001040
2025-07-31,0.14,001040
2025-08-01,0.0,001040
2025-08-04,0.0,001040
2025-08-05,0.0,001040
2025-08-06,0.14,001040
2025-08-07,0.14,001040
2025-08-08,0.7,001040
2025-08-11,0.5,001040
2025-08-12,0.14,001040
2025-08-13,0.5,001040
2025-08-14,0.0,001040
2025-08-18,0.0,001040
2025-08-19,0.0,001040
2025-08-20,0.0,001040
2025-08-21,0.0,001040
2025-08-22,0.0,001040
2025-08-25,0.5,001040
2025-08-26,0.5,001040
2025-08-27,0.5,001040
2025-08-28,0.8,001040
2025-08-29,0.5,001040
2025-09-01,0.8,001040
2025-09-02,0.8,001040
2025-09-03,1.0,001040
2025-09-04,1.0,001040
2025-09-05,1.0,001040
2025-09-08,1.0,001040
2025-09-09,1.0,001040
2025-09-10,1.0,001040
2025-09-11,1.0,001040
2025-09-12,0.8,001040
2025-09-15,0.8,001040
2025-09-16,0.8,001040
2025-09-17,0.8,001040
2025-09-18,0.8,001040
2025-09-19,0.8,001040
2025-09-22,0.8,001040
2025-09-23,0.8,001040
2025-09-24,0.8,001040
2025-09-25,0.14,001040
2025-09-26,0.14,001040
2025-09-29,0.14,001040
2025-09-30,0.14,001040
2025-10-01,0.14,001040
2025-10-02,0.14,001040
2025-10-10,0.14,001040
2025-10-13,0.14,001040
2025-10-14,0.14,001040
2025-10-15,0.14,001040
2025-10-16,0.14,001040
2025-10-17,0.0,001040
2025-10-20,0.14,001040
2025-10-21,0.14,001040
2025-10-22,0.14,001040
2025-10-23,0.14,001040
2025-10-24,0.14,001040
2025-10-27,0.14,001040
2025-10-28,0.7,001040
2025-10-29,0.14,001040
2025-10-30,0.0,001040
2025-10-31,0.14,001040
2025-11-03,0.7,001040
2025-11-04,0.7,001040
2025-11-05,0.0,001040
2025-11-06,0.0,001040
2025-11-07,0.0,001040
2025-11-10,0.5,001040
2025-11-11,0.0,001040
2025-11-12,0.0,001040
2025-11-13,0.0,001040
2025-11-14,0.0,001040
2025-11-17,0.5,001040
2025-11-18,0.5,001040
2025-11-19,0.5,001040
2025-11-20,0.8,001040
2025-11-21,0.8,001040
2025-11-24,0.8,001040
2025-11-25,0.5,001040
2025-11-26,0.5,001040
2025-11-27,0.8,001040
2025-11-28,0.5,001040
2024-11-01,0.0,000990
2024-11-04,0.0,000990
2024-11-05,0.0,000990
2024-11-06,0.0,000990
2024-11-07,0.0,000990
2024-11-08,0.0,000990
2024-11-11,0.0,000990
2024-11-12,0.0,000990
2024-11-13,0.0,000990
2024-11-14,0.0,000990
2024-11-15,0.0,000990
2024-11-18,0.0,000990
2024-11-19,0.0,000990
2024-11-20,0.0,000990
2024-11-21,0.0,000990
2024-11-22,0.0,000990
2024-11-25,0.0,000990
2024-11-26,0.0,000990
2024-11-27,0.0,000990
2024-11-28,0.0,000990
2024-11-29,0.0,000990
2024-12-02,0.0,000990
2024-12-03,0.0,000990
2024-12-04,0.0,000990
2024-12-05,0.0,000990
2024-12-06,0.0,000990
2024-12-09,0.0,000990
2024-12-10,0.0,000990
2024-12-11,0.5,000990
2024-12-12,0.5,000990
2024-12-13,0.8,000990
2024-12-16,0.8,000990
2024-12-17,0.5,000990
2024-12-18,0.5,000990
2024-12-19,0.5,000990
2024-12-20,0.5,000990
2024-12-23,0.5,000990
2024-12-24,0.5,000990
2024-12-26,0.5,000990
2024-12-27,0.0,000990
2024-12-30,0.8,000990
2025-01-02,0.0,000990
2025-01-03,0.7,000990
2025-01-06,0.7,000990
2025-01-07,1.0,000990
2025-01-08,1.0,000990
2025-01-09,1.0,000990
2025-01-10,1.0,000990
2025-01-13,0.0,000990
2025-01-14,0.0,000990
2025-01-15,0.7,000990
2025-01-16,0.0,000990
2025-01-17,0.7,000990
2025-01-20,0.7,000990
2025-01-21,0.7,000990
2025-01-22,0.7,000990
2025-01-23,0.0,000990
2025-01-24,0.7,000990
2025-01-31,0.0,000990
2025-02-03,0.0,000990
2025-02-04,0.0,000990
2025-02-05,0.0,000990
2025-02-06,0.14,000990
2025-02-07,1.0,000990
2025-02-10,0.8,000990
2025-02-11,0.8,000990
2025-02-12,0.8,000990
2025-02-13,0.8,000990
2025-02-14,0.8,000990
2025-02-17,0.8,000990
2025-02-18,0.8,000990
2025-02-19,0.8,000990
2025-02-20,0.8,000990
2025-02-21,0.8,000990
2025-02-24,0.8,000990
2025-02-25,0.8,000990
2025-02-26,0.8,000990
2025-02-27,0.8,000990
2025-02-28,0.8,000990
2025-03-04,0.8,000990
2025-03-05,0.8,000990
2025-03-06,0.14,000990
2025-03-07,0.14,000990
2025-03-10,0.8,000990
2025-03-11,0.14,000990
2025-03-12,0.8,000990
2025-03-13,0.14,000990
2025-03-14,0.14,000990
2025-03-17,0.8,000990
2025-03-18,0.8,000990
2025-03-19,0.5,000990
2025-03-20,0.8,000990
2025-03-21,0.8,000990
2025-03-24,0.5,000990
2025-03-25,0.14,000990
2025-03-26,0.14,000990
2025-03-27,0.14,000990
2025-03-28,0.14,000990
2025-03-31,0.14,000990
2025-04-01,0.14,000990
2025-04-02,0.14,000990
2025-04-03,0.14,000990
2025-04-04,0.14,000990
2025-04-07,0.0,000990
2025-04-08,0.0,000990
2025-04-09,0.0,000990
2025-04-10,0.0,000990
2025-04-11,0.14,000990
2025-04-14,0.14,000990
2025-04-15,0.14,000990
2025-04-16,0.0,000990
2025-04-17,0.0,000990
2025-04-18,0.0,000990
2025-04-21,0.0,000990
2025-04-22,0.0,000990
2025-04-23,0.0,000990
2025-04-24,0.0,000990
2025-04-25,0.7,000990
2025-04-28,0.0,000990
2025-04-29,0.0,000990
2025-04-30,0.0,000990
2025-05-02,0.0,000990
2025-05-07,0.0,000990
2025-05-08,0.0,000990
2025-05-09,0.0,000990
2025-05-12,0.0,000990
2025-05-13,0.0,000990
2025-05-14,0.0,000990
2025-05-15,0.0,000990
2025-05-16,0.0,000990
2025-05-19,0.0,000990
2025-05-20,0.0,000990
2025-05-21,0.0,000990
2025-05-22,0.0,000990
2025-05-23,0.0,000990
2025-05-26,0.0,000990
2025-05-27,0.0,000990
2025-05-28,0.7,000990
2025-05-29,0.7,000990
2025-05-30,0.7,000990
2025-06-02,1.0,000990
2025-06-04,1.0,000990
2025-06-05,1.0,000990
2025-06-09,1.0,000990
2025-06-10,1.0,000990
2025-06-11,1.0,000990
2025-06-12,1.0,000990
2025-06-13,1.0,000990
2025-06-16,1.0,000990
2025-06-17,1.0,000990
2025-06-18,0.8,000990
2025-06-19,0.8,000990
2025-06-20,0.8,000990
2025-06-23,0.8,000990
2025-06-24,0.8,000990
2025-06-25,0.8,000990
2025-06-26,0.8,000990
2025-06-27,0.8,000990
2025-06-30,0.8,000990
2025-07-01,1.0,000990
2025-07-02,0.8,000990
2025-07-03,1.0,000990
2025-07-04,0.5,000990
2025-07-07,0.7,000990
2025-07-08,0.7,000990
2025-07-09,0.7,000990
2025-07-10,0.7,000990
2025-07-11,0.14,000990
2025-07-14,1.0,000990
2025-07-15,1.0,000990
2025-07-16,0.7,000990
2025-07-17,0.7,000990
2025-07-18,0.7,000990
2025-07-21,0.7,000990
2025-07-22,0.14,000990
2025-07-23,0.14,000990
2025-07-24,0.14,000990
2025-07-25,0.14,000990
2025-07-28,0.14,000990
2025-07-29,0.14,000990
2025-07-30,0.14,000990
2025-07-31,0.14,000990
2025-08-01,0.0,000990
2025-08-04,0.14,000990
2025-08-05,0.14,000990
2025-08-06,0.14,000990
2025-08-07,0.14,000990
2025-08-08,0.14,000990
2025-08-11,0.7,000990
2025-08-12,0.7,000990
2025-08-13,0.7,000990
2025-08-14,0.7,000990
2025-08-18,0.7,000990
2025-08-19,0.0,000990
2025-08-20,0.0,000990
2025-08-21,0.0,000990
2025-08-22,0.0,000990
2025-08-25,0.0,000990
2025-08-26,0.7,000990
2025-08-27,0.7,000990
2025-08-28,0.7,000990
2025-08-29,0.7,000990
2025-09-01,0.0,000990
2025-09-02,0.0,000990
2025-09-03,0.0,000990
2025-09-04,0.0,000990
2025-09-05,0.0,000990
2025-09-08,0.0,000990
2025-09-09,0.7,000990
2025-09-10,1.0,000990
2025-09-11,1.0,000990
2025-09-12,1.0,000990
2025-09-15,1.0,000990
2025-09-16,1.0,000990
2025-09-17,1.0,000990
2025-09-18,1.0,000990
2025-09-19,1.0,000990
2025-09-22,1.0,000990
2025-09-23,0.8,000990
2025-09-24,0.8,000990
2025-09-25,0.8,000990
2025-09-26,0.8,000990
2025-09-29,0.8,000990
2025-09-30,0.8,000990
2025-10-01,0.8,000990
2025-10-02,0.8,000990
2025-10-10,0.8,000990
2025-10-13,0.8,000990
2025-10-14,0.14,000990
2025-10-15,0.8,000990
2025-10-16,0.8,000990
2025-10-17,0.8,000990
2025-10-20,0.8,000990
2025-10-21,0.14,000990
2025-10-22,0.14,000990
2025-10-23,0.5,000990
2025-10-24,0.5,000990
2025-10-27,0.5,000990
2025-10-28,0.5,000990
2025-10-29,0.5,000990
2025-10-30,0.5,000990
2025-10-31,0.5,000990
2025-11-03,0.5,000990
2025-11-04,0.5,000990
2025-11-05,0.14,000990
2025-11-06,0.14,000990
2025-11-07,0.14,000990
2025-11-10,0.5,000990
2025-11-11,0.8,000990
2025-11-12,0.8,000990
2025-11-13,0.8,000990
2025-11-14,0.8,000990
2025-11-17,0.8,000990
2025-11-18,0.8,000990
2025-11-19,0.8,000990
2025-11-20,0.8,000990
2025-11-21,0.14,000990
2025-11-24,0.14,000990
2025-11-25,0.14,000990
2025-11-26,0.14,000990
2025-11-27,0.8,000990
2025-11-28,0.8,000990
2024-11-01,0.0,000210
2024-11-04,0.0,000210
2024-11-05,0.0,000210
2024-11-06,0.0,000210
2024-11-07,0.0,000210
2024-11-08,0.0,000210
2024-11-11,0.0,000210
2024-11-12,0.0,000210
2024-11-13,0.0,000210
2024-11-14,0.0,000210
2024-11-15,0.0,000210
2024-11-18,0.0,000210
2024-11-19,0.0,000210
2024-11-20,0.0,000210
2024-11-21,0.0,000210
2024-11-22,0.0,000210
2024-11-25,0.0,000210
2024-11-26,0.0,000210
2024-11-27,0.0,000210
2024-11-28,0.7,000210
2024-11-29,0.0,000210
2024-12-02,0.0,000210
2024-12-03,0.7,000210
2024-12-04,0.0,000210
2024-12-05,0.0,000210
2024-12-06,0.0,000210
2024-12-09,0.0,000210
2024-12-10,0.0,000210
2024-12-11,0.0,000210
2024-12-12,0.0,000210
2024-12-13,0.0,000210
2024-12-16,0.0,000210
2024-12-17,0.0,000210
2024-12-18,0.0,000210
2024-12-19,0.0,000210
2024-12-20,0.0,000210
2024-12-23,0.7,000210
2024-12-24,0.7,000210
2024-12-26,0.7,000210
2024-12-27,0.0,000210
2024-12-30,0.0,000210
2025-01-02,0.0,000210
2025-01-03,0.0,000210
2025-01-06,0.7,000210
2025-01-07,0.0,000210
2025-01-08,0.7,000210
2025-01-09,0.0,000210
2025-01-10,0.0,000210
2025-01-13,0.0,000210
2025-01-14,0.0,000210
2025-01-15,0.0,000210
2025-01-16,0.0,000210
2025-01-17,0.0,000210
2025-01-20,0.0,000210
2025-01-21,0.0,000210
2025-01-22,0.0,000210
2025-01-23,0.0,000210
2025-01-24,0.0,000210
2025-01-31,0.7,000210
2025-02-03,0.0,000210
2025-02-04,0.0,000210
2025-02-05,0.0,000210
2025-02-06,0.7,000210
2025-02-07,0.7,000210
2025-02-10,0.7,000210
2025-02-11,0.7,000210
2025-02-12,0.7,000210
2025-02-13,1.0,000210
2025-02-14,1.0,000210
2025-02-17,1.0,000210
2025-02-18,1.0,000210
2025-02-19,1.0,000210
2025-02-20,1.0,000210
2025-02-21,1.0,000210
2025-02-24,1.0,000210
2025-02-25,1.0,000210
2025-02-26,1.0,000210
2025-02-27,1.0,000210
2025-02-28,0.7,000210
2025-03-04,0.14,000210
2025-03-05,1.0,000210
2025-03-06,1.0,000210
2025-03-07,1.0,000210
2025-03-10,1.0,000210
2025-03-11,1.0,000210
2025-03-12,1.0,000210
2025-03-13,0.8,000210
2025-03-14,0.8,000210
2025-03-17,0.8,000210
2025-03-18,0.5,000210
2025-03-19,0.5,000210
2025-03-20,0.5,000210
2025-03-21,0.14,000210
2025-03-24,0.14,000210
2025-03-25,0.14,000210
2025-03-26,0.14,000210
2025-03-27,0.14,000210
2025-03-28,0.14,000210
2025-03-31,0.0,000210
2025-04-01,0.0,000210
2025-04-02,0.0,000210
2025-04-03,0.0,000210
2025-04-04,0.0,000210
2025-04-07,0.0,000210
2025-04-08,0.0,000210
2025-04-09,0.0,000210
2025-04-10,0.0,000210
2025-04-11,0.0,000210
2025-04-14,0.0,000210
2025-04-15,0.0,000210
2025-04-16,0.0,000210
2025-04-17,0.0,000210
2025-04-18,0.0,000210
2025-04-21,0.0,000210
2025-04-22,0.0,000210
2025-04-23,0.7,000210
2025-04-24,0.7,000210
2025-04-25,0.7,000210
2025-04-28,0.7,000210
2025-04-29,0.7,000210
2025-04-30,0.7,000210
2025-05-02,0.7,000210
2025-05-07,1.0,000210
2025-05-08,1.0,000210
2025-05-09,1.0,000210
2025-05-12,1.0,000210
2025-05-13,1.0,000210
2025-05-14,1.0,000210
2025-05-15,1.0,000210
2025-05-16,1.0,000210
2025-05-19,1.0,000210
2025-05-20,0.8,000210
2025-05-21,0.8,000210
2025-05-22,0.8,000210
2025-05-23,0.8,000210
2025-05-26,0.8,000210
2025-05-27,0.8,000210
2025-05-28,0.8,000210
2025-05-29,0.8,000210
2025-05-30,0.8,000210
2025-06-02,0.8,000210
2025-06-04,0.8,000210
2025-06-05,0.8,000210
2025-06-09,0.8,000210
2025-06-10,0.8,000210
2025-06-11,0.8,000210
2025-06-12,0.8,000210
2025-06-13,0.8,000210
2025-06-16,0.8,000210
2025-06-17,0.8,000210
2025-06-18,0.8,000210
2025-06-19,0.14,000210
2025-06-20,0.14,000210
2025-06-23,0.14,000210
2025-06-24,0.14,000210
2025-06-25,0.8,000210
2025-06-26,0.8,000210
2025-06-27,0.14,000210
2025-06-30,0.5,000210
2025-07-01,0.8,000210
2025-07-02,0.8,000210
2025-07-03,0.5,000210
2025-07-04,0.5,000210
2025-07-07,0.8,000210
2025-07-08,0.8,000210
2025-07-09,0.8,000210
2025-07-10,0.8,000210
2025-07-11,0.8,000210
2025-07-14,0.8,000210
2025-07-15,0.8,000210
2025-07-16,0.8,000210
2025-07-17,0.8,000210
2025-07-18,0.8,000210
2025-07-21,0.8,000210
2025-07-22,0.8,000210
2025-07-23,0.8,000210
2025-07-24,0.8,000210
2025-07-25,0.8,000210
2025-07-28,0.8,000210
2025-07-29,0.8,000210
2025-07-30,0.14,000210
2025-07-31,0.14,000210
2025-08-01,0.0,000210
2025-08-04,0.0,000210
2025-08-05,0.0,000210
2025-08-06,0.14,000210
2025-08-07,0.0,000210
2025-08-08,0.0,000210
2025-08-11,0.0,000210
2025-08-12,0.0,000210
2025-08-13,0.0,000210
2025-08-14,0.0,000210
2025-08-18,0.0,000210
2025-08-19,0.0,000210
2025-08-20,0.0,000210
2025-08-21,0.0,000210
2025-08-22,0.0,000210
2025-08-25,0.0,000210
2025-08-26,0.0,000210
2025-08-27,0.0,000210
2025-08-28,0.0,000210
2025-08-29,0.0,000210
2025-09-01,0.0,000210
2025-09-02,0.0,000210
2025-09-03,0.0,000210
2025-09-04,0.0,000210
2025-09-05,0.0,000210
2025-09-08,0.0,000210
2025-09-09,0.7,000210
2025-09-10,0.7,000210
2025-09-11,0.7,000210
2025-09-12,0.7,000210
2025-09-15,0.7,000210
2025-09-16,0.0,000210
2025-09-17,0.0,000210
2025-09-18,0.0,000210
2025-09-19,0.0,000210
2025-09-22,0.0,000210
2025-09-23,0.0,000210
2025-09-24,0.0,000210
2025-09-25,0.0,000210
2025-09-26,0.0,000210
2025-09-29,0.0,000210
2025-09-30,0.0,000210
2025-10-01,0.0,000210
2025-10-02,0.0,000210
2025-10-10,0.0,000210
2025-10-13,0.0,000210
2025-10-14,0.0,000210
2025-10-15,0.0,000210
2025-10-16,0.0,000210
2025-10-17,0.7,000210
2025-10-20,0.7,000210
2025-10-21,0.7,000210
2025-10-22,0.7,000210
2025-10-23,0.7,000210
2025-10-24,0.7,000210
2025-10-27,0.7,000210
2025-10-28,1.0,000210
2025-10-29,1.0,000210
2025-10-30,1.0,000210
2025-10-31,1.0,000210
2025-11-03,1.0,000210
2025-11-04,1.0,000210
2025-11-05,0.0,000210
2025-11-06,0.0,000210
2025-11-07,0.0,000210
2025-11-10,0.8,000210
2025-11-11,0.8,000210
2025-11-12,0.8,000210
2025-11-13,0.8,000210
2025-11-14,0.8,000210
2025-11-17,0.8,000210
2025-11-18,0.14,000210
2025-11-19,0.14,000210
2025-11-20,0.5,000210
2025-11-21,0.14,000210
2025-11-24,0.14,000210
2025-11-25,0.14,000210
2025-11-26,0.5,000210
2025-11-27,0.14,000210
2025-11-28,0.14,000210
2024-11-01,0.0,001440
2024-11-04,0.0,001440
2024-11-05,0.0,001440
2024-11-06,0.0,001440
2024-11-07,0.0,001440
2024-11-08,0.0,001440
2024-11-11,0.0,001440
2024-11-12,0.0,001440
2024-11-13,0.0,001440
2024-11-14,0.0,001440
2024-11-15,0.0,001440
2024-11-18,0.0,001440
2024-11-19,0.0,001440
2024-11-20,0.0,001440
2024-11-21,0.0,001440
2024-11-22,0.0,001440
2024-11-25,0.0,001440
2024-11-26,0.0,001440
2024-11-27,0.0,001440
2024-11-28,0.0,001440
2024-11-29,0.0,001440
2024-12-02,0.0,001440
2024-12-03,0.0,001440
2024-12-04,0.0,001440
2024-12-05,0.0,001440
2024-12-06,0.0,001440
2024-12-09,0.0,001440
2024-12-10,0.0,001440
2024-12-11,0.5,001440
2024-12-12,0.5,001440
2024-12-13,0.5,001440
2024-12-16,0.8,001440
2024-12-17,0.5,001440
2024-12-18,0.5,001440
2024-12-19,0.5,001440
2024-12-20,0.0,001440
2024-12-23,0.5,001440
2024-12-24,0.5,001440
2024-12-26,0.5,001440
2024-12-27,0.0,001440
2024-12-30,0.0,001440
2025-01-02,1.0,001440
2025-01-03,0.7,001440
2025-01-06,1.0,001440
2025-01-07,1.0,001440
2025-01-08,1.0,001440
2025-01-09,1.0,001440
2025-01-10,1.0,001440
2025-01-13,1.0,001440
2025-01-14,1.0,001440
2025-01-15,1.0,001440
2025-01-16,1.0,001440
2025-01-17,1.0,001440
2025-01-20,1.0,001440
2025-01-21,0.8,001440
2025-01-22,1.0,001440
2025-01-23,0.8,001440
2025-01-24,0.8,001440
2025-01-31,0.8,001440
2025-02-03,0.14,001440
2025-02-04,0.8,001440
2025-02-05,0.14,001440
2025-02-06,0.14,001440
2025-02-07,0.14,001440
2025-02-10,0.14,001440
2025-02-11,0.14,001440
2025-02-12,0.14,001440
2025-02-13,0.14,001440
2025-02-14,0.14,001440
2025-02-17,0.14,001440
2025-02-18,0.7,001440
2025-02-19,0.7,001440
2025-02-20,0.14,001440
2025-02-21,0.14,001440
2025-02-24,0.14,001440
2025-02-25,0.14,001440
2025-02-26,0.14,001440
2025-02-27,0.14,001440
2025-02-28,0.0,001440
2025-03-04,0.0,001440
2025-03-05,0.0,001440
2025-03-06,0.14,001440
2025-03-07,0.0,001440
2025-03-10,0.0,001440
2025-03-11,0.0,001440
2025-03-12,0.0,001440
2025-03-13,0.0,001440
2025-03-14,0.7,001440
2025-03-17,0.7,001440
2025-03-18,0.7,001440
2025-03-19,0.7,001440
2025-03-20,0.7,001440
2025-03-21,0.5,001440
2025-03-24,0.7,001440
2025-03-25,0.0,001440
2025-03-26,0.7,001440
2025-03-27,0.0,001440
2025-03-28,0.0,001440
2025-03-31,0.0,001440
2025-04-01,0.0,001440
2025-04-02,0.0,001440
2025-04-03,0.0,001440
2025-04-04,0.0,001440
2025-04-07,0.0,001440
2025-04-08,0.0,001440
2025-04-09,0.0,001440
2025-04-10,0.0,001440
2025-04-11,0.0,001440
2025-04-14,0.0,001440
2025-04-15,0.0,001440
2025-04-16,0.0,001440
2025-04-17,0.0,001440
2025-04-18,0.5,001440
2025-04-21,0.7,001440
2025-04-22,0.7,001440
2025-04-23,0.7,001440
2025-04-24,0.7,001440
2025-04-25,0.7,001440
2025-04-28,0.7,001440
2025-04-29,0.7,001440
2025-04-30,0.7,001440
2025-05-02,1.0,001440
2025-05-07,0.7,001440
2025-05-08,1.0,001440
2025-05-09,1.0,001440
2025-05-12,1.0,001440
2025-05-13,1.0,001440
2025-05-14,1.0,001440
2025-05-15,1.0,001440
2025-05-16,1.0,001440
2025-05-19,1.0,001440
2025-05-20,1.0,001440
2025-05-21,1.0,001440
2025-05-22,1.0,001440
2025-05-23,1.0,001440
2025-05-26,1.0,001440
2025-05-27,1.0,001440
2025-05-28,1.0,001440
2025-05-29,1.0,001440
2025-05-30,1.0,001440
2025-06-02,1.0,001440
2025-06-04,1.0,001440
2025-06-05,1.0,001440
2025-06-09,1.0,001440
2025-06-10,1.0,001440
2025-06-11,0.8,001440
2025-06-12,0.8,001440
2025-06-13,0.8,001440
2025-06-16,0.8,001440
2025-06-17,0.8,001440
2025-06-18,0.8,001440
2025-06-19,0.8,001440
2025-06-20,0.8,001440
2025-06-23,0.8,001440
2025-06-24,0.8,001440
2025-06-25,0.8,001440
2025-06-26,0.8,001440
2025-06-27,0.8,001440
2025-06-30,0.8,001440
2025-07-01,0.8,001440
2025-07-02,0.8,001440
2025-07-03,0.14,001440
2025-07-04,0.14,001440
2025-07-07,0.14,001440
2025-07-08,0.14,001440
2025-07-09,0.14,001440
2025-07-10,0.14,001440
2025-07-11,0.14,001440
2025-07-14,0.14,001440
2025-07-15,0.14,001440
2025-07-16,0.14,001440
2025-07-17,0.14,001440
2025-07-18,0.14,001440
2025-07-21,0.14,001440
2025-07-22,0.14,001440
2025-07-23,0.7,001440
2025-07-24,0.14,001440
2025-07-25,0.14,001440
2025-07-28,0.14,001440
2025-07-29,0.14,001440
2025-07-30,0.14,001440
2025-07-31,0.14,001440
2025-08-01,0.14,001440
2025-08-04,0.7,001440
2025-08-05,0.7,001440
2025-08-06,0.7,001440
2025-08-07,0.7,001440
2025-08-08,1.0,001440
2025-08-11,1.0,001440
2025-08-12,0.7,001440
2025-08-13,1.0,001440
2025-08-14,1.0,001440
2025-08-18,0.7,001440
2025-08-19,0.14,001440
2025-08-20,0.0,001440
2025-08-21,0.0,001440
2025-08-22,0.0,001440
2025-08-25,0.0,001440
2025-08-26,0.14,001440
2025-08-27,0.14,001440
2025-08-28,0.0,001440
2025-08-29,0.0,001440
2025-09-01,0.0,001440
2025-09-02,0.0,001440
2025-09-03,0.0,001440
2025-09-04,0.0,001440
2025-09-05,0.0,001440
2025-09-08,0.0,001440
2025-09-09,0.0,001440
2025-09-10,0.7,001440
2025-09-11,0.7,001440
2025-09-12,0.7,001440
2025-09-15,0.7,001440
2025-09-16,0.7,001440
2025-09-17,0.7,001440
2025-09-18,0.7,001440
2025-09-19,0.7,001440
2025-09-22,0.7,001440
2025-09-23,0.7,001440
2025-09-24,0.0,001440
2025-09-25,0.0,001440
2025-09-26,0.0,001440
2025-09-29,0.0,001440
2025-09-30,0.0,001440
2025-10-01,0.0,001440
2025-10-02,1.0,001440
2025-10-10,1.0,001440
2025-10-13,1.0,001440
2025-10-14,1.0,001440
2025-10-15,1.0,001440
2025-10-16,1.0,001440
2025-10-17,0.8,001440
2025-10-20,0.8,001440
2025-10-21,0.8,001440
2025-10-22,0.8,001440
2025-10-23,0.8,001440
2025-10-24,0.8,001440
2025-10-27,0.8,001440
2025-10-28,0.8,001440
2025-10-29,0.8,001440
2025-10-30,0.8,001440
2025-10-31,0.8,001440
2025-11-03,0.8,001440
2025-11-04,0.8,001440
2025-11-05,0.8,001440
2025-11-06,0.8,001440
2025-11-07,0.8,001440
2025-11-10,0.8,001440
2025-11-11,0.8,001440
2025-11-12,0.8,001440
2025-11-13,0.8,001440
2025-11-14,0.8,001440
2025-11-17,0.8,001440
2025-11-18,0.8,001440
2025-11-19,0.14,001440
2025-11-20,0.8,001440
2025-11-21,0.14,001440
2025-11-24,0.14,001440
2025-11-25,0.14,001440
2025-11-26,0.14,001440
2025-11-27,0.14,001440
2025-11-28,0.14,001440
2024-11-01,0.0,006260
2024-11-04,0.0,006260
2024-11-05,0.0,006260
2024-11-06,0.0,006260
2024-11-07,0.0,006260
2024-11-08,0.0,006260
2024-11-11,0.0,006260
2024-11-12,0.0,006260
2024-11-13,0.0,006260
2024-11-14,0.0,006260
2024-11-15,0.0,006260
2024-11-18,0.0,006260
2024-11-19,0.0,006260
2024-11-20,0.0,006260
2024-11-21,0.0,006260
2024-11-22,0.0,006260
2024-11-25,0.0,006260
2024-11-26,0.0,006260
2024-11-27,0.0,006260
2024-11-28,0.0,006260
2024-11-29,0.0,006260
2024-12-02,0.0,006260
2024-12-03,0.0,006260
2024-12-04,0.0,006260
2024-12-05,0.0,006260
2024-12-06,0.0,006260
2024-12-09,0.0,006260
2024-12-10,0.5,006260
2024-12-11,0.5,006260
2024-12-12,0.5,006260
2024-12-13,0.8,006260
2024-12-16,0.8,006260
2024-12-17,0.8,006260
2024-12-18,0.8,006260
2024-12-19,0.8,006260
2024-12-20,0.8,006260
2024-12-23,0.8,006260
2024-12-24,0.8,006260
2024-12-26,0.5,006260
2024-12-27,0.0,006260
2024-12-30,0.8,006260
2025-01-02,0.8,006260
2025-01-03,0.5,006260
2025-01-06,1.0,006260
2025-01-07,1.0,006260
2025-01-08,1.0,006260
2025-01-09,1.0,006260
2025-01-10,1.0,006260
2025-01-13,1.0,006260
2025-01-14,1.0,006260
2025-01-15,1.0,006260
2025-01-16,1.0,006260
2025-01-17,1.0,006260
2025-01-20,1.0,006260
2025-01-21,1.0,006260
2025-01-22,1.0,006260
2025-01-23,1.0,006260
2025-01-24,1.0,006260
2025-01-31,0.8,006260
2025-02-03,0.8,006260
2025-02-04,0.8,006260
2025-02-05,0.8,006260
2025-02-06,0.8,006260
2025-02-07,0.8,006260
2025-02-10,0.14,006260
2025-02-11,0.14,006260
2025-02-12,0.8,006260
2025-02-13,0.8,006260
2025-02-14,0.8,006260
2025-02-17,0.8,006260
2025-02-18,0.8,006260
2025-02-19,0.8,006260
2025-02-20,0.5,006260
2025-02-21,0.5,006260
2025-02-24,0.14,006260
2025-02-25,0.14,006260
2025-02-26,0.5,006260
2025-02-27,0.5,006260
2025-02-28,0.14,006260
2025-03-04,0.14,006260
2025-03-05,0.14,006260
2025-03-06,0.0,006260
2025-03-07,0.0,006260
2025-03-10,0.0,006260
2025-03-11,0.0,006260
2025-03-12,0.0,006260
2025-03-13,0.5,006260
2025-03-14,0.5,006260
2025-03-17,0.5,006260
2025-03-18,0.5,006260
2025-03-19,0.5,006260
2025-03-20,0.5,006260
2025-03-21,0.5,006260
2025-03-24,0.5,006260
2025-03-25,0.14,006260
2025-03-26,0.5,006260
2025-03-27,0.0,006260
2025-03-28,0.0,006260
2025-03-31,0.0,006260
2025-04-01,0.0,006260
2025-04-02,0.0,006260
2025-04-03,0.0,006260
2025-04-04,0.0,006260
2025-04-07,0.0,006260
2025-04-08,0.0,006260
2025-04-09,0.0,006260
2025-04-10,0.0,006260
2025-04-11,0.5,006260
2025-04-14,0.5,006260
2025-04-15,0.5,006260
2025-04-16,0.5,006260
2025-04-17,0.5,006260
2025-04-18,0.5,006260
2025-04-21,0.5,006260
2025-04-22,0.5,006260
2025-04-23,0.8,006260
2025-04-24,0.8,006260
2025-04-25,0.8,006260
2025-04-28,0.8,006260
2025-04-29,0.8,006260
2025-04-30,0.8,006260
2025-05-02,0.8,006260
2025-05-07,0.8,006260
2025-05-08,1.0,006260
2025-05-09,1.0,006260
2025-05-12,1.0,006260
2025-05-13,1.0,006260
2025-05-14,1.0,006260
2025-05-15,1.0,006260
2025-05-16,1.0,006260
2025-05-19,0.8,006260
2025-05-20,0.8,006260
2025-05-21,0.8,006260
2025-05-22,0.8,006260
2025-05-23,0.8,006260
2025-05-26,0.8,006260
2025-05-27,0.8,006260
2025-05-28,0.8,006260
2025-05-29,0.8,006260
2025-05-30,0.8,006260
2025-06-02,0.8,006260
2025-06-04,0.8,006260
2025-06-05,0.8,006260
2025-06-09,0.8,006260
2025-06-10,0.8,006260
2025-06-11,0.8,006260
2025-06-12,0.8,006260
2025-06-13,0.8,006260
2025-06-16,0.8,006260
2025-06-17,0.8,006260
2025-06-18,0.8,006260
2025-06-19,0.8,006260
2025-06-20,0.8,006260
2025-06-23,0.8,006260
2025-06-24,0.8,006260
2025-06-25,0.8,006260
2025-06-26,0.8,006260
2025-06-27,0.8,006260
2025-06-30,0.8,006260
2025-07-01,0.8,006260
2025-07-02,0.8,006260
2025-07-03,0.8,006260
2025-07-04,0.14,006260
2025-07-07,0.14,006260
2025-07-08,0.8,006260
2025-07-09,0.8,006260
2025-07-10,0.8,006260
2025-07-11,0.14,006260
2025-07-14,0.5,006260
2025-07-15,0.5,006260
2025-07-16,0.8,006260
2025-07-17,0.14,006260
2025-07-18,0.14,006260
2025-07-21,0.14,006260
2025-07-22,0.14,006260
2025-07-23,0.14,006260
2025-07-24,0.14,006260
2025-07-25,0.14,006260
2025-07-28,0.14,006260
2025-07-29,0.14,006260
2025-07-30,0.0,006260
2025-07-31,0.14,006260
2025-08-01,0.0,006260
2025-08-04,0.0,006260
2025-08-05,0.0,006260
2025-08-06,0.0,006260
2025-08-07,0.0,006260
2025-08-08,0.0,006260
2025-08-11,0.0,006260
2025-08-12,0.0,006260
2025-08-13,0.0,006260
2025-08-14,0.0,006260
2025-08-18,0.0,006260
2025-08-19,0.0,006260
2025-08-20,0.0,006260
2025-08-21,0.0,006260
2025-08-22,0.0,006260
2025-08-25,0.5,006260
2025-08-26,0.0,006260
2025-08-27,0.7,006260
2025-08-28,0.7,006260
2025-08-29,0.5,006260
2025-09-01,1.0,006260
2025-09-02,1.0,006260
2025-09-03,0.7,006260
2025-09-04,0.7,006260
2025-09-05,1.0,006260
2025-09-08,1.0,006260
2025-09-09,0.7,006260
2025-09-10,1.0,006260
2025-09-11,1.0,006260
2025-09-12,1.0,006260
2025-09-15,1.0,006260
2025-09-16,1.0,006260
2025-09-17,1.0,006260
2025-09-18,1.0,006260
2025-09-19,1.0,006260
2025-09-22,1.0,006260
2025-09-23,1.0,006260
2025-09-24,0.0,006260
2025-09-25,0.0,006260
2025-09-26,0.0,006260
2025-09-29,0.0,006260
2025-09-30,0.0,006260
2025-10-01,0.0,006260
2025-10-02,0.0,006260
2025-10-10,0.0,006260
2025-10-13,0.0,006260
2025-10-14,0.14,006260
2025-10-15,0.7,006260
2025-10-16,0.7,006260
2025-10-17,0.7,006260
2025-10-20,1.0,006260
2025-10-21,0.7,006260
2025-10-22,1.0,006260
2025-10-23,1.0,006260
2025-10-24,1.0,006260
2025-10-27,1.0,006260
2025-10-28,1.0,006260
2025-10-29,1.0,006260
2025-10-30,1.0,006260
2025-10-31,0.8,006260
2025-11-03,0.8,006260
2025-11-04,0.8,006260
2025-11-05,0.8,006260
2025-11-06,0.8,006260
2025-11-07,0.14,006260
2025-11-10,0.8,006260
2025-11-11,0.8,006260
2025-11-12,0.8,006260
2025-11-13,0.14,006260
2025-11-14,0.14,006260
2025-11-17,0.14,006260
2025-11-18,0.14,006260
2025-11-19,0.14,006260
2025-11-20,0.14,006260
2025-11-21,0.0,006260
2025-11-24,0.0,006260
2025-11-25,0.0,006260
2025-11-26,0.0,006260
2025-11-27,0.0,006260
2025-11-28,0.0,006260
2024-11-01,0.0,004800
2024-11-04,0.0,004800
2024-11-05,0.0,004800
2024-11-06,0.0,004800
2024-11-07,0.0,004800
2024-11-08,0.0,004800
2024-11-11,0.0,004800
2024-11-12,0.0,004800
2024-11-13,0.0,004800
2024-11-14,0.0,004800
2024-11-15,0.0,004800
2024-11-18,0.0,004800
2024-11-19,0.0,004800
2024-11-20,0.0,004800
2024-11-21,0.0,004800
2024-11-22,0.0,004800
2024-11-25,0.0,004800
2024-11-26,0.0,004800
2024-11-27,0.0,004800
2024-11-28,0.0,004800
2024-11-29,0.0,004800
2024-12-02,0.0,004800
2024-12-03,0.0,004800
2024-12-04,0.0,004800
2024-12-05,0.0,004800
2024-12-06,0.0,004800
2024-12-09,0.0,004800
2024-12-10,0.0,004800
2024-12-11,0.0,004800
2024-12-12,0.0,004800
2024-12-13,0.7,004800
2024-12-16,0.7,004800
2024-12-17,0.5,004800
2024-12-18,0.8,004800
2024-12-19,0.8,004800
2024-12-20,0.8,004800
2024-12-23,0.8,004800
2024-12-24,0.8,004800
2024-12-26,0.8,004800
2024-12-27,0.0,004800
2024-12-30,0.0,004800
2025-01-02,0.0,004800
2025-01-03,0.0,004800
2025-01-06,0.0,004800
2025-01-07,0.0,004800
2025-01-08,0.0,004800
2025-01-09,0.0,004800
2025-01-10,0.0,004800
2025-01-13,0.0,004800
2025-01-14,0.0,004800
2025-01-15,0.0,004800
2025-01-16,0.0,004800
2025-01-17,0.0,004800
2025-01-20,0.0,004800
2025-01-21,0.0,004800
2025-01-22,0.0,004800
2025-01-23,0.0,004800
2025-01-24,0.0,004800
2025-01-31,0.0,004800
2025-02-03,0.0,004800
2025-02-04,0.7,004800
2025-02-05,0.7,004800
2025-02-06,0.7,004800
2025-02-07,0.7,004800
2025-02-10,0.7,004800
2025-02-11,0.7,004800
2025-02-12,0.7,004800
2025-02-13,0.7,004800
2025-02-14,0.7,004800
2025-02-17,0.7,004800
2025-02-18,1.0,004800
2025-02-19,0.7,004800
2025-02-20,1.0,004800
2025-02-21,1.0,004800
2025-02-24,1.0,004800
2025-02-25,0.7,004800
2025-02-26,1.0,004800
2025-02-27,0.7,004800
2025-02-28,0.14,004800
2025-03-04,0.0,004800
2025-03-05,0.14,004800
2025-03-06,0.7,004800
2025-03-07,0.0,004800
2025-03-10,0.7,004800
2025-03-11,0.7,004800
2025-03-12,0.7,004800
2025-03-13,0.0,004800
2025-03-14,0.7,004800
2025-03-17,0.7,004800
2025-03-18,0.7,004800
2025-03-19,0.7,004800
2025-03-20,0.7,004800
2025-03-21,0.7,004800
2025-03-24,0.0,004800
2025-03-25,0.14,004800
2025-03-26,0.7,004800
2025-03-27,0.7,004800
2025-03-28,0.7,004800
2025-03-31,0.7,004800
2025-04-01,1.0,004800
2025-04-02,0.7,004800
2025-04-03,0.7,004800
2025-04-04,0.7,004800
2025-04-07,0.0,004800
2025-04-08,0.0,004800
2025-04-09,0.0,004800
2025-04-10,0.14,004800
2025-04-11,0.7,004800
2025-04-14,0.7,004800
2025-04-15,0.7,004800
2025-04-16,0.7,004800
2025-04-17,0.7,004800
2025-04-18,0.7,004800
2025-04-21,1.0,004800
2025-04-22,1.0,004800
2025-04-23,0.7,004800
2025-04-24,1.0,004800
2025-04-25,1.0,004800
2025-04-28,1.0,004800
2025-04-29,1.0,004800
2025-04-30,1.0,004800
2025-05-02,1.0,004800
2025-05-07,1.0,004800
2025-05-08,1.0,004800
2025-05-09,1.0,004800
2025-05-12,1.0,004800
2025-05-13,1.0,004800
2025-05-14,1.0,004800
2025-05-15,1.0,004800
2025-05-16,1.0,004800
2025-05-19,1.0,004800
2025-05-20,1.0,004800
2025-05-21,1.0,004800
2025-05-22,1.0,004800
2025-05-23,1.0,004800
2025-05-26,1.0,004800
2025-05-27,1.0,004800
2025-05-28,1.0,004800
2025-05-29,1.0,004800
2025-05-30,1.0,004800
2025-06-02,1.0,004800
2025-06-04,1.0,004800
2025-06-05,0.8,004800
2025-06-09,0.8,004800
2025-06-10,0.8,004800
2025-06-11,0.8,004800
2025-06-12,0.8,004800
2025-06-13,0.8,004800
2025-06-16,0.8,004800
2025-06-17,0.8,004800
2025-06-18,0.8,004800
2025-06-19,0.8,004800
2025-06-20,0.8,004800
2025-06-23,0.8,004800
2025-06-24,0.8,004800
2025-06-25,1.0,004800
2025-06-26,1.0,004800
2025-06-27,0.8,004800
2025-06-30,1.0,004800
2025-07-01,0.8,004800
2025-07-02,0.8,004800
2025-07-03,0.8,004800
2025-07-04,0.14,004800
2025-07-07,0.8,004800
2025-07-08,0.8,004800
2025-07-09,0.8,004800
2025-07-10,0.8,004800
2025-07-11,0.8,004800
2025-07-14,0.8,004800
2025-07-15,0.8,004800
2025-07-16,0.8,004800
2025-07-17,0.8,004800
2025-07-18,0.8,004800
2025-07-21,0.8,004800
2025-07-22,0.8,004800
2025-07-23,0.8,004800
2025-07-24,1.0,004800
2025-07-25,0.7,004800
2025-07-28,0.7,004800
2025-07-29,0.8,004800
2025-07-30,0.8,004800
2025-07-31,0.8,004800
2025-08-01,0.8,004800
2025-08-04,0.8,004800
2025-08-05,0.8,004800
2025-08-06,0.8,004800
2025-08-07,0.8,004800
2025-08-08,0.8,004800
2025-08-11,0.8,004800
2025-08-12,0.8,004800
2025-08-13,0.8,004800
2025-08-14,1.0,004800
2025-08-18,1.0,004800
2025-08-19,1.0,004800
2025-08-20,0.14,004800
2025-08-21,0.14,004800
2025-08-22,0.14,004800
2025-08-25,0.14,004800
2025-08-26,0.14,004800
2025-08-27,0.14,004800
2025-08-28,0.14,004800
2025-08-29,0.7,004800
2025-09-01,0.7,004800
2025-09-02,0.14,004800
2025-09-03,0.14,004800
2025-09-04,0.14,004800
2025-09-05,0.14,004800
2025-09-08,0.14,004800
2025-09-09,0.7,004800
2025-09-10,0.7,004800
2025-09-11,0.7,004800
2025-09-12,0.7,004800
2025-09-15,1.0,004800
2025-09-16,1.0,004800
2025-09-17,1.0,004800
2025-09-18,1.0,004800
2025-09-19,1.0,004800
2025-09-22,1.0,004800
2025-09-23,1.0,004800
2025-09-24,0.14,004800
2025-09-25,0.14,004800
2025-09-26,0.14,004800
2025-09-29,0.14,004800
2025-09-30,0.14,004800
2025-10-01,0.14,004800
2025-10-02,0.14,004800
2025-10-10,1.0,004800
2025-10-13,1.0,004800
2025-10-14,1.0,004800
2025-10-15,1.0,004800
2025-10-16,1.0,004800
2025-10-17,1.0,004800
2025-10-20,1.0,004800
2025-10-21,1.0,004800
2025-10-22,0.8,004800
2025-10-23,0.8,004800
2025-10-24,0.8,004800
2025-10-27,0.8,004800
2025-10-28,0.8,004800
2025-10-29,0.8,004800
2025-10-30,0.8,004800
2025-10-31,0.8,004800
2025-11-03,0.8,004800
2025-11-04,0.8,004800
2025-11-05,0.8,004800
2025-11-06,0.8,004800
2025-11-07,0.8,004800
2025-11-10,0.8,004800
2025-11-11,0.8,004800
2025-11-12,0.8,004800
2025-11-13,0.8,004800
2025-11-14,0.8,004800
2025-11-17,0.8,004800
2025-11-18,0.8,004800
2025-11-19,0.14,004800
2025-11-20,0.14,004800
2025-11-21,0.14,004800
2025-11-24,0.14,004800
2025-11-25,0.14,004800
2025-11-26,0.14,004800
2025-11-27,0.14,004800
2025-11-28,0.14,004800
2024-11-01,0.0,003240
2024-11-04,0.0,003240
2024-11-05,0.0,003240
2024-11-06,0.0,003240
2024-11-07,0.0,003240
2024-11-08,0.0,003240
2024-11-11,0.0,003240
2024-11-12,0.0,003240
2024-11-13,0.0,003240
2024-11-14,0.0,003240
2024-11-15,0.0,003240
2024-11-18,0.0,003240
2024-11-19,0.0,003240
2024-11-20,0.0,003240
2024-11-21,0.0,003240
2024-11-22,0.0,003240
2024-11-25,0.0,003240
2024-11-26,0.0,003240
2024-11-27,0.0,003240
2024-11-28,0.0,003240
2024-11-29,0.0,003240
2024-12-02,0.0,003240
2024-12-03,0.0,003240
2024-12-04,0.0,003240
2024-12-05,0.0,003240
2024-12-06,0.0,003240
2024-12-09,0.0,003240
2024-12-10,0.0,003240
2024-12-11,0.0,003240
2024-12-12,0.0,003240
2024-12-13,0.0,003240
2024-12-16,0.0,003240
2024-12-17,0.0,003240
2024-12-18,0.0,003240
2024-12-19,0.7,003240
2024-12-20,0.7,003240
2024-12-23,0.7,003240
2024-12-24,0.7,003240
2024-12-26,0.7,003240
2024-12-27,0.7,003240
2024-12-30,0.0,003240
2025-01-02,0.0,003240
2025-01-03,0.7,003240
2025-01-06,0.7,003240
2025-01-07,0.7,003240
2025-01-08,0.7,003240
2025-01-09,1.0,003240
2025-01-10,0.7,003240
2025-01-13,0.7,003240
2025-01-14,0.7,003240
2025-01-15,0.0,003240
2025-01-16,0.7,003240
2025-01-17,0.7,003240
2025-01-20,0.7,003240
2025-01-21,0.7,003240
2025-01-22,0.7,003240
2025-01-23,0.7,003240
2025-01-24,0.7,003240
2025-01-31,0.7,003240
2025-02-03,0.0,003240
2025-02-04,0.7,003240
2025-02-05,1.0,003240
2025-02-06,1.0,003240
2025-02-07,1.0,003240
2025-02-10,1.0,003240
2025-02-11,1.0,003240
2025-02-12,1.0,003240
2025-02-13,1.0,003240
2025-02-14,1.0,003240
2025-02-17,1.0,003240
2025-02-18,1.0,003240
2025-02-19,1.0,003240
2025-02-20,1.0,003240
2025-02-21,1.0,003240
2025-02-24,1.0,003240
2025-02-25,1.0,003240
2025-02-26,1.0,003240
2025-02-27,1.0,003240
2025-02-28,1.0,003240
2025-03-04,1.0,003240
2025-03-05,1.0,003240
2025-03-06,1.0,003240
2025-03-07,0.8,003240
2025-03-10,0.8,003240
2025-03-11,0.8,003240
2025-03-12,0.8,003240
2025-03-13,0.8,003240
2025-03-14,0.8,003240
2025-03-17,0.14,003240
2025-03-18,0.14,003240
2025-03-19,0.14,003240
2025-03-20,0.14,003240
2025-03-21,1.0,003240
2025-03-24,0.14,003240
2025-03-25,0.14,003240
2025-03-26,0.14,003240
2025-03-27,0.14,003240
2025-03-28,0.0,003240
2025-03-31,0.0,003240
2025-04-01,0.0,003240
2025-04-02,0.0,003240
2025-04-03,0.0,003240
2025-04-04,0.0,003240
2025-04-07,0.0,003240
2025-04-08,0.0,003240
2025-04-09,0.0,003240
2025-04-10,0.0,003240
2025-04-11,0.0,003240
2025-04-14,0.0,003240
2025-04-15,0.7,003240
2025-04-16,0.0,003240
2025-04-17,0.0,003240
2025-04-18,0.0,003240
2025-04-21,0.7,003240
2025-04-22,1.0,003240
2025-04-23,0.7,003240
2025-04-24,0.7,003240
2025-04-25,1.0,003240
2025-04-28,1.0,003240
2025-04-29,1.0,003240
2025-04-30,1.0,003240
2025-05-02,1.0,003240
2025-05-07,1.0,003240
2025-05-08,1.0,003240
2025-05-09,1.0,003240
2025-05-12,1.0,003240
2025-05-13,1.0,003240
2025-05-14,1.0,003240
2025-05-15,1.0,003240
2025-05-16,1.0,003240
2025-05-19,1.0,003240
2025-05-20,0.8,003240
2025-05-21,0.8,003240
2025-05-22,0.14,003240
2025-05-23,0.8,003240
2025-05-26,0.8,003240
2025-05-27,0.8,003240
2025-05-28,0.8,003240
2025-05-29,0.8,003240
2025-05-30,0.8,003240
2025-06-02,0.8,003240
2025-06-04,0.8,003240
2025-06-05,0.8,003240
2025-06-09,0.8,003240
2025-06-10,0.8,003240
2025-06-11,0.8,003240
2025-06-12,0.8,003240
2025-06-13,0.8,003240
2025-06-16,0.8,003240
2025-06-17,0.8,003240
2025-06-18,0.8,003240
2025-06-19,0.8,003240
2025-06-20,0.8,003240
2025-06-23,0.8,003240
2025-06-24,0.8,003240
2025-06-25,0.8,003240
2025-06-26,0.8,003240
2025-06-27,0.8,003240
2025-06-30,0.14,003240
2025-07-01,0.14,003240
2025-07-02,0.14,003240
2025-07-03,0.14,003240
2025-07-04,0.14,003240
2025-07-07,0.5,003240
2025-07-08,0.8,003240
2025-07-09,0.8,003240
2025-07-10,0.8,003240
2025-07-11,0.8,003240
2025-07-14,0.8,003240
2025-07-15,0.8,003240
2025-07-16,0.5,003240
2025-07-17,0.5,003240
2025-07-18,0.5,003240
2025-07-21,0.14,003240
2025-07-22,0.14,003240
2025-07-23,0.14,003240
2025-07-24,0.14,003240
2025-07-25,0.14,003240
2025-07-28,0.14,003240
2025-07-29,0.14,003240
2025-07-30,0.14,003240
2025-07-31,0.0,003240
2025-08-01,0.0,003240
2025-08-04,0.0,003240
2025-08-05,0.0,003240
2025-08-06,0.0,003240
2025-08-07,0.0,003240
2025-08-08,0.0,003240
2025-08-11,0.0,003240
2025-08-12,0.0,003240
2025-08-13,0.0,003240
2025-08-14,0.0,003240
2025-08-18,0.0,003240
2025-08-19,0.0,003240
2025-08-20,0.0,003240
2025-08-21,0.0,003240
2025-08-22,0.0,003240
2025-08-25,0.0,003240
2025-08-26,0.0,003240
2025-08-27,0.0,003240
2025-08-28,0.0,003240
2025-08-29,0.0,003240
2025-09-01,0.0,003240
2025-09-02,0.0,003240
2025-09-03,0.0,003240
2025-09-04,0.0,003240
2025-09-05,0.0,003240
2025-09-08,0.0,003240
2025-09-09,0.0,003240
2025-09-10,0.7,003240
2025-09-11,0.0,003240
2025-09-12,0.7,003240
2025-09-15,0.7,003240
2025-09-16,0.7,003240
2025-09-17,0.7,003240
2025-09-18,0.7,003240
2025-09-19,0.7,003240
2025-09-22,0.7,003240
2025-09-23,0.7,003240
2025-09-24,0.0,003240
2025-09-25,0.0,003240
2025-09-26,0.0,003240
2025-09-29,0.0,003240
2025-09-30,0.0,003240
2025-10-01,0.0,003240
2025-10-02,0.0,003240
2025-10-10,0.0,003240
2025-10-13,0.0,003240
2025-10-14,0.0,003240
2025-10-15,0.0,003240
2025-10-16,0.0,003240
2025-10-17,0.0,003240
2025-10-20,0.0,003240
2025-10-21,0.0,003240
2025-10-22,0.0,003240
2025-10-23,0.0,003240
2025-10-24,0.0,003240
2025-10-27,0.0,003240
2025-10-28,0.0,003240
2025-10-29,0.0,003240
2025-10-30,0.0,003240
2025-10-31,0.0,003240
2025-11-03,0.0,003240
2025-11-04,0.0,003240
2025-11-05,0.0,003240
2025-11-06,0.0,003240
2025-11-07,0.0,003240
2025-11-10,0.0,003240
2025-11-11,0.0,003240
2025-11-12,0.7,003240
2025-11-13,0.7,003240
2025-11-14,0.7,003240
2025-11-17,0.0,003240
2025-11-18,0.0,003240
2025-11-19,0.0,003240
2025-11-20,0.0,003240
2025-11-21,0.0,003240
2025-11-24,0.7,003240
2025-11-25,0.0,003240
2025-11-26,0.7,003240
2025-11-27,0.7,003240
2025-11-28,0.7,003240
2024-11-01,0.0,002380
2024-11-04,0.0,002380
2024-11-05,0.0,002380
2024-11-06,0.0,002380
2024-11-07,0.0,002380
2024-11-08,0.0,002380
2024-11-11,0.0,002380
2024-11-12,0.0,002380
2024-11-13,0.0,002380
2024-11-14,0.0,002380
2024-11-15,0.0,002380
2024-11-18,0.0,002380
2024-11-19,0.0,002380
2024-11-20,0.0,002380
2024-11-21,0.0,002380
2024-11-22,0.0,002380
2024-11-25,0.0,002380
2024-11-26,0.0,002380
2024-11-27,0.0,002380
2024-11-28,0.7,002380
2024-11-29,0.7,002380
2024-12-02,0.0,002380
2024-12-03,0.7,002380
2024-12-04,0.0,002380
2024-12-05,0.0,002380
2024-12-06,0.0,002380
2024-12-09,0.0,002380
2024-12-10,0.7,002380
2024-12-11,0.0,002380
2024-12-12,0.7,002380
2024-12-13,0.7,002380
2024-12-16,0.7,002380
2024-12-17,0.7,002380
2024-12-18,0.7,002380
2024-12-19,0.0,002380
2024-12-20,0.0,002380
2024-12-23,0.0,002380
2024-12-24,0.0,002380
2024-12-26,0.0,002380
2024-12-27,0.0,002380
2024-12-30,0.7,002380
2025-01-02,0.0,002380
2025-01-03,0.0,002380
2025-01-06,0.7,002380
2025-01-07,0.7,002380
2025-01-08,0.7,002380
2025-01-09,1.0,002380
2025-01-10,1.0,002380
2025-01-13,1.0,002380
2025-01-14,0.7,002380
2025-01-15,0.7,002380
2025-01-16,1.0,002380
2025-01-17,1.0,002380
2025-01-20,1.0,002380
2025-01-21,1.0,002380
2025-01-22,1.0,002380
2025-01-23,1.0,002380
2025-01-24,1.0,002380
2025-01-31,1.0,002380
2025-02-03,1.0,002380
2025-02-04,1.0,002380
2025-02-05,1.0,002380
2025-02-06,1.0,002380
2025-02-07,1.0,002380
2025-02-10,1.0,002380
2025-02-11,1.0,002380
2025-02-12,1.0,002380
2025-02-13,1.0,002380
2025-02-14,1.0,002380
2025-02-17,1.0,002380
2025-02-18,1.0,002380
2025-02-19,1.0,002380
2025-02-20,1.0,002380
2025-02-21,1.0,002380
2025-02-24,1.0,002380
2025-02-25,1.0,002380
2025-02-26,1.0,002380
2025-02-27,1.0,002380
2025-02-28,0.14,002380
2025-03-04,0.14,002380
2025-03-05,0.14,002380
2025-03-06,1.0,002380
2025-03-07,0.14,002380
2025-03-10,1.0,002380
2025-03-11,0.7,002380
2025-03-12,0.7,002380
2025-03-13,0.14,002380
2025-03-14,0.7,002380
2025-03-17,0.7,002380
2025-03-18,0.7,002380
2025-03-19,0.7,002380
2025-03-20,0.14,002380
2025-03-21,0.14,002380
2025-03-24,0.7,002380
2025-03-25,0.14,002380
2025-03-26,0.14,002380
2025-03-27,0.14,002380
2025-03-28,0.14,002380
2025-03-31,0.0,002380
2025-04-01,0.0,002380
2025-04-02,0.14,002380
2025-04-03,0.0,002380
2025-04-04,0.0,002380
2025-04-07,0.0,002380
2025-04-08,0.0,002380
2025-04-09,0.0,002380
2025-04-10,0.0,002380
2025-04-11,0.0,002380
2025-04-14,0.0,002380
2025-04-15,0.0,002380
2025-04-16,0.0,002380
2025-04-17,0.0,002380
2025-04-18,0.0,002380
2025-04-21,0.0,002380
2025-04-22,0.0,002380
2025-04-23,0.0,002380
2025-04-24,0.0,002380
2025-04-25,0.7,002380
2025-04-28,0.7,002380
2025-04-29,0.7,002380
2025-04-30,0.7,002380
2025-05-02,0.7,002380
2025-05-07,0.7,002380
2025-05-08,1.0,002380
2025-05-09,1.0,002380
2025-05-12,1.0,002380
2025-05-13,1.0,002380
2025-05-14,1.0,002380
2025-05-15,1.0,002380
2025-05-16,1.0,002380
2025-05-19,1.0,002380
2025-05-20,1.0,002380
2025-05-21,1.0,002380
2025-05-22,1.0,002380
2025-05-23,1.0,002380
2025-05-26,1.0,002380
2025-05-27,1.0,002380
2025-05-28,1.0,002380
2025-05-29,1.0,002380
2025-05-30,1.0,002380
2025-06-02,1.0,002380
2025-06-04,0.8,002380
2025-06-05,0.8,002380
2025-06-09,0.8,002380
2025-06-10,0.8,002380
2025-06-11,0.8,002380
2025-06-12,0.8,002380
2025-06-13,0.8,002380
2025-06-16,0.8,002380
2025-06-17,0.8,002380
2025-06-18,0.8,002380
2025-06-19,0.8,002380
2025-06-20,1.0,002380
2025-06-23,0.14,002380
2025-06-24,0.14,002380
2025-06-25,0.14,002380
2025-06-26,0.14,002380
2025-06-27,0.14,002380
2025-06-30,0.14,002380
2025-07-01,0.7,002380
2025-07-02,1.0,002380
2025-07-03,0.14,002380
2025-07-04,0.14,002380
2025-07-07,0.7,002380
2025-07-08,0.7,002380
2025-07-09,1.0,002380
2025-07-10,1.0,002380
2025-07-11,1.0,002380
2025-07-14,0.8,002380
2025-07-15,0.8,002380
2025-07-16,0.8,002380
2025-07-17,0.8,002380
2025-07-18,0.8,002380
2025-07-21,0.8,002380
2025-07-22,0.8,002380
2025-07-23,0.8,002380
2025-07-24,0.8,002380
2025-07-25,0.8,002380
2025-07-28,0.8,002380
2025-07-29,0.8,002380
2025-07-30,0.8,002380
2025-07-31,0.8,002380
2025-08-01,0.14,002380
2025-08-04,0.8,002380
2025-08-05,0.8,002380
2025-08-06,0.8,002380
2025-08-07,0.5,002380
2025-08-08,0.8,002380
2025-08-11,0.5,002380
2025-08-12,0.14,002380
2025-08-13,0.7,002380
2025-08-14,0.5,002380
2025-08-18,0.14,002380
2025-08-19,0.14,002380
2025-08-20,0.14,002380
2025-08-21,0.14,002380
2025-08-22,0.14,002380
2025-08-25,0.14,002380
2025-08-26,0.14,002380
2025-08-27,0.7,002380
2025-08-28,0.7,002380
2025-08-29,1.0,002380
2025-09-01,1.0,002380
2025-09-02,0.7,002380
2025-09-03,0.7,002380
2025-09-04,0.7,002380
2025-09-05,1.0,002380
2025-09-08,1.0,002380
2025-09-09,1.0,002380
2025-09-10,1.0,002380
2025-09-11,1.0,002380
2025-09-12,1.0,002380
2025-09-15,1.0,002380
2025-09-16,1.0,002380
2025-09-17,1.0,002380
2025-09-18,1.0,002380
2025-09-19,1.0,002380
2025-09-22,1.0,002380
2025-09-23,1.0,002380
2025-09-24,0.0,002380
2025-09-25,0.0,002380
2025-09-26,0.0,002380
2025-09-29,0.0,002380
2025-09-30,0.0,002380
2025-10-01,0.0,002380
2025-10-02,0.0,002380
2025-10-10,0.0,002380
2025-10-13,0.0,002380
2025-10-14,0.0,002380
2025-10-15,0.14,002380
2025-10-16,0.14,002380
2025-10-17,0.5,002380
2025-10-20,0.5,002380
2025-10-21,0.7,002380
2025-10-22,0.7,002380
2025-10-23,0.7,002380
2025-10-24,0.7,002380
2025-10-27,0.7,002380
2025-10-28,0.7,002380
2025-10-29,1.0,002380
2025-10-30,1.0,002380
2025-10-31,1.0,002380
2025-11-03,1.0,002380
2025-11-04,1.0,002380
2025-11-05,0.14,002380
2025-11-06,0.8,002380
2025-11-07,0.14,002380
2025-11-10,0.8,002380
2025-11-11,0.14,002380
2025-11-12,0.8,002380
2025-11-13,0.14,002380
2025-11-14,0.14,002380
2025-11-17,0.8,002380
2025-11-18,0.14,002380
2025-11-19,0.14,002380
2025-11-20,0.14,002380
2025-11-21,0.0,002380
2025-11-24,0.0,002380
2025-11-25,0.14,002380
2025-11-26,0.14,002380
2025-11-27,0.5,002380
2025-11-28,0.7,002380
2024-11-01,0.0,010140
2024-11-04,0.0,010140
2024-11-05,0.0,010140
2024-11-06,0.0,010140
2024-11-07,0.0,010140
2024-11-08,0.0,010140
2024-11-11,0.0,010140
2024-11-12,0.0,010140
2024-11-13,0.0,010140
2024-11-14,0.0,010140
2024-11-15,0.0,010140
2024-11-18,0.0,010140
2024-11-19,0.0,010140
2024-11-20,0.0,010140
2024-11-21,0.0,010140
2024-11-22,0.0,010140
2024-11-25,0.0,010140
2024-11-26,0.0,010140
2024-11-27,0.0,010140
2024-11-28,0.5,010140
2024-11-29,1.0,010140
2024-12-02,0.0,010140
2024-12-03,0.0,010140
2024-12-04,0.0,010140
2024-12-05,0.0,010140
2024-12-06,0.0,010140
2024-12-09,0.0,010140
2024-12-10,0.0,010140
2024-12-11,0.0,010140
2024-12-12,0.0,010140
2024-12-13,0.5,010140
2024-12-16,0.0,010140
2024-12-17,0.0,010140
2024-12-18,0.5,010140
2024-12-19,0.5,010140
2024-12-20,0.0,010140
2024-12-23,0.5,010140
2024-12-24,0.7,010140
2024-12-26,0.7,010140
2024-12-27,0.7,010140
2024-12-30,0.7,010140
2025-01-02,1.0,010140
2025-01-03,0.7,010140
2025-01-06,0.7,010140
2025-01-07,1.0,010140
2025-01-08,1.0,010140
2025-01-09,1.0,010140
2025-01-10,1.0,010140
2025-01-13,1.0,010140
2025-01-14,1.0,010140
2025-01-15,1.0,010140
2025-01-16,1.0,010140
2025-01-17,1.0,010140
2025-01-20,1.0,010140
2025-01-21,1.0,010140
2025-01-22,1.0,010140
2025-01-23,0.8,010140
2025-01-24,0.8,010140
2025-01-31,0.8,010140
2025-02-03,0.8,010140
2025-02-04,0.8,010140
2025-02-05,0.8,010140
2025-02-06,0.8,010140
2025-02-07,0.14,010140
2025-02-10,0.14,010140
2025-02-11,0.14,010140
2025-02-12,1.0,010140
2025-02-13,1.0,010140
2025-02-14,0.14,010140
2025-02-17,0.14,010140
2025-02-18,0.14,010140
2025-02-19,0.8,010140
2025-02-20,0.5,010140
2025-02-21,0.5,010140
2025-02-24,0.5,010140
2025-02-25,0.8,010140
2025-02-26,0.8,010140
2025-02-27,0.8,010140
2025-02-28,0.8,010140
2025-03-04,0.8,010140
2025-03-05,0.8,010140
2025-03-06,0.8,010140
2025-03-07,0.8,010140
2025-03-10,0.8,010140
2025-03-11,0.8,010140
2025-03-12,0.8,010140
2025-03-13,0.14,010140
2025-03-14,0.8,010140
2025-03-17,0.8,010140
2025-03-18,0.8,010140
2025-03-19,0.8,010140
2025-03-20,0.5,010140
2025-03-21,0.8,010140
2025-03-24,0.8,010140
2025-03-25,0.14,010140
2025-03-26,0.14,010140
2025-03-27,0.14,010140
2025-03-28,0.14,010140
2025-03-31,0.14,010140
2025-04-01,0.14,010140
2025-04-02,0.14,010140
2025-04-03,0.14,010140
2025-04-04,0.14,010140
2025-04-07,0.0,010140
2025-04-08,0.0,010140
2025-04-09,0.0,010140
2025-04-10,0.14,010140
2025-04-11,0.5,010140
2025-04-14,0.5,010140
2025-04-15,0.5,010140
2025-04-16,0.5,010140
2025-04-17,0.7,010140
2025-04-18,0.5,010140
2025-04-21,0.5,010140
2025-04-22,0.5,010140
2025-04-23,0.5,010140
2025-04-24,1.0,010140
2025-04-25,1.0,010140
2025-04-28,1.0,010140
2025-04-29,1.0,010140
2025-04-30,0.7,010140
2025-05-02,0.7,010140
2025-05-07,1.0,010140
2025-05-08,1.0,010140
2025-05-09,1.0,010140
2025-05-12,0.14,010140
2025-05-13,0.14,010140
2025-05-14,0.7,010140
2025-05-15,0.14,010140
2025-05-16,0.14,010140
2025-05-19,0.0,010140
2025-05-20,0.0,010140
2025-05-21,0.7,010140
2025-05-22,0.14,010140
2025-05-23,0.14,010140
2025-05-26,1.0,010140
2025-05-27,1.0,010140
2025-05-28,1.0,010140
2025-05-29,1.0,010140
2025-05-30,1.0,010140
2025-06-02,1.0,010140
2025-06-04,1.0,010140
2025-06-05,0.8,010140
2025-06-09,0.8,010140
2025-06-10,0.8,010140
2025-06-11,0.8,010140
2025-06-12,0.8,010140
2025-06-13,0.8,010140
2025-06-16,0.8,010140
2025-06-17,0.8,010140
2025-06-18,1.0,010140
2025-06-19,1.0,010140
2025-06-20,0.8,010140
2025-06-23,0.14,010140
2025-06-24,1.0,010140
2025-06-25,0.14,010140
2025-06-26,0.14,010140
2025-06-27,0.14,010140
2025-06-30,0.14,010140
2025-07-01,0.14,010140
2025-07-02,0.14,010140
2025-07-03,0.14,010140
2025-07-04,0.14,010140
2025-07-07,0.14,010140
2025-07-08,0.5,010140
2025-07-09,0.5,010140
2025-07-10,0.5,010140
2025-07-11,0.5,010140
2025-07-14,0.5,010140
2025-07-15,0.7,010140
2025-07-16,0.7,010140
2025-07-17,1.0,010140
2025-07-18,1.0,010140
2025-07-21,1.0,010140
2025-07-22,1.0,010140
2025-07-23,1.0,010140
2025-07-24,1.0,010140
2025-07-25,1.0,010140
2025-07-28,1.0,010140
2025-07-29,1.0,010140
2025-07-30,1.0,010140
2025-07-31,1.0,010140
2025-08-01,1.0,010140
2025-08-04,1.0,010140
2025-08-05,0.8,010140
2025-08-06,1.0,010140
2025-08-07,1.0,010140
2025-08-08,1.0,010140
2025-08-11,1.0,010140
2025-08-12,0.14,010140
2025-08-13,0.14,010140
2025-08-14,0.14,010140
2025-08-18,0.7,010140
2025-08-19,0.14,010140
2025-08-20,0.14,010140
2025-08-21,0.7,010140
2025-08-22,0.7,010140
2025-08-25,1.0,010140
2025-08-26,1.0,010140
2025-08-27,1.0,010140
2025-08-28,1.0,010140
2025-08-29,1.0,010140
2025-09-01,1.0,010140
2025-09-02,1.0,010140
2025-09-03,1.0,010140
2025-09-04,1.0,010140
2025-09-05,1.0,010140
2025-09-08,1.0,010140
2025-09-09,1.0,010140
2025-09-10,1.0,010140
2025-09-11,1.0,010140
2025-09-12,0.8,010140
2025-09-15,1.0,010140
2025-09-16,1.0,010140
2025-09-17,1.0,010140
2025-09-18,1.0,010140
2025-09-19,1.0,010140
2025-09-22,0.14,010140
2025-09-23,0.14,010140
2025-09-24,0.7,010140
2025-09-25,0.7,010140
2025-09-26,0.14,010140
2025-09-29,0.14,010140
2025-09-30,0.7,010140
2025-10-01,0.7,010140
2025-10-02,0.7,010140
2025-10-10,1.0,010140
2025-10-13,0.7,010140
2025-10-14,0.14,010140
2025-10-15,0.14,010140
2025-10-16,0.7,010140
2025-10-17,0.7,010140
2025-10-20,0.7,010140
2025-10-21,1.0,010140
2025-10-22,1.0,010140
2025-10-23,1.0,010140
2025-10-24,1.0,010140
2025-10-27,0.8,010140
2025-10-28,0.8,010140
2025-10-29,0.8,010140
2025-10-30,0.8,010140
2025-10-31,0.8,010140
2025-11-03,0.8,010140
2025-11-04,0.8,010140
2025-11-05,0.8,010140
2025-11-06,0.8,010140
2025-11-07,0.8,010140
2025-11-10,0.8,010140
2025-11-11,0.8,010140
2025-11-12,0.14,010140
2025-11-13,0.14,010140
2025-11-14,0.14,010140
2025-11-17,0.14,010140
2025-11-18,0.14,010140
2025-11-19,0.14,010140
2025-11-20,0.14,010140
2025-11-21,0.14,010140
2025-11-24,0.14,010140
2025-11-25,0.14,010140
2025-11-26,0.14,010140
2025-11-27,0.14,010140
2025-11-28,0.14,010140
2024-11-01,0.0,001230
2024-11-04,0.0,001230
2024-11-05,0.0,001230
2024-11-06,0.0,001230
2024-11-07,0.0,001230
2024-11-08,0.0,001230
2024-11-11,0.0,001230
2024-11-12,0.0,001230
2024-11-13,0.0,001230
2024-11-14,0.0,001230
2024-11-15,0.0,001230
2024-11-18,0.0,001230
2024-11-19,0.0,001230
2024-11-20,0.0,001230
2024-11-21,0.0,001230
2024-11-22,0.0,001230
2024-11-25,0.0,001230
2024-11-26,0.0,001230
2024-11-27,0.0,001230
2024-11-28,0.0,001230
2024-11-29,0.0,001230
2024-12-02,0.0,001230
2024-12-03,0.0,001230
2024-12-04,0.0,001230
2024-12-05,0.0,001230
2024-12-06,0.0,001230
2024-12-09,0.0,001230
2024-12-10,0.0,001230
2024-12-11,0.7,001230
2024-12-12,0.7,001230
2024-12-13,0.7,001230
2024-12-16,0.7,001230
2024-12-17,0.7,001230
2024-12-18,0.7,001230
2024-12-19,0.7,001230
2024-12-20,0.7,001230
2024-12-23,0.7,001230
2024-12-24,0.7,001230
2024-12-26,0.7,001230
2024-12-27,0.0,001230
2024-12-30,0.0,001230
2025-01-02,0.0,001230
2025-01-03,0.7,001230
2025-01-06,0.7,001230
2025-01-07,0.0,001230
2025-01-08,0.0,001230
2025-01-09,0.0,001230
2025-01-10,0.0,001230
2025-01-13,0.0,001230
2025-01-14,0.0,001230
2025-01-15,0.0,001230
2025-01-16,0.0,001230
2025-01-17,0.0,001230
2025-01-20,0.0,001230
2025-01-21,0.7,001230
2025-01-22,0.0,001230
2025-01-23,0.0,001230
2025-01-24,0.0,001230
2025-01-31,0.0,001230
2025-02-03,0.0,001230
2025-02-04,0.0,001230
2025-02-05,0.0,001230
2025-02-06,0.0,001230
2025-02-07,0.0,001230
2025-02-10,0.0,001230
2025-02-11,0.0,001230
2025-02-12,0.0,001230
2025-02-13,0.0,001230
2025-02-14,0.0,001230
2025-02-17,0.7,001230
2025-02-18,0.7,001230
2025-02-19,0.7,001230
2025-02-20,0.7,001230
2025-02-21,0.7,001230
2025-02-24,0.7,001230
2025-02-25,1.0,001230
2025-02-26,1.0,001230
2025-02-27,0.7,001230
2025-02-28,0.7,001230
2025-03-04,1.0,001230
2025-03-05,1.0,001230
2025-03-06,1.0,001230
2025-03-07,1.0,001230
2025-03-10,1.0,001230
2025-03-11,1.0,001230
2025-03-12,1.0,001230
2025-03-13,1.0,001230
2025-03-14,1.0,001230
2025-03-17,1.0,001230
2025-03-18,0.7,001230
2025-03-19,1.0,001230
2025-03-20,1.0,001230
2025-03-21,0.14,001230
2025-03-24,0.14,001230
2025-03-25,0.14,001230
2025-03-26,0.14,001230
2025-03-27,0.14,001230
2025-03-28,0.0,001230
2025-03-31,0.0,001230
2025-04-01,0.0,001230
2025-04-02,0.0,001230
2025-04-03,0.0,001230
2025-04-04,0.0,001230
2025-04-07,0.0,001230
2025-04-08,0.0,001230
2025-04-09,0.0,001230
2025-04-10,0.0,001230
2025-04-11,0.0,001230
2025-04-14,0.0,001230
2025-04-15,0.0,001230
2025-04-16,0.0,001230
2025-04-17,0.0,001230
2025-04-18,0.0,001230
2025-04-21,0.7,001230
2025-04-22,0.7,001230
2025-04-23,0.7,001230
2025-04-24,0.7,001230
2025-04-25,0.7,001230
2025-04-28,0.7,001230
2025-04-29,0.7,001230
2025-04-30,0.7,001230
2025-05-02,1.0,001230
2025-05-07,0.7,001230
2025-05-08,1.0,001230
2025-05-09,1.0,001230
2025-05-12,1.0,001230
2025-05-13,1.0,001230
2025-05-14,1.0,001230
2025-05-15,1.0,001230
2025-05-16,1.0,001230
2025-05-19,1.0,001230
2025-05-20,1.0,001230
2025-05-21,1.0,001230
2025-05-22,1.0,001230
2025-05-23,1.0,001230
2025-05-26,1.0,001230
2025-05-27,1.0,001230
2025-05-28,1.0,001230
2025-05-29,1.0,001230
2025-05-30,1.0,001230
2025-06-02,1.0,001230
2025-06-04,1.0,001230
2025-06-05,1.0,001230
2025-06-09,1.0,001230
2025-06-10,1.0,001230
2025-06-11,1.0,001230
2025-06-12,1.0,001230
2025-06-13,1.0,001230
2025-06-16,1.0,001230
2025-06-17,1.0,001230
2025-06-18,1.0,001230
2025-06-19,1.0,001230
2025-06-20,1.0,001230
2025-06-23,1.0,001230
2025-06-24,1.0,001230
2025-06-25,1.0,001230
2025-06-26,0.14,001230
2025-06-27,0.14,001230
2025-06-30,0.14,001230
2025-07-01,1.0,001230
2025-07-02,1.0,001230
2025-07-03,0.7,001230
2025-07-04,0.7,001230
2025-07-07,0.7,001230
2025-07-08,1.0,001230
2025-07-09,0.7,001230
2025-07-10,1.0,001230
2025-07-11,1.0,001230
2025-07-14,1.0,001230
2025-07-15,1.0,001230
2025-07-16,1.0,001230
2025-07-17,0.7,001230
2025-07-18,0.7,001230
2025-07-21,1.0,001230
2025-07-22,0.7,001230
2025-07-23,1.0,001230
2025-07-24,0.14,001230
2025-07-25,0.14,001230
2025-07-28,0.14,001230
2025-07-29,0.14,001230
2025-07-30,0.14,001230
2025-07-31,0.14,001230
2025-08-01,0.0,001230
2025-08-04,0.0,001230
2025-08-05,0.0,001230
2025-08-06,0.0,001230
2025-08-07,0.0,001230
2025-08-08,0.0,001230
2025-08-11,0.0,001230
2025-08-12,0.0,001230
2025-08-13,0.0,001230
2025-08-14,0.0,001230
2025-08-18,0.0,001230
2025-08-19,0.0,001230
2025-08-20,0.0,001230
2025-08-21,0.0,001230
2025-08-22,0.0,001230
2025-08-25,0.0,001230
2025-08-26,0.0,001230
2025-08-27,0.0,001230
2025-08-28,0.0,001230
2025-08-29,0.0,001230
2025-09-01,0.0,001230
2025-09-02,0.0,001230
2025-09-03,0.0,001230
2025-09-04,0.0,001230
2025-09-05,0.0,001230
2025-09-08,0.0,001230
2025-09-09,0.7,001230
2025-09-10,0.7,001230
2025-09-11,0.7,001230
2025-09-12,0.7,001230
2025-09-15,0.7,001230
2025-09-16,0.7,001230
2025-09-17,0.7,001230
2025-09-18,0.7,001230
2025-09-19,0.7,001230
2025-09-22,0.7,001230
2025-09-23,0.0,001230
2025-09-24,0.0,001230
2025-09-25,0.0,001230
2025-09-26,0.0,001230
2025-09-29,0.0,001230
2025-09-30,0.0,001230
2025-10-01,0.0,001230
2025-10-02,0.0,001230
2025-10-10,0.0,001230
2025-10-13,0.0,001230
2025-10-14,0.0,001230
2025-10-15,0.0,001230
2025-10-16,0.0,001230
2025-10-17,0.0,001230
2025-10-20,0.0,001230
2025-10-21,0.0,001230
2025-10-22,0.7,001230
2025-10-23,0.0,001230
2025-10-24,0.7,001230
2025-10-27,0.7,001230
2025-10-28,0.7,001230
2025-10-29,0.7,001230
2025-10-30,0.7,001230
2025-10-31,0.0,001230
2025-11-03,0.0,001230
2025-11-04,0.0,001230
2025-11-05,0.0,001230
2025-11-06,0.0,001230
2025-11-07,0.0,001230
2025-11-10,0.7,001230
2025-11-11,0.7,001230
2025-11-12,0.7,001230
2025-11-13,0.7,001230
2025-11-14,0.7,001230
2025-11-17,0.7,001230
2025-11-18,0.0,001230
2025-11-19,0.0,001230
2025-11-20,0.7,001230
2025-11-21,0.7,001230
2025-11-24,0.0,001230
2025-11-25,0.0,001230
2025-11-26,0.0,001230
2025-11-27,0.7,001230
2025-11-28,0.7,001230
2024-11-01,0.0,001740
2024-11-04,0.0,001740
2024-11-05,0.0,001740
2024-11-06,0.0,001740
2024-11-07,0.0,001740
2024-11-08,0.0,001740
2024-11-11,0.0,001740
2024-11-12,0.0,001740
2024-11-13,0.0,001740
2024-11-14,0.0,001740
2024-11-15,0.0,001740
2024-11-18,0.0,001740
2024-11-19,0.0,001740
2024-11-20,0.0,001740
2024-11-21,0.0,001740
2024-11-22,0.0,001740
2024-11-25,0.0,001740
2024-11-26,0.0,001740
2024-11-27,0.0,001740
2024-11-28,0.0,001740
2024-11-29,0.0,001740
2024-12-02,0.0,001740
2024-12-03,0.0,001740
2024-12-04,0.0,001740
2024-12-05,0.0,001740
2024-12-06,0.0,001740
2024-12-09,0.0,001740
2024-12-10,0.0,001740
2024-12-11,0.0,001740
2024-12-12,0.0,001740
2024-12-13,0.0,001740
2024-12-16,0.7,001740
2024-12-17,0.7,001740
2024-12-18,0.7,001740
2024-12-19,0.0,001740
2024-12-20,0.0,001740
2024-12-23,0.7,001740
2024-12-24,0.7,001740
2024-12-26,0.7,001740
2024-12-27,0.0,001740
2024-12-30,0.0,001740
2025-01-02,0.0,001740
2025-01-03,0.0,001740
2025-01-06,0.7,001740
2025-01-07,0.7,001740
2025-01-08,0.7,001740
2025-01-09,0.0,001740
2025-01-10,0.0,001740
2025-01-13,0.0,001740
2025-01-14,0.0,001740
2025-01-15,0.0,001740
2025-01-16,0.0,001740
2025-01-17,0.0,001740
2025-01-20,0.0,001740
2025-01-21,0.0,001740
2025-01-22,0.7,001740
2025-01-23,0.0,001740
2025-01-24,0.0,001740
2025-01-31,0.0,001740
2025-02-03,0.0,001740
2025-02-04,0.0,001740
2025-02-05,0.0,001740
2025-02-06,0.0,001740
2025-02-07,0.0,001740
2025-02-10,0.0,001740
2025-02-11,0.7,001740
2025-02-12,0.7,001740
2025-02-13,0.7,001740
2025-02-14,1.0,001740
2025-02-17,1.0,001740
2025-02-18,1.0,001740
2025-02-19,1.0,001740
2025-02-20,1.0,001740
2025-02-21,1.0,001740
2025-02-24,1.0,001740
2025-02-25,0.7,001740
2025-02-26,1.0,001740
2025-02-27,1.0,001740
2025-02-28,0.14,001740
2025-03-04,0.14,001740
2025-03-05,1.0,001740
2025-03-06,1.0,001740
2025-03-07,0.14,001740
2025-03-10,0.14,001740
2025-03-11,0.14,001740
2025-03-12,0.14,001740
2025-03-13,0.0,001740
2025-03-14,0.14,001740
2025-03-17,0.7,001740
2025-03-18,0.14,001740
2025-03-19,0.7,001740
2025-03-20,0.7,001740
2025-03-21,0.14,001740
2025-03-24,0.7,001740
2025-03-25,0.7,001740
2025-03-26,0.7,001740
2025-03-27,0.14,001740
2025-03-28,0.7,001740
2025-03-31,0.0,001740
2025-04-01,0.0,001740
2025-04-02,0.0,001740
2025-04-03,0.0,001740
2025-04-04,0.0,001740
2025-04-07,0.0,001740
2025-04-08,0.0,001740
2025-04-09,0.0,001740
2025-04-10,0.0,001740
2025-04-11,0.0,001740
2025-04-14,0.0,001740
2025-04-15,0.0,001740
2025-04-16,0.0,001740
2025-04-17,0.0,001740
2025-04-18,0.0,001740
2025-04-21,0.7,001740
2025-04-22,0.7,001740
2025-04-23,0.7,001740
2025-04-24,0.7,001740
2025-04-25,0.7,001740
2025-04-28,1.0,001740
2025-04-29,0.7,001740
2025-04-30,0.7,001740
2025-05-02,0.7,001740
2025-05-07,0.7,001740
2025-05-08,1.0,001740
2025-05-09,1.0,001740
2025-05-12,1.0,001740
2025-05-13,0.0,001740
2025-05-14,0.0,001740
2025-05-15,0.0,001740
2025-05-16,0.0,001740
2025-05-19,0.0,001740
2025-05-20,0.0,001740
2025-05-21,0.0,001740
2025-05-22,0.0,001740
2025-05-23,0.0,001740
2025-05-26,0.0,001740
2025-05-27,0.0,001740
2025-05-28,0.0,001740
2025-05-29,0.7,001740
2025-05-30,0.7,001740
2025-06-02,0.7,001740
2025-06-04,0.7,001740
2025-06-05,0.7,001740
2025-06-09,1.0,001740
2025-06-10,0.7,001740
2025-06-11,0.7,001740
2025-06-12,1.0,001740
2025-06-13,0.7,001740
2025-06-16,1.0,001740
2025-06-17,1.0,001740
2025-06-18,1.0,001740
2025-06-19,1.0,001740
2025-06-20,1.0,001740
2025-06-23,1.0,001740
2025-06-24,1.0,001740
2025-06-25,1.0,001740
2025-06-26,1.0,001740
2025-06-27,1.0,001740
2025-06-30,1.0,001740
2025-07-01,1.0,001740
2025-07-02,1.0,001740
2025-07-03,1.0,001740
2025-07-04,1.0,001740
2025-07-07,1.0,001740
2025-07-08,1.0,001740
2025-07-09,1.0,001740
2025-07-10,1.0,001740
2025-07-11,1.0,001740
2025-07-14,1.0,001740
2025-07-15,1.0,001740
2025-07-16,1.0,001740
2025-07-17,1.0,001740
2025-07-18,1.0,001740
2025-07-21,0.7,001740
2025-07-22,0.7,001740
2025-07-23,0.14,001740
2025-07-24,0.14,001740
2025-07-25,0.14,001740
2025-07-28,0.14,001740
2025-07-29,0.14,001740
2025-07-30,0.14,001740
2025-07-31,0.14,001740
2025-08-01,0.14,001740
2025-08-04,0.14,001740
2025-08-05,0.14,001740
2025-08-06,0.14,001740
2025-08-07,0.14,001740
2025-08-08,0.14,001740
2025-08-11,0.14,001740
2025-08-12,0.14,001740
2025-08-13,0.14,001740
2025-08-14,0.14,001740
2025-08-18,0.14,001740
2025-08-19,0.7,001740
2025-08-20,0.7,001740
2025-08-21,0.14,001740
2025-08-22,0.0,001740
2025-08-25,0.7,001740
2025-08-26,0.0,001740
2025-08-27,0.0,001740
2025-08-28,0.0,001740
2025-08-29,0.0,001740
2025-09-01,0.0,001740
2025-09-02,0.0,001740
2025-09-03,0.0,001740
2025-09-04,0.0,001740
2025-09-05,0.0,001740
2025-09-08,0.0,001740
2025-09-09,0.7,001740
2025-09-10,0.7,001740
2025-09-11,0.7,001740
2025-09-12,0.7,001740
2025-09-15,0.7,001740
2025-09-16,0.7,001740
2025-09-17,0.7,001740
2025-09-18,0.7,001740
2025-09-19,0.7,001740
2025-09-22,0.7,001740
2025-09-23,0.7,001740
2025-09-24,0.7,001740
2025-09-25,0.7,001740
2025-09-26,0.0,001740
2025-09-29,0.0,001740
2025-09-30,0.0,001740
2025-10-01,0.0,001740
2025-10-02,0.0,001740
2025-10-10,1.0,001740
2025-10-13,1.0,001740
2025-10-14,1.0,001740
2025-10-15,1.0,001740
2025-10-16,1.0,001740
2025-10-17,0.7,001740
2025-10-20,0.7,001740
2025-10-21,0.7,001740
2025-10-22,0.7,001740
2025-10-23,0.7,001740
2025-10-24,0.7,001740
2025-10-27,0.7,001740
2025-10-28,0.14,001740
2025-10-29,0.7,001740
2025-10-30,0.14,001740
2025-10-31,0.14,001740
2025-11-03,0.0,001740
2025-11-04,0.14,001740
2025-11-05,0.14,001740
2025-11-06,1.0,001740
2025-11-07,0.7,001740
2025-11-10,0.7,001740
2025-11-11,0.7,001740
2025-11-12,0.7,001740
2025-11-13,0.7,001740
2025-11-14,0.14,001740
2025-11-17,0.14,001740
2025-11-18,0.0,001740
2025-11-19,0.0,001740
2025-11-20,0.14,001740
2025-11-21,0.0,001740
2025-11-24,0.0,001740
2025-11-25,0.0,001740
2025-11-26,0.0,001740
2025-11-27,0.0,001740
2025-11-28,0.14,001740
2024-11-01,0.0,000150
2024-11-04,0.0,000150
2024-11-05,0.0,000150
2024-11-06,0.0,000150
2024-11-07,0.0,000150
2024-11-08,0.0,000150
2024-11-11,0.0,000150
2024-11-12,0.0,000150
2024-11-13,0.0,000150
2024-11-14,0.0,000150
2024-11-15,0.0,000150
2024-11-18,0.0,000150
2024-11-19,0.0,000150
2024-11-20,0.0,000150
2024-11-21,0.0,000150
2024-11-22,0.0,000150
2024-11-25,0.0,000150
2024-11-26,0.0,000150
2024-11-27,0.0,000150
2024-11-28,0.0,000150
2024-11-29,0.0,000150
2024-12-02,0.0,000150
2024-12-03,0.0,000150
2024-12-04,0.0,000150
2024-12-05,0.5,000150
2024-12-06,0.5,000150
2024-12-09,0.5,000150
2024-12-10,0.5,000150
2024-12-11,0.5,000150
2024-12-12,0.5,000150
2024-12-13,0.5,000150
2024-12-16,0.8,000150
2024-12-17,0.8,000150
2024-12-18,0.8,000150
2024-12-19,0.8,000150
2024-12-20,0.8,000150
2024-12-23,0.8,000150
2024-12-24,0.8,000150
2024-12-26,0.8,000150
2024-12-27,0.8,000150
2024-12-30,0.8,000150
2025-01-02,0.8,000150
2025-01-03,0.8,000150
2025-01-06,0.8,000150
2025-01-07,0.8,000150
2025-01-08,0.8,000150
2025-01-09,0.8,000150
2025-01-10,0.8,000150
2025-01-13,0.8,000150
2025-01-14,0.8,000150
2025-01-15,0.8,000150
2025-01-16,0.8,000150
2025-01-17,0.8,000150
2025-01-20,0.8,000150
2025-01-21,0.8,000150
2025-01-22,0.8,000150
2025-01-23,0.8,000150
2025-01-24,0.8,000150
2025-01-31,0.0,000150
2025-02-03,0.14,000150
2025-02-04,0.14,000150
2025-02-05,0.14,000150
2025-02-06,0.14,000150
2025-02-07,0.14,000150
2025-02-10,0.5,000150
2025-02-11,0.5,000150
2025-02-12,0.5,000150
2025-02-13,0.8,000150
2025-02-14,0.8,000150
2025-02-17,0.8,000150
2025-02-18,0.8,000150
2025-02-19,0.8,000150
2025-02-20,0.8,000150
2025-02-21,0.8,000150
2025-02-24,0.8,000150
2025-02-25,0.8,000150
2025-02-26,0.8,000150
2025-02-27,0.8,000150
2025-02-28,0.14,000150
2025-03-04,0.14,000150
2025-03-05,0.14,000150
2025-03-06,0.14,000150
2025-03-07,0.14,000150
2025-03-10,0.14,000150
2025-03-11,0.14,000150
2025-03-12,0.8,000150
2025-03-13,0.14,000150
2025-03-14,0.5,000150
2025-03-17,0.14,000150
2025-03-18,0.8,000150
2025-03-19,0.14,000150
2025-03-20,0.14,000150
2025-03-21,0.14,000150
2025-03-24,0.14,000150
2025-03-25,0.14,000150
2025-03-26,0.14,000150
2025-03-27,0.0,000150
2025-03-28,0.0,000150
2025-03-31,0.0,000150
2025-04-01,0.0,000150
2025-04-02,0.0,000150
2025-04-03,0.0,000150
2025-04-04,0.0,000150
2025-04-07,0.0,000150
2025-04-08,0.0,000150
2025-04-09,0.0,000150
2025-04-10,0.0,000150
2025-04-11,0.0,000150
2025-04-14,0.0,000150
2025-04-15,0.0,000150
2025-04-16,0.0,000150
2025-04-17,0.0,000150
2025-04-18,0.5,000150
2025-04-21,0.5,000150
2025-04-22,0.0,000150
2025-04-23,0.5,000150
2025-04-24,0.5,000150
2025-04-25,0.8,000150
2025-04-28,0.5,000150
2025-04-29,0.8,000150
2025-04-30,0.5,000150
2025-05-02,0.8,000150
2025-05-07,0.8,000150
2025-05-08,0.8,000150
2025-05-09,0.8,000150
2025-05-12,0.8,000150
2025-05-13,0.8,000150
2025-05-14,0.8,000150
2025-05-15,0.8,000150
2025-05-16,0.8,000150
2025-05-19,0.8,000150
2025-05-20,0.8,000150
2025-05-21,0.8,000150
2025-05-22,0.8,000150
2025-05-23,0.8,000150
2025-05-26,0.8,000150
2025-05-27,0.8,000150
2025-05-28,0.8,000150
2025-05-29,0.8,000150
2025-05-30,0.8,000150
2025-06-02,0.8,000150
2025-06-04,0.8,000150
2025-06-05,0.8,000150
2025-06-09,0.8,000150
2025-06-10,0.8,000150
2025-06-11,0.8,000150
2025-06-12,0.8,000150
2025-06-13,0.8,000150
2025-06-16,0.8,000150
2025-06-17,0.8,000150
2025-06-18,0.8,000150
2025-06-19,0.8,000150
2025-06-20,0.8,000150
2025-06-23,0.8,000150
2025-06-24,0.8,000150
2025-06-25,0.8,000150
2025-06-26,0.8,000150
2025-06-27,0.8,000150
2025-06-30,0.8,000150
2025-07-01,0.8,000150
2025-07-02,0.14,000150
2025-07-03,0.14,000150
2025-07-04,0.14,000150
2025-07-07,0.14,000150
2025-07-08,0.14,000150
2025-07-09,0.14,000150
2025-07-10,0.14,000150
2025-07-11,0.14,000150
2025-07-14,0.14,000150
2025-07-15,0.14,000150
2025-07-16,0.14,000150
2025-07-17,0.14,000150
2025-07-18,0.14,000150
2025-07-21,0.14,000150
2025-07-22,0.14,000150
2025-07-23,0.14,000150
2025-07-24,0.14,000150
2025-07-25,0.14,000150
2025-07-28,0.14,000150
2025-07-29,0.14,000150
2025-07-30,0.14,000150
2025-07-31,0.5,000150
2025-08-01,0.5,000150
2025-08-04,0.14,000150
2025-08-05,0.5,000150
2025-08-06,0.5,000150
2025-08-07,0.5,000150
2025-08-08,0.8,000150
2025-08-11,0.8,000150
2025-08-12,0.0,000150
2025-08-13,0.0,000150
2025-08-14,0.0,000150
2025-08-18,0.0,000150
2025-08-19,0.0,000150
2025-08-20,0.0,000150
2025-08-21,0.0,000150
2025-08-22,0.0,000150
2025-08-25,0.5,000150
2025-08-26,0.0,000150
2025-08-27,0.0,000150
2025-08-28,0.0,000150
2025-08-29,0.0,000150
2025-09-01,0.0,000150
2025-09-02,0.0,000150
2025-09-03,0.0,000150
2025-09-04,0.0,000150
2025-09-05,0.5,000150
2025-09-08,0.5,000150
2025-09-09,0.5,000150
2025-09-10,0.8,000150
2025-09-11,0.8,000150
2025-09-12,0.8,000150
2025-09-15,0.8,000150
2025-09-16,0.8,000150
2025-09-17,0.8,000150
2025-09-18,0.8,000150
2025-09-19,0.8,000150
2025-09-22,0.5,000150
2025-09-23,0.5,000150
2025-09-24,0.0,000150
2025-09-25,0.0,000150
2025-09-26,0.0,000150
2025-09-29,0.0,000150
2025-09-30,0.0,000150
2025-10-01,0.0,000150
2025-10-02,0.8,000150
2025-10-10,0.5,000150
2025-10-13,0.14,000150
2025-10-14,0.14,000150
2025-10-15,0.5,000150
2025-10-16,0.5,000150
2025-10-17,0.8,000150
2025-10-20,0.8,000150
2025-10-21,0.8,000150
2025-10-22,0.8,000150
2025-10-23,0.8,000150
2025-10-24,0.8,000150
2025-10-27,0.8,000150
2025-10-28,0.8,000150
2025-10-29,0.8,000150
2025-10-30,0.8,000150
2025-10-31,0.8,000150
2025-11-03,0.8,000150
2025-11-04,0.8,000150
2025-11-05,0.8,000150
2025-11-06,0.8,000150
2025-11-07,0.8,000150
2025-11-10,0.8,000150
2025-11-11,0.8,000150
2025-11-12,0.8,000150
2025-11-13,0.8,000150
2025-11-14,0.14,000150
2025-11-17,0.8,000150
2025-11-18,0.8,000150
2025-11-19,0.14,000150
2025-11-20,0.14,000150
2025-11-21,0.14,000150
2025-11-24,0.14,000150
2025-11-25,0.14,000150
2025-11-26,0.14,000150
2025-11-27,0.14,000150
2025-11-28,0.14,000150
2024-11-01,0.0,000670
2024-11-04,0.0,000670
2024-11-05,0.0,000670
2024-11-06,0.0,000670
2024-11-07,0.0,000670
2024-11-08,0.0,000670
2024-11-11,0.0,000670
2024-11-12,0.0,000670
2024-11-13,0.0,000670
2024-11-14,0.0,000670
2024-11-15,0.0,000670
2024-11-18,0.0,000670
2024-11-19,0.0,000670
2024-11-20,0.0,000670
2024-11-21,0.0,000670
2024-11-22,0.0,000670
2024-11-25,0.0,000670
2024-11-26,0.0,000670
2024-11-27,0.0,000670
2024-11-28,0.5,000670
2024-11-29,0.0,000670
2024-12-02,0.8,000670
2024-12-03,0.8,000670
2024-12-04,0.5,000670
2024-12-05,0.5,000670
2024-12-06,0.5,000670
2024-12-09,0.0,000670
2024-12-10,0.5,000670
2024-12-11,0.0,000670
2024-12-12,0.0,000670
2024-12-13,0.0,000670
2024-12-16,0.0,000670
2024-12-17,0.0,000670
2024-12-18,0.0,000670
2024-12-19,0.0,000670
2024-12-20,0.0,000670
2024-12-23,0.0,000670
2024-12-24,0.0,000670
2024-12-26,0.0,000670
2024-12-27,0.0,000670
2024-12-30,0.0,000670
2025-01-02,0.0,000670
2025-01-03,0.0,000670
2025-01-06,0.0,000670
2025-01-07,0.0,000670
2025-01-08,0.0,000670
2025-01-09,0.5,000670
2025-01-10,0.5,000670
2025-01-13,0.0,000670
2025-01-14,0.0,000670
2025-01-15,0.0,000670
2025-01-16,0.7,000670
2025-01-17,0.7,000670
2025-01-20,0.0,000670
2025-01-21,0.8,000670
2025-01-22,0.8,000670
2025-01-23,0.5,000670
2025-01-24,0.5,000670
2025-01-31,0.5,000670
2025-02-03,0.8,000670
2025-02-04,0.8,000670
2025-02-05,0.8,000670
2025-02-06,0.8,000670
2025-02-07,0.8,000670
2025-02-10,0.5,000670
2025-02-11,0.8,000670
2025-02-12,0.5,000670
2025-02-13,0.0,000670
2025-02-14,0.8,000670
2025-02-17,0.8,000670
2025-02-18,0.14,000670
2025-02-19,1.0,000670
2025-02-20,0.7,000670
2025-02-21,1.0,000670
2025-02-24,0.14,000670
2025-02-25,0.14,000670
2025-02-26,0.7,000670
2025-02-27,0.7,000670
2025-02-28,0.7,000670
2025-03-04,0.7,000670
2025-03-05,1.0,000670
2025-03-06,1.0,000670
2025-03-07,1.0,000670
2025-03-10,1.0,000670
2025-03-11,0.8,000670
2025-03-12,0.8,000670
2025-03-13,0.8,000670
2025-03-14,0.8,000670
2025-03-17,0.8,000670
2025-03-18,0.8,000670
2025-03-19,0.8,000670
2025-03-20,0.8,000670
2025-03-21,0.8,000670
2025-03-24,0.8,000670
2025-03-25,0.8,000670
2025-03-26,0.8,000670
2025-03-27,0.14,000670
2025-03-28,0.14,000670
2025-03-31,0.0,000670
2025-04-01,0.0,000670
2025-04-02,0.0,000670
2025-04-03,0.0,000670
2025-04-04,0.0,000670
2025-04-07,0.0,000670
2025-04-08,0.0,000670
2025-04-09,0.0,000670
2025-04-10,0.0,000670
2025-04-11,0.0,000670
2025-04-14,0.0,000670
2025-04-15,0.0,000670
2025-04-16,0.0,000670
2025-04-17,0.0,000670
2025-04-18,0.0,000670
2025-04-21,0.0,000670
2025-04-22,0.0,000670
2025-04-23,0.0,000670
2025-04-24,0.0,000670
2025-04-25,0.0,000670
2025-04-28,0.7,000670
2025-04-29,0.7,000670
2025-04-30,0.7,000670
2025-05-02,0.0,000670
2025-05-07,0.7,000670
2025-05-08,1.0,000670
2025-05-09,1.0,000670
2025-05-12,1.0,000670
2025-05-13,0.0,000670
2025-05-14,0.0,000670
2025-05-15,0.0,000670
2025-05-16,0.0,000670
2025-05-19,0.0,000670
2025-05-20,0.0,000670
2025-05-21,0.0,000670
2025-05-22,0.0,000670
2025-05-23,0.0,000670
2025-05-26,0.7,000670
2025-05-27,0.0,000670
2025-05-28,0.7,000670
2025-05-29,0.7,000670
2025-05-30,0.7,000670
2025-06-02,1.0,000670
2025-06-04,1.0,000670
2025-06-05,1.0,000670
2025-06-09,1.0,000670
2025-06-10,1.0,000670
2025-06-11,1.0,000670
2025-06-12,1.0,000670
2025-06-13,0.8,000670
2025-06-16,0.8,000670
2025-06-17,0.8,000670
2025-06-18,0.8,000670
2025-06-19,0.8,000670
2025-06-20,0.8,000670
2025-06-23,0.8,000670
2025-06-24,0.8,000670
2025-06-25,1.0,000670
2025-06-26,0.14,000670
2025-06-27,0.8,000670
2025-06-30,0.8,000670
2025-07-01,0.8,000670
2025-07-02,0.8,000670
2025-07-03,0.5,000670
2025-07-04,0.5,000670
2025-07-07,0.5,000670
2025-07-08,0.8,000670
2025-07-09,0.8,000670
2025-07-10,0.8,000670
2025-07-11,0.8,000670
2025-07-14,0.8,000670
2025-07-15,0.8,000670
2025-07-16,0.8,000670
2025-07-17,0.14,000670
2025-07-18,1.0,000670
2025-07-21,1.0,000670
2025-07-22,0.14,000670
2025-07-23,0.14,000670
2025-07-24,0.14,000670
2025-07-25,0.14,000670
2025-07-28,0.14,000670
2025-07-29,0.14,000670
2025-07-30,0.14,000670
2025-07-31,0.14,000670
2025-08-01,0.0,000670
2025-08-04,0.0,000670
2025-08-05,0.0,000670
2025-08-06,0.0,000670
2025-08-07,0.14,000670
2025-08-08,0.0,000670
2025-08-11,0.0,000670
2025-08-12,0.0,000670
2025-08-13,0.0,000670
2025-08-14,0.0,000670
2025-08-18,0.0,000670
2025-08-19,0.0,000670
2025-08-20,0.0,000670
2025-08-21,0.0,000670
2025-08-22,0.0,000670
2025-08-25,0.0,000670
2025-08-26,0.0,000670
2025-08-27,0.0,000670
2025-08-28,0.0,000670
2025-08-29,0.0,000670
2025-09-01,0.0,000670
2025-09-02,0.0,000670
2025-09-03,0.0,000670
2025-09-04,0.0,000670
2025-09-05,0.0,000670
2025-09-08,0.0,000670
2025-09-09,0.7,000670
2025-09-10,0.7,000670
2025-09-11,0.7,000670
2025-09-12,0.7,000670
2025-09-15,1.0,000670
2025-09-16,1.0,000670
2025-09-17,1.0,000670
2025-09-18,1.0,000670
2025-09-19,1.0,000670
2025-09-22,1.0,000670
2025-09-23,1.0,000670
2025-09-24,1.0,000670
2025-09-25,1.0,000670
2025-09-26,1.0,000670
2025-09-29,1.0,000670
2025-09-30,1.0,000670
2025-10-01,1.0,000670
2025-10-02,1.0,000670
2025-10-10,1.0,000670
2025-10-13,1.0,000670
2025-10-14,0.8,000670
2025-10-15,0.8,000670
2025-10-16,0.8,000670
2025-10-17,0.5,000670
2025-10-20,0.5,000670
2025-10-21,0.8,000670
2025-10-22,0.5,000670
2025-10-23,0.8,000670
2025-10-24,0.8,000670
2025-10-27,0.14,000670
2025-10-28,0.14,000670
2025-10-29,0.8,000670
2025-10-30,0.8,000670
2025-10-31,1.0,000670
2025-11-03,1.0,000670
2025-11-04,1.0,000670
2025-11-05,1.0,000670
2025-11-06,1.0,000670
2025-11-07,1.0,000670
2025-11-10,1.0,000670
2025-11-11,1.0,000670
2025-11-12,1.0,000670
2025-11-13,0.8,000670
2025-11-14,0.8,000670
2025-11-17,0.8,000670
2025-11-18,0.8,000670
2025-11-19,0.8,000670
2025-11-20,0.8,000670
2025-11-21,0.8,000670
2025-11-24,0.8,000670
2025-11-25,0.8,000670
2025-11-26,0.8,000670
2025-11-27,0.8,000670
2025-11-28,0.8,000670
2024-11-01,0.0,001120
2024-11-04,0.0,001120
2024-11-05,0.0,001120
2024-11-06,0.0,001120
2024-11-07,0.0,001120
2024-11-08,0.0,001120
2024-11-11,0.0,001120
2024-11-12,0.0,001120
2024-11-13,0.0,001120
2024-11-14,0.0,001120
2024-11-15,0.0,001120
2024-11-18,0.0,001120
2024-11-19,0.0,001120
2024-11-20,0.0,001120
2024-11-21,0.0,001120
2024-11-22,0.0,001120
2024-11-25,0.0,001120
2024-11-26,0.0,001120
2024-11-27,0.0,001120
2024-11-28,0.7,001120
2024-11-29,0.7,001120
2024-12-02,0.7,001120
2024-12-03,0.7,001120
2024-12-04,0.0,001120
2024-12-05,0.0,001120
2024-12-06,0.7,001120
2024-12-09,0.0,001120
2024-12-10,0.0,001120
2024-12-11,1.0,001120
2024-12-12,1.0,001120
2024-12-13,1.0,001120
2024-12-16,0.7,001120
2024-12-17,0.7,001120
2024-12-18,0.7,001120
2024-12-19,0.0,001120
2024-12-20,0.0,001120
2024-12-23,0.7,001120
2024-12-24,0.0,001120
2024-12-26,0.0,001120
2024-12-27,0.0,001120
2024-12-30,0.0,001120
2025-01-02,0.0,001120
2025-01-03,0.0,001120
2025-01-06,0.0,001120
2025-01-07,0.0,001120
2025-01-08,0.0,001120
2025-01-09,0.0,001120
2025-01-10,0.0,001120
2025-01-13,0.0,001120
2025-01-14,0.0,001120
2025-01-15,0.0,001120
2025-01-16,0.0,001120
2025-01-17,0.0,001120
2025-01-20,0.0,001120
2025-01-21,0.0,001120
2025-01-22,0.0,001120
2025-01-23,0.0,001120
2025-01-24,0.0,001120
2025-01-31,0.0,001120
2025-02-03,0.0,001120
2025-02-04,0.0,001120
2025-02-05,0.0,001120
2025-02-06,0.0,001120
2025-02-07,0.7,001120
2025-02-10,0.7,001120
2025-02-11,0.7,001120
2025-02-12,0.7,001120
2025-02-13,0.7,001120
2025-02-14,1.0,001120
2025-02-17,1.0,001120
2025-02-18,1.0,001120
2025-02-19,1.0,001120
2025-02-20,1.0,001120
2025-02-21,1.0,001120
2025-02-24,1.0,001120
2025-02-25,1.0,001120
2025-02-26,1.0,001120
2025-02-27,0.0,001120
2025-02-28,0.0,001120
2025-03-04,0.0,001120
2025-03-05,0.0,001120
2025-03-06,0.0,001120
2025-03-07,0.0,001120
2025-03-10,0.0,001120
2025-03-11,0.0,001120
2025-03-12,0.0,001120
2025-03-13,0.0,001120
2025-03-14,0.0,001120
2025-03-17,0.0,001120
2025-03-18,0.0,001120
2025-03-19,0.0,001120
2025-03-20,0.0,001120
2025-03-21,0.0,001120
2025-03-24,0.0,001120
2025-03-25,0.0,001120
2025-03-26,0.0,001120
2025-03-27,0.0,001120
2025-03-28,0.0,001120
2025-03-31,0.0,001120
2025-04-01,0.0,001120
2025-04-02,0.0,001120
2025-04-03,0.0,001120
2025-04-04,0.0,001120
2025-04-07,0.0,001120
2025-04-08,0.0,001120
2025-04-09,0.0,001120
2025-04-10,0.0,001120
2025-04-11,0.0,001120
2025-04-14,0.7,001120
2025-04-15,0.7,001120
2025-04-16,0.7,001120
2025-04-17,0.7,001120
2025-04-18,0.7,001120
2025-04-21,0.7,001120
2025-04-22,0.7,001120
2025-04-23,0.7,001120
2025-04-24,0.7,001120
2025-04-25,0.7,001120
2025-04-28,0.7,001120
2025-04-29,1.0,001120
2025-04-30,1.0,001120
2025-05-02,1.0,001120
2025-05-07,1.0,001120
2025-05-08,1.0,001120
2025-05-09,1.0,001120
2025-05-12,1.0,001120
2025-05-13,1.0,001120
2025-05-14,1.0,001120
2025-05-15,1.0,001120
2025-05-16,1.0,001120
2025-05-19,1.0,001120
2025-05-20,1.0,001120
2025-05-21,1.0,001120
2025-05-22,1.0,001120
2025-05-23,1.0,001120
2025-05-26,1.0,001120
2025-05-27,1.0,001120
2025-05-28,0.7,001120
2025-05-29,1.0,001120
2025-05-30,1.0,001120
2025-06-02,1.0,001120
2025-06-04,1.0,001120
2025-06-05,1.0,001120
2025-06-09,1.0,001120
2025-06-10,1.0,001120
2025-06-11,1.0,001120
2025-06-12,1.0,001120
2025-06-13,0.7,001120
2025-06-16,1.0,001120
2025-06-17,1.0,001120
2025-06-18,1.0,001120
2025-06-19,1.0,001120
2025-06-20,1.0,001120
2025-06-23,1.0,001120
2025-06-24,1.0,001120
2025-06-25,1.0,001120
2025-06-26,1.0,001120
2025-06-27,1.0,001120
2025-06-30,1.0,001120
2025-07-01,1.0,001120
2025-07-02,1.0,001120
2025-07-03,1.0,001120
2025-07-04,0.14,001120
2025-07-07,0.14,001120
2025-07-08,0.14,001120
2025-07-09,1.0,001120
2025-07-10,1.0,001120
2025-07-11,1.0,001120
2025-07-14,1.0,001120
2025-07-15,0.7,001120
2025-07-16,1.0,001120
2025-07-17,1.0,001120
2025-07-18,1.0,001120
2025-07-21,1.0,001120
2025-07-22,1.0,001120
2025-07-23,1.0,001120
2025-07-24,1.0,001120
2025-07-25,1.0,001120
2025-07-28,0.14,001120
2025-07-29,0.14,001120
2025-07-30,0.14,001120
2025-07-31,0.14,001120
2025-08-01,0.0,001120
2025-08-04,0.0,001120
2025-08-05,0.0,001120
2025-08-06,0.0,001120
2025-08-07,0.0,001120
2025-08-08,0.0,001120
2025-08-11,0.0,001120
2025-08-12,0.0,001120
2025-08-13,0.0,001120
2025-08-14,0.0,001120
2025-08-18,0.0,001120
2025-08-19,0.0,001120
2025-08-20,0.0,001120
2025-08-21,0.0,001120
2025-08-22,0.0,001120
2025-08-25,0.0,001120
2025-08-26,0.0,001120
2025-08-27,0.0,001120
2025-08-28,0.0,001120
2025-08-29,0.7,001120
2025-09-01,0.0,001120
2025-09-02,0.0,001120
2025-09-03,0.7,001120
2025-09-04,0.7,001120
2025-09-05,0.7,001120
2025-09-08,0.7,001120
2025-09-09,0.7,001120
2025-09-10,0.7,001120
2025-09-11,0.7,001120
2025-09-12,1.0,001120
2025-09-15,1.0,001120
2025-09-16,1.0,001120
2025-09-17,1.0,001120
2025-09-18,1.0,001120
2025-09-19,1.0,001120
2025-09-22,1.0,001120
2025-09-23,1.0,001120
2025-09-24,1.0,001120
2025-09-25,1.0,001120
2025-09-26,1.0,001120
2025-09-29,1.0,001120
2025-09-30,1.0,001120
2025-10-01,0.14,001120
2025-10-02,0.0,001120
2025-10-10,0.0,001120
2025-10-13,0.0,001120
2025-10-14,0.0,001120
2025-10-15,0.14,001120
2025-10-16,0.0,001120
2025-10-17,0.0,001120
2025-10-20,0.0,001120
2025-10-21,0.0,001120
2025-10-22,0.0,001120
2025-10-23,0.0,001120
2025-10-24,0.0,001120
2025-10-27,0.0,001120
2025-10-28,0.0,001120
2025-10-29,0.0,001120
2025-10-30,0.0,001120
2025-10-31,0.0,001120
2025-11-03,0.0,001120
2025-11-04,0.0,001120
2025-11-05,0.0,001120
2025-11-06,0.0,001120
2025-11-07,0.0,001120
2025-11-10,0.7,001120
2025-11-11,0.7,001120
2025-11-12,0.7,001120
2025-11-13,0.7,001120
2025-11-14,0.7,001120
2025-11-17,0.7,001120
2025-11-18,0.0,001120
2025-11-19,0.7,001120
2025-11-20,0.7,001120
2025-11-21,0.7,001120
2025-11-24,0.7,001120
2025-11-25,0.7,001120
2025-11-26,0.7,001120
2025-11-27,0.7,001120
2025-11-28,0.7,001120
2024-11-01,0.0,000240
2024-11-04,0.0,000240
2024-11-05,0.0,000240
2024-11-06,0.0,000240
2024-11-07,0.0,000240
2024-11-08,0.0,000240
2024-11-11,0.0,000240
2024-11-12,0.0,000240
2024-11-13,0.0,000240
2024-11-14,0.0,000240
2024-11-15,0.0,000240
2024-11-18,0.0,000240
2024-11-19,0.0,000240
2024-11-20,0.0,000240
2024-11-21,0.0,000240
2024-11-22,0.0,000240
2024-11-25,0.0,000240
2024-11-26,0.0,000240
2024-11-27,0.0,000240
2024-11-28,0.7,000240
2024-11-29,0.7,000240
2024-12-02,0.7,000240
2024-12-03,0.7,000240
2024-12-04,0.0,000240
2024-12-05,0.0,000240
2024-12-06,0.0,000240
2024-12-09,0.0,000240
2024-12-10,0.0,000240
2024-12-11,0.0,000240
2024-12-12,0.0,000240
2024-12-13,1.0,000240
2024-12-16,0.7,000240
2024-12-17,0.8,000240
2024-12-18,0.8,000240
2024-12-19,0.5,000240
2024-12-20,0.5,000240
2024-12-23,0.8,000240
2024-12-24,0.5,000240
2024-12-26,0.5,000240
2024-12-27,0.5,000240
2024-12-30,0.0,000240
2025-01-02,0.0,000240
2025-01-03,0.0,000240
2025-01-06,0.0,000240
2025-01-07,0.0,000240
2025-01-08,0.0,000240
2025-01-09,0.0,000240
2025-01-10,0.0,000240
2025-01-13,0.0,000240
2025-01-14,0.0,000240
2025-01-15,0.0,000240
2025-01-16,0.0,000240
2025-01-17,0.0,000240
2025-01-20,0.0,000240
2025-01-21,0.0,000240
2025-01-22,0.0,000240
2025-01-23,0.0,000240
2025-01-24,0.0,000240
2025-01-31,0.7,000240
2025-02-03,0.0,000240
2025-02-04,0.7,000240
2025-02-05,0.0,000240
2025-02-06,0.0,000240
2025-02-07,0.0,000240
2025-02-10,0.0,000240
2025-02-11,0.0,000240
2025-02-12,0.0,000240
2025-02-13,0.0,000240
2025-02-14,0.0,000240
2025-02-17,0.0,000240
2025-02-18,0.0,000240
2025-02-19,0.0,000240
2025-02-20,0.0,000240
2025-02-21,0.0,000240
2025-02-24,0.7,000240
2025-02-25,0.0,000240
2025-02-26,0.7,000240
2025-02-27,0.7,000240
2025-02-28,0.0,000240
2025-03-04,0.0,000240
2025-03-05,0.0,000240
2025-03-06,0.7,000240
2025-03-07,0.0,000240
2025-03-10,0.7,000240
2025-03-11,0.0,000240
2025-03-12,0.7,000240
2025-03-13,0.7,000240
2025-03-14,0.7,000240
2025-03-17,0.7,000240
2025-03-18,0.7,000240
2025-03-19,0.7,000240
2025-03-20,0.7,000240
2025-03-21,0.0,000240
2025-03-24,0.7,000240
2025-03-25,0.7,000240
2025-03-26,0.7,000240
2025-03-27,0.7,000240
2025-03-28,0.0,000240
2025-03-31,0.0,000240
2025-04-01,0.0,000240
2025-04-02,0.0,000240
2025-04-03,0.0,000240
2025-04-04,0.0,000240
2025-04-07,0.0,000240
2025-04-08,0.0,000240
2025-04-09,0.0,000240
2025-04-10,0.0,000240
2025-04-11,0.0,000240
2025-04-14,0.0,000240
2025-04-15,0.0,000240
2025-04-16,0.0,000240
2025-04-17,0.0,000240
2025-04-18,0.0,000240
2025-04-21,0.0,000240
2025-04-22,0.0,000240
2025-04-23,0.7,000240
2025-04-24,0.7,000240
2025-04-25,0.7,000240
2025-04-28,0.7,000240
2025-04-29,0.7,000240
2025-04-30,0.7,000240
2025-05-02,0.7,000240
2025-05-07,0.7,000240
2025-05-08,1.0,000240
2025-05-09,1.0,000240
2025-05-12,1.0,000240
2025-05-13,1.0,000240
2025-05-14,1.0,000240
2025-05-15,1.0,000240
2025-05-16,1.0,000240
2025-05-19,1.0,000240
2025-05-20,1.0,000240
2025-05-21,1.0,000240
2025-05-22,1.0,000240
2025-05-23,1.0,000240
2025-05-26,1.0,000240
2025-05-27,1.0,000240
2025-05-28,1.0,000240
2025-05-29,1.0,000240
2025-05-30,1.0,000240
2025-06-02,0.8,000240
2025-06-04,0.8,000240
2025-06-05,0.8,000240
2025-06-09,0.8,000240
2025-06-10,0.8,000240
2025-06-11,0.8,000240
2025-06-12,0.8,000240
2025-06-13,0.8,000240
2025-06-16,0.8,000240
2025-06-17,0.8,000240
2025-06-18,0.8,000240
2025-06-19,0.8,000240
2025-06-20,0.8,000240
2025-06-23,1.0,000240
2025-06-24,1.0,000240
2025-06-25,1.0,000240
2025-06-26,1.0,000240
2025-06-27,0.14,000240
2025-06-30,0.7,000240
2025-07-01,0.7,000240
2025-07-02,1.0,000240
2025-07-03,1.0,000240
2025-07-04,1.0,000240
2025-07-07,1.0,000240
2025-07-08,1.0,000240
2025-07-09,1.0,000240
2025-07-10,1.0,000240
2025-07-11,1.0,000240
2025-07-14,0.8,000240
2025-07-15,0.8,000240
2025-07-16,0.8,000240
2025-07-17,0.8,000240
2025-07-18,0.8,000240
2025-07-21,0.8,000240
2025-07-22,0.8,000240
2025-07-23,0.8,000240
2025-07-24,0.8,000240
2025-07-25,0.8,000240
2025-07-28,0.8,000240
2025-07-29,0.14,000240
2025-07-30,0.8,000240
2025-07-31,0.8,000240
2025-08-01,0.14,000240
2025-08-04,0.14,000240
2025-08-05,0.14,000240
2025-08-06,0.14,000240
2025-08-07,0.14,000240
2025-08-08,0.14,000240
2025-08-11,0.14,000240
2025-08-12,0.14,000240
2025-08-13,0.14,000240
2025-08-14,0.14,000240
2025-08-18,0.14,000240
2025-08-19,0.14,000240
2025-08-20,0.14,000240
2025-08-21,0.14,000240
2025-08-22,0.0,000240
2025-08-25,0.14,000240
2025-08-26,0.14,000240
2025-08-27,0.14,000240
2025-08-28,0.5,000240
2025-08-29,0.5,000240
2025-09-01,0.5,000240
2025-09-02,0.5,000240
2025-09-03,0.5,000240
2025-09-04,0.7,000240
2025-09-05,0.7,000240
2025-09-08,0.7,000240
2025-09-09,0.7,000240
2025-09-10,0.7,000240
2025-09-11,0.7,000240
2025-09-12,1.0,000240
2025-09-15,1.0,000240
2025-09-16,1.0,000240
2025-09-17,0.14,000240
2025-09-18,1.0,000240
2025-09-19,0.0,000240
2025-09-22,0.0,000240
2025-09-23,0.0,000240
2025-09-24,0.0,000240
2025-09-25,0.0,000240
2025-09-26,0.0,000240
2025-09-29,0.0,000240
2025-09-30,0.0,000240
2025-10-01,0.0,000240
2025-10-02,0.0,000240
2025-10-10,0.0,000240
2025-10-13,0.0,000240
2025-10-14,0.0,000240
2025-10-15,0.0,000240
2025-10-16,0.0,000240
2025-10-17,0.0,000240
2025-10-20,0.0,000240
2025-10-21,0.7,000240
2025-10-22,0.7,000240
2025-10-23,0.7,000240
2025-10-24,0.7,000240
2025-10-27,1.0,000240
2025-10-28,0.7,000240
2025-10-29,0.7,000240
2025-10-30,0.7,000240
2025-10-31,0.7,000240
2025-11-03,0.7,000240
2025-11-04,0.0,000240
2025-11-05,0.0,000240
2025-11-06,0.5,000240
2025-11-07,0.8,000240
2025-11-10,0.8,000240
2025-11-11,0.8,000240
2025-11-12,0.8,000240
2025-11-13,0.8,000240
2025-11-14,0.8,000240
2025-11-17,0.8,000240
2025-11-18,0.8,000240
2025-11-19,0.8,000240
2025-11-20,0.8,000240
2025-11-21,0.8,000240
2025-11-24,0.8,000240
2025-11-25,0.8,000240
2025-11-26,0.8,000240
2025-11-27,0.8,000240
2025-11-28,1.0,000240
2024-11-01,0.0,003520
2024-11-04,0.0,003520
2024-11-05,0.0,003520
2024-11-06,0.0,003520
2024-11-07,0.0,003520
2024-11-08,0.0,003520
2024-11-11,0.0,003520
2024-11-12,0.0,003520
2024-11-13,0.0,003520
2024-11-14,0.0,003520
2024-11-15,0.0,003520
2024-11-18,0.0,003520
2024-11-19,0.0,003520
2024-11-20,0.0,003520
2024-11-21,0.0,003520
2024-11-22,0.0,003520
2024-11-25,0.0,003520
2024-11-26,0.0,003520
2024-11-27,0.0,003520
2024-11-28,0.0,003520
2024-11-29,0.0,003520
2024-12-02,0.0,003520
2024-12-03,0.0,003520
2024-12-04,0.0,003520
2024-12-05,0.0,003520
2024-12-06,0.0,003520
2024-12-09,0.0,003520
2024-12-10,0.0,003520
2024-12-11,0.0,003520
2024-12-12,0.0,003520
2024-12-13,0.0,003520
2024-12-16,0.7,003520
2024-12-17,0.0,003520
2024-12-18,0.0,003520
2024-12-19,0.0,003520
2024-12-20,0.0,003520
2024-12-23,0.0,003520
2024-12-24,0.0,003520
2024-12-26,0.0,003520
2024-12-27,0.0,003520
2024-12-30,0.7,003520
2025-01-02,0.7,003520
2025-01-03,0.7,003520
2025-01-06,1.0,003520
2025-01-07,1.0,003520
2025-01-08,1.0,003520
2025-01-09,1.0,003520
2025-01-10,1.0,003520
2025-01-13,1.0,003520
2025-01-14,0.7,003520
2025-01-15,0.7,003520
2025-01-16,0.7,003520
2025-01-17,0.7,003520
2025-01-20,0.7,003520
2025-01-21,0.0,003520
2025-01-22,0.0,003520
2025-01-23,0.0,003520
2025-01-24,0.0,003520
2025-01-31,0.0,003520
2025-02-03,0.0,003520
2025-02-04,0.0,003520
2025-02-05,0.0,003520
2025-02-06,0.0,003520
2025-02-07,0.0,003520
2025-02-10,0.0,003520
2025-02-11,0.0,003520
2025-02-12,0.0,003520
2025-02-13,0.0,003520
2025-02-14,0.0,003520
2025-02-17,0.0,003520
2025-02-18,0.7,003520
2025-02-19,0.7,003520
2025-02-20,0.7,003520
2025-02-21,0.7,003520
2025-02-24,0.7,003520
2025-02-25,0.7,003520
2025-02-26,0.7,003520
2025-02-27,0.7,003520
2025-02-28,0.0,003520
2025-03-04,0.0,003520
2025-03-05,0.0,003520
2025-03-06,0.0,003520
2025-03-07,0.0,003520
2025-03-10,0.0,003520
2025-03-11,0.0,003520
2025-03-12,0.0,003520
2025-03-13,0.0,003520
2025-03-14,0.0,003520
2025-03-17,0.0,003520
2025-03-18,0.0,003520
2025-03-19,0.0,003520
2025-03-20,0.0,003520
2025-03-21,0.0,003520
2025-03-24,0.0,003520
2025-03-25,0.0,003520
2025-03-26,0.0,003520
2025-03-27,0.0,003520
2025-03-28,0.0,003520
2025-03-31,0.0,003520
2025-04-01,0.0,003520
2025-04-02,0.0,003520
2025-04-03,0.0,003520
2025-04-04,0.0,003520
2025-04-07,0.0,003520
2025-04-08,0.0,003520
2025-04-09,0.0,003520
2025-04-10,0.0,003520
2025-04-11,0.7,003520
2025-04-14,0.7,003520
2025-04-15,0.7,003520
2025-04-16,0.7,003520
2025-04-17,0.7,003520
2025-04-18,0.7,003520
2025-04-21,0.7,003520
2025-04-22,0.7,003520
2025-04-23,0.7,003520
2025-04-24,0.7,003520
2025-04-25,0.7,003520
2025-04-28,0.7,003520
2025-04-29,1.0,003520
2025-04-30,1.0,003520
2025-05-02,1.0,003520
2025-05-07,0.7,003520
2025-05-08,1.0,003520
2025-05-09,1.0,003520
2025-05-12,0.14,003520
2025-05-13,0.0,003520
2025-05-14,0.7,003520
2025-05-15,1.0,003520
2025-05-16,1.0,003520
2025-05-19,0.8,003520
2025-05-20,0.8,003520
2025-05-21,0.8,003520
2025-05-22,0.8,003520
2025-05-23,0.8,003520
2025-05-26,0.8,003520
2025-05-27,0.8,003520
2025-05-28,0.8,003520
2025-05-29,0.8,003520
2025-05-30,0.8,003520
2025-06-02,0.8,003520
2025-06-04,0.8,003520
2025-06-05,0.8,003520
2025-06-09,1.0,003520
2025-06-10,1.0,003520
2025-06-11,1.0,003520
2025-06-12,1.0,003520
2025-06-13,0.14,003520
2025-06-16,0.14,003520
2025-06-17,0.14,003520
2025-06-18,0.14,003520
2025-06-19,0.7,003520
2025-06-20,1.0,003520
2025-06-23,0.7,003520
2025-06-24,1.0,003520
2025-06-25,1.0,003520
2025-06-26,0.5,003520
2025-06-27,0.14,003520
2025-06-30,0.14,003520
2025-07-01,0.5,003520
2025-07-02,0.5,003520
2025-07-03,0.7,003520
2025-07-04,0.7,003520
2025-07-07,0.7,003520
2025-07-08,0.14,003520
2025-07-09,0.14,003520
2025-07-10,0.7,003520
2025-07-11,0.7,003520
2025-07-14,1.0,003520
2025-07-15,1.0,003520
2025-07-16,0.14,003520
2025-07-17,0.7,003520
2025-07-18,0.7,003520
2025-07-21,0.7,003520
2025-07-22,0.14,003520
2025-07-23,0.14,003520
2025-07-24,0.14,003520
2025-07-25,0.0,003520
2025-07-28,0.0,003520
2025-07-29,0.0,003520
2025-07-30,0.0,003520
2025-07-31,0.0,003520
2025-08-01,0.0,003520
2025-08-04,0.0,003520
2025-08-05,0.0,003520
2025-08-06,0.0,003520
2025-08-07,0.0,003520
2025-08-08,0.0,003520
2025-08-11,0.0,003520
2025-08-12,0.0,003520
2025-08-13,0.0,003520
2025-08-14,0.0,003520
2025-08-18,0.0,003520
2025-08-19,0.0,003520
2025-08-20,0.0,003520
2025-08-21,0.0,003520
2025-08-22,0.0,003520
2025-08-25,0.0,003520
2025-08-26,0.0,003520
2025-08-27,0.0,003520
2025-08-28,0.0,003520
2025-08-29,0.0,003520
2025-09-01,0.0,003520
2025-09-02,0.0,003520
2025-09-03,0.0,003520
2025-09-04,0.7,003520
2025-09-05,0.0,003520
2025-09-08,0.0,003520
2025-09-09,0.0,003520
2025-09-10,0.0,003520
2025-09-11,0.0,003520
2025-09-12,0.7,003520
2025-09-15,0.7,003520
2025-09-16,0.0,003520
2025-09-17,0.0,003520
2025-09-18,0.0,003520
2025-09-19,0.0,003520
2025-09-22,0.0,003520
2025-09-23,0.0,003520
2025-09-24,0.0,003520
2025-09-25,0.0,003520
2025-09-26,0.0,003520
2025-09-29,0.0,003520
2025-09-30,0.0,003520
2025-10-01,0.0,003520
2025-10-02,0.0,003520
2025-10-10,0.0,003520
2025-10-13,0.0,003520
2025-10-14,0.0,003520
2025-10-15,0.0,003520
2025-10-16,0.0,003520
2025-10-17,0.0,003520
2025-10-20,0.0,003520
2025-10-21,0.0,003520
2025-10-22,0.7,003520
2025-10-23,0.7,003520
2025-10-24,0.7,003520
2025-10-27,0.7,003520
2025-10-28,0.7,003520
2025-10-29,0.7,003520
2025-10-30,0.7,003520
2025-10-31,1.0,003520
2025-11-03,0.7,003520
2025-11-04,0.7,003520
2025-11-05,0.7,003520
2025-11-06,0.7,003520
2025-11-07,0.0,003520
2025-11-10,0.0,003520
2025-11-11,0.0,003520
2025-11-12,0.7,003520
2025-11-13,0.7,003520
2025-11-14,0.7,003520
2025-11-17,0.7,003520
2025-11-18,0.0,003520
2025-11-19,0.0,003520
2025-11-20,0.0,003520
2025-11-21,0.0,003520
2025-11-24,0.0,003520
2025-11-25,0.0,003520
2025-11-26,0.0,003520
2025-11-27,0.0,003520
2025-11-28,0.0,003520
2024-11-01,0.0,000020
2024-11-04,0.0,000020
2024-11-05,0.0,000020
2024-11-06,0.0,000020
2024-11-07,0.0,000020
2024-11-08,0.0,000020
2024-11-11,0.0,000020
2024-11-12,0.0,000020
2024-11-13,0.0,000020
2024-11-14,0.0,000020
2024-11-15,0.0,000020
2024-11-18,0.0,000020
2024-11-19,0.0,000020
2024-11-20,0.0,000020
2024-11-21,0.0,000020
2024-11-22,0.0,000020
2024-11-25,0.0,000020
2024-11-26,0.0,000020
2024-11-27,0.0,000020
2024-11-28,0.0,000020
2024-11-29,0.0,000020
2024-12-02,0.0,000020
2024-12-03,0.0,000020
2024-12-04,0.0,000020
2024-12-05,0.0,000020
2024-12-06,0.0,000020
2024-12-09,0.0,000020
2024-12-10,0.0,000020
2024-12-11,0.0,000020
2024-12-12,0.0,000020
2024-12-13,0.0,000020
2024-12-16,0.0,000020
2024-12-17,0.0,000020
2024-12-18,0.7,000020
2024-12-19,0.0,000020
2024-12-20,0.0,000020
2024-12-23,0.0,000020
2024-12-24,0.7,000020
2024-12-26,0.0,000020
2024-12-27,0.0,000020
2024-12-30,0.0,000020
2025-01-02,0.0,000020
2025-01-03,0.7,000020
2025-01-06,0.7,000020
2025-01-07,0.7,000020
2025-01-08,0.7,000020
2025-01-09,1.0,000020
2025-01-10,0.7,000020
2025-01-13,0.7,000020
2025-01-14,0.0,000020
2025-01-15,0.0,000020
2025-01-16,0.0,000020
2025-01-17,0.0,000020
2025-01-20,0.0,000020
2025-01-21,0.0,000020
2025-01-22,0.0,000020
2025-01-23,0.0,000020
2025-01-24,0.0,000020
2025-01-31,0.0,000020
2025-02-03,0.0,000020
2025-02-04,0.0,000020
2025-02-05,0.0,000020
2025-02-06,0.0,000020
2025-02-07,0.0,000020
2025-02-10,0.0,000020
2025-02-11,0.0,000020
2025-02-12,0.0,000020
2025-02-13,0.0,000020
2025-02-14,0.0,000020
2025-02-17,0.7,000020
2025-02-18,0.7,000020
2025-02-19,0.7,000020
2025-02-20,0.7,000020
2025-02-21,0.7,000020
2025-02-24,0.7,000020
2025-02-25,0.7,000020
2025-02-26,0.7,000020
2025-02-27,0.7,000020
2025-02-28,0.7,000020
2025-03-04,0.0,000020
2025-03-05,1.0,000020
2025-03-06,0.7,000020
2025-03-07,0.7,000020
2025-03-10,0.7,000020
2025-03-11,0.0,000020
2025-03-12,0.0,000020
2025-03-13,0.0,000020
2025-03-14,0.0,000020
2025-03-17,0.0,000020
2025-03-18,0.0,000020
2025-03-19,0.0,000020
2025-03-20,0.0,000020
2025-03-21,0.0,000020
2025-03-24,0.0,000020
2025-03-25,0.0,000020
2025-03-26,0.0,000020
2025-03-27,0.0,000020
2025-03-28,0.0,000020
2025-03-31,0.0,000020
2025-04-01,0.0,000020
2025-04-02,0.0,000020
2025-04-03,0.0,000020
2025-04-04,0.0,000020
2025-04-07,0.0,000020
2025-04-08,0.0,000020
2025-04-09,0.0,000020
2025-04-10,0.0,000020
2025-04-11,0.0,000020
2025-04-14,0.0,000020
2025-04-15,0.7,000020
2025-04-16,0.7,000020
2025-04-17,0.7,000020
2025-04-18,0.7,000020
2025-04-21,0.7,000020
2025-04-22,0.7,000020
2025-04-23,0.7,000020
2025-04-24,0.7,000020
2025-04-25,0.7,000020
2025-04-28,0.7,000020
2025-04-29,0.7,000020
2025-04-30,0.7,000020
2025-05-02,0.7,000020
2025-05-07,0.7,000020
2025-05-08,1.0,000020
2025-05-09,1.0,000020
2025-05-12,1.0,000020
2025-05-13,1.0,000020
2025-05-14,1.0,000020
2025-05-15,1.0,000020
2025-05-16,0.7,000020
2025-05-19,0.7,000020
2025-05-20,0.7,000020
2025-05-21,0.7,000020
2025-05-22,1.0,000020
2025-05-23,0.7,000020
2025-05-26,0.7,000020
2025-05-27,0.7,000020
2025-05-28,0.7,000020
2025-05-29,0.7,000020
2025-05-30,1.0,000020
2025-06-02,0.7,000020
2025-06-04,0.7,000020
2025-06-05,0.7,000020
2025-06-09,1.0,000020
2025-06-10,1.0,000020
2025-06-11,1.0,000020
2025-06-12,1.0,000020
2025-06-13,0.7,000020
2025-06-16,0.7,000020
2025-06-17,1.0,000020
2025-06-18,1.0,000020
2025-06-19,1.0,000020
2025-06-20,1.0,000020
2025-06-23,0.7,000020
2025-06-24,1.0,000020
2025-06-25,1.0,000020
2025-06-26,0.7,000020
2025-06-27,0.14,000020
2025-06-30,0.7,000020
2025-07-01,0.7,000020
2025-07-02,0.7,000020
2025-07-03,1.0,000020
2025-07-04,0.7,000020
2025-07-07,0.7,000020
2025-07-08,0.7,000020
2025-07-09,0.7,000020
2025-07-10,0.7,000020
2025-07-11,1.0,000020
2025-07-14,1.0,000020
2025-07-15,1.0,000020
2025-07-16,0.7,000020
2025-07-17,0.7,000020
2025-07-18,0.7,000020
2025-07-21,0.7,000020
2025-07-22,0.7,000020
2025-07-23,0.7,000020
2025-07-24,0.14,000020
2025-07-25,0.14,000020
2025-07-28,0.14,000020
2025-07-29,0.7,000020
2025-07-30,0.14,000020
2025-07-31,0.14,000020
2025-08-01,0.0,000020
2025-08-04,0.0,000020
2025-08-05,0.0,000020
2025-08-06,0.0,000020
2025-08-07,0.0,000020
2025-08-08,0.0,000020
2025-08-11,0.0,000020
2025-08-12,0.0,000020
2025-08-13,0.0,000020
2025-08-14,0.0,000020
2025-08-18,0.0,000020
2025-08-19,0.0,000020
2025-08-20,0.0,000020
2025-08-21,0.0,000020
2025-08-22,0.0,000020
2025-08-25,0.0,000020
2025-08-26,0.0,000020
2025-08-27,0.0,000020
2025-08-28,0.0,000020
2025-08-29,0.0,000020
2025-09-01,0.0,000020
2025-09-02,0.0,000020
2025-09-03,0.0,000020
2025-09-04,0.7,000020
2025-09-05,0.7,000020
2025-09-08,0.7,000020
2025-09-09,0.7,000020
2025-09-10,0.7,000020
2025-09-11,0.7,000020
2025-09-12,0.7,000020
2025-09-15,0.7,000020
2025-09-16,0.7,000020
2025-09-17,0.7,000020
2025-09-18,0.7,000020
2025-09-19,0.7,000020
2025-09-22,0.0,000020
2025-09-23,0.7,000020
2025-09-24,0.7,000020
2025-09-25,0.7,000020
2025-09-26,0.0,000020
2025-09-29,0.7,000020
2025-09-30,0.0,000020
2025-10-01,0.0,000020
2025-10-02,0.0,000020
2025-10-10,0.0,000020
2025-10-13,0.0,000020
2025-10-14,0.0,000020
2025-10-15,0.0,000020
2025-10-16,0.0,000020
2025-10-17,0.0,000020
2025-10-20,0.0,000020
2025-10-21,0.0,000020
2025-10-22,0.0,000020
2025-10-23,0.7,000020
2025-10-24,0.0,000020
2025-10-27,0.7,000020
2025-10-28,0.7,000020
2025-10-29,0.0,000020
2025-10-30,0.0,000020
2025-10-31,0.0,000020
2025-11-03,0.0,000020
2025-11-04,0.0,000020
2025-11-05,0.0,000020
2025-11-06,0.0,000020
2025-11-07,0.0,000020
2025-11-10,0.0,000020
2025-11-11,0.0,000020
2025-11-12,0.7,000020
2025-11-13,0.7,000020
2025-11-14,0.7,000020
2025-11-17,0.7,000020
2025-11-18,0.0,000020
2025-11-19,0.0,000020
2025-11-20,0.0,000020
2025-11-21,0.0,000020
2025-11-24,0.0,000020
2025-11-25,0.0,000020
2025-11-26,0.0,000020
2025-11-27,0.0,000020
2025-11-28,0.7,000020
2024-11-01,0.0,000040
2024-11-04,0.0,000040
2024-11-05,0.0,000040
2024-11-06,0.0,000040
2024-11-07,0.0,000040
2024-11-08,0.0,000040
2024-11-11,0.0,000040
2024-11-12,0.0,000040
2024-11-13,0.0,000040
2024-11-14,0.0,000040
2024-11-15,0.0,000040
2024-11-18,0.0,000040
2024-11-19,0.0,000040
2024-11-20,0.0,000040
2024-11-21,0.0,000040
2024-11-22,0.0,000040
2024-11-25,0.0,000040
2024-11-26,0.0,000040
2024-11-27,0.0,000040
2024-11-28,0.0,000040
2024-11-29,0.0,000040
2024-12-02,0.0,000040
2024-12-03,0.0,000040
2024-12-04,0.0,000040
2024-12-05,0.0,000040
2024-12-06,0.0,000040
2024-12-09,0.0,000040
2024-12-10,0.0,000040
2024-12-11,0.5,000040
2024-12-12,0.8,000040
2024-12-13,0.5,000040
2024-12-16,0.8,000040
2024-12-17,0.8,000040
2024-12-18,0.8,000040
2024-12-19,0.8,000040
2024-12-20,0.5,000040
2024-12-23,0.5,000040
2024-12-24,0.5,000040
2024-12-26,0.0,000040
2024-12-27,0.0,000040
2024-12-30,0.0,000040
2025-01-02,0.0,000040
2025-01-03,0.8,000040
2025-01-06,0.8,000040
2025-01-07,0.8,000040
2025-01-08,0.8,000040
2025-01-09,0.0,000040
2025-01-10,0.0,000040
2025-01-13,0.0,000040
2025-01-14,0.0,000040
2025-01-15,0.0,000040
2025-01-16,0.0,000040
2025-01-17,0.0,000040
2025-01-20,0.0,000040
2025-01-21,0.0,000040
2025-01-22,0.0,000040
2025-01-23,0.0,000040
2025-01-24,0.0,000040
2025-01-31,0.0,000040
2025-02-03,0.0,000040
2025-02-04,0.0,000040
2025-02-05,0.0,000040
2025-02-06,0.0,000040
2025-02-07,0.0,000040
2025-02-10,0.0,000040
2025-02-11,0.0,000040
2025-02-12,0.0,000040
2025-02-13,0.0,000040
2025-02-14,0.0,000040
2025-02-17,0.0,000040
2025-02-18,0.0,000040
2025-02-19,0.0,000040
2025-02-20,0.0,000040
2025-02-21,0.7,000040
2025-02-24,0.7,000040
2025-02-25,0.5,000040
2025-02-26,0.5,000040
2025-02-27,0.5,000040
2025-02-28,0.5,000040
2025-03-04,0.0,000040
2025-03-05,0.5,000040
2025-03-06,0.5,000040
2025-03-07,0.5,000040
2025-03-10,0.5,000040
2025-03-11,0.0,000040
2025-03-12,0.0,000040
2025-03-13,0.0,000040
2025-03-14,0.0,000040
2025-03-17,0.0,000040
2025-03-18,0.0,000040
2025-03-19,0.0,000040
2025-03-20,0.0,000040
2025-03-21,0.0,000040
2025-03-24,0.0,000040
2025-03-25,0.0,000040
2025-03-26,0.0,000040
2025-03-27,0.0,000040
2025-03-28,0.0,000040
2025-03-31,0.0,000040
2025-04-01,0.0,000040
2025-04-02,0.0,000040
2025-04-03,0.0,000040
2025-04-04,0.0,000040
2025-04-07,0.0,000040
2025-04-08,0.5,000040
2025-04-09,0.5,000040
2025-04-10,0.5,000040
2025-04-11,0.8,000040
2025-04-14,0.8,000040
2025-04-15,0.5,000040
2025-04-16,0.5,000040
2025-04-17,0.5,000040
2025-04-18,0.8,000040
2025-04-21,0.8,000040
2025-04-22,0.8,000040
2025-04-23,0.8,000040
2025-04-24,0.8,000040
2025-04-25,0.8,000040
2025-04-28,0.8,000040
2025-04-29,0.8,000040
2025-04-30,0.8,000040
2025-05-02,0.8,000040
2025-05-07,0.8,000040
2025-05-08,0.8,000040
2025-05-09,0.8,000040
2025-05-12,0.8,000040
2025-05-13,0.8,000040
2025-05-14,0.14,000040
2025-05-15,0.14,000040
2025-05-16,0.0,000040
2025-05-19,0.0,000040
2025-05-20,0.0,000040
2025-05-21,0.0,000040
2025-05-22,0.0,000040
2025-05-23,0.0,000040
2025-05-26,0.0,000040
2025-05-27,0.0,000040
2025-05-28,0.5,000040
2025-05-29,0.5,000040
2025-05-30,0.5,000040
2025-06-02,0.5,000040
2025-06-04,0.5,000040
2025-06-05,0.5,000040
2025-06-09,0.5,000040
2025-06-10,0.5,000040
2025-06-11,0.5,000040
2025-06-12,0.5,000040
2025-06-13,0.5,000040
2025-06-16,0.5,000040
2025-06-17,0.0,000040
2025-06-18,0.0,000040
2025-06-19,0.0,000040
2025-06-20,0.14,000040
2025-06-23,0.0,000040
2025-06-24,0.0,000040
2025-06-25,0.0,000040
2025-06-26,0.0,000040
2025-06-27,0.0,000040
2025-06-30,0.0,000040
2025-07-01,0.0,000040
2025-07-02,0.0,000040
2025-07-03,0.0,000040
2025-07-04,0.0,000040
2025-07-07,0.7,000040
2025-07-08,0.7,000040
2025-07-09,0.7,000040
2025-07-10,0.7,000040
2025-07-11,0.7,000040
2025-07-14,0.7,000040
2025-07-15,0.7,000040
2025-07-16,0.7,000040
2025-07-17,0.7,000040
2025-07-18,1.0,000040
2025-07-21,1.0,000040
2025-07-22,0.8,000040
2025-07-23,0.8,000040
2025-07-24,0.8,000040
2025-07-25,0.8,000040
2025-07-28,0.8,000040
2025-07-29,0.8,000040
2025-07-30,0.8,000040
2025-07-31,0.8,000040
2025-08-01,0.8,000040
2025-08-04,0.8,000040
2025-08-05,0.8,000040
2025-08-06,0.8,000040
2025-08-07,0.8,000040
2025-08-08,0.8,000040
2025-08-11,0.8,000040
2025-08-12,0.8,000040
2025-08-13,0.8,000040
2025-08-14,0.14,000040
2025-08-18,0.14,000040
2025-08-19,0.14,000040
2025-08-20,0.14,000040
2025-08-21,0.8,000040
2025-08-22,0.8,000040
2025-08-25,0.8,000040
2025-08-26,0.8,000040
2025-08-27,0.8,000040
2025-08-28,0.14,000040
2025-08-29,0.14,000040
2025-09-01,0.14,000040
2025-09-02,0.14,000040
2025-09-03,0.14,000040
2025-09-04,0.14,000040
2025-09-05,0.14,000040
2025-09-08,0.14,000040
2025-09-09,0.14,000040
2025-09-10,0.14,000040
2025-09-11,0.14,000040
2025-09-12,0.14,000040
2025-09-15,0.14,000040
2025-09-16,0.14,000040
2025-09-17,0.14,000040
2025-09-18,0.0,000040
2025-09-19,0.14,000040
2025-09-22,0.0,000040
2025-09-23,0.0,000040
2025-09-24,0.0,000040
2025-09-25,0.0,000040
2025-09-26,0.5,000040
2025-09-29,0.5,000040
2025-09-30,0.5,000040
2025-10-01,0.5,000040
2025-10-02,0.5,000040
2025-10-10,0.0,000040
2025-10-13,0.0,000040
2025-10-14,0.0,000040
2025-10-15,0.0,000040
2025-10-16,0.0,000040
2025-10-17,0.0,000040
2025-10-20,0.0,000040
2025-10-21,0.0,000040
2025-10-22,0.0,000040
2025-10-23,0.0,000040
2025-10-24,0.0,000040
2025-10-27,0.0,000040
2025-10-28,0.0,000040
2025-10-29,0.0,000040
2025-10-30,0.0,000040
2025-10-31,0.0,000040
2025-11-03,0.0,000040
2025-11-04,0.0,000040
2025-11-05,0.0,000040
2025-11-06,0.0,000040
2025-11-07,0.0,000040
2025-11-10,0.0,000040
2025-11-11,0.0,000040
2025-11-12,0.0,000040
2025-11-13,0.0,000040
2025-11-14,0.0,000040
2025-11-17,0.0,000040
2025-11-18,0.0,000040
2025-11-19,0.0,000040
2025-11-20,0.0,000040
2025-11-21,0.0,000040
2025-11-24,0.0,000040
2025-11-25,0.0,000040
2025-11-26,0.0,000040
2025-11-27,0.5,000040
2025-11-28,0.5,000040
2024-11-01,0.0,000050
2024-11-04,0.0,000050
2024-11-05,0.0,000050
2024-11-06,0.0,000050
2024-11-07,0.0,000050
2024-11-08,0.0,000050
2024-11-11,0.0,000050
2024-11-12,0.0,000050
2024-11-13,0.0,000050
2024-11-14,0.0,000050
2024-11-15,0.0,000050
2024-11-18,0.0,000050
2024-11-19,0.0,000050
2024-11-20,0.0,000050
2024-11-21,0.0,000050
2024-11-22,0.0,000050
2024-11-25,0.0,000050
2024-11-26,0.0,000050
2024-11-27,0.0,000050
2024-11-28,0.0,000050
2024-11-29,0.0,000050
2024-12-02,0.7,000050
2024-12-03,0.0,000050
2024-12-04,0.0,000050
2024-12-05,0.0,000050
2024-12-06,0.0,000050
2024-12-09,0.0,000050
2024-12-10,0.0,000050
2024-12-11,0.7,000050
2024-12-12,1.0,000050
2024-12-13,0.7,000050
2024-12-16,0.5,000050
2024-12-17,0.7,000050
2024-12-18,0.7,000050
2024-12-19,0.7,000050
2024-12-20,0.7,000050
2024-12-23,0.7,000050
2024-12-24,0.7,000050
2024-12-26,0.7,000050
2024-12-27,1.0,000050
2024-12-30,0.7,000050
2025-01-02,0.7,000050
2025-01-03,1.0,000050
2025-01-06,0.7,000050
2025-01-07,1.0,000050
2025-01-08,1.0,000050
2025-01-09,1.0,000050
2025-01-10,1.0,000050
2025-01-13,1.0,000050
2025-01-14,0.7,000050
2025-01-15,0.7,000050
2025-01-16,0.7,000050
2025-01-17,0.7,000050
2025-01-20,0.7,000050
2025-01-21,0.7,000050
2025-01-22,0.0,000050
2025-01-23,0.0,000050
2025-01-24,0.0,000050
2025-01-31,0.0,000050
2025-02-03,0.0,000050
2025-02-04,0.0,000050
2025-02-05,0.0,000050
2025-02-06,0.0,000050
2025-02-07,0.0,000050
2025-02-10,0.7,000050
2025-02-11,0.14,000050
2025-02-12,0.14,000050
2025-02-13,0.14,000050
2025-02-14,0.14,000050
2025-02-17,0.14,000050
2025-02-18,0.0,000050
2025-02-19,0.0,000050
2025-02-20,0.0,000050
2025-02-21,0.14,000050
2025-02-24,0.0,000050
2025-02-25,0.0,000050
2025-02-26,0.0,000050
2025-02-27,0.7,000050
2025-02-28,0.0,000050
2025-03-04,0.0,000050
2025-03-05,0.0,000050
2025-03-06,0.7,000050
2025-03-07,0.7,000050
2025-03-10,1.0,000050
2025-03-11,0.7,000050
2025-03-12,0.7,000050
2025-03-13,0.7,000050
2025-03-14,0.7,000050
2025-03-17,0.7,000050
2025-03-18,0.7,000050
2025-03-19,0.7,000050
2025-03-20,1.0,000050
2025-03-21,0.7,000050
2025-03-24,0.14,000050
2025-03-25,0.7,000050
2025-03-26,0.14,000050
2025-03-27,0.7,000050
2025-03-28,0.14,000050
2025-03-31,0.7,000050
2025-04-01,0.7,000050
2025-04-02,0.7,000050
2025-04-03,0.0,000050
2025-04-04,0.0,000050
2025-04-07,0.0,000050
2025-04-08,0.0,000050
2025-04-09,0.0,000050
2025-04-10,0.7,000050
2025-04-11,0.7,000050
2025-04-14,0.7,000050
2025-04-15,0.7,000050
2025-04-16,0.14,000050
2025-04-17,0.7,000050
2025-04-18,0.7,000050
2025-04-21,0.14,000050
2025-04-22,0.7,000050
2025-04-23,0.14,000050
2025-04-24,0.7,000050
2025-04-25,1.0,000050
2025-04-28,1.0,000050
2025-04-29,0.8,000050
2025-04-30,0.8,000050
2025-05-02,0.8,000050
2025-05-07,0.8,000050
2025-05-08,0.8,000050
2025-05-09,0.8,000050
2025-05-12,0.8,000050
2025-05-13,0.8,000050
2025-05-14,0.8,000050
2025-05-15,0.14,000050
2025-05-16,0.8,000050
2025-05-19,0.14,000050
2025-05-20,0.14,000050
2025-05-21,0.14,000050
2025-05-22,0.14,000050
2025-05-23,0.14,000050
2025-05-26,0.14,000050
2025-05-27,0.14,000050
2025-05-28,0.14,000050
2025-05-29,0.14,000050
2025-05-30,0.14,000050
2025-06-02,0.14,000050
2025-06-04,0.8,000050
2025-06-05,0.8,000050
2025-06-09,0.5,000050
2025-06-10,0.5,000050
2025-06-11,0.5,000050
2025-06-12,0.5,000050
2025-06-13,0.5,000050
2025-06-16,0.8,000050
2025-06-17,0.5,000050
2025-06-18,0.8,000050
2025-06-19,0.8,000050
2025-06-20,0.8,000050
2025-06-23,0.8,000050
2025-06-24,0.8,000050
2025-06-25,0.8,000050
2025-06-26,0.14,000050
2025-06-27,0.14,000050
2025-06-30,0.14,000050
2025-07-01,0.14,000050
2025-07-02,0.14,000050
2025-07-03,0.14,000050
2025-07-04,0.14,000050
2025-07-07,0.14,000050
2025-07-08,0.14,000050
2025-07-09,0.7,000050
2025-07-10,0.7,000050
2025-07-11,0.7,000050
2025-07-14,0.7,000050
2025-07-15,0.7,000050
2025-07-16,0.7,000050
2025-07-17,0.7,000050
2025-07-18,0.7,000050
2025-07-21,0.14,000050
2025-07-22,0.14,000050
2025-07-23,0.14,000050
2025-07-24,0.0,000050
2025-07-25,0.0,000050
2025-07-28,0.0,000050
2025-07-29,0.0,000050
2025-07-30,0.0,000050
2025-07-31,0.0,000050
2025-08-01,0.0,000050
2025-08-04,0.0,000050
2025-08-05,0.0,000050
2025-08-06,0.0,000050
2025-08-07,0.0,000050
2025-08-08,0.0,000050
2025-08-11,0.0,000050
2025-08-12,0.0,000050
2025-08-13,0.0,000050
2025-08-14,0.0,000050
2025-08-18,0.0,000050
2025-08-19,0.0,000050
2025-08-20,0.0,000050
2025-08-21,0.0,000050
2025-08-22,0.0,000050
2025-08-25,0.0,000050
2025-08-26,0.0,000050
2025-08-27,0.0,000050
2025-08-28,0.0,000050
2025-08-29,0.0,000050
2025-09-01,0.0,000050
2025-09-02,0.0,000050
2025-09-03,0.0,000050
2025-09-04,0.0,000050
2025-09-05,0.0,000050
2025-09-08,0.0,000050
2025-09-09,0.7,000050
2025-09-10,0.7,000050
2025-09-11,0.7,000050
2025-09-12,0.7,000050
2025-09-15,0.7,000050
2025-09-16,0.7,000050
2025-09-17,0.7,000050
2025-09-18,0.7,000050
2025-09-19,0.0,000050
2025-09-22,0.7,000050
2025-09-23,0.0,000050
2025-09-24,0.0,000050
2025-09-25,0.0,000050
2025-09-26,0.0,000050
2025-09-29,0.0,000050
2025-09-30,0.0,000050
2025-10-01,0.0,000050
2025-10-02,0.0,000050
2025-10-10,0.0,000050
2025-10-13,0.0,000050
2025-10-14,0.0,000050
2025-10-15,0.0,000050
2025-10-16,0.0,000050
2025-10-17,0.0,000050
2025-10-20,0.0,000050
2025-10-21,0.0,000050
2025-10-22,0.0,000050
2025-10-23,0.0,000050
2025-10-24,0.0,000050
2025-10-27,0.0,000050
2025-10-28,0.0,000050
2025-10-29,0.0,000050
2025-10-30,0.0,000050
2025-10-31,0.0,000050
2025-11-03,0.0,000050
2025-11-04,0.0,000050
2025-11-05,0.0,000050
2025-11-06,0.0,000050
2025-11-07,0.0,000050
2025-11-10,0.7,000050
2025-11-11,0.7,000050
2025-11-12,0.7,000050
2025-11-13,0.7,000050
2025-11-14,1.0,000050
2025-11-17,0.7,000050
2025-11-18,0.7,000050
2025-11-19,0.7,000050
2025-11-20,0.7,000050
2025-11-21,0.7,000050
2025-11-24,0.7,000050
2025-11-25,0.7,000050
2025-11-26,0.7,000050
2025-11-27,1.0,000050
2025-11-28,1.0,000050
2024-11-01,0.0,000070
2024-11-04,0.0,000070
2024-11-05,0.0,000070
2024-11-06,0.0,000070
2024-11-07,0.0,000070
2024-11-08,0.0,000070
2024-11-11,0.0,000070
2024-11-12,0.0,000070
2024-11-13,0.0,000070
2024-11-14,0.0,000070
2024-11-15,0.0,000070
2024-11-18,0.0,000070
2024-11-19,0.0,000070
2024-11-20,0.0,000070
2024-11-21,0.0,000070
2024-11-22,0.0,000070
2024-11-25,0.0,000070
2024-11-26,0.0,000070
2024-11-27,0.0,000070
2024-11-28,0.7,000070
2024-11-29,0.0,000070
2024-12-02,0.0,000070
2024-12-03,0.0,000070
2024-12-04,0.0,000070
2024-12-05,0.0,000070
2024-12-06,0.0,000070
2024-12-09,0.0,000070
2024-12-10,0.0,000070
2024-12-11,0.7,000070
2024-12-12,0.7,000070
2024-12-13,0.7,000070
2024-12-16,0.7,000070
2024-12-17,0.7,000070
2024-12-18,0.7,000070
2024-12-19,0.0,000070
2024-12-20,0.0,000070
2024-12-23,0.7,000070
2024-12-24,0.7,000070
2024-12-26,0.7,000070
2024-12-27,0.0,000070
2024-12-30,0.0,000070
2025-01-02,0.0,000070
2025-01-03,0.0,000070
2025-01-06,0.0,000070
2025-01-07,0.0,000070
2025-01-08,0.0,000070
2025-01-09,0.0,000070
2025-01-10,0.0,000070
2025-01-13,0.0,000070
2025-01-14,0.0,000070
2025-01-15,0.0,000070
2025-01-16,0.0,000070
2025-01-17,0.0,000070
2025-01-20,0.0,000070
2025-01-21,0.0,000070
2025-01-22,0.0,000070
2025-01-23,0.0,000070
2025-01-24,0.0,000070
2025-01-31,0.0,000070
2025-02-03,0.0,000070
2025-02-04,0.0,000070
2025-02-05,0.0,000070
2025-02-06,0.0,000070
2025-02-07,0.0,000070
2025-02-10,0.0,000070
2025-02-11,0.7,000070
2025-02-12,0.0,000070
2025-02-13,0.7,000070
2025-02-14,0.7,000070
2025-02-17,0.7,000070
2025-02-18,0.0,000070
2025-02-19,0.0,000070
2025-02-20,0.7,000070
2025-02-21,0.0,000070
2025-02-24,0.0,000070
2025-02-25,0.0,000070
2025-02-26,0.0,000070
2025-02-27,0.0,000070
2025-02-28,0.0,000070
2025-03-04,0.0,000070
2025-03-05,0.0,000070
2025-03-06,0.0,000070
2025-03-07,0.0,000070
2025-03-10,0.0,000070
2025-03-11,0.0,000070
2025-03-12,0.0,000070
2025-03-13,0.0,000070
2025-03-14,0.0,000070
2025-03-17,0.0,000070
2025-03-18,0.0,000070
2025-03-19,0.0,000070
2025-03-20,0.0,000070
2025-03-21,0.7,000070
2025-03-24,0.7,000070
2025-03-25,0.0,000070
2025-03-26,0.0,000070
2025-03-27,0.0,000070
2025-03-28,0.0,000070
2025-03-31,0.0,000070
2025-04-01,0.0,000070
2025-04-02,0.0,000070
2025-04-03,0.0,000070
2025-04-04,0.0,000070
2025-04-07,0.0,000070
2025-04-08,0.0,000070
2025-04-09,0.0,000070
2025-04-10,0.0,000070
2025-04-11,0.0,000070
2025-04-14,0.0,000070
2025-04-15,0.0,000070
2025-04-16,0.0,000070
2025-04-17,0.7,000070
2025-04-18,0.7,000070
2025-04-21,0.7,000070
2025-04-22,0.7,000070
2025-04-23,0.7,000070
2025-04-24,0.7,000070
2025-04-25,0.7,000070
2025-04-28,1.0,000070
2025-04-29,1.0,000070
2025-04-30,1.0,000070
2025-05-02,1.0,000070
2025-05-07,1.0,000070
2025-05-08,1.0,000070
2025-05-09,1.0,000070
2025-05-12,1.0,000070
2025-05-13,1.0,000070
2025-05-14,1.0,000070
2025-05-15,1.0,000070
2025-05-16,1.0,000070
2025-05-19,1.0,000070
2025-05-20,1.0,000070
2025-05-21,1.0,000070
2025-05-22,1.0,000070
2025-05-23,1.0,000070
2025-05-26,0.7,000070
2025-05-27,0.7,000070
2025-05-28,1.0,000070
2025-05-29,1.0,000070
2025-05-30,1.0,000070
2025-06-02,1.0,000070
2025-06-04,1.0,000070
2025-06-05,1.0,000070
2025-06-09,0.8,000070
2025-06-10,0.8,000070
2025-06-11,0.8,000070
2025-06-12,0.8,000070
2025-06-13,0.8,000070
2025-06-16,0.8,000070
2025-06-17,0.8,000070
2025-06-18,0.8,000070
2025-06-19,0.8,000070
2025-06-20,0.8,000070
2025-06-23,0.8,000070
2025-06-24,0.8,000070
2025-06-25,1.0,000070
2025-06-26,1.0,000070
2025-06-27,1.0,000070
2025-06-30,1.0,000070
2025-07-01,1.0,000070
2025-07-02,0.8,000070
2025-07-03,0.7,000070
2025-07-04,0.14,000070
2025-07-07,0.14,000070
2025-07-08,0.5,000070
2025-07-09,1.0,000070
2025-07-10,0.8,000070
2025-07-11,0.8,000070
2025-07-14,0.8,000070
2025-07-15,0.8,000070
2025-07-16,0.8,000070
2025-07-17,0.8,000070
2025-07-18,0.8,000070
2025-07-21,1.0,000070
2025-07-22,0.14,000070
2025-07-23,0.14,000070
2025-07-24,0.14,000070
2025-07-25,0.14,000070
2025-07-28,0.14,000070
2025-07-29,0.14,000070
2025-07-30,0.14,000070
2025-07-31,0.14,000070
2025-08-01,0.0,000070
2025-08-04,0.0,000070
2025-08-05,0.14,000070
2025-08-06,0.14,000070
2025-08-07,0.14,000070
2025-08-08,0.14,000070
2025-08-11,0.0,000070
2025-08-12,0.0,000070
2025-08-13,0.0,000070
2025-08-14,0.0,000070
2025-08-18,0.0,000070
2025-08-19,0.0,000070
2025-08-20,0.0,000070
2025-08-21,0.0,000070
2025-08-22,0.0,000070
2025-08-25,0.0,000070
2025-08-26,0.0,000070
2025-08-27,0.7,000070
2025-08-28,0.7,000070
2025-08-29,0.7,000070
2025-09-01,1.0,000070
2025-09-02,0.7,000070
2025-09-03,0.7,000070
2025-09-04,0.7,000070
2025-09-05,0.7,000070
2025-09-08,0.7,000070
2025-09-09,0.7,000070
2025-09-10,0.7,000070
2025-09-11,0.7,000070
2025-09-12,1.0,000070
2025-09-15,1.0,000070
2025-09-16,1.0,000070
2025-09-17,1.0,000070
2025-09-18,1.0,000070
2025-09-19,1.0,000070
2025-09-22,1.0,000070
2025-09-23,1.0,000070
2025-09-24,1.0,000070
2025-09-25,0.7,000070
2025-09-26,0.7,000070
2025-09-29,1.0,000070
2025-09-30,1.0,000070
2025-10-01,1.0,000070
2025-10-02,1.0,000070
2025-10-10,1.0,000070
2025-10-13,1.0,000070
2025-10-14,1.0,000070
2025-10-15,1.0,000070
2025-10-16,1.0,000070
2025-10-17,1.0,000070
2025-10-20,1.0,000070
2025-10-21,1.0,000070
2025-10-22,1.0,000070
2025-10-23,1.0,000070
2025-10-24,1.0,000070
2025-10-27,1.0,000070
2025-10-28,1.0,000070
2025-10-29,1.0,000070
2025-10-30,1.0,000070
2025-10-31,1.0,000070
2025-11-03,1.0,000070
2025-11-04,1.0,000070
2025-11-05,1.0,000070
2025-11-06,1.0,000070
2025-11-07,1.0,000070
2025-11-10,1.0,000070
2025-11-11,0.7,000070
2025-11-12,0.7,000070
2025-11-13,0.7,000070
2025-11-14,0.5,000070
2025-11-17,0.5,000070
2025-11-18,0.5,000070
2025-11-19,0.5,000070
2025-11-20,0.5,000070
2025-11-21,0.5,000070
2025-11-24,0.0,000070
2025-11-25,0.0,000070
2025-11-26,0.0,000070
2025-11-27,0.0,000070
2025-11-28,0.0,000070
2024-11-01,0.0,000140
2024-11-04,0.0,000140
2024-11-05,0.0,000140
2024-11-06,0.0,000140
2024-11-07,0.0,000140
2024-11-08,0.0,000140
2024-11-11,0.0,000140
2024-11-12,0.0,000140
2024-11-13,0.0,000140
2024-11-14,0.0,000140
2024-11-15,0.0,000140
2024-11-18,0.0,000140
2024-11-19,0.0,000140
2024-11-20,0.0,000140
2024-11-21,0.0,000140
2024-11-22,0.0,000140
2024-11-25,0.0,000140
2024-11-26,0.0,000140
2024-11-27,0.0,000140
2024-11-28,0.7,000140
2024-11-29,0.7,000140
2024-12-02,0.7,000140
2024-12-03,0.7,000140
2024-12-04,0.0,000140
2024-12-05,0.0,000140
2024-12-06,0.0,000140
2024-12-09,0.0,000140
2024-12-10,0.0,000140
2024-12-11,0.0,000140
2024-12-12,0.0,000140
2024-12-13,0.0,000140
2024-12-16,0.0,000140
2024-12-17,0.7,000140
2024-12-18,0.7,000140
2024-12-19,0.7,000140
2024-12-20,0.7,000140
2024-12-23,0.7,000140
2024-12-24,0.7,000140
2024-12-26,0.7,000140
2024-12-27,0.0,000140
2024-12-30,0.0,000140
2025-01-02,0.0,000140
2025-01-03,0.0,000140
2025-01-06,0.0,000140
2025-01-07,0.0,000140
2025-01-08,0.0,000140
2025-01-09,0.0,000140
2025-01-10,0.0,000140
2025-01-13,0.0,000140
2025-01-14,0.0,000140
2025-01-15,0.0,000140
2025-01-16,0.0,000140
2025-01-17,0.0,000140
2025-01-20,0.0,000140
2025-01-21,0.0,000140
2025-01-22,0.0,000140
2025-01-23,0.0,000140
2025-01-24,0.0,000140
2025-01-31,0.7,000140
2025-02-03,0.0,000140
2025-02-04,0.0,000140
2025-02-05,0.0,000140
2025-02-06,0.0,000140
2025-02-07,0.0,000140
2025-02-10,0.0,000140
2025-02-11,0.0,000140
2025-02-12,0.0,000140
2025-02-13,0.0,000140
2025-02-14,0.0,000140
2025-02-17,0.0,000140
2025-02-18,0.0,000140
2025-02-19,0.7,000140
2025-02-20,0.7,000140
2025-02-21,0.7,000140
2025-02-24,0.7,000140
2025-02-25,0.7,000140
2025-02-26,0.0,000140
2025-02-27,0.7,000140
2025-02-28,0.0,000140
2025-03-04,0.0,000140
2025-03-05,0.0,000140
2025-03-06,0.0,000140
2025-03-07,0.0,000140
2025-03-10,0.0,000140
2025-03-11,0.0,000140
2025-03-12,0.0,000140
2025-03-13,0.0,000140
2025-03-14,0.0,000140
2025-03-17,0.0,000140
2025-03-18,0.0,000140
2025-03-19,0.0,000140
2025-03-20,0.0,000140
2025-03-21,0.0,000140
2025-03-24,0.0,000140
2025-03-25,0.0,000140
2025-03-26,0.0,000140
2025-03-27,0.0,000140
2025-03-28,0.0,000140
2025-03-31,0.0,000140
2025-04-01,0.0,000140
2025-04-02,0.0,000140
2025-04-03,0.0,000140
2025-04-04,0.0,000140
2025-04-07,0.0,000140
2025-04-08,0.0,000140
2025-04-09,0.0,000140
2025-04-10,0.0,000140
2025-04-11,0.0,000140
2025-04-14,0.0,000140
2025-04-15,0.0,000140
2025-04-16,0.0,000140
2025-04-17,0.0,000140
2025-04-18,0.7,000140
2025-04-21,0.7,000140
2025-04-22,0.7,000140
2025-04-23,0.7,000140
2025-04-24,0.7,000140
2025-04-25,0.7,000140
2025-04-28,0.7,000140
2025-04-29,0.5,000140
2025-04-30,0.5,000140
2025-05-02,0.5,000140
2025-05-07,0.5,000140
2025-05-08,0.5,000140
2025-05-09,0.5,000140
2025-05-12,0.5,000140
2025-05-13,0.5,000140
2025-05-14,0.5,000140
2025-05-15,0.5,000140
2025-05-16,0.5,000140
2025-05-19,0.5,000140
2025-05-20,0.5,000140
2025-05-21,0.5,000140
2025-05-22,0.5,000140
2025-05-23,0.5,000140
2025-05-26,0.5,000140
2025-05-27,0.5,000140
2025-05-28,0.7,000140
2025-05-29,1.0,000140
2025-05-30,1.0,000140
2025-06-02,1.0,000140
2025-06-04,1.0,000140
2025-06-05,1.0,000140
2025-06-09,1.0,000140
2025-06-10,0.8,000140
2025-06-11,0.8,000140
2025-06-12,0.8,000140
2025-06-13,0.8,000140
2025-06-16,0.8,000140
2025-06-17,0.8,000140
2025-06-18,0.8,000140
2025-06-19,0.8,000140
2025-06-20,0.8,000140
2025-06-23,0.8,000140
2025-06-24,0.8,000140
2025-06-25,0.8,000140
2025-06-26,0.14,000140
2025-06-27,0.14,000140
2025-06-30,0.14,000140
2025-07-01,1.0,000140
2025-07-02,0.8,000140
2025-07-03,0.8,000140
2025-07-04,0.14,000140
2025-07-07,0.5,000140
2025-07-08,0.5,000140
2025-07-09,0.5,000140
2025-07-10,0.5,000140
2025-07-11,0.5,000140
2025-07-14,0.8,000140
2025-07-15,0.8,000140
2025-07-16,0.8,000140
2025-07-17,0.8,000140
2025-07-18,0.5,000140
2025-07-21,0.14,000140
2025-07-22,0.14,000140
2025-07-23,0.14,000140
2025-07-24,0.14,000140
2025-07-25,0.14,000140
2025-07-28,0.14,000140
2025-07-29,0.14,000140
2025-07-30,0.14,000140
2025-07-31,0.14,000140
2025-08-01,0.0,000140
2025-08-04,0.14,000140
2025-08-05,0.14,000140
2025-08-06,0.14,000140
2025-08-07,0.14,000140
2025-08-08,0.14,000140
2025-08-11,0.0,000140
2025-08-12,0.0,000140
2025-08-13,0.0,000140
2025-08-14,0.0,000140
2025-08-18,0.0,000140
2025-08-19,0.0,000140
2025-08-20,0.0,000140
2025-08-21,0.0,000140
2025-08-22,0.0,000140
2025-08-25,0.0,000140
2025-08-26,0.0,000140
2025-08-27,0.0,000140
2025-08-28,0.0,000140
2025-08-29,0.0,000140
2025-09-01,0.0,000140
2025-09-02,0.0,000140
2025-09-03,0.0,000140
2025-09-04,0.0,000140
2025-09-05,0.0,000140
2025-09-08,0.7,000140
2025-09-09,0.7,000140
2025-09-10,0.7,000140
2025-09-11,0.7,000140
2025-09-12,0.7,000140
2025-09-15,0.7,000140
2025-09-16,0.7,000140
2025-09-17,0.7,000140
2025-09-18,0.7,000140
2025-09-19,0.0,000140
2025-09-22,0.0,000140
2025-09-23,0.0,000140
2025-09-24,0.0,000140
2025-09-25,0.0,000140
2025-09-26,0.0,000140
2025-09-29,0.0,000140
2025-09-30,0.0,000140
2025-10-01,0.0,000140
2025-10-02,0.0,000140
2025-10-10,0.0,000140
2025-10-13,0.0,000140
2025-10-14,0.0,000140
2025-10-15,0.0,000140
2025-10-16,0.0,000140
2025-10-17,0.0,000140
2025-10-20,0.0,000140
2025-10-21,0.0,000140
2025-10-22,0.7,000140
2025-10-23,0.7,000140
2025-10-24,0.7,000140
2025-10-27,0.7,000140
2025-10-28,0.7,000140
2025-10-29,0.7,000140
2025-10-30,0.0,000140
2025-10-31,0.0,000140
2025-11-03,0.0,000140
2025-11-04,0.0,000140
2025-11-05,0.0,000140
2025-11-06,0.7,000140
2025-11-07,0.7,000140
2025-11-10,1.0,000140
2025-11-11,0.7,000140
2025-11-12,1.0,000140
2025-11-13,0.7,000140
2025-11-14,0.7,000140
2025-11-17,0.7,000140
2025-11-18,0.7,000140
2025-11-19,0.7,000140
2025-11-20,0.7,000140
2025-11-21,0.7,000140
2025-11-24,0.7,000140
2025-11-25,0.0,000140
2025-11-26,0.7,000140
2025-11-27,0.7,000140
2025-11-28,0.7,000140
2024-11-01,0.0,000180
2024-11-04,0.0,000180
2024-11-05,0.0,000180
2024-11-06,0.0,000180
2024-11-07,0.0,000180
2024-11-08,0.0,000180
2024-11-11,0.0,000180
2024-11-12,0.0,000180
2024-11-13,0.0,000180
2024-11-14,0.0,000180
2024-11-15,0.0,000180
2024-11-18,0.0,000180
2024-11-19,0.0,000180
2024-11-20,0.0,000180
2024-11-21,0.0,000180
2024-11-22,0.0,000180
2024-11-25,0.0,000180
2024-11-26,0.0,000180
2024-11-27,0.0,000180
2024-11-28,0.0,000180
2024-11-29,0.0,000180
2024-12-02,0.0,000180
2024-12-03,0.0,000180
2024-12-04,0.0,000180
2024-12-05,0.0,000180
2024-12-06,0.0,000180
2024-12-09,0.0,000180
2024-12-10,0.0,000180
2024-12-11,0.0,000180
2024-12-12,0.0,000180
2024-12-13,0.0,000180
2024-12-16,0.0,000180
2024-12-17,0.7,000180
2024-12-18,0.7,000180
2024-12-19,0.7,000180
2024-12-20,0.7,000180
2024-12-23,0.7,000180
2024-12-24,0.7,000180
2024-12-26,0.7,000180
2024-12-27,0.7,000180
2024-12-30,0.7,000180
2025-01-02,0.7,000180
2025-01-03,0.7,000180
2025-01-06,1.0,000180
2025-01-07,1.0,000180
2025-01-08,1.0,000180
2025-01-09,1.0,000180
2025-01-10,1.0,000180
2025-01-13,1.0,000180
2025-01-14,1.0,000180
2025-01-15,0.8,000180
2025-01-16,0.8,000180
2025-01-17,0.5,000180
2025-01-20,0.5,000180
2025-01-21,0.7,000180
2025-01-22,0.5,000180
2025-01-23,0.5,000180
2025-01-24,0.7,000180
2025-01-31,1.0,000180
2025-02-03,0.14,000180
2025-02-04,0.14,000180
2025-02-05,0.14,000180
2025-02-06,0.14,000180
2025-02-07,0.0,000180
2025-02-10,0.0,000180
2025-02-11,0.0,000180
2025-02-12,0.0,000180
2025-02-13,0.0,000180
2025-02-14,0.0,000180
2025-02-17,0.0,000180
2025-02-18,0.0,000180
2025-02-19,0.0,000180
2025-02-20,0.0,000180
2025-02-21,0.0,000180
2025-02-24,0.0,000180
2025-02-25,0.7,000180
2025-02-26,0.7,000180
2025-02-27,0.7,000180
2025-02-28,0.0,000180
2025-03-04,0.0,000180
2025-03-05,0.7,000180
2025-03-06,0.7,000180
2025-03-07,0.7,000180
2025-03-10,0.7,000180
2025-03-11,0.7,000180
2025-03-12,0.0,000180
2025-03-13,0.0,000180
2025-03-14,0.0,000180
2025-03-17,0.0,000180
2025-03-18,0.0,000180
2025-03-19,0.0,000180
2025-03-20,0.0,000180
2025-03-21,0.0,000180
2025-03-24,0.0,000180
2025-03-25,0.0,000180
2025-03-26,0.0,000180
2025-03-27,0.0,000180
2025-03-28,0.0,000180
2025-03-31,0.0,000180
2025-04-01,0.0,000180
2025-04-02,0.0,000180
2025-04-03,0.0,000180
2025-04-04,0.0,000180
2025-04-07,0.0,000180
2025-04-08,0.0,000180
2025-04-09,0.0,000180
2025-04-10,0.0,000180
2025-04-11,0.0,000180
2025-04-14,0.0,000180
2025-04-15,0.0,000180
2025-04-16,0.0,000180
2025-04-17,0.7,000180
2025-04-18,0.7,000180
2025-04-21,0.7,000180
2025-04-22,0.7,000180
2025-04-23,0.7,000180
2025-04-24,0.7,000180
2025-04-25,1.0,000180
2025-04-28,1.0,000180
2025-04-29,1.0,000180
2025-04-30,1.0,000180
2025-05-02,1.0,000180
2025-05-07,1.0,000180
2025-05-08,1.0,000180
2025-05-09,1.0,000180
2025-05-12,1.0,000180
2025-05-13,1.0,000180
2025-05-14,1.0,000180
2025-05-15,1.0,000180
2025-05-16,1.0,000180
2025-05-19,1.0,000180
2025-05-20,1.0,000180
2025-05-21,1.0,000180
2025-05-22,1.0,000180
2025-05-23,1.0,000180
2025-05-26,1.0,000180
2025-05-27,1.0,000180
2025-05-28,0.7,000180
2025-05-29,1.0,000180
2025-05-30,1.0,000180
2025-06-02,1.0,000180
2025-06-04,1.0,000180
2025-06-05,1.0,000180
2025-06-09,1.0,000180
2025-06-10,1.0,000180
2025-06-11,1.0,000180
2025-06-12,1.0,000180
2025-06-13,0.8,000180
2025-06-16,0.8,000180
2025-06-17,0.8,000180
2025-06-18,0.8,000180
2025-06-19,0.8,000180
2025-06-20,0.8,000180
2025-06-23,0.8,000180
2025-06-24,0.8,000180
2025-06-25,0.8,000180
2025-06-26,0.8,000180
2025-06-27,0.14,000180
2025-06-30,0.14,000180
2025-07-01,0.14,000180
2025-07-02,1.0,000180
2025-07-03,1.0,000180
2025-07-04,1.0,000180
2025-07-07,1.0,000180
2025-07-08,0.7,000180
2025-07-09,0.7,000180
2025-07-10,0.7,000180
2025-07-11,0.7,000180
2025-07-14,0.7,000180
2025-07-15,0.7,000180
2025-07-16,0.7,000180
2025-07-17,0.7,000180
2025-07-18,0.14,000180
2025-07-21,0.14,000180
2025-07-22,0.14,000180
2025-07-23,0.14,000180
2025-07-24,0.14,000180
2025-07-25,0.14,000180
2025-07-28,0.14,000180
2025-07-29,0.14,000180
2025-07-30,0.14,000180
2025-07-31,0.14,000180
2025-08-01,0.14,000180
2025-08-04,0.14,000180
2025-08-05,0.14,000180
2025-08-06,0.7,000180
2025-08-07,0.14,000180
2025-08-08,0.14,000180
2025-08-11,0.7,000180
2025-08-12,0.7,000180
2025-08-13,0.7,000180
2025-08-14,0.7,000180
2025-08-18,0.7,000180
2025-08-19,0.7,000180
2025-08-20,0.7,000180
2025-08-21,0.7,000180
2025-08-22,1.0,000180
2025-08-25,1.0,000180
2025-08-26,1.0,000180
2025-08-27,1.0,000180
2025-08-28,1.0,000180
2025-08-29,1.0,000180
2025-09-01,1.0,000180
2025-09-02,0.7,000180
2025-09-03,1.0,000180
2025-09-04,1.0,000180
2025-09-05,1.0,000180
2025-09-08,1.0,000180
2025-09-09,0.7,000180
2025-09-10,1.0,000180
2025-09-11,0.7,000180
2025-09-12,0.14,000180
2025-09-15,0.14,000180
2025-09-16,0.7,000180
2025-09-17,0.14,000180
2025-09-18,0.14,000180
2025-09-19,0.14,000180
2025-09-22,0.14,000180
2025-09-23,0.14,000180
2025-09-24,0.14,000180
2025-09-25,0.14,000180
2025-09-26,0.14,000180
2025-09-29,0.14,000180
2025-09-30,0.14,000180
2025-10-01,0.14,000180
2025-10-02,0.7,000180
2025-10-10,0.14,000180
2025-10-13,0.14,000180
2025-10-14,0.14,000180
2025-10-15,0.14,000180
2025-10-16,0.0,000180
2025-10-17,0.0,000180
2025-10-20,0.0,000180
2025-10-21,0.0,000180
2025-10-22,0.0,000180
2025-10-23,0.0,000180
2025-10-24,0.0,000180
2025-10-27,0.0,000180
2025-10-28,0.0,000180
2025-10-29,0.0,000180
2025-10-30,0.0,000180
2025-10-31,0.0,000180
2025-11-03,0.0,000180
2025-11-04,0.0,000180
2025-11-05,0.0,000180
2025-11-06,0.0,000180
2025-11-07,0.0,000180
2025-11-10,0.0,000180
2025-11-11,0.0,000180
2025-11-12,0.0,000180
2025-11-13,0.0,000180
2025-11-14,0.0,000180
2025-11-17,0.0,000180
2025-11-18,0.0,000180
2025-11-19,0.0,000180
2025-11-20,0.0,000180
2025-11-21,0.0,000180
2025-11-24,0.0,000180
2025-11-25,0.0,000180
2025-11-26,0.0,000180
2025-11-27,0.0,000180
2025-11-28,0.0,000180
2024-11-01,0.0,000220
2024-11-04,0.0,000220
2024-11-05,0.0,000220
2024-11-06,0.0,000220
2024-11-07,0.0,000220
2024-11-08,0.0,000220
2024-11-11,0.0,000220
2024-11-12,0.0,000220
2024-11-13,0.0,000220
2024-11-14,0.0,000220
2024-11-15,0.0,000220
2024-11-18,0.0,000220
2024-11-19,0.0,000220
2024-11-20,0.0,000220
2024-11-21,0.0,000220
2024-11-22,0.0,000220
2024-11-25,0.0,000220
2024-11-26,0.0,000220
2024-11-27,0.0,000220
2024-11-28,0.7,000220
2024-11-29,0.7,000220
2024-12-02,0.0,000220
2024-12-03,0.7,000220
2024-12-04,0.7,000220
2024-12-05,0.0,000220
2024-12-06,0.0,000220
2024-12-09,0.0,000220
2024-12-10,0.0,000220
2024-12-11,0.8,000220
2024-12-12,0.8,000220
2024-12-13,0.8,000220
2024-12-16,0.5,000220
2024-12-17,0.8,000220
2024-12-18,0.8,000220
2024-12-19,0.8,000220
2024-12-20,0.8,000220
2024-12-23,1.0,000220
2024-12-24,1.0,000220
2024-12-26,0.7,000220
2024-12-27,0.7,000220
2024-12-30,1.0,000220
2025-01-02,1.0,000220
2025-01-03,1.0,000220
2025-01-06,1.0,000220
2025-01-07,1.0,000220
2025-01-08,1.0,000220
2025-01-09,1.0,000220
2025-01-10,1.0,000220
2025-01-13,1.0,000220
2025-01-14,1.0,000220
2025-01-15,1.0,000220
2025-01-16,1.0,000220
2025-01-17,1.0,000220
2025-01-20,1.0,000220
2025-01-21,0.0,000220
2025-01-22,0.0,000220
2025-01-23,0.0,000220
2025-01-24,0.0,000220
2025-01-31,0.0,000220
2025-02-03,0.0,000220
2025-02-04,0.14,000220
2025-02-05,0.14,000220
2025-02-06,0.14,000220
2025-02-07,0.14,000220
2025-02-10,0.14,000220
2025-02-11,0.14,000220
2025-02-12,0.14,000220
2025-02-13,0.7,000220
2025-02-14,0.14,000220
2025-02-17,0.14,000220
2025-02-18,0.14,000220
2025-02-19,0.14,000220
2025-02-20,0.14,000220
2025-02-21,0.14,000220
2025-02-24,0.14,000220
2025-02-25,0.0,000220
2025-02-26,0.14,000220
2025-02-27,0.7,000220
2025-02-28,0.7,000220
2025-03-04,0.7,000220
2025-03-05,0.7,000220
2025-03-06,0.14,000220
2025-03-07,0.14,000220
2025-03-10,0.14,000220
2025-03-11,0.0,000220
2025-03-12,0.0,000220
2025-03-13,0.0,000220
2025-03-14,0.0,000220
2025-03-17,0.0,000220
2025-03-18,0.0,000220
2025-03-19,0.0,000220
2025-03-20,0.0,000220
2025-03-21,0.0,000220
2025-03-24,0.0,000220
2025-03-25,0.0,000220
2025-03-26,0.0,000220
2025-03-27,0.0,000220
2025-03-28,0.0,000220
2025-03-31,0.0,000220
2025-04-01,0.0,000220
2025-04-02,0.0,000220
2025-04-03,0.0,000220
2025-04-04,0.0,000220
2025-04-07,0.0,000220
2025-04-08,0.0,000220
2025-04-09,0.0,000220
2025-04-10,0.0,000220
2025-04-11,0.7,000220
2025-04-14,0.7,000220
2025-04-15,0.7,000220
2025-04-16,0.7,000220
2025-04-17,0.7,000220
2025-04-18,1.0,000220
2025-04-21,1.0,000220
2025-04-22,1.0,000220
2025-04-23,1.0,000220
2025-04-24,1.0,000220
2025-04-25,1.0,000220
2025-04-28,1.0,000220
2025-04-29,1.0,000220
2025-04-30,1.0,000220
2025-05-02,1.0,000220
2025-05-07,1.0,000220
2025-05-08,1.0,000220
2025-05-09,0.14,000220
2025-05-12,0.0,000220
2025-05-13,0.14,000220
2025-05-14,0.14,000220
2025-05-15,0.14,000220
2025-05-16,0.14,000220
2025-05-19,0.0,000220
2025-05-20,0.0,000220
2025-05-21,0.14,000220
2025-05-22,0.7,000220
2025-05-23,0.7,000220
2025-05-26,0.7,000220
2025-05-27,0.7,000220
2025-05-28,0.7,000220
2025-05-29,0.7,000220
2025-05-30,0.7,000220
2025-06-02,0.14,000220
2025-06-04,0.7,000220
2025-06-05,0.7,000220
2025-06-09,0.7,000220
2025-06-10,0.7,000220
2025-06-11,0.7,000220
2025-06-12,0.7,000220
2025-06-13,0.14,000220
2025-06-16,0.14,000220
2025-06-17,0.0,000220
2025-06-18,0.14,000220
2025-06-19,0.14,000220
2025-06-20,0.14,000220
2025-06-23,0.0,000220
2025-06-24,0.14,000220
2025-06-25,0.14,000220
2025-06-26,0.0,000220
2025-06-27,0.0,000220
2025-06-30,0.0,000220
2025-07-01,0.0,000220
2025-07-02,0.0,000220
2025-07-03,0.7,000220
2025-07-04,0.0,000220
2025-07-07,0.0,000220
2025-07-08,0.7,000220
2025-07-09,0.7,000220
2025-07-10,0.7,000220
2025-07-11,0.7,000220
2025-07-14,0.7,000220
2025-07-15,0.7,000220
2025-07-16,0.7,000220
2025-07-17,0.7,000220
2025-07-18,0.7,000220
2025-07-21,0.7,000220
2025-07-22,0.0,000220
2025-07-23,0.7,000220
2025-07-24,0.14,000220
2025-07-25,0.0,000220
2025-07-28,0.0,000220
2025-07-29,0.0,000220
2025-07-30,0.0,000220
2025-07-31,0.0,000220
2025-08-01,0.0,000220
2025-08-04,0.0,000220
2025-08-05,0.0,000220
2025-08-06,0.0,000220
2025-08-07,0.0,000220
2025-08-08,0.0,000220
2025-08-11,0.0,000220
2025-08-12,0.0,000220
2025-08-13,0.0,000220
2025-08-14,0.0,000220
2025-08-18,0.0,000220
2025-08-19,0.0,000220
2025-08-20,0.0,000220
2025-08-21,0.0,000220
2025-08-22,0.0,000220
2025-08-25,0.0,000220
2025-08-26,0.0,000220
2025-08-27,0.0,000220
2025-08-28,0.0,000220
2025-08-29,0.0,000220
2025-09-01,0.0,000220
2025-09-02,0.0,000220
2025-09-03,0.0,000220
2025-09-04,0.0,000220
2025-09-05,0.0,000220
2025-09-08,0.0,000220
2025-09-09,0.0,000220
2025-09-10,0.7,000220
2025-09-11,0.0,000220
2025-09-12,0.7,000220
2025-09-15,0.7,000220
2025-09-16,0.7,000220
2025-09-17,0.7,000220
2025-09-18,0.7,000220
2025-09-19,0.7,000220
2025-09-22,0.7,000220
2025-09-23,0.7,000220
2025-09-24,0.7,000220
2025-09-25,0.7,000220
2025-09-26,0.0,000220
2025-09-29,0.0,000220
2025-09-30,0.0,000220
2025-10-01,0.0,000220
2025-10-02,0.7,000220
2025-10-10,0.0,000220
2025-10-13,0.0,000220
2025-10-14,0.0,000220
2025-10-15,0.0,000220
2025-10-16,0.0,000220
2025-10-17,0.0,000220
2025-10-20,0.0,000220
2025-10-21,0.0,000220
2025-10-22,0.0,000220
2025-10-23,0.0,000220
2025-10-24,0.0,000220
2025-10-27,0.0,000220
2025-10-28,0.0,000220
2025-10-29,0.0,000220
2025-10-30,0.0,000220
2025-10-31,0.0,000220
2025-11-03,0.0,000220
2025-11-04,0.0,000220
2025-11-05,0.0,000220
2025-11-06,0.0,000220
2025-11-07,0.0,000220
2025-11-10,0.0,000220
2025-11-11,0.0,000220
2025-11-12,0.7,000220
2025-11-13,0.7,000220
2025-11-14,0.7,000220
2025-11-17,0.7,000220
2025-11-18,0.0,000220
2025-11-19,0.0,000220
2025-11-20,0.7,000220
2025-11-21,0.0,000220
2025-11-24,0.7,000220
2025-11-25,0.7,000220
2025-11-26,0.7,000220
2025-11-27,0.7,000220
2025-11-28,0.7,000220
2024-11-01,0.0,000230
2024-11-04,0.0,000230
2024-11-05,0.0,000230
2024-11-06,0.0,000230
2024-11-07,0.0,000230
2024-11-08,0.0,000230
2024-11-11,0.0,000230
2024-11-12,0.0,000230
2024-11-13,0.0,000230
2024-11-14,0.0,000230
2024-11-15,0.0,000230
2024-11-18,0.0,000230
2024-11-19,0.0,000230
2024-11-20,0.0,000230
2024-11-21,0.0,000230
2024-11-22,0.0,000230
2024-11-25,0.0,000230
2024-11-26,0.0,000230
2024-11-27,0.0,000230
2024-11-28,0.0,000230
2024-11-29,0.0,000230
2024-12-02,0.0,000230
2024-12-03,0.0,000230
2024-12-04,0.0,000230
2024-12-05,0.0,000230
2024-12-06,0.0,000230
2024-12-09,0.0,000230
2024-12-10,0.0,000230
2024-12-11,0.5,000230
2024-12-12,0.0,000230
2024-12-13,0.5,000230
2024-12-16,0.5,000230
2024-12-17,0.5,000230
2024-12-18,0.5,000230
2024-12-19,0.0,000230
2024-12-20,0.0,000230
2024-12-23,0.5,000230
2024-12-24,0.8,000230
2024-12-26,0.8,000230
2024-12-27,0.8,000230
2024-12-30,0.8,000230
2025-01-02,0.8,000230
2025-01-03,0.8,000230
2025-01-06,0.8,000230
2025-01-07,0.8,000230
2025-01-08,0.8,000230
2025-01-09,0.8,000230
2025-01-10,0.0,000230
2025-01-13,0.0,000230
2025-01-14,0.0,000230
2025-01-15,0.0,000230
2025-01-16,0.0,000230
2025-01-17,0.0,000230
2025-01-20,0.0,000230
2025-01-21,0.0,000230
2025-01-22,0.0,000230
2025-01-23,0.0,000230
2025-01-24,0.0,000230
2025-01-31,0.0,000230
2025-02-03,0.0,000230
2025-02-04,0.0,000230
2025-02-05,0.0,000230
2025-02-06,0.0,000230
2025-02-07,0.0,000230
2025-02-10,0.0,000230
2025-02-11,0.0,000230
2025-02-12,0.0,000230
2025-02-13,0.0,000230
2025-02-14,0.0,000230
2025-02-17,0.0,000230
2025-02-18,0.0,000230
2025-02-19,0.7,000230
2025-02-20,0.7,000230
2025-02-21,0.7,000230
2025-02-24,0.7,000230
2025-02-25,0.7,000230
2025-02-26,0.7,000230
2025-02-27,0.0,000230
2025-02-28,0.0,000230
2025-03-04,0.0,000230
2025-03-05,0.0,000230
2025-03-06,0.0,000230
2025-03-07,0.0,000230
2025-03-10,0.0,000230
2025-03-11,0.0,000230
2025-03-12,0.0,000230
2025-03-13,0.0,000230
2025-03-14,0.0,000230
2025-03-17,0.0,000230
2025-03-18,0.0,000230
2025-03-19,0.0,000230
2025-03-20,0.7,000230
2025-03-21,0.0,000230
2025-03-24,0.7,000230
2025-03-25,0.5,000230
2025-03-26,0.0,000230
2025-03-27,0.0,000230
2025-03-28,0.0,000230
2025-03-31,0.0,000230
2025-04-01,0.0,000230
2025-04-02,0.0,000230
2025-04-03,0.0,000230
2025-04-04,0.5,000230
2025-04-07,0.0,000230
2025-04-08,0.0,000230
2025-04-09,0.0,000230
2025-04-10,0.0,000230
2025-04-11,0.0,000230
2025-04-14,0.0,000230
2025-04-15,0.0,000230
2025-04-16,0.0,000230
2025-04-17,0.0,000230
2025-04-18,0.0,000230
2025-04-21,0.0,000230
2025-04-22,0.0,000230
2025-04-23,0.7,000230
2025-04-24,0.7,000230
2025-04-25,0.7,000230
2025-04-28,1.0,000230
2025-04-29,0.7,000230
2025-04-30,0.7,000230
2025-05-02,0.7,000230
2025-05-07,0.0,000230
2025-05-08,0.0,000230
2025-05-09,0.0,000230
2025-05-12,0.0,000230
2025-05-13,0.0,000230
2025-05-14,0.0,000230
2025-05-15,0.0,000230
2025-05-16,0.0,000230
2025-05-19,0.0,000230
2025-05-20,0.0,000230
2025-05-21,0.0,000230
2025-05-22,1.0,000230
2025-05-23,0.8,000230
2025-05-26,0.8,000230
2025-05-27,0.8,000230
2025-05-28,0.8,000230
2025-05-29,0.8,000230
2025-05-30,0.8,000230
2025-06-02,0.8,000230
2025-06-04,0.8,000230
2025-06-05,0.8,000230
2025-06-09,0.8,000230
2025-06-10,0.8,000230
2025-06-11,0.8,000230
2025-06-12,0.8,000230
2025-06-13,0.8,000230
2025-06-16,0.8,000230
2025-06-17,0.8,000230
2025-06-18,0.8,000230
2025-06-19,0.8,000230
2025-06-20,0.8,000230
2025-06-23,0.7,000230
2025-06-24,1.0,000230
2025-06-25,0.7,000230
2025-06-26,0.14,000230
2025-06-27,0.14,000230
2025-06-30,0.14,000230
2025-07-01,1.0,000230
2025-07-02,1.0,000230
2025-07-03,1.0,000230
2025-07-04,1.0,000230
2025-07-07,0.8,000230
2025-07-08,0.8,000230
2025-07-09,0.8,000230
2025-07-10,0.8,000230
2025-07-11,0.8,000230
2025-07-14,0.8,000230
2025-07-15,0.8,000230
2025-07-16,0.8,000230
2025-07-17,0.8,000230
2025-07-18,0.8,000230
2025-07-21,0.8,000230
2025-07-22,0.8,000230
2025-07-23,0.8,000230
2025-07-24,0.8,000230
2025-07-25,0.8,000230
2025-07-28,0.14,000230
2025-07-29,0.14,000230
2025-07-30,0.14,000230
2025-07-31,0.14,000230
2025-08-01,0.14,000230
2025-08-04,0.14,000230
2025-08-05,0.14,000230
2025-08-06,0.14,000230
2025-08-07,0.14,000230
2025-08-08,0.14,000230
2025-08-11,0.14,000230
2025-08-12,0.14,000230
2025-08-13,0.14,000230
2025-08-14,0.14,000230
2025-08-18,0.14,000230
2025-08-19,0.14,000230
2025-08-20,0.5,000230
2025-08-21,0.5,000230
2025-08-22,0.5,000230
2025-08-25,0.5,000230
2025-08-26,0.5,000230
2025-08-27,0.5,000230
2025-08-28,0.8,000230
2025-08-29,0.8,000230
2025-09-01,0.8,000230
2025-09-02,0.14,000230
2025-09-03,0.14,000230
2025-09-04,0.5,000230
2025-09-05,0.8,000230
2025-09-08,0.14,000230
2025-09-09,0.14,000230
2025-09-10,1.0,000230
2025-09-11,1.0,000230
2025-09-12,1.0,000230
2025-09-15,0.8,000230
2025-09-16,0.8,000230
2025-09-17,0.8,000230
2025-09-18,0.8,000230
2025-09-19,0.8,000230
2025-09-22,0.5,000230
2025-09-23,0.5,000230
2025-09-24,0.14,000230
2025-09-25,0.14,000230
2025-09-26,0.5,000230
2025-09-29,0.8,000230
2025-09-30,0.8,000230
2025-10-01,0.8,000230
2025-10-02,0.8,000230
2025-10-10,0.8,000230
2025-10-13,0.14,000230
2025-10-14,0.14,000230
2025-10-15,0.14,000230
2025-10-16,0.0,000230
2025-10-17,0.0,000230
2025-10-20,0.0,000230
2025-10-21,0.0,000230
2025-10-22,0.0,000230
2025-10-23,0.0,000230
2025-10-24,0.0,000230
2025-10-27,0.14,000230
2025-10-28,0.0,000230
2025-10-29,0.0,000230
2025-10-30,0.0,000230
2025-10-31,0.0,000230
2025-11-03,0.14,000230
2025-11-04,0.5,000230
2025-11-05,0.8,000230
2025-11-06,0.8,000230
2025-11-07,0.8,000230
2025-11-10,0.8,000230
2025-11-11,0.8,000230
2025-11-12,0.8,000230
2025-11-13,0.8,000230
2025-11-14,0.8,000230
2025-11-17,0.8,000230
2025-11-18,0.8,000230
2025-11-19,0.8,000230
2025-11-20,0.8,000230
2025-11-21,0.8,000230
2025-11-24,0.8,000230
2025-11-25,0.8,000230
2025-11-26,0.8,000230
2025-11-27,0.8,000230
2025-11-28,0.8,000230
2024-11-01,0.0,000300
2024-11-04,0.0,000300
2024-11-05,0.0,000300
2024-11-06,0.0,000300
2024-11-07,0.0,000300
2024-11-08,0.0,000300
2024-11-11,0.0,000300
2024-11-12,0.0,000300
2024-11-13,0.0,000300
2024-11-14,0.0,000300
2024-11-15,0.0,000300
2024-11-18,0.0,000300
2024-11-19,0.0,000300
2024-11-20,0.0,000300
2024-11-21,0.0,000300
2024-11-22,0.0,000300
2024-11-25,0.0,000300
2024-11-26,0.0,000300
2024-11-27,0.0,000300
2024-11-28,0.0,000300
2024-11-29,0.0,000300
2024-12-02,0.0,000300
2024-12-03,0.0,000300
2024-12-04,0.0,000300
2024-12-05,0.0,000300
2024-12-06,0.0,000300
2024-12-09,0.0,000300
2024-12-10,0.0,000300
2024-12-11,0.0,000300
2024-12-12,0.0,000300
2024-12-13,0.0,000300
2024-12-16,0.0,000300
2024-12-17,0.0,000300
2024-12-18,0.0,000300
2024-12-19,0.0,000300
2024-12-20,0.0,000300
2024-12-23,0.0,000300
2024-12-24,0.0,000300
2024-12-26,0.0,000300
2024-12-27,0.0,000300
2024-12-30,0.0,000300
2025-01-02,0.0,000300
2025-01-03,0.0,000300
2025-01-06,0.0,000300
2025-01-07,0.0,000300
2025-01-08,0.0,000300
2025-01-09,0.0,000300
2025-01-10,0.0,000300
2025-01-13,0.0,000300
2025-01-14,0.0,000300
2025-01-15,0.0,000300
2025-01-16,0.0,000300
2025-01-17,0.0,000300
2025-01-20,0.0,000300
2025-01-21,0.0,000300
2025-01-22,0.0,000300
2025-01-23,0.0,000300
2025-01-24,0.0,000300
2025-01-31,0.0,000300
2025-02-03,0.0,000300
2025-02-04,0.0,000300
2025-02-05,0.0,000300
2025-02-06,0.0,000300
2025-02-07,0.0,000300
2025-02-10,0.0,000300
2025-02-11,0.0,000300
2025-02-12,0.0,000300
2025-02-13,0.0,000300
2025-02-14,0.0,000300
2025-02-17,0.0,000300
2025-02-18,0.0,000300
2025-02-19,0.0,000300
2025-02-20,0.0,000300
2025-02-21,0.0,000300
2025-02-24,0.0,000300
2025-02-25,0.0,000300
2025-02-26,0.0,000300
2025-02-27,0.0,000300
2025-02-28,0.0,000300
2025-03-04,0.0,000300
2025-03-05,0.0,000300
2025-03-06,0.0,000300
2025-03-07,0.0,000300
2025-03-10,0.0,000300
2025-03-11,0.0,000300
2025-03-12,0.0,000300
2025-03-13,0.0,000300
2025-03-14,0.0,000300
2025-03-17,0.0,000300
2025-03-18,0.0,000300
2025-03-19,0.0,000300
2025-03-20,0.0,000300
2025-03-21,0.0,000300
2025-03-24,0.0,000300
2025-03-25,0.0,000300
2025-03-26,0.0,000300
2025-03-27,0.0,000300
2025-03-28,0.0,000300
2025-03-31,0.0,000300
2025-04-01,0.0,000300
2025-04-02,0.0,000300
2025-04-03,0.0,000300
2025-04-04,0.0,000300
2025-04-07,0.0,000300
2025-04-08,0.0,000300
2025-04-09,0.0,000300
2025-04-10,0.0,000300
2025-04-11,0.0,000300
2025-04-14,0.0,000300
2025-04-15,0.0,000300
2025-04-16,0.0,000300
2025-04-17,0.0,000300
2025-04-18,0.0,000300
2025-04-21,0.0,000300
2025-04-22,0.0,000300
2025-04-23,0.0,000300
2025-04-24,0.0,000300
2025-04-25,0.0,000300
2025-04-28,0.0,000300
2025-04-29,0.0,000300
2025-04-30,0.0,000300
2025-05-02,0.0,000300
2025-05-07,0.0,000300
2025-05-08,0.0,000300
2025-05-09,0.0,000300
2025-05-12,0.0,000300
2025-05-13,0.0,000300
2025-05-14,0.0,000300
2025-05-15,0.0,000300
2025-05-16,0.0,000300
2025-05-19,0.0,000300
2025-05-20,0.0,000300
2025-05-21,0.0,000300
2025-05-22,0.0,000300
2025-05-23,0.0,000300
2025-05-26,0.0,000300
2025-05-27,0.0,000300
2025-05-28,0.0,000300
2025-05-29,0.0,000300
2025-05-30,0.0,000300
2025-06-02,0.0,000300
2025-06-04,0.0,000300
2025-06-05,0.0,000300
2025-06-09,0.0,000300
2025-06-10,0.0,000300
2025-06-11,0.0,000300
2025-06-12,0.0,000300
2025-06-13,0.0,000300
2025-06-16,0.0,000300
2025-06-17,0.0,000300
2025-06-18,0.0,000300
2025-06-19,0.0,000300
2025-06-20,0.0,000300
2025-06-23,0.0,000300
2025-06-24,0.0,000300
2025-06-25,0.0,000300
2025-06-26,0.0,000300
2025-06-27,0.0,000300
2025-06-30,0.0,000300
2025-07-01,0.0,000300
2025-07-02,0.0,000300
2025-07-03,0.0,000300
2025-07-04,0.0,000300
2025-07-07,0.0,000300
2025-07-08,0.0,000300
2025-07-09,0.0,000300
2025-07-10,0.0,000300
2025-07-11,0.0,000300
2025-07-14,0.0,000300
2025-07-15,0.0,000300
2025-07-16,0.0,000300
2025-07-17,0.0,000300
2025-07-18,0.0,000300
2025-07-21,0.0,000300
2025-07-22,0.0,000300
2025-07-23,0.0,000300
2025-07-24,0.0,000300
2025-07-25,0.0,000300
2025-07-28,0.0,000300
2025-07-29,0.0,000300
2025-07-30,0.0,000300
2025-07-31,0.0,000300
2025-08-01,0.0,000300
2025-08-04,0.0,000300
2025-08-05,0.0,000300
2025-08-06,0.0,000300
2025-08-07,0.0,000300
2025-08-08,0.0,000300
2025-08-11,0.0,000300
2025-08-12,0.0,000300
2025-08-13,0.0,000300
2025-08-14,0.0,000300
2025-08-18,0.0,000300
2025-08-19,0.0,000300
2025-08-20,0.0,000300
2025-08-21,0.0,000300
2025-08-22,0.0,000300
2025-08-25,0.0,000300
2025-08-26,0.0,000300
2025-08-27,0.0,000300
2025-08-28,0.0,000300
2025-08-29,0.0,000300
2025-09-01,0.0,000300
2025-09-02,0.0,000300
2025-09-03,0.0,000300
2025-09-04,0.0,000300
2025-09-05,0.0,000300
2025-09-08,0.0,000300
2025-09-09,0.0,000300
2025-09-10,0.0,000300
2025-09-11,0.0,000300
2025-09-12,0.0,000300
2025-09-15,0.0,000300
2025-09-16,0.0,000300
2025-09-17,0.0,000300
2025-09-18,0.0,000300
2025-09-19,0.0,000300
2025-09-22,0.0,000300
2025-09-23,0.0,000300
2025-09-24,0.0,000300
2025-09-25,0.0,000300
2025-09-26,0.0,000300
2025-09-29,0.0,000300
2025-09-30,0.0,000300
2025-10-01,0.0,000300
2025-10-02,0.0,000300
2025-10-10,0.0,000300
2025-10-13,0.0,000300
2025-10-14,0.0,000300
2025-10-15,0.0,000300
2025-10-16,0.0,000300
2025-10-17,0.0,000300
2025-10-20,0.0,000300
2025-10-21,0.0,000300
2025-10-22,0.0,000300
2025-10-23,0.0,000300
2025-10-24,0.0,000300
2025-10-27,0.0,000300
2025-10-28,0.0,000300
2025-10-29,0.0,000300
2025-10-30,0.0,000300
2025-10-31,0.0,000300
2025-11-03,0.0,000300
2025-11-04,0.0,000300
2025-11-05,0.0,000300
2025-11-06,0.0,000300
2025-11-07,0.0,000300
2025-11-10,0.0,000300
2025-11-11,0.0,000300
2025-11-12,0.0,000300
2025-11-13,0.0,000300
2025-11-14,0.0,000300
2025-11-17,0.0,000300
2025-11-18,0.0,000300
2025-11-19,0.0,000300
2025-11-20,0.0,000300
2025-11-21,0.0,000300
2025-11-24,0.0,000300
2025-11-25,0.0,000300
2025-11-26,0.0,000300
2025-11-27,0.0,000300
2025-11-28,0.0,000300
2024-11-01,0.0,000320
2024-11-04,0.0,000320
2024-11-05,0.0,000320
2024-11-06,0.0,000320
2024-11-07,0.0,000320
2024-11-08,0.0,000320
2024-11-11,0.0,000320
2024-11-12,0.0,000320
2024-11-13,0.0,000320
2024-11-14,0.0,000320
2024-11-15,0.0,000320
2024-11-18,0.0,000320
2024-11-19,0.0,000320
2024-11-20,0.0,000320
2024-11-21,0.0,000320
2024-11-22,0.0,000320
2024-11-25,0.0,000320
2024-11-26,0.0,000320
2024-11-27,0.0,000320
2024-11-28,0.7,000320
2024-11-29,0.7,000320
2024-12-02,0.7,000320
2024-12-03,0.7,000320
2024-12-04,0.0,000320
2024-12-05,0.7,000320
2024-12-06,0.7,000320
2024-12-09,0.7,000320
2024-12-10,0.7,000320
2024-12-11,1.0,000320
2024-12-12,1.0,000320
2024-12-13,0.7,000320
2024-12-16,0.7,000320
2024-12-17,0.7,000320
2024-12-18,0.7,000320
2024-12-19,0.0,000320
2024-12-20,0.0,000320
2024-12-23,0.7,000320
2024-12-24,0.0,000320
2024-12-26,0.0,000320
2024-12-27,0.0,000320
2024-12-30,0.0,000320
2025-01-02,0.0,000320
2025-01-03,0.0,000320
2025-01-06,0.0,000320
2025-01-07,0.0,000320
2025-01-08,0.0,000320
2025-01-09,0.0,000320
2025-01-10,0.7,000320
2025-01-13,0.0,000320
2025-01-14,0.0,000320
2025-01-15,0.7,000320
2025-01-16,0.7,000320
2025-01-17,0.7,000320
2025-01-20,0.7,000320
2025-01-21,0.7,000320
2025-01-22,0.7,000320
2025-01-23,0.0,000320
2025-01-24,0.7,000320
2025-01-31,0.7,000320
2025-02-03,0.0,000320
2025-02-04,0.7,000320
2025-02-05,0.7,000320
2025-02-06,0.7,000320
2025-02-07,0.7,000320
2025-02-10,0.7,000320
2025-02-11,0.7,000320
2025-02-12,1.0,000320
2025-02-13,1.0,000320
2025-02-14,1.0,000320
2025-02-17,1.0,000320
2025-02-18,1.0,000320
2025-02-19,1.0,000320
2025-02-20,1.0,000320
2025-02-21,1.0,000320
2025-02-24,1.0,000320
2025-02-25,1.0,000320
2025-02-26,1.0,000320
2025-02-27,1.0,000320
2025-02-28,1.0,000320
2025-03-04,0.14,000320
2025-03-05,1.0,000320
2025-03-06,1.0,000320
2025-03-07,1.0,000320
2025-03-10,1.0,000320
2025-03-11,1.0,000320
2025-03-12,0.14,000320
2025-03-13,0.14,000320
2025-03-14,0.7,000320
2025-03-17,0.7,000320
2025-03-18,0.7,000320
2025-03-19,0.7,000320
2025-03-20,0.7,000320
2025-03-21,0.7,000320
2025-03-24,0.7,000320
2025-03-25,0.7,000320
2025-03-26,0.14,000320
2025-03-27,0.14,000320
2025-03-28,0.14,000320
2025-03-31,0.14,000320
2025-04-01,0.14,000320
2025-04-02,0.14,000320
2025-04-03,0.0,000320
2025-04-04,0.14,000320
2025-04-07,0.0,000320
2025-04-08,0.0,000320
2025-04-09,0.0,000320
2025-04-10,0.0,000320
2025-04-11,0.7,000320
2025-04-14,0.7,000320
2025-04-15,0.7,000320
2025-04-16,0.7,000320
2025-04-17,0.7,000320
2025-04-18,0.7,000320
2025-04-21,0.7,000320
2025-04-22,0.7,000320
2025-04-23,0.7,000320
2025-04-24,1.0,000320
2025-04-25,1.0,000320
2025-04-28,1.0,000320
2025-04-29,1.0,000320
2025-04-30,1.0,000320
2025-05-02,1.0,000320
2025-05-07,1.0,000320
2025-05-08,1.0,000320
2025-05-09,1.0,000320
2025-05-12,1.0,000320
2025-05-13,1.0,000320
2025-05-14,1.0,000320
2025-05-15,1.0,000320
2025-05-16,1.0,000320
2025-05-19,1.0,000320
2025-05-20,1.0,000320
2025-05-21,1.0,000320
2025-05-22,1.0,000320
2025-05-23,1.0,000320
2025-05-26,1.0,000320
2025-05-27,1.0,000320
2025-05-28,1.0,000320
2025-05-29,1.0,000320
2025-05-30,1.0,000320
2025-06-02,1.0,000320
2025-06-04,1.0,000320
2025-06-05,0.8,000320
2025-06-09,0.8,000320
2025-06-10,0.8,000320
2025-06-11,0.8,000320
2025-06-12,0.8,000320
2025-06-13,0.8,000320
2025-06-16,0.8,000320
2025-06-17,0.8,000320
2025-06-18,0.8,000320
2025-06-19,0.8,000320
2025-06-20,0.8,000320
2025-06-23,0.8,000320
2025-06-24,0.8,000320
2025-06-25,0.8,000320
2025-06-26,0.8,000320
2025-06-27,0.8,000320
2025-06-30,0.8,000320
2025-07-01,0.8,000320
2025-07-02,0.8,000320
2025-07-03,0.8,000320
2025-07-04,0.14,000320
2025-07-07,0.14,000320
2025-07-08,0.8,000320
2025-07-09,0.8,000320
2025-07-10,0.8,000320
2025-07-11,0.8,000320
2025-07-14,0.8,000320
2025-07-15,0.8,000320
2025-07-16,0.8,000320
2025-07-17,0.8,000320
2025-07-18,0.14,000320
2025-07-21,0.14,000320
2025-07-22,0.14,000320
2025-07-23,0.14,000320
2025-07-24,0.14,000320
2025-07-25,0.14,000320
2025-07-28,0.14,000320
2025-07-29,0.14,000320
2025-07-30,0.14,000320
2025-07-31,0.14,000320
2025-08-01,0.14,000320
2025-08-04,0.14,000320
2025-08-05,0.14,000320
2025-08-06,0.5,000320
2025-08-07,0.5,000320
2025-08-08,0.5,000320
2025-08-11,0.8,000320
2025-08-12,0.8,000320
2025-08-13,0.8,000320
2025-08-14,0.8,000320
2025-08-18,0.8,000320
2025-08-19,0.8,000320
2025-08-20,0.8,000320
2025-08-21,0.8,000320
2025-08-22,0.8,000320
2025-08-25,0.8,000320
2025-08-26,0.8,000320
2025-08-27,0.8,000320
2025-08-28,0.8,000320
2025-08-29,0.8,000320
2025-09-01,0.8,000320
2025-09-02,0.8,000320
2025-09-03,0.8,000320
2025-09-04,0.8,000320
2025-09-05,0.8,000320
2025-09-08,0.8,000320
2025-09-09,0.8,000320
2025-09-10,0.8,000320
2025-09-11,0.8,000320
2025-09-12,0.8,000320
2025-09-15,0.8,000320
2025-09-16,0.8,000320
2025-09-17,0.14,000320
2025-09-18,0.14,000320
2025-09-19,0.14,000320
2025-09-22,0.14,000320
2025-09-23,0.14,000320
2025-09-24,0.14,000320
2025-09-25,0.0,000320
2025-09-26,0.0,000320
2025-09-29,0.0,000320
2025-09-30,0.0,000320
2025-10-01,0.0,000320
2025-10-02,0.0,000320
2025-10-10,0.0,000320
2025-10-13,0.0,000320
2025-10-14,0.0,000320
2025-10-15,0.0,000320
2025-10-16,0.0,000320
2025-10-17,0.0,000320
2025-10-20,0.0,000320
2025-10-21,0.0,000320
2025-10-22,0.0,000320
2025-10-23,0.0,000320
2025-10-24,0.0,000320
2025-10-27,0.0,000320
2025-10-28,0.0,000320
2025-10-29,0.0,000320
2025-10-30,0.0,000320
2025-10-31,0.0,000320
2025-11-03,0.0,000320
2025-11-04,0.0,000320
2025-11-05,0.0,000320
2025-11-06,0.7,000320
2025-11-07,0.0,000320
2025-11-10,0.5,000320
2025-11-11,0.5,000320
2025-11-12,0.5,000320
2025-11-13,0.5,000320
2025-11-14,0.5,000320
2025-11-17,0.0,000320
2025-11-18,0.0,000320
2025-11-19,0.0,000320
2025-11-20,0.0,000320
2025-11-21,0.0,000320
2025-11-24,0.0,000320
2025-11-25,0.0,000320
2025-11-26,0.0,000320
2025-11-27,0.0,000320
2025-11-28,0.0,000320
2024-11-01,0.0,000390
2024-11-04,0.0,000390
2024-11-05,0.0,000390
2024-11-06,0.0,000390
2024-11-07,0.0,000390
2024-11-08,0.0,000390
2024-11-11,0.0,000390
2024-11-12,0.0,000390
2024-11-13,0.0,000390
2024-11-14,0.0,000390
2024-11-15,0.0,000390
2024-11-18,0.0,000390
2024-11-19,0.0,000390
2024-11-20,0.0,000390
2024-11-21,0.0,000390
2024-11-22,0.0,000390
2024-11-25,0.0,000390
2024-11-26,0.0,000390
2024-11-27,0.0,000390
2024-11-28,0.0,000390
2024-11-29,0.0,000390
2024-12-02,0.0,000390
2024-12-03,0.0,000390
2024-12-04,0.0,000390
2024-12-05,0.0,000390
2024-12-06,0.0,000390
2024-12-09,0.0,000390
2024-12-10,0.0,000390
2024-12-11,0.0,000390
2024-12-12,0.0,000390
2024-12-13,0.7,000390
2024-12-16,0.7,000390
2024-12-17,0.7,000390
2024-12-18,0.7,000390
2024-12-19,0.7,000390
2024-12-20,0.0,000390
2024-12-23,0.7,000390
2024-12-24,0.7,000390
2024-12-26,0.7,000390
2024-12-27,0.0,000390
2024-12-30,0.0,000390
2025-01-02,0.0,000390
2025-01-03,0.0,000390
2025-01-06,0.0,000390
2025-01-07,0.0,000390
2025-01-08,0.0,000390
2025-01-09,0.0,000390
2025-01-10,0.0,000390
2025-01-13,0.0,000390
2025-01-14,0.0,000390
2025-01-15,0.0,000390
2025-01-16,0.0,000390
2025-01-17,0.0,000390
2025-01-20,0.0,000390
2025-01-21,0.0,000390
2025-01-22,0.0,000390
2025-01-23,0.0,000390
2025-01-24,0.0,000390
2025-01-31,0.0,000390
2025-02-03,0.0,000390
2025-02-04,0.0,000390
2025-02-05,0.0,000390
2025-02-06,0.7,000390
2025-02-07,0.0,000390
2025-02-10,0.7,000390
2025-02-11,0.7,000390
2025-02-12,0.7,000390
2025-02-13,0.7,000390
2025-02-14,0.7,000390
2025-02-17,0.7,000390
2025-02-18,0.7,000390
2025-02-19,0.7,000390
2025-02-20,0.7,000390
2025-02-21,0.7,000390
2025-02-24,1.0,000390
2025-02-25,1.0,000390
2025-02-26,1.0,000390
2025-02-27,0.7,000390
2025-02-28,0.0,000390
2025-03-04,0.0,000390
2025-03-05,0.14,000390
2025-03-06,0.14,000390
2025-03-07,0.14,000390
2025-03-10,0.14,000390
2025-03-11,0.0,000390
2025-03-12,0.0,000390
2025-03-13,0.0,000390
2025-03-14,0.0,000390
2025-03-17,0.7,000390
2025-03-18,0.7,000390
2025-03-19,0.14,000390
2025-03-20,0.0,000390
2025-03-21,0.0,000390
2025-03-24,0.14,000390
2025-03-25,0.0,000390
2025-03-26,0.0,000390
2025-03-27,0.0,000390
2025-03-28,0.0,000390
2025-03-31,0.0,000390
2025-04-01,0.0,000390
2025-04-02,0.0,000390
2025-04-03,0.0,000390
2025-04-04,0.0,000390
2025-04-07,0.0,000390
2025-04-08,0.0,000390
2025-04-09,0.0,000390
2025-04-10,0.0,000390
2025-04-11,0.0,000390
2025-04-14,0.0,000390
2025-04-15,0.0,000390
2025-04-16,0.0,000390
2025-04-17,0.0,000390
2025-04-18,0.7,000390
2025-04-21,0.7,000390
2025-04-22,0.7,000390
2025-04-23,0.7,000390
2025-04-24,0.7,000390
2025-04-25,0.7,000390
2025-04-28,0.7,000390
2025-04-29,0.7,000390
2025-04-30,0.7,000390
2025-05-02,0.7,000390
2025-05-07,0.7,000390
2025-05-08,1.0,000390
2025-05-09,1.0,000390
2025-05-12,1.0,000390
2025-05-13,1.0,000390
2025-05-14,1.0,000390
2025-05-15,1.0,000390
2025-05-16,0.0,000390
2025-05-19,0.0,000390
2025-05-20,0.0,000390
2025-05-21,0.0,000390
2025-05-22,0.0,000390
2025-05-23,0.0,000390
2025-05-26,0.0,000390
2025-05-27,0.7,000390
2025-05-28,0.7,000390
2025-05-29,0.7,000390
2025-05-30,0.7,000390
2025-06-02,0.7,000390
2025-06-04,0.7,000390
2025-06-05,0.7,000390
2025-06-09,0.7,000390
2025-06-10,0.7,000390
2025-06-11,0.7,000390
2025-06-12,0.7,000390
2025-06-13,0.7,000390
2025-06-16,0.7,000390
2025-06-17,0.7,000390
2025-06-18,0.7,000390
2025-06-19,0.14,000390
2025-06-20,0.7,000390
2025-06-23,0.7,000390
2025-06-24,1.0,000390
2025-06-25,1.0,000390
2025-06-26,0.7,000390
2025-06-27,0.14,000390
2025-06-30,0.14,000390
2025-07-01,0.7,000390
2025-07-02,0.7,000390
2025-07-03,0.7,000390
2025-07-04,0.7,000390
2025-07-07,0.7,000390
2025-07-08,0.7,000390
2025-07-09,0.7,000390
2025-07-10,0.7,000390
2025-07-11,0.7,000390
2025-07-14,0.7,000390
2025-07-15,0.7,000390
2025-07-16,0.7,000390
2025-07-17,0.7,000390
2025-07-18,0.7,000390
2025-07-21,0.7,000390
2025-07-22,0.7,000390
2025-07-23,0.7,000390
2025-07-24,0.14,000390
2025-07-25,0.14,000390
2025-07-28,0.14,000390
2025-07-29,0.14,000390
2025-07-30,0.14,000390
2025-07-31,0.14,000390
2025-08-01,0.0,000390
2025-08-04,0.0,000390
2025-08-05,0.0,000390
2025-08-06,0.14,000390
2025-08-07,0.0,000390
2025-08-08,0.14,000390
2025-08-11,0.14,000390
2025-08-12,0.14,000390
2025-08-13,0.7,000390
2025-08-14,0.0,000390
2025-08-18,0.0,000390
2025-08-19,0.0,000390
2025-08-20,0.0,000390
2025-08-21,0.0,000390
2025-08-22,0.0,000390
2025-08-25,0.0,000390
2025-08-26,0.0,000390
2025-08-27,0.0,000390
2025-08-28,0.0,000390
2025-08-29,0.0,000390
2025-09-01,0.0,000390
2025-09-02,0.0,000390
2025-09-03,0.0,000390
2025-09-04,0.0,000390
2025-09-05,0.0,000390
2025-09-08,0.7,000390
2025-09-09,0.7,000390
2025-09-10,0.7,000390
2025-09-11,0.7,000390
2025-09-12,0.7,000390
2025-09-15,0.7,000390
2025-09-16,0.7,000390
2025-09-17,0.7,000390
2025-09-18,0.7,000390
2025-09-19,0.0,000390
2025-09-22,0.0,000390
2025-09-23,0.0,000390
2025-09-24,0.0,000390
2025-09-25,0.0,000390
2025-09-26,0.0,000390
2025-09-29,0.0,000390
2025-09-30,0.0,000390
2025-10-01,0.0,000390
2025-10-02,0.0,000390
2025-10-10,0.0,000390
2025-10-13,0.0,000390
2025-10-14,0.0,000390
2025-10-15,0.0,000390
2025-10-16,0.0,000390
2025-10-17,0.0,000390
2025-10-20,0.0,000390
2025-10-21,0.0,000390
2025-10-22,0.0,000390
2025-10-23,0.0,000390
2025-10-24,0.0,000390
2025-10-27,0.0,000390
2025-10-28,0.0,000390
2025-10-29,0.0,000390
2025-10-30,0.0,000390
2025-10-31,0.0,000390
2025-11-03,0.0,000390
2025-11-04,0.0,000390
2025-11-05,0.0,000390
2025-11-06,0.0,000390
2025-11-07,0.0,000390
2025-11-10,0.0,000390
2025-11-11,0.0,000390
2025-11-12,0.0,000390
2025-11-13,0.7,000390
2025-11-14,0.0,000390
2025-11-17,0.0,000390
2025-11-18,0.0,000390
2025-11-19,0.0,000390
2025-11-20,0.0,000390
2025-11-21,0.0,000390
2025-11-24,0.0,000390
2025-11-25,0.0,000390
2025-11-26,0.0,000390
2025-11-27,0.7,000390
2025-11-28,0.7,000390
2024-11-01,0.0,000400
2024-11-04,0.0,000400
2024-11-05,0.0,000400
2024-11-06,0.0,000400
2024-11-07,0.0,000400
2024-11-08,0.0,000400
2024-11-11,0.0,000400
2024-11-12,0.0,000400
2024-11-13,0.0,000400
2024-11-14,0.0,000400
2024-11-15,0.0,000400
2024-11-18,0.0,000400
2024-11-19,0.0,000400
2024-11-20,0.0,000400
2024-11-21,0.0,000400
2024-11-22,0.0,000400
2024-11-25,0.0,000400
2024-11-26,0.0,000400
2024-11-27,0.0,000400
2024-11-28,0.0,000400
2024-11-29,0.0,000400
2024-12-02,0.0,000400
2024-12-03,0.7,000400
2024-12-04,0.0,000400
2024-12-05,0.0,000400
2024-12-06,0.0,000400
2024-12-09,0.0,000400
2024-12-10,0.0,000400
2024-12-11,0.0,000400
2024-12-12,0.7,000400
2024-12-13,0.7,000400
2024-12-16,0.7,000400
2024-12-17,0.7,000400
2024-12-18,0.7,000400
2024-12-19,0.0,000400
2024-12-20,0.0,000400
2024-12-23,0.7,000400
2024-12-24,0.7,000400
2024-12-26,0.7,000400
2024-12-27,0.5,000400
2024-12-30,0.0,000400
2025-01-02,0.0,000400
2025-01-03,0.7,000400
2025-01-06,0.7,000400
2025-01-07,0.7,000400
2025-01-08,1.0,000400
2025-01-09,1.0,000400
2025-01-10,1.0,000400
2025-01-13,0.7,000400
2025-01-14,0.0,000400
2025-01-15,0.0,000400
2025-01-16,0.0,000400
2025-01-17,0.0,000400
2025-01-20,0.0,000400
2025-01-21,0.0,000400
2025-01-22,0.0,000400
2025-01-23,0.0,000400
2025-01-24,0.0,000400
2025-01-31,0.0,000400
2025-02-03,0.0,000400
2025-02-04,0.0,000400
2025-02-05,0.0,000400
2025-02-06,0.0,000400
2025-02-07,0.0,000400
2025-02-10,0.0,000400
2025-02-11,0.0,000400
2025-02-12,0.0,000400
2025-02-13,0.0,000400
2025-02-14,0.0,000400
2025-02-17,0.0,000400
2025-02-18,0.0,000400
2025-02-19,0.0,000400
2025-02-20,0.0,000400
2025-02-21,0.0,000400
2025-02-24,0.0,000400
2025-02-25,0.0,000400
2025-02-26,0.0,000400
2025-02-27,0.0,000400
2025-02-28,0.0,000400
2025-03-04,0.0,000400
2025-03-05,0.0,000400
2025-03-06,0.0,000400
2025-03-07,0.0,000400
2025-03-10,0.0,000400
2025-03-11,0.0,000400
2025-03-12,0.7,000400
2025-03-13,0.7,000400
2025-03-14,0.7,000400
2025-03-17,0.0,000400
2025-03-18,0.0,000400
2025-03-19,0.0,000400
2025-03-20,0.0,000400
2025-03-21,0.0,000400
2025-03-24,0.0,000400
2025-03-25,0.0,000400
2025-03-26,0.0,000400
2025-03-27,0.0,000400
2025-03-28,0.0,000400
2025-03-31,0.0,000400
2025-04-01,0.0,000400
2025-04-02,0.0,000400
2025-04-03,0.0,000400
2025-04-04,0.0,000400
2025-04-07,0.0,000400
2025-04-08,0.0,000400
2025-04-09,0.0,000400
2025-04-10,0.0,000400
2025-04-11,0.0,000400
2025-04-14,0.0,000400
2025-04-15,0.0,000400
2025-04-16,0.0,000400
2025-04-17,0.0,000400
2025-04-18,0.0,000400
2025-04-21,0.0,000400
2025-04-22,0.7,000400
2025-04-23,0.7,000400
2025-04-24,0.7,000400
2025-04-25,0.7,000400
2025-04-28,0.7,000400
2025-04-29,0.7,000400
2025-04-30,0.7,000400
2025-05-02,0.7,000400
2025-05-07,0.7,000400
2025-05-08,0.0,000400
2025-05-09,0.0,000400
2025-05-12,0.0,000400
2025-05-13,0.0,000400
2025-05-14,0.0,000400
2025-05-15,0.0,000400
2025-05-16,0.0,000400
2025-05-19,0.0,000400
2025-05-20,0.0,000400
2025-05-21,0.0,000400
2025-05-22,0.0,000400
2025-05-23,0.0,000400
2025-05-26,0.0,000400
2025-05-27,0.0,000400
2025-05-28,0.0,000400
2025-05-29,0.7,000400
2025-05-30,0.7,000400
2025-06-02,0.7,000400
2025-06-04,0.7,000400
2025-06-05,0.7,000400
2025-06-09,1.0,000400
2025-06-10,1.0,000400
2025-06-11,1.0,000400
2025-06-12,1.0,000400
2025-06-13,1.0,000400
2025-06-16,1.0,000400
2025-06-17,1.0,000400
2025-06-18,1.0,000400
2025-06-19,1.0,000400
2025-06-20,1.0,000400
2025-06-23,1.0,000400
2025-06-24,1.0,000400
2025-06-25,1.0,000400
2025-06-26,0.8,000400
2025-06-27,0.8,000400
2025-06-30,0.8,000400
2025-07-01,0.8,000400
2025-07-02,0.8,000400
2025-07-03,0.8,000400
2025-07-04,0.8,000400
2025-07-07,0.8,000400
2025-07-08,0.8,000400
2025-07-09,0.8,000400
2025-07-10,0.8,000400
2025-07-11,0.8,000400
2025-07-14,0.8,000400
2025-07-15,0.8,000400
2025-07-16,0.8,000400
2025-07-17,1.0,000400
2025-07-18,1.0,000400
2025-07-21,1.0,000400
2025-07-22,0.8,000400
2025-07-23,0.5,000400
2025-07-24,0.14,000400
2025-07-25,0.14,000400
2025-07-28,0.14,000400
2025-07-29,0.14,000400
2025-07-30,0.14,000400
2025-07-31,0.14,000400
2025-08-01,0.0,000400
2025-08-04,0.0,000400
2025-08-05,0.0,000400
2025-08-06,0.14,000400
2025-08-07,0.14,000400
2025-08-08,0.0,000400
2025-08-11,0.0,000400
2025-08-12,0.0,000400
2025-08-13,0.0,000400
2025-08-14,0.0,000400
2025-08-18,0.0,000400
2025-08-19,0.0,000400
2025-08-20,0.0,000400
2025-08-21,0.0,000400
2025-08-22,0.0,000400
2025-08-25,0.0,000400
2025-08-26,0.0,000400
2025-08-27,0.0,000400
2025-08-28,0.0,000400
2025-08-29,0.0,000400
2025-09-01,0.0,000400
2025-09-02,0.0,000400
2025-09-03,0.0,000400
2025-09-04,0.0,000400
2025-09-05,0.0,000400
2025-09-08,0.0,000400
2025-09-09,0.0,000400
2025-09-10,0.0,000400
2025-09-11,0.0,000400
2025-09-12,1.0,000400
2025-09-15,1.0,000400
2025-09-16,1.0,000400
2025-09-17,0.8,000400
2025-09-18,0.8,000400
2025-09-19,0.8,000400
2025-09-22,0.8,000400
2025-09-23,0.8,000400
2025-09-24,0.8,000400
2025-09-25,0.8,000400
2025-09-26,0.8,000400
2025-09-29,0.8,000400
2025-09-30,0.8,000400
2025-10-01,0.8,000400
2025-10-02,0.8,000400
2025-10-10,0.8,000400
2025-10-13,0.8,000400
2025-10-14,0.8,000400
2025-10-15,0.8,000400
2025-10-16,0.8,000400
2025-10-17,0.14,000400
2025-10-20,0.14,000400
2025-10-21,0.14,000400
2025-10-22,0.14,000400
2025-10-23,0.14,000400
2025-10-24,0.14,000400
2025-10-27,0.5,000400
2025-10-28,0.5,000400
2025-10-29,0.14,000400
2025-10-30,0.14,000400
2025-10-31,0.14,000400
2025-11-03,0.14,000400
2025-11-04,0.14,000400
2025-11-05,0.14,000400
2025-11-06,0.14,000400
2025-11-07,0.14,000400
2025-11-10,0.14,000400
2025-11-11,0.0,000400
2025-11-12,0.0,000400
2025-11-13,0.14,000400
2025-11-14,0.0,000400
2025-11-17,0.0,000400
2025-11-18,0.0,000400
2025-11-19,0.0,000400
2025-11-20,0.0,000400
2025-11-21,0.0,000400
2025-11-24,0.0,000400
2025-11-25,0.0,000400
2025-11-26,0.0,000400
2025-11-27,0.0,000400
2025-11-28,0.7,000400
2024-11-01,0.0,000430
2024-11-04,0.0,000430
2024-11-05,0.0,000430
2024-11-06,0.0,000430
2024-11-07,0.0,000430
2024-11-08,0.0,000430
2024-11-11,0.0,000430
2024-11-12,0.0,000430
2024-11-13,0.0,000430
2024-11-14,0.0,000430
2024-11-15,0.0,000430
2024-11-18,0.0,000430
2024-11-19,0.0,000430
2024-11-20,0.0,000430
2024-11-21,0.0,000430
2024-11-22,0.0,000430
2024-11-25,0.0,000430
2024-11-26,0.0,000430
2024-11-27,0.0,000430
2024-11-28,0.0,000430
2024-11-29,0.0,000430
2024-12-02,0.0,000430
2024-12-03,0.0,000430
2024-12-04,0.0,000430
2024-12-05,0.0,000430
2024-12-06,0.0,000430
2024-12-09,0.0,000430
2024-12-10,0.7,000430
2024-12-11,0.7,000430
2024-12-12,0.7,000430
2024-12-13,0.7,000430
2024-12-16,0.7,000430
2024-12-17,0.7,000430
2024-12-18,1.0,000430
2024-12-19,0.7,000430
2024-12-20,0.7,000430
2024-12-23,0.7,000430
2024-12-24,0.7,000430
2024-12-26,0.7,000430
2024-12-27,0.7,000430
2024-12-30,0.7,000430
2025-01-02,0.0,000430
2025-01-03,0.0,000430
2025-01-06,0.7,000430
2025-01-07,0.7,000430
2025-01-08,1.0,000430
2025-01-09,1.0,000430
2025-01-10,0.7,000430
2025-01-13,0.7,000430
2025-01-14,0.7,000430
2025-01-15,0.7,000430
2025-01-16,0.0,000430
2025-01-17,0.0,000430
2025-01-20,0.0,000430
2025-01-21,0.0,000430
2025-01-22,0.0,000430
2025-01-23,0.0,000430
2025-01-24,0.0,000430
2025-01-31,0.0,000430
2025-02-03,0.0,000430
2025-02-04,0.0,000430
2025-02-05,0.0,000430
2025-02-06,0.0,000430
2025-02-07,0.0,000430
2025-02-10,0.0,000430
2025-02-11,0.0,000430
2025-02-12,0.0,000430
2025-02-13,0.0,000430
2025-02-14,0.0,000430
2025-02-17,0.0,000430
2025-02-18,0.0,000430
2025-02-19,0.0,000430
2025-02-20,0.0,000430
2025-02-21,0.0,000430
2025-02-24,0.7,000430
2025-02-25,0.7,000430
2025-02-26,0.7,000430
2025-02-27,0.7,000430
2025-02-28,0.0,000430
2025-03-04,0.0,000430
2025-03-05,0.7,000430
2025-03-06,0.7,000430
2025-03-07,0.7,000430
2025-03-10,0.0,000430
2025-03-11,0.0,000430
2025-03-12,0.0,000430
2025-03-13,0.0,000430
2025-03-14,0.0,000430
2025-03-17,0.0,000430
2025-03-18,0.0,000430
2025-03-19,0.0,000430
2025-03-20,0.0,000430
2025-03-21,0.0,000430
2025-03-24,0.0,000430
2025-03-25,0.0,000430
2025-03-26,0.0,000430
2025-03-27,0.0,000430
2025-03-28,0.0,000430
2025-03-31,0.0,000430
2025-04-01,0.0,000430
2025-04-02,0.0,000430
2025-04-03,0.0,000430
2025-04-04,0.0,000430
2025-04-07,0.0,000430
2025-04-08,0.0,000430
2025-04-09,0.0,000430
2025-04-10,0.0,000430
2025-04-11,0.0,000430
2025-04-14,0.7,000430
2025-04-15,1.0,000430
2025-04-16,1.0,000430
2025-04-17,0.7,000430
2025-04-18,0.7,000430
2025-04-21,0.5,000430
2025-04-22,0.5,000430
2025-04-23,0.7,000430
2025-04-24,0.7,000430
2025-04-25,1.0,000430
2025-04-28,1.0,000430
2025-04-29,1.0,000430
2025-04-30,1.0,000430
2025-05-02,1.0,000430
2025-05-07,1.0,000430
2025-05-08,1.0,000430
2025-05-09,1.0,000430
2025-05-12,1.0,000430
2025-05-13,1.0,000430
2025-05-14,1.0,000430
2025-05-15,0.14,000430
2025-05-16,0.7,000430
2025-05-19,0.14,000430
2025-05-20,0.14,000430
2025-05-21,0.14,000430
2025-05-22,0.0,000430
2025-05-23,0.0,000430
2025-05-26,0.0,000430
2025-05-27,0.0,000430
2025-05-28,0.0,000430
2025-05-29,0.14,000430
2025-05-30,0.14,000430
2025-06-02,0.14,000430
2025-06-04,0.14,000430
2025-06-05,0.7,000430
2025-06-09,0.7,000430
2025-06-10,0.7,000430
2025-06-11,0.7,000430
2025-06-12,0.7,000430
2025-06-13,0.7,000430
2025-06-16,0.7,000430
2025-06-17,0.7,000430
2025-06-18,0.7,000430
2025-06-19,0.7,000430
2025-06-20,0.7,000430
2025-06-23,0.0,000430
2025-06-24,0.7,000430
2025-06-25,0.7,000430
2025-06-26,1.0,000430
2025-06-27,0.0,000430
2025-06-30,0.0,000430
2025-07-01,0.7,000430
2025-07-02,0.7,000430
2025-07-03,0.7,000430
2025-07-04,0.14,000430
2025-07-07,0.0,000430
2025-07-08,0.14,000430
2025-07-09,0.0,000430
2025-07-10,0.0,000430
2025-07-11,0.7,000430
2025-07-14,0.7,000430
2025-07-15,0.7,000430
2025-07-16,0.0,000430
2025-07-17,0.0,000430
2025-07-18,0.0,000430
2025-07-21,0.0,000430
2025-07-22,0.0,000430
2025-07-23,0.0,000430
2025-07-24,0.0,000430
2025-07-25,0.0,000430
2025-07-28,0.0,000430
2025-07-29,0.0,000430
2025-07-30,0.0,000430
2025-07-31,0.0,000430
2025-08-01,0.0,000430
2025-08-04,0.0,000430
2025-08-05,0.0,000430
2025-08-06,0.0,000430
2025-08-07,0.0,000430
2025-08-08,0.0,000430
2025-08-11,0.0,000430
2025-08-12,0.0,000430
2025-08-13,0.7,000430
2025-08-14,0.7,000430
2025-08-18,0.7,000430
2025-08-19,1.0,000430
2025-08-20,1.0,000430
2025-08-21,1.0,000430
2025-08-22,1.0,000430
2025-08-25,1.0,000430
2025-08-26,1.0,000430
2025-08-27,1.0,000430
2025-08-28,1.0,000430
2025-08-29,1.0,000430
2025-09-01,1.0,000430
2025-09-02,0.8,000430
2025-09-03,0.8,000430
2025-09-04,0.8,000430
2025-09-05,0.8,000430
2025-09-08,1.0,000430
2025-09-09,0.14,000430
2025-09-10,0.14,000430
2025-09-11,0.14,000430
2025-09-12,0.14,000430
2025-09-15,0.14,000430
2025-09-16,0.14,000430
2025-09-17,0.14,000430
2025-09-18,0.14,000430
2025-09-19,0.14,000430
2025-09-22,0.14,000430
2025-09-23,0.0,000430
2025-09-24,0.0,000430
2025-09-25,0.14,000430
2025-09-26,0.0,000430
2025-09-29,0.0,000430
2025-09-30,0.0,000430
2025-10-01,0.0,000430
2025-10-02,0.0,000430
2025-10-10,0.0,000430
2025-10-13,0.0,000430
2025-10-14,0.0,000430
2025-10-15,0.0,000430
2025-10-16,0.0,000430
2025-10-17,0.7,000430
2025-10-20,0.7,000430
2025-10-21,0.7,000430
2025-10-22,0.7,000430
2025-10-23,0.7,000430
2025-10-24,0.7,000430
2025-10-27,0.7,000430
2025-10-28,0.7,000430
2025-10-29,1.0,000430
2025-10-30,1.0,000430
2025-10-31,1.0,000430
2025-11-03,1.0,000430
2025-11-04,1.0,000430
2025-11-05,1.0,000430
2025-11-06,1.0,000430
2025-11-07,1.0,000430
2025-11-10,1.0,000430
2025-11-11,1.0,000430
2025-11-12,1.0,000430
2025-11-13,1.0,000430
2025-11-14,1.0,000430
2025-11-17,0.0,000430
2025-11-18,0.0,000430
2025-11-19,0.0,000430
2025-11-20,0.0,000430
2025-11-21,0.0,000430
2025-11-24,0.0,000430
2025-11-25,0.0,000430
2025-11-26,0.0,000430
2025-11-27,0.0,000430
2025-11-28,0.0,000430
2024-11-01,0.0,000480
2024-11-04,0.0,000480
2024-11-05,0.0,000480
2024-11-06,0.0,000480
2024-11-07,0.0,000480
2024-11-08,0.0,000480
2024-11-11,0.0,000480
2024-11-12,0.0,000480
2024-11-13,0.0,000480
2024-11-14,0.0,000480
2024-11-15,0.0,000480
2024-11-18,0.0,000480
2024-11-19,0.0,000480
2024-11-20,0.0,000480
2024-11-21,0.0,000480
2024-11-22,0.0,000480
2024-11-25,0.0,000480
2024-11-26,0.0,000480
2024-11-27,0.0,000480
2024-11-28,0.7,000480
2024-11-29,0.7,000480
2024-12-02,0.7,000480
2024-12-03,0.7,000480
2024-12-04,0.7,000480
2024-12-05,0.7,000480
2024-12-06,0.7,000480
2024-12-09,0.0,000480
2024-12-10,0.7,000480
2024-12-11,0.7,000480
2024-12-12,0.7,000480
2024-12-13,0.7,000480
2024-12-16,0.7,000480
2024-12-17,0.7,000480
2024-12-18,0.7,000480
2024-12-19,0.7,000480
2024-12-20,0.7,000480
2024-12-23,0.7,000480
2024-12-24,0.7,000480
2024-12-26,0.7,000480
2024-12-27,0.0,000480
2024-12-30,0.0,000480
2025-01-02,0.0,000480
2025-01-03,0.0,000480
2025-01-06,0.0,000480
2025-01-07,0.0,000480
2025-01-08,0.0,000480
2025-01-09,0.0,000480
2025-01-10,0.0,000480
2025-01-13,0.0,000480
2025-01-14,0.0,000480
2025-01-15,0.0,000480
2025-01-16,0.0,000480
2025-01-17,0.0,000480
2025-01-20,0.0,000480
2025-01-21,0.0,000480
2025-01-22,0.0,000480
2025-01-23,0.0,000480
2025-01-24,0.0,000480
2025-01-31,0.0,000480
2025-02-03,0.0,000480
2025-02-04,0.0,000480
2025-02-05,0.0,000480
2025-02-06,0.0,000480
2025-02-07,0.0,000480
2025-02-10,0.0,000480
2025-02-11,0.0,000480
2025-02-12,0.0,000480
2025-02-13,0.0,000480
2025-02-14,0.0,000480
2025-02-17,0.0,000480
2025-02-18,0.0,000480
2025-02-19,0.0,000480
2025-02-20,0.0,000480
2025-02-21,0.0,000480
2025-02-24,0.0,000480
2025-02-25,0.0,000480
2025-02-26,0.0,000480
2025-02-27,0.0,000480
2025-02-28,0.0,000480
2025-03-04,0.0,000480
2025-03-05,0.0,000480
2025-03-06,0.0,000480
2025-03-07,0.0,000480
2025-03-10,0.0,000480
2025-03-11,0.0,000480
2025-03-12,0.0,000480
2025-03-13,0.0,000480
2025-03-14,0.0,000480
2025-03-17,0.0,000480
2025-03-18,0.0,000480
2025-03-19,0.0,000480
2025-03-20,0.0,000480
2025-03-21,0.0,000480
2025-03-24,0.0,000480
2025-03-25,0.0,000480
2025-03-26,0.0,000480
2025-03-27,0.0,000480
2025-03-28,0.0,000480
2025-03-31,0.0,000480
2025-04-01,0.0,000480
2025-04-02,0.0,000480
2025-04-03,0.0,000480
2025-04-04,0.0,000480
2025-04-07,0.0,000480
2025-04-08,0.0,000480
2025-04-09,0.0,000480
2025-04-10,0.0,000480
2025-04-11,0.0,000480
2025-04-14,0.0,000480
2025-04-15,0.0,000480
2025-04-16,0.7,000480
2025-04-17,0.7,000480
2025-04-18,0.7,000480
2025-04-21,0.7,000480
2025-04-22,0.7,000480
2025-04-23,0.7,000480
2025-04-24,0.7,000480
2025-04-25,0.7,000480
2025-04-28,0.7,000480
2025-04-29,0.7,000480
2025-04-30,0.7,000480
2025-05-02,1.0,000480
2025-05-07,1.0,000480
2025-05-08,1.0,000480
2025-05-09,1.0,000480
2025-05-12,1.0,000480
2025-05-13,1.0,000480
2025-05-14,1.0,000480
2025-05-15,1.0,000480
2025-05-16,0.0,000480
2025-05-19,0.0,000480
2025-05-20,0.7,000480
2025-05-21,0.7,000480
2025-05-22,0.7,000480
2025-05-23,0.7,000480
2025-05-26,0.7,000480
2025-05-27,0.7,000480
2025-05-28,0.7,000480
2025-05-29,1.0,000480
2025-05-30,0.7,000480
2025-06-02,0.7,000480
2025-06-04,0.7,000480
2025-06-05,0.7,000480
2025-06-09,1.0,000480
2025-06-10,1.0,000480
2025-06-11,1.0,000480
2025-06-12,1.0,000480
2025-06-13,0.7,000480
2025-06-16,0.7,000480
2025-06-17,1.0,000480
2025-06-18,1.0,000480
2025-06-19,1.0,000480
2025-06-20,1.0,000480
2025-06-23,1.0,000480
2025-06-24,1.0,000480
2025-06-25,1.0,000480
2025-06-26,0.14,000480
2025-06-27,0.14,000480
2025-06-30,0.14,000480
2025-07-01,0.14,000480
2025-07-02,0.14,000480
2025-07-03,0.7,000480
2025-07-04,0.7,000480
2025-07-07,0.7,000480
2025-07-08,0.7,000480
2025-07-09,0.7,000480
2025-07-10,0.7,000480
2025-07-11,0.7,000480
2025-07-14,0.7,000480
2025-07-15,0.7,000480
2025-07-16,0.7,000480
2025-07-17,0.7,000480
2025-07-18,0.7,000480
2025-07-21,0.14,000480
2025-07-22,0.14,000480
2025-07-23,0.14,000480
2025-07-24,0.14,000480
2025-07-25,0.14,000480
2025-07-28,0.14,000480
2025-07-29,0.14,000480
2025-07-30,0.0,000480
2025-07-31,0.0,000480
2025-08-01,0.0,000480
2025-08-04,0.0,000480
2025-08-05,0.0,000480
2025-08-06,0.0,000480
2025-08-07,0.0,000480
2025-08-08,0.0,000480
2025-08-11,0.0,000480
2025-08-12,0.0,000480
2025-08-13,0.0,000480
2025-08-14,0.0,000480
2025-08-18,0.0,000480
2025-08-19,0.0,000480
2025-08-20,0.0,000480
2025-08-21,0.0,000480
2025-08-22,0.0,000480
2025-08-25,0.0,000480
2025-08-26,0.0,000480
2025-08-27,0.0,000480
2025-08-28,0.0,000480
2025-08-29,0.0,000480
2025-09-01,0.0,000480
2025-09-02,0.0,000480
2025-09-03,0.0,000480
2025-09-04,0.0,000480
2025-09-05,0.0,000480
2025-09-08,0.0,000480
2025-09-09,0.0,000480
2025-09-10,0.0,000480
2025-09-11,0.0,000480
2025-09-12,0.0,000480
2025-09-15,0.0,000480
2025-09-16,0.0,000480
2025-09-17,0.0,000480
2025-09-18,0.0,000480
2025-09-19,0.0,000480
2025-09-22,0.0,000480
2025-09-23,0.0,000480
2025-09-24,0.0,000480
2025-09-25,0.0,000480
2025-09-26,0.0,000480
2025-09-29,0.0,000480
2025-09-30,0.0,000480
2025-10-01,0.0,000480
2025-10-02,0.0,000480
2025-10-10,0.0,000480
2025-10-13,0.0,000480
2025-10-14,0.0,000480
2025-10-15,0.0,000480
2025-10-16,0.0,000480
2025-10-17,0.0,000480
2025-10-20,0.0,000480
2025-10-21,0.0,000480
2025-10-22,0.0,000480
2025-10-23,0.0,000480
2025-10-24,0.0,000480
2025-10-27,0.0,000480
2025-10-28,0.7,000480
2025-10-29,0.0,000480
2025-10-30,0.5,000480
2025-10-31,0.5,000480
2025-11-03,0.5,000480
2025-11-04,0.0,000480
2025-11-05,0.0,000480
2025-11-06,0.0,000480
2025-11-07,0.0,000480
2025-11-10,0.7,000480
2025-11-11,0.7,000480
2025-11-12,0.7,000480
2025-11-13,0.7,000480
2025-11-14,0.7,000480
2025-11-17,0.7,000480
2025-11-18,0.7,000480
2025-11-19,0.7,000480
2025-11-20,0.7,000480
2025-11-21,0.7,000480
2025-11-24,0.7,000480
2025-11-25,0.7,000480
2025-11-26,0.7,000480
2025-11-27,0.7,000480
2025-11-28,0.7,000480
2024-11-01,0.0,000490
2024-11-04,0.0,000490
2024-11-05,0.0,000490
2024-11-06,0.0,000490
2024-11-07,0.0,000490
2024-11-08,0.0,000490
2024-11-11,0.0,000490
2024-11-12,0.0,000490
2024-11-13,0.0,000490
2024-11-14,0.0,000490
2024-11-15,0.0,000490
2024-11-18,0.0,000490
2024-11-19,0.0,000490
2024-11-20,0.0,000490
2024-11-21,0.0,000490
2024-11-22,0.0,000490
2024-11-25,0.0,000490
2024-11-26,0.0,000490
2024-11-27,0.0,000490
2024-11-28,0.5,000490
2024-11-29,0.8,000490
2024-12-02,0.8,000490
2024-12-03,0.8,000490
2024-12-04,0.8,000490
2024-12-05,0.8,000490
2024-12-06,0.0,000490
2024-12-09,0.0,000490
2024-12-10,0.8,000490
2024-12-11,0.8,000490
2024-12-12,0.0,000490
2024-12-13,0.8,000490
2024-12-16,0.0,000490
2024-12-17,0.0,000490
2024-12-18,0.0,000490
2024-12-19,0.0,000490
2024-12-20,0.0,000490
2024-12-23,0.0,000490
2024-12-24,0.0,000490
2024-12-26,0.0,000490
2024-12-27,0.0,000490
2024-12-30,0.0,000490
2025-01-02,0.0,000490
2025-01-03,0.5,000490
2025-01-06,0.5,000490
2025-01-07,0.5,000490
2025-01-08,0.8,000490
2025-01-09,0.5,000490
2025-01-10,0.5,000490
2025-01-13,0.7,000490
2025-01-14,0.7,000490
2025-01-15,0.7,000490
2025-01-16,0.8,000490
2025-01-17,0.8,000490
2025-01-20,0.8,000490
2025-01-21,0.8,000490
2025-01-22,0.8,000490
2025-01-23,0.8,000490
2025-01-24,0.8,000490
2025-01-31,0.8,000490
2025-02-03,0.8,000490
2025-02-04,0.8,000490
2025-02-05,0.8,000490
2025-02-06,0.8,000490
2025-02-07,0.8,000490
2025-02-10,0.8,000490
2025-02-11,0.8,000490
2025-02-12,0.8,000490
2025-02-13,0.8,000490
2025-02-14,0.8,000490
2025-02-17,0.8,000490
2025-02-18,0.8,000490
2025-02-19,0.8,000490
2025-02-20,0.14,000490
2025-02-21,0.14,000490
2025-02-24,0.14,000490
2025-02-25,0.14,000490
2025-02-26,0.8,000490
2025-02-27,0.5,000490
2025-02-28,0.14,000490
2025-03-04,0.14,000490
2025-03-05,0.14,000490
2025-03-06,0.14,000490
2025-03-07,0.14,000490
2025-03-10,0.14,000490
2025-03-11,0.14,000490
2025-03-12,0.14,000490
2025-03-13,0.14,000490
2025-03-14,0.14,000490
2025-03-17,0.5,000490
2025-03-18,0.5,000490
2025-03-19,0.14,000490
2025-03-20,0.0,000490
2025-03-21,0.0,000490
2025-03-24,0.0,000490
2025-03-25,0.0,000490
2025-03-26,0.0,000490
2025-03-27,0.0,000490
2025-03-28,0.0,000490
2025-03-31,0.0,000490
2025-04-01,0.0,000490
2025-04-02,0.0,000490
2025-04-03,0.0,000490
2025-04-04,0.0,000490
2025-04-07,0.0,000490
2025-04-08,0.0,000490
2025-04-09,0.0,000490
2025-04-10,0.0,000490
2025-04-11,0.0,000490
2025-04-14,0.0,000490
2025-04-15,0.0,000490
2025-04-16,0.0,000490
2025-04-17,0.0,000490
2025-04-18,0.5,000490
2025-04-21,0.5,000490
2025-04-22,0.5,000490
2025-04-23,0.5,000490
2025-04-24,0.5,000490
2025-04-25,0.5,000490
2025-04-28,0.5,000490
2025-04-29,0.7,000490
2025-04-30,0.7,000490
2025-05-02,0.7,000490
2025-05-07,0.7,000490
2025-05-08,1.0,000490
2025-05-09,1.0,000490
2025-05-12,1.0,000490
2025-05-13,1.0,000490
2025-05-14,1.0,000490
2025-05-15,1.0,000490
2025-05-16,1.0,000490
2025-05-19,1.0,000490
2025-05-20,1.0,000490
2025-05-21,1.0,000490
2025-05-22,0.0,000490
2025-05-23,0.7,000490
2025-05-26,0.0,000490
2025-05-27,0.0,000490
2025-05-28,0.0,000490
2025-05-29,0.7,000490
2025-05-30,0.7,000490
2025-06-02,0.0,000490
2025-06-04,0.7,000490
2025-06-05,0.7,000490
2025-06-09,1.0,000490
2025-06-10,1.0,000490
2025-06-11,0.7,000490
2025-06-12,0.7,000490
2025-06-13,0.14,000490
2025-06-16,0.7,000490
2025-06-17,0.7,000490
2025-06-18,0.14,000490
2025-06-19,0.14,000490
2025-06-20,0.14,000490
2025-06-23,0.14,000490
2025-06-24,0.7,000490
2025-06-25,0.7,000490
2025-06-26,0.7,000490
2025-06-27,0.0,000490
2025-06-30,0.0,000490
2025-07-01,0.0,000490
2025-07-02,0.0,000490
2025-07-03,0.14,000490
2025-07-04,0.0,000490
2025-07-07,0.0,000490
2025-07-08,0.0,000490
2025-07-09,0.0,000490
2025-07-10,0.0,000490
2025-07-11,0.0,000490
2025-07-14,0.0,000490
2025-07-15,0.0,000490
2025-07-16,0.0,000490
2025-07-17,0.0,000490
2025-07-18,0.0,000490
2025-07-21,0.7,000490
2025-07-22,0.0,000490
2025-07-23,0.7,000490
2025-07-24,0.7,000490
2025-07-25,0.0,000490
2025-07-28,0.0,000490
2025-07-29,0.0,000490
2025-07-30,0.0,000490
2025-07-31,0.0,000490
2025-08-01,0.0,000490
2025-08-04,0.0,000490
2025-08-05,0.0,000490
2025-08-06,0.0,000490
2025-08-07,0.7,000490
2025-08-08,0.7,000490
2025-08-11,1.0,000490
2025-08-12,0.7,000490
2025-08-13,0.7,000490
2025-08-14,0.7,000490
2025-08-18,0.7,000490
2025-08-19,0.7,000490
2025-08-20,0.7,000490
2025-08-21,0.7,000490
2025-08-22,0.0,000490
2025-08-25,0.0,000490
2025-08-26,0.0,000490
2025-08-27,0.0,000490
2025-08-28,0.0,000490
2025-08-29,0.0,000490
2025-09-01,0.0,000490
2025-09-02,0.0,000490
2025-09-03,0.0,000490
2025-09-04,0.0,000490
2025-09-05,0.0,000490
2025-09-08,0.0,000490
2025-09-09,0.0,000490
2025-09-10,0.0,000490
2025-09-11,0.0,000490
2025-09-12,0.0,000490
2025-09-15,0.0,000490
2025-09-16,0.0,000490
2025-09-17,0.0,000490
2025-09-18,0.7,000490
2025-09-19,0.7,000490
2025-09-22,0.0,000490
2025-09-23,0.0,000490
2025-09-24,0.0,000490
2025-09-25,0.0,000490
2025-09-26,0.0,000490
2025-09-29,0.0,000490
2025-09-30,0.0,000490
2025-10-01,0.0,000490
2025-10-02,0.0,000490
2025-10-10,0.0,000490
2025-10-13,0.0,000490
2025-10-14,0.0,000490
2025-10-15,0.7,000490
2025-10-16,0.7,000490
2025-10-17,0.7,000490
2025-10-20,0.7,000490
2025-10-21,0.7,000490
2025-10-22,0.7,000490
2025-10-23,0.7,000490
2025-10-24,0.7,000490
2025-10-27,0.7,000490
2025-10-28,0.7,000490
2025-10-29,0.7,000490
2025-10-30,0.7,000490
2025-10-31,0.7,000490
2025-11-03,0.0,000490
2025-11-04,0.0,000490
2025-11-05,0.0,000490
2025-11-06,0.0,000490
2025-11-07,0.0,000490
2025-11-10,0.0,000490
2025-11-11,0.0,000490
2025-11-12,0.0,000490
2025-11-13,0.0,000490
2025-11-14,0.0,000490
2025-11-17,0.0,000490
2025-11-18,0.0,000490
2025-11-19,0.0,000490
2025-11-20,0.7,000490
2025-11-21,0.0,000490
2025-11-24,0.7,000490
2025-11-25,0.0,000490
2025-11-26,0.7,000490
2025-11-27,0.7,000490
2025-11-28,0.7,000490
2024-11-01,0.0,000500
2024-11-04,0.0,000500
2024-11-05,0.0,000500
2024-11-06,0.0,000500
2024-11-07,0.0,000500
2024-11-08,0.0,000500
2024-11-11,0.0,000500
2024-11-12,0.0,000500
2024-11-13,0.0,000500
2024-11-14,0.0,000500
2024-11-15,0.0,000500
2024-11-18,0.0,000500
2024-11-19,0.0,000500
2024-11-20,0.0,000500
2024-11-21,0.0,000500
2024-11-22,0.0,000500
2024-11-25,0.0,000500
2024-11-26,0.0,000500
2024-11-27,0.0,000500
2024-11-28,0.5,000500
2024-11-29,0.8,000500
2024-12-02,0.8,000500
2024-12-03,0.8,000500
2024-12-04,0.8,000500
2024-12-05,0.8,000500
2024-12-06,0.8,000500
2024-12-09,0.5,000500
2024-12-10,0.8,000500
2024-12-11,0.8,000500
2024-12-12,0.8,000500
2024-12-13,0.8,000500
2024-12-16,0.8,000500
2024-12-17,0.8,000500
2024-12-18,0.8,000500
2024-12-19,0.8,000500
2024-12-20,0.8,000500
2024-12-23,0.8,000500
2024-12-24,0.8,000500
2024-12-26,0.8,000500
2024-12-27,0.8,000500
2024-12-30,0.8,000500
2025-01-02,0.8,000500
2025-01-03,0.8,000500
2025-01-06,0.8,000500
2025-01-07,0.8,000500
2025-01-08,0.8,000500
2025-01-09,0.8,000500
2025-01-10,0.8,000500
2025-01-13,0.8,000500
2025-01-14,0.8,000500
2025-01-15,0.8,000500
2025-01-16,0.8,000500
2025-01-17,0.8,000500
2025-01-20,0.8,000500
2025-01-21,0.8,000500
2025-01-22,0.8,000500
2025-01-23,0.8,000500
2025-01-24,0.8,000500
2025-01-31,0.0,000500
2025-02-03,0.14,000500
2025-02-04,0.14,000500
2025-02-05,0.14,000500
2025-02-06,0.14,000500
2025-02-07,0.14,000500
2025-02-10,0.14,000500
2025-02-11,0.14,000500
2025-02-12,0.14,000500
2025-02-13,0.14,000500
2025-02-14,0.14,000500
2025-02-17,0.14,000500
2025-02-18,0.14,000500
2025-02-19,0.14,000500
2025-02-20,0.14,000500
2025-02-21,0.14,000500
2025-02-24,0.0,000500
2025-02-25,0.0,000500
2025-02-26,0.0,000500
2025-02-27,0.0,000500
2025-02-28,0.0,000500
2025-03-04,0.0,000500
2025-03-05,0.0,000500
2025-03-06,0.0,000500
2025-03-07,0.0,000500
2025-03-10,0.0,000500
2025-03-11,0.0,000500
2025-03-12,0.0,000500
2025-03-13,0.0,000500
2025-03-14,0.5,000500
2025-03-17,0.5,000500
2025-03-18,0.5,000500
2025-03-19,0.0,000500
2025-03-20,0.0,000500
2025-03-21,0.0,000500
2025-03-24,0.0,000500
2025-03-25,0.0,000500
2025-03-26,0.0,000500
2025-03-27,0.0,000500
2025-03-28,0.0,000500
2025-03-31,0.0,000500
2025-04-01,0.0,000500
2025-04-02,0.0,000500
2025-04-03,0.0,000500
2025-04-04,0.0,000500
2025-04-07,0.0,000500
2025-04-08,0.0,000500
2025-04-09,0.0,000500
2025-04-10,0.0,000500
2025-04-11,0.0,000500
2025-04-14,0.0,000500
2025-04-15,0.5,000500
2025-04-16,0.5,000500
2025-04-17,0.5,000500
2025-04-18,0.5,000500
2025-04-21,0.5,000500
2025-04-22,0.5,000500
2025-04-23,0.8,000500
2025-04-24,0.8,000500
2025-04-25,0.8,000500
2025-04-28,0.8,000500
2025-04-29,0.8,000500
2025-04-30,0.8,000500
2025-05-02,0.8,000500
2025-05-07,0.8,000500
2025-05-08,0.8,000500
2025-05-09,0.8,000500
2025-05-12,0.8,000500
2025-05-13,0.8,000500
2025-05-14,0.8,000500
2025-05-15,0.8,000500
2025-05-16,0.8,000500
2025-05-19,0.8,000500
2025-05-20,0.8,000500
2025-05-21,0.8,000500
2025-05-22,0.8,000500
2025-05-23,0.8,000500
2025-05-26,0.8,000500
2025-05-27,0.8,000500
2025-05-28,0.8,000500
2025-05-29,0.8,000500
2025-05-30,0.8,000500
2025-06-02,0.8,000500
2025-06-04,0.8,000500
2025-06-05,0.8,000500
2025-06-09,0.8,000500
2025-06-10,0.8,000500
2025-06-11,0.8,000500
2025-06-12,0.14,000500
2025-06-13,0.14,000500
2025-06-16,0.14,000500
2025-06-17,0.14,000500
2025-06-18,0.14,000500
2025-06-19,0.14,000500
2025-06-20,0.14,000500
2025-06-23,0.14,000500
2025-06-24,0.14,000500
2025-06-25,0.14,000500
2025-06-26,0.14,000500
2025-06-27,0.14,000500
2025-06-30,0.14,000500
2025-07-01,0.14,000500
2025-07-02,0.14,000500
2025-07-03,0.14,000500
2025-07-04,0.0,000500
2025-07-07,0.14,000500
2025-07-08,0.14,000500
2025-07-09,0.5,000500
2025-07-10,0.5,000500
2025-07-11,0.5,000500
2025-07-14,0.0,000500
2025-07-15,0.5,000500
2025-07-16,0.5,000500
2025-07-17,0.5,000500
2025-07-18,0.5,000500
2025-07-21,0.7,000500
2025-07-22,0.0,000500
2025-07-23,0.0,000500
2025-07-24,0.0,000500
2025-07-25,0.0,000500
2025-07-28,0.7,000500
2025-07-29,0.7,000500
2025-07-30,0.0,000500
2025-07-31,0.0,000500
2025-08-01,0.0,000500
2025-08-04,0.0,000500
2025-08-05,0.5,000500
2025-08-06,0.5,000500
2025-08-07,0.5,000500
2025-08-08,0.5,000500
2025-08-11,0.5,000500
2025-08-12,0.5,000500
2025-08-13,0.0,000500
2025-08-14,0.5,000500
2025-08-18,0.0,000500
2025-08-19,0.0,000500
2025-08-20,0.0,000500
2025-08-21,0.0,000500
2025-08-22,0.0,000500
2025-08-25,0.0,000500
2025-08-26,0.0,000500
2025-08-27,0.0,000500
2025-08-28,0.0,000500
2025-08-29,0.0,000500
2025-09-01,0.0,000500
2025-09-02,0.0,000500
2025-09-03,0.0,000500
2025-09-04,0.0,000500
2025-09-05,0.0,000500
2025-09-08,0.0,000500
2025-09-09,0.0,000500
2025-09-10,0.0,000500
2025-09-11,0.7,000500
2025-09-12,0.7,000500
2025-09-15,0.7,000500
2025-09-16,0.7,000500
2025-09-17,0.0,000500
2025-09-18,0.0,000500
2025-09-19,0.0,000500
2025-09-22,0.0,000500
2025-09-23,0.0,000500
2025-09-24,0.0,000500
2025-09-25,0.0,000500
2025-09-26,0.0,000500
2025-09-29,0.0,000500
2025-09-30,0.0,000500
2025-10-01,0.0,000500
2025-10-02,0.0,000500
2025-10-10,0.0,000500
2025-10-13,0.0,000500
2025-10-14,0.0,000500
2025-10-15,0.0,000500
2025-10-16,0.5,000500
2025-10-17,0.0,000500
2025-10-20,0.5,000500
2025-10-21,0.7,000500
2025-10-22,0.5,000500
2025-10-23,0.7,000500
2025-10-24,0.7,000500
2025-10-27,0.7,000500
2025-10-28,0.7,000500
2025-10-29,0.8,000500
2025-10-30,0.8,000500
2025-10-31,0.8,000500
2025-11-03,0.8,000500
2025-11-04,0.8,000500
2025-11-05,0.8,000500
2025-11-06,0.8,000500
2025-11-07,0.8,000500
2025-11-10,0.8,000500
2025-11-11,0.8,000500
2025-11-12,0.8,000500
2025-11-13,0.8,000500
2025-11-14,0.8,000500
2025-11-17,0.14,000500
2025-11-18,0.14,000500
2025-11-19,0.14,000500
2025-11-20,0.14,000500
2025-11-21,0.14,000500
2025-11-24,0.14,000500
2025-11-25,0.14,000500
2025-11-26,0.14,000500
2025-11-27,0.14,000500
2025-11-28,0.14,000500
2024-11-01,0.0,000520
2024-11-04,0.0,000520
2024-11-05,0.0,000520
2024-11-06,0.0,000520
2024-11-07,0.0,000520
2024-11-08,0.0,000520
2024-11-11,0.0,000520
2024-11-12,0.0,000520
2024-11-13,0.0,000520
2024-11-14,0.0,000520
2024-11-15,0.0,000520
2024-11-18,0.0,000520
2024-11-19,0.0,000520
2024-11-20,0.0,000520
2024-11-21,0.0,000520
2024-11-22,0.0,000520
2024-11-25,0.0,000520
2024-11-26,0.0,000520
2024-11-27,0.0,000520
2024-11-28,0.0,000520
2024-11-29,0.0,000520
2024-12-02,0.0,000520
2024-12-03,0.0,000520
2024-12-04,0.0,000520
2024-12-05,0.0,000520
2024-12-06,0.0,000520
2024-12-09,0.0,000520
2024-12-10,0.0,000520
2024-12-11,0.0,000520
2024-12-12,0.0,000520
2024-12-13,0.5,000520
2024-12-16,0.5,000520
2024-12-17,0.8,000520
2024-12-18,0.5,000520
2024-12-19,0.5,000520
2024-12-20,0.5,000520
2024-12-23,0.5,000520
2024-12-24,0.5,000520
2024-12-26,0.5,000520
2024-12-27,0.0,000520
2024-12-30,0.8,000520
2025-01-02,0.8,000520
2025-01-03,0.8,000520
2025-01-06,0.8,000520
2025-01-07,0.8,000520
2025-01-08,0.8,000520
2025-01-09,0.8,000520
2025-01-10,0.8,000520
2025-01-13,0.8,000520
2025-01-14,0.8,000520
2025-01-15,0.8,000520
2025-01-16,0.8,000520
2025-01-17,0.5,000520
2025-01-20,0.0,000520
2025-01-21,0.5,000520
2025-01-22,0.0,000520
2025-01-23,0.0,000520
2025-01-24,0.0,000520
2025-01-31,0.0,000520
2025-02-03,0.0,000520
2025-02-04,0.0,000520
2025-02-05,0.0,000520
2025-02-06,0.5,000520
2025-02-07,0.14,000520
2025-02-10,0.5,000520
2025-02-11,0.14,000520
2025-02-12,0.14,000520
2025-02-13,0.0,000520
2025-02-14,0.0,000520
2025-02-17,0.0,000520
2025-02-18,0.0,000520
2025-02-19,0.0,000520
2025-02-20,0.0,000520
2025-02-21,0.0,000520
2025-02-24,0.0,000520
2025-02-25,0.0,000520
2025-02-26,0.0,000520
2025-02-27,0.0,000520
2025-02-28,0.0,000520
2025-03-04,0.0,000520
2025-03-05,0.7,000520
2025-03-06,0.0,000520
2025-03-07,0.0,000520
2025-03-10,0.0,000520
2025-03-11,0.0,000520
2025-03-12,0.0,000520
2025-03-13,0.0,000520
2025-03-14,0.5,000520
2025-03-17,0.5,000520
2025-03-18,0.0,000520
2025-03-19,0.5,000520
2025-03-20,0.5,000520
2025-03-21,0.0,000520
2025-03-24,0.0,000520
2025-03-25,0.0,000520
2025-03-26,0.0,000520
2025-03-27,0.0,000520
2025-03-28,0.0,000520
2025-03-31,0.0,000520
2025-04-01,0.0,000520
2025-04-02,0.0,000520
2025-04-03,0.0,000520
2025-04-04,0.0,000520
2025-04-07,0.0,000520
2025-04-08,0.0,000520
2025-04-09,0.0,000520
2025-04-10,0.0,000520
2025-04-11,0.5,000520
2025-04-14,0.5,000520
2025-04-15,0.5,000520
2025-04-16,0.0,000520
2025-04-17,0.5,000520
2025-04-18,0.5,000520
2025-04-21,0.5,000520
2025-04-22,0.5,000520
2025-04-23,0.8,000520
2025-04-24,0.8,000520
2025-04-25,0.8,000520
2025-04-28,0.8,000520
2025-04-29,0.8,000520
2025-04-30,0.8,000520
2025-05-02,0.8,000520
2025-05-07,0.8,000520
2025-05-08,0.8,000520
2025-05-09,0.8,000520
2025-05-12,0.8,000520
2025-05-13,0.8,000520
2025-05-14,0.8,000520
2025-05-15,0.8,000520
2025-05-16,0.14,000520
2025-05-19,0.0,000520
2025-05-20,0.0,000520
2025-05-21,0.0,000520
2025-05-22,0.0,000520
2025-05-23,0.0,000520
2025-05-26,0.0,000520
2025-05-27,0.0,000520
2025-05-28,0.0,000520
2025-05-29,0.0,000520
2025-05-30,0.0,000520
2025-06-02,0.0,000520
2025-06-04,0.0,000520
2025-06-05,0.0,000520
2025-06-09,0.0,000520
2025-06-10,0.0,000520
2025-06-11,0.0,000520
2025-06-12,0.0,000520
2025-06-13,0.0,000520
2025-06-16,0.0,000520
2025-06-17,0.0,000520
2025-06-18,0.0,000520
2025-06-19,0.0,000520
2025-06-20,0.0,000520
2025-06-23,0.0,000520
2025-06-24,0.0,000520
2025-06-25,0.0,000520
2025-06-26,0.0,000520
2025-06-27,0.0,000520
2025-06-30,0.0,000520
2025-07-01,0.7,000520
2025-07-02,0.7,000520
2025-07-03,0.7,000520
2025-07-04,0.5,000520
2025-07-07,0.0,000520
2025-07-08,0.0,000520
2025-07-09,0.5,000520
2025-07-10,0.5,000520
2025-07-11,0.5,000520
2025-07-14,0.0,000520
2025-07-15,0.0,000520
2025-07-16,0.0,000520
2025-07-17,0.8,000520
2025-07-18,0.8,000520
2025-07-21,0.8,000520
2025-07-22,0.8,000520
2025-07-23,0.8,000520
2025-07-24,0.8,000520
2025-07-25,0.8,000520
2025-07-28,0.0,000520
2025-07-29,0.0,000520
2025-07-30,0.0,000520
2025-07-31,0.0,000520
2025-08-01,0.0,000520
2025-08-04,0.0,000520
2025-08-05,0.0,000520
2025-08-06,0.0,000520
2025-08-07,0.0,000520
2025-08-08,0.0,000520
2025-08-11,0.0,000520
2025-08-12,0.0,000520
2025-08-13,0.0,000520
2025-08-14,0.0,000520
2025-08-18,0.0,000520
2025-08-19,0.0,000520
2025-08-20,0.0,000520
2025-08-21,0.0,000520
2025-08-22,0.0,000520
2025-08-25,0.0,000520
2025-08-26,0.0,000520
2025-08-27,0.0,000520
2025-08-28,0.0,000520
2025-08-29,0.0,000520
2025-09-01,0.0,000520
2025-09-02,0.7,000520
2025-09-03,0.7,000520
2025-09-04,1.0,000520
2025-09-05,1.0,000520
2025-09-08,1.0,000520
2025-09-09,1.0,000520
2025-09-10,1.0,000520
2025-09-11,1.0,000520
2025-09-12,1.0,000520
2025-09-15,1.0,000520
2025-09-16,0.8,000520
2025-09-17,0.8,000520
2025-09-18,0.8,000520
2025-09-19,0.14,000520
2025-09-22,0.8,000520
2025-09-23,0.8,000520
2025-09-24,0.8,000520
2025-09-25,0.0,000520
2025-09-26,0.0,000520
2025-09-29,0.0,000520
2025-09-30,0.0,000520
2025-10-01,0.0,000520
2025-10-02,0.0,000520
2025-10-10,0.0,000520
2025-10-13,0.0,000520
2025-10-14,0.0,000520
2025-10-15,0.0,000520
2025-10-16,0.0,000520
2025-10-17,0.0,000520
2025-10-20,0.0,000520
2025-10-21,0.0,000520
2025-10-22,0.0,000520
2025-10-23,0.0,000520
2025-10-24,0.0,000520
2025-10-27,0.0,000520
2025-10-28,0.7,000520
2025-10-29,0.0,000520
2025-10-30,0.0,000520
2025-10-31,0.0,000520
2025-11-03,0.0,000520
2025-11-04,0.5,000520
2025-11-05,0.0,000520
2025-11-06,0.0,000520
2025-11-07,0.5,000520
2025-11-10,0.5,000520
2025-11-11,0.8,000520
2025-11-12,0.8,000520
2025-11-13,0.8,000520
2025-11-14,0.8,000520
2025-11-17,0.5,000520
2025-11-18,0.8,000520
2025-11-19,0.5,000520
2025-11-20,0.8,000520
2025-11-21,0.8,000520
2025-11-24,0.5,000520
2025-11-25,0.0,000520
2025-11-26,0.8,000520
2025-11-27,0.8,000520
2025-11-28,0.8,000520
2024-11-01,0.0,000540
2024-11-04,0.0,000540
2024-11-05,0.0,000540
2024-11-06,0.0,000540
2024-11-07,0.0,000540
2024-11-08,0.0,000540
2024-11-11,0.0,000540
2024-11-12,0.0,000540
2024-11-13,0.0,000540
2024-11-14,0.0,000540
2024-11-15,0.0,000540
2024-11-18,0.0,000540
2024-11-19,0.0,000540
2024-11-20,0.0,000540
2024-11-21,0.0,000540
2024-11-22,0.0,000540
2024-11-25,0.0,000540
2024-11-26,0.0,000540
2024-11-27,0.0,000540
2024-11-28,0.7,000540
2024-11-29,0.0,000540
2024-12-02,0.0,000540
2024-12-03,0.0,000540
2024-12-04,0.0,000540
2024-12-05,0.0,000540
2024-12-06,0.0,000540
2024-12-09,0.0,000540
2024-12-10,0.0,000540
2024-12-11,0.0,000540
2024-12-12,0.0,000540
2024-12-13,0.0,000540
2024-12-16,0.0,000540
2024-12-17,0.0,000540
2024-12-18,0.7,000540
2024-12-19,0.0,000540
2024-12-20,0.0,000540
2024-12-23,0.0,000540
2024-12-24,0.5,000540
2024-12-26,0.5,000540
2024-12-27,0.5,000540
2024-12-30,0.8,000540
2025-01-02,0.8,000540
2025-01-03,0.5,000540
2025-01-06,0.8,000540
2025-01-07,0.8,000540
2025-01-08,0.8,000540
2025-01-09,0.8,000540
2025-01-10,0.8,000540
2025-01-13,0.0,000540
2025-01-14,0.5,000540
2025-01-15,0.5,000540
2025-01-16,0.8,000540
2025-01-17,0.8,000540
2025-01-20,0.0,000540
2025-01-21,0.0,000540
2025-01-22,0.0,000540
2025-01-23,0.0,000540
2025-01-24,0.0,000540
2025-01-31,0.0,000540
2025-02-03,0.0,000540
2025-02-04,0.0,000540
2025-02-05,0.0,000540
2025-02-06,0.0,000540
2025-02-07,0.14,000540
2025-02-10,0.7,000540
2025-02-11,0.7,000540
2025-02-12,0.0,000540
2025-02-13,0.0,000540
2025-02-14,0.0,000540
2025-02-17,0.0,000540
2025-02-18,0.7,000540
2025-02-19,0.0,000540
2025-02-20,0.7,000540
2025-02-21,0.7,000540
2025-02-24,0.0,000540
2025-02-25,0.0,000540
2025-02-26,0.7,000540
2025-02-27,0.7,000540
2025-02-28,0.0,000540
2025-03-04,0.0,000540
2025-03-05,0.0,000540
2025-03-06,0.0,000540
2025-03-07,0.7,000540
2025-03-10,0.7,000540
2025-03-11,0.0,000540
2025-03-12,0.7,000540
2025-03-13,0.7,000540
2025-03-14,0.0,000540
2025-03-17,0.0,000540
2025-03-18,0.7,000540
2025-03-19,0.7,000540
2025-03-20,0.7,000540
2025-03-21,0.0,000540
2025-03-24,0.0,000540
2025-03-25,0.0,000540
2025-03-26,0.0,000540
2025-03-27,0.7,000540
2025-03-28,0.8,000540
2025-03-31,0.5,000540
2025-04-01,0.5,000540
2025-04-02,0.0,000540
2025-04-03,0.0,000540
2025-04-04,0.5,000540
2025-04-07,0.0,000540
2025-04-08,0.0,000540
2025-04-09,0.0,000540
2025-04-10,0.5,000540
2025-04-11,0.5,000540
2025-04-14,0.5,000540
2025-04-15,0.5,000540
2025-04-16,0.0,000540
2025-04-17,0.0,000540
2025-04-18,0.0,000540
2025-04-21,0.5,000540
2025-04-22,0.5,000540
2025-04-23,0.8,000540
2025-04-24,0.5,000540
2025-04-25,0.5,000540
2025-04-28,0.5,000540
2025-04-29,0.5,000540
2025-04-30,0.8,000540
2025-05-02,1.0,000540
2025-05-07,0.7,000540
2025-05-08,1.0,000540
2025-05-09,0.14,000540
2025-05-12,1.0,000540
2025-05-13,0.7,000540
2025-05-14,1.0,000540
2025-05-15,0.7,000540
2025-05-16,0.8,000540
2025-05-19,0.8,000540
2025-05-20,0.8,000540
2025-05-21,0.8,000540
2025-05-22,0.8,000540
2025-05-23,0.8,000540
2025-05-26,0.8,000540
2025-05-27,0.8,000540
2025-05-28,0.8,000540
2025-05-29,0.8,000540
2025-05-30,0.8,000540
2025-06-02,0.8,000540
2025-06-04,0.8,000540
2025-06-05,0.8,000540
2025-06-09,0.8,000540
2025-06-10,0.8,000540
2025-06-11,0.8,000540
2025-06-12,0.8,000540
2025-06-13,0.8,000540
2025-06-16,0.8,000540
2025-06-17,0.8,000540
2025-06-18,0.8,000540
2025-06-19,0.8,000540
2025-06-20,0.8,000540
2025-06-23,0.14,000540
2025-06-24,0.8,000540
2025-06-25,0.8,000540
2025-06-26,0.14,000540
2025-06-27,0.14,000540
2025-06-30,0.14,000540
2025-07-01,0.5,000540
2025-07-02,0.8,000540
2025-07-03,0.14,000540
2025-07-04,0.14,000540
2025-07-07,0.14,000540
2025-07-08,0.8,000540
2025-07-09,0.8,000540
2025-07-10,0.8,000540
2025-07-11,0.8,000540
2025-07-14,0.8,000540
2025-07-15,0.8,000540
2025-07-16,0.8,000540
2025-07-17,0.8,000540
2025-07-18,0.8,000540
2025-07-21,0.8,000540
2025-07-22,0.8,000540
2025-07-23,0.14,000540
2025-07-24,0.14,000540
2025-07-25,0.14,000540
2025-07-28,0.14,000540
2025-07-29,0.14,000540
2025-07-30,0.14,000540
2025-07-31,0.14,000540
2025-08-01,0.0,000540
2025-08-04,0.0,000540
2025-08-05,0.14,000540
2025-08-06,0.14,000540
2025-08-07,0.14,000540
2025-08-08,0.0,000540
2025-08-11,0.0,000540
2025-08-12,0.0,000540
2025-08-13,0.0,000540
2025-08-14,0.0,000540
2025-08-18,0.0,000540
2025-08-19,0.0,000540
2025-08-20,0.0,000540
2025-08-21,0.0,000540
2025-08-22,0.0,000540
2025-08-25,0.0,000540
2025-08-26,0.0,000540
2025-08-27,0.0,000540
2025-08-28,0.7,000540
2025-08-29,0.0,000540
2025-09-01,0.0,000540
2025-09-02,0.0,000540
2025-09-03,0.0,000540
2025-09-04,0.0,000540
2025-09-05,0.0,000540
2025-09-08,0.0,000540
2025-09-09,0.7,000540
2025-09-10,0.7,000540
2025-09-11,0.7,000540
2025-09-12,0.7,000540
2025-09-15,0.7,000540
2025-09-16,1.0,000540
2025-09-17,0.7,000540
2025-09-18,0.7,000540
2025-09-19,0.7,000540
2025-09-22,0.7,000540
2025-09-23,0.0,000540
2025-09-24,0.0,000540
2025-09-25,0.0,000540
2025-09-26,0.0,000540
2025-09-29,0.0,000540
2025-09-30,0.0,000540
2025-10-01,0.0,000540
2025-10-02,0.0,000540
2025-10-10,0.0,000540
2025-10-13,0.0,000540
2025-10-14,0.0,000540
2025-10-15,0.0,000540
2025-10-16,0.0,000540
2025-10-17,0.0,000540
2025-10-20,0.0,000540
2025-10-21,0.0,000540
2025-10-22,0.0,000540
2025-10-23,0.0,000540
2025-10-24,0.0,000540
2025-10-27,0.0,000540
2025-10-28,0.0,000540
2025-10-29,0.0,000540
2025-10-30,0.0,000540
2025-10-31,0.0,000540
2025-11-03,0.0,000540
2025-11-04,0.0,000540
2025-11-05,0.0,000540
2025-11-06,0.0,000540
2025-11-07,0.0,000540
2025-11-10,0.5,000540
2025-11-11,0.5,000540
2025-11-12,0.5,000540
2025-11-13,0.5,000540
2025-11-14,0.5,000540
2025-11-17,0.5,000540
2025-11-18,0.0,000540
2025-11-19,0.0,000540
2025-11-20,0.0,000540
2025-11-21,0.0,000540
2025-11-24,0.0,000540
2025-11-25,0.0,000540
2025-11-26,0.0,000540
2025-11-27,0.0,000540
2025-11-28,0.0,000540
2024-11-01,0.0,000590
2024-11-04,0.0,000590
2024-11-05,0.0,000590
2024-11-06,0.0,000590
2024-11-07,0.0,000590
2024-11-08,0.0,000590
2024-11-11,0.0,000590
2024-11-12,0.0,000590
2024-11-13,0.0,000590
2024-11-14,0.0,000590
2024-11-15,0.0,000590
2024-11-18,0.0,000590
2024-11-19,0.0,000590
2024-11-20,0.0,000590
2024-11-21,0.0,000590
2024-11-22,0.0,000590
2024-11-25,0.0,000590
2024-11-26,0.0,000590
2024-11-27,0.0,000590
2024-11-28,0.0,000590
2024-11-29,0.0,000590
2024-12-02,0.0,000590
2024-12-03,0.0,000590
2024-12-04,0.0,000590
2024-12-05,0.0,000590
2024-12-06,0.0,000590
2024-12-09,0.0,000590
2024-12-10,0.0,000590
2024-12-11,0.0,000590
2024-12-12,0.0,000590
2024-12-13,0.7,000590
2024-12-16,0.7,000590
2024-12-17,0.7,000590
2024-12-18,0.0,000590
2024-12-19,0.0,000590
2024-12-20,0.0,000590
2024-12-23,0.7,000590
2024-12-24,0.7,000590
2024-12-26,0.7,000590
2024-12-27,0.7,000590
2024-12-30,0.7,000590
2025-01-02,0.7,000590
2025-01-03,0.7,000590
2025-01-06,0.7,000590
2025-01-07,0.7,000590
2025-01-08,0.0,000590
2025-01-09,0.0,000590
2025-01-10,0.0,000590
2025-01-13,0.0,000590
2025-01-14,0.0,000590
2025-01-15,0.0,000590
2025-01-16,0.0,000590
2025-01-17,0.0,000590
2025-01-20,0.0,000590
2025-01-21,0.0,000590
2025-01-22,0.0,000590
2025-01-23,0.0,000590
2025-01-24,0.0,000590
2025-01-31,0.0,000590
2025-02-03,0.0,000590
2025-02-04,0.0,000590
2025-02-05,0.0,000590
2025-02-06,0.7,000590
2025-02-07,0.7,000590
2025-02-10,0.7,000590
2025-02-11,0.7,000590
2025-02-12,1.0,000590
2025-02-13,1.0,000590
2025-02-14,1.0,000590
2025-02-17,1.0,000590
2025-02-18,1.0,000590
2025-02-19,1.0,000590
2025-02-20,1.0,000590
2025-02-21,1.0,000590
2025-02-24,1.0,000590
2025-02-25,1.0,000590
2025-02-26,1.0,000590
2025-02-27,1.0,000590
2025-02-28,1.0,000590
2025-03-04,1.0,000590
2025-03-05,1.0,000590
2025-03-06,0.14,000590
2025-03-07,0.14,000590
2025-03-10,0.14,000590
2025-03-11,0.14,000590
2025-03-12,0.14,000590
2025-03-13,0.14,000590
2025-03-14,0.14,000590
2025-03-17,0.14,000590
2025-03-18,0.14,000590
2025-03-19,0.14,000590
2025-03-20,0.14,000590
2025-03-21,0.14,000590
2025-03-24,0.14,000590
2025-03-25,0.14,000590
2025-03-26,0.14,000590
2025-03-27,0.14,000590
2025-03-28,0.7,000590
2025-03-31,0.14,000590
2025-04-01,0.14,000590
2025-04-02,0.14,000590
2025-04-03,0.7,000590
2025-04-04,0.7,000590
2025-04-07,0.7,000590
2025-04-08,0.14,000590
2025-04-09,0.0,000590
2025-04-10,0.0,000590
2025-04-11,0.0,000590
2025-04-14,0.7,000590
2025-04-15,0.7,000590
2025-04-16,0.7,000590
2025-04-17,0.7,000590
2025-04-18,0.7,000590
2025-04-21,0.7,000590
2025-04-22,0.7,000590
2025-04-23,0.7,000590
2025-04-24,0.7,000590
2025-04-25,0.7,000590
2025-04-28,0.7,000590
2025-04-29,0.7,000590
2025-04-30,0.7,000590
2025-05-02,0.7,000590
2025-05-07,0.7,000590
2025-05-08,0.7,000590
2025-05-09,0.7,000590
2025-05-12,1.0,000590
2025-05-13,0.7,000590
2025-05-14,1.0,000590
2025-05-15,1.0,000590
2025-05-16,1.0,000590
2025-05-19,0.7,000590
2025-05-20,0.14,000590
2025-05-21,0.14,000590
2025-05-22,0.14,000590
2025-05-23,0.7,000590
2025-05-26,0.7,000590
2025-05-27,0.7,000590
2025-05-28,0.7,000590
2025-05-29,1.0,000590
2025-05-30,1.0,000590
2025-06-02,1.0,000590
2025-06-04,1.0,000590
2025-06-05,1.0,000590
2025-06-09,1.0,000590
2025-06-10,1.0,000590
2025-06-11,1.0,000590
2025-06-12,1.0,000590
2025-06-13,0.8,000590
2025-06-16,0.8,000590
2025-06-17,0.8,000590
2025-06-18,0.8,000590
2025-06-19,0.8,000590
2025-06-20,0.8,000590
2025-06-23,0.8,000590
2025-06-24,0.8,000590
2025-06-25,0.8,000590
2025-06-26,0.8,000590
2025-06-27,0.8,000590
2025-06-30,0.8,000590
2025-07-01,0.8,000590
2025-07-02,0.8,000590
2025-07-03,0.14,000590
2025-07-04,0.14,000590
2025-07-07,0.14,000590
2025-07-08,0.14,000590
2025-07-09,0.5,000590
2025-07-10,0.7,000590
2025-07-11,0.7,000590
2025-07-14,0.7,000590
2025-07-15,0.7,000590
2025-07-16,0.7,000590
2025-07-17,1.0,000590
2025-07-18,1.0,000590
2025-07-21,0.14,000590
2025-07-22,0.14,000590
2025-07-23,0.14,000590
2025-07-24,0.14,000590
2025-07-25,0.14,000590
2025-07-28,0.14,000590
2025-07-29,0.14,000590
2025-07-30,0.14,000590
2025-07-31,0.14,000590
2025-08-01,0.0,000590
2025-08-04,0.0,000590
2025-08-05,0.14,000590
2025-08-06,0.14,000590
2025-08-07,0.14,000590
2025-08-08,0.14,000590
2025-08-11,0.14,000590
2025-08-12,0.14,000590
2025-08-13,0.0,000590
2025-08-14,0.0,000590
2025-08-18,0.0,000590
2025-08-19,0.0,000590
2025-08-20,0.0,000590
2025-08-21,0.0,000590
2025-08-22,0.0,000590
2025-08-25,0.0,000590
2025-08-26,0.0,000590
2025-08-27,0.0,000590
2025-08-28,0.0,000590
2025-08-29,0.0,000590
2025-09-01,0.0,000590
2025-09-02,0.7,000590
2025-09-03,0.7,000590
2025-09-04,0.7,000590
2025-09-05,0.7,000590
2025-09-08,0.7,000590
2025-09-09,0.7,000590
2025-09-10,0.7,000590
2025-09-11,0.7,000590
2025-09-12,0.7,000590
2025-09-15,1.0,000590
2025-09-16,1.0,000590
2025-09-17,1.0,000590
2025-09-18,1.0,000590
2025-09-19,1.0,000590
2025-09-22,0.0,000590
2025-09-23,0.0,000590
2025-09-24,0.0,000590
2025-09-25,0.0,000590
2025-09-26,0.0,000590
2025-09-29,0.0,000590
2025-09-30,0.0,000590
2025-10-01,0.0,000590
2025-10-02,0.0,000590
2025-10-10,0.0,000590
2025-10-13,0.0,000590
2025-10-14,0.0,000590
2025-10-15,0.0,000590
2025-10-16,0.0,000590
2025-10-17,0.7,000590
2025-10-20,0.0,000590
2025-10-21,0.0,000590
2025-10-22,0.0,000590
2025-10-23,0.0,000590
2025-10-24,0.0,000590
2025-10-27,0.0,000590
2025-10-28,0.0,000590
2025-10-29,0.0,000590
2025-10-30,0.0,000590
2025-10-31,0.0,000590
2025-11-03,0.0,000590
2025-11-04,0.0,000590
2025-11-05,0.0,000590
2025-11-06,0.0,000590
2025-11-07,0.0,000590
2025-11-10,0.0,000590
2025-11-11,0.0,000590
2025-11-12,0.0,000590
2025-11-13,0.0,000590
2025-11-14,0.0,000590
2025-11-17,0.7,000590
2025-11-18,0.0,000590
2025-11-19,0.0,000590
2025-11-20,0.7,000590
2025-11-21,0.7,000590
2025-11-24,0.7,000590
2025-11-25,0.7,000590
2025-11-26,0.7,000590
2025-11-27,0.7,000590
2025-11-28,1.0,000590
2024-11-01,0.0,000640
2024-11-04,0.0,000640
2024-11-05,0.0,000640
2024-11-06,0.0,000640
2024-11-07,0.0,000640
2024-11-08,0.0,000640
2024-11-11,0.0,000640
2024-11-12,0.0,000640
2024-11-13,0.0,000640
2024-11-14,0.0,000640
2024-11-15,0.0,000640
2024-11-18,0.0,000640
2024-11-19,0.0,000640
2024-11-20,0.0,000640
2024-11-21,0.0,000640
2024-11-22,0.0,000640
2024-11-25,0.0,000640
2024-11-26,0.0,000640
2024-11-27,0.0,000640
2024-11-28,0.0,000640
2024-11-29,0.0,000640
2024-12-02,0.0,000640
2024-12-03,0.0,000640
2024-12-04,0.0,000640
2024-12-05,0.0,000640
2024-12-06,0.0,000640
2024-12-09,0.0,000640
2024-12-10,0.0,000640
2024-12-11,0.0,000640
2024-12-12,0.0,000640
2024-12-13,0.0,000640
2024-12-16,0.0,000640
2024-12-17,0.0,000640
2024-12-18,0.7,000640
2024-12-19,0.7,000640
2024-12-20,0.7,000640
2024-12-23,1.0,000640
2024-12-24,0.7,000640
2024-12-26,0.7,000640
2024-12-27,0.7,000640
2024-12-30,0.7,000640
2025-01-02,0.7,000640
2025-01-03,0.7,000640
2025-01-06,0.7,000640
2025-01-07,1.0,000640
2025-01-08,1.0,000640
2025-01-09,0.0,000640
2025-01-10,0.0,000640
2025-01-13,0.0,000640
2025-01-14,0.0,000640
2025-01-15,0.0,000640
2025-01-16,0.0,000640
2025-01-17,0.0,000640
2025-01-20,0.0,000640
2025-01-21,0.0,000640
2025-01-22,0.0,000640
2025-01-23,0.0,000640
2025-01-24,0.0,000640
2025-01-31,0.0,000640
2025-02-03,0.0,000640
2025-02-04,0.0,000640
2025-02-05,0.0,000640
2025-02-06,0.7,000640
2025-02-07,0.7,000640
2025-02-10,0.7,000640
2025-02-11,0.7,000640
2025-02-12,0.7,000640
2025-02-13,0.0,000640
2025-02-14,0.7,000640
2025-02-17,0.7,000640
2025-02-18,0.7,000640
2025-02-19,0.0,000640
2025-02-20,0.7,000640
2025-02-21,0.7,000640
2025-02-24,1.0,000640
2025-02-25,0.7,000640
2025-02-26,0.7,000640
2025-02-27,0.7,000640
2025-02-28,0.0,000640
2025-03-04,0.7,000640
2025-03-05,0.7,000640
2025-03-06,0.7,000640
2025-03-07,0.0,000640
2025-03-10,0.7,000640
2025-03-11,0.7,000640
2025-03-12,0.7,000640
2025-03-13,0.7,000640
2025-03-14,1.0,000640
2025-03-17,0.7,000640
2025-03-18,0.7,000640
2025-03-19,0.7,000640
2025-03-20,0.0,000640
2025-03-21,0.7,000640
2025-03-24,0.7,000640
2025-03-25,0.7,000640
2025-03-26,1.0,000640
2025-03-27,0.7,000640
2025-03-28,0.7,000640
2025-03-31,1.0,000640
2025-04-01,0.7,000640
2025-04-02,0.7,000640
2025-04-03,0.7,000640
2025-04-04,1.0,000640
2025-04-07,0.14,000640
2025-04-08,0.14,000640
2025-04-09,0.14,000640
2025-04-10,0.14,000640
2025-04-11,0.14,000640
2025-04-14,0.14,000640
2025-04-15,0.14,000640
2025-04-16,0.14,000640
2025-04-17,0.14,000640
2025-04-18,0.14,000640
2025-04-21,0.14,000640
2025-04-22,0.14,000640
2025-04-23,0.14,000640
2025-04-24,0.14,000640
2025-04-25,0.14,000640
2025-04-28,0.14,000640
2025-04-29,0.7,000640
2025-04-30,0.7,000640
2025-05-02,0.7,000640
2025-05-07,0.7,000640
2025-05-08,0.7,000640
2025-05-09,0.7,000640
2025-05-12,0.7,000640
2025-05-13,0.7,000640
2025-05-14,0.7,000640
2025-05-15,0.7,000640
2025-05-16,0.14,000640
2025-05-19,0.7,000640
2025-05-20,0.7,000640
2025-05-21,0.7,000640
2025-05-22,1.0,000640
2025-05-23,1.0,000640
2025-05-26,0.7,000640
2025-05-27,1.0,000640
2025-05-28,1.0,000640
2025-05-29,1.0,000640
2025-05-30,1.0,000640
2025-06-02,1.0,000640
2025-06-04,1.0,000640
2025-06-05,1.0,000640
2025-06-09,1.0,000640
2025-06-10,1.0,000640
2025-06-11,1.0,000640
2025-06-12,1.0,000640
2025-06-13,1.0,000640
2025-06-16,1.0,000640
2025-06-17,1.0,000640
2025-06-18,0.8,000640
2025-06-19,0.8,000640
2025-06-20,1.0,000640
2025-06-23,0.8,000640
2025-06-24,0.8,000640
2025-06-25,0.14,000640
2025-06-26,0.14,000640
2025-06-27,0.14,000640
2025-06-30,0.14,000640
2025-07-01,0.7,000640
2025-07-02,0.7,000640
2025-07-03,1.0,000640
2025-07-04,0.14,000640
2025-07-07,0.7,000640
2025-07-08,0.7,000640
2025-07-09,0.7,000640
2025-07-10,0.7,000640
2025-07-11,0.7,000640
2025-07-14,0.7,000640
2025-07-15,0.7,000640
2025-07-16,0.7,000640
2025-07-17,0.7,000640
2025-07-18,0.7,000640
2025-07-21,0.7,000640
2025-07-22,1.0,000640
2025-07-23,1.0,000640
2025-07-24,1.0,000640
2025-07-25,0.14,000640
2025-07-28,0.14,000640
2025-07-29,0.14,000640
2025-07-30,0.0,000640
2025-07-31,0.0,000640
2025-08-01,0.0,000640
2025-08-04,0.0,000640
2025-08-05,0.0,000640
2025-08-06,0.14,000640
2025-08-07,0.0,000640
2025-08-08,0.0,000640
2025-08-11,0.0,000640
2025-08-12,0.0,000640
2025-08-13,0.0,000640
2025-08-14,0.0,000640
2025-08-18,0.0,000640
2025-08-19,0.0,000640
2025-08-20,0.0,000640
2025-08-21,0.0,000640
2025-08-22,0.0,000640
2025-08-25,0.0,000640
2025-08-26,0.0,000640
2025-08-27,0.7,000640
2025-08-28,0.7,000640
2025-08-29,0.7,000640
2025-09-01,0.0,000640
2025-09-02,0.0,000640
2025-09-03,0.7,000640
2025-09-04,0.7,000640
2025-09-05,0.7,000640
2025-09-08,0.7,000640
2025-09-09,0.7,000640
2025-09-10,0.7,000640
2025-09-11,0.0,000640
2025-09-12,0.0,000640
2025-09-15,0.7,000640
2025-09-16,0.7,000640
2025-09-17,1.0,000640
2025-09-18,1.0,000640
2025-09-19,1.0,000640
2025-09-22,1.0,000640
2025-09-23,1.0,000640
2025-09-24,0.7,000640
2025-09-25,0.7,000640
2025-09-26,0.7,000640
2025-09-29,1.0,000640
2025-09-30,1.0,000640
2025-10-01,0.7,000640
2025-10-02,0.0,000640
2025-10-10,0.0,000640
2025-10-13,0.0,000640
2025-10-14,0.0,000640
2025-10-15,0.0,000640
2025-10-16,0.0,000640
2025-10-17,0.0,000640
2025-10-20,0.0,000640
2025-10-21,0.0,000640
2025-10-22,0.0,000640
2025-10-23,0.0,000640
2025-10-24,0.0,000640
2025-10-27,0.0,000640
2025-10-28,0.0,000640
2025-10-29,0.7,000640
2025-10-30,0.0,000640
2025-10-31,0.0,000640
2025-11-03,0.0,000640
2025-11-04,0.0,000640
2025-11-05,0.0,000640
2025-11-06,0.7,000640
2025-11-07,0.0,000640
2025-11-10,0.0,000640
2025-11-11,0.0,000640
2025-11-12,0.7,000640
2025-11-13,0.0,000640
2025-11-14,0.0,000640
2025-11-17,0.0,000640
2025-11-18,0.0,000640
2025-11-19,0.7,000640
2025-11-20,0.7,000640
2025-11-21,0.0,000640
2025-11-24,0.7,000640
2025-11-25,0.7,000640
2025-11-26,0.7,000640
2025-11-27,0.7,000640
2025-11-28,1.0,000640
2024-11-01,0.0,000650
2024-11-04,0.0,000650
2024-11-05,0.0,000650
2024-11-06,0.0,000650
2024-11-07,0.0,000650
2024-11-08,0.0,000650
2024-11-11,0.0,000650
2024-11-12,0.0,000650
2024-11-13,0.0,000650
2024-11-14,0.0,000650
2024-11-15,0.0,000650
2024-11-18,0.0,000650
2024-11-19,0.0,000650
2024-11-20,0.0,000650
2024-11-21,0.0,000650
2024-11-22,0.0,000650
2024-11-25,0.0,000650
2024-11-26,0.0,000650
2024-11-27,0.0,000650
2024-11-28,0.0,000650
2024-11-29,0.0,000650
2024-12-02,0.0,000650
2024-12-03,0.0,000650
2024-12-04,0.0,000650
2024-12-05,0.0,000650
2024-12-06,0.0,000650
2024-12-09,0.0,000650
2024-12-10,0.0,000650
2024-12-11,0.0,000650
2024-12-12,0.0,000650
2024-12-13,0.0,000650
2024-12-16,0.7,000650
2024-12-17,0.0,000650
2024-12-18,0.7,000650
2024-12-19,0.7,000650
2024-12-20,0.7,000650
2024-12-23,0.7,000650
2024-12-24,0.7,000650
2024-12-26,0.7,000650
2024-12-27,0.7,000650
2024-12-30,0.7,000650
2025-01-02,0.7,000650
2025-01-03,0.7,000650
2025-01-06,0.7,000650
2025-01-07,0.7,000650
2025-01-08,0.7,000650
2025-01-09,1.0,000650
2025-01-10,0.7,000650
2025-01-13,0.7,000650
2025-01-14,0.7,000650
2025-01-15,0.7,000650
2025-01-16,0.7,000650
2025-01-17,1.0,000650
2025-01-20,1.0,000650
2025-01-21,1.0,000650
2025-01-22,1.0,000650
2025-01-23,1.0,000650
2025-01-24,1.0,000650
2025-01-31,1.0,000650
2025-02-03,1.0,000650
2025-02-04,1.0,000650
2025-02-05,1.0,000650
2025-02-06,1.0,000650
2025-02-07,1.0,000650
2025-02-10,1.0,000650
2025-02-11,1.0,000650
2025-02-12,1.0,000650
2025-02-13,1.0,000650
2025-02-14,1.0,000650
2025-02-17,1.0,000650
2025-02-18,1.0,000650
2025-02-19,1.0,000650
2025-02-20,0.7,000650
2025-02-21,0.7,000650
2025-02-24,0.14,000650
2025-02-25,0.14,000650
2025-02-26,0.7,000650
2025-02-27,0.7,000650
2025-02-28,0.14,000650
2025-03-04,0.14,000650
2025-03-05,0.14,000650
2025-03-06,0.14,000650
2025-03-07,0.14,000650
2025-03-10,0.14,000650
2025-03-11,0.14,000650
2025-03-12,0.14,000650
2025-03-13,0.14,000650
2025-03-14,0.7,000650
2025-03-17,0.7,000650
2025-03-18,0.7,000650
2025-03-19,0.7,000650
2025-03-20,0.14,000650
2025-03-21,0.14,000650
2025-03-24,0.7,000650
2025-03-25,0.7,000650
2025-03-26,0.7,000650
2025-03-27,0.7,000650
2025-03-28,0.7,000650
2025-03-31,0.0,000650
2025-04-01,0.7,000650
2025-04-02,0.7,000650
2025-04-03,0.14,000650
2025-04-04,0.14,000650
2025-04-07,0.0,000650
2025-04-08,0.0,000650
2025-04-09,0.0,000650
2025-04-10,0.7,000650
2025-04-11,0.7,000650
2025-04-14,0.7,000650
2025-04-15,0.7,000650
2025-04-16,0.7,000650
2025-04-17,0.7,000650
2025-04-18,0.7,000650
2025-04-21,0.7,000650
2025-04-22,0.7,000650
2025-04-23,0.7,000650
2025-04-24,0.7,000650
2025-04-25,0.7,000650
2025-04-28,0.7,000650
2025-04-29,0.7,000650
2025-04-30,0.0,000650
2025-05-02,0.0,000650
2025-05-07,0.7,000650
2025-05-08,0.7,000650
2025-05-09,1.0,000650
2025-05-12,0.7,000650
2025-05-13,0.7,000650
2025-05-14,0.7,000650
2025-05-15,0.7,000650
2025-05-16,0.7,000650
2025-05-19,0.0,000650
2025-05-20,0.7,000650
2025-05-21,0.14,000650
2025-05-22,0.14,000650
2025-05-23,0.14,000650
2025-05-26,0.7,000650
2025-05-27,0.7,000650
2025-05-28,0.7,000650
2025-05-29,0.7,000650
2025-05-30,0.7,000650
2025-06-02,0.7,000650
2025-06-04,1.0,000650
2025-06-05,0.7,000650
2025-06-09,0.7,000650
2025-06-10,0.7,000650
2025-06-11,0.7,000650
2025-06-12,0.7,000650
2025-06-13,0.7,000650
2025-06-16,0.7,000650
2025-06-17,0.7,000650
2025-06-18,1.0,000650
2025-06-19,0.7,000650
2025-06-20,0.7,000650
2025-06-23,0.5,000650
2025-06-24,0.8,000650
2025-06-25,0.8,000650
2025-06-26,0.8,000650
2025-06-27,0.8,000650
2025-06-30,0.5,000650
2025-07-01,0.8,000650
2025-07-02,0.5,000650
2025-07-03,0.8,000650
2025-07-04,0.8,000650
2025-07-07,0.5,000650
2025-07-08,0.5,000650
2025-07-09,0.14,000650
2025-07-10,0.14,000650
2025-07-11,0.14,000650
2025-07-14,0.14,000650
2025-07-15,0.7,000650
2025-07-16,0.7,000650
2025-07-17,0.14,000650
2025-07-18,0.14,000650
2025-07-21,0.7,000650
2025-07-22,0.7,000650
2025-07-23,0.7,000650
2025-07-24,0.7,000650
2025-07-25,0.7,000650
2025-07-28,0.7,000650
2025-07-29,0.14,000650
2025-07-30,0.14,000650
2025-07-31,0.7,000650
2025-08-01,0.14,000650
2025-08-04,0.0,000650
2025-08-05,0.0,000650
2025-08-06,0.0,000650
2025-08-07,0.0,000650
2025-08-08,0.14,000650
2025-08-11,0.14,000650
2025-08-12,0.0,000650
2025-08-13,0.14,000650
2025-08-14,0.14,000650
2025-08-18,0.0,000650
2025-08-19,0.0,000650
2025-08-20,0.0,000650
2025-08-21,0.14,000650
2025-08-22,0.0,000650
2025-08-25,0.0,000650
2025-08-26,0.0,000650
2025-08-27,0.0,000650
2025-08-28,0.0,000650
2025-08-29,0.0,000650
2025-09-01,0.0,000650
2025-09-02,0.0,000650
2025-09-03,0.7,000650
2025-09-04,0.0,000650
2025-09-05,0.0,000650
2025-09-08,0.0,000650
2025-09-09,0.0,000650
2025-09-10,0.0,000650
2025-09-11,0.0,000650
2025-09-12,0.0,000650
2025-09-15,0.0,000650
2025-09-16,0.0,000650
2025-09-17,0.0,000650
2025-09-18,0.0,000650
2025-09-19,0.0,000650
2025-09-22,0.0,000650
2025-09-23,0.0,000650
2025-09-24,0.0,000650
2025-09-25,0.0,000650
2025-09-26,0.0,000650
2025-09-29,0.0,000650
2025-09-30,0.0,000650
2025-10-01,0.0,000650
2025-10-02,0.0,000650
2025-10-10,0.0,000650
2025-10-13,0.0,000650
2025-10-14,0.0,000650
2025-10-15,0.0,000650
2025-10-16,0.0,000650
2025-10-17,0.0,000650
2025-10-20,0.0,000650
2025-10-21,0.0,000650
2025-10-22,0.0,000650
2025-10-23,0.0,000650
2025-10-24,0.0,000650
2025-10-27,0.0,000650
2025-10-28,0.0,000650
2025-10-29,0.0,000650
2025-10-30,0.0,000650
2025-10-31,0.0,000650
2025-11-03,0.0,000650
2025-11-04,0.0,000650
2025-11-05,0.0,000650
2025-11-06,0.0,000650
2025-11-07,0.0,000650
2025-11-10,0.0,000650
2025-11-11,0.0,000650
2025-11-12,0.0,000650
2025-11-13,0.0,000650
2025-11-14,0.0,000650
2025-11-17,0.0,000650
2025-11-18,0.0,000650
2025-11-19,1.0,000650
2025-11-20,0.8,000650
2025-11-21,0.8,000650
2025-11-24,0.8,000650
2025-11-25,0.8,000650
2025-11-26,0.8,000650
2025-11-27,0.8,000650
2025-11-28,0.8,000650
2024-11-01,0.0,000680
2024-11-04,0.0,000680
2024-11-05,0.0,000680
2024-11-06,0.0,000680
2024-11-07,0.0,000680
2024-11-08,0.0,000680
2024-11-11,0.0,000680
2024-11-12,0.0,000680
2024-11-13,0.0,000680
2024-11-14,0.0,000680
2024-11-15,0.0,000680
2024-11-18,0.0,000680
2024-11-19,0.0,000680
2024-11-20,0.0,000680
2024-11-21,0.0,000680
2024-11-22,0.0,000680
2024-11-25,0.0,000680
2024-11-26,0.0,000680
2024-11-27,0.0,000680
2024-11-28,0.0,000680
2024-11-29,0.0,000680
2024-12-02,0.0,000680
2024-12-03,0.0,000680
2024-12-04,0.0,000680
2024-12-05,0.0,000680
2024-12-06,0.0,000680
2024-12-09,0.0,000680
2024-12-10,0.0,000680
2024-12-11,0.0,000680
2024-12-12,0.5,000680
2024-12-13,0.5,000680
2024-12-16,0.5,000680
2024-12-17,0.5,000680
2024-12-18,0.5,000680
2024-12-19,0.0,000680
2024-12-20,0.0,000680
2024-12-23,0.5,000680
2024-12-24,0.0,000680
2024-12-26,0.0,000680
2024-12-27,0.0,000680
2024-12-30,0.0,000680
2025-01-02,0.0,000680
2025-01-03,0.7,000680
2025-01-06,0.7,000680
2025-01-07,1.0,000680
2025-01-08,1.0,000680
2025-01-09,1.0,000680
2025-01-10,1.0,000680
2025-01-13,0.7,000680
2025-01-14,0.7,000680
2025-01-15,0.7,000680
2025-01-16,0.7,000680
2025-01-17,1.0,000680
2025-01-20,0.8,000680
2025-01-21,0.8,000680
2025-01-22,0.8,000680
2025-01-23,0.8,000680
2025-01-24,0.8,000680
2025-01-31,0.8,000680
2025-02-03,0.8,000680
2025-02-04,0.8,000680
2025-02-05,0.8,000680
2025-02-06,0.8,000680
2025-02-07,0.14,000680
2025-02-10,0.14,000680
2025-02-11,0.14,000680
2025-02-12,0.8,000680
2025-02-13,0.8,000680
2025-02-14,0.8,000680
2025-02-17,0.8,000680
2025-02-18,0.8,000680
2025-02-19,0.8,000680
2025-02-20,0.8,000680
2025-02-21,0.5,000680
2025-02-24,0.5,000680
2025-02-25,0.5,000680
2025-02-26,0.8,000680
2025-02-27,0.8,000680
2025-02-28,0.8,000680
2025-03-04,0.8,000680
2025-03-05,0.8,000680
2025-03-06,0.8,000680
2025-03-07,0.14,000680
2025-03-10,0.14,000680
2025-03-11,0.14,000680
2025-03-12,0.14,000680
2025-03-13,0.5,000680
2025-03-14,0.14,000680
2025-03-17,0.14,000680
2025-03-18,0.14,000680
2025-03-19,0.14,000680
2025-03-20,0.14,000680
2025-03-21,0.14,000680
2025-03-24,0.14,000680
2025-03-25,0.14,000680
2025-03-26,0.14,000680
2025-03-27,0.0,000680
2025-03-28,0.0,000680
2025-03-31,0.0,000680
2025-04-01,0.0,000680
2025-04-02,0.0,000680
2025-04-03,0.0,000680
2025-04-04,0.0,000680
2025-04-07,0.0,000680
2025-04-08,0.0,000680
2025-04-09,0.0,000680
2025-04-10,0.0,000680
2025-04-11,0.0,000680
2025-04-14,0.0,000680
2025-04-15,0.0,000680
2025-04-16,0.0,000680
2025-04-17,0.0,000680
2025-04-18,0.0,000680
2025-04-21,0.0,000680
2025-04-22,0.0,000680
2025-04-23,0.5,000680
2025-04-24,0.5,000680
2025-04-25,0.5,000680
2025-04-28,0.5,000680
2025-04-29,0.5,000680
2025-04-30,0.5,000680
2025-05-02,0.5,000680
2025-05-07,0.8,000680
2025-05-08,0.8,000680
2025-05-09,0.8,000680
2025-05-12,0.8,000680
2025-05-13,0.8,000680
2025-05-14,0.8,000680
2025-05-15,0.8,000680
2025-05-16,0.8,000680
2025-05-19,0.0,000680
2025-05-20,0.8,000680
2025-05-21,0.8,000680
2025-05-22,0.8,000680
2025-05-23,1.0,000680
2025-05-26,1.0,000680
2025-05-27,0.0,000680
2025-05-28,0.0,000680
2025-05-29,1.0,000680
2025-05-30,0.7,000680
2025-06-02,1.0,000680
2025-06-04,1.0,000680
2025-06-05,1.0,000680
2025-06-09,0.8,000680
2025-06-10,0.8,000680
2025-06-11,0.8,000680
2025-06-12,0.8,000680
2025-06-13,0.5,000680
2025-06-16,0.8,000680
2025-06-17,0.8,000680
2025-06-18,0.8,000680
2025-06-19,0.8,000680
2025-06-20,0.8,000680
2025-06-23,0.8,000680
2025-06-24,0.8,000680
2025-06-25,0.8,000680
2025-06-26,0.8,000680
2025-06-27,0.8,000680
2025-06-30,0.8,000680
2025-07-01,0.8,000680
2025-07-02,0.8,000680
2025-07-03,0.5,000680
2025-07-04,0.14,000680
2025-07-07,0.14,000680
2025-07-08,0.8,000680
2025-07-09,0.8,000680
2025-07-10,0.8,000680
2025-07-11,0.8,000680
2025-07-14,0.8,000680
2025-07-15,0.8,000680
2025-07-16,0.8,000680
2025-07-17,0.5,000680
2025-07-18,0.8,000680
2025-07-21,0.14,000680
2025-07-22,0.14,000680
2025-07-23,0.14,000680
2025-07-24,0.14,000680
2025-07-25,0.14,000680
2025-07-28,0.14,000680
2025-07-29,0.14,000680
2025-07-30,0.14,000680
2025-07-31,0.14,000680
2025-08-01,0.0,000680
2025-08-04,0.0,000680
2025-08-05,0.14,000680
2025-08-06,0.7,000680
2025-08-07,0.7,000680
2025-08-08,0.7,000680
2025-08-11,0.7,000680
2025-08-12,0.7,000680
2025-08-13,0.7,000680
2025-08-14,0.14,000680
2025-08-18,0.5,000680
2025-08-19,0.5,000680
2025-08-20,0.8,000680
2025-08-21,0.5,000680
2025-08-22,0.8,000680
2025-08-25,0.7,000680
2025-08-26,0.7,000680
2025-08-27,0.14,000680
2025-08-28,1.0,000680
2025-08-29,0.7,000680
2025-09-01,0.14,000680
2025-09-02,0.14,000680
2025-09-03,0.0,000680
2025-09-04,0.0,000680
2025-09-05,0.0,000680
2025-09-08,0.0,000680
2025-09-09,0.0,000680
2025-09-10,0.0,000680
2025-09-11,0.14,000680
2025-09-12,0.7,000680
2025-09-15,0.7,000680
2025-09-16,0.7,000680
2025-09-17,0.7,000680
2025-09-18,0.7,000680
2025-09-19,0.0,000680
2025-09-22,0.0,000680
2025-09-23,0.0,000680
2025-09-24,0.0,000680
2025-09-25,0.0,000680
2025-09-26,0.0,000680
2025-09-29,0.0,000680
2025-09-30,0.0,000680
2025-10-01,0.0,000680
2025-10-02,0.0,000680
2025-10-10,0.0,000680
2025-10-13,0.0,000680
2025-10-14,0.0,000680
2025-10-15,0.0,000680
2025-10-16,0.0,000680
2025-10-17,0.0,000680
2025-10-20,0.0,000680
2025-10-21,0.0,000680
2025-10-22,0.0,000680
2025-10-23,0.0,000680
2025-10-24,0.0,000680
2025-10-27,0.0,000680
2025-10-28,0.0,000680
2025-10-29,0.0,000680
2025-10-30,0.7,000680
2025-10-31,0.0,000680
2025-11-03,0.7,000680
2025-11-04,0.0,000680
2025-11-05,0.0,000680
2025-11-06,0.0,000680
2025-11-07,0.0,000680
2025-11-10,0.5,000680
2025-11-11,0.5,000680
2025-11-12,0.5,000680
2025-11-13,0.5,000680
2025-11-14,0.5,000680
2025-11-17,0.0,000680
2025-11-18,0.0,000680
2025-11-19,0.0,000680
2025-11-20,0.0,000680
2025-11-21,0.0,000680
2025-11-24,0.0,000680
2025-11-25,0.0,000680
2025-11-26,0.0,000680
2025-11-27,0.0,000680
2025-11-28,0.0,000680
2024-11-01,0.0,000700
2024-11-04,0.0,000700
2024-11-05,0.0,000700
2024-11-06,0.0,000700
2024-11-07,0.0,000700
2024-11-08,0.0,000700
2024-11-11,0.0,000700
2024-11-12,0.0,000700
2024-11-13,0.0,000700
2024-11-14,0.0,000700
2024-11-15,0.0,000700
2024-11-18,0.0,000700
2024-11-19,0.0,000700
2024-11-20,0.0,000700
2024-11-21,0.0,000700
2024-11-22,0.0,000700
2024-11-25,0.0,000700
2024-11-26,0.0,000700
2024-11-27,0.0,000700
2024-11-28,0.7,000700
2024-11-29,0.7,000700
2024-12-02,0.7,000700
2024-12-03,0.7,000700
2024-12-04,0.7,000700
2024-12-05,0.7,000700
2024-12-06,0.7,000700
2024-12-09,0.0,000700
2024-12-10,0.7,000700
2024-12-11,0.7,000700
2024-12-12,1.0,000700
2024-12-13,1.0,000700
2024-12-16,1.0,000700
2024-12-17,0.7,000700
2024-12-18,0.7,000700
2024-12-19,0.7,000700
2024-12-20,0.7,000700
2024-12-23,0.7,000700
2024-12-24,0.7,000700
2024-12-26,1.0,000700
2024-12-27,0.7,000700
2024-12-30,0.7,000700
2025-01-02,0.7,000700
2025-01-03,0.7,000700
2025-01-06,0.7,000700
2025-01-07,0.7,000700
2025-01-08,0.7,000700
2025-01-09,1.0,000700
2025-01-10,0.7,000700
2025-01-13,0.0,000700
2025-01-14,0.0,000700
2025-01-15,0.0,000700
2025-01-16,0.0,000700
2025-01-17,0.0,000700
2025-01-20,0.0,000700
2025-01-21,0.0,000700
2025-01-22,0.0,000700
2025-01-23,0.0,000700
2025-01-24,0.0,000700
2025-01-31,0.0,000700
2025-02-03,0.14,000700
2025-02-04,0.14,000700
2025-02-05,0.14,000700
2025-02-06,0.14,000700
2025-02-07,0.7,000700
2025-02-10,0.14,000700
2025-02-11,0.14,000700
2025-02-12,0.14,000700
2025-02-13,0.14,000700
2025-02-14,0.14,000700
2025-02-17,0.7,000700
2025-02-18,0.7,000700
2025-02-19,0.7,000700
2025-02-20,0.7,000700
2025-02-21,0.7,000700
2025-02-24,0.7,000700
2025-02-25,0.7,000700
2025-02-26,0.7,000700
2025-02-27,0.7,000700
2025-02-28,0.7,000700
2025-03-04,0.7,000700
2025-03-05,0.7,000700
2025-03-06,0.7,000700
2025-03-07,0.7,000700
2025-03-10,0.7,000700
2025-03-11,0.7,000700
2025-03-12,0.7,000700
2025-03-13,0.7,000700
2025-03-14,0.7,000700
2025-03-17,0.7,000700
2025-03-18,0.7,000700
2025-03-19,0.7,000700
2025-03-20,0.7,000700
2025-03-21,0.7,000700
2025-03-24,0.7,000700
2025-03-25,0.7,000700
2025-03-26,0.7,000700
2025-03-27,0.7,000700
2025-03-28,0.7,000700
2025-03-31,0.7,000700
2025-04-01,0.7,000700
2025-04-02,0.0,000700
2025-04-03,0.0,000700
2025-04-04,0.0,000700
2025-04-07,0.0,000700
2025-04-08,0.0,000700
2025-04-09,0.0,000700
2025-04-10,0.0,000700
2025-04-11,0.0,000700
2025-04-14,0.14,000700
2025-04-15,0.7,000700
2025-04-16,0.7,000700
2025-04-17,0.7,000700
2025-04-18,0.7,000700
2025-04-21,0.7,000700
2025-04-22,0.7,000700
2025-04-23,0.7,000700
2025-04-24,0.7,000700
2025-04-25,0.7,000700
2025-04-28,0.7,000700
2025-04-29,0.7,000700
2025-04-30,0.7,000700
2025-05-02,0.7,000700
2025-05-07,0.0,000700
2025-05-08,1.0,000700
2025-05-09,1.0,000700
2025-05-12,1.0,000700
2025-05-13,0.7,000700
2025-05-14,0.0,000700
2025-05-15,0.14,000700
2025-05-16,0.14,000700
2025-05-19,0.0,000700
2025-05-20,0.14,000700
2025-05-21,0.7,000700
2025-05-22,0.7,000700
2025-05-23,0.7,000700
2025-05-26,1.0,000700
2025-05-27,1.0,000700
2025-05-28,1.0,000700
2025-05-29,1.0,000700
2025-05-30,1.0,000700
2025-06-02,1.0,000700
2025-06-04,1.0,000700
2025-06-05,1.0,000700
2025-06-09,1.0,000700
2025-06-10,1.0,000700
2025-06-11,1.0,000700
2025-06-12,1.0,000700
2025-06-13,1.0,000700
2025-06-16,1.0,000700
2025-06-17,1.0,000700
2025-06-18,1.0,000700
2025-06-19,1.0,000700
2025-06-20,1.0,000700
2025-06-23,0.14,000700
2025-06-24,0.14,000700
2025-06-25,0.14,000700
2025-06-26,0.14,000700
2025-06-27,0.14,000700
2025-06-30,0.14,000700
2025-07-01,0.7,000700
2025-07-02,0.7,000700
2025-07-03,0.7,000700
2025-07-04,0.7,000700
2025-07-07,0.7,000700
2025-07-08,0.7,000700
2025-07-09,0.7,000700
2025-07-10,1.0,000700
2025-07-11,1.0,000700
2025-07-14,1.0,000700
2025-07-15,0.7,000700
2025-07-16,0.7,000700
2025-07-17,0.7,000700
2025-07-18,0.7,000700
2025-07-21,0.14,000700
2025-07-22,0.14,000700
2025-07-23,0.14,000700
2025-07-24,0.14,000700
2025-07-25,0.14,000700
2025-07-28,0.0,000700
2025-07-29,0.0,000700
2025-07-30,0.0,000700
2025-07-31,0.0,000700
2025-08-01,0.0,000700
2025-08-04,0.0,000700
2025-08-05,0.0,000700
2025-08-06,0.0,000700
2025-08-07,0.0,000700
2025-08-08,0.0,000700
2025-08-11,0.0,000700
2025-08-12,0.0,000700
2025-08-13,0.0,000700
2025-08-14,0.0,000700
2025-08-18,0.0,000700
2025-08-19,0.0,000700
2025-08-20,0.0,000700
2025-08-21,0.0,000700
2025-08-22,0.0,000700
2025-08-25,0.0,000700
2025-08-26,0.0,000700
2025-08-27,0.0,000700
2025-08-28,0.0,000700
2025-08-29,0.0,000700
2025-09-01,0.0,000700
2025-09-02,0.0,000700
2025-09-03,0.0,000700
2025-09-04,0.0,000700
2025-09-05,0.0,000700
2025-09-08,0.0,000700
2025-09-09,0.0,000700
2025-09-10,0.0,000700
2025-09-11,0.0,000700
2025-09-12,0.0,000700
2025-09-15,0.7,000700
2025-09-16,0.7,000700
2025-09-17,0.7,000700
2025-09-18,0.7,000700
2025-09-19,0.7,000700
2025-09-22,0.7,000700
2025-09-23,0.7,000700
2025-09-24,0.0,000700
2025-09-25,0.0,000700
2025-09-26,0.0,000700
2025-09-29,0.0,000700
2025-09-30,0.0,000700
2025-10-01,0.0,000700
2025-10-02,0.0,000700
2025-10-10,0.0,000700
2025-10-13,0.0,000700
2025-10-14,0.0,000700
2025-10-15,0.0,000700
2025-10-16,0.0,000700
2025-10-17,0.0,000700
2025-10-20,0.0,000700
2025-10-21,0.0,000700
2025-10-22,0.0,000700
2025-10-23,0.0,000700
2025-10-24,0.0,000700
2025-10-27,0.0,000700
2025-10-28,0.0,000700
2025-10-29,0.0,000700
2025-10-30,0.0,000700
2025-10-31,0.7,000700
2025-11-03,0.0,000700
2025-11-04,0.0,000700
2025-11-05,0.0,000700
2025-11-06,0.0,000700
2025-11-07,0.0,000700
2025-11-10,0.0,000700
2025-11-11,0.0,000700
2025-11-12,0.0,000700
2025-11-13,0.7,000700
2025-11-14,0.7,000700
2025-11-17,0.7,000700
2025-11-18,0.0,000700
2025-11-19,0.0,000700
2025-11-20,0.0,000700
2025-11-21,0.7,000700
2025-11-24,0.7,000700
2025-11-25,0.7,000700
2025-11-26,0.7,000700
2025-11-27,0.7,000700
2025-11-28,0.7,000700
2024-11-01,0.0,000760
2024-11-04,0.0,000760
2024-11-05,0.0,000760
2024-11-06,0.0,000760
2024-11-07,0.0,000760
2024-11-08,0.0,000760
2024-11-11,0.0,000760
2024-11-12,0.0,000760
2024-11-13,0.0,000760
2024-11-14,0.0,000760
2024-11-15,0.0,000760
2024-11-18,0.0,000760
2024-11-19,0.0,000760
2024-11-20,0.0,000760
2024-11-21,0.0,000760
2024-11-22,0.0,000760
2024-11-25,0.0,000760
2024-11-26,0.0,000760
2024-11-27,0.0,000760
2024-11-28,0.0,000760
2024-11-29,0.0,000760
2024-12-02,0.0,000760
2024-12-03,0.0,000760
2024-12-04,0.0,000760
2024-12-05,0.0,000760
2024-12-06,0.0,000760
2024-12-09,0.0,000760
2024-12-10,0.0,000760
2024-12-11,0.0,000760
2024-12-12,0.0,000760
2024-12-13,0.5,000760
2024-12-16,0.0,000760
2024-12-17,0.0,000760
2024-12-18,0.5,000760
2024-12-19,0.0,000760
2024-12-20,0.0,000760
2024-12-23,0.0,000760
2024-12-24,0.5,000760
2024-12-26,0.0,000760
2024-12-27,0.0,000760
2024-12-30,0.5,000760
2025-01-02,0.5,000760
2025-01-03,0.7,000760
2025-01-06,0.7,000760
2025-01-07,0.7,000760
2025-01-08,1.0,000760
2025-01-09,1.0,000760
2025-01-10,1.0,000760
2025-01-13,1.0,000760
2025-01-14,0.7,000760
2025-01-15,0.7,000760
2025-01-16,0.7,000760
2025-01-17,1.0,000760
2025-01-20,1.0,000760
2025-01-21,1.0,000760
2025-01-22,1.0,000760
2025-01-23,1.0,000760
2025-01-24,0.7,000760
2025-01-31,0.0,000760
2025-02-03,0.0,000760
2025-02-04,0.0,000760
2025-02-05,0.14,000760
2025-02-06,0.7,000760
2025-02-07,1.0,000760
2025-02-10,0.0,000760
2025-02-11,0.14,000760
2025-02-12,0.0,000760
2025-02-13,0.0,000760
2025-02-14,0.0,000760
2025-02-17,0.0,000760
2025-02-18,0.0,000760
2025-02-19,0.14,000760
2025-02-20,0.0,000760
2025-02-21,0.5,000760
2025-02-24,0.5,000760
2025-02-25,0.7,000760
2025-02-26,0.7,000760
2025-02-27,0.7,000760
2025-02-28,0.0,000760
2025-03-04,0.0,000760
2025-03-05,0.0,000760
2025-03-06,0.0,000760
2025-03-07,0.0,000760
2025-03-10,0.0,000760
2025-03-11,0.0,000760
2025-03-12,0.0,000760
2025-03-13,0.0,000760
2025-03-14,0.0,000760
2025-03-17,0.7,000760
2025-03-18,0.7,000760
2025-03-19,0.7,000760
2025-03-20,0.7,000760
2025-03-21,0.0,000760
2025-03-24,0.0,000760
2025-03-25,0.0,000760
2025-03-26,0.0,000760
2025-03-27,0.0,000760
2025-03-28,0.0,000760
2025-03-31,0.0,000760
2025-04-01,0.0,000760
2025-04-02,0.0,000760
2025-04-03,0.0,000760
2025-04-04,0.0,000760
2025-04-07,0.0,000760
2025-04-08,0.0,000760
2025-04-09,0.0,000760
2025-04-10,0.0,000760
2025-04-11,0.0,000760
2025-04-14,0.5,000760
2025-04-15,0.7,000760
2025-04-16,0.7,000760
2025-04-17,0.7,000760
2025-04-18,0.7,000760
2025-04-21,1.0,000760
2025-04-22,0.7,000760
2025-04-23,1.0,000760
2025-04-24,0.7,000760
2025-04-25,1.0,000760
2025-04-28,1.0,000760
2025-04-29,1.0,000760
2025-04-30,1.0,000760
2025-05-02,1.0,000760
2025-05-07,1.0,000760
2025-05-08,1.0,000760
2025-05-09,1.0,000760
2025-05-12,1.0,000760
2025-05-13,1.0,000760
2025-05-14,1.0,000760
2025-05-15,0.7,000760
2025-05-16,0.7,000760
2025-05-19,0.14,000760
2025-05-20,0.7,000760
2025-05-21,0.7,000760
2025-05-22,0.7,000760
2025-05-23,0.7,000760
2025-05-26,0.7,000760
2025-05-27,1.0,000760
2025-05-28,0.7,000760
2025-05-29,1.0,000760
2025-05-30,1.0,000760
2025-06-02,1.0,000760
2025-06-04,1.0,000760
2025-06-05,1.0,000760
2025-06-09,1.0,000760
2025-06-10,1.0,000760
2025-06-11,1.0,000760
2025-06-12,1.0,000760
2025-06-13,1.0,000760
2025-06-16,1.0,000760
2025-06-17,1.0,000760
2025-06-18,1.0,000760
2025-06-19,1.0,000760
2025-06-20,1.0,000760
2025-06-23,1.0,000760
2025-06-24,1.0,000760
2025-06-25,1.0,000760
2025-06-26,1.0,000760
2025-06-27,0.14,000760
2025-06-30,0.14,000760
2025-07-01,0.14,000760
2025-07-02,0.14,000760
2025-07-03,0.14,000760
2025-07-04,0.14,000760
2025-07-07,0.14,000760
2025-07-08,0.14,000760
2025-07-09,0.14,000760
2025-07-10,0.7,000760
2025-07-11,0.7,000760
2025-07-14,0.7,000760
2025-07-15,0.7,000760
2025-07-16,0.7,000760
2025-07-17,0.7,000760
2025-07-18,0.14,000760
2025-07-21,0.14,000760
2025-07-22,0.14,000760
2025-07-23,0.14,000760
2025-07-24,0.14,000760
2025-07-25,0.14,000760
2025-07-28,0.14,000760
2025-07-29,0.14,000760
2025-07-30,0.14,000760
2025-07-31,0.14,000760
2025-08-01,0.0,000760
2025-08-04,0.14,000760
2025-08-05,0.0,000760
2025-08-06,0.0,000760
2025-08-07,0.0,000760
2025-08-08,0.0,000760
2025-08-11,0.0,000760
2025-08-12,0.0,000760
2025-08-13,0.0,000760
2025-08-14,0.0,000760
2025-08-18,0.7,000760
2025-08-19,0.0,000760
2025-08-20,0.0,000760
2025-08-21,0.0,000760
2025-08-22,0.0,000760
2025-08-25,0.0,000760
2025-08-26,0.0,000760
2025-08-27,0.0,000760
2025-08-28,0.0,000760
2025-08-29,0.0,000760
2025-09-01,0.7,000760
2025-09-02,0.0,000760
2025-09-03,0.7,000760
2025-09-04,0.0,000760
2025-09-05,0.7,000760
2025-09-08,0.0,000760
2025-09-09,0.7,000760
2025-09-10,0.7,000760
2025-09-11,0.7,000760
2025-09-12,0.7,000760
2025-09-15,0.7,000760
2025-09-16,0.7,000760
2025-09-17,0.7,000760
2025-09-18,0.7,000760
2025-09-19,0.7,000760
2025-09-22,0.7,000760
2025-09-23,0.7,000760
2025-09-24,1.0,000760
2025-09-25,1.0,000760
2025-09-26,0.0,000760
2025-09-29,0.0,000760
2025-09-30,0.7,000760
2025-10-01,0.0,000760
2025-10-02,0.0,000760
2025-10-10,0.0,000760
2025-10-13,0.0,000760
2025-10-14,0.0,000760
2025-10-15,0.7,000760
2025-10-16,0.0,000760
2025-10-17,0.0,000760
2025-10-20,0.0,000760
2025-10-21,0.0,000760
2025-10-22,0.0,000760
2025-10-23,0.7,000760
2025-10-24,0.0,000760
2025-10-27,0.0,000760
2025-10-28,0.0,000760
2025-10-29,0.0,000760
2025-10-30,0.0,000760
2025-10-31,0.0,000760
2025-11-03,0.0,000760
2025-11-04,0.7,000760
2025-11-05,0.0,000760
2025-11-06,0.0,000760
2025-11-07,0.0,000760
2025-11-10,0.0,000760
2025-11-11,0.0,000760
2025-11-12,0.0,000760
2025-11-13,0.0,000760
2025-11-14,0.0,000760
2025-11-17,0.0,000760
2025-11-18,0.0,000760
2025-11-19,0.0,000760
2025-11-20,0.7,000760
2025-11-21,0.7,000760
2025-11-24,0.7,000760
2025-11-25,0.7,000760
2025-11-26,0.7,000760
2025-11-27,1.0,000760
2025-11-28,1.0,000760
